{"t": 68.1, "utc": "2026-10-01T05:30:32.358947+00:00", "msg": "indexed 402 shards, 6322833 cells in 68s"}
{"t": 112.6, "utc": "2026-10-01T05:31:16.812871+00:00", "msg": "first read", "shard": "hepg2_nadig__shard_00000.h5ad", "study": "hepg2_nadig", "cells": 20000}
{"t": 112.6, "utc": "2026-10-01T05:31:16.814164+00:00", "msg": "first read", "shard": "hepg2_nadig__shard_00001.h5ad", "study": "hepg2_nadig", "cells": 20000}
{"t": 112.6, "utc": "2026-10-01T05:31:16.816918+00:00", "msg": "first read", "shard": "hepg2_nadig__shard_00002.h5ad", "study": "hepg2_nadig", "cells": 20000}
{"t": 112.6, "utc": "2026-10-01T05:31:16.822489+00:00", "msg": "first read", "shard": "hepg2_nadig__shard_00003.h5ad", "study": "hepg2_nadig", "cells": 20000}
{"t": 133.2, "utc": "2026-10-01T05:31:37.449410+00:00", "msg": "first read", "shard": "hepg2_nadig__shard_00004.h5ad", "study": "hepg2_nadig", "cells": 20000}
{"t": 133.6, "utc": "2026-10-01T05:31:37.878230+00:00", "msg": "first read", "shard": "hepg2_nadig__shard_00005.h5ad", "study": "hepg2_nadig", "cells": 20000}
{"t": 133.9, "utc": "2026-10-01T05:31:38.187976+00:00", "msg": "first read", "shard": "hepg2_nadig__shard_00006.h5ad", "study": "hepg2_nadig", "cells": 20000}
{"t": 133.9, "utc": "2026-10-01T05:31:38.198867+00:00", "msg": "first read", "shard": "hepg2_nadig__shard_00007.h5ad", "study": "hepg2_nadig", "cells": 5473}
{"t": 138.1, "utc": "2026-10-01T05:31:42.371021+00:00", "msg": "first read", "shard": "jurkat_nadig__shard_00000.h5ad", "study": "jurkat_nadig", "cells": 20000}
{"t": 153.0, "utc": "2026-10-01T05:31:57.251957+00:00", "msg": "first read", "shard": "jurkat_nadig__shard_00001.h5ad", "study": "jurkat_nadig", "cells": 20000}
{"t": 154.9, "utc": "2026-10-01T05:31:59.189893+00:00", "msg": "first read", "shard": "jurkat_nadig__shard_00002.h5ad", "study": "jurkat_nadig", "cells": 20000}
{"t": 154.9, "utc": "2026-10-01T05:31:59.191048+00:00", "msg": "first read", "shard": "jurkat_nadig__shard_00003.h5ad", "study": "jurkat_nadig", "cells": 20000}
{"t": 159.9, "utc": "2026-10-01T05:32:04.202510+00:00", "msg": "first read", "shard": "jurkat_nadig__shard_00004.h5ad", "study": "jurkat_nadig", "cells": 20000}
{"t": 172.1, "utc": "2026-10-01T05:32:16.354595+00:00", "msg": "first read", "shard": "jurkat_nadig__shard_00005.h5ad", "study": "jurkat_nadig", "cells": 20000}
{"t": 174.1, "utc": "2026-10-01T05:32:18.363095+00:00", "msg": "first read", "shard": "jurkat_nadig__shard_00006.h5ad", "study": "jurkat_nadig", "cells": 20000}
{"t": 174.1, "utc": "2026-10-01T05:32:18.365607+00:00", "msg": "first read", "shard": "jurkat_nadig__shard_00007.h5ad", "study": "jurkat_nadig", "cells": 20000}
{"t": 176.7, "utc": "2026-10-01T05:32:20.976959+00:00", "msg": "first read", "shard": "jurkat_nadig__shard_00008.h5ad", "study": "jurkat_nadig", "cells": 20000}
{"t": 189.9, "utc": "2026-10-01T05:32:34.162922+00:00", "msg": "first read", "shard": "jurkat_nadig__shard_00009.h5ad", "study": "jurkat_nadig", "cells": 20000}
{"t": 191.4, "utc": "2026-10-01T05:32:35.708979+00:00", "msg": "first read", "shard": "jurkat_nadig__shard_00010.h5ad", "study": "jurkat_nadig", "cells": 20000}
{"t": 191.5, "utc": "2026-10-01T05:32:35.712275+00:00", "msg": "first read", "shard": "jurkat_nadig__shard_00011.h5ad", "study": "jurkat_nadig", "cells": 20000}
{"t": 194.4, "utc": "2026-10-01T05:32:38.647380+00:00", "msg": "first read", "shard": "jurkat_nadig__shard_00012.h5ad", "study": "jurkat_nadig", "cells": 20000}
{"t": 194.4, "utc": "2026-10-01T05:32:38.648939+00:00", "msg": "first read", "shard": "jurkat_nadig__shard_00013.h5ad", "study": "jurkat_nadig", "cells": 2956}
{"t": 201.6, "utc": "2026-10-01T05:32:45.833615+00:00", "msg": "first read", "shard": "h1_train__shard_00000.h5ad", "study": "h1_vcc2025", "cells": 5000}
{"t": 202.2, "utc": "2026-10-01T05:32:46.492039+00:00", "msg": "first read", "shard": "h1_train__shard_00001.h5ad", "study": "h1_vcc2025", "cells": 5000}
{"t": 203.4, "utc": "2026-10-01T05:32:47.701029+00:00", "msg": "first read", "shard": "h1_train__shard_00002.h5ad", "study": "h1_vcc2025", "cells": 5000}
{"t": 205.8, "utc": "2026-10-01T05:32:50.066423+00:00", "msg": "first read", "shard": "h1_train__shard_00003.h5ad", "study": "h1_vcc2025", "cells": 5000}
{"t": 212.6, "utc": "2026-10-01T05:32:56.812065+00:00", "msg": "first read", "shard": "h1_train__shard_00004.h5ad", "study": "h1_vcc2025", "cells": 5000}
{"t": 212.7, "utc": "2026-10-01T05:32:56.965995+00:00", "msg": "first read", "shard": "h1_train__shard_00005.h5ad", "study": "h1_vcc2025", "cells": 5000}
{"t": 214.1, "utc": "2026-10-01T05:32:58.316025+00:00", "msg": "first read", "shard": "h1_train__shard_00006.h5ad", "study": "h1_vcc2025", "cells": 5000}
{"t": 216.6, "utc": "2026-10-01T05:33:00.848388+00:00", "msg": "first read", "shard": "h1_train__shard_00007.h5ad", "study": "h1_vcc2025", "cells": 5000}
{"t": 224.1, "utc": "2026-10-01T05:33:08.405930+00:00", "msg": "first read", "shard": "h1_train__shard_00008.h5ad", "study": "h1_vcc2025", "cells": 5000}
{"t": 224.1, "utc": "2026-10-01T05:33:08.409023+00:00", "msg": "first read", "shard": "h1_train__shard_00009.h5ad", "study": "h1_vcc2025", "cells": 5000}
{"t": 225.0, "utc": "2026-10-01T05:33:09.214761+00:00", "msg": "first read", "shard": "h1_train__shard_00010.h5ad", "study": "h1_vcc2025", "cells": 5000}
{"t": 227.5, "utc": "2026-10-01T05:33:11.768167+00:00", "msg": "first read", "shard": "h1_train__shard_00011.h5ad", "study": "h1_vcc2025", "cells": 5000}
{"t": 233.9, "utc": "2026-10-01T05:33:18.176538+00:00", "msg": "first read", "shard": "h1_train__shard_00012.h5ad", "study": "h1_vcc2025", "cells": 5000}
{"t": 235.6, "utc": "2026-10-01T05:33:19.814967+00:00", "msg": "first read", "shard": "h1_train__shard_00013.h5ad", "study": "h1_vcc2025", "cells": 5000}
{"t": 236.0, "utc": "2026-10-01T05:33:20.305756+00:00", "msg": "first read", "shard": "h1_train__shard_00014.h5ad", "study": "h1_vcc2025", "cells": 5000}
{"t": 239.0, "utc": "2026-10-01T05:33:23.259467+00:00", "msg": "first read", "shard": "h1_train__shard_00015.h5ad", "study": "h1_vcc2025", "cells": 5000}
{"t": 245.2, "utc": "2026-10-01T05:33:29.421285+00:00", "msg": "first read", "shard": "h1_train__shard_00016.h5ad", "study": "h1_vcc2025", "cells": 5000}
{"t": 247.2, "utc": "2026-10-01T05:33:31.482241+00:00", "msg": "first read", "shard": "h1_train__shard_00017.h5ad", "study": "h1_vcc2025", "cells": 5000}
{"t": 247.6, "utc": "2026-10-01T05:33:31.848981+00:00", "msg": "first read", "shard": "h1_train__shard_00018.h5ad", "study": "h1_vcc2025", "cells": 5000}
{"t": 250.6, "utc": "2026-10-01T05:33:34.818140+00:00", "msg": "first read", "shard": "h1_train__shard_00019.h5ad", "study": "h1_vcc2025", "cells": 5000}
{"t": 256.1, "utc": "2026-10-01T05:33:40.343947+00:00", "msg": "first read", "shard": "h1_train__shard_00020.h5ad", "study": "h1_vcc2025", "cells": 5000}
{"t": 258.5, "utc": "2026-10-01T05:33:42.758630+00:00", "msg": "first read", "shard": "h1_train__shard_00021.h5ad", "study": "h1_vcc2025", "cells": 5000}
{"t": 259.2, "utc": "2026-10-01T05:33:43.441156+00:00", "msg": "first read", "shard": "h1_train__shard_00022.h5ad", "study": "h1_vcc2025", "cells": 5000}
{"t": 261.8, "utc": "2026-10-01T05:33:46.111507+00:00", "msg": "first read", "shard": "h1_train__shard_00023.h5ad", "study": "h1_vcc2025", "cells": 5000}
{"t": 268.0, "utc": "2026-10-01T05:33:52.307944+00:00", "msg": "first read", "shard": "h1_train__shard_00024.h5ad", "study": "h1_vcc2025", "cells": 5000}
{"t": 270.1, "utc": "2026-10-01T05:33:54.339491+00:00", "msg": "first read", "shard": "h1_train__shard_00025.h5ad", "study": "h1_vcc2025", "cells": 5000}
{"t": 271.0, "utc": "2026-10-01T05:33:55.309442+00:00", "msg": "first read", "shard": "h1_train__shard_00026.h5ad", "study": "h1_vcc2025", "cells": 5000}
{"t": 273.1, "utc": "2026-10-01T05:33:57.315957+00:00", "msg": "first read", "shard": "h1_train__shard_00027.h5ad", "study": "h1_vcc2025", "cells": 5000}
{"t": 279.5, "utc": "2026-10-01T05:34:03.727445+00:00", "msg": "first read", "shard": "h1_train__shard_00028.h5ad", "study": "h1_vcc2025", "cells": 5000}
{"t": 281.4, "utc": "2026-10-01T05:34:05.631448+00:00", "msg": "first read", "shard": "h1_train__shard_00029.h5ad", "study": "h1_vcc2025", "cells": 5000}
{"t": 282.5, "utc": "2026-10-01T05:34:06.743056+00:00", "msg": "first read", "shard": "h1_train__shard_00030.h5ad", "study": "h1_vcc2025", "cells": 5000}
{"t": 284.0, "utc": "2026-10-01T05:34:08.274494+00:00", "msg": "first read", "shard": "h1_train__shard_00031.h5ad", "study": "h1_vcc2025", "cells": 5000}
{"t": 290.3, "utc": "2026-10-01T05:34:14.569685+00:00", "msg": "first read", "shard": "h1_train__shard_00032.h5ad", "study": "h1_vcc2025", "cells": 5000}
{"t": 292.7, "utc": "2026-10-01T05:34:16.920230+00:00", "msg": "first read", "shard": "h1_train__shard_00033.h5ad", "study": "h1_vcc2025", "cells": 5000}
{"t": 293.9, "utc": "2026-10-01T05:34:18.158749+00:00", "msg": "first read", "shard": "h1_train__shard_00034.h5ad", "study": "h1_vcc2025", "cells": 5000}
{"t": 295.4, "utc": "2026-10-01T05:34:19.678673+00:00", "msg": "first read", "shard": "h1_train__shard_00035.h5ad", "study": "h1_vcc2025", "cells": 5000}
{"t": 301.9, "utc": "2026-10-01T05:34:26.184762+00:00", "msg": "first read", "shard": "h1_train__shard_00036.h5ad", "study": "h1_vcc2025", "cells": 5000}
{"t": 303.6, "utc": "2026-10-01T05:34:27.893645+00:00", "msg": "first read", "shard": "h1_train__shard_00037.h5ad", "study": "h1_vcc2025", "cells": 5000}
{"t": 305.6, "utc": "2026-10-01T05:34:29.841809+00:00", "msg": "first read", "shard": "h1_train__shard_00038.h5ad", "study": "h1_vcc2025", "cells": 5000}
{"t": 307.7, "utc": "2026-10-01T05:34:31.966060+00:00", "msg": "first read", "shard": "h1_train__shard_00039.h5ad", "study": "h1_vcc2025", "cells": 5000}
{"t": 313.3, "utc": "2026-10-01T05:34:37.572669+00:00", "msg": "first read", "shard": "h1_train__shard_00040.h5ad", "study": "h1_vcc2025", "cells": 5000}
{"t": 314.8, "utc": "2026-10-01T05:34:39.075895+00:00", "msg": "first read", "shard": "h1_train__shard_00041.h5ad", "study": "h1_vcc2025", "cells": 5000}
{"t": 317.3, "utc": "2026-10-01T05:34:41.563390+00:00", "msg": "first read", "shard": "h1_train__shard_00042.h5ad", "study": "h1_vcc2025", "cells": 5000}
{"t": 319.0, "utc": "2026-10-01T05:34:43.295073+00:00", "msg": "first read", "shard": "h1_train__shard_00043.h5ad", "study": "h1_vcc2025", "cells": 5000}
{"t": 319.0, "utc": "2026-10-01T05:34:43.298057+00:00", "msg": "first read", "shard": "h1_train__shard_00044.h5ad", "study": "h1_vcc2025", "cells": 1273}
{"t": 325.8, "utc": "2026-10-01T05:34:50.039349+00:00", "msg": "first read", "shard": "h1_val__shard_00000.h5ad", "study": "h1_vcc2025", "cells": 5000}
{"t": 326.6, "utc": "2026-10-01T05:34:50.892201+00:00", "msg": "first read", "shard": "h1_val__shard_00001.h5ad", "study": "h1_vcc2025", "cells": 5000}
{"t": 328.5, "utc": "2026-10-01T05:34:52.779569+00:00", "msg": "first read", "shard": "h1_val__shard_00002.h5ad", "study": "h1_vcc2025", "cells": 5000}
{"t": 329.7, "utc": "2026-10-01T05:34:53.985673+00:00", "msg": "first read", "shard": "h1_val__shard_00003.h5ad", "study": "h1_vcc2025", "cells": 5000}
{"t": 336.5, "utc": "2026-10-01T05:35:00.761446+00:00", "msg": "first read", "shard": "h1_val__shard_00004.h5ad", "study": "h1_vcc2025", "cells": 5000}
{"t": 337.8, "utc": "2026-10-01T05:35:02.082090+00:00", "msg": "first read", "shard": "h1_val__shard_00005.h5ad", "study": "h1_vcc2025", "cells": 5000}
{"t": 339.6, "utc": "2026-10-01T05:35:03.874722+00:00", "msg": "first read", "shard": "h1_val__shard_00006.h5ad", "study": "h1_vcc2025", "cells": 5000}
{"t": 341.6, "utc": "2026-10-01T05:35:05.867912+00:00", "msg": "first read", "shard": "h1_val__shard_00007.h5ad", "study": "h1_vcc2025", "cells": 5000}
{"t": 347.8, "utc": "2026-10-01T05:35:12.085036+00:00", "msg": "first read", "shard": "h1_val__shard_00008.h5ad", "study": "h1_vcc2025", "cells": 5000}
{"t": 349.4, "utc": "2026-10-01T05:35:13.691321+00:00", "msg": "first read", "shard": "h1_val__shard_00009.h5ad", "study": "h1_vcc2025", "cells": 5000}
{"t": 351.2, "utc": "2026-10-01T05:35:15.413994+00:00", "msg": "first read", "shard": "h1_val__shard_00010.h5ad", "study": "h1_vcc2025", "cells": 5000}
{"t": 353.1, "utc": "2026-10-01T05:35:17.367288+00:00", "msg": "first read", "shard": "h1_val__shard_00011.h5ad", "study": "h1_vcc2025", "cells": 5000}
{"t": 359.9, "utc": "2026-10-01T05:35:24.118559+00:00", "msg": "first read", "shard": "h1_val__shard_00012.h5ad", "study": "h1_vcc2025", "cells": 5000}
{"t": 360.5, "utc": "2026-10-01T05:35:24.738715+00:00", "msg": "first read", "shard": "h1_val__shard_00013.h5ad", "study": "h1_vcc2025", "cells": 5000}
{"t": 362.5, "utc": "2026-10-01T05:35:26.763278+00:00", "msg": "first read", "shard": "h1_val__shard_00014.h5ad", "study": "h1_vcc2025", "cells": 5000}
{"t": 364.0, "utc": "2026-10-01T05:35:28.276901+00:00", "msg": "first read", "shard": "h1_val__shard_00015.h5ad", "study": "h1_vcc2025", "cells": 5000}
{"t": 371.7, "utc": "2026-10-01T05:35:36.009977+00:00", "msg": "first read", "shard": "h1_val__shard_00016.h5ad", "study": "h1_vcc2025", "cells": 5000}
{"t": 372.0, "utc": "2026-10-01T05:35:36.237279+00:00", "msg": "first read", "shard": "h1_val__shard_00017.h5ad", "study": "h1_vcc2025", "cells": 5000}
{"t": 373.5, "utc": "2026-10-01T05:35:37.773986+00:00", "msg": "first read", "shard": "h1_val__shard_00018.h5ad", "study": "h1_vcc2025", "cells": 5000}
{"t": 373.5, "utc": "2026-10-01T05:35:37.778365+00:00", "msg": "first read", "shard": "h1_val__shard_00019.h5ad", "study": "h1_vcc2025", "cells": 3927}
{"t": 401.5, "utc": "2026-10-01T05:36:05.764918+00:00", "msg": "first read", "shard": "hipsci_gw_fitness__shard_00000.h5ad", "study": "hipsci_gw_fitness", "cells": 20000}
{"t": 402.8, "utc": "2026-10-01T05:36:07.078561+00:00", "msg": "first read", "shard": "hipsci_gw_fitness__shard_00001.h5ad", "study": "hipsci_gw_fitness", "cells": 20000}
{"t": 402.8, "utc": "2026-10-01T05:36:07.078737+00:00", "msg": "first read", "shard": "hipsci_gw_fitness__shard_00002.h5ad", "study": "hipsci_gw_fitness", "cells": 20000}
{"t": 405.3, "utc": "2026-10-01T05:36:09.602628+00:00", "msg": "first read", "shard": "hipsci_gw_fitness__shard_00003.h5ad", "study": "hipsci_gw_fitness", "cells": 20000}
{"t": 429.2, "utc": "2026-10-01T05:36:33.448620+00:00", "msg": "first read", "shard": "hipsci_gw_fitness__shard_00004.h5ad", "study": "hipsci_gw_fitness", "cells": 20000}
{"t": 430.3, "utc": "2026-10-01T05:36:34.546418+00:00", "msg": "first read", "shard": "hipsci_gw_fitness__shard_00005.h5ad", "study": "hipsci_gw_fitness", "cells": 20000}
{"t": 432.2, "utc": "2026-10-01T05:36:36.486421+00:00", "msg": "first read", "shard": "hipsci_gw_fitness__shard_00006.h5ad", "study": "hipsci_gw_fitness", "cells": 20000}
{"t": 436.2, "utc": "2026-10-01T05:36:40.436115+00:00", "msg": "first read", "shard": "hipsci_gw_fitness__shard_00007.h5ad", "study": "hipsci_gw_fitness", "cells": 20000}
{"t": 458.1, "utc": "2026-10-01T05:37:02.393591+00:00", "msg": "first read", "shard": "hipsci_gw_fitness__shard_00008.h5ad", "study": "hipsci_gw_fitness", "cells": 20000}
{"t": 459.7, "utc": "2026-10-01T05:37:03.985920+00:00", "msg": "first read", "shard": "hipsci_gw_fitness__shard_00009.h5ad", "study": "hipsci_gw_fitness", "cells": 20000}
{"t": 460.0, "utc": "2026-10-01T05:37:04.214704+00:00", "msg": "first read", "shard": "hipsci_gw_fitness__shard_00010.h5ad", "study": "hipsci_gw_fitness", "cells": 20000}
{"t": 467.6, "utc": "2026-10-01T05:37:11.898881+00:00", "msg": "first read", "shard": "hipsci_gw_fitness__shard_00011.h5ad", "study": "hipsci_gw_fitness", "cells": 20000}
{"t": 488.1, "utc": "2026-10-01T05:37:32.332778+00:00", "msg": "first read", "shard": "hipsci_gw_fitness__shard_00012.h5ad", "study": "hipsci_gw_fitness", "cells": 20000}
{"t": 489.7, "utc": "2026-10-01T05:37:33.991928+00:00", "msg": "first read", "shard": "hipsci_gw_fitness__shard_00013.h5ad", "study": "hipsci_gw_fitness", "cells": 20000}
{"t": 490.6, "utc": "2026-10-01T05:37:34.859939+00:00", "msg": "first read", "shard": "hipsci_gw_fitness__shard_00014.h5ad", "study": "hipsci_gw_fitness", "cells": 20000}
{"t": 494.1, "utc": "2026-10-01T05:37:38.343360+00:00", "msg": "first read", "shard": "hipsci_gw_fitness__shard_00015.h5ad", "study": "hipsci_gw_fitness", "cells": 20000}
{"t": 494.1, "utc": "2026-10-01T05:37:38.343920+00:00", "msg": "first read", "shard": "hipsci_gw_fitness__shard_00016.h5ad", "study": "hipsci_gw_fitness", "cells": 2746}
{"t": 514.1, "utc": "2026-10-01T05:37:58.397660+00:00", "msg": "first read", "shard": "hipsci_gw_nonfitness__shard_00000.h5ad", "study": "hipsci_gw_nonfitness", "cells": 20000}
{"t": 514.8, "utc": "2026-10-01T05:37:59.050174+00:00", "msg": "first read", "shard": "hipsci_gw_nonfitness__shard_00001.h5ad", "study": "hipsci_gw_nonfitness", "cells": 20000}
{"t": 514.8, "utc": "2026-10-01T05:37:59.088778+00:00", "msg": "first read", "shard": "hipsci_gw_nonfitness__shard_00002.h5ad", "study": "hipsci_gw_nonfitness", "cells": 20000}
{"t": 518.4, "utc": "2026-10-01T05:38:02.664301+00:00", "msg": "first read", "shard": "hipsci_gw_nonfitness__shard_00003.h5ad", "study": "hipsci_gw_nonfitness", "cells": 20000}
{"t": 537.3, "utc": "2026-10-01T05:38:21.525674+00:00", "msg": "first read", "shard": "hipsci_gw_nonfitness__shard_00004.h5ad", "study": "hipsci_gw_nonfitness", "cells": 20000}
{"t": 538.8, "utc": "2026-10-01T05:38:23.040589+00:00", "msg": "first read", "shard": "hipsci_gw_nonfitness__shard_00005.h5ad", "study": "hipsci_gw_nonfitness", "cells": 20000}
{"t": 542.8, "utc": "2026-10-01T05:38:27.055841+00:00", "msg": "first read", "shard": "hipsci_gw_nonfitness__shard_00006.h5ad", "study": "hipsci_gw_nonfitness", "cells": 20000}
{"t": 552.6, "utc": "2026-10-01T05:38:36.890331+00:00", "msg": "first read", "shard": "hipsci_gw_nonfitness__shard_00007.h5ad", "study": "hipsci_gw_nonfitness", "cells": 20000}
{"t": 578.8, "utc": "2026-10-01T05:39:03.040405+00:00", "msg": "first read", "shard": "hipsci_gw_nonfitness__shard_00008.h5ad", "study": "hipsci_gw_nonfitness", "cells": 20000}
{"t": 580.3, "utc": "2026-10-01T05:39:04.589668+00:00", "msg": "first read", "shard": "hipsci_gw_nonfitness__shard_00009.h5ad", "study": "hipsci_gw_nonfitness", "cells": 20000}
{"t": 580.3, "utc": "2026-10-01T05:39:04.589920+00:00", "msg": "first read", "shard": "hipsci_gw_nonfitness__shard_00010.h5ad", "study": "hipsci_gw_nonfitness", "cells": 20000}
{"t": 580.3, "utc": "2026-10-01T05:39:04.590040+00:00", "msg": "first read", "shard": "hipsci_gw_nonfitness__shard_00011.h5ad", "study": "hipsci_gw_nonfitness", "cells": 20000}
{"t": 595.5, "utc": "2026-10-01T05:39:19.759470+00:00", "msg": "first read", "shard": "hipsci_gw_nonfitness__shard_00012.h5ad", "study": "hipsci_gw_nonfitness", "cells": 20000}
{"t": 602.0, "utc": "2026-10-01T05:39:26.287543+00:00", "msg": "first read", "shard": "hipsci_gw_nonfitness__shard_00013.h5ad", "study": "hipsci_gw_nonfitness", "cells": 20000}
{"t": 603.6, "utc": "2026-10-01T05:39:27.829508+00:00", "msg": "first read", "shard": "hipsci_gw_nonfitness__shard_00014.h5ad", "study": "hipsci_gw_nonfitness", "cells": 20000}
{"t": 606.1, "utc": "2026-10-01T05:39:30.332098+00:00", "msg": "first read", "shard": "hipsci_gw_nonfitness__shard_00015.h5ad", "study": "hipsci_gw_nonfitness", "cells": 20000}
{"t": 621.8, "utc": "2026-10-01T05:39:46.096922+00:00", "msg": "first read", "shard": "hipsci_gw_nonfitness__shard_00016.h5ad", "study": "hipsci_gw_nonfitness", "cells": 20000}
{"t": 634.4, "utc": "2026-10-01T05:39:58.622884+00:00", "msg": "first read", "shard": "hipsci_gw_nonfitness__shard_00017.h5ad", "study": "hipsci_gw_nonfitness", "cells": 20000}
{"t": 634.4, "utc": "2026-10-01T05:39:58.623111+00:00", "msg": "first read", "shard": "hipsci_gw_nonfitness__shard_00018.h5ad", "study": "hipsci_gw_nonfitness", "cells": 20000}
{"t": 634.4, "utc": "2026-10-01T05:39:58.623235+00:00", "msg": "first read", "shard": "hipsci_gw_nonfitness__shard_00019.h5ad", "study": "hipsci_gw_nonfitness", "cells": 16458}
{"t": 647.5, "utc": "2026-10-01T05:40:11.721066+00:00", "msg": "first read", "shard": "hipsci_targeted_19__shard_00000.h5ad", "study": "hipsci_targeted_19", "cells": 20000}
{"t": 654.5, "utc": "2026-10-01T05:40:18.740544+00:00", "msg": "first read", "shard": "hipsci_targeted_19__shard_00001.h5ad", "study": "hipsci_targeted_19", "cells": 20000}
{"t": 657.3, "utc": "2026-10-01T05:40:21.556740+00:00", "msg": "first read", "shard": "hipsci_targeted_19__shard_00002.h5ad", "study": "hipsci_targeted_19", "cells": 20000}
{"t": 658.8, "utc": "2026-10-01T05:40:23.014193+00:00", "msg": "first read", "shard": "hipsci_targeted_19__shard_00003.h5ad", "study": "hipsci_targeted_19", "cells": 20000}
{"t": 672.3, "utc": "2026-10-01T05:40:36.530603+00:00", "msg": "first read", "shard": "hipsci_targeted_19__shard_00004.h5ad", "study": "hipsci_targeted_19", "cells": 20000}
{"t": 678.8, "utc": "2026-10-01T05:40:43.111122+00:00", "msg": "first read", "shard": "hipsci_targeted_19__shard_00005.h5ad", "study": "hipsci_targeted_19", "cells": 20000}
{"t": 683.4, "utc": "2026-10-01T05:40:47.663851+00:00", "msg": "first read", "shard": "hipsci_targeted_19__shard_00006.h5ad", "study": "hipsci_targeted_19", "cells": 20000}
{"t": 683.4, "utc": "2026-10-01T05:40:47.668331+00:00", "msg": "first read", "shard": "hipsci_targeted_19__shard_00007.h5ad", "study": "hipsci_targeted_19", "cells": 20000}
{"t": 692.5, "utc": "2026-10-01T05:40:56.738448+00:00", "msg": "first read", "shard": "hipsci_targeted_19__shard_00008.h5ad", "study": "hipsci_targeted_19", "cells": 20000}
{"t": 700.7, "utc": "2026-10-01T05:41:04.982341+00:00", "msg": "first read", "shard": "hipsci_targeted_19__shard_00009.h5ad", "study": "hipsci_targeted_19", "cells": 20000}
{"t": 710.3, "utc": "2026-10-01T05:41:14.601931+00:00", "msg": "first read", "shard": "hipsci_targeted_19__shard_00010.h5ad", "study": "hipsci_targeted_19", "cells": 20000}
{"t": 710.4, "utc": "2026-10-01T05:41:14.642418+00:00", "msg": "first read", "shard": "hipsci_targeted_19__shard_00011.h5ad", "study": "hipsci_targeted_19", "cells": 20000}
{"t": 720.2, "utc": "2026-10-01T05:41:24.457986+00:00", "msg": "first read", "shard": "hipsci_targeted_19__shard_00012.h5ad", "study": "hipsci_targeted_19", "cells": 20000}
{"t": 723.5, "utc": "2026-10-01T05:41:27.771338+00:00", "msg": "first read", "shard": "hipsci_targeted_19__shard_00013.h5ad", "study": "hipsci_targeted_19", "cells": 20000}
{"t": 735.5, "utc": "2026-10-01T05:41:39.734621+00:00", "msg": "first read", "shard": "hipsci_targeted_19__shard_00014.h5ad", "study": "hipsci_targeted_19", "cells": 20000}
{"t": 738.1, "utc": "2026-10-01T05:41:42.342858+00:00", "msg": "first read", "shard": "hipsci_targeted_19__shard_00015.h5ad", "study": "hipsci_targeted_19", "cells": 20000}
{"t": 747.7, "utc": "2026-10-01T05:41:51.952447+00:00", "msg": "first read", "shard": "hipsci_targeted_19__shard_00016.h5ad", "study": "hipsci_targeted_19", "cells": 20000}
{"t": 750.9, "utc": "2026-10-01T05:41:55.114009+00:00", "msg": "first read", "shard": "hipsci_targeted_19__shard_00017.h5ad", "study": "hipsci_targeted_19", "cells": 20000}
{"t": 775.1, "utc": "2026-10-01T05:42:19.382054+00:00", "msg": "first read", "shard": "hipsci_targeted_19__shard_00018.h5ad", "study": "hipsci_targeted_19", "cells": 20000}
{"t": 780.3, "utc": "2026-10-01T05:42:24.529358+00:00", "msg": "first read", "shard": "hipsci_targeted_19__shard_00019.h5ad", "study": "hipsci_targeted_19", "cells": 20000}
{"t": 780.3, "utc": "2026-10-01T05:42:24.543166+00:00", "msg": "first read", "shard": "hipsci_targeted_19__shard_00020.h5ad", "study": "hipsci_targeted_19", "cells": 20000}
{"t": 782.8, "utc": "2026-10-01T05:42:27.091795+00:00", "msg": "first read", "shard": "hipsci_targeted_19__shard_00021.h5ad", "study": "hipsci_targeted_19", "cells": 20000}
{"t": 804.4, "utc": "2026-10-01T05:42:48.630166+00:00", "msg": "first read", "shard": "hipsci_targeted_19__shard_00022.h5ad", "study": "hipsci_targeted_19", "cells": 20000}
{"t": 807.9, "utc": "2026-10-01T05:42:52.135624+00:00", "msg": "first read", "shard": "hipsci_targeted_19__shard_00023.h5ad", "study": "hipsci_targeted_19", "cells": 20000}
{"t": 807.9, "utc": "2026-10-01T05:42:52.140352+00:00", "msg": "first read", "shard": "hipsci_targeted_19__shard_00024.h5ad", "study": "hipsci_targeted_19", "cells": 20000}
{"t": 807.9, "utc": "2026-10-01T05:42:52.183403+00:00", "msg": "first read", "shard": "hipsci_targeted_19__shard_00025.h5ad", "study": "hipsci_targeted_19", "cells": 20000}
{"t": 824.3, "utc": "2026-10-01T05:43:08.581053+00:00", "msg": "first read", "shard": "hipsci_targeted_19__shard_00026.h5ad", "study": "hipsci_targeted_19", "cells": 20000}
{"t": 828.7, "utc": "2026-10-01T05:43:12.977240+00:00", "msg": "first read", "shard": "hipsci_targeted_19__shard_00027.h5ad", "study": "hipsci_targeted_19", "cells": 20000}
{"t": 835.5, "utc": "2026-10-01T05:43:19.750156+00:00", "msg": "first read", "shard": "hipsci_targeted_19__shard_00028.h5ad", "study": "hipsci_targeted_19", "cells": 20000}
{"t": 838.0, "utc": "2026-10-01T05:43:22.222734+00:00", "msg": "first read", "shard": "hipsci_targeted_19__shard_00029.h5ad", "study": "hipsci_targeted_19", "cells": 20000}
{"t": 842.6, "utc": "2026-10-01T05:43:26.888031+00:00", "msg": "first read", "shard": "hipsci_targeted_19__shard_00030.h5ad", "study": "hipsci_targeted_19", "cells": 20000}
{"t": 856.1, "utc": "2026-10-01T05:43:40.406778+00:00", "msg": "first read", "shard": "hipsci_targeted_19__shard_00031.h5ad", "study": "hipsci_targeted_19", "cells": 20000}
{"t": 861.9, "utc": "2026-10-01T05:43:46.205215+00:00", "msg": "first read", "shard": "hipsci_targeted_19__shard_00032.h5ad", "study": "hipsci_targeted_19", "cells": 20000}
{"t": 864.1, "utc": "2026-10-01T05:43:48.328140+00:00", "msg": "first read", "shard": "hipsci_targeted_19__shard_00033.h5ad", "study": "hipsci_targeted_19", "cells": 20000}
{"t": 866.3, "utc": "2026-10-01T05:43:50.523524+00:00", "msg": "first read", "shard": "hipsci_targeted_19__shard_00034.h5ad", "study": "hipsci_targeted_19", "cells": 20000}
{"t": 879.1, "utc": "2026-10-01T05:44:03.356072+00:00", "msg": "first read", "shard": "hipsci_targeted_19__shard_00035.h5ad", "study": "hipsci_targeted_19", "cells": 20000}
{"t": 887.0, "utc": "2026-10-01T05:44:11.222450+00:00", "msg": "first read", "shard": "hipsci_targeted_19__shard_00036.h5ad", "study": "hipsci_targeted_19", "cells": 20000}
{"t": 889.5, "utc": "2026-10-01T05:44:13.771251+00:00", "msg": "first read", "shard": "hipsci_targeted_19__shard_00037.h5ad", "study": "hipsci_targeted_19", "cells": 20000}
{"t": 891.6, "utc": "2026-10-01T05:44:15.822353+00:00", "msg": "first read", "shard": "hipsci_targeted_19__shard_00038.h5ad", "study": "hipsci_targeted_19", "cells": 20000}
{"t": 902.9, "utc": "2026-10-01T05:44:27.147213+00:00", "msg": "first read", "shard": "hipsci_targeted_19__shard_00039.h5ad", "study": "hipsci_targeted_19", "cells": 20000}
{"t": 915.1, "utc": "2026-10-01T05:44:39.369158+00:00", "msg": "first read", "shard": "hipsci_targeted_19__shard_00040.h5ad", "study": "hipsci_targeted_19", "cells": 20000}
{"t": 915.1, "utc": "2026-10-01T05:44:39.372278+00:00", "msg": "first read", "shard": "hipsci_targeted_19__shard_00041.h5ad", "study": "hipsci_targeted_19", "cells": 20000}
{"t": 915.1, "utc": "2026-10-01T05:44:39.375119+00:00", "msg": "first read", "shard": "hipsci_targeted_19__shard_00042.h5ad", "study": "hipsci_targeted_19", "cells": 20000}
{"t": 932.0, "utc": "2026-10-01T05:44:56.255939+00:00", "msg": "first read", "shard": "hipsci_targeted_19__shard_00043.h5ad", "study": "hipsci_targeted_19", "cells": 20000}
{"t": 936.3, "utc": "2026-10-01T05:45:00.583524+00:00", "msg": "first read", "shard": "hipsci_targeted_19__shard_00044.h5ad", "study": "hipsci_targeted_19", "cells": 20000}
{"t": 938.1, "utc": "2026-10-01T05:45:02.356888+00:00", "msg": "first read", "shard": "hipsci_targeted_19__shard_00045.h5ad", "study": "hipsci_targeted_19", "cells": 20000}
{"t": 940.1, "utc": "2026-10-01T05:45:04.312204+00:00", "msg": "first read", "shard": "hipsci_targeted_19__shard_00046.h5ad", "study": "hipsci_targeted_19", "cells": 20000}
{"t": 954.3, "utc": "2026-10-01T05:45:18.582287+00:00", "msg": "first read", "shard": "hipsci_targeted_19__shard_00047.h5ad", "study": "hipsci_targeted_19", "cells": 20000}
{"t": 957.2, "utc": "2026-10-01T05:45:21.447871+00:00", "msg": "first read", "shard": "hipsci_targeted_19__shard_00048.h5ad", "study": "hipsci_targeted_19", "cells": 20000}
{"t": 960.2, "utc": "2026-10-01T05:45:24.509682+00:00", "msg": "first read", "shard": "hipsci_targeted_19__shard_00049.h5ad", "study": "hipsci_targeted_19", "cells": 20000}
{"t": 961.7, "utc": "2026-10-01T05:45:25.928054+00:00", "msg": "first read", "shard": "hipsci_targeted_19__shard_00050.h5ad", "study": "hipsci_targeted_19", "cells": 20000}
{"t": 976.3, "utc": "2026-10-01T05:45:40.607398+00:00", "msg": "first read", "shard": "hipsci_targeted_19__shard_00051.h5ad", "study": "hipsci_targeted_19", "cells": 20000}
{"t": 983.0, "utc": "2026-10-01T05:45:47.245888+00:00", "msg": "first read", "shard": "hipsci_targeted_19__shard_00052.h5ad", "study": "hipsci_targeted_19", "cells": 20000}
{"t": 986.3, "utc": "2026-10-01T05:45:50.578983+00:00", "msg": "first read", "shard": "hipsci_targeted_19__shard_00053.h5ad", "study": "hipsci_targeted_19", "cells": 20000}
{"t": 988.1, "utc": "2026-10-01T05:45:52.406335+00:00", "msg": "first read", "shard": "hipsci_targeted_19__shard_00054.h5ad", "study": "hipsci_targeted_19", "cells": 20000}
{"t": 1001.0, "utc": "2026-10-01T05:46:05.307051+00:00", "msg": "first read", "shard": "hipsci_targeted_19__shard_00055.h5ad", "study": "hipsci_targeted_19", "cells": 20000}
{"t": 1006.5, "utc": "2026-10-01T05:46:10.797400+00:00", "msg": "first read", "shard": "hipsci_targeted_19__shard_00056.h5ad", "study": "hipsci_targeted_19", "cells": 20000}
{"t": 1013.0, "utc": "2026-10-01T05:46:17.271394+00:00", "msg": "first read", "shard": "hipsci_targeted_19__shard_00057.h5ad", "study": "hipsci_targeted_19", "cells": 20000}
{"t": 1013.0, "utc": "2026-10-01T05:46:17.272565+00:00", "msg": "first read", "shard": "hipsci_targeted_19__shard_00058.h5ad", "study": "hipsci_targeted_19", "cells": 1865}
{"t": 1013.0, "utc": "2026-10-01T05:46:17.272939+00:00", "msg": "first read", "shard": "k562_gwps_a__shard_00000.h5ad", "study": "replogle_k562_gwps", "cells": 20000}
{"t": 1015.4, "utc": "2026-10-01T05:46:19.657280+00:00", "msg": "first read", "shard": "k562_gwps_a__shard_00001.h5ad", "study": "replogle_k562_gwps", "cells": 20000}
{"t": 1019.0, "utc": "2026-10-01T05:46:23.299755+00:00", "msg": "first read", "shard": "k562_gwps_a__shard_00002.h5ad", "study": "replogle_k562_gwps", "cells": 20000}
{"t": 1020.9, "utc": "2026-10-01T05:46:25.120044+00:00", "msg": "first read", "shard": "k562_gwps_a__shard_00003.h5ad", "study": "replogle_k562_gwps", "cells": 20000}
{"t": 1026.9, "utc": "2026-10-01T05:46:31.177399+00:00", "msg": "first read", "shard": "k562_gwps_a__shard_00004.h5ad", "study": "replogle_k562_gwps", "cells": 20000}
{"t": 1029.4, "utc": "2026-10-01T05:46:33.686018+00:00", "msg": "first read", "shard": "k562_gwps_a__shard_00005.h5ad", "study": "replogle_k562_gwps", "cells": 20000}
{"t": 1033.2, "utc": "2026-10-01T05:46:37.485827+00:00", "msg": "first read", "shard": "k562_gwps_a__shard_00006.h5ad", "study": "replogle_k562_gwps", "cells": 20000}
{"t": 1035.3, "utc": "2026-10-01T05:46:39.575740+00:00", "msg": "first read", "shard": "k562_gwps_a__shard_00007.h5ad", "study": "replogle_k562_gwps", "cells": 20000}
{"t": 1040.8, "utc": "2026-10-01T05:46:45.013789+00:00", "msg": "first read", "shard": "k562_gwps_a__shard_00008.h5ad", "study": "replogle_k562_gwps", "cells": 20000}
{"t": 1043.6, "utc": "2026-10-01T05:46:47.902854+00:00", "msg": "first read", "shard": "k562_gwps_a__shard_00009.h5ad", "study": "replogle_k562_gwps", "cells": 20000}
{"t": 1047.7, "utc": "2026-10-01T05:46:51.968474+00:00", "msg": "first read", "shard": "k562_gwps_a__shard_00010.h5ad", "study": "replogle_k562_gwps", "cells": 20000}
{"t": 1050.0, "utc": "2026-10-01T05:46:54.250191+00:00", "msg": "first read", "shard": "k562_gwps_a__shard_00011.h5ad", "study": "replogle_k562_gwps", "cells": 20000}
{"t": 1054.2, "utc": "2026-10-01T05:46:58.486399+00:00", "msg": "first read", "shard": "k562_gwps_a__shard_00012.h5ad", "study": "replogle_k562_gwps", "cells": 20000}
{"t": 1057.0, "utc": "2026-10-01T05:47:01.292568+00:00", "msg": "first read", "shard": "k562_gwps_a__shard_00013.h5ad", "study": "replogle_k562_gwps", "cells": 20000}
{"t": 1061.7, "utc": "2026-10-01T05:47:05.960860+00:00", "msg": "first read", "shard": "k562_gwps_a__shard_00014.h5ad", "study": "replogle_k562_gwps", "cells": 20000}
{"t": 1064.0, "utc": "2026-10-01T05:47:08.300153+00:00", "msg": "first read", "shard": "k562_gwps_a__shard_00015.h5ad", "study": "replogle_k562_gwps", "cells": 20000}
{"t": 1068.2, "utc": "2026-10-01T05:47:12.443824+00:00", "msg": "first read", "shard": "k562_gwps_a__shard_00016.h5ad", "study": "replogle_k562_gwps", "cells": 20000}
{"t": 1070.8, "utc": "2026-10-01T05:47:15.060751+00:00", "msg": "first read", "shard": "k562_gwps_a__shard_00017.h5ad", "study": "replogle_k562_gwps", "cells": 20000}
{"t": 1075.7, "utc": "2026-10-01T05:47:19.959020+00:00", "msg": "first read", "shard": "k562_gwps_a__shard_00018.h5ad", "study": "replogle_k562_gwps", "cells": 20000}
{"t": 1078.0, "utc": "2026-10-01T05:47:22.274911+00:00", "msg": "first read", "shard": "k562_gwps_a__shard_00019.h5ad", "study": "replogle_k562_gwps", "cells": 20000}
{"t": 1081.7, "utc": "2026-10-01T05:47:25.966459+00:00", "msg": "first read", "shard": "k562_gwps_a__shard_00020.h5ad", "study": "replogle_k562_gwps", "cells": 20000}
{"t": 1084.3, "utc": "2026-10-01T05:47:28.577516+00:00", "msg": "first read", "shard": "k562_gwps_a__shard_00021.h5ad", "study": "replogle_k562_gwps", "cells": 20000}
{"t": 1090.1, "utc": "2026-10-01T05:47:34.317400+00:00", "msg": "first read", "shard": "k562_gwps_a__shard_00022.h5ad", "study": "replogle_k562_gwps", "cells": 20000}
{"t": 1092.6, "utc": "2026-10-01T05:47:36.848844+00:00", "msg": "first read", "shard": "k562_gwps_a__shard_00023.h5ad", "study": "replogle_k562_gwps", "cells": 20000}
{"t": 1097.0, "utc": "2026-10-01T05:47:41.265958+00:00", "msg": "first read", "shard": "k562_gwps_a__shard_00024.h5ad", "study": "replogle_k562_gwps", "cells": 20000}
{"t": 1099.6, "utc": "2026-10-01T05:47:43.838024+00:00", "msg": "first read", "shard": "k562_gwps_a__shard_00025.h5ad", "study": "replogle_k562_gwps", "cells": 20000}
{"t": 1104.8, "utc": "2026-10-01T05:47:49.039790+00:00", "msg": "first read", "shard": "k562_gwps_a__shard_00026.h5ad", "study": "replogle_k562_gwps", "cells": 20000}
{"t": 1106.5, "utc": "2026-10-01T05:47:50.787623+00:00", "msg": "first read", "shard": "k562_gwps_a__shard_00027.h5ad", "study": "replogle_k562_gwps", "cells": 20000}
{"t": 1111.3, "utc": "2026-10-01T05:47:55.606513+00:00", "msg": "first read", "shard": "k562_gwps_a__shard_00028.h5ad", "study": "replogle_k562_gwps", "cells": 20000}
{"t": 1115.4, "utc": "2026-10-01T05:47:59.682835+00:00", "msg": "first read", "shard": "k562_gwps_a__shard_00029.h5ad", "study": "replogle_k562_gwps", "cells": 20000}
{"t": 1120.9, "utc": "2026-10-01T05:48:05.118641+00:00", "msg": "first read", "shard": "k562_gwps_a__shard_00030.h5ad", "study": "replogle_k562_gwps", "cells": 20000}
{"t": 1122.3, "utc": "2026-10-01T05:48:06.598238+00:00", "msg": "first read", "shard": "k562_gwps_a__shard_00031.h5ad", "study": "replogle_k562_gwps", "cells": 20000}
{"t": 1126.9, "utc": "2026-10-01T05:48:11.164688+00:00", "msg": "first read", "shard": "k562_gwps_a__shard_00032.h5ad", "study": "replogle_k562_gwps", "cells": 20000}
{"t": 1131.7, "utc": "2026-10-01T05:48:15.954024+00:00", "msg": "first read", "shard": "k562_gwps_a__shard_00033.h5ad", "study": "replogle_k562_gwps", "cells": 20000}
{"t": 1137.2, "utc": "2026-10-01T05:48:21.446608+00:00", "msg": "first read", "shard": "k562_gwps_a__shard_00034.h5ad", "study": "replogle_k562_gwps", "cells": 20000}
{"t": 1138.2, "utc": "2026-10-01T05:48:22.472095+00:00", "msg": "first read", "shard": "k562_gwps_a__shard_00035.h5ad", "study": "replogle_k562_gwps", "cells": 20000}
{"t": 1142.9, "utc": "2026-10-01T05:48:27.196743+00:00", "msg": "first read", "shard": "k562_gwps_a__shard_00036.h5ad", "study": "replogle_k562_gwps", "cells": 20000}
{"t": 1147.3, "utc": "2026-10-01T05:48:31.576510+00:00", "msg": "first read", "shard": "k562_gwps_a__shard_00037.h5ad", "study": "replogle_k562_gwps", "cells": 20000}
{"t": 1153.8, "utc": "2026-10-01T05:48:38.073259+00:00", "msg": "first read", "shard": "k562_gwps_a__shard_00038.h5ad", "study": "replogle_k562_gwps", "cells": 20000}
{"t": 1153.8, "utc": "2026-10-01T05:48:38.078097+00:00", "msg": "first read", "shard": "k562_gwps_a__shard_00039.h5ad", "study": "replogle_k562_gwps", "cells": 20000}
{"t": 1158.5, "utc": "2026-10-01T05:48:42.779258+00:00", "msg": "first read", "shard": "k562_gwps_a__shard_00040.h5ad", "study": "replogle_k562_gwps", "cells": 20000}
{"t": 1165.0, "utc": "2026-10-01T05:48:49.268320+00:00", "msg": "first read", "shard": "k562_gwps_a__shard_00041.h5ad", "study": "replogle_k562_gwps", "cells": 20000}
{"t": 1172.7, "utc": "2026-10-01T05:48:56.928468+00:00", "msg": "first read", "shard": "k562_gwps_a__shard_00042.h5ad", "study": "replogle_k562_gwps", "cells": 20000}
{"t": 1173.2, "utc": "2026-10-01T05:48:57.456350+00:00", "msg": "first read", "shard": "k562_gwps_a__shard_00043.h5ad", "study": "replogle_k562_gwps", "cells": 20000}
{"t": 1177.5, "utc": "2026-10-01T05:49:01.765656+00:00", "msg": "first read", "shard": "k562_gwps_a__shard_00044.h5ad", "study": "replogle_k562_gwps", "cells": 20000}
{"t": 1188.2, "utc": "2026-10-01T05:49:12.486124+00:00", "msg": "first read", "shard": "k562_gwps_a__shard_00045.h5ad", "study": "replogle_k562_gwps", "cells": 20000}
{"t": 1193.6, "utc": "2026-10-01T05:49:17.823818+00:00", "msg": "first read", "shard": "k562_gwps_a__shard_00046.h5ad", "study": "replogle_k562_gwps", "cells": 20000}
{"t": 1194.2, "utc": "2026-10-01T05:49:18.413174+00:00", "msg": "first read", "shard": "k562_gwps_a__shard_00047.h5ad", "study": "replogle_k562_gwps", "cells": 20000}
{"t": 1199.3, "utc": "2026-10-01T05:49:23.563211+00:00", "msg": "first read", "shard": "k562_gwps_a__shard_00048.h5ad", "study": "replogle_k562_gwps", "cells": 20000}
{"t": 1206.5, "utc": "2026-10-01T05:49:30.777267+00:00", "msg": "first read", "shard": "k562_gwps_a__shard_00049.h5ad", "study": "replogle_k562_gwps", "cells": 20000}
{"t": 1211.9, "utc": "2026-10-01T05:49:36.128089+00:00", "msg": "first read", "shard": "k562_gwps_b__shard_00050.h5ad", "study": "replogle_k562_gwps", "cells": 20000}
{"t": 1212.0, "utc": "2026-10-01T05:49:36.215572+00:00", "msg": "first read", "shard": "k562_gwps_b__shard_00051.h5ad", "study": "replogle_k562_gwps", "cells": 20000}
{"t": 1216.0, "utc": "2026-10-01T05:49:40.241232+00:00", "msg": "first read", "shard": "k562_gwps_b__shard_00052.h5ad", "study": "replogle_k562_gwps", "cells": 20000}
{"t": 1221.8, "utc": "2026-10-01T05:49:46.085088+00:00", "msg": "first read", "shard": "k562_gwps_b__shard_00053.h5ad", "study": "replogle_k562_gwps", "cells": 20000}
{"t": 1228.3, "utc": "2026-10-01T05:49:52.571240+00:00", "msg": "first read", "shard": "k562_gwps_b__shard_00054.h5ad", "study": "replogle_k562_gwps", "cells": 20000}
{"t": 1228.3, "utc": "2026-10-01T05:49:52.574036+00:00", "msg": "first read", "shard": "k562_gwps_b__shard_00055.h5ad", "study": "replogle_k562_gwps", "cells": 20000}
{"t": 1231.4, "utc": "2026-10-01T05:49:55.705131+00:00", "msg": "first read", "shard": "k562_gwps_b__shard_00056.h5ad", "study": "replogle_k562_gwps", "cells": 20000}
{"t": 1236.9, "utc": "2026-10-01T05:50:01.156965+00:00", "msg": "first read", "shard": "k562_gwps_b__shard_00057.h5ad", "study": "replogle_k562_gwps", "cells": 20000}
{"t": 1244.0, "utc": "2026-10-01T05:50:08.290770+00:00", "msg": "first read", "shard": "k562_gwps_b__shard_00058.h5ad", "study": "replogle_k562_gwps", "cells": 20000}
{"t": 1246.1, "utc": "2026-10-01T05:50:10.322008+00:00", "msg": "first read", "shard": "k562_gwps_b__shard_00059.h5ad", "study": "replogle_k562_gwps", "cells": 20000}
{"t": 1248.2, "utc": "2026-10-01T05:50:12.414328+00:00", "msg": "first read", "shard": "k562_gwps_b__shard_00060.h5ad", "study": "replogle_k562_gwps", "cells": 20000}
{"t": 1253.6, "utc": "2026-10-01T05:50:17.832270+00:00", "msg": "first read", "shard": "k562_gwps_b__shard_00061.h5ad", "study": "replogle_k562_gwps", "cells": 20000}
{"t": 1260.3, "utc": "2026-10-01T05:50:24.606761+00:00", "msg": "first read", "shard": "k562_gwps_b__shard_00062.h5ad", "study": "replogle_k562_gwps", "cells": 20000}
{"t": 1261.9, "utc": "2026-10-01T05:50:26.123873+00:00", "msg": "first read", "shard": "k562_gwps_b__shard_00063.h5ad", "study": "replogle_k562_gwps", "cells": 20000}
{"t": 1265.0, "utc": "2026-10-01T05:50:29.311165+00:00", "msg": "first read", "shard": "k562_gwps_b__shard_00064.h5ad", "study": "replogle_k562_gwps", "cells": 20000}
{"t": 1268.4, "utc": "2026-10-01T05:50:32.686388+00:00", "msg": "first read", "shard": "k562_gwps_b__shard_00065.h5ad", "study": "replogle_k562_gwps", "cells": 20000}
{"t": 1274.8, "utc": "2026-10-01T05:50:39.106013+00:00", "msg": "first read", "shard": "k562_gwps_b__shard_00066.h5ad", "study": "replogle_k562_gwps", "cells": 20000}
{"t": 1277.5, "utc": "2026-10-01T05:50:41.803765+00:00", "msg": "first read", "shard": "k562_gwps_b__shard_00067.h5ad", "study": "replogle_k562_gwps", "cells": 20000}
{"t": 1280.5, "utc": "2026-10-01T05:50:44.761802+00:00", "msg": "first read", "shard": "k562_gwps_b__shard_00068.h5ad", "study": "replogle_k562_gwps", "cells": 20000}
{"t": 1283.2, "utc": "2026-10-01T05:50:47.445780+00:00", "msg": "first read", "shard": "k562_gwps_b__shard_00069.h5ad", "study": "replogle_k562_gwps", "cells": 20000}
{"t": 1291.5, "utc": "2026-10-01T05:50:55.779152+00:00", "msg": "first read", "shard": "k562_gwps_b__shard_00070.h5ad", "study": "replogle_k562_gwps", "cells": 20000}
{"t": 1293.0, "utc": "2026-10-01T05:50:57.220990+00:00", "msg": "first read", "shard": "k562_gwps_b__shard_00071.h5ad", "study": "replogle_k562_gwps", "cells": 20000}
{"t": 1297.2, "utc": "2026-10-01T05:51:01.511816+00:00", "msg": "first read", "shard": "k562_gwps_b__shard_00072.h5ad", "study": "replogle_k562_gwps", "cells": 20000}
{"t": 1298.4, "utc": "2026-10-01T05:51:02.616119+00:00", "msg": "first read", "shard": "k562_gwps_b__shard_00073.h5ad", "study": "replogle_k562_gwps", "cells": 20000}
{"t": 1306.8, "utc": "2026-10-01T05:51:11.109225+00:00", "msg": "first read", "shard": "k562_gwps_b__shard_00074.h5ad", "study": "replogle_k562_gwps", "cells": 20000}
{"t": 1309.8, "utc": "2026-10-01T05:51:14.060992+00:00", "msg": "first read", "shard": "k562_gwps_b__shard_00075.h5ad", "study": "replogle_k562_gwps", "cells": 20000}
{"t": 1312.6, "utc": "2026-10-01T05:51:16.821654+00:00", "msg": "first read", "shard": "k562_gwps_b__shard_00076.h5ad", "study": "replogle_k562_gwps", "cells": 20000}
{"t": 1314.8, "utc": "2026-10-01T05:51:19.074024+00:00", "msg": "first read", "shard": "k562_gwps_b__shard_00077.h5ad", "study": "replogle_k562_gwps", "cells": 20000}
{"t": 1322.0, "utc": "2026-10-01T05:51:26.307495+00:00", "msg": "first read", "shard": "k562_gwps_b__shard_00078.h5ad", "study": "replogle_k562_gwps", "cells": 20000}
{"t": 1324.9, "utc": "2026-10-01T05:51:29.142003+00:00", "msg": "first read", "shard": "k562_gwps_b__shard_00079.h5ad", "study": "replogle_k562_gwps", "cells": 20000}
{"t": 1327.5, "utc": "2026-10-01T05:51:31.779609+00:00", "msg": "first read", "shard": "k562_gwps_b__shard_00080.h5ad", "study": "replogle_k562_gwps", "cells": 20000}
{"t": 1330.5, "utc": "2026-10-01T05:51:34.727165+00:00", "msg": "first read", "shard": "k562_gwps_b__shard_00081.h5ad", "study": "replogle_k562_gwps", "cells": 20000}
{"t": 1336.7, "utc": "2026-10-01T05:51:40.975788+00:00", "msg": "first read", "shard": "k562_gwps_b__shard_00082.h5ad", "study": "replogle_k562_gwps", "cells": 20000}
{"t": 1338.2, "utc": "2026-10-01T05:51:42.511361+00:00", "msg": "first read", "shard": "k562_gwps_b__shard_00083.h5ad", "study": "replogle_k562_gwps", "cells": 20000}
{"t": 1342.2, "utc": "2026-10-01T05:51:46.430420+00:00", "msg": "first read", "shard": "k562_gwps_b__shard_00084.h5ad", "study": "replogle_k562_gwps", "cells": 20000}
{"t": 1344.9, "utc": "2026-10-01T05:51:49.143627+00:00", "msg": "first read", "shard": "k562_gwps_b__shard_00085.h5ad", "study": "replogle_k562_gwps", "cells": 20000}
{"t": 1352.9, "utc": "2026-10-01T05:51:57.211151+00:00", "msg": "first read", "shard": "k562_gwps_b__shard_00086.h5ad", "study": "replogle_k562_gwps", "cells": 20000}
{"t": 1353.2, "utc": "2026-10-01T05:51:57.429249+00:00", "msg": "first read", "shard": "k562_gwps_b__shard_00087.h5ad", "study": "replogle_k562_gwps", "cells": 20000}
{"t": 1357.6, "utc": "2026-10-01T05:52:01.906131+00:00", "msg": "first read", "shard": "k562_gwps_b__shard_00088.h5ad", "study": "replogle_k562_gwps", "cells": 20000}
{"t": 1359.8, "utc": "2026-10-01T05:52:04.039538+00:00", "msg": "first read", "shard": "k562_gwps_b__shard_00089.h5ad", "study": "replogle_k562_gwps", "cells": 20000}
{"t": 1369.9, "utc": "2026-10-01T05:52:14.175894+00:00", "msg": "first read", "shard": "k562_gwps_b__shard_00090.h5ad", "study": "replogle_k562_gwps", "cells": 20000}
{"t": 1370.8, "utc": "2026-10-01T05:52:15.023330+00:00", "msg": "first read", "shard": "k562_gwps_b__shard_00091.h5ad", "study": "replogle_k562_gwps", "cells": 20000}
{"t": 1377.9, "utc": "2026-10-01T05:52:22.189070+00:00", "msg": "first read", "shard": "k562_gwps_b__shard_00092.h5ad", "study": "replogle_k562_gwps", "cells": 20000}
{"t": 1390.6, "utc": "2026-10-01T05:52:34.908463+00:00", "msg": "first read", "shard": "k562_gwps_b__shard_00093.h5ad", "study": "replogle_k562_gwps", "cells": 20000}
{"t": 1404.2, "utc": "2026-10-01T05:52:48.505070+00:00", "msg": "first read", "shard": "k562_gwps_b__shard_00094.h5ad", "study": "replogle_k562_gwps", "cells": 20000}
{"t": 1404.2, "utc": "2026-10-01T05:52:48.508746+00:00", "msg": "first read", "shard": "k562_gwps_b__shard_00095.h5ad", "study": "replogle_k562_gwps", "cells": 20000}
{"t": 1404.3, "utc": "2026-10-01T05:52:48.513912+00:00", "msg": "first read", "shard": "k562_gwps_b__shard_00096.h5ad", "study": "replogle_k562_gwps", "cells": 20000}
{"t": 1407.7, "utc": "2026-10-01T05:52:52.002183+00:00", "msg": "first read", "shard": "k562_gwps_b__shard_00097.h5ad", "study": "replogle_k562_gwps", "cells": 20000}
{"t": 1419.4, "utc": "2026-10-01T05:53:03.643354+00:00", "msg": "first read", "shard": "k562_gwps_b__shard_00098.h5ad", "study": "replogle_k562_gwps", "cells": 20000}
{"t": 1419.4, "utc": "2026-10-01T05:53:03.654123+00:00", "msg": "first read", "shard": "k562_gwps_b__shard_00099.h5ad", "study": "replogle_k562_gwps", "cells": 9578}
{"t": 1419.4, "utc": "2026-10-01T05:53:03.658318+00:00", "msg": "first read", "shard": "k562_essential__shard_00000.h5ad", "study": "replogle_k562_essential", "cells": 10000}
{"t": 1419.4, "utc": "2026-10-01T05:53:03.659223+00:00", "msg": "first read", "shard": "k562_essential__shard_00001.h5ad", "study": "replogle_k562_essential", "cells": 10000}
{"t": 1420.2, "utc": "2026-10-01T05:53:04.458227+00:00", "msg": "first read", "shard": "k562_essential__shard_00002.h5ad", "study": "replogle_k562_essential", "cells": 10000}
{"t": 1422.3, "utc": "2026-10-01T05:53:06.529107+00:00", "msg": "first read", "shard": "k562_essential__shard_00003.h5ad", "study": "replogle_k562_essential", "cells": 10000}
{"t": 1425.5, "utc": "2026-10-01T05:53:09.795392+00:00", "msg": "first read", "shard": "k562_essential__shard_00004.h5ad", "study": "replogle_k562_essential", "cells": 10000}
{"t": 1427.6, "utc": "2026-10-01T05:53:11.864498+00:00", "msg": "first read", "shard": "k562_essential__shard_00005.h5ad", "study": "replogle_k562_essential", "cells": 10000}
{"t": 1429.1, "utc": "2026-10-01T05:53:13.317620+00:00", "msg": "first read", "shard": "k562_essential__shard_00006.h5ad", "study": "replogle_k562_essential", "cells": 10000}
{"t": 1431.1, "utc": "2026-10-01T05:53:15.351843+00:00", "msg": "first read", "shard": "k562_essential__shard_00007.h5ad", "study": "replogle_k562_essential", "cells": 10000}
{"t": 1434.4, "utc": "2026-10-01T05:53:18.620550+00:00", "msg": "first read", "shard": "k562_essential__shard_00008.h5ad", "study": "replogle_k562_essential", "cells": 10000}
{"t": 1436.3, "utc": "2026-10-01T05:53:20.596726+00:00", "msg": "first read", "shard": "k562_essential__shard_00009.h5ad", "study": "replogle_k562_essential", "cells": 10000}
{"t": 1437.8, "utc": "2026-10-01T05:53:22.065540+00:00", "msg": "first read", "shard": "k562_essential__shard_00010.h5ad", "study": "replogle_k562_essential", "cells": 10000}
{"t": 1440.2, "utc": "2026-10-01T05:53:24.456582+00:00", "msg": "first read", "shard": "k562_essential__shard_00011.h5ad", "study": "replogle_k562_essential", "cells": 10000}
{"t": 1443.0, "utc": "2026-10-01T05:53:27.237978+00:00", "msg": "first read", "shard": "k562_essential__shard_00012.h5ad", "study": "replogle_k562_essential", "cells": 10000}
{"t": 1444.9, "utc": "2026-10-01T05:53:29.193311+00:00", "msg": "first read", "shard": "k562_essential__shard_00013.h5ad", "study": "replogle_k562_essential", "cells": 10000}
{"t": 1446.7, "utc": "2026-10-01T05:53:30.960680+00:00", "msg": "first read", "shard": "k562_essential__shard_00014.h5ad", "study": "replogle_k562_essential", "cells": 10000}
{"t": 1449.0, "utc": "2026-10-01T05:53:33.274337+00:00", "msg": "first read", "shard": "k562_essential__shard_00015.h5ad", "study": "replogle_k562_essential", "cells": 10000}
{"t": 1451.6, "utc": "2026-10-01T05:53:35.850687+00:00", "msg": "first read", "shard": "k562_essential__shard_00016.h5ad", "study": "replogle_k562_essential", "cells": 10000}
{"t": 1453.2, "utc": "2026-10-01T05:53:37.460184+00:00", "msg": "first read", "shard": "k562_essential__shard_00017.h5ad", "study": "replogle_k562_essential", "cells": 10000}
{"t": 1455.4, "utc": "2026-10-01T05:53:39.628488+00:00", "msg": "first read", "shard": "k562_essential__shard_00018.h5ad", "study": "replogle_k562_essential", "cells": 10000}
{"t": 1457.8, "utc": "2026-10-01T05:53:42.075060+00:00", "msg": "first read", "shard": "k562_essential__shard_00019.h5ad", "study": "replogle_k562_essential", "cells": 10000}
{"t": 1459.8, "utc": "2026-10-01T05:53:44.035258+00:00", "msg": "first read", "shard": "k562_essential__shard_00020.h5ad", "study": "replogle_k562_essential", "cells": 10000}
{"t": 1461.6, "utc": "2026-10-01T05:53:45.852240+00:00", "msg": "first read", "shard": "k562_essential__shard_00021.h5ad", "study": "replogle_k562_essential", "cells": 10000}
{"t": 1464.0, "utc": "2026-10-01T05:53:48.305241+00:00", "msg": "first read", "shard": "k562_essential__shard_00022.h5ad", "study": "replogle_k562_essential", "cells": 10000}
{"t": 1466.1, "utc": "2026-10-01T05:53:50.317135+00:00", "msg": "first read", "shard": "k562_essential__shard_00023.h5ad", "study": "replogle_k562_essential", "cells": 10000}
{"t": 1468.7, "utc": "2026-10-01T05:53:52.931013+00:00", "msg": "first read", "shard": "k562_essential__shard_00024.h5ad", "study": "replogle_k562_essential", "cells": 10000}
{"t": 1470.1, "utc": "2026-10-01T05:53:54.356903+00:00", "msg": "first read", "shard": "k562_essential__shard_00025.h5ad", "study": "replogle_k562_essential", "cells": 10000}
{"t": 1472.5, "utc": "2026-10-01T05:53:56.745853+00:00", "msg": "first read", "shard": "k562_essential__shard_00026.h5ad", "study": "replogle_k562_essential", "cells": 10000}
{"t": 1474.3, "utc": "2026-10-01T05:53:58.525190+00:00", "msg": "first read", "shard": "k562_essential__shard_00027.h5ad", "study": "replogle_k562_essential", "cells": 10000}
{"t": 1477.1, "utc": "2026-10-01T05:54:01.322345+00:00", "msg": "first read", "shard": "k562_essential__shard_00028.h5ad", "study": "replogle_k562_essential", "cells": 10000}
{"t": 1479.5, "utc": "2026-10-01T05:54:03.755564+00:00", "msg": "first read", "shard": "k562_essential__shard_00029.h5ad", "study": "replogle_k562_essential", "cells": 10000}
{"t": 1481.5, "utc": "2026-10-01T05:54:05.752390+00:00", "msg": "first read", "shard": "k562_essential__shard_00030.h5ad", "study": "replogle_k562_essential", "cells": 10000}
{"t": 1481.5, "utc": "2026-10-01T05:54:05.752873+00:00", "msg": "first read", "shard": "k562_essential__shard_00031.h5ad", "study": "replogle_k562_essential", "cells": 385}
{"t": 1483.0, "utc": "2026-10-01T05:54:07.244697+00:00", "msg": "first read", "shard": "rpe1__shard_00000.h5ad", "study": "replogle_rpe1", "cells": 10000}
{"t": 1485.4, "utc": "2026-10-01T05:54:09.662240+00:00", "msg": "first read", "shard": "rpe1__shard_00001.h5ad", "study": "replogle_rpe1", "cells": 10000}
{"t": 1487.7, "utc": "2026-10-01T05:54:11.977721+00:00", "msg": "first read", "shard": "rpe1__shard_00002.h5ad", "study": "replogle_rpe1", "cells": 10000}
{"t": 1489.5, "utc": "2026-10-01T05:54:13.777290+00:00", "msg": "first read", "shard": "rpe1__shard_00003.h5ad", "study": "replogle_rpe1", "cells": 10000}
{"t": 1491.4, "utc": "2026-10-01T05:54:15.627775+00:00", "msg": "first read", "shard": "rpe1__shard_00004.h5ad", "study": "replogle_rpe1", "cells": 10000}
{"t": 1493.5, "utc": "2026-10-01T05:54:17.746425+00:00", "msg": "first read", "shard": "rpe1__shard_00005.h5ad", "study": "replogle_rpe1", "cells": 10000}
{"t": 1495.8, "utc": "2026-10-01T05:54:20.052401+00:00", "msg": "first read", "shard": "rpe1__shard_00006.h5ad", "study": "replogle_rpe1", "cells": 10000}
{"t": 1497.8, "utc": "2026-10-01T05:54:22.036279+00:00", "msg": "first read", "shard": "rpe1__shard_00007.h5ad", "study": "replogle_rpe1", "cells": 10000}
{"t": 1499.9, "utc": "2026-10-01T05:54:24.170795+00:00", "msg": "first read", "shard": "rpe1__shard_00008.h5ad", "study": "replogle_rpe1", "cells": 10000}
{"t": 1501.5, "utc": "2026-10-01T05:54:25.799342+00:00", "msg": "first read", "shard": "rpe1__shard_00009.h5ad", "study": "replogle_rpe1", "cells": 10000}
{"t": 1504.4, "utc": "2026-10-01T05:54:28.707737+00:00", "msg": "first read", "shard": "rpe1__shard_00010.h5ad", "study": "replogle_rpe1", "cells": 10000}
{"t": 1506.2, "utc": "2026-10-01T05:54:30.420582+00:00", "msg": "first read", "shard": "rpe1__shard_00011.h5ad", "study": "replogle_rpe1", "cells": 10000}
{"t": 1508.3, "utc": "2026-10-01T05:54:32.557934+00:00", "msg": "first read", "shard": "rpe1__shard_00012.h5ad", "study": "replogle_rpe1", "cells": 10000}
{"t": 1510.5, "utc": "2026-10-01T05:54:34.809088+00:00", "msg": "first read", "shard": "rpe1__shard_00013.h5ad", "study": "replogle_rpe1", "cells": 10000}
{"t": 1512.4, "utc": "2026-10-01T05:54:36.698418+00:00", "msg": "first read", "shard": "rpe1__shard_00014.h5ad", "study": "replogle_rpe1", "cells": 10000}
{"t": 1514.5, "utc": "2026-10-01T05:54:38.762429+00:00", "msg": "first read", "shard": "rpe1__shard_00015.h5ad", "study": "replogle_rpe1", "cells": 10000}
{"t": 1516.5, "utc": "2026-10-01T05:54:40.802633+00:00", "msg": "first read", "shard": "rpe1__shard_00016.h5ad", "study": "replogle_rpe1", "cells": 10000}
{"t": 1518.6, "utc": "2026-10-01T05:54:42.885137+00:00", "msg": "first read", "shard": "rpe1__shard_00017.h5ad", "study": "replogle_rpe1", "cells": 10000}
{"t": 1520.7, "utc": "2026-10-01T05:54:44.994055+00:00", "msg": "first read", "shard": "rpe1__shard_00018.h5ad", "study": "replogle_rpe1", "cells": 10000}
{"t": 1522.8, "utc": "2026-10-01T05:54:47.059897+00:00", "msg": "first read", "shard": "rpe1__shard_00019.h5ad", "study": "replogle_rpe1", "cells": 10000}
{"t": 1524.6, "utc": "2026-10-01T05:54:48.863216+00:00", "msg": "first read", "shard": "rpe1__shard_00020.h5ad", "study": "replogle_rpe1", "cells": 10000}
{"t": 1527.0, "utc": "2026-10-01T05:54:51.264640+00:00", "msg": "first read", "shard": "rpe1__shard_00021.h5ad", "study": "replogle_rpe1", "cells": 10000}
{"t": 1529.1, "utc": "2026-10-01T05:54:53.398933+00:00", "msg": "first read", "shard": "rpe1__shard_00022.h5ad", "study": "replogle_rpe1", "cells": 10000}
{"t": 1530.7, "utc": "2026-10-01T05:54:54.966048+00:00", "msg": "first read", "shard": "rpe1__shard_00023.h5ad", "study": "replogle_rpe1", "cells": 10000}
{"t": 1531.4, "utc": "2026-10-01T05:54:55.694907+00:00", "msg": "first read", "shard": "rpe1__shard_00024.h5ad", "study": "replogle_rpe1", "cells": 7914}
{"t": 1574.0, "utc": "2026-10-01T05:55:38.251330+00:00", "msg": "first read", "shard": "a549_ko__shard_00000.h5ad", "study": "a549_liu_hillsley2026", "cells": 20000}
{"t": 1574.0, "utc": "2026-10-01T05:55:38.251665+00:00", "msg": "first read", "shard": "a549_ko__shard_00001.h5ad", "study": "a549_liu_hillsley2026", "cells": 20000}
{"t": 1574.0, "utc": "2026-10-01T05:55:38.251865+00:00", "msg": "first read", "shard": "a549_ko__shard_00002.h5ad", "study": "a549_liu_hillsley2026", "cells": 20000}
{"t": 1574.0, "utc": "2026-10-01T05:55:38.251956+00:00", "msg": "first read", "shard": "a549_ko__shard_00003.h5ad", "study": "a549_liu_hillsley2026", "cells": 20000}
{"t": 1591.6, "utc": "2026-10-01T05:55:55.848772+00:00", "msg": "first read", "shard": "a549_ko__shard_00004.h5ad", "study": "a549_liu_hillsley2026", "cells": 20000}
{"t": 1595.0, "utc": "2026-10-01T05:55:59.234683+00:00", "msg": "first read", "shard": "a549_ko__shard_00005.h5ad", "study": "a549_liu_hillsley2026", "cells": 20000}
{"t": 1597.2, "utc": "2026-10-01T05:56:01.483905+00:00", "msg": "first read", "shard": "a549_ko__shard_00006.h5ad", "study": "a549_liu_hillsley2026", "cells": 20000}
{"t": 1605.8, "utc": "2026-10-01T05:56:10.064800+00:00", "msg": "first read", "shard": "a549_ko__shard_00007.h5ad", "study": "a549_liu_hillsley2026", "cells": 20000}
{"t": 1622.7, "utc": "2026-10-01T05:56:26.970033+00:00", "msg": "first read", "shard": "a549_ko__shard_00008.h5ad", "study": "a549_liu_hillsley2026", "cells": 20000}
{"t": 1622.7, "utc": "2026-10-01T05:56:26.970354+00:00", "msg": "first read", "shard": "a549_ko__shard_00009.h5ad", "study": "a549_liu_hillsley2026", "cells": 20000}
{"t": 1624.9, "utc": "2026-10-01T05:56:29.150321+00:00", "msg": "first read", "shard": "a549_ko__shard_00010.h5ad", "study": "a549_liu_hillsley2026", "cells": 20000}
{"t": 1632.4, "utc": "2026-10-01T05:56:36.630513+00:00", "msg": "first read", "shard": "a549_ko__shard_00011.h5ad", "study": "a549_liu_hillsley2026", "cells": 20000}
{"t": 1651.1, "utc": "2026-10-01T05:56:55.324212+00:00", "msg": "first read", "shard": "a549_ko__shard_00012.h5ad", "study": "a549_liu_hillsley2026", "cells": 20000}
{"t": 1651.1, "utc": "2026-10-01T05:56:55.326005+00:00", "msg": "first read", "shard": "a549_ko__shard_00013.h5ad", "study": "a549_liu_hillsley2026", "cells": 20000}
{"t": 1651.1, "utc": "2026-10-01T05:56:55.326170+00:00", "msg": "first read", "shard": "a549_ko__shard_00014.h5ad", "study": "a549_liu_hillsley2026", "cells": 20000}
{"t": 1665.5, "utc": "2026-10-01T05:57:09.794677+00:00", "msg": "first read", "shard": "a549_ko__shard_00015.h5ad", "study": "a549_liu_hillsley2026", "cells": 20000}
{"t": 1676.4, "utc": "2026-10-01T05:57:20.708473+00:00", "msg": "first read", "shard": "a549_ko__shard_00016.h5ad", "study": "a549_liu_hillsley2026", "cells": 20000}
{"t": 1686.6, "utc": "2026-10-01T05:57:30.878991+00:00", "msg": "first read", "shard": "a549_ko__shard_00017.h5ad", "study": "a549_liu_hillsley2026", "cells": 20000}
{"t": 1686.6, "utc": "2026-10-01T05:57:30.880148+00:00", "msg": "first read", "shard": "a549_ko__shard_00018.h5ad", "study": "a549_liu_hillsley2026", "cells": 20000}
{"t": 1690.9, "utc": "2026-10-01T05:57:35.178943+00:00", "msg": "first read", "shard": "a549_ko__shard_00019.h5ad", "study": "a549_liu_hillsley2026", "cells": 20000}
{"t": 1700.0, "utc": "2026-10-01T05:57:44.251392+00:00", "msg": "first read", "shard": "a549_ko__shard_00020.h5ad", "study": "a549_liu_hillsley2026", "cells": 20000}
{"t": 1707.5, "utc": "2026-10-01T05:57:51.720903+00:00", "msg": "first read", "shard": "a549_ko__shard_00021.h5ad", "study": "a549_liu_hillsley2026", "cells": 20000}
{"t": 1712.7, "utc": "2026-10-01T05:57:56.998343+00:00", "msg": "first read", "shard": "a549_ko__shard_00022.h5ad", "study": "a549_liu_hillsley2026", "cells": 20000}
{"t": 1718.7, "utc": "2026-10-01T05:58:02.974030+00:00", "msg": "first read", "shard": "a549_ko__shard_00023.h5ad", "study": "a549_liu_hillsley2026", "cells": 20000}
{"t": 1727.8, "utc": "2026-10-01T05:58:12.078833+00:00", "msg": "first read", "shard": "a549_ko__shard_00024.h5ad", "study": "a549_liu_hillsley2026", "cells": 20000}
{"t": 1743.1, "utc": "2026-10-01T05:58:27.316975+00:00", "msg": "first read", "shard": "a549_ko__shard_00025.h5ad", "study": "a549_liu_hillsley2026", "cells": 20000}
{"t": 1743.1, "utc": "2026-10-01T05:58:27.317227+00:00", "msg": "first read", "shard": "a549_ko__shard_00026.h5ad", "study": "a549_liu_hillsley2026", "cells": 20000}
{"t": 1748.2, "utc": "2026-10-01T05:58:32.497941+00:00", "msg": "first read", "shard": "a549_ko__shard_00027.h5ad", "study": "a549_liu_hillsley2026", "cells": 20000}
{"t": 1754.5, "utc": "2026-10-01T05:58:38.713139+00:00", "msg": "first read", "shard": "a549_ko__shard_00028.h5ad", "study": "a549_liu_hillsley2026", "cells": 20000}
{"t": 1771.4, "utc": "2026-10-01T05:58:55.675116+00:00", "msg": "first read", "shard": "a549_ko__shard_00029.h5ad", "study": "a549_liu_hillsley2026", "cells": 20000}
{"t": 1771.4, "utc": "2026-10-01T05:58:55.675429+00:00", "msg": "first read", "shard": "a549_ko__shard_00030.h5ad", "study": "a549_liu_hillsley2026", "cells": 6075}
{"t": 1771.4, "utc": "2026-10-01T05:58:55.676248+00:00", "msg": "first read", "shard": "tian2021_crispri__shard_00000.h5ad", "study": "tian2021_crispri", "cells": 20000}
{"t": 1771.4, "utc": "2026-10-01T05:58:55.677446+00:00", "msg": "first read", "shard": "tian2021_crispri__shard_00001.h5ad", "study": "tian2021_crispri", "cells": 12300}
{"t": 1771.4, "utc": "2026-10-01T05:58:55.678727+00:00", "msg": "first read", "shard": "tian2021_crispra__shard_00000.h5ad", "study": "tian2021_crispra", "cells": 20000}
{"t": 1771.4, "utc": "2026-10-01T05:58:55.679304+00:00", "msg": "first read", "shard": "tian2021_crispra__shard_00001.h5ad", "study": "tian2021_crispra", "cells": 1193}
{"t": 1783.3, "utc": "2026-10-01T05:59:07.609766+00:00", "msg": "first read", "shard": "norman2019__shard_00000.h5ad", "study": "norman2019_crispra", "cells": 20000}
{"t": 1787.1, "utc": "2026-10-01T05:59:11.345238+00:00", "msg": "first read", "shard": "norman2019__shard_00001.h5ad", "study": "norman2019_crispra", "cells": 20000}
{"t": 1787.1, "utc": "2026-10-01T05:59:11.349014+00:00", "msg": "first read", "shard": "norman2019__shard_00002.h5ad", "study": "norman2019_crispra", "cells": 20000}
{"t": 1787.1, "utc": "2026-10-01T05:59:11.359699+00:00", "msg": "first read", "shard": "norman2019__shard_00003.h5ad", "study": "norman2019_crispra", "cells": 20000}
{"t": 1796.5, "utc": "2026-10-01T05:59:20.731767+00:00", "msg": "first read", "shard": "norman2019__shard_00004.h5ad", "study": "norman2019_crispra", "cells": 20000}
{"t": 1796.5, "utc": "2026-10-01T05:59:20.734984+00:00", "msg": "first read", "shard": "norman2019__shard_00005.h5ad", "study": "norman2019_crispra", "cells": 11445}
{"t": 1819.9, "utc": "2026-10-01T05:59:44.176877+00:00", "msg": "first read", "shard": "kolf_chromatin__shard_00000.h5ad", "study": "kolf_chromatin_modifiers", "cells": 20000}
{"t": 1820.0, "utc": "2026-10-01T05:59:44.228488+00:00", "msg": "first read", "shard": "kolf_chromatin__shard_00001.h5ad", "study": "kolf_chromatin_modifiers", "cells": 20000}
{"t": 1820.0, "utc": "2026-10-01T05:59:44.231747+00:00", "msg": "first read", "shard": "kolf_chromatin__shard_00002.h5ad", "study": "kolf_chromatin_modifiers", "cells": 4039}
{"t": 1820.0, "utc": "2026-10-01T05:59:44.233754+00:00", "msg": "first read", "shard": "kolf_metabolic__shard_00000.h5ad", "study": "kolf_metabolic_enzymes", "cells": 20000}
{"t": 1820.3, "utc": "2026-10-01T05:59:44.593709+00:00", "msg": "first read", "shard": "kolf_metabolic__shard_00001.h5ad", "study": "kolf_metabolic_enzymes", "cells": 20000}
{"t": 1832.1, "utc": "2026-10-01T05:59:56.408871+00:00", "msg": "first read", "shard": "kolf_metabolic__shard_00002.h5ad", "study": "kolf_metabolic_enzymes", "cells": 20000}
{"t": 1837.9, "utc": "2026-10-01T06:00:02.117795+00:00", "msg": "first read", "shard": "kolf_metabolic__shard_00003.h5ad", "study": "kolf_metabolic_enzymes", "cells": 20000}
{"t": 1837.9, "utc": "2026-10-01T06:00:02.166723+00:00", "msg": "first read", "shard": "kolf_metabolic__shard_00004.h5ad", "study": "kolf_metabolic_enzymes", "cells": 20000}
{"t": 1837.9, "utc": "2026-10-01T06:00:02.194568+00:00", "msg": "first read", "shard": "kolf_metabolic__shard_00005.h5ad", "study": "kolf_metabolic_enzymes", "cells": 17768}
{"t": 1846.0, "utc": "2026-10-01T06:00:10.271041+00:00", "msg": "first read", "shard": "kolf_strong__shard_00000.h5ad", "study": "kolf_strong_perturbations", "cells": 20000}
{"t": 1851.3, "utc": "2026-10-01T06:00:15.544546+00:00", "msg": "first read", "shard": "kolf_strong__shard_00001.h5ad", "study": "kolf_strong_perturbations", "cells": 20000}
{"t": 1852.6, "utc": "2026-10-01T06:00:16.889766+00:00", "msg": "first read", "shard": "kolf_strong__shard_00002.h5ad", "study": "kolf_strong_perturbations", "cells": 20000}
{"t": 1852.6, "utc": "2026-10-01T06:00:16.898445+00:00", "msg": "first read", "shard": "kolf_strong__shard_00003.h5ad", "study": "kolf_strong_perturbations", "cells": 20000}
{"t": 1860.5, "utc": "2026-10-01T06:00:24.765743+00:00", "msg": "first read", "shard": "kolf_strong__shard_00004.h5ad", "study": "kolf_strong_perturbations", "cells": 20000}
{"t": 1865.4, "utc": "2026-10-01T06:00:29.623318+00:00", "msg": "first read", "shard": "kolf_strong__shard_00005.h5ad", "study": "kolf_strong_perturbations", "cells": 20000}
{"t": 1866.1, "utc": "2026-10-01T06:00:30.377311+00:00", "msg": "first read", "shard": "kolf_strong__shard_00006.h5ad", "study": "kolf_strong_perturbations", "cells": 20000}
{"t": 1867.1, "utc": "2026-10-01T06:00:31.407280+00:00", "msg": "first read", "shard": "kolf_strong__shard_00007.h5ad", "study": "kolf_strong_perturbations", "cells": 20000}
{"t": 1874.7, "utc": "2026-10-01T06:00:39.000450+00:00", "msg": "first read", "shard": "kolf_strong__shard_00008.h5ad", "study": "kolf_strong_perturbations", "cells": 20000}
{"t": 1878.5, "utc": "2026-10-01T06:00:42.791793+00:00", "msg": "first read", "shard": "kolf_strong__shard_00009.h5ad", "study": "kolf_strong_perturbations", "cells": 20000}
{"t": 1879.7, "utc": "2026-10-01T06:00:43.985229+00:00", "msg": "first read", "shard": "kolf_strong__shard_00010.h5ad", "study": "kolf_strong_perturbations", "cells": 20000}
{"t": 1879.7, "utc": "2026-10-01T06:00:43.987971+00:00", "msg": "first read", "shard": "kolf_strong__shard_00011.h5ad", "study": "kolf_strong_perturbations", "cells": 12438}
{"t": 1945.4, "utc": "2026-10-01T06:01:49.619918+00:00", "msg": "second read", "shard": "hepg2_nadig__shard_00000.h5ad", "training_cells": 0}
{"t": 1945.6, "utc": "2026-10-01T06:01:49.908395+00:00", "msg": "second read", "shard": "hepg2_nadig__shard_00001.h5ad", "training_cells": 0}
{"t": 1945.7, "utc": "2026-10-01T06:01:49.964417+00:00", "msg": "second read", "shard": "hepg2_nadig__shard_00002.h5ad", "training_cells": 0}
{"t": 1945.8, "utc": "2026-10-01T06:01:50.026465+00:00", "msg": "second read", "shard": "hepg2_nadig__shard_00003.h5ad", "training_cells": 0}
{"t": 1952.8, "utc": "2026-10-01T06:01:57.107223+00:00", "msg": "second read", "shard": "hepg2_nadig__shard_00004.h5ad", "training_cells": 0}
{"t": 1953.7, "utc": "2026-10-01T06:01:57.951025+00:00", "msg": "second read", "shard": "hepg2_nadig__shard_00005.h5ad", "training_cells": 0}
{"t": 1953.8, "utc": "2026-10-01T06:01:58.020826+00:00", "msg": "second read", "shard": "hepg2_nadig__shard_00006.h5ad", "training_cells": 0}
{"t": 1953.8, "utc": "2026-10-01T06:01:58.098930+00:00", "msg": "second read", "shard": "hepg2_nadig__shard_00007.h5ad", "training_cells": 0}
{"t": 1959.9, "utc": "2026-10-01T06:02:04.211653+00:00", "msg": "second read", "shard": "jurkat_nadig__shard_00000.h5ad", "training_cells": 17954}
{"t": 1965.5, "utc": "2026-10-01T06:02:09.803968+00:00", "msg": "second read", "shard": "jurkat_nadig__shard_00001.h5ad", "training_cells": 18018}
{"t": 1966.3, "utc": "2026-10-01T06:02:10.573915+00:00", "msg": "second read", "shard": "jurkat_nadig__shard_00002.h5ad", "training_cells": 18077}
{"t": 1966.4, "utc": "2026-10-01T06:02:10.634548+00:00", "msg": "second read", "shard": "jurkat_nadig__shard_00003.h5ad", "training_cells": 18075}
{"t": 1971.7, "utc": "2026-10-01T06:02:15.991993+00:00", "msg": "second read", "shard": "jurkat_nadig__shard_00004.h5ad", "training_cells": 18068}
{"t": 1976.6, "utc": "2026-10-01T06:02:20.903785+00:00", "msg": "second read", "shard": "jurkat_nadig__shard_00005.h5ad", "training_cells": 17978}
{"t": 1978.2, "utc": "2026-10-01T06:02:22.455919+00:00", "msg": "second read", "shard": "jurkat_nadig__shard_00006.h5ad", "training_cells": 18084}
{"t": 1978.5, "utc": "2026-10-01T06:02:22.795327+00:00", "msg": "second read", "shard": "jurkat_nadig__shard_00007.h5ad", "training_cells": 18066}
{"t": 1983.5, "utc": "2026-10-01T06:02:27.749717+00:00", "msg": "second read", "shard": "jurkat_nadig__shard_00008.h5ad", "training_cells": 18039}
{"t": 1988.3, "utc": "2026-10-01T06:02:32.513319+00:00", "msg": "second read", "shard": "jurkat_nadig__shard_00009.h5ad", "training_cells": 18096}
{"t": 1991.3, "utc": "2026-10-01T06:02:35.542540+00:00", "msg": "second read", "shard": "jurkat_nadig__shard_00010.h5ad", "training_cells": 17993}
{"t": 1991.4, "utc": "2026-10-01T06:02:35.644037+00:00", "msg": "second read", "shard": "jurkat_nadig__shard_00011.h5ad", "training_cells": 18113}
{"t": 2000.1, "utc": "2026-10-01T06:02:44.324210+00:00", "msg": "second read", "shard": "jurkat_nadig__shard_00012.h5ad", "training_cells": 18065}
{"t": 2000.1, "utc": "2026-10-01T06:02:44.405575+00:00", "msg": "second read", "shard": "jurkat_nadig__shard_00013.h5ad", "training_cells": 2675}
{"t": 2002.5, "utc": "2026-10-01T06:02:46.786606+00:00", "msg": "second read", "shard": "h1_train__shard_00000.h5ad", "training_cells": 4631}
{"t": 2002.6, "utc": "2026-10-01T06:02:46.829735+00:00", "msg": "second read", "shard": "h1_train__shard_00001.h5ad", "training_cells": 4647}
{"t": 2003.1, "utc": "2026-10-01T06:02:47.392098+00:00", "msg": "second read", "shard": "h1_train__shard_00002.h5ad", "training_cells": 4614}
{"t": 2024.4, "utc": "2026-10-01T06:03:08.648413+00:00", "msg": "second read", "shard": "h1_train__shard_00003.h5ad", "training_cells": 4615}
{"t": 2026.9, "utc": "2026-10-01T06:03:11.175305+00:00", "msg": "second read", "shard": "h1_train__shard_00004.h5ad", "training_cells": 4627}
{"t": 2027.0, "utc": "2026-10-01T06:03:11.223559+00:00", "msg": "second read", "shard": "h1_train__shard_00005.h5ad", "training_cells": 4620}
{"t": 2027.6, "utc": "2026-10-01T06:03:11.841188+00:00", "msg": "second read", "shard": "h1_train__shard_00006.h5ad", "training_cells": 4635}
{"t": 2033.8, "utc": "2026-10-01T06:03:18.014609+00:00", "msg": "second read", "shard": "h1_train__shard_00007.h5ad", "training_cells": 4630}
{"t": 2036.5, "utc": "2026-10-01T06:03:20.760862+00:00", "msg": "second read", "shard": "h1_train__shard_00008.h5ad", "training_cells": 4581}
{"t": 2036.6, "utc": "2026-10-01T06:03:20.826463+00:00", "msg": "second read", "shard": "h1_train__shard_00009.h5ad", "training_cells": 4600}
{"t": 2037.2, "utc": "2026-10-01T06:03:21.506394+00:00", "msg": "second read", "shard": "h1_train__shard_00010.h5ad", "training_cells": 4599}
{"t": 2042.5, "utc": "2026-10-01T06:03:26.747917+00:00", "msg": "second read", "shard": "h1_train__shard_00011.h5ad", "training_cells": 4618}
{"t": 2046.3, "utc": "2026-10-01T06:03:30.517996+00:00", "msg": "second read", "shard": "h1_train__shard_00012.h5ad", "training_cells": 4626}
{"t": 2046.5, "utc": "2026-10-01T06:03:30.735581+00:00", "msg": "second read", "shard": "h1_train__shard_00013.h5ad", "training_cells": 4620}
{"t": 2048.0, "utc": "2026-10-01T06:03:32.245467+00:00", "msg": "second read", "shard": "h1_train__shard_00014.h5ad", "training_cells": 4629}
{"t": 2051.7, "utc": "2026-10-01T06:03:35.964157+00:00", "msg": "second read", "shard": "h1_train__shard_00015.h5ad", "training_cells": 4603}
{"t": 2057.0, "utc": "2026-10-01T06:03:41.247567+00:00", "msg": "second read", "shard": "h1_train__shard_00016.h5ad", "training_cells": 4639}
{"t": 2057.2, "utc": "2026-10-01T06:03:41.491576+00:00", "msg": "second read", "shard": "h1_train__shard_00017.h5ad", "training_cells": 4596}
{"t": 2058.6, "utc": "2026-10-01T06:03:42.855665+00:00", "msg": "second read", "shard": "h1_train__shard_00018.h5ad", "training_cells": 4609}
{"t": 2061.6, "utc": "2026-10-01T06:03:45.856735+00:00", "msg": "second read", "shard": "h1_train__shard_00019.h5ad", "training_cells": 4605}
{"t": 2067.1, "utc": "2026-10-01T06:03:51.329716+00:00", "msg": "second read", "shard": "h1_train__shard_00020.h5ad", "training_cells": 4639}
{"t": 2067.3, "utc": "2026-10-01T06:03:51.590056+00:00", "msg": "second read", "shard": "h1_train__shard_00021.h5ad", "training_cells": 4622}
{"t": 2067.8, "utc": "2026-10-01T06:03:52.053303+00:00", "msg": "second read", "shard": "h1_train__shard_00022.h5ad", "training_cells": 4629}
{"t": 2071.1, "utc": "2026-10-01T06:03:55.373415+00:00", "msg": "second read", "shard": "h1_train__shard_00023.h5ad", "training_cells": 4573}
{"t": 2077.7, "utc": "2026-10-01T06:04:01.944185+00:00", "msg": "second read", "shard": "h1_train__shard_00024.h5ad", "training_cells": 4613}
{"t": 2077.8, "utc": "2026-10-01T06:04:02.037352+00:00", "msg": "second read", "shard": "h1_train__shard_00025.h5ad", "training_cells": 4608}
{"t": 2078.2, "utc": "2026-10-01T06:04:02.423451+00:00", "msg": "second read", "shard": "h1_train__shard_00026.h5ad", "training_cells": 4604}
{"t": 2081.7, "utc": "2026-10-01T06:04:05.976878+00:00", "msg": "second read", "shard": "h1_train__shard_00027.h5ad", "training_cells": 4614}
{"t": 2088.0, "utc": "2026-10-01T06:04:12.287997+00:00", "msg": "second read", "shard": "h1_train__shard_00028.h5ad", "training_cells": 4621}
{"t": 2088.6, "utc": "2026-10-01T06:04:12.904327+00:00", "msg": "second read", "shard": "h1_train__shard_00029.h5ad", "training_cells": 4609}
{"t": 2088.7, "utc": "2026-10-01T06:04:12.974337+00:00", "msg": "second read", "shard": "h1_train__shard_00030.h5ad", "training_cells": 4629}
{"t": 2092.2, "utc": "2026-10-01T06:04:16.452071+00:00", "msg": "second read", "shard": "h1_train__shard_00031.h5ad", "training_cells": 4620}
{"t": 2099.2, "utc": "2026-10-01T06:04:23.413741+00:00", "msg": "second read", "shard": "h1_train__shard_00032.h5ad", "training_cells": 4577}
{"t": 2100.7, "utc": "2026-10-01T06:04:25.009031+00:00", "msg": "second read", "shard": "h1_train__shard_00033.h5ad", "training_cells": 4583}
{"t": 2100.9, "utc": "2026-10-01T06:04:25.176036+00:00", "msg": "second read", "shard": "h1_train__shard_00034.h5ad", "training_cells": 4635}
{"t": 2103.9, "utc": "2026-10-01T06:04:28.144914+00:00", "msg": "second read", "shard": "h1_train__shard_00035.h5ad", "training_cells": 4599}
{"t": 2110.5, "utc": "2026-10-01T06:04:34.796005+00:00", "msg": "second read", "shard": "h1_train__shard_00036.h5ad", "training_cells": 4651}
{"t": 2112.3, "utc": "2026-10-01T06:04:36.605150+00:00", "msg": "second read", "shard": "h1_train__shard_00037.h5ad", "training_cells": 4638}
{"t": 2112.6, "utc": "2026-10-01T06:04:36.909191+00:00", "msg": "second read", "shard": "h1_train__shard_00038.h5ad", "training_cells": 4620}
{"t": 2116.3, "utc": "2026-10-01T06:04:40.570635+00:00", "msg": "second read", "shard": "h1_train__shard_00039.h5ad", "training_cells": 4622}
{"t": 2121.0, "utc": "2026-10-01T06:04:45.253065+00:00", "msg": "second read", "shard": "h1_train__shard_00040.h5ad", "training_cells": 4590}
{"t": 2123.6, "utc": "2026-10-01T06:04:47.837191+00:00", "msg": "second read", "shard": "h1_train__shard_00041.h5ad", "training_cells": 4603}
{"t": 2123.6, "utc": "2026-10-01T06:04:47.891871+00:00", "msg": "second read", "shard": "h1_train__shard_00042.h5ad", "training_cells": 4617}
{"t": 2127.4, "utc": "2026-10-01T06:04:51.702719+00:00", "msg": "second read", "shard": "h1_train__shard_00043.h5ad", "training_cells": 4582}
{"t": 2127.5, "utc": "2026-10-01T06:04:51.735590+00:00", "msg": "second read", "shard": "h1_train__shard_00044.h5ad", "training_cells": 1189}
{"t": 2132.4, "utc": "2026-10-01T06:04:56.643748+00:00", "msg": "second read", "shard": "h1_val__shard_00000.h5ad", "training_cells": 2732}
{"t": 2132.9, "utc": "2026-10-01T06:04:57.184078+00:00", "msg": "second read", "shard": "h1_val__shard_00001.h5ad", "training_cells": 2702}
{"t": 2133.4, "utc": "2026-10-01T06:04:57.666448+00:00", "msg": "second read", "shard": "h1_val__shard_00002.h5ad", "training_cells": 2708}
{"t": 2136.2, "utc": "2026-10-01T06:05:00.446356+00:00", "msg": "second read", "shard": "h1_val__shard_00003.h5ad", "training_cells": 2734}
{"t": 2141.8, "utc": "2026-10-01T06:05:06.024124+00:00", "msg": "second read", "shard": "h1_val__shard_00004.h5ad", "training_cells": 2715}
{"t": 2142.1, "utc": "2026-10-01T06:05:06.349510+00:00", "msg": "second read", "shard": "h1_val__shard_00005.h5ad", "training_cells": 2643}
{"t": 2142.7, "utc": "2026-10-01T06:05:06.945541+00:00", "msg": "second read", "shard": "h1_val__shard_00006.h5ad", "training_cells": 2736}
{"t": 2145.4, "utc": "2026-10-01T06:05:09.685947+00:00", "msg": "second read", "shard": "h1_val__shard_00007.h5ad", "training_cells": 2687}
{"t": 2151.2, "utc": "2026-10-01T06:05:15.474090+00:00", "msg": "second read", "shard": "h1_val__shard_00008.h5ad", "training_cells": 2735}
{"t": 2152.9, "utc": "2026-10-01T06:05:17.202120+00:00", "msg": "second read", "shard": "h1_val__shard_00009.h5ad", "training_cells": 2640}
{"t": 2153.1, "utc": "2026-10-01T06:05:17.328216+00:00", "msg": "second read", "shard": "h1_val__shard_00010.h5ad", "training_cells": 2751}
{"t": 2155.0, "utc": "2026-10-01T06:05:19.271098+00:00", "msg": "second read", "shard": "h1_val__shard_00011.h5ad", "training_cells": 2718}
{"t": 2160.7, "utc": "2026-10-01T06:05:24.945666+00:00", "msg": "second read", "shard": "h1_val__shard_00012.h5ad", "training_cells": 2757}
{"t": 2162.8, "utc": "2026-10-01T06:05:27.024867+00:00", "msg": "second read", "shard": "h1_val__shard_00013.h5ad", "training_cells": 2713}
{"t": 2163.0, "utc": "2026-10-01T06:05:27.271706+00:00", "msg": "second read", "shard": "h1_val__shard_00014.h5ad", "training_cells": 2696}
{"t": 2164.2, "utc": "2026-10-01T06:05:28.454158+00:00", "msg": "second read", "shard": "h1_val__shard_00015.h5ad", "training_cells": 2746}
{"t": 2169.7, "utc": "2026-10-01T06:05:33.947949+00:00", "msg": "second read", "shard": "h1_val__shard_00016.h5ad", "training_cells": 2694}
{"t": 2172.6, "utc": "2026-10-01T06:05:36.894756+00:00", "msg": "second read", "shard": "h1_val__shard_00017.h5ad", "training_cells": 2733}
{"t": 2173.2, "utc": "2026-10-01T06:05:37.447311+00:00", "msg": "second read", "shard": "h1_val__shard_00018.h5ad", "training_cells": 2723}
{"t": 2173.2, "utc": "2026-10-01T06:05:37.448479+00:00", "msg": "second read", "shard": "h1_val__shard_00019.h5ad", "training_cells": 2134}
{"t": 2193.0, "utc": "2026-10-01T06:05:57.214861+00:00", "msg": "second read", "shard": "hipsci_gw_fitness__shard_00000.h5ad", "training_cells": 0}
{"t": 2197.0, "utc": "2026-10-01T06:06:01.291022+00:00", "msg": "second read", "shard": "hipsci_gw_fitness__shard_00001.h5ad", "training_cells": 0}
{"t": 2197.0, "utc": "2026-10-01T06:06:01.291202+00:00", "msg": "second read", "shard": "hipsci_gw_fitness__shard_00002.h5ad", "training_cells": 0}
{"t": 2197.8, "utc": "2026-10-01T06:06:02.024609+00:00", "msg": "second read", "shard": "hipsci_gw_fitness__shard_00003.h5ad", "training_cells": 0}
{"t": 2211.2, "utc": "2026-10-01T06:06:15.491172+00:00", "msg": "second read", "shard": "hipsci_gw_fitness__shard_00004.h5ad", "training_cells": 0}
{"t": 2215.6, "utc": "2026-10-01T06:06:19.824621+00:00", "msg": "second read", "shard": "hipsci_gw_fitness__shard_00005.h5ad", "training_cells": 0}
{"t": 2216.7, "utc": "2026-10-01T06:06:20.966773+00:00", "msg": "second read", "shard": "hipsci_gw_fitness__shard_00006.h5ad", "training_cells": 0}
{"t": 2218.3, "utc": "2026-10-01T06:06:22.582656+00:00", "msg": "second read", "shard": "hipsci_gw_fitness__shard_00007.h5ad", "training_cells": 0}
{"t": 2231.3, "utc": "2026-10-01T06:06:35.551196+00:00", "msg": "second read", "shard": "hipsci_gw_fitness__shard_00008.h5ad", "training_cells": 0}
{"t": 2236.2, "utc": "2026-10-01T06:06:40.419714+00:00", "msg": "second read", "shard": "hipsci_gw_fitness__shard_00009.h5ad", "training_cells": 0}
{"t": 2237.1, "utc": "2026-10-01T06:06:41.325305+00:00", "msg": "second read", "shard": "hipsci_gw_fitness__shard_00010.h5ad", "training_cells": 0}
{"t": 2240.3, "utc": "2026-10-01T06:06:44.578345+00:00", "msg": "second read", "shard": "hipsci_gw_fitness__shard_00011.h5ad", "training_cells": 0}
{"t": 2253.3, "utc": "2026-10-01T06:06:57.573953+00:00", "msg": "second read", "shard": "hipsci_gw_fitness__shard_00012.h5ad", "training_cells": 0}
{"t": 2258.7, "utc": "2026-10-01T06:07:02.980751+00:00", "msg": "second read", "shard": "hipsci_gw_fitness__shard_00013.h5ad", "training_cells": 0}
{"t": 2261.1, "utc": "2026-10-01T06:07:05.376826+00:00", "msg": "second read", "shard": "hipsci_gw_fitness__shard_00014.h5ad", "training_cells": 0}
{"t": 2261.1, "utc": "2026-10-01T06:07:05.377065+00:00", "msg": "second read", "shard": "hipsci_gw_fitness__shard_00015.h5ad", "training_cells": 0}
{"t": 2261.1, "utc": "2026-10-01T06:07:05.377144+00:00", "msg": "second read", "shard": "hipsci_gw_fitness__shard_00016.h5ad", "training_cells": 0}
{"t": 2275.0, "utc": "2026-10-01T06:07:19.252552+00:00", "msg": "second read", "shard": "hipsci_gw_nonfitness__shard_00000.h5ad", "training_cells": 0}
{"t": 2277.7, "utc": "2026-10-01T06:07:21.978747+00:00", "msg": "second read", "shard": "hipsci_gw_nonfitness__shard_00001.h5ad", "training_cells": 0}
{"t": 2279.1, "utc": "2026-10-01T06:07:23.366393+00:00", "msg": "second read", "shard": "hipsci_gw_nonfitness__shard_00002.h5ad", "training_cells": 0}
{"t": 2279.6, "utc": "2026-10-01T06:07:23.875280+00:00", "msg": "second read", "shard": "hipsci_gw_nonfitness__shard_00003.h5ad", "training_cells": 0}
{"t": 2292.8, "utc": "2026-10-01T06:07:37.101519+00:00", "msg": "second read", "shard": "hipsci_gw_nonfitness__shard_00004.h5ad", "training_cells": 0}
{"t": 2295.5, "utc": "2026-10-01T06:07:39.742167+00:00", "msg": "second read", "shard": "hipsci_gw_nonfitness__shard_00005.h5ad", "training_cells": 0}
{"t": 2301.0, "utc": "2026-10-01T06:07:45.241099+00:00", "msg": "second read", "shard": "hipsci_gw_nonfitness__shard_00006.h5ad", "training_cells": 0}
{"t": 2306.9, "utc": "2026-10-01T06:07:51.160712+00:00", "msg": "second read", "shard": "hipsci_gw_nonfitness__shard_00007.h5ad", "training_cells": 0}
{"t": 2333.1, "utc": "2026-10-01T06:08:17.376527+00:00", "msg": "second read", "shard": "hipsci_gw_nonfitness__shard_00008.h5ad", "training_cells": 0}
{"t": 2334.3, "utc": "2026-10-01T06:08:18.562585+00:00", "msg": "second read", "shard": "hipsci_gw_nonfitness__shard_00009.h5ad", "training_cells": 0}
{"t": 2334.3, "utc": "2026-10-01T06:08:18.562983+00:00", "msg": "second read", "shard": "hipsci_gw_nonfitness__shard_00010.h5ad", "training_cells": 0}
{"t": 2334.3, "utc": "2026-10-01T06:08:18.563182+00:00", "msg": "second read", "shard": "hipsci_gw_nonfitness__shard_00011.h5ad", "training_cells": 0}
{"t": 2349.5, "utc": "2026-10-01T06:08:33.728101+00:00", "msg": "second read", "shard": "hipsci_gw_nonfitness__shard_00012.h5ad", "training_cells": 0}
{"t": 2354.8, "utc": "2026-10-01T06:08:39.063927+00:00", "msg": "second read", "shard": "hipsci_gw_nonfitness__shard_00013.h5ad", "training_cells": 0}
{"t": 2354.8, "utc": "2026-10-01T06:08:39.064256+00:00", "msg": "second read", "shard": "hipsci_gw_nonfitness__shard_00014.h5ad", "training_cells": 0}
{"t": 2355.3, "utc": "2026-10-01T06:08:39.580318+00:00", "msg": "second read", "shard": "hipsci_gw_nonfitness__shard_00015.h5ad", "training_cells": 0}
{"t": 2369.3, "utc": "2026-10-01T06:08:53.536026+00:00", "msg": "second read", "shard": "hipsci_gw_nonfitness__shard_00016.h5ad", "training_cells": 0}
{"t": 2375.5, "utc": "2026-10-01T06:08:59.806116+00:00", "msg": "second read", "shard": "hipsci_gw_nonfitness__shard_00017.h5ad", "training_cells": 0}
{"t": 2376.6, "utc": "2026-10-01T06:09:00.829537+00:00", "msg": "second read", "shard": "hipsci_gw_nonfitness__shard_00018.h5ad", "training_cells": 0}
{"t": 2376.6, "utc": "2026-10-01T06:09:00.829754+00:00", "msg": "second read", "shard": "hipsci_gw_nonfitness__shard_00019.h5ad", "training_cells": 0}
{"t": 2393.5, "utc": "2026-10-01T06:09:17.769028+00:00", "msg": "second read", "shard": "hipsci_targeted_19__shard_00000.h5ad", "training_cells": 10657}
{"t": 2396.1, "utc": "2026-10-01T06:09:20.323952+00:00", "msg": "second read", "shard": "hipsci_targeted_19__shard_00001.h5ad", "training_cells": 10168}
{"t": 2400.0, "utc": "2026-10-01T06:09:24.235822+00:00", "msg": "second read", "shard": "hipsci_targeted_19__shard_00002.h5ad", "training_cells": 10363}
{"t": 2400.1, "utc": "2026-10-01T06:09:24.378958+00:00", "msg": "second read", "shard": "hipsci_targeted_19__shard_00003.h5ad", "training_cells": 9811}
{"t": 2416.3, "utc": "2026-10-01T06:09:40.522216+00:00", "msg": "second read", "shard": "hipsci_targeted_19__shard_00004.h5ad", "training_cells": 9719}
{"t": 2419.9, "utc": "2026-10-01T06:09:44.138137+00:00", "msg": "second read", "shard": "hipsci_targeted_19__shard_00005.h5ad", "training_cells": 10930}
{"t": 2424.7, "utc": "2026-10-01T06:09:48.969840+00:00", "msg": "second read", "shard": "hipsci_targeted_19__shard_00006.h5ad", "training_cells": 10527}
{"t": 2424.7, "utc": "2026-10-01T06:09:48.996988+00:00", "msg": "second read", "shard": "hipsci_targeted_19__shard_00007.h5ad", "training_cells": 10772}
{"t": 2436.8, "utc": "2026-10-01T06:10:01.096560+00:00", "msg": "second read", "shard": "hipsci_targeted_19__shard_00008.h5ad", "training_cells": 10800}
{"t": 2442.2, "utc": "2026-10-01T06:10:06.441364+00:00", "msg": "second read", "shard": "hipsci_targeted_19__shard_00009.h5ad", "training_cells": 11357}
{"t": 2448.2, "utc": "2026-10-01T06:10:12.459724+00:00", "msg": "second read", "shard": "hipsci_targeted_19__shard_00010.h5ad", "training_cells": 10908}
{"t": 2448.5, "utc": "2026-10-01T06:10:12.808398+00:00", "msg": "second read", "shard": "hipsci_targeted_19__shard_00011.h5ad", "training_cells": 10599}
{"t": 2454.7, "utc": "2026-10-01T06:10:18.926544+00:00", "msg": "second read", "shard": "hipsci_targeted_19__shard_00012.h5ad", "training_cells": 11339}
{"t": 2458.4, "utc": "2026-10-01T06:10:22.645022+00:00", "msg": "second read", "shard": "hipsci_targeted_19__shard_00013.h5ad", "training_cells": 11115}
{"t": 2470.5, "utc": "2026-10-01T06:10:34.778587+00:00", "msg": "second read", "shard": "hipsci_targeted_19__shard_00014.h5ad", "training_cells": 11009}
{"t": 2473.8, "utc": "2026-10-01T06:10:38.095103+00:00", "msg": "second read", "shard": "hipsci_targeted_19__shard_00015.h5ad", "training_cells": 10605}
{"t": 2480.1, "utc": "2026-10-01T06:10:44.379692+00:00", "msg": "second read", "shard": "hipsci_targeted_19__shard_00016.h5ad", "training_cells": 10632}
{"t": 2483.6, "utc": "2026-10-01T06:10:47.820309+00:00", "msg": "second read", "shard": "hipsci_targeted_19__shard_00017.h5ad", "training_cells": 11785}
{"t": 2493.7, "utc": "2026-10-01T06:10:57.950787+00:00", "msg": "second read", "shard": "hipsci_targeted_19__shard_00018.h5ad", "training_cells": 10196}
{"t": 2499.0, "utc": "2026-10-01T06:11:03.255925+00:00", "msg": "second read", "shard": "hipsci_targeted_19__shard_00019.h5ad", "training_cells": 10112}
{"t": 2501.9, "utc": "2026-10-01T06:11:06.201813+00:00", "msg": "second read", "shard": "hipsci_targeted_19__shard_00020.h5ad", "training_cells": 10708}
{"t": 2506.9, "utc": "2026-10-01T06:11:11.167553+00:00", "msg": "second read", "shard": "hipsci_targeted_19__shard_00021.h5ad", "training_cells": 9905}
{"t": 2520.0, "utc": "2026-10-01T06:11:24.290316+00:00", "msg": "second read", "shard": "hipsci_targeted_19__shard_00022.h5ad", "training_cells": 10476}
{"t": 2525.5, "utc": "2026-10-01T06:11:29.786313+00:00", "msg": "second read", "shard": "hipsci_targeted_19__shard_00023.h5ad", "training_cells": 10648}
{"t": 2526.8, "utc": "2026-10-01T06:11:31.088410+00:00", "msg": "second read", "shard": "hipsci_targeted_19__shard_00024.h5ad", "training_cells": 11103}
{"t": 2530.7, "utc": "2026-10-01T06:11:34.994882+00:00", "msg": "second read", "shard": "hipsci_targeted_19__shard_00025.h5ad", "training_cells": 9818}
{"t": 2539.7, "utc": "2026-10-01T06:11:44.005540+00:00", "msg": "second read", "shard": "hipsci_targeted_19__shard_00026.h5ad", "training_cells": 9853}
{"t": 2547.0, "utc": "2026-10-01T06:11:51.253634+00:00", "msg": "second read", "shard": "hipsci_targeted_19__shard_00027.h5ad", "training_cells": 9819}
{"t": 2553.7, "utc": "2026-10-01T06:11:57.982271+00:00", "msg": "second read", "shard": "hipsci_targeted_19__shard_00028.h5ad", "training_cells": 10599}
{"t": 2558.5, "utc": "2026-10-01T06:12:02.744015+00:00", "msg": "second read", "shard": "hipsci_targeted_19__shard_00029.h5ad", "training_cells": 9418}
{"t": 2558.5, "utc": "2026-10-01T06:12:02.773092+00:00", "msg": "second read", "shard": "hipsci_targeted_19__shard_00030.h5ad", "training_cells": 8428}
{"t": 2573.5, "utc": "2026-10-01T06:12:17.771000+00:00", "msg": "second read", "shard": "hipsci_targeted_19__shard_00031.h5ad", "training_cells": 8727}
{"t": 2578.9, "utc": "2026-10-01T06:12:23.169975+00:00", "msg": "second read", "shard": "hipsci_targeted_19__shard_00032.h5ad", "training_cells": 8080}
{"t": 2583.1, "utc": "2026-10-01T06:12:27.355974+00:00", "msg": "second read", "shard": "hipsci_targeted_19__shard_00033.h5ad", "training_cells": 8104}
{"t": 2583.1, "utc": "2026-10-01T06:12:27.373981+00:00", "msg": "second read", "shard": "hipsci_targeted_19__shard_00034.h5ad", "training_cells": 8072}
{"t": 2595.2, "utc": "2026-10-01T06:12:39.477015+00:00", "msg": "second read", "shard": "hipsci_targeted_19__shard_00035.h5ad", "training_cells": 7878}
{"t": 2602.0, "utc": "2026-10-01T06:12:46.275632+00:00", "msg": "second read", "shard": "hipsci_targeted_19__shard_00036.h5ad", "training_cells": 7446}
{"t": 2607.8, "utc": "2026-10-01T06:12:52.070084+00:00", "msg": "second read", "shard": "hipsci_targeted_19__shard_00037.h5ad", "training_cells": 7813}
{"t": 2607.8, "utc": "2026-10-01T06:12:52.098182+00:00", "msg": "second read", "shard": "hipsci_targeted_19__shard_00038.h5ad", "training_cells": 8214}
{"t": 2616.8, "utc": "2026-10-01T06:13:01.081257+00:00", "msg": "second read", "shard": "hipsci_targeted_19__shard_00039.h5ad", "training_cells": 9583}
{"t": 2632.6, "utc": "2026-10-01T06:13:16.858665+00:00", "msg": "second read", "shard": "hipsci_targeted_19__shard_00040.h5ad", "training_cells": 9558}
{"t": 2637.7, "utc": "2026-10-01T06:13:21.978339+00:00", "msg": "second read", "shard": "hipsci_targeted_19__shard_00041.h5ad", "training_cells": 8767}
{"t": 2637.8, "utc": "2026-10-01T06:13:22.065530+00:00", "msg": "second read", "shard": "hipsci_targeted_19__shard_00042.h5ad", "training_cells": 9845}
{"t": 2648.7, "utc": "2026-10-01T06:13:32.921414+00:00", "msg": "second read", "shard": "hipsci_targeted_19__shard_00043.h5ad", "training_cells": 8827}
{"t": 2655.3, "utc": "2026-10-01T06:13:39.599483+00:00", "msg": "second read", "shard": "hipsci_targeted_19__shard_00044.h5ad", "training_cells": 9737}
{"t": 2658.8, "utc": "2026-10-01T06:13:43.012008+00:00", "msg": "second read", "shard": "hipsci_targeted_19__shard_00045.h5ad", "training_cells": 7953}
{"t": 2664.8, "utc": "2026-10-01T06:13:49.107887+00:00", "msg": "second read", "shard": "hipsci_targeted_19__shard_00046.h5ad", "training_cells": 8407}
{"t": 2670.1, "utc": "2026-10-01T06:13:54.383254+00:00", "msg": "second read", "shard": "hipsci_targeted_19__shard_00047.h5ad", "training_cells": 8682}
{"t": 2675.6, "utc": "2026-10-01T06:13:59.837007+00:00", "msg": "second read", "shard": "hipsci_targeted_19__shard_00048.h5ad", "training_cells": 8461}
{"t": 2681.1, "utc": "2026-10-01T06:14:05.345900+00:00", "msg": "second read", "shard": "hipsci_targeted_19__shard_00049.h5ad", "training_cells": 9638}
{"t": 2686.9, "utc": "2026-10-01T06:14:11.203532+00:00", "msg": "second read", "shard": "hipsci_targeted_19__shard_00050.h5ad", "training_cells": 8786}
{"t": 2691.9, "utc": "2026-10-01T06:14:16.204620+00:00", "msg": "second read", "shard": "hipsci_targeted_19__shard_00051.h5ad", "training_cells": 8957}
{"t": 2701.2, "utc": "2026-10-01T06:14:25.414116+00:00", "msg": "second read", "shard": "hipsci_targeted_19__shard_00052.h5ad", "training_cells": 10297}
{"t": 2707.5, "utc": "2026-10-01T06:14:31.794181+00:00", "msg": "second read", "shard": "hipsci_targeted_19__shard_00053.h5ad", "training_cells": 9249}
{"t": 2713.3, "utc": "2026-10-01T06:14:37.519935+00:00", "msg": "second read", "shard": "hipsci_targeted_19__shard_00054.h5ad", "training_cells": 10136}
{"t": 2717.7, "utc": "2026-10-01T06:14:41.914652+00:00", "msg": "second read", "shard": "hipsci_targeted_19__shard_00055.h5ad", "training_cells": 9399}
{"t": 2725.8, "utc": "2026-10-01T06:14:50.074211+00:00", "msg": "second read", "shard": "hipsci_targeted_19__shard_00056.h5ad", "training_cells": 9839}
{"t": 2741.0, "utc": "2026-10-01T06:15:05.301147+00:00", "msg": "second read", "shard": "hipsci_targeted_19__shard_00057.h5ad", "training_cells": 10461}
{"t": 2741.1, "utc": "2026-10-01T06:15:05.328720+00:00", "msg": "second read", "shard": "hipsci_targeted_19__shard_00058.h5ad", "training_cells": 1032}
{"t": 2741.1, "utc": "2026-10-01T06:15:05.345817+00:00", "msg": "second read", "shard": "k562_gwps_a__shard_00000.h5ad", "training_cells": 18065}
{"t": 2741.1, "utc": "2026-10-01T06:15:05.379226+00:00", "msg": "second read", "shard": "k562_gwps_a__shard_00001.h5ad", "training_cells": 18018}
{"t": 2744.2, "utc": "2026-10-01T06:15:08.505455+00:00", "msg": "second read", "shard": "k562_gwps_a__shard_00002.h5ad", "training_cells": 18006}
{"t": 2752.6, "utc": "2026-10-01T06:15:16.812756+00:00", "msg": "second read", "shard": "k562_gwps_a__shard_00003.h5ad", "training_cells": 18096}
{"t": 2756.9, "utc": "2026-10-01T06:15:21.188791+00:00", "msg": "second read", "shard": "k562_gwps_a__shard_00004.h5ad", "training_cells": 18065}
{"t": 2761.4, "utc": "2026-10-01T06:15:25.642932+00:00", "msg": "second read", "shard": "k562_gwps_a__shard_00005.h5ad", "training_cells": 18106}
{"t": 2761.5, "utc": "2026-10-01T06:15:25.741726+00:00", "msg": "second read", "shard": "k562_gwps_a__shard_00006.h5ad", "training_cells": 18013}
{"t": 2769.7, "utc": "2026-10-01T06:15:34.003242+00:00", "msg": "second read", "shard": "k562_gwps_a__shard_00007.h5ad", "training_cells": 17968}
{"t": 2774.2, "utc": "2026-10-01T06:15:38.436766+00:00", "msg": "second read", "shard": "k562_gwps_a__shard_00008.h5ad", "training_cells": 18002}
{"t": 2778.1, "utc": "2026-10-01T06:15:42.373046+00:00", "msg": "second read", "shard": "k562_gwps_a__shard_00009.h5ad", "training_cells": 17972}
{"t": 2778.3, "utc": "2026-10-01T06:15:42.607634+00:00", "msg": "second read", "shard": "k562_gwps_a__shard_00010.h5ad", "training_cells": 18083}
{"t": 2786.9, "utc": "2026-10-01T06:15:51.133426+00:00", "msg": "second read", "shard": "k562_gwps_a__shard_00011.h5ad", "training_cells": 18007}
{"t": 2790.8, "utc": "2026-10-01T06:15:55.068614+00:00", "msg": "second read", "shard": "k562_gwps_a__shard_00012.h5ad", "training_cells": 18051}
{"t": 2794.1, "utc": "2026-10-01T06:15:58.374649+00:00", "msg": "second read", "shard": "k562_gwps_a__shard_00013.h5ad", "training_cells": 17939}
{"t": 2795.4, "utc": "2026-10-01T06:15:59.682737+00:00", "msg": "second read", "shard": "k562_gwps_a__shard_00014.h5ad", "training_cells": 18093}
{"t": 2803.3, "utc": "2026-10-01T06:16:07.561899+00:00", "msg": "second read", "shard": "k562_gwps_a__shard_00015.h5ad", "training_cells": 18074}
{"t": 2807.9, "utc": "2026-10-01T06:16:12.132496+00:00", "msg": "second read", "shard": "k562_gwps_a__shard_00016.h5ad", "training_cells": 18008}
{"t": 2811.6, "utc": "2026-10-01T06:16:15.901249+00:00", "msg": "second read", "shard": "k562_gwps_a__shard_00017.h5ad", "training_cells": 18061}
{"t": 2812.5, "utc": "2026-10-01T06:16:16.720905+00:00", "msg": "second read", "shard": "k562_gwps_a__shard_00018.h5ad", "training_cells": 18064}
{"t": 2819.9, "utc": "2026-10-01T06:16:24.208923+00:00", "msg": "second read", "shard": "k562_gwps_a__shard_00019.h5ad", "training_cells": 17995}
{"t": 2824.4, "utc": "2026-10-01T06:16:28.622473+00:00", "msg": "second read", "shard": "k562_gwps_a__shard_00020.h5ad", "training_cells": 18017}
{"t": 2828.0, "utc": "2026-10-01T06:16:32.244255+00:00", "msg": "second read", "shard": "k562_gwps_a__shard_00021.h5ad", "training_cells": 18076}
{"t": 2830.1, "utc": "2026-10-01T06:16:34.353122+00:00", "msg": "second read", "shard": "k562_gwps_a__shard_00022.h5ad", "training_cells": 17982}
{"t": 2836.9, "utc": "2026-10-01T06:16:41.150682+00:00", "msg": "second read", "shard": "k562_gwps_a__shard_00023.h5ad", "training_cells": 17980}
{"t": 2841.2, "utc": "2026-10-01T06:16:45.441856+00:00", "msg": "second read", "shard": "k562_gwps_a__shard_00024.h5ad", "training_cells": 18025}
{"t": 2846.6, "utc": "2026-10-01T06:16:50.857016+00:00", "msg": "second read", "shard": "k562_gwps_a__shard_00025.h5ad", "training_cells": 18043}
{"t": 2846.7, "utc": "2026-10-01T06:16:50.927190+00:00", "msg": "second read", "shard": "k562_gwps_a__shard_00026.h5ad", "training_cells": 18007}
{"t": 2853.0, "utc": "2026-10-01T06:16:57.255193+00:00", "msg": "second read", "shard": "k562_gwps_a__shard_00027.h5ad", "training_cells": 18028}
{"t": 2857.7, "utc": "2026-10-01T06:17:01.922748+00:00", "msg": "second read", "shard": "k562_gwps_a__shard_00028.h5ad", "training_cells": 18033}
{"t": 2863.3, "utc": "2026-10-01T06:17:07.568806+00:00", "msg": "second read", "shard": "k562_gwps_a__shard_00029.h5ad", "training_cells": 18081}
{"t": 2864.6, "utc": "2026-10-01T06:17:08.901906+00:00", "msg": "second read", "shard": "k562_gwps_a__shard_00030.h5ad", "training_cells": 17989}
{"t": 2869.8, "utc": "2026-10-01T06:17:14.091651+00:00", "msg": "second read", "shard": "k562_gwps_a__shard_00031.h5ad", "training_cells": 18016}
{"t": 2874.5, "utc": "2026-10-01T06:17:18.761129+00:00", "msg": "second read", "shard": "k562_gwps_a__shard_00032.h5ad", "training_cells": 17987}
{"t": 2880.4, "utc": "2026-10-01T06:17:24.704287+00:00", "msg": "second read", "shard": "k562_gwps_a__shard_00033.h5ad", "training_cells": 18038}
{"t": 2880.9, "utc": "2026-10-01T06:17:25.157816+00:00", "msg": "second read", "shard": "k562_gwps_a__shard_00034.h5ad", "training_cells": 18013}
{"t": 2886.2, "utc": "2026-10-01T06:17:30.483053+00:00", "msg": "second read", "shard": "k562_gwps_a__shard_00035.h5ad", "training_cells": 18014}
{"t": 2891.2, "utc": "2026-10-01T06:17:35.478703+00:00", "msg": "second read", "shard": "k562_gwps_a__shard_00036.h5ad", "training_cells": 18057}
{"t": 2898.3, "utc": "2026-10-01T06:17:42.574400+00:00", "msg": "second read", "shard": "k562_gwps_a__shard_00037.h5ad", "training_cells": 18041}
{"t": 2898.4, "utc": "2026-10-01T06:17:42.652009+00:00", "msg": "second read", "shard": "k562_gwps_a__shard_00038.h5ad", "training_cells": 18080}
{"t": 2902.6, "utc": "2026-10-01T06:17:46.904574+00:00", "msg": "second read", "shard": "k562_gwps_a__shard_00039.h5ad", "training_cells": 17989}
{"t": 2907.2, "utc": "2026-10-01T06:17:51.432540+00:00", "msg": "second read", "shard": "k562_gwps_a__shard_00040.h5ad", "training_cells": 18007}
{"t": 2916.0, "utc": "2026-10-01T06:18:00.240477+00:00", "msg": "second read", "shard": "k562_gwps_a__shard_00041.h5ad", "training_cells": 17985}
{"t": 2916.0, "utc": "2026-10-01T06:18:00.311115+00:00", "msg": "second read", "shard": "k562_gwps_a__shard_00042.h5ad", "training_cells": 18004}
{"t": 2920.8, "utc": "2026-10-01T06:18:05.023660+00:00", "msg": "second read", "shard": "k562_gwps_a__shard_00043.h5ad", "training_cells": 18067}
{"t": 2923.9, "utc": "2026-10-01T06:18:08.161652+00:00", "msg": "second read", "shard": "k562_gwps_a__shard_00044.h5ad", "training_cells": 18063}
{"t": 2930.7, "utc": "2026-10-01T06:18:14.981518+00:00", "msg": "second read", "shard": "k562_gwps_a__shard_00045.h5ad", "training_cells": 18026}
{"t": 2933.0, "utc": "2026-10-01T06:18:17.235259+00:00", "msg": "second read", "shard": "k562_gwps_a__shard_00046.h5ad", "training_cells": 18072}
{"t": 2937.3, "utc": "2026-10-01T06:18:21.531665+00:00", "msg": "second read", "shard": "k562_gwps_a__shard_00047.h5ad", "training_cells": 18044}
{"t": 2941.1, "utc": "2026-10-01T06:18:25.391393+00:00", "msg": "second read", "shard": "k562_gwps_a__shard_00048.h5ad", "training_cells": 17961}
{"t": 2947.8, "utc": "2026-10-01T06:18:32.098656+00:00", "msg": "second read", "shard": "k562_gwps_a__shard_00049.h5ad", "training_cells": 18010}
{"t": 2950.5, "utc": "2026-10-01T06:18:34.796531+00:00", "msg": "second read", "shard": "k562_gwps_b__shard_00050.h5ad", "training_cells": 18081}
{"t": 2954.7, "utc": "2026-10-01T06:18:38.927613+00:00", "msg": "second read", "shard": "k562_gwps_b__shard_00051.h5ad", "training_cells": 18006}
{"t": 2958.2, "utc": "2026-10-01T06:18:42.434249+00:00", "msg": "second read", "shard": "k562_gwps_b__shard_00052.h5ad", "training_cells": 18051}
{"t": 2964.7, "utc": "2026-10-01T06:18:48.958939+00:00", "msg": "second read", "shard": "k562_gwps_b__shard_00053.h5ad", "training_cells": 18048}
{"t": 2968.8, "utc": "2026-10-01T06:18:53.053630+00:00", "msg": "second read", "shard": "k562_gwps_b__shard_00054.h5ad", "training_cells": 17974}
{"t": 2971.4, "utc": "2026-10-01T06:18:55.677569+00:00", "msg": "second read", "shard": "k562_gwps_b__shard_00055.h5ad", "training_cells": 18039}
{"t": 2974.0, "utc": "2026-10-01T06:18:58.253893+00:00", "msg": "second read", "shard": "k562_gwps_b__shard_00056.h5ad", "training_cells": 18057}
{"t": 2981.4, "utc": "2026-10-01T06:19:05.647281+00:00", "msg": "second read", "shard": "k562_gwps_b__shard_00057.h5ad", "training_cells": 18032}
{"t": 2986.2, "utc": "2026-10-01T06:19:10.437135+00:00", "msg": "second read", "shard": "k562_gwps_b__shard_00058.h5ad", "training_cells": 18029}
{"t": 2989.8, "utc": "2026-10-01T06:19:14.066182+00:00", "msg": "second read", "shard": "k562_gwps_b__shard_00059.h5ad", "training_cells": 18039}
{"t": 2991.4, "utc": "2026-10-01T06:19:15.636602+00:00", "msg": "second read", "shard": "k562_gwps_b__shard_00060.h5ad", "training_cells": 17988}
{"t": 2998.7, "utc": "2026-10-01T06:19:22.951687+00:00", "msg": "second read", "shard": "k562_gwps_b__shard_00061.h5ad", "training_cells": 18080}
{"t": 3003.7, "utc": "2026-10-01T06:19:27.977175+00:00", "msg": "second read", "shard": "k562_gwps_b__shard_00062.h5ad", "training_cells": 18029}
{"t": 3007.5, "utc": "2026-10-01T06:19:31.751183+00:00", "msg": "second read", "shard": "k562_gwps_b__shard_00063.h5ad", "training_cells": 18047}
{"t": 3008.6, "utc": "2026-10-01T06:19:32.816142+00:00", "msg": "second read", "shard": "k562_gwps_b__shard_00064.h5ad", "training_cells": 18014}
{"t": 3014.6, "utc": "2026-10-01T06:19:38.901192+00:00", "msg": "second read", "shard": "k562_gwps_b__shard_00065.h5ad", "training_cells": 18093}
{"t": 3018.5, "utc": "2026-10-01T06:19:42.798676+00:00", "msg": "second read", "shard": "k562_gwps_b__shard_00066.h5ad", "training_cells": 18070}
{"t": 3023.6, "utc": "2026-10-01T06:19:47.857309+00:00", "msg": "second read", "shard": "k562_gwps_b__shard_00067.h5ad", "training_cells": 18054}
{"t": 3024.8, "utc": "2026-10-01T06:19:49.103644+00:00", "msg": "second read", "shard": "k562_gwps_b__shard_00068.h5ad", "training_cells": 18107}
{"t": 3030.6, "utc": "2026-10-01T06:19:54.833638+00:00", "msg": "second read", "shard": "k562_gwps_b__shard_00069.h5ad", "training_cells": 18093}
{"t": 3034.7, "utc": "2026-10-01T06:19:58.916857+00:00", "msg": "second read", "shard": "k562_gwps_b__shard_00070.h5ad", "training_cells": 18075}
{"t": 3040.6, "utc": "2026-10-01T06:20:04.904055+00:00", "msg": "second read", "shard": "k562_gwps_b__shard_00071.h5ad", "training_cells": 17918}
{"t": 3041.8, "utc": "2026-10-01T06:20:06.060330+00:00", "msg": "second read", "shard": "k562_gwps_b__shard_00072.h5ad", "training_cells": 18047}
{"t": 3049.8, "utc": "2026-10-01T06:20:14.073848+00:00", "msg": "second read", "shard": "k562_gwps_b__shard_00073.h5ad", "training_cells": 18054}
{"t": 3054.3, "utc": "2026-10-01T06:20:18.518947+00:00", "msg": "second read", "shard": "k562_gwps_b__shard_00074.h5ad", "training_cells": 17990}
{"t": 3058.9, "utc": "2026-10-01T06:20:23.163128+00:00", "msg": "second read", "shard": "k562_gwps_b__shard_00075.h5ad", "training_cells": 18036}
{"t": 3060.2, "utc": "2026-10-01T06:20:24.430178+00:00", "msg": "second read", "shard": "k562_gwps_b__shard_00076.h5ad", "training_cells": 18053}
{"t": 3065.6, "utc": "2026-10-01T06:20:29.818219+00:00", "msg": "second read", "shard": "k562_gwps_b__shard_00077.h5ad", "training_cells": 18014}
{"t": 3070.8, "utc": "2026-10-01T06:20:35.033151+00:00", "msg": "second read", "shard": "k562_gwps_b__shard_00078.h5ad", "training_cells": 18051}
{"t": 3075.3, "utc": "2026-10-01T06:20:39.560420+00:00", "msg": "second read", "shard": "k562_gwps_b__shard_00079.h5ad", "training_cells": 18038}
{"t": 3076.6, "utc": "2026-10-01T06:20:40.856841+00:00", "msg": "second read", "shard": "k562_gwps_b__shard_00080.h5ad", "training_cells": 17962}
{"t": 3082.4, "utc": "2026-10-01T06:20:46.640144+00:00", "msg": "second read", "shard": "k562_gwps_b__shard_00081.h5ad", "training_cells": 18026}
{"t": 3086.6, "utc": "2026-10-01T06:20:50.900545+00:00", "msg": "second read", "shard": "k562_gwps_b__shard_00082.h5ad", "training_cells": 18108}
{"t": 3090.8, "utc": "2026-10-01T06:20:55.053257+00:00", "msg": "second read", "shard": "k562_gwps_b__shard_00083.h5ad", "training_cells": 18061}
{"t": 3092.5, "utc": "2026-10-01T06:20:56.808968+00:00", "msg": "second read", "shard": "k562_gwps_b__shard_00084.h5ad", "training_cells": 18121}
{"t": 3099.7, "utc": "2026-10-01T06:21:04.008835+00:00", "msg": "second read", "shard": "k562_gwps_b__shard_00085.h5ad", "training_cells": 18072}
{"t": 3104.0, "utc": "2026-10-01T06:21:08.248738+00:00", "msg": "second read", "shard": "k562_gwps_b__shard_00086.h5ad", "training_cells": 18117}
{"t": 3109.9, "utc": "2026-10-01T06:21:14.128653+00:00", "msg": "second read", "shard": "k562_gwps_b__shard_00087.h5ad", "training_cells": 18062}
{"t": 3110.7, "utc": "2026-10-01T06:21:14.924561+00:00", "msg": "second read", "shard": "k562_gwps_b__shard_00088.h5ad", "training_cells": 18028}
{"t": 3117.0, "utc": "2026-10-01T06:21:21.217626+00:00", "msg": "second read", "shard": "k562_gwps_b__shard_00089.h5ad", "training_cells": 17974}
{"t": 3119.9, "utc": "2026-10-01T06:21:24.168025+00:00", "msg": "second read", "shard": "k562_gwps_b__shard_00090.h5ad", "training_cells": 18091}
{"t": 3130.2, "utc": "2026-10-01T06:21:34.462702+00:00", "msg": "second read", "shard": "k562_gwps_b__shard_00091.h5ad", "training_cells": 18123}
{"t": 3130.3, "utc": "2026-10-01T06:21:34.580056+00:00", "msg": "second read", "shard": "k562_gwps_b__shard_00092.h5ad", "training_cells": 18107}
{"t": 3138.9, "utc": "2026-10-01T06:21:43.143330+00:00", "msg": "second read", "shard": "k562_gwps_b__shard_00093.h5ad", "training_cells": 18066}
{"t": 3139.1, "utc": "2026-10-01T06:21:43.406382+00:00", "msg": "second read", "shard": "k562_gwps_b__shard_00094.h5ad", "training_cells": 18046}
{"t": 3148.0, "utc": "2026-10-01T06:21:52.267933+00:00", "msg": "second read", "shard": "k562_gwps_b__shard_00095.h5ad", "training_cells": 18009}
{"t": 3149.2, "utc": "2026-10-01T06:21:53.446260+00:00", "msg": "second read", "shard": "k562_gwps_b__shard_00096.h5ad", "training_cells": 18082}
{"t": 3156.8, "utc": "2026-10-01T06:22:01.092448+00:00", "msg": "second read", "shard": "k562_gwps_b__shard_00097.h5ad", "training_cells": 17927}
{"t": 3157.9, "utc": "2026-10-01T06:22:02.168472+00:00", "msg": "second read", "shard": "k562_gwps_b__shard_00098.h5ad", "training_cells": 18020}
{"t": 3158.1, "utc": "2026-10-01T06:22:02.325717+00:00", "msg": "second read", "shard": "k562_gwps_b__shard_00099.h5ad", "training_cells": 8617}
{"t": 3159.4, "utc": "2026-10-01T06:22:03.629766+00:00", "msg": "second read", "shard": "k562_essential__shard_00000.h5ad", "training_cells": 9000}
{"t": 3165.5, "utc": "2026-10-01T06:22:09.717860+00:00", "msg": "second read", "shard": "k562_essential__shard_00001.h5ad", "training_cells": 9055}
{"t": 3167.2, "utc": "2026-10-01T06:22:11.416043+00:00", "msg": "second read", "shard": "k562_essential__shard_00002.h5ad", "training_cells": 9015}
{"t": 3167.9, "utc": "2026-10-01T06:22:12.203872+00:00", "msg": "second read", "shard": "k562_essential__shard_00003.h5ad", "training_cells": 9069}
{"t": 3169.4, "utc": "2026-10-01T06:22:13.625998+00:00", "msg": "second read", "shard": "k562_essential__shard_00004.h5ad", "training_cells": 9028}
{"t": 3174.6, "utc": "2026-10-01T06:22:18.835080+00:00", "msg": "second read", "shard": "k562_essential__shard_00005.h5ad", "training_cells": 9006}
{"t": 3175.7, "utc": "2026-10-01T06:22:19.913353+00:00", "msg": "second read", "shard": "k562_essential__shard_00006.h5ad", "training_cells": 9016}
{"t": 3176.7, "utc": "2026-10-01T06:22:20.991238+00:00", "msg": "second read", "shard": "k562_essential__shard_00007.h5ad", "training_cells": 9026}
{"t": 3178.1, "utc": "2026-10-01T06:22:22.406175+00:00", "msg": "second read", "shard": "k562_essential__shard_00008.h5ad", "training_cells": 9029}
{"t": 3182.8, "utc": "2026-10-01T06:22:27.029855+00:00", "msg": "second read", "shard": "k562_essential__shard_00009.h5ad", "training_cells": 9049}
{"t": 3184.1, "utc": "2026-10-01T06:22:28.404584+00:00", "msg": "second read", "shard": "k562_essential__shard_00010.h5ad", "training_cells": 9038}
{"t": 3184.6, "utc": "2026-10-01T06:22:28.862487+00:00", "msg": "second read", "shard": "k562_essential__shard_00011.h5ad", "training_cells": 9019}
{"t": 3185.5, "utc": "2026-10-01T06:22:29.756675+00:00", "msg": "second read", "shard": "k562_essential__shard_00012.h5ad", "training_cells": 9066}
{"t": 3191.2, "utc": "2026-10-01T06:22:35.425121+00:00", "msg": "second read", "shard": "k562_essential__shard_00013.h5ad", "training_cells": 9036}
{"t": 3192.0, "utc": "2026-10-01T06:22:36.293556+00:00", "msg": "second read", "shard": "k562_essential__shard_00014.h5ad", "training_cells": 9032}
{"t": 3194.0, "utc": "2026-10-01T06:22:38.281238+00:00", "msg": "second read", "shard": "k562_essential__shard_00015.h5ad", "training_cells": 9013}
{"t": 3194.1, "utc": "2026-10-01T06:22:38.369012+00:00", "msg": "second read", "shard": "k562_essential__shard_00016.h5ad", "training_cells": 9071}
{"t": 3198.1, "utc": "2026-10-01T06:22:42.348090+00:00", "msg": "second read", "shard": "k562_essential__shard_00017.h5ad", "training_cells": 9047}
{"t": 3199.5, "utc": "2026-10-01T06:22:43.777197+00:00", "msg": "second read", "shard": "k562_essential__shard_00018.h5ad", "training_cells": 9018}
{"t": 3200.4, "utc": "2026-10-01T06:22:44.616400+00:00", "msg": "second read", "shard": "k562_essential__shard_00019.h5ad", "training_cells": 9020}
{"t": 3200.6, "utc": "2026-10-01T06:22:44.897807+00:00", "msg": "second read", "shard": "k562_essential__shard_00020.h5ad", "training_cells": 9056}
{"t": 3205.4, "utc": "2026-10-01T06:22:49.676611+00:00", "msg": "second read", "shard": "k562_essential__shard_00021.h5ad", "training_cells": 9056}
{"t": 3207.0, "utc": "2026-10-01T06:22:51.255853+00:00", "msg": "second read", "shard": "k562_essential__shard_00022.h5ad", "training_cells": 9062}
{"t": 3208.9, "utc": "2026-10-01T06:22:53.124957+00:00", "msg": "second read", "shard": "k562_essential__shard_00023.h5ad", "training_cells": 9003}
{"t": 3209.0, "utc": "2026-10-01T06:22:53.225094+00:00", "msg": "second read", "shard": "k562_essential__shard_00024.h5ad", "training_cells": 9051}
{"t": 3212.0, "utc": "2026-10-01T06:22:56.252621+00:00", "msg": "second read", "shard": "k562_essential__shard_00025.h5ad", "training_cells": 9059}
{"t": 3213.6, "utc": "2026-10-01T06:22:57.829607+00:00", "msg": "second read", "shard": "k562_essential__shard_00026.h5ad", "training_cells": 9023}
{"t": 3215.2, "utc": "2026-10-01T06:22:59.466222+00:00", "msg": "second read", "shard": "k562_essential__shard_00027.h5ad", "training_cells": 9036}
{"t": 3216.1, "utc": "2026-10-01T06:23:00.348714+00:00", "msg": "second read", "shard": "k562_essential__shard_00028.h5ad", "training_cells": 9013}
{"t": 3219.5, "utc": "2026-10-01T06:23:03.774870+00:00", "msg": "second read", "shard": "k562_essential__shard_00029.h5ad", "training_cells": 9021}
{"t": 3222.0, "utc": "2026-10-01T06:23:06.216220+00:00", "msg": "second read", "shard": "k562_essential__shard_00030.h5ad", "training_cells": 9063}
{"t": 3222.0, "utc": "2026-10-01T06:23:06.292050+00:00", "msg": "second read", "shard": "k562_essential__shard_00031.h5ad", "training_cells": 350}
{"t": 3222.4, "utc": "2026-10-01T06:23:06.663550+00:00", "msg": "second read", "shard": "rpe1__shard_00000.h5ad", "training_cells": 8998}
{"t": 3223.2, "utc": "2026-10-01T06:23:07.462246+00:00", "msg": "second read", "shard": "rpe1__shard_00001.h5ad", "training_cells": 9018}
{"t": 3227.0, "utc": "2026-10-01T06:23:11.248222+00:00", "msg": "second read", "shard": "rpe1__shard_00002.h5ad", "training_cells": 9055}
{"t": 3230.0, "utc": "2026-10-01T06:23:14.288926+00:00", "msg": "second read", "shard": "rpe1__shard_00003.h5ad", "training_cells": 9035}
{"t": 3231.4, "utc": "2026-10-01T06:23:15.627650+00:00", "msg": "second read", "shard": "rpe1__shard_00004.h5ad", "training_cells": 8996}
{"t": 3232.3, "utc": "2026-10-01T06:23:16.528023+00:00", "msg": "second read", "shard": "rpe1__shard_00005.h5ad", "training_cells": 9078}
{"t": 3236.3, "utc": "2026-10-01T06:23:20.610500+00:00", "msg": "second read", "shard": "rpe1__shard_00006.h5ad", "training_cells": 9009}
{"t": 3239.0, "utc": "2026-10-01T06:23:23.244867+00:00", "msg": "second read", "shard": "rpe1__shard_00007.h5ad", "training_cells": 9030}
{"t": 3241.8, "utc": "2026-10-01T06:23:26.049633+00:00", "msg": "second read", "shard": "rpe1__shard_00008.h5ad", "training_cells": 8964}
{"t": 3241.9, "utc": "2026-10-01T06:23:26.150070+00:00", "msg": "second read", "shard": "rpe1__shard_00009.h5ad", "training_cells": 9032}
{"t": 3252.9, "utc": "2026-10-01T06:23:37.167109+00:00", "msg": "second read", "shard": "rpe1__shard_00010.h5ad", "training_cells": 9004}
{"t": 3282.0, "utc": "2026-10-01T06:24:06.294188+00:00", "msg": "second read", "shard": "rpe1__shard_00011.h5ad", "training_cells": 9081}
{"t": 3284.5, "utc": "2026-10-01T06:24:08.788295+00:00", "msg": "second read", "shard": "rpe1__shard_00012.h5ad", "training_cells": 9059}
{"t": 3284.7, "utc": "2026-10-01T06:24:08.970169+00:00", "msg": "second read", "shard": "rpe1__shard_00013.h5ad", "training_cells": 9035}
{"t": 3284.8, "utc": "2026-10-01T06:24:09.064812+00:00", "msg": "second read", "shard": "rpe1__shard_00014.h5ad", "training_cells": 9026}
{"t": 3296.0, "utc": "2026-10-01T06:24:20.274936+00:00", "msg": "second read", "shard": "rpe1__shard_00015.h5ad", "training_cells": 9026}
{"t": 3298.2, "utc": "2026-10-01T06:24:22.467281+00:00", "msg": "second read", "shard": "rpe1__shard_00016.h5ad", "training_cells": 9011}
{"t": 3299.1, "utc": "2026-10-01T06:24:23.406083+00:00", "msg": "second read", "shard": "rpe1__shard_00017.h5ad", "training_cells": 9050}
{"t": 3299.2, "utc": "2026-10-01T06:24:23.472076+00:00", "msg": "second read", "shard": "rpe1__shard_00018.h5ad", "training_cells": 9028}
{"t": 3310.2, "utc": "2026-10-01T06:24:34.445215+00:00", "msg": "second read", "shard": "rpe1__shard_00019.h5ad", "training_cells": 8988}
{"t": 3313.7, "utc": "2026-10-01T06:24:37.964097+00:00", "msg": "second read", "shard": "rpe1__shard_00020.h5ad", "training_cells": 9036}
{"t": 3314.7, "utc": "2026-10-01T06:24:38.916422+00:00", "msg": "second read", "shard": "rpe1__shard_00021.h5ad", "training_cells": 9059}
{"t": 3314.7, "utc": "2026-10-01T06:24:38.963239+00:00", "msg": "second read", "shard": "rpe1__shard_00022.h5ad", "training_cells": 9014}
{"t": 3322.0, "utc": "2026-10-01T06:24:46.300352+00:00", "msg": "second read", "shard": "rpe1__shard_00023.h5ad", "training_cells": 9021}
{"t": 3323.7, "utc": "2026-10-01T06:24:47.979000+00:00", "msg": "second read", "shard": "rpe1__shard_00024.h5ad", "training_cells": 7108}
{"t": 3377.8, "utc": "2026-10-01T06:25:42.081105+00:00", "msg": "second read", "shard": "a549_ko__shard_00000.h5ad", "training_cells": 18145}
{"t": 3377.9, "utc": "2026-10-01T06:25:42.128345+00:00", "msg": "second read", "shard": "a549_ko__shard_00001.h5ad", "training_cells": 18086}
{"t": 3377.9, "utc": "2026-10-01T06:25:42.184143+00:00", "msg": "second read", "shard": "a549_ko__shard_00002.h5ad", "training_cells": 18231}
{"t": 3378.0, "utc": "2026-10-01T06:25:42.241815+00:00", "msg": "second read", "shard": "a549_ko__shard_00003.h5ad", "training_cells": 18196}
{"t": 3386.7, "utc": "2026-10-01T06:25:50.967122+00:00", "msg": "second read", "shard": "a549_ko__shard_00004.h5ad", "training_cells": 18150}
{"t": 3416.7, "utc": "2026-10-01T06:26:20.932831+00:00", "msg": "second read", "shard": "a549_ko__shard_00005.h5ad", "training_cells": 18135}
{"t": 3416.8, "utc": "2026-10-01T06:26:21.014982+00:00", "msg": "second read", "shard": "a549_ko__shard_00006.h5ad", "training_cells": 18156}
{"t": 3427.5, "utc": "2026-10-01T06:26:31.795520+00:00", "msg": "second read", "shard": "a549_ko__shard_00007.h5ad", "training_cells": 18096}
{"t": 3432.3, "utc": "2026-10-01T06:26:36.609821+00:00", "msg": "second read", "shard": "a549_ko__shard_00008.h5ad", "training_cells": 18102}
{"t": 3447.2, "utc": "2026-10-01T06:26:51.484778+00:00", "msg": "second read", "shard": "a549_ko__shard_00009.h5ad", "training_cells": 18137}
{"t": 3448.8, "utc": "2026-10-01T06:26:53.038160+00:00", "msg": "second read", "shard": "a549_ko__shard_00010.h5ad", "training_cells": 18174}
{"t": 3459.3, "utc": "2026-10-01T06:27:03.589797+00:00", "msg": "second read", "shard": "a549_ko__shard_00011.h5ad", "training_cells": 18197}
{"t": 3470.1, "utc": "2026-10-01T06:27:14.319457+00:00", "msg": "second read", "shard": "a549_ko__shard_00012.h5ad", "training_cells": 18188}
{"t": 3487.6, "utc": "2026-10-01T06:27:31.868643+00:00", "msg": "second read", "shard": "a549_ko__shard_00013.h5ad", "training_cells": 18168}
{"t": 3487.7, "utc": "2026-10-01T06:27:31.938119+00:00", "msg": "second read", "shard": "a549_ko__shard_00014.h5ad", "training_cells": 18177}
{"t": 3498.0, "utc": "2026-10-01T06:27:42.230602+00:00", "msg": "second read", "shard": "a549_ko__shard_00015.h5ad", "training_cells": 18149}
{"t": 3498.0, "utc": "2026-10-01T06:27:42.290437+00:00", "msg": "second read", "shard": "a549_ko__shard_00016.h5ad", "training_cells": 18136}
{"t": 3518.2, "utc": "2026-10-01T06:28:02.475528+00:00", "msg": "second read", "shard": "a549_ko__shard_00017.h5ad", "training_cells": 18099}
{"t": 3518.3, "utc": "2026-10-01T06:28:02.527316+00:00", "msg": "second read", "shard": "a549_ko__shard_00018.h5ad", "training_cells": 18183}
{"t": 3518.3, "utc": "2026-10-01T06:28:02.581329+00:00", "msg": "second read", "shard": "a549_ko__shard_00019.h5ad", "training_cells": 18170}
{"t": 3520.8, "utc": "2026-10-01T06:28:05.078916+00:00", "msg": "second read", "shard": "a549_ko__shard_00020.h5ad", "training_cells": 18132}
{"t": 3533.1, "utc": "2026-10-01T06:28:17.401311+00:00", "msg": "second read", "shard": "a549_ko__shard_00021.h5ad", "training_cells": 18163}
{"t": 3542.5, "utc": "2026-10-01T06:28:26.740100+00:00", "msg": "second read", "shard": "a549_ko__shard_00022.h5ad", "training_cells": 18125}
{"t": 3546.2, "utc": "2026-10-01T06:28:30.446418+00:00", "msg": "second read", "shard": "a549_ko__shard_00023.h5ad", "training_cells": 18186}
{"t": 3549.0, "utc": "2026-10-01T06:28:33.220320+00:00", "msg": "second read", "shard": "a549_ko__shard_00024.h5ad", "training_cells": 18109}
{"t": 3557.6, "utc": "2026-10-01T06:28:41.820462+00:00", "msg": "second read", "shard": "a549_ko__shard_00025.h5ad", "training_cells": 18177}
{"t": 3568.9, "utc": "2026-10-01T06:28:53.131123+00:00", "msg": "second read", "shard": "a549_ko__shard_00026.h5ad", "training_cells": 18198}
{"t": 3575.5, "utc": "2026-10-01T06:28:59.768924+00:00", "msg": "second read", "shard": "a549_ko__shard_00027.h5ad", "training_cells": 18129}
{"t": 3576.0, "utc": "2026-10-01T06:29:00.270866+00:00", "msg": "second read", "shard": "a549_ko__shard_00028.h5ad", "training_cells": 18138}
{"t": 3584.7, "utc": "2026-10-01T06:29:08.941334+00:00", "msg": "second read", "shard": "a549_ko__shard_00029.h5ad", "training_cells": 18081}
{"t": 3584.7, "utc": "2026-10-01T06:29:08.983718+00:00", "msg": "second read", "shard": "a549_ko__shard_00030.h5ad", "training_cells": 5497}
{"t": 3594.3, "utc": "2026-10-01T06:29:18.552085+00:00", "msg": "second read", "shard": "tian2021_crispri__shard_00000.h5ad", "training_cells": 18284}
{"t": 3594.3, "utc": "2026-10-01T06:29:18.557650+00:00", "msg": "second read", "shard": "tian2021_crispri__shard_00001.h5ad", "training_cells": 11224}
{"t": 3594.3, "utc": "2026-10-01T06:29:18.559771+00:00", "msg": "second read", "shard": "tian2021_crispra__shard_00000.h5ad", "training_cells": 18321}
{"t": 3594.3, "utc": "2026-10-01T06:29:18.563199+00:00", "msg": "second read", "shard": "tian2021_crispra__shard_00001.h5ad", "training_cells": 1094}
{"t": 3600.7, "utc": "2026-10-01T06:29:24.913862+00:00", "msg": "second read", "shard": "norman2019__shard_00000.h5ad", "training_cells": 11701}
{"t": 3601.7, "utc": "2026-10-01T06:29:25.962327+00:00", "msg": "second read", "shard": "norman2019__shard_00001.h5ad", "training_cells": 11850}
{"t": 3606.5, "utc": "2026-10-01T06:29:30.749660+00:00", "msg": "second read", "shard": "norman2019__shard_00002.h5ad", "training_cells": 11685}
{"t": 3608.0, "utc": "2026-10-01T06:29:32.300280+00:00", "msg": "second read", "shard": "norman2019__shard_00003.h5ad", "training_cells": 11251}
{"t": 3612.5, "utc": "2026-10-01T06:29:36.791181+00:00", "msg": "second read", "shard": "norman2019__shard_00004.h5ad", "training_cells": 10966}
{"t": 3612.6, "utc": "2026-10-01T06:29:36.861684+00:00", "msg": "second read", "shard": "norman2019__shard_00005.h5ad", "training_cells": 6433}
{"t": 3638.1, "utc": "2026-10-01T06:30:02.386342+00:00", "msg": "second read", "shard": "kolf_chromatin__shard_00000.h5ad", "training_cells": 18499}
{"t": 3639.7, "utc": "2026-10-01T06:30:03.964531+00:00", "msg": "second read", "shard": "kolf_chromatin__shard_00001.h5ad", "training_cells": 18510}
{"t": 3639.8, "utc": "2026-10-01T06:30:04.022842+00:00", "msg": "second read", "shard": "kolf_chromatin__shard_00002.h5ad", "training_cells": 3747}
{"t": 3639.8, "utc": "2026-10-01T06:30:04.025681+00:00", "msg": "second read", "shard": "kolf_metabolic__shard_00000.h5ad", "training_cells": 18469}
{"t": 3639.9, "utc": "2026-10-01T06:30:04.113351+00:00", "msg": "second read", "shard": "kolf_metabolic__shard_00001.h5ad", "training_cells": 18341}
{"t": 3647.2, "utc": "2026-10-01T06:30:11.482915+00:00", "msg": "second read", "shard": "kolf_metabolic__shard_00002.h5ad", "training_cells": 18482}
{"t": 3651.2, "utc": "2026-10-01T06:30:15.503265+00:00", "msg": "second read", "shard": "kolf_metabolic__shard_00003.h5ad", "training_cells": 18404}
{"t": 3655.1, "utc": "2026-10-01T06:30:19.405804+00:00", "msg": "second read", "shard": "kolf_metabolic__shard_00004.h5ad", "training_cells": 18405}
{"t": 3655.6, "utc": "2026-10-01T06:30:19.886870+00:00", "msg": "second read", "shard": "kolf_metabolic__shard_00005.h5ad", "training_cells": 16423}
{"t": 3660.6, "utc": "2026-10-01T06:30:24.867457+00:00", "msg": "second read", "shard": "kolf_strong__shard_00000.h5ad", "training_cells": 18064}
{"t": 3665.4, "utc": "2026-10-01T06:30:29.698716+00:00", "msg": "second read", "shard": "kolf_strong__shard_00001.h5ad", "training_cells": 18082}
{"t": 3669.6, "utc": "2026-10-01T06:30:33.870715+00:00", "msg": "second read", "shard": "kolf_strong__shard_00002.h5ad", "training_cells": 18152}
{"t": 3670.2, "utc": "2026-10-01T06:30:34.476990+00:00", "msg": "second read", "shard": "kolf_strong__shard_00003.h5ad", "training_cells": 18081}
{"t": 3674.7, "utc": "2026-10-01T06:30:38.935766+00:00", "msg": "second read", "shard": "kolf_strong__shard_00004.h5ad", "training_cells": 18001}
{"t": 3679.6, "utc": "2026-10-01T06:30:43.885295+00:00", "msg": "second read", "shard": "kolf_strong__shard_00005.h5ad", "training_cells": 18101}
{"t": 3684.1, "utc": "2026-10-01T06:30:48.331273+00:00", "msg": "second read", "shard": "kolf_strong__shard_00006.h5ad", "training_cells": 18062}
{"t": 3684.5, "utc": "2026-10-01T06:30:48.791393+00:00", "msg": "second read", "shard": "kolf_strong__shard_00007.h5ad", "training_cells": 18061}
{"t": 3689.9, "utc": "2026-10-01T06:30:54.150571+00:00", "msg": "second read", "shard": "kolf_strong__shard_00008.h5ad", "training_cells": 18093}
{"t": 3694.7, "utc": "2026-10-01T06:30:58.920166+00:00", "msg": "second read", "shard": "kolf_strong__shard_00009.h5ad", "training_cells": 18016}
{"t": 3698.6, "utc": "2026-10-01T06:31:02.846208+00:00", "msg": "second read", "shard": "kolf_strong__shard_00010.h5ad", "training_cells": 18337}
{"t": 3698.7, "utc": "2026-10-01T06:31:02.916321+00:00", "msg": "second read", "shard": "kolf_strong__shard_00011.h5ad", "training_cells": 11362}
{"t": 3714.3, "utc": "2026-10-01T06:31:18.567441+00:00", "msg": "prepass done", "state": "prepass.pkl", "sha256": "7859cd77508664c7995d4c88f2cf5161c3eb102a3b7f50636634664070c9d7c7", "bytes": 1214497358, "shards": 402, "cells": 6322833, "admitted_training_cells": 4382321, "evaluation_groups": 1006}
