perturbation,metric,value
TANGO6,de_wilcoxon_lfc_nmae,0.9181980752694422
POP1,de_wilcoxon_lfc_nmae,1.0278889570464673
CUL7,de_wilcoxon_lfc_nmae,1.0149961221684318
MED21,de_wilcoxon_lfc_nmae,1.0530774361165007
MRPL36,de_wilcoxon_lfc_nmae,0.9075661778237285
PSMB5,de_wilcoxon_lfc_nmae,1.0051438401179167
RPL18A,de_wilcoxon_lfc_nmae,1.0754669625191189
HNRNPK,de_wilcoxon_lfc_nmae,0.9503977655602956
RBBP5,de_wilcoxon_lfc_nmae,0.9711767868718879
RBX1,de_wilcoxon_lfc_nmae,1.0963916129634026
ATP5MF,de_wilcoxon_lfc_nmae,0.9865845171819791
POLR2M,de_wilcoxon_lfc_nmae,0.8772753372343703
ISG20L2,de_wilcoxon_lfc_nmae,1.1103020561930395
DESI1,de_wilcoxon_lfc_nmae,0.9152272274007636
CSE1L,de_wilcoxon_lfc_nmae,0.8868267087997928
EXOSC7,de_wilcoxon_lfc_nmae,1.2565230964151013
PSMB2,de_wilcoxon_lfc_nmae,1.0047939637441698
MLLT6,de_wilcoxon_lfc_nmae,0.901232399621367
USP39,de_wilcoxon_lfc_nmae,1.0520309797307965
DCUN1D5,de_wilcoxon_lfc_nmae,1.0413495214611006
DDX5,de_wilcoxon_lfc_nmae,1.0250633585029778
ELL,de_wilcoxon_lfc_nmae,0.9412268374899131
RPL36A,de_wilcoxon_lfc_nmae,1.0960554095040542
NARS,de_wilcoxon_lfc_nmae,0.948636762024547
ZNRD1,de_wilcoxon_lfc_nmae,1.0126654705080658
SLC7A6OS,de_wilcoxon_lfc_nmae,1.0040215509889525
MCMBP,de_wilcoxon_lfc_nmae,0.9850182485638483
DHX16,de_wilcoxon_lfc_nmae,0.9914199162037247
MYBL2,de_wilcoxon_lfc_nmae,0.9983582125239469
FBRSL1,de_wilcoxon_lfc_nmae,1.2291516433408745
DDX21,de_wilcoxon_lfc_nmae,1.0714853290763116
MRPL38,de_wilcoxon_lfc_nmae,0.905869265949361
RARS,de_wilcoxon_lfc_nmae,0.9595798359622579
ORC1,de_wilcoxon_lfc_nmae,1.0245635893913596
TNRC6A,de_wilcoxon_lfc_nmae,0.7879442312410155
HSPE1,de_wilcoxon_lfc_nmae,0.90074397363242
RPS6,de_wilcoxon_lfc_nmae,0.9437285454071711
PRPF6,de_wilcoxon_lfc_nmae,0.9855926148027105
RPA3,de_wilcoxon_lfc_nmae,1.0683739985992216
NUP153,de_wilcoxon_lfc_nmae,0.9663434472862221
MIER1,de_wilcoxon_lfc_nmae,0.7451817863950889
MRPS6,de_wilcoxon_lfc_nmae,1.1023096585726442
EXOSC3,de_wilcoxon_lfc_nmae,1.040804213461233
HHEX,de_wilcoxon_lfc_nmae,0.9897866830513866
DDX27,de_wilcoxon_lfc_nmae,1.0173698818136956
TAF10,de_wilcoxon_lfc_nmae,0.9274957133532307
CENPJ,de_wilcoxon_lfc_nmae,1.0364108849926126
SF3B5,de_wilcoxon_lfc_nmae,1.0021659696607432
FBXL14,de_wilcoxon_lfc_nmae,1.004755708348189
PGAM5,de_wilcoxon_lfc_nmae,0.8631668445676165
PSMD14,de_wilcoxon_lfc_nmae,1.016126875210173
PUF60,de_wilcoxon_lfc_nmae,1.0056703191587886
PPP2R1A,de_wilcoxon_lfc_nmae,1.083152091357338
MBTPS2,de_wilcoxon_lfc_nmae,0.7289593778513578
TSEN2,de_wilcoxon_lfc_nmae,0.7058990747152974
SNRNP48,de_wilcoxon_lfc_nmae,0.9796437740373488
C7orf26,de_wilcoxon_lfc_nmae,0.9331081143201444
TARS2,de_wilcoxon_lfc_nmae,0.7753265078212843
WDR26,de_wilcoxon_lfc_nmae,0.6720630813615014
NUP160,de_wilcoxon_lfc_nmae,1.0032217922800886
E4F1,de_wilcoxon_lfc_nmae,0.992415370030674
SCAF1,de_wilcoxon_lfc_nmae,1.016898524162556
PI4KA,de_wilcoxon_lfc_nmae,0.9433252768984559
ZNF84,de_wilcoxon_lfc_nmae,1.0454511519591712
GPN1,de_wilcoxon_lfc_nmae,0.9986443574911152
ZNF207,de_wilcoxon_lfc_nmae,1.032189940643302
ZCCHC9,de_wilcoxon_lfc_nmae,1.0481328518389061
INTS4,de_wilcoxon_lfc_nmae,0.9314578452782175
BTF3,de_wilcoxon_lfc_nmae,0.9158411301637299
PSMC4,de_wilcoxon_lfc_nmae,1.0199003607085626
NFYC,de_wilcoxon_lfc_nmae,0.9995829542710515
ZMAT2,de_wilcoxon_lfc_nmae,0.965472514292768
TRAPPC5,de_wilcoxon_lfc_nmae,0.998958964058711
RNF31,de_wilcoxon_lfc_nmae,0.8838441755499081
MPHOSPH10,de_wilcoxon_lfc_nmae,1.011926886622582
POLR1D,de_wilcoxon_lfc_nmae,1.0126801732139499
EPRS,de_wilcoxon_lfc_nmae,1.0756558403244394
EIF3B,de_wilcoxon_lfc_nmae,0.9903194481246775
TAF3,de_wilcoxon_lfc_nmae,0.9095689865819895
PXN,de_wilcoxon_lfc_nmae,0.8030424618322736
COPS4,de_wilcoxon_lfc_nmae,1.0728711079988817
MRPL35,de_wilcoxon_lfc_nmae,0.9316605484249049
FAU,de_wilcoxon_lfc_nmae,1.0317904090277692
RBM14-RBM4,de_wilcoxon_lfc_nmae,0.9692194990610983
UBQLN4,de_wilcoxon_lfc_nmae,1.0120032419625289
SYMPK,de_wilcoxon_lfc_nmae,1.009963327552694
PPP1R8,de_wilcoxon_lfc_nmae,0.9903719027899655
POP4,de_wilcoxon_lfc_nmae,1.01472881249523
PCBP1,de_wilcoxon_lfc_nmae,0.9894323532650784
CENPP,de_wilcoxon_lfc_nmae,1.0458714342668176
SDAD1,de_wilcoxon_lfc_nmae,1.0699092584471857
AGBL5,de_wilcoxon_lfc_nmae,1.0091850872948314
MYBBP1A,de_wilcoxon_lfc_nmae,1.0140938069051915
GINS1,de_wilcoxon_lfc_nmae,0.9531757409436425
NOC4L,de_wilcoxon_lfc_nmae,1.0093449610979326
SRP54,de_wilcoxon_lfc_nmae,1.007106540661382
POLR2I,de_wilcoxon_lfc_nmae,0.984657200586098
RPAP1,de_wilcoxon_lfc_nmae,0.9869074826823092
MBTPS1,de_wilcoxon_lfc_nmae,0.8515085510856605
GYG1,de_wilcoxon_lfc_nmae,0.878766802449464
DNAJA3,de_wilcoxon_lfc_nmae,0.6646549313729673
SEH1L,de_wilcoxon_lfc_nmae,1.1233729946135833
OGFOD1,de_wilcoxon_lfc_nmae,0.8137898561788937
CSTF1,de_wilcoxon_lfc_nmae,0.9545029118885594
DNTTIP2,de_wilcoxon_lfc_nmae,1.029550650391266
RPAP3,de_wilcoxon_lfc_nmae,0.8963997137323693
RPAP2,de_wilcoxon_lfc_nmae,0.9584352603115903
SRP14,de_wilcoxon_lfc_nmae,0.8659586361614552
USP37,de_wilcoxon_lfc_nmae,0.8218634277952129
POLR2C,de_wilcoxon_lfc_nmae,1.0220850951142377
BMS1,de_wilcoxon_lfc_nmae,1.040316202755193
CPSF3,de_wilcoxon_lfc_nmae,0.9222735823534887
FNTA,de_wilcoxon_lfc_nmae,1.0093177711884307
UBA52,de_wilcoxon_lfc_nmae,1.054845117190555
ADAM10,de_wilcoxon_lfc_nmae,0.9837363738910698
RCC1,de_wilcoxon_lfc_nmae,1.0847810878823798
TMX2,de_wilcoxon_lfc_nmae,0.9396901311787595
PHF10,de_wilcoxon_lfc_nmae,1.0010576121533994
TAF7,de_wilcoxon_lfc_nmae,1.0341797200615757
ZC3H13,de_wilcoxon_lfc_nmae,0.9296164501393626
BPTF,de_wilcoxon_lfc_nmae,1.0031813739504531
URI1,de_wilcoxon_lfc_nmae,0.989790605230928
RPL35,de_wilcoxon_lfc_nmae,1.0196106819850197
IPO7,de_wilcoxon_lfc_nmae,1.0267180522470678
LSM5,de_wilcoxon_lfc_nmae,0.9640040706845954
TERF2,de_wilcoxon_lfc_nmae,1.0687400784049803
RFC2,de_wilcoxon_lfc_nmae,0.9579084205905012
CSTF3,de_wilcoxon_lfc_nmae,0.9623993494636954
UTP15,de_wilcoxon_lfc_nmae,1.0235712911055745
SART1,de_wilcoxon_lfc_nmae,0.9933197162170966
INTS9,de_wilcoxon_lfc_nmae,0.9366373141845754
HARS,de_wilcoxon_lfc_nmae,0.9575027182942093
NVL,de_wilcoxon_lfc_nmae,1.001580233885895
GINS2,de_wilcoxon_lfc_nmae,1.0926702135202082
SCFD1,de_wilcoxon_lfc_nmae,1.3174505117522275
AKIRIN2,de_wilcoxon_lfc_nmae,1.0517140832518297
FAM136A,de_wilcoxon_lfc_nmae,0.9932438967680045
RPS20,de_wilcoxon_lfc_nmae,1.0375309394786507
POLR2K,de_wilcoxon_lfc_nmae,0.9980890490807814
CHMP6,de_wilcoxon_lfc_nmae,0.8943749112476905
INTS3,de_wilcoxon_lfc_nmae,0.9338461621716547
TPR,de_wilcoxon_lfc_nmae,0.9999833859493507
PPP6C,de_wilcoxon_lfc_nmae,1.0353083807256251
WDR43,de_wilcoxon_lfc_nmae,1.0601119977187365
RNMT,de_wilcoxon_lfc_nmae,0.8542525936282865
COPS2,de_wilcoxon_lfc_nmae,1.0038875563205383
RSL1D1,de_wilcoxon_lfc_nmae,1.0623186098705286
UTP20,de_wilcoxon_lfc_nmae,1.0450960530352433
SRP72,de_wilcoxon_lfc_nmae,0.8869846342314334
YTHDC1,de_wilcoxon_lfc_nmae,1.109868132220566
MDN1,de_wilcoxon_lfc_nmae,1.0519600880523425
RPL4,de_wilcoxon_lfc_nmae,1.0074597042286009
RPS27A,de_wilcoxon_lfc_nmae,0.9661274917307874
CDC6,de_wilcoxon_lfc_nmae,1.0514146487957419
MTBP,de_wilcoxon_lfc_nmae,1.0417944319688808
DHX37,de_wilcoxon_lfc_nmae,1.0432035192504814
RRP7A,de_wilcoxon_lfc_nmae,1.04452518375675
RPS24,de_wilcoxon_lfc_nmae,1.0212861731892762
PSMG3,de_wilcoxon_lfc_nmae,0.8722898666151976
RPP30,de_wilcoxon_lfc_nmae,1.0026935135437545
TAF5,de_wilcoxon_lfc_nmae,0.9317741047089769
UHRF1,de_wilcoxon_lfc_nmae,0.9915714998503027
VARS,de_wilcoxon_lfc_nmae,0.9591200708266922
ATP11B,de_wilcoxon_lfc_nmae,1.252767137684435
SETD1A,de_wilcoxon_lfc_nmae,1.004723501037213
EIF4B,de_wilcoxon_lfc_nmae,0.9257101530542885
CPSF1,de_wilcoxon_lfc_nmae,0.9575618571150519
SYNGR3,de_wilcoxon_lfc_nmae,0.9601521607784307
NUP88,de_wilcoxon_lfc_nmae,0.9061217072482649
SLU7,de_wilcoxon_lfc_nmae,1.0291381092575342
RABGGTB,de_wilcoxon_lfc_nmae,0.9945602739172096
CSNK2B,de_wilcoxon_lfc_nmae,0.9892651299985734
SNRPC,de_wilcoxon_lfc_nmae,0.9501410704343302
MEIS3,de_wilcoxon_lfc_nmae,0.9084492331243131
LTV1,de_wilcoxon_lfc_nmae,1.0250286240959439
ACIN1,de_wilcoxon_direction_fidelity_yield_raw,0.5454545454545454
ACTR2,de_wilcoxon_direction_fidelity_yield_raw,0.42857142857142855
ACTR6,de_wilcoxon_direction_fidelity_yield_raw,0.4
ADAM10,de_wilcoxon_direction_fidelity_yield_raw,0.40784313725490196
AGBL5,de_wilcoxon_direction_fidelity_yield_raw,0.15
AKIRIN2,de_wilcoxon_direction_fidelity_yield_raw,0.23529411764705882
ANAPC13,de_wilcoxon_direction_fidelity_yield_raw,0.5
ATP11B,de_wilcoxon_direction_fidelity_yield_raw,0.06451612903225806
ATP2A2,de_wilcoxon_direction_fidelity_yield_raw,0.3333333333333333
ATP5MF,de_wilcoxon_direction_fidelity_yield_raw,0.04060913705583756
AURKAIP1,de_wilcoxon_direction_fidelity_yield_raw,0.2857142857142857
BARD1,de_wilcoxon_direction_fidelity_yield_raw,0.5
BCAR1,de_wilcoxon_direction_fidelity_yield_raw,0.373134328358209
BMS1,de_wilcoxon_direction_fidelity_yield_raw,0.09657320872274143
BORA,de_wilcoxon_direction_fidelity_yield_raw,0.35294117647058826
BPTF,de_wilcoxon_direction_fidelity_yield_raw,0.23355263157894737
BRD2,de_wilcoxon_direction_fidelity_yield_raw,0.4444444444444444
BTF3,de_wilcoxon_direction_fidelity_yield_raw,0.5781818181818181
C16orf86,de_wilcoxon_direction_fidelity_yield_raw,0.8
C6orf15,de_wilcoxon_direction_fidelity_yield_raw,0.4
C7orf26,de_wilcoxon_direction_fidelity_yield_raw,0.3484848484848485
CA5A,de_wilcoxon_direction_fidelity_yield_raw,0.625
CABIN1,de_wilcoxon_direction_fidelity_yield_raw,0.6
CACNB3,de_wilcoxon_direction_fidelity_yield_raw,0.375
CADM4,de_wilcoxon_direction_fidelity_yield_raw,0.4
CBLN1,de_wilcoxon_direction_fidelity_yield_raw,0.375
CBX1,de_wilcoxon_direction_fidelity_yield_raw,0.4444444444444444
CCDC130,de_wilcoxon_direction_fidelity_yield_raw,0.31746031746031744
CCNK,de_wilcoxon_direction_fidelity_yield_raw,0.48
CDC20,de_wilcoxon_direction_fidelity_yield_raw,0.18181818181818182
CDC6,de_wilcoxon_direction_fidelity_yield_raw,0.023166023166023165
CDCA5,de_wilcoxon_direction_fidelity_yield_raw,0.53125
CENPJ,de_wilcoxon_direction_fidelity_yield_raw,0.03347280334728033
CENPK,de_wilcoxon_direction_fidelity_yield_raw,0.4727272727272727
CENPP,de_wilcoxon_direction_fidelity_yield_raw,0.03278688524590164
CEP85,de_wilcoxon_direction_fidelity_yield_raw,0.6666666666666666
CFDP1,de_wilcoxon_direction_fidelity_yield_raw,1.0
CHMP6,de_wilcoxon_direction_fidelity_yield_raw,0.2466091245376079
CHTF18,de_wilcoxon_direction_fidelity_yield_raw,0.42105263157894735
CKAP5,de_wilcoxon_direction_fidelity_yield_raw,0.2857142857142857
COG6,de_wilcoxon_direction_fidelity_yield_raw,0.3333333333333333
COPS2,de_wilcoxon_direction_fidelity_yield_raw,0.08695652173913043
COPS4,de_wilcoxon_direction_fidelity_yield_raw,0.1386861313868613
CPSF1,de_wilcoxon_direction_fidelity_yield_raw,0.07462686567164178
CPSF3,de_wilcoxon_direction_fidelity_yield_raw,0.12618025751072962
CSE1L,de_wilcoxon_direction_fidelity_yield_raw,0.22209402942024806
CSH2,de_wilcoxon_direction_fidelity_yield_raw,0.35714285714285715
CSNK2B,de_wilcoxon_direction_fidelity_yield_raw,0.09883720930232558
CSTF1,de_wilcoxon_direction_fidelity_yield_raw,0.1656534954407295
CSTF3,de_wilcoxon_direction_fidelity_yield_raw,0.028037383177570093
CTU2,de_wilcoxon_direction_fidelity_yield_raw,0.3
CUL7,de_wilcoxon_direction_fidelity_yield_raw,0.007204610951008645
CYS1,de_wilcoxon_direction_fidelity_yield_raw,1.0
DAP3,de_wilcoxon_direction_fidelity_yield_raw,0.5
DCTN1,de_wilcoxon_direction_fidelity_yield_raw,0.5
DCUN1D5,de_wilcoxon_direction_fidelity_yield_raw,0.01276595744680851
DDX19B,de_wilcoxon_direction_fidelity_yield_raw,0.6078431372549019
DDX21,de_wilcoxon_direction_fidelity_yield_raw,0.025583982202447165
DDX27,de_wilcoxon_direction_fidelity_yield_raw,0.0679886685552408
DDX5,de_wilcoxon_direction_fidelity_yield_raw,0.1320754716981132
DENR,de_wilcoxon_direction_fidelity_yield_raw,0.2222222222222222
DESI1,de_wilcoxon_direction_fidelity_yield_raw,0.6363636363636364
DHX16,de_wilcoxon_direction_fidelity_yield_raw,0.005956813104988831
DHX37,de_wilcoxon_direction_fidelity_yield_raw,0.5063291139240507
DNAJA1,de_wilcoxon_direction_fidelity_yield_raw,0.5
DNAJA3,de_wilcoxon_direction_fidelity_yield_raw,0.6923076923076923
DNTTIP2,de_wilcoxon_direction_fidelity_yield_raw,0.043782837127845885
DYNC1I2,de_wilcoxon_direction_fidelity_yield_raw,0.45454545454545453
DYNLL2,de_wilcoxon_direction_fidelity_yield_raw,0.6521739130434783
E4F1,de_wilcoxon_direction_fidelity_yield_raw,0.07534246575342465
EEF2,de_wilcoxon_direction_fidelity_yield_raw,0.4117647058823529
EFR3A,de_wilcoxon_direction_fidelity_yield_raw,0.6274509803921569
EIF3B,de_wilcoxon_direction_fidelity_yield_raw,0.022074387662534018
EIF4B,de_wilcoxon_direction_fidelity_yield_raw,0.47126436781609193
EIF4H,de_wilcoxon_direction_fidelity_yield_raw,0.4444444444444444
ELL,de_wilcoxon_direction_fidelity_yield_raw,0.4294117647058823
ELOVL1,de_wilcoxon_direction_fidelity_yield_raw,0.42857142857142855
EPRS,de_wilcoxon_direction_fidelity_yield_raw,0.009868421052631578
EXOC5,de_wilcoxon_direction_fidelity_yield_raw,0.7
EXOSC3,de_wilcoxon_direction_fidelity_yield_raw,0.11070998796630566
EXOSC7,de_wilcoxon_direction_fidelity_yield_raw,0.06521739130434782
FAM136A,de_wilcoxon_direction_fidelity_yield_raw,0.5543071161048689
FAU,de_wilcoxon_direction_fidelity_yield_raw,0.00684931506849315
FBRSL1,de_wilcoxon_direction_fidelity_yield_raw,0.06435643564356436
FBXL14,de_wilcoxon_direction_fidelity_yield_raw,0.1218274111675127
FNTA,de_wilcoxon_direction_fidelity_yield_raw,0.08641975308641975
FOXS1,de_wilcoxon_direction_fidelity_yield_raw,0.30434782608695654
GCLC,de_wilcoxon_direction_fidelity_yield_raw,0.4583333333333333
GINS1,de_wilcoxon_direction_fidelity_yield_raw,0.3074792243767313
GINS2,de_wilcoxon_direction_fidelity_yield_raw,0.45614035087719296
GPN1,de_wilcoxon_direction_fidelity_yield_raw,0.008830022075055188
GTF2H4,de_wilcoxon_direction_fidelity_yield_raw,0.4117647058823529
GTF3C1,de_wilcoxon_direction_fidelity_yield_raw,0.4
GTF3C6,de_wilcoxon_direction_fidelity_yield_raw,0.2222222222222222
GYG1,de_wilcoxon_direction_fidelity_yield_raw,0.1111111111111111
HARS,de_wilcoxon_direction_fidelity_yield_raw,0.0897571277719113
HAUS8,de_wilcoxon_direction_fidelity_yield_raw,0.16666666666666666
HHEX,de_wilcoxon_direction_fidelity_yield_raw,0.55
HJURP,de_wilcoxon_direction_fidelity_yield_raw,0.5666666666666667
HMBOX1,de_wilcoxon_direction_fidelity_yield_raw,0.47619047619047616
HNRNPA1,de_wilcoxon_direction_fidelity_yield_raw,0.5833333333333334
HNRNPK,de_wilcoxon_direction_fidelity_yield_raw,0.0472972972972973
HOXA3,de_wilcoxon_direction_fidelity_yield_raw,0.5384615384615384
HSPE1,de_wilcoxon_direction_fidelity_yield_raw,0.5880281690140845
INTS1,de_wilcoxon_direction_fidelity_yield_raw,0.5
INTS3,de_wilcoxon_direction_fidelity_yield_raw,0.2692307692307692
INTS4,de_wilcoxon_direction_fidelity_yield_raw,0.07321428571428572
INTS9,de_wilcoxon_direction_fidelity_yield_raw,0.09724770642201835
IPO7,de_wilcoxon_direction_fidelity_yield_raw,0.37037037037037035
ISCU,de_wilcoxon_direction_fidelity_yield_raw,0.5
ISG20L2,de_wilcoxon_direction_fidelity_yield_raw,0.043043043043043044
JMJD6,de_wilcoxon_direction_fidelity_yield_raw,0.7142857142857143
KIF11,de_wilcoxon_direction_fidelity_yield_raw,0.4666666666666667
LRR1,de_wilcoxon_direction_fidelity_yield_raw,0.35294117647058826
LRRC37A3,de_wilcoxon_direction_fidelity_yield_raw,0.625
LSM5,de_wilcoxon_direction_fidelity_yield_raw,0.03343023255813953
LST1,de_wilcoxon_direction_fidelity_yield_raw,0.6
LTBP3,de_wilcoxon_direction_fidelity_yield_raw,0.7222222222222222
LTV1,de_wilcoxon_direction_fidelity_yield_raw,0.02046783625730994
MBTPS1,de_wilcoxon_direction_fidelity_yield_raw,0.3194444444444444
MBTPS2,de_wilcoxon_direction_fidelity_yield_raw,0.45588235294117646
MCM3AP,de_wilcoxon_direction_fidelity_yield_raw,0.6
MCMBP,de_wilcoxon_direction_fidelity_yield_raw,0.12927756653992395
MDN1,de_wilcoxon_direction_fidelity_yield_raw,0.044186046511627906
MED21,de_wilcoxon_direction_fidelity_yield_raw,0.2519230769230769
MEIS3,de_wilcoxon_direction_fidelity_yield_raw,0.1076923076923077
MFN2,de_wilcoxon_direction_fidelity_yield_raw,0.47619047619047616
MIER1,de_wilcoxon_direction_fidelity_yield_raw,0.5454545454545454
MKRN1,de_wilcoxon_direction_fidelity_yield_raw,0.375
MLLT6,de_wilcoxon_direction_fidelity_yield_raw,0.2
MPHOSPH10,de_wilcoxon_direction_fidelity_yield_raw,0.06367041198501873
MRPL35,de_wilcoxon_direction_fidelity_yield_raw,0.1420678768745067
MRPL36,de_wilcoxon_direction_fidelity_yield_raw,0.12599681020733652
MRPL38,de_wilcoxon_direction_fidelity_yield_raw,0.7
MRPS17,de_wilcoxon_direction_fidelity_yield_raw,0.4
MRPS6,de_wilcoxon_direction_fidelity_yield_raw,0.46153846153846156
MTBP,de_wilcoxon_direction_fidelity_yield_raw,0.03733602421796166
MVK,de_wilcoxon_direction_fidelity_yield_raw,0.5178571428571429
MYBBP1A,de_wilcoxon_direction_fidelity_yield_raw,0.055445544554455446
MYBL2,de_wilcoxon_direction_fidelity_yield_raw,0.21052631578947367
NAA35,de_wilcoxon_direction_fidelity_yield_raw,0.16666666666666666
NAA50,de_wilcoxon_direction_fidelity_yield_raw,0.75
NAGLU,de_wilcoxon_direction_fidelity_yield_raw,0.3181818181818182
NARS,de_wilcoxon_direction_fidelity_yield_raw,0.10888888888888888
NBEAL1,de_wilcoxon_direction_fidelity_yield_raw,0.2857142857142857
NCAPD2,de_wilcoxon_direction_fidelity_yield_raw,0.375
NFRKB,de_wilcoxon_direction_fidelity_yield_raw,0.47058823529411764
NFYB,de_wilcoxon_direction_fidelity_yield_raw,0.5294117647058824
NFYC,de_wilcoxon_direction_fidelity_yield_raw,0.1527001862197393
NOC4L,de_wilcoxon_direction_fidelity_yield_raw,0.10687022900763359
NOMO1,de_wilcoxon_direction_fidelity_yield_raw,0.5
NRBP1,de_wilcoxon_direction_fidelity_yield_raw,0.5238095238095238
NUP153,de_wilcoxon_direction_fidelity_yield_raw,0.2077922077922078
NUP160,de_wilcoxon_direction_fidelity_yield_raw,0.0121580547112462
NUP35,de_wilcoxon_direction_fidelity_yield_raw,0.6111111111111112
NUP88,de_wilcoxon_direction_fidelity_yield_raw,0.5887323943661972
NVL,de_wilcoxon_direction_fidelity_yield_raw,0.04021937842778794
OGFOD1,de_wilcoxon_direction_fidelity_yield_raw,0.7777777777777778
OLFML3,de_wilcoxon_direction_fidelity_yield_raw,0.8181818181818182
OR1E2,de_wilcoxon_direction_fidelity_yield_raw,0.7142857142857143
ORC1,de_wilcoxon_direction_fidelity_yield_raw,0.06818181818181818
ORC5,de_wilcoxon_direction_fidelity_yield_raw,0.4
PARS2,de_wilcoxon_direction_fidelity_yield_raw,0.5
PC,de_wilcoxon_direction_fidelity_yield_raw,0.5555555555555556
PCBP1,de_wilcoxon_direction_fidelity_yield_raw,0.06909090909090909
PDCD6IP,de_wilcoxon_direction_fidelity_yield_raw,0.75
PEX19,de_wilcoxon_direction_fidelity_yield_raw,0.42857142857142855
PGAM5,de_wilcoxon_direction_fidelity_yield_raw,0.7272727272727273
PGK1,de_wilcoxon_direction_fidelity_yield_raw,0.6470588235294118
PHF10,de_wilcoxon_direction_fidelity_yield_raw,0.034666666666666665
PI4KA,de_wilcoxon_direction_fidelity_yield_raw,0.5747126436781609
POLR1D,de_wilcoxon_direction_fidelity_yield_raw,0.007556675062972292
POLR2C,de_wilcoxon_direction_fidelity_yield_raw,0.008382229673093043
POLR2I,de_wilcoxon_direction_fidelity_yield_raw,0.0071877807726864335
POLR2K,de_wilcoxon_direction_fidelity_yield_raw,0.06902356902356903
POLR2M,de_wilcoxon_direction_fidelity_yield_raw,0.2222222222222222
POLR3E,de_wilcoxon_direction_fidelity_yield_raw,0.25
POP1,de_wilcoxon_direction_fidelity_yield_raw,0.03723404255319149
POP4,de_wilcoxon_direction_fidelity_yield_raw,0.027233115468409588
PPP1R8,de_wilcoxon_direction_fidelity_yield_raw,0.25
PPP2R1A,de_wilcoxon_direction_fidelity_yield_raw,0.49295774647887325
PPP6C,de_wilcoxon_direction_fidelity_yield_raw,0.13509749303621169
PRODH,de_wilcoxon_direction_fidelity_yield_raw,0.45454545454545453
PRPF6,de_wilcoxon_direction_fidelity_yield_raw,0.027946537059538274
PRSS50,de_wilcoxon_direction_fidelity_yield_raw,0.6666666666666666
PSMB2,de_wilcoxon_direction_fidelity_yield_raw,0.0028011204481792717
PSMB5,de_wilcoxon_direction_fidelity_yield_raw,0.0037101162503091764
PSMC4,de_wilcoxon_direction_fidelity_yield_raw,0.003896103896103896
PSMD14,de_wilcoxon_direction_fidelity_yield_raw,0.013646288209606987
PSMG3,de_wilcoxon_direction_fidelity_yield_raw,0.5483870967741935
PTPN1,de_wilcoxon_direction_fidelity_yield_raw,0.5433070866141733
PUF60,de_wilcoxon_direction_fidelity_yield_raw,0.10365853658536585
PXN,de_wilcoxon_direction_fidelity_yield_raw,0.6153846153846154
RAB4A,de_wilcoxon_direction_fidelity_yield_raw,0.2727272727272727
RABGGTB,de_wilcoxon_direction_fidelity_yield_raw,0.09973753280839895
RARS,de_wilcoxon_direction_fidelity_yield_raw,0.0949367088607595
RBBP5,de_wilcoxon_direction_fidelity_yield_raw,0.10087719298245613
RBM14-RBM4,de_wilcoxon_direction_fidelity_yield_raw,0.47988505747126436
RBM48,de_wilcoxon_direction_fidelity_yield_raw,0.42105263157894735
RBX1,de_wilcoxon_direction_fidelity_yield_raw,0.21739130434782608
RCC1,de_wilcoxon_direction_fidelity_yield_raw,0.46774193548387094
RFC2,de_wilcoxon_direction_fidelity_yield_raw,0.19540229885057472
RHPN1,de_wilcoxon_direction_fidelity_yield_raw,0.75
RNASEH2C,de_wilcoxon_direction_fidelity_yield_raw,0.46808510638297873
RNF123,de_wilcoxon_direction_fidelity_yield_raw,0.4
RNF31,de_wilcoxon_direction_fidelity_yield_raw,0.5161290322580645
RNMT,de_wilcoxon_direction_fidelity_yield_raw,0.2976190476190476
RNPS1,de_wilcoxon_direction_fidelity_yield_raw,0.75
RPA3,de_wilcoxon_direction_fidelity_yield_raw,0.01901469317199654
RPAP1,de_wilcoxon_direction_fidelity_yield_raw,0.005021520803443328
RPAP2,de_wilcoxon_direction_fidelity_yield_raw,0.009922822491730982
RPAP3,de_wilcoxon_direction_fidelity_yield_raw,0.694300518134715
RPL18A,de_wilcoxon_direction_fidelity_yield_raw,0.03150525087514586
RPL35,de_wilcoxon_direction_fidelity_yield_raw,0.012098298676748583
RPL36A,de_wilcoxon_direction_fidelity_yield_raw,0.07058823529411765
RPL4,de_wilcoxon_direction_fidelity_yield_raw,0.026385224274406333
RPL41,de_wilcoxon_direction_fidelity_yield_raw,0.42105263157894735
RPP30,de_wilcoxon_direction_fidelity_yield_raw,0.2045929018789144
RPS20,de_wilcoxon_direction_fidelity_yield_raw,0.0033370411568409346
RPS24,de_wilcoxon_direction_fidelity_yield_raw,0.08534743202416918
RPS27A,de_wilcoxon_direction_fidelity_yield_raw,0.17670364500792393
RPS6,de_wilcoxon_direction_fidelity_yield_raw,0.247428262046562
RRP7A,de_wilcoxon_direction_fidelity_yield_raw,0.13671875
RSL1D1,de_wilcoxon_direction_fidelity_yield_raw,0.08888888888888889
SART1,de_wilcoxon_direction_fidelity_yield_raw,0.001516990291262136
SCAF1,de_wilcoxon_direction_fidelity_yield_raw,0.08088235294117647
SCFD1,de_wilcoxon_direction_fidelity_yield_raw,0.025
SDAD1,de_wilcoxon_direction_fidelity_yield_raw,0.034834324553950725
SEH1L,de_wilcoxon_direction_fidelity_yield_raw,0.30434782608695654
SEPHS2,de_wilcoxon_direction_fidelity_yield_raw,0.625
SEPSECS,de_wilcoxon_direction_fidelity_yield_raw,0.16666666666666666
SETD1A,de_wilcoxon_direction_fidelity_yield_raw,0.020140105078809107
SETX,de_wilcoxon_direction_fidelity_yield_raw,0.7619047619047619
SF3B5,de_wilcoxon_direction_fidelity_yield_raw,0.0050820953870211105
SLC7A6OS,de_wilcoxon_direction_fidelity_yield_raw,0.0228310502283105
SLU7,de_wilcoxon_direction_fidelity_yield_raw,0.05345033905065816
SNAPC5,de_wilcoxon_direction_fidelity_yield_raw,0.4
SNRNP48,de_wilcoxon_direction_fidelity_yield_raw,0.02843601895734597
SNRPC,de_wilcoxon_direction_fidelity_yield_raw,0.06398809523809523
SRCAP,de_wilcoxon_direction_fidelity_yield_raw,0.5714285714285714
SRP14,de_wilcoxon_direction_fidelity_yield_raw,0.5
SRP54,de_wilcoxon_direction_fidelity_yield_raw,0.007462686567164179
SRP72,de_wilcoxon_direction_fidelity_yield_raw,0.4119318181818182
SRP9,de_wilcoxon_direction_fidelity_yield_raw,0.6739130434782609
SRRM1,de_wilcoxon_direction_fidelity_yield_raw,0.8125
SYMPK,de_wilcoxon_direction_fidelity_yield_raw,0.005484460694698354
SYNGR3,de_wilcoxon_direction_fidelity_yield_raw,0.475
TAF10,de_wilcoxon_direction_fidelity_yield_raw,0.1623931623931624
TAF3,de_wilcoxon_direction_fidelity_yield_raw,0.13043478260869565
TAF5,de_wilcoxon_direction_fidelity_yield_raw,0.0780399274047187
TAF7,de_wilcoxon_direction_fidelity_yield_raw,0.02717391304347826
TANGO6,de_wilcoxon_direction_fidelity_yield_raw,0.15922190201729106
TARS2,de_wilcoxon_direction_fidelity_yield_raw,0.48148148148148145
TBC1D28,de_wilcoxon_direction_fidelity_yield_raw,0.6
TBCD,de_wilcoxon_direction_fidelity_yield_raw,0.5769230769230769
TBCE,de_wilcoxon_direction_fidelity_yield_raw,0.5294117647058824
TBPL1,de_wilcoxon_direction_fidelity_yield_raw,0.45
TERF2,de_wilcoxon_direction_fidelity_yield_raw,0.04013961605584642
TIMM10,de_wilcoxon_direction_fidelity_yield_raw,0.4166666666666667
TKT,de_wilcoxon_direction_fidelity_yield_raw,0.4782608695652174
TMX2,de_wilcoxon_direction_fidelity_yield_raw,0.48148148148148145
TNNT2,de_wilcoxon_direction_fidelity_yield_raw,0.46153846153846156
TNRC6A,de_wilcoxon_direction_fidelity_yield_raw,0.5483870967741935
TPR,de_wilcoxon_direction_fidelity_yield_raw,0.3254437869822485
TRAPPC5,de_wilcoxon_direction_fidelity_yield_raw,0.15454545454545454
TSEN2,de_wilcoxon_direction_fidelity_yield_raw,0.5333333333333333
TSPYL5,de_wilcoxon_direction_fidelity_yield_raw,0.4
TUBD1,de_wilcoxon_direction_fidelity_yield_raw,0.4444444444444444
TUBGCP2,de_wilcoxon_direction_fidelity_yield_raw,0.5555555555555556
TUT1,de_wilcoxon_direction_fidelity_yield_raw,0.5925925925925926
UBA52,de_wilcoxon_direction_fidelity_yield_raw,0.029545454545454545
UBE2L3,de_wilcoxon_direction_fidelity_yield_raw,0.16666666666666666
UBQLN4,de_wilcoxon_direction_fidelity_yield_raw,0.0056433408577878106
UHRF1,de_wilcoxon_direction_fidelity_yield_raw,0.559322033898305
UQCRC1,de_wilcoxon_direction_fidelity_yield_raw,0.42857142857142855
URI1,de_wilcoxon_direction_fidelity_yield_raw,0.025036818851251842
USP14,de_wilcoxon_direction_fidelity_yield_raw,0.4032258064516129
USP37,de_wilcoxon_direction_fidelity_yield_raw,0.2857142857142857
USP39,de_wilcoxon_direction_fidelity_yield_raw,0.012448132780082987
UTP15,de_wilcoxon_direction_fidelity_yield_raw,0.03541823662396383
UTP20,de_wilcoxon_direction_fidelity_yield_raw,0.12681638044914134
VARS,de_wilcoxon_direction_fidelity_yield_raw,0.08065720687079911
VPS54,de_wilcoxon_direction_fidelity_yield_raw,0.6086956521739131
WBP11,de_wilcoxon_direction_fidelity_yield_raw,0.5384615384615384
WDHD1,de_wilcoxon_direction_fidelity_yield_raw,0.3333333333333333
WDR26,de_wilcoxon_direction_fidelity_yield_raw,0.5333333333333333
WDR43,de_wilcoxon_direction_fidelity_yield_raw,0.007293354943273906
WDTC1,de_wilcoxon_direction_fidelity_yield_raw,0.45
WTAP,de_wilcoxon_direction_fidelity_yield_raw,0.6271186440677966
YRDC,de_wilcoxon_direction_fidelity_yield_raw,0.5454545454545454
YTHDC1,de_wilcoxon_direction_fidelity_yield_raw,0.017605633802816902
ZC3H13,de_wilcoxon_direction_fidelity_yield_raw,0.10589410589410589
ZCCHC9,de_wilcoxon_direction_fidelity_yield_raw,0.06128133704735376
ZMAT2,de_wilcoxon_direction_fidelity_yield_raw,0.04907306434023991
ZNF207,de_wilcoxon_direction_fidelity_yield_raw,0.046875
ZNF720,de_wilcoxon_direction_fidelity_yield_raw,0.4166666666666667
ZNF763,de_wilcoxon_direction_fidelity_yield_raw,0.3333333333333333
ZNF84,de_wilcoxon_direction_fidelity_yield_raw,0.030821917808219176
ZNRD1,de_wilcoxon_direction_fidelity_yield_raw,0.30625
ACIN1,de_wilcoxon_direction_reach_raw,0.0
ACTR2,de_wilcoxon_direction_reach_raw,
ACTR6,de_wilcoxon_direction_reach_raw,0.5
ADAM10,de_wilcoxon_direction_reach_raw,0.03137254901960784
AGBL5,de_wilcoxon_direction_reach_raw,0.0
AKIRIN2,de_wilcoxon_direction_reach_raw,0.0
ANAPC13,de_wilcoxon_direction_reach_raw,
ATP11B,de_wilcoxon_direction_reach_raw,0.016129032258064516
ATP2A2,de_wilcoxon_direction_reach_raw,0.0
ATP5MF,de_wilcoxon_direction_reach_raw,0.005076142131979695
AURKAIP1,de_wilcoxon_direction_reach_raw,1.0
BARD1,de_wilcoxon_direction_reach_raw,
BCAR1,de_wilcoxon_direction_reach_raw,0.0
BMS1,de_wilcoxon_direction_reach_raw,0.005451713395638629
BORA,de_wilcoxon_direction_reach_raw,0.0
BPTF,de_wilcoxon_direction_reach_raw,0.003289473684210526
BRD2,de_wilcoxon_direction_reach_raw,0.5
BTF3,de_wilcoxon_direction_reach_raw,0.22413793103448276
C16orf86,de_wilcoxon_direction_reach_raw,1.0
C6orf15,de_wilcoxon_direction_reach_raw,
C7orf26,de_wilcoxon_direction_reach_raw,0.0030303030303030303
CA5A,de_wilcoxon_direction_reach_raw,
CABIN1,de_wilcoxon_direction_reach_raw,0.0
CACNB3,de_wilcoxon_direction_reach_raw,
CADM4,de_wilcoxon_direction_reach_raw,
CBLN1,de_wilcoxon_direction_reach_raw,0.375
CBX1,de_wilcoxon_direction_reach_raw,1.0
CCDC130,de_wilcoxon_direction_reach_raw,1.0
CCNK,de_wilcoxon_direction_reach_raw,
CDC20,de_wilcoxon_direction_reach_raw,
CDC6,de_wilcoxon_direction_reach_raw,0.0
CDCA5,de_wilcoxon_direction_reach_raw,0.25
CENPJ,de_wilcoxon_direction_reach_raw,0.0
CENPK,de_wilcoxon_direction_reach_raw,1.0
CENPP,de_wilcoxon_direction_reach_raw,0.040983606557377046
CEP85,de_wilcoxon_direction_reach_raw,
CFDP1,de_wilcoxon_direction_reach_raw,
CHMP6,de_wilcoxon_direction_reach_raw,0.2996300863131936
CHTF18,de_wilcoxon_direction_reach_raw,0.0
CKAP5,de_wilcoxon_direction_reach_raw,
COG6,de_wilcoxon_direction_reach_raw,0.2
COPS2,de_wilcoxon_direction_reach_raw,0.0036231884057971015
COPS4,de_wilcoxon_direction_reach_raw,0.08759124087591241
CPSF1,de_wilcoxon_direction_reach_raw,0.16417910447761194
CPSF3,de_wilcoxon_direction_reach_raw,0.0017167381974248926
CSE1L,de_wilcoxon_direction_reach_raw,0.00951831554658206
CSH2,de_wilcoxon_direction_reach_raw,0.0
CSNK2B,de_wilcoxon_direction_reach_raw,0.003875968992248062
CSTF1,de_wilcoxon_direction_reach_raw,0.0
CSTF3,de_wilcoxon_direction_reach_raw,0.0053404539385847796
CTU2,de_wilcoxon_direction_reach_raw,1.0
CUL7,de_wilcoxon_direction_reach_raw,0.001440922190201729
CYS1,de_wilcoxon_direction_reach_raw,1.0
DAP3,de_wilcoxon_direction_reach_raw,1.0
DCTN1,de_wilcoxon_direction_reach_raw,
DCUN1D5,de_wilcoxon_direction_reach_raw,0.0
DDX19B,de_wilcoxon_direction_reach_raw,
DDX21,de_wilcoxon_direction_reach_raw,0.0033370411568409346
DDX27,de_wilcoxon_direction_reach_raw,0.00141643059490085
DDX5,de_wilcoxon_direction_reach_raw,0.009433962264150943
DENR,de_wilcoxon_direction_reach_raw,0.5555555555555556
DESI1,de_wilcoxon_direction_reach_raw,0.2
DHX16,de_wilcoxon_direction_reach_raw,0.0014892032762472078
DHX37,de_wilcoxon_direction_reach_raw,0.058823529411764705
DNAJA1,de_wilcoxon_direction_reach_raw,
DNAJA3,de_wilcoxon_direction_reach_raw,0.673469387755102
DNTTIP2,de_wilcoxon_direction_reach_raw,0.010507880910683012
DYNC1I2,de_wilcoxon_direction_reach_raw,0.5
DYNLL2,de_wilcoxon_direction_reach_raw,0.2
E4F1,de_wilcoxon_direction_reach_raw,0.0
EEF2,de_wilcoxon_direction_reach_raw,0.0
EFR3A,de_wilcoxon_direction_reach_raw,
EIF3B,de_wilcoxon_direction_reach_raw,0.0
EIF4B,de_wilcoxon_direction_reach_raw,0.0
EIF4H,de_wilcoxon_direction_reach_raw,0.0
ELL,de_wilcoxon_direction_reach_raw,0.0058823529411764705
ELOVL1,de_wilcoxon_direction_reach_raw,1.0
EPRS,de_wilcoxon_direction_reach_raw,0.0
EXOC5,de_wilcoxon_direction_reach_raw,0.14285714285714285
EXOSC3,de_wilcoxon_direction_reach_raw,0.015643802647412757
EXOSC7,de_wilcoxon_direction_reach_raw,0.043478260869565216
FAM136A,de_wilcoxon_direction_reach_raw,0.0
FAU,de_wilcoxon_direction_reach_raw,0.0005268703898840885
FBRSL1,de_wilcoxon_direction_reach_raw,0.04950495049504951
FBXL14,de_wilcoxon_direction_reach_raw,0.0
FNTA,de_wilcoxon_direction_reach_raw,0.00205761316872428
FOXS1,de_wilcoxon_direction_reach_raw,0.5
GCLC,de_wilcoxon_direction_reach_raw,
GINS1,de_wilcoxon_direction_reach_raw,0.1994459833795014
GINS2,de_wilcoxon_direction_reach_raw,0.05263157894736842
GPN1,de_wilcoxon_direction_reach_raw,0.008830022075055188
GTF2H4,de_wilcoxon_direction_reach_raw,
GTF3C1,de_wilcoxon_direction_reach_raw,
GTF3C6,de_wilcoxon_direction_reach_raw,
GYG1,de_wilcoxon_direction_reach_raw,0.18518518518518517
HARS,de_wilcoxon_direction_reach_raw,0.06019007391763464
HAUS8,de_wilcoxon_direction_reach_raw,
HHEX,de_wilcoxon_direction_reach_raw,0.0
HJURP,de_wilcoxon_direction_reach_raw,0.6666666666666666
HMBOX1,de_wilcoxon_direction_reach_raw,1.0
HNRNPA1,de_wilcoxon_direction_reach_raw,0.5
HNRNPK,de_wilcoxon_direction_reach_raw,0.02927927927927928
HOXA3,de_wilcoxon_direction_reach_raw,
HSPE1,de_wilcoxon_direction_reach_raw,0.1602112676056338
INTS1,de_wilcoxon_direction_reach_raw,
INTS3,de_wilcoxon_direction_reach_raw,0.29395604395604397
INTS4,de_wilcoxon_direction_reach_raw,0.09821428571428571
INTS9,de_wilcoxon_direction_reach_raw,0.027522935779816515
IPO7,de_wilcoxon_direction_reach_raw,0.2631578947368421
ISCU,de_wilcoxon_direction_reach_raw,1.0
ISG20L2,de_wilcoxon_direction_reach_raw,0.02002002002002002
JMJD6,de_wilcoxon_direction_reach_raw,0.0
KIF11,de_wilcoxon_direction_reach_raw,
LRR1,de_wilcoxon_direction_reach_raw,
LRRC37A3,de_wilcoxon_direction_reach_raw,
LSM5,de_wilcoxon_direction_reach_raw,0.0029069767441860465
LST1,de_wilcoxon_direction_reach_raw,0.0
LTBP3,de_wilcoxon_direction_reach_raw,
LTV1,de_wilcoxon_direction_reach_raw,0.0029239766081871343
MBTPS1,de_wilcoxon_direction_reach_raw,0.1388888888888889
MBTPS2,de_wilcoxon_direction_reach_raw,0.5
MCM3AP,de_wilcoxon_direction_reach_raw,0.25
MCMBP,de_wilcoxon_direction_reach_raw,0.0076045627376425855
MDN1,de_wilcoxon_direction_reach_raw,0.024031007751937984
MED21,de_wilcoxon_direction_reach_raw,0.057692307692307696
MEIS3,de_wilcoxon_direction_reach_raw,0.16923076923076924
MFN2,de_wilcoxon_direction_reach_raw,0.5
MIER1,de_wilcoxon_direction_reach_raw,0.18181818181818182
MKRN1,de_wilcoxon_direction_reach_raw,
MLLT6,de_wilcoxon_direction_reach_raw,0.013793103448275862
MPHOSPH10,de_wilcoxon_direction_reach_raw,0.0012484394506866417
MRPL35,de_wilcoxon_direction_reach_raw,0.007892659826361484
MRPL36,de_wilcoxon_direction_reach_raw,0.007974481658692184
MRPL38,de_wilcoxon_direction_reach_raw,1.0
MRPS17,de_wilcoxon_direction_reach_raw,0.75
MRPS6,de_wilcoxon_direction_reach_raw,0.3
MTBP,de_wilcoxon_direction_reach_raw,0.011099899091826439
MVK,de_wilcoxon_direction_reach_raw,0.2
MYBBP1A,de_wilcoxon_direction_reach_raw,0.005940594059405941
MYBL2,de_wilcoxon_direction_reach_raw,0.042105263157894736
NAA35,de_wilcoxon_direction_reach_raw,0.0
NAA50,de_wilcoxon_direction_reach_raw,0.0
NAGLU,de_wilcoxon_direction_reach_raw,
NARS,de_wilcoxon_direction_reach_raw,0.06
NBEAL1,de_wilcoxon_direction_reach_raw,0.0
NCAPD2,de_wilcoxon_direction_reach_raw,0.0
NFRKB,de_wilcoxon_direction_reach_raw,1.0
NFYB,de_wilcoxon_direction_reach_raw,0.8333333333333334
NFYC,de_wilcoxon_direction_reach_raw,0.0186219739292365
NOC4L,de_wilcoxon_direction_reach_raw,0.005089058524173028
NOMO1,de_wilcoxon_direction_reach_raw,0.6
NRBP1,de_wilcoxon_direction_reach_raw,0.5
NUP153,de_wilcoxon_direction_reach_raw,0.06493506493506493
NUP160,de_wilcoxon_direction_reach_raw,0.0060790273556231
NUP35,de_wilcoxon_direction_reach_raw,0.3333333333333333
NUP88,de_wilcoxon_direction_reach_raw,0.004366812227074236
NVL,de_wilcoxon_direction_reach_raw,0.002742230347349177
OGFOD1,de_wilcoxon_direction_reach_raw,0.23076923076923078
OLFML3,de_wilcoxon_direction_reach_raw,0.0
OR1E2,de_wilcoxon_direction_reach_raw,
ORC1,de_wilcoxon_direction_reach_raw,0.09090909090909091
ORC5,de_wilcoxon_direction_reach_raw,1.0
PARS2,de_wilcoxon_direction_reach_raw,1.0
PC,de_wilcoxon_direction_reach_raw,
PCBP1,de_wilcoxon_direction_reach_raw,0.0036363636363636364
PDCD6IP,de_wilcoxon_direction_reach_raw,
PEX19,de_wilcoxon_direction_reach_raw,
PGAM5,de_wilcoxon_direction_reach_raw,0.2727272727272727
PGK1,de_wilcoxon_direction_reach_raw,0.8571428571428571
PHF10,de_wilcoxon_direction_reach_raw,0.008
PI4KA,de_wilcoxon_direction_reach_raw,0.35
POLR1D,de_wilcoxon_direction_reach_raw,0.0025188916876574307
POLR2C,de_wilcoxon_direction_reach_raw,0.0008382229673093043
POLR2I,de_wilcoxon_direction_reach_raw,0.0
POLR2K,de_wilcoxon_direction_reach_raw,0.0025252525252525255
POLR2M,de_wilcoxon_direction_reach_raw,0.08333333333333333
POLR3E,de_wilcoxon_direction_reach_raw,0.25
POP1,de_wilcoxon_direction_reach_raw,0.0
POP4,de_wilcoxon_direction_reach_raw,0.0032679738562091504
PPP1R8,de_wilcoxon_direction_reach_raw,0.09375
PPP2R1A,de_wilcoxon_direction_reach_raw,0.0
PPP6C,de_wilcoxon_direction_reach_raw,0.002785515320334262
PRODH,de_wilcoxon_direction_reach_raw,
PRPF6,de_wilcoxon_direction_reach_raw,0.001215066828675577
PRSS50,de_wilcoxon_direction_reach_raw,
PSMB2,de_wilcoxon_direction_reach_raw,0.00040016006402561027
PSMB5,de_wilcoxon_direction_reach_raw,0.0002473410833539451
PSMC4,de_wilcoxon_direction_reach_raw,0.0
PSMD14,de_wilcoxon_direction_reach_raw,0.0
PSMG3,de_wilcoxon_direction_reach_raw,0.16129032258064516
PTPN1,de_wilcoxon_direction_reach_raw,
PUF60,de_wilcoxon_direction_reach_raw,0.018292682926829267
PXN,de_wilcoxon_direction_reach_raw,1.0
RAB4A,de_wilcoxon_direction_reach_raw,0.3333333333333333
RABGGTB,de_wilcoxon_direction_reach_raw,0.0026246719160104987
RARS,de_wilcoxon_direction_reach_raw,0.1518987341772152
RBBP5,de_wilcoxon_direction_reach_raw,0.09210526315789473
RBM14-RBM4,de_wilcoxon_direction_reach_raw,0.0028735632183908046
RBM48,de_wilcoxon_direction_reach_raw,0.3333333333333333
RBX1,de_wilcoxon_direction_reach_raw,0.08695652173913043
RCC1,de_wilcoxon_direction_reach_raw,0.0
RFC2,de_wilcoxon_direction_reach_raw,0.19540229885057472
RHPN1,de_wilcoxon_direction_reach_raw,1.0
RNASEH2C,de_wilcoxon_direction_reach_raw,0.0
RNF123,de_wilcoxon_direction_reach_raw,1.0
RNF31,de_wilcoxon_direction_reach_raw,0.2857142857142857
RNMT,de_wilcoxon_direction_reach_raw,0.7261904761904762
RNPS1,de_wilcoxon_direction_reach_raw,
RPA3,de_wilcoxon_direction_reach_raw,0.0
RPAP1,de_wilcoxon_direction_reach_raw,0.0007173601147776184
RPAP2,de_wilcoxon_direction_reach_raw,0.0011025358324145535
RPAP3,de_wilcoxon_direction_reach_raw,0.3684210526315789
RPL18A,de_wilcoxon_direction_reach_raw,0.0
RPL35,de_wilcoxon_direction_reach_raw,0.0015122873345935729
RPL36A,de_wilcoxon_direction_reach_raw,0.023529411764705882
RPL4,de_wilcoxon_direction_reach_raw,0.003769317753486619
RPL41,de_wilcoxon_direction_reach_raw,1.0
RPP30,de_wilcoxon_direction_reach_raw,0.0020876826722338203
RPS20,de_wilcoxon_direction_reach_raw,0.0011123470522803114
RPS24,de_wilcoxon_direction_reach_raw,0.04078549848942598
RPS27A,de_wilcoxon_direction_reach_raw,0.047939778129952454
RPS6,de_wilcoxon_direction_reach_raw,0.14780725500812128
RRP7A,de_wilcoxon_direction_reach_raw,0.025390625
RSL1D1,de_wilcoxon_direction_reach_raw,0.03492063492063492
SART1,de_wilcoxon_direction_reach_raw,0.0
SCAF1,de_wilcoxon_direction_reach_raw,0.0
SCFD1,de_wilcoxon_direction_reach_raw,0.00625
SDAD1,de_wilcoxon_direction_reach_raw,0.011045029736618521
SEH1L,de_wilcoxon_direction_reach_raw,0.08695652173913043
SEPHS2,de_wilcoxon_direction_reach_raw,0.0
SEPSECS,de_wilcoxon_direction_reach_raw,
SETD1A,de_wilcoxon_direction_reach_raw,0.0008756567425569177
SETX,de_wilcoxon_direction_reach_raw,0.2222222222222222
SF3B5,de_wilcoxon_direction_reach_raw,0.0
SLC7A6OS,de_wilcoxon_direction_reach_raw,0.0
SLU7,de_wilcoxon_direction_reach_raw,0.0007977662544874351
SNAPC5,de_wilcoxon_direction_reach_raw,0.625
SNRNP48,de_wilcoxon_direction_reach_raw,0.0
SNRPC,de_wilcoxon_direction_reach_raw,0.010416666666666666
SRCAP,de_wilcoxon_direction_reach_raw,
SRP14,de_wilcoxon_direction_reach_raw,0.16666666666666666
SRP54,de_wilcoxon_direction_reach_raw,0.0
SRP72,de_wilcoxon_direction_reach_raw,0.036931818181818184
SRP9,de_wilcoxon_direction_reach_raw,0.6666666666666666
SRRM1,de_wilcoxon_direction_reach_raw,1.0
SYMPK,de_wilcoxon_direction_reach_raw,0.0
SYNGR3,de_wilcoxon_direction_reach_raw,0.23809523809523808
TAF10,de_wilcoxon_direction_reach_raw,0.09401709401709402
TAF3,de_wilcoxon_direction_reach_raw,0.10628019323671498
TAF5,de_wilcoxon_direction_reach_raw,0.13430127041742287
TAF7,de_wilcoxon_direction_reach_raw,0.03804347826086957
TANGO6,de_wilcoxon_direction_reach_raw,0.01729106628242075
TARS2,de_wilcoxon_direction_reach_raw,0.5
TBC1D28,de_wilcoxon_direction_reach_raw,
TBCD,de_wilcoxon_direction_reach_raw,1.0
TBCE,de_wilcoxon_direction_reach_raw,
TBPL1,de_wilcoxon_direction_reach_raw,0.1111111111111111
TERF2,de_wilcoxon_direction_reach_raw,0.0017452006980802793
TIMM10,de_wilcoxon_direction_reach_raw,0.0
TKT,de_wilcoxon_direction_reach_raw,
TMX2,de_wilcoxon_direction_reach_raw,0.018518518518518517
TNNT2,de_wilcoxon_direction_reach_raw,
TNRC6A,de_wilcoxon_direction_reach_raw,0.37037037037037035
TPR,de_wilcoxon_direction_reach_raw,0.005917159763313609
TRAPPC5,de_wilcoxon_direction_reach_raw,0.0
TSEN2,de_wilcoxon_direction_reach_raw,0.15384615384615385
TSPYL5,de_wilcoxon_direction_reach_raw,1.0
TUBD1,de_wilcoxon_direction_reach_raw,0.0
TUBGCP2,de_wilcoxon_direction_reach_raw,0.2222222222222222
TUT1,de_wilcoxon_direction_reach_raw,0.0
UBA52,de_wilcoxon_direction_reach_raw,0.0
UBE2L3,de_wilcoxon_direction_reach_raw,0.3333333333333333
UBQLN4,de_wilcoxon_direction_reach_raw,0.0
UHRF1,de_wilcoxon_direction_reach_raw,0.02564102564102564
UQCRC1,de_wilcoxon_direction_reach_raw,
URI1,de_wilcoxon_direction_reach_raw,0.0
USP14,de_wilcoxon_direction_reach_raw,0.6
USP37,de_wilcoxon_direction_reach_raw,0.8571428571428571
USP39,de_wilcoxon_direction_reach_raw,0.002074688796680498
UTP15,de_wilcoxon_direction_reach_raw,0.00452147701582517
UTP20,de_wilcoxon_direction_reach_raw,0.002642007926023778
VARS,de_wilcoxon_direction_reach_raw,0.01194921583271098
VPS54,de_wilcoxon_direction_reach_raw,
WBP11,de_wilcoxon_direction_reach_raw,0.25
WDHD1,de_wilcoxon_direction_reach_raw,0.5
WDR26,de_wilcoxon_direction_reach_raw,0.4
WDR43,de_wilcoxon_direction_reach_raw,0.0
WDTC1,de_wilcoxon_direction_reach_raw,0.0
WTAP,de_wilcoxon_direction_reach_raw,0.375
YRDC,de_wilcoxon_direction_reach_raw,1.0
YTHDC1,de_wilcoxon_direction_reach_raw,0.0035211267605633804
ZC3H13,de_wilcoxon_direction_reach_raw,0.004995004995004995
ZCCHC9,de_wilcoxon_direction_reach_raw,0.0009285051067780873
ZMAT2,de_wilcoxon_direction_reach_raw,0.0054525627044711015
ZNF207,de_wilcoxon_direction_reach_raw,0.015625
ZNF720,de_wilcoxon_direction_reach_raw,
ZNF763,de_wilcoxon_direction_reach_raw,
ZNF84,de_wilcoxon_direction_reach_raw,0.0
ZNRD1,de_wilcoxon_direction_reach_raw,0.00625
ACIN1,de_wilcoxon_sig_jaccard,0.0
ACTR2,de_wilcoxon_sig_jaccard,0.0
ACTR6,de_wilcoxon_sig_jaccard,0.0
ADAM10,de_wilcoxon_sig_jaccard,0.028985507246376812
AGBL5,de_wilcoxon_sig_jaccard,0.0
AKIRIN2,de_wilcoxon_sig_jaccard,0.0
ANAPC13,de_wilcoxon_sig_jaccard,0.0
ATP11B,de_wilcoxon_sig_jaccard,0.03597122302158273
ATP2A2,de_wilcoxon_sig_jaccard,0.0
ATP5MF,de_wilcoxon_sig_jaccard,0.004830917874396135
AURKAIP1,de_wilcoxon_sig_jaccard,0.0
BARD1,de_wilcoxon_sig_jaccard,0.0
BCAR1,de_wilcoxon_sig_jaccard,0.0
BMS1,de_wilcoxon_sig_jaccard,0.04071773636991028
BORA,de_wilcoxon_sig_jaccard,0.0
BPTF,de_wilcoxon_sig_jaccard,0.05687203791469194
BRD2,de_wilcoxon_sig_jaccard,0.0
BTF3,de_wilcoxon_sig_jaccard,0.050473186119873815
C16orf86,de_wilcoxon_sig_jaccard,0.0
C6orf15,de_wilcoxon_sig_jaccard,0.0
C7orf26,de_wilcoxon_sig_jaccard,0.07414829659318638
CA5A,de_wilcoxon_sig_jaccard,0.0
CABIN1,de_wilcoxon_sig_jaccard,0.0
CACNB3,de_wilcoxon_sig_jaccard,0.0
CADM4,de_wilcoxon_sig_jaccard,0.0
CBLN1,de_wilcoxon_sig_jaccard,0.0
CBX1,de_wilcoxon_sig_jaccard,0.0
CCDC130,de_wilcoxon_sig_jaccard,0.0
CCNK,de_wilcoxon_sig_jaccard,0.0
CDC20,de_wilcoxon_sig_jaccard,0.0
CDC6,de_wilcoxon_sig_jaccard,0.005597014925373134
CDCA5,de_wilcoxon_sig_jaccard,0.02564102564102564
CENPJ,de_wilcoxon_sig_jaccard,0.017154389505549948
CENPK,de_wilcoxon_sig_jaccard,0.01818181818181818
CENPP,de_wilcoxon_sig_jaccard,0.019455252918287938
CEP85,de_wilcoxon_sig_jaccard,0.0
CFDP1,de_wilcoxon_sig_jaccard,0.0
CHMP6,de_wilcoxon_sig_jaccard,0.09362139917695474
CHTF18,de_wilcoxon_sig_jaccard,0.0
CKAP5,de_wilcoxon_sig_jaccard,0.0
COG6,de_wilcoxon_sig_jaccard,0.0
COPS2,de_wilcoxon_sig_jaccard,0.03215434083601286
COPS4,de_wilcoxon_sig_jaccard,0.018518518518518517
CPSF1,de_wilcoxon_sig_jaccard,0.0
CPSF3,de_wilcoxon_sig_jaccard,0.07514880952380952
CSE1L,de_wilcoxon_sig_jaccard,0.13782619711173044
CSH2,de_wilcoxon_sig_jaccard,0.0
CSNK2B,de_wilcoxon_sig_jaccard,0.026223776223776224
CSTF1,de_wilcoxon_sig_jaccard,0.04449938195302843
CSTF3,de_wilcoxon_sig_jaccard,0.01277139208173691
CTU2,de_wilcoxon_sig_jaccard,0.0
CUL7,de_wilcoxon_sig_jaccard,0.0014144271570014145
CYS1,de_wilcoxon_sig_jaccard,0.125
DAP3,de_wilcoxon_sig_jaccard,0.045454545454545456
DCTN1,de_wilcoxon_sig_jaccard,0.0
DCUN1D5,de_wilcoxon_sig_jaccard,0.008321775312066574
DDX19B,de_wilcoxon_sig_jaccard,0.0
DDX21,de_wilcoxon_sig_jaccard,0.017278617710583154
DDX27,de_wilcoxon_sig_jaccard,0.031331592689295036
DDX5,de_wilcoxon_sig_jaccard,0.04285714285714286
DENR,de_wilcoxon_sig_jaccard,0.0
DESI1,de_wilcoxon_sig_jaccard,0.07692307692307693
DHX16,de_wilcoxon_sig_jaccard,0.0029455081001472753
DHX37,de_wilcoxon_sig_jaccard,0.0
DNAJA1,de_wilcoxon_sig_jaccard,0.0
DNAJA3,de_wilcoxon_sig_jaccard,0.10236220472440945
DNTTIP2,de_wilcoxon_sig_jaccard,0.021848739495798318
DYNC1I2,de_wilcoxon_sig_jaccard,0.0
DYNLL2,de_wilcoxon_sig_jaccard,0.037037037037037035
E4F1,de_wilcoxon_sig_jaccard,0.011299435028248588
EEF2,de_wilcoxon_sig_jaccard,0.0
EFR3A,de_wilcoxon_sig_jaccard,0.0
EIF3B,de_wilcoxon_sig_jaccard,0.0247244563598451
EIF4B,de_wilcoxon_sig_jaccard,0.020202020202020204
EIF4H,de_wilcoxon_sig_jaccard,0.0
ELL,de_wilcoxon_sig_jaccard,0.0220125786163522
ELOVL1,de_wilcoxon_sig_jaccard,0.0
EPRS,de_wilcoxon_sig_jaccard,0.00487012987012987
EXOC5,de_wilcoxon_sig_jaccard,0.0
EXOSC3,de_wilcoxon_sig_jaccard,0.03948772678762007
EXOSC7,de_wilcoxon_sig_jaccard,0.0
FAM136A,de_wilcoxon_sig_jaccard,0.04424778761061947
FAU,de_wilcoxon_sig_jaccard,0.005753138075313808
FBRSL1,de_wilcoxon_sig_jaccard,0.0136986301369863
FBXL14,de_wilcoxon_sig_jaccard,0.02553191489361702
FNTA,de_wilcoxon_sig_jaccard,0.047285464098073555
FOXS1,de_wilcoxon_sig_jaccard,0.041666666666666664
GCLC,de_wilcoxon_sig_jaccard,0.0
GINS1,de_wilcoxon_sig_jaccard,0.05128205128205128
GINS2,de_wilcoxon_sig_jaccard,0.03260869565217391
GPN1,de_wilcoxon_sig_jaccard,0.0021598272138228943
GTF2H4,de_wilcoxon_sig_jaccard,0.0
GTF3C1,de_wilcoxon_sig_jaccard,0.0
GTF3C6,de_wilcoxon_sig_jaccard,0.0
GYG1,de_wilcoxon_sig_jaccard,0.0
HARS,de_wilcoxon_sig_jaccard,0.04822834645669291
HAUS8,de_wilcoxon_sig_jaccard,0.0
HHEX,de_wilcoxon_sig_jaccard,0.0
HJURP,de_wilcoxon_sig_jaccard,0.03125
HMBOX1,de_wilcoxon_sig_jaccard,0.0
HNRNPA1,de_wilcoxon_sig_jaccard,0.05263157894736842
HNRNPK,de_wilcoxon_sig_jaccard,0.02145922746781116
HOXA3,de_wilcoxon_sig_jaccard,0.0
HSPE1,de_wilcoxon_sig_jaccard,0.11632653061224489
INTS1,de_wilcoxon_sig_jaccard,0.0
INTS3,de_wilcoxon_sig_jaccard,0.05088495575221239
INTS4,de_wilcoxon_sig_jaccard,0.016233766233766232
INTS9,de_wilcoxon_sig_jaccard,0.027331189710610933
IPO7,de_wilcoxon_sig_jaccard,0.06976744186046512
ISCU,de_wilcoxon_sig_jaccard,0.0
ISG20L2,de_wilcoxon_sig_jaccard,0.019157088122605363
JMJD6,de_wilcoxon_sig_jaccard,0.0
KIF11,de_wilcoxon_sig_jaccard,0.0
LRR1,de_wilcoxon_sig_jaccard,0.0
LRRC37A3,de_wilcoxon_sig_jaccard,0.0
LSM5,de_wilcoxon_sig_jaccard,0.019390581717451522
LST1,de_wilcoxon_sig_jaccard,0.0
LTBP3,de_wilcoxon_sig_jaccard,0.0
LTV1,de_wilcoxon_sig_jaccard,0.006660323501427212
MBTPS1,de_wilcoxon_sig_jaccard,0.044642857142857144
MBTPS2,de_wilcoxon_sig_jaccard,0.08695652173913043
MCM3AP,de_wilcoxon_sig_jaccard,0.0
MCMBP,de_wilcoxon_sig_jaccard,0.024539877300613498
MDN1,de_wilcoxon_sig_jaccard,0.029061102831594635
MED21,de_wilcoxon_sig_jaccard,0.04969879518072289
MEIS3,de_wilcoxon_sig_jaccard,0.013157894736842105
MFN2,de_wilcoxon_sig_jaccard,0.0
MIER1,de_wilcoxon_sig_jaccard,0.1111111111111111
MKRN1,de_wilcoxon_sig_jaccard,0.0
MLLT6,de_wilcoxon_sig_jaccard,0.05699481865284974
MPHOSPH10,de_wilcoxon_sig_jaccard,0.022857142857142857
MRPL35,de_wilcoxon_sig_jaccard,0.08044382801664356
MRPL36,de_wilcoxon_sig_jaccard,0.08785714285714286
MRPL38,de_wilcoxon_sig_jaccard,0.3333333333333333
MRPS17,de_wilcoxon_sig_jaccard,0.05555555555555555
MRPS6,de_wilcoxon_sig_jaccard,0.02857142857142857
MTBP,de_wilcoxon_sig_jaccard,0.020172910662824207
MVK,de_wilcoxon_sig_jaccard,0.05172413793103448
MYBBP1A,de_wilcoxon_sig_jaccard,0.024299065420560748
MYBL2,de_wilcoxon_sig_jaccard,0.014388489208633094
NAA35,de_wilcoxon_sig_jaccard,0.0
NAA50,de_wilcoxon_sig_jaccard,0.0
NAGLU,de_wilcoxon_sig_jaccard,0.0
NARS,de_wilcoxon_sig_jaccard,0.05918367346938776
NBEAL1,de_wilcoxon_sig_jaccard,0.0
NCAPD2,de_wilcoxon_sig_jaccard,0.0
NFRKB,de_wilcoxon_sig_jaccard,0.0
NFYB,de_wilcoxon_sig_jaccard,0.0
NFYC,de_wilcoxon_sig_jaccard,0.039938556067588324
NOC4L,de_wilcoxon_sig_jaccard,0.01284796573875803
NOMO1,de_wilcoxon_sig_jaccard,0.09523809523809523
NRBP1,de_wilcoxon_sig_jaccard,0.045454545454545456
NUP153,de_wilcoxon_sig_jaccard,0.008264462809917356
NUP160,de_wilcoxon_sig_jaccard,0.002967359050445104
NUP35,de_wilcoxon_sig_jaccard,0.0
NUP88,de_wilcoxon_sig_jaccard,0.037300177619893425
NVL,de_wilcoxon_sig_jaccard,0.022887323943661973
OGFOD1,de_wilcoxon_sig_jaccard,0.021739130434782608
OLFML3,de_wilcoxon_sig_jaccard,0.0
OR1E2,de_wilcoxon_sig_jaccard,0.0
ORC1,de_wilcoxon_sig_jaccard,0.0
ORC5,de_wilcoxon_sig_jaccard,0.0
PARS2,de_wilcoxon_sig_jaccard,0.2
PC,de_wilcoxon_sig_jaccard,0.0
PCBP1,de_wilcoxon_sig_jaccard,0.009868421052631578
PDCD6IP,de_wilcoxon_sig_jaccard,0.0
PEX19,de_wilcoxon_sig_jaccard,0.0
PGAM5,de_wilcoxon_sig_jaccard,0.13513513513513514
PGK1,de_wilcoxon_sig_jaccard,0.0
PHF10,de_wilcoxon_sig_jaccard,0.019704433497536946
PI4KA,de_wilcoxon_sig_jaccard,0.049586776859504134
POLR1D,de_wilcoxon_sig_jaccard,0.004962779156327543
POLR2C,de_wilcoxon_sig_jaccard,0.005818786367414797
POLR2I,de_wilcoxon_sig_jaccard,0.008054892601431982
POLR2K,de_wilcoxon_sig_jaccard,0.028974158183241974
POLR2M,de_wilcoxon_sig_jaccard,0.01694915254237288
POLR3E,de_wilcoxon_sig_jaccard,0.0
POP1,de_wilcoxon_sig_jaccard,0.013582342954159592
POP4,de_wilcoxon_sig_jaccard,0.008465608465608466
PPP1R8,de_wilcoxon_sig_jaccard,0.0
PPP2R1A,de_wilcoxon_sig_jaccard,0.022727272727272728
PPP6C,de_wilcoxon_sig_jaccard,0.0871559633027523
PRODH,de_wilcoxon_sig_jaccard,0.0
PRPF6,de_wilcoxon_sig_jaccard,0.011668611435239206
PRSS50,de_wilcoxon_sig_jaccard,0.0
PSMB2,de_wilcoxon_sig_jaccard,0.0031910650179497405
PSMB5,de_wilcoxon_sig_jaccard,0.008880118401578688
PSMC4,de_wilcoxon_sig_jaccard,0.005613126079447323
PSMD14,de_wilcoxon_sig_jaccard,0.013955984970477724
PSMG3,de_wilcoxon_sig_jaccard,0.062111801242236024
PTPN1,de_wilcoxon_sig_jaccard,0.0
PUF60,de_wilcoxon_sig_jaccard,0.005025125628140704
PXN,de_wilcoxon_sig_jaccard,0.045454545454545456
RAB4A,de_wilcoxon_sig_jaccard,0.0
RABGGTB,de_wilcoxon_sig_jaccard,0.03218390804597701
RARS,de_wilcoxon_sig_jaccard,0.016853932584269662
RBBP5,de_wilcoxon_sig_jaccard,0.022304832713754646
RBM14-RBM4,de_wilcoxon_sig_jaccard,0.0673758865248227
RBM48,de_wilcoxon_sig_jaccard,0.0
RBX1,de_wilcoxon_sig_jaccard,0.0
RCC1,de_wilcoxon_sig_jaccard,0.0
RFC2,de_wilcoxon_sig_jaccard,0.03278688524590164
RHPN1,de_wilcoxon_sig_jaccard,0.0
RNASEH2C,de_wilcoxon_sig_jaccard,0.0
RNF123,de_wilcoxon_sig_jaccard,0.0
RNF31,de_wilcoxon_sig_jaccard,0.0196078431372549
RNMT,de_wilcoxon_sig_jaccard,0.008403361344537815
RNPS1,de_wilcoxon_sig_jaccard,0.0
RPA3,de_wilcoxon_sig_jaccard,0.011874469889737066
RPAP1,de_wilcoxon_sig_jaccard,0.0007117437722419929
RPAP2,de_wilcoxon_sig_jaccard,0.00980392156862745
RPAP3,de_wilcoxon_sig_jaccard,0.03125
RPL18A,de_wilcoxon_sig_jaccard,0.02378255945639864
RPL35,de_wilcoxon_sig_jaccard,0.013084112149532711
RPL36A,de_wilcoxon_sig_jaccard,0.030303030303030304
RPL4,de_wilcoxon_sig_jaccard,0.025993316004455997
RPL41,de_wilcoxon_sig_jaccard,0.0
RPP30,de_wilcoxon_sig_jaccard,0.040257648953301126
RPS20,de_wilcoxon_sig_jaccard,0.0011074197120708748
RPS24,de_wilcoxon_sig_jaccard,0.03980099502487562
RPS27A,de_wilcoxon_sig_jaccard,0.09011526370939574
RPS6,de_wilcoxon_sig_jaccard,0.10870566559189314
RRP7A,de_wilcoxon_sig_jaccard,0.02750809061488673
RSL1D1,de_wilcoxon_sig_jaccard,0.02710027100271003
SART1,de_wilcoxon_sig_jaccard,0.0036330608537693005
SCAF1,de_wilcoxon_sig_jaccard,0.01282051282051282
SCFD1,de_wilcoxon_sig_jaccard,0.0
SDAD1,de_wilcoxon_sig_jaccard,0.023045267489711935
SEH1L,de_wilcoxon_sig_jaccard,0.0
SEPHS2,de_wilcoxon_sig_jaccard,0.0
SEPSECS,de_wilcoxon_sig_jaccard,0.0
SETD1A,de_wilcoxon_sig_jaccard,0.01710863986313088
SETX,de_wilcoxon_sig_jaccard,0.02
SF3B5,de_wilcoxon_sig_jaccard,0.008911274699728787
SLC7A6OS,de_wilcoxon_sig_jaccard,0.0
SLU7,de_wilcoxon_sig_jaccard,0.05296531145095114
SNAPC5,de_wilcoxon_sig_jaccard,0.045454545454545456
SNRNP48,de_wilcoxon_sig_jaccard,0.0
SNRPC,de_wilcoxon_sig_jaccard,0.027816411682892908
SRCAP,de_wilcoxon_sig_jaccard,0.0
SRP14,de_wilcoxon_sig_jaccard,0.024390243902439025
SRP54,de_wilcoxon_sig_jaccard,0.011494252873563218
SRP72,de_wilcoxon_sig_jaccard,0.10894941634241245
SRP9,de_wilcoxon_sig_jaccard,0.03773584905660377
SRRM1,de_wilcoxon_sig_jaccard,0.058823529411764705
SYMPK,de_wilcoxon_sig_jaccard,0.007249660172179429
SYNGR3,de_wilcoxon_sig_jaccard,0.03389830508474576
TAF10,de_wilcoxon_sig_jaccard,0.03836930455635491
TAF3,de_wilcoxon_sig_jaccard,0.038135593220338986
TAF5,de_wilcoxon_sig_jaccard,0.03389830508474576
TAF7,de_wilcoxon_sig_jaccard,0.005249343832020997
TANGO6,de_wilcoxon_sig_jaccard,0.0652037617554859
TARS2,de_wilcoxon_sig_jaccard,0.11428571428571428
TBC1D28,de_wilcoxon_sig_jaccard,0.0
TBCD,de_wilcoxon_sig_jaccard,0.0
TBCE,de_wilcoxon_sig_jaccard,0.0
TBPL1,de_wilcoxon_sig_jaccard,0.03571428571428571
TERF2,de_wilcoxon_sig_jaccard,0.013289036544850499
TIMM10,de_wilcoxon_sig_jaccard,0.0
TKT,de_wilcoxon_sig_jaccard,0.0
TMX2,de_wilcoxon_sig_jaccard,0.009708737864077669
TNNT2,de_wilcoxon_sig_jaccard,0.0
TNRC6A,de_wilcoxon_sig_jaccard,0.05952380952380952
TPR,de_wilcoxon_sig_jaccard,0.026415094339622643
TRAPPC5,de_wilcoxon_sig_jaccard,0.013422818791946308
TSEN2,de_wilcoxon_sig_jaccard,0.11538461538461539
TSPYL5,de_wilcoxon_sig_jaccard,0.0
TUBD1,de_wilcoxon_sig_jaccard,0.0
TUBGCP2,de_wilcoxon_sig_jaccard,0.0
TUT1,de_wilcoxon_sig_jaccard,0.0
UBA52,de_wilcoxon_sig_jaccard,0.015384615384615385
UBE2L3,de_wilcoxon_sig_jaccard,0.0
UBQLN4,de_wilcoxon_sig_jaccard,0.007829977628635347
UHRF1,de_wilcoxon_sig_jaccard,0.031578947368421054
UQCRC1,de_wilcoxon_sig_jaccard,0.0
URI1,de_wilcoxon_sig_jaccard,0.012056737588652482
USP14,de_wilcoxon_sig_jaccard,0.03076923076923077
USP37,de_wilcoxon_sig_jaccard,0.0
USP39,de_wilcoxon_sig_jaccard,0.004016064257028112
UTP15,de_wilcoxon_sig_jaccard,0.021075581395348836
UTP20,de_wilcoxon_sig_jaccard,0.042437431991294884
VARS,de_wilcoxon_sig_jaccard,0.04590395480225989
VPS54,de_wilcoxon_sig_jaccard,0.0
WBP11,de_wilcoxon_sig_jaccard,0.0
WDHD1,de_wilcoxon_sig_jaccard,0.0
WDR26,de_wilcoxon_sig_jaccard,0.05263157894736842
WDR43,de_wilcoxon_sig_jaccard,0.006415396952686447
WDTC1,de_wilcoxon_sig_jaccard,0.0
WTAP,de_wilcoxon_sig_jaccard,0.03076923076923077
YRDC,de_wilcoxon_sig_jaccard,0.08333333333333333
YTHDC1,de_wilcoxon_sig_jaccard,0.006872852233676976
ZC3H13,de_wilcoxon_sig_jaccard,0.05013673655423884
ZCCHC9,de_wilcoxon_sig_jaccard,0.026405451448040886
ZMAT2,de_wilcoxon_sig_jaccard,0.021604938271604937
ZNF207,de_wilcoxon_sig_jaccard,0.0
ZNF720,de_wilcoxon_sig_jaccard,0.0
ZNF763,de_wilcoxon_sig_jaccard,0.0
ZNF84,de_wilcoxon_sig_jaccard,0.009819967266775777
ZNRD1,de_wilcoxon_sig_jaccard,0.01646090534979424
ACIN1,pds_cosine,0.9060402684563759
ACTR2,pds_cosine,0.5201342281879195
ACTR6,pds_cosine,0.9966442953020134
ADAM10,pds_cosine,1.0
AGBL5,pds_cosine,0.2651006711409396
AKIRIN2,pds_cosine,0.563758389261745
ANAPC13,pds_cosine,0.5335570469798658
ATP11B,pds_cosine,0.9966442953020134
ATP2A2,pds_cosine,0.587248322147651
ATP5MF,pds_cosine,0.9530201342281879
AURKAIP1,pds_cosine,0.5302013422818792
BARD1,pds_cosine,0.5570469798657718
BCAR1,pds_cosine,0.87248322147651
BMS1,pds_cosine,0.9261744966442953
BORA,pds_cosine,0.41946308724832215
BPTF,pds_cosine,0.6577181208053691
BRD2,pds_cosine,0.9295302013422819
BTF3,pds_cosine,1.0
C16orf86,pds_cosine,0.6677852348993288
C6orf15,pds_cosine,0.3422818791946308
C7orf26,pds_cosine,1.0
CA5A,pds_cosine,0.714765100671141
CABIN1,pds_cosine,0.6946308724832215
CACNB3,pds_cosine,0.7483221476510067
CADM4,pds_cosine,0.1610738255033557
CBLN1,pds_cosine,0.7919463087248322
CBX1,pds_cosine,0.9328859060402684
CCDC130,pds_cosine,0.8422818791946309
CCNK,pds_cosine,0.3657718120805369
CDC20,pds_cosine,0.31879194630872487
CDC6,pds_cosine,0.06040268456375841
CDCA5,pds_cosine,0.4697986577181208
CENPJ,pds_cosine,0.9395973154362416
CENPK,pds_cosine,0.49328859060402686
CENPP,pds_cosine,0.8456375838926175
CEP85,pds_cosine,0.9697986577181208
CFDP1,pds_cosine,0.9932885906040269
CHMP6,pds_cosine,1.0
CHTF18,pds_cosine,0.6241610738255033
CKAP5,pds_cosine,0.18456375838926176
COG6,pds_cosine,0.674496644295302
COPS2,pds_cosine,0.9865771812080537
COPS4,pds_cosine,0.8355704697986577
CPSF1,pds_cosine,0.9932885906040269
CPSF3,pds_cosine,1.0
CSE1L,pds_cosine,1.0
CSH2,pds_cosine,0.6174496644295302
CSNK2B,pds_cosine,0.9832214765100671
CSTF1,pds_cosine,1.0
CSTF3,pds_cosine,0.9966442953020134
CTU2,pds_cosine,0.9496644295302014
CUL7,pds_cosine,0.19798657718120805
CYS1,pds_cosine,0.587248322147651
DAP3,pds_cosine,0.8557046979865772
DCTN1,pds_cosine,0.21476510067114096
DCUN1D5,pds_cosine,0.6073825503355705
DDX19B,pds_cosine,0.7550335570469798
DDX21,pds_cosine,0.9597315436241611
DDX27,pds_cosine,0.9295302013422819
DDX5,pds_cosine,0.9932885906040269
DENR,pds_cosine,0.9429530201342282
DESI1,pds_cosine,0.8154362416107382
DHX16,pds_cosine,0.9765100671140939
DHX37,pds_cosine,0.3926174496644296
DNAJA1,pds_cosine,0.42281879194630867
DNAJA3,pds_cosine,0.9798657718120806
DNTTIP2,pds_cosine,0.9798657718120806
DYNC1I2,pds_cosine,0.4161073825503355
DYNLL2,pds_cosine,0.8624161073825504
E4F1,pds_cosine,0.8456375838926175
EEF2,pds_cosine,0.6677852348993288
EFR3A,pds_cosine,0.12080536912751683
EIF3B,pds_cosine,1.0
EIF4B,pds_cosine,0.9731543624161074
EIF4H,pds_cosine,0.9395973154362416
ELL,pds_cosine,1.0
ELOVL1,pds_cosine,0.6442953020134228
EPRS,pds_cosine,0.9798657718120806
EXOC5,pds_cosine,0.9328859060402684
EXOSC3,pds_cosine,1.0
EXOSC7,pds_cosine,0.6879194630872483
FAM136A,pds_cosine,0.8859060402684564
FAU,pds_cosine,0.9966442953020134
FBRSL1,pds_cosine,0.9966442953020134
FBXL14,pds_cosine,0.5469798657718121
FNTA,pds_cosine,0.9463087248322147
FOXS1,pds_cosine,1.0
GCLC,pds_cosine,0.9865771812080537
GINS1,pds_cosine,1.0
GINS2,pds_cosine,0.9932885906040269
GPN1,pds_cosine,0.9765100671140939
GTF2H4,pds_cosine,0.9798657718120806
GTF3C1,pds_cosine,0.9295302013422819
GTF3C6,pds_cosine,0.7416107382550335
GYG1,pds_cosine,0.7651006711409396
HARS,pds_cosine,0.9966442953020134
HAUS8,pds_cosine,0.8657718120805369
HHEX,pds_cosine,0.8590604026845637
HJURP,pds_cosine,0.5033557046979866
HMBOX1,pds_cosine,0.7583892617449665
HNRNPA1,pds_cosine,1.0
HNRNPK,pds_cosine,1.0
HOXA3,pds_cosine,0.785234899328859
HSPE1,pds_cosine,0.9832214765100671
INTS1,pds_cosine,0.9228187919463087
INTS3,pds_cosine,0.9865771812080537
INTS4,pds_cosine,0.9899328859060402
INTS9,pds_cosine,0.9932885906040269
IPO7,pds_cosine,0.7550335570469798
ISCU,pds_cosine,0.4429530201342282
ISG20L2,pds_cosine,0.9228187919463087
JMJD6,pds_cosine,0.7684563758389262
KIF11,pds_cosine,0.7315436241610738
LRR1,pds_cosine,0.7449664429530201
LRRC37A3,pds_cosine,0.14093959731543626
LSM5,pds_cosine,0.9731543624161074
LST1,pds_cosine,0.4731543624161074
LTBP3,pds_cosine,0.8590604026845637
LTV1,pds_cosine,0.9697986577181208
MBTPS1,pds_cosine,1.0
MBTPS2,pds_cosine,0.8422818791946309
MCM3AP,pds_cosine,0.9966442953020134
MCMBP,pds_cosine,1.0
MDN1,pds_cosine,0.9328859060402684
MED21,pds_cosine,0.9932885906040269
MEIS3,pds_cosine,0.825503355704698
MFN2,pds_cosine,0.674496644295302
MIER1,pds_cosine,0.6073825503355705
MKRN1,pds_cosine,0.8187919463087249
MLLT6,pds_cosine,0.9932885906040269
MPHOSPH10,pds_cosine,0.9228187919463087
MRPL35,pds_cosine,0.9966442953020134
MRPL36,pds_cosine,1.0
MRPL38,pds_cosine,0.7885906040268457
MRPS17,pds_cosine,0.9395973154362416
MRPS6,pds_cosine,0.9328859060402684
MTBP,pds_cosine,0.7181208053691275
MVK,pds_cosine,0.9966442953020134
MYBBP1A,pds_cosine,0.9161073825503355
MYBL2,pds_cosine,0.9496644295302014
NAA35,pds_cosine,0.7953020134228188
NAA50,pds_cosine,0.47651006711409394
NAGLU,pds_cosine,0.5939597315436241
NARS,pds_cosine,1.0
NBEAL1,pds_cosine,0.8959731543624161
NCAPD2,pds_cosine,0.802013422818792
NFRKB,pds_cosine,1.0
NFYB,pds_cosine,0.7550335570469798
NFYC,pds_cosine,0.9395973154362416
NOC4L,pds_cosine,0.6208053691275168
NOMO1,pds_cosine,0.9362416107382551
NRBP1,pds_cosine,0.889261744966443
NUP153,pds_cosine,0.8053691275167785
NUP160,pds_cosine,0.5503355704697986
NUP35,pds_cosine,0.9295302013422819
NUP88,pds_cosine,0.9798657718120806
NVL,pds_cosine,0.9328859060402684
OGFOD1,pds_cosine,1.0
OLFML3,pds_cosine,0.7919463087248322
OR1E2,pds_cosine,0.43288590604026844
ORC1,pds_cosine,0.09731543624161076
ORC5,pds_cosine,0.4832214765100671
PARS2,pds_cosine,0.9932885906040269
PC,pds_cosine,0.9865771812080537
PCBP1,pds_cosine,1.0
PDCD6IP,pds_cosine,0.6543624161073825
PEX19,pds_cosine,0.08724832214765099
PGAM5,pds_cosine,0.9865771812080537
PGK1,pds_cosine,0.5234899328859061
PHF10,pds_cosine,0.9664429530201343
PI4KA,pds_cosine,0.5302013422818792
POLR1D,pds_cosine,0.9328859060402684
POLR2C,pds_cosine,0.825503355704698
POLR2I,pds_cosine,1.0
POLR2K,pds_cosine,0.9496644295302014
POLR2M,pds_cosine,0.21140939597315433
POLR3E,pds_cosine,0.6308724832214765
POP1,pds_cosine,0.6442953020134228
POP4,pds_cosine,0.9093959731543624
PPP1R8,pds_cosine,0.9563758389261745
PPP2R1A,pds_cosine,0.8053691275167785
PPP6C,pds_cosine,0.3557046979865772
PRODH,pds_cosine,0.848993288590604
PRPF6,pds_cosine,0.9966442953020134
PRSS50,pds_cosine,0.6946308724832215
PSMB2,pds_cosine,0.9765100671140939
PSMB5,pds_cosine,0.30536912751677847
PSMC4,pds_cosine,0.9832214765100671
PSMD14,pds_cosine,0.7013422818791946
PSMG3,pds_cosine,0.9932885906040269
PTPN1,pds_cosine,0.4429530201342282
PUF60,pds_cosine,0.9966442953020134
PXN,pds_cosine,0.6476510067114094
RAB4A,pds_cosine,0.7416107382550335
RABGGTB,pds_cosine,0.912751677852349
RARS,pds_cosine,0.9865771812080537
RBBP5,pds_cosine,1.0
RBM14-RBM4,pds_cosine,1.0
RBM48,pds_cosine,1.0
RBX1,pds_cosine,0.6778523489932886
RCC1,pds_cosine,0.5906040268456376
RFC2,pds_cosine,0.9899328859060402
RHPN1,pds_cosine,0.785234899328859
RNASEH2C,pds_cosine,1.0
RNF123,pds_cosine,0.2953020134228188
RNF31,pds_cosine,1.0
RNMT,pds_cosine,0.9966442953020134
RNPS1,pds_cosine,0.761744966442953
RPA3,pds_cosine,0.8523489932885906
RPAP1,pds_cosine,0.9832214765100671
RPAP2,pds_cosine,0.9832214765100671
RPAP3,pds_cosine,0.9429530201342282
RPL18A,pds_cosine,0.9966442953020134
RPL35,pds_cosine,0.9630872483221476
RPL36A,pds_cosine,0.9328859060402684
RPL4,pds_cosine,0.9966442953020134
RPL41,pds_cosine,0.8456375838926175
RPP30,pds_cosine,0.9496644295302014
RPS20,pds_cosine,0.8859060402684564
RPS24,pds_cosine,0.9865771812080537
RPS27A,pds_cosine,0.9899328859060402
RPS6,pds_cosine,0.9932885906040269
RRP7A,pds_cosine,0.8825503355704698
RSL1D1,pds_cosine,0.8288590604026845
SART1,pds_cosine,1.0
SCAF1,pds_cosine,0.40268456375838924
SCFD1,pds_cosine,0.3926174496644296
SDAD1,pds_cosine,0.9429530201342282
SEH1L,pds_cosine,0.3657718120805369
SEPHS2,pds_cosine,0.7953020134228188
SEPSECS,pds_cosine,0.8993288590604027
SETD1A,pds_cosine,1.0
SETX,pds_cosine,0.8187919463087249
SF3B5,pds_cosine,0.714765100671141
SLC7A6OS,pds_cosine,0.802013422818792
SLU7,pds_cosine,0.8053691275167785
SNAPC5,pds_cosine,0.8120805369127517
SNRNP48,pds_cosine,0.9630872483221476
SNRPC,pds_cosine,1.0
SRCAP,pds_cosine,0.3355704697986577
SRP14,pds_cosine,0.9899328859060402
SRP54,pds_cosine,0.6677852348993288
SRP72,pds_cosine,1.0
SRP9,pds_cosine,0.9228187919463087
SRRM1,pds_cosine,0.9630872483221476
SYMPK,pds_cosine,0.7080536912751678
SYNGR3,pds_cosine,1.0
TAF10,pds_cosine,0.9966442953020134
TAF3,pds_cosine,0.9966442953020134
TAF5,pds_cosine,0.9932885906040269
TAF7,pds_cosine,1.0
TANGO6,pds_cosine,1.0
TARS2,pds_cosine,0.9731543624161074
TBC1D28,pds_cosine,0.16778523489932884
TBCD,pds_cosine,0.4865771812080537
TBCE,pds_cosine,0.9530201342281879
TBPL1,pds_cosine,0.5201342281879195
TERF2,pds_cosine,0.9932885906040269
TIMM10,pds_cosine,0.761744966442953
TKT,pds_cosine,0.7818791946308725
TMX2,pds_cosine,1.0
TNNT2,pds_cosine,0.9697986577181208
TNRC6A,pds_cosine,0.9966442953020134
TPR,pds_cosine,0.7449664429530201
TRAPPC5,pds_cosine,0.8389261744966443
TSEN2,pds_cosine,0.9563758389261745
TSPYL5,pds_cosine,0.5167785234899329
TUBD1,pds_cosine,0.37583892617449666
TUBGCP2,pds_cosine,0.2516778523489933
TUT1,pds_cosine,0.6912751677852349
UBA52,pds_cosine,0.848993288590604
UBE2L3,pds_cosine,0.8322147651006712
UBQLN4,pds_cosine,0.5268456375838926
UHRF1,pds_cosine,0.7348993288590604
UQCRC1,pds_cosine,0.44630872483221473
URI1,pds_cosine,0.9899328859060402
USP14,pds_cosine,0.9563758389261745
USP37,pds_cosine,0.9966442953020134
USP39,pds_cosine,0.8691275167785235
UTP15,pds_cosine,0.8691275167785235
UTP20,pds_cosine,0.8691275167785235
VARS,pds_cosine,1.0
VPS54,pds_cosine,0.8959731543624161
WBP11,pds_cosine,0.9261744966442953
WDHD1,pds_cosine,0.7516778523489933
WDR26,pds_cosine,0.9798657718120806
WDR43,pds_cosine,0.3926174496644296
WDTC1,pds_cosine,0.16778523489932884
WTAP,pds_cosine,0.9832214765100671
YRDC,pds_cosine,0.9798657718120806
YTHDC1,pds_cosine,0.7248322147651007
ZC3H13,pds_cosine,1.0
ZCCHC9,pds_cosine,0.8087248322147651
ZMAT2,pds_cosine,1.0
ZNF207,pds_cosine,0.7718120805369127
ZNF720,pds_cosine,0.5671140939597316
ZNF763,pds_cosine,0.6140939597315436
ZNF84,pds_cosine,0.6275167785234899
ZNRD1,pds_cosine,0.8187919463087249
ACIN1,expr_mse_unbiased,0.002753013239082073
ACTR2,expr_mse_unbiased,-0.00022266677646567715
ACTR6,expr_mse_unbiased,0.010166158577081056
ADAM10,expr_mse_unbiased,0.009085040212872328
AGBL5,expr_mse_unbiased,0.005597075488589314
AKIRIN2,expr_mse_unbiased,0.005978489114505516
ANAPC13,expr_mse_unbiased,0.0017347211049518754
ATP11B,expr_mse_unbiased,0.015723948508310586
ATP2A2,expr_mse_unbiased,0.0032751832160644923
ATP5MF,expr_mse_unbiased,0.01375282701359722
AURKAIP1,expr_mse_unbiased,0.0011840894929705736
BARD1,expr_mse_unbiased,-0.0007539984554406269
BCAR1,expr_mse_unbiased,0.00018786390692516935
BMS1,expr_mse_unbiased,0.03329325578752991
BORA,expr_mse_unbiased,0.0021764277303396697
BPTF,expr_mse_unbiased,0.007170030159936001
BRD2,expr_mse_unbiased,0.004489956238072023
BTF3,expr_mse_unbiased,0.004023034836202492
C16orf86,expr_mse_unbiased,-0.000999447550105409
C6orf15,expr_mse_unbiased,-0.00046762779850780374
C7orf26,expr_mse_unbiased,0.0062200734550883555
CA5A,expr_mse_unbiased,0.0001902644864074848
CABIN1,expr_mse_unbiased,0.0025216841918109475
CACNB3,expr_mse_unbiased,-0.0005744925715032926
CADM4,expr_mse_unbiased,0.00028399005013143695
CBLN1,expr_mse_unbiased,0.0015619501798150106
CBX1,expr_mse_unbiased,-0.0010505627712538994
CCDC130,expr_mse_unbiased,0.0010569612488292946
CCNK,expr_mse_unbiased,0.0014599173812196462
CDC20,expr_mse_unbiased,0.002121674340614026
CDC6,expr_mse_unbiased,0.024995769830805613
CDCA5,expr_mse_unbiased,0.005514636437618601
CENPJ,expr_mse_unbiased,0.030251642124983925
CENPK,expr_mse_unbiased,0.0017503857045906024
CENPP,expr_mse_unbiased,0.020197875679144967
CEP85,expr_mse_unbiased,0.0001090682074769291
CFDP1,expr_mse_unbiased,0.0008179512876606586
CHMP6,expr_mse_unbiased,0.04080066419836666
CHTF18,expr_mse_unbiased,0.00021182251410203212
CKAP5,expr_mse_unbiased,0.00010856547986883125
COG6,expr_mse_unbiased,0.0006431303093168316
COPS2,expr_mse_unbiased,0.015993189931420244
COPS4,expr_mse_unbiased,0.018622935565101615
CPSF1,expr_mse_unbiased,0.0139598665265634
CPSF3,expr_mse_unbiased,0.012410555930082024
CSE1L,expr_mse_unbiased,0.03849443394069363
CSH2,expr_mse_unbiased,0.0014208926843770557
CSNK2B,expr_mse_unbiased,0.02069906034095639
CSTF1,expr_mse_unbiased,0.009206108201169344
CSTF3,expr_mse_unbiased,0.025309599287462087
CTU2,expr_mse_unbiased,0.0025362525313573064
CUL7,expr_mse_unbiased,0.02087898341479511
CYS1,expr_mse_unbiased,0.0003164437769881389
DAP3,expr_mse_unbiased,0.005939233595278128
DCTN1,expr_mse_unbiased,0.002295015417702678
DCUN1D5,expr_mse_unbiased,0.029584352870077775
DDX19B,expr_mse_unbiased,-0.0004267499554558158
DDX21,expr_mse_unbiased,0.03530834059797234
DDX27,expr_mse_unbiased,0.02041476645863996
DDX5,expr_mse_unbiased,0.008065002352390405
DENR,expr_mse_unbiased,0.004007931208307465
DESI1,expr_mse_unbiased,0.0039671815575739065
DHX16,expr_mse_unbiased,0.03932006791822189
DHX37,expr_mse_unbiased,0.005938915947726948
DNAJA1,expr_mse_unbiased,-0.0006664297631944403
DNAJA3,expr_mse_unbiased,0.0035871685028630875
DNTTIP2,expr_mse_unbiased,0.06849617119874865
DYNC1I2,expr_mse_unbiased,0.0013604565695386653
DYNLL2,expr_mse_unbiased,0.002073103340847002
E4F1,expr_mse_unbiased,0.010489722194725482
EEF2,expr_mse_unbiased,0.0028994491925455283
EFR3A,expr_mse_unbiased,0.006171627790474648
EIF3B,expr_mse_unbiased,0.08325023940408598
EIF4B,expr_mse_unbiased,0.0019100108596681311
EIF4H,expr_mse_unbiased,0.0015672283047892877
ELL,expr_mse_unbiased,0.00471238038088492
ELOVL1,expr_mse_unbiased,5.864744506258892e-05
EPRS,expr_mse_unbiased,0.040593895799626044
EXOC5,expr_mse_unbiased,0.0012071798725976257
EXOSC3,expr_mse_unbiased,0.029621207641853654
EXOSC7,expr_mse_unbiased,0.009415372699445158
FAM136A,expr_mse_unbiased,0.0035952217530915245
FAU,expr_mse_unbiased,0.056195714550010274
FBRSL1,expr_mse_unbiased,0.01481216134928131
FBXL14,expr_mse_unbiased,0.00991207070080249
FNTA,expr_mse_unbiased,0.01139795862190771
FOXS1,expr_mse_unbiased,0.0016693782269256064
GCLC,expr_mse_unbiased,-0.0008884647739824033
GINS1,expr_mse_unbiased,0.011639204895875293
GINS2,expr_mse_unbiased,0.008829041844940608
GPN1,expr_mse_unbiased,0.02176669081856408
GTF2H4,expr_mse_unbiased,0.0048790867345731076
GTF3C1,expr_mse_unbiased,-0.00034603173640857936
GTF3C6,expr_mse_unbiased,0.00048475481540751614
GYG1,expr_mse_unbiased,-0.0010164970785173494
HARS,expr_mse_unbiased,0.04539130426739163
HAUS8,expr_mse_unbiased,-1.8908613585405205e-05
HHEX,expr_mse_unbiased,0.002566986459015465
HJURP,expr_mse_unbiased,0.0016881793574988937
HMBOX1,expr_mse_unbiased,0.0006868081766970108
HNRNPA1,expr_mse_unbiased,0.002815770986111503
HNRNPK,expr_mse_unbiased,0.02618118394218335
HOXA3,expr_mse_unbiased,0.00040757318509090164
HSPE1,expr_mse_unbiased,0.031614021525602574
INTS1,expr_mse_unbiased,-0.0007618092476461794
INTS3,expr_mse_unbiased,0.01591929893261565
INTS4,expr_mse_unbiased,0.03508869974944507
INTS9,expr_mse_unbiased,0.017539729721096606
IPO7,expr_mse_unbiased,0.003175492906365057
ISCU,expr_mse_unbiased,0.0024483704291477634
ISG20L2,expr_mse_unbiased,0.04086600591217558
JMJD6,expr_mse_unbiased,-0.0011314294288268475
KIF11,expr_mse_unbiased,0.0006359544181168188
LRR1,expr_mse_unbiased,0.004742603537782662
LRRC37A3,expr_mse_unbiased,0.0022453874460078645
LSM5,expr_mse_unbiased,0.01327285059596395
LST1,expr_mse_unbiased,0.006060740411204853
LTBP3,expr_mse_unbiased,-6.407004101242363e-06
LTV1,expr_mse_unbiased,0.05927927316143275
MBTPS1,expr_mse_unbiased,0.005505623581811227
MBTPS2,expr_mse_unbiased,0.002330310955779005
MCM3AP,expr_mse_unbiased,0.004145356415630725
MCMBP,expr_mse_unbiased,0.008956948650676207
MDN1,expr_mse_unbiased,0.05746701135673358
MED21,expr_mse_unbiased,0.023877452339268867
MEIS3,expr_mse_unbiased,0.005681581751151686
MFN2,expr_mse_unbiased,0.001429475132839142
MIER1,expr_mse_unbiased,0.0015029904726675844
MKRN1,expr_mse_unbiased,0.0004528887829555459
MLLT6,expr_mse_unbiased,0.008465912963665818
MPHOSPH10,expr_mse_unbiased,0.028924671553982338
MRPL35,expr_mse_unbiased,0.010020858236208532
MRPL36,expr_mse_unbiased,0.007632568220892257
MRPL38,expr_mse_unbiased,0.002045290327840318
MRPS17,expr_mse_unbiased,0.002381579823618968
MRPS6,expr_mse_unbiased,0.0018755602275429724
MTBP,expr_mse_unbiased,0.02868259815906898
MVK,expr_mse_unbiased,0.0003717546948799144
MYBBP1A,expr_mse_unbiased,0.0324101684029798
MYBL2,expr_mse_unbiased,0.00566303204940763
NAA35,expr_mse_unbiased,0.003009606579496805
NAA50,expr_mse_unbiased,0.001215112890911756
NAGLU,expr_mse_unbiased,-0.00016706860903104812
NARS,expr_mse_unbiased,0.03395814958850832
NBEAL1,expr_mse_unbiased,-0.0016499387679102316
NCAPD2,expr_mse_unbiased,0.00013965503281447719
NFRKB,expr_mse_unbiased,0.003564305651632405
NFYB,expr_mse_unbiased,0.0037418651320831747
NFYC,expr_mse_unbiased,0.020482490111307126
NOC4L,expr_mse_unbiased,0.029275481334476924
NOMO1,expr_mse_unbiased,0.0005150249921958921
NRBP1,expr_mse_unbiased,0.006475557125184617
NUP153,expr_mse_unbiased,0.004843623720802033
NUP160,expr_mse_unbiased,0.01810083802395727
NUP35,expr_mse_unbiased,0.0017282118374207186
NUP88,expr_mse_unbiased,0.00824116927117003
NVL,expr_mse_unbiased,0.05928738929248096
OGFOD1,expr_mse_unbiased,0.0073110486672419575
OLFML3,expr_mse_unbiased,0.0016016954792257077
OR1E2,expr_mse_unbiased,0.0016947010648057203
ORC1,expr_mse_unbiased,0.008603151340827472
ORC5,expr_mse_unbiased,0.0027681066620821497
PARS2,expr_mse_unbiased,0.003320994031928726
PC,expr_mse_unbiased,-0.0015057054617959266
PCBP1,expr_mse_unbiased,0.01940299359131521
PDCD6IP,expr_mse_unbiased,-0.0005065023364806557
PEX19,expr_mse_unbiased,0.0031336823547169
PGAM5,expr_mse_unbiased,0.006150309601152513
PGK1,expr_mse_unbiased,0.0007497998508936395
PHF10,expr_mse_unbiased,0.020221276021795236
PI4KA,expr_mse_unbiased,0.002746692290251814
POLR1D,expr_mse_unbiased,0.026153346154598
POLR2C,expr_mse_unbiased,0.0436764270091351
POLR2I,expr_mse_unbiased,0.06929403935110354
POLR2K,expr_mse_unbiased,0.025897408699752458
POLR2M,expr_mse_unbiased,0.006346180933477409
POLR3E,expr_mse_unbiased,0.0016528589484132682
POP1,expr_mse_unbiased,0.03976435067536654
POP4,expr_mse_unbiased,0.0390811270162489
PPP1R8,expr_mse_unbiased,0.0057435948773649605
PPP2R1A,expr_mse_unbiased,0.002157064656464958
PPP6C,expr_mse_unbiased,0.0061291584855287995
PRODH,expr_mse_unbiased,-0.0007405556305416137
PRPF6,expr_mse_unbiased,0.012959842604935079
PRSS50,expr_mse_unbiased,7.880870862195537e-05
PSMB2,expr_mse_unbiased,0.13303677915323964
PSMB5,expr_mse_unbiased,0.14009935638705198
PSMC4,expr_mse_unbiased,0.12248271511736085
PSMD14,expr_mse_unbiased,0.06974616790485103
PSMG3,expr_mse_unbiased,0.004317720332246823
PTPN1,expr_mse_unbiased,0.004094946640277806
PUF60,expr_mse_unbiased,0.014653269237633972
PXN,expr_mse_unbiased,0.0035430882956644615
RAB4A,expr_mse_unbiased,0.0014529508652715685
RABGGTB,expr_mse_unbiased,0.016582854590098662
RARS,expr_mse_unbiased,0.013367182290329852
RBBP5,expr_mse_unbiased,0.018347947273995142
RBM14-RBM4,expr_mse_unbiased,0.007922821264939203
RBM48,expr_mse_unbiased,0.005163121756023271
RBX1,expr_mse_unbiased,0.01057303296313025
RCC1,expr_mse_unbiased,0.00202459617437452
RFC2,expr_mse_unbiased,0.01194973703785988
RHPN1,expr_mse_unbiased,-0.001303915117505107
RNASEH2C,expr_mse_unbiased,0.0017261049565378728
RNF123,expr_mse_unbiased,-0.0011585275503961513
RNF31,expr_mse_unbiased,0.0035203676312507474
RNMT,expr_mse_unbiased,0.005170191792740216
RNPS1,expr_mse_unbiased,-0.001433237541697607
RPA3,expr_mse_unbiased,0.04110223944914416
RPAP1,expr_mse_unbiased,0.07199666930381488
RPAP2,expr_mse_unbiased,0.032352472840715865
RPAP3,expr_mse_unbiased,0.0153362132471365
RPL18A,expr_mse_unbiased,0.05342430486341991
RPL35,expr_mse_unbiased,0.10590689101208509
RPL36A,expr_mse_unbiased,0.01432769681835655
RPL4,expr_mse_unbiased,0.09548710300110577
RPL41,expr_mse_unbiased,0.0007952861072516173
RPP30,expr_mse_unbiased,0.020980892260686952
RPS20,expr_mse_unbiased,0.06621775083874681
RPS24,expr_mse_unbiased,0.04529555512432799
RPS27A,expr_mse_unbiased,0.06284536760701495
RPS6,expr_mse_unbiased,0.05633670590640982
RRP7A,expr_mse_unbiased,0.02602416083701319
RSL1D1,expr_mse_unbiased,0.008272558138120886
SART1,expr_mse_unbiased,0.06735251654565999
SCAF1,expr_mse_unbiased,0.013866118235666658
SCFD1,expr_mse_unbiased,0.016811304775724262
SDAD1,expr_mse_unbiased,0.061181245341288784
SEH1L,expr_mse_unbiased,0.003885487355463857
SEPHS2,expr_mse_unbiased,-0.00048634611713703854
SEPSECS,expr_mse_unbiased,-0.00012359448772230805
SETD1A,expr_mse_unbiased,0.04376175032706762
SETX,expr_mse_unbiased,0.002678826417863447
SF3B5,expr_mse_unbiased,0.05555849051923252
SLC7A6OS,expr_mse_unbiased,0.021203824631448466
SLU7,expr_mse_unbiased,0.020847978828872096
SNAPC5,expr_mse_unbiased,-0.002116418595624866
SNRNP48,expr_mse_unbiased,0.011283450241686997
SNRPC,expr_mse_unbiased,0.032535256897409444
SRCAP,expr_mse_unbiased,0.0028793882871901177
SRP14,expr_mse_unbiased,0.002510931300545187
SRP54,expr_mse_unbiased,0.02077737352575128
SRP72,expr_mse_unbiased,0.006577856048966042
SRP9,expr_mse_unbiased,0.0009616253084412025
SRRM1,expr_mse_unbiased,-0.0010677531118661729
SYMPK,expr_mse_unbiased,0.07628252181250124
SYNGR3,expr_mse_unbiased,0.0022018761256126533
TAF10,expr_mse_unbiased,0.025942718706173522
TAF3,expr_mse_unbiased,0.009903518835954738
TAF5,expr_mse_unbiased,0.028906488577500056
TAF7,expr_mse_unbiased,0.022502535881451062
TANGO6,expr_mse_unbiased,0.022820231866882992
TARS2,expr_mse_unbiased,0.005558563526431254
TBC1D28,expr_mse_unbiased,-4.794030382902136e-05
TBCD,expr_mse_unbiased,0.0031473434605769597
TBCE,expr_mse_unbiased,0.00027791606525725675
TBPL1,expr_mse_unbiased,0.000491723630982382
TERF2,expr_mse_unbiased,0.022918608510137963
TIMM10,expr_mse_unbiased,0.0013147074722004203
TKT,expr_mse_unbiased,0.0004619869573908276
TMX2,expr_mse_unbiased,0.006223547344107947
TNNT2,expr_mse_unbiased,0.0010471292170255119
TNRC6A,expr_mse_unbiased,0.004810172084140728
TPR,expr_mse_unbiased,0.016506153465577475
TRAPPC5,expr_mse_unbiased,0.009776479169054053
TSEN2,expr_mse_unbiased,0.002517008836604232
TSPYL5,expr_mse_unbiased,0.0035630634920783806
TUBD1,expr_mse_unbiased,0.002566893365759736
TUBGCP2,expr_mse_unbiased,0.008059152623720789
TUT1,expr_mse_unbiased,0.003088910703925427
UBA52,expr_mse_unbiased,0.01874976879722898
UBE2L3,expr_mse_unbiased,-0.00031239230757080394
UBQLN4,expr_mse_unbiased,0.016558019594828593
UHRF1,expr_mse_unbiased,0.010009220491610417
UQCRC1,expr_mse_unbiased,0.0012585248913533865
URI1,expr_mse_unbiased,0.02027256888092466
USP14,expr_mse_unbiased,0.0008011107575894915
USP37,expr_mse_unbiased,0.0033818768457820362
USP39,expr_mse_unbiased,0.0198671747451658
UTP15,expr_mse_unbiased,0.060263554608840385
UTP20,expr_mse_unbiased,0.02876718314496784
VARS,expr_mse_unbiased,0.04164093008138718
VPS54,expr_mse_unbiased,0.0007404108164834083
WBP11,expr_mse_unbiased,0.004371277880677985
WDHD1,expr_mse_unbiased,0.0028695979137767433
WDR26,expr_mse_unbiased,0.0038609532606171406
WDR43,expr_mse_unbiased,0.04535061972422085
WDTC1,expr_mse_unbiased,0.00667155284246295
WTAP,expr_mse_unbiased,0.001298301086486361
YRDC,expr_mse_unbiased,-6.419603422166307e-05
YTHDC1,expr_mse_unbiased,0.028072174558407513
ZC3H13,expr_mse_unbiased,0.033055841145168456
ZCCHC9,expr_mse_unbiased,0.040358755270773955
ZMAT2,expr_mse_unbiased,0.0168924337386919
ZNF207,expr_mse_unbiased,0.009511886967338968
ZNF720,expr_mse_unbiased,-0.0022732249132747366
ZNF763,expr_mse_unbiased,0.0009850912488487168
ZNF84,expr_mse_unbiased,0.028980316279553293
ZNRD1,expr_mse_unbiased,0.011322382097244808
ACIN1,expr_mse_unbiased_capped,0.002753013239082073
ACTR2,expr_mse_unbiased_capped,-0.00022266677646567715
ACTR6,expr_mse_unbiased_capped,0.010166158577081056
ADAM10,expr_mse_unbiased_capped,0.009085040212872328
AGBL5,expr_mse_unbiased_capped,0.005597075488589314
AKIRIN2,expr_mse_unbiased_capped,0.005978489114505516
ANAPC13,expr_mse_unbiased_capped,0.0017347211049518754
ATP11B,expr_mse_unbiased_capped,0.015723948508310586
ATP2A2,expr_mse_unbiased_capped,0.0032751832160644923
ATP5MF,expr_mse_unbiased_capped,0.01375282701359722
AURKAIP1,expr_mse_unbiased_capped,0.0011840894929705736
BARD1,expr_mse_unbiased_capped,-0.0007539984554406269
BCAR1,expr_mse_unbiased_capped,0.00018786390692516935
BMS1,expr_mse_unbiased_capped,0.03329325578752991
BORA,expr_mse_unbiased_capped,0.0021764277303396697
BPTF,expr_mse_unbiased_capped,0.007170030159936001
BRD2,expr_mse_unbiased_capped,0.004489956238072023
BTF3,expr_mse_unbiased_capped,0.004023034836202492
C16orf86,expr_mse_unbiased_capped,-0.000999447550105409
C6orf15,expr_mse_unbiased_capped,-0.00046762779850780374
C7orf26,expr_mse_unbiased_capped,0.0062200734550883555
CA5A,expr_mse_unbiased_capped,0.0001902644864074848
CABIN1,expr_mse_unbiased_capped,0.0025216841918109475
CACNB3,expr_mse_unbiased_capped,-0.0005744925715032926
CADM4,expr_mse_unbiased_capped,0.00028399005013143695
CBLN1,expr_mse_unbiased_capped,0.0015619501798150106
CBX1,expr_mse_unbiased_capped,-0.0010505627712538994
CCDC130,expr_mse_unbiased_capped,0.0010569612488292946
CCNK,expr_mse_unbiased_capped,0.0014599173812196462
CDC20,expr_mse_unbiased_capped,0.002121674340614026
CDC6,expr_mse_unbiased_capped,0.024995769830805613
CDCA5,expr_mse_unbiased_capped,0.005514636437618601
CENPJ,expr_mse_unbiased_capped,0.030251642124983925
CENPK,expr_mse_unbiased_capped,0.0017503857045906024
CENPP,expr_mse_unbiased_capped,0.021316998761601588
CEP85,expr_mse_unbiased_capped,0.0001090682074769291
CFDP1,expr_mse_unbiased_capped,0.0008179512876606586
CHMP6,expr_mse_unbiased_capped,0.04080066419836666
CHTF18,expr_mse_unbiased_capped,0.00021182251410203212
CKAP5,expr_mse_unbiased_capped,0.00010856547986883125
COG6,expr_mse_unbiased_capped,0.0009159366807387593
COPS2,expr_mse_unbiased_capped,0.015993189931420244
COPS4,expr_mse_unbiased_capped,0.018622935565101615
CPSF1,expr_mse_unbiased_capped,0.0139598665265634
CPSF3,expr_mse_unbiased_capped,0.012410555930082024
CSE1L,expr_mse_unbiased_capped,0.03849443394069363
CSH2,expr_mse_unbiased_capped,0.0014208926843770557
CSNK2B,expr_mse_unbiased_capped,0.02069906034095639
CSTF1,expr_mse_unbiased_capped,0.009206108201169344
CSTF3,expr_mse_unbiased_capped,0.025309599287462087
CTU2,expr_mse_unbiased_capped,0.0025362525313573064
CUL7,expr_mse_unbiased_capped,0.02087898341479511
CYS1,expr_mse_unbiased_capped,0.0003164437769881389
DAP3,expr_mse_unbiased_capped,0.005939233595278128
DCTN1,expr_mse_unbiased_capped,0.002295015417702678
DCUN1D5,expr_mse_unbiased_capped,0.029584352870077775
DDX19B,expr_mse_unbiased_capped,-0.0004267499554558158
DDX21,expr_mse_unbiased_capped,0.03530834059797234
DDX27,expr_mse_unbiased_capped,0.02041476645863996
DDX5,expr_mse_unbiased_capped,0.008065002352390405
DENR,expr_mse_unbiased_capped,0.004007931208307465
DESI1,expr_mse_unbiased_capped,0.0039671815575739065
DHX16,expr_mse_unbiased_capped,0.03932006791822189
DHX37,expr_mse_unbiased_capped,0.005938915947726948
DNAJA1,expr_mse_unbiased_capped,-0.0006664297631944403
DNAJA3,expr_mse_unbiased_capped,0.0035871685028630875
DNTTIP2,expr_mse_unbiased_capped,0.06849617119874865
DYNC1I2,expr_mse_unbiased_capped,0.0013604565695386653
DYNLL2,expr_mse_unbiased_capped,0.002073103340847002
E4F1,expr_mse_unbiased_capped,0.010489722194725482
EEF2,expr_mse_unbiased_capped,0.0028994491925455283
EFR3A,expr_mse_unbiased_capped,0.006171627790474648
EIF3B,expr_mse_unbiased_capped,0.08325023940408598
EIF4B,expr_mse_unbiased_capped,0.0019100108596681311
EIF4H,expr_mse_unbiased_capped,0.0015672283047892877
ELL,expr_mse_unbiased_capped,0.00471238038088492
ELOVL1,expr_mse_unbiased_capped,5.864744506258892e-05
EPRS,expr_mse_unbiased_capped,0.040593895799626044
EXOC5,expr_mse_unbiased_capped,0.0012071798725976257
EXOSC3,expr_mse_unbiased_capped,0.029621207641853654
EXOSC7,expr_mse_unbiased_capped,0.009415372699445158
FAM136A,expr_mse_unbiased_capped,0.0035952217530915245
FAU,expr_mse_unbiased_capped,0.056195714550010274
FBRSL1,expr_mse_unbiased_capped,0.01481216134928131
FBXL14,expr_mse_unbiased_capped,0.00991207070080249
FNTA,expr_mse_unbiased_capped,0.01139795862190771
FOXS1,expr_mse_unbiased_capped,0.0016693782269256064
GCLC,expr_mse_unbiased_capped,-0.0008884647739824033
GINS1,expr_mse_unbiased_capped,0.011639204895875293
GINS2,expr_mse_unbiased_capped,0.008829041844940608
GPN1,expr_mse_unbiased_capped,0.02176669081856408
GTF2H4,expr_mse_unbiased_capped,0.0048790867345731076
GTF3C1,expr_mse_unbiased_capped,-0.00034603173640857936
GTF3C6,expr_mse_unbiased_capped,0.00048475481540751614
GYG1,expr_mse_unbiased_capped,-0.0010164970785173494
HARS,expr_mse_unbiased_capped,0.04539130426739163
HAUS8,expr_mse_unbiased_capped,-1.8908613585405205e-05
HHEX,expr_mse_unbiased_capped,0.002566986459015465
HJURP,expr_mse_unbiased_capped,0.0016881793574988937
HMBOX1,expr_mse_unbiased_capped,0.0011434186795791293
HNRNPA1,expr_mse_unbiased_capped,0.002815770986111503
HNRNPK,expr_mse_unbiased_capped,0.02618118394218335
HOXA3,expr_mse_unbiased_capped,0.00040757318509090164
HSPE1,expr_mse_unbiased_capped,0.031614021525602574
INTS1,expr_mse_unbiased_capped,-0.0007618092476461794
INTS3,expr_mse_unbiased_capped,0.01591929893261565
INTS4,expr_mse_unbiased_capped,0.03508869974944507
INTS9,expr_mse_unbiased_capped,0.017539729721096606
IPO7,expr_mse_unbiased_capped,0.003175492906365057
ISCU,expr_mse_unbiased_capped,0.0024483704291477634
ISG20L2,expr_mse_unbiased_capped,0.04102460001445179
JMJD6,expr_mse_unbiased_capped,-0.0011314294288268475
KIF11,expr_mse_unbiased_capped,0.0006359544181168188
LRR1,expr_mse_unbiased_capped,0.004742603537782662
LRRC37A3,expr_mse_unbiased_capped,0.0022453874460078645
LSM5,expr_mse_unbiased_capped,0.01327285059596395
LST1,expr_mse_unbiased_capped,0.006060740411204853
LTBP3,expr_mse_unbiased_capped,-6.407004101242363e-06
LTV1,expr_mse_unbiased_capped,0.05927927316143275
MBTPS1,expr_mse_unbiased_capped,0.005505623581811227
MBTPS2,expr_mse_unbiased_capped,0.002330310955779005
MCM3AP,expr_mse_unbiased_capped,0.004145356415630725
MCMBP,expr_mse_unbiased_capped,0.008956948650676207
MDN1,expr_mse_unbiased_capped,0.05768073152740341
MED21,expr_mse_unbiased_capped,0.023877452339268867
MEIS3,expr_mse_unbiased_capped,0.005681581751151686
MFN2,expr_mse_unbiased_capped,0.001429475132839142
MIER1,expr_mse_unbiased_capped,0.0015029904726675844
MKRN1,expr_mse_unbiased_capped,0.0004528887829555459
MLLT6,expr_mse_unbiased_capped,0.008465912963665818
MPHOSPH10,expr_mse_unbiased_capped,0.028924671553982338
MRPL35,expr_mse_unbiased_capped,0.010020858236208532
MRPL36,expr_mse_unbiased_capped,0.007632568220892257
MRPL38,expr_mse_unbiased_capped,0.002045290327840318
MRPS17,expr_mse_unbiased_capped,0.002381579823618968
MRPS6,expr_mse_unbiased_capped,0.0018755602275429724
MTBP,expr_mse_unbiased_capped,0.02868259815906898
MVK,expr_mse_unbiased_capped,0.0003717546948799144
MYBBP1A,expr_mse_unbiased_capped,0.0324101684029798
MYBL2,expr_mse_unbiased_capped,0.00566303204940763
NAA35,expr_mse_unbiased_capped,0.003009606579496805
NAA50,expr_mse_unbiased_capped,0.001215112890911756
NAGLU,expr_mse_unbiased_capped,-0.00016706860903104812
NARS,expr_mse_unbiased_capped,0.03395814958850832
NBEAL1,expr_mse_unbiased_capped,-0.0016499387679102316
NCAPD2,expr_mse_unbiased_capped,0.00013965503281447719
NFRKB,expr_mse_unbiased_capped,0.003564305651632405
NFYB,expr_mse_unbiased_capped,0.0037418651320831747
NFYC,expr_mse_unbiased_capped,0.020482490111307126
NOC4L,expr_mse_unbiased_capped,0.029275481334476924
NOMO1,expr_mse_unbiased_capped,0.0005150249921958921
NRBP1,expr_mse_unbiased_capped,0.006475557125184617
NUP153,expr_mse_unbiased_capped,0.004843623720802033
NUP160,expr_mse_unbiased_capped,0.01810083802395727
NUP35,expr_mse_unbiased_capped,0.0017282118374207186
NUP88,expr_mse_unbiased_capped,0.00824116927117003
NVL,expr_mse_unbiased_capped,0.05928738929248096
OGFOD1,expr_mse_unbiased_capped,0.0073110486672419575
OLFML3,expr_mse_unbiased_capped,0.0016016954792257077
OR1E2,expr_mse_unbiased_capped,0.0016947010648057203
ORC1,expr_mse_unbiased_capped,0.008603151340827472
ORC5,expr_mse_unbiased_capped,0.0027681066620821497
PARS2,expr_mse_unbiased_capped,0.003320994031928726
PC,expr_mse_unbiased_capped,-0.0015057054617959266
PCBP1,expr_mse_unbiased_capped,0.01940299359131521
PDCD6IP,expr_mse_unbiased_capped,-0.0005065023364806557
PEX19,expr_mse_unbiased_capped,0.0031336823547169
PGAM5,expr_mse_unbiased_capped,0.006150309601152513
PGK1,expr_mse_unbiased_capped,0.0007497998508936395
PHF10,expr_mse_unbiased_capped,0.020221276021795236
PI4KA,expr_mse_unbiased_capped,0.002746692290251814
POLR1D,expr_mse_unbiased_capped,0.026153346154598
POLR2C,expr_mse_unbiased_capped,0.0436764270091351
POLR2I,expr_mse_unbiased_capped,0.06929403935110354
POLR2K,expr_mse_unbiased_capped,0.025897408699752458
POLR2M,expr_mse_unbiased_capped,0.006346180933477409
POLR3E,expr_mse_unbiased_capped,0.006294856445928636
POP1,expr_mse_unbiased_capped,0.03976435067536654
POP4,expr_mse_unbiased_capped,0.0390811270162489
PPP1R8,expr_mse_unbiased_capped,0.0057435948773649605
PPP2R1A,expr_mse_unbiased_capped,0.002157064656464958
PPP6C,expr_mse_unbiased_capped,0.0061291584855287995
PRODH,expr_mse_unbiased_capped,-0.0007405556305416137
PRPF6,expr_mse_unbiased_capped,0.012959842604935079
PRSS50,expr_mse_unbiased_capped,7.880870862195537e-05
PSMB2,expr_mse_unbiased_capped,0.13303677915323964
PSMB5,expr_mse_unbiased_capped,0.14009935638705198
PSMC4,expr_mse_unbiased_capped,0.12248271511736085
PSMD14,expr_mse_unbiased_capped,0.06974616790485103
PSMG3,expr_mse_unbiased_capped,0.004317720332246823
PTPN1,expr_mse_unbiased_capped,0.004094946640277806
PUF60,expr_mse_unbiased_capped,0.014653269237633972
PXN,expr_mse_unbiased_capped,0.0035430882956644615
RAB4A,expr_mse_unbiased_capped,0.0014529508652715685
RABGGTB,expr_mse_unbiased_capped,0.016582854590098662
RARS,expr_mse_unbiased_capped,0.013367182290329852
RBBP5,expr_mse_unbiased_capped,0.018347947273995142
RBM14-RBM4,expr_mse_unbiased_capped,0.007922821264939203
RBM48,expr_mse_unbiased_capped,0.005163121756023271
RBX1,expr_mse_unbiased_capped,0.01057303296313025
RCC1,expr_mse_unbiased_capped,0.00202459617437452
RFC2,expr_mse_unbiased_capped,0.012454813243455942
RHPN1,expr_mse_unbiased_capped,-0.001303915117505107
RNASEH2C,expr_mse_unbiased_capped,0.0017261049565378728
RNF123,expr_mse_unbiased_capped,-0.0011585275503961513
RNF31,expr_mse_unbiased_capped,0.0035203676312507474
RNMT,expr_mse_unbiased_capped,0.005170191792740216
RNPS1,expr_mse_unbiased_capped,-0.001433237541697607
RPA3,expr_mse_unbiased_capped,0.04110223944914416
RPAP1,expr_mse_unbiased_capped,0.07199666930381488
RPAP2,expr_mse_unbiased_capped,0.032352472840715865
RPAP3,expr_mse_unbiased_capped,0.0153362132471365
RPL18A,expr_mse_unbiased_capped,0.05342430486341991
RPL35,expr_mse_unbiased_capped,0.10590689101208509
RPL36A,expr_mse_unbiased_capped,0.01432769681835655
RPL4,expr_mse_unbiased_capped,0.09548710300110577
RPL41,expr_mse_unbiased_capped,0.0007952861072516173
RPP30,expr_mse_unbiased_capped,0.020980892260686952
RPS20,expr_mse_unbiased_capped,0.06621775083874681
RPS24,expr_mse_unbiased_capped,0.04529555512432799
RPS27A,expr_mse_unbiased_capped,0.06284536760701495
RPS6,expr_mse_unbiased_capped,0.05633670590640982
RRP7A,expr_mse_unbiased_capped,0.02602416083701319
RSL1D1,expr_mse_unbiased_capped,0.008272558138120886
SART1,expr_mse_unbiased_capped,0.06735251654565999
SCAF1,expr_mse_unbiased_capped,0.013866118235666658
SCFD1,expr_mse_unbiased_capped,0.016811304775724262
SDAD1,expr_mse_unbiased_capped,0.061181245341288784
SEH1L,expr_mse_unbiased_capped,0.003885487355463857
SEPHS2,expr_mse_unbiased_capped,-0.00048634611713703854
SEPSECS,expr_mse_unbiased_capped,-0.00012359448772230805
SETD1A,expr_mse_unbiased_capped,0.04376175032706762
SETX,expr_mse_unbiased_capped,0.002678826417863447
SF3B5,expr_mse_unbiased_capped,0.05555849051923252
SLC7A6OS,expr_mse_unbiased_capped,0.021203824631448466
SLU7,expr_mse_unbiased_capped,0.020847978828872096
SNAPC5,expr_mse_unbiased_capped,-0.002116418595624866
SNRNP48,expr_mse_unbiased_capped,0.011283450241686997
SNRPC,expr_mse_unbiased_capped,0.032535256897409444
SRCAP,expr_mse_unbiased_capped,0.0028793882871901177
SRP14,expr_mse_unbiased_capped,0.002510931300545187
SRP54,expr_mse_unbiased_capped,0.02077737352575128
SRP72,expr_mse_unbiased_capped,0.006577856048966042
SRP9,expr_mse_unbiased_capped,0.0009616253084412025
SRRM1,expr_mse_unbiased_capped,-0.0010677531118661729
SYMPK,expr_mse_unbiased_capped,0.07628252181250124
SYNGR3,expr_mse_unbiased_capped,0.0022018761256126533
TAF10,expr_mse_unbiased_capped,0.025942718706173522
TAF3,expr_mse_unbiased_capped,0.009903518835954738
TAF5,expr_mse_unbiased_capped,0.028906488577500056
TAF7,expr_mse_unbiased_capped,0.022502535881451062
TANGO6,expr_mse_unbiased_capped,0.022820231866882992
TARS2,expr_mse_unbiased_capped,0.005558563526431254
TBC1D28,expr_mse_unbiased_capped,-4.794030382902136e-05
TBCD,expr_mse_unbiased_capped,0.0031473434605769597
TBCE,expr_mse_unbiased_capped,0.00027791606525725675
TBPL1,expr_mse_unbiased_capped,0.000491723630982382
TERF2,expr_mse_unbiased_capped,0.022918608510137963
TIMM10,expr_mse_unbiased_capped,0.0013147074722004203
TKT,expr_mse_unbiased_capped,0.0004619869573908276
TMX2,expr_mse_unbiased_capped,0.006223547344107947
TNNT2,expr_mse_unbiased_capped,0.0010471292170255119
TNRC6A,expr_mse_unbiased_capped,0.004810172084140728
TPR,expr_mse_unbiased_capped,0.016506153465577475
TRAPPC5,expr_mse_unbiased_capped,0.009776479169054053
TSEN2,expr_mse_unbiased_capped,0.002517008836604232
TSPYL5,expr_mse_unbiased_capped,0.0035630634920783806
TUBD1,expr_mse_unbiased_capped,0.002566893365759736
TUBGCP2,expr_mse_unbiased_capped,0.008059152623720789
TUT1,expr_mse_unbiased_capped,0.003088910703925427
UBA52,expr_mse_unbiased_capped,0.01874976879722898
UBE2L3,expr_mse_unbiased_capped,-0.00031239230757080394
UBQLN4,expr_mse_unbiased_capped,0.016558019594828593
UHRF1,expr_mse_unbiased_capped,0.010009220491610417
UQCRC1,expr_mse_unbiased_capped,0.0012585248913533865
URI1,expr_mse_unbiased_capped,0.02027256888092466
USP14,expr_mse_unbiased_capped,0.0008011107575894915
USP37,expr_mse_unbiased_capped,0.0033818768457820362
USP39,expr_mse_unbiased_capped,0.0198671747451658
UTP15,expr_mse_unbiased_capped,0.060263554608840385
UTP20,expr_mse_unbiased_capped,0.02876718314496784
VARS,expr_mse_unbiased_capped,0.04164093008138718
VPS54,expr_mse_unbiased_capped,0.0007404108164834083
WBP11,expr_mse_unbiased_capped,0.004371277880677985
WDHD1,expr_mse_unbiased_capped,0.0028695979137767433
WDR26,expr_mse_unbiased_capped,0.0038609532606171406
WDR43,expr_mse_unbiased_capped,0.04535061972422085
WDTC1,expr_mse_unbiased_capped,0.00667155284246295
WTAP,expr_mse_unbiased_capped,0.001298301086486361
YRDC,expr_mse_unbiased_capped,-6.419603422166307e-05
YTHDC1,expr_mse_unbiased_capped,0.028072174558407513
ZC3H13,expr_mse_unbiased_capped,0.033055841145168456
ZCCHC9,expr_mse_unbiased_capped,0.040358755270773955
ZMAT2,expr_mse_unbiased_capped,0.0168924337386919
ZNF207,expr_mse_unbiased_capped,0.009511886967338968
ZNF720,expr_mse_unbiased_capped,-0.0022732249132747366
ZNF763,expr_mse_unbiased_capped,0.0009850912488487168
ZNF84,expr_mse_unbiased_capped,0.028980316279553293
ZNRD1,expr_mse_unbiased_capped,0.011322382097244808
ACIN1,expr_distance_unbiased,0.0028227909893302123
ACTR2,expr_distance_unbiased,-0.0004995105848169084
ACTR6,expr_distance_unbiased,0.010110965904169366
ADAM10,expr_distance_unbiased,0.008001503653288363
AGBL5,expr_distance_unbiased,0.004775381152052211
AKIRIN2,expr_distance_unbiased,0.0049990314009307505
ANAPC13,expr_distance_unbiased,0.001596648602011684
ATP11B,expr_distance_unbiased,0.01686417647678885
ATP2A2,expr_distance_unbiased,0.002733286598845978
ATP5MF,expr_distance_unbiased,0.014797897386866496
AURKAIP1,expr_distance_unbiased,0.0006025933258424366
BARD1,expr_distance_unbiased,-0.00037697807465323567
BCAR1,expr_distance_unbiased,-0.00011673135228629892
BMS1,expr_distance_unbiased,0.02828724900752045
BORA,expr_distance_unbiased,0.00012150654538912416
BPTF,expr_distance_unbiased,0.006036730647719665
BRD2,expr_distance_unbiased,0.004810899003494559
BTF3,expr_distance_unbiased,0.0022478591210001704
C16orf86,expr_distance_unbiased,-0.001011650380559604
C6orf15,expr_distance_unbiased,-0.0012822785060096645
C7orf26,expr_distance_unbiased,0.006016958137870731
CA5A,expr_distance_unbiased,6.083368644030769e-05
CABIN1,expr_distance_unbiased,0.0022068014097200036
CACNB3,expr_distance_unbiased,-0.0006617726575133679
CADM4,expr_distance_unbiased,-0.0006553051894706845
CBLN1,expr_distance_unbiased,0.0022504882010992086
CBX1,expr_distance_unbiased,-0.0003696226460091963
CCDC130,expr_distance_unbiased,0.00034742116777408406
CCNK,expr_distance_unbiased,0.00028336056958408554
CDC20,expr_distance_unbiased,0.0006313920915637727
CDC6,expr_distance_unbiased,0.022523963382476867
CDCA5,expr_distance_unbiased,0.004294090358797187
CENPJ,expr_distance_unbiased,0.02983474256898742
CENPK,expr_distance_unbiased,8.479457826234082e-05
CENPP,expr_distance_unbiased,0.019662934927468186
CEP85,expr_distance_unbiased,0.000977703921963351
CFDP1,expr_distance_unbiased,0.0017472577885790197
CHMP6,expr_distance_unbiased,0.051165402144415735
CHTF18,expr_distance_unbiased,-0.0006068734099654522
CKAP5,expr_distance_unbiased,-0.0009616116790662028
COG6,expr_distance_unbiased,0.0005093624192869508
COPS2,expr_distance_unbiased,0.016476740515616203
COPS4,expr_distance_unbiased,0.01705364095716983
CPSF1,expr_distance_unbiased,0.013553533151488753
CPSF3,expr_distance_unbiased,0.0136445389556121
CSE1L,expr_distance_unbiased,0.04611825255000384
CSH2,expr_distance_unbiased,0.001075669559700252
CSNK2B,expr_distance_unbiased,0.02019773422040226
CSTF1,expr_distance_unbiased,0.008873592642845034
CSTF3,expr_distance_unbiased,0.02921973781490489
CTU2,expr_distance_unbiased,0.003715292265418724
CUL7,expr_distance_unbiased,0.018130425909226186
CYS1,expr_distance_unbiased,0.0002159656948401308
DAP3,expr_distance_unbiased,0.0053636272756794265
DCTN1,expr_distance_unbiased,0.0011298725087277785
DCUN1D5,expr_distance_unbiased,0.028707260736159958
DDX19B,expr_distance_unbiased,-0.0006480735938165779
DDX21,expr_distance_unbiased,0.03460538526507094
DDX27,expr_distance_unbiased,0.01871437186354011
DDX5,expr_distance_unbiased,0.008221930964763622
DENR,expr_distance_unbiased,0.005477370765571489
DESI1,expr_distance_unbiased,0.004310642897563513
DHX16,expr_distance_unbiased,0.039971373520570015
DHX37,expr_distance_unbiased,0.0036635783500584503
DNAJA1,expr_distance_unbiased,-0.0010712713558252464
DNAJA3,expr_distance_unbiased,0.003780282609577373
DNTTIP2,expr_distance_unbiased,0.071528972983427
DYNC1I2,expr_distance_unbiased,0.00048547748894676215
DYNLL2,expr_distance_unbiased,0.0013596103364125387
E4F1,expr_distance_unbiased,0.010594697591455834
EEF2,expr_distance_unbiased,0.0029090108951957605
EFR3A,expr_distance_unbiased,0.0006105077358227997
EIF3B,expr_distance_unbiased,0.08589295668007016
EIF4B,expr_distance_unbiased,0.0012857176248100685
EIF4H,expr_distance_unbiased,0.0024392792542513716
ELL,expr_distance_unbiased,0.004491488645302973
ELOVL1,expr_distance_unbiased,0.00010812781997486263
EPRS,expr_distance_unbiased,0.041465146728180115
EXOC5,expr_distance_unbiased,0.0015081953433552554
EXOSC3,expr_distance_unbiased,0.02837648942269483
EXOSC7,expr_distance_unbiased,0.009308628050012925
FAM136A,expr_distance_unbiased,0.0018603180638848394
FAU,expr_distance_unbiased,0.056535791076462706
FBRSL1,expr_distance_unbiased,0.017281839874454696
FBXL14,expr_distance_unbiased,0.008488509856202682
FNTA,expr_distance_unbiased,0.01058788686322903
FOXS1,expr_distance_unbiased,0.003411330778061957
GCLC,expr_distance_unbiased,-0.000878810126302811
GINS1,expr_distance_unbiased,0.012510072958251978
GINS2,expr_distance_unbiased,0.008192468780701625
GPN1,expr_distance_unbiased,0.02460390398676388
GTF2H4,expr_distance_unbiased,0.006335305268875517
GTF3C1,expr_distance_unbiased,5.013980381955471e-05
GTF3C6,expr_distance_unbiased,0.0003407727722001627
GYG1,expr_distance_unbiased,-0.0004210959708617185
HARS,expr_distance_unbiased,0.04976025304248371
HAUS8,expr_distance_unbiased,0.00027120916865069233
HHEX,expr_distance_unbiased,0.002133924242450237
HJURP,expr_distance_unbiased,0.0008222191809167266
HMBOX1,expr_distance_unbiased,-0.00016342783401227358
HNRNPA1,expr_distance_unbiased,0.00405885984875785
HNRNPK,expr_distance_unbiased,0.027870806217453966
HOXA3,expr_distance_unbiased,0.00011410504780222297
HSPE1,expr_distance_unbiased,0.02611274799321984
INTS1,expr_distance_unbiased,6.04126984278453e-05
INTS3,expr_distance_unbiased,0.021919285605909132
INTS4,expr_distance_unbiased,0.040154759651708734
INTS9,expr_distance_unbiased,0.019355830014955562
IPO7,expr_distance_unbiased,0.0026733455456769803
ISCU,expr_distance_unbiased,0.0011828583405168894
ISG20L2,expr_distance_unbiased,0.0392857303102327
JMJD6,expr_distance_unbiased,-0.001116957743351636
KIF11,expr_distance_unbiased,0.000971671665673136
LRR1,expr_distance_unbiased,0.004133715115612271
LRRC37A3,expr_distance_unbiased,0.001280010879502872
LSM5,expr_distance_unbiased,0.014819474110690695
LST1,expr_distance_unbiased,0.005270934392329201
LTBP3,expr_distance_unbiased,0.00020097616376079164
LTV1,expr_distance_unbiased,0.06174735822211182
MBTPS1,expr_distance_unbiased,0.005565241753419781
MBTPS2,expr_distance_unbiased,0.0018170777351241452
MCM3AP,expr_distance_unbiased,0.004318596082114418
MCMBP,expr_distance_unbiased,0.008877154792993848
MDN1,expr_distance_unbiased,0.05779460912094569
MED21,expr_distance_unbiased,0.02067548574770595
MEIS3,expr_distance_unbiased,0.00590018170648152
MFN2,expr_distance_unbiased,0.0010474643298448534
MIER1,expr_distance_unbiased,0.0016737762147122615
MKRN1,expr_distance_unbiased,0.0007446048290932431
MLLT6,expr_distance_unbiased,0.007926857559516323
MPHOSPH10,expr_distance_unbiased,0.026908789161949255
MRPL35,expr_distance_unbiased,0.01106346717002758
MRPL36,expr_distance_unbiased,0.00939831442145757
MRPL38,expr_distance_unbiased,0.0028375172744604946
MRPS17,expr_distance_unbiased,0.002382901119025103
MRPS6,expr_distance_unbiased,0.0020703684603638655
MTBP,expr_distance_unbiased,0.028133664156428477
MVK,expr_distance_unbiased,0.00020505329425497424
MYBBP1A,expr_distance_unbiased,0.033327046735866075
MYBL2,expr_distance_unbiased,0.00498216659317619
NAA35,expr_distance_unbiased,0.0031891745675788697
NAA50,expr_distance_unbiased,0.0008834627665786039
NAGLU,expr_distance_unbiased,-0.0005146398014180563
NARS,expr_distance_unbiased,0.03750572728759601
NBEAL1,expr_distance_unbiased,-0.0011272651599199687
NCAPD2,expr_distance_unbiased,-0.0008468783126279679
NFRKB,expr_distance_unbiased,0.00403403088755152
NFYB,expr_distance_unbiased,0.002686521979920681
NFYC,expr_distance_unbiased,0.017514168397546256
NOC4L,expr_distance_unbiased,0.023720676878137455
NOMO1,expr_distance_unbiased,0.0009555666293355203
NRBP1,expr_distance_unbiased,0.004910903855530943
NUP153,expr_distance_unbiased,0.004294601703264809
NUP160,expr_distance_unbiased,0.018051270112175215
NUP35,expr_distance_unbiased,0.0017653324679796037
NUP88,expr_distance_unbiased,0.005996130564851082
NVL,expr_distance_unbiased,0.05879974912020717
OGFOD1,expr_distance_unbiased,0.007122428054378768
OLFML3,expr_distance_unbiased,0.0015540749958930168
OR1E2,expr_distance_unbiased,-9.414235452578822e-05
ORC1,expr_distance_unbiased,0.007668222344647622
ORC5,expr_distance_unbiased,0.0008255368513341468
PARS2,expr_distance_unbiased,0.005337014771000093
PC,expr_distance_unbiased,-0.0007354835958190448
PCBP1,expr_distance_unbiased,0.020304616264294195
PDCD6IP,expr_distance_unbiased,-0.0004945495740237615
PEX19,expr_distance_unbiased,0.002392258921336504
PGAM5,expr_distance_unbiased,0.008168374201709315
PGK1,expr_distance_unbiased,-0.0006198010016061421
PHF10,expr_distance_unbiased,0.02036405046656453
PI4KA,expr_distance_unbiased,0.002197167335789775
POLR1D,expr_distance_unbiased,0.027013305306099814
POLR2C,expr_distance_unbiased,0.04400100947419065
POLR2I,expr_distance_unbiased,0.07250191510022937
POLR2K,expr_distance_unbiased,0.021799501579191267
POLR2M,expr_distance_unbiased,0.005018413690616194
POLR3E,expr_distance_unbiased,0.0017269111192854984
POP1,expr_distance_unbiased,0.03515379510042531
POP4,expr_distance_unbiased,0.03883645784520105
PPP1R8,expr_distance_unbiased,0.004891503776405696
PPP2R1A,expr_distance_unbiased,0.002141236914225003
PPP6C,expr_distance_unbiased,0.00497387428083832
PRODH,expr_distance_unbiased,-0.0008009793196035116
PRPF6,expr_distance_unbiased,0.013526243952563868
PRSS50,expr_distance_unbiased,-0.00031328094579723397
PSMB2,expr_distance_unbiased,0.13449488210404523
PSMB5,expr_distance_unbiased,0.1384226426087398
PSMC4,expr_distance_unbiased,0.12575928344669274
PSMD14,expr_distance_unbiased,0.0672471372817245
PSMG3,expr_distance_unbiased,0.004753209515110556
PTPN1,expr_distance_unbiased,-0.0012833040640549023
PUF60,expr_distance_unbiased,0.014872292596274395
PXN,expr_distance_unbiased,0.0033333456957516166
RAB4A,expr_distance_unbiased,0.0014140391706858092
RABGGTB,expr_distance_unbiased,0.016640563343612687
RARS,expr_distance_unbiased,0.016929448021088808
RBBP5,expr_distance_unbiased,0.017382484956135532
RBM14-RBM4,expr_distance_unbiased,0.006559570571190758
RBM48,expr_distance_unbiased,0.0049049705464948076
RBX1,expr_distance_unbiased,0.010135821302505446
RCC1,expr_distance_unbiased,0.001186240430695103
RFC2,expr_distance_unbiased,0.013479701268962361
RHPN1,expr_distance_unbiased,-0.0013170128297047118
RNASEH2C,expr_distance_unbiased,0.0020209204142100927
RNF123,expr_distance_unbiased,-0.0015102870206116974
RNF31,expr_distance_unbiased,0.0033367375252867666
RNMT,expr_distance_unbiased,0.005315473734579198
RNPS1,expr_distance_unbiased,-0.00157352046365078
RPA3,expr_distance_unbiased,0.041442646207721166
RPAP1,expr_distance_unbiased,0.07666149319398596
RPAP2,expr_distance_unbiased,0.03753671382417933
RPAP3,expr_distance_unbiased,0.013133678354618733
RPL18A,expr_distance_unbiased,0.0538530083218064
RPL35,expr_distance_unbiased,0.10612794360970948
RPL36A,expr_distance_unbiased,0.013845961262140107
RPL4,expr_distance_unbiased,0.09871813074952392
RPL41,expr_distance_unbiased,-0.00013460085199458813
RPP30,expr_distance_unbiased,0.017922798985603443
RPS20,expr_distance_unbiased,0.06660597529495364
RPS24,expr_distance_unbiased,0.05064930066950338
RPS27A,expr_distance_unbiased,0.06618784262843568
RPS6,expr_distance_unbiased,0.06568921837640482
RRP7A,expr_distance_unbiased,0.022435916621471555
RSL1D1,expr_distance_unbiased,0.007859867592258622
SART1,expr_distance_unbiased,0.06976827907262803
SCAF1,expr_distance_unbiased,0.013127288126133065
SCFD1,expr_distance_unbiased,0.015474326047450894
SDAD1,expr_distance_unbiased,0.06221388972845728
SEH1L,expr_distance_unbiased,0.0024011308142575555
SEPHS2,expr_distance_unbiased,-0.00013082532713601296
SEPSECS,expr_distance_unbiased,-0.00021394374071704523
SETD1A,expr_distance_unbiased,0.04445946973045974
SETX,expr_distance_unbiased,0.001900970767184685
SF3B5,expr_distance_unbiased,0.0537733122879674
SLC7A6OS,expr_distance_unbiased,0.021800009760649292
SLU7,expr_distance_unbiased,0.019422442475749306
SNAPC5,expr_distance_unbiased,-0.0020516879378459528
SNRNP48,expr_distance_unbiased,0.011659250958726391
SNRPC,expr_distance_unbiased,0.035228963869258244
SRCAP,expr_distance_unbiased,0.0018628819346598329
SRP14,expr_distance_unbiased,0.002706234732956565
SRP54,expr_distance_unbiased,0.020050011683234628
SRP72,expr_distance_unbiased,0.007410243524230909
SRP9,expr_distance_unbiased,0.0013004824622291822
SRRM1,expr_distance_unbiased,0.0008169583020404798
SYMPK,expr_distance_unbiased,0.0755914090248508
SYNGR3,expr_distance_unbiased,0.0023340649444392415
TAF10,expr_distance_unbiased,0.027763161191701295
TAF3,expr_distance_unbiased,0.010504576705773306
TAF5,expr_distance_unbiased,0.03140434930772281
TAF7,expr_distance_unbiased,0.023119399411622277
TANGO6,expr_distance_unbiased,0.026724195545395027
TARS2,expr_distance_unbiased,0.006837914866584079
TBC1D28,expr_distance_unbiased,-0.0011698384292838909
TBCD,expr_distance_unbiased,0.0010798928540008928
TBCE,expr_distance_unbiased,4.05120226759154e-05
TBPL1,expr_distance_unbiased,-0.00039619818282775196
TERF2,expr_distance_unbiased,0.02289386377913141
TIMM10,expr_distance_unbiased,0.0015018217405161646
TKT,expr_distance_unbiased,0.00033353809607466795
TMX2,expr_distance_unbiased,0.006407826323056302
TNNT2,expr_distance_unbiased,-0.00016556433569718225
TNRC6A,expr_distance_unbiased,0.004747282714688108
TPR,expr_distance_unbiased,0.01480603091468571
TRAPPC5,expr_distance_unbiased,0.009773872325589048
TSEN2,expr_distance_unbiased,0.0028488248380464745
TSPYL5,expr_distance_unbiased,0.0028819996270639105
TUBD1,expr_distance_unbiased,0.00201145789041187
TUBGCP2,expr_distance_unbiased,0.006972915841369509
TUT1,expr_distance_unbiased,0.0026358443749894996
UBA52,expr_distance_unbiased,0.01841471869931658
UBE2L3,expr_distance_unbiased,0.00016666107203625654
UBQLN4,expr_distance_unbiased,0.016522832058523222
UHRF1,expr_distance_unbiased,0.008046136285441255
UQCRC1,expr_distance_unbiased,0.0008821425361985803
URI1,expr_distance_unbiased,0.020477016249695935
USP14,expr_distance_unbiased,0.00036339157981563264
USP37,expr_distance_unbiased,0.00550472925726129
USP39,expr_distance_unbiased,0.020179117049411728
UTP15,expr_distance_unbiased,0.05896909108993805
UTP20,expr_distance_unbiased,0.024965064453364712
VARS,expr_distance_unbiased,0.04764079497221671
VPS54,expr_distance_unbiased,0.0005623236511262792
WBP11,expr_distance_unbiased,0.004811300546228729
WDHD1,expr_distance_unbiased,0.0032582253177233594
WDR26,expr_distance_unbiased,0.0037980666263215473
WDR43,expr_distance_unbiased,0.04267817518508138
WDTC1,expr_distance_unbiased,0.004006382705490787
WTAP,expr_distance_unbiased,0.0009423573146649989
YRDC,expr_distance_unbiased,4.0311163374293085e-05
YTHDC1,expr_distance_unbiased,0.028084505375280056
ZC3H13,expr_distance_unbiased,0.04043337802045716
ZCCHC9,expr_distance_unbiased,0.03632192157711865
ZMAT2,expr_distance_unbiased,0.018132398889230808
ZNF207,expr_distance_unbiased,0.009827983611530833
ZNF720,expr_distance_unbiased,-0.0026239755467611673
ZNF763,expr_distance_unbiased,0.0011549958638492836
ZNF84,expr_distance_unbiased,0.02761604687789044
ZNRD1,expr_distance_unbiased,0.008477240900911112
ACIN1,expr_real_mass_ratio,0.9999999999999997
ACTR2,expr_real_mass_ratio,1.0
ACTR6,expr_real_mass_ratio,1.0
ADAM10,expr_real_mass_ratio,1.0000000000000002
AGBL5,expr_real_mass_ratio,1.0
AKIRIN2,expr_real_mass_ratio,1.0000000000000002
ANAPC13,expr_real_mass_ratio,1.0
ATP11B,expr_real_mass_ratio,1.0
ATP2A2,expr_real_mass_ratio,1.0
ATP5MF,expr_real_mass_ratio,1.0
AURKAIP1,expr_real_mass_ratio,1.0
BARD1,expr_real_mass_ratio,1.0
BCAR1,expr_real_mass_ratio,0.9999999999999999
BMS1,expr_real_mass_ratio,1.0
BORA,expr_real_mass_ratio,1.0
BPTF,expr_real_mass_ratio,1.0
BRD2,expr_real_mass_ratio,1.0
BTF3,expr_real_mass_ratio,1.0
C16orf86,expr_real_mass_ratio,1.0
C6orf15,expr_real_mass_ratio,1.0
C7orf26,expr_real_mass_ratio,1.0
CA5A,expr_real_mass_ratio,1.0
CABIN1,expr_real_mass_ratio,1.0
CACNB3,expr_real_mass_ratio,1.0
CADM4,expr_real_mass_ratio,0.9999999999999999
CBLN1,expr_real_mass_ratio,0.9999999999999999
CBX1,expr_real_mass_ratio,1.0
CCDC130,expr_real_mass_ratio,1.0
CCNK,expr_real_mass_ratio,1.0
CDC20,expr_real_mass_ratio,1.0
CDC6,expr_real_mass_ratio,1.0
CDCA5,expr_real_mass_ratio,0.9999999999999999
CENPJ,expr_real_mass_ratio,0.9999999999999999
CENPK,expr_real_mass_ratio,1.0000000000000002
CENPP,expr_real_mass_ratio,1.0
CEP85,expr_real_mass_ratio,1.0
CFDP1,expr_real_mass_ratio,1.0
CHMP6,expr_real_mass_ratio,1.0
CHTF18,expr_real_mass_ratio,1.0
CKAP5,expr_real_mass_ratio,1.0
COG6,expr_real_mass_ratio,1.0
COPS2,expr_real_mass_ratio,1.0
COPS4,expr_real_mass_ratio,1.0
CPSF1,expr_real_mass_ratio,1.0
CPSF3,expr_real_mass_ratio,1.0
CSE1L,expr_real_mass_ratio,1.0000000000000002
CSH2,expr_real_mass_ratio,0.9999999999999999
CSNK2B,expr_real_mass_ratio,1.0
CSTF1,expr_real_mass_ratio,0.9999999999999999
CSTF3,expr_real_mass_ratio,1.0
CTU2,expr_real_mass_ratio,1.0
CUL7,expr_real_mass_ratio,1.0000000000000002
CYS1,expr_real_mass_ratio,1.0
DAP3,expr_real_mass_ratio,1.0
DCTN1,expr_real_mass_ratio,1.0
DCUN1D5,expr_real_mass_ratio,1.0
DDX19B,expr_real_mass_ratio,1.0000000000000002
DDX21,expr_real_mass_ratio,1.0
DDX27,expr_real_mass_ratio,1.0
DDX5,expr_real_mass_ratio,1.0000000000000002
DENR,expr_real_mass_ratio,1.0
DESI1,expr_real_mass_ratio,1.0
DHX16,expr_real_mass_ratio,1.0
DHX37,expr_real_mass_ratio,1.0
DNAJA1,expr_real_mass_ratio,1.0
DNAJA3,expr_real_mass_ratio,1.0
DNTTIP2,expr_real_mass_ratio,0.9999999999999999
DYNC1I2,expr_real_mass_ratio,1.0
DYNLL2,expr_real_mass_ratio,1.0
E4F1,expr_real_mass_ratio,0.9999999999999999
EEF2,expr_real_mass_ratio,1.0
EFR3A,expr_real_mass_ratio,1.0
EIF3B,expr_real_mass_ratio,1.0
EIF4B,expr_real_mass_ratio,0.9999999999999999
EIF4H,expr_real_mass_ratio,1.0
ELL,expr_real_mass_ratio,1.0
ELOVL1,expr_real_mass_ratio,1.0
EPRS,expr_real_mass_ratio,1.0
EXOC5,expr_real_mass_ratio,0.9999999999999999
EXOSC3,expr_real_mass_ratio,1.0
EXOSC7,expr_real_mass_ratio,1.0
FAM136A,expr_real_mass_ratio,1.0
FAU,expr_real_mass_ratio,0.9999999999999997
FBRSL1,expr_real_mass_ratio,1.0
FBXL14,expr_real_mass_ratio,1.0000000000000002
FNTA,expr_real_mass_ratio,1.0
FOXS1,expr_real_mass_ratio,1.0
GCLC,expr_real_mass_ratio,0.9999999999999999
GINS1,expr_real_mass_ratio,1.0
GINS2,expr_real_mass_ratio,1.0
GPN1,expr_real_mass_ratio,0.9999999999999999
GTF2H4,expr_real_mass_ratio,1.0000000000000002
GTF3C1,expr_real_mass_ratio,1.0
GTF3C6,expr_real_mass_ratio,1.0
GYG1,expr_real_mass_ratio,1.0
HARS,expr_real_mass_ratio,1.0
HAUS8,expr_real_mass_ratio,0.9999999999999999
HHEX,expr_real_mass_ratio,1.0
HJURP,expr_real_mass_ratio,1.0
HMBOX1,expr_real_mass_ratio,0.9999999999999999
HNRNPA1,expr_real_mass_ratio,1.0
HNRNPK,expr_real_mass_ratio,1.0
HOXA3,expr_real_mass_ratio,1.0000000000000002
HSPE1,expr_real_mass_ratio,1.0000000000000002
INTS1,expr_real_mass_ratio,1.0
INTS3,expr_real_mass_ratio,1.0
INTS4,expr_real_mass_ratio,1.0
INTS9,expr_real_mass_ratio,0.9999999999999999
IPO7,expr_real_mass_ratio,1.0
ISCU,expr_real_mass_ratio,1.0
ISG20L2,expr_real_mass_ratio,1.0
JMJD6,expr_real_mass_ratio,1.0
KIF11,expr_real_mass_ratio,1.0
LRR1,expr_real_mass_ratio,1.0000000000000002
LRRC37A3,expr_real_mass_ratio,1.0
LSM5,expr_real_mass_ratio,1.0
LST1,expr_real_mass_ratio,1.0
LTBP3,expr_real_mass_ratio,1.0
LTV1,expr_real_mass_ratio,1.0
MBTPS1,expr_real_mass_ratio,1.0000000000000002
MBTPS2,expr_real_mass_ratio,1.0
MCM3AP,expr_real_mass_ratio,1.0
MCMBP,expr_real_mass_ratio,1.0
MDN1,expr_real_mass_ratio,0.9999999999999999
MED21,expr_real_mass_ratio,1.0000000000000002
MEIS3,expr_real_mass_ratio,1.0
MFN2,expr_real_mass_ratio,1.0000000000000002
MIER1,expr_real_mass_ratio,1.0
MKRN1,expr_real_mass_ratio,0.9999999999999999
MLLT6,expr_real_mass_ratio,1.0
MPHOSPH10,expr_real_mass_ratio,1.0
MRPL35,expr_real_mass_ratio,1.0
MRPL36,expr_real_mass_ratio,1.0
MRPL38,expr_real_mass_ratio,1.0
MRPS17,expr_real_mass_ratio,1.0
MRPS6,expr_real_mass_ratio,0.9999999999999999
MTBP,expr_real_mass_ratio,1.0000000000000002
MVK,expr_real_mass_ratio,1.0
MYBBP1A,expr_real_mass_ratio,1.0000000000000002
MYBL2,expr_real_mass_ratio,1.0
NAA35,expr_real_mass_ratio,1.0000000000000002
NAA50,expr_real_mass_ratio,1.0
NAGLU,expr_real_mass_ratio,1.0
NARS,expr_real_mass_ratio,1.0
NBEAL1,expr_real_mass_ratio,1.0
NCAPD2,expr_real_mass_ratio,1.0000000000000002
NFRKB,expr_real_mass_ratio,1.0
NFYB,expr_real_mass_ratio,1.0000000000000002
NFYC,expr_real_mass_ratio,1.0
NOC4L,expr_real_mass_ratio,1.0
NOMO1,expr_real_mass_ratio,1.0000000000000002
NRBP1,expr_real_mass_ratio,0.9999999999999999
NUP153,expr_real_mass_ratio,1.0
NUP160,expr_real_mass_ratio,1.0
NUP35,expr_real_mass_ratio,1.0
NUP88,expr_real_mass_ratio,1.0
NVL,expr_real_mass_ratio,1.0
OGFOD1,expr_real_mass_ratio,1.0
OLFML3,expr_real_mass_ratio,1.0
OR1E2,expr_real_mass_ratio,1.0
ORC1,expr_real_mass_ratio,1.0
ORC5,expr_real_mass_ratio,0.9999999999999999
PARS2,expr_real_mass_ratio,1.0
PC,expr_real_mass_ratio,1.0
PCBP1,expr_real_mass_ratio,1.0
PDCD6IP,expr_real_mass_ratio,1.0
PEX19,expr_real_mass_ratio,1.0
PGAM5,expr_real_mass_ratio,1.0
PGK1,expr_real_mass_ratio,1.0000000000000002
PHF10,expr_real_mass_ratio,1.0
PI4KA,expr_real_mass_ratio,1.0
POLR1D,expr_real_mass_ratio,1.0
POLR2C,expr_real_mass_ratio,1.0
POLR2I,expr_real_mass_ratio,1.0
POLR2K,expr_real_mass_ratio,1.0
POLR2M,expr_real_mass_ratio,1.0
POLR3E,expr_real_mass_ratio,1.0
POP1,expr_real_mass_ratio,1.0
POP4,expr_real_mass_ratio,1.0
PPP1R8,expr_real_mass_ratio,0.9999999999999999
PPP2R1A,expr_real_mass_ratio,1.0
PPP6C,expr_real_mass_ratio,0.9999999999999999
PRODH,expr_real_mass_ratio,1.0
PRPF6,expr_real_mass_ratio,1.0
PRSS50,expr_real_mass_ratio,1.0
PSMB2,expr_real_mass_ratio,1.0
PSMB5,expr_real_mass_ratio,1.0
PSMC4,expr_real_mass_ratio,1.0
PSMD14,expr_real_mass_ratio,1.0
PSMG3,expr_real_mass_ratio,1.0
PTPN1,expr_real_mass_ratio,0.9999999999999999
PUF60,expr_real_mass_ratio,1.0
PXN,expr_real_mass_ratio,1.0
RAB4A,expr_real_mass_ratio,1.0
RABGGTB,expr_real_mass_ratio,1.0
RARS,expr_real_mass_ratio,1.0
RBBP5,expr_real_mass_ratio,1.0
RBM14-RBM4,expr_real_mass_ratio,1.0
RBM48,expr_real_mass_ratio,1.0000000000000002
RBX1,expr_real_mass_ratio,1.0
RCC1,expr_real_mass_ratio,1.0
RFC2,expr_real_mass_ratio,1.0
RHPN1,expr_real_mass_ratio,1.0
RNASEH2C,expr_real_mass_ratio,1.0
RNF123,expr_real_mass_ratio,1.0
RNF31,expr_real_mass_ratio,1.0
RNMT,expr_real_mass_ratio,1.0
RNPS1,expr_real_mass_ratio,1.0
RPA3,expr_real_mass_ratio,1.0
RPAP1,expr_real_mass_ratio,1.0000000000000002
RPAP2,expr_real_mass_ratio,1.0
RPAP3,expr_real_mass_ratio,1.0
RPL18A,expr_real_mass_ratio,1.0
RPL35,expr_real_mass_ratio,1.0
RPL36A,expr_real_mass_ratio,1.0
RPL4,expr_real_mass_ratio,1.0
RPL41,expr_real_mass_ratio,1.0
RPP30,expr_real_mass_ratio,1.0
RPS20,expr_real_mass_ratio,1.0
RPS24,expr_real_mass_ratio,1.0
RPS27A,expr_real_mass_ratio,1.0000000000000002
RPS6,expr_real_mass_ratio,1.0
RRP7A,expr_real_mass_ratio,1.0
RSL1D1,expr_real_mass_ratio,1.0
SART1,expr_real_mass_ratio,1.0
SCAF1,expr_real_mass_ratio,0.9999999999999999
SCFD1,expr_real_mass_ratio,1.0
SDAD1,expr_real_mass_ratio,1.0
SEH1L,expr_real_mass_ratio,1.0
SEPHS2,expr_real_mass_ratio,1.0000000000000002
SEPSECS,expr_real_mass_ratio,0.9999999999999999
SETD1A,expr_real_mass_ratio,1.0
SETX,expr_real_mass_ratio,1.0000000000000002
SF3B5,expr_real_mass_ratio,1.0000000000000002
SLC7A6OS,expr_real_mass_ratio,1.0000000000000002
SLU7,expr_real_mass_ratio,1.0
SNAPC5,expr_real_mass_ratio,1.0
SNRNP48,expr_real_mass_ratio,1.0
SNRPC,expr_real_mass_ratio,1.0
SRCAP,expr_real_mass_ratio,1.0
SRP14,expr_real_mass_ratio,1.0
SRP54,expr_real_mass_ratio,0.9999999999999999
SRP72,expr_real_mass_ratio,1.0
SRP9,expr_real_mass_ratio,1.0000000000000002
SRRM1,expr_real_mass_ratio,1.0
SYMPK,expr_real_mass_ratio,1.0
SYNGR3,expr_real_mass_ratio,0.9999999999999999
TAF10,expr_real_mass_ratio,0.9999999999999997
TAF3,expr_real_mass_ratio,1.0
TAF5,expr_real_mass_ratio,1.0
TAF7,expr_real_mass_ratio,1.0
TANGO6,expr_real_mass_ratio,1.0
TARS2,expr_real_mass_ratio,1.0
TBC1D28,expr_real_mass_ratio,1.0
TBCD,expr_real_mass_ratio,1.0
TBCE,expr_real_mass_ratio,1.0
TBPL1,expr_real_mass_ratio,1.0
TERF2,expr_real_mass_ratio,1.0
TIMM10,expr_real_mass_ratio,1.0
TKT,expr_real_mass_ratio,1.0
TMX2,expr_real_mass_ratio,1.0000000000000002
TNNT2,expr_real_mass_ratio,1.0000000000000002
TNRC6A,expr_real_mass_ratio,1.0
TPR,expr_real_mass_ratio,1.0000000000000002
TRAPPC5,expr_real_mass_ratio,1.0000000000000002
TSEN2,expr_real_mass_ratio,1.0
TSPYL5,expr_real_mass_ratio,1.0
TUBD1,expr_real_mass_ratio,1.0
TUBGCP2,expr_real_mass_ratio,1.0
TUT1,expr_real_mass_ratio,1.0
UBA52,expr_real_mass_ratio,1.0
UBE2L3,expr_real_mass_ratio,0.9999999999999999
UBQLN4,expr_real_mass_ratio,1.0
UHRF1,expr_real_mass_ratio,0.9999999999999999
UQCRC1,expr_real_mass_ratio,0.9999999999999999
URI1,expr_real_mass_ratio,1.0000000000000002
USP14,expr_real_mass_ratio,1.0
USP37,expr_real_mass_ratio,1.0
USP39,expr_real_mass_ratio,0.9999999999999999
UTP15,expr_real_mass_ratio,1.0
UTP20,expr_real_mass_ratio,1.0
VARS,expr_real_mass_ratio,0.9999999999999999
VPS54,expr_real_mass_ratio,1.0
WBP11,expr_real_mass_ratio,1.0
WDHD1,expr_real_mass_ratio,1.0
WDR26,expr_real_mass_ratio,1.0
WDR43,expr_real_mass_ratio,1.0
WDTC1,expr_real_mass_ratio,1.0
WTAP,expr_real_mass_ratio,1.0000000000000002
YRDC,expr_real_mass_ratio,1.0
YTHDC1,expr_real_mass_ratio,1.0
ZC3H13,expr_real_mass_ratio,1.0
ZCCHC9,expr_real_mass_ratio,1.0
ZMAT2,expr_real_mass_ratio,1.0
ZNF207,expr_real_mass_ratio,1.0
ZNF720,expr_real_mass_ratio,1.0
ZNF763,expr_real_mass_ratio,1.0
ZNF84,expr_real_mass_ratio,1.0
ZNRD1,expr_real_mass_ratio,0.9999999999999999
