{"t": 45.6, "utc": "2026-10-01T02:51:41.194295+00:00", "msg": "indexed 340 shards, 5157575 cells in 45s"}
{"t": 109.2, "utc": "2026-10-01T02:52:44.769404+00:00", "msg": "first read", "shard": "hepg2_nadig__shard_00000.h5ad", "study": "hepg2_nadig", "cells": 20000}
{"t": 109.2, "utc": "2026-10-01T02:52:44.829101+00:00", "msg": "first read", "shard": "hepg2_nadig__shard_00001.h5ad", "study": "hepg2_nadig", "cells": 20000}
{"t": 109.2, "utc": "2026-10-01T02:52:44.833774+00:00", "msg": "first read", "shard": "hepg2_nadig__shard_00002.h5ad", "study": "hepg2_nadig", "cells": 20000}
{"t": 109.2, "utc": "2026-10-01T02:52:44.853066+00:00", "msg": "first read", "shard": "hepg2_nadig__shard_00003.h5ad", "study": "hepg2_nadig", "cells": 20000}
{"t": 143.5, "utc": "2026-10-01T02:53:19.092949+00:00", "msg": "first read", "shard": "hepg2_nadig__shard_00004.h5ad", "study": "hepg2_nadig", "cells": 20000}
{"t": 143.5, "utc": "2026-10-01T02:53:19.111525+00:00", "msg": "first read", "shard": "hepg2_nadig__shard_00005.h5ad", "study": "hepg2_nadig", "cells": 20000}
{"t": 143.5, "utc": "2026-10-01T02:53:19.113470+00:00", "msg": "first read", "shard": "hepg2_nadig__shard_00006.h5ad", "study": "hepg2_nadig", "cells": 20000}
{"t": 143.5, "utc": "2026-10-01T02:53:19.114803+00:00", "msg": "first read", "shard": "hepg2_nadig__shard_00007.h5ad", "study": "hepg2_nadig", "cells": 5473}
{"t": 145.7, "utc": "2026-10-01T02:53:21.343531+00:00", "msg": "first read", "shard": "jurkat_nadig__shard_00000.h5ad", "study": "jurkat_nadig", "cells": 20000}
{"t": 171.3, "utc": "2026-10-01T02:53:46.965148+00:00", "msg": "first read", "shard": "jurkat_nadig__shard_00001.h5ad", "study": "jurkat_nadig", "cells": 20000}
{"t": 171.8, "utc": "2026-10-01T02:53:47.459811+00:00", "msg": "first read", "shard": "jurkat_nadig__shard_00002.h5ad", "study": "jurkat_nadig", "cells": 20000}
{"t": 172.3, "utc": "2026-10-01T02:53:47.913807+00:00", "msg": "first read", "shard": "jurkat_nadig__shard_00003.h5ad", "study": "jurkat_nadig", "cells": 20000}
{"t": 173.5, "utc": "2026-10-01T02:53:49.148949+00:00", "msg": "first read", "shard": "jurkat_nadig__shard_00004.h5ad", "study": "jurkat_nadig", "cells": 20000}
{"t": 199.3, "utc": "2026-10-01T02:54:14.871277+00:00", "msg": "first read", "shard": "jurkat_nadig__shard_00005.h5ad", "study": "jurkat_nadig", "cells": 20000}
{"t": 200.3, "utc": "2026-10-01T02:54:15.884191+00:00", "msg": "first read", "shard": "jurkat_nadig__shard_00006.h5ad", "study": "jurkat_nadig", "cells": 20000}
{"t": 200.6, "utc": "2026-10-01T02:54:16.216265+00:00", "msg": "first read", "shard": "jurkat_nadig__shard_00007.h5ad", "study": "jurkat_nadig", "cells": 20000}
{"t": 200.6, "utc": "2026-10-01T02:54:16.231048+00:00", "msg": "first read", "shard": "jurkat_nadig__shard_00008.h5ad", "study": "jurkat_nadig", "cells": 20000}
{"t": 227.8, "utc": "2026-10-01T02:54:43.459778+00:00", "msg": "first read", "shard": "jurkat_nadig__shard_00009.h5ad", "study": "jurkat_nadig", "cells": 20000}
{"t": 228.8, "utc": "2026-10-01T02:54:44.388160+00:00", "msg": "first read", "shard": "jurkat_nadig__shard_00010.h5ad", "study": "jurkat_nadig", "cells": 20000}
{"t": 228.8, "utc": "2026-10-01T02:54:44.390534+00:00", "msg": "first read", "shard": "jurkat_nadig__shard_00011.h5ad", "study": "jurkat_nadig", "cells": 20000}
{"t": 228.8, "utc": "2026-10-01T02:54:44.392953+00:00", "msg": "first read", "shard": "jurkat_nadig__shard_00012.h5ad", "study": "jurkat_nadig", "cells": 20000}
{"t": 232.0, "utc": "2026-10-01T02:54:47.582157+00:00", "msg": "first read", "shard": "jurkat_nadig__shard_00013.h5ad", "study": "jurkat_nadig", "cells": 2956}
{"t": 246.5, "utc": "2026-10-01T02:55:02.081148+00:00", "msg": "first read", "shard": "h1_train__shard_00000.h5ad", "study": "h1_vcc2025", "cells": 5000}
{"t": 246.5, "utc": "2026-10-01T02:55:02.082083+00:00", "msg": "first read", "shard": "h1_train__shard_00001.h5ad", "study": "h1_vcc2025", "cells": 5000}
{"t": 246.9, "utc": "2026-10-01T02:55:02.518340+00:00", "msg": "first read", "shard": "h1_train__shard_00002.h5ad", "study": "h1_vcc2025", "cells": 5000}
{"t": 249.8, "utc": "2026-10-01T02:55:05.399302+00:00", "msg": "first read", "shard": "h1_train__shard_00003.h5ad", "study": "h1_vcc2025", "cells": 5000}
{"t": 264.9, "utc": "2026-10-01T02:55:20.520278+00:00", "msg": "first read", "shard": "h1_train__shard_00004.h5ad", "study": "h1_vcc2025", "cells": 5000}
{"t": 264.9, "utc": "2026-10-01T02:55:20.521391+00:00", "msg": "first read", "shard": "h1_train__shard_00005.h5ad", "study": "h1_vcc2025", "cells": 5000}
{"t": 265.3, "utc": "2026-10-01T02:55:20.909297+00:00", "msg": "first read", "shard": "h1_train__shard_00006.h5ad", "study": "h1_vcc2025", "cells": 5000}
{"t": 267.2, "utc": "2026-10-01T02:55:22.794359+00:00", "msg": "first read", "shard": "h1_train__shard_00007.h5ad", "study": "h1_vcc2025", "cells": 5000}
{"t": 283.1, "utc": "2026-10-01T02:55:38.693528+00:00", "msg": "first read", "shard": "h1_train__shard_00008.h5ad", "study": "h1_vcc2025", "cells": 5000}
{"t": 283.9, "utc": "2026-10-01T02:55:39.523645+00:00", "msg": "first read", "shard": "h1_train__shard_00009.h5ad", "study": "h1_vcc2025", "cells": 5000}
{"t": 284.2, "utc": "2026-10-01T02:55:39.807831+00:00", "msg": "first read", "shard": "h1_train__shard_00010.h5ad", "study": "h1_vcc2025", "cells": 5000}
{"t": 284.9, "utc": "2026-10-01T02:55:40.542903+00:00", "msg": "first read", "shard": "h1_train__shard_00011.h5ad", "study": "h1_vcc2025", "cells": 5000}
{"t": 301.5, "utc": "2026-10-01T02:55:57.117081+00:00", "msg": "first read", "shard": "h1_train__shard_00012.h5ad", "study": "h1_vcc2025", "cells": 5000}
{"t": 302.4, "utc": "2026-10-01T02:55:58.027380+00:00", "msg": "first read", "shard": "h1_train__shard_00013.h5ad", "study": "h1_vcc2025", "cells": 5000}
{"t": 302.9, "utc": "2026-10-01T02:55:58.566789+00:00", "msg": "first read", "shard": "h1_train__shard_00014.h5ad", "study": "h1_vcc2025", "cells": 5000}
{"t": 303.4, "utc": "2026-10-01T02:55:59.028853+00:00", "msg": "first read", "shard": "h1_train__shard_00015.h5ad", "study": "h1_vcc2025", "cells": 5000}
{"t": 320.7, "utc": "2026-10-01T02:56:16.346246+00:00", "msg": "first read", "shard": "h1_train__shard_00016.h5ad", "study": "h1_vcc2025", "cells": 5000}
{"t": 322.0, "utc": "2026-10-01T02:56:17.634428+00:00", "msg": "first read", "shard": "h1_train__shard_00017.h5ad", "study": "h1_vcc2025", "cells": 5000}
{"t": 322.2, "utc": "2026-10-01T02:56:17.818306+00:00", "msg": "first read", "shard": "h1_train__shard_00018.h5ad", "study": "h1_vcc2025", "cells": 5000}
{"t": 322.6, "utc": "2026-10-01T02:56:18.246472+00:00", "msg": "first read", "shard": "h1_train__shard_00019.h5ad", "study": "h1_vcc2025", "cells": 5000}
{"t": 340.1, "utc": "2026-10-01T02:56:35.707360+00:00", "msg": "first read", "shard": "h1_train__shard_00020.h5ad", "study": "h1_vcc2025", "cells": 5000}
{"t": 341.6, "utc": "2026-10-01T02:56:37.182900+00:00", "msg": "first read", "shard": "h1_train__shard_00021.h5ad", "study": "h1_vcc2025", "cells": 5000}
{"t": 342.0, "utc": "2026-10-01T02:56:37.584646+00:00", "msg": "first read", "shard": "h1_train__shard_00022.h5ad", "study": "h1_vcc2025", "cells": 5000}
{"t": 342.0, "utc": "2026-10-01T02:56:37.586060+00:00", "msg": "first read", "shard": "h1_train__shard_00023.h5ad", "study": "h1_vcc2025", "cells": 5000}
{"t": 359.6, "utc": "2026-10-01T02:56:55.250109+00:00", "msg": "first read", "shard": "h1_train__shard_00024.h5ad", "study": "h1_vcc2025", "cells": 5000}
{"t": 361.0, "utc": "2026-10-01T02:56:56.604135+00:00", "msg": "first read", "shard": "h1_train__shard_00025.h5ad", "study": "h1_vcc2025", "cells": 5000}
{"t": 361.0, "utc": "2026-10-01T02:56:56.607570+00:00", "msg": "first read", "shard": "h1_train__shard_00026.h5ad", "study": "h1_vcc2025", "cells": 5000}
{"t": 361.6, "utc": "2026-10-01T02:56:57.192294+00:00", "msg": "first read", "shard": "h1_train__shard_00027.h5ad", "study": "h1_vcc2025", "cells": 5000}
{"t": 378.6, "utc": "2026-10-01T02:57:14.215201+00:00", "msg": "first read", "shard": "h1_train__shard_00028.h5ad", "study": "h1_vcc2025", "cells": 5000}
{"t": 379.8, "utc": "2026-10-01T02:57:15.395285+00:00", "msg": "first read", "shard": "h1_train__shard_00029.h5ad", "study": "h1_vcc2025", "cells": 5000}
{"t": 380.1, "utc": "2026-10-01T02:57:15.756651+00:00", "msg": "first read", "shard": "h1_train__shard_00030.h5ad", "study": "h1_vcc2025", "cells": 5000}
{"t": 380.2, "utc": "2026-10-01T02:57:15.801829+00:00", "msg": "first read", "shard": "h1_train__shard_00031.h5ad", "study": "h1_vcc2025", "cells": 5000}
{"t": 397.8, "utc": "2026-10-01T02:57:33.456980+00:00", "msg": "first read", "shard": "h1_train__shard_00032.h5ad", "study": "h1_vcc2025", "cells": 5000}
{"t": 398.9, "utc": "2026-10-01T02:57:34.542303+00:00", "msg": "first read", "shard": "h1_train__shard_00033.h5ad", "study": "h1_vcc2025", "cells": 5000}
{"t": 399.4, "utc": "2026-10-01T02:57:35.013060+00:00", "msg": "first read", "shard": "h1_train__shard_00034.h5ad", "study": "h1_vcc2025", "cells": 5000}
{"t": 399.4, "utc": "2026-10-01T02:57:35.042892+00:00", "msg": "first read", "shard": "h1_train__shard_00035.h5ad", "study": "h1_vcc2025", "cells": 5000}
{"t": 417.2, "utc": "2026-10-01T02:57:52.846323+00:00", "msg": "first read", "shard": "h1_train__shard_00036.h5ad", "study": "h1_vcc2025", "cells": 5000}
{"t": 418.1, "utc": "2026-10-01T02:57:53.684521+00:00", "msg": "first read", "shard": "h1_train__shard_00037.h5ad", "study": "h1_vcc2025", "cells": 5000}
{"t": 418.2, "utc": "2026-10-01T02:57:53.824634+00:00", "msg": "first read", "shard": "h1_train__shard_00038.h5ad", "study": "h1_vcc2025", "cells": 5000}
{"t": 418.9, "utc": "2026-10-01T02:57:54.510961+00:00", "msg": "first read", "shard": "h1_train__shard_00039.h5ad", "study": "h1_vcc2025", "cells": 5000}
{"t": 436.6, "utc": "2026-10-01T02:58:12.208442+00:00", "msg": "first read", "shard": "h1_train__shard_00040.h5ad", "study": "h1_vcc2025", "cells": 5000}
{"t": 437.7, "utc": "2026-10-01T02:58:13.312000+00:00", "msg": "first read", "shard": "h1_train__shard_00041.h5ad", "study": "h1_vcc2025", "cells": 5000}
{"t": 437.7, "utc": "2026-10-01T02:58:13.315165+00:00", "msg": "first read", "shard": "h1_train__shard_00042.h5ad", "study": "h1_vcc2025", "cells": 5000}
{"t": 438.0, "utc": "2026-10-01T02:58:13.655768+00:00", "msg": "first read", "shard": "h1_train__shard_00043.h5ad", "study": "h1_vcc2025", "cells": 5000}
{"t": 441.5, "utc": "2026-10-01T02:58:17.076273+00:00", "msg": "first read", "shard": "h1_train__shard_00044.h5ad", "study": "h1_vcc2025", "cells": 1273}
{"t": 455.5, "utc": "2026-10-01T02:58:31.075530+00:00", "msg": "first read", "shard": "h1_val__shard_00000.h5ad", "study": "h1_vcc2025", "cells": 5000}
{"t": 456.6, "utc": "2026-10-01T02:58:32.262660+00:00", "msg": "first read", "shard": "h1_val__shard_00001.h5ad", "study": "h1_vcc2025", "cells": 5000}
{"t": 456.6, "utc": "2026-10-01T02:58:32.264310+00:00", "msg": "first read", "shard": "h1_val__shard_00002.h5ad", "study": "h1_vcc2025", "cells": 5000}
{"t": 459.1, "utc": "2026-10-01T02:58:34.753881+00:00", "msg": "first read", "shard": "h1_val__shard_00003.h5ad", "study": "h1_vcc2025", "cells": 5000}
{"t": 473.6, "utc": "2026-10-01T02:58:49.250166+00:00", "msg": "first read", "shard": "h1_val__shard_00004.h5ad", "study": "h1_vcc2025", "cells": 5000}
{"t": 474.7, "utc": "2026-10-01T02:58:50.310258+00:00", "msg": "first read", "shard": "h1_val__shard_00005.h5ad", "study": "h1_vcc2025", "cells": 5000}
{"t": 475.3, "utc": "2026-10-01T02:58:50.897300+00:00", "msg": "first read", "shard": "h1_val__shard_00006.h5ad", "study": "h1_vcc2025", "cells": 5000}
{"t": 477.5, "utc": "2026-10-01T02:58:53.098259+00:00", "msg": "first read", "shard": "h1_val__shard_00007.h5ad", "study": "h1_vcc2025", "cells": 5000}
{"t": 493.0, "utc": "2026-10-01T02:59:08.618147+00:00", "msg": "first read", "shard": "h1_val__shard_00008.h5ad", "study": "h1_vcc2025", "cells": 5000}
{"t": 493.9, "utc": "2026-10-01T02:59:09.530745+00:00", "msg": "first read", "shard": "h1_val__shard_00009.h5ad", "study": "h1_vcc2025", "cells": 5000}
{"t": 494.4, "utc": "2026-10-01T02:59:10.029551+00:00", "msg": "first read", "shard": "h1_val__shard_00010.h5ad", "study": "h1_vcc2025", "cells": 5000}
{"t": 496.3, "utc": "2026-10-01T02:59:11.898353+00:00", "msg": "first read", "shard": "h1_val__shard_00011.h5ad", "study": "h1_vcc2025", "cells": 5000}
{"t": 512.3, "utc": "2026-10-01T02:59:27.937208+00:00", "msg": "first read", "shard": "h1_val__shard_00012.h5ad", "study": "h1_vcc2025", "cells": 5000}
{"t": 512.5, "utc": "2026-10-01T02:59:28.129249+00:00", "msg": "first read", "shard": "h1_val__shard_00013.h5ad", "study": "h1_vcc2025", "cells": 5000}
{"t": 513.3, "utc": "2026-10-01T02:59:28.880833+00:00", "msg": "first read", "shard": "h1_val__shard_00014.h5ad", "study": "h1_vcc2025", "cells": 5000}
{"t": 514.8, "utc": "2026-10-01T02:59:30.464010+00:00", "msg": "first read", "shard": "h1_val__shard_00015.h5ad", "study": "h1_vcc2025", "cells": 5000}
{"t": 532.0, "utc": "2026-10-01T02:59:47.650944+00:00", "msg": "first read", "shard": "h1_val__shard_00016.h5ad", "study": "h1_vcc2025", "cells": 5000}
{"t": 532.3, "utc": "2026-10-01T02:59:47.876453+00:00", "msg": "first read", "shard": "h1_val__shard_00017.h5ad", "study": "h1_vcc2025", "cells": 5000}
{"t": 532.3, "utc": "2026-10-01T02:59:47.956343+00:00", "msg": "first read", "shard": "h1_val__shard_00018.h5ad", "study": "h1_vcc2025", "cells": 5000}
{"t": 532.3, "utc": "2026-10-01T02:59:47.958705+00:00", "msg": "first read", "shard": "h1_val__shard_00019.h5ad", "study": "h1_vcc2025", "cells": 3927}
{"t": 578.0, "utc": "2026-10-01T03:00:33.589655+00:00", "msg": "first read", "shard": "hipsci_gw_fitness__shard_00000.h5ad", "study": "hipsci_gw_fitness", "cells": 20000}
{"t": 581.1, "utc": "2026-10-01T03:00:36.753153+00:00", "msg": "first read", "shard": "hipsci_gw_fitness__shard_00001.h5ad", "study": "hipsci_gw_fitness", "cells": 20000}
{"t": 581.1, "utc": "2026-10-01T03:00:36.753314+00:00", "msg": "first read", "shard": "hipsci_gw_fitness__shard_00002.h5ad", "study": "hipsci_gw_fitness", "cells": 20000}
{"t": 582.9, "utc": "2026-10-01T03:00:38.504735+00:00", "msg": "first read", "shard": "hipsci_gw_fitness__shard_00003.h5ad", "study": "hipsci_gw_fitness", "cells": 20000}
{"t": 629.0, "utc": "2026-10-01T03:01:24.666234+00:00", "msg": "first read", "shard": "hipsci_gw_fitness__shard_00004.h5ad", "study": "hipsci_gw_fitness", "cells": 20000}
{"t": 630.3, "utc": "2026-10-01T03:01:25.899121+00:00", "msg": "first read", "shard": "hipsci_gw_fitness__shard_00005.h5ad", "study": "hipsci_gw_fitness", "cells": 20000}
{"t": 634.6, "utc": "2026-10-01T03:01:30.176870+00:00", "msg": "first read", "shard": "hipsci_gw_fitness__shard_00006.h5ad", "study": "hipsci_gw_fitness", "cells": 20000}
{"t": 636.9, "utc": "2026-10-01T03:01:32.513302+00:00", "msg": "first read", "shard": "hipsci_gw_fitness__shard_00007.h5ad", "study": "hipsci_gw_fitness", "cells": 20000}
{"t": 691.2, "utc": "2026-10-01T03:02:26.855130+00:00", "msg": "first read", "shard": "hipsci_gw_fitness__shard_00008.h5ad", "study": "hipsci_gw_fitness", "cells": 20000}
{"t": 694.9, "utc": "2026-10-01T03:02:30.508079+00:00", "msg": "first read", "shard": "hipsci_gw_fitness__shard_00009.h5ad", "study": "hipsci_gw_fitness", "cells": 20000}
{"t": 699.9, "utc": "2026-10-01T03:02:35.510738+00:00", "msg": "first read", "shard": "hipsci_gw_fitness__shard_00010.h5ad", "study": "hipsci_gw_fitness", "cells": 20000}
{"t": 709.2, "utc": "2026-10-01T03:02:44.793719+00:00", "msg": "first read", "shard": "hipsci_gw_fitness__shard_00011.h5ad", "study": "hipsci_gw_fitness", "cells": 20000}
{"t": 744.7, "utc": "2026-10-01T03:03:20.298460+00:00", "msg": "first read", "shard": "hipsci_gw_fitness__shard_00012.h5ad", "study": "hipsci_gw_fitness", "cells": 20000}
{"t": 747.0, "utc": "2026-10-01T03:03:22.657366+00:00", "msg": "first read", "shard": "hipsci_gw_fitness__shard_00013.h5ad", "study": "hipsci_gw_fitness", "cells": 20000}
{"t": 752.6, "utc": "2026-10-01T03:03:28.215841+00:00", "msg": "first read", "shard": "hipsci_gw_fitness__shard_00014.h5ad", "study": "hipsci_gw_fitness", "cells": 20000}
{"t": 753.2, "utc": "2026-10-01T03:03:28.776219+00:00", "msg": "first read", "shard": "hipsci_gw_fitness__shard_00015.h5ad", "study": "hipsci_gw_fitness", "cells": 20000}
{"t": 753.2, "utc": "2026-10-01T03:03:28.776532+00:00", "msg": "first read", "shard": "hipsci_gw_fitness__shard_00016.h5ad", "study": "hipsci_gw_fitness", "cells": 2746}
{"t": 788.3, "utc": "2026-10-01T03:04:03.960885+00:00", "msg": "first read", "shard": "hipsci_gw_nonfitness__shard_00000.h5ad", "study": "hipsci_gw_nonfitness", "cells": 20000}
{"t": 793.4, "utc": "2026-10-01T03:04:09.004738+00:00", "msg": "first read", "shard": "hipsci_gw_nonfitness__shard_00001.h5ad", "study": "hipsci_gw_nonfitness", "cells": 20000}
{"t": 793.4, "utc": "2026-10-01T03:04:09.005309+00:00", "msg": "first read", "shard": "hipsci_gw_nonfitness__shard_00002.h5ad", "study": "hipsci_gw_nonfitness", "cells": 20000}
{"t": 793.4, "utc": "2026-10-01T03:04:09.005538+00:00", "msg": "first read", "shard": "hipsci_gw_nonfitness__shard_00003.h5ad", "study": "hipsci_gw_nonfitness", "cells": 20000}
{"t": 828.2, "utc": "2026-10-01T03:04:43.782736+00:00", "msg": "first read", "shard": "hipsci_gw_nonfitness__shard_00004.h5ad", "study": "hipsci_gw_nonfitness", "cells": 20000}
{"t": 834.5, "utc": "2026-10-01T03:04:50.086521+00:00", "msg": "first read", "shard": "hipsci_gw_nonfitness__shard_00005.h5ad", "study": "hipsci_gw_nonfitness", "cells": 20000}
{"t": 842.5, "utc": "2026-10-01T03:04:58.163356+00:00", "msg": "first read", "shard": "hipsci_gw_nonfitness__shard_00006.h5ad", "study": "hipsci_gw_nonfitness", "cells": 20000}
{"t": 854.8, "utc": "2026-10-01T03:05:10.378432+00:00", "msg": "first read", "shard": "hipsci_gw_nonfitness__shard_00007.h5ad", "study": "hipsci_gw_nonfitness", "cells": 20000}
{"t": 894.8, "utc": "2026-10-01T03:05:50.450594+00:00", "msg": "first read", "shard": "hipsci_gw_nonfitness__shard_00008.h5ad", "study": "hipsci_gw_nonfitness", "cells": 20000}
{"t": 901.3, "utc": "2026-10-01T03:05:56.904524+00:00", "msg": "first read", "shard": "hipsci_gw_nonfitness__shard_00009.h5ad", "study": "hipsci_gw_nonfitness", "cells": 20000}
{"t": 901.3, "utc": "2026-10-01T03:05:56.904837+00:00", "msg": "first read", "shard": "hipsci_gw_nonfitness__shard_00010.h5ad", "study": "hipsci_gw_nonfitness", "cells": 20000}
{"t": 901.3, "utc": "2026-10-01T03:05:56.904986+00:00", "msg": "first read", "shard": "hipsci_gw_nonfitness__shard_00011.h5ad", "study": "hipsci_gw_nonfitness", "cells": 20000}
{"t": 930.4, "utc": "2026-10-01T03:06:26.040834+00:00", "msg": "first read", "shard": "hipsci_gw_nonfitness__shard_00012.h5ad", "study": "hipsci_gw_nonfitness", "cells": 20000}
{"t": 938.9, "utc": "2026-10-01T03:06:34.512744+00:00", "msg": "first read", "shard": "hipsci_gw_nonfitness__shard_00013.h5ad", "study": "hipsci_gw_nonfitness", "cells": 20000}
{"t": 938.9, "utc": "2026-10-01T03:06:34.513022+00:00", "msg": "first read", "shard": "hipsci_gw_nonfitness__shard_00014.h5ad", "study": "hipsci_gw_nonfitness", "cells": 20000}
{"t": 946.0, "utc": "2026-10-01T03:06:41.596369+00:00", "msg": "first read", "shard": "hipsci_gw_nonfitness__shard_00015.h5ad", "study": "hipsci_gw_nonfitness", "cells": 20000}
{"t": 974.7, "utc": "2026-10-01T03:07:10.286920+00:00", "msg": "first read", "shard": "hipsci_gw_nonfitness__shard_00016.h5ad", "study": "hipsci_gw_nonfitness", "cells": 20000}
{"t": 989.7, "utc": "2026-10-01T03:07:25.338382+00:00", "msg": "first read", "shard": "hipsci_gw_nonfitness__shard_00017.h5ad", "study": "hipsci_gw_nonfitness", "cells": 20000}
{"t": 989.7, "utc": "2026-10-01T03:07:25.338702+00:00", "msg": "first read", "shard": "hipsci_gw_nonfitness__shard_00018.h5ad", "study": "hipsci_gw_nonfitness", "cells": 20000}
{"t": 989.7, "utc": "2026-10-01T03:07:25.338895+00:00", "msg": "first read", "shard": "hipsci_gw_nonfitness__shard_00019.h5ad", "study": "hipsci_gw_nonfitness", "cells": 16458}
{"t": 1018.3, "utc": "2026-10-01T03:07:53.878827+00:00", "msg": "first read", "shard": "hipsci_targeted_19__shard_00000.h5ad", "study": "hipsci_targeted_19", "cells": 20000}
{"t": 1027.5, "utc": "2026-10-01T03:08:03.151679+00:00", "msg": "first read", "shard": "hipsci_targeted_19__shard_00001.h5ad", "study": "hipsci_targeted_19", "cells": 20000}
{"t": 1029.3, "utc": "2026-10-01T03:08:04.964722+00:00", "msg": "first read", "shard": "hipsci_targeted_19__shard_00002.h5ad", "study": "hipsci_targeted_19", "cells": 20000}
{"t": 1030.8, "utc": "2026-10-01T03:08:06.394888+00:00", "msg": "first read", "shard": "hipsci_targeted_19__shard_00003.h5ad", "study": "hipsci_targeted_19", "cells": 20000}
{"t": 1059.6, "utc": "2026-10-01T03:08:35.240626+00:00", "msg": "first read", "shard": "hipsci_targeted_19__shard_00004.h5ad", "study": "hipsci_targeted_19", "cells": 20000}
{"t": 1069.0, "utc": "2026-10-01T03:08:44.660713+00:00", "msg": "first read", "shard": "hipsci_targeted_19__shard_00005.h5ad", "study": "hipsci_targeted_19", "cells": 20000}
{"t": 1074.3, "utc": "2026-10-01T03:08:49.906079+00:00", "msg": "first read", "shard": "hipsci_targeted_19__shard_00006.h5ad", "study": "hipsci_targeted_19", "cells": 20000}
{"t": 1074.3, "utc": "2026-10-01T03:08:49.916321+00:00", "msg": "first read", "shard": "hipsci_targeted_19__shard_00007.h5ad", "study": "hipsci_targeted_19", "cells": 20000}
{"t": 1094.3, "utc": "2026-10-01T03:09:09.938246+00:00", "msg": "first read", "shard": "hipsci_targeted_19__shard_00008.h5ad", "study": "hipsci_targeted_19", "cells": 20000}
{"t": 1105.7, "utc": "2026-10-01T03:09:21.353908+00:00", "msg": "first read", "shard": "hipsci_targeted_19__shard_00009.h5ad", "study": "hipsci_targeted_19", "cells": 20000}
{"t": 1116.3, "utc": "2026-10-01T03:09:31.939173+00:00", "msg": "first read", "shard": "hipsci_targeted_19__shard_00010.h5ad", "study": "hipsci_targeted_19", "cells": 20000}
{"t": 1118.9, "utc": "2026-10-01T03:09:34.525103+00:00", "msg": "first read", "shard": "hipsci_targeted_19__shard_00011.h5ad", "study": "hipsci_targeted_19", "cells": 20000}
{"t": 1141.4, "utc": "2026-10-01T03:09:56.989045+00:00", "msg": "first read", "shard": "hipsci_targeted_19__shard_00012.h5ad", "study": "hipsci_targeted_19", "cells": 20000}
{"t": 1143.9, "utc": "2026-10-01T03:09:59.485701+00:00", "msg": "first read", "shard": "hipsci_targeted_19__shard_00013.h5ad", "study": "hipsci_targeted_19", "cells": 20000}
{"t": 1156.7, "utc": "2026-10-01T03:10:12.304559+00:00", "msg": "first read", "shard": "hipsci_targeted_19__shard_00014.h5ad", "study": "hipsci_targeted_19", "cells": 20000}
{"t": 1164.2, "utc": "2026-10-01T03:10:19.813841+00:00", "msg": "first read", "shard": "hipsci_targeted_19__shard_00015.h5ad", "study": "hipsci_targeted_19", "cells": 20000}
{"t": 1186.0, "utc": "2026-10-01T03:10:41.660879+00:00", "msg": "first read", "shard": "hipsci_targeted_19__shard_00016.h5ad", "study": "hipsci_targeted_19", "cells": 20000}
{"t": 1186.5, "utc": "2026-10-01T03:10:42.123591+00:00", "msg": "first read", "shard": "hipsci_targeted_19__shard_00017.h5ad", "study": "hipsci_targeted_19", "cells": 20000}
{"t": 1194.9, "utc": "2026-10-01T03:10:50.480060+00:00", "msg": "first read", "shard": "hipsci_targeted_19__shard_00018.h5ad", "study": "hipsci_targeted_19", "cells": 20000}
{"t": 1204.8, "utc": "2026-10-01T03:11:00.370388+00:00", "msg": "first read", "shard": "hipsci_targeted_19__shard_00019.h5ad", "study": "hipsci_targeted_19", "cells": 20000}
{"t": 1221.9, "utc": "2026-10-01T03:11:17.564005+00:00", "msg": "first read", "shard": "hipsci_targeted_19__shard_00020.h5ad", "study": "hipsci_targeted_19", "cells": 20000}
{"t": 1229.6, "utc": "2026-10-01T03:11:25.201177+00:00", "msg": "first read", "shard": "hipsci_targeted_19__shard_00021.h5ad", "study": "hipsci_targeted_19", "cells": 20000}
{"t": 1238.4, "utc": "2026-10-01T03:11:34.057466+00:00", "msg": "first read", "shard": "hipsci_targeted_19__shard_00022.h5ad", "study": "hipsci_targeted_19", "cells": 20000}
{"t": 1248.2, "utc": "2026-10-01T03:11:43.862719+00:00", "msg": "first read", "shard": "hipsci_targeted_19__shard_00023.h5ad", "study": "hipsci_targeted_19", "cells": 20000}
{"t": 1263.0, "utc": "2026-10-01T03:11:58.634881+00:00", "msg": "first read", "shard": "hipsci_targeted_19__shard_00024.h5ad", "study": "hipsci_targeted_19", "cells": 20000}
{"t": 1269.5, "utc": "2026-10-01T03:12:05.135058+00:00", "msg": "first read", "shard": "hipsci_targeted_19__shard_00025.h5ad", "study": "hipsci_targeted_19", "cells": 20000}
{"t": 1274.3, "utc": "2026-10-01T03:12:09.935053+00:00", "msg": "first read", "shard": "hipsci_targeted_19__shard_00026.h5ad", "study": "hipsci_targeted_19", "cells": 20000}
{"t": 1291.1, "utc": "2026-10-01T03:12:26.746204+00:00", "msg": "first read", "shard": "hipsci_targeted_19__shard_00027.h5ad", "study": "hipsci_targeted_19", "cells": 20000}
{"t": 1328.9, "utc": "2026-10-01T03:13:04.567221+00:00", "msg": "first read", "shard": "hipsci_targeted_19__shard_00028.h5ad", "study": "hipsci_targeted_19", "cells": 20000}
{"t": 1330.9, "utc": "2026-10-01T03:13:06.532396+00:00", "msg": "first read", "shard": "hipsci_targeted_19__shard_00029.h5ad", "study": "hipsci_targeted_19", "cells": 20000}
{"t": 1330.9, "utc": "2026-10-01T03:13:06.537607+00:00", "msg": "first read", "shard": "hipsci_targeted_19__shard_00030.h5ad", "study": "hipsci_targeted_19", "cells": 20000}
{"t": 1338.6, "utc": "2026-10-01T03:13:14.258665+00:00", "msg": "first read", "shard": "hipsci_targeted_19__shard_00031.h5ad", "study": "hipsci_targeted_19", "cells": 20000}
{"t": 1363.1, "utc": "2026-10-01T03:13:38.679534+00:00", "msg": "first read", "shard": "hipsci_targeted_19__shard_00032.h5ad", "study": "hipsci_targeted_19", "cells": 20000}
{"t": 1371.9, "utc": "2026-10-01T03:13:47.516128+00:00", "msg": "first read", "shard": "hipsci_targeted_19__shard_00033.h5ad", "study": "hipsci_targeted_19", "cells": 20000}
{"t": 1371.9, "utc": "2026-10-01T03:13:47.518843+00:00", "msg": "first read", "shard": "hipsci_targeted_19__shard_00034.h5ad", "study": "hipsci_targeted_19", "cells": 20000}
{"t": 1377.5, "utc": "2026-10-01T03:13:53.146548+00:00", "msg": "first read", "shard": "hipsci_targeted_19__shard_00035.h5ad", "study": "hipsci_targeted_19", "cells": 20000}
{"t": 1405.2, "utc": "2026-10-01T03:14:20.808917+00:00", "msg": "first read", "shard": "hipsci_targeted_19__shard_00036.h5ad", "study": "hipsci_targeted_19", "cells": 20000}
{"t": 1414.5, "utc": "2026-10-01T03:14:30.075559+00:00", "msg": "first read", "shard": "hipsci_targeted_19__shard_00037.h5ad", "study": "hipsci_targeted_19", "cells": 20000}
{"t": 1415.3, "utc": "2026-10-01T03:14:30.937935+00:00", "msg": "first read", "shard": "hipsci_targeted_19__shard_00038.h5ad", "study": "hipsci_targeted_19", "cells": 20000}
{"t": 1416.3, "utc": "2026-10-01T03:14:31.968121+00:00", "msg": "first read", "shard": "hipsci_targeted_19__shard_00039.h5ad", "study": "hipsci_targeted_19", "cells": 20000}
{"t": 1451.5, "utc": "2026-10-01T03:15:07.112215+00:00", "msg": "first read", "shard": "hipsci_targeted_19__shard_00040.h5ad", "study": "hipsci_targeted_19", "cells": 20000}
{"t": 1454.3, "utc": "2026-10-01T03:15:09.878230+00:00", "msg": "first read", "shard": "hipsci_targeted_19__shard_00041.h5ad", "study": "hipsci_targeted_19", "cells": 20000}
{"t": 1454.3, "utc": "2026-10-01T03:15:09.886878+00:00", "msg": "first read", "shard": "hipsci_targeted_19__shard_00042.h5ad", "study": "hipsci_targeted_19", "cells": 20000}
{"t": 1466.5, "utc": "2026-10-01T03:15:22.088328+00:00", "msg": "first read", "shard": "hipsci_targeted_19__shard_00043.h5ad", "study": "hipsci_targeted_19", "cells": 20000}
{"t": 1492.0, "utc": "2026-10-01T03:15:47.575167+00:00", "msg": "first read", "shard": "hipsci_targeted_19__shard_00044.h5ad", "study": "hipsci_targeted_19", "cells": 20000}
{"t": 1494.3, "utc": "2026-10-01T03:15:49.931128+00:00", "msg": "first read", "shard": "hipsci_targeted_19__shard_00045.h5ad", "study": "hipsci_targeted_19", "cells": 20000}
{"t": 1501.5, "utc": "2026-10-01T03:15:57.096449+00:00", "msg": "first read", "shard": "hipsci_targeted_19__shard_00046.h5ad", "study": "hipsci_targeted_19", "cells": 20000}
{"t": 1507.8, "utc": "2026-10-01T03:16:03.467675+00:00", "msg": "first read", "shard": "hipsci_targeted_19__shard_00047.h5ad", "study": "hipsci_targeted_19", "cells": 20000}
{"t": 1530.9, "utc": "2026-10-01T03:16:26.530738+00:00", "msg": "first read", "shard": "hipsci_targeted_19__shard_00048.h5ad", "study": "hipsci_targeted_19", "cells": 20000}
{"t": 1536.5, "utc": "2026-10-01T03:16:32.103913+00:00", "msg": "first read", "shard": "hipsci_targeted_19__shard_00049.h5ad", "study": "hipsci_targeted_19", "cells": 20000}
{"t": 1540.1, "utc": "2026-10-01T03:16:35.698795+00:00", "msg": "first read", "shard": "hipsci_targeted_19__shard_00050.h5ad", "study": "hipsci_targeted_19", "cells": 20000}
{"t": 1546.0, "utc": "2026-10-01T03:16:41.605055+00:00", "msg": "first read", "shard": "hipsci_targeted_19__shard_00051.h5ad", "study": "hipsci_targeted_19", "cells": 20000}
{"t": 1575.3, "utc": "2026-10-01T03:17:10.947724+00:00", "msg": "first read", "shard": "hipsci_targeted_19__shard_00052.h5ad", "study": "hipsci_targeted_19", "cells": 20000}
{"t": 1583.0, "utc": "2026-10-01T03:17:18.659578+00:00", "msg": "first read", "shard": "hipsci_targeted_19__shard_00053.h5ad", "study": "hipsci_targeted_19", "cells": 20000}
{"t": 1586.3, "utc": "2026-10-01T03:17:21.935026+00:00", "msg": "first read", "shard": "hipsci_targeted_19__shard_00054.h5ad", "study": "hipsci_targeted_19", "cells": 20000}
{"t": 1590.5, "utc": "2026-10-01T03:17:26.097669+00:00", "msg": "first read", "shard": "hipsci_targeted_19__shard_00055.h5ad", "study": "hipsci_targeted_19", "cells": 20000}
{"t": 1616.4, "utc": "2026-10-01T03:17:51.993268+00:00", "msg": "first read", "shard": "hipsci_targeted_19__shard_00056.h5ad", "study": "hipsci_targeted_19", "cells": 20000}
{"t": 1633.1, "utc": "2026-10-01T03:18:08.686435+00:00", "msg": "first read", "shard": "hipsci_targeted_19__shard_00057.h5ad", "study": "hipsci_targeted_19", "cells": 20000}
{"t": 1633.1, "utc": "2026-10-01T03:18:08.688184+00:00", "msg": "first read", "shard": "hipsci_targeted_19__shard_00058.h5ad", "study": "hipsci_targeted_19", "cells": 1865}
{"t": 1633.1, "utc": "2026-10-01T03:18:08.692079+00:00", "msg": "first read", "shard": "k562_gwps_a__shard_00000.h5ad", "study": "replogle_k562_gwps", "cells": 20000}
{"t": 1633.1, "utc": "2026-10-01T03:18:08.694157+00:00", "msg": "first read", "shard": "k562_gwps_a__shard_00001.h5ad", "study": "replogle_k562_gwps", "cells": 20000}
{"t": 1642.2, "utc": "2026-10-01T03:18:17.823335+00:00", "msg": "first read", "shard": "k562_gwps_a__shard_00002.h5ad", "study": "replogle_k562_gwps", "cells": 20000}
{"t": 1643.2, "utc": "2026-10-01T03:18:18.834254+00:00", "msg": "first read", "shard": "k562_gwps_a__shard_00003.h5ad", "study": "replogle_k562_gwps", "cells": 20000}
{"t": 1643.7, "utc": "2026-10-01T03:18:19.288880+00:00", "msg": "first read", "shard": "k562_gwps_a__shard_00004.h5ad", "study": "replogle_k562_gwps", "cells": 20000}
{"t": 1658.6, "utc": "2026-10-01T03:18:34.176647+00:00", "msg": "first read", "shard": "k562_gwps_a__shard_00005.h5ad", "study": "replogle_k562_gwps", "cells": 20000}
{"t": 1668.3, "utc": "2026-10-01T03:18:43.895784+00:00", "msg": "first read", "shard": "k562_gwps_a__shard_00006.h5ad", "study": "replogle_k562_gwps", "cells": 20000}
{"t": 1668.6, "utc": "2026-10-01T03:18:44.171684+00:00", "msg": "first read", "shard": "k562_gwps_a__shard_00007.h5ad", "study": "replogle_k562_gwps", "cells": 20000}
{"t": 1668.6, "utc": "2026-10-01T03:18:44.176800+00:00", "msg": "first read", "shard": "k562_gwps_a__shard_00008.h5ad", "study": "replogle_k562_gwps", "cells": 20000}
{"t": 1684.1, "utc": "2026-10-01T03:18:59.696181+00:00", "msg": "first read", "shard": "k562_gwps_a__shard_00009.h5ad", "study": "replogle_k562_gwps", "cells": 20000}
{"t": 1693.5, "utc": "2026-10-01T03:19:09.119879+00:00", "msg": "first read", "shard": "k562_gwps_a__shard_00010.h5ad", "study": "replogle_k562_gwps", "cells": 20000}
{"t": 1694.6, "utc": "2026-10-01T03:19:10.195747+00:00", "msg": "first read", "shard": "k562_gwps_a__shard_00011.h5ad", "study": "replogle_k562_gwps", "cells": 20000}
{"t": 1694.6, "utc": "2026-10-01T03:19:10.231869+00:00", "msg": "first read", "shard": "k562_gwps_a__shard_00012.h5ad", "study": "replogle_k562_gwps", "cells": 20000}
{"t": 1708.2, "utc": "2026-10-01T03:19:23.835766+00:00", "msg": "first read", "shard": "k562_gwps_a__shard_00013.h5ad", "study": "replogle_k562_gwps", "cells": 20000}
{"t": 1719.2, "utc": "2026-10-01T03:19:34.825407+00:00", "msg": "first read", "shard": "k562_gwps_a__shard_00014.h5ad", "study": "replogle_k562_gwps", "cells": 20000}
{"t": 1719.2, "utc": "2026-10-01T03:19:34.829044+00:00", "msg": "first read", "shard": "k562_gwps_a__shard_00015.h5ad", "study": "replogle_k562_gwps", "cells": 20000}
{"t": 1719.9, "utc": "2026-10-01T03:19:35.541861+00:00", "msg": "first read", "shard": "k562_gwps_a__shard_00016.h5ad", "study": "replogle_k562_gwps", "cells": 20000}
{"t": 1732.8, "utc": "2026-10-01T03:19:48.434745+00:00", "msg": "first read", "shard": "k562_gwps_a__shard_00017.h5ad", "study": "replogle_k562_gwps", "cells": 20000}
{"t": 1744.0, "utc": "2026-10-01T03:19:59.624254+00:00", "msg": "first read", "shard": "k562_gwps_a__shard_00018.h5ad", "study": "replogle_k562_gwps", "cells": 20000}
{"t": 1745.2, "utc": "2026-10-01T03:20:00.823159+00:00", "msg": "first read", "shard": "k562_gwps_a__shard_00019.h5ad", "study": "replogle_k562_gwps", "cells": 20000}
{"t": 1745.4, "utc": "2026-10-01T03:20:00.971826+00:00", "msg": "first read", "shard": "k562_gwps_a__shard_00020.h5ad", "study": "replogle_k562_gwps", "cells": 20000}
{"t": 1757.8, "utc": "2026-10-01T03:20:13.454117+00:00", "msg": "first read", "shard": "k562_gwps_a__shard_00021.h5ad", "study": "replogle_k562_gwps", "cells": 20000}
{"t": 1769.9, "utc": "2026-10-01T03:20:25.531775+00:00", "msg": "first read", "shard": "k562_gwps_a__shard_00022.h5ad", "study": "replogle_k562_gwps", "cells": 20000}
{"t": 1771.2, "utc": "2026-10-01T03:20:26.848587+00:00", "msg": "first read", "shard": "k562_gwps_a__shard_00023.h5ad", "study": "replogle_k562_gwps", "cells": 20000}
{"t": 1771.5, "utc": "2026-10-01T03:20:27.073269+00:00", "msg": "first read", "shard": "k562_gwps_a__shard_00024.h5ad", "study": "replogle_k562_gwps", "cells": 20000}
{"t": 1783.6, "utc": "2026-10-01T03:20:39.210684+00:00", "msg": "first read", "shard": "k562_gwps_a__shard_00025.h5ad", "study": "replogle_k562_gwps", "cells": 20000}
{"t": 1794.8, "utc": "2026-10-01T03:20:50.410959+00:00", "msg": "first read", "shard": "k562_gwps_a__shard_00026.h5ad", "study": "replogle_k562_gwps", "cells": 20000}
{"t": 1797.1, "utc": "2026-10-01T03:20:52.749885+00:00", "msg": "first read", "shard": "k562_gwps_a__shard_00027.h5ad", "study": "replogle_k562_gwps", "cells": 20000}
{"t": 1797.5, "utc": "2026-10-01T03:20:53.150355+00:00", "msg": "first read", "shard": "k562_gwps_a__shard_00028.h5ad", "study": "replogle_k562_gwps", "cells": 20000}
{"t": 1808.6, "utc": "2026-10-01T03:21:04.240517+00:00", "msg": "first read", "shard": "k562_gwps_a__shard_00029.h5ad", "study": "replogle_k562_gwps", "cells": 20000}
{"t": 1820.0, "utc": "2026-10-01T03:21:15.601966+00:00", "msg": "first read", "shard": "k562_gwps_a__shard_00030.h5ad", "study": "replogle_k562_gwps", "cells": 20000}
{"t": 1824.3, "utc": "2026-10-01T03:21:19.926228+00:00", "msg": "first read", "shard": "k562_gwps_a__shard_00031.h5ad", "study": "replogle_k562_gwps", "cells": 20000}
{"t": 1824.3, "utc": "2026-10-01T03:21:19.929109+00:00", "msg": "first read", "shard": "k562_gwps_a__shard_00032.h5ad", "study": "replogle_k562_gwps", "cells": 20000}
{"t": 1833.4, "utc": "2026-10-01T03:21:28.985864+00:00", "msg": "first read", "shard": "k562_gwps_a__shard_00033.h5ad", "study": "replogle_k562_gwps", "cells": 20000}
{"t": 1845.0, "utc": "2026-10-01T03:21:40.657274+00:00", "msg": "first read", "shard": "k562_gwps_a__shard_00034.h5ad", "study": "replogle_k562_gwps", "cells": 20000}
{"t": 1850.4, "utc": "2026-10-01T03:21:45.974940+00:00", "msg": "first read", "shard": "k562_gwps_a__shard_00035.h5ad", "study": "replogle_k562_gwps", "cells": 20000}
{"t": 1850.4, "utc": "2026-10-01T03:21:46.018728+00:00", "msg": "first read", "shard": "k562_gwps_a__shard_00036.h5ad", "study": "replogle_k562_gwps", "cells": 20000}
{"t": 1857.9, "utc": "2026-10-01T03:21:53.541688+00:00", "msg": "first read", "shard": "k562_gwps_a__shard_00037.h5ad", "study": "replogle_k562_gwps", "cells": 20000}
{"t": 1874.6, "utc": "2026-10-01T03:22:10.191961+00:00", "msg": "first read", "shard": "k562_gwps_a__shard_00038.h5ad", "study": "replogle_k562_gwps", "cells": 20000}
{"t": 1877.4, "utc": "2026-10-01T03:22:12.999127+00:00", "msg": "first read", "shard": "k562_gwps_a__shard_00039.h5ad", "study": "replogle_k562_gwps", "cells": 20000}
{"t": 1878.5, "utc": "2026-10-01T03:22:14.164058+00:00", "msg": "first read", "shard": "k562_gwps_a__shard_00040.h5ad", "study": "replogle_k562_gwps", "cells": 20000}
{"t": 1888.7, "utc": "2026-10-01T03:22:24.357582+00:00", "msg": "first read", "shard": "k562_gwps_a__shard_00041.h5ad", "study": "replogle_k562_gwps", "cells": 20000}
{"t": 1916.6, "utc": "2026-10-01T03:22:52.268257+00:00", "msg": "first read", "shard": "k562_gwps_a__shard_00042.h5ad", "study": "replogle_k562_gwps", "cells": 20000}
{"t": 1916.9, "utc": "2026-10-01T03:22:52.474069+00:00", "msg": "first read", "shard": "k562_gwps_a__shard_00043.h5ad", "study": "replogle_k562_gwps", "cells": 20000}
{"t": 1916.9, "utc": "2026-10-01T03:22:52.482390+00:00", "msg": "first read", "shard": "k562_gwps_a__shard_00044.h5ad", "study": "replogle_k562_gwps", "cells": 20000}
{"t": 1924.2, "utc": "2026-10-01T03:22:59.826767+00:00", "msg": "first read", "shard": "k562_gwps_a__shard_00045.h5ad", "study": "replogle_k562_gwps", "cells": 20000}
{"t": 1942.3, "utc": "2026-10-01T03:23:17.952788+00:00", "msg": "first read", "shard": "k562_gwps_a__shard_00046.h5ad", "study": "replogle_k562_gwps", "cells": 20000}
{"t": 1943.1, "utc": "2026-10-01T03:23:18.739552+00:00", "msg": "first read", "shard": "k562_gwps_a__shard_00047.h5ad", "study": "replogle_k562_gwps", "cells": 20000}
{"t": 1943.4, "utc": "2026-10-01T03:23:18.982292+00:00", "msg": "first read", "shard": "k562_gwps_a__shard_00048.h5ad", "study": "replogle_k562_gwps", "cells": 20000}
{"t": 1950.0, "utc": "2026-10-01T03:23:25.632769+00:00", "msg": "first read", "shard": "k562_gwps_a__shard_00049.h5ad", "study": "replogle_k562_gwps", "cells": 20000}
{"t": 1968.8, "utc": "2026-10-01T03:23:44.418257+00:00", "msg": "first read", "shard": "k562_gwps_b__shard_00050.h5ad", "study": "replogle_k562_gwps", "cells": 20000}
{"t": 1968.9, "utc": "2026-10-01T03:23:44.504990+00:00", "msg": "first read", "shard": "k562_gwps_b__shard_00051.h5ad", "study": "replogle_k562_gwps", "cells": 20000}
{"t": 1969.5, "utc": "2026-10-01T03:23:45.145734+00:00", "msg": "first read", "shard": "k562_gwps_b__shard_00052.h5ad", "study": "replogle_k562_gwps", "cells": 20000}
{"t": 1974.9, "utc": "2026-10-01T03:23:50.538684+00:00", "msg": "first read", "shard": "k562_gwps_b__shard_00053.h5ad", "study": "replogle_k562_gwps", "cells": 20000}
{"t": 1995.1, "utc": "2026-10-01T03:24:10.691769+00:00", "msg": "first read", "shard": "k562_gwps_b__shard_00054.h5ad", "study": "replogle_k562_gwps", "cells": 20000}
{"t": 1995.1, "utc": "2026-10-01T03:24:10.696891+00:00", "msg": "first read", "shard": "k562_gwps_b__shard_00055.h5ad", "study": "replogle_k562_gwps", "cells": 20000}
{"t": 1995.1, "utc": "2026-10-01T03:24:10.725985+00:00", "msg": "first read", "shard": "k562_gwps_b__shard_00056.h5ad", "study": "replogle_k562_gwps", "cells": 20000}
{"t": 1999.0, "utc": "2026-10-01T03:24:14.631453+00:00", "msg": "first read", "shard": "k562_gwps_b__shard_00057.h5ad", "study": "replogle_k562_gwps", "cells": 20000}
{"t": 2019.1, "utc": "2026-10-01T03:24:34.703628+00:00", "msg": "first read", "shard": "k562_gwps_b__shard_00058.h5ad", "study": "replogle_k562_gwps", "cells": 20000}
{"t": 2019.7, "utc": "2026-10-01T03:24:35.306450+00:00", "msg": "first read", "shard": "k562_gwps_b__shard_00059.h5ad", "study": "replogle_k562_gwps", "cells": 20000}
{"t": 2020.3, "utc": "2026-10-01T03:24:35.912435+00:00", "msg": "first read", "shard": "k562_gwps_b__shard_00060.h5ad", "study": "replogle_k562_gwps", "cells": 20000}
{"t": 2023.3, "utc": "2026-10-01T03:24:38.896415+00:00", "msg": "first read", "shard": "k562_gwps_b__shard_00061.h5ad", "study": "replogle_k562_gwps", "cells": 20000}
{"t": 2043.9, "utc": "2026-10-01T03:24:59.514241+00:00", "msg": "first read", "shard": "k562_gwps_b__shard_00062.h5ad", "study": "replogle_k562_gwps", "cells": 20000}
{"t": 2044.9, "utc": "2026-10-01T03:25:00.469757+00:00", "msg": "first read", "shard": "k562_gwps_b__shard_00063.h5ad", "study": "replogle_k562_gwps", "cells": 20000}
{"t": 2045.7, "utc": "2026-10-01T03:25:01.325114+00:00", "msg": "first read", "shard": "k562_gwps_b__shard_00064.h5ad", "study": "replogle_k562_gwps", "cells": 20000}
{"t": 2046.9, "utc": "2026-10-01T03:25:02.525639+00:00", "msg": "first read", "shard": "k562_gwps_b__shard_00065.h5ad", "study": "replogle_k562_gwps", "cells": 20000}
{"t": 2066.1, "utc": "2026-10-01T03:25:21.710188+00:00", "msg": "first read", "shard": "k562_gwps_b__shard_00066.h5ad", "study": "replogle_k562_gwps", "cells": 20000}
{"t": 2068.7, "utc": "2026-10-01T03:25:24.280771+00:00", "msg": "first read", "shard": "k562_gwps_b__shard_00067.h5ad", "study": "replogle_k562_gwps", "cells": 20000}
{"t": 2069.8, "utc": "2026-10-01T03:25:25.459805+00:00", "msg": "first read", "shard": "k562_gwps_b__shard_00068.h5ad", "study": "replogle_k562_gwps", "cells": 20000}
{"t": 2071.1, "utc": "2026-10-01T03:25:26.746856+00:00", "msg": "first read", "shard": "k562_gwps_b__shard_00069.h5ad", "study": "replogle_k562_gwps", "cells": 20000}
{"t": 2090.4, "utc": "2026-10-01T03:25:46.042468+00:00", "msg": "first read", "shard": "k562_gwps_b__shard_00070.h5ad", "study": "replogle_k562_gwps", "cells": 20000}
{"t": 2093.9, "utc": "2026-10-01T03:25:49.506408+00:00", "msg": "first read", "shard": "k562_gwps_b__shard_00071.h5ad", "study": "replogle_k562_gwps", "cells": 20000}
{"t": 2095.7, "utc": "2026-10-01T03:25:51.286268+00:00", "msg": "first read", "shard": "k562_gwps_b__shard_00072.h5ad", "study": "replogle_k562_gwps", "cells": 20000}
{"t": 2096.8, "utc": "2026-10-01T03:25:52.379064+00:00", "msg": "first read", "shard": "k562_gwps_b__shard_00073.h5ad", "study": "replogle_k562_gwps", "cells": 20000}
{"t": 2115.9, "utc": "2026-10-01T03:26:11.550406+00:00", "msg": "first read", "shard": "k562_gwps_b__shard_00074.h5ad", "study": "replogle_k562_gwps", "cells": 20000}
{"t": 2118.8, "utc": "2026-10-01T03:26:14.431433+00:00", "msg": "first read", "shard": "k562_gwps_b__shard_00075.h5ad", "study": "replogle_k562_gwps", "cells": 20000}
{"t": 2121.6, "utc": "2026-10-01T03:26:17.253547+00:00", "msg": "first read", "shard": "k562_gwps_b__shard_00076.h5ad", "study": "replogle_k562_gwps", "cells": 20000}
{"t": 2123.1, "utc": "2026-10-01T03:26:18.722358+00:00", "msg": "first read", "shard": "k562_gwps_b__shard_00077.h5ad", "study": "replogle_k562_gwps", "cells": 20000}
{"t": 2141.5, "utc": "2026-10-01T03:26:37.079146+00:00", "msg": "first read", "shard": "k562_gwps_b__shard_00078.h5ad", "study": "replogle_k562_gwps", "cells": 20000}
{"t": 2143.2, "utc": "2026-10-01T03:26:38.832739+00:00", "msg": "first read", "shard": "k562_gwps_b__shard_00079.h5ad", "study": "replogle_k562_gwps", "cells": 20000}
{"t": 2145.9, "utc": "2026-10-01T03:26:41.497956+00:00", "msg": "first read", "shard": "k562_gwps_b__shard_00080.h5ad", "study": "replogle_k562_gwps", "cells": 20000}
{"t": 2148.4, "utc": "2026-10-01T03:26:44.015080+00:00", "msg": "first read", "shard": "k562_gwps_b__shard_00081.h5ad", "study": "replogle_k562_gwps", "cells": 20000}
{"t": 2166.1, "utc": "2026-10-01T03:27:01.747806+00:00", "msg": "first read", "shard": "k562_gwps_b__shard_00082.h5ad", "study": "replogle_k562_gwps", "cells": 20000}
{"t": 2166.1, "utc": "2026-10-01T03:27:01.750771+00:00", "msg": "first read", "shard": "k562_gwps_b__shard_00083.h5ad", "study": "replogle_k562_gwps", "cells": 20000}
{"t": 2170.0, "utc": "2026-10-01T03:27:05.652913+00:00", "msg": "first read", "shard": "k562_gwps_b__shard_00084.h5ad", "study": "replogle_k562_gwps", "cells": 20000}
{"t": 2172.8, "utc": "2026-10-01T03:27:08.451117+00:00", "msg": "first read", "shard": "k562_gwps_b__shard_00085.h5ad", "study": "replogle_k562_gwps", "cells": 20000}
{"t": 2192.0, "utc": "2026-10-01T03:27:27.592251+00:00", "msg": "first read", "shard": "k562_gwps_b__shard_00086.h5ad", "study": "replogle_k562_gwps", "cells": 20000}
{"t": 2192.0, "utc": "2026-10-01T03:27:27.601769+00:00", "msg": "first read", "shard": "k562_gwps_b__shard_00087.h5ad", "study": "replogle_k562_gwps", "cells": 20000}
{"t": 2194.4, "utc": "2026-10-01T03:27:29.971609+00:00", "msg": "first read", "shard": "k562_gwps_b__shard_00088.h5ad", "study": "replogle_k562_gwps", "cells": 20000}
{"t": 2198.2, "utc": "2026-10-01T03:27:33.771220+00:00", "msg": "first read", "shard": "k562_gwps_b__shard_00089.h5ad", "study": "replogle_k562_gwps", "cells": 20000}
{"t": 2216.7, "utc": "2026-10-01T03:27:52.346505+00:00", "msg": "first read", "shard": "k562_gwps_b__shard_00090.h5ad", "study": "replogle_k562_gwps", "cells": 20000}
{"t": 2216.7, "utc": "2026-10-01T03:27:52.351926+00:00", "msg": "first read", "shard": "k562_gwps_b__shard_00091.h5ad", "study": "replogle_k562_gwps", "cells": 20000}
{"t": 2218.5, "utc": "2026-10-01T03:27:54.135683+00:00", "msg": "first read", "shard": "k562_gwps_b__shard_00092.h5ad", "study": "replogle_k562_gwps", "cells": 20000}
{"t": 2223.2, "utc": "2026-10-01T03:27:58.777689+00:00", "msg": "first read", "shard": "k562_gwps_b__shard_00093.h5ad", "study": "replogle_k562_gwps", "cells": 20000}
{"t": 2242.0, "utc": "2026-10-01T03:28:17.602367+00:00", "msg": "first read", "shard": "k562_gwps_b__shard_00094.h5ad", "study": "replogle_k562_gwps", "cells": 20000}
{"t": 2242.2, "utc": "2026-10-01T03:28:17.844734+00:00", "msg": "first read", "shard": "k562_gwps_b__shard_00095.h5ad", "study": "replogle_k562_gwps", "cells": 20000}
{"t": 2243.3, "utc": "2026-10-01T03:28:18.911408+00:00", "msg": "first read", "shard": "k562_gwps_b__shard_00096.h5ad", "study": "replogle_k562_gwps", "cells": 20000}
{"t": 2248.3, "utc": "2026-10-01T03:28:23.874810+00:00", "msg": "first read", "shard": "k562_gwps_b__shard_00097.h5ad", "study": "replogle_k562_gwps", "cells": 20000}
{"t": 2265.9, "utc": "2026-10-01T03:28:41.528803+00:00", "msg": "first read", "shard": "k562_gwps_b__shard_00098.h5ad", "study": "replogle_k562_gwps", "cells": 20000}
{"t": 2265.9, "utc": "2026-10-01T03:28:41.535281+00:00", "msg": "first read", "shard": "k562_gwps_b__shard_00099.h5ad", "study": "replogle_k562_gwps", "cells": 9578}
{"t": 2265.9, "utc": "2026-10-01T03:28:41.536828+00:00", "msg": "first read", "shard": "k562_essential__shard_00000.h5ad", "study": "replogle_k562_essential", "cells": 10000}
{"t": 2265.9, "utc": "2026-10-01T03:28:41.539191+00:00", "msg": "first read", "shard": "k562_essential__shard_00001.h5ad", "study": "replogle_k562_essential", "cells": 10000}
{"t": 2268.6, "utc": "2026-10-01T03:28:44.206013+00:00", "msg": "first read", "shard": "k562_essential__shard_00002.h5ad", "study": "replogle_k562_essential", "cells": 10000}
{"t": 2272.3, "utc": "2026-10-01T03:28:47.932792+00:00", "msg": "first read", "shard": "k562_essential__shard_00003.h5ad", "study": "replogle_k562_essential", "cells": 10000}
{"t": 2277.6, "utc": "2026-10-01T03:28:53.189909+00:00", "msg": "first read", "shard": "k562_essential__shard_00004.h5ad", "study": "replogle_k562_essential", "cells": 10000}
{"t": 2280.1, "utc": "2026-10-01T03:28:55.692713+00:00", "msg": "first read", "shard": "k562_essential__shard_00005.h5ad", "study": "replogle_k562_essential", "cells": 10000}
{"t": 2282.5, "utc": "2026-10-01T03:28:58.140171+00:00", "msg": "first read", "shard": "k562_essential__shard_00006.h5ad", "study": "replogle_k562_essential", "cells": 10000}
{"t": 2287.1, "utc": "2026-10-01T03:29:02.718104+00:00", "msg": "first read", "shard": "k562_essential__shard_00007.h5ad", "study": "replogle_k562_essential", "cells": 10000}
{"t": 2292.2, "utc": "2026-10-01T03:29:07.808722+00:00", "msg": "first read", "shard": "k562_essential__shard_00008.h5ad", "study": "replogle_k562_essential", "cells": 10000}
{"t": 2294.6, "utc": "2026-10-01T03:29:10.198717+00:00", "msg": "first read", "shard": "k562_essential__shard_00009.h5ad", "study": "replogle_k562_essential", "cells": 10000}
{"t": 2297.0, "utc": "2026-10-01T03:29:12.609279+00:00", "msg": "first read", "shard": "k562_essential__shard_00010.h5ad", "study": "replogle_k562_essential", "cells": 10000}
{"t": 2301.7, "utc": "2026-10-01T03:29:17.344889+00:00", "msg": "first read", "shard": "k562_essential__shard_00011.h5ad", "study": "replogle_k562_essential", "cells": 10000}
{"t": 2306.1, "utc": "2026-10-01T03:29:21.707893+00:00", "msg": "first read", "shard": "k562_essential__shard_00012.h5ad", "study": "replogle_k562_essential", "cells": 10000}
{"t": 2308.7, "utc": "2026-10-01T03:29:24.360615+00:00", "msg": "first read", "shard": "k562_essential__shard_00013.h5ad", "study": "replogle_k562_essential", "cells": 10000}
{"t": 2310.9, "utc": "2026-10-01T03:29:26.562859+00:00", "msg": "first read", "shard": "k562_essential__shard_00014.h5ad", "study": "replogle_k562_essential", "cells": 10000}
{"t": 2316.3, "utc": "2026-10-01T03:29:31.913703+00:00", "msg": "first read", "shard": "k562_essential__shard_00015.h5ad", "study": "replogle_k562_essential", "cells": 10000}
{"t": 2320.3, "utc": "2026-10-01T03:29:35.966833+00:00", "msg": "first read", "shard": "k562_essential__shard_00016.h5ad", "study": "replogle_k562_essential", "cells": 10000}
{"t": 2322.9, "utc": "2026-10-01T03:29:38.525040+00:00", "msg": "first read", "shard": "k562_essential__shard_00017.h5ad", "study": "replogle_k562_essential", "cells": 10000}
{"t": 2325.2, "utc": "2026-10-01T03:29:40.855421+00:00", "msg": "first read", "shard": "k562_essential__shard_00018.h5ad", "study": "replogle_k562_essential", "cells": 10000}
{"t": 2330.1, "utc": "2026-10-01T03:29:45.731256+00:00", "msg": "first read", "shard": "k562_essential__shard_00019.h5ad", "study": "replogle_k562_essential", "cells": 10000}
{"t": 2334.0, "utc": "2026-10-01T03:29:49.584713+00:00", "msg": "first read", "shard": "k562_essential__shard_00020.h5ad", "study": "replogle_k562_essential", "cells": 10000}
{"t": 2337.0, "utc": "2026-10-01T03:29:52.575009+00:00", "msg": "first read", "shard": "k562_essential__shard_00021.h5ad", "study": "replogle_k562_essential", "cells": 10000}
{"t": 2339.9, "utc": "2026-10-01T03:29:55.498893+00:00", "msg": "first read", "shard": "k562_essential__shard_00022.h5ad", "study": "replogle_k562_essential", "cells": 10000}
{"t": 2344.6, "utc": "2026-10-01T03:30:00.234474+00:00", "msg": "first read", "shard": "k562_essential__shard_00023.h5ad", "study": "replogle_k562_essential", "cells": 10000}
{"t": 2348.2, "utc": "2026-10-01T03:30:03.832916+00:00", "msg": "first read", "shard": "k562_essential__shard_00024.h5ad", "study": "replogle_k562_essential", "cells": 10000}
{"t": 2351.1, "utc": "2026-10-01T03:30:06.695167+00:00", "msg": "first read", "shard": "k562_essential__shard_00025.h5ad", "study": "replogle_k562_essential", "cells": 10000}
{"t": 2353.9, "utc": "2026-10-01T03:30:09.476324+00:00", "msg": "first read", "shard": "k562_essential__shard_00026.h5ad", "study": "replogle_k562_essential", "cells": 10000}
{"t": 2359.0, "utc": "2026-10-01T03:30:14.650090+00:00", "msg": "first read", "shard": "k562_essential__shard_00027.h5ad", "study": "replogle_k562_essential", "cells": 10000}
{"t": 2362.2, "utc": "2026-10-01T03:30:17.783136+00:00", "msg": "first read", "shard": "k562_essential__shard_00028.h5ad", "study": "replogle_k562_essential", "cells": 10000}
{"t": 2365.4, "utc": "2026-10-01T03:30:20.991764+00:00", "msg": "first read", "shard": "k562_essential__shard_00029.h5ad", "study": "replogle_k562_essential", "cells": 10000}
{"t": 2367.8, "utc": "2026-10-01T03:30:23.403834+00:00", "msg": "first read", "shard": "k562_essential__shard_00030.h5ad", "study": "replogle_k562_essential", "cells": 10000}
{"t": 2367.8, "utc": "2026-10-01T03:30:23.405117+00:00", "msg": "first read", "shard": "k562_essential__shard_00031.h5ad", "study": "replogle_k562_essential", "cells": 385}
{"t": 2373.9, "utc": "2026-10-01T03:30:29.473778+00:00", "msg": "first read", "shard": "rpe1__shard_00000.h5ad", "study": "replogle_rpe1", "cells": 10000}
{"t": 2376.4, "utc": "2026-10-01T03:30:32.033723+00:00", "msg": "first read", "shard": "rpe1__shard_00001.h5ad", "study": "replogle_rpe1", "cells": 10000}
{"t": 2379.5, "utc": "2026-10-01T03:30:35.152589+00:00", "msg": "first read", "shard": "rpe1__shard_00002.h5ad", "study": "replogle_rpe1", "cells": 10000}
{"t": 2381.5, "utc": "2026-10-01T03:30:37.105253+00:00", "msg": "first read", "shard": "rpe1__shard_00003.h5ad", "study": "replogle_rpe1", "cells": 10000}
{"t": 2387.6, "utc": "2026-10-01T03:30:43.227724+00:00", "msg": "first read", "shard": "rpe1__shard_00004.h5ad", "study": "replogle_rpe1", "cells": 10000}
{"t": 2390.4, "utc": "2026-10-01T03:30:45.982000+00:00", "msg": "first read", "shard": "rpe1__shard_00005.h5ad", "study": "replogle_rpe1", "cells": 10000}
{"t": 2394.0, "utc": "2026-10-01T03:30:49.575153+00:00", "msg": "first read", "shard": "rpe1__shard_00006.h5ad", "study": "replogle_rpe1", "cells": 10000}
{"t": 2395.2, "utc": "2026-10-01T03:30:50.866637+00:00", "msg": "first read", "shard": "rpe1__shard_00007.h5ad", "study": "replogle_rpe1", "cells": 10000}
{"t": 2401.8, "utc": "2026-10-01T03:30:57.428875+00:00", "msg": "first read", "shard": "rpe1__shard_00008.h5ad", "study": "replogle_rpe1", "cells": 10000}
{"t": 2404.4, "utc": "2026-10-01T03:31:00.040958+00:00", "msg": "first read", "shard": "rpe1__shard_00009.h5ad", "study": "replogle_rpe1", "cells": 10000}
{"t": 2407.5, "utc": "2026-10-01T03:31:03.116010+00:00", "msg": "first read", "shard": "rpe1__shard_00010.h5ad", "study": "replogle_rpe1", "cells": 10000}
{"t": 2409.0, "utc": "2026-10-01T03:31:04.576329+00:00", "msg": "first read", "shard": "rpe1__shard_00011.h5ad", "study": "replogle_rpe1", "cells": 10000}
{"t": 2416.0, "utc": "2026-10-01T03:31:11.631681+00:00", "msg": "first read", "shard": "rpe1__shard_00012.h5ad", "study": "replogle_rpe1", "cells": 10000}
{"t": 2418.8, "utc": "2026-10-01T03:31:14.449231+00:00", "msg": "first read", "shard": "rpe1__shard_00013.h5ad", "study": "replogle_rpe1", "cells": 10000}
{"t": 2421.4, "utc": "2026-10-01T03:31:16.992088+00:00", "msg": "first read", "shard": "rpe1__shard_00014.h5ad", "study": "replogle_rpe1", "cells": 10000}
{"t": 2422.6, "utc": "2026-10-01T03:31:18.234602+00:00", "msg": "first read", "shard": "rpe1__shard_00015.h5ad", "study": "replogle_rpe1", "cells": 10000}
{"t": 2429.4, "utc": "2026-10-01T03:31:24.995882+00:00", "msg": "first read", "shard": "rpe1__shard_00016.h5ad", "study": "replogle_rpe1", "cells": 10000}
{"t": 2432.8, "utc": "2026-10-01T03:31:28.445837+00:00", "msg": "first read", "shard": "rpe1__shard_00017.h5ad", "study": "replogle_rpe1", "cells": 10000}
{"t": 2435.5, "utc": "2026-10-01T03:31:31.090992+00:00", "msg": "first read", "shard": "rpe1__shard_00018.h5ad", "study": "replogle_rpe1", "cells": 10000}
{"t": 2436.6, "utc": "2026-10-01T03:31:32.241970+00:00", "msg": "first read", "shard": "rpe1__shard_00019.h5ad", "study": "replogle_rpe1", "cells": 10000}
{"t": 2442.8, "utc": "2026-10-01T03:31:38.458410+00:00", "msg": "first read", "shard": "rpe1__shard_00020.h5ad", "study": "replogle_rpe1", "cells": 10000}
{"t": 2446.8, "utc": "2026-10-01T03:31:42.431858+00:00", "msg": "first read", "shard": "rpe1__shard_00021.h5ad", "study": "replogle_rpe1", "cells": 10000}
{"t": 2449.2, "utc": "2026-10-01T03:31:44.864520+00:00", "msg": "first read", "shard": "rpe1__shard_00022.h5ad", "study": "replogle_rpe1", "cells": 10000}
{"t": 2450.4, "utc": "2026-10-01T03:31:46.012238+00:00", "msg": "first read", "shard": "rpe1__shard_00023.h5ad", "study": "replogle_rpe1", "cells": 10000}
{"t": 2452.1, "utc": "2026-10-01T03:31:47.712936+00:00", "msg": "first read", "shard": "rpe1__shard_00024.h5ad", "study": "replogle_rpe1", "cells": 7914}
{"t": 2543.3, "utc": "2026-10-01T03:33:18.947894+00:00", "msg": "second read", "shard": "hepg2_nadig__shard_00000.h5ad", "training_cells": 0}
{"t": 2543.4, "utc": "2026-10-01T03:33:18.973654+00:00", "msg": "second read", "shard": "hepg2_nadig__shard_00001.h5ad", "training_cells": 0}
{"t": 2543.4, "utc": "2026-10-01T03:33:19.025065+00:00", "msg": "second read", "shard": "hepg2_nadig__shard_00002.h5ad", "training_cells": 0}
{"t": 2543.5, "utc": "2026-10-01T03:33:19.081969+00:00", "msg": "second read", "shard": "hepg2_nadig__shard_00003.h5ad", "training_cells": 0}
{"t": 2553.7, "utc": "2026-10-01T03:33:29.342113+00:00", "msg": "second read", "shard": "hepg2_nadig__shard_00004.h5ad", "training_cells": 0}
{"t": 2554.2, "utc": "2026-10-01T03:33:29.807606+00:00", "msg": "second read", "shard": "hepg2_nadig__shard_00005.h5ad", "training_cells": 0}
{"t": 2554.3, "utc": "2026-10-01T03:33:29.933534+00:00", "msg": "second read", "shard": "hepg2_nadig__shard_00006.h5ad", "training_cells": 0}
{"t": 2554.4, "utc": "2026-10-01T03:33:29.989624+00:00", "msg": "second read", "shard": "hepg2_nadig__shard_00007.h5ad", "training_cells": 0}
{"t": 2565.1, "utc": "2026-10-01T03:33:40.753292+00:00", "msg": "second read", "shard": "jurkat_nadig__shard_00000.h5ad", "training_cells": 17702}
{"t": 2572.5, "utc": "2026-10-01T03:33:48.137363+00:00", "msg": "second read", "shard": "jurkat_nadig__shard_00001.h5ad", "training_cells": 17695}
{"t": 2573.3, "utc": "2026-10-01T03:33:48.954207+00:00", "msg": "second read", "shard": "jurkat_nadig__shard_00002.h5ad", "training_cells": 17698}
{"t": 2573.4, "utc": "2026-10-01T03:33:49.045958+00:00", "msg": "second read", "shard": "jurkat_nadig__shard_00003.h5ad", "training_cells": 17671}
{"t": 2583.5, "utc": "2026-10-01T03:33:59.102414+00:00", "msg": "second read", "shard": "jurkat_nadig__shard_00004.h5ad", "training_cells": 17668}
{"t": 2591.0, "utc": "2026-10-01T03:34:06.659927+00:00", "msg": "second read", "shard": "jurkat_nadig__shard_00005.h5ad", "training_cells": 17685}
{"t": 2591.2, "utc": "2026-10-01T03:34:06.855354+00:00", "msg": "second read", "shard": "jurkat_nadig__shard_00006.h5ad", "training_cells": 17648}
{"t": 2591.6, "utc": "2026-10-01T03:34:07.181971+00:00", "msg": "second read", "shard": "jurkat_nadig__shard_00007.h5ad", "training_cells": 17617}
{"t": 2600.9, "utc": "2026-10-01T03:34:16.551479+00:00", "msg": "second read", "shard": "jurkat_nadig__shard_00008.h5ad", "training_cells": 17655}
{"t": 2610.0, "utc": "2026-10-01T03:34:25.653210+00:00", "msg": "second read", "shard": "jurkat_nadig__shard_00009.h5ad", "training_cells": 17666}
{"t": 2610.2, "utc": "2026-10-01T03:34:25.836024+00:00", "msg": "second read", "shard": "jurkat_nadig__shard_00010.h5ad", "training_cells": 17705}
{"t": 2610.3, "utc": "2026-10-01T03:34:25.935931+00:00", "msg": "second read", "shard": "jurkat_nadig__shard_00011.h5ad", "training_cells": 17692}
{"t": 2619.6, "utc": "2026-10-01T03:34:35.199972+00:00", "msg": "second read", "shard": "jurkat_nadig__shard_00012.h5ad", "training_cells": 17653}
{"t": 2619.7, "utc": "2026-10-01T03:34:35.271676+00:00", "msg": "second read", "shard": "jurkat_nadig__shard_00013.h5ad", "training_cells": 2622}
{"t": 2621.1, "utc": "2026-10-01T03:34:36.731052+00:00", "msg": "second read", "shard": "h1_train__shard_00000.h5ad", "training_cells": 4592}
{"t": 2621.3, "utc": "2026-10-01T03:34:36.964209+00:00", "msg": "second read", "shard": "h1_train__shard_00001.h5ad", "training_cells": 4582}
{"t": 2623.8, "utc": "2026-10-01T03:34:39.443614+00:00", "msg": "second read", "shard": "h1_train__shard_00002.h5ad", "training_cells": 4597}
{"t": 2631.0, "utc": "2026-10-01T03:34:46.621076+00:00", "msg": "second read", "shard": "h1_train__shard_00003.h5ad", "training_cells": 4609}
{"t": 2632.7, "utc": "2026-10-01T03:34:48.333397+00:00", "msg": "second read", "shard": "h1_train__shard_00004.h5ad", "training_cells": 4562}
{"t": 2632.8, "utc": "2026-10-01T03:34:48.398316+00:00", "msg": "second read", "shard": "h1_train__shard_00005.h5ad", "training_cells": 4553}
{"t": 2635.0, "utc": "2026-10-01T03:34:50.577321+00:00", "msg": "second read", "shard": "h1_train__shard_00006.h5ad", "training_cells": 4609}
{"t": 2642.1, "utc": "2026-10-01T03:34:57.754190+00:00", "msg": "second read", "shard": "h1_train__shard_00007.h5ad", "training_cells": 4618}
{"t": 2644.4, "utc": "2026-10-01T03:35:00.046016+00:00", "msg": "second read", "shard": "h1_train__shard_00008.h5ad", "training_cells": 4586}
{"t": 2644.5, "utc": "2026-10-01T03:35:00.163939+00:00", "msg": "second read", "shard": "h1_train__shard_00009.h5ad", "training_cells": 4591}
{"t": 2646.3, "utc": "2026-10-01T03:35:01.951012+00:00", "msg": "second read", "shard": "h1_train__shard_00010.h5ad", "training_cells": 4605}
{"t": 2653.9, "utc": "2026-10-01T03:35:09.522607+00:00", "msg": "second read", "shard": "h1_train__shard_00011.h5ad", "training_cells": 4583}
{"t": 2656.1, "utc": "2026-10-01T03:35:11.730862+00:00", "msg": "second read", "shard": "h1_train__shard_00012.h5ad", "training_cells": 4619}
{"t": 2656.2, "utc": "2026-10-01T03:35:11.795779+00:00", "msg": "second read", "shard": "h1_train__shard_00013.h5ad", "training_cells": 4590}
{"t": 2658.0, "utc": "2026-10-01T03:35:13.597318+00:00", "msg": "second read", "shard": "h1_train__shard_00014.h5ad", "training_cells": 4571}
{"t": 2665.7, "utc": "2026-10-01T03:35:21.365066+00:00", "msg": "second read", "shard": "h1_train__shard_00015.h5ad", "training_cells": 4571}
{"t": 2667.8, "utc": "2026-10-01T03:35:23.375366+00:00", "msg": "second read", "shard": "h1_train__shard_00016.h5ad", "training_cells": 4576}
{"t": 2668.1, "utc": "2026-10-01T03:35:23.736644+00:00", "msg": "second read", "shard": "h1_train__shard_00017.h5ad", "training_cells": 4582}
{"t": 2670.1, "utc": "2026-10-01T03:35:25.676345+00:00", "msg": "second read", "shard": "h1_train__shard_00018.h5ad", "training_cells": 4575}
{"t": 2677.7, "utc": "2026-10-01T03:35:33.302790+00:00", "msg": "second read", "shard": "h1_train__shard_00019.h5ad", "training_cells": 4629}
{"t": 2680.5, "utc": "2026-10-01T03:35:36.097468+00:00", "msg": "second read", "shard": "h1_train__shard_00020.h5ad", "training_cells": 4583}
{"t": 2680.6, "utc": "2026-10-01T03:35:36.190849+00:00", "msg": "second read", "shard": "h1_train__shard_00021.h5ad", "training_cells": 4611}
{"t": 2682.1, "utc": "2026-10-01T03:35:37.730045+00:00", "msg": "second read", "shard": "h1_train__shard_00022.h5ad", "training_cells": 4617}
{"t": 2689.7, "utc": "2026-10-01T03:35:45.360222+00:00", "msg": "second read", "shard": "h1_train__shard_00023.h5ad", "training_cells": 4600}
{"t": 2692.9, "utc": "2026-10-01T03:35:48.497579+00:00", "msg": "second read", "shard": "h1_train__shard_00024.h5ad", "training_cells": 4563}
{"t": 2692.9, "utc": "2026-10-01T03:35:48.560977+00:00", "msg": "second read", "shard": "h1_train__shard_00025.h5ad", "training_cells": 4599}
{"t": 2694.4, "utc": "2026-10-01T03:35:50.048742+00:00", "msg": "second read", "shard": "h1_train__shard_00026.h5ad", "training_cells": 4619}
{"t": 2701.9, "utc": "2026-10-01T03:35:57.484888+00:00", "msg": "second read", "shard": "h1_train__shard_00027.h5ad", "training_cells": 4602}
{"t": 2704.9, "utc": "2026-10-01T03:36:00.476850+00:00", "msg": "second read", "shard": "h1_train__shard_00028.h5ad", "training_cells": 4577}
{"t": 2704.9, "utc": "2026-10-01T03:36:00.541137+00:00", "msg": "second read", "shard": "h1_train__shard_00029.h5ad", "training_cells": 4614}
{"t": 2706.2, "utc": "2026-10-01T03:36:01.788644+00:00", "msg": "second read", "shard": "h1_train__shard_00030.h5ad", "training_cells": 4561}
{"t": 2713.6, "utc": "2026-10-01T03:36:09.232546+00:00", "msg": "second read", "shard": "h1_train__shard_00031.h5ad", "training_cells": 4598}
{"t": 2716.1, "utc": "2026-10-01T03:36:11.673748+00:00", "msg": "second read", "shard": "h1_train__shard_00032.h5ad", "training_cells": 4582}
{"t": 2716.9, "utc": "2026-10-01T03:36:12.505025+00:00", "msg": "second read", "shard": "h1_train__shard_00033.h5ad", "training_cells": 4582}
{"t": 2718.3, "utc": "2026-10-01T03:36:13.968547+00:00", "msg": "second read", "shard": "h1_train__shard_00034.h5ad", "training_cells": 4631}
{"t": 2725.6, "utc": "2026-10-01T03:36:21.177729+00:00", "msg": "second read", "shard": "h1_train__shard_00035.h5ad", "training_cells": 4599}
{"t": 2728.0, "utc": "2026-10-01T03:36:23.588130+00:00", "msg": "second read", "shard": "h1_train__shard_00036.h5ad", "training_cells": 4566}
{"t": 2728.7, "utc": "2026-10-01T03:36:24.333141+00:00", "msg": "second read", "shard": "h1_train__shard_00037.h5ad", "training_cells": 4597}
{"t": 2730.4, "utc": "2026-10-01T03:36:25.995678+00:00", "msg": "second read", "shard": "h1_train__shard_00038.h5ad", "training_cells": 4581}
{"t": 2737.9, "utc": "2026-10-01T03:36:33.546360+00:00", "msg": "second read", "shard": "h1_train__shard_00039.h5ad", "training_cells": 4583}
{"t": 2740.1, "utc": "2026-10-01T03:36:35.720325+00:00", "msg": "second read", "shard": "h1_train__shard_00040.h5ad", "training_cells": 4604}
{"t": 2741.1, "utc": "2026-10-01T03:36:36.674966+00:00", "msg": "second read", "shard": "h1_train__shard_00041.h5ad", "training_cells": 4598}
{"t": 2742.7, "utc": "2026-10-01T03:36:38.282273+00:00", "msg": "second read", "shard": "h1_train__shard_00042.h5ad", "training_cells": 4595}
{"t": 2749.9, "utc": "2026-10-01T03:36:45.508982+00:00", "msg": "second read", "shard": "h1_train__shard_00043.h5ad", "training_cells": 4553}
{"t": 2749.9, "utc": "2026-10-01T03:36:45.562945+00:00", "msg": "second read", "shard": "h1_train__shard_00044.h5ad", "training_cells": 1164}
{"t": 2749.9, "utc": "2026-10-01T03:36:45.564759+00:00", "msg": "second read", "shard": "h1_val__shard_00000.h5ad", "training_cells": 2795}
{"t": 2751.3, "utc": "2026-10-01T03:36:46.942196+00:00", "msg": "second read", "shard": "h1_val__shard_00001.h5ad", "training_cells": 2761}
{"t": 2751.8, "utc": "2026-10-01T03:36:47.407682+00:00", "msg": "second read", "shard": "h1_val__shard_00002.h5ad", "training_cells": 2804}
{"t": 2757.9, "utc": "2026-10-01T03:36:53.520696+00:00", "msg": "second read", "shard": "h1_val__shard_00003.h5ad", "training_cells": 2811}
{"t": 2758.7, "utc": "2026-10-01T03:36:54.278556+00:00", "msg": "second read", "shard": "h1_val__shard_00004.h5ad", "training_cells": 2818}
{"t": 2759.9, "utc": "2026-10-01T03:36:55.488601+00:00", "msg": "second read", "shard": "h1_val__shard_00005.h5ad", "training_cells": 2763}
{"t": 2760.6, "utc": "2026-10-01T03:36:56.191739+00:00", "msg": "second read", "shard": "h1_val__shard_00006.h5ad", "training_cells": 2841}
{"t": 2766.8, "utc": "2026-10-01T03:37:02.465818+00:00", "msg": "second read", "shard": "h1_val__shard_00007.h5ad", "training_cells": 2816}
{"t": 2768.1, "utc": "2026-10-01T03:37:03.755404+00:00", "msg": "second read", "shard": "h1_val__shard_00008.h5ad", "training_cells": 2838}
{"t": 2769.1, "utc": "2026-10-01T03:37:04.670119+00:00", "msg": "second read", "shard": "h1_val__shard_00009.h5ad", "training_cells": 2760}
{"t": 2769.9, "utc": "2026-10-01T03:37:05.472031+00:00", "msg": "second read", "shard": "h1_val__shard_00010.h5ad", "training_cells": 2826}
{"t": 2775.9, "utc": "2026-10-01T03:37:11.502319+00:00", "msg": "second read", "shard": "h1_val__shard_00011.h5ad", "training_cells": 2785}
{"t": 2777.3, "utc": "2026-10-01T03:37:12.938219+00:00", "msg": "second read", "shard": "h1_val__shard_00012.h5ad", "training_cells": 2842}
{"t": 2778.2, "utc": "2026-10-01T03:37:13.806870+00:00", "msg": "second read", "shard": "h1_val__shard_00013.h5ad", "training_cells": 2831}
{"t": 2778.9, "utc": "2026-10-01T03:37:14.537126+00:00", "msg": "second read", "shard": "h1_val__shard_00014.h5ad", "training_cells": 2792}
{"t": 2784.6, "utc": "2026-10-01T03:37:20.229100+00:00", "msg": "second read", "shard": "h1_val__shard_00015.h5ad", "training_cells": 2810}
{"t": 2786.3, "utc": "2026-10-01T03:37:21.910702+00:00", "msg": "second read", "shard": "h1_val__shard_00016.h5ad", "training_cells": 2771}
{"t": 2787.8, "utc": "2026-10-01T03:37:23.378982+00:00", "msg": "second read", "shard": "h1_val__shard_00017.h5ad", "training_cells": 2848}
{"t": 2788.3, "utc": "2026-10-01T03:37:23.919011+00:00", "msg": "second read", "shard": "h1_val__shard_00018.h5ad", "training_cells": 2788}
{"t": 2791.5, "utc": "2026-10-01T03:37:27.162753+00:00", "msg": "second read", "shard": "h1_val__shard_00019.h5ad", "training_cells": 2227}
{"t": 2812.9, "utc": "2026-10-01T03:37:48.542444+00:00", "msg": "second read", "shard": "hipsci_gw_fitness__shard_00000.h5ad", "training_cells": 0}
{"t": 2818.4, "utc": "2026-10-01T03:37:53.978068+00:00", "msg": "second read", "shard": "hipsci_gw_fitness__shard_00001.h5ad", "training_cells": 0}
{"t": 2818.4, "utc": "2026-10-01T03:37:53.979099+00:00", "msg": "second read", "shard": "hipsci_gw_fitness__shard_00002.h5ad", "training_cells": 0}
{"t": 2822.3, "utc": "2026-10-01T03:37:57.948705+00:00", "msg": "second read", "shard": "hipsci_gw_fitness__shard_00003.h5ad", "training_cells": 0}
{"t": 2840.4, "utc": "2026-10-01T03:38:15.978615+00:00", "msg": "second read", "shard": "hipsci_gw_fitness__shard_00004.h5ad", "training_cells": 0}
{"t": 2842.5, "utc": "2026-10-01T03:38:18.090637+00:00", "msg": "second read", "shard": "hipsci_gw_fitness__shard_00005.h5ad", "training_cells": 0}
{"t": 2843.0, "utc": "2026-10-01T03:38:18.657072+00:00", "msg": "second read", "shard": "hipsci_gw_fitness__shard_00006.h5ad", "training_cells": 0}
{"t": 2844.2, "utc": "2026-10-01T03:38:19.813002+00:00", "msg": "second read", "shard": "hipsci_gw_fitness__shard_00007.h5ad", "training_cells": 0}
{"t": 2854.2, "utc": "2026-10-01T03:38:29.856237+00:00", "msg": "second read", "shard": "hipsci_gw_fitness__shard_00008.h5ad", "training_cells": 0}
{"t": 2857.1, "utc": "2026-10-01T03:38:32.747941+00:00", "msg": "second read", "shard": "hipsci_gw_fitness__shard_00009.h5ad", "training_cells": 0}
{"t": 2857.1, "utc": "2026-10-01T03:38:32.748155+00:00", "msg": "second read", "shard": "hipsci_gw_fitness__shard_00010.h5ad", "training_cells": 0}
{"t": 2859.5, "utc": "2026-10-01T03:38:35.153839+00:00", "msg": "second read", "shard": "hipsci_gw_fitness__shard_00011.h5ad", "training_cells": 0}
{"t": 2868.5, "utc": "2026-10-01T03:38:44.155668+00:00", "msg": "second read", "shard": "hipsci_gw_fitness__shard_00012.h5ad", "training_cells": 0}
{"t": 2871.6, "utc": "2026-10-01T03:38:47.226144+00:00", "msg": "second read", "shard": "hipsci_gw_fitness__shard_00013.h5ad", "training_cells": 0}
{"t": 2872.3, "utc": "2026-10-01T03:38:47.916652+00:00", "msg": "second read", "shard": "hipsci_gw_fitness__shard_00014.h5ad", "training_cells": 0}
{"t": 2873.0, "utc": "2026-10-01T03:38:48.630143+00:00", "msg": "second read", "shard": "hipsci_gw_fitness__shard_00015.h5ad", "training_cells": 0}
{"t": 2873.0, "utc": "2026-10-01T03:38:48.630383+00:00", "msg": "second read", "shard": "hipsci_gw_fitness__shard_00016.h5ad", "training_cells": 0}
{"t": 2883.4, "utc": "2026-10-01T03:38:58.999969+00:00", "msg": "second read", "shard": "hipsci_gw_nonfitness__shard_00000.h5ad", "training_cells": 0}
{"t": 2884.3, "utc": "2026-10-01T03:38:59.906048+00:00", "msg": "second read", "shard": "hipsci_gw_nonfitness__shard_00001.h5ad", "training_cells": 0}
{"t": 2885.0, "utc": "2026-10-01T03:39:00.574706+00:00", "msg": "second read", "shard": "hipsci_gw_nonfitness__shard_00002.h5ad", "training_cells": 0}
{"t": 2885.7, "utc": "2026-10-01T03:39:01.300948+00:00", "msg": "second read", "shard": "hipsci_gw_nonfitness__shard_00003.h5ad", "training_cells": 0}
{"t": 2895.3, "utc": "2026-10-01T03:39:10.886326+00:00", "msg": "second read", "shard": "hipsci_gw_nonfitness__shard_00004.h5ad", "training_cells": 0}
{"t": 2896.3, "utc": "2026-10-01T03:39:11.935835+00:00", "msg": "second read", "shard": "hipsci_gw_nonfitness__shard_00005.h5ad", "training_cells": 0}
{"t": 2899.1, "utc": "2026-10-01T03:39:14.671807+00:00", "msg": "second read", "shard": "hipsci_gw_nonfitness__shard_00006.h5ad", "training_cells": 0}
{"t": 2902.9, "utc": "2026-10-01T03:39:18.504282+00:00", "msg": "second read", "shard": "hipsci_gw_nonfitness__shard_00007.h5ad", "training_cells": 0}
{"t": 2921.2, "utc": "2026-10-01T03:39:36.817201+00:00", "msg": "second read", "shard": "hipsci_gw_nonfitness__shard_00008.h5ad", "training_cells": 0}
{"t": 2922.7, "utc": "2026-10-01T03:39:38.304691+00:00", "msg": "second read", "shard": "hipsci_gw_nonfitness__shard_00009.h5ad", "training_cells": 0}
{"t": 2922.7, "utc": "2026-10-01T03:39:38.304951+00:00", "msg": "second read", "shard": "hipsci_gw_nonfitness__shard_00010.h5ad", "training_cells": 0}
{"t": 2922.7, "utc": "2026-10-01T03:39:38.305061+00:00", "msg": "second read", "shard": "hipsci_gw_nonfitness__shard_00011.h5ad", "training_cells": 0}
{"t": 2932.0, "utc": "2026-10-01T03:39:47.637062+00:00", "msg": "second read", "shard": "hipsci_gw_nonfitness__shard_00012.h5ad", "training_cells": 0}
{"t": 2934.9, "utc": "2026-10-01T03:39:50.489548+00:00", "msg": "second read", "shard": "hipsci_gw_nonfitness__shard_00013.h5ad", "training_cells": 0}
{"t": 2934.9, "utc": "2026-10-01T03:39:50.489799+00:00", "msg": "second read", "shard": "hipsci_gw_nonfitness__shard_00014.h5ad", "training_cells": 0}
{"t": 2936.1, "utc": "2026-10-01T03:39:51.764025+00:00", "msg": "second read", "shard": "hipsci_gw_nonfitness__shard_00015.h5ad", "training_cells": 0}
{"t": 2944.8, "utc": "2026-10-01T03:40:00.436595+00:00", "msg": "second read", "shard": "hipsci_gw_nonfitness__shard_00016.h5ad", "training_cells": 0}
{"t": 2949.2, "utc": "2026-10-01T03:40:04.793968+00:00", "msg": "second read", "shard": "hipsci_gw_nonfitness__shard_00017.h5ad", "training_cells": 0}
{"t": 2949.2, "utc": "2026-10-01T03:40:04.794194+00:00", "msg": "second read", "shard": "hipsci_gw_nonfitness__shard_00018.h5ad", "training_cells": 0}
{"t": 2949.2, "utc": "2026-10-01T03:40:04.794308+00:00", "msg": "second read", "shard": "hipsci_gw_nonfitness__shard_00019.h5ad", "training_cells": 0}
{"t": 2967.3, "utc": "2026-10-01T03:40:22.916074+00:00", "msg": "second read", "shard": "hipsci_targeted_19__shard_00000.h5ad", "training_cells": 10751}
{"t": 2968.8, "utc": "2026-10-01T03:40:24.426020+00:00", "msg": "second read", "shard": "hipsci_targeted_19__shard_00001.h5ad", "training_cells": 10317}
{"t": 2970.6, "utc": "2026-10-01T03:40:26.179383+00:00", "msg": "second read", "shard": "hipsci_targeted_19__shard_00002.h5ad", "training_cells": 10498}
{"t": 2970.6, "utc": "2026-10-01T03:40:26.248381+00:00", "msg": "second read", "shard": "hipsci_targeted_19__shard_00003.h5ad", "training_cells": 9878}
{"t": 2987.4, "utc": "2026-10-01T03:40:42.969870+00:00", "msg": "second read", "shard": "hipsci_targeted_19__shard_00004.h5ad", "training_cells": 9769}
{"t": 2990.2, "utc": "2026-10-01T03:40:45.827305+00:00", "msg": "second read", "shard": "hipsci_targeted_19__shard_00005.h5ad", "training_cells": 11026}
{"t": 2992.6, "utc": "2026-10-01T03:40:48.230098+00:00", "msg": "second read", "shard": "hipsci_targeted_19__shard_00006.h5ad", "training_cells": 10693}
{"t": 2992.7, "utc": "2026-10-01T03:40:48.289124+00:00", "msg": "second read", "shard": "hipsci_targeted_19__shard_00007.h5ad", "training_cells": 10913}
{"t": 3005.4, "utc": "2026-10-01T03:41:00.972945+00:00", "msg": "second read", "shard": "hipsci_targeted_19__shard_00008.h5ad", "training_cells": 10938}
{"t": 3009.0, "utc": "2026-10-01T03:41:04.571097+00:00", "msg": "second read", "shard": "hipsci_targeted_19__shard_00009.h5ad", "training_cells": 11425}
{"t": 3013.7, "utc": "2026-10-01T03:41:09.359802+00:00", "msg": "second read", "shard": "hipsci_targeted_19__shard_00010.h5ad", "training_cells": 11023}
{"t": 3014.7, "utc": "2026-10-01T03:41:10.342859+00:00", "msg": "second read", "shard": "hipsci_targeted_19__shard_00011.h5ad", "training_cells": 10711}
{"t": 3029.1, "utc": "2026-10-01T03:41:24.721862+00:00", "msg": "second read", "shard": "hipsci_targeted_19__shard_00012.h5ad", "training_cells": 11389}
{"t": 3029.2, "utc": "2026-10-01T03:41:24.769636+00:00", "msg": "second read", "shard": "hipsci_targeted_19__shard_00013.h5ad", "training_cells": 11180}
{"t": 3034.3, "utc": "2026-10-01T03:41:29.918560+00:00", "msg": "second read", "shard": "hipsci_targeted_19__shard_00014.h5ad", "training_cells": 11085}
{"t": 3037.3, "utc": "2026-10-01T03:41:32.947563+00:00", "msg": "second read", "shard": "hipsci_targeted_19__shard_00015.h5ad", "training_cells": 10732}
{"t": 3050.5, "utc": "2026-10-01T03:41:46.158206+00:00", "msg": "second read", "shard": "hipsci_targeted_19__shard_00016.h5ad", "training_cells": 10743}
{"t": 3051.4, "utc": "2026-10-01T03:41:47.008131+00:00", "msg": "second read", "shard": "hipsci_targeted_19__shard_00017.h5ad", "training_cells": 11945}
{"t": 3053.9, "utc": "2026-10-01T03:41:49.545372+00:00", "msg": "second read", "shard": "hipsci_targeted_19__shard_00018.h5ad", "training_cells": 10299}
{"t": 3057.3, "utc": "2026-10-01T03:41:52.944166+00:00", "msg": "second read", "shard": "hipsci_targeted_19__shard_00019.h5ad", "training_cells": 10145}
{"t": 3068.8, "utc": "2026-10-01T03:42:04.459938+00:00", "msg": "second read", "shard": "hipsci_targeted_19__shard_00020.h5ad", "training_cells": 10738}
{"t": 3071.6, "utc": "2026-10-01T03:42:07.237881+00:00", "msg": "second read", "shard": "hipsci_targeted_19__shard_00021.h5ad", "training_cells": 9916}
{"t": 3076.2, "utc": "2026-10-01T03:42:11.818267+00:00", "msg": "second read", "shard": "hipsci_targeted_19__shard_00022.h5ad", "training_cells": 10558}
{"t": 3079.5, "utc": "2026-10-01T03:42:15.083544+00:00", "msg": "second read", "shard": "hipsci_targeted_19__shard_00023.h5ad", "training_cells": 10681}
{"t": 3089.5, "utc": "2026-10-01T03:42:25.167389+00:00", "msg": "second read", "shard": "hipsci_targeted_19__shard_00024.h5ad", "training_cells": 11176}
{"t": 3091.1, "utc": "2026-10-01T03:42:26.747699+00:00", "msg": "second read", "shard": "hipsci_targeted_19__shard_00025.h5ad", "training_cells": 9899}
{"t": 3093.0, "utc": "2026-10-01T03:42:28.609745+00:00", "msg": "second read", "shard": "hipsci_targeted_19__shard_00026.h5ad", "training_cells": 9912}
{"t": 3097.1, "utc": "2026-10-01T03:42:32.724799+00:00", "msg": "second read", "shard": "hipsci_targeted_19__shard_00027.h5ad", "training_cells": 9959}
{"t": 3113.0, "utc": "2026-10-01T03:42:48.641533+00:00", "msg": "second read", "shard": "hipsci_targeted_19__shard_00028.h5ad", "training_cells": 10706}
{"t": 3114.4, "utc": "2026-10-01T03:42:50.054559+00:00", "msg": "second read", "shard": "hipsci_targeted_19__shard_00029.h5ad", "training_cells": 9562}
{"t": 3114.5, "utc": "2026-10-01T03:42:50.083793+00:00", "msg": "second read", "shard": "hipsci_targeted_19__shard_00030.h5ad", "training_cells": 8477}
{"t": 3119.1, "utc": "2026-10-01T03:42:54.752227+00:00", "msg": "second read", "shard": "hipsci_targeted_19__shard_00031.h5ad", "training_cells": 8898}
{"t": 3128.1, "utc": "2026-10-01T03:43:03.717196+00:00", "msg": "second read", "shard": "hipsci_targeted_19__shard_00032.h5ad", "training_cells": 8165}
{"t": 3132.6, "utc": "2026-10-01T03:43:08.238288+00:00", "msg": "second read", "shard": "hipsci_targeted_19__shard_00033.h5ad", "training_cells": 8176}
{"t": 3132.7, "utc": "2026-10-01T03:43:08.273005+00:00", "msg": "second read", "shard": "hipsci_targeted_19__shard_00034.h5ad", "training_cells": 8232}
{"t": 3141.5, "utc": "2026-10-01T03:43:17.122077+00:00", "msg": "second read", "shard": "hipsci_targeted_19__shard_00035.h5ad", "training_cells": 7962}
{"t": 3167.7, "utc": "2026-10-01T03:43:43.298909+00:00", "msg": "second read", "shard": "hipsci_targeted_19__shard_00036.h5ad", "training_cells": 7504}
{"t": 3172.2, "utc": "2026-10-01T03:43:47.771389+00:00", "msg": "second read", "shard": "hipsci_targeted_19__shard_00037.h5ad", "training_cells": 7964}
{"t": 3172.2, "utc": "2026-10-01T03:43:47.809266+00:00", "msg": "second read", "shard": "hipsci_targeted_19__shard_00038.h5ad", "training_cells": 8239}
{"t": 3173.9, "utc": "2026-10-01T03:43:49.522967+00:00", "msg": "second read", "shard": "hipsci_targeted_19__shard_00039.h5ad", "training_cells": 9683}
{"t": 3189.9, "utc": "2026-10-01T03:44:05.478516+00:00", "msg": "second read", "shard": "hipsci_targeted_19__shard_00040.h5ad", "training_cells": 9670}
{"t": 3190.2, "utc": "2026-10-01T03:44:05.777006+00:00", "msg": "second read", "shard": "hipsci_targeted_19__shard_00041.h5ad", "training_cells": 8852}
{"t": 3190.2, "utc": "2026-10-01T03:44:05.818809+00:00", "msg": "second read", "shard": "hipsci_targeted_19__shard_00042.h5ad", "training_cells": 9901}
{"t": 3196.8, "utc": "2026-10-01T03:44:12.396159+00:00", "msg": "second read", "shard": "hipsci_targeted_19__shard_00043.h5ad", "training_cells": 8896}
{"t": 3210.9, "utc": "2026-10-01T03:44:26.540665+00:00", "msg": "second read", "shard": "hipsci_targeted_19__shard_00044.h5ad", "training_cells": 9787}
{"t": 3211.8, "utc": "2026-10-01T03:44:27.459982+00:00", "msg": "second read", "shard": "hipsci_targeted_19__shard_00045.h5ad", "training_cells": 8008}
{"t": 3213.3, "utc": "2026-10-01T03:44:28.883706+00:00", "msg": "second read", "shard": "hipsci_targeted_19__shard_00046.h5ad", "training_cells": 8549}
{"t": 3217.4, "utc": "2026-10-01T03:44:33.008027+00:00", "msg": "second read", "shard": "hipsci_targeted_19__shard_00047.h5ad", "training_cells": 8798}
{"t": 3227.3, "utc": "2026-10-01T03:44:42.873688+00:00", "msg": "second read", "shard": "hipsci_targeted_19__shard_00048.h5ad", "training_cells": 8454}
{"t": 3230.5, "utc": "2026-10-01T03:44:46.113924+00:00", "msg": "second read", "shard": "hipsci_targeted_19__shard_00049.h5ad", "training_cells": 9749}
{"t": 3231.0, "utc": "2026-10-01T03:44:46.572090+00:00", "msg": "second read", "shard": "hipsci_targeted_19__shard_00050.h5ad", "training_cells": 8851}
{"t": 3235.4, "utc": "2026-10-01T03:44:50.970896+00:00", "msg": "second read", "shard": "hipsci_targeted_19__shard_00051.h5ad", "training_cells": 9077}
{"t": 3249.1, "utc": "2026-10-01T03:45:04.710366+00:00", "msg": "second read", "shard": "hipsci_targeted_19__shard_00052.h5ad", "training_cells": 10371}
{"t": 3255.7, "utc": "2026-10-01T03:45:11.316995+00:00", "msg": "second read", "shard": "hipsci_targeted_19__shard_00053.h5ad", "training_cells": 9307}
{"t": 3256.5, "utc": "2026-10-01T03:45:12.128356+00:00", "msg": "second read", "shard": "hipsci_targeted_19__shard_00054.h5ad", "training_cells": 10228}
{"t": 3258.0, "utc": "2026-10-01T03:45:13.599250+00:00", "msg": "second read", "shard": "hipsci_targeted_19__shard_00055.h5ad", "training_cells": 9478}
{"t": 3268.8, "utc": "2026-10-01T03:45:24.425651+00:00", "msg": "second read", "shard": "hipsci_targeted_19__shard_00056.h5ad", "training_cells": 9891}
{"t": 3279.3, "utc": "2026-10-01T03:45:34.932410+00:00", "msg": "second read", "shard": "hipsci_targeted_19__shard_00057.h5ad", "training_cells": 10566}
{"t": 3279.3, "utc": "2026-10-01T03:45:34.956755+00:00", "msg": "second read", "shard": "hipsci_targeted_19__shard_00058.h5ad", "training_cells": 1038}
{"t": 3279.4, "utc": "2026-10-01T03:45:34.981848+00:00", "msg": "second read", "shard": "k562_gwps_a__shard_00000.h5ad", "training_cells": 17986}
{"t": 3279.4, "utc": "2026-10-01T03:45:35.025441+00:00", "msg": "second read", "shard": "k562_gwps_a__shard_00001.h5ad", "training_cells": 18070}
{"t": 3285.5, "utc": "2026-10-01T03:45:41.100419+00:00", "msg": "second read", "shard": "k562_gwps_a__shard_00002.h5ad", "training_cells": 18050}
{"t": 3291.3, "utc": "2026-10-01T03:45:46.940134+00:00", "msg": "second read", "shard": "k562_gwps_a__shard_00003.h5ad", "training_cells": 18030}
{"t": 3292.4, "utc": "2026-10-01T03:45:48.063801+00:00", "msg": "second read", "shard": "k562_gwps_a__shard_00004.h5ad", "training_cells": 18017}
{"t": 3295.8, "utc": "2026-10-01T03:45:51.403788+00:00", "msg": "second read", "shard": "k562_gwps_a__shard_00005.h5ad", "training_cells": 18040}
{"t": 3302.0, "utc": "2026-10-01T03:45:57.613347+00:00", "msg": "second read", "shard": "k562_gwps_a__shard_00006.h5ad", "training_cells": 17937}
{"t": 3307.9, "utc": "2026-10-01T03:46:03.501058+00:00", "msg": "second read", "shard": "k562_gwps_a__shard_00007.h5ad", "training_cells": 17983}
{"t": 3308.4, "utc": "2026-10-01T03:46:04.034658+00:00", "msg": "second read", "shard": "k562_gwps_a__shard_00008.h5ad", "training_cells": 18011}
{"t": 3312.1, "utc": "2026-10-01T03:46:07.746244+00:00", "msg": "second read", "shard": "k562_gwps_a__shard_00009.h5ad", "training_cells": 18058}
{"t": 3318.5, "utc": "2026-10-01T03:46:14.131973+00:00", "msg": "second read", "shard": "k562_gwps_a__shard_00010.h5ad", "training_cells": 18049}
{"t": 3324.2, "utc": "2026-10-01T03:46:19.824264+00:00", "msg": "second read", "shard": "k562_gwps_a__shard_00011.h5ad", "training_cells": 18001}
{"t": 3324.6, "utc": "2026-10-01T03:46:20.267361+00:00", "msg": "second read", "shard": "k562_gwps_a__shard_00012.h5ad", "training_cells": 18066}
{"t": 3327.7, "utc": "2026-10-01T03:46:23.289741+00:00", "msg": "second read", "shard": "k562_gwps_a__shard_00013.h5ad", "training_cells": 18029}
{"t": 3335.0, "utc": "2026-10-01T03:46:30.653477+00:00", "msg": "second read", "shard": "k562_gwps_a__shard_00014.h5ad", "training_cells": 18076}
{"t": 3340.5, "utc": "2026-10-01T03:46:36.083659+00:00", "msg": "second read", "shard": "k562_gwps_a__shard_00015.h5ad", "training_cells": 17976}
{"t": 3341.4, "utc": "2026-10-01T03:46:37.053520+00:00", "msg": "second read", "shard": "k562_gwps_a__shard_00016.h5ad", "training_cells": 18020}
{"t": 3343.8, "utc": "2026-10-01T03:46:39.398650+00:00", "msg": "second read", "shard": "k562_gwps_a__shard_00017.h5ad", "training_cells": 18030}
{"t": 3351.4, "utc": "2026-10-01T03:46:46.979397+00:00", "msg": "second read", "shard": "k562_gwps_a__shard_00018.h5ad", "training_cells": 18102}
{"t": 3357.1, "utc": "2026-10-01T03:46:52.677470+00:00", "msg": "second read", "shard": "k562_gwps_a__shard_00019.h5ad", "training_cells": 18034}
{"t": 3357.3, "utc": "2026-10-01T03:46:52.934524+00:00", "msg": "second read", "shard": "k562_gwps_a__shard_00020.h5ad", "training_cells": 18009}
{"t": 3359.8, "utc": "2026-10-01T03:46:55.395929+00:00", "msg": "second read", "shard": "k562_gwps_a__shard_00021.h5ad", "training_cells": 18077}
{"t": 3367.8, "utc": "2026-10-01T03:47:03.390793+00:00", "msg": "second read", "shard": "k562_gwps_a__shard_00022.h5ad", "training_cells": 17943}
{"t": 3373.2, "utc": "2026-10-01T03:47:08.821910+00:00", "msg": "second read", "shard": "k562_gwps_a__shard_00023.h5ad", "training_cells": 18059}
{"t": 3374.3, "utc": "2026-10-01T03:47:09.939141+00:00", "msg": "second read", "shard": "k562_gwps_a__shard_00024.h5ad", "training_cells": 17953}
{"t": 3376.3, "utc": "2026-10-01T03:47:11.963071+00:00", "msg": "second read", "shard": "k562_gwps_a__shard_00025.h5ad", "training_cells": 17982}
{"t": 3384.7, "utc": "2026-10-01T03:47:20.298019+00:00", "msg": "second read", "shard": "k562_gwps_a__shard_00026.h5ad", "training_cells": 18054}
{"t": 3390.0, "utc": "2026-10-01T03:47:25.603193+00:00", "msg": "second read", "shard": "k562_gwps_a__shard_00027.h5ad", "training_cells": 18029}
{"t": 3391.0, "utc": "2026-10-01T03:47:26.610558+00:00", "msg": "second read", "shard": "k562_gwps_a__shard_00028.h5ad", "training_cells": 17967}
{"t": 3392.9, "utc": "2026-10-01T03:47:28.557633+00:00", "msg": "second read", "shard": "k562_gwps_a__shard_00029.h5ad", "training_cells": 17985}
{"t": 3401.3, "utc": "2026-10-01T03:47:36.909891+00:00", "msg": "second read", "shard": "k562_gwps_a__shard_00030.h5ad", "training_cells": 18012}
{"t": 3407.2, "utc": "2026-10-01T03:47:42.840444+00:00", "msg": "second read", "shard": "k562_gwps_a__shard_00031.h5ad", "training_cells": 17982}
{"t": 3408.0, "utc": "2026-10-01T03:47:43.620770+00:00", "msg": "second read", "shard": "k562_gwps_a__shard_00032.h5ad", "training_cells": 18065}
{"t": 3409.6, "utc": "2026-10-01T03:47:45.232385+00:00", "msg": "second read", "shard": "k562_gwps_a__shard_00033.h5ad", "training_cells": 18025}
{"t": 3417.6, "utc": "2026-10-01T03:47:53.203837+00:00", "msg": "second read", "shard": "k562_gwps_a__shard_00034.h5ad", "training_cells": 18067}
{"t": 3423.8, "utc": "2026-10-01T03:47:59.396826+00:00", "msg": "second read", "shard": "k562_gwps_a__shard_00035.h5ad", "training_cells": 18051}
{"t": 3425.0, "utc": "2026-10-01T03:48:00.639510+00:00", "msg": "second read", "shard": "k562_gwps_a__shard_00036.h5ad", "training_cells": 18121}
{"t": 3426.4, "utc": "2026-10-01T03:48:02.041084+00:00", "msg": "second read", "shard": "k562_gwps_a__shard_00037.h5ad", "training_cells": 18014}
{"t": 3433.7, "utc": "2026-10-01T03:48:09.271529+00:00", "msg": "second read", "shard": "k562_gwps_a__shard_00038.h5ad", "training_cells": 17999}
{"t": 3440.0, "utc": "2026-10-01T03:48:15.633145+00:00", "msg": "second read", "shard": "k562_gwps_a__shard_00039.h5ad", "training_cells": 18051}
{"t": 3441.3, "utc": "2026-10-01T03:48:16.966856+00:00", "msg": "second read", "shard": "k562_gwps_a__shard_00040.h5ad", "training_cells": 18024}
{"t": 3444.0, "utc": "2026-10-01T03:48:19.595201+00:00", "msg": "second read", "shard": "k562_gwps_a__shard_00041.h5ad", "training_cells": 17973}
{"t": 3450.1, "utc": "2026-10-01T03:48:25.715190+00:00", "msg": "second read", "shard": "k562_gwps_a__shard_00042.h5ad", "training_cells": 18049}
{"t": 3457.0, "utc": "2026-10-01T03:48:32.604948+00:00", "msg": "second read", "shard": "k562_gwps_a__shard_00043.h5ad", "training_cells": 18058}
{"t": 3457.9, "utc": "2026-10-01T03:48:33.477427+00:00", "msg": "second read", "shard": "k562_gwps_a__shard_00044.h5ad", "training_cells": 18014}
{"t": 3460.4, "utc": "2026-10-01T03:48:35.999662+00:00", "msg": "second read", "shard": "k562_gwps_a__shard_00045.h5ad", "training_cells": 18096}
{"t": 3466.1, "utc": "2026-10-01T03:48:41.722520+00:00", "msg": "second read", "shard": "k562_gwps_a__shard_00046.h5ad", "training_cells": 18080}
{"t": 3473.3, "utc": "2026-10-01T03:48:48.869262+00:00", "msg": "second read", "shard": "k562_gwps_a__shard_00047.h5ad", "training_cells": 18002}
{"t": 3475.1, "utc": "2026-10-01T03:48:50.679888+00:00", "msg": "second read", "shard": "k562_gwps_a__shard_00048.h5ad", "training_cells": 18122}
{"t": 3478.6, "utc": "2026-10-01T03:48:54.257296+00:00", "msg": "second read", "shard": "k562_gwps_a__shard_00049.h5ad", "training_cells": 18054}
{"t": 3483.0, "utc": "2026-10-01T03:48:58.579651+00:00", "msg": "second read", "shard": "k562_gwps_b__shard_00050.h5ad", "training_cells": 18042}
{"t": 3489.8, "utc": "2026-10-01T03:49:05.395424+00:00", "msg": "second read", "shard": "k562_gwps_b__shard_00051.h5ad", "training_cells": 18010}
{"t": 3491.4, "utc": "2026-10-01T03:49:07.050425+00:00", "msg": "second read", "shard": "k562_gwps_b__shard_00052.h5ad", "training_cells": 18025}
{"t": 3495.9, "utc": "2026-10-01T03:49:11.552724+00:00", "msg": "second read", "shard": "k562_gwps_b__shard_00053.h5ad", "training_cells": 17942}
{"t": 3499.9, "utc": "2026-10-01T03:49:15.490377+00:00", "msg": "second read", "shard": "k562_gwps_b__shard_00054.h5ad", "training_cells": 18071}
{"t": 3506.7, "utc": "2026-10-01T03:49:22.309451+00:00", "msg": "second read", "shard": "k562_gwps_b__shard_00055.h5ad", "training_cells": 18011}
{"t": 3507.0, "utc": "2026-10-01T03:49:22.637217+00:00", "msg": "second read", "shard": "k562_gwps_b__shard_00056.h5ad", "training_cells": 17987}
{"t": 3512.3, "utc": "2026-10-01T03:49:27.953027+00:00", "msg": "second read", "shard": "k562_gwps_b__shard_00057.h5ad", "training_cells": 18048}
{"t": 3516.2, "utc": "2026-10-01T03:49:31.863701+00:00", "msg": "second read", "shard": "k562_gwps_b__shard_00058.h5ad", "training_cells": 18056}
{"t": 3522.8, "utc": "2026-10-01T03:49:38.383006+00:00", "msg": "second read", "shard": "k562_gwps_b__shard_00059.h5ad", "training_cells": 18022}
{"t": 3523.5, "utc": "2026-10-01T03:49:39.075014+00:00", "msg": "second read", "shard": "k562_gwps_b__shard_00060.h5ad", "training_cells": 18062}
{"t": 3529.0, "utc": "2026-10-01T03:49:44.648762+00:00", "msg": "second read", "shard": "k562_gwps_b__shard_00061.h5ad", "training_cells": 18024}
{"t": 3532.4, "utc": "2026-10-01T03:49:48.003920+00:00", "msg": "second read", "shard": "k562_gwps_b__shard_00062.h5ad", "training_cells": 18107}
{"t": 3538.7, "utc": "2026-10-01T03:49:54.338302+00:00", "msg": "second read", "shard": "k562_gwps_b__shard_00063.h5ad", "training_cells": 18001}
{"t": 3539.6, "utc": "2026-10-01T03:49:55.170164+00:00", "msg": "second read", "shard": "k562_gwps_b__shard_00064.h5ad", "training_cells": 18110}
{"t": 3545.8, "utc": "2026-10-01T03:50:01.448650+00:00", "msg": "second read", "shard": "k562_gwps_b__shard_00065.h5ad", "training_cells": 18056}
{"t": 3546.8, "utc": "2026-10-01T03:50:02.408331+00:00", "msg": "second read", "shard": "k562_gwps_b__shard_00066.h5ad", "training_cells": 17993}
{"t": 3554.7, "utc": "2026-10-01T03:50:10.295760+00:00", "msg": "second read", "shard": "k562_gwps_b__shard_00067.h5ad", "training_cells": 18056}
{"t": 3555.1, "utc": "2026-10-01T03:50:10.704530+00:00", "msg": "second read", "shard": "k562_gwps_b__shard_00068.h5ad", "training_cells": 17961}
{"t": 3562.7, "utc": "2026-10-01T03:50:18.326775+00:00", "msg": "second read", "shard": "k562_gwps_b__shard_00069.h5ad", "training_cells": 18105}
{"t": 3563.9, "utc": "2026-10-01T03:50:19.492850+00:00", "msg": "second read", "shard": "k562_gwps_b__shard_00070.h5ad", "training_cells": 18061}
{"t": 3574.4, "utc": "2026-10-01T03:50:29.992730+00:00", "msg": "second read", "shard": "k562_gwps_b__shard_00071.h5ad", "training_cells": 17992}
{"t": 3574.6, "utc": "2026-10-01T03:50:30.201719+00:00", "msg": "second read", "shard": "k562_gwps_b__shard_00072.h5ad", "training_cells": 18020}
{"t": 3582.0, "utc": "2026-10-01T03:50:37.588565+00:00", "msg": "second read", "shard": "k562_gwps_b__shard_00073.h5ad", "training_cells": 17995}
{"t": 3583.0, "utc": "2026-10-01T03:50:38.649983+00:00", "msg": "second read", "shard": "k562_gwps_b__shard_00074.h5ad", "training_cells": 17976}
{"t": 3591.2, "utc": "2026-10-01T03:50:46.819667+00:00", "msg": "second read", "shard": "k562_gwps_b__shard_00075.h5ad", "training_cells": 18026}
{"t": 3591.5, "utc": "2026-10-01T03:50:47.089937+00:00", "msg": "second read", "shard": "k562_gwps_b__shard_00076.h5ad", "training_cells": 18014}
{"t": 3599.4, "utc": "2026-10-01T03:50:54.985773+00:00", "msg": "second read", "shard": "k562_gwps_b__shard_00077.h5ad", "training_cells": 18041}
{"t": 3600.1, "utc": "2026-10-01T03:50:55.680404+00:00", "msg": "second read", "shard": "k562_gwps_b__shard_00078.h5ad", "training_cells": 18046}
{"t": 3607.4, "utc": "2026-10-01T03:51:03.052064+00:00", "msg": "second read", "shard": "k562_gwps_b__shard_00079.h5ad", "training_cells": 17977}
{"t": 3608.1, "utc": "2026-10-01T03:51:03.765523+00:00", "msg": "second read", "shard": "k562_gwps_b__shard_00080.h5ad", "training_cells": 18005}
{"t": 3615.8, "utc": "2026-10-01T03:51:11.460017+00:00", "msg": "second read", "shard": "k562_gwps_b__shard_00081.h5ad", "training_cells": 18040}
{"t": 3616.2, "utc": "2026-10-01T03:51:11.788648+00:00", "msg": "second read", "shard": "k562_gwps_b__shard_00082.h5ad", "training_cells": 18087}
{"t": 3623.0, "utc": "2026-10-01T03:51:18.613412+00:00", "msg": "second read", "shard": "k562_gwps_b__shard_00083.h5ad", "training_cells": 18018}
{"t": 3624.8, "utc": "2026-10-01T03:51:20.446453+00:00", "msg": "second read", "shard": "k562_gwps_b__shard_00084.h5ad", "training_cells": 18066}
{"t": 3632.6, "utc": "2026-10-01T03:51:28.240961+00:00", "msg": "second read", "shard": "k562_gwps_b__shard_00085.h5ad", "training_cells": 18008}
{"t": 3632.7, "utc": "2026-10-01T03:51:28.363094+00:00", "msg": "second read", "shard": "k562_gwps_b__shard_00086.h5ad", "training_cells": 18067}
{"t": 3639.6, "utc": "2026-10-01T03:51:35.229704+00:00", "msg": "second read", "shard": "k562_gwps_b__shard_00087.h5ad", "training_cells": 18059}
{"t": 3641.4, "utc": "2026-10-01T03:51:37.021282+00:00", "msg": "second read", "shard": "k562_gwps_b__shard_00088.h5ad", "training_cells": 17968}
{"t": 3648.8, "utc": "2026-10-01T03:51:44.448048+00:00", "msg": "second read", "shard": "k562_gwps_b__shard_00089.h5ad", "training_cells": 18053}
{"t": 3648.9, "utc": "2026-10-01T03:51:44.537660+00:00", "msg": "second read", "shard": "k562_gwps_b__shard_00090.h5ad", "training_cells": 18023}
{"t": 3656.1, "utc": "2026-10-01T03:51:51.707109+00:00", "msg": "second read", "shard": "k562_gwps_b__shard_00091.h5ad", "training_cells": 18041}
{"t": 3657.8, "utc": "2026-10-01T03:51:53.390265+00:00", "msg": "second read", "shard": "k562_gwps_b__shard_00092.h5ad", "training_cells": 17970}
{"t": 3665.2, "utc": "2026-10-01T03:52:00.829965+00:00", "msg": "second read", "shard": "k562_gwps_b__shard_00093.h5ad", "training_cells": 17946}
{"t": 3665.3, "utc": "2026-10-01T03:52:00.917081+00:00", "msg": "second read", "shard": "k562_gwps_b__shard_00094.h5ad", "training_cells": 18061}
{"t": 3672.2, "utc": "2026-10-01T03:52:07.834762+00:00", "msg": "second read", "shard": "k562_gwps_b__shard_00095.h5ad", "training_cells": 18107}
{"t": 3673.7, "utc": "2026-10-01T03:52:09.332419+00:00", "msg": "second read", "shard": "k562_gwps_b__shard_00096.h5ad", "training_cells": 18082}
{"t": 3681.0, "utc": "2026-10-01T03:52:16.581548+00:00", "msg": "second read", "shard": "k562_gwps_b__shard_00097.h5ad", "training_cells": 17946}
{"t": 3681.4, "utc": "2026-10-01T03:52:16.998854+00:00", "msg": "second read", "shard": "k562_gwps_b__shard_00098.h5ad", "training_cells": 17974}
{"t": 3681.5, "utc": "2026-10-01T03:52:17.085209+00:00", "msg": "second read", "shard": "k562_gwps_b__shard_00099.h5ad", "training_cells": 8610}
{"t": 3683.4, "utc": "2026-10-01T03:52:19.059294+00:00", "msg": "second read", "shard": "k562_essential__shard_00000.h5ad", "training_cells": 9002}
{"t": 3689.2, "utc": "2026-10-01T03:52:24.800940+00:00", "msg": "second read", "shard": "k562_essential__shard_00001.h5ad", "training_cells": 8943}
{"t": 3690.6, "utc": "2026-10-01T03:52:26.217425+00:00", "msg": "second read", "shard": "k562_essential__shard_00002.h5ad", "training_cells": 8949}
{"t": 3691.1, "utc": "2026-10-01T03:52:26.717879+00:00", "msg": "second read", "shard": "k562_essential__shard_00003.h5ad", "training_cells": 8933}
{"t": 3692.8, "utc": "2026-10-01T03:52:28.456280+00:00", "msg": "second read", "shard": "k562_essential__shard_00004.h5ad", "training_cells": 8976}
{"t": 3698.7, "utc": "2026-10-01T03:52:34.285757+00:00", "msg": "second read", "shard": "k562_essential__shard_00005.h5ad", "training_cells": 8959}
{"t": 3700.2, "utc": "2026-10-01T03:52:35.850586+00:00", "msg": "second read", "shard": "k562_essential__shard_00006.h5ad", "training_cells": 8921}
{"t": 3700.4, "utc": "2026-10-01T03:52:36.002425+00:00", "msg": "second read", "shard": "k562_essential__shard_00007.h5ad", "training_cells": 8946}
{"t": 3702.3, "utc": "2026-10-01T03:52:37.922044+00:00", "msg": "second read", "shard": "k562_essential__shard_00008.h5ad", "training_cells": 8945}
{"t": 3708.3, "utc": "2026-10-01T03:52:43.962109+00:00", "msg": "second read", "shard": "k562_essential__shard_00009.h5ad", "training_cells": 8932}
{"t": 3709.7, "utc": "2026-10-01T03:52:45.345625+00:00", "msg": "second read", "shard": "k562_essential__shard_00010.h5ad", "training_cells": 8954}
{"t": 3709.8, "utc": "2026-10-01T03:52:45.421188+00:00", "msg": "second read", "shard": "k562_essential__shard_00011.h5ad", "training_cells": 8891}
{"t": 3711.3, "utc": "2026-10-01T03:52:46.954844+00:00", "msg": "second read", "shard": "k562_essential__shard_00012.h5ad", "training_cells": 8958}
{"t": 3718.0, "utc": "2026-10-01T03:52:53.611185+00:00", "msg": "second read", "shard": "k562_essential__shard_00013.h5ad", "training_cells": 8951}
{"t": 3719.3, "utc": "2026-10-01T03:52:54.958933+00:00", "msg": "second read", "shard": "k562_essential__shard_00014.h5ad", "training_cells": 8962}
{"t": 3719.4, "utc": "2026-10-01T03:52:55.036888+00:00", "msg": "second read", "shard": "k562_essential__shard_00015.h5ad", "training_cells": 8942}
{"t": 3721.0, "utc": "2026-10-01T03:52:56.597852+00:00", "msg": "second read", "shard": "k562_essential__shard_00016.h5ad", "training_cells": 8989}
{"t": 3727.7, "utc": "2026-10-01T03:53:03.302738+00:00", "msg": "second read", "shard": "k562_essential__shard_00017.h5ad", "training_cells": 8926}
{"t": 3728.5, "utc": "2026-10-01T03:53:04.143114+00:00", "msg": "second read", "shard": "k562_essential__shard_00018.h5ad", "training_cells": 8977}
{"t": 3728.9, "utc": "2026-10-01T03:53:04.523242+00:00", "msg": "second read", "shard": "k562_essential__shard_00019.h5ad", "training_cells": 8911}
{"t": 3729.9, "utc": "2026-10-01T03:53:05.491129+00:00", "msg": "second read", "shard": "k562_essential__shard_00020.h5ad", "training_cells": 8985}
{"t": 3737.1, "utc": "2026-10-01T03:53:12.726270+00:00", "msg": "second read", "shard": "k562_essential__shard_00021.h5ad", "training_cells": 8920}
{"t": 3738.1, "utc": "2026-10-01T03:53:13.710867+00:00", "msg": "second read", "shard": "k562_essential__shard_00022.h5ad", "training_cells": 9013}
{"t": 3738.6, "utc": "2026-10-01T03:53:14.255640+00:00", "msg": "second read", "shard": "k562_essential__shard_00023.h5ad", "training_cells": 8935}
{"t": 3739.5, "utc": "2026-10-01T03:53:15.125177+00:00", "msg": "second read", "shard": "k562_essential__shard_00024.h5ad", "training_cells": 9000}
{"t": 3746.1, "utc": "2026-10-01T03:53:21.761473+00:00", "msg": "second read", "shard": "k562_essential__shard_00025.h5ad", "training_cells": 9006}
{"t": 3747.4, "utc": "2026-10-01T03:53:23.045269+00:00", "msg": "second read", "shard": "k562_essential__shard_00026.h5ad", "training_cells": 8995}
{"t": 3748.0, "utc": "2026-10-01T03:53:23.607478+00:00", "msg": "second read", "shard": "k562_essential__shard_00027.h5ad", "training_cells": 8897}
{"t": 3749.1, "utc": "2026-10-01T03:53:24.717357+00:00", "msg": "second read", "shard": "k562_essential__shard_00028.h5ad", "training_cells": 8984}
{"t": 3755.5, "utc": "2026-10-01T03:53:31.136598+00:00", "msg": "second read", "shard": "k562_essential__shard_00029.h5ad", "training_cells": 8976}
{"t": 3756.9, "utc": "2026-10-01T03:53:32.481239+00:00", "msg": "second read", "shard": "k562_essential__shard_00030.h5ad", "training_cells": 8962}
{"t": 3756.9, "utc": "2026-10-01T03:53:32.538349+00:00", "msg": "second read", "shard": "k562_essential__shard_00031.h5ad", "training_cells": 341}
{"t": 3758.0, "utc": "2026-10-01T03:53:33.628863+00:00", "msg": "second read", "shard": "rpe1__shard_00000.h5ad", "training_cells": 8926}
{"t": 3758.8, "utc": "2026-10-01T03:53:34.376231+00:00", "msg": "second read", "shard": "rpe1__shard_00001.h5ad", "training_cells": 8914}
{"t": 3777.6, "utc": "2026-10-01T03:53:53.179747+00:00", "msg": "second read", "shard": "rpe1__shard_00002.h5ad", "training_cells": 8943}
{"t": 3797.5, "utc": "2026-10-01T03:54:13.118831+00:00", "msg": "second read", "shard": "rpe1__shard_00003.h5ad", "training_cells": 8891}
{"t": 3799.8, "utc": "2026-10-01T03:54:15.426219+00:00", "msg": "second read", "shard": "rpe1__shard_00004.h5ad", "training_cells": 8934}
{"t": 3800.0, "utc": "2026-10-01T03:54:15.655337+00:00", "msg": "second read", "shard": "rpe1__shard_00005.h5ad", "training_cells": 8910}
{"t": 3800.8, "utc": "2026-10-01T03:54:16.445630+00:00", "msg": "second read", "shard": "rpe1__shard_00006.h5ad", "training_cells": 8930}
{"t": 3807.2, "utc": "2026-10-01T03:54:22.783810+00:00", "msg": "second read", "shard": "rpe1__shard_00007.h5ad", "training_cells": 8953}
{"t": 3810.1, "utc": "2026-10-01T03:54:25.688913+00:00", "msg": "second read", "shard": "rpe1__shard_00008.h5ad", "training_cells": 8877}
{"t": 3810.2, "utc": "2026-10-01T03:54:25.805254+00:00", "msg": "second read", "shard": "rpe1__shard_00009.h5ad", "training_cells": 8842}
{"t": 3810.6, "utc": "2026-10-01T03:54:26.209347+00:00", "msg": "second read", "shard": "rpe1__shard_00010.h5ad", "training_cells": 8878}
{"t": 3816.9, "utc": "2026-10-01T03:54:32.502217+00:00", "msg": "second read", "shard": "rpe1__shard_00011.h5ad", "training_cells": 8950}
{"t": 3820.3, "utc": "2026-10-01T03:54:35.950299+00:00", "msg": "second read", "shard": "rpe1__shard_00012.h5ad", "training_cells": 8881}
{"t": 3821.0, "utc": "2026-10-01T03:54:36.660887+00:00", "msg": "second read", "shard": "rpe1__shard_00013.h5ad", "training_cells": 8876}
{"t": 3821.2, "utc": "2026-10-01T03:54:36.797541+00:00", "msg": "second read", "shard": "rpe1__shard_00014.h5ad", "training_cells": 8910}
{"t": 3826.5, "utc": "2026-10-01T03:54:42.116997+00:00", "msg": "second read", "shard": "rpe1__shard_00015.h5ad", "training_cells": 8948}
{"t": 3829.5, "utc": "2026-10-01T03:54:45.148055+00:00", "msg": "second read", "shard": "rpe1__shard_00016.h5ad", "training_cells": 8830}
{"t": 3830.4, "utc": "2026-10-01T03:54:45.973761+00:00", "msg": "second read", "shard": "rpe1__shard_00017.h5ad", "training_cells": 8863}
{"t": 3831.0, "utc": "2026-10-01T03:54:46.615746+00:00", "msg": "second read", "shard": "rpe1__shard_00018.h5ad", "training_cells": 8890}
{"t": 3835.8, "utc": "2026-10-01T03:54:51.415186+00:00", "msg": "second read", "shard": "rpe1__shard_00019.h5ad", "training_cells": 8940}
{"t": 3838.6, "utc": "2026-10-01T03:54:54.256839+00:00", "msg": "second read", "shard": "rpe1__shard_00020.h5ad", "training_cells": 8919}
{"t": 3839.7, "utc": "2026-10-01T03:54:55.364150+00:00", "msg": "second read", "shard": "rpe1__shard_00021.h5ad", "training_cells": 8916}
{"t": 3840.2, "utc": "2026-10-01T03:54:55.809818+00:00", "msg": "second read", "shard": "rpe1__shard_00022.h5ad", "training_cells": 8938}
{"t": 3843.9, "utc": "2026-10-01T03:54:59.536875+00:00", "msg": "second read", "shard": "rpe1__shard_00023.h5ad", "training_cells": 8899}
{"t": 3844.6, "utc": "2026-10-01T03:55:00.226610+00:00", "msg": "second read", "shard": "rpe1__shard_00024.h5ad", "training_cells": 7060}
{"t": 3868.2, "utc": "2026-10-01T03:55:23.837038+00:00", "msg": "prepass done", "state": "prepass.pkl", "sha256": "3ca7a83072486a01af1e73a5714e49aa70a45f4dcb3f7c6aae936df94c95d1ab", "bytes": 1089666092, "shards": 340, "cells": 5157575, "admitted_training_cells": 3354670, "evaluation_groups": 1026}
