target,class,cosine,energy_k562,energy_cd4_mix,cells_k562,cells_cd4_mix
A1BG,other,0.0206088,34.8138,15.7912,387,2312
AAAS,other,0.028765,32.8093,30.4065,411,2161
AACS,other,0.0875107,88.4358,30.6204,176,2039
AAGAB,other,0.0293664,137.11,29.8151,99,1652
AAK1,other,-0.00474085,53.3029,52.1279,240,3526
AAMDC,other,0.0467351,64.7931,30.1288,195,926
AAMP,other,-0.0242646,110.963,863.376,157,12
AAR2,other,0.0212815,262.789,119.699,93,145
AARS2,other,0.0716113,53.5739,111.595,358,214
AARSD1,other,-0.0298619,32.9989,23.0909,367,2220
AASDH,other,0.0107278,151.591,51.3815,85,1743
AASDHPPT,other,0.024696,72.3036,54.2049,177,441
AATF,other,0.00109996,274.183,65.9082,182,314
ABCA7,other,-0.0155674,19.0611,28.5435,708,695
ABCB6,other,0.0485364,59.4816,29.9664,235,605
ABCB7,other,0.0407178,79.1955,539.096,244,23
ABCB8,other,0.0121782,166.928,20.3497,88,1481
ABCB9,other,0.00623866,24.2305,33.1306,532,801
ABCC1,other,0.087764,88.5295,29.4914,201,1752
ABCC10,other,-0.00286284,111.041,18.5208,131,1582
ABCC4,other,-0.00253209,72.001,29.3674,170,771
ABCC5,other,0.0323509,39.2343,21.7583,306,1130
ABCD3,other,0.0327385,64.363,16.138,207,1366
ABCD4,other,0.0125091,108.135,29.3459,117,1026
ABCE1,other,0.0949765,189.155,85.9215,120,299
ABCF1,other,0.0158754,40.8996,260.368,490,42
ABCF2,other,0.00697336,60.2936,41.2944,217,936
ABCF3,other,0.0290783,48.3738,34.6697,260,1378
ABCG1,other,0.0205997,52.1795,21.8597,294,802
ABHD10,other,-0.0181921,88.3522,12.5506,148,2879
ABHD11,other,-0.0216425,86.5195,29.9974,155,1117
ABHD12,other,0.0125639,56.8977,37.3265,233,1378
ABHD13,other,0.0316668,111.922,44.2428,113,1924
ABHD14A,other,0.000498353,63.3488,30.5544,210,1464
ABHD14B,other,0.0575804,16.8078,20.1507,802,4484
ABHD16A,other,0.019616,58.4862,28.0684,223,923
ABHD17A,other,-0.0255692,48.9726,23.6378,250,1265
ABHD17B,other,-4.59038e-05,251.029,18.978,58,1507
ABHD2,other,0.0294872,58.0756,22.5091,229,1090
ABHD3,other,-0.0162707,292.728,17.8419,50,2592
ABHD5,other,-0.000916358,92.9548,21.2054,143,2480
ABHD6,other,-0.00828776,41.7728,28.228,295,1179
ABHD8,other,-0.0305606,63.7959,32.7838,192,807
ABI1,other,-0.017516,168.892,27.0311,85,1223
ABI2,other,0.00750157,78.5003,23.6243,179,832
ABITRAM,other,0.032638,58.6581,38.9163,225,696
ABL1,other,0.00886233,53.8027,20.2622,226,1337
ABL2,other,0.0073132,28.3204,30.5342,460,2905
ABR,other,0.00330144,223.814,33.3986,66,579
ABRACL,other,0.000135395,55.6887,15.3292,224,1988
ABRAXAS1,other,0.0223767,59.3285,14.217,230,1634
ABRAXAS2,other,0.00505293,70.7267,14.6638,201,2404
ABT1,other,0.0246584,114.911,136.409,202,187
ACAA1,other,0.0200399,48.4353,19.2946,249,1494
ACAA2,other,0.0118514,65.911,33.3581,204,2517
ACACA,other,0.0464226,85.4275,16.5756,166,2909
ACAD10,other,0.0185779,103.121,29.4073,141,4254
ACAD8,other,0.118016,70.6164,17.5757,208,1629
ACAD9,other,0.0128587,108.443,22.3688,131,2505
ACADM,other,-0.0297839,97.2855,19.3774,127,2845
ACADS,other,-0.00916891,123.05,28.529,103,918
ACADSB,other,-0.0136028,58.7977,25.6442,216,2651
ACADVL,other,-0.0113941,46.8769,30.4908,268,1072
ACAP2,other,0.0092402,82.0736,24.3537,160,1528
ACAP3,other,0.0167271,71.6817,22.3926,179,1372
ACAT1,other,0.0300402,53.4728,24.1751,213,2137
ACAT2,other,0.0293025,90.8756,24.3835,152,1400
ACBD3,other,0.0162933,55.5495,21.1795,237,1661
ACBD5,other,-0.0261131,59.7751,28.9968,238,3721
ACBD6,other,0.0168065,72.2649,21.4848,214,1744
ACCS,other,0.0150731,114.682,17.0215,110,1891
ACD,other,0.00276745,81.1021,273.758,153,51
ACER3,other,-0.00556451,40.7005,19.2821,311,2885
ACIN1,other,0.0890123,41.0011,37.8359,355,692
ACO1,other,-0.00207394,82.3748,23.2893,157,1524
ACO2,other,0.0323785,80.5942,36.8006,155,529
ACOT13,other,0.0544568,85.9878,19.9834,147,2002
ACOT7,other,-0.026686,34.6882,26.2443,348,1702
ACOT8,other,0.00971713,113.66,25.7654,119,3304
ACOT9,other,-0.00358167,53.9376,22.4994,247,1256
ACOX1,other,-0.0179255,72.463,22.1646,178,1800
ACP1,other,0.0088506,312.947,15.3918,49,2146
ACP2,other,0.0167915,307.731,31.1376,57,3098
ACP5,other,0.000850278,38.6016,20.8621,363,1317
ACSF3,other,0.0366188,151.27,16.4182,89,1681
ACSL1,other,0.00954095,31.0735,33.9983,406,648
ACSL3,other,0.0718195,160.875,22.1978,130,1666
ACSL4,other,0.0238463,143.834,16.5805,93,2209
ACSM3,other,0.021452,181.343,39.2582,75,5252
ACSS2,other,0.0477464,137.137,26.5279,132,2452
ACTB,other,0.13526,56.7062,24.9498,363,1929
ACTG1,other,-0.030535,1843.29,45.1692,19,446
ACTL6A,other,-0.0473524,396.109,725.886,62,10
ACTN1,other,0.029745,55.9029,21.5903,273,977
ACTN4,other,-0.0198946,40.6323,23.8175,305,1315
ACTR1A,other,-0.0234225,29.4557,16.6851,451,2014
ACTR1B,other,-0.00977174,25.9576,24.2664,517,1059
ACTR2,other,-0.00742207,27.1307,60.3101,498,647
ACTR3,other,-0.0073443,59.6974,44.9314,261,751
ACTR3B,other,-0.0071068,115.533,93.0448,117,153
ACTR3C,other,0.05196,102.533,24.5211,122,1358
ACTR5,other,0.0663138,398.458,59.6628,50,3688
ACTR8,other,0.277166,105.426,130.844,408,437
ACVR1B,other,-0.00384543,62.6756,20.2234,212,1949
ACVR2B,other,0.00332932,126.188,20.1769,115,1336
ACY1,other,0.00914125,195.257,14.8535,70,2140
ACYP1,other,-0.0173485,50.477,24.8995,236,821
ACYP2,other,0.0119302,161.808,67.4314,85,2016
ADA,other,0.0445641,76.9306,20.0804,173,1417
ADAM10,other,-0.00506649,277.534,149.957,84,112
ADAM15,other,-0.0351357,116.392,22.0023,117,965
ADAM17,other,0.0776866,49.2906,17.6283,258,3091
ADAM9,other,0.0358992,56.3861,24.9105,214,961
ADAR,other,0.0340904,31.6696,97.1426,394,246
ADARB1,other,-0.0208982,32.3128,20.325,374,1849
ADAT1,other,0.0704273,74.1805,21.177,192,1393
ADAT2,other,0.0153001,73.4786,55.5779,175,918
ADAT3,other,0.00812396,49.2308,49.7839,318,1228
ADCK2,other,0.0200067,39.9678,13.2214,309,2164
ADCK5,other,0.0454967,156.299,20.531,81,3488
ADCY3,other,0.0223309,46.1539,16.8944,262,1753
ADCY7,other,0.0231835,238.903,35.7576,60,3360
ADD1,other,-0.0287554,45.3307,23.6662,280,1715
ADD2,other,-0.0194115,64.274,17.6764,210,1161
ADD3,other,0.0416401,64.1331,38.9662,207,527
ADH5,other,0.0211531,73.6264,38.6327,171,2126
ADI1,other,-0.0172068,127.41,22.9104,100,2269
ADIPOR1,other,0.0272189,84.109,14.6623,143,2594
ADIPOR2,other,0.0126242,53.7996,26.7281,241,1264
ADK,other,-0.0307603,53.9662,13.3057,219,2703
ADNP2,other,-0.0448333,244.324,31.882,87,3608
ADO,other,0.118932,127.807,109.628,150,331
ADORA2B,other,0.0181563,77.9194,16.0984,174,1562
ADPGK,other,0.00784916,176.394,43.3507,93,2835
ADRM1,other,0.0601354,34.6956,29.4641,403,938
ADSL,other,0.000325147,67.2379,251.792,255,29
ADTRP,other,0.0525608,81.3536,17.1709,141,2851
AEBP1,other,-0.00388608,47.4893,21.6435,255,855
AEBP2,other,0.0412606,85.088,87.7199,167,1660
AEN,other,-0.0101671,39.9445,18.7792,321,1713
AFF1,other,-0.0188889,84.5079,21.7131,142,1608
AFF4,other,0.00920059,85.8792,18.0452,154,2022
AFG3L2,other,0.0216163,1408.78,172.885,26,142
AFMID,other,0.0162322,144.263,26.0009,88,1077
AFTPH,other,0.0206616,84.1942,17.2813,156,1272
AGA,other,-0.00869097,785.233,23.6657,30,1206
AGAP1,other,-0.0091077,125.482,18.458,105,2074
AGAP3,other,0.046039,161.572,28.5763,90,3918
AGBL5,other,-0.0112288,35.6628,77.8084,372,1040
AGFG1,other,0.0177209,50.2697,33.9646,243,1012
AGFG2,other,0.00810734,42.8078,16.078,293,1759
AGGF1,other,0.0134798,65.0482,13.8581,189,1755
AGK,other,-0.00577613,146.993,26.1042,90,943
AGL,other,0.0281713,76.6385,13.2687,166,2693
AGO2,other,-0.03074,513.861,46.2958,42,357
AGO3,other,0.00239858,68.5345,16.6355,188,1884
AGPAT1,other,0.0312139,51.3975,45.5654,261,472
AGPAT2,other,-0.0166705,107.601,42.6727,115,1838
AGPAT3,other,0.000436414,79.1971,24.578,163,798
AGPAT4,other,-0.00821571,78.2224,24.3303,207,966
AGPAT5,other,0.00852413,131.765,18.2495,97,1688
AGPS,other,-0.0116408,80.277,23.0149,163,1770
AGRN,other,0.00999687,104.572,67.3652,126,874
AGTRAP,other,0.000579621,316.261,21.4939,47,1221
AHCTF1,other,0.0394242,28.4016,388.935,584,40
AHCYL1,other,0.0242748,45.9823,32.7771,314,802
AHDC1,other,0.0203423,74.9283,18.8623,170,3254
AHI1,other,0.0141954,115.435,15.6817,120,1954
AHNAK,other,0.0191675,25.9346,29.1814,531,615
AHR,other,-0.0134723,110.332,76.1199,128,3554
AHRR,other,0.0160566,91.5866,20.7217,145,1330
AHSA1,other,0.0495094,182.314,34.7722,73,3990
AHSP,other,0.0856909,105.633,25.8061,132,1131
AIDA,other,0.0622077,53.9906,46.019,244,1315
AIF1,other,0.0596911,51.5391,20.8542,251,2502
AIFM1,other,-0.022844,93.2218,55.9319,150,616
AIFM2,other,0.0050138,70.4483,16.923,172,2227
AIG1,other,0.0338394,118.503,16.1701,106,1725
AIMP1,other,0.0482967,44.1271,23.961,283,1664
AIMP2,other,0.0189876,70.193,33.245,182,1001
AIP,other,-0.00962436,490.202,26.8776,34,1506
AIRE,other,-0.0265774,85.435,17.7263,155,1438
AK1,other,0.0116355,61.5552,16.96,201,2110
AK2,other,0.00112643,58.2272,117.288,210,172
AK3,other,-0.0210062,69.0364,66.5817,184,2606
AK4,other,-0.023092,70.7323,22.652,173,2171
AKAP11,other,0.000612516,174.606,35.5452,84,569
AKAP13,other,-0.0243902,51.7978,16.7732,259,3296
AKAP17A,other,0.0420254,173.649,21.864,81,2322
AKAP8,other,0.00472119,70.7286,20.4422,184,2460
AKAP8L,other,0.0578229,114.859,19.5579,139,2038
AKAP9,other,-0.00227154,88.389,21.8774,156,1527
AKIP1,other,0.00151305,163.223,41.7018,87,538
AKIRIN2,other,0.0721611,62.5015,48.7575,277,640
AKNA,other,0.0252567,30.8905,19.8351,417,3168
AKR1A1,other,0.0131567,182.867,27.2314,76,1051
AKR1C1,other,0.0627447,105.858,65.7494,122,343
AKR1E2,other,0.000386494,66.4507,15.858,182,1592
AKR7A2,other,0.03248,51.2432,23.4937,254,2553
AKT1,other,-0.000290446,57.9419,15.924,228,2099
AKT1S1,other,0.00497969,69.1755,14.4002,193,2769
ALAD,other,0.0274921,72.8476,68.2739,222,308
ALAS1,other,0.00326343,157.159,69.3656,108,284
ALAS2,other,0.0404986,324.855,26.361,47,1928
ALDH16A1,other,0.0141581,174.135,21.2499,78,1913
ALDH18A1,other,-0.0241822,77.905,35.7651,195,1612
ALDH1A1,other,-0.0181907,78.0211,18.6693,173,988
ALDH1B1,other,-0.0281567,56.0545,35.5655,269,2936
ALDH2,other,-0.00332722,47.5811,22.5196,276,1698
ALDH5A1,other,0.0108098,62.4049,18.3852,201,1502
ALDH9A1,other,0.00772096,60.9704,15.8516,201,2023
ALDOA,other,0.0287191,201.37,65.6121,133,416
ALDOC,other,0.0183675,206.727,15.8523,71,1775
ALG1,other,0.0521707,79.0289,99.1179,182,202
ALG13,other,0.0529653,75.8572,43.1966,327,1197
ALG14,other,0.0767635,61.3001,106.494,285,148
ALG2,other,0.0600157,50.9648,40.014,372,658
ALG3,other,0.0676296,75.3984,32.7238,183,1236
ALG5,other,0.00219881,57.275,37.5605,224,948
ALG6,other,-0.0238795,54.9815,45.0054,248,2087
ALG8,other,-0.00021863,92.465,29.1919,139,1975
ALG9,other,0.0299137,135.959,37.8692,97,1709
ALKBH2,other,0.0347966,78.9543,100.338,164,1159
ALKBH3,other,0.0142302,49.3321,22.7896,252,825
ALKBH4,other,0.0388861,87.6826,26.7864,145,2926
ALKBH5,other,-0.00412817,102.896,29.2125,143,3677
ALKBH6,other,0.0106216,75.979,39.2455,178,2809
ALKBH7,other,0.0150481,45.7398,25.5842,274,1318
ALKBH8,other,0.07692,62.0511,23.1623,245,1376
ALMS1,other,-0.0188418,81.1282,15.702,171,1983
ALS2,other,-0.0130428,294.992,34.1184,50,919
ALX1,other,0.0182415,162.892,15.7659,76,2307
ALX3,other,-0.0078618,96.2367,13.978,129,4122
ALX4,other,0.0319294,46.5001,23.142,262,1723
AMBRA1,other,0.0806656,67.6051,29.6053,249,2002
AMD1,other,0.0137538,883.912,40.729,29,1040
AMDHD2,other,0.00706478,95.0832,35.0618,133,1910
AMFR,other,0.0220525,46.1963,41.5886,292,2242
AMH,other,-0.0096167,44.3169,17.73,280,1881
AMMECR1,other,0.0156622,84.9373,36.1388,205,674
AMN1,other,0.00702696,123.496,20.6814,98,1282
AMPD2,other,-0.00627951,20.7441,18.2334,616,3589
AMPD3,other,0.00517536,151.552,31.2747,85,3963
AMZ2,other,0.00128746,60.3449,21.1793,228,1168
ANAPC1,other,0.0397616,124.674,110.839,114,341
ANAPC10,other,-0.0246169,3886.58,89.019,15,497
ANAPC11,other,-0.00478084,61.8455,96.2879,195,237
ANAPC13,other,0.0256277,54.4847,29.3235,257,754
ANAPC15,other,-0.0002682,13.146,16.6553,1091,1640
ANAPC16,other,0.0283941,112.917,29.0692,110,870
ANAPC5,other,-0.0296827,442.591,83.5378,45,191
ANAPC7,other,-0.0207142,88.4098,30.955,160,1814
ANGEL2,other,0.00511892,118.146,17.6119,110,2978
ANHX,other,-0.00106782,59.552,25.5645,210,1192
ANK1,other,-0.0155478,145.721,28.2916,99,1092
ANK3,other,0.0105317,325.872,20.1076,48,2291
ANKFY1,other,0.0302963,61.355,25.7458,220,2703
ANKLE1,other,0.0162582,156.292,21.3403,85,2081
ANKLE2,other,-0.0206824,48.2245,52.6685,288,467
ANKMY1,other,0.014033,83.7133,27.4979,162,1681
ANKMY2,other,0.0868553,78.075,31.9164,173,897
ANKRA2,other,0.00983616,126.765,556.894,123,35
ANKRD10,other,-0.0514982,74.5797,45.6131,163,628
ANKRD11,other,0.183549,50.7648,20.7156,563,2467
ANKRD12,other,0.00774963,61.8466,20.4691,206,1622
ANKRD13A,other,-0.000833249,245.197,20.9627,59,4922
ANKRD13B,other,0.0610641,28.0551,16.969,495,2142
ANKRD13C,other,0.050616,107.478,20.8986,132,2074
ANKRD13D,other,-0.0147306,44.6131,45.3337,337,4861
ANKRD16,other,0.0460809,105.662,24.0851,131,1097
ANKRD17,other,-0.0120341,241.4,38.3601,77,781
ANKRD26,other,0.0117481,53.3651,23.3601,229,2286
ANKRD27,other,0.022608,58.982,19.9863,245,2063
ANKRD28,other,-0.0118586,166.864,15.8733,79,2097
ANKRD33B,other,0.00267911,51.794,19.8285,237,2515
ANKRD36,other,-0.0030968,87.1842,16.7122,153,2933
ANKRD36C,other,0.0173861,125.615,22.131,103,2799
ANKRD39,other,-0.0229675,295.923,25.6436,78,1829
ANKRD40,other,-0.0299178,36.7662,33.139,346,1050
ANKRD46,other,0.00194118,35.6381,21.605,362,1435
ANKRD49,other,0.0615439,48.149,63.1982,311,574
ANKRD54,other,0.00481644,158.382,32.7034,82,2447
ANKRD9,other,0.00082713,96.7945,23.899,142,1873
ANKS1A,other,0.0313695,150.929,30.761,89,721
ANKS3,other,-0.00915446,64.284,76.2683,210,322
ANKS6,other,0.0130698,56.8202,22.1361,220,1534
ANLN,other,0.0156547,75.8069,254.215,166,43
ANO10,other,0.0186091,51.6621,18.9956,241,3905
ANO6,other,0.00269101,101.653,14.0107,134,3871
ANP32A,other,0.00558045,146.13,26.1478,95,910
ANP32E,other,0.000212338,85.6596,13.9803,154,2431
ANTKMT,other,0.034602,64.0935,22.7767,211,1875
ANTXR2,other,0.0228493,73.8015,15.5811,171,2266
ANXA1,other,0.0105741,112.453,15.0856,119,1528
ANXA11,other,-0.017866,90.408,13.212,133,2234
ANXA2,other,0.0251298,60.4602,30.9814,221,1384
ANXA2R,other,0.00387493,132.986,16.6134,100,1580
ANXA3,other,-1.83628e-05,57.2558,19.3482,217,1481
ANXA4,other,0.0103241,108.453,16.4343,126,2221
ANXA5,other,0.00454494,45.3559,17.3454,264,1576
ANXA6,other,-0.0588809,54.7687,44.8534,238,414
ANXA7,other,-0.00984418,98.5486,41.5675,159,589
AOPEP,other,0.0121185,95.6917,28.7946,140,1515
AP1AR,other,0.0200419,56.7855,14.1358,241,2288
AP1B1,other,0.0810117,31.4744,18.7911,443,1673
AP1G1,other,-0.00608743,79.9753,35.6283,169,703
AP1G2,other,0.0239245,53.1061,14.6437,236,2184
AP1M1,other,-0.00162642,60.7734,38.4309,211,596
AP1S1,other,0.02881,84.241,22.5878,158,991
AP1S2,other,0.0154971,71.9554,49.2031,179,1183
AP2A1,other,-0.0327764,226.805,63.9674,90,298
AP2B1,other,0.0140604,74.1061,34.1823,228,1074
AP2S1,other,-0.017453,124.602,111.588,169,138
AP3B1,other,0.00273575,69.4026,38.1056,206,1211
AP3D1,other,0.00176011,116.206,21.4651,102,1701
AP3M1,other,0.0222903,164.38,14.4449,85,2672
AP3M2,other,0.0110658,91.8034,14.5179,184,2905
AP3S1,other,0.0327952,50.0214,61.1193,318,555
AP3S2,other,0.01044,82.5984,42.5677,157,5572
AP4B1,other,-0.00878337,105.993,21.3356,122,1493
AP4M1,other,0.00360457,99.2025,48.5387,134,534
AP4S1,other,0.0258292,147.975,26.0959,90,3751
AP5B1,other,0.0188496,208.699,24.0419,74,3040
AP5M1,other,0.0217112,64.4595,23.8651,208,1409
AP5S1,other,0.0342909,97.0833,20.9847,130,1474
AP5Z1,other,0.00721495,57.9351,20.0206,234,2697
APAF1,other,0.0303147,46.6363,28.4019,261,1105
APBA2,other,0.0104603,49.5255,23.4587,246,2705
APBA3,other,-0.0154408,44.7455,33.7311,288,500
APBB3,other,0.0499398,235.699,19.8516,63,4836
APC,other,-0.00780272,35.1047,97.9516,361,268
APEH,other,0.00495964,159.146,15.6489,84,3218
APEX1,other,-0.00999602,60.3285,31.5021,206,1888
APEX2,other,-0.0232644,130.515,43.0129,94,2237
APH1A,other,0.0116395,75.7386,33.7191,166,1172
APH1B,other,-0.00475367,71.8292,19.8027,185,1456
APIP,other,0.14514,70.9894,20.5532,188,1663
APLP1,other,0.00418651,80.0457,20.4848,176,1981
APLP2,other,-0.0101213,54.4753,14.2599,242,2579
APMAP,other,0.027523,59.2853,53.7942,217,2010
APOBEC3B,other,0.000932878,67.0786,22.0525,187,2716
APOBEC3C,other,-0.00972307,57.5687,31.5894,224,1276
APOBEC3G,other,0.0369831,40.4562,24.7039,291,1130
APOBR,other,-0.0130495,69.1365,17.145,178,2876
APOC1,other,0.0190129,47.121,26.1434,265,5743
APOE,other,-0.0201219,100.61,19.551,129,1480
APOL2,other,-0.0344323,75.856,30.6278,176,2096
APOM,other,0.0321037,102.023,133.785,160,132
APOO,other,9.94553e-05,88.0438,19.8763,144,1828
APOOL,other,-0.00549316,103.372,14.5876,115,2046
APPBP2,other,0.00221474,127.776,29.2671,103,1729
APPL1,other,0.0146679,107.066,142.773,117,114
APRT,other,-0.0165468,113.738,25.0032,119,912
APTX,other,-0.0262498,55.5247,15.8302,248,1561
AQP3,other,-0.00335775,45.8328,15.1099,292,1688
AR,other,0.0483627,115.505,18.3182,117,1909
ARAF,other,0.00618559,61.7242,22.7766,222,1071
ARAP1,other,0.0290904,45.0664,19.3431,286,1288
AREG,other,-0.0325314,125.373,28.4037,105,729
AREL1,other,0.00927855,95.3272,36.2739,154,777
ARF1,other,0.082358,77.2786,40.6816,174,1659
ARF3,other,0.0516459,55.5713,19.2827,268,1073
ARF4,other,0.0128826,65.9411,44.4338,194,794
ARF5,other,0.054159,29.7419,23.6807,452,1495
ARF6,other,-0.00162148,38.4444,23.789,357,4927
ARFGAP1,other,0.0380965,57.3377,22.1623,260,968
ARFGAP2,other,0.00399412,76.7672,25.5181,160,1841
ARFGAP3,other,-0.0140894,213.175,26.3081,73,1054
ARFGEF1,other,0.0140115,64.4771,34.6993,243,2282
ARFGEF2,other,0.0260486,2005.05,26.7311,23,1991
ARFIP1,other,-0.0200004,56.2676,21.0455,221,2718
ARFIP2,other,-0.0188486,169.429,22.9626,87,3663
ARFRP1,other,-0.017378,32.9997,62.9271,391,248
ARG2,other,-0.00752945,81.8393,13.7342,150,2162
ARGFX,other,0.0127317,75.0743,15.8166,187,3803
ARGLU1,other,0.208635,55.723,28.3725,673,981
ARHGAP1,other,-0.00517738,94.71,25.4486,153,1435
ARHGAP11A,other,0.00815363,126.703,48.1158,109,2160
ARHGAP11B,other,0.0203122,31.2399,16.9425,443,1406
ARHGAP12,other,-0.00551509,77.6233,16.249,167,1843
ARHGAP17,other,-0.00349155,149.52,15.9344,88,2995
ARHGAP18,other,0.00667815,74.6949,23.218,154,868
ARHGAP19,other,-0.00893355,120.051,28.3817,105,2583
ARHGAP21,other,-0.00325962,38.3721,28.5788,321,995
ARHGAP24,other,0.00780068,71.4411,21.7814,173,1204
ARHGAP25,other,-0.0146729,71.5936,20.8354,171,1347
ARHGAP35,other,-0.00347151,76.4014,16.2342,181,1911
ARHGAP45,other,-0.011293,88.7875,30.626,149,1263
ARHGAP5,other,0.0223437,39.8551,22.5223,332,2226
ARHGAP6,other,-0.010581,110.417,53.3668,164,416
ARHGDIA,other,-0.015701,68.7758,14.5911,179,2841
ARHGDIB,other,0.0028734,56.6757,26.4611,219,3722
ARHGEF1,other,0.00960104,21.2324,27.1935,607,1874
ARHGEF10,other,0.0363996,41.7756,55.448,350,628
ARHGEF11,other,0.0315021,76.3891,21.7825,164,1941
ARHGEF12,other,-0.00536346,49.4278,15.2366,262,2080
ARHGEF18,other,0.0207957,40.8577,23.4651,321,1669
ARHGEF2,other,0.0199609,100.851,41.493,132,3221
ARHGEF39,other,0.0048276,60.4501,21.2133,219,1542
ARHGEF6,other,-0.0227374,186.846,26.7257,76,3463
ARHGEF7,other,0.0123514,61.7951,15.9883,202,2057
ARHGEF9,other,-0.00774535,163.263,20.6041,82,1292
ARID1A,other,0.0277256,68.7439,70.728,271,409
ARID1B,other,-0.00287723,26.8904,14.4707,480,2458
ARID2,other,0.0967289,89.628,51.8897,200,2525
ARID3A,other,0.0205146,301.272,30.8738,54,934
ARID3B,other,-0.0125245,47.6365,32.5055,274,1196
ARID3C,other,0.0380553,60.2248,14.591,203,1996
ARID4A,other,0.0294039,51.5954,25.31,251,1634
ARID4B,other,0.0768946,221.195,44.5354,66,968
ARID5A,other,0.00695756,56.8507,22.3016,222,1834
ARID5B,other,0.0816212,72.8729,34.7066,260,878
ARIH1,other,0.14544,184.575,56.2645,91,1042
ARIH2,other,0.021101,108.555,33.4472,129,3961
ARL1,other,-0.044867,127.752,40.4027,117,1153
ARL13B,other,-0.00219908,102.902,16.1325,129,3564
ARL15,other,-0.01144,53.0247,24.9773,254,1114
ARL16,other,0.00266621,64.1353,30.7288,203,1167
ARL17A,other,-0.024761,62.4923,55.2625,212,374
ARL2,other,-0.0123161,1021.37,119.627,26,618
ARL2BP,other,0.029696,30.4871,23.4114,398,867
ARL3,other,-0.0102574,58.0919,20.6767,221,1166
ARL4A,other,0.00504921,63.0608,26.002,209,1523
ARL4D,other,0.0900985,39.6384,37.5796,333,1488
ARL5A,other,0.00100006,157.138,23.2159,88,1440
ARL5B,other,0.0255171,69.2461,59.5211,189,3842
ARL6IP1,other,-0.000887993,42.3214,23.6449,305,1441
ARL6IP4,other,-0.0103015,94.4224,19.3461,137,1935
ARL6IP5,other,-0.0171312,68.9099,22.0996,179,1520
ARL6IP6,other,0.0258524,74.0801,25.737,211,2408
ARL8A,other,-0.00539908,65.0761,21.1525,215,1921
ARL8B,other,-0.0174608,58.674,25.7653,227,2285
ARMC1,other,0.0211579,63.5363,20.508,211,1490
ARMC10,other,0.00971402,62.757,18.0327,204,2097
ARMC5,other,0.02415,63.9618,25.5216,204,998
ARMC6,other,-0.0120987,98.0868,32.9935,132,703
ARMC7,other,0.020709,123.459,128.993,169,113
ARMC8,other,0.00195022,81.7266,77.7411,182,3832
ARMCX3,other,-0.012589,67.5439,34.2131,196,1645
ARMCX5,other,-0.0085237,97.7384,18.8222,134,1781
ARMCX6,other,0.0314552,57.9776,31.9706,215,1584
ARNT,other,0.014278,136.475,105.731,95,2640
ARNT2,other,-0.00901266,102.637,21.2116,115,1465
ARPC1A,other,-0.0199677,56.4202,19.1719,229,1972
ARPC1B,other,0.0855142,333.441,26.7933,77,1229
ARPC2,other,0.0136227,28.5894,84.4292,483,600
ARPC3,other,-0.0190406,36.6583,57.1429,342,648
ARPC4-TTLL3,other,0.000662432,35.8814,36.1126,355,4108
ARPC5,other,0.0262383,70.1948,22.4409,172,2567
ARPC5L,other,-0.00975585,51.9947,20.169,257,1626
ARPP19,other,-0.00377595,54.2025,41.0444,239,575
ARRB1,other,-0.026231,300.422,17.1531,55,1862
ARRB2,other,0.0187916,208.766,148.991,81,148
ARRDC1,other,0.0520161,51.3987,29.9604,244,1816
ARRDC2,other,0.0189666,31.2391,16.0526,386,2289
ARRDC3,other,0.0359586,101.608,21.4052,129,2704
ARRDC4,other,0.125128,69.3791,177.663,266,349
ARSK,other,0.040859,82.5404,28.4111,158,1625
ARV1,other,0.0334936,72.3188,37.3785,179,3526
ARX,other,0.0327424,26.9916,33.8834,439,746
ASAH1,other,0.0252365,64.3324,19.1108,208,1146
ASAH2B,other,-0.00778908,64.2116,31.1269,217,1390
ASAP1,other,-0.00468032,55.4204,34.6987,251,723
ASAP3,other,0.0118315,59.1172,15.4702,221,3715
ASB1,other,0.0757782,48.7775,25.0278,283,2808
ASB13,other,0.0329415,20.3496,35.9586,659,1123
ASB3,other,-0.0146501,54.8809,22.0266,245,2674
ASB6,other,0.00152471,171.525,191.107,112,61
ASB7,other,0.0132722,514.143,32.8709,34,1287
ASB8,other,0.00568369,6321.42,18.572,10,1883
ASCC1,other,0.100197,136.589,26.9912,103,1016
ASCC3,other,0.0217307,292.242,116.81,128,136
ASCL1,other,0.0114438,56.4399,20.6689,227,2675
ASCL2,other,0.0115812,67.0792,16.4627,186,2185
ASCL3,other,-0.0362285,473.444,21.9414,39,1284
ASCL4,other,0.03309,99.9208,34.6489,142,1870
ASCL5,other,-0.0119058,152.653,19.3861,89,2359
ASF1A,other,0.0416456,64.8646,20.7294,200,2294
ASF1B,other,-0.0130529,19.4952,88.0019,680,177
ASH1L,other,-0.0233811,40.6749,23.5,306,1082
ASH2L,other,0.0179419,224.601,734.451,66,13
ASL,other,-0.00198292,123.136,15.611,110,1463
ASMTL,other,0.00739155,175.824,18.3339,79,2243
ASNS,other,-0.0243438,95.8582,22.4289,144,1546
ASNSD1,other,0.0195496,57.2848,27.4612,240,773
ASPH,other,0.0376812,81.225,26.4208,224,1266
ASPM,other,-0.012469,43.0058,16.3462,286,2440
ASPSCR1,other,-0.00442566,98.599,17.3771,131,2985
ASRGL1,other,-0.00129039,46.3582,39.5109,287,995
ASXL1,other,0.0348219,57.7457,29.2351,307,2786
ASXL2,other,0.0613969,54.4882,29.475,249,2390
ATAD1,other,0.028084,81.6852,21.2735,157,2748
ATAD2,other,0.00891409,226.474,17.2521,67,1498
ATAD2B,other,-0.01474,83.8849,22.9226,164,1569
ATAD3A,other,0.0520745,213.998,27.327,72,1513
ATAD3B,other,0.00615847,174.435,44.0707,75,806
ATAD5,other,0.0609078,84.5624,131.79,181,3823
ATE1,other,0.0327382,62.0328,16.1257,226,2366
ATF1,other,-0.00300069,37.5783,23.51,348,984
ATF2,other,0.00517811,71.4252,29.4764,188,3176
ATF3,other,0.0011635,41.2915,24.9891,310,800
ATF4,other,0.145979,155.911,79.1081,103,562
ATF5,other,0.0160636,484.17,435.898,50,40
ATF6,other,-0.0117874,104.581,14.6532,127,2133
ATF6B,other,0.0337654,70.108,40.381,194,649
ATF7,other,-0.0257956,766.352,23.3168,28,1476
ATF7IP,other,0.0493631,40.3153,22.3935,333,10372
ATF7IP2,other,0.0639361,98.2498,56.8023,163,7034
ATG10,other,0.0190943,87.8145,30.5444,144,647
ATG12,other,0.0189731,341.263,29.0399,44,1887
ATG13,other,-0.0188593,89.8922,23.3407,134,1350
ATG16L1,other,0.0461124,157.27,16.2811,100,1515
ATG2A,other,-0.033194,107.021,42.0708,120,1461
ATG2B,other,0.0229118,172.916,22.1828,79,2090
ATG3,other,0.0467332,75.5166,24.3559,193,1201
ATG4A,other,0.0341903,106.024,27.6133,118,1129
ATG4B,other,0.0153789,67.7266,11.8912,187,2547
ATG4C,other,0.00794818,69.4992,19.6075,173,1135
ATG4D,other,-0.00607388,97.5075,23.4899,133,1283
ATG5,other,-0.00238706,77.7705,30.0259,180,743
ATG7,other,-0.0237299,48.2878,31.2974,281,615
ATG9A,other,0.0103332,84.9791,67.6812,147,1461
ATIC,other,0.0815483,262.943,128.597,74,144
ATL2,other,-0.006152,95.9703,33.6694,157,623
ATL3,other,-0.0482968,80.2835,24.7338,168,1880
ATM,other,0.0251998,82.1794,41.5464,157,2304
ATMIN,other,0.0232621,90.4725,22.2858,144,1848
ATN1,other,0.0108884,64.4025,37.6638,192,4058
ATOH1,other,0.00991424,68.5987,20.4267,193,1564
ATOH7,other,0.00958245,128.82,26.9165,113,1060
ATOH8,other,0.0194589,53.2074,24.3094,241,1149
ATOX1,other,-0.0144893,100.612,25.9165,128,4128
ATP11A,other,-0.0130886,47.2402,17.7996,271,3325
ATP11B,other,0.0710859,109.266,351.997,193,38
ATP11C,other,0.0371999,368.592,17.6875,47,1578
ATP13A1,other,0.00541068,173.217,20.4978,74,1118
ATP13A2,other,0.0117251,34.1179,24.2498,382,1635
ATP13A3,other,0.0475245,109.825,21.8397,122,1592
ATP1B3,other,0.0415702,122.993,59.6259,133,632
ATP23,other,-0.0204261,75.8193,65.6948,184,3173
ATP2A2,other,-0.00752404,43.3788,256.682,297,623
ATP2A3,other,-0.0367304,75.5758,26.3475,166,1067
ATP2B1,other,0.0488541,89.6601,42.8515,148,629
ATP2B4,other,-0.0294261,214.3,16.2348,71,2288
ATP2C1,other,0.0473475,168.478,22.5258,91,1643
ATP5F1A,respiratory chain (NDUF/COX/UQCR/ATP5),0.0914207,101.771,37.3207,175,1164
ATP5F1B,respiratory chain (NDUF/COX/UQCR/ATP5),-0.0900337,210.515,49.3558,98,400
ATP5F1C,respiratory chain (NDUF/COX/UQCR/ATP5),0.0756002,270.251,272.358,73,59
ATP5F1D,respiratory chain (NDUF/COX/UQCR/ATP5),-0.0298342,97.796,40.6503,159,813
ATP5F1E,respiratory chain (NDUF/COX/UQCR/ATP5),-0.00440259,1130.17,44.432,25,750
ATP5IF1,respiratory chain (NDUF/COX/UQCR/ATP5),-0.00236569,116.117,16.1622,108,1901
ATP5MC1,respiratory chain (NDUF/COX/UQCR/ATP5),0.00458728,49.2743,31.6731,294,1823
ATP5MC2,respiratory chain (NDUF/COX/UQCR/ATP5),0.0155608,111.78,14.2998,112,1984
ATP5MC3,respiratory chain (NDUF/COX/UQCR/ATP5),0.0144116,103.995,47.4042,133,3468
ATP5ME,respiratory chain (NDUF/COX/UQCR/ATP5),0.115871,101.732,49.4179,183,700
ATP5MF,respiratory chain (NDUF/COX/UQCR/ATP5),0.131044,54.8034,49.4493,375,614
ATP5MG,respiratory chain (NDUF/COX/UQCR/ATP5),0.0669012,162.466,25.1793,92,1700
ATP5PB,respiratory chain (NDUF/COX/UQCR/ATP5),-0.00667548,832.191,28.6664,36,759
ATP5PD,respiratory chain (NDUF/COX/UQCR/ATP5),0.0402608,217.481,56.5309,110,346
ATP5PF,respiratory chain (NDUF/COX/UQCR/ATP5),0.108203,127.814,120.243,115,255
ATP5PO,respiratory chain (NDUF/COX/UQCR/ATP5),0.101369,81.9647,43.5759,215,1181
ATP6AP2,other,-6.71716e-05,42.1935,225.374,384,63
ATP6V0A1,other,0.0328007,103.315,13.7661,133,2151
ATP6V0A2,other,0.02606,129.704,85.0226,108,324
ATP6V0B,other,-0.00579036,47.3533,122.03,294,96
ATP6V0D1,other,-0.0274959,70.0691,116.613,198,178
ATP6V0E1,other,-0.0114499,67.019,21.481,197,1389
ATP6V0E2,other,-0.0162682,154.667,23.8604,86,1900
ATP6V1B2,other,-0.0487131,147.133,293.4,169,82
ATP6V1D,other,0.0333077,40.3917,26.3957,337,655
ATP6V1E1,other,0.0384983,50.3364,46.4677,283,363
ATP6V1E2,other,0.0739013,51.0818,24.659,278,3274
ATP6V1H,other,0.0215553,109.663,193.541,147,108
ATP7A,other,0.012151,55.8012,40.1791,213,1789
ATP8B2,other,0.0268883,73.8789,43.0611,189,519
ATP9B,other,-0.0397,67.1541,28.612,177,790
ATPAF1,other,-0.0231751,90.1614,23.0419,148,1363
ATPAF2,other,0.0347572,49.7352,32.2353,264,1769
ATPSCKMT,other,-0.00181955,203.528,420.021,70,26
ATRAID,other,-0.00614983,87.217,48.0487,144,691
ATRX,other,0.044609,38.3821,40.9492,413,1349
ATXN10,other,0.142886,227.989,295.375,75,144
ATXN1L,other,0.0275904,153.475,25.7171,109,1945
ATXN2,other,-0.0270602,111.975,38.6534,121,843
ATXN2L,other,0.0637739,97.4344,34.3366,139,1209
ATXN3,other,0.0222661,38.5854,25.9136,342,2411
ATXN7,other,-0.0170227,30.8746,41.6008,481,475
ATXN7L1,other,-0.00852936,80.4125,17.8521,165,1827
ATXN7L3,other,0.05369,45.8433,40.2186,318,3386
ATXN7L3B,other,0.0162698,96.5803,18.9531,132,2729
AUH,other,-0.0133703,83.5275,14.675,144,2683
AUNIP,other,0.0614811,51.7741,41.7961,262,686
AUP1,other,-0.00975913,58.3576,21.5069,238,2056
AURKA,other,-0.0198125,981.245,437.484,24,27
AURKAIP1,other,0.00237636,104.422,22.8203,129,1880
AURKB,other,0.0165455,387.376,759.461,40,11
AVEN,other,0.00962152,97.0567,30.8315,152,1129
AVL9,other,0.0309894,44.0665,24.8754,310,859
AVPI1,other,-0.0248117,59.657,32.5489,201,773
AXIN1,other,-0.000875025,112.502,293.37,124,25
AXL,other,-0.00215535,59.7741,18.4937,236,2352
AZI2,other,-0.0376748,79.3666,41.2728,159,453
AZIN1,other,0.0508281,721.569,22.6312,31,1808
B2M,other,0.0111271,45.9798,20.6422,277,1657
B3GALNT2,other,-0.0389497,68.808,19.7811,185,1582
B3GALT6,other,0.00990235,49.6594,24.4125,261,1066
B3GAT3,other,0.018061,61.4522,15.7365,213,2156
B3GNT2,other,0.0162771,71.7131,22.0226,163,2333
B3GNT5,other,-0.0118875,232.511,19.0562,62,1365
B3GNTL1,other,0.0122282,60.5491,26.8178,217,2051
B4GALNT1,other,0.0241055,556.622,14.3524,39,2730
B4GALNT4,other,-0.0101035,41.7328,18.7539,304,3113
B4GALT1,other,0.00814031,98.5025,57.5216,140,1636
B4GALT2,other,0.0138602,57.0714,21.6354,219,1628
B4GALT3,other,-0.00674747,84.3754,14.0551,173,2620
B4GALT4,other,0.00204024,44.7907,13.0099,287,2720
B4GALT5,other,-0.0039404,81.9826,78.6271,179,17373
B4GALT7,other,-0.0337186,89.893,20.5776,146,1840
B9D2,other,0.033117,145.053,34.9993,94,1990
BABAM1,other,-0.011023,79.4533,18.2453,171,1779
BABAM2,other,-0.0224216,129.899,20.7357,112,2709
BACH1,other,0.0361739,66.0044,27.1467,192,672
BACH2,other,-0.0228645,40.608,41.9419,318,2648
BAD,other,0.0371061,38.2156,21.9319,361,3230
BAG1,other,0.0655209,70.889,14.922,196,4126
BAG2,other,0.0434416,148.74,27.1324,93,1447
BAG3,other,0.0233344,38.6449,24.5169,333,2323
BAG4,other,-0.0125394,83.244,30.1491,161,1583
BAG5,other,-0.0237422,161.168,19.0522,78,1270
BAHD1,other,0.0752808,45.7419,66.3365,316,1197
BAIAP2,other,0.0111466,35.632,20.7132,363,4076
BAIAP2L1,other,0.0288373,67.8984,19.4503,193,1755
BAK1,other,-0.0042039,136.412,12.4644,92,3124
BAMBI,other,0.017762,152.215,48.8468,107,2112
BANP,other,-0.006163,73.5677,34.1571,238,1123
BAP1,other,0.0982895,185.947,173.189,371,159
BARD1,other,-0.00889563,39.1372,458.266,328,26
BARHL1,other,-0.0118641,125.813,20.7056,120,930
BARHL2,other,-0.0267907,66.5835,18.886,193,1531
BARX1,other,0.0471908,113.392,35.6932,119,1770
BARX2,other,0.0199774,96.3454,55.022,135,1166
BATF,other,-0.0392974,57.205,105.771,235,354
BATF2,other,0.0196298,63.3566,18.193,196,3319
BATF3,other,0.0342286,67.9669,24.9899,194,3114
BAX,other,0.0129331,33.6283,55.8015,382,597
BAZ1A,other,-0.00320611,74.0686,44.4051,202,988
BAZ1B,other,0.0186913,59.5233,24.2451,224,1869
BAZ2A,other,0.0544054,38.0562,17.5685,341,1985
BAZ2B,other,0.0542368,34.6011,28.2359,389,742
BBC3,other,0.0382235,88.7365,17.3468,145,1778
BBIP1,other,0.0250309,57.3831,20.4264,231,1413
BBS1,other,0.0331704,86.5227,16.9363,142,1443
BBS2,other,-0.00895579,39.1086,13.3938,318,2245
BBS4,other,-0.00149916,52.1661,13.1546,233,2103
BBS7,other,0.018063,45.1516,40.4018,276,2036
BBX,other,0.0371367,65.9437,24.8942,196,2201
BCAP29,other,0.00105339,294.609,20.3831,54,1520
BCAP31,other,0.00748712,66.1556,15.5853,211,3003
BCAT1,other,-0.0356552,78.9889,22.3795,165,2802
BCAT2,other,-0.0419607,97.4257,107.746,126,535
BCKDHA,other,-0.00663388,46.8629,271.359,266,121
BCKDHB,other,-0.0105135,111.337,27.0037,114,2853
BCL10,other,-0.000781144,56.4194,139.396,236,1984
BCL11A,other,0.0108567,95.811,19.53,138,3605
BCL11B,other,0.0462594,85.8548,205.136,152,649
BCL2L1,other,0.0697766,36.8433,29.7936,375,664
BCL2L11,other,0.00458493,51.1932,16.6716,252,2305
BCL2L12,other,0.00981432,114.54,14.011,121,2800
BCL2L13,other,0.00415612,63.6492,47.431,198,380
BCL2L2,other,0.0170176,73.5826,21.5185,186,1037
BCL6B,other,0.0440616,85.2158,24.4757,149,1337
BCL7A,other,0.0335082,62.74,17.8971,220,1301
BCL7B,other,0.0191129,363.958,25.4681,46,1202
BCLAF1,other,0.0855376,103.395,27.8623,144,1807
BCOR,other,0.0238269,56.3609,24.1559,225,4084
BCORL1,other,0.0144201,63.1329,33.5898,212,2423
BCR,other,0.00421094,69.7111,16.0152,261,1661
BCS1L,other,0.0320981,67.0565,74.7187,209,744
BDH2,other,0.0118156,94.0431,17.4485,141,2593
BDP1,other,0.0277492,113.015,201.827,184,59
BECN1,other,0.0149505,102.259,445.665,130,26
BEST1,other,0.0306075,25.501,17.5783,529,1552
BET1,other,-0.0708526,189.645,273.082,94,42
BET1L,other,0.00394097,42.2117,19.8329,311,2178
BEX2,other,-0.010841,70.3789,17.1779,179,2084
BEX4,other,0.0198928,165.658,31.9288,79,4104
BFAR,other,-0.016608,60.4434,17.0761,218,3674
BHLHA15,other,-0.0124987,80.4967,9.99779,161,4472
BHLHA9,other,0.00897647,48.5273,19.3467,300,1767
BHLHE22,other,-0.0115797,54.3276,26.391,212,1119
BHLHE23,other,0.0098055,61.8351,12.6837,218,2584
BHLHE40,other,-0.0190813,36.9132,90.7029,424,2864
BHLHE41,other,-0.00962997,146.495,14.955,93,2113
BICD1,other,-0.00451511,39.8487,17.0397,340,1736
BICD2,other,-0.0206329,39.634,15.6949,312,2600
BID,other,0.0112804,65.8098,23.7624,185,902
BIN3,other,-0.00473075,57.5343,22.1193,223,1770
BIRC2,other,0.00771096,52.6643,20.4551,270,1421
BIRC5,other,-0.0056391,346.877,503.783,41,23
BIRC6,other,0.00107551,58.374,32.3841,230,917
BIVM,other,0.0534797,44.3527,19.6169,320,3398
BLCAP,other,-0.0178755,56.7557,20.319,231,1643
BLM,other,0.00472376,124.722,50.5526,106,315
BLMH,other,-0.00962031,40.7268,23.2651,311,1312
BLOC1S1,other,0.0165035,192.054,22.2622,76,1871
BLOC1S2,other,0.00356494,203.665,34.9647,70,918
BLOC1S3,other,-0.00323701,30.9022,31.584,412,762
BLOC1S4,other,-0.0285203,99.6912,28.6802,131,745
BLOC1S5,other,-0.0122991,41.6199,18.7756,304,1348
BLOC1S6,other,-0.0202649,81.4049,28.1914,157,2217
BLVRA,other,0.0211157,49.6991,21.1273,264,1301
BLVRB,other,-0.00171256,49.6614,17.211,267,1888
BLZF1,other,0.0195832,51.6137,29.1967,278,1290
BMI1,other,-0.00710637,53.93,65.8374,220,395
BMP1,other,-0.00987006,83.83,33.0648,157,856
BMP2K,other,0.0370982,269.375,16.7275,80,2127
BMPR2,other,0.0204533,67.3774,55.2315,197,290
BMS1,other,-0.00474605,1150.23,1044.98,23,10
BNC1,other,0.00658286,103.309,26.4273,130,763
BNC2,other,0.0229209,97.982,13.8458,136,2783
BNIP2,other,0.0158169,42.6922,19.9281,292,1331
BNIP3,other,-0.00131637,102.092,18.8708,135,2203
BNIP3L,other,0.0165524,22.0298,13.4222,575,2963
BOD1,other,0.0132066,98.9194,19.397,126,2082
BOD1L1,other,0.147496,52.3254,299.281,434,40
BOLA1,other,-0.0237545,40.5074,20.8431,323,2826
BOLA3,other,-0.00274969,59.3549,23.7743,216,1238
BORA,other,-0.000681653,262.438,332.164,63,60
BPGM,other,0.00883093,85.0008,20.9506,167,1376
BPHL,other,0.0361132,638.649,19.206,31,3245
BPNT1,other,-0.000733322,92.33,22.1188,133,1622
BPTF,other,0.0371547,129.308,90.3749,104,724
BRAF,other,-0.0047981,82.2789,14.0102,161,1626
BRAP,other,0.0209944,63.4348,34.2665,198,777
BRAT1,other,-0.000721528,33.1403,39.1904,395,839
BRCA1,other,0.0256918,71.7795,171.32,197,88
BRCA2,other,0.00669092,40.5734,437.39,360,15
BRCC3,other,0.0358795,36.7644,17.5494,373,1983
BRD2,other,0.0391528,99.2375,43.883,169,1998
BRD3,other,-0.0236204,56.497,13.6506,227,2101
BRD4,other,-0.0364343,63.4432,40.018,239,7953
BRD7,other,0.011765,110.117,33.2698,115,3266
BRD8,other,0.273467,203.238,154.927,127,998
BRD9,other,0.0579182,204.681,55.456,76,600
BRF2,other,0.0227146,33.3591,22.175,376,3016
BRI3,other,0.0135769,105.296,881.365,146,10
BRI3BP,other,0.00956651,33.3715,9.64623,386,5888
BRIP1,other,0.016648,40.9911,126.63,308,112
BRIX1,other,0.0238943,193.556,104.93,116,129
BRK1,other,-0.00143937,32.2977,51.7359,391,1117
BRMS1,other,0.100904,142.721,69.2462,101,2824
BRMS1L,other,0.019801,96.8403,13.8562,128,2622
BROX,other,-0.00135433,194.341,37.6979,72,1062
BRPF3,other,-0.0310294,80.7301,21.7474,166,1427
BRWD1,other,-0.00161561,63.4773,19.1977,189,2497
BRWD3,other,0.0134454,154.927,19.6114,80,1276
BSCL2,other,0.00682215,36.3069,21.6571,362,915
BSDC1,other,-0.0182724,197.274,13.2453,74,3086
BSG,other,0.0139589,56.2483,28.0202,226,652
BST2,other,0.0258602,189.585,20.8596,77,2565
BSX,other,0.0276025,47.8559,30.0023,275,1607
BTAF1,other,0.203706,138.785,49.5704,161,1976
BTBD1,other,0.0395989,88.652,22.5446,159,1038
BTBD10,other,0.0162695,56.1614,16.0513,242,1727
BTBD2,other,-0.00403253,62.4121,16.4099,213,2213
BTBD3,other,-0.032132,113.259,16.85,123,2072
BTBD7,other,-0.0292143,104.081,42.0062,139,1742
BTF3L4,other,0.0728221,40.0677,16.7859,340,2395
BTG1,other,0.00476376,39.7481,23.9916,342,1349
BTG2,other,-0.0110244,81.0694,16.7497,163,1795
BTG3,other,-0.00214231,73.9327,17.3864,177,2160
BTK,other,-0.0286523,71.7331,35.3045,175,771
BTN2A1,other,0.0145142,209.658,20.256,70,2457
BTN2A2,other,-0.0165589,288.657,22.0377,60,916
BTN3A2,other,-0.00562626,145.991,19.2346,101,3799
BTNL9,other,0.0252074,42.6827,36.2622,285,2558
BUB1,other,0.0360494,22.9568,133.698,676,177
BUB1B,other,-0.0508366,74.0325,313.414,234,36
BUD13,other,0.0136717,124.31,261.688,122,78
BUD23,other,0.0415983,239.707,849.453,73,12
BUD31,other,-0.0157422,303.3,49.7889,52,371
BYSL,other,0.0357067,271.541,30.6003,120,763
BZW1,other,0.0270758,95.2509,15.5806,138,3108
BZW2,other,0.0419855,46.369,32.1547,274,1890
C10orf88,other,3.22344e-05,168.876,23.3909,73,1749
C11orf24,other,0.00930982,68.4112,25.2378,193,1147
C11orf54,other,-0.0512147,97.6477,26.8444,133,1957
C11orf58,other,0.000417225,46.883,22.7464,283,2081
C11orf68,other,0.00248435,54.9476,67.7459,229,1480
C11orf71,other,0.00645934,99.254,17.1854,123,2030
C11orf96,other,0.0671484,44.8867,19.9911,266,1528
C12orf43,other,-0.0219129,122.585,16.1701,111,2513
C12orf57,other,0.0330714,113.32,21.4147,113,2484
C12orf76,other,-0.0279182,71.9347,17.4561,165,2965
C14orf119,other,0.027855,86.0137,19.8014,157,2448
C14orf93,other,-0.00313218,34.2015,26.8444,399,2246
C15orf39,other,0.00828881,98.0096,16.0027,124,1981
C15orf40,other,0.048306,47.4288,26.6694,254,2068
C15orf61,other,0.0203661,71.3506,26.4163,183,2654
C16orf86,other,0.0347976,27.2725,25.7198,489,1053
C16orf87,other,0.0313016,68.3059,70.3178,261,1859
C16orf95,other,0.0189444,104.378,24.5394,125,1182
C17orf58,other,0.000180026,131.941,20.7688,95,1173
C17orf75,other,0.0379553,34.9894,34.078,363,2426
C18orf21,other,0.018896,309.033,30.5139,57,697
C18orf32,other,0.0286911,725.155,37.7099,32,572
C19orf12,other,0.029322,68.1257,17.1244,196,2306
C19orf25,other,0.0175851,44.4966,136.662,332,88
C19orf47,other,0.00895081,43.3569,45.8384,283,3180
C19orf53,other,0.0221884,35.6891,27.476,363,1341
C19orf73,other,-0.0230651,130.873,26.2751,101,1308
C1D,other,0.0523808,41.0043,78.9734,361,692
C1GALT1,other,0.00540212,264.526,21.1311,52,1134
C1GALT1C1,other,-0.00144431,65.3997,29.2663,195,2731
C1QBP,other,-0.0400711,78.4257,23.8001,306,1364
C1RL,other,0.00914394,64.2416,23.2943,210,978
C1orf122,other,0.0181867,202.276,19.4958,64,1701
C1orf131,other,0.0747122,636.857,259.743,51,51
C1orf159,other,-0.0112264,65.1598,34.5143,199,1317
C1orf174,other,0.0230895,48.2005,15.3116,281,2199
C1orf198,other,-0.00708089,34.4729,24.6489,350,2438
C1orf216,other,0.0459988,63.0215,27.0951,206,1102
C1orf35,other,0.00821284,60.5239,34.84,217,704
C1orf43,other,0.0522977,111.415,21.4179,130,2817
C1orf50,other,0.0166836,52.2314,16.5323,246,1583
C1orf52,other,0.0326231,43.1871,42.7095,352,4363
C1orf56,other,0.00939638,147.476,49.2668,91,380
C20orf96,other,-0.0139487,91.9381,73.087,139,6515
C21orf58,other,0.0260288,40.588,24.0018,306,2032
C21orf91,other,0.0335925,66.751,25.1917,194,1421
C2CD2,other,0.00204026,214.559,18.2491,73,2456
C2CD2L,other,-0.00879626,45.5985,55.5645,295,809
C2CD3,other,-0.00983001,774.128,30.956,26,1456
C2orf42,other,0.0172461,52.8763,25.6069,245,2530
C2orf49,other,0.0129805,60.8634,24.0008,201,1329
C2orf68,other,-0.0323392,1014.67,19.611,24,1276
C2orf69,other,-0.0228778,54.9073,15.9083,227,2234
C2orf76,other,0.076401,65.5097,22.7201,207,1165
C2orf88,other,0.0596143,54.9824,26.2857,237,2385
C3orf33,other,0.00404353,221.762,20.0323,62,2069
C3orf38,other,0.0183962,48.8439,26.3255,249,972
C4orf3,other,0.0168222,79.9686,16.4118,151,1617
C4orf33,other,-0.00151376,54.7722,30.5631,235,538
C4orf46,other,-0.00882903,85.2529,30.1211,151,1644
C5orf15,other,-0.0226854,53.2804,32.2082,231,1385
C5orf24,other,0.0278394,123.832,46.2409,112,331
C5orf34,other,-0.00120538,138.093,23.4785,101,1693
C6orf120,other,0.0189861,70.1991,33.9519,213,2812
C6orf136,other,-0.0133244,50.5226,28.9124,242,3077
C6orf47,other,0.0153698,109.893,14.8809,118,2372
C6orf62,other,0.015375,39.5562,39.3869,340,779
C6orf89,other,-0.0412586,53.6614,25.6796,253,1122
C7orf50,other,0.0155427,67.5822,27.6039,194,1103
C8orf33,other,0.00245028,60.8985,30.0856,225,1887
C8orf44,other,-0.0260192,114.125,18.6635,128,1161
C8orf76,other,-0.00811502,107.584,28.3338,115,2076
C8orf82,other,0.0517088,58.4283,102.98,232,380
C9orf40,other,-0.00401111,87.4175,29.1269,144,915
C9orf78,other,-0.0451741,29.8325,196.234,424,88
C9orf85,other,0.0420049,57.3564,20.7771,243,1197
CA11,other,0.0122282,33.8065,25.2637,376,755
CAAP1,other,0.0373975,2484.74,34.1122,15,711
CAB39,other,-0.00832196,35.9686,25.8092,349,2129
CAB39L,other,0.0239292,38.3761,25.5266,327,1204
CABIN1,other,0.112854,70.031,44.5374,276,954
CACNB3,other,0.0201778,14.9719,19.4996,911,1255
CACUL1,other,-0.0231641,61.328,19.2843,228,2598
CACYBP,other,0.00483061,49.8665,18.2826,246,1811
CAD,other,0.0678192,325.245,152.515,58,198
CALCOCO1,other,0.050662,321.647,72.8574,50,7211
CALCOCO2,other,-0.0141788,28.6993,36.2166,434,1388
CALM1,other,0.00715647,37.687,16.8632,317,2496
CALM2,other,0.00450722,83.4198,23.4984,212,1498
CALM3,other,0.00476523,193.627,16.9646,74,1957
CALML4,other,0.000132173,60.5942,24.7052,213,1033
CALR,other,0.0524877,89.4598,33.1555,190,1363
CALU,other,0.0250356,77.6897,15.4711,163,2419
CAMK1,other,0.00310016,54.0337,38.1253,253,670
CAMK2G,other,0.014309,49.7401,16.4303,254,3060
CAMKK2,other,0.00472255,3581.84,32.5498,16,842
CAMKMT,other,-0.00253823,42.5647,19.7466,298,2737
CAMLG,other,0.117345,114.402,156.419,155,116
CAMSAP1,other,0.00499248,95.8243,81.5359,133,448
CAMTA1,other,-0.0084836,73.7952,15.533,173,3224
CAMTA2,other,-0.00520996,98.2251,74.5476,166,190
CANT1,other,0.0232315,231.7,29.3473,62,3966
CANX,other,0.0321494,34.3462,33.3877,377,971
CAP1,other,-0.00179914,197.702,45.0741,69,776
CAPG,other,-0.0042916,47.2229,37.1149,281,1676
CAPN1,other,-0.0400576,795.595,15.6036,29,1699
CAPN10,other,0.0172585,58.8434,17.5806,241,1792
CAPN15,other,0.0155759,172.789,21.6725,86,1639
CAPN2,other,-0.00944397,85.937,19.3004,148,2683
CAPN7,other,0.00952594,49.2183,43.6583,267,2075
CAPNS1,other,0.012129,55.1109,16.5718,235,2202
CAPRIN1,other,0.0269515,493,71.3759,44,426
CAPZA1,other,0.00890104,60.517,27.5421,226,978
CAPZA2,other,-0.0154982,156.328,13.284,88,2559
CARD11,other,0.0123088,55.8623,253.536,282,138
CARD8,other,-0.031163,39.914,27.3263,339,3099
CARD9,other,0.00458938,93.5796,21.2975,136,937
CARF,other,-0.00377367,278.118,201.557,85,83
CARHSP1,other,0.0173238,145.316,15.488,86,2752
CARMIL1,other,-0.00957145,1527.81,22.202,24,1102
CARS2,other,0.0378808,73.8822,45.0286,197,731
CASC3,other,0.38687,98.2147,75.7132,244,887
CASP10,other,0.00583065,217.676,19.2751,63,1314
CASP2,other,0.0388694,82.5328,21.681,156,3051
CASP3,other,0.00988366,61.0629,31.5137,234,5434
CASP6,other,-0.0422793,41.5767,16.5964,372,1554
CASP7,other,-0.00296214,39.6946,29.8958,308,2316
CASP8,other,-0.00950253,68.5311,23.1736,178,1137
CASP8AP2,other,0.00404574,189.565,419.436,211,16
CASP9,other,0.0152085,198.182,40.4865,71,2268
CASS4,other,0.025437,66.5788,16.5382,185,4295
CAST,other,0.0517976,118.114,28.4848,137,840
CASZ1,other,0.00364343,88.8188,18.2468,146,1679
CAVIN1,other,0.0261043,49.9104,21.6266,259,1958
CBFA2T2,other,0.0211184,97.3275,25.2828,120,916
CBFB,other,0.0315692,92.481,130.647,153,336
CBL,other,0.0324503,79.3059,24.3339,206,916
CBLL1,other,0.17378,104.184,137.445,236,776
CBR1,other,0.0169235,57.8599,15.3415,216,2504
CBR4,other,0.0406873,67.2944,21.3873,206,2298
CBS,other,0.0284341,56.4029,15.2242,229,2455
CBX1,other,0.0479843,51.6822,26.3279,309,1136
CBX2,other,-0.0195546,69.6911,19.9897,188,2239
CBX3,other,0.0341799,585.568,27.3886,32,2620
CBX4,other,0.0101226,43.0242,30.8061,285,593
CBX5,other,0.0410848,76.2692,39.5095,171,3974
CBX6,other,-0.0182397,126.817,18.2544,102,1238
CBY1,other,-0.0153484,46.3254,13.2598,294,2172
CC2D1A,other,-0.0397932,61.6162,39.9004,220,586
CC2D1B,other,0.0282794,54.6594,17.606,223,3877
CCAR1,other,0.130578,117.928,148.929,167,165
CCAR2,other,0.0645496,36.3342,37.5709,392,3777
CCDC106,other,-0.00710756,36.0547,14.7744,366,2901
CCDC107,other,-0.00207104,62.3096,41.2111,203,8628
CCDC115,other,-0.015111,51.1094,109.08,346,469
CCDC117,other,0.00699074,72.1554,15.0351,186,2070
CCDC12,other,0.0147433,40.6499,193.742,311,372
CCDC124,other,0.0625086,25.8155,25.5654,554,2972
CCDC125,other,0.0143632,82.6591,29.7604,215,2512
CCDC127,other,0.0123987,207.306,27.3466,83,1742
CCDC136,other,-0.0519367,43.3965,22.8217,290,1734
CCDC137,other,0.0399303,52.434,110.348,280,166
CCDC138,other,-0.011686,43.8423,38.815,287,2666
CCDC14,other,0.00741864,69.4717,18.3598,185,1667
CCDC142,other,0.0126484,61.1922,26.865,204,1860
CCDC144A,other,-0.00347856,45.0924,16.2886,294,2270
CCDC150,other,0.0111675,74.3584,16.4623,168,1782
CCDC167,other,0.0131019,78.174,20.6545,155,1092
CCDC169-SOHLH2,other,0.00243151,54.6426,36.944,229,846
CCDC17,other,0.0348828,564.513,28.37,42,871
CCDC18,other,0.0833012,84.5452,19.9126,154,1344
CCDC22,other,-0.00259916,117.568,32.9099,124,1640
CCDC25,other,-0.00301782,78.5865,27.6303,158,949
CCDC28A,other,-0.0112333,42.4607,71.3689,296,235
CCDC28B,other,0.0302748,48.4433,100.889,263,296
CCDC32,other,-0.00168189,77.08,12.8909,161,3167
CCDC34,other,-0.0133241,90.0421,19.6364,136,3230
CCDC43,other,-0.00245628,171.027,18.2109,79,1523
CCDC47,other,0.0249531,70.0901,12.2983,173,2892
CCDC50,other,0.00574516,88.6099,30.7182,168,596
CCDC51,other,-0.00135489,74.4651,24.0941,171,876
CCDC57,other,-0.0213393,39.9647,18.6593,302,1402
CCDC59,other,-0.00637302,103.006,70.1714,186,283
CCDC6,other,0.116277,95.9402,58.5263,252,584
CCDC61,other,0.0382465,59.9133,26.9364,208,6016
CCDC66,other,-0.0153901,63.503,16.2536,205,2143
CCDC69,other,0.0537136,418.64,39.5106,46,1853
CCDC71,other,0.00770103,83.3121,21.6273,157,1409
CCDC71L,other,-0.0128075,66.6393,19.4047,211,2202
CCDC77,other,-0.0133994,38.7394,30.8284,320,613
CCDC78,other,0.0474221,82.957,27.4504,212,2935
CCDC82,other,0.0285726,58.6383,22.7734,225,1055
CCDC85B,other,0.000730727,95.5314,25.2923,137,1143
CCDC85C,other,0.00493662,75.691,20.1546,169,1578
CCDC88A,other,-0.00431707,81.5785,21.5131,163,1190
CCDC88B,other,-0.0141761,99.8375,40.4061,157,421
CCDC88C,other,0.0417618,59.9079,26.8454,226,1056
CCDC9,other,0.0228885,93.2874,33.8881,182,750
CCDC90B,other,0.00937195,411.272,16.802,41,2445
CCDC91,other,0.00592823,75.8469,26.6105,210,2372
CCDC92,other,0.0191856,48.9933,23.8357,265,1044
CCDC93,other,0.0167932,79.1837,55.0698,196,853
CCDC97,other,0.0246136,113.316,14.8189,116,2873
CCHCR1,other,0.0467739,94.0582,24.1047,132,3226
CCM2,other,0.00942228,52.0254,14.1396,243,2007
CCNA2,other,0.0587361,243.064,59.9901,54,4599
CCNB1,other,-0.00942787,29.0999,15.2227,445,2553
CCNB1IP1,other,0.0102547,75.5391,33.5993,183,734
CCNB2,other,0.0255193,236.172,26.9748,65,1207
CCNC,other,0.0824675,92.9037,207.477,237,10249
CCND1,other,-0.0191311,38.4057,15.4301,312,1617
CCND2,other,0.0201981,75.2579,47.327,162,2026
CCND3,other,0.059385,116.292,13.8382,138,4166
CCNDBP1,other,0.0198877,247.215,11.6786,62,2193
CCNE1,other,-0.0114517,90.6126,32.2083,181,1205
CCNE2,other,0.0315376,159.116,42.0241,81,449
CCNF,other,0.0249588,66.2448,38.6981,309,1576
CCNG1,other,0.0175784,93.6877,20.8942,139,1153
CCNH,other,0.0465185,248.397,217.145,96,49
CCNI,other,0.020635,213.365,38.9264,69,814
CCNJ,other,-0.0140262,547.9,24.4066,44,1819
CCNK,other,0.166743,34.5909,83.0268,746,668
CCNL1,other,0.053443,38.6431,20.6944,427,2071
CCNL2,other,0.00110916,97.8899,29.7717,168,613
CCNQ,other,0.0155377,138.059,66.5376,151,630
CCNT1,other,0.0344562,76.9375,52.3136,168,476
CCNT2,other,0.0244412,42.7515,21.7088,310,1233
CCNY,other,0.0267749,40.0899,21.4637,329,900
CCP110,other,0.0446572,193.012,32.0526,66,822
CCPG1,other,0.0287076,52.345,17.6601,302,2642
CCR10,other,0.0141672,57.4556,26.0162,214,1829
CCS,other,-0.0245744,91.2737,66.4715,137,510
CCSAP,other,0.00441655,68.7748,30.2833,187,799
CCSER2,other,0.00120181,71.4155,15.077,163,4147
CCT3,chaperonin (CCT),0.0281523,236.136,300.684,82,66
CCT4,chaperonin (CCT),-0.0716555,235.08,94.3629,115,548
CCT6A,chaperonin (CCT),-0.0179676,135.492,161.634,96,208
CCT8,chaperonin (CCT),0.0183046,262.496,116.736,79,159
CCZ1,other,-0.0112663,49.0137,29.828,269,1386
CCZ1B,other,-0.0184559,77.0149,17.3698,164,3141
CD151,other,-0.00289541,54.15,23.4619,232,1271
CD164,other,-0.00580794,44.0204,16.7301,295,1929
CD226,other,-0.0178316,161.211,33.231,80,3738
CD24,other,0.0169727,50.2472,28.7785,253,1193
CD276,other,-0.00181963,73.0043,23.4034,183,1383
CD2AP,other,-0.0601708,97.8532,32.8572,133,5093
CD2BP2,other,0.059758,45.6862,44.5442,371,552
CD320,other,-0.0158265,88.7724,13.7759,148,2513
CD33,other,0.0186254,44.9311,19.9947,298,1994
CD3D,other,-0.10225,64.5613,270.113,200,448
CD46,other,-0.014671,158.571,25.6581,88,1607
CD47,other,-0.0230072,69.8321,22.1181,189,3607
CD52,other,-0.0186079,112.305,18.0047,128,3875
CD53,other,-0.0161544,139.801,34.5989,99,1590
CD55,other,-0.0239896,45.1952,15.5533,284,3862
CD58,other,0.00670456,55.3007,12.4306,220,2634
CD59,other,-0.0026175,39.877,26.0083,321,1239
CD63,other,-0.0144052,50.5736,36.9466,256,2314
CD68,other,-0.0288253,72.2092,27.3094,174,1259
CD69,other,0.0259363,104.156,79.4791,122,3717
CD7,other,-0.00421077,104.61,17.7431,110,1902
CD81,other,0.0123633,47.0998,19.5088,275,2094
CD8B,other,-0.00360368,59.8329,16.7925,209,1768
CD9,other,0.0321172,75.2959,19.8309,167,1366
CD99,other,7.0877e-05,139.346,35.7175,115,1786
CD99L2,other,0.014404,3161.36,96.3133,18,1100
CDADC1,other,-0.00519907,67.199,28.6158,177,1429
CDC123,other,0.0772119,73.369,42.8833,249,982
CDC14A,other,0.012729,57.208,23.2166,219,1414
CDC14B,other,0.0590434,55.0618,40.8678,266,1306
CDC16,other,0.0129898,181.42,190.352,80,98
CDC25A,other,0.0549155,58.0391,37.9028,215,11363
CDC25B,other,0.0697095,169.424,44.7678,112,1426
CDC25C,other,0.0112579,94.0165,18.1309,143,2148
CDC26,other,0.0243352,3396.43,308.764,13,40
CDC27,other,0.0106039,37.054,423.035,340,14
CDC34,other,0.0772789,61.6197,17.9632,242,1691
CDC37,other,0.0367399,35.0698,47.0892,373,487
CDC42,other,0.00846482,119.497,24.9954,124,1396
CDC42BPA,other,0.00571667,52.6059,21.1717,235,1975
CDC42BPB,other,0.025815,129.191,18.4352,102,1603
CDC42EP4,other,0.0211728,86.9986,25.506,158,1594
CDC42SE1,other,0.110045,126.91,25.8852,130,932
CDC42SE2,other,-0.00462705,95.6417,23.3362,143,2287
CDC45,other,0.0240812,80.3016,280.779,164,66
CDC6,other,0.00820331,118.366,77.7986,117,737
CDCA2,other,-0.0134931,109.717,29.595,128,1506
CDCA3,other,0.0159118,161.053,49.1347,91,925
CDCA4,other,0.0116344,118.108,21.0621,122,1590
CDCA7,other,-0.0265987,49.8494,23.1909,250,2088
CDCA7L,other,0.0576165,128.221,22.9828,101,1914
CDIPT,other,0.117199,71.0829,31.4187,470,1056
CDK10,other,0.00835683,140.388,28.576,105,3090
CDK11A,other,-0.0209522,29.6354,22.9378,432,1306
CDK11B,other,0.0153624,150.128,36.5369,94,1236
CDK12,other,0.0210105,393.34,421.7,58,26
CDK13,other,0.196062,76.7712,43.9996,209,2149
CDK16,other,-0.00170671,69.5178,30.4478,189,1694
CDK17,other,-0.0269334,122.358,16.0445,104,2101
CDK19,other,-0.0169432,109.844,30.3114,115,1787
CDK2,other,0.153931,62.0153,33.7917,235,1800
CDK2AP1,other,-0.00163241,34.7366,38.5406,364,1201
CDK2AP2,other,0.0318761,97.5824,25.1459,142,1096
CDK4,other,0.0616109,138.546,22.6596,105,1619
CDK5,other,0.00551556,67.3579,30.4632,204,621
CDK5RAP1,other,0.00920422,82.0486,17.9221,143,3709
CDK5RAP2,other,-0.0172912,116.38,11.7546,113,2313
CDK5RAP3,other,0.114773,57.2352,48.0781,243,2064
CDK6,other,0.00555529,40.4567,14.0655,349,1903
CDK7,other,0.000109141,644.411,79.4166,30,246
CDK9,other,0.0923053,74.0993,45.2055,337,837
CDKAL1,other,0.00308947,58.486,25.3492,227,3038
CDKL1,other,0.0172744,90.9439,23.2615,152,1222
CDKN1B,other,0.0411779,60.1903,26.7027,222,1555
CDKN1C,other,0.011533,87.7189,19.4409,153,1242
CDKN2AIP,other,0.179149,66.1232,27.8378,235,1466
CDKN2AIPNL,other,0.0116847,84.8094,17.3587,149,2509
CDKN2C,other,0.0199892,41.1096,37.3064,306,1828
CDKN2D,other,-0.00124378,57.5067,27.3324,239,990
CDKN3,other,0.00812675,130.819,18.3523,100,1968
CDPF1,other,0.00586254,33.9651,23.3705,393,894
CDR2,other,0.0172509,61.1154,17.0577,210,2202
CDS2,other,0.0952136,235.624,95.6494,73,315
CDV3,other,0.000454366,177.776,20.1649,65,1486
CDX1,other,-0.0195636,77.295,21.6352,171,2509
CDX2,other,-0.0261555,41.3458,21.7954,319,1867
CDX4,other,0.0277289,78.963,25.8124,160,1329
CDYL,other,0.0772495,109.275,53.2454,124,501
CEBPA,other,0.00277253,170.109,28.7891,89,1685
CEBPB,other,-0.00436762,94.4951,20.4875,172,2637
CEBPD,other,0.04449,74.1681,23.6851,179,2234
CEBPE,other,-0.0105501,73.6356,15.1411,166,1358
CEBPG,other,0.0386413,347.371,654.924,57,23
CELF1,other,-0.00263529,63.3087,19.8399,210,6033
CELF2,other,0.0176498,59.1821,18.5025,217,3159
CEMIP2,other,0.0332816,50.2619,14.6046,244,1766
CENPB,other,0.0100844,53.2846,29.0299,228,799
CENPE,other,0.00403328,122.344,162.658,118,115
CENPF,other,-0.0249554,71.3293,32.8869,184,1772
CENPI,other,0.00603665,717.879,842.962,31,12
CENPJ,other,0.0137544,130.653,133.94,154,123
CENPK,other,0.0520514,268.833,88.3946,73,257
CENPL,other,0.0207858,74.4537,754.652,193,13
CENPM,other,-0.030444,243.715,242.334,58,57
CENPN,other,0.0215094,64.5719,178.728,223,65
CENPO,other,0.0498776,64.514,19.8115,197,1449
CENPP,other,0.0465526,167.017,88.6549,116,258
CENPQ,other,-0.0352281,76.3013,109.322,170,272
CENPS,other,0.0240741,129.333,24.9324,111,999
CENPT,other,0.0238018,186.431,1482.4,92,10
CENPV,other,-0.0336433,43.5732,18.2379,296,1784
CENPW,other,0.014607,146.49,164.584,92,105
CEP104,other,0.0471869,54.4506,23.2565,231,1248
CEP120,other,0.00352094,60.1267,49.9926,218,588
CEP135,other,0.0202197,338.068,43.1039,52,974
CEP152,other,0.0477279,49.8925,202.794,289,54
CEP164,other,0.00705283,67.7793,20.114,195,1236
CEP170,other,0.00180985,83.789,21.6308,165,1945
CEP19,other,0.0287465,81.645,25.6736,157,1293
CEP192,other,-0.00195424,98.7211,133.583,129,126
CEP250,other,0.0109596,70.945,26.0138,174,1220
CEP290,other,0.0731502,84.5244,21.1997,151,3647
CEP350,other,0.0572536,145.759,60.0442,115,433
CEP44,other,0.0173877,65.5309,28.0648,202,893
CEP55,other,0.0125114,311.245,49.5052,54,382
CEP57,other,0.00671731,120.173,57.6844,107,345
CEP57L1,other,-0.00863625,54.2776,19.3177,244,1283
CEP63,other,0.022555,296.981,298.482,60,54
CEP68,other,-0.00337343,97.3678,22.3311,128,2885
CEP70,other,-0.0162592,37.5718,17.2686,314,1610
CEP72,other,0.00564077,125.937,29.3199,114,862
CEP76,other,-0.00618766,52.0397,36.8338,261,1839
CEP78,other,-0.0314258,192.235,18.998,71,1768
CEP85,other,0.0189402,49.7271,185.914,274,114
CEP85L,other,-0.00869587,48.9129,11.9243,261,3189
CEP89,other,-0.0162125,58.1883,35.5109,212,983
CEP95,other,0.011686,100.094,38.3425,127,734
CEP97,other,0.0105562,38.4793,26.6899,332,1067
CEPT1,other,0.0349275,99.71,47.135,150,739
CERK,other,-0.0430546,76.4019,18.529,209,1385
CERS2,other,-0.00911311,80.2792,17.0202,162,2299
CERS4,other,-0.0135448,40.5066,33.8688,309,774
CERS5,other,-0.0120858,339.139,36.4816,47,544
CERS6,other,0.0581664,67.536,35.7281,262,1010
CERT1,other,0.0130833,97.7482,41.0858,126,636
CES2,other,0.00622358,81.5034,20.396,158,2470
CETN2,other,0.0116679,61.9484,38.0329,208,2075
CETN3,other,-0.0225827,110.25,19.2207,121,2528
CFAP298,other,-0.0300747,91.2683,246.481,164,1039
CFAP410,other,0.0101407,38.8321,22.1661,319,2057
CFD,other,0.0443863,119.907,39.4334,125,1473
CFH,other,0.0235683,1776.38,30.8126,21,1185
CFL2,other,-0.00500851,109.922,29.4664,127,2404
CFLAR,other,-0.00318146,55.3948,136.876,265,216
CGGBP1,other,-0.00659954,41.0692,26.7636,296,781
CHAC1,other,-0.0208958,64.6038,15.7392,205,2524
CHAC2,other,0.0139659,76.8411,22.0493,175,896
CHAF1A,other,0.0814299,638.665,1056.22,35,38
CHAMP1,other,0.0206702,67.82,28.1178,212,2988
CHCHD1,other,0.023765,79.541,31.4462,169,1471
CHCHD10,other,-0.0132025,39.3987,22.2947,320,1347
CHCHD2,other,0.00999865,77.7261,32.3187,163,927
CHCHD4,other,0.0743909,174.714,878.913,138,18
CHCHD5,other,0.0113715,43.2948,20.4663,271,3061
CHCHD6,other,0.0332638,64.8794,25.5574,195,828
CHCHD7,other,-0.0280795,68.994,18.3638,189,1826
CHD1,other,-0.0148239,196.285,23.6546,74,2310
CHD1L,other,-0.00307264,62.0575,20.6832,188,1486
CHD2,other,-0.0286071,40.8454,19.6059,337,1920
CHD4,other,0.143323,237.877,116.386,89,771
CHD7,other,-0.0574007,42.3036,73.6583,310,1769
CHD8,other,0.0436344,65.8375,26.228,237,893
CHD9,other,-0.0272652,71.4098,63.8281,185,308
CHDH,other,0.0099522,73.9246,12.0863,165,3350
CHEK1,other,-0.0530226,73.0476,356.399,199,54
CHEK2,other,0.0100147,149.314,108.477,94,258
CHERP,other,0.0225969,215.766,179.308,116,78
CHFR,other,-0.0354982,152.25,18.565,90,1527
CHI3L2,other,0.0172571,40.1305,20.1827,310,1297
CHIC2,other,0.0147032,271.252,64.6538,67,7206
CHID1,other,0.0041068,71.4564,14.1802,195,2234
CHKA,other,0.00649456,47.5639,27.9792,277,1204
CHM,other,0.0193474,60.7898,15.6519,207,1326
CHML,other,0.00260685,3317.49,20.9007,15,1229
CHMP1A,other,-0.00324243,103.941,47.6098,151,865
CHMP1B,other,-0.00633831,97.9543,18.6436,134,1565
CHMP2B,other,0.00172243,51.0787,18.9208,258,1557
CHMP4A,other,0.0171208,55.2871,33.0338,250,1895
CHMP4B,other,0.0171348,56.3693,20.5058,224,933
CHMP7,other,-0.00938118,30.3514,22.8629,459,879
CHORDC1,other,0.0737387,39.2783,137.068,552,158
CHP1,other,0.01392,81.2271,26.8144,157,1937
CHPF,other,0.0451758,16.2687,25.9155,798,1060
CHPF2,other,0.0326679,44.8252,18.0527,278,1723
CHPT1,other,-0.0371753,62.5567,29.4421,209,1200
CHRAC1,other,0.00954004,108.624,33.5325,126,1951
CHRNA5,other,-0.0348687,47.9767,24.7932,272,965
CHRNB1,other,0.00988041,136.613,44.0095,117,480
CHST10,other,-0.0147515,59.8214,26.9537,213,4467
CHST11,other,0.0262457,60.9567,16.6081,210,1344
CHST12,other,-0.0294799,70.8153,24.3664,210,1102
CHST2,other,0.0233608,71.2628,17.8712,166,1407
CHSY1,other,0.00861426,63.8401,12.023,207,1880
CHTF18,other,0.0180571,56.0711,71.4557,235,700
CHTOP,other,0.0533009,49.8914,38.9401,271,613
CHUK,other,0.0455446,77.7005,44.3003,181,450
CHURC1,other,-0.0482733,39.8375,53.524,304,551
CIAO1,other,0.012082,31.1066,37.1638,621,781
CIAO2A,other,0.0119004,101.954,35.7052,130,599
CIAO2B,other,0.0212273,45.9107,802.116,298,16
CIAO3,other,-0.0182477,93.6656,359.593,142,49
CIAPIN1,other,-0.00856281,229.68,157.284,211,113
CIB1,other,0.0410641,136.409,24.4897,100,1117
CIB2,other,0.00149649,116.947,227.545,111,82
CIC,other,0.000854899,90.7915,14.6879,136,2098
CIP2A,other,-0.0459301,226.375,60.3587,68,445
CIR1,other,0.125528,107.337,36.3301,137,832
CIRBP,other,-0.0133599,77.5832,16.6004,178,1517
CISD1,other,-0.00760293,66.6837,18.5661,195,1879
CISD2,other,0.0237212,45.9766,18.9786,260,1787
CISD3,other,0.00102172,71.022,19.4735,178,1319
CISH,other,0.0277888,60.2969,19.4008,222,2733
CIT,other,-0.0122677,361.933,32.9311,42,719
CITED2,other,-0.0143525,40.2036,31.5075,333,1486
CIZ1,other,0.0220594,54.1305,22.0244,262,1753
CKAP2,other,0.0103211,75.5615,27.9054,194,1282
CKAP2L,other,0.0196462,90.1214,32.6919,163,1343
CKB,other,0.000792631,102.46,27.5734,136,1038
CKS2,other,0.00030301,62.5502,19.8126,219,1850
CLASP1,other,0.00988146,258.707,20.8071,70,1797
CLASP2,other,-0.0157729,34.1985,30.9678,408,811
CLASRP,other,0.087239,69.0795,92.6064,235,350
CLCA1,other,-0.0203411,115.822,25.2112,109,1549
CLCC1,other,0.00222432,107.134,44.1537,131,2843
CLCN2,other,0.00899404,76.29,23.0715,175,1364
CLCN3,other,-0.0224157,53.628,14.0897,236,2075
CLCN7,other,-0.0505591,61.143,29.9045,203,778
CLDN15,other,-0.0282147,60.4415,18.6168,235,2021
CLDN7,other,-0.0339851,100.882,50.0198,132,1676
CLDND1,other,-0.031527,54.3037,24.0871,243,1381
CLEC11A,other,0.0359626,63.1222,23.0925,220,1657
CLEC16A,other,0.00317726,52.9461,17.5113,235,1941
CLEC2B,other,0.00942544,284.187,28.4111,57,713
CLEC2D,other,-4.07917e-05,250.992,20.7262,58,1707
CLHC1,other,0.0097831,424.96,14.9029,47,1614
CLIC1,other,0.00352559,109.034,23.3497,119,1518
CLIC2,other,0.00415003,91.3672,17.7307,140,1243
CLIC4,other,-0.00670365,56.3349,18.5743,221,2325
CLINT1,other,-0.0233794,36.0073,25.3017,373,2572
CLIP1,other,0.0198015,169.12,21.0927,80,1211
CLK1,other,0.0451521,57.1939,20.7565,227,2536
CLK2,other,0.036825,52.9317,21.3107,248,2591
CLK3,other,0.0120676,40.6947,29.0706,360,694
CLK4,other,0.0120774,49.2299,18.192,284,1507
CLN3,other,0.03623,53.3545,15.0995,237,2139
CLN5,other,0.0159143,48.2756,14.4403,264,2596
CLN6,other,0.0233662,52.2342,28.7965,231,1366
CLN8,other,0.0197467,67.1892,37.3201,196,1162
CLNS1A,other,0.0535826,578.917,514.944,51,24
CLOCK,other,-0.0581744,100.411,20.1582,188,1641
CLP1,other,-0.009907,165.764,39.9776,99,1037
CLPB,other,0.0301758,87.8959,31.093,229,780
CLPP,other,0.00123496,123.282,17.2781,107,1805
CLPTM1,other,0.0137615,56.3695,13.9858,234,1822
CLPTM1L,other,0.0354345,49.4556,11.3038,251,2930
CLPX,other,0.0206306,96.3453,22.7537,150,1661
CLSPN,other,0.00939607,125.226,601.17,105,11
CLSTN1,other,0.0113049,76.0692,16.2455,172,2669
CLSTN3,other,0.0176124,38.0209,42.5706,339,2570
CLTA,other,0.00102635,51.4321,19.3605,235,1333
CLTB,other,0.0384122,54.322,38.9333,264,676
CLU,other,-0.00703377,34.3771,19.0203,398,1186
CLUAP1,other,-0.00320437,117.302,24.2182,103,1707
CLUH,other,0.102814,59.3996,25.8904,244,1456
CMAS,other,-0.00857845,182.738,54.5474,85,405
CMC1,other,0.0273265,51.0351,19.9035,236,3831
CMC2,other,0.0371113,65.4538,36.5698,200,862
CMIP,other,0.0508209,324.079,27.4733,58,921
CMPK1,other,-0.0110626,24.8967,228.396,518,67
CMPK2,other,0.0116809,50.4412,29.2827,247,4203
CMSS1,other,-0.00619566,55.2639,18.6892,224,3447
CMTM3,other,-0.0355219,66.7228,19.8902,240,1583
CMTM6,other,-0.0189842,52.5508,19.4025,245,2396
CMTM7,other,-0.0234004,84.5166,56.4471,147,1530
CMTR1,other,0.24396,255.649,39.4032,303,799
CMTR2,other,0.0781397,148.088,314.672,140,114
CNBD2,other,0.0212699,95.3897,28.3757,134,918
CNBP,other,0.09904,85.5354,22.1349,191,3549
CNDP2,other,-0.000264062,39.0406,15.8654,337,2166
CNEP1R1,other,0.0713658,67.5145,21.8362,190,1253
CNIH1,other,-0.0211117,158.142,17.6473,87,1299
CNIH4,other,0.029749,199.132,32.1028,79,756
CNN2,other,-0.00161867,27.0124,19.6402,496,1719
CNNM3,other,0.0642807,37.5917,29.8876,357,5298
CNOT10,other,0.0847331,71.8762,34.1532,271,842
CNOT11,other,0.077348,107.947,82.8006,199,376
CNOT2,other,0.0499796,167.628,44.0039,111,587
CNOT4,other,0.115513,240.427,49.0931,70,961
CNOT6,other,0.0269956,78.5507,15.9695,238,1704
CNOT6L,other,0.0105191,115.867,36.3114,106,2782
CNOT7,other,0.0237084,71.0557,31.583,165,679
CNOT8,other,-0.0133979,51.0982,22.2733,243,1036
CNOT9,other,0.160798,88.872,75.3919,231,365
CNP,other,-0.0164703,74.2581,32.6148,165,1189
CNPPD1,other,-0.0235022,36.4245,28.2565,352,899
CNPY2,other,0.0254664,75.4003,26.3109,154,3036
CNPY3,other,0.0455026,45,23.981,312,1079
CNST,other,0.0514401,52.265,36.5593,249,629
CNTRL,other,5.32647e-05,35.3162,25.6168,346,841
CNTROB,other,0.085422,44.7632,43.5842,336,408
COA1,other,-0.00379415,229.23,30.0016,63,815
COA3,other,-0.0273723,158.277,53.0969,86,738
COA4,other,0.0713056,75.5244,18.3365,176,3008
COA5,other,0.0514272,39.6254,32.0608,406,1058
COA6,other,-0.0032347,261.226,18.2264,57,2118
COA8,other,0.0166174,53.9381,28.5367,350,651
COASY,other,0.00610582,30.7595,296.916,457,117
COG1,other,-0.00609529,214.39,657.357,66,15
COG2,other,-0.0223116,58.9653,555.288,285,16
COG4,other,-0.0146221,67.8883,128.424,202,397
COG5,other,0.0319777,96.871,78.6159,133,381
COG6,other,0.132815,61.9671,112.547,300,404
COG7,other,0.0491765,165.063,33.9672,94,542
COG8,other,-0.0524569,257.508,658.062,70,12
COL18A1,other,-0.00759292,52.1553,12.3051,275,2513
COLGALT1,other,-0.0171651,65.8499,24.6316,190,1423
COLGALT2,other,-0.0343888,49.7321,22.4856,269,2228
COMMD1,other,-0.0356693,62.9338,40.5981,241,1381
COMMD10,other,-0.01232,66.1999,37.319,205,926
COMMD2,other,0.00039871,91.1104,22.6176,165,1097
COMMD4,other,-0.00293988,66.8627,57.742,201,1459
COMMD5,other,-0.0461927,43.3192,69.0371,319,618
COMMD6,other,0.00560291,32.0637,21.2814,419,1520
COMMD7,other,0.0791538,54.8017,32.8868,259,1837
COMMD9,other,-0.00239619,64.2439,15.4626,219,3349
COMT,other,0.0589193,233.485,23.6792,67,1436
COMTD1,other,0.0546103,90.4039,19.7753,197,1432
COP1,other,-0.0116642,201.703,38.1917,72,1525
COPA,other,-0.00491511,87.7079,243.551,167,73
COPE,other,-0.0488862,100.735,550.262,167,16
COPG1,other,0.0179335,22.2283,27.1114,612,1140
COPG2,other,0.0122229,44.5556,24.9568,274,2647
COPRS,other,0.0376915,55.5084,34.2679,285,2592
COPS2,other,0.0296913,293.85,768.797,67,13
COPS3,other,-0.0068194,230.907,233.106,97,67
COPS4,other,-0.0373666,161.671,36.0078,243,815
COPS5,other,0.00818541,137.901,35.1037,142,1059
COPS7A,other,0.00191717,88.8751,10.8826,148,3192
COPS7B,other,0.028239,108.813,23.0352,139,1778
COPS8,other,0.0778084,69.7509,197.89,366,131
COPS9,other,0.0545335,135.314,32.0705,104,1854
COQ10A,other,0.0186333,167.746,18.8679,83,1187
COQ2,other,0.0768961,99.3808,212.718,148,122
COQ3,other,-0.0213026,1980.28,90.4709,22,395
COQ4,other,0.0169167,39.1961,52.2588,335,535
COQ5,other,-0.0240523,40.0514,35.8103,351,770
COQ6,other,0.0439511,111.229,38.3163,138,946
COQ7,other,-0.017801,79.6475,40.5333,164,877
COQ8A,other,-0.0111692,18.9117,17.2638,687,1778
COQ8B,other,-0.00410357,53.2651,31.5445,241,2617
COQ9,other,0.0343008,41.2716,35.3752,301,991
CORO1A,other,-0.00570675,130.668,26.9454,110,2992
CORO1B,other,-0.0393822,26.4411,21.0079,462,2419
CORO1C,other,0.0299851,77.8877,20.3304,164,1617
CORO2A,other,-0.021265,68.3838,13.5875,187,2536
CORO7,other,0.00147733,37.0973,20.7981,345,4557
COTL1,other,0.0486446,159.434,21.8419,131,1002
COX10,respiratory chain (NDUF/COX/UQCR/ATP5),0.0858561,88.871,186.521,176,177
COX11,respiratory chain (NDUF/COX/UQCR/ATP5),0.121613,132.038,123.16,150,326
COX14,respiratory chain (NDUF/COX/UQCR/ATP5),-0.0307056,185.194,81.9395,76,207
COX15,respiratory chain (NDUF/COX/UQCR/ATP5),-0.0399801,163.082,27.6169,162,1832
COX16,respiratory chain (NDUF/COX/UQCR/ATP5),0.0368042,277.687,26.7678,56,1220
COX17,respiratory chain (NDUF/COX/UQCR/ATP5),0.0947086,69.9723,25.385,288,1601
COX18,respiratory chain (NDUF/COX/UQCR/ATP5),0.0147123,71.3665,22.845,187,1968
COX19,respiratory chain (NDUF/COX/UQCR/ATP5),-0.0122033,3736.63,46.3772,17,558
COX20,respiratory chain (NDUF/COX/UQCR/ATP5),-0.0243222,37.7029,62.0053,382,919
COX4I1,respiratory chain (NDUF/COX/UQCR/ATP5),0.00336618,98.6571,86.4917,145,326
COX5A,respiratory chain (NDUF/COX/UQCR/ATP5),0.097049,126.437,146.784,124,272
COX5B,respiratory chain (NDUF/COX/UQCR/ATP5),-0.0242213,58.1975,38.9539,249,434
COX6A1,respiratory chain (NDUF/COX/UQCR/ATP5),0.00362441,65.4684,39.9221,187,2223
COX6B1,respiratory chain (NDUF/COX/UQCR/ATP5),-0.0163233,55.0634,30.9654,308,1009
COX6C,respiratory chain (NDUF/COX/UQCR/ATP5),0.0762989,99.3537,84.6553,174,620
COX7A2,respiratory chain (NDUF/COX/UQCR/ATP5),0.000228371,80.2753,18.5609,151,1528
COX7A2L,respiratory chain (NDUF/COX/UQCR/ATP5),-0.0133712,60.5545,16.2376,227,1746
COX7B,respiratory chain (NDUF/COX/UQCR/ATP5),0.045682,100.175,88.336,168,176
COX7C,respiratory chain (NDUF/COX/UQCR/ATP5),0.0841067,79.8468,30.6488,225,853
COX8A,respiratory chain (NDUF/COX/UQCR/ATP5),-0.0142316,54.5202,17.5735,239,1863
CPD,other,0.00468445,140.211,22.1066,91,1144
CPEB1,other,-0.0228224,115.508,52.6307,183,1748
CPEB4,other,0.035252,72.2797,22.9871,196,1780
CPNE1,other,0.0377873,147.963,1096.76,123,14
CPNE2,other,0.0212706,45.4333,22.4198,303,895
CPNE3,other,0.0046265,54.9512,14.142,219,3156
CPNE7,other,0.0215119,56.1317,214.134,237,117
CPNE8,other,-0.00851386,93.0727,17.0447,141,2691
CPOX,other,-0.00976188,55.6187,48.172,218,794
CPPED1,other,0.00928015,106.25,11.8124,119,2843
CPQ,other,0.0297338,49.3661,23.2712,252,1238
CPSF1,other,-0.0076841,480.184,150.343,49,105
CPSF6,other,0.228128,448.127,158.194,89,562
CPSF7,other,0.0187718,65.3452,38.6025,211,718
CPT1A,other,-0.0266677,70.8606,32.6467,192,1915
CPT2,other,-0.00118359,126.674,31.6476,96,2785
CPVL,other,-0.0153611,96.1656,18.3216,137,1476
CPXCR1,other,-0.00630627,68.253,21.1252,189,955
CPXM1,other,0.0242842,140.157,49.8947,88,4476
CRADD,other,0.0173922,132.028,19.4385,102,2555
CRAT,other,0.0646202,86.1834,22.661,182,1279
CRBN,other,-0.0196142,70.9217,34.4698,178,2078
CREB1,other,0.11896,67.3189,37.3609,198,2305
CREB3,other,0.0374747,95.5347,23.8004,125,836
CREB3L1,other,-0.0283764,98.0756,22.7465,145,988
CREB3L2,other,-0.064749,62.6673,58.805,203,493
CREB3L3,other,-0.011316,505.382,23.7766,43,904
CREB3L4,other,-0.0178118,59.2175,31.679,218,1708
CREB5,other,0.019397,35.8564,20.0618,365,1623
CREBBP,other,0.0549751,112.055,68.0925,147,3331
CREBL2,other,0.0616107,43.0088,39.7777,322,911
CREBZF,other,0.0186515,46.8095,16.7386,275,2773
CREG1,other,0.0264244,48.2541,19.7661,277,1226
CRELD1,other,0.0357209,50.6973,23.1968,258,1848
CRELD2,other,0.0515072,79.0057,22.3088,142,1843
CREM,other,-0.0146632,133.677,21.2199,100,1106
CRIM1,other,-0.0411212,1192.82,18.7802,27,2148
CRIPT,other,0.0102459,95.4878,34.2959,168,1336
CRK,other,0.015362,28.239,57.2622,442,335
CRKL,other,-0.00272806,48.3043,18.1643,276,2222
CRLF3,other,0.0357357,233.52,16.4767,89,1519
CRLS1,other,0.0142611,60.5945,54.0564,210,972
CRTAP,other,0.03827,131.738,31.3146,100,1239
CRTC2,other,-0.00393458,55.9742,34.6845,250,1136
CRTC3,other,0.00645186,65.5969,35.8681,188,702
CRX,other,0.0141292,53.2359,18.3225,255,1166
CRY1,other,0.0241094,44.7006,79.0731,330,3026
CRY2,other,-0.00183357,42.5541,14.2758,305,2187
CRYAB,other,-0.00607964,38.406,14.8243,336,1573
CRYBG1,other,-0.0184088,58.3173,21.5918,208,2310
CRYZ,other,0.106226,85.9529,18.0725,153,2589
CRYZL1,other,-0.00271226,75.985,35.6724,161,1580
CS,other,0.0121544,30.1231,35.5072,495,886
CSAD,other,0.039796,108.647,17.173,128,1829
CSDE1,other,0.152398,132.867,62.797,124,1725
CSK,other,0.0461343,87.2607,39.8963,150,3661
CSKMT,other,0.0149024,53.4661,20.2192,257,1146
CSMD1,other,0.0259163,66.6401,24.065,207,1334
CSNK1A1,other,-0.0265439,73.5727,234.522,256,61
CSNK1D,other,0.00169158,40.4969,27.1204,324,2714
CSNK1E,other,-0.0173193,65.0596,13.5705,231,2167
CSNK1G1,other,0.0114646,47.6972,22.0546,252,1880
CSNK1G2,other,-0.0153384,49.1922,20.9319,270,2498
CSNK1G3,other,0.0155392,48.6359,33.0499,265,533
CSNK2A2,other,0.0686942,73.6932,28.4859,257,2080
CSNK2B,other,0.0534476,144.028,31.8179,215,1010
CSPP1,other,-0.0105293,71.9044,15.376,180,3238
CSRNP1,other,0.0140462,64.607,23.2672,216,1747
CSRNP2,other,0.0690461,71.1311,14.182,185,2717
CSRNP3,other,0.00206528,98.0223,22.7307,139,924
CSRP1,other,0.00720506,118.862,23.4265,122,3180
CST3,other,-0.00670144,65.4381,19.3019,195,2499
CSTB,other,0.00699918,49.8135,32.3758,258,968
CSTF1,other,0.0170625,163.914,699.216,93,10
CSTF2,other,0.0667514,91.6228,21.9859,167,1396
CSTF2T,other,-0.0182082,81.3619,23.7857,160,2100
CSTF3,other,0.0243483,225.044,447.463,109,19
CTBP1,other,0.141789,81.568,103.752,218,4393
CTBP2,other,0.0239936,57.6159,16.6101,260,1534
CTBS,other,0.0084396,77.4325,25.6986,158,1704
CTCF,other,0.0268229,140.241,73.3688,109,341
CTCFL,other,0.0130956,36.2201,22.2698,367,1598
CTDNEP1,other,0.0260758,113.159,36.4436,115,647
CTDP1,other,0.00143771,188.908,979.357,117,10
CTDSP1,other,-0.0358595,122.822,26.0679,115,1703
CTDSP2,other,0.0140096,137.776,38.9074,100,1017
CTDSPL,other,-0.00433388,45.4708,34.0411,277,798
CTDSPL2,other,0.128978,73.5666,54.113,210,1454
CTH,other,0.0356059,235.101,18.5805,52,2395
CTNNA1,other,0.0304906,540.935,21.9946,42,1698
CTNNAL1,other,0.0164045,67.6737,204.932,201,104
CTNNB1,other,0.0108579,542.016,44.3953,39,680
CTNNBIP1,other,0.0281908,44.3729,28.3595,290,1414
CTNNBL1,other,0.0995128,232.478,135.859,79,170
CTNND1,other,0.0161144,149.885,17.8101,97,1684
CTPS1,other,0.0650226,2854.71,75.9505,17,766
CTPS2,other,0.00500312,71.0374,20.9749,206,3928
CTR9,other,-0.0342271,355.577,54.7293,95,444
CTSA,other,-0.00430206,49.5092,27.0015,264,771
CTSB,other,-0.0152739,60.9408,17.2834,215,2649
CTSC,other,0.0158516,42.2422,29.6507,306,3888
CTSD,other,0.0448612,72.5438,16.4619,187,2417
CTSF,other,-0.0272129,92.9089,31.0768,141,2034
CTSH,other,-0.0140484,87.457,19.4458,155,1751
CTSL,other,0.0433052,51.0543,17.0794,258,1812
CTSS,other,0.00107756,270.242,20.7884,54,1288
CTSZ,other,-0.0101443,124.972,39.1762,104,567
CTTN,other,0.0550825,93.94,25.6062,146,1798
CTU1,other,0.112496,97.5935,58.5251,177,659
CTU2,other,0.104799,58.3617,40.025,295,1428
CUEDC2,other,0.00044443,93.4396,24.2117,136,4180
CUL2,other,-0.0104136,175.225,1178.51,95,11
CUL3,other,0.0508379,60.9275,66.1035,268,741
CUL4A,other,0.0222139,84.1832,26.489,162,1854
CUL4B,other,-0.0691185,75.0295,52.5357,170,728
CUL5,other,0.00401017,79.4618,42.1769,191,593
CUL7,other,0.0301915,304.364,27.4787,51,768
CUTA,other,-0.0400519,63.7455,15.4911,204,2097
CUTC,other,0.0309474,158.898,24.2485,80,1096
CUX1,other,-0.0110317,45.8312,24.7235,277,2824
CUX2,other,-0.0415285,43.0998,23.0013,304,1251
CWC25,other,-0.0139834,39.6811,21.3413,316,1283
CWC27,other,0.0465172,59.929,29.4524,200,2575
CWF19L1,other,-0.022811,79.8402,28.2227,165,790
CXCL2,other,-0.00213498,79.5902,33.1894,161,838
CXCL3,other,-0.0428729,54.6921,20.5058,245,1901
CXXC1,other,0.183297,175.577,151.376,184,298
CXXC4,other,0.025358,60.5874,19.3975,228,1090
CXXC5,other,0.0140635,42.1645,16.9465,313,3016
CXorf38,other,-0.00810321,178.169,30.0013,83,2518
CYB561,other,0.00345557,63.8684,20.8785,182,952
CYB561A3,other,0.0498156,47.6736,32.0012,247,940
CYB561D2,other,0.0578077,85.1852,30.1963,165,2826
CYB5A,other,-0.0352944,48.4589,19.5118,259,1383
CYB5B,other,0.0359415,295.566,22.6409,56,1058
CYB5D2,other,0.00920223,64.7806,31.4964,216,3021
CYB5R1,other,0.000162194,68.7856,16.5718,200,3303
CYB5R3,other,-0.00569867,64.2655,28.2934,211,709
CYB5R4,other,0.00389223,50.5194,75.4661,253,569
CYB5RL,other,-0.00774487,131.944,31.2121,111,1160
CYBA,other,-0.0149791,92.0509,22.0698,144,1288
CYBC1,other,0.00469303,66.1843,17.6411,201,1376
CYBRD1,other,0.0205031,100.943,18.1287,140,1858
CYC1,other,0.0375888,53.472,79.1561,267,431
CYCS,other,0.0931254,83.7888,57.9636,220,384
CYFIP1,other,-0.0272922,53.8564,26.0299,229,1577
CYP20A1,other,0.0221415,66.0574,16.975,197,11487
CYP2R1,other,0.0142576,63.3376,22.8006,209,904
CYP3A5,other,2.26479e-05,130.977,24.5131,108,1450
CYP51A1,other,0.0038122,79.8368,42.5775,157,567
CYREN,other,0.0730679,121.116,21.0951,196,1134
CYSTM1,other,0.0128038,60.88,34.134,214,701
CYTH1,other,-0.0110755,68.67,18.2583,193,2259
CYTH3,other,-0.0108557,54.8733,30.2834,217,1006
CZIB,other,-0.0297572,60.5229,22.1277,224,1378
D2HGDH,other,-0.00276774,53.3359,17.8587,243,1683
DAAM1,other,-0.0131052,56.6706,24.34,234,2841
DAB2,other,0.0039927,160.746,21.8272,95,1687
DACH1,other,-0.00988356,108.701,17.4937,118,1907
DACH2,other,0.0305846,605.27,17.4055,30,1255
DAD1,other,0.0792616,137.595,114.183,158,137
DAG1,other,0.0506043,124.901,25.8512,113,1653
DAGLB,other,0.0115662,441.918,28.7106,44,789
DALRD3,other,0.0201668,34.8284,23.5238,377,2197
DAP,other,-0.0142783,52.8524,113.089,240,419
DAP3,other,-0.00448758,73.1027,21.8752,224,1111
DAPK1,other,-0.0145617,64.1777,39.8341,209,2095
DAPK3,other,-0.0215372,96.7868,15.3335,131,1821
DARS2,other,-0.00939969,262.152,41.2225,58,732
DAXX,other,0.00795485,53.4163,39.4369,295,815
DAZAP1,other,0.134823,82.5182,103.721,196,189
DAZAP2,other,-0.0221298,134.664,17.8578,100,1459
DBF4,other,0.079524,57.6244,77.322,238,406
DBI,other,-0.00544753,42.1256,24.4996,300,2459
DBNDD2,other,0.035652,31.4564,16.1965,422,2356
DBNL,other,0.0421835,78.2154,57.1024,160,7003
DBP,other,0.0197539,163.985,24.8579,79,1693
DBT,other,0.041124,69.1656,35.3658,197,3404
DBX1,other,-0.0135649,77.6039,18.2573,161,1141
DBX2,other,-0.0132778,48.183,21.8872,276,2578
DCAF1,other,-0.018797,71.5521,47.6696,181,1513
DCAF10,other,0.0124727,258.558,220.68,61,56
DCAF11,other,0.0200784,61.7205,18.5505,261,1636
DCAF12,other,0.0250316,55.0186,18.8251,242,1221
DCAF15,other,0.0134672,39.7108,18.0785,320,1738
DCAF17,other,0.0471057,48.2583,18.5126,277,2379
DCAF4,other,-0.0037043,77.325,18.6117,154,2893
DCAF5,other,0.0165584,39.1391,27.1511,336,2282
DCAF6,other,0.0342043,35.5836,65.2479,420,1275
DCAF7,other,0.0039863,91.5473,118.908,162,123
DCAF8,other,-0.0109089,82.2222,46.1334,157,538
DCAKD,other,-0.0380713,28.8343,84.8933,436,2158
DCBLD2,other,-0.028391,128.995,31.8635,99,597
DCK,other,-0.0513307,80.7615,79.5076,176,187
DCLRE1A,other,0.0531945,77.9801,29.51,153,1542
DCLRE1B,other,0.00168031,34.8829,29.5761,345,1022
DCLRE1C,other,0.0223038,129.785,18.7832,97,1488
DCP1A,other,-0.00639664,93.7078,21.8381,135,2327
DCPS,other,0.152914,145.508,330.426,139,76
DCTD,other,0.000636084,65.5064,22.7301,185,1687
DCTN4,other,-0.0171991,179.086,40.209,90,444
DCTN6,other,0.0123084,122.078,233.176,121,55
DCTPP1,other,0.00300667,37.2971,28.3109,342,1088
DCUN1D1,other,-0.00701913,59.3564,31.4248,225,1027
DCUN1D2,other,0.00646159,196.819,28.2104,71,755
DCUN1D4,other,-0.00526157,51.0763,28.7055,244,1024
DCUN1D5,other,-0.0162717,95.2389,34.2962,144,845
DCXR,other,-0.00641443,435.172,28.6662,44,2720
DDA1,other,0.0572049,40.0155,33.7607,402,1134
DDAH2,other,-0.0333553,210.377,20.1163,66,1866
DDB2,other,-0.00981956,192.462,24.9972,69,864
DDHD2,other,-0.00608674,76.0128,19.9489,166,1502
DDI2,other,0.00334309,178.254,38.5667,87,2456
DDIT3,other,-0.00124876,49.8223,22.1826,264,1498
DDIT4,other,0.0707157,67.6393,26.5996,172,1160
DDOST,other,-0.066126,139.144,158.929,174,62
DDR1,other,0.029716,37.2591,23.9368,359,695
DDRGK1,other,0.0834941,94.5189,81.2715,136,1874
DDT,other,0.0192741,42.9675,30.2825,324,1779
DDX1,other,-0.0303198,44.5598,276.079,306,173
DDX11,other,0.0232263,56.8186,19.822,230,2105
DDX17,other,0.166668,77.0562,46.7414,254,2753
DDX19A,other,-0.00641593,65.5854,30.5808,213,1131
DDX19B,other,0.00778926,17.2004,18.8508,722,2288
DDX20,other,-0.0623212,270.127,27.2273,108,1514
DDX21,other,0.042631,223.446,140.453,136,102
DDX24,other,-0.0426837,240.809,194.482,108,49
DDX27,other,-0.0245276,370.289,210.089,48,70
DDX28,other,-0.0219972,45.2503,22.0278,297,1734
DDX31,other,-0.0235088,111.529,42.4893,113,976
DDX39A,other,0.0136592,287.775,65.5053,59,452
DDX39B,other,0.0991655,251.434,79.9129,78,388
DDX3X,other,0.0258664,154.805,26.0754,107,1315
DDX41,other,-0.0936296,161,444.8,121,23
DDX42,other,0.0264239,132.204,134.126,99,151
DDX5,other,0.0977251,69.1768,59.169,310,549
DDX50,other,0.0120892,51.1377,23.9514,259,1736
DDX51,other,-0.0187734,212.35,408.532,150,21
DDX52,other,0.091733,286.292,1241.16,144,21
DDX54,other,0.00239013,78.4028,98.3177,181,284
DDX55,other,0.00885035,105.122,54.4543,201,320
DDX56,other,0.0119917,431.527,1023.73,83,13
DDX6,other,0.226593,262.559,81.8504,112,616
DECR1,other,-0.0195949,64.4956,27.1684,207,1335
DECR2,other,0.00144704,194.337,24.1259,70,1504
DEDD,other,0.00490842,46.6301,22.7616,299,1064
DEDD2,other,-0.0174728,74.9628,21.8849,168,1075
DEF6,other,-0.0174552,76.6196,25.147,161,1597
DEF8,other,0.00206664,104.732,28.9649,127,2947
DEGS1,other,-0.0331519,97.0905,23.5743,121,3952
DELE1,other,0.0156229,159.124,26.6039,79,1977
DENND10,other,0.026835,56.7811,17.8128,238,1931
DENND1A,other,0.00247075,169.696,30.1494,83,1924
DENND1B,other,0.0107703,116.25,23.3648,115,3085
DENND2D,other,0.0670086,32.8807,35.641,431,1691
DENND4A,other,-0.00719543,166.568,24.6199,89,2305
DENND4B,other,0.0465753,28.0414,34.865,457,2526
DENND4C,other,-0.0164872,52.1234,23.8542,281,1649
DENND5A,other,-0.0189511,101.464,22.4928,124,1131
DENR,other,0.300386,71.1427,67.9904,400,2370
DEPDC1,other,0.0138402,64.0072,21.8094,195,1863
DEPDC1B,other,0.00400317,157.97,22.5745,80,1617
DEPDC5,other,0.0545794,95.9398,30.2713,209,1864
DEPDC7,other,0.0112211,78.0351,15.1044,173,2286
DERA,other,-0.0220216,580.609,25.0779,32,1279
DERL1,other,0.00913536,59.7132,23.2033,221,2329
DERL3,other,-0.00505916,104.147,21.9083,133,1178
DESI1,other,0.126943,42.7507,41.9056,482,801
DESI2,other,0.00100374,55.5361,47.6968,239,3071
DEXI,other,-0.00642472,92.3613,26.6025,139,1991
DFFA,other,0.00746198,265.796,16.4086,70,1889
DFFB,other,-0.010841,45.6031,46.7091,270,2696
DGAT1,other,0.0202739,352.499,24.1405,48,2615
DGCR2,other,0.0265762,314.764,20.0571,49,1369
DGCR6L,other,0.0391082,72.6903,29.0591,182,2391
DGKD,other,-0.0156233,115.665,14.9794,140,1786
DGKE,other,-0.00810052,67.9297,23.2809,190,2270
DGKH,other,-0.0545534,30.714,50.3764,442,456
DGKQ,other,0.0106708,31.121,18.1349,416,3613
DGKZ,other,0.0153477,78.1095,50.7157,171,656
DGLUCY,other,-0.0432705,67.7891,14.9423,193,2284
DGUOK,other,-0.00640451,111.697,21.7987,130,935
DHCR24,other,0.0267002,82.6543,18.656,148,1845
DHCR7,other,-0.0115369,88.6132,25.1288,147,2875
DHODH,other,0.0866822,57.0929,139.063,401,159
DHPS,other,0.079722,157.844,72.0516,111,400
DHRS11,other,-0.00559197,73.4037,13.9366,188,1732
DHRS12,other,-0.0195633,97.6596,28.7547,125,607
DHRS13,other,0.0126793,64.4344,32.3136,186,2270
DHRS2,other,0.0496138,124.732,11.0953,96,2700
DHRS3,other,-0.0217588,62.747,17.0545,220,1581
DHRS4,other,-0.0186683,131.323,29.8446,103,1178
DHRS4L2,other,0.0401214,122.471,21.3141,111,1641
DHRS7,other,0.00969183,104.73,50.3291,121,646
DHRS7B,other,0.00329897,141.748,16.9738,99,2605
DHTKD1,other,0.0127478,140.279,16.2454,95,1931
DHX15,other,0.0167401,501.508,209.923,101,71
DHX16,other,-0.00686337,60.6869,224.65,215,61
DHX30,other,0.0691909,51.6457,29.1132,307,1351
DHX32,other,-0.00448443,69.8295,20.4064,220,2055
DHX33,other,0.047017,94.0852,177.662,266,87
DHX34,other,0.0023503,47.5943,19.115,293,2437
DHX36,other,0.376294,107.047,210.089,435,510
DHX38,other,-0.00525165,281.253,33.5287,48,540
DHX40,other,0.00928908,53.3405,50.1251,259,1687
DHX57,other,0.0270938,93.1141,28.8821,130,676
DHX9,other,0.0481492,80.3043,57.3677,192,439
DIABLO,other,0.00514833,85.336,42.4048,147,3826
DIAPH1,other,-0.0134458,73.2475,27.2953,178,836
DIAPH3,other,0.015763,51.5867,26.1979,280,1061
DIDO1,other,0.00665414,32.5959,25.2237,389,2832
DIP2A,other,0.00703411,64.0798,23.9223,193,2233
DIP2B,other,0.0211256,67.8005,13.5658,203,2655
DIPK1B,other,-0.00546508,44.844,42.8446,366,586
DIPK2A,other,-0.0034064,60.0528,61.9106,201,269
DIS3,other,0.118984,660.7,240.871,46,162
DIS3L,other,0.0410173,48.0666,32.7572,259,751
DIS3L2,other,0.023049,45.5268,29.903,306,3224
DIXDC1,other,0.00537722,71.6593,14.8886,171,2085
DLD,other,0.108246,239.509,74.7269,162,305
DLG1,other,-0.00746748,60.592,13.4171,204,3782
DLG5,other,0.0229924,65.612,35.3357,219,554
DLGAP4,other,0.00257316,86.6127,13.4985,138,3052
DLGAP5,other,-0.011252,67.6093,15.9245,185,2104
DLX1,other,-0.00280642,50.2173,24.4054,237,1481
DLX2,other,0.0351482,46.6984,26.316,311,991
DLX3,other,0.0108734,96.1492,22.0736,138,1091
DLX4,other,0.0238851,83.0638,29.6486,179,965
DLX5,other,0.0268314,60.5146,16.8047,211,2171
DLX6,other,0.0410759,71.7699,25.2397,166,3000
DMAC1,other,-0.0131895,2909.97,61.0238,19,494
DMAC2,other,0.0111999,69.8064,40.2369,221,534
DMAC2L,other,0.150356,100.437,32.8047,164,3707
DMAP1,other,-0.0278436,306.843,584.296,117,12
DMBX1,other,-0.00965454,72.8005,34.4258,207,1495
DMC1,other,-0.0165948,211.414,21.5732,70,1315
DMD,other,-0.00746909,102.664,49.4846,131,4800
DMPK,other,-0.00354615,74.8472,16.9162,163,1691
DMRT1,other,-0.00985294,255.191,23.5264,55,2630
DMRT2,other,-0.0155067,80.5418,25.3286,155,1338
DMRT3,other,-0.0138333,147.446,30.5982,86,1196
DMRTA1,other,0.00970368,62.1896,18.3347,204,1843
DMRTA2,other,-0.0181827,61.6332,36.6973,212,3958
DMRTB1,other,0.012069,66.5597,26.05,200,8971
DMRTC2,other,0.0459158,534.336,37.125,49,764
DMTN,other,-0.0323453,33.2968,22.243,365,2772
DMWD,other,0.0349183,42.2944,22.0218,346,1003
DMXL1,other,-0.00583762,145.885,25.6843,125,821
DMXL2,other,0.0489837,55.5129,58.9555,229,1614
DNAAF2,other,0.057887,50.488,70.3711,292,415
DNAJA1,other,0.0403264,29.2385,28.9487,523,1352
DNAJA2,other,0.0104981,1165.14,22.1714,26,1434
DNAJA3,other,0.175365,194.472,111.186,159,374
DNAJB1,other,-0.011339,63.9559,29.41,214,2772
DNAJB11,other,0.0144469,33.557,19.0865,399,4488
DNAJB12,other,-0.000717169,58.4623,14.6369,230,1892
DNAJB14,other,0.0350173,63.23,24.4121,209,3895
DNAJB4,other,0.00503583,505.51,21.7418,40,981
DNAJB6,other,0.00255241,58.8694,25.2957,227,3069
DNAJB9,other,0.0861999,43.7015,26.8729,289,2914
DNAJC1,other,-0.0191785,120.63,35.0034,109,1074
DNAJC10,other,0.0533877,51.4178,26.0941,240,1792
DNAJC11,other,-0.0430416,82.7997,45.7341,171,1601
DNAJC12,other,-0.00430371,170.898,14.4179,79,2160
DNAJC13,other,0.00664091,117.357,17.1657,115,1774
DNAJC14,other,-0.024086,101.52,22.5944,121,977
DNAJC16,other,0.00916291,78.0294,36.4303,156,2975
DNAJC19,other,-0.0261813,186.113,21.0354,216,2252
DNAJC2,other,0.00180394,316.227,423.316,49,135
DNAJC21,other,0.0090959,135.49,35.024,117,603
DNAJC24,other,0.0486663,155.191,44.4704,100,1219
DNAJC3,other,-0.0261923,14.9232,42.0264,933,1645
DNAJC30,other,0.0235919,49.87,28.5729,256,1470
DNAJC4,other,-0.0157578,303.029,30.4809,53,716
DNAJC5,other,0.0263992,63.2291,21.1045,197,1855
DNAJC6,other,0.0290982,54.4571,22.7899,236,965
DNAJC7,other,0.0034001,81.2339,22.5557,174,1286
DNAJC8,other,0.196143,49.8691,66.3038,488,1351
DNAJC9,other,-0.0367818,60.0779,34.35,212,655
DNAL1,other,0.0462054,50.64,22.6717,250,1672
DNASE1L1,other,-0.0171084,86.5962,21.194,205,1666
DNASE2,other,-0.029655,216.694,40.2953,70,1463
DNLZ,other,0.00445069,42.1133,33.2254,316,834
DNM1L,other,-0.0281634,74.8983,28.8327,224,3832
DNMT1,other,0.0122683,114.946,337.689,509,31
DNMT3A,other,0.0141608,138.905,20.5726,102,1330
DNMT3B,other,-0.00188076,32.4397,38.9565,380,1155
DNPEP,other,-0.0390286,101.381,17.4586,135,2368
DNPH1,other,-0.0137131,97.2168,15.656,129,2166
DOCK11,other,-0.0351168,248.438,17.5253,64,1925
DOCK2,other,0.00854111,48.2245,37.5175,250,2659
DOCK6,other,0.0183796,71.4246,17.3561,244,1486
DOCK7,other,0.0150079,121.888,17.5696,115,1622
DOCK8,other,0.027006,77.6003,17.8038,157,2753
DOCK9,other,0.00711637,91.7318,21.1641,138,1706
DOHH,other,0.103882,203.746,117.67,305,1076
DOK1,other,-0.0189283,35.0702,14.6452,369,2264
DOK2,other,-0.00474023,96.7299,17.8942,144,1220
DOK3,other,0.00976221,99.6633,21.1927,128,1609
DOK4,other,0.00280155,33.6713,35.3956,390,4388
DOLK,other,0.14867,59.9206,39.1791,319,652
DOLPP1,other,0.00408698,57.1278,39.5724,222,5856
DONSON,other,0.0266597,74.2395,415.466,367,23
DOT1L,other,-0.00585938,76.3298,46.4496,171,598
DPAGT1,other,0.0282904,44.8304,212.335,273,90
DPCD,other,0.059038,2174.41,22.2735,18,1250
DPF1,other,0.0171825,32.7318,33.0359,380,1169
DPF2,other,0.061106,39.4155,65.0343,424,283
DPF3,other,-0.0125649,149.501,16.9846,100,2930
DPH1,other,-0.0030119,23.5829,91.6111,689,484
DPH2,other,0.0126019,91.278,45.0185,246,804
DPH3,other,-0.0107404,115.819,22.0101,112,1411
DPH5,other,0.11249,143.103,71.788,101,869
DPH6,other,0.0963048,61.7462,39.5523,236,929
DPH7,other,-0.0286307,73.5204,19.7357,180,1916
DPM1,other,0.0640276,132.053,28.2607,106,2041
DPM2,other,0.042314,43.017,22.0891,310,1450
DPM3,other,0.00663979,61.1883,23.3115,223,2206
DPP3,other,0.0278978,104.078,48.4722,124,2292
DPP7,other,0.00251439,34.7025,117.224,372,128
DPP8,other,0.00923604,66.0252,14.8236,196,1626
DPP9,other,-0.0132968,26.9873,18.857,496,1192
DPRX,other,0.0168811,76.1763,28.117,172,1613
DPY19L1,other,0.0212306,46.0136,28.781,293,771
DPY19L3,other,0.023987,132.476,89.6896,100,221
DPY19L4,other,0.045893,75.2418,18.9149,244,3116
DPYSL2,other,-0.0252456,69.4996,22.4127,188,3503
DR1,other,0.0488458,59.9905,32.9723,287,1428
DRAM1,other,0.0257113,37.9746,16.2406,345,1959
DRAM2,other,0.00755412,56.9021,25.173,221,1784
DRAP1,other,0.0338011,42.7278,82.3713,435,1876
DRG1,other,0.0588597,50.1514,26.2735,274,1346
DRGX,other,0.00298578,94.8279,13.8499,142,3336
DSC2,other,0.0952067,71.6173,29.1934,197,1681
DSCC1,other,0.0545241,164.675,52.5582,86,1269
DST,other,-0.00479089,26.5404,14.595,491,3220
DSTN,other,0.0204853,92.3944,16.4193,141,1729
DSTYK,other,0.0558556,85.9312,21.6271,193,1903
DTD1,other,0.0418146,43.9372,19.6031,286,1779
DTD2,other,-0.0213703,59.0361,20.1756,212,1083
DTL,other,0.011183,121.42,174.865,111,138
DTWD1,other,0.0220615,98.2967,39.6167,136,675
DTWD2,other,-0.00143837,53.2449,17.3809,246,1325
DTX2,other,0.0058347,262.492,18.2719,56,1084
DTYMK,other,0.01947,71.6538,54.7781,227,318
DUS1L,other,0.0224736,58.1881,21.4897,241,958
DUS2,other,0.0413168,69.3181,33.8191,186,625
DUS3L,other,-0.0151059,45.9545,25.3413,293,972
DUS4L,other,0.0182083,81.1844,28.6299,140,717
DUSP1,other,-0.0105631,70.0882,19.1513,185,2897
DUSP10,other,0.00051063,42.1205,19.3137,306,2392
DUSP11,other,-0.00565873,47.7192,15.1995,245,2527
DUSP12,other,0.0321956,123.641,162.914,126,294
DUSP14,other,0.00835983,58.1418,32.3311,204,1111
DUSP22,other,0.0164677,88.5374,21.49,146,1665
DUSP23,other,-0.0235231,54.0487,20.0495,229,1833
DUSP28,other,-0.034419,55.4577,1032.33,243,11
DUSP3,other,-0.00993347,70.3031,15.0175,179,2360
DUSP7,other,-0.020252,43.8874,15.5862,280,3573
DUXA,other,0.0314352,119.226,18.6119,113,994
DVL1,other,-0.0456819,102.599,29.1655,130,683
DVL2,other,-0.00742665,47.6938,18.4055,278,1581
DXO,other,0.00430069,508.029,21.8845,44,1820
DYM,other,-0.000602682,64.8215,18.88,203,2231
DYNC1H1,other,-0.00723745,107.168,196.546,156,57
DYNC1LI1,other,0.0191174,69.8146,18.7504,182,1220
DYNC1LI2,other,0.0138681,82.4562,23.2431,172,2619
DYNC2LI1,other,0.00512304,154.207,30.2038,92,1533
DYNLL1,other,0.0305,112.147,33.9112,128,1155
DYNLL2,other,0.0379597,127.931,41.2589,178,700
DYNLRB1,other,0.0405247,34.5451,169.183,380,130
DYNLT1,other,0.00626842,39.5834,19.9431,323,1136
DYNLT3,other,0.0350292,109.749,20.5246,125,3403
DYRK1A,other,0.00694064,120.628,15.1614,111,2630
DYRK2,other,0.00263959,145.951,23.3013,85,1745
DYRK3,other,0.0076103,236.011,24.89,73,2337
DYRK4,other,0.0210998,70.3865,35.4524,178,1844
DZIP1,other,-0.0284769,71.807,32.0276,162,2561
E2F2,other,-0.0045977,59.8466,25.7595,214,1226
E2F3,other,-0.0087529,34.2956,21.8257,393,1490
E2F5,other,0.0167741,277.866,21.2922,56,1065
E2F6,other,0.0252836,42.026,32.8375,308,788
E2F7,other,0.0253083,96.2326,16.6818,136,1237
E2F8,other,0.0509896,99.1271,26.5552,179,1207
E4F1,other,0.0532838,77.8316,887.679,243,22
EAF1,other,0.0420216,373.165,23.7951,44,2908
EAF2,other,0.034117,72.178,32.9241,184,2833
EARS2,other,0.0093082,50.6045,38.1788,360,975
EBAG9,other,0.0441731,194.185,25.6113,70,1258
EBF1,other,-0.0213247,116.154,23.151,115,922
EBF2,other,-0.0227168,45.2589,15.0409,286,1616
EBF3,other,0.125725,81.9734,41.6317,183,2751
EBF4,other,-0.0182937,55.2237,35.7147,225,849
EBP,other,0.0235192,57.0487,13.9442,222,3549
EBPL,other,-0.0170824,83.0084,26.3192,149,3723
ECD,other,-0.0112023,144.541,102.325,135,1463
ECE1,other,0.0100894,47.3436,18.3651,282,1442
ECE2,other,0.0358512,236.644,25.6406,71,2550
ECH1,other,0.00510203,49.5649,20.0625,283,1397
ECHDC1,other,0.0186306,108.799,17.2928,128,2208
ECHS1,other,0.0344684,47.2315,44.2165,270,2729
ECI1,other,-0.0130767,99.5139,20.7795,138,1242
ECI2,other,0.0230383,161.659,26.6098,99,926
ECPAS,other,0.000852508,73.3316,17.7962,177,1379
ECSIT,other,-0.00218279,60.3033,31.3911,234,1548
EDARADD,other,0.0171164,83.4085,22.7263,162,2070
EDC3,other,0.0500425,41.2285,101.125,365,4570
EDC4,other,0.0479576,36.5731,26.5414,448,1179
EDEM1,other,-0.0122405,74.642,31.0049,172,979
EDEM2,other,0.00762163,109.214,20.6433,121,1926
EDEM3,other,0.0269379,64.4526,22.3875,202,1525
EDF1,other,0.102028,47.0975,14.176,290,3314
EEA1,other,-0.0119751,57.0133,28.6164,217,3056
EED,other,-0.0323908,176.883,22.5882,76,1149
EEF1A1,other,-0.00588128,213.176,33.1947,64,1043
EEF1AKMT1,other,0.00918958,65.2212,19.0171,194,1266
EEF1AKMT2,other,-0.00935898,65.571,18.1642,195,1884
EEF1B2,other,0.0423194,222.252,26.3484,60,1229
EEF1D,other,-0.0180929,63.3026,24.9913,199,715
EEF1E1,other,0.0330519,62.9802,25.2308,222,1495
EEF1G,other,0.0343898,201.256,122.538,201,117
EEF2K,other,-0.0217479,51.2257,23.0166,260,1051
EEFSEC,other,-0.0423534,133.803,51.4228,155,498
EFCAB11,other,0.0609059,54.8018,24.7318,237,2212
EFCAB14,other,0.0336865,146.192,25.4787,90,3361
EFCAB2,other,0.0346903,61.3149,22.6796,201,1844
EFHD1,other,-0.00847919,764.873,20.6746,31,2688
EFHD2,other,-0.0318026,332.406,113.262,46,478
EFNA1,other,0.00158742,91.9025,14.5462,137,2190
EFNA4,other,0.023095,60.2323,30.231,213,676
EFR3A,other,0.243915,462.897,166.028,48,195
EGFL7,other,0.00874554,49.0437,20.9631,280,1133
EGFL8,other,0.014491,159.053,48.0944,79,481
EGLN1,other,0.0232494,41.221,20.7212,319,2042
EGLN2,other,0.00205595,38.5489,44.0503,331,1407
EGLN3,other,0.00440169,71.9208,22.4156,176,1201
EGR1,other,0.0553769,42.8973,14.7863,374,1696
EGR2,other,-0.00879533,61.9638,28.7398,201,1812
EGR3,other,0.00132039,40.9087,22.0007,298,1400
EGR4,other,0.0287659,46.3648,13.6491,269,2808
EHBP1,other,0.00458094,63.4943,33.3595,224,845
EHBP1L1,other,0.00322804,165.443,25.7235,86,814
EHD1,other,0.0142191,72.5547,21.3216,178,2476
EHD4,other,-0.00908138,70.2282,20.2342,186,1488
EHF,other,-0.0251167,185.517,14.3952,69,3298
EHMT1,other,0.050595,128.434,34.5981,135,4663
EHMT2,other,0.0648986,101.196,60.0635,186,1895
EI24,other,-0.0195573,83.4782,74.4458,181,399
EID1,other,0.0176437,108.225,30.4658,127,1218
EID2,other,-0.0175946,108.438,26.1192,125,1173
EID2B,other,0.00616869,498.036,25.956,37,1649
EIF1,translation initiation (EIF),0.0681008,71.934,63.2702,216,1116
EIF1AD,translation initiation (EIF),0.0278253,124.953,47.0619,108,457
EIF1AX,translation initiation (EIF),0.0389187,94.6246,117.624,223,1488
EIF1B,translation initiation (EIF),-0.0168572,104.545,43.5552,125,566
EIF2A,translation initiation (EIF),-0.00575415,136.446,15.6232,105,2008
EIF2AK1,translation initiation (EIF),-0.0164236,59.7862,20.9762,227,1372
EIF2AK2,translation initiation (EIF),-0.0117855,63.2885,17.7031,215,2537
EIF2AK3,translation initiation (EIF),-0.0141331,66.5059,21.7876,194,1259
EIF2AK4,translation initiation (EIF),0.0159461,96.8887,28.4014,142,1110
EIF2B1,translation initiation (EIF),0.0564337,156.674,154.385,217,85
EIF2B4,translation initiation (EIF),-0.00648738,230.374,127.247,184,109
EIF2D,translation initiation (EIF),-0.0163184,129.466,27.1668,105,1142
EIF2S1,translation initiation (EIF),-0.056651,357.172,73.2744,89,392
EIF2S3,translation initiation (EIF),0.0247466,376.809,25.9629,63,1450
EIF3E,translation initiation (EIF),0.120774,260.309,359.91,102,35
EIF3G,translation initiation (EIF),0.0135958,380.26,154.203,49,82
EIF3H,translation initiation (EIF),0.214514,140.423,62.2901,291,523
EIF3J,translation initiation (EIF),0.0487528,128.373,177.119,161,163
EIF3K,translation initiation (EIF),0.109744,101.726,54.5722,138,1986
EIF3L,translation initiation (EIF),0.121327,97.5527,39.932,157,832
EIF3M,translation initiation (EIF),0.0633676,174.363,153.192,125,182
EIF4A1,translation initiation (EIF),0.0754211,292.289,141.208,58,183
EIF4A2,translation initiation (EIF),0.0165523,86.6202,245.66,145,86
EIF4A3,translation initiation (EIF),0.0395167,1195.72,133.344,24,598
EIF4B,translation initiation (EIF),0.0428567,137.867,47.6028,107,1356
EIF4E,translation initiation (EIF),0.0613072,294.725,52.3979,172,455
EIF4E2,translation initiation (EIF),0.0531467,95.7011,18.9937,184,1725
EIF4EBP1,translation initiation (EIF),0.000307211,96.3823,22.549,139,1827
EIF4EBP2,translation initiation (EIF),0.00275243,80.2939,26.1655,163,3007
EIF4ENIF1,translation initiation (EIF),0.0399246,75.1684,40.3654,207,443
EIF4G1,translation initiation (EIF),0.188229,139.128,397.459,223,149
EIF4G2,translation initiation (EIF),0.127862,39.283,114.812,418,801
EIF4G3,translation initiation (EIF),-0.00479338,45.0171,26.5499,278,1060
EIF4H,translation initiation (EIF),0.0528193,70.1537,30.3843,239,1064
EIF5,translation initiation (EIF),0.0267477,57.2044,17.5581,278,1532
EIF5A,translation initiation (EIF),0.169333,123.915,262.428,179,155
EIF5A2,translation initiation (EIF),0.0132405,74.9084,18.3132,178,1357
EIF6,translation initiation (EIF),0.0366568,293.702,522.001,109,21
EIPR1,other,0.0545186,104.773,51.0932,133,699
ELAC1,other,0.0262201,70.0959,57.7017,198,546
ELAC2,other,0.0531273,95.6909,341.855,141,72
ELAVL1,other,0.235534,92.5253,79.2478,220,3243
ELF1,other,0.0108842,308.023,41.6198,49,469
ELF2,other,0.00868437,63.9514,21.9728,211,2222
ELF3,other,0.00140103,43.2872,23.3329,303,1517
ELF4,other,0.0584556,58.1778,46.2276,244,1080
ELF5,other,0.0179298,46.8418,15.3947,267,2833
ELK3,other,0.00568068,108.413,20.3476,126,2412
ELK4,other,0.0181671,113.646,18.618,120,2202
ELL,other,0.0594558,142.457,48.6835,122,343
ELL2,other,0.050877,97.1458,15.662,134,2635
ELMO2,other,0.0035217,368.974,148.481,44,127
ELMOD2,other,0.0184379,100.067,16.1572,127,2631
ELMOD3,other,-0.0152814,48.9529,26.4436,255,721
ELOA,other,0.0328809,66.0829,35.7762,205,962
ELOB,other,0.114412,67.6621,152.562,402,2830
ELOF1,other,0.375545,169.469,125.994,248,7696
ELOVL1,other,0.009704,38.0247,19.7021,350,2502
ELOVL5,other,0.00190728,43.2813,20.2982,293,2332
ELOVL6,other,0.0042798,58.1068,31.0599,229,1379
ELP1,other,0.097975,209.962,84.1325,82,431
ELP2,other,0.104912,45.0435,88.4742,370,627
ELP3,other,0.165728,87.8146,55.2674,197,1183
ELP4,other,0.0867019,211.827,76.407,99,455
ELP5,other,0.192417,67.4773,51.3039,317,931
ELP6,other,0.00281241,84.8037,88.4172,154,1227
EMC1,other,-0.0401304,73.52,39.0613,195,704
EMC10,other,0.0476061,70.9315,23.3537,187,1041
EMC2,other,0.099186,98.5951,91.8506,158,319
EMC3,other,-0.00754245,29.098,43.1758,458,2600
EMC4,other,-0.00593251,118.246,40.4905,115,868
EMC6,other,-0.0185534,89.7257,30.3404,155,919
EMC7,other,0.0281742,42.6698,16.995,380,2322
EMC8,other,0.0399005,40.2207,15.2001,366,2692
EMC9,other,-0.00771308,57.746,34.9255,251,1038
EMD,other,0.00739971,36.3761,22.9021,360,2879
EME1,other,0.0255753,80.8957,34.669,156,683
EME2,other,0.042738,73.7016,39.0673,181,659
EMG1,other,0.00238511,969.617,111.552,30,205
EMILIN2,other,0.00955749,39.9803,19.5208,316,1777
EML2,other,0.00406302,90.5373,37.6542,150,1166
EML3,other,0.0087671,120.627,87.9551,130,254
EML4,other,-0.00334647,215.748,14.8792,68,2035
EMP3,other,0.0349653,277.921,31.4038,48,1518
EMX1,other,0.0347078,41.5548,27.5959,310,1215
EMX2,other,0.0172345,85.3271,17.6105,150,1813
EN1,other,-0.00844458,2261.97,37.2879,17,2667
EN2,other,0.0442978,58.3546,31.6385,212,5588
ENDOD1,other,0.00541606,308.765,23.6796,49,2351
ENDOG,other,0.0012295,154.228,45.9492,87,2392
ENDOV,other,0.0390858,55.2786,27.7615,251,3350
ENGASE,other,0.0160291,45.0584,29.211,328,4866
ENKD1,other,-0.0176297,111.668,18.5186,122,2280
ENO1,other,0.0584997,151.024,93.946,123,204
ENO2,other,0.0255063,47.5098,21.3188,283,1152
ENO3,other,0.0382246,47.1116,56.6296,285,369
ENOPH1,other,0.0237741,48.2872,16.2848,255,2615
ENOSF1,other,0.0164,47.9617,11.4869,265,2591
ENOX2,other,0.0279248,102.734,26.4435,124,1705
ENPP3,other,0.00876415,46.1237,27.9231,297,1014
ENSA,other,0.0161361,86.5263,33.5332,155,1894
ENTPD4,other,0.0353034,39.5184,16.7969,321,1974
ENTPD6,other,0.00134366,131.718,90.5822,106,209
ENTPD7,other,0.00851669,744.963,20.8222,30,2375
ENTR1,other,-0.0164709,286.918,39.4187,54,646
ENY2,other,0.179904,167.102,128.487,258,135
EOGT,other,-0.00426706,196.668,19.524,71,1982
EOMES,other,-0.0428782,142.358,20.6722,93,2722
EP300,other,0.0412248,179.75,28.7459,95,6149
EPAS1,other,0.0021751,56.363,29.2517,234,1841
EPB41,other,0.0298696,43.0367,23.8839,276,3021
EPB41L2,other,0.0832761,73.8576,36.1312,299,1069
EPB41L5,other,0.00182412,68.1941,54.1585,178,474
EPC1,other,0.069833,160.574,33.8154,100,1949
EPCAM,other,-0.0279137,81.9977,21.6762,144,1641
EPHB4,other,0.00718246,57.2147,94.738,271,200
EPHB6,other,-0.0106658,67.3485,26.9453,201,2547
EPHX1,other,0.00480308,195.19,21.9497,77,911
EPHX2,other,0.00235784,58.7396,20.2609,222,2656
EPN1,other,-0.0186671,89.5013,24.6773,155,1573
EPN2,other,0.0440488,33.5232,14.4871,378,1902
EPOP,other,-0.00914244,53.0148,32.0401,232,787
EPOR,other,0.013782,30.9051,20.6043,416,2571
EPPK1,other,0.022367,74.2111,18.8126,186,1275
EPS15,other,0.0261852,65.8943,14.3729,193,2130
EPS15L1,other,0.00795502,115.965,50.7357,118,541
EPS8L2,other,0.00861969,77.4015,15.7898,164,1551
ERAL1,other,-0.0538426,65.2874,33.2525,231,1018
ERAP1,other,0.00494771,49.022,12.6955,297,2437
ERBIN,other,0.00525173,127.398,19.5699,109,1733
ERC1,other,0.00219719,36.1093,20.6642,340,1412
ERCC1,other,0.00666771,60.95,65.4983,214,2081
ERCC3,other,-0.0730613,74.0648,148.076,269,91
ERCC4,other,0.00157945,26.9083,92.1484,463,432
ERCC5,other,0.00964562,118.4,19.1162,111,1540
ERCC6L2,other,-0.0342946,140.306,23.5045,96,1550
ERCC8,other,0.0334174,703.942,22.7302,34,2156
ERF,other,0.00243127,32.9239,35.8273,403,558
ERG,other,0.0234208,28.3447,22.2242,449,1000
ERG28,other,-0.00308648,58.2176,29.0723,244,1313
ERGIC1,other,-0.00817105,60.9939,32.6155,226,1118
ERGIC2,other,-0.00762622,84.6472,15.344,153,1725
ERGIC3,other,-0.0404829,51.4208,188.825,252,8870
ERH,other,0.0352964,447.457,804.855,36,29
ERI1,other,0.0120935,81.6509,40.1313,164,472
ERI2,other,0.0507073,62.9932,25.3147,187,2511
ERI3,other,0.00990887,54.5212,14.853,231,2186
ERICH1,other,0.0156384,120.233,31.9814,112,1762
ERLEC1,other,0.0194456,166.612,36.6208,87,661
ERLIN1,other,-0.00251725,66.8949,23.2131,197,1136
ERLIN2,other,-0.00773552,73.1143,26.2616,189,1016
ERMAP,other,0.0246448,30.5316,17.6265,441,2102
ERMARD,other,-0.0339446,164.57,59.7248,83,2283
ERMP1,other,0.143143,95.8166,36.6111,177,796
ERN1,other,0.0639377,40.9226,22.7513,361,2875
ERP29,other,0.0195135,191.619,26.1183,72,1644
ERP44,other,-0.019884,46.8703,27.1248,269,1229
ERV3-1,other,0.0305568,96.8352,44.7289,140,825
ESAM,other,-0.00292905,39.2838,15.2592,330,3693
ESCO1,other,-0.0207181,250.005,25.7079,56,1743
ESCO2,other,-0.0283961,341.186,99.5303,46,189
ESD,other,-0.0159422,280.964,17.971,56,1540
ESF1,other,-0.0208566,92.3733,178.817,233,82
ESPN,other,-0.0107298,13.6611,23.5631,1006,1425
ESR1,other,0.00101515,75.3445,25.4904,177,1602
ESR2,other,-0.0193398,41.0649,16.8636,305,2120
ESRRA,other,0.0627573,62.9812,14.7919,205,2344
ESRRB,other,0.0360579,48.1907,11.1393,273,3446
ESRRG,other,0.01258,25.4081,20.9498,519,3334
ESS2,other,-0.0337866,132.829,65.5931,110,281
ESX1,other,-0.00823674,67.7465,18.6472,190,2665
ESYT1,other,0.0176173,60.6051,50.3667,330,392
ESYT2,other,0.117303,272.113,200.486,81,92
ETAA1,other,0.0246549,80.2216,25.9444,169,1544
ETF1,other,-0.00534172,261.93,243.605,69,53
ETFA,other,-0.0197256,86.8202,46.7097,152,2089
ETFB,other,-0.0245458,36.1027,66.4647,359,4021
ETFDH,other,-0.0199993,62.4262,302.09,196,91
ETFRF1,other,0.0234932,51.216,17.771,253,1456
ETHE1,other,0.0158628,47.0314,16.8173,304,2444
ETNK1,other,0.0203594,48.9781,30.1565,294,1526
ETNK2,other,-0.00470274,53.1315,24.925,240,1416
ETS1,other,-0.0387289,39.3306,25.3179,352,904
ETS2,other,-0.0255464,191.412,29.3027,91,3322
ETV1,other,-0.0382187,92.7968,43.8089,129,2900
ETV2,other,0.00198475,46.4983,28.211,286,959
ETV3,other,-0.0176042,43.585,26.4209,315,948
ETV3L,other,-0.00536758,79.1562,30.3113,156,2290
ETV4,other,-0.0661377,380.311,31.7948,96,1077
ETV5,other,-0.0114623,2392.9,35.2217,19,473
ETV6,other,0.00822553,50.0484,16.7889,250,2361
ETV7,other,0.0300647,170.191,15.3495,75,1844
EVA1B,other,-0.0183074,75.8773,18.8944,171,1885
EVI5,other,0.0325504,110.455,19.7646,117,3937
EVL,other,0.0610998,67.1737,12.6584,203,2549
EVX1,other,-0.0242465,62.3236,22.0856,207,2921
EVX2,other,0.027985,72.2415,22.4654,205,1552
EWSR1,other,0.12516,97.1918,61.4594,158,2313
EXD3,other,0.00427975,72.1081,27.3952,172,1350
EXO1,other,-0.0131694,53.7868,65.0926,251,316
EXO5,other,0.0199863,504.919,23.0921,38,1077
EXOC1,other,0.0749837,44.1166,77.3025,351,287
EXOC2,other,0.0143547,61.6157,636.638,204,24
EXOC3,other,0.0399603,30.225,89.7005,450,211
EXOC4,other,-0.107599,139.598,126.683,187,410
EXOC5,other,0.0514841,70.6635,178.37,266,78
EXOC6,other,0.00511186,823.832,46.8975,27,2820
EXOC7,other,-0.0153672,285.077,84.9251,63,405
EXOC8,other,0.0431593,238.956,83.538,52,467
EXOG,other,0.0174292,132.531,19.4257,98,1270
EXOSC1,exosome (EXOSC),0.0813832,79.5866,190.756,170,171
EXOSC10,exosome (EXOSC),-0.000640077,89.7761,1328.14,210,10
EXOSC3,exosome (EXOSC),0.0230806,461.785,794.204,60,10
EXOSC5,exosome (EXOSC),0.0405334,563.724,208.928,45,72
EXOSC6,exosome (EXOSC),-0.0638257,639.65,125.448,51,92
EXOSC8,exosome (EXOSC),-0.0459637,309.038,201.752,131,99
EXOSC9,exosome (EXOSC),0.0174313,421.16,64.7162,58,241
EXPH5,other,0.0200595,184.711,17.9832,78,2082
EXT2,other,0.0134318,66.2699,28.5846,203,1216
EXTL2,other,-0.012606,67.2082,54.4481,190,1938
EXTL3,other,-0.0181188,78.4243,30.5085,161,590
EYA3,other,0.0120067,103.765,24.5761,132,695
EZH1,other,0.000381686,51.7358,21.5355,236,850
EZR,other,-0.00821004,33.44,39.9961,367,641
F11R,other,0.016574,52.9037,18.9763,241,1347
F12,other,0.00741319,30.4433,21.3913,402,2745
F2R,other,-0.010554,133.763,13.1763,89,2927
F8A1,other,0.0190543,243.81,26.212,56,1285
FABP5,other,0.0172063,49.9442,19.9647,250,1238
FADS1,other,0.0362669,50.1132,31.1823,251,2069
FADS2,other,0.0508085,26.7058,23.6233,489,1888
FADS3,other,0.00743406,279.951,34.3683,58,2267
FAF1,other,0.0377875,54.9195,32.052,225,6159
FAF2,other,-0.0192233,39.6022,101.917,379,288
FAH,other,0.0057915,33.722,15.1532,379,2143
FAHD1,other,0.0162195,57.0107,26.7567,218,4352
FAHD2A,other,-0.00861765,24.5452,53.0372,535,381
FAHD2B,other,0.0141468,219.611,15.7415,62,3939
FAIM,other,0.00867109,213.511,18.6959,64,1283
FAM110A,other,0.0385469,70.8222,24.7616,191,1058
FAM111A,other,0.0136749,138.041,14.6803,94,2171
FAM114A2,other,-0.000830171,60.2525,13.9572,215,2527
FAM117A,other,-0.00253843,26.7353,15.5859,495,1580
FAM117B,other,0.0104399,160.451,34.6806,89,1327
FAM118A,other,0.0181539,43.5466,46.2234,298,826
FAM118B,other,0.0737468,97.8725,32.3478,157,1252
FAM120AOS,other,0.0426083,50.3349,14.4456,255,2048
FAM120B,other,-0.015093,65.3251,14.7175,186,2092
FAM120C,other,0.0111725,60.9474,32.2525,211,535
FAM124B,other,-0.00693531,79.1009,25.0106,170,1855
FAM131A,other,0.0106994,79.7669,43.5911,158,598
FAM133B,other,0.0437717,172.881,29.3502,86,1581
FAM135A,other,0.0144009,76.8105,19.4453,167,1380
FAM136A,other,0.0872991,242.606,32.0849,89,572
FAM13A,other,0.0189,72.38,22.8697,174,2216
FAM13B,other,0.0322467,107.088,58.3387,118,260
FAM156A,other,-0.0063189,59.9261,21.7958,212,1157
FAM156B,other,0.0409079,14.2602,27.6802,1006,1919
FAM161A,other,0.0331688,507.847,44.9801,39,1674
FAM162A,other,0.0109049,117.141,39.452,113,530
FAM168B,other,-0.0115897,101.654,15.2202,134,2514
FAM170A,other,-0.0236162,138.643,30.062,95,933
FAM171A1,other,-0.0351183,58.0237,30.3026,216,1073
FAM174A,other,0.0293519,83.7291,29.1508,167,1049
FAM174C,other,-0.0492777,90.0328,23.1999,153,1257
FAM177A1,other,0.0253013,99.5139,26.8869,130,1163
FAM184A,other,-0.00486964,55.5841,14.5459,237,1986
FAM185A,other,-0.0128849,158.724,26.1385,85,2896
FAM193A,other,-0.0497336,54.7944,54.625,226,2203
FAM193B,other,-0.0141352,57.9149,23.9663,237,1091
FAM199X,other,-0.00775512,45.1678,18.2042,271,2114
FAM200B,other,0.00819296,60.1605,21.4714,202,971
FAM204A,other,0.0232304,79.1139,94.2213,185,349
FAM20B,other,-0.0293316,141.312,49.3776,122,1152
FAM210A,other,-0.000993364,99.3882,79.5002,163,347
FAM210B,other,0.00310148,38.3074,29.6167,330,3658
FAM216A,other,0.000779608,1992.37,26.2216,20,1498
FAM217B,other,0.03482,75.6612,19.4094,157,1463
FAM219B,other,0.00633849,31.2078,27.6651,380,2262
FAM222B,other,-0.0384757,37.3691,19.5592,347,1779
FAM229A,other,0.0273891,29.5306,15.5686,415,3418
FAM229B,other,0.0256554,72.5885,42.1887,172,5284
FAM241A,other,-0.0319467,48.6195,32.2137,329,1385
FAM241B,other,0.027547,63.1971,33.2038,203,2181
FAM24B,other,0.0284595,97.4655,35.7811,130,3897
FAM3A,other,-0.0167203,56.7742,30.7178,217,2344
FAM3C,other,0.038174,48.1681,31.999,254,1866
FAM50A,other,-0.0183774,523.585,26.787,42,3096
FAM53B,other,-0.00422672,86.2551,21.0604,148,3557
FAM53C,other,-0.00358498,65.4146,15.3854,215,1944
FAM72C,other,-6.7378e-05,66.8281,19.1209,191,3451
FAM76A,other,-0.0125573,39.2475,30.1714,302,4687
FAM76B,other,0.0218501,83.9754,28.4461,152,1574
FAM78A,other,0.024622,46.2693,23.5115,271,3837
FAM83D,other,0.0114426,34.9993,12.242,339,4102
FAM83G,other,-0.00466961,150.373,14.3713,89,2770
FAM83H,other,-0.0141841,73.1021,22.0703,243,1162
FAM89A,other,0.00736136,44.5659,21.0231,278,2912
FAM89B,other,-0.022238,53.4753,34.0009,236,743
FAM8A1,other,0.00916929,40.5963,17.4806,316,1879
FAM91A1,other,-0.0165766,78.971,22.6196,160,1881
FAM98A,other,0.0243575,59.0735,34.473,210,2784
FAM98B,other,0.117169,122.329,76.664,120,1314
FAM98C,other,-0.0294572,40.7569,26.0908,306,2151
FAN1,other,-0.0170339,44.6838,15.6153,293,1705
FANCA,other,-0.0103458,169.052,29.9177,70,1131
FANCB,other,0.0454026,117.853,49.415,121,1167
FANCD2,other,-0.0110052,88.3252,42.6804,142,877
FANCE,other,-0.0490142,434.92,47.4193,40,704
FANCF,other,-0.00233204,143.582,39.0587,85,862
FANCG,other,0.0252334,44.5706,29.4672,315,904
FANCI,other,0.0519494,1642.06,76.5569,20,284
FANCL,other,-0.0327082,141.713,86.5296,88,438
FANCM,other,0.0159046,182.126,55.1679,78,1385
FAR1,other,0.0152222,39.9645,16.2092,400,2441
FAR2,other,-0.00989331,75.5257,18.9736,175,2648
FARP2,other,0.0279203,45.2654,13.7529,289,3108
FARS2,other,0.0364448,150.65,38.0007,90,1000
FARSA,other,0.141655,264.309,211.396,141,114
FASTK,other,-0.043317,93.8815,23.5513,192,1323
FASTKD1,other,-0.0289093,97.7536,20.1103,143,1129
FASTKD2,other,-0.00547545,1706.85,18.7025,19,2065
FASTKD3,other,0.0810797,103.374,36.5302,136,1342
FASTKD5,other,0.00347431,55.4823,26.0615,317,1751
FAXDC2,other,0.0166784,26.4715,15.8102,479,1631
FBF1,other,-0.00168987,41.8092,39.6776,306,930
FBH1,other,0.00062371,59.6051,21.5833,218,2117
FBL,other,-0.0237054,667.581,578.929,48,16
FBLIM1,other,0.012742,50.2434,34.262,291,1056
FBRS,other,0.00722089,411.689,42.619,46,1119
FBRSL1,other,-0.00114963,273.546,1248.28,70,10
FBXL12,other,-0.00105346,36.8576,21.4047,345,1187
FBXL14,other,0.069749,88.8358,43.5401,648,438
FBXL15,other,0.0560591,442.628,107.547,37,4842
FBXL19,other,-0.0310977,30.1791,31.5342,467,742
FBXL20,other,-0.0362513,82.8265,34.3315,147,866
FBXL3,other,0.0255649,82.1185,51.2726,155,1539
FBXL4,other,0.0280491,50.0482,19.3642,261,1428
FBXL5,other,-0.00466681,29.0961,35.5464,491,719
FBXL8,other,-0.00474183,35.9879,32.0619,383,673
FBXO11,other,0.0512474,127.92,52.3137,110,2597
FBXO21,other,-0.026459,67.682,33.8271,197,4012
FBXO22,other,0.0158734,55.6821,24.4833,226,2702
FBXO25,other,0.0104603,55.716,22.294,227,2274
FBXO28,other,-0.0216509,1023.39,38.6415,30,1165
FBXO3,other,-0.00637016,31.7058,66.395,418,496
FBXO31,other,-0.0211662,54.4632,17.1729,237,1952
FBXO33,other,-0.0284425,79.7511,31.3649,159,1519
FBXO34,other,-0.0139723,54.513,27.7491,236,672
FBXO38,other,0.0238006,65.5213,29.3867,198,1420
FBXO4,other,0.0166803,52.37,22.2765,238,1523
FBXO41,other,-0.00279127,52.0891,18.4347,251,1399
FBXO42,other,0.0281007,60.6001,42.4459,305,863
FBXO44,other,0.00542782,46.5267,17.8025,272,2655
FBXO45,other,0.00424966,75.9126,15.8669,183,2071
FBXO46,other,-0.0430649,57.2006,46.828,239,1460
FBXO5,other,-0.0381311,48.9368,168.637,287,115
FBXO6,other,-0.014395,168.344,21.0072,85,1392
FBXO7,other,-0.0273146,146.371,22.0457,89,1514
FBXO8,other,-0.0136674,148.052,35.0383,98,1300
FBXO9,other,0.00254659,44.6452,27.5616,281,7787
FBXW11,other,0.0246802,49.47,698.081,334,10
FBXW2,other,-0.0298472,63.0027,30.6083,208,2273
FBXW4,other,0.0294027,44.3233,19.1167,305,1303
FBXW5,other,0.00277059,232.65,27.2858,64,1929
FBXW7,other,0.0890073,20.9114,26.2483,798,2433
FBXW9,other,0.0389608,158.396,30.6307,88,3324
FCER1G,other,-0.0259994,96.643,16.5203,141,2701
FCGR2A,other,0.0357677,68.7484,22.9539,174,2276
FCHO1,other,-0.0275735,110.223,33.6653,127,1028
FCHSD1,other,2.53086e-05,126.875,13.8882,96,2348
FDFT1,other,0.0309955,50.1986,27.9625,257,909
FDPS,other,-0.0092355,1136.63,225.586,22,52
FDX1,other,-0.0613778,62.7485,79.7785,209,382
FDX2,other,0.0482729,62.3423,138.132,276,154
FDXR,other,0.0283415,35.5606,44.8845,387,836
FECH,other,-0.013447,9404.58,28.3863,6,780
FEM1A,other,0.0366499,57.275,88.3585,226,1165
FEM1B,other,0.0318198,69.893,26.8243,187,967
FEN1,other,0.0153693,42.2068,42.905,320,576
FERD3L,other,0.00402835,75.1106,19.6944,170,1074
FERMT2,other,0.0351406,85.8349,20.437,200,1613
FERMT3,other,-0.00269438,63.0866,14.7882,195,2199
FES,other,-0.00180087,239.344,21.5376,63,1353
FEV,other,0.0264844,41.715,26.9613,314,1035
FEZ1,other,-0.0178036,50.8295,22.4086,234,4637
FEZ2,other,-0.0105789,37.115,49.6977,374,3508
FEZF1,other,0.0168973,53.6765,20.7504,250,2682
FEZF2,other,-0.00176896,139.692,34.4973,93,1114
FGF2,other,-0.0334798,71.4367,21.3399,171,1315
FGFR1,other,-0.0144487,47.8762,158.039,298,100
FGFR1OP2,other,-0.0263202,32.9675,41.6367,382,944
FGFRL1,other,0.00306111,66.244,24.3633,188,863
FGGY,other,0.0463617,44.7511,16.3593,298,3265
FH,other,0.0627351,136.955,354.243,108,94
FHIT,other,0.00524577,55.372,78.7872,258,2065
FHL2,other,0.0150086,62.8979,29.103,218,844
FHOD1,other,0.0112889,89.5075,18.092,135,1601
FIBP,other,0.0392088,82.5046,19.8614,179,3375
FIGLA,other,-0.0152593,49.1253,27.3851,327,1268
FIGNL1,other,-0.0244378,46.4413,46.1351,248,885
FIS1,other,0.0309101,59.2812,96.7332,226,182
FIZ1,other,0.0166837,77.094,18.8787,194,2399
FKBP11,other,0.056516,54.1714,19.447,258,1337
FKBP14,other,0.0368016,56.731,19.4225,227,2526
FKBP15,other,0.0182256,110.837,44.2797,123,450
FKBP1A,other,0.0379221,110.755,28.4046,131,654
FKBP1B,other,-0.0225073,131.861,31.279,107,2228
FKBP2,other,0.0165667,70.3788,65.7058,183,1074
FKBP3,other,0.0225634,32.1633,32.4983,397,1383
FKBP4,other,-0.0179326,70.2276,38.0792,184,877
FKBP5,other,-0.0130524,59.11,23.7026,213,1800
FKBP7,other,-0.0268424,40.8599,19.6164,311,1765
FKBP8,other,-0.0400631,118.024,100.161,135,4401
FKBPL,other,-0.0116119,606.292,26.6948,37,720
FKRP,other,0.0450861,59.7813,29.4463,229,1177
FLAD1,other,0.0817688,75.195,79.2454,174,393
FLCN,other,0.0321629,166.128,32.1242,105,978
FLI1,other,-0.00495529,119.609,44.7596,143,897
FLII,other,0.0091572,59.4336,33.1299,320,1264
FLNA,other,0.010272,38.7795,28.294,328,1413
FLNB,other,-0.0155037,74.9093,18.9803,169,1562
FLOT1,other,0.0114705,62.5711,21.1774,208,1743
FLOT2,other,-0.0226002,53.6947,18.3764,230,3965
FLVCR1,other,0.0157257,149.654,17.2691,119,1395
FLYWCH1,other,-0.00740212,63.9679,23.6623,246,1873
FLYWCH2,other,-0.0153753,55.2379,23.3282,241,2245
FMC1,other,0.0205476,73.9306,16.2123,166,1484
FMNL1,other,0.0132831,72.0912,21.5417,187,1361
FMNL3,other,0.0163533,48.077,38.238,265,500
FMR1,other,-0.0307751,52.836,67.5129,252,339
FN1,other,0.00663272,70.9559,112.746,196,135
FN3KRP,other,0.0122039,173.477,14.9872,81,4155
FNBP1,other,0.018633,898.12,27.099,32,1207
FNBP4,other,0.181192,56.5782,93.0177,357,549
FNDC10,other,0.0029063,115.287,24.1743,121,3330
FNDC3A,other,-0.0276408,37.1741,17.8108,340,1963
FNDC3B,other,0.0109373,76.4897,24.9206,152,2175
FNIP1,other,0.0371072,128.657,18.8386,121,1876
FNIP2,other,-0.00737777,60.9859,44.5696,210,480
FOS,other,0.022105,31.2844,17.2687,406,1510
FOSB,other,-0.0481222,42.3888,27.0407,311,1678
FOSL1,other,-0.0190918,78.8483,32.7489,192,561
FOSL2,other,0.0150397,148.649,21.2102,87,2180
FOXA1,other,-0.0251949,51.8267,28.0357,240,1384
FOXA2,other,0.0262194,147.893,22.3909,85,1422
FOXA3,other,0.0138516,72.4158,19.7052,183,2008
FOXB1,other,0.00845262,60.1091,16.3147,208,1892
FOXB2,other,0.0330754,1078.55,14.4382,24,1954
FOXC1,other,0.0135344,69.1461,31.8456,188,3018
FOXC2,other,-0.0276236,76.9853,29.9332,167,1975
FOXD1,other,0.000862613,89.3133,22.4393,154,1090
FOXD2,other,0.0237018,78.1642,44.1254,165,2153
FOXD3,other,-0.00434966,29.0267,25.0211,434,1264
FOXD4,other,0.0317163,54.4029,35.6043,240,3939
FOXD4L1,other,-0.0442366,81.0312,33.9553,184,1234
FOXE1,other,0.0203299,51.539,17.1273,253,1640
FOXE3,other,-0.0179298,61.6832,18.4511,210,1299
FOXF1,other,0.0208556,50.5596,13.3872,240,2846
FOXF2,other,-0.0145583,145.835,25.9635,88,2769
FOXG1,other,0.0300939,75.7317,23.8593,184,1321
FOXH1,other,0.000902558,44.2798,30.5646,286,850
FOXI1,other,-0.0127207,45.823,25.8168,281,3105
FOXI2,other,0.0161128,119.544,17.6668,110,1691
FOXI3,other,0.0409046,201.247,25.6846,94,878
FOXJ1,other,-0.0218212,74.9285,21.7556,164,1433
FOXJ2,other,-0.00641005,63.4289,24.4409,210,1563
FOXJ3,other,-0.00583368,65.1661,16.7542,198,1624
FOXK1,other,0.116461,100.64,65.4701,162,922
FOXK2,other,0.0218668,94.0871,19.9524,155,1490
FOXL1,other,0.0252486,46.9173,41.1561,267,3588
FOXL2,other,0.0268825,36.9323,19.8106,375,1134
FOXM1,other,0.0626381,58.6007,30.4705,224,975
FOXN1,other,0.0113718,115.329,15.9104,116,3701
FOXN3,other,0.00680831,48.23,21.3586,279,1509
FOXN4,other,0.0277916,76.9566,52.9707,173,436
FOXO1,other,0.0932895,114.171,88.5251,185,2303
FOXO3,other,-0.0333702,36.1982,38.6996,381,742
FOXO6,other,-0.0419163,92.936,23.9707,144,1879
FOXP1,other,0.00709819,17.1297,18.241,816,2122
FOXP2,other,0.0113881,62.679,17.4483,187,3144
FOXP3,other,-0.00493548,56.1344,20.2514,216,3690
FOXP4,other,-0.0103337,54.2703,19.8881,239,2175
FOXQ1,other,0.00884822,49.3048,31.9137,275,1913
FOXR1,other,-0.0299094,49.3745,46.6022,255,456
FOXR2,other,0.000527564,117.488,18.2709,113,1519
FOXRED1,other,-0.00163984,53.3322,30.1572,242,1243
FOXRED2,other,-0.0240377,122.663,27.4932,122,1504
FOXS1,other,0.0430253,120.671,17.3022,155,1759
FPGS,other,0.0104517,236.714,51.4643,53,1083
FPGT,other,0.00984468,87.3862,29.3889,157,726
FRA10AC1,other,0.00890851,215.593,31.2579,60,827
FRAT2,other,0.00164225,51.1797,23.6219,252,1631
FRG1,other,0.0152938,114.407,19.0402,106,1277
FRMD8,other,-0.041678,93.1073,19.7658,152,2515
FRYL,other,7.26717e-05,48.9904,17.3896,278,3901
FSCN1,other,0.0222654,28.3357,19.0401,453,1999
FTH1,other,-0.00135709,191.773,22.1221,73,1687
FTL,other,-0.0265695,78.4755,18.1987,158,5834
FTO,other,0.0700209,54.4574,20.4546,240,1653
FTSJ1,other,0.000532571,112.476,28.9239,130,2995
FTSJ3,other,-0.0486269,285.749,132.784,64,162
FUBP1,other,0.0667598,225.966,65.6439,68,986
FUCA1,other,0.0043998,72.5121,14.0513,173,2038
FUCA2,other,0.00283385,53.6726,14.559,248,1545
FUNDC1,other,-0.00582903,44.9347,66.2169,335,315
FUNDC2,other,-0.0197635,707.087,21.9718,69,1900
FUOM,other,-0.00890538,89.853,18.4137,151,1414
FURIN,other,-0.00611769,55.7015,19.5146,241,1730
FUS,other,0.0081965,63.8756,27.9098,215,1693
FUT10,other,0.00210826,106.281,24.4657,127,1828
FUT11,other,0.00483766,397.19,23.0245,42,1125
FUT8,other,0.0173641,39.2065,14.9227,341,1515
FXN,other,0.0667427,49.1743,686.597,306,33
FXR1,other,0.0259885,66.5319,37.4016,204,1093
FXR2,other,0.0546005,69.5694,40.675,210,731
FYN,other,0.0564333,85.7191,26.4486,219,926
FYTTD1,other,0.0139749,198.877,22.1933,65,3488
FZD3,other,-0.00765646,77.2382,21.1799,177,1607
FZR1,other,-0.0454711,101.471,145.101,136,98
G0S2,other,-0.0104886,115.505,23.672,114,3731
G2E3,other,0.00183172,1619.14,17.4422,21,2230
G3BP1,other,0.1059,239.75,35.2686,62,1352
G3BP2,other,-0.00202489,74.7922,20.4325,175,2858
G6PC3,other,-0.0189106,107.704,21.2989,120,2023
G6PD,other,-0.00251737,73.5968,39.8599,175,1261
GAA,other,0.0396196,99.2044,21.6981,134,1431
GAB2,other,0.0361945,192.232,24.5207,424,1049
GAB3,other,0.0168153,97.7108,16.8626,133,1908
GABARAP,other,0.0166221,92.5737,34.2457,140,617
GABARAPL1,other,-0.0739391,90.1571,32.0016,165,1091
GABARAPL2,other,9.97448e-05,152.145,16.0841,82,2526
GABBR1,other,0.0161903,41.0243,20.2703,347,1135
GABPA,other,0.138399,72.4043,67.2924,196,533
GABPB1,other,0.306637,153.493,130.48,154,620
GAD1,other,0.0127259,47.7389,13.7931,251,2129
GADD45A,other,-0.0235756,151.477,26.2043,88,2403
GADD45GIP1,other,0.107397,198.332,42.4159,91,917
GAK,other,0.0609379,29.575,88.1961,414,619
GALC,other,-0.00831221,44.4551,16.6941,285,3331
GALE,other,-0.00740723,79.8812,25.9614,156,871
GALK1,other,0.0120772,114.647,42.7694,116,1353
GALK2,other,-0.0539721,108.091,29.4633,136,3537
GALM,other,-0.00514104,139.988,16.299,96,2736
GALNT1,other,-0.00137948,91.6128,18.6556,144,2451
GALNT10,other,-0.0038675,74.8522,29.0198,161,670
GALNT11,other,0.022394,47.0186,52.5661,284,891
GALNT12,other,-0.00556512,87.7646,28.5934,141,2108
GALNT2,other,0.00175108,62.1493,47.5508,211,2915
GALNT6,other,0.00390305,93.1504,28.2276,158,1882
GALNT7,other,0.0155108,246.621,16.4377,57,1185
GALT,other,-0.00818034,62.6913,26.8278,229,2463
GAMT,other,0.00568572,55.8223,20.0938,246,2223
GAN,other,0.015715,42.3338,36.3353,307,567
GANAB,other,0.0212297,55.1399,41.4404,268,931
GANC,other,0.0049917,269.605,21.2838,57,1251
GAPVD1,other,0.0200451,101.371,17.5873,140,2322
GART,other,0.00832377,1110.89,36.3658,29,611
GAS2L1,other,0.00328774,59.151,36.2356,218,1250
GAS6,other,0.0285879,55.2205,19.4403,240,1361
GAS8,other,0.00706816,39.4241,23.0684,313,3295
GATA1,other,-0.0264539,862.098,18.0631,46,2037
GATA2,other,0.0216811,39.3751,87.9366,329,232
GATA3,other,0.0235558,106.386,73.1783,118,2407
GATA4,other,0.0212856,69.4707,29.5208,175,596
GATA5,other,0.0113393,47.9265,20.1077,287,968
GATA6,other,-0.00859906,126.829,15.1777,105,2019
GATAD1,other,0.116883,85.2749,92.8811,170,337
GATAD2A,other,0.0122328,62.1032,14.4208,200,2018
GATAD2B,other,-0.00687523,51.6897,36.1397,258,1051
GATC,other,0.0240053,63.9236,27.6921,212,1559
GATD1,other,-0.0178071,391.863,15.0838,45,1975
GBA2,other,0.0675541,87.3355,54.7496,186,592
GBE1,other,-0.0134653,145.137,17.0854,99,1580
GBGT1,other,0.0134125,91.845,23.9568,141,1769
GBX1,other,0.0102689,34.7081,15.2447,373,2596
GBX2,other,0.00661332,64.2103,31.0758,194,952
GCAT,other,0.045741,51.8019,19.241,254,1141
GCC1,other,0.0251484,107.518,34.9435,112,1493
GCC2,other,-0.0102966,124.229,14.8398,117,1743
GCDH,other,0.00597939,76.6572,12.6987,187,3131
GCFC2,other,0.0253138,81.9,22.6922,155,1813
GCHFR,other,-0.00551048,78.4219,13.4924,164,2294
GCLC,other,-0.014441,65.7522,60.4466,326,411
GCLM,other,0.0387864,64.0513,24.2674,202,1666
GCM1,other,-0.0200744,72.62,15.3028,184,1643
GCM2,other,-0.0349174,71.0864,14.8479,251,2388
GCSH,other,0.0197837,49.1838,101.753,337,312
GDAP2,other,-0.0104567,50.8843,198.143,264,273
GDE1,other,0.011294,39.6922,29.5826,309,1302
GDF11,other,0.0176578,49.1389,54.0197,281,294
GDF15,other,0.0119689,766.973,21.3058,38,2003
GDI1,other,0.0940346,68.0962,28.0865,237,907
GDI2,other,-0.0194663,80.279,16.0075,162,1611
GDPD5,other,0.0188339,45.5457,26.4365,376,1378
GEMIN2,other,0.0124261,105.004,124.152,142,216
GEMIN6,other,0.0707749,69.3065,269.291,242,71
GEMIN7,other,-0.00643241,35.1464,110.928,380,170
GEMIN8,other,0.0416459,99.0599,152.655,187,93
GEN1,other,-0.00592055,82.3017,50.926,154,1542
GET1,other,0.108745,112.132,269.227,142,85
GET3,other,0.0462221,125.003,102.446,152,212
GET4,other,0.0171324,67.091,36.5574,217,613
GFER,other,-0.00929425,110.987,113.199,415,139
GFI1,other,-0.00186234,44.4113,24.4149,312,1834
GFI1B,other,0.0115545,699.259,16.8947,42,5730
GFM1,other,-0.0623406,73.4654,45.1181,481,2016
GFM2,other,0.00909388,251.098,83.2545,52,962
GFOD1,other,0.0360016,39.8465,19.9325,330,1325
GFOD2,other,-0.0233903,62.9935,22.2351,276,2515
GGA1,other,0.0421073,55.5638,20.4862,241,1799
GGA2,other,0.0269236,66.1416,12.6593,198,2086
GGA3,other,-0.00569486,44.0319,43.829,294,1058
GGCT,other,0.00675823,41.2887,23.3437,315,1233
GGCX,other,-0.0234707,128.05,22.1666,102,1904
GGH,other,-0.005058,288.641,22.2553,59,2139
GGNBP2,other,0.0207296,62.2604,24.649,220,4589
GGPS1,other,0.0103176,61.4405,122.869,242,112
GGT1,other,0.020766,49.8695,18.1895,252,1521
GHDC,other,-0.0198336,104.958,19.4609,130,1465
GHITM,other,0.0174539,120.546,17.2082,125,1598
GID4,other,-0.0252596,85.7146,24.1806,147,1638
GID8,other,0.0613644,62.734,42.3724,230,1449
GIGYF1,other,0.0441205,41.4096,34.9884,307,726
GINM1,other,0.0134508,187.022,39.7767,85,603
GINS1,other,0.0290824,343.371,62.9929,69,603
GINS2,other,0.0457884,305.338,48.4371,65,583
GINS4,other,0.00305532,380.199,202.49,67,85
GIPC1,other,0.00178984,84.3952,18.2513,158,1676
GIPC3,other,-0.0383235,76.6176,37.6875,183,1587
GIPR,other,-0.00180619,43.6002,16.8114,289,2734
GIT1,other,0.0415751,65.334,18.7271,194,1814
GIT2,other,0.0118521,106.559,27.295,118,1663
GJC1,other,-0.010228,54.5341,101.223,231,513
GK,other,-0.0259806,72.8433,20.4916,178,1127
GK5,other,0.0127578,73.8011,49.6178,180,353
GKAP1,other,-0.00467855,195.896,40.9165,72,918
GLA,other,0.0214138,201.528,16.3079,68,2473
GLB1,other,0.0275676,288.569,29.8511,95,1102
GLB1L2,other,-0.00476935,71.3694,20.9098,196,1147
GLCCI1,other,0.0250644,64.5731,43.5011,225,495
GLCE,other,0.0177853,56.313,27.6711,237,2355
GLG1,other,0.00799035,69.0788,18.9718,194,1593
GLI1,other,0.0186649,71.9189,26.2918,184,750
GLI2,other,0.0197857,54.3105,22.2076,229,3745
GLI4,other,0.0726197,41.5986,18.3237,329,1919
GLIS1,other,0.00893269,333.215,49.4388,47,1263
GLIS2,other,-0.019959,148.547,57.0025,93,2375
GLIS3,other,0.00506176,51.1439,20.8567,249,1313
GLMN,other,0.0162342,100.474,149.812,153,69
GLO1,other,-0.00888068,77.9048,23.5008,170,1331
GLOD4,other,0.027985,55.7327,17.9537,222,2092
GLRX,other,-0.00216976,54.0042,16.9524,237,2424
GLRX2,other,-0.0272283,74.0297,23.7143,179,2336
GLRX3,other,0.0447225,56.714,117.902,346,205
GLRX5,other,0.0198507,80.6823,15.2366,184,2326
GLS,other,0.0226228,198.252,39.7835,69,1165
GLT8D1,other,0.00733661,36.892,15.3066,342,2018
GLTP,other,0.00835521,111.107,32.1435,118,878
GLUD1,other,0.0132467,73.7225,25.2286,182,1526
GLUL,other,0.0854032,78.5134,30.8744,187,1419
GM2A,other,0.0217359,213.626,18.1836,70,1674
GMCL1,other,0.0250227,102.66,21.1222,128,1840
GMDS,other,-0.00202781,69.497,11.6181,184,2429
GMEB1,other,0.149823,85.5743,53.0735,161,4452
GMFB,other,0.0039378,76.7528,23.6218,177,3060
GMFG,other,-0.00290923,68.3282,14.4456,201,2027
GMNN,other,-0.0205578,249.581,17.609,55,1563
GMPPA,other,0.0171209,45.9147,17.3431,281,1394
GMPPB,other,0.0267741,44.7059,283.955,347,43
GMPR,other,-0.0102376,95.6229,17.5453,136,2077
GMPR2,other,0.0708431,83.1505,24.3992,164,1919
GMPS,other,0.020076,133.951,102.176,153,166
GNA13,other,0.00893716,119.285,35.525,117,910
GNAI2,other,-0.0290439,148.188,33.9594,85,2330
GNAI3,other,0.0160372,65.7228,17.0416,211,2297
GNAQ,other,0.00246613,103.078,22.2196,124,1670
GNAS,other,0.00983046,122.755,46.5883,92,2603
GNB1,other,0.00613217,313.386,28.6134,52,962
GNB1L,other,0.162226,100.707,57.3186,168,432
GNB2,other,0.0433781,99.5751,25.5167,131,4140
GNB4,other,0.0221065,112.187,18.4866,123,1679
GNE,other,-0.00408081,129.244,43.4384,107,1845
GNG10,other,0.0154171,146.712,23.3815,101,868
GNG5,other,0.0708216,72.9619,38.317,208,536
GNG7,other,-0.0110132,30.1331,16.0766,393,4746
GNL1,other,-0.00621192,88.4232,26.3218,151,1048
GNPAT,other,0.0181994,113.798,51.3482,167,431
GNPDA1,other,-0.0139977,103.399,22.8378,122,1884
GNPDA2,other,-0.0210315,86.9699,32.5218,139,2040
GNPNAT1,other,0.0427385,62.5007,221.119,244,123
GNPTAB,other,-0.00111643,75.1284,20.7825,184,1335
GNPTG,other,-0.00637836,58.2285,22.9658,209,1237
GNS,other,-0.0456493,46.734,56.3938,276,582
GOLGA1,other,-0.01579,113.33,20.8112,113,2140
GOLGA2,other,0.0361819,62.6095,18.0295,206,2602
GOLGA3,other,-0.0135294,477.458,62.811,36,260
GOLGA4,other,-0.00187117,65.7195,27.9847,204,829
GOLGA5,other,-0.0250965,118.947,76.3367,130,1076
GOLGA7,other,-0.0253094,114.513,28.5233,111,1405
GOLGA8A,other,-0.0400726,29.7544,92.3898,436,1271
GOLGA8B,other,-0.00570907,63.7967,15.6844,191,3427
GOLGB1,other,0.0102449,111.766,18.6847,118,1437
GOLIM4,other,0.0014567,109.867,39.6946,127,1545
GOLM1,other,-0.0111127,27.1434,23.7767,483,1185
GOLPH3,other,0.0036843,133.054,15.9808,107,1626
GOLPH3L,other,-0.01556,232.778,25.0566,66,1865
GOLT1B,other,-0.0320571,165.51,109.291,101,129
GON4L,other,-0.024662,29.3177,121.245,440,184
GON7,other,0.00865312,55.9944,39.3601,247,3372
GOPC,other,-0.0255081,87.5054,17.072,139,2429
GORAB,other,-0.000933989,52.0991,15.2701,249,1689
GORASP1,other,0.000512004,50.2192,27.9163,245,1629
GORASP2,other,-0.00122126,65.9211,45.8096,194,1753
GOSR1,other,-0.0140446,94.9504,25.7884,130,942
GOT1,other,0.0314586,55.938,29.7346,240,2909
GOT2,other,-0.00192458,53.5587,14.0193,232,2787
GP1BB,other,0.0656483,45.3336,48.6192,298,1025
GP6,other,0.00293586,52.7441,18.4768,262,1681
GPAA1,other,0.023593,95.1051,34.2521,141,1784
GPALPP1,other,0.0137707,172.623,132.854,86,186
GPANK1,other,0.031645,146.98,17.0692,99,2831
GPATCH1,other,0.010374,83.0414,193.576,215,69
GPATCH11,other,0.00651568,93.5856,21.9454,136,999
GPATCH2,other,0.0055018,990.316,26.365,27,1287
GPATCH2L,other,-0.0470474,56.7607,15.1868,225,2194
GPATCH3,other,-0.0353064,51.9837,29.612,262,1661
GPATCH4,other,0.017656,63.5264,19.9782,208,1703
GPBP1,other,0.0263315,58.732,16.4938,284,3786
GPBP1L1,other,0.0236653,82.6419,29.9829,190,1746
GPCPD1,other,0.0939806,60.1461,19.7366,227,2063
GPD1L,other,0.00546511,74.3806,24.2329,178,1395
GPD2,other,0.0262565,90.1022,39.4526,132,2558
GPHN,other,0.0036876,44.8878,16.3513,274,2833
GPI,other,0.0330027,55.473,52.8443,231,1218
GPKOW,other,0.00185867,223.732,96.9483,83,1042
GPN1,other,0.00501407,311.278,82.7998,85,180
GPN2,other,-0.0291954,663.103,592.598,43,25
GPN3,other,0.0421618,336.441,1005.87,129,13
GPR107,other,-0.0237519,117.788,32.0989,129,1689
GPR108,other,-0.00414784,70.9132,28.719,201,2707
GPR137,other,0.016879,56.2149,54.9033,257,4324
GPR160,other,0.0231134,50.9163,25.1961,244,1116
GPR180,other,-0.00755538,62.9207,18.7571,208,1561
GPR68,other,-0.00155055,34.7226,14.2659,362,1823
GPR89A,other,-0.0157899,98.8675,20.6791,129,1043
GPR89B,other,-0.00321609,417.625,44.2707,45,388
GPS1,other,0.0405869,61.2489,172.741,671,103
GPS2,other,0.0510831,77.3623,37.8954,305,1902
GPSM1,other,-0.0318004,37.3432,20.4566,359,905
GPSM2,other,0.051732,52.951,44.8622,242,840
GPSM3,other,0.00585001,51.2171,23.2304,257,1895
GPT2,other,-0.0162108,423.494,43.1391,38,579
GPX4,other,-0.00150259,39.4345,36.0713,322,1148
GRAMD4,other,0.0241574,84.0743,38.5676,167,521
GRAP2,other,-0.0173159,67.8479,52.5264,214,393
GRB10,other,-0.0059144,33.562,16.4331,458,2862
GRB2,other,0.0120024,40.5374,18.5806,436,1494
GRHL1,other,0.00895672,54.3603,50.6389,241,772
GRHL2,other,0.0258132,44.6402,22.5063,293,1619
GRHL3,other,-0.0285924,121.758,17.0907,115,2443
GRHPR,other,-0.00906271,40.6111,35.9536,341,2229
GRINA,other,0.0306228,17282.4,79.7016,6,4941
GRIPAP1,other,0.0163326,56.4644,47.3506,227,780
GRK2,other,-0.0125445,53.4178,21.2162,230,1076
GRK3,other,0.000365881,122.74,38.9796,120,667
GRK6,other,0.0289329,92.0576,19.5179,161,5597
GRN,other,0.0190984,134.744,51.8223,118,285
GRPEL1,other,0.0697052,110.233,292.036,206,45
GRPEL2,other,-0.00801244,41.5824,39.7367,296,668
GRSF1,other,0.095366,71.7017,30.2646,273,2949
GRWD1,other,-0.0587011,31.2229,434.5,420,90
GSC,other,0.0338173,76.2172,24.488,188,1635
GSC2,other,0.00193345,87.2947,28.1323,142,1280
GSDMA,other,0.00891081,46.7667,18.3952,264,1222
GSE1,other,0.0286732,56.0567,19.5801,243,1896
GSK3A,other,0.0339929,45.3192,32.7906,292,3094
GSK3B,other,-0.0179267,105.731,24.8436,227,1938
GSKIP,other,0.0137452,48.1098,23.8013,281,2888
GSN,other,-0.0065328,64.9005,27.7398,184,6407
GSPT1,other,0.0346716,671.127,155.544,45,117
GSR,other,-0.0040058,64.7219,30.9826,194,799
GSS,other,-0.0294091,78.5593,69.3985,170,443
GSTCD,other,-0.0133236,4078.34,32.5145,13,2007
GSTK1,other,0.0168934,57.5118,19.3451,215,1876
GSTM3,other,0.00663215,62.0989,28.561,209,1697
GSTM4,other,0.0228566,128.11,29.0837,102,744
GSTO1,other,0.0251217,105.006,25.1216,150,1987
GSTP1,other,0.00777404,100.754,86.9027,122,197
GSTZ1,other,-0.0565694,82.3,25.7832,169,1994
GSX1,other,0.0229078,94.0797,20.6651,149,2521
GSX2,other,0.0132887,80.7273,16.4933,167,1587
GTF2A1,other,0.0614354,170.963,33.2083,144,1699
GTF2A2,other,0.127482,122.608,66.1831,237,301
GTF2E1,other,0.0190764,139.418,145.071,219,253
GTF2F1,other,0.0436964,188.785,451.24,80,23
GTF2H1,other,0.059435,223.384,55.2741,223,349
GTF2H2,other,0.0257443,43.9231,345.407,382,41
GTF2H2C,other,-0.01494,83.9265,114.723,176,2045
GTF2H3,other,0.0919351,139.422,72.7844,130,242
GTF2H4,other,0.0887221,183.202,1230.76,153,10
GTF2H5,other,0.0549144,144.769,106.306,98,2960
GTF2I,other,0.000380172,54.3093,19.3599,230,1953
GTF2IRD2B,other,0.00543735,55.4863,19.564,224,1291
GTF3A,other,-0.00265095,106.736,22.3007,132,1394
GTF3C1,other,0.0200222,59.731,398.52,301,25
GTF3C2,other,-0.0539392,118.651,74.3658,240,340
GTF3C3,other,0.0735765,160.207,196.268,159,82
GTF3C4,other,0.0139211,41.1509,63.2803,324,403
GTF3C5,other,0.0554922,33.9619,108.008,424,238
GTF3C6,other,0.0329297,39.9028,147.682,509,170
GTPBP1,other,0.0439501,53.4972,17.026,235,1876
GTPBP10,other,0.0470954,87.9918,32.6652,151,1800
GTPBP2,other,0.0211747,38.113,13.2917,321,2489
GTPBP3,other,0.023292,89.5765,30.42,145,823
GTPBP4,other,0.0238885,137.755,324.127,114,23
GTPBP6,other,0.00455403,80.5918,27.5702,171,2444
GTPBP8,other,-0.00123073,161.532,18.0514,93,2069
GTSE1,other,-0.0210442,53.0392,40.7298,253,1635
GTSF1,other,-0.00421752,530.937,30.0878,38,7277
GUCD1,other,-0.00841497,66.7982,101.872,205,139
GUF1,other,-0.00761828,227.123,26.697,62,2938
GUK1,other,0.00600512,41.4849,674.106,313,10
GUSB,other,0.00170922,55.3896,23.0022,230,1698
GXYLT1,other,0.0113387,53.1869,25.1807,221,902
GYG1,other,0.0170258,54.069,27.8564,270,832
GYPC,other,0.0267943,141.882,74.0636,114,2879
GYPE,other,-0.00956188,288.523,15.7862,53,2425
GYS1,other,0.0169968,44.6947,165.383,291,89
GZF1,other,0.0275102,39.8058,25.1338,307,854
HACE1,other,-0.0120485,54.1778,23.0595,249,1107
HACL1,other,-0.0133663,76.6377,24.8196,158,1834
HADH,other,0.0106676,66.6982,23.9165,183,1603
HADHA,other,0.0827758,167.224,21.6944,82,1897
HADHB,other,0.0104613,282.099,28.1108,63,1429
HAGH,other,0.0189682,112.136,26.8221,116,1394
HAGHL,other,0.0274511,56.0991,19.7144,274,978
HAND1,other,-0.00106646,63.864,26.338,200,2581
HAND2,other,0.00349861,56.4879,18.6147,229,2638
HARS2,other,0.0659623,195.897,125.441,104,144
HAT1,other,0.0107958,793.829,21.4598,32,2043
HAUS1,other,-0.00990992,794.352,463.191,26,23
HAUS2,other,-0.0125949,1066.49,155.783,28,87
HAUS4,other,-0.0312076,213.052,173.926,71,81
HAUS8,other,-0.00941082,92.1287,83.3776,152,170
HAX1,other,-0.00440687,76.2246,52.7863,191,425
HBA2,other,-0.0335961,10.8528,31.4462,1199,2245
HBD,other,0.0162075,154.966,12.6722,92,3363
HBP1,other,0.0181677,71.3059,18.908,182,1608
HBS1L,other,0.113436,409.065,420.392,71,32
HCCS,other,0.119662,117.257,115.076,134,523
HCFC1,other,0.0531555,145.152,251.372,104,48
HCFC1R1,other,0.0064295,190.836,26.0463,80,1906
HCLS1,other,-0.0318321,63.5844,27.687,211,1044
HDAC10,other,-0.0110831,100.108,24.1144,135,1501
HDAC2,other,0.0339166,157.361,26.5281,98,1275
HDAC3,other,0.122004,110.538,113.086,142,580
HDAC5,other,0.0316147,98.8536,32.2027,129,683
HDAC6,other,0.0254455,112.073,17.9208,138,1167
HDAC7,other,0.0163953,275.518,64.3049,50,511
HDDC2,other,0.0108111,75.0293,21.9912,171,4150
HDDC3,other,0.0583439,55.1149,18.8042,223,2268
HDGF,other,-0.00225966,547.083,30.7078,35,867
HDHD2,other,0.00227551,196.966,45.835,81,362
HDHD3,other,0.0344446,398.288,29.1694,45,2517
HDHD5,other,-0.0313823,103.78,14.7593,124,2230
HDLBP,other,0.0179386,36.9,30.0166,330,2430
HDX,other,-0.00342321,55.6068,24.6537,219,1233
HEATR1,other,-0.0324873,478.019,157.029,106,244
HEATR3,other,0.00625165,117.774,112.251,118,201
HEATR5A,other,-0.026828,68.5414,14.3918,199,3224
HEATR5B,other,-0.0155742,309.856,28.6106,51,1262
HEBP1,other,-0.0276673,148.402,23.841,106,2215
HEBP2,other,0.0149107,338.2,26.8622,46,1650
HECTD1,other,0.00199592,42.8707,25.083,344,841
HECTD3,other,-0.00864912,52.1844,37.5741,249,960
HECTD4,other,-0.0100105,70.9445,50.8026,222,420
HELLS,other,0.02023,1014,24.9187,29,2633
HELQ,other,-0.00708049,70.8695,42.0684,169,962
HELT,other,0.00856342,74.2609,132.593,166,2915
HELZ,other,0.00160084,68.2564,44.242,190,2940
HEMGN,other,0.0283027,80.6283,14.5654,157,2697
HEMK1,other,0.00598469,91.2721,13.3644,138,2122
HERC1,other,0.0301926,87.3182,21.9371,239,1824
HERC4,other,0.030991,108.038,56.5399,121,348
HERPUD1,other,-0.0100647,54.8533,20.7041,238,1268
HERPUD2,other,0.00832742,92.6708,27.1078,149,759
HES1,other,-0.00869872,53.2369,17.1596,245,1899
HES2,other,0.0174435,55.0763,20.4195,232,2610
HES3,other,0.0245473,72.7442,17.8628,171,1871
HES4,other,-0.0520231,81.3859,24.98,171,1155
HES5,other,-0.0121282,77.2336,24.477,152,2134
HES6,other,0.00316151,157.283,20.9888,85,1774
HES7,other,-0.00461465,105.794,17.5875,117,2090
HESX1,other,-0.00990402,84.2539,16.6244,150,2671
HEXA,other,-0.00825476,100.816,14.7898,135,2426
HEXB,other,0.0268634,66.772,25.3868,193,1248
HEXD,other,0.0185022,58.4824,49.2863,242,2795
HEXIM1,other,0.175528,92.7837,36.6086,203,1328
HEXIM2,other,-0.0360828,55.3375,17.1687,233,1410
HEY1,other,0.00527732,81.0763,20.6402,158,1840
HEY2,other,0.00207694,73.6287,18.5011,170,2716
HEYL,other,0.0290185,80.1886,19.8433,161,3491
HGS,other,-0.0687107,204.79,374.833,91,20
HHEX,other,-0.0202425,88.7965,13.8178,228,2398
HIBADH,other,0.0126915,63.1609,18.9405,210,1444
HIBCH,other,0.00304389,56.7955,46.6144,220,4337
HIC1,other,0.00260613,59.661,20.6302,222,1933
HIC2,other,0.00691497,50.6262,27.6836,282,732
HIF1A,other,0.0101133,76.8336,25.4349,163,1135
HIF1AN,other,0.0487677,209.989,39.6468,76,859
HIF3A,other,0.00378586,27.557,30.2153,453,1951
HIGD1A,other,-0.0506386,267.951,35.2661,79,624
HIGD2A,other,0.00799705,82.9197,22.5109,176,1346
HIKESHI,other,0.0327311,42.3194,18.7766,381,1553
HILPDA,other,0.000334251,174.206,21.4733,83,1784
HINFP,other,0.0358121,256.032,259.241,103,68
HINT1,other,-0.0045999,66.2312,20.0371,183,1118
HINT2,other,0.00192823,72.7483,77.5019,183,4102
HINT3,other,-0.00182146,114.814,39.8356,118,2736
HIP1R,other,-0.0132208,68.7949,22.6792,193,3361
HIPK1,other,0.027468,112.599,51.2924,173,555
HIPK2,other,0.00857184,54.9055,16.9867,233,1708
HIPK3,other,0.0352057,43.6617,24.3166,402,2455
HIRA,other,-0.0128903,31.2663,31.2305,608,751
HIRIP3,other,0.0853119,173.379,32.9674,90,2142
HIVEP1,other,0.00246857,582.803,27.1771,41,1723
HIVEP2,other,-2.20259e-05,39.295,23.8541,315,1375
HIVEP3,other,0.0204938,49.5268,32.1555,254,1070
HJURP,other,-0.0223935,107.773,261.994,173,39
HK1,other,-0.00566076,28.8401,28.5689,452,1653
HK2,other,0.0504007,55.8369,23.8811,229,3950
HLA-B,other,-0.00499823,62.7042,51.3861,215,375
HLA-C,other,0.0307624,100.862,15.721,125,1540
HLA-E,other,-0.0211208,72.0936,27.585,173,2362
HLCS,other,0.0110989,21.6699,20.6115,558,1688
HLF,other,0.000735364,25.4939,16.0937,522,1819
HLTF,other,0.0273027,137.401,16.7166,95,1234
HLX,other,0.024141,376.172,43.2474,56,595
HM13,other,0.0149761,48.5352,20.5473,263,2016
HMBOX1,other,0.0206054,157.087,30.7199,148,544
HMBS,other,-0.0170062,27.4597,54.6887,479,1143
HMCES,other,0.00647129,66.1768,36.8389,204,717
HMG20A,other,0.00678321,118.929,29.2192,118,1035
HMG20B,other,-0.0120934,90.0318,22.6789,153,3312
HMGA1,other,0.0241864,61.4807,34.1483,228,1242
HMGA2,other,0.028739,68.7327,27.692,188,3832
HMGB1,other,-0.0578655,24.424,21.2949,521,3854
HMGB2,other,0.0279945,50.9686,32.402,263,1918
HMGB3,other,0.0041994,127.582,25.9955,199,1790
HMGCL,other,0.0236421,88.3361,143.478,149,181
HMGCR,other,0.0413596,49.9786,184.332,279,60
HMGN1,other,0.00295211,68.8161,14.5366,184,2333
HMGN2,other,0.00750649,53.0121,16.0767,239,1540
HMGN5,other,0.0110577,141.585,195.791,100,2130
HMGXB4,other,0.0316335,64.632,25.6579,200,1495
HMMR,other,0.0168956,96.655,50.3036,136,4771
HMOX2,other,0.0372618,33.7945,25.4774,381,2706
HMX1,other,-0.024864,111.122,20.3502,107,1358
HMX2,other,0.00350995,100.62,28.2111,132,1313
HMX3,other,0.0203682,116.049,43.6655,173,464
HNF1A,other,-0.010185,167.865,30.0444,78,638
HNF1B,other,-0.0142919,62.8972,17.005,206,1274
HNF4A,other,0.0898121,44.7912,24.4358,347,1970
HNF4G,other,0.0159819,92.424,33.147,146,842
HNRNPA0,other,0.0310662,99.5818,25.6705,130,1490
HNRNPA1,other,0.262656,79.6016,44.6365,260,2932
HNRNPA1L2,other,0.0105512,167.939,19.567,83,1865
HNRNPA2B1,other,0.119115,66.6502,34.3343,275,2121
HNRNPA3,other,0.00801283,104.2,35.4495,134,1138
HNRNPAB,other,0.0352398,77.937,22.7362,186,1742
HNRNPC,other,0.017172,203.829,43.076,136,483
HNRNPD,other,0.103295,278.839,41.4314,61,1541
HNRNPDL,other,0.042486,172.389,114.398,103,142
HNRNPF,other,0.0294099,32.6873,17.9775,404,1832
HNRNPH1,other,0.113997,83.4796,56.849,255,434
HNRNPH2,other,-0.00690657,165.707,22.6627,79,1634
HNRNPH3,other,-0.00889277,73.14,18.7785,186,2081
HNRNPK,other,0.0629195,722.616,93.3135,33,163
HNRNPL,other,0.0744053,134.22,298.188,195,45
HNRNPLL,other,0.0271509,134.48,24.322,107,1168
HNRNPM,other,0.0908475,35.3542,121.968,412,194
HNRNPR,other,-0.00483971,51.1293,37.9487,274,1817
HNRNPU,other,0.104062,139.567,536.146,169,32
HNRNPUL1,other,0.0403522,87.8344,33.9963,172,1577
HNRNPUL2,other,0.0325355,69.6544,23.3639,209,1105
HOMER1,other,-0.0346773,47.8463,36.9117,283,787
HOMER3,other,0.00406843,65.7946,27.4521,249,775
HOOK1,other,0.0168755,416.213,16.1052,36,2157
HOOK2,other,-0.00498567,30.8606,27.8937,426,2296
HOOK3,other,0.0406871,67.6261,23.9096,205,1020
HOXA1,other,0.00605529,134.451,22.4544,96,4022
HOXA10,other,-0.0107676,55.3541,24.3671,221,1038
HOXA11,other,0.000183474,195.973,25.3067,72,2313
HOXA13,other,-0.0103191,83.3236,20.1535,156,1234
HOXA2,other,0.0476307,53.9968,30.9789,228,2480
HOXA3,other,-0.0518331,38.3731,31.7597,411,861
HOXA4,other,-0.00282765,94.0927,94.3278,129,3044
HOXA5,other,0.0265125,112.808,25.3398,122,1540
HOXA6,other,-0.0206569,92.5465,38.8092,137,4638
HOXA7,other,0.0125011,82.1087,15.2364,154,2844
HOXA9,other,-0.025962,84.7795,21.6387,145,1630
HOXB1,other,0.012551,480.864,25.6827,37,809
HOXB13,other,0.00639084,72.2465,39.3423,189,531
HOXB2,other,-0.0247202,74.3868,68.4408,170,2155
HOXB3,other,0.0150311,93.9534,25.76,152,2785
HOXB4,other,0.0155387,53.5462,39.5771,236,576
HOXB5,other,-0.0373659,39.5372,30.9829,334,2759
HOXB6,other,0.0516149,42.2659,18.4772,321,1780
HOXB7,other,-0.0301927,48.1636,29.3729,272,751
HOXB8,other,0.024214,48.1474,36.4329,281,2128
HOXB9,other,-0.0366965,55.2759,23.5612,273,1229
HOXC10,other,-0.0266559,89.2236,59.3242,151,4295
HOXC11,other,-0.0126384,65.1044,13.7944,194,3449
HOXC12,other,-0.0100869,61.0672,24.2962,224,900
HOXC13,other,-0.0104062,130.027,15.0642,103,1351
HOXC4,other,0.0302577,67.2534,34.535,222,449
HOXC5,other,0.0608997,122.438,31.4786,136,1396
HOXC8,other,-0.0203424,92.4197,41.0085,144,2502
HOXC9,other,-0.00339268,61.4045,14.0452,210,1834
HOXD1,other,0.0192316,61.4058,23.1758,214,1090
HOXD10,other,0.00851097,41.4258,14.5486,299,2177
HOXD11,other,0.0194067,68.7364,68.8613,193,2140
HOXD12,other,0.0403818,40.9134,29.2963,323,717
HOXD13,other,0.0318756,67.875,35.6171,195,536
HOXD3,other,0.0102351,189.276,27.5731,109,1736
HOXD4,other,0.00831312,97.3852,24.4552,130,1198
HOXD8,other,0.0108508,66.478,18.5297,190,1620
HOXD9,other,-0.00711022,61.2668,29.9277,208,2704
HP1BP3,other,-0.0491703,42.9199,50.9456,300,1025
HPCAL1,other,0.0473343,30.7975,18.0858,400,1505
HPF1,other,0.00237075,60.57,37.5546,202,1344
HPRT1,other,0.010845,96.3156,25.0688,142,909
HPS1,other,0.0241461,66.9118,187.977,200,7704
HPS3,other,0.0110906,84.7032,22.1512,139,1261
HPS4,other,-0.0250692,49.9857,31.8188,266,3456
HPS5,other,0.0960715,313.576,101.266,68,195
HPS6,other,0.0242996,177.753,28.108,74,1043
HRAS,other,-0.0290819,49.0717,37.0525,264,1606
HS2ST1,other,0.0190791,67.5159,27.5694,191,2846
HS3ST3A1,other,0.0311592,173.43,24.9888,89,1776
HS3ST3B1,other,-0.0169869,132.914,22.0424,89,2102
HS6ST1,other,0.0079893,30.7829,21.2396,414,1696
HSD17B1,other,0.0107332,76.469,25.8016,173,3238
HSD17B10,other,0.0206157,233.05,40.7294,69,1633
HSD17B11,other,0.0173322,109.242,47.8552,122,4696
HSD17B12,other,0.113646,247.833,78.5279,137,518
HSD17B4,other,0.0109767,80.3151,29.6806,174,3728
HSD17B7,other,0.0088183,23.2627,22.754,560,1689
HSD17B8,other,-0.0145877,55.6736,27.8713,230,2883
HSD3B7,other,0.0210361,44.4334,22.2707,285,2563
HSDL1,other,-0.0358413,66.9309,15.2024,183,2490
HSDL2,other,0.0140584,60.9034,103.9,246,2556
HSF1,other,0.00346481,72.0856,67.9899,241,297
HSF2,other,0.0334093,269.755,22.6608,55,1625
HSF4,other,0.0377035,107.852,41.7443,137,2216
HSF5,other,0.030205,75.2094,17.0299,167,1559
HSFX1,other,0.160709,41.9743,20.6326,370,1793
HSP90AA1,other,0.0128545,50.1824,18.3271,251,1164
HSP90B1,other,-0.0313856,60.4046,34.0865,239,700
HSPA13,other,0.0151141,140.148,19.4795,100,1220
HSPA14,other,0.0962527,72.4646,60.193,222,444
HSPA1B,other,-0.000486197,53.7483,22.0636,231,1826
HSPA4,other,0.006725,217.113,17.6928,64,2334
HSPA8,other,0.0947486,80.9216,40.3648,232,547
HSPA9,other,0.13468,259.493,328.09,212,48
HSPB1,other,-0.00244376,45.1487,37.6282,281,1587
HSPBP1,other,-0.00593206,95.422,21.7033,136,1271
HSPD1,other,0.061843,83.6514,44.362,214,554
HSPE1,other,0.0351597,1416.17,180.407,39,111
HSPG2,other,0.00917264,15.783,14.0164,860,1590
HSPH1,other,0.0310786,252.831,82.6855,110,4305
HTATIP2,other,-0.0231536,61.4539,16.0478,208,3029
HTATSF1,other,0.054522,56.2781,26.8426,248,1244
HTRA2,other,0.0475808,80.3038,34.017,178,1332
HTT,other,-0.00774864,66.1986,16.3821,199,3936
HUWE1,other,0.0795705,91.082,28.7985,222,1586
HYAL2,other,0.0109804,33.1859,28.4525,399,1278
HYAL3,other,-0.0156425,211.534,19.7005,64,1462
HYI,other,-0.0253125,116.703,14.8037,120,1897
HYLS1,other,0.0773889,114.693,36.763,157,630
HYOU1,other,-0.00263068,211.152,461.058,71,29
HYPK,other,0.0350668,122.539,566.027,175,14
IAH1,other,0.0439727,198.45,19.8744,73,3202
IARS2,other,-0.155255,293.025,209.307,94,55
IBA57,other,0.0165782,69.2887,49.9332,235,1007
IBTK,other,0.0185784,35.3932,19.4683,371,1871
ICA1,other,0.0020551,549.553,20.5389,34,1907
ICAM1,other,-0.00674121,107.5,22.6879,121,2653
ICAM2,other,-0.0171713,190.291,46.5216,73,374
ICAM3,other,0.00157167,71.6899,18.6016,176,2302
ICMT,other,0.015816,53.866,32.1994,221,1221
ID1,other,0.00705971,173.28,15.3681,81,1988
ID2,other,-0.0525149,43.86,105.242,325,581
ID3,other,-0.00680095,61.9121,19.0579,200,2098
IDE,other,-0.0288234,45.6028,18.948,283,1605
IDH1,other,0.0550058,105.367,28.317,125,3137
IDH2,other,-0.0050855,859.943,11.567,26,3276
IDH3A,other,0.00543286,119.814,64.2323,108,461
IDH3B,other,-0.0118583,115.707,21.8788,145,3066
IDH3G,other,0.0221471,55.714,16.8408,232,2246
IDI1,other,0.0460511,94.0512,710.527,153,17
IDS,other,0.000805005,97.411,13.9141,129,2391
IDUA,other,0.0184017,152.394,22.7888,95,2377
IER2,other,0.0159877,109.928,14.1713,123,2228
IER3,other,0.0248086,141.478,21.0567,92,1039
IER3IP1,other,0.0148967,185.638,15.8986,95,1778
IER5,other,-0.00573088,61.8954,26.4298,203,3868
IER5L,other,-0.00455362,65.8472,27.7067,216,731
IFI27L1,other,0.0409622,198.692,50.0771,71,896
IFI30,other,0.0155729,121.98,43.5771,107,2902
IFI35,other,-0.00905356,604.782,18.1589,39,1885
IFITM1,other,0.0249394,60.3201,25.6442,217,908
IFITM2,other,-0.00152011,47.264,22.4005,262,2138
IFITM3,other,-0.00281995,199.655,22.8564,71,1562
IFNAR1,other,-0.00302368,155.261,15.5052,87,3551
IFNGR1,other,0.0248706,179.376,25.2449,81,1214
IFRD1,other,-0.0448631,27.1272,33.0523,472,5135
IFRD2,other,0.00745012,136.325,32.1479,92,1869
IFT172,other,0.023695,65.449,74.2814,195,2791
IFT20,other,0.0497305,54.303,21.9001,228,3273
IFT27,other,0.0396802,77.4149,31.6199,168,2127
IFT43,other,0.0420986,52.1826,23.945,251,2377
IFT46,other,0.012406,89.2962,25.1039,152,2704
IFT52,other,-0.0127635,105.449,16.1233,119,2315
IFT57,other,-0.0278119,43.7471,17.7757,278,2249
IFT80,other,-0.0161033,150.498,22.3147,107,1285
IFT88,other,0.017882,55.1905,27.7019,252,3437
IGBP1,other,-0.0362784,95.6828,224.33,165,52
IGF1R,other,-0.0177054,50.9842,16.9385,252,1586
IGF2BP3,other,-0.0161246,122.066,20.5951,104,1984
IGF2R,other,0.0060747,53.5376,14.3434,244,2708
IGFBP2,other,0.00935047,53.0052,29.2798,239,2150
IGFBP4,other,0.0350776,43.7111,28.007,339,1507
IGFLR1,other,0.00630063,45.8022,39.6836,274,3659
IGHMBP2,other,0.0143303,103.714,69.0543,134,3000
IGSF3,other,-0.0131,81.2653,30.3022,165,614
IGSF8,other,-0.0027029,46.6988,17.0018,298,1304
IKBIP,other,0.0259968,86.9022,22.447,163,1233
IKBKB,other,-0.0273293,118.096,24.2731,116,2161
IKBKE,other,-0.0262153,64.8762,20.2258,195,1602
IKBKG,other,0.00867063,64.6668,372.196,190,34
IKZF1,other,-0.0228904,130.527,31.6401,120,1837
IKZF2,other,0.0311153,48.3608,14.1037,307,2328
IKZF3,other,-0.00152496,176.606,27.7892,75,2813
IKZF4,other,-0.0117924,29.6477,18.0942,471,1976
IKZF5,other,0.0289518,53.4014,26.8145,239,3086
IL13RA1,other,0.0127071,43.7722,19.6675,280,1373
IL15RA,other,-0.00934326,114.445,26.9564,112,1590
IL17RA,other,-0.00593049,70.6806,17.0381,168,2012
IL23A,other,0.0391354,513.739,39.4721,39,2933
IL23R,other,0.0285231,100.69,29.2723,126,1660
IL27RA,other,-0.022232,108.097,186.565,117,99
IL6ST,other,0.00340021,53.3462,20.354,240,925
ILF3,other,-0.0581678,152.621,34.2309,213,1282
ILK,other,0.0935654,62.3348,24.7958,218,1027
ILKAP,other,-0.0337346,61.5047,118.585,236,162
ILRUN,other,-0.00752344,82.0307,28.102,161,868
ILVBL,other,0.0128523,58.3155,15.7063,211,3014
IMMP1L,other,0.0629301,508.167,61.6593,44,1375
IMMP2L,other,-0.0279833,73.2479,65.6634,175,2116
IMMT,other,0.0204345,215.005,78.097,72,413
IMP3,other,0.00729089,1324.17,442.076,25,39
IMPA1,other,-0.0179695,68.1145,31.7697,200,992
IMPA2,other,0.0875777,272.755,22.8371,103,1309
IMPACT,other,-0.00448529,46.9672,28.436,283,1461
IMPDH1,other,-0.00303355,37.5279,22.2039,348,929
IMPDH2,other,0.14048,163.146,146.807,142,224
INF2,other,0.0122875,134.218,32.5531,137,706
ING1,other,0.0362789,36.4992,37.4558,381,741
ING2,other,-0.00875771,95.2451,51.1597,130,631
ING3,other,0.0995975,96.5887,38.0783,169,619
ING4,other,0.00565767,85.5909,28.3693,155,760
ING5,other,-0.0781892,76.0698,86.526,215,325
INIP,other,0.00687029,119.781,56.8321,123,1911
INO80,other,0.181991,116.741,77.4016,286,501
INO80B,other,0.228489,138.587,56.2104,194,585
INO80C,other,0.151352,110.619,41.9426,167,1408
INO80D,other,0.0862696,68.7256,28.4115,255,1677
INO80E,other,0.0492627,1100.21,76.3639,23,689
INPP1,other,0.0233566,51.6739,140.024,250,93
INPP4A,other,0.0348646,79.0064,26.2302,161,1890
INPP5A,other,0.00126541,52.5552,16.7544,240,1762
INPP5B,other,0.0281383,46.223,18.156,276,1541
INPP5E,other,-0.0121864,104.354,21.7412,127,1866
INPP5F,other,0.00419844,42.5009,52.966,303,2601
INPP5K,other,0.0330462,51.5987,24.7961,238,986
INPPL1,other,0.0341442,171.931,48.7348,173,929
INSIG1,other,-0.0194814,128.393,71.3928,121,739
INSIG2,other,0.0204888,40.6045,25.5566,317,1254
INSM1,other,-0.00308993,62.1941,20.876,196,1758
INSM2,other,-0.0161075,57.7532,17.454,229,1629
INTS1,other,-0.0717821,48.3949,76.2157,440,414
INTS10,other,0.323036,156.908,76.3085,148,977
INTS12,other,0.128438,167.255,53.7958,89,1967
INTS13,other,0.187735,179.213,88.7633,117,993
INTS14,other,0.276591,117.288,80.6761,183,539
INTS2,other,-0.165351,958.791,120.526,59,340
INTS3,other,0.0553261,391.469,646.18,135,16
INTS5,other,0.0599247,566.56,126.412,56,151
INTS6,other,0.0771338,65.7633,37.729,280,1395
INTS7,other,-0.0237217,635.168,35.2286,66,511
INTS8,other,0.0209128,384.187,534.354,108,14
INTS9,other,-0.0649562,318.706,153.543,84,166
INVS,other,-0.0187836,150.002,25.1759,90,1229
IP6K2,other,-0.0094143,57.239,40.6464,239,708
IPO11,other,0.0219008,85.732,51.1526,175,1362
IPO4,other,0.010478,83.5717,34.2788,162,1111
IPO5,other,0.0340326,123.371,32.1834,117,975
IPO7,other,0.007088,84.8405,122.49,164,403
IPO8,other,0.0140528,55.8017,18.9829,239,2517
IPO9,other,0.157203,52.413,102.973,415,306
IPP,other,0.0177693,55.1421,31.9796,255,575
IPPK,other,0.0139967,86.9432,30.7491,168,781
IQCB1,other,0.00288481,51.13,16.0798,245,1776
IQCC,other,0.0417814,46.7352,15.2117,285,2882
IQCE,other,0.0253049,80.444,31.0878,161,1210
IQGAP1,other,0.0240897,288.721,24.4259,44,1096
IQGAP2,other,-0.00946007,96.9292,59.6666,138,350
IQGAP3,other,0.0248693,267.7,26.9916,59,613
IQSEC1,other,0.0267186,106.577,26.2862,124,1879
IRAK1,other,-0.0117694,39.375,26.6993,317,2753
IRAK4,other,0.0923943,65.8718,19.4355,214,1157
IRF1,other,0.0308387,45.5641,45.3997,274,2243
IRF2,other,0.0254093,264.203,64.3519,57,475
IRF2BP1,other,0.0307774,99.5172,35.1462,134,712
IRF2BP2,other,-0.103247,83.059,29.315,287,2140
IRF2BPL,other,0.0186065,38.0122,20.9757,320,2148
IRF3,other,-0.0105535,37.4376,24.2837,342,1220
IRF4,other,-0.0156979,67.087,29.3201,186,2325
IRF5,other,-0.00382465,37.1491,21.127,352,1224
IRF6,other,-0.0191168,138.435,16.8906,90,1351
IRF7,other,-0.00619225,75.6534,16.9967,170,1879
IRF8,other,-0.0150256,83.6036,33.4423,153,1230
IRF9,other,0.0144064,93.3795,24.5829,130,5835
IRGQ,other,-0.0283896,107.427,38.3664,121,2736
IRX1,other,0.0245757,176.001,39.4449,89,978
IRX2,other,0.0275014,33.568,35.1692,379,703
IRX3,other,-0.0104124,88.5665,17.532,145,1742
IRX4,other,0.0295168,711.604,30.9304,33,1210
IRX5,other,0.0296064,90.0336,26.0725,142,761
IRX6,other,0.0139637,59.8746,22.4655,205,1859
ISCA1,other,0.0508623,226.619,36.4866,67,1003
ISCA2,other,0.187651,39.8326,101.752,512,552
ISCU,other,0.00101858,132.012,84.6087,121,297
ISG15,other,-0.00665091,309.569,31.2858,47,1619
ISG20L2,other,-0.0181943,391.082,83.1037,45,283
ISL1,other,-5.17483e-05,25.1949,21.9024,525,1107
ISL2,other,0.00132705,77.6308,13.0733,181,2184
ISOC1,other,0.036383,69.6141,13.6422,188,3325
ISOC2,other,0.00326955,32.9778,21.7586,416,1171
IST1,other,0.010797,47.1121,48.6711,335,1147
ISX,other,0.0278961,71.9168,16.5367,179,2228
ISY1,other,-0.0301552,247.714,23.1102,57,1076
ISYNA1,other,-0.00128223,46.9564,29.0491,279,935
ITCH,other,0.0113224,72.3495,16.7277,170,2578
ITFG1,other,0.00832044,5878.84,28.9881,12,2152
ITFG2,other,-0.0119347,298.772,58.6082,51,348
ITGA2B,other,-0.0313508,56.5038,22.813,232,2112
ITGA5,other,0.00916478,65.1811,23.3306,200,1728
ITGAE,other,0.0204503,60.6672,22.2691,205,954
ITGAV,other,0.0177557,121.799,22.7781,105,2062
ITGB1,other,-0.012799,52.5293,22.1728,269,963
ITGB1BP1,other,0.0613284,127.663,898.698,164,14
ITGB3BP,other,0.00938251,66.4793,12.9506,199,2545
ITGB5,other,0.0172901,77.4468,18.041,178,1627
ITM2A,other,-0.0266323,73.6332,20.9248,171,1552
ITM2B,other,-0.0135679,80.26,30.6307,150,1050
ITM2C,other,0.0196376,89.8728,23.416,144,1181
ITPA,other,-0.00920067,64.2911,36.6506,186,997
ITPK1,other,0.03581,182.2,75.6951,78,448
ITPKC,other,0.00931884,73.8291,19.7846,186,1888
ITPR1,other,-0.0201214,102.632,36.1789,133,768
ITPR2,other,-5.37575e-06,49.8351,17.8541,290,1504
ITPR3,other,-0.0170671,178.28,20.9136,84,2623
ITPRID2,other,-0.0208436,67.9462,15.235,190,2500
ITPRIP,other,0.0285635,197.931,21.6089,76,1970
ITSN1,other,-0.0122762,55.786,57.6998,237,677
ITSN2,other,0.0102035,61.7039,28.6632,209,648
IVNS1ABP,other,-0.00152629,67.9444,17.8701,217,2719
IWS1,other,0.187599,161.164,66.5906,118,1233
JAGN1,other,-0.0296357,41.2869,30.8345,307,3282
JAK2,other,0.00161195,47.1228,17.5484,268,2712
JARID2,other,0.0595222,90.7787,22.5817,149,3637
JAZF1,other,0.00677339,39.0237,26.2454,460,1947
JDP2,other,0.0971541,54.9975,24.4802,252,2713
JKAMP,other,-0.0100461,87.2446,24.5081,146,4091
JMJD1C,other,-0.00838899,232.923,33.092,66,3704
JMJD4,other,0.0343517,46.1682,18.3709,288,1799
JMJD6,other,0.0274964,39.3799,32.8964,412,671
JMJD8,other,0.00554241,73.5386,21.015,177,2019
JMY,other,0.00860768,44.6855,19.6164,284,1540
JOSD1,other,0.00419336,199.771,16.6168,88,1777
JOSD2,other,0.0330719,73.2232,24.9891,181,1239
JPT1,other,-0.0028191,69.5281,23.045,187,1967
JPT2,other,0.00767012,114.726,26.279,116,1455
JRK,other,-0.000984698,31.8213,34.7717,406,795
JRKL,other,0.00900085,86.1237,25.7913,155,2310
JTB,other,-0.0128229,65.3168,64.0214,199,294
JUN,other,0.015503,65.7353,21.8308,216,1876
JUNB,other,0.0454757,47.1741,32.1167,266,1212
JUND,other,-0.0110217,94.1219,31.3642,135,1612
JUP,other,0.0264326,132.328,27.5309,95,1902
KALRN,other,-0.00537226,80.7102,19.571,157,1002
KANSL1,other,0.0427305,631.128,41.3848,44,632
KAT2A,other,0.0363144,125.642,29.1207,105,949
KAT2B,other,0.0153665,85.6383,21.1069,155,2389
KAT5,other,0.0401537,57.3322,33.9925,237,498
KAT6A,other,-0.00307508,96.2202,58.1614,146,3264
KAT6B,other,-0.0179523,130.173,20.2239,97,2642
KAT7,other,0.0467488,168.22,158.903,125,373
KATNA1,other,-0.00787171,72.0444,21.0119,183,1593
KATNAL1,other,0.0166898,94.7066,17.916,128,3140
KATNB1,other,-0.00301573,26.1731,31.8782,468,679
KATNBL1,other,-0.0324754,108.436,28.7759,158,1552
KBTBD2,other,0.0141072,75.3311,15.7134,180,3407
KBTBD3,other,0.0311535,130.739,67.9193,110,315
KBTBD4,other,0.00108625,110.831,18.0918,118,2183
KBTBD6,other,0.0194405,67.1726,18.7991,193,1461
KCMF1,other,-0.00166108,64.6852,27.1244,259,1322
KCNH2,other,0.0328783,19.4632,22.7942,615,983
KCNIP3,other,0.0193422,31.9663,20.4782,413,2135
KCNK5,other,-0.0151699,46.6253,21.0131,284,1202
KCNMB3,other,0.0108463,697.415,16.6531,33,2841
KCNN4,other,-0.0129037,72.7912,22.6343,165,2658
KCTD10,other,0.00743453,317.975,40.999,58,2103
KCTD13,other,0.00605653,46.1947,19.4237,269,3317
KCTD15,other,0.0405917,112.178,28.3591,124,1157
KCTD2,other,0.0663152,83.7406,29.6476,157,1605
KCTD20,other,0.0288473,114.364,23.0135,104,1428
KCTD3,other,0.0197448,646.532,72.9302,34,254
KCTD5,other,-0.00453227,87.3925,105.241,146,163
KCTD6,other,-0.0025068,71.2866,25.1536,194,1843
KCTD9,other,0.079193,52.3025,26.0931,262,3535
KDELR1,other,0.00192592,667.429,19.9922,30,1721
KDELR2,other,-0.00773146,53.5564,19.4972,244,6074
KDELR3,other,0.0800689,148.521,55.3694,98,2692
KDM1A,other,0.220861,500.671,139.463,150,1667
KDM1B,other,0.0318261,56.6458,30.8199,253,822
KDM2A,other,0.0485093,40.187,68.4344,298,1810
KDM2B,other,0.0060877,39.6988,14.9977,326,2417
KDM3A,other,0.00498813,63.5555,20.3218,211,2205
KDM3B,other,0.0549106,61.6148,32.6508,227,912
KDM4A,other,0.0151689,50.0958,61.1327,272,4366
KDM4B,other,0.0196425,118.353,14.8366,121,2164
KDM4C,other,0.0101124,45.9102,18.7227,264,1833
KDM5B,other,-0.00553434,65.1552,16.5473,193,2150
KDM5C,other,0.0509451,75.7762,34.305,223,1893
KDM6A,other,0.0392303,53.6837,24.2903,312,3848
KDM8,other,0.0711058,104.372,51.8128,168,735
KDSR,other,-0.0161981,203.657,86.1667,62,2166
KEAP1,other,0.171897,100.816,94.0497,266,400
KHDC4,other,0.0375279,79.8295,18.3299,166,2683
KHK,other,0.00355124,98.2051,19.324,127,1464
KHNYN,other,0.00622967,57.0646,18.4044,223,1872
KIAA0232,other,0.00484489,74.0679,26.3231,181,1636
KIAA0319L,other,0.0070421,111.233,24.6497,123,911
KIAA0513,other,-0.0205674,80.6034,11.6986,174,3339
KIAA0586,other,0.0148796,86.1022,54.864,175,367
KIAA0930,other,-0.0123192,31.4259,24.0487,390,2316
KIAA1143,other,0.0333975,28.2713,24.3595,434,2475
KIAA1191,other,0.00355843,65.9097,15.5253,195,2423
KIAA1586,other,-0.000110248,56.4311,29.1593,227,2291
KIAA1958,other,0.00533481,2869.57,82.3999,16,165
KIAA2013,other,0.0234619,88.795,18.8262,148,2522
KIDINS220,other,-0.0229815,176.872,83.5464,92,266
KIF14,other,0.0345355,80.0914,43.8462,164,898
KIF15,other,-0.0046815,77.1514,21.6847,219,1638
KIF16B,other,-0.00324349,47.9305,30.3562,268,1344
KIF18A,other,-0.00515803,91.1695,30.7852,135,1189
KIF18B,other,0.00935737,122.826,252.396,141,68
KIF1A,other,0.0149923,54.3465,21.5052,230,1280
KIF1B,other,0.0394785,43.7513,15.9027,290,1786
KIF1C,other,-0.0095524,70.1151,16.762,172,2201
KIF20A,other,0.210094,148.804,130.811,143,349
KIF20B,other,0.0113552,110.009,15.8249,124,1681
KIF21A,other,0.0261861,84.7945,45.5397,151,2334
KIF22,other,-0.00357509,46.804,30.6647,276,1203
KIF2C,other,-0.0211528,62.1742,16.0114,209,2426
KIF3A,other,-0.00198189,60.3386,16.7887,218,2469
KIF3B,other,0.00245597,207.005,57.3305,70,1130
KIF4A,other,0.094243,47.4074,35.5968,299,566
KIF5B,other,0.000130163,33.9569,32.009,413,794
KIF9,other,0.0493412,113.348,24.321,129,5029
KIFAP3,other,0.0282951,57.9537,82.8475,257,2237
KIFC1,other,-0.0286009,52.6194,24.123,262,2061
KIFC2,other,-0.00318565,88.2692,17.3074,158,1760
KIFC3,other,-0.0012449,96.6957,19.3231,137,1697
KISS1R,other,0.0243418,71.937,26.3883,176,2323
KIT,other,0.0108833,45.1885,27.2966,273,877
KLC1,other,0.026893,55.8956,24.7957,221,1051
KLC2,other,0.0254605,51.2072,17.7314,246,2588
KLC4,other,0.0190444,45.1091,12.9234,282,3691
KLF1,other,-0.0488893,98.4959,98.152,157,2880
KLF10,other,-0.00933692,25.7423,24.4439,489,1374
KLF11,other,0.0217614,37.3031,32.045,335,1613
KLF12,other,-0.0222964,43.9075,22.9311,287,2895
KLF13,other,-0.0107784,56.1864,23.3766,224,3469
KLF14,other,0.00403209,114.078,17.217,115,1536
KLF15,other,0.00546869,111.014,31.7755,121,1672
KLF16,other,0.158111,130.377,41.3561,137,845
KLF17,other,0.0397652,78.5247,40.8269,176,1117
KLF2,other,0.0261862,52.022,60.2785,253,1485
KLF3,other,-0.020172,96.1365,40.9301,121,450
KLF4,other,-0.0211296,28.3814,34.5073,461,725
KLF5,other,0.0285582,84.7246,19.0552,169,1994
KLF6,other,-0.000774002,61.0053,29.5911,213,5087
KLF7,other,0.0289141,27.9895,28.4813,490,2514
KLF8,other,0.00579987,188.51,19.3791,83,1814
KLF9,other,0.0202008,41.3687,22.1915,331,1345
KLHDC10,other,-0.0244806,81.5601,32.2555,157,3895
KLHDC2,other,-0.0204356,40.5875,23.2026,297,1279
KLHDC3,other,-0.0308628,69.5573,40.6857,176,2050
KLHDC4,other,0.015657,77.9922,28.9196,173,690
KLHDC8B,other,0.0152418,62.2315,19.3446,216,1953
KLHL11,other,-0.00394201,44.0808,29.1827,286,1471
KLHL12,other,-0.00652885,277.676,22.0039,61,868
KLHL17,other,-0.0176458,96.6868,21.1029,162,3844
KLHL18,other,0.00607921,140.307,13.7656,91,2119
KLHL20,other,0.0175159,67.2573,23.9783,188,1090
KLHL21,other,-0.0389705,58.5826,13.9399,216,2043
KLHL22,other,0.0017216,115.268,18.9421,112,1582
KLHL23,other,0.00856369,44.3929,29.5699,295,989
KLHL24,other,0.0546855,46.784,23.9484,286,1567
KLHL36,other,-0.00563356,37.9989,17.584,342,2604
KLHL42,other,0.0323148,119.227,23.0974,111,2619
KLHL5,other,0.00941051,86.8329,35.9387,159,481
KLHL7,other,0.0139729,88.4285,20.0486,148,1227
KLHL8,other,0.00161763,33.3336,17.2934,402,1306
KMT2B,other,0.0306882,49.3337,51.8073,264,1769
KMT2C,other,0.0150346,56.8829,57.0945,219,3490
KMT2D,other,-0.025975,54.919,20.5734,230,1659
KMT2E,other,0.034547,161.939,45.242,77,752
KNL1,other,0.00609583,4469.6,87.3588,15,198
KNOP1,other,0.000859694,85.033,23.9026,145,1987
KNSTRN,other,0.0062049,124.025,18.307,101,3495
KNTC1,other,0.00689633,56.5282,35.7325,223,741
KPNA1,other,-0.0127765,52.7191,103.032,243,3262
KPNA2,other,0.0604394,157.037,27.3354,87,3363
KPNA3,other,-0.0142975,67.6336,20.3761,200,1662
KPNA4,other,-0.0198536,84.0658,20.0667,180,2059
KPNA5,other,-0.02722,57.4827,16.234,221,3106
KPNA6,other,-0.0125089,208.49,73.259,83,256
KPNB1,other,0.0162897,66.4053,481.109,225,24
KPTN,other,-0.00613467,130.408,20.0143,99,2231
KRAS,other,0.0127097,63.4699,20.7497,206,1872
KRBA1,other,-0.0118911,98.8924,21.4783,126,1196
KRCC1,other,0.0342024,105.582,20.9009,120,2079
KRI1,other,0.0292774,425.675,173.162,57,119
KRIT1,other,-0.00159586,45.6146,90.0117,261,177
KRR1,other,0.128614,321.785,145.737,262,141
KRT10,other,0.0131205,28.3551,13.6136,438,2106
KRT18,other,-0.0324642,57.4821,21.1803,223,1885
KRT19,other,-0.0266561,72.4613,13.7541,183,3001
KRT8,other,0.068164,19.6635,15.7447,693,1753
KRTCAP2,other,0.0125956,50.7875,14.867,236,3760
KSR1,other,0.0450313,58.6748,23.2737,220,1952
KTI12,other,0.122013,83.7217,84.3766,172,1746
KTN1,other,0.0104466,41.821,29.825,295,1320
KXD1,other,0.0269367,78.0596,26.8973,185,1184
KYAT3,other,0.0753332,42.743,19.5952,306,2885
L2HGDH,other,0.0461825,237.046,31.3035,74,3139
L3HYPDH,other,0.0362015,68.7676,21.9417,194,1294
L3MBTL1,other,0.0181477,30.5404,14.7153,408,2738
L3MBTL2,other,0.0510568,176.353,43.6779,77,4401
L3MBTL3,other,0.0727665,46.7803,25.5061,288,2138
L3MBTL4,other,-0.0212803,59.0632,22.4065,211,2005
LACTB,other,0.0291232,109.925,27.138,120,2184
LACTB2,other,-0.0267127,91.4545,18.9562,141,1825
LAGE3,other,-0.0370354,324.217,58.4801,46,516
LAMA5,other,-0.029159,46.6034,69.7274,286,3406
LAMB1,other,-0.0321881,315.487,18.7329,60,1462
LAMP1,other,-0.00480257,41.2026,30.5163,316,2445
LAMP2,other,0.00980772,61.1193,13.5273,195,2333
LAMTOR1,other,0.0524356,99.3329,90.953,164,339
LAMTOR2,other,0.0831536,138.635,122.435,117,676
LAMTOR3,other,0.0447647,182.869,74.4998,94,960
LAMTOR4,other,0.0670787,60.9619,36.3622,297,1441
LAMTOR5,other,0.0130508,198.777,80.78,77,437
LANCL1,other,0.0175523,55.1441,27.8535,246,672
LANCL2,other,0.0368462,58.6363,19.8955,216,2126
LAP3,other,-0.00977567,72.6147,20.1099,185,1918
LAPTM4A,other,0.0159221,64.4403,20.3093,199,1500
LAPTM4B,other,-0.0035681,59.6853,12.6951,208,2561
LAPTM5,other,0.0277178,67.9716,30.4881,190,2454
LARP1,other,-0.0151795,65.1708,25.0137,203,1068
LARP1B,other,-0.0254906,194.424,14.8894,72,1763
LARP4,other,0.0316555,63.4623,21.6199,201,1900
LARP4B,other,-0.0032506,88.6669,18.8561,153,1943
LARP7,other,0.124227,48.9847,22.3512,283,1631
LARS2,other,0.0193009,54.9418,44.6376,280,998
LASP1,other,-0.00249741,52.7138,12.6505,249,2921
LATS1,other,0.0146814,75.2239,27.3331,174,2393
LBH,other,0.0429376,64.0565,58.0471,220,387
LBR,other,-0.0200486,58.0652,16.7417,204,1634
LBX1,other,-0.0103869,56.6827,26.155,213,1171
LBX2,other,-0.0378551,79.4246,22.3441,163,1813
LCLAT1,other,-0.00411372,310.869,19.391,50,1890
LCMT1,other,0.0662969,64.071,37.0454,239,733
LCMT2,other,0.11384,100.384,40.1028,127,4180
LCOR,other,0.0318971,147.099,35.7465,104,730
LCORL,other,0.0252658,108.042,28.399,121,3150
LCP1,other,-0.00210363,61.0137,24.8745,220,2321
LCP2,other,-0.0244712,96.9836,440.566,126,341
LDB1,other,0.0677023,104.253,20.6465,212,1731
LDHA,other,-0.0299862,53.5279,25.8728,234,984
LDHB,other,-0.0268737,85.2856,25.6979,156,1490
LDLRAP1,other,-0.00460371,125.616,25.6759,109,1507
LEF1,other,0.0220022,77.0043,12.5811,198,3982
LEMD2,other,-0.0149507,41.4784,30.2233,305,791
LEMD3,other,0.00650021,73.1252,31.0256,171,2029
LENG8,other,-0.0199196,70.9462,31.3207,217,588
LEO1,other,0.278983,287.661,165.687,97,742
LEPR,other,0.0596683,69.6858,30.7087,217,2208
LEPROTL1,other,0.0531765,1226.77,24.7793,28,1472
LETM1,other,0.111328,150.882,122.677,154,191
LETMD1,other,0.0317105,82.32,29.0337,163,4042
LEUTX,other,0.00957261,112.895,18.4635,115,1315
LGALS1,other,0.0202713,43.6405,50.9543,292,1914
LGALS8,other,0.015136,60.0049,16.4124,195,2799
LGALSL,other,-0.0171142,63.8509,14.8773,211,2643
LGMN,other,-0.0139397,47.3741,17.5779,273,1825
LHPP,other,0.0213539,65.5409,21.964,194,2188
LHX1,other,0.0148587,74.7695,16.0094,177,1854
LHX2,other,0.00554972,193.595,17.1096,72,1479
LHX3,other,0.00555137,38.8386,17.6644,334,1243
LHX4,other,0.011768,113.234,17.4967,122,1135
LHX5,other,0.00510539,95.9105,28.4009,139,1034
LHX6,other,-0.0257647,90.7808,24.2905,138,1111
LHX8,other,-0.0320834,34.4591,21.1242,371,3442
LHX9,other,-0.00432973,115.108,29.536,114,652
LIAS,other,0.00330226,376.634,448.767,44,23
LIG1,other,0.0424661,31422.8,168.239,3,223
LIG3,other,0.00782578,128.14,55.2774,91,1206
LIMA1,other,0.0296135,39.707,18.4427,314,1663
LIMD1,other,0.00402867,69.2011,15.4224,180,1643
LIMD2,other,0.0472661,130.578,26.6869,150,841
LIME1,other,-0.00964416,36.0935,23.8507,381,1240
LIMK1,other,-0.0053549,35.6124,11.6257,373,2501
LIMK2,other,-0.00790365,50.654,30.6833,277,1987
LIMS1,other,0.037978,21.5024,16.386,590,3138
LIN28A,other,0.0412538,51.5021,14.1116,296,2144
LIN28B,other,0.00997443,62.2562,19.2115,235,2957
LIN37,other,0.098653,85.5519,45.0323,211,1163
LIN54,other,0.0576604,22.8654,69.3292,676,673
LIN7B,other,-0.000457802,69.5979,28.7363,217,1179
LIN7C,other,0.0766128,70.1895,19.2893,202,2447
LIN9,other,0.00520237,311.739,257.108,57,50
LIPT1,other,-0.00747959,279.571,85.7654,51,120
LITAF,other,-0.00971584,36.6041,29.6027,375,2694
LIX1L,other,-0.0231988,69.6982,14.649,182,3086
LLGL1,other,-0.0155631,46.9653,19.283,274,1593
LLGL2,other,-0.0217062,116.186,41.1556,133,415
LLPH,other,0.0297751,66.7574,14.9812,181,2386
LMAN2,other,0.011302,67.3683,22.7245,186,1391
LMAN2L,other,-0.0260219,123.487,18.0964,131,1303
LMBR1,other,0.00830891,78.0001,19.8929,152,2903
LMBR1L,other,-0.0100856,110.393,25.0119,134,1007
LMBRD1,other,0.0235388,117.796,26.1155,108,3139
LMF2,other,-0.0253613,39.9336,21.8727,330,1450
LMNA,other,0.00471319,84.9201,43.9226,166,1587
LMNB1,other,-0.00648448,60.3553,17.0383,216,1849
LMNB2,other,-0.00409019,574.626,14.7971,35,3403
LMO2,other,-0.014403,76.6516,16.2143,273,2446
LMO4,other,0.0472151,211.728,147.964,67,58
LMX1A,other,-0.0141753,68.3611,26.5282,194,897
LMX1B,other,-0.000235735,463.621,28.6556,42,839
LNPEP,other,0.00246169,430.783,22.1647,42,1000
LNPK,other,0.00748944,61.5614,13.2234,220,2900
LONP2,other,0.00266137,33.1073,30.1761,391,3714
LONRF3,other,0.00270549,36.3907,22.8175,370,1697
LPCAT1,other,0.014411,40.2978,15.0574,305,2265
LPCAT2,other,0.0127688,291.1,43.9907,59,450
LPCAT4,other,0.00721115,96.0786,20.8545,138,3119
LPGAT1,other,0.0149266,49.7546,30.309,247,750
LPIN1,other,0.0388863,112.976,36.009,124,909
LPIN2,other,0.0220622,80.6786,12.0334,154,4399
LPL,other,0.0183019,71.2303,29.7358,168,694
LRBA,other,-0.0451903,60.3332,36.8267,228,1056
LRCH3,other,0.0179104,210.889,13.1163,65,3161
LRCH4,other,-0.0182621,32.8999,37.8052,390,439
LRFN4,other,-0.00803066,62.0399,26.619,212,940
LRG1,other,-0.0359341,66.5354,28.2244,193,2751
LRIF1,other,0.0244131,232.154,18.6223,72,2306
LRIG2,other,0.0275177,181.671,20.0173,73,1338
LRP10,other,-0.0104529,58.5649,28.5322,227,951
LRP12,other,0.0364072,55.2421,24.1079,243,2623
LRP5,other,-0.0183808,68.7602,26.4147,209,3082
LRP6,other,0.0208261,55.2687,80.469,227,3644
LRP8,other,0.0188842,12011.8,27.9221,7,2087
LRPAP1,other,-0.0269018,63.4645,27.0716,200,1641
LRPPRC,other,0.176018,153.309,65.7755,131,1157
LRR1,other,0.00164705,59.6231,161.654,235,99
LRRC14,other,0.00170945,18.986,69.744,691,231
LRRC20,other,-0.0336545,47.1774,27.9008,266,4225
LRRC23,other,0.0115247,63.0757,20.1405,206,2141
LRRC28,other,0.0389062,70.5358,16.7746,173,1608
LRRC37A3,other,-0.0130947,61.3861,8.2716,214,9680
LRRC37B,other,0.0218999,51.4148,17.5443,245,1497
LRRC40,other,0.00198277,64.9438,19.7914,208,1195
LRRC41,other,0.0804791,61.732,23.6914,221,2078
LRRC42,other,-0.0140684,63.2701,22.4847,194,1234
LRRC45,other,0.00857482,48.9105,22.8807,263,1474
LRRC47,other,0.00339054,30.3982,21.9183,416,858
LRRC57,other,-0.0236377,154.852,18.6542,88,2099
LRRC58,other,0.00687346,135.425,39.1841,110,831
LRRC59,other,-0.0259871,54.2233,21.2577,218,3332
LRRC61,other,-0.0172917,44.4111,54.7624,310,337
LRRC8A,other,0.0374177,32.3967,91.6747,380,4761
LRRC8B,other,-0.0122684,43.7328,23.7311,307,1271
LRRC8C,other,0.00524716,40.4191,16.6212,302,1492
LRRC8D,other,-0.00410276,28.4425,28.6255,467,1686
LRRCC1,other,-0.0174102,77.8043,26.6859,154,821
LRRFIP1,other,0.00260643,44.5563,65.2779,285,730
LRRFIP2,other,-0.0114186,98.3349,24.7504,132,2873
LRSAM1,other,-0.0365452,360.819,47.7203,48,329
LRWD1,other,0.0133912,218.807,28.2003,68,1865
LSG1,other,0.0219373,353.355,28.2519,84,681
LSM1,spliceosome (SF3/SNRP/PRPF),0.0228027,104.454,23.3229,124,788
LSM10,spliceosome (SF3/SNRP/PRPF),0.0241335,65.0221,91.5107,323,209
LSM11,spliceosome (SF3/SNRP/PRPF),-0.0105582,120.386,72.6785,191,338
LSM12,spliceosome (SF3/SNRP/PRPF),0.0503837,390.099,48.5983,50,1528
LSM14A,spliceosome (SF3/SNRP/PRPF),0.0708405,69.8162,36.9158,215,1082
LSM14B,spliceosome (SF3/SNRP/PRPF),0.0217689,87.2777,29.7699,182,960
LSM5,spliceosome (SF3/SNRP/PRPF),0.056603,79.0185,33.1128,346,620
LSM7,spliceosome (SF3/SNRP/PRPF),-0.0475214,142.667,247.12,145,73
LSR,other,-0.0233897,211.561,107.309,66,147
LSS,other,-0.00655328,59.6121,47.415,233,420
LST1,other,0.000283548,39.5266,27.1182,334,1585
LTA4H,other,0.0333828,545.764,16.434,35,2741
LTB,other,0.0170671,133.803,32.2674,99,694
LTB4R,other,0.00884778,62.809,140.609,209,4392
LTB4R2,other,0.0102183,35.7389,25.333,349,1830
LTBP1,other,0.00175198,62.6653,14.3899,206,2786
LTBP3,other,0.0335349,28.7292,20.7471,432,1536
LTBP4,other,0.0533261,24.4547,22.8786,674,1448
LTF,other,-0.03128,44.3795,46.703,263,8204
LTN1,other,0.0236438,80.4353,28.2292,195,1334
LTV1,other,0.0339674,212.792,733.552,143,11
LUC7L,other,0.00826534,55.533,31.0105,296,3158
LUC7L3,other,0.183007,359.251,153.026,80,129
LUZP1,other,-0.000370463,49.303,36.1731,251,1008
LY6E,other,0.0161326,29.6859,19.8246,450,1296
LYAR,other,-0.0126835,143.686,34.2903,90,595
LYL1,other,0.0605454,206.697,17.8018,87,2075
LYN,other,-0.0113257,99.3072,21.2784,129,1229
LYPLA1,other,0.020245,69.8563,26.9157,189,1473
LYPLA2,other,0.0462987,410.59,23.8033,44,1491
LYPLAL1,other,0.0230377,176.208,19.5102,77,971
LYRM1,other,0.0317297,39.0282,24.8919,328,1475
LYRM2,other,-0.025596,32.1721,39.6621,384,1863
LYRM4,other,-0.0426102,72.135,54.3399,202,391
LYRM7,other,0.0101453,236.17,19.0844,59,2283
LYSMD2,other,-0.00985564,163.354,15.613,79,3971
LYSMD3,other,0.017489,113.539,17.6216,114,2025
LYZ,other,-0.00983162,48.1682,27.9588,248,1617
LZIC,other,-0.017704,174.167,281.571,72,59
LZTFL1,other,0.00807705,49.9938,19.7715,255,2816
LZTR1,other,0.00383067,82.3398,34.2845,299,575
LZTS2,other,0.00343609,51.8219,21.7929,244,1389
M6PR,other,-0.00405995,67.8694,25.6853,190,2877
MACC1,other,0.000629082,114.682,15.6607,116,2212
MACF1,other,0.0168178,52.6545,25.3514,274,1622
MACO1,other,0.0361182,43.5825,26.6449,288,749
MACROD1,other,0.0209316,120.387,18.7171,127,2025
MAD1L1,other,-0.00705021,59.697,189.401,220,97
MAD2L1BP,other,-0.0244591,66.1458,52.7296,182,480
MAD2L2,other,0.00632003,33.8892,538.905,385,30
MADD,other,0.0100321,88.6718,23.381,135,1671
MAEA,other,0.0122201,38.8333,67.7181,346,1125
MAF,other,-0.00169089,119.118,26.1109,121,2261
MAF1,other,0.0081466,170.396,35.6258,82,4380
MAFA,other,-0.0212222,121.22,18.3411,139,3649
MAFB,other,0.017663,75.9595,13.0838,179,3000
MAFF,other,0.00104467,42.3873,21.306,297,1209
MAFG,other,-0.0158293,51.4472,23.5914,257,1904
MAFK,other,0.022001,52.4062,27.3318,296,660
MAGED1,other,-0.014334,35.3005,17.888,369,2053
MAGED2,other,0.0164857,34.0522,42.0856,390,877
MAGEF1,other,0.000844762,88.3598,22.342,141,2189
MAGEH1,other,0.0367315,59.5228,19.9611,212,3599
MAGI1,other,0.031428,45.0149,17.7182,282,3831
MAGI3,other,0.0130094,165.947,27.3388,74,2225
MAGOH,other,-0.0147473,91.4803,377.876,170,22
MAGOHB,other,-0.0069963,373.886,21.3474,43,986
MAGT1,other,0.00171181,75.5442,22.2103,167,1277
MAIP1,other,0.00195088,47.4863,24.6068,263,848
MALSU1,other,0.025642,136.335,37.2795,131,642
MAML1,other,0.0108703,71.9349,20.6481,187,5359
MAN1A1,other,-0.00923822,48.1499,30.4541,281,891
MAN1A2,other,-0.0185134,100.286,26.5366,158,1072
MAN1B1,other,-0.0147407,59.7922,19.9297,203,2059
MAN2A2,other,0.0434781,125.691,38.3504,109,1141
MAN2B1,other,0.0122833,31.6324,18.0332,424,2175
MAN2C1,other,-0.014377,243.924,35.4157,55,4194
MANBA,other,0.0111442,88.8698,31.7754,147,3149
MANBAL,other,-0.0439233,64.331,53.642,194,2019
MANEA,other,0.0291662,307.819,31.9832,57,838
MANF,other,0.0249474,31.7577,21.6427,402,1378
MAP1A,other,0.0163917,74.156,20.1393,177,1720
MAP1LC3B,other,-0.0082626,79.9879,19.0696,163,1929
MAP1S,other,0.0263496,54.4894,24.3824,237,1393
MAP2K1,other,0.0285552,56.8423,26.1947,220,898
MAP2K3,other,-0.00132229,85.1667,21.54,174,2632
MAP2K4,other,-0.0160879,73.8795,20.4001,170,1527
MAP2K5,other,0.0325813,77.7575,25.8444,164,3693
MAP2K7,other,-0.0188602,219.433,304.201,78,57
MAP3K1,other,-0.0230208,88.7869,34.4134,137,1964
MAP3K11,other,0.0128517,46.3237,17.9955,283,1530
MAP3K2,other,-0.0131503,64.5148,23.7314,212,1459
MAP3K3,other,-0.00592011,42.7769,17.9017,294,2306
MAP3K4,other,0.0113466,89.9271,39.3114,157,1540
MAP3K5,other,0.040364,81.722,60.5183,168,595
MAP3K6,other,-0.00490762,112.037,78.1557,116,4101
MAP3K7,other,0.00622176,75.9558,209.851,174,65
MAP3K8,other,0.0143414,83.3062,24.3996,160,895
MAP4,other,-0.02858,118.979,54.2529,119,319
MAP4K1,other,0.00416383,107.782,22.3736,116,2361
MAP4K2,other,-0.00290383,60.3556,39.7225,214,543
MAP4K3,other,-0.0174402,86.2471,19.1961,148,2902
MAP4K4,other,0.00370243,36.9328,23.4231,337,2330
MAP4K5,other,0.0169414,73.7809,14.1227,167,2599
MAP7D1,other,0.0385078,225.853,21.3369,62,2387
MAP7D3,other,0.0137464,82.0291,29.8422,152,2605
MAPK1,other,-0.0164604,58.3949,39.4917,305,1715
MAPK11,other,-0.00276547,83.7395,50.4234,147,559
MAPK14,other,0.00761678,64.5732,79.4229,223,2092
MAPK1IP1L,other,6.5395e-05,55.9648,25.211,223,1214
MAPK3,other,0.0249644,51.5147,31.1653,257,2933
MAPK6,other,-0.016163,62.4845,16.1798,219,2323
MAPK8,other,0.0329417,40.954,5.96523,306,7220
MAPK8IP3,other,-0.0222971,49.7237,16.7889,265,3802
MAPK9,other,0.00186443,55.0442,23.0952,228,1350
MAPKAP1,other,-0.0057535,95.004,42.2526,150,1154
MAPKAPK2,other,-0.00299577,97.4097,20.4826,132,1518
MAPKAPK3,other,-0.0220162,41.1637,41.8785,308,466
MAPKAPK5,other,0.0369859,100.797,21.4675,125,1641
MAPRE1,other,-0.0218281,54.1183,18.9946,233,1909
MAPRE2,other,0.0218,34.0041,16.8035,358,2507
MAPRE3,other,0.0566434,335.553,63.7886,64,419
MARK2,other,0.0145068,37.1815,27.2341,349,1317
MARK3,other,0.0126261,32.3137,26.5365,392,1672
MARK4,other,0.0146462,83.2175,36.6955,146,1783
MARS2,other,0.0352168,99.1889,23.7795,155,1070
MAST2,other,0.0206169,86.1692,32.4898,143,820
MAST4,other,0.0606835,76.5429,15.7573,177,2731
MASTL,other,-0.000921205,74.8938,75.9418,161,245
MAT2B,other,-0.00694415,39.7922,62.7392,364,790
MATK,other,0.0290516,81.233,21.5202,158,1502
MATR3,other,0.0540205,158.484,59.9756,94,1052
MAU2,other,0.036896,202.797,27.6034,119,2634
MAVS,other,0.00683205,69.5379,21.3521,193,1768
MAX,other,0.138029,154.414,47.6424,211,3869
MAZ,other,-0.0116584,77.894,23.866,177,1413
MBD1,other,0.0561061,52.6576,26.4095,272,1299
MBD2,other,0.0112992,85.2756,162.17,151,195
MBD3,other,0.105579,121.784,25.1012,200,4407
MBD5,other,0.120317,109.46,62.2696,162,835
MBD6,other,0.029506,54.4082,16.506,233,1981
MBIP,other,0.052907,80.5563,40.8547,205,846
MBLAC2,other,-0.0126191,63.0694,15.3927,212,1882
MBNL1,other,0.00850625,131.456,16.4981,171,2475
MBNL2,other,0.00699319,47.8903,19.2125,270,1237
MBOAT1,other,0.00893144,293.064,16.7962,48,2026
MBOAT2,other,0.0436304,67.1985,33.935,200,2395
MBOAT7,other,0.0017572,63.8192,28.583,198,1121
MBTD1,other,0.0376866,67.9194,14.9423,187,2539
MBTPS1,other,0.139217,95.131,73.4444,149,565
MBTPS2,other,0.0803223,101.079,320.099,400,39
MCAM,other,-0.00354745,126.763,27.778,107,1283
MCAT,other,0.0151125,86.1546,27.0295,161,1981
MCCC1,other,0.0196775,64.2099,42.6836,197,2464
MCCC2,other,0.0156935,120.092,16.9918,100,1960
MCEE,other,0.0487618,304.909,94.1843,60,196
MCFD2,other,0.0397458,39.5348,54.0682,325,549
MCL1,other,0.0384797,56.6515,70.3691,233,332
MCM3,other,0.0136343,134.049,469.141,201,34
MCM5,other,-0.0252791,103.675,553.982,169,11
MCM6,other,0.102936,152.003,286.131,143,63
MCM7,other,0.0313047,59.1977,30.6627,305,1032
MCM8,other,0.0867309,52.2166,44.5983,256,920
MCM9,other,0.00339489,57.0657,44.4132,234,645
MCMBP,other,0.0168775,81.7513,42.3647,231,601
MCOLN1,other,-0.00886038,14379.2,25.2598,6,1724
MCPH1,other,0.0103981,333.849,37.9181,44,699
MCRIP1,other,0.0842764,98.3305,41.9659,155,2008
MCRIP2,other,0.0237468,65.4709,29.2126,189,622
MCRS1,other,0.0606133,105.806,30.8263,173,783
MCTS1,other,0.137958,67.7113,38.6905,236,3522
MCU,other,-0.0196884,252.667,29.8581,66,657
MCUB,other,0.00370603,51.2467,31.4529,256,1476
MCUR1,other,-0.014265,212.112,18.2467,79,2957
MDC1,other,0.0139026,76.053,23.6341,179,859
MDH1,other,0.00811957,67.0053,23.7635,194,2763
MDH2,other,0.0566505,41.3302,32.1844,312,2980
MDK,other,0.0178392,117.869,27.5935,113,597
MDM1,other,0.0326837,204.679,18.9146,67,2146
MDM2,other,0.020668,110.571,95.8139,116,153
MDM4,other,0.0086869,115.079,65.8024,122,394
MDP1,other,0.0206512,65.4145,22.1501,196,801
ME1,other,0.0165784,73.8947,20.678,182,1009
ME2,other,0.020349,74.7397,15.3699,176,1874
MEA1,other,-0.0117389,44.4529,33.9746,292,2031
MEAF6,other,0.0426328,552.879,169.873,39,180
MECOM,other,-0.00343382,113.649,14.9499,120,1613
MECP2,other,0.0256159,131.116,26.4217,102,1148
MECR,other,-0.0177684,135.451,21.9534,96,1138
MED1,mediator (MED),0.166527,117.174,75.2167,181,525
MED10,mediator (MED),0.217099,164.493,251.228,368,84
MED12,mediator (MED),0.457064,770.516,241.724,186,639
MED13L,mediator (MED),0.0734761,110.832,46.2398,158,419
MED14,mediator (MED),0.297562,371.166,91.8038,106,547
MED16,mediator (MED),0.036747,283.449,38.3975,76,420
MED17,mediator (MED),-0.0653751,309.205,250.116,80,79
MED19,mediator (MED),0.309881,416.555,114.573,299,2514
MED20,mediator (MED),0.0142772,239.893,25.9277,107,2517
MED23,mediator (MED),0.0241866,2492.36,34.7901,21,2269
MED24,mediator (MED),0.11033,473.902,59.9744,58,2124
MED26,mediator (MED),0.00211394,58.7537,21.8036,285,1254
MED29,mediator (MED),0.0285591,194.245,1469.06,108,10
MED30,mediator (MED),0.123854,931.904,45.5573,114,1122
MED4,mediator (MED),0.00415762,271.164,266.395,69,41
MED7,mediator (MED),-0.103014,265.288,102.964,122,1321
MED8,mediator (MED),0.037752,249.526,235.801,71,87
MED9,mediator (MED),0.0721121,1523.92,369.428,39,22
MEF2A,other,0.0226701,254.578,28.858,85,739
MEF2C,other,0.0273532,65.2261,16.1502,203,2503
MEF2D,other,0.00198427,77.3446,20.0844,165,1956
MEGF8,other,-0.0100228,87.4072,21.1878,140,1567
MEIS1,other,0.00858361,45.2145,26.3242,284,4726
MEIS2,other,0.0110335,98.6756,39.691,125,1150
MEIS3,other,0.00155701,50.0459,50.4167,427,593
MELK,other,0.00236514,48.717,14.9763,278,2192
MEMO1,other,0.171744,51.0559,139.212,407,142
MEN1,other,0.112908,77.0298,167.045,259,475
MEOX1,other,0.0062345,66.3592,21.2841,191,3942
MEOX2,other,0.0170994,110.982,21.6698,114,1413
MEPCE,other,0.00442933,37.6767,43.4549,335,2213
MESD,other,-0.0332518,119.072,16.6965,118,1914
MESP1,other,0.0308363,49.45,27.4085,252,870
MESP2,other,0.0209449,33.2448,21.394,427,1885
MEST,other,-0.00328576,64.7018,51.831,195,5380
METAP1,other,0.0489774,57.4664,26.1348,253,3762
METAP1D,other,0.00864633,98.2882,21.3903,137,1578
METAP2,other,0.203708,180.061,87.236,271,543
METRN,other,0.0225079,76.5465,60.4472,163,361
METRNL,other,0.00638645,166.499,27.4562,89,941
METTL1,other,0.129794,38.5229,82.6362,420,713
METTL14,other,0.222407,110.333,137.215,282,179
METTL15,other,-0.0112823,42.4898,42.5385,307,2081
METTL17,other,0.043228,63.7397,28.8612,245,1813
METTL18,other,0.00634541,122.976,18.2677,114,1308
METTL21A,other,0.0581366,136.341,200.216,185,98
METTL22,other,-0.0391118,65.2499,27.2466,216,1705
METTL23,other,-0.00352332,51.6571,23.1181,259,2140
METTL26,other,0.0258634,60.641,47.5801,207,4255
METTL2A,other,0.0189868,105.54,35.7109,121,739
METTL2B,other,0.0096362,19.9467,215.005,605,103
METTL3,other,0.139042,79.1204,65.4748,325,360
METTL4,other,0.0132043,2063.89,54.9585,18,1754
METTL5,other,0.018861,48.645,26.2878,287,2065
METTL6,other,0.0287272,79.5373,51.3014,152,511
METTL8,other,-0.0200537,256.321,26.9358,57,2027
METTL9,other,0.0206716,37.5083,19.0885,349,1065
MEX3C,other,0.00322994,37.5152,26.4473,347,1003
MEX3D,other,0.0367168,72.7384,37.3777,191,778
MFAP3,other,-0.00513589,59.4102,18.1212,205,2173
MFF,other,-0.0316246,124.311,24.4832,106,3822
MFGE8,other,-0.0244807,41.1357,35.37,315,2845
MFHAS1,other,0.00566691,78.86,78.4055,165,1989
MFN1,other,0.00469373,1201.04,16.2288,27,2512
MFN2,other,-0.00433775,38.362,73.7349,340,428
MFSD1,other,-0.0268233,66.0849,15.8668,205,3212
MFSD10,other,-0.0131252,51.041,25.8275,247,1054
MFSD11,other,-0.00488247,88.5828,59.7777,147,4028
MFSD12,other,0.0453068,77.0507,20.2928,157,1599
MFSD3,other,0.00933935,125.671,50.766,103,381
MFSD4B,other,0.103793,84.4939,23.1605,181,2636
MFSD5,other,0.0494719,62.0682,18.5908,201,1276
MFSD6,other,0.0246654,111.742,69.4594,142,337
MFSD8,other,-0.0349342,56.0845,24.5162,227,1944
MFSD9,other,-0.0162219,92.0372,17.0059,139,1970
MGA,other,0.105189,52.1038,26.6939,273,4081
MGAT1,other,0.013195,33.9009,20.8431,373,2345
MGAT2,other,0.0156984,76.405,15.3522,176,1590
MGAT4B,other,0.026434,87.701,36.9681,169,769
MGAT5,other,0.0264208,46.6307,15.1959,287,2968
MGME1,other,0.00997875,127.282,14.4717,102,1802
MGRN1,other,-0.0137222,106.172,22.3792,146,1706
MGST1,other,0.0226518,61.2804,23.6291,217,842
MGST2,other,0.00232107,111.686,18.7105,125,2653
MGST3,other,0.0295486,107.421,18.1706,120,1742
MIA2,other,-0.00852504,87.578,32.9955,151,1812
MIA3,other,0.0120939,39.4871,36.9435,305,799
MIB1,other,0.022481,93.1356,16.6399,146,3450
MIB2,other,0.0107346,70.6522,60.5229,186,675
MICA,other,-0.051297,103.9,52.0394,153,2311
MICAL1,other,-0.0170147,118.772,24.7991,111,1404
MICAL2,other,0.0115951,94.6042,25.5586,138,1135
MICAL3,other,-0.0197569,32.878,17.455,396,1485
MICALL1,other,-0.0141156,116.533,28.8894,113,780
MICB,other,0.00226243,35.0023,22.1066,378,2031
MICOS10,other,0.174435,128.453,82.1524,138,310
MICOS13,other,0.0401863,116.468,45.4796,138,876
MICU1,other,-0.00225061,249.352,21.1199,63,2594
MICU2,other,0.0123727,41.3998,16.2738,306,1642
MID1IP1,other,-0.020518,46.1798,20.5213,275,2861
MIDN,other,-0.0184608,24.2644,26.5486,568,1592
MIEF1,other,0.0587063,114.034,63.7275,119,2132
MIEN1,other,0.000606745,67.1819,20.589,201,1762
MIER1,other,0.0427285,38.7348,60.681,393,302
MIER2,other,0.00101734,42.6975,21.6106,305,1498
MIER3,other,0.0304059,86.2401,25.0376,158,1679
MIF,other,-0.00891471,56.5583,19.5637,234,1607
MIF4GD,other,-0.0178793,45.5129,18.4327,323,2574
MIGA2,other,-0.0254221,70.6045,19.2543,183,4399
MIIP,other,0.0119424,546.96,40.892,41,1287
MINDY2,other,0.0399532,35.7009,14.5474,358,2434
MINDY3,other,-0.00373735,67.9547,18.4303,188,1133
MINK1,other,-0.00789025,139.221,21.3105,101,2129
MINPP1,other,-0.00998519,74.3142,27.2499,197,1322
MIOS,other,0.147681,103.143,192.709,228,223
MIPEP,other,0.081377,80.9861,39.7345,182,2155
MIS12,other,0.0696083,151.206,251.787,123,54
MIS18A,other,-0.00122896,86.68,206.089,194,63
MITD1,other,-0.0191471,104.867,22.8603,109,1614
MITF,other,0.0165223,34.2912,16.4579,402,1502
MIXL1,other,-0.00225907,70.7039,27.1336,180,3099
MKI67,other,0.00317199,61.8563,19.7044,211,1635
MKKS,other,0.0429765,104.959,21.4551,125,2270
MKLN1,other,-0.0104074,101.382,23.0152,150,842
MKNK1,other,-0.00667072,28.7332,30.7182,503,789
MKNK2,other,0.0299001,24.3625,14.6005,564,1738
MKRN1,other,-0.0349508,43.4406,17.7142,308,1803
MKRN2,other,0.0106108,107.925,27.2205,122,1399
MKRN3,other,-0.00459208,66.8751,18.8571,214,2711
MKS1,other,0.000653749,74.3187,24.8669,172,1947
MKX,other,-0.0122795,39.0744,21.4104,348,1035
MLEC,other,0.0144245,28.0529,23.9325,505,4617
MLF1,other,0.00624847,64.9134,22.7319,198,1296
MLF2,other,-0.0382714,251.82,24.261,65,1159
MLH1,other,0.059223,59.4414,19.1214,223,1412
MLH3,other,0.0354887,250.041,21.2713,63,4089
MLLT1,other,0.0180947,193.577,25.7627,99,776
MLLT11,other,-0.00672989,99.6184,22.3762,126,1830
MLLT3,other,0.0138512,40.8127,127.332,332,176
MLLT6,other,-0.0183767,63.8543,166.824,821,110
MLST8,other,0.0292586,92.7587,65.8752,169,925
MLX,other,0.0498938,89.7887,35.6019,145,732
MLXIP,other,0.0241264,92.5596,23.1827,153,1100
MLXIPL,other,-0.012513,48.5085,22.2317,289,1279
MLYCD,other,0.00597823,59.6255,62.7823,218,696
MMAB,other,0.000268406,94.8803,157.513,147,1537
MMACHC,other,-0.0101459,64.2212,22.4869,189,1359
MMADHC,other,-0.0265867,54.9039,33.7989,226,1527
MMGT1,other,0.0146997,39.6063,31.9385,318,1480
MMP17,other,0.0268934,107.292,24.5649,200,1876
MMS19,other,-0.00923959,55.3083,290.309,247,31
MMS22L,other,-0.0270422,209.198,215.267,82,57
MMUT,other,0.0333543,62.8256,24.2985,217,1620
MND1,other,-0.00289897,95.7374,21.6178,140,1089
MNT,other,0.0281887,106.397,46.262,176,777
MNX1,other,-0.0247901,57.7444,14.7129,236,2824
MOB1A,other,-0.0157789,99.6695,53.9326,131,2450
MOB1B,other,-0.00262984,82.5129,23.7035,166,1329
MOB2,other,-0.025295,182.991,31.7244,84,2431
MOB3A,other,-0.00325207,38.6246,24.2868,316,859
MOB3B,other,0.0266518,38.0879,16.7718,349,2426
MOB4,other,0.0162592,124.279,459.895,218,26
MOCS1,other,0.00588966,87.7289,31.5236,140,3882
MOCS2,other,0.0278232,34.2365,10.7876,353,4213
MOCS3,other,0.0392625,71.0109,82.4448,191,350
MOGS,other,0.0387914,45.6308,22.0156,273,1643
MOK,other,-0.0133313,46.6795,18.6953,282,3143
MON1A,other,0.102395,84.6031,24.8182,260,1834
MON1B,other,-0.0212297,69.0294,19.7166,188,1289
MON2,other,0.0130894,40.4883,55.6327,335,327
MORC2,other,0.0199827,136.69,25.8127,92,3255
MORC3,other,0.0102783,117.543,17.3924,117,2036
MORF4L1,other,0.114149,100.289,56.3281,152,3021
MORF4L2,other,0.0591595,51.9585,27.071,263,1184
MORN1,other,0.0177596,25.827,28.6715,467,1186
MORN2,other,0.0382685,293.367,15.5666,51,2160
MORN4,other,0.0157499,48.0276,23.6307,275,1702
MOSMO,other,0.0515921,251.957,74.4778,71,2733
MOSPD3,other,-0.00285089,39.5555,15.5759,301,2236
MOV10,other,0.0133704,91.6782,94.2202,142,1646
MPC1,other,0.028108,108.872,27.3146,138,1814
MPC2,other,0.0301663,115.393,67.3541,118,499
MPDU1,other,0.00681333,190.773,30.9617,80,959
MPG,other,0.0273157,83.0931,62.2805,204,474
MPHOSPH6,other,0.00298367,129.264,40.8813,141,692
MPHOSPH8,other,-0.00814563,54.7871,18.6954,231,1337
MPHOSPH9,other,-0.0227688,128.314,367.302,111,42
MPI,other,-0.0624172,55.7175,98.9273,204,564
MPIG6B,other,0.029838,76.2422,22.4993,155,2620
MPLKIP,other,0.00648268,95.0536,20.8506,135,2413
MPND,other,-0.0142021,251.461,64.5396,59,591
MPP1,other,0.0109997,61.4885,14.8604,223,2247
MPPE1,other,-5.95508e-05,62.7186,20.9824,218,4827
MPRIP,other,-0.0207745,64.7216,18.1221,201,1876
MPST,other,-0.00177703,204.465,28.7846,69,1714
MPV17,other,-0.044985,67.0461,19.5974,197,1377
MPV17L2,other,0.0163276,71.3235,21.3959,191,1513
MPZ,other,-0.0113643,104.576,17.9945,121,1005
MPZL1,other,-0.00468336,71.1107,23.8278,168,988
MR1,other,0.0323916,48.7428,14.7446,250,2051
MRC2,other,-0.03653,76.4972,25.2925,193,2552
MRFAP1,other,-0.0130559,156.139,21.1352,86,2949
MRFAP1L1,other,0.00867206,141.78,18.0771,90,2247
MRGBP,other,0.0766505,145.747,37.7553,129,724
MRI1,other,0.0425932,114.688,18.249,109,1427
MRM1,other,-0.0109004,195.825,30.283,102,805
MRM2,other,0.0459932,66.2678,24.0338,211,2871
MRM3,other,0.039875,53.9181,17.3327,225,2648
MRNIP,other,0.00984573,100.761,16.3987,122,1351
MRPL1,mito ribosome,0.0311011,54.5897,43.9612,322,2026
MRPL10,mito ribosome,0.0914091,115.908,50.8943,162,513
MRPL11,mito ribosome,0.088786,154.549,53.9915,105,1300
MRPL13,mito ribosome,0.0364428,138.661,118.699,130,133
MRPL14,mito ribosome,0.0711729,64.1349,126.105,264,259
MRPL15,mito ribosome,-0.00771905,211.061,34.3455,75,805
MRPL16,mito ribosome,0.0761085,126.474,70.164,130,513
MRPL17,mito ribosome,0.137207,132.836,59.3418,141,513
MRPL18,mito ribosome,0.130983,88.6936,43.9475,250,952
MRPL19,mito ribosome,0.125437,128.715,97.3511,229,255
MRPL2,mito ribosome,0.154573,85.0763,36.0296,247,1307
MRPL20,mito ribosome,0.096186,55.5955,18.9929,337,3011
MRPL21,mito ribosome,0.0568906,559.939,74.2903,28,794
MRPL22,mito ribosome,0.135382,113.389,31.669,154,1375
MRPL23,mito ribosome,0.117126,95.391,37.9596,171,1437
MRPL24,mito ribosome,-0.0015085,86.5592,63.1129,268,1155
MRPL27,mito ribosome,0.0917639,140.585,44.1669,149,1266
MRPL28,mito ribosome,0.00826681,143.741,24.3796,103,918
MRPL3,mito ribosome,0.148682,76.289,40.4888,306,1026
MRPL30,mito ribosome,-0.00720259,242.531,52.7289,62,336
MRPL32,mito ribosome,0.0862235,190.665,58.075,88,459
MRPL33,mito ribosome,0.0846698,67.0244,30.7545,295,1387
MRPL34,mito ribosome,0.0707158,429.343,47.4509,52,673
MRPL35,mito ribosome,0.0994887,98.877,97.3894,260,285
MRPL36,mito ribosome,0.0826178,76.8883,41.529,347,494
MRPL37,mito ribosome,0.156476,92.7527,69.7667,223,614
MRPL38,mito ribosome,0.03396,81.7122,24.9397,245,2068
MRPL39,mito ribosome,0.156946,104.073,32.7898,229,1412
MRPL4,mito ribosome,0.070686,88.53,28.7275,202,1651
MRPL40,mito ribosome,-0.014882,57.9651,17.2939,228,2355
MRPL41,mito ribosome,-0.0258253,158.3,42.2017,106,420
MRPL42,mito ribosome,0.0976643,181.372,65.3657,105,939
MRPL43,mito ribosome,0.138503,138.384,50.6101,142,682
MRPL44,mito ribosome,0.0412506,164.969,29.8464,117,2152
MRPL45,mito ribosome,0.0245214,51.9247,50.1398,260,783
MRPL46,mito ribosome,0.116591,167.464,82.1312,139,517
MRPL47,mito ribosome,-0.0126522,442.651,31.6133,51,1270
MRPL48,mito ribosome,0.0267182,241.357,16.2615,74,2520
MRPL49,mito ribosome,0.051129,560.913,43.4055,43,694
MRPL50,mito ribosome,0.0446933,79.0781,38.7354,222,1712
MRPL51,mito ribosome,0.0579344,158.784,40.4595,102,539
MRPL52,mito ribosome,0.0631008,170.174,23.3425,90,1564
MRPL53,mito ribosome,0.0554066,86.3319,42.1519,201,578
MRPL54,mito ribosome,0.0164998,72.708,38.2481,209,907
MRPL55,mito ribosome,0.0479121,103.411,57.4489,207,368
MRPL58,mito ribosome,0.090619,95.2371,43.5355,161,1047
MRPL9,mito ribosome,0.0817608,71.2177,22.3731,238,2184
MRPS10,mito ribosome,0.0381609,126.5,39.5071,120,888
MRPS11,mito ribosome,0.0695497,140.661,59.5423,129,985
MRPS12,mito ribosome,0.0387067,274.628,64.6424,62,487
MRPS14,mito ribosome,0.0608356,152.865,48.6338,124,550
MRPS15,mito ribosome,0.0576715,122.835,35.8113,133,1876
MRPS16,mito ribosome,0.0184698,212.715,36.6557,70,1496
MRPS17,mito ribosome,0.0844319,133.049,56.1454,123,866
MRPS18A,mito ribosome,0.0648674,109.179,29.359,184,745
MRPS18B,mito ribosome,0.0638149,150.413,62.2301,99,1035
MRPS18C,mito ribosome,0.0752681,83.0801,44.3543,179,699
MRPS2,mito ribosome,0.0897612,89.4727,93.7949,193,604
MRPS21,mito ribosome,0.101331,91.7288,44.1026,223,932
MRPS22,mito ribosome,0.0698479,79.6244,25.4327,225,1920
MRPS23,mito ribosome,0.100911,99.1726,48.3529,194,1146
MRPS24,mito ribosome,0.0683009,68.0415,63.1127,264,634
MRPS25,mito ribosome,0.0297712,128.737,33.7954,125,1305
MRPS26,mito ribosome,0.0234012,90.8036,28.2183,197,1580
MRPS27,mito ribosome,0.0520911,146.772,39.6146,128,712
MRPS28,mito ribosome,-0.0382312,80.7807,38.8803,260,1995
MRPS30,mito ribosome,-0.00332065,120.952,26.9857,142,916
MRPS31,mito ribosome,0.0342183,105.844,52.2146,155,622
MRPS33,mito ribosome,-0.0143462,122.561,222.086,150,64
MRPS34,mito ribosome,0.042446,118.461,58.3553,193,497
MRPS35,mito ribosome,0.0766706,73.3315,56.1681,321,901
MRPS5,mito ribosome,0.0618533,123.818,37.9024,138,854
MRPS6,mito ribosome,0.0584687,46.677,198.206,370,135
MRPS7,mito ribosome,0.0491276,71.8544,39.8193,217,933
MRPS9,mito ribosome,0.0573458,164.261,60.0983,104,510
MRRF,other,0.00462747,136.404,32.4135,101,1128
MRS2,other,0.0279726,128.367,43.2301,101,4125
MRTFA,other,0.0198537,91.5795,29.0589,136,1328
MRTO4,other,0.00105865,77.8694,1152.18,182,11
MSANTD1,other,0.00960848,111.724,30.7753,115,1120
MSANTD3,other,-0.0171621,54.114,35.0184,229,1105
MSC,other,-0.00100288,107.811,28.8935,116,3133
MSGN1,other,-0.0358082,171.661,18.5087,80,1191
MSH2,other,-0.0150354,78.1157,20.8824,170,2061
MSH5,other,-0.0131504,63.5941,32.2424,201,671
MSH6,other,-0.0314353,68.0541,21.9918,203,1988
MSL1,other,0.00314211,83.9507,38.8437,222,1627
MSL2,other,0.0491898,138.105,32.2359,102,1701
MSL3,other,0.0113961,60.0629,32.4889,277,1152
MSMO1,other,-0.00438673,73.0572,54.446,166,359
MSN,other,0.0121265,17.2833,33.1691,742,2242
MSRB1,other,-0.00213837,28.5209,16.1364,444,1737
MSRB2,other,-0.0171449,75.2154,28.7803,180,788
MST1,other,-0.0167774,52.5636,33.4281,243,3426
MSTO1,other,0.0116794,55.396,27.0553,227,1101
MSX1,other,0.00488118,92.7417,16.1421,134,2191
MSX2,other,0.00891074,46.9822,16.9416,281,2228
MT1F,other,-0.018173,55.0964,16.661,226,2044
MT1X,other,0.0298536,44.2902,18.3684,268,1597
MT2A,other,0.0237199,45.1667,27.3395,290,2317
MTA2,other,0.0622736,229.024,157.161,70,643
MTA3,other,-0.00126688,130.082,28.3823,104,1142
MTBP,other,0.054724,113.62,91.3877,178,261
MTCH1,other,0.0279357,59.5267,24.4652,201,1942
MTCH2,other,-0.0218342,37.1721,37.7542,317,918
MTCP1,other,0.113775,98.588,32.1188,150,2032
MTDH,other,0.0356779,35.1285,18.6798,379,1584
MTF2,other,0.0511211,107.502,35.058,130,3077
MTFMT,other,-0.0165147,50.7555,30.1079,260,817
MTFP1,other,0.00236603,75.4765,15.9051,176,2455
MTFR1,other,0.00234389,64.5559,18.225,198,3411
MTFR1L,other,-0.0104965,74.1151,19.4131,173,2529
MTFR2,other,-0.0147386,59.0308,53.2776,206,396
MTG1,other,0.0132036,332.571,35.4103,43,1617
MTG2,other,0.0122983,34.8747,22.8287,367,1097
MTHFD1,other,0.0985971,363.653,142.856,60,241
MTHFD1L,other,0.0288782,75.0633,36.7144,183,864
MTHFD2,other,0.0355929,34.7429,36.4939,391,820
MTHFD2L,other,0.0125457,49.9977,13.9741,239,2267
MTHFR,other,0.0294399,38.8042,27.6481,337,1277
MTHFS,other,0.0337579,62.4396,16.7474,210,1665
MTIF2,other,0.0781033,71.9166,25.7041,234,1170
MTIF3,other,0.0343807,130.553,26.4424,125,677
MTMR1,other,-0.0595541,92.7061,14.8478,174,3261
MTMR12,other,-0.0173528,112.22,19.6164,111,1436
MTMR14,other,0.00891729,44.371,20.1051,282,884
MTMR2,other,-0.00272033,51.1418,54.6408,264,347
MTMR3,other,0.03641,449.421,55.3022,42,1309
MTMR4,other,0.0297259,55.569,32.2245,225,2351
MTMR9,other,-0.0309841,69.1678,61.1686,206,5282
MTO1,other,0.0241307,60.4001,24.6725,207,1111
MTOR,other,-0.035044,281.51,151.365,128,86
MTPAP,other,0.113468,130.247,74.0636,154,490
MTPN,other,0.0236204,66.0149,22.9127,191,1183
MTR,other,-0.0249146,257.989,34.1317,57,1294
MTRES1,other,-0.00456278,79.83,72.9757,181,403
MTRF1,other,-0.00738693,65.6456,15.3556,189,1899
MTRF1L,other,0.00422421,65.1723,24.4063,218,1995
MTRNR2L1,other,-0.00595945,109.873,15.7593,116,2336
MTRNR2L8,other,0.00958839,190.518,35.702,75,803
MTRR,other,0.0394902,57.8939,30.3997,228,1394
MTX1,other,-0.0213374,263.07,28.3775,54,772
MTX2,other,-0.0127506,56.7029,61.5857,243,378
MUL1,other,0.0357383,121.766,25.8266,116,1516
MUS81,other,-0.0257266,68.7621,80.0657,184,233
MUTYH,other,0.107333,149.582,37.4966,142,1474
MVB12A,other,-0.0225159,198.389,22.7483,78,2042
MVD,other,0.0805535,184.012,84.7167,135,205
MXD1,other,-0.00373546,285.173,21.1217,57,1863
MXD3,other,0.0135287,38.7523,19.9056,343,2132
MXD4,other,0.0395361,70.3718,25.4778,230,1992
MXI1,other,0.0193289,36.5528,15.8963,356,3809
MXRA7,other,-0.00849219,37.7849,17.7767,345,2262
MXRA8,other,-1.61803e-06,452.249,22.0513,46,1378
MYB,other,0.0275365,183.259,69.6231,184,3496
MYBBP1A,other,0.0582848,185.252,148.889,117,119
MYBL1,other,-0.00367778,46.9655,16.8255,269,1347
MYC,other,0.0291791,172.629,46.2436,99,788
MYCBP,other,-0.00543685,32.8991,27.0922,395,712
MYCBP2,other,-0.00869063,55.7164,29.3517,276,1621
MYCL,other,0.0211313,238.755,17.2016,67,2116
MYCN,other,0.0313353,59.0669,34.9743,219,2632
MYF5,other,0.0279883,305.527,26.4069,60,2013
MYF6,other,0.00924437,48.3353,22.8425,305,1367
MYH10,other,0.0248063,47.3551,14.8695,255,2361
MYH9,other,0.0470379,60.5296,22.7627,216,1607
MYL12A,other,0.0268933,36.8727,23.8424,346,1333
MYL12B,other,0.0156988,117.549,20.803,125,2484
MYL6,other,0.00445213,43.2265,22.4034,289,1536
MYL6B,other,0.0103231,66.9677,16.0481,186,2295
MYLIP,other,0.028426,106.947,20.7774,136,1238
MYNN,other,0.0436803,96.774,17.1126,144,1355
MYO16,other,-0.00875097,51.4859,22.5838,245,3130
MYO18A,other,-0.0108268,69.6489,14.0831,181,3337
MYO19,other,-0.00407749,101.691,49.3171,134,4342
MYO1C,other,-0.0348481,28.5872,21.8465,454,1280
MYO1D,other,0.0137486,38.4853,23.0873,320,1598
MYO6,other,0.027007,44.3793,30.4221,277,937
MYO9A,other,0.0173529,60.9729,38.9903,216,2834
MYO9B,other,0.00609616,67.9506,586.64,208,14
MYOD1,other,0.0594624,29.5717,54.3776,428,304
MYOG,other,-0.000867896,52.8575,45.9765,240,515
MYRFL,other,-0.0212202,49.5246,19.9905,266,2091
MYSM1,other,-0.0131138,57.5991,21.969,245,1937
MYT1,other,-0.000370318,169.486,22.5963,81,2178
MYT1L,other,0.00223523,80.3258,37.8825,160,4691
MZF1,other,0.0331577,46.9648,14.2319,287,5567
MZT2A,other,-0.0273675,97.953,13.596,155,2287
MZT2B,other,-0.0355648,102.556,56.155,163,372
N4BP1,other,0.0239091,96.6186,33.836,152,1025
N4BP2,other,0.000427488,39.9811,16.4319,316,3232
N4BP2L2,other,-0.0260361,116.867,19.0961,115,2654
N6AMT1,other,0.171767,104.064,62.1777,312,609
NAA16,other,0.0270542,74.7378,18.415,175,2000
NAA20,other,0.274044,135.426,179.926,290,163
NAA25,other,0.252942,185.529,258.1,204,126
NAA30,other,0.151702,50.2609,166.634,365,275
NAA35,other,0.0423859,32.542,29.292,461,1337
NAA38,other,-0.0767536,174.665,46.1476,147,569
NAA40,other,-0.0111263,107.496,49.9802,122,2188
NAA60,other,-0.0171039,286.677,15.3146,48,2216
NAA80,other,0.000675408,57.3805,46.4248,215,1006
NAAA,other,0.0260357,66.4421,21.5674,204,1274
NAB1,other,0.0345463,109.196,19.1767,153,2133
NAB2,other,-0.0160614,51.7553,23.2042,238,2339
NABP1,other,-0.00491241,76.396,26.4429,163,2174
NACC1,other,0.0116039,48.0816,30.4946,247,1221
NACC2,other,0.0199329,144.554,36.9614,89,523
NADK,other,-0.00957095,79.5185,46.3706,164,474
NADK2,other,0.0125074,96.3205,40.8541,149,1352
NADSYN1,other,0.0283679,10966.4,61.4181,7,1421
NAE1,other,0.0523609,191.012,156.038,187,86
NAF1,other,0.0665752,113.24,150.642,203,273
NAGA,other,0.0493331,49.0104,43.9056,256,6022
NAGK,other,-0.0574105,36.7801,28.6283,337,1112
NAGLU,other,0.0257227,25.9129,16.5939,481,1959
NAGPA,other,-0.035974,49.0716,29.1358,242,2029
NAMPT,other,0.0589491,159.444,45.9436,108,625
NANOG,other,0.0150962,48.4004,21.206,261,2846
NANOGNB,other,-0.0154687,219.863,16.6692,62,2424
NANP,other,0.00142342,36.6203,26.7513,346,1156
NANS,other,0.0433976,73.0433,31.79,179,823
NAP1L1,other,-0.0136901,54.9899,33.7226,232,755
NAP1L4,other,0.016657,96.5118,14.9023,158,2814
NAPEPLD,other,0.0274693,61.9977,20.2569,194,1579
NAPG,other,0.000155899,78.9749,23.0918,183,1377
NARF,other,-0.0176498,52.1447,22.2164,250,1420
NARS2,other,0.0401639,67.1196,42.1665,267,1265
NASP,other,-0.0407267,30.9444,29.7542,404,1199
NAT10,other,0.00142701,1377.17,543.383,22,34
NAT14,other,-0.0175861,137.119,15.8657,97,2114
NAT9,other,0.0539121,61.7791,19.5951,204,2652
NAV1,other,-0.0028938,68.927,18.1366,184,1619
NAXD,other,0.0124947,64.8752,20.9788,176,1109
NAXE,other,-0.00104619,116.584,21.0068,111,3206
NBAS,other,0.221538,165.678,263.65,142,81
NBEAL1,other,-0.0302879,39.1632,20.6184,307,1843
NBEAL2,other,-0.032993,54.7675,33.79,234,1146
NBN,other,-0.0248855,75.543,1174.2,156,11
NBPF1,other,-0.00888196,259.599,14.3255,52,3621
NBPF15,other,0.00735221,72.8129,14.8235,184,1895
NBPF3,other,-0.0224334,49.3709,21.6678,258,2259
NBR1,other,-0.000632649,614.048,42.7548,29,478
NCAPD2,other,0.00967853,377.317,165.167,41,61
NCAPD3,other,-0.0329431,59.1833,62.7566,212,362
NCAPG2,other,-0.0231265,79.1919,83.0154,164,1060
NCAPH2,other,0.0122792,45.2732,50.7179,306,325
NCBP1,other,-0.00207897,261.932,488.16,87,29
NCDN,other,0.0713573,101.047,68.444,167,777
NCK1,other,-0.0122667,55.1524,46.7219,241,2439
NCK2,other,0.0266655,43.9362,40.8196,287,2449
NCKAP1,other,0.0134392,143.83,18.8452,123,1541
NCKAP1L,other,-0.0147959,111.735,46.5311,116,2352
NCKAP5L,other,-0.0216089,91.3832,17.5272,148,2560
NCKIPSD,other,0.0228777,516.443,54.0293,41,377
NCL,other,-0.0523076,40.4565,170.971,443,450
NCOA1,other,0.0218544,61.9732,32.8934,187,1558
NCOA2,other,-0.0036554,58.3432,16.5081,201,1918
NCOA3,other,0.035642,152.737,17.8805,85,1298
NCOA4,other,0.0344097,42.138,37.7684,321,2397
NCOA5,other,-0.00234076,112.297,37.9345,126,562
NCOA6,other,0.0431384,56.4486,29.4332,264,2285
NCOA7,other,0.0885609,72.0576,25.7541,181,1162
NCOR1,other,0.0884036,75.0274,98.0385,191,2345
NCOR2,other,0.0127872,29.1482,18.4648,434,2305
NCR3LG1,other,0.0264209,97.6416,19.247,134,1885
NCS1,other,-0.0321451,139.648,33.1361,92,1083
NDC1,other,0.0148243,134.049,23.5209,106,1003
NDC80,other,0.0208811,128.545,101.861,105,177
NDE1,other,-0.0105615,86.3418,18.2897,152,2050
NDEL1,other,-0.011529,57.1318,102.6,241,259
NDFIP1,other,0.0333312,48.795,18.2904,270,2302
NDFIP2,other,-0.00178325,252.401,27.0602,55,1246
NDOR1,other,0.0241136,185.606,70.8256,69,319
NDRG2,other,0.0209839,42.0665,16.1528,307,1715
NDRG3,other,0.00621684,59.0041,29.1756,229,698
NDST1,other,0.014786,114.588,10.1389,106,5422
NDST2,other,0.000541546,104.017,17.0248,131,2286
NDUFA10,respiratory chain (NDUF/COX/UQCR/ATP5),0.00983206,255.283,43.1256,56,2619
NDUFA11,respiratory chain (NDUF/COX/UQCR/ATP5),0.0176472,57.5106,20.9383,234,1195
NDUFA12,respiratory chain (NDUF/COX/UQCR/ATP5),-0.00181903,59.0601,19.9446,223,1977
NDUFA13,respiratory chain (NDUF/COX/UQCR/ATP5),0.0369292,62.5541,22.7487,213,1161
NDUFA2,respiratory chain (NDUF/COX/UQCR/ATP5),0.0253689,81.8188,644.498,161,35
NDUFA3,respiratory chain (NDUF/COX/UQCR/ATP5),0.0675749,77.2815,32.07,238,752
NDUFA4,respiratory chain (NDUF/COX/UQCR/ATP5),-0.0174816,88.4527,18.2705,148,2213
NDUFA5,respiratory chain (NDUF/COX/UQCR/ATP5),-0.0123439,222.065,106.055,64,122
NDUFA6,respiratory chain (NDUF/COX/UQCR/ATP5),0.0593389,51.3813,47.159,334,1162
NDUFA7,respiratory chain (NDUF/COX/UQCR/ATP5),-0.0126718,122.638,160.908,117,205
NDUFA8,respiratory chain (NDUF/COX/UQCR/ATP5),0.0635433,89.1971,30.4055,162,1006
NDUFA9,respiratory chain (NDUF/COX/UQCR/ATP5),0.0786768,122.85,36.4772,115,800
NDUFAB1,respiratory chain (NDUF/COX/UQCR/ATP5),0.00919439,91.9428,922.231,227,11
NDUFAF1,respiratory chain (NDUF/COX/UQCR/ATP5),0.0157564,103.632,23.8942,133,942
NDUFAF2,respiratory chain (NDUF/COX/UQCR/ATP5),0.0521781,133.385,27.2561,98,990
NDUFAF3,respiratory chain (NDUF/COX/UQCR/ATP5),0.00986749,86.4422,28.6013,156,3021
NDUFAF4,respiratory chain (NDUF/COX/UQCR/ATP5),-0.00048368,143.066,22.6199,100,1416
NDUFAF5,respiratory chain (NDUF/COX/UQCR/ATP5),0.0342764,624.648,74.2527,34,788
NDUFAF6,respiratory chain (NDUF/COX/UQCR/ATP5),0.0258179,103.386,14.1352,131,2656
NDUFAF7,respiratory chain (NDUF/COX/UQCR/ATP5),-0.0190517,440.92,1268.85,44,11
NDUFAF8,respiratory chain (NDUF/COX/UQCR/ATP5),-0.0278095,58.8237,18.4211,263,1334
NDUFB1,respiratory chain (NDUF/COX/UQCR/ATP5),0.0341027,63.2422,36.0621,287,569
NDUFB10,respiratory chain (NDUF/COX/UQCR/ATP5),0.0108916,51.8788,41.6318,357,462
NDUFB11,respiratory chain (NDUF/COX/UQCR/ATP5),0.116873,83.3749,29.2175,179,1903
NDUFB2,respiratory chain (NDUF/COX/UQCR/ATP5),0.0131335,122.513,29.2191,126,1631
NDUFB3,respiratory chain (NDUF/COX/UQCR/ATP5),0.0152214,49.8166,29.9842,301,1356
NDUFB4,respiratory chain (NDUF/COX/UQCR/ATP5),0.0742131,58.3286,28.5973,313,1215
NDUFB5,respiratory chain (NDUF/COX/UQCR/ATP5),0.00187183,1485.75,33.2649,19,1211
NDUFB6,respiratory chain (NDUF/COX/UQCR/ATP5),0.0299239,35.6149,19.9198,389,2389
NDUFB7,respiratory chain (NDUF/COX/UQCR/ATP5),-5.20407e-05,89.8725,43.0967,166,487
NDUFB8,respiratory chain (NDUF/COX/UQCR/ATP5),-0.00979217,48.6189,16.4343,340,3072
NDUFB9,respiratory chain (NDUF/COX/UQCR/ATP5),0.0333906,139.709,26.7243,105,1624
NDUFC1,respiratory chain (NDUF/COX/UQCR/ATP5),0.0562981,44.7984,31.6803,341,1135
NDUFC2,respiratory chain (NDUF/COX/UQCR/ATP5),-0.0202796,174.1,33.8975,79,569
NDUFS1,respiratory chain (NDUF/COX/UQCR/ATP5),0.0500607,217.025,18.0133,73,1612
NDUFS2,respiratory chain (NDUF/COX/UQCR/ATP5),0.0343252,71.7897,26.4729,217,3993
NDUFS3,respiratory chain (NDUF/COX/UQCR/ATP5),0.0192761,74.1604,19.9581,180,1501
NDUFS4,respiratory chain (NDUF/COX/UQCR/ATP5),0.0422462,104.45,17.5331,129,3704
NDUFS5,respiratory chain (NDUF/COX/UQCR/ATP5),0.0300444,33.8239,28.4173,393,1361
NDUFS6,respiratory chain (NDUF/COX/UQCR/ATP5),0.0032965,131.773,25.7328,103,5295
NDUFS7,respiratory chain (NDUF/COX/UQCR/ATP5),0.0190214,41.0983,44.9063,306,1869
NDUFS8,respiratory chain (NDUF/COX/UQCR/ATP5),0.0114056,232.594,49.0231,65,684
NDUFV1,respiratory chain (NDUF/COX/UQCR/ATP5),-0.00183006,32.0544,18.4727,400,2366
NDUFV2,respiratory chain (NDUF/COX/UQCR/ATP5),0.0750873,105.145,26.7604,160,2630
NDUFV3,respiratory chain (NDUF/COX/UQCR/ATP5),-0.0183311,74.7274,11.1846,170,5405
NECAB3,other,-0.0398329,87.026,21.2083,186,863
NECAP1,other,-0.0176312,61.4176,28.993,204,1651
NECAP2,other,0.0144662,63.4928,27.4654,282,1092
NECTIN2,other,0.0446239,113.315,22.2556,129,1051
NEDD4,other,0.00414459,262.307,29.9399,65,721
NEDD4L,other,-0.00140325,35.8233,26.7481,362,1727
NEDD8,other,0.0829018,409.696,187.784,122,96
NEIL2,other,-0.00540845,72.4318,18.3754,187,1221
NEIL3,other,0.00354471,46.4677,19.3484,260,1653
NEK1,other,0.0433802,130.235,40.6334,97,1997
NEK2,other,0.00274024,87.2251,13.3867,147,3357
NEK4,other,0.034455,85.8747,40.5872,153,430
NEK6,other,-0.0140814,229.11,17.6935,71,1948
NEK7,other,-0.0324542,73.4059,37.5248,177,2714
NEK9,other,0.0231723,46.4406,17.594,279,2738
NELFA,other,0.175779,197.208,269.247,159,62
NELFB,other,-0.0379865,135.419,112.6,227,70
NELFCD,other,0.264392,93.2774,101.857,431,385
NELFE,other,0.0789293,148.81,40.8148,143,1431
NEMF,other,-0.00332847,144.391,39.1224,99,1271
NENF,other,-0.00574487,31.4887,191.864,511,60
NEPRO,other,0.00538029,1289.44,256.608,24,42
NET1,other,0.00038943,104.333,35.9712,124,472
NETO2,other,0.00140071,54.7553,16.5076,237,1693
NEU1,other,0.017485,44.9595,15.4625,276,2493
NEU3,other,-0.0123941,30.1631,14.1619,407,2010
NEURL4,other,0.0315045,62.9631,20.8462,214,2113
NEUROD2,other,0.00917311,187.274,40.6022,79,8446
NEUROD4,other,-0.00351772,93.3415,26.1346,142,1399
NEUROD6,other,0.0316711,826.303,26.9732,29,2551
NEUROG1,other,0.00232554,64.2807,20.1174,203,2028
NEUROG2,other,-0.00589314,94.7674,21.7577,130,3750
NEUROG3,other,0.0305296,52.215,16.3532,235,1425
NEXN,other,0.0404821,79.182,18.6559,160,1896
NF1,other,-0.00609443,148.902,23.5707,143,1093
NF2,other,0.00595772,39.1713,19.8378,322,2380
NFAT5,other,0.0444894,161.898,32.8501,80,1483
NFATC1,other,0.00130504,41.0293,18.0898,289,2002
NFATC2,other,0.00720723,45.4214,18.9002,280,1686
NFATC2IP,other,-0.0541234,35.6922,38.4833,363,942
NFATC3,other,0.0220455,56.0213,13.0334,220,4051
NFATC4,other,0.00682754,165.04,40.8157,87,5733
NFE2,other,-0.00439461,88.665,15.5308,145,1153
NFE2L2,other,-0.000903404,85.3098,53.1418,140,356
NFE2L3,other,0.0437458,66.7527,16.5023,186,2244
NFE4,other,0.0059644,87.7282,33.9282,153,975
NFIA,other,-0.00248972,278.712,16.5781,50,3333
NFIB,other,-0.0270319,83.2523,19.8485,161,3005
NFIC,other,-0.0179892,49.255,28.1162,302,1229
NFIL3,other,-0.00479205,82.5952,29.7838,158,1054
NFIX,other,-0.00305448,29.5811,26.6159,403,1312
NFKB1,other,0.0119993,40.2059,42.1163,321,868
NFKB2,other,-0.00561749,49.8334,94.5606,254,5876
NFKBIA,other,-0.0200026,50.6463,28.9183,255,1465
NFKBIB,other,-0.0104358,53.5559,21.6805,245,1821
NFKBID,other,0.00952277,75.6224,48.6354,172,592
NFKBIE,other,0.0408656,192.081,374.726,95,37
NFKBIL1,other,-3.82992e-05,241.398,104.254,61,5526
NFRKB,other,0.265572,88.8166,89.1105,468,4373
NFS1,other,-0.00962887,105.291,18.9745,150,1391
NFU1,other,0.0384068,289.921,32.9064,56,949
NFX1,other,-0.0150063,87.661,18.9267,158,2486
NFXL1,other,0.0203551,113.845,23.9186,114,993
NFYB,other,0.0324807,170.565,45.7062,92,556
NGRN,other,0.0464024,90.7163,26.5629,188,1516
NHEJ1,other,-0.0131869,126.906,24.3606,109,1043
NHLH1,other,0.00442835,57.0791,15.9259,218,3207
NHLH2,other,0.0177036,54.9158,34.8135,224,465
NHLRC2,other,0.0861315,58.8025,44.4579,268,662
NHLRC3,other,-0.0214157,48.7766,20.4009,266,1668
NIF3L1,other,0.0351643,220.469,14.9754,62,2146
NIN,other,0.0189517,79.3171,19.9063,156,1899
NINJ1,other,-0.0024684,94.2223,39.0616,159,598
NINJ2,other,-0.00831375,38.9368,17.628,357,1381
NIP7,other,0.0338843,164.403,138.064,202,124
NIPA1,other,0.0105237,53.4347,20.3401,228,1787
NIPA2,other,0.0113583,179.294,49.5914,71,2695
NIPBL,other,0.0295154,599.611,66.953,46,2133
NIPSNAP1,other,-0.0319048,200.031,29.599,77,3404
NIPSNAP2,other,-0.0335022,53.9034,26.7431,242,2720
NISCH,other,-0.00314061,33.0388,16.4601,412,3560
NIT1,other,-0.00450864,53.5024,52.4748,237,302
NIT2,other,-0.000968172,131.985,22.3184,104,850
NKAPD1,other,0.209973,90.8912,52.1523,229,1373
NKIRAS1,other,-0.0122974,106.433,455.227,128,25
NKIRAS2,other,0.0109104,161.387,24.9442,99,953
NKRF,other,0.0291549,76.9805,22.6233,175,1159
NKTR,other,0.0552023,108.29,22.9151,140,1252
NKX1-1,other,0.00186367,77.095,18.7593,164,1686
NKX1-2,other,0.000871307,83.9355,23.9848,156,1091
NKX2-1,other,0.0289879,120.968,14.7872,109,2206
NKX2-2,other,0.00871699,523.202,37.9233,34,1045
NKX2-3,other,-0.00871525,80.4962,27.6913,172,1199
NKX2-4,other,0.0057521,58.4013,18.613,239,1465
NKX2-5,other,-0.0425318,92.8242,54.4381,157,4092
NKX2-6,other,-0.0479592,112.712,41.9694,127,3081
NKX2-8,other,0.0274966,24.3678,27.7702,564,1291
NKX3-1,other,0.0333802,127.786,42.007,114,1669
NKX3-2,other,-0.000428031,180.431,34.0703,81,649
NKX6-1,other,-0.0420499,286.843,34.1645,152,1587
NKX6-2,other,0.00720806,95.1035,22.8149,138,1464
NKX6-3,other,0.00639519,59.108,19.2095,215,1567
NLE1,other,-0.0050802,162.508,24.1079,218,1016
NLK,other,0.0114108,88.1812,25.8293,149,859
NLN,other,-0.0150953,225.077,30.9427,66,970
NLRP1,other,0.0141313,56.0334,26.4484,232,2604
NLRP2,other,0.027691,245.437,15.4389,60,2626
NME1,other,-0.0262455,53.5396,18.0274,238,4286
NME3,other,-0.00105595,87.3464,35.296,152,806
NME4,other,-0.0210216,168.715,22.4324,78,912
NME6,other,-0.0269993,57.9853,17.2728,208,1539
NME7,other,0.0284066,134.376,19.2141,105,1854
NMI,other,-0.0112116,50.7223,14.9446,251,1636
NMNAT1,other,-0.00531385,89.4837,169.189,148,129
NMNAT3,other,0.0164906,53.5712,24.351,228,1816
NMRAL1,other,0.0281048,65.6345,27.1402,204,1207
NMT1,other,-0.0184374,196.754,59.8259,80,290
NMT2,other,0.0235536,121.133,52.6815,115,4693
NNMT,other,0.0196916,44.7872,21.565,297,1152
NNT,other,0.014129,232.344,27.9821,62,1033
NOA1,other,-0.000153251,104.29,26.4683,141,1189
NOBOX,other,0.0285899,51.7314,12.2036,257,3257
NOC2L,other,0.00791548,833.442,119.811,31,155
NOC4L,other,-0.0291315,451.484,245.098,52,76
NOL12,other,0.0158337,173.745,82.6432,114,239
NOL6,other,-0.071118,711.292,190.36,44,188
NOL7,other,-0.0222015,80.1569,196.929,192,117
NOL8,other,0.0108014,219.714,1049.59,106,14
NOLC1,other,0.0182401,89.7397,65.2857,234,208
NOM1,other,-0.00285775,142.814,302.008,121,44
NOMO1,other,-0.0384428,41.9382,19.4509,593,2734
NONO,other,0.0589355,72.7544,20.2554,205,1928
NOP14,other,0.0308004,449.637,192.62,46,78
NOP16,other,-0.0276814,292.957,577.368,88,11
NOP53,other,0.0198781,239.786,79.0604,70,371
NOP56,other,-0.0337166,68.831,58.2294,191,312
NOP58,other,-0.0333837,240.853,656.525,77,12
NOP9,other,0.0259671,94.1442,28.2884,137,656
NOS3,other,0.0306988,229.151,18.1498,68,1406
NOSIP,other,-0.0276052,88.1945,25.6754,141,1366
NOTO,other,0.012268,54.6445,20.4208,232,1328
NPAS1,other,0.00617005,54.0862,31.646,240,781
NPAS2,other,-0.0129431,67.908,45.8927,183,637
NPAS3,other,0.0206567,95.1393,12.4958,140,1854
NPAS4,other,0.0335585,79.7833,20.2421,169,2004
NPAT,other,0.0263075,2410.35,236.829,16,103
NPC1,other,0.0551789,171.303,42.352,103,543
NPC2,other,0.0326216,120.79,66.5809,108,867
NPEPPS,other,0.0260489,43.3124,41.1901,372,670
NPHP4,other,0.00367355,53.6033,18.6828,235,2441
NPL,other,0.0102763,78.9153,32.5691,160,968
NPLOC4,other,-0.0235162,198.203,24.7111,74,873
NPM1,other,-0.00104828,160.021,57.7974,92,323
NPM3,other,0.0234678,85.3672,21.949,154,3560
NPRL2,other,0.00224133,133.016,20.0067,122,1306
NPRL3,other,0.0611647,67.3469,40.3747,200,1868
NPTN,other,0.0118765,70.9036,21.6307,183,1622
NQO1,other,0.0566318,36.12,22.0441,345,1056
NQO2,other,0.00316554,100.421,15.579,134,2339
NR0B1,other,0.0255815,79.3553,18.279,167,2894
NR1D1,other,0.0373294,52.3443,24.5025,243,2034
NR1D2,other,0.00237662,131.131,23.7014,103,1552
NR1H2,other,-0.0110142,57.4485,39.5831,223,2618
NR1H3,other,-0.0292135,72.8366,26.4391,190,1529
NR1H4,other,0.0122276,73.6316,31.1744,168,1924
NR1I2,other,-0.00699208,95.0544,16.1411,133,2664
NR1I3,other,0.0256678,133.102,28.5217,95,2253
NR2C1,other,0.017284,124.826,31.4445,117,718
NR2C2,other,0.143218,79.3506,53.1585,200,1202
NR2C2AP,other,0.0983931,85.1931,48.8057,177,2321
NR2E1,other,-0.0927063,1007.08,53.6216,34,2756
NR2E3,other,-0.0101015,38.5035,13.8155,317,2651
NR2F1,other,0.020626,118.584,18.3874,119,1866
NR2F2,other,-0.00562507,134.686,18.8726,127,1278
NR2F6,other,0.00518528,43.5811,23.3302,297,1512
NR3C1,other,-0.00383258,79.8166,18.4686,160,2195
NR3C2,other,0.0117045,137.822,19.6368,103,2869
NR4A1,other,-0.0538393,84.2241,26.8699,152,1321
NR4A2,other,-0.00669411,53.3146,13.2192,220,3079
NR4A3,other,-0.0118589,55.5944,31.3264,224,706
NR5A1,other,0.0207906,43.7753,20.8784,290,1567
NR5A2,other,0.0183649,45.1858,17.3621,271,2099
NR6A1,other,-0.0100938,178.329,18.1033,70,1201
NRARP,other,-0.0168759,54.2635,17.0129,215,2163
NRAS,other,-0.00372384,56.9261,100.389,235,4950
NRBF2,other,-0.00312937,586.249,15.2069,30,2841
NRBP1,other,0.0341795,276.999,135.232,92,612
NRGN,other,0.00673963,98.6054,15.1895,143,2409
NRIP1,other,0.0205277,57.0336,27.5469,235,648
NRIP3,other,-0.0266077,51.8692,24.1777,231,1555
NRL,other,0.0102498,41.3295,31.7124,326,807
NRM,other,-0.0128871,126.972,18.0791,116,1998
NRROS,other,0.0569118,107.737,15.9748,110,3121
NSA2,other,-0.00387808,88.1299,88.5764,187,187
NSD1,other,0.153008,109.846,154.057,182,2296
NSD2,other,-0.0180555,66.3649,103.507,228,417
NSD3,other,0.0306953,37.8784,31.1658,348,815
NSDHL,other,0.0932109,68.0446,28.8141,201,899
NSF,other,0.00797799,30.0029,49.2485,430,1821
NSFL1C,other,-0.0180953,62.6964,32.1391,204,770
NSL1,other,0.00237856,140.212,125.646,118,122
NSMAF,other,-0.01254,43.7938,34.4537,292,736
NSMCE2,other,-0.0221435,39.42,97.1464,332,220
NSMCE4A,other,-0.046909,77.6048,106.295,177,545
NSMF,other,0.036721,16.7585,18.6234,763,1206
NSUN2,other,0.0469313,46.553,45.0359,264,1989
NSUN4,other,0.043723,53.4923,39.0727,312,1144
NSUN5,other,-0.0146435,109.146,32.257,116,1163
NSUN6,other,0.0010883,127.314,62.021,116,3866
NT5C,other,-0.00881048,42.4826,20.726,303,1670
NT5C2,other,-0.0194946,78.7479,29.7284,174,766
NT5C3A,other,0.0134547,73.9046,44.2486,170,641
NT5C3B,other,-0.00179155,42.0236,23.3445,307,1294
NT5DC2,other,0.029242,64.9347,23.3643,190,2462
NT5DC3,other,-0.0250348,135.865,16.1485,97,1759
NT5M,other,0.00177785,86.2129,19.0067,154,1322
NTAN1,other,-0.0137402,50.8063,16.6685,256,2570
NTHL1,other,-0.0253335,51.8116,65.6862,279,557
NTMT1,other,0.0051573,99.2532,17.5515,126,1509
NTPCR,other,0.0150987,119.931,31.2466,118,1098
NTRK1,other,0.00120528,107.186,49.3172,124,693
NUB1,other,-0.00230649,81.9874,26.8371,315,767
NUBP1,other,-0.0868593,89.9464,519.932,229,15
NUBP2,other,0.000417009,32.9006,22.2723,405,944
NUBPL,other,0.0279316,189.232,25.062,74,2046
NUCB2,other,0.0303074,68.9384,19.9653,190,3057
NUCKS1,other,0.0304875,77.3517,27.4628,165,3604
NUDC,other,0.0350518,382.866,136.077,70,205
NUDCD1,other,0.0966985,120.675,47.9451,132,2023
NUDCD2,other,0.0862379,63.1057,33.761,216,3951
NUDCD3,other,0.224169,242.961,123.019,138,209
NUDT1,other,0.0230981,59.157,20.9809,229,1455
NUDT12,other,-0.0342404,136.818,25.0753,100,2756
NUDT14,other,-0.0415841,53.0683,29.3247,272,1339
NUDT15,other,0.000186988,151.833,15.9885,180,1198
NUDT16,other,-0.00522465,100.127,21.6558,127,3327
NUDT16L1,other,-0.00810866,54.811,29.5219,262,2045
NUDT19,other,0.0072693,82.4657,20.9145,158,3303
NUDT2,other,0.00456477,63.1041,16.3487,216,1768
NUDT22,other,0.043907,62.6484,38.2669,254,1338
NUDT3,other,-0.0210824,317.452,17.0545,52,1735
NUDT4,other,0.029137,84.2302,25.8588,161,2563
NUDT5,other,0.087604,106.899,88.5856,138,212
NUDT6,other,0.0246372,39.8361,23.7023,330,2817
NUDT8,other,0.0500438,88.4351,19.4373,153,1792
NUDT9,other,0.0567792,72.0358,24.2547,184,1710
NUFIP1,other,0.0629091,192.829,389.635,100,50
NUFIP2,other,0.096781,56.6159,26.4489,245,1539
NUMA1,other,-0.0450077,78.191,92.3183,368,1702
NUMB,other,-0.0138688,56.7945,25.8888,224,1324
NUMBL,other,0.00928646,105.332,19.4352,121,1090
NUP107,nucleoporins (NUP),-0.00656218,84.4387,521.911,176,17
NUP133,nucleoporins (NUP),-0.0449231,185.991,138.052,99,78
NUP188,nucleoporins (NUP),0.0919208,58.8141,57.0975,274,653
NUP210,nucleoporins (NUP),-0.0178787,50.2447,54.8061,271,279
NUP35,nucleoporins (NUP),0.0850526,92.949,16.2369,166,2806
NUP42,nucleoporins (NUP),0.0388026,109.7,21.6032,120,2004
NUP50,nucleoporins (NUP),0.012672,72.4929,30.9638,184,884
NUP54,nucleoporins (NUP),-0.124733,181.649,112.651,188,289
NUP62CL,nucleoporins (NUP),0.0114235,73.99,19.6801,166,1138
NUP88,nucleoporins (NUP),-0.0314101,841.08,199.912,34,62
NUP98,nucleoporins (NUP),-0.000123828,36.54,416.911,346,22
NUS1,other,0.0199356,45.979,36.064,276,1707
NUSAP1,other,0.0147427,57.5206,25.8611,206,1385
NVL,other,0.0407453,186.502,484.32,149,22
NXF1,other,0.0130888,19.9571,95.1323,652,228
NXT1,other,0.0618039,98.43,36.4068,168,627
NXT2,other,0.0393516,71.6045,24.0768,178,1929
OAF,other,0.0135941,44.0354,58.7159,284,365
OARD1,other,0.00119337,75.9808,17.978,167,1385
OAT,other,0.0230248,74.0456,23.7282,177,1721
OAZ1,other,0.00537432,85.2222,23.0395,152,1094
OAZ2,other,-0.0448621,73.6425,25.8268,193,1993
OBI1,other,0.0156204,90.5695,17.1926,138,1505
OCEL1,other,0.0212757,93.6067,18.2733,132,2078
OCIAD1,other,0.0057032,53.0415,20.6408,254,1649
ODC1,other,0.0115601,62.1951,25.5025,211,2102
ODF2,other,-0.00330528,63.5992,23.1792,221,1491
ODF2L,other,0.0123675,77.2516,17.6937,174,1484
ODR4,other,0.00327021,68.8594,24.7302,188,1488
OFD1,other,0.00727983,80.7231,50.6811,162,6406
OGA,other,0.0421094,132.766,147.155,112,155
OGDH,other,0.0582873,27969.9,89.1713,4,221
OGFOD1,other,0.0864007,223.784,127.893,162,133
OGFOD2,other,-0.0252503,90.6126,18.872,152,1620
OGFR,other,0.00235996,62.0572,16.8327,200,2245
OGG1,other,0.00396954,62.2478,17.8747,231,1594
OGT,other,0.0572349,781.593,49.5151,38,582
OIP5,other,0.0410537,52.3242,165.18,264,106
OLA1,other,0.0107228,42.2991,49.0673,316,401
OLIG1,other,-0.0281716,115.549,19.2029,120,1802
OLIG2,other,-0.0105447,80.7255,23.0176,155,1049
OLIG3,other,0.0195219,53.376,19.64,273,2147
OMA1,other,-0.00390651,90.5794,23.6807,137,1200
ONECUT1,other,0.0491397,149.28,15.9274,93,2800
ONECUT2,other,0.0216156,54.3059,13.0599,232,3765
ONECUT3,other,-0.0149295,179.571,18.6931,79,936
OPA1,other,0.0451849,94.7524,52.658,164,373
OPA3,other,0.0124832,82.4459,15.6615,159,1525
OPN3,other,0.0686813,62.8174,20.3231,208,2370
ORAI1,other,-0.00803458,64.4553,43.9137,211,1081
ORAI2,other,-0.00599011,56.3733,18.6646,237,2101
ORAI3,other,0.0123798,88.4385,24.307,150,1030
ORC1,other,-0.0645098,46.6083,125.638,362,173
ORC2,other,0.0285349,152.169,178.182,93,89
ORC3,other,-0.0027241,44.9652,135.626,315,135
ORC4,other,0.0806071,125.685,268.567,115,73
ORC5,other,-0.0557365,175.689,68.8786,116,342
ORC6,other,-0.0274352,112.558,95.58,144,105
ORMDL1,other,0.0407884,52.9426,22.1757,236,1740
ORMDL2,other,0.0400129,53.5774,35.569,234,1171
ORMDL3,other,0.0267809,50.5137,18.0197,250,1300
OS9,other,0.0159436,59.1817,33.2252,220,2068
OSBP2,other,-0.0170432,43.6881,21.1113,299,2463
OSBPL11,other,0.0412781,152.056,20.2029,90,2070
OSBPL2,other,0.0231225,49.4144,34.7485,261,672
OSBPL3,other,0.0166461,77.2414,52.0391,166,386
OSBPL5,other,0.00739839,46.2936,27.7836,280,739
OSBPL8,other,0.00716894,64.6738,17.3651,204,1700
OSBPL9,other,-0.00278268,147.998,20.7743,89,3175
OSER1,other,-0.00549896,55.9089,20.8545,222,2024
OSGEP,other,0.0587288,119.776,29.5626,123,812
OSGIN2,other,0.0594274,61.8592,21.1002,234,2602
OSR1,other,-0.0145743,212.349,29.7155,70,1633
OSR2,other,0.020653,114.052,16.1902,109,1523
OST4,other,0.0139153,92.4633,39.1044,149,3715
OSTC,other,0.0271625,25.8268,20.9335,514,1990
OSTF1,other,0.00451121,103.842,21.552,127,2118
OSTM1,other,0.018754,99.9386,15.8487,131,2349
OTP,other,0.00170245,105.488,23.2835,119,1396
OTUB1,other,0.0323374,54.3234,44.9158,240,1075
OTUD4,other,0.0689528,73.4591,54.0877,192,906
OTUD5,other,-0.00611571,92.4117,35.3661,150,2943
OTUD6B,other,0.0648788,55.7444,41.6902,254,492
OTUD7B,other,-0.00595322,76.9127,25.3922,225,1872
OTX1,other,0.00668281,48.4042,29.9317,303,709
OTX2,other,0.0154376,133.822,35.8151,105,1066
OVCA2,other,0.00223005,55.5994,31.6118,223,1759
OVOL1,other,0.00246219,64.4976,25.6961,212,1589
OVOL2,other,-0.0399981,72.9718,17.2472,184,3880
OVOL3,other,0.0116174,79.3467,17.1367,162,2874
OXA1L,other,0.30196,159.797,46.8754,246,1305
OXCT1,other,0.00772255,55.6835,22.1339,334,1698
OXLD1,other,0.00664406,58.3577,14.3889,226,1672
OXNAD1,other,-0.00224373,41.943,30.8352,316,1671
OXR1,other,-0.0300689,58.5344,23.6239,244,3172
OXSM,other,0.0220289,161.575,22.3427,77,1536
OXSR1,other,-0.00789245,157.106,44.898,95,1866
P2RX1,other,-0.000762633,88.6092,31.1717,139,1898
P2RX4,other,-0.00292924,63.2957,43.2233,182,1363
P2RX5,other,0.00961016,77.4914,25.0814,175,1578
P4HA1,other,0.00410075,88.7179,16.8644,151,2626
P4HA2,other,0.0407388,67.3064,18.548,192,1169
P4HB,other,-0.0131525,60.944,26.88,215,1467
PA2G4,other,0.0358692,74.0226,46.474,222,599
PAAF1,other,0.0518591,127.636,23.7095,94,2656
PABPC1,other,-0.0048993,835.279,57.0751,31,897
PABPC1L,other,0.0104176,54.0288,16.5781,223,4088
PABPC4,other,-0.0284068,138.016,230.193,132,72
PABPN1,other,-0.0617849,146.117,32.3563,162,539
PACC1,other,-0.0120965,55.0687,24.4095,221,1064
PACRGL,other,0.0380074,219.763,21.2699,70,2817
PACS1,other,0.0320932,39.6552,19.054,334,1374
PACS2,other,0.0576585,93.8713,44.1649,189,1133
PACSIN2,other,-0.00370418,63.055,26.1294,197,1438
PACSIN3,other,-0.0168139,63.9522,105.661,193,544
PAFAH1B1,other,-0.0231528,94.6303,181.847,153,73
PAFAH1B2,other,0.0180924,44.0927,18.0119,294,2307
PAFAH1B3,other,0.019819,105.496,40.799,143,1182
PAGE5,other,-0.00147565,121.654,17.3978,108,1475
PAGR1,other,0.0205073,51.7007,32.6634,233,1572
PAICS,other,-0.00593413,125.281,31.9008,147,981
PAIP1,other,-0.0226588,51.6707,52.4078,251,485
PAIP2,other,0.0232022,40.8632,19.9406,311,1555
PAK1,other,0.0354387,124.037,60.762,137,1676
PAK1IP1,other,-0.0116493,462.835,1889.3,44,13
PAK2,other,-0.0255711,387.692,27.8491,47,1700
PAK4,other,-0.0143472,126.531,16.6167,101,1911
PAM,other,0.000990146,39.7096,26.5988,336,1946
PAN3,other,0.072979,59.1302,34.1052,243,2270
PANK2,other,0.00245527,43.1717,18.3232,311,2224
PANK3,other,0.0138481,89.2107,17.8671,152,2575
PANK4,other,0.00291568,41.9206,122.675,324,168
PANX1,other,-0.0159448,74.436,64.1141,169,248
PAPOLG,other,-0.00517447,38.6355,30.3794,358,689
PAPSS1,other,-0.0245208,78.8002,21.1243,186,1283
PAQR3,other,-0.000179681,93.2034,18.5162,135,2767
PAQR4,other,0.0255944,140.796,23.9126,96,1736
PAQR8,other,-0.00234726,71.1513,117.687,177,111
PARD6B,other,-0.0118528,71.5816,18.779,210,1401
PARG,other,-0.011961,111.463,12.6212,113,1874
PARK7,other,0.0649714,17999.4,44.5845,8,4917
PARL,other,-0.0243933,88.8844,17.238,157,1738
PARN,other,0.0570582,49.1063,27.595,308,1188
PARP1,other,0.0227073,53.8792,24.499,261,864
PARP12,other,-0.016141,140.654,25.0814,111,2070
PARP14,other,-0.0159101,60.6096,102.217,199,5505
PARP2,other,-0.036083,26.212,44.2075,506,563
PARP4,other,0.0206891,80.1696,22.5177,157,2512
PARP6,other,-0.0109758,69.1564,26.5673,181,1258
PARPBP,other,0.00698929,95.3529,26.905,136,983
PARS2,other,0.0831477,125.373,52.6854,111,809
PARVB,other,-0.00435444,79.9403,22.9007,171,895
PASK,other,0.0151223,179.907,25.2265,85,805
PATZ1,other,0.0157581,25.5839,15.1714,519,2311
PAX1,other,-0.0103336,226.808,36.0472,58,1086
PAX2,other,0.00671385,78.6017,12.7694,172,2719
PAX3,other,0.000693071,38.265,22.339,337,1222
PAX4,other,0.0206707,39.7031,11.5728,320,2753
PAX5,other,-0.0224556,60.015,40.6906,222,450
PAX6,other,-0.00498738,45.1025,27.3715,285,774
PAX7,other,0.0397011,126.332,35.3277,104,1418
PAX8,other,0.00792566,114.737,29.0847,119,1276
PAX9,other,0.0211408,125.886,42.4355,98,5766
PAXIP1,other,0.0485988,110.686,54.3399,128,1436
PAXX,other,0.0131841,38.6818,20.5011,343,1255
PBDC1,other,-0.0288486,72.6268,10.9545,172,3111
PBK,other,0.0100423,88.6933,22.6798,145,2353
PBRM1,other,0.0373957,111.49,27.2644,154,1070
PBX1,other,0.00882862,48.3845,20.959,285,2514
PBX2,other,0.011045,663.41,34.2521,36,1339
PBX3,other,-0.00961275,77.5893,24.938,174,1663
PBX4,other,-0.00661429,87.3684,18.713,145,1960
PBXIP1,other,0.00901909,124.398,23.5585,105,2895
PC,other,-0.0143884,26.155,16.1075,480,2626
PCBD1,other,0.0335821,74.1995,15.219,183,2163
PCBD2,other,0.0189797,85.1962,20.8838,146,1309
PCBP1,other,0.197539,136.333,77.6862,152,384
PCBP2,other,0.084305,32.8245,95.2988,486,580
PCBP4,other,0.0120552,73.0408,55.0749,209,3357
PCCA,other,-0.025944,45.9933,19.8631,286,1887
PCCB,other,0.0271507,28.6588,19.2728,443,1328
PCF11,other,-0.0201018,49.6087,206.069,351,55
PCGF2,other,-0.00166021,52.5311,16.509,239,1941
PCGF3,other,0.00558249,103.612,31.6173,159,954
PCGF5,other,0.0654051,37.3577,36.0251,325,2206
PCID2,other,-0.00945107,32.0251,93.0247,456,403
PCIF1,other,0.0370005,88.1892,32.6234,148,2450
PCK2,other,-0.00608579,60.0251,20.7313,237,1611
PCLAF,other,0.0368467,100.845,26.3001,134,2342
PCM1,other,-0.0180226,87.4437,264.537,212,61
PCMT1,other,0.000399854,74.0909,21.2421,177,1918
PCMTD1,other,-0.00136653,76.0028,13.2655,185,2099
PCMTD2,other,0.00479244,69.4511,21.7205,184,1868
PCNP,other,0.0502363,49.4948,24.7499,276,1372
PCNT,other,0.0282569,95.1535,26.0125,142,1125
PCNX3,other,0.0958031,115.829,24.6089,198,1403
PCNX4,other,0.0049297,52.0658,19.8628,242,1822
PCOLCE,other,0.00971999,52.3204,19.0999,250,3405
PCSK6,other,0.0240957,45.2017,33.7534,275,1659
PCSK7,other,-0.00270469,48.4155,23.803,255,1841
PCTP,other,-0.0199808,51.5819,19.3482,272,1236
PCYOX1,other,0.0195644,164.769,14.3269,81,3091
PCYT1A,other,-0.00679617,144.774,30.0857,103,604
PCYT2,other,0.0715732,90.7962,56.2899,167,1135
PDAP1,other,0.0230816,195.219,45.6234,86,1086
PDCD10,other,0.0825004,42.6374,43.6726,325,896
PDCD2,other,0.0128329,144.393,161.713,127,110
PDCD2L,other,-0.00119216,140.421,37.6831,101,2013
PDCD5,other,0.0203455,28.6594,54.856,527,1332
PDCD6,other,0.01995,30.432,16.2669,421,1923
PDCD6IP,other,0.0354563,21.0738,20.3077,597,1186
PDCL,other,0.0132169,165.17,60.3844,85,1486
PDCL3,other,-0.00159335,66.5375,59.172,206,381
PDE12,other,0.0219228,96.526,29.7228,140,3434
PDE3B,other,0.0341243,60.3579,35.4047,252,1313
PDE4A,other,0.0167805,43.1738,45.8021,299,3656
PDE4DIP,other,0.0702397,40.5881,15.7383,288,1533
PDE7A,other,0.0304848,51.6084,13.9417,252,2412
PDE8A,other,-0.00360611,38.9405,16.2757,432,1449
PDF,other,-0.00238427,69.0832,25.7456,181,2713
PDGFA,other,-0.00520102,157.013,24.7064,83,2336
PDHA1,other,0.0365494,49.5817,48.407,317,461
PDHB,other,-0.0369765,109.364,40.6335,158,968
PDHX,other,-0.00157849,34.47,25.6104,368,876
PDIA3,other,0.00146408,100.512,44.44,120,1366
PDIA4,other,-0.00988041,107.002,17.0141,127,1682
PDIA5,other,-0.00246328,40.8247,23.7155,318,1270
PDIA6,other,-0.00921793,306.884,29.7741,57,2386
PDIK1L,other,0.0207265,166.236,20.9643,82,1732
PDK2,other,0.0111573,84.4356,20.852,161,1355
PDLIM1,other,-0.0245051,68.7715,34.0017,230,7170
PDLIM2,other,0.0308921,43.1149,36.2458,285,868
PDLIM5,other,0.0233946,132.709,29.4234,111,1236
PDLIM7,other,0.0365298,50.1976,19.6627,270,1370
PDP2,other,0.0273322,58.236,37.5334,235,2186
PDPK1,other,0.0471919,125.354,82.3963,140,390
PDPR,other,-0.00414153,79.1292,27.3956,160,1190
PDS5A,other,0.0251143,88.7066,18.6888,146,1512
PDS5B,other,0.0906471,76.9931,32.5954,187,1190
PDSS1,other,0.0151728,92.3799,32.8072,130,1056
PDSS2,other,0.0233394,73.8837,111.757,201,659
PDX1,other,0.00574649,42.0042,24.5252,292,1529
PDXDC1,other,0.0279171,217.59,21.3758,60,1227
PDXK,other,0.012684,65.1317,16.2821,240,1723
PDXP,other,0.0213763,81.4957,32.3071,154,4117
PDZD11,other,0.0236986,98.1592,23.0475,137,1836
PDZD8,other,0.0202416,111.947,32.2356,122,881
PEA15,other,-0.0106512,73.1024,26.2711,185,922
PEAK1,other,0.0244173,58.1941,18.885,258,2753
PEBP1,other,0.0353286,82.8028,18.6474,145,1677
PECR,other,-0.0207339,41.1041,27.5424,290,4719
PEF1,other,0.0353102,109.208,11.7053,118,5757
PEG3,other,0.0293358,169.204,21.1224,82,1985
PELI1,other,0.0303794,48.4897,16.4353,260,2432
PELO,other,-0.03994,36.6446,31.1127,466,1527
PEMT,other,-0.002793,66.964,20.8206,205,1170
PEPD,other,-0.0132621,61.1314,24.3162,224,1638
PER3,other,0.0503868,34.4063,23.8143,361,1395
PES1,other,0.0184011,479.703,149.314,50,197
PET100,other,-0.00456863,249.341,113.376,70,125
PET117,other,0.0487857,87.6057,89.7001,182,250
PEX1,other,-0.00358562,170.57,85.8303,99,254
PEX10,other,0.011485,62.502,20.6411,214,3059
PEX11B,other,0.0146011,142.228,22.2927,93,1184
PEX13,other,-0.0341761,161.257,18.8143,98,1828
PEX14,other,0.01014,105.463,19.0184,131,2862
PEX16,other,0.021148,91.9771,26.067,148,2283
PEX19,other,-0.0496046,40.0836,28.7529,421,2692
PEX2,other,0.00901785,112.257,25.468,130,2021
PEX26,other,-0.0157029,151.912,23.9228,84,1893
PEX3,other,0.00143453,94.1296,56.4708,146,4674
PEX5,other,0.0335401,63.7635,28.6021,221,2493
PEX6,other,0.000891156,60.4093,59.9437,224,1552
PEX7,other,0.0266196,277.944,13.8596,55,2645
PFAS,other,0.0661832,224.975,136.453,75,211
PFDN1,other,0.0147101,108.862,20.1283,126,1267
PFDN2,other,0.0713781,342.782,468.509,95,23
PFDN4,other,0.00170115,111.01,58.2596,125,391
PFDN5,other,0.0440102,58.6895,45.7983,241,1375
PFDN6,other,-0.0362891,67.3492,93.352,211,220
PFKFB2,other,-0.00738735,220.698,19.0173,62,1477
PFKFB4,other,0.00590475,32.4338,34.8247,402,2661
PFKL,other,0.00293954,26.8247,14.9667,484,1753
PFKM,other,-0.00854067,35.2538,16.8867,353,1460
PFKP,other,0.000561657,87.6024,16.8514,142,1988
PFN1,other,0.180225,75.9164,477.038,234,35
PGAM1,other,0.0654592,86.4863,53.7921,296,434
PGAM5,other,-0.00923971,103.882,33.9762,174,1513
PGAP2,other,-0.000681757,45.3527,73.7315,271,296
PGBD1,other,0.00233815,69.321,15.6007,179,1581
PGBD2,other,0.0241692,120.243,20.8881,112,2196
PGD,other,0.0714807,130.198,530.731,211,22
PGGT1B,other,-0.0228512,156.89,181.003,81,210
PGK1,other,0.140355,172.668,147.756,103,263
PGM2,other,0.0268444,601.012,32.1298,38,1399
PGM2L1,other,0.00619467,73.2743,24.8021,173,1276
PGP,other,-0.0150566,55.1384,24.229,240,1764
PGPEP1,other,-0.0172684,175.424,196.293,77,171
PGR,other,0.0113103,97.8072,25.7679,144,1058
PGRMC1,other,0.00531658,63.2331,29.5224,217,2616
PGRMC2,other,0.0125912,73.1432,27.3037,189,1299
PGS1,other,0.223936,96.5158,89.9809,229,449
PHACTR1,other,0.0488232,32.9377,14.647,379,1986
PHACTR2,other,0.0616146,95.0267,38.464,165,807
PHACTR4,other,0.0302873,80.0257,33.1195,170,3107
PHB2,other,0.0244979,117.744,299.727,224,34
PHC2,other,-0.000922981,64.4656,22.4351,200,866
PHC3,other,-0.0237903,48.5926,34.5591,246,612
PHF1,other,0.00178144,68.9758,22.6723,232,1104
PHF10,other,0.0221875,153.996,318.795,146,91
PHF12,other,0.104681,56.7403,47.8029,330,851
PHF13,other,0.062411,61.1814,22.8227,219,971
PHF14,other,0.0827302,91.5951,25.3966,161,1490
PHF2,other,0.0223008,48.2722,29.3794,274,1603
PHF20,other,0.0989722,81.674,40.9562,197,1897
PHF20L1,other,0.0601131,247.03,27.7861,57,1247
PHF21A,other,-0.00169771,270.148,45.9542,61,1753
PHF3,other,-0.0123646,288.485,122.026,57,6764
PHF6,other,-0.00547108,196.441,44.8787,72,681
PHF7,other,0.0154528,44.1531,20.0737,279,2609
PHGDH,other,0.0036382,95.0137,16.2654,144,2427
PHIP,other,0.0114086,51.892,44.533,255,1306
PHKA2,other,0.0085855,48.7558,24.2464,249,1505
PHKB,other,0.0649745,43.9905,19.6485,309,2434
PHKG1,other,-0.00168508,111.579,109.896,131,145
PHKG2,other,0.036752,50.2241,20.2353,251,1663
PHLDA2,other,-0.0241909,109.559,16.6582,112,1422
PHLDB1,other,-0.00179018,55.9022,17.918,212,3140
PHLDB3,other,0.00793555,398.06,25.0763,42,964
PHOSPHO2,other,-0.00568357,85.6714,28.6123,151,2714
PHOX2A,other,-0.0185487,49.2421,20.1486,270,1364
PHOX2B,other,0.0116076,726.456,19.116,33,1403
PHPT1,other,0.00765076,66.5117,18.477,199,1420
PHRF1,other,-0.00487472,58.0238,27.086,225,724
PHTF1,other,-0.0521615,251.302,18.9628,61,2955
PHTF2,other,0.0346667,58.2318,34.2906,227,2448
PHYH,other,-0.0258278,312.073,15.8684,52,2771
PHYHD1,other,0.0160166,59.29,15.5673,213,1742
PHYKPL,other,0.0208795,57.3715,34.045,231,830
PI4K2A,other,-0.00625096,80.9995,21.9047,143,2469
PI4K2B,other,-0.00834984,90.857,26.0935,137,2616
PIAS1,other,0.0372401,59.6576,28.7217,319,770
PIAS2,other,-0.0132798,49.9136,20.4516,266,2040
PIAS3,other,0.00681063,57.0149,39.9166,228,489
PIAS4,other,-0.0264764,136.031,27.4079,130,1130
PIBF1,other,0.0838227,279.255,57.2883,68,849
PICALM,other,-0.0358873,136.493,24.498,95,1055
PICK1,other,-0.0430434,183.15,20.1199,75,1545
PIEZO1,other,0.00301938,112.092,23.2135,130,1337
PIF1,other,-0.0204334,24.2832,22.1053,570,2899
PIGA,other,-0.0152147,134.062,26.2831,101,597
PIGB,other,0.0010811,103.195,53.0144,127,5684
PIGC,other,0.0100511,322.78,31.4126,49,3111
PIGF,other,0.0767922,83.9916,49.0737,152,701
PIGG,other,0.0156604,64.7867,18.6508,194,1979
PIGH,other,-0.00862904,51.5328,40.664,252,574
PIGK,other,-0.00896088,83.3267,18.6386,163,2045
PIGL,other,-0.0106126,61.494,29.26,204,3366
PIGM,other,0.00882096,59.6376,24.5832,228,1730
PIGN,other,0.00180015,51.6182,44.149,247,1253
PIGO,other,-0.00834424,74.4069,22.3196,177,3651
PIGP,other,0.0619903,53.9258,36.2946,259,1187
PIGQ,other,-0.0230827,101.45,14.7467,130,3165
PIGS,other,0.0150642,98.5069,24.1365,138,1161
PIGT,other,0.0377375,39.535,14.7908,345,4451
PIGU,other,0.00992716,105,39.9451,136,1909
PIGV,other,0.0426556,58.2376,40.7871,215,2955
PIGW,other,0.0551966,93.3495,24.3544,141,1273
PIGX,other,0.00470719,109.716,30.6044,113,1422
PIH1D1,other,0.0255747,71.8462,21.7314,203,1296
PIK3C2A,other,0.0277101,2186.25,20.7828,17,1570
PIK3C3,other,-0.0375418,52.7434,28.458,242,736
PIK3CA,other,-0.00773923,99.8956,12.6391,134,4957
PIK3CB,other,0.0100919,108.777,14.5367,126,2828
PIK3CD,other,0.0112539,143.059,24.073,89,1362
PIK3CG,other,0.0032382,73.3052,38.0482,172,1054
PIK3R1,other,0.00909874,59.1884,17.7715,233,4369
PIK3R2,other,0.000510532,38.4704,20.238,336,2055
PIK3R4,other,0.0228956,94.1074,36.2972,142,1359
PIKFYVE,other,0.0249202,70.0427,71.6753,232,352
PILRB,other,0.000435078,173.658,16.1337,77,1950
PIM1,other,-0.0155225,80.3151,182.389,171,314
PIM3,other,0.0408952,143.371,61.2432,92,300
PIN4,other,0.0121466,178.719,16.9187,83,1651
PIP4K2A,other,-0.00819933,72.397,22.9172,194,1010
PIP4K2B,other,0.00289499,54.8353,39.7881,245,501
PIP4K2C,other,0.00908413,113.81,23.5518,164,1492
PIP4P1,other,-0.0152416,130.629,63.4306,107,446
PIP4P2,other,0.0276108,44.0433,63.9269,339,582
PIP5K1A,other,-0.00912701,321.749,22.9182,55,4461
PIP5K1C,other,-0.0231565,42.0072,19.3192,324,1425
PIR,other,0.0125781,40.6153,13.4379,306,1775
PISD,other,-0.0226179,98.1892,48.7438,130,1696
PITHD1,other,0.021062,310.676,22.9187,47,884
PITPNA,other,-0.0128321,63.9455,19.6749,186,1586
PITPNB,other,-0.0264526,81.783,56.234,140,350
PITPNC1,other,-0.0329291,315.88,20.3567,55,1630
PITPNM1,other,0.0146892,56.8958,19.9318,235,1471
PITRM1,other,0.0648645,128.141,59.3772,130,604
PITX1,other,0.00915621,60.5982,22.4683,218,1695
PITX2,other,-0.0260677,31.5101,22.0172,393,1228
PITX3,other,0.0169747,66.8447,12.6704,209,2393
PIWIL4,other,0.0121959,102.89,20.0672,132,2773
PJA2,other,-0.0246699,104.954,24.6755,130,1588
PKIG,other,0.0151571,40.4457,16.9828,335,1862
PKM,other,0.0420818,35.8302,41.638,357,1287
PKMYT1,other,0.00536805,102.605,825.076,148,13
PKN1,other,-0.0807717,25.5071,53.8173,585,717
PKN2,other,-0.0298332,154.467,25.8646,93,1522
PKNOX1,other,0.152448,56.4901,57.318,257,1386
PKNOX2,other,0.00253416,118.502,24.7376,118,1116
PKP4,other,0.00414118,67.8943,17.148,192,2833
PLA2G10,other,-0.0122114,36.3625,35.0456,358,3366
PLA2G12A,other,0.0151745,417.831,16.9373,37,2183
PLA2G15,other,0.0228366,82.8568,40.4137,170,608
PLA2G6,other,-0.0297771,87.6868,20.4004,155,1681
PLAA,other,0.0287454,50.0016,18.2237,260,1859
PLAG1,other,-0.0120008,60.9833,20.7588,206,1585
PLAGL1,other,-0.0159063,40.7848,23.7546,328,1581
PLAUR,other,0.0143741,152.595,13.7466,92,3968
PLBD1,other,0.0123839,555.31,20.663,37,2281
PLBD2,other,-0.0089344,57.6091,24.4963,228,1367
PLCB1,other,0.0184524,63.0586,23.6671,191,1797
PLCB3,other,0.0240356,141.293,14.7173,98,2053
PLCD1,other,0.0113498,99.8114,16.6759,119,1417
PLCL2,other,0.0217689,429.166,24.3053,40,2023
PLCXD1,other,-0.013202,65.0324,23.9904,193,884
PLD3,other,-0.00449403,28.9711,35.4395,517,488
PLD6,other,0.0299223,90.3941,13.9697,150,2640
PLEC,other,0.0213929,31.8594,49.3388,398,2487
PLEKHA1,other,0.0440669,139.121,25.8569,92,3316
PLEKHA2,other,0.0447019,57.4521,13.1848,229,3245
PLEKHA3,other,0.0520848,56.5563,23.4761,219,2847
PLEKHA4,other,-0.00163283,60.7406,24.9192,203,993
PLEKHA5,other,-0.0141505,108.091,31.4942,166,924
PLEKHA8,other,0.0204242,62.4794,36.4514,257,4490
PLEKHB2,other,0.000700852,97.8326,29.132,131,795
PLEKHF1,other,0.0379255,92.4149,19.0351,142,1085
PLEKHF2,other,0.0327192,102.148,33.5443,137,2487
PLEKHG2,other,-0.0265398,95.2464,19.1999,149,2008
PLEKHG4,other,0.00302564,55.3515,27.5761,257,834
PLEKHJ1,other,0.0348944,1458.04,133.619,23,100
PLEKHM2,other,0.00843487,53.8614,31.1863,241,623
PLEKHO1,other,0.040958,48.2604,21.23,277,3603
PLIN2,other,0.0140927,49.5456,18.4716,254,1167
PLIN3,other,0.00203659,76.1552,20.3538,171,1480
PLK1,other,0.0117645,773.03,32.4538,29,1234
PLK3,other,-0.016393,107.686,26.9285,120,5205
PLK4,other,-0.028232,460.869,63.8383,43,318
PLOD1,other,0.0129065,75.8474,29.6053,179,1351
PLOD3,other,0.0383207,44.1081,68.582,354,252
PLP2,other,0.0291577,72.4374,12.1406,178,2505
PLPBP,other,-0.000216738,65.2486,15.3053,194,2916
PLS1,other,0.0288612,44.2256,24.505,282,1479
PLSCR1,other,0.0368792,69.3654,20.0948,185,2061
PLSCR3,other,0.00792452,93.3705,110.037,136,620
PLTP,other,-0.00916084,60.0845,16.3862,214,2793
PLXNA1,other,-0.0166129,60.4264,24.3817,215,1193
PLXNB2,other,0.00614559,51.4089,14.1714,231,1966
PLXND1,other,-0.0364723,31.7611,22.78,392,1407
PMAIP1,other,0.00206708,37.7548,22.0697,373,1660
PML,other,0.0035079,84.3616,27.0527,162,1085
PMM1,other,0.0140858,59.9363,19.7366,218,2292
PMM2,other,-0.00430757,57.3665,140.328,224,189
PMP22,other,0.0562287,51.4462,22.6842,248,1549
PMPCA,other,0.00560543,130.294,224.714,179,59
PMPCB,other,-0.0116534,83.4241,129.35,417,325
PMS1,other,-0.00537285,143.387,17.6424,98,1187
PMS2,other,0.0081159,96.3603,18.8691,139,2074
PMVK,other,0.0303819,67.8251,78.0369,203,899
PNISR,other,0.0010138,60.2345,618.784,314,10
PNKD,other,0.0565066,73.4276,60.398,199,3564
PNKP,other,0.0344944,36.9813,86.5641,373,173
PNMA1,other,-0.0118293,62.8352,26.4294,212,790
PNMT,other,-0.00592209,62.9729,22.5977,210,1147
PNN,other,0.0233809,178.369,453.462,86,33
PNO1,other,0.0352341,405.818,741.059,63,14
PNPLA2,other,0.0314777,55.6859,16.6341,222,2103
PNPLA4,other,-0.00687782,44.7835,17.8004,281,1813
PNPLA6,other,0.023,57.9301,29.6293,213,829
PNPLA8,other,-0.0099293,76.889,23.3507,163,1173
PNPO,other,0.00483528,133.959,16.963,106,2564
PNPT1,other,0.137402,162.689,81.01,153,591
PNRC1,other,0.0106624,39.4448,18.5343,337,3139
PNRC2,other,0.0161281,123.036,19.0328,101,3718
POC1A,other,-0.00386107,54.3237,28.9216,233,1488
POC1B,other,0.0181019,82.4205,36.3468,166,777
POC5,other,-0.00999043,82.3534,19.8343,152,2019
PODXL2,other,0.0152868,88.2434,24.4765,155,2181
POFUT1,other,0.0115879,112.824,35.1774,111,848
POFUT2,other,-0.0143112,60.4663,21.2949,230,1252
POGK,other,0.0033606,82.4642,37.1043,184,1298
POGLUT1,other,0.0374499,54.7058,19.8036,212,3328
POGLUT2,other,0.019302,426.911,19.6505,43,1383
POGLUT3,other,0.246693,188.557,102.514,165,738
POGZ,other,0.0219618,236.495,61.6785,71,503
POLA1,other,-0.0106422,77.0393,246.654,170,72
POLA2,other,-0.0602961,121.932,1248.31,138,13
POLB,other,0.00707007,179.971,20.6399,74,2941
POLDIP2,other,0.0168095,193.084,16.2975,80,3122
POLDIP3,other,0.0595916,107.604,74.2037,128,377
POLE2,other,0.0684458,88.8902,384.821,153,33
POLE3,other,-0.0132494,102.739,41.9826,131,756
POLE4,other,-0.00223291,116.613,31.6106,130,914
POLG,other,0.0644108,59.7533,53.6001,240,1339
POLG2,other,0.120085,57.8481,86.4867,327,464
POLH,other,0.018911,53.5888,15.1727,242,1579
POLK,other,0.0257327,49.3768,9.68028,260,7147
POLL,other,0.0195894,259.678,25.6054,94,2078
POLM,other,0.00361216,39.1069,18.2273,304,2806
POLQ,other,0.00384899,52.7515,19.138,240,1072
POLR1B,RNA pol I/III,0.0114627,449.897,352.081,108,36
POLR1E,RNA pol I/III,0.0958756,127.318,748.781,247,26
POLR2A,RNA pol II (POLR2),0.00950151,85.2334,378.631,231,43
POLR2B,RNA pol II (POLR2),-0.0056517,121.47,64.9169,180,435
POLR2D,RNA pol II (POLR2),-0.00665244,37.5231,346.383,336,23
POLR2E,RNA pol II (POLR2),0.00467855,36.1205,265.421,448,31
POLR2I,RNA pol II (POLR2),-0.0205048,184.417,358.25,110,29
POLR2J3,RNA pol II (POLR2),-0.0127117,61.5201,455.582,200,17
POLR2K,RNA pol II (POLR2),0.0411721,3625.17,116.227,20,302
POLR2L,RNA pol II (POLR2),0.0856615,182.617,112.383,77,193
POLR2M,RNA pol II (POLR2),0.118705,162.461,34.1408,111,2293
POLR3B,RNA pol I/III,0.0155121,136.848,153.403,130,109
POLR3C,RNA pol I/III,0.0175616,82.0471,346.661,214,29
POLR3E,RNA pol I/III,0.0072198,51.8569,120.979,367,103
POLR3F,RNA pol I/III,-0.0515729,84.5798,251.879,220,44
POLR3G,RNA pol I/III,0.0154761,78.6732,14.1884,161,2122
POLR3GL,RNA pol I/III,-0.0275567,85.7269,36.7744,167,688
POLR3H,RNA pol I/III,-0.0530648,52.0279,235.084,259,105
POLR3K,RNA pol I/III,-0.0063436,94.2715,299.574,172,19
POLRMT,other,0.177864,120.579,53.6525,308,683
POM121,other,-0.0101742,85.1089,29.5063,146,672
POM121C,other,0.0417059,193.884,23.4108,70,1003
POMGNT1,other,0.0422572,60.9861,44.2788,202,506
POMGNT2,other,-0.00562347,72.4903,34.5206,178,1573
POMP,other,0.00271098,707.915,243.523,29,62
POMT1,other,-0.0127957,58.8217,23.2141,214,1868
POMT2,other,0.0580746,50.8863,17.0163,270,2201
PON2,other,0.0189761,240.971,26.0671,65,735
POP4,other,0.0150816,198.574,301.88,149,63
POP7,other,-0.0184957,62.3192,400.214,364,38
POT1,other,0.0111736,1452.45,444.076,19,33
POU1F1,other,0.0497601,90.6486,24.8583,145,978
POU2AF1,other,0.0160834,237.333,38.9117,66,3930
POU2F1,other,0.0560128,54.6456,33.9423,241,515
POU2F2,other,0.0184154,55.4138,18.4674,251,3551
POU2F3,other,0.0182208,37.8642,16.1669,350,3739
POU3F1,other,-0.00169567,84.5279,22.0012,316,2524
POU3F2,other,0.0114516,132.842,19.2488,102,2417
POU3F3,other,0.0185707,81.5259,18.3549,163,1326
POU3F4,other,0.0259798,83.3197,16.94,157,2075
POU4F1,other,-0.0143382,48.7781,19.5146,252,1751
POU4F2,other,0.0269559,71.454,12.1702,180,3473
POU4F3,other,0.0130326,39.6019,16.635,332,1374
POU5F1,other,0.0168319,28.2413,25.7494,435,3821
POU5F1B,other,0.00255234,83.6573,43.2549,158,1128
POU5F2,other,-0.00708517,56.9297,20.4879,226,3936
POU6F1,other,0.00676901,220.432,35.9993,65,490
POU6F2,other,0.012417,81.7256,23.7485,164,906
PPA1,other,0.192251,192.889,487.767,199,36
PPA2,other,-0.000269169,88.8555,137.642,147,376
PPAN,other,0.0170055,311.965,179.179,75,199
PPARA,other,0.0334915,49.5431,15.7787,289,3871
PPARD,other,0.00737265,142.502,19.3139,90,1195
PPARG,other,0.029258,93.8448,13.5554,121,2630
PPARGC1B,other,0.0661305,46.0781,29.0241,340,745
PPAT,other,0.00633758,11363.1,100.142,12,267
PPCDC,other,0.0381675,27.5025,73.7943,492,1459
PPCS,other,0.109362,106.752,128.526,165,322
PPDPF,other,0.00576301,374.104,62.6629,40,3148
PPFIA1,other,0.000363693,54.3857,23.7728,252,1115
PPFIBP1,other,0.0338315,60.3112,27.9324,219,802
PPHLN1,other,0.0489969,91.3745,40.7719,172,1827
PPIA,other,0.0261659,44.5243,27.1147,297,1483
PPIB,other,0.0165115,66.5113,18.9926,189,1981
PPID,other,0.016582,42.3869,25.5125,282,1380
PPIE,other,0.0132495,303.56,155.75,64,468
PPIG,other,0.00163151,114.374,27.4449,112,812
PPIH,other,0.114957,112.433,37.7809,187,1064
PPIL1,other,0.0294525,263.624,64.8604,55,707
PPIL2,other,-0.0233279,47.6413,69.1119,310,896
PPIL3,other,0.00353937,44.4283,13.8055,273,2190
PPIL4,other,-0.00805762,237.213,406.883,79,25
PPIP5K1,other,0.0376471,23.788,21.5635,588,1346
PPM1A,other,0.0438604,455.435,23.0902,38,3306
PPM1B,other,0.0125632,64.3773,17.5785,201,1576
PPM1D,other,0.043328,208.68,38.88,78,1951
PPM1F,other,-0.00358684,69.0395,48.8217,181,3438
PPM1G,other,-0.0106078,47.0916,28.1051,269,1272
PPM1K,other,0.00687685,58.9543,30.9264,218,2436
PPM1N,other,0.0210389,71.1866,15.9385,183,2538
PPME1,other,-0.0204601,27.8326,20.5806,497,1590
PPOX,other,0.00691991,211.97,19.2421,68,2077
PPP1CA,other,-0.0162816,27.194,24.9846,546,1458
PPP1CB,other,0.0344717,52.042,27.2214,279,1513
PPP1CC,other,-0.00858728,57.806,20.9263,269,1219
PPP1R10,other,0.0132714,1564.01,81.7972,21,339
PPP1R11,other,0.15172,198.334,128.853,132,302
PPP1R12A,other,0.00220636,25.7931,21.8097,490,1759
PPP1R12B,other,-0.0381389,359.67,23.838,44,942
PPP1R12C,other,0.0710249,80.0201,40.6895,164,2597
PPP1R14A,other,0.00225241,44.8801,18.6229,278,1425
PPP1R14B,other,-0.049404,144.443,51.3517,85,469
PPP1R14C,other,0.000955368,69.3223,24.1403,193,1186
PPP1R15A,other,-0.0246894,148.714,32.3879,91,786
PPP1R15B,other,0.0855431,48.5467,53.7704,316,545
PPP1R16A,other,0.00927407,121.563,16.8387,101,2537
PPP1R16B,other,-0.00798659,73.1076,28.5354,171,3126
PPP1R18,other,-0.000573891,25.1434,73.0805,515,1165
PPP1R2,other,0.0338809,118.309,37.1152,119,2676
PPP1R35,other,0.00920946,96.8874,35.6865,133,519
PPP1R37,other,-0.0508062,130.145,20.0021,150,1754
PPP1R3D,other,0.0341008,86.8354,20.6759,166,1552
PPP1R3E,other,-0.00487123,24.2622,29.1567,577,1204
PPP1R7,other,0.0547638,65.2651,30.1044,192,1374
PPP1R8,other,0.100168,170.539,40.5208,114,426
PPP1R9B,other,-0.00263271,80.3007,23.4088,167,1178
PPP2CA,other,0.00507171,36.2514,807.796,471,10
PPP2CB,other,-0.0345972,72.5903,22.6348,259,939
PPP2R1A,other,0.0297963,17.4072,259.799,1061,101
PPP2R1B,other,0.00140049,464.536,23.8137,41,1087
PPP2R2A,other,0.00106422,202.309,26.4455,80,931
PPP2R2D,other,0.0272382,120.61,21.2077,98,1561
PPP2R3B,other,-0.0079518,57.3003,23.1923,233,1357
PPP2R3C,other,0.0444671,105.622,22.8073,137,1925
PPP2R5A,other,0.0101866,68.9579,16.7169,188,3473
PPP2R5C,other,0.00300893,268.531,40.0903,51,580
PPP2R5D,other,-0.015361,110.664,29.2296,112,2109
PPP2R5E,other,-0.0167508,96.31,17.2679,129,1171
PPP3CA,other,-0.0303677,112.039,27.2126,124,1114
PPP3CB,other,0.0183148,172.46,19.0254,85,1102
PPP3CC,other,0.0203508,64.1434,16.2651,195,2525
PPP3R1,other,0.0319523,91.9507,34.3503,143,2761
PPP4C,other,0.0407806,63.1722,66.2436,271,420
PPP4R1,other,0.0128219,309.494,24.247,50,1158
PPP4R2,other,0.0449439,53.202,32.5492,406,927
PPP5C,other,0.0407865,53.4145,28.3411,271,715
PPP6C,other,0.00830608,61.0805,43.5326,240,762
PPP6R1,other,-0.00265952,40.0658,20.7149,306,1421
PPP6R2,other,0.00451983,41.9086,48.7244,299,2305
PPP6R3,other,0.00918399,60.0776,22.7508,222,4200
PPRC1,other,-0.00433191,143.277,47.8782,262,952
PPT1,other,-0.032118,147.276,21.2121,86,2520
PPT2,other,0.0135844,197.576,16.9929,65,1525
PPTC7,other,0.0353293,39.6335,18.8303,304,1626
PRADC1,other,-0.0087727,50.7554,189.665,270,74
PRC1,other,0.0250366,32.8841,388.854,382,44
PRCC,other,0.0824321,60.2487,89.4339,261,307
PRCP,other,0.0484668,35.7755,28.3869,372,2013
PRDM1,other,-0.00380117,58.4327,46.9026,216,8421
PRDM12,other,0.0043855,84.3168,50.1914,149,4524
PRDM13,other,0.0174648,47.4241,18.3526,385,2523
PRDM14,other,-0.0179695,73.1363,18.7634,205,1209
PRDM15,other,0.047627,373.718,47.0591,47,1734
PRDM16,other,0.0268961,219.262,20.7837,76,1470
PRDM2,other,-0.00993692,91.7019,31.3758,143,564
PRDM4,other,0.0185709,125.613,30.3265,176,1111
PRDM5,other,0.0563797,48.4049,22.5286,312,2814
PRDM6,other,-0.0178912,97.7325,13.3026,130,3520
PRDM8,other,0.033024,57.638,25.3015,327,833
PRDM9,other,0.0222333,36.4738,13.5344,355,3713
PRDX1,other,0.00754762,69.5504,21.1085,176,1372
PRDX2,other,-0.00166086,102.112,19.4653,130,1153
PRDX4,other,0.00565582,203.977,63.6523,84,2678
PRDX5,other,0.0261243,67.9154,22.3451,182,1634
PRDX6,other,0.0186244,55.8301,19.216,228,2297
PREB,other,0.0112875,114.906,630.299,110,12
PRELID1,other,0.0500449,69.118,50.5756,263,502
PRELID2,other,-0.00482924,113.423,14.2012,111,2327
PREP,other,0.0481214,139.354,20.6018,103,2069
PREPL,other,0.00738016,110.654,18.524,112,1824
PRICKLE3,other,0.0297405,53.3209,23.4783,280,982
PRIM1,other,0.0198806,156.742,187.672,102,87
PRIM2,other,-0.0418152,393.195,454.697,65,21
PRIMPOL,other,0.0125365,75.5259,33.3035,171,568
PRKAA1,other,5.13453e-05,258.354,20.6253,55,1087
PRKAB1,other,0.0977689,32.3372,21.1322,409,1454
PRKAG1,other,0.00317035,144.574,17.831,92,2170
PRKAR1A,other,-0.0426678,92.6379,258.569,148,188
PRKAR1B,other,0.0203867,78.8863,135.148,188,161
PRKAR2A,other,0.0451817,72.0981,14.716,183,2460
PRKAR2B,other,0.0132642,43.9146,75.2102,296,253
PRKCA,other,-0.0838094,142.47,37.9093,153,2250
PRKCB,other,0.00220302,63.4225,23.0617,210,2954
PRKCI,other,-0.00463533,58.2327,17.3348,284,1543
PRKCQ,other,0.00110249,69.418,40.5716,187,572
PRKCSH,other,0.03907,63.946,28.1937,206,967
PRKD2,other,-0.0164435,35.6965,29.9495,365,2892
PRKD3,other,0.0138119,52.5954,18.6432,252,1567
PRKDC,other,0.0342266,599.56,85.7859,35,271
PRKRA,other,0.000324358,55.8547,34.299,269,1911
PRKRIP1,other,0.00327523,26.8028,57.9179,460,293
PRKX,other,0.00918463,69.5248,47.3128,193,645
PRMT3,other,0.0786303,73.4486,27.7924,211,1048
PRMT5,other,0.0840992,93.3798,314.429,199,51
PROP1,other,0.0232054,52.9431,17.6087,243,2495
PRORP,other,-0.00238534,645.368,25.0257,40,1302
PROSER1,other,0.0461777,73.9705,23.53,175,3145
PROX1,other,0.00244658,38.9582,22.9185,340,943
PROX2,other,0.0039395,85.9611,54.8236,149,2473
PRPF38A,spliceosome (SF3/SNRP/PRPF),-0.00992646,1053.72,113.841,26,389
PRPF38B,spliceosome (SF3/SNRP/PRPF),0.0748898,721.013,134.918,38,150
PRPF39,spliceosome (SF3/SNRP/PRPF),-0.0172677,231.858,25.4947,88,2115
PRPF4,spliceosome (SF3/SNRP/PRPF),0.0151009,1440.25,178.432,25,96
PRPF40A,spliceosome (SF3/SNRP/PRPF),-0.00702915,232.567,319.283,134,33
PRPF40B,spliceosome (SF3/SNRP/PRPF),-0.00350882,157.19,16.6956,86,1643
PRPF6,spliceosome (SF3/SNRP/PRPF),0.0159505,135.539,366.471,126,45
PRPS1,other,-0.0169212,191.942,23.5387,76,1298
PRPS2,other,0.0278112,68.2147,338.844,196,61
PRPSAP1,other,-0.0272238,66.3727,32.7518,186,3900
PRPSAP2,other,0.0446487,43.7293,21.7582,292,947
PRR11,other,0.00912997,86.7883,22.3247,144,1108
PRR12,other,0.0495008,88.1656,30.2327,158,5193
PRR13,other,0.00156097,82.1233,20.289,157,3064
PRR14,other,0.0125584,109.656,26.9583,131,1003
PRR14L,other,0.0416315,156.668,28.2601,89,1307
PRR3,other,0.00900959,41.3218,16.7062,282,1640
PRR4,other,0.0207269,160.192,19.5848,83,1122
PRR5,other,0.00578502,110.2,22.267,114,1938
PRR7,other,0.00749079,93.3299,23.594,142,2428
PRRC1,other,0.00877244,48.5721,11.135,268,2504
PRRC2A,other,0.183698,101.598,35.8257,185,1160
PRRC2B,other,0.00417602,89.0363,110.209,134,123
PRRC2C,other,0.068534,209.749,20.3195,81,1721
PRRX1,other,0.00619569,71.3771,41.6587,183,1591
PRRX2,other,0.00198232,42.5376,23.0959,279,872
PRSS21,other,0.0159933,109.797,54.3134,114,645
PRTFDC1,other,-0.0194953,74.092,18.2239,170,1243
PRUNE1,other,0.0249318,72.2062,43.9491,195,4846
PRXL2A,other,0.0203777,54.1478,17.3101,272,1815
PRXL2C,other,-0.00538116,111.532,25.5641,129,1196
PSAP,other,0.0255695,174.556,24.8097,74,2509
PSAT1,other,0.00497591,103.757,25.7717,122,2635
PSD4,other,0.00523992,121.668,27.7283,116,2183
PSEN1,other,0.0172499,103.791,17.1589,128,2429
PSEN2,other,0.0244884,90.2112,22.7634,151,1107
PSENEN,other,-0.00673906,102.471,28.1214,120,2296
PSIP1,other,0.0951861,62.963,63.9307,254,1276
PSMA3,proteasome (PSM),0.00289376,72.7792,220.385,202,60
PSMA4,proteasome (PSM),0.053361,93.8599,198.167,197,61
PSMA7,proteasome (PSM),0.00245315,246.435,132.875,63,101
PSMB10,proteasome (PSM),0.00278942,65.4908,17.4547,196,3526
PSMB2,proteasome (PSM),-0.0159188,285.861,204.573,59,54
PSMB4,proteasome (PSM),0.0175351,71.7478,48.1178,197,588
PSMB5,proteasome (PSM),0.0280605,68.3455,21.5208,205,1233
PSMB6,proteasome (PSM),0.0282319,80.8226,86.9026,189,193
PSMB7,proteasome (PSM),-0.0232705,84.548,100.778,266,174
PSMC1,proteasome (PSM),-0.0254002,155.392,252.543,140,49
PSMC3IP,proteasome (PSM),0.0181274,82.168,31.6627,144,675
PSMC5,proteasome (PSM),-0.00936182,1295.45,140.267,24,144
PSMD1,proteasome (PSM),0.0219644,71.2964,158.901,194,112
PSMD10,proteasome (PSM),0.0390831,76.4336,24.916,168,4450
PSMD14,proteasome (PSM),0.00161485,1664.03,371.95,23,50
PSMD4,proteasome (PSM),0.148859,200.143,537.528,218,31
PSMD5,proteasome (PSM),0.0184235,70.6831,21.1664,190,1453
PSMD6,proteasome (PSM),-0.0539363,131.026,195.221,200,250
PSMD9,proteasome (PSM),-0.0106767,65.5579,71.4103,198,2484
PSME1,proteasome (PSM),0.00453068,61.7483,28.2631,288,2448
PSME2,proteasome (PSM),0.030891,35.42,22.2815,372,1678
PSME3,proteasome (PSM),-0.0715691,328.585,59.4902,67,308
PSME4,proteasome (PSM),-0.01588,67.089,13.3366,196,3776
PSMF1,proteasome (PSM),-0.00936443,121.838,34.6706,120,4449
PSMG2,proteasome (PSM),0.00195869,33.7683,101.203,364,2430
PSMG4,proteasome (PSM),0.00890815,315.356,331.648,80,28
PSPC1,other,0.0294314,72.6658,26.5967,179,1688
PSPH,other,0.00145666,336.499,96.4737,57,798
PSRC1,other,0.0353834,75.136,22.9146,174,2209
PSTPIP2,other,0.00603678,44.8582,28.3285,290,799
PTAR1,other,0.0308113,78.4292,18.3103,182,1599
PTBP1,other,0.0561869,215.055,84.6202,71,340
PTBP2,other,0.0210799,101.263,38.4588,118,2232
PTBP3,other,0.0278684,39.1342,24.853,338,2257
PTCD1,other,0.0456151,103.615,46.096,194,485
PTCD2,other,0.0473941,83.4538,45.27,174,711
PTCD3,other,0.111278,159.235,2321.06,99,10
PTDSS1,other,0.0458571,432.076,43.821,43,662
PTDSS2,other,0.146467,49.5891,54.5143,277,720
PTEN,other,0.0115396,104.48,52.2061,222,4894
PTER,other,0.0348884,308.188,18.482,54,1736
PTF1A,other,-0.0367422,53.8235,27.9953,241,3015
PTGER3,other,0.0470031,46.3181,37.2719,308,634
PTGES2,other,-0.00246802,45.9153,19.9354,270,1514
PTGES3,other,0.023044,214.868,53.928,71,299
PTGFRN,other,0.0138153,53.2931,24.3337,228,2105
PTGR2,other,-0.011364,139.483,29.6882,188,1219
PTK2,other,0.0287728,41.8111,17.9947,302,3284
PTK2B,other,-0.0132851,59.872,10.4972,221,4945
PTMA,other,0.0545939,50.0099,64.498,346,1482
PTP4A1,other,0.0159612,42.6547,26.3219,349,2035
PTP4A2,other,0.0124278,287.802,53.3982,59,329
PTP4A3,other,0.0293025,34.6453,13.2426,360,2603
PTPA,other,0.0477235,57.6806,39.2106,232,1456
PTPMT1,other,0.0899978,66.0627,50.7442,271,479
PTPN1,other,0.0280021,229.366,102.596,371,331
PTPN11,other,0.0105499,127.803,20.6231,250,2900
PTPN12,other,0.00536299,48.7906,25.6782,252,1413
PTPN18,other,0.0109443,31.4564,19.343,427,3093
PTPN2,other,-0.00188366,57.5407,55.6385,261,774
PTPN23,other,0.0343244,38.5297,817.21,371,10
PTPN4,other,0.00240656,78.3069,18.834,177,1478
PTPN7,other,0.00296508,89.1647,16.31,154,2381
PTPN9,other,0.0100034,199.227,21.0357,78,3686
PTPRA,other,-0.0208,49.868,34.8782,260,1462
PTPRC,other,0.045737,132.164,109.754,109,1087
PTPRF,other,0.00686505,68.98,21.6059,185,1443
PTRH1,other,0.0190381,64.486,25.1564,191,754
PTRH2,other,-0.0122177,90.6682,40.6124,142,703
PTRHD1,other,-0.00530645,67.509,18.5617,203,2017
PTS,other,0.00669004,90.1032,12.4422,143,1612
PTTG1,other,0.0589397,1199.53,218.078,23,114
PTTG1IP,other,0.0232021,98.1099,22.7808,125,1935
PUF60,other,0.0186132,165.569,35.8314,100,560
PUM1,other,0.0883612,80.5242,27.8313,206,1671
PUM2,other,0.0370753,63.3595,20.2929,245,2413
PURA,other,0.0160538,37.5588,25.1177,321,995
PURB,other,0.0269582,55.2445,21.75,240,1372
PURG,other,0.00355943,102.317,67.8059,143,280
PUS1,other,0.0202548,64.2133,34.096,226,2374
PUS10,other,0.0119962,141.188,36.7833,104,530
PUS3,other,0.0167364,109.297,26.0637,128,1796
PUS7,other,0.00606673,1462.06,15.6987,21,2032
PUS7L,other,0.0181784,108.966,31.6266,118,1730
PUSL1,other,0.0183991,68.4888,22.0545,185,3204
PVR,other,-0.022219,67.9496,71.4888,191,9479
PWP1,other,0.0367321,215.167,311.056,72,46
PWP2,other,-0.0663992,550.73,36.6923,39,2003
PWWP2A,other,0.0455644,62.7816,24.7735,243,800
PWWP2B,other,-0.0148813,36.154,18.6544,351,1526
PXK,other,-0.000173139,46.4858,30.451,283,841
PXMP2,other,0.000659835,34.9633,101.743,408,606
PXMP4,other,0.00305562,45.6617,64.169,263,1639
PXN,other,0.0325628,38.4856,14.0978,431,2436
PYCARD,other,0.0120171,72.8799,41.0166,170,402
PYCR2,other,-0.0111913,84.6483,15.8137,153,1689
PYCR3,other,0.0143527,46.8206,17.4627,263,1771
PYGB,other,-0.00469914,52.8182,22.8739,357,1102
PYGL,other,0.0166507,253.913,26.7353,59,1223
PYGO2,other,-0.0208434,170.285,21.0998,91,1192
PYROXD1,other,0.0185804,65.0449,76.8509,211,327
PYURF,other,-0.0432611,172.317,31.8536,114,2375
QDPR,other,-0.00363507,36.6207,34.7777,337,1478
QKI,other,0.0108052,75.888,21.1578,188,1631
QPCTL,other,-0.0243827,88.8401,21.8931,141,1926
QPRT,other,0.0133853,30.5904,17.2035,431,1420
QRICH1,other,-0.00668011,509.237,36.8703,43,779
QRSL1,other,0.0752864,51.0475,44.6181,286,1621
QSER1,other,0.00880119,48.5259,14.5125,287,2150
QSOX1,other,0.0171836,64.3173,26.017,200,3247
QSOX2,other,0.0212914,53.108,21.5631,242,3355
QTRT1,other,-0.00664084,453.411,39.6313,39,508
QTRT2,other,-0.0252882,72.8057,16.6659,184,2838
R3HCC1,other,0.0100165,66.9154,23.8837,196,2423
R3HDM1,other,0.0893301,42.1514,16.5926,346,2848
R3HDM2,other,0.0330953,71.8138,44.3253,189,397
R3HDM4,other,0.016557,47.6697,20.0842,262,1857
RAB10,other,-0.000277709,79.7237,38.0545,155,616
RAB11A,other,0.00872548,42.001,21.5412,320,1053
RAB11B,other,0.000981327,91.7221,17.9974,134,2611
RAB11FIP1,other,0.00524821,203.086,175.003,68,4005
RAB11FIP4,other,-0.00211966,84.5848,40.1551,156,1552
RAB12,other,0.0321305,45.8988,23.8301,285,1604
RAB13,other,0.0048563,49.5887,23.8343,253,1692
RAB14,other,-0.0389978,82.9711,20.1378,155,1666
RAB18,other,0.0574581,284.19,35.0258,66,730
RAB1A,other,-0.00539184,39.2946,63.0132,350,601
RAB1B,other,-0.0423646,427.949,18.8224,48,1189
RAB20,other,-0.0256046,281.005,34.9569,49,1494
RAB21,other,-0.0285118,91.0874,77.3683,137,2868
RAB22A,other,0.00276825,136.163,32.228,98,861
RAB23,other,0.0453343,70.6194,20.5366,183,1921
RAB24,other,-0.0377811,49.5355,31.8341,260,1271
RAB27A,other,0.0108595,46.1432,27.3412,279,1775
RAB28,other,0.000521845,94.9043,13.9135,145,2130
RAB2A,other,0.00266109,69.4407,29.8677,180,923
RAB2B,other,0.11452,52.2807,27.6613,252,1221
RAB30,other,0.00882968,155.384,16.0194,93,6051
RAB31,other,0.00184468,76.9729,18.9007,171,3292
RAB32,other,0.0144653,310.096,21.4989,54,2043
RAB35,other,-0.000842715,157.147,31.1876,82,1442
RAB3GAP1,other,-0.00781729,113.019,19.5872,115,1355
RAB3GAP2,other,0.0202166,74.984,18.8503,186,1904
RAB3IP,other,0.0119627,75.6596,19.3123,180,4239
RAB40B,other,-0.0149773,335.654,19.0089,43,1177
RAB40C,other,0.0343672,54.0018,29.2744,252,2097
RAB4A,other,0.0220472,23.6181,35.0575,656,1690
RAB5B,other,0.021044,174.32,35.8944,78,1578
RAB5C,other,0.0334928,33.6108,23.5488,374,1213
RAB5IF,other,0.0193836,143.149,28.2275,113,1150
RAB6A,other,-0.000444765,93.0671,315.618,148,46
RAB7A,other,0.0438214,268.314,28.0201,67,2609
RAB8A,other,-0.0132709,79.4308,14.7838,159,2405
RAB8B,other,-0.0136434,83.2441,27.2935,151,2087
RAB9A,other,0.00813462,46.947,25.5771,296,2845
RABAC1,other,0.0199985,49.4359,18.6601,250,2147
RABEP1,other,-0.00860957,66.742,25.2334,189,1561
RABEPK,other,0.0157425,64.5758,27.6568,210,1343
RABGAP1,other,0.0022039,38.4476,16.5407,321,2793
RABGAP1L,other,-0.0219009,32.9204,37.7641,373,1106
RABGEF1,other,0.0183876,54.4933,37.6026,233,809
RABGGTB,other,0.01274,126.995,70.712,141,284
RABIF,other,0.0313379,48.931,19.6434,259,2526
RABL3,other,0.0363682,116.54,201.622,124,100
RABL6,other,0.0315121,104.123,30.2991,121,2068
RAC1,other,0.0396385,36.1554,14.0179,406,1876
RAC2,other,-0.00305163,48.6757,27.3477,277,1619
RAC3,other,-0.0434106,49.5509,31.4952,385,1104
RAD1,other,-0.0347642,81.4945,33.1297,165,614
RAD17,other,0.000788142,47.5506,88.2169,295,339
RAD18,other,0.031001,46.8881,31.7355,264,1079
RAD21,other,-0.0795718,129.381,51.6623,291,643
RAD23A,other,-0.00714614,69.0648,40.1436,200,3317
RAD23B,other,0.0286187,146.789,32.0223,97,903
RAD50,other,-0.0170577,68.8794,139.666,169,869
RAD51AP1,other,0.0384405,51.1019,20.5802,247,1198
RAD51B,other,0.0246864,391.84,45.1383,40,746
RAD51D,other,0.0197369,31.3389,98.3234,362,189
RAD52,other,0.00618585,29.7527,17.277,432,1138
RAD54B,other,0.000636862,49.345,32.0693,263,758
RAD54L,other,-0.00328967,57.9526,19.0338,219,1941
RAD54L2,other,-0.0138347,1398.52,31.4467,23,2103
RAF1,other,0.0288881,98.4336,84.4328,135,5227
RAG1,other,0.0261343,151.822,15.9115,84,1715
RAI1,other,0.0409099,158.106,21.59,94,1614
RAI14,other,0.0096567,105.301,37.6437,153,1267
RALA,other,0.0165371,138.179,37.729,111,920
RALB,other,-0.0174505,283.909,12.9402,49,3174
RALBP1,other,0.0208079,57.3465,51.9304,224,1017
RALGAPA1,other,0.00624168,39.3586,11.7976,307,1971
RALGAPB,other,-0.0183279,57.8778,25.458,227,2137
RALGDS,other,0.0112085,29.6228,64.4178,462,295
RALGPS2,other,0.00811984,66.4332,12.2821,193,3705
RALY,other,-0.0116476,65.4847,26.2225,197,901
RAMAC,other,0.0734092,183.976,31.5812,148,765
RAN,other,-0.0212326,86.1216,128.809,149,191
RANBP1,other,0.0423834,90.2574,34.6241,176,1179
RANBP10,other,0.00821072,974.216,16.8518,25,2755
RANBP2,other,0.0298883,67.3472,38.1606,198,1078
RANBP3,other,0.10306,119.502,49.7972,151,602
RANBP6,other,0.00924133,95.869,32.9491,134,4729
RANBP9,other,-0.00303334,51.5797,27.5091,261,860
RANGRF,other,-0.010407,76.8828,65.4353,161,7329
RAP1A,other,0.0571974,40.2357,42.7655,406,440
RAP1B,other,-0.00694105,72.9562,24.6806,171,700
RAP1GDS1,other,0.0027102,72.8874,21.7474,178,1836
RAP2A,other,0.00658628,126.025,42.0391,109,486
RAP2B,other,0.00359674,85.2112,17.2038,157,2018
RAP2C,other,0.0100705,94.9835,21.6057,130,3500
RAPGEF1,other,0.0172406,189.324,24.2844,74,1142
RAPGEF2,other,0.000413836,128.081,19.218,109,1680
RAPGEF6,other,0.0155069,340.494,56.8086,52,302
RARA,other,0.0203378,62.9267,21.9897,211,1247
RARB,other,-0.000906242,111.161,29.723,119,1557
RARG,other,-0.0115656,38.7176,23.6908,320,2323
RARS2,other,-0.0883716,132.356,29.4198,187,1556
RASA1,other,-0.00579129,31.9029,24.9911,398,793
RASA2,other,0.0279183,45.8544,41.2755,280,1307
RASA3,other,-0.0138559,44.1732,36.5127,287,2306
RASGEF1A,other,0.0227988,46.0493,16.5778,277,2466
RASGRP2,other,-0.0231867,37.5509,17.7631,350,1381
RASSF1,other,-0.0528856,41.1386,21.5226,374,1829
RASSF3,other,-0.013642,807.954,29.4072,31,802
RASSF5,other,-2.09335e-05,37.556,26.8199,374,2919
RASSF7,other,-0.000318792,99.0034,20.3154,146,1130
RAVER1,other,0.0492564,35.4887,25.601,356,2740
RAX,other,-0.00124386,50.6524,14.3699,266,3182
RAX2,other,-0.00641136,72.5619,13.4727,172,2265
RB1,other,0.0586623,33.5888,11.115,433,3111
RB1CC1,other,0.000824984,48.7601,137.969,246,833
RBAK,other,0.031889,20.3228,15.1729,652,3024
RBBP4,other,0.0231732,125.564,111.709,144,121
RBBP5,other,0.107845,360.992,98.321,56,281
RBBP6,other,5.09309e-05,295.01,41.3685,92,500
RBBP7,other,-0.00627399,86.09,20.5665,136,2687
RBBP8,other,0.0868569,97.3786,308.79,161,36
RBCK1,other,0.00530023,96.2893,46.7304,159,483
RBFA,other,0.0457739,77.023,39.5042,196,1029
RBIS,other,0.000142324,84.7201,42.1172,145,476
RBL1,other,-0.0117406,59.6486,43.4161,256,400
RBL2,other,-0.0354477,23.2544,37.1633,564,1163
RBM10,other,0.158742,70.8577,43.0912,255,1634
RBM12,other,0.181199,149.596,48.1394,149,1595
RBM12B,other,0.0311889,101.967,20.6255,133,2092
RBM15,other,0.175877,80.1566,33.0012,259,1270
RBM15B,other,0.0291081,49.9198,38.6471,273,2798
RBM17,other,0.0254968,182.557,29.7802,124,1312
RBM19,other,0.0433478,256.143,55.3352,77,323
RBM23,other,0.0222431,81.7728,23.6659,160,1775
RBM25,other,-0.0743106,593.155,126.469,49,637
RBM27,other,0.104178,116.917,77.8823,146,568
RBM28,other,0.0106063,631.797,84.454,42,255
RBM3,other,-0.0101494,70.9083,37.0879,190,529
RBM33,other,0.124868,131.171,78.9986,188,794
RBM34,other,0.0179165,62.9945,19.8871,206,1557
RBM38,other,0.0147426,66.0956,82.6116,188,2152
RBM39,other,0.0177728,145.245,87.5094,103,450
RBM41,other,0.0126643,114.008,38.1415,118,711
RBM45,other,-0.0140727,49.7443,17.3769,261,3973
RBM6,other,0.0316778,77.7029,29.7242,187,941
RBM7,other,0.0433154,160.634,49.9242,113,448
RBM8A,other,0.019525,986.801,175.247,25,83
RBMX2,other,0.0213979,190.272,103.379,126,144
RBMXL1,other,0.00339209,104.589,35.2051,132,568
RBP5,other,0.00212452,78.3166,30.8634,169,2146
RBPJ,other,0.0576553,97.8408,24.2692,123,2072
RBPJL,other,0.0164044,79.9273,46.0221,203,1813
RC3H1,other,0.0323671,168.455,39.3791,72,2209
RCAN1,other,-0.00582666,262.035,18.7486,58,2693
RCBTB2,other,-0.0582468,33.4883,15.2211,372,3606
RCC1L,other,0.0497763,151.377,32.0338,92,1873
RCC2,other,0.0362017,50.8951,18.5647,252,1872
RCCD1,other,-0.0144464,49.8746,26.7263,363,1763
RCE1,other,0.00145583,45.9915,23.2263,271,1389
RCHY1,other,-0.00615892,54.3472,31.5608,251,1212
RCL1,other,-0.0464058,318.084,271.568,107,54
RCN1,other,0.0368427,22.8944,51.8572,610,389
RCN2,other,0.0290682,87.3588,18.7817,144,1393
RCN3,other,0.0159182,52.2144,18.6043,235,2439
RCOR1,other,-0.0158706,238.41,31.2686,66,3089
RCOR3,other,-0.0110359,154.342,39.7467,98,845
RCSD1,other,-0.00988466,48.5006,13.1385,282,2252
RDH10,other,-0.00144386,669.681,21.3547,30,772
RDH11,other,-0.0307929,73.104,35.6848,202,697
RDH13,other,0.0144005,21.4869,31.6841,573,1189
RDH14,other,0.0136227,1193.68,16.3391,21,2403
RDX,other,-0.0161248,41.5336,37.4181,303,572
RECQL,other,-0.0207118,103.378,17.2912,134,4549
RECQL4,other,-0.053952,44.5571,83.2524,365,544
RECQL5,other,-0.0171047,181.805,29.5207,94,1306
REEP3,other,0.0707579,75.6717,27.9006,184,1354
REEP4,other,0.00916013,67.5474,17.0044,187,1382
REEP5,other,-0.00227321,57.1848,32.8545,284,1444
REEP6,other,-0.00330208,84.7406,17.6521,144,2933
REL,other,0.0142675,81.3059,35.3707,169,1032
RELA,other,-0.00400361,65.5217,30.3509,185,702
RELB,other,-0.00150912,28.4078,25.9864,451,693
RELL2,other,0.0700177,346.139,72.1193,55,448
RELT,other,0.0142205,71.0878,72.2604,192,4542
RENBP,other,-0.0128394,45.8673,17.871,272,1776
REPIN1,other,-0.0342043,42.4047,32.5483,317,2917
REPS1,other,-0.00480676,74.6156,26.4596,177,1880
RER1,other,0.0123973,127.213,62.1155,116,683
RERE,other,-0.000390934,85.5945,21.8166,151,1502
RESF1,other,0.0276854,100.92,19.1471,126,2440
REST,other,0.0742387,36.2687,89.6002,472,259
RETREG2,other,-0.0294098,57.1401,25.8666,227,911
RETREG3,other,-0.0194145,78.6652,94.8527,161,474
RETSAT,other,0.0237118,105.184,28.8504,129,960
REV3L,other,-0.0209735,55.2499,44.6255,217,614
REX1BD,other,0.010901,98.503,16.3978,134,2272
REXO1,other,-0.0478903,76.4136,77.8639,190,3452
REXO2,other,0.046642,243.812,24.2161,98,3317
REXO4,other,0.00470393,134.718,31.3363,99,1194
RFC1,other,0.0471828,93.1284,78.9972,160,211
RFC3,other,0.0265598,212.816,678.592,113,13
RFESD,other,0.0305942,42.7761,16.4835,298,1222
RFFL,other,-0.00109914,386.129,15.0893,47,1500
RFLNB,other,-0.0114431,116.997,16.3672,113,1386
RFNG,other,0.0580641,75.5266,31.6804,172,1210
RFT1,other,0.0802704,60.2965,105.983,244,279
RFWD3,other,-0.0223501,241.72,74.092,64,359
RFX1,other,0.239789,81.1877,36.4136,181,1579
RFX2,other,0.00712641,85.0838,33.1206,151,4695
RFX3,other,0.0103947,80.1969,29.1351,157,1013
RFX4,other,0.0340358,90.8277,38.9393,155,580
RFX5,other,0.0722506,86.3908,16.2732,163,8151
RFX6,other,-0.0202657,68.9668,16.724,208,1873
RFX7,other,0.0116103,120.609,27.663,112,723
RFX8,other,0.00680931,51.6227,15.749,249,1572
RFXANK,other,0.0134724,89.5437,16.5506,133,1564
RFXAP,other,0.0802994,78.9237,21.8309,174,1342
RGCC,other,-0.00221922,69.758,18.0953,207,1333
RGL2,other,0.00538257,38.7468,21.2111,341,2321
RGPD6,other,0.0673284,31.1499,63.1396,466,323
RGS10,other,0.00767455,40.7976,14.5878,342,1586
RGS14,other,-0.0318023,74.4254,14.684,168,3139
RGS16,other,0.00972776,54.6796,19.0131,230,2188
RGS19,other,-0.00616073,77.7339,18.7272,169,2157
RHBDD1,other,0.0677329,41.9378,21.2721,326,2056
RHBDD2,other,0.024065,32.5069,15.8506,387,1804
RHBDD3,other,0.046382,59.1532,39.1448,244,1289
RHEB,other,-0.0154176,282.069,42.4121,67,1344
RHEBL1,other,-0.0125801,219.221,47.4804,68,2462
RHNO1,other,0.058238,85.0771,36.5163,147,678
RHOA,other,-0.0425143,103.605,221.543,119,131
RHOBTB1,other,0.0075395,74.4745,25.5836,167,1024
RHOBTB3,other,0.0363328,82.2208,26.0754,152,4519
RHOC,other,0.0823403,54.4882,28.3384,235,1034
RHOG,other,0.0302563,15.0366,17.3682,956,2143
RHOH,other,0.0284977,139.943,22.6029,96,1305
RHOQ,other,-0.00680586,26.5884,42.6577,563,457
RHOT1,other,-0.0274198,40.1184,50.8405,322,737
RHOT2,other,-0.0162008,35.1408,28.2018,382,890
RHOXF1,other,0.03986,50.5455,23.9589,245,3468
RHOXF2,other,0.0218091,175.422,26.6037,87,3980
RHPN1,other,0.0802785,23.0429,27.2971,572,1720
RIC8A,other,0.0298651,28.5216,24.4194,488,2039
RICTOR,other,-0.0100624,89.955,36.4025,172,1884
RIDA,other,-0.0354477,236.542,90.078,54,397
RIF1,other,0.0842853,87.0643,28.0104,192,1572
RILP,other,0.0102557,74.3607,29.0575,171,817
RILPL2,other,0.0113186,57.7136,14.2642,219,2703
RIMKLB,other,-0.00370577,103.65,34.4254,124,3162
RING1,other,0.042559,48.0844,23.9335,256,2089
RINT1,other,-0.0403634,99.265,223.205,223,53
RIOK1,other,-0.0115284,195.021,21.2689,246,1634
RIOK3,other,-0.0138409,116.381,22.8368,116,2205
RIOX1,other,0.0618719,60.1197,19.4864,232,3469
RIOX2,other,-0.0115293,66.7188,18.5033,206,1537
RIPK1,other,0.00985096,30.8793,35.6038,423,1006
RIPK2,other,0.00219923,64.3854,23.3503,205,1225
RIPOR1,other,0.00398094,63.7967,116.52,228,610
RIT1,other,-0.00663099,125.303,11.7155,105,2496
RLF,other,0.00403721,91.0025,35.2133,156,1052
RLIM,other,0.0366218,76.3498,19.4218,178,2740
RMDN1,other,0.0359159,70.6443,18.1574,180,1530
RMDN3,other,0.0695002,126.041,28.4143,128,1410
RMI1,other,0.0499676,43.7386,27.9336,354,818
RMI2,other,0.0161581,75.7078,26.3736,218,811
RMND1,other,0.0186128,126.787,22.2447,112,1253
RMND5A,other,-0.0226112,53.0503,47.4617,239,1663
RMND5B,other,-0.0284271,51.136,21.8067,271,1274
RNASE1,other,-0.0214728,161.945,31.3707,79,3627
RNASEH1,other,0.0168484,251.635,36.7176,78,949
RNASEH2A,other,-0.0153524,91.8305,93.7625,166,291
RNASEH2B,other,0.0251167,159.764,124.888,94,176
RNASEH2C,other,0.0455139,88.82,182.586,213,70
RNASEK,other,0.00950244,2101.52,100.526,20,193
RNASET2,other,-0.00750378,115.488,28.1368,113,875
RNF103,other,0.0338945,53.7396,22.5486,249,1425
RNF11,other,-0.0116327,53.6039,16.1948,290,1476
RNF111,other,-0.0168637,43.2187,43.1881,298,586
RNF113A,other,0.0280954,173.33,154.86,87,158
RNF114,other,-0.0101272,49.796,19.7758,265,1629
RNF115,other,0.0333119,55.608,30.9945,228,565
RNF121,other,0.0265235,78.5278,24.0416,165,1527
RNF123,other,-0.0102355,37.7706,25.0518,355,1169
RNF125,other,0.0291252,50.9994,18.8314,233,2365
RNF126,other,-0.0182276,61.6652,18.9597,230,2062
RNF13,other,-0.00838413,61.6902,22.9008,211,1981
RNF130,other,0.0228122,68.9214,26.543,177,1409
RNF138,other,-0.00819862,42.6508,23.3667,299,2023
RNF139,other,0.00323755,35.4304,17.3396,352,1297
RNF14,other,0.0364996,27.8186,28.5139,513,2464
RNF144A,other,-0.0310919,56.7985,27.5062,223,1506
RNF145,other,0.0361065,41.8603,26.2728,318,997
RNF146,other,-0.0592753,66.1499,13.0929,247,2294
RNF149,other,0.0179203,184.766,20.3847,75,1092
RNF157,other,-0.00273108,60.5993,23.9486,237,1084
RNF166,other,-0.0235,32.0989,39.5437,434,1562
RNF167,other,0.0139321,125.266,24.9056,112,2150
RNF168,other,0.00343097,79.2434,34.9339,168,908
RNF169,other,-0.0119344,82.1361,19.947,161,2015
RNF170,other,0.0269552,28.6646,29.8131,435,654
RNF181,other,0.0140038,47.8927,29.6597,267,2423
RNF185,other,0.0325078,95.0279,15.3901,133,2315
RNF187,other,0.0582,38.199,25.7501,326,1192
RNF19A,other,-0.0061823,54.7459,29.5884,242,1881
RNF19B,other,-0.0191521,41.0281,25.1434,340,2086
RNF20,other,0.17433,312.877,143.019,99,217
RNF207,other,0.021354,23.7845,18.319,527,1617
RNF208,other,0.00221625,123.014,22.363,119,1240
RNF213,other,0.00935406,59.5426,19.4342,216,1380
RNF214,other,0.0767383,67.9384,25.5411,189,2562
RNF216,other,0.0160807,38.2894,20.9194,349,1828
RNF220,other,0.00195221,57.8626,17.7983,214,2097
RNF24,other,0.0136356,162.408,16.1269,79,2599
RNF25,other,0.0183818,59.7362,24.7284,217,1988
RNF26,other,-0.005215,194.987,25.3984,72,1196
RNF31,other,0.0631758,159.002,123.563,178,145
RNF34,other,0.0207376,1797.71,56.4218,23,3755
RNF4,other,-0.0570436,492.902,62.0944,36,469
RNF40,other,0.176244,113.605,209.278,273,90
RNF41,other,0.0952225,63.5843,40.0985,257,2063
RNF44,other,0.0419524,85.6678,18.3861,176,2382
RNF5,other,0.0181211,106.582,16.2333,119,2538
RNF6,other,0.015956,96.3289,26.5607,138,1431
RNF7,other,-0.0151839,72.5032,69.5982,188,408
RNF8,other,0.00716483,32.4147,58.7064,352,2309
RNFT1,other,-0.00887988,82.048,40.7369,164,5347
RNFT2,other,0.0206893,61.413,33.5469,201,2631
RNGTT,other,0.0343318,97.0778,674.672,208,14
RNH1,other,-0.0237529,69.8265,28.9036,189,2399
RNMT,other,0.146976,153.918,291.878,208,41
RNPC3,other,0.0692121,199.799,336.646,90,57
RNPEP,other,-0.00359128,52.0685,23.6292,252,1558
RNPEPL1,other,0.0189613,125.749,21.4454,104,1327
RNPS1,other,-0.0564455,95.0486,31.0771,219,1512
RO60,other,0.0407709,41.6172,46.6478,298,3144
ROCK1,other,-0.0126941,79.0338,24.3584,170,1209
ROCK2,other,-0.01313,86.828,32.8014,153,2745
ROGDI,other,-0.0427402,56.0309,48.2586,238,1245
ROMO1,other,-0.0870676,199.431,265.039,149,41
RORA,other,0.0378938,109.664,59.9326,128,320
RORB,other,0.00953995,112.03,24.4702,117,2171
RORC,other,0.0169217,59.6119,16.6862,215,3784
RP9,other,-0.0154152,521.8,39.1818,32,663
RPA1,other,-0.0212296,42.1139,429.449,321,19
RPAIN,other,0.0401793,100.733,134.483,146,1481
RPAP2,other,0.00333801,208.42,22.8576,152,1051
RPE,other,-0.0439966,62.3061,49.9005,206,1019
RPF1,other,-0.0132529,312.897,354.871,57,39
RPGR,other,0.00237296,64.7416,53.3206,178,3642
RPGRIP1L,other,0.0543867,84.7788,23.0676,150,1170
RPIA,other,0.0223083,49.6141,66.3704,303,293
RPL10,ribosome (RPL/RPS),-0.0252254,213.83,131.056,143,1128
RPL11,ribosome (RPL/RPS),0.0553721,113.615,250.144,204,43
RPL17-C18orf32,ribosome (RPL/RPS),-0.00461387,148.374,511.997,96,21
RPL19,ribosome (RPL/RPS),-0.0384983,270.671,957.331,117,13
RPL21,ribosome (RPL/RPS),-0.0427433,219.341,94.5162,118,213
RPL22,ribosome (RPL/RPS),0.0505074,47.1541,25.605,280,1012
RPL22L1,ribosome (RPL/RPS),-0.0304727,70.3233,20.0182,226,1609
RPL23A,ribosome (RPL/RPS),0.0545931,401.324,117.19,52,134
RPL26,ribosome (RPL/RPS),0.0549052,343.105,634.722,87,12
RPL26L1,ribosome (RPL/RPS),0.00161929,42.9075,24.1047,315,2306
RPL27A,ribosome (RPL/RPS),-0.0253492,901.699,395.29,40,26
RPL28,ribosome (RPL/RPS),-0.013839,150.187,64.9472,106,284
RPL29,ribosome (RPL/RPS),-0.00167546,133.483,67.1107,142,363
RPL35,ribosome (RPL/RPS),-0.0015567,295.519,132.562,51,451
RPL36,ribosome (RPL/RPS),0.0551587,468.342,209.359,86,78
RPL36AL,ribosome (RPL/RPS),-0.0148305,43.5495,22.8995,313,2438
RPL37,ribosome (RPL/RPS),-0.0849736,104.79,126.742,277,376
RPL37A,ribosome (RPL/RPS),0.0287615,104.282,340.007,264,32
RPL38,ribosome (RPL/RPS),0.0584693,334.981,635.497,82,26
RPL39L,ribosome (RPL/RPS),0.0034359,57.9514,20.4844,231,1024
RPL41,ribosome (RPL/RPS),0.0114814,165.734,22.2192,93,2302
RPL5,ribosome (RPL/RPS),0.00392069,204.062,488.17,109,11
RPL7A,ribosome (RPL/RPS),-0.00958279,5378.07,127.602,10,250
RPL7L1,ribosome (RPL/RPS),0.0189759,505.85,26.8388,37,950
RPLP0,ribosome (RPL/RPS),-0.0311946,192.968,98.2422,87,160
RPLP1,ribosome (RPL/RPS),-0.0132107,190.758,343.382,97,36
RPLP2,ribosome (RPL/RPS),0.0612784,137.324,225.007,179,78
RPN1,other,0.0227075,163.975,79.1881,103,235
RPN2,other,0.0251465,70.8127,290.418,191,49
RPP14,other,0.0684703,297.82,48.6859,87,432
RPP21,other,0.0596197,159.696,695.877,111,27
RPP25,other,-0.023295,62.1287,47.8326,219,708
RPP25L,other,-0.0391229,211.978,33.865,63,1348
RPP30,other,0.0203803,366.503,287.248,101,55
RPP38,other,0.016873,278.633,559.064,58,15
RPP40,other,0.0784315,430.584,391.864,49,25
RPRD1A,other,0.0798121,196.738,730.447,87,42
RPRD1B,other,0.254361,364.822,94.6384,64,416
RPRD2,other,0.117314,138.918,93.2841,105,2161
RPS11,ribosome (RPL/RPS),0.0138969,331.606,660.638,115,11
RPS15A,ribosome (RPL/RPS),0.0213422,167.298,391.203,175,22
RPS16,ribosome (RPL/RPS),0.00117785,1676.42,76.7597,20,127
RPS18,ribosome (RPL/RPS),-0.0203911,606.25,37.797,41,680
RPS19,ribosome (RPL/RPS),0.0459729,369.189,185.706,160,168
RPS2,ribosome (RPL/RPS),0.0838233,328.398,146.096,78,108
RPS21,ribosome (RPL/RPS),0.0521123,191.937,132.906,94,118
RPS23,ribosome (RPL/RPS),0.0634916,319.443,267.996,68,71
RPS24,ribosome (RPL/RPS),-0.0364187,429.496,80.3889,89,268
RPS25,ribosome (RPL/RPS),0.0538854,187.627,93.3529,75,317
RPS26,ribosome (RPL/RPS),-0.0265756,724.505,53.5878,32,617
RPS27,ribosome (RPL/RPS),-0.00846041,278.199,223.271,87,56
RPS27L,ribosome (RPL/RPS),-0.0238866,89.7709,23.3505,139,1054
RPS28,ribosome (RPL/RPS),0.00170194,146.889,297.218,202,74
RPS29,ribosome (RPL/RPS),0.0106917,43.7517,151.044,377,96
RPS5,ribosome (RPL/RPS),-0.00424708,596.217,1010.53,41,10
RPS6,ribosome (RPL/RPS),-0.00698928,770.948,114.089,58,207
RPS6KA1,ribosome (RPL/RPS),-0.0441707,40.8674,60.6832,332,4971
RPS6KA3,ribosome (RPL/RPS),-0.0397994,34.8824,26.6156,434,779
RPS6KA4,ribosome (RPL/RPS),0.0183891,60.2009,29.0295,204,2459
RPS6KB1,ribosome (RPL/RPS),0.114437,120.701,38.5237,146,1139
RPS6KB2,ribosome (RPL/RPS),0.00864836,322.837,19.3592,45,1346
RPS6KC1,ribosome (RPL/RPS),0.00208561,106.146,21.221,118,1946
RPS6KL1,ribosome (RPL/RPS),-0.0176193,46.537,15.289,264,1639
RPS7,ribosome (RPL/RPS),0.0106735,193.436,602.189,125,12
RPS8,ribosome (RPL/RPS),0.00242964,1094.67,659.285,17,13
RPTOR,other,0.0579594,274.841,74.1917,105,778
RPUSD1,other,0.0240829,32.5992,62.7628,424,654
RPUSD2,other,0.00813606,74.6521,18.9473,160,1844
RPUSD3,other,0.0578355,59.5281,24.6893,254,2151
RPUSD4,other,0.0239927,93.9625,44.3033,181,803
RRAGA,other,0.0444066,243.901,74.1705,66,842
RRAGB,other,0.0494986,158.946,71.4706,89,1777
RRAGC,other,-0.0922397,38.1996,47.0955,362,979
RRAGD,other,-0.0180223,51.9409,19.5819,246,1148
RRAS,other,-0.0132594,66.8625,26.1084,188,2262
RRAS2,other,-0.0362511,72.311,20.4691,197,1619
RRBP1,other,0.0243778,71.0254,20.4036,188,1196
RREB1,other,0.0396418,91.2137,24.6288,151,2527
RRM1,other,-0.00600202,197.245,311.628,74,53
RRM2,other,0.00605736,27.9157,240.911,493,53
RRM2B,other,0.0188239,45.3641,132.194,265,804
RRN3,other,0.00889535,252.617,242.348,59,44
RRP1,other,0.00193198,168.372,298.742,112,36
RRP12,other,-0.054107,489.05,206.469,87,71
RRP1B,other,0.017354,95.6916,21.1896,125,2350
RRP8,other,0.0533218,63.6525,28.2967,215,729
RRP9,other,0.124236,146.768,245.324,185,83
RSAD1,other,-0.0414863,73.2484,49.3041,205,537
RSBN1,other,-0.00189414,81.5938,46.0664,166,620
RSBN1L,other,0.0064373,78.7105,36.1189,154,5109
RSF1,other,-0.00548699,223.02,35.9268,68,1133
RSKR,other,0.0770907,56.3818,26.1012,248,1964
RSL1D1,other,-0.0209737,36.9864,342.01,427,34
RSPRY1,other,0.0155338,92.0666,14.9321,139,2958
RSRC2,other,0.0210368,107.327,22.4048,167,1929
RSU1,other,0.0129337,1342.24,23.7259,24,952
RTCA,other,0.019682,86.4906,15.5526,144,1555
RTCB,other,0.208631,132.56,1006.78,298,20
RTEL1,other,0.0294927,39.0603,418.536,424,42
RTF2,other,-0.0132743,77.682,170.026,175,100
RTKN2,other,-0.000734099,167.782,32.244,86,6370
RTL8A,other,0.0514022,64.0988,18.73,225,2101
RTL8C,other,0.0502675,41.5456,17.04,318,3440
RTN3,other,-0.00827901,115.248,25.8244,112,1542
RTN4,other,0.0136429,104.334,19.2781,122,3033
RTN4IP1,other,0.0147454,91.5042,71.2212,144,4580
RTRAF,other,0.283348,130,288.587,298,370
RTTN,other,-0.0331458,55.6437,136.746,237,165
RUFY1,other,0.0104214,50.1828,31.6834,264,5053
RUFY2,other,0.00991455,66.9488,20.1259,190,1886
RUFY3,other,-0.00176602,29.3206,41.3137,444,456
RUNDC1,other,0.00624041,88.2318,12.486,164,1938
RUNX1,other,-0.00696181,77.5447,18.8511,180,1039
RUNX2,other,-0.00338065,92.824,55.3162,153,417
RUNX3,other,0.0158604,48.9311,32.3945,255,661
RUSC1,other,-0.00583756,47.0569,23.4623,282,2337
RWDD1,other,0.00152631,74.5804,29.1154,181,783
RWDD2B,other,0.0331799,92.2331,26.5395,136,1792
RWDD3,other,9.43949e-05,229.015,28.9715,60,1737
RWDD4,other,0.0546429,67.1191,121.981,204,155
RXRA,other,0.00707057,138.696,20.3777,92,1716
RXRB,other,0.045944,109.601,106.584,116,1049
RXRG,other,-0.0209177,156.502,73.6337,96,196
RXYLT1,other,0.00841337,48.2738,21.4495,248,4745
RYBP,other,0.00283277,98.3917,29.6732,134,1889
RYK,other,0.00720925,41.7923,15.6841,298,4283
S100A1,other,0.0297679,63.1301,19.5316,394,1519
S100A10,other,-0.00251333,49.7395,31.4496,250,2742
S100A13,other,-0.0085931,53.7425,19.1731,230,1286
S100A4,other,0.0399797,54.8925,33.7181,261,1504
S100A6,other,0.0170829,128.473,44.2547,111,572
S100P,other,0.0247252,596.842,16.5826,37,2879
S100PBP,other,0.0328815,117.776,46.2946,118,436
SAAL1,other,0.00433867,41.185,28.4951,296,949
SAC3D1,other,0.00767783,97.4682,20.397,132,2484
SACM1L,other,-0.146739,86.3236,55.0237,240,830
SACS,other,-0.0638965,49.6044,18.6489,283,3850
SAFB,other,0.0498007,129.504,27.4633,112,797
SAFB2,other,-0.00329031,98.3456,25.4466,178,1484
SALL1,other,0.014466,208.737,17.4742,70,2046
SALL2,other,0.0214453,51.0131,15.1425,254,2552
SALL3,other,0.0039249,72.004,34.1711,221,715
SALL4,other,0.0153398,223.526,15.38,67,2526
SAMD1,other,0.0286391,68.095,58.8051,196,1871
SAMD4B,other,-0.0713703,106.329,25.5263,176,2178
SAMHD1,other,0.00927457,59.9361,22.839,205,4467
SAMSN1,other,-0.0266779,94.9391,17.9894,128,2379
SAP130,other,0.111245,62.7413,35.2965,266,1712
SAP18,other,0.0314493,241.444,285.989,88,40
SAP30,other,0.032818,453.272,37.9842,39,1558
SAP30BP,other,0.00239349,162.271,57.0861,97,288
SAPCD2,other,-0.0246439,32.9698,24.1822,375,1101
SAR1A,other,0.024238,69.661,19.3948,185,1297
SAR1B,other,0.00167132,48.8749,18.1225,251,2800
SARNP,other,0.0422504,77.1018,48.278,185,4109
SARS2,other,0.0197653,55.391,40.8624,317,1193
SASS6,other,0.00802687,107.499,406.484,129,40
SAT1,other,0.00952385,39.0698,26.7453,303,2652
SAT2,other,-0.0292665,147.887,50.3713,89,4639
SATB1,other,0.0868448,32.2333,46.1692,385,575
SATB2,other,0.0144192,37.6553,36.6057,355,3398
SAV1,other,0.0097712,102.086,31.1872,117,2346
SAYSD1,other,-0.0271382,95.4013,12.9248,134,3427
SBDS,other,0.0928078,47.8966,49.0169,261,764
SBF1,other,0.0112212,60.4172,22.2987,192,2439
SBNO1,other,0.141784,51.7159,90.8439,414,293
SBNO2,other,-0.0112561,73.8335,38.7244,167,1133
SC5D,other,-0.0202763,73.2236,24.1619,181,1153
SCAF1,other,0.0375738,99.2907,29.0418,146,933
SCAF11,other,0.00957698,87.6774,43.1646,167,690
SCAF4,other,0.162119,66.58,49.4307,254,1062
SCAI,other,-0.0177927,47.5569,22.4287,258,2068
SCAMP1,other,0.00767267,814.779,14.769,31,1755
SCAMP2,other,-0.0073897,34.1206,18.8332,363,2046
SCAMP3,other,0.0288736,64.5709,23.0511,203,2249
SCAMP4,other,-0.0120614,84.5041,257.045,153,63
SCAND1,other,0.0140755,39.6474,16.7182,318,1414
SCAP,other,0.133771,55.925,47.6294,334,622
SCAPER,other,0.0199237,182.183,26.83,74,2487
SCARB1,other,0.00615479,61.5608,24.0072,218,2367
SCARB2,other,0.0318921,49.3128,14.8393,308,2247
SCCPDH,other,-0.0112964,64.0532,20.7925,209,1624
SCD,other,0.0364531,1772.56,35.9901,22,825
SCFD2,other,0.000801387,85.3865,17.1011,141,1795
SCLT1,other,0.0545415,64.6976,15.27,210,2948
SCLY,other,0.00542966,74.0318,16.5402,184,1494
SCMH1,other,0.0111529,68.2652,16.9805,188,1967
SCML2,other,-0.00665191,217.82,18.8164,64,1935
SCML4,other,-0.0049023,102.886,14.9672,132,3006
SCNM1,other,0.00728774,36.7324,18.6282,337,1563
SCO1,other,0.0342357,72.56,46.6909,202,1072
SCO2,other,-0.0238126,81.2804,23.9762,153,2075
SCOC,other,0.00298673,49.3793,10.9562,275,5137
SCP2,other,0.00132093,63.423,15.0088,200,3354
SCRIB,other,0.0168134,83.808,25.0801,175,1572
SCRN2,other,0.00947324,44.1445,41.4085,293,1728
SCRN3,other,0.0177815,124.825,20.8522,109,1923
SCRT1,other,-0.00377559,52.3353,19.3575,234,1166
SCRT2,other,-0.0137634,54.751,31.0262,240,3036
SCYL1,other,-0.0223438,126.17,47.1206,127,815
SCYL2,other,-0.00223095,48.8315,15.0939,275,1413
SDCBP,other,0.0435222,42.0337,31.2166,324,1465
SDCCAG8,other,-0.00713806,83.5438,31.6775,153,1181
SDE2,other,0.0416583,75.1919,385.465,215,36
SDF2,other,0.0194924,136.264,96.1253,103,477
SDF2L1,other,0.0112108,168.998,18.2294,82,2701
SDF4,other,0.0178974,87.4668,24.9522,163,2112
SDHA,respiratory chain (NDUF/COX/UQCR/ATP5),-0.0670294,124.869,479.523,128,46
SDHAF1,respiratory chain (NDUF/COX/UQCR/ATP5),-0.00567684,1513.01,14.8769,21,2033
SDHAF2,respiratory chain (NDUF/COX/UQCR/ATP5),0.0142842,49.5043,19.2828,267,1955
SDHB,respiratory chain (NDUF/COX/UQCR/ATP5),0.0257022,497.297,596.908,34,23
SDHC,respiratory chain (NDUF/COX/UQCR/ATP5),-0.002224,110.756,39.992,198,518
SDHD,respiratory chain (NDUF/COX/UQCR/ATP5),0.00120516,118.927,28.3118,103,1005
SDR39U1,other,-0.0322248,128.641,22.3768,148,1464
SEBOX,other,0.00449931,275.282,12.7086,60,2691
SEC11A,other,0.0285454,43.9336,34.0952,329,593
SEC11C,other,0.0622566,189.252,19.8756,73,2610
SEC14L1,other,0.16106,27.2964,75.7247,514,483
SEC16A,other,-0.00930044,35.5158,24.0305,368,1494
SEC22A,other,0.000144653,136.629,24.0403,96,4407
SEC22B,other,-0.0314176,132.948,34.319,116,790
SEC22C,other,0.008578,164.006,16.4039,82,1576
SEC23A,other,-0.00178574,74.4291,32.0496,183,1274
SEC23B,other,0.0240828,47.0666,28.4705,280,1535
SEC23IP,other,0.0528957,123.464,19.5433,108,1809
SEC24A,other,-0.0234708,126.841,63.267,110,494
SEC24B,other,0.00193039,164.502,27.9247,93,1663
SEC24C,other,0.00995415,205.783,43.7867,70,426
SEC24D,other,-0.0120695,126.963,19.0316,102,2570
SEC31A,other,0.0133034,35.5974,24.6536,384,1463
SEC61B,other,0.187336,70.3284,422.737,244,98
SEC61G,other,-0.0168115,486.831,245.98,55,62
SEC62,other,0.0145808,2778.16,28.5149,18,1090
SEC63,other,0.118661,112.022,41.0333,115,1479
SECISBP2,other,0.0290758,54.5135,62.1387,230,395
SECISBP2L,other,-0.0196165,55.4408,109.001,235,3873
SEH1L,other,-0.0169883,228.367,130.553,95,122
SEL1L,other,0.098555,42.9285,167.365,348,307
SEL1L3,other,-0.0187083,79.9676,18.1541,172,1062
SELENBP1,other,0.0565405,76.8368,23.6195,185,1642
SELENOF,other,0.00896247,64.5289,30.9705,183,2002
SELENOH,other,-0.0237323,60.8703,30.3942,223,787
SELENOI,other,-0.00754572,93.4874,25.4338,144,1118
SELENOK,other,0.00148272,113.368,22.8063,123,1252
SELENOM,other,0.00313944,136.514,14.5866,103,1649
SELENOO,other,0.00544974,68.6337,18.7069,185,2815
SELENOP,other,0.0112473,52.3647,43.1338,242,3401
SELENOS,other,0.00960741,115.017,16.0128,111,2118
SELENOT,other,-0.0221235,74.9744,20.1003,169,1418
SELENOW,other,0.00180174,165.786,17.4269,80,2161
SELPLG,other,0.0480131,76.1081,18.2446,186,2967
SEM1,other,-0.0731208,1194.71,23.9404,21,1902
SEMA4B,other,0.0137449,77.2299,21.6711,157,1502
SEMA4C,other,0.0306282,22.7358,19.0724,542,1023
SENP1,other,0.0729565,129.886,41.3985,116,2519
SENP2,other,-0.0160779,88.4262,28.6671,155,1090
SENP3,other,0.0676471,38.9329,49.9856,333,1785
SENP5,other,0.0959237,254.051,121.957,70,6468
SENP7,other,0.00851322,38.6782,29.0884,353,856
SEPSECS,other,0.055824,54.9549,119.344,228,130
SEPTIN1,other,0.00321657,20.0792,26.9212,643,936
SEPTIN11,other,0.0108752,71.7512,19.1575,177,1594
SEPTIN2,other,0.0243712,2826.13,18.6487,16,1734
SEPTIN5,other,-0.00028745,45.4246,17.4904,274,1833
SEPTIN6,other,0.00630044,104.59,19.996,126,2691
SEPTIN7,other,0.00868939,71.4871,73.1574,175,216
SEPTIN8,other,-0.00803793,45.9622,20.0693,299,2205
SEPTIN9,other,0.0300491,46.5557,77.3177,284,4983
SERBP1,other,0.0834324,80.9519,58.6578,278,359
SERF1B,other,-0.0427826,61.306,124.445,218,153
SERF2,other,0.0221139,34.3761,28.01,392,1413
SERGEF,other,0.0264096,81.1137,111.865,156,3252
SERHL2,other,0.0105504,93.5961,20.0285,147,1182
SERINC1,other,-0.0336547,95.9136,18.2324,135,2891
SERINC3,other,-0.0244934,36.0582,15.2132,416,2357
SERP1,other,-0.0264585,102.774,20.9538,121,1299
SERPINB1,other,0.0122792,152.443,26.6811,111,889
SERPINB6,other,0.00863312,142.375,17.3384,87,1462
SERPINB9,other,0.0031738,238.04,31.9616,66,1084
SERPINF1,other,-0.0106986,61.3438,29.8406,218,1823
SERPING1,other,0.00452055,52.3074,22.7167,245,2049
SERPINH1,other,-0.00292858,80.4694,26.8323,169,1256
SERTAD1,other,-0.0364267,128.999,20.6928,107,2034
SERTAD2,other,-0.0254815,63.93,29.6239,198,1465
SERTAD3,other,-0.0121237,379.357,16.7852,46,1974
SESN1,other,0.00733203,319.256,25.496,50,3038
SESN2,other,0.04502,42.9284,15.6373,332,1704
SET,other,-0.0117992,294.338,33.1771,54,855
SETBP1,other,-0.00817424,148.408,30.1806,86,729
SETD1A,other,0.029663,230.024,107.418,89,139
SETD1B,other,-0.00639754,151.605,45.1171,98,524
SETD2,other,-0.0013455,49.669,76.1274,311,1017
SETD3,other,0.0194517,47.2169,19.5868,277,1397
SETD4,other,-0.00614299,87.5773,32.6088,156,550
SETD5,other,0.108311,62.3563,44.7329,347,1573
SETD6,other,0.0123707,58.2907,22.0529,210,2037
SETD7,other,-0.0144843,77.8524,36.3462,194,661
SETD9,other,-0.0135274,68.8524,16.6265,208,1669
SETDB1,other,0.110518,82.7472,63.1341,319,12639
SETDB2,other,0.00795427,142.17,26.496,96,802
SETMAR,other,0.0298522,68.3441,21.8425,182,1140
SETX,other,0.0574369,49.6847,33.2696,409,605
SF1,other,0.0495909,171.929,61.0217,107,386
SF3A3,spliceosome (SF3/SNRP/PRPF),-0.0266107,1496.6,212.372,22,56
SF3B5,spliceosome (SF3/SNRP/PRPF),0.027027,281.907,48.1364,51,405
SFI1,other,0.0292826,74.3051,30.3952,167,2219
SFMBT1,other,-0.00468554,44.1228,21.3046,279,1142
SFPQ,other,0.0197228,122.098,494.067,183,21
SFSWAP,other,0.0256991,122.965,100.161,221,151
SFT2D1,other,0.0255161,95.9138,19.7498,133,4103
SFT2D2,other,0.0137607,54.2384,23.9152,236,2956
SFT2D3,other,-0.0181473,46.8964,15.5225,288,4425
SFXN1,other,0.0296281,105.972,29.3205,129,2391
SFXN2,other,-0.00155368,66.4023,14.8065,197,1769
SFXN5,other,-0.00697882,76.0158,21.3367,165,1866
SGK1,other,0.011196,95.1002,15.544,142,2326
SGK3,other,-0.00622265,50.1439,61.5906,275,654
SGMS1,other,-0.00789275,96.3459,20.1322,129,1659
SGO1,other,0.0121047,155.419,76.6151,84,222
SGO2,other,0.0686881,58.6802,20.9686,262,1491
SGPL1,other,0.000663307,124.038,26.8228,108,2691
SGPP1,other,-0.0151122,36.509,25.3739,348,2101
SGSH,other,0.00428262,89.0924,38.9812,143,5191
SGSM2,other,-0.00209849,55.4918,25.5411,237,1349
SGSM3,other,0.0196603,89.3662,27.2273,149,2026
SGTA,other,0.0344974,101.017,25.7192,122,1042
SGTB,other,0.0371755,61.0082,19.846,206,1222
SH2B1,other,0.00789558,82.128,18.15,169,1919
SH2B3,other,-0.0134664,41.6813,22.1496,308,2101
SH2D2A,other,-0.00359491,37.6324,27.7133,334,2913
SH3BGR,other,0.021314,50.1757,23.7513,280,929
SH3BGRL,other,0.0139825,127.814,33.0073,103,1099
SH3BGRL2,other,0.00970859,96.6955,17.0122,132,3476
SH3BGRL3,other,-0.00229021,249.628,18.5288,60,1435
SH3BP1,other,0.00375301,325.213,44.1434,44,498
SH3BP2,other,-0.000201327,42.3756,36.9706,305,2566
SH3BP5,other,7.09814e-05,64.5119,37.0611,215,458
SH3BP5L,other,-0.0260852,59.3805,15.4018,223,1819
SH3GL1,other,-0.0199149,73.6046,62.6754,213,487
SH3GLB1,other,-0.0178831,23.0816,12.3195,521,2847
SH3GLB2,other,0.000453482,112.328,56.3752,140,308
SH3KBP1,other,0.0245794,178.66,18.2136,128,3688
SHARPIN,other,0.0243915,47.8107,38.5063,287,1012
SHC1,other,-0.0100462,57.8873,33.8959,394,1575
SHCBP1,other,0.00190486,71.3417,20.9726,173,1256
SHFL,other,-0.0033804,81.878,32.7695,166,1821
SHISA5,other,0.0268365,59.8499,14.3803,204,1566
SHKBP1,other,0.0349891,81.5166,31.3411,157,1443
SHLD1,other,0.063818,59.8751,37.5705,209,6194
SHLD2,other,-0.0220974,149.317,31.4412,103,2670
SHMT1,other,-0.00698361,57.9211,20.2075,215,4003
SHMT2,other,0.0219593,290.755,36.6796,55,1571
SHOC2,other,0.01924,94.6936,48.6997,267,1878
SHOX,other,0.0143438,102.031,29.2629,126,850
SHOX2,other,0.0228809,40.2612,27.5331,352,2071
SHPK,other,-0.0252668,119.428,20.3961,144,1686
SHQ1,other,-0.0233295,50.0196,96.9911,242,321
SHROOM1,other,0.0183654,34.7769,12.3126,360,2006
SIAH1,other,0.0448841,147.218,22.2532,90,3624
SIAH2,other,-0.0233177,100.31,19.8278,147,1684
SIGIRR,other,0.0161514,49.9256,16.6779,264,2471
SIGLEC14,other,-0.0117949,64.1793,30.2309,264,1328
SIGMAR1,other,-0.00168067,620.86,10.4564,32,2893
SIK3,other,0.0128511,71.1303,72.9407,182,998
SIKE1,other,0.00496795,170.544,25.2258,79,3121
SIL1,other,0.0197991,64.3313,34.986,222,530
SIM1,other,-0.00890064,83.6493,50.021,155,335
SIM2,other,0.00637147,78.7957,15.7184,156,2026
SIMC1,other,0.00914588,11.4396,24.1294,1170,1890
SIN3A,other,0.139134,49.2162,28.9842,478,1793
SINHCAF,other,0.0959023,240.835,36.8388,69,1809
SIPA1,other,0.00132487,53.1873,24.3666,270,3002
SIRT1,other,0.0186735,75.4908,50.3243,180,492
SIRT2,other,0.0122314,78.8394,28.4095,153,1621
SIRT3,other,0.048033,79.1573,17.1361,161,2669
SIRT5,other,-0.0276574,88.191,29.7273,154,1810
SIRT6,other,0.0278957,102.097,25.3889,126,2537
SIRT7,other,-0.0840675,476.496,102.807,81,1882
SIVA1,other,-0.0272331,103.055,46.1262,126,3238
SIX1,other,0.0303784,60.1965,19.513,196,1334
SIX2,other,0.0516194,61.9081,23.4827,206,2662
SIX3,other,0.0256466,104.804,24.8943,134,1643
SIX4,other,0.0354393,53.6374,19.9672,239,1083
SIX5,other,-0.00392466,44.7049,24.967,294,1031
SIX6,other,-0.00742059,53.2986,15.6914,258,1711
SKA1,other,-0.000104625,123.051,22.862,112,768
SKA2,other,0.0265571,227.495,42.2092,67,1883
SKA3,other,0.0855072,113.714,56.5608,139,511
SKAP2,other,0.0338481,54.7634,57.2228,224,1260
SKI,other,0.0632123,59.1423,18.6458,235,3240
SKIL,other,-0.0465234,74.2176,25.5302,234,2051
SKOR1,other,0.000934172,44.8972,17.3515,275,1222
SKOR2,other,-0.000500765,53.5558,17.135,227,3059
SKP2,other,0.0380761,41.0054,19.8105,381,1674
SLAIN2,other,-0.0101148,54.5269,17.9471,237,1890
SLC10A3,other,-0.0383982,162.625,18.2981,85,1547
SLC10A7,other,0.00444379,52.0835,43.5715,256,568
SLC11A2,other,0.0315429,32.3812,38.7576,390,806
SLC12A2,other,0.0335453,58.6655,27.2707,228,3007
SLC12A4,other,-0.0359693,102.298,19.3911,124,1723
SLC12A7,other,-0.0305977,340.372,22.513,51,1052
SLC12A9,other,0.00966915,48.2776,26.344,262,2191
SLC15A4,other,0.0284876,155.069,37.4581,90,810
SLC16A1,other,0.00234585,55.2383,30.6002,233,839
SLC16A5,other,-0.0136049,40.1663,30.648,397,1280
SLC17A5,other,-0.0276801,198.611,34.1332,67,1292
SLC18B1,other,-0.0358269,45.6715,25.5625,285,1378
SLC19A1,other,0.00825009,81.8654,10.7951,156,2871
SLC19A2,other,0.00417389,86.6533,48.6361,152,3031
SLC1A4,other,-0.0232373,57.6766,18.3947,217,1165
SLC1A5,other,-0.072222,21.8876,23.2381,870,3906
SLC20A1,other,3.70263e-05,45.1664,26.6059,284,1550
SLC22A23,other,-0.000476254,834.369,19.6602,23,1135
SLC25A1,other,-0.0200267,62.1067,28.3228,208,1827
SLC25A10,other,0.132478,54.3537,43.0242,472,723
SLC25A11,other,0.0173041,106.623,20.9885,125,3978
SLC25A12,other,0.0209679,55.4062,15.048,231,1785
SLC25A14,other,0.0105648,60.4043,13.3196,219,3006
SLC25A15,other,0.0340436,119.104,27.7432,114,1147
SLC25A16,other,-0.00112476,65.1713,31.0016,196,2056
SLC25A17,other,0.00360348,63.8492,22.308,193,1393
SLC25A19,other,-0.0065364,99.5081,20.7395,137,2030
SLC25A20,other,0.00971447,57.434,15.3291,234,2110
SLC25A22,other,0.00439525,99.5157,83.6036,130,383
SLC25A23,other,0.00595334,45.5382,15.3169,288,2156
SLC25A24,other,-0.019675,56.3487,28.1897,212,2195
SLC25A25,other,0.0157055,71.0183,34.1553,197,515
SLC25A26,other,-0.00910988,171.35,19.19,75,1591
SLC25A28,other,-0.0030824,343.946,48.9936,50,904
SLC25A29,other,-0.00828336,42.3093,21.1891,302,3244
SLC25A3,other,0.00209632,77.6546,28.8081,174,1949
SLC25A32,other,0.0187886,63.6098,48.5695,212,867
SLC25A33,other,-0.0120553,57.329,16.7783,222,4980
SLC25A36,other,0.00520447,194.065,27.0886,73,639
SLC25A37,other,-0.0259866,180.827,37.6968,76,2313
SLC25A38,other,-0.010418,66.4495,29.3276,194,1084
SLC25A39,other,-0.0135607,56.4188,22.6519,222,1331
SLC25A4,other,-0.00907791,91.4639,28.9533,151,2420
SLC25A42,other,-0.00770168,337.835,27.7456,80,1878
SLC25A44,other,-0.0111001,114.11,15.1757,125,2482
SLC25A46,other,0.0165587,75.256,16.8653,182,1503
SLC25A5,other,-0.0303079,71.7369,18.5888,170,1889
SLC25A51,other,0.0240422,154.241,25.4054,95,1983
SLC25A53,other,-0.00104852,36.1904,25.1317,365,2827
SLC25A6,other,0.0443865,27.0802,18.7247,466,1416
SLC26A6,other,-0.00842297,54.8694,14.1046,224,2977
SLC27A2,other,-0.00705877,49.542,26.3663,271,1708
SLC27A4,other,-0.0306762,89.4565,23.6554,180,1605
SLC27A5,other,-0.00182075,66.2328,16.2306,198,2461
SLC29A1,other,0.0245698,26.242,21.8319,514,2198
SLC29A2,other,-0.0215828,42.9712,16.7288,274,1738
SLC2A1,other,0.0258388,120.673,24.2605,120,2729
SLC2A11,other,-0.0172361,82.9218,36.2217,161,1158
SLC2A13,other,-0.012523,80.2151,18.9424,169,1219
SLC2A3,other,0.0277378,76.4196,28.0105,160,7775
SLC2A4RG,other,0.00582572,53.5904,14.3774,259,2560
SLC2A8,other,-0.0395441,413.118,29.3307,53,923
SLC30A1,other,0.360351,63.7312,29.2634,323,2430
SLC30A5,other,0.038983,40.3685,15.137,316,2421
SLC30A6,other,-0.00414357,112.979,19.8135,111,2071
SLC30A7,other,0.00297266,76.7741,16.847,166,1995
SLC30A9,other,0.00251502,109.138,21.0814,116,2269
SLC31A1,other,0.0518913,98.1926,60.3167,138,772
SLC33A1,other,0.00351873,49.8989,33.5752,253,671
SLC35A1,other,0.028599,171.233,28.8084,78,896
SLC35A2,other,-0.011345,70.6883,27.9961,195,943
SLC35A3,other,0.00680245,69.5944,22.1623,233,1433
SLC35A4,other,-0.0286499,577.952,14.25,52,4918
SLC35B1,other,0.0241732,122.813,130.055,112,374
SLC35B2,other,-0.0226495,100.01,17.4958,162,1850
SLC35B3,other,0.0262239,120.749,20.7783,114,1735
SLC35B4,other,0.00243258,92.352,37.0734,128,1238
SLC35C2,other,0.0370865,97.1499,31.5744,144,1135
SLC35D1,other,0.00271336,39.8844,19.2033,334,1728
SLC35D2,other,0.0247617,47.6903,21.6199,252,1238
SLC35E1,other,0.0328117,41.3836,24.7314,360,1154
SLC35E2B,other,-0.0133141,105.194,25.5011,121,1269
SLC35E3,other,-0.0104746,351.612,28.1074,41,1867
SLC35F2,other,0.0593971,105.017,20.2565,129,1868
SLC35F5,other,-0.00183074,155.299,23.6508,89,1001
SLC35F6,other,0.0113186,77.6114,18.4787,219,2382
SLC35G1,other,0.0271099,91.4818,19.3149,144,3923
SLC37A1,other,0.000313792,63.4516,17.899,198,2449
SLC37A3,other,-0.0175371,57.2218,33.6767,227,632
SLC37A4,other,0.00147855,414.491,18.5324,43,1319
SLC38A1,other,-0.000617611,62.8198,21.0907,287,1146
SLC38A10,other,0.00773464,137.502,25.9673,98,3121
SLC38A2,other,-0.0422452,97.5593,47.6178,140,6108
SLC38A5,other,-0.00747271,112.409,19.2666,119,2331
SLC38A6,other,0.0841525,114.936,209.265,139,117
SLC38A7,other,0.0221036,88.6779,8.74722,141,6515
SLC38A9,other,0.0294893,68.7061,17.2864,195,1806
SLC39A10,other,0.0940372,48.7509,15.4629,352,1696
SLC39A11,other,0.014561,59.3007,16.9513,217,1615
SLC39A13,other,-0.0081825,42.697,37.0291,315,603
SLC39A14,other,0.0186697,52.7676,20.7929,263,1928
SLC39A3,other,0.0398841,43.4458,21.8356,288,1229
SLC39A4,other,-0.0114856,50.1014,19.7901,270,3386
SLC39A6,other,0.227406,74.5581,47.9043,220,3908
SLC39A7,other,0.0435248,61.1622,46.0055,297,584
SLC39A8,other,0.0153136,53.6782,26.7436,234,2020
SLC39A9,other,-0.0253733,41.6135,63.8054,800,1082
SLC3A2,other,-0.00233139,85.0904,37.7116,166,3875
SLC40A1,other,0.0221365,22.8664,18.1571,605,2578
SLC41A3,other,0.058,51.1105,28.8333,267,3519
SLC43A1,other,-0.0100373,557.398,26.2293,39,1200
SLC43A3,other,-0.0184975,45.3618,20.0831,281,2594
SLC44A2,other,-0.00445959,59.4176,30.5633,218,1957
SLC44A4,other,-0.00936347,55.6594,23.7813,253,1318
SLC45A4,other,-0.0135684,144.353,25.4173,91,3239
SLC48A1,other,0.00250887,42.5696,18.1081,299,2711
SLC4A1AP,other,0.0473931,83.3595,23.8893,182,2801
SLC4A2,other,-0.0118681,32.0465,20.739,403,1607
SLC4A5,other,0.0431719,29.7227,25.0763,430,2712
SLC4A7,other,-0.0113776,321.849,60.6009,55,4424
SLC50A1,other,0.0311324,89.8089,32.7114,145,3802
SLC52A2,other,0.0127662,460.098,24.0764,37,3254
SLC5A3,other,0.0471547,393.734,45.4383,48,818
SLC5A6,other,-0.0106506,265.599,56.7186,60,1556
SLC66A1,other,0.024595,77.8766,19,164,1962
SLC66A2,other,0.0232745,57.853,13.3564,232,3402
SLC66A3,other,-0.00157697,64.2128,17.0655,193,2348
SLC6A6,other,-0.0213891,187.92,29.4919,74,3597
SLC6A8,other,-0.0187425,51.4964,79.9243,258,3308
SLC7A1,other,-0.0449176,236.646,49.7715,81,471
SLC7A11,other,0.00897715,81.266,85.2703,152,306
SLC7A5,other,0.0161116,32.892,22.4948,596,2388
SLC7A6,other,0.0163547,72.4923,35.5271,183,601
SLC7A6OS,other,-0.00794804,244.503,182.063,70,79
SLC7A8,other,0.00497004,144.712,10.9471,96,3111
SLC8B1,other,-0.00623038,25.3218,13.7775,485,2581
SLC9A6,other,0.0183444,61.9717,31.5648,221,2081
SLC9B1,other,-0.00708037,71.4153,24.939,182,891
SLC9B2,other,-0.0266281,70.706,34.6874,213,915
SLCO4A1,other,-0.00876099,79.0602,70.6653,165,278
SLK,other,0.00769335,344.19,54.4993,48,510
SLMAP,other,0.0152773,292.046,20.7392,51,1596
SLTM,other,0.0199937,72.0454,66.9366,205,1404
SLU7,other,0.00723323,283.17,187.469,63,55
SLX1A,other,-0.005108,66.3951,31.4534,186,596
SLX4IP,other,0.034974,67.9941,20.2948,190,1476
SMAD1,other,-0.00126872,38.4626,18.8284,342,2703
SMAD2,other,-0.00895922,39.3385,12.7377,320,2201
SMAD3,other,-0.0091731,87.5194,194.834,148,5073
SMAD4,other,0.0169759,87.834,25.0409,161,1573
SMAD5,other,-0.0438777,102.404,15.3109,127,1727
SMAD9,other,0.0363276,72.0986,37.3992,224,3634
SMAGP,other,0.0893555,49.2488,23.6921,281,2575
SMAP1,other,-0.0370468,130.269,14.5825,106,2739
SMAP2,other,0.00656909,42.5273,18.2704,303,2624
SMARCA1,other,-0.00715703,160.157,16.8467,81,1507
SMARCA2,other,0.0158763,214.187,23.7187,63,2209
SMARCA4,other,0.0330479,115.942,64.3135,132,532
SMARCAD1,other,-0.00409737,114.792,26.9366,116,1135
SMARCAL1,other,0.000976943,172.605,33.7507,78,596
SMARCB1,other,0.0445745,40.5515,138.814,431,714
SMARCC1,other,0.0199259,159.319,60.5022,117,731
SMARCD1,other,0.0343262,44.3391,47.0078,342,700
SMARCD2,other,0.0210247,41.21,28.8079,307,1350
SMARCD3,other,-0.0249202,22.6961,369.542,565,60
SMARCE1,other,0.0136968,418.293,316.082,46,397
SMC1A,cohesin/condensin (SMC),-0.0939176,625.444,106.452,82,416
SMC3,cohesin/condensin (SMC),-0.0444726,1416.58,331.884,31,36
SMC4,cohesin/condensin (SMC),-0.0143681,50.7187,216.9,254,45
SMCHD1,cohesin/condensin (SMC),0.0113764,44.1514,28.0174,304,1297
SMCO4,cohesin/condensin (SMC),0.0206891,62.7519,20.2174,191,1392
SMDT1,other,0.0626301,74.8511,25.0757,158,780
SMG1,other,0.0323575,160.214,43.892,83,1350
SMG5,other,0.345968,204.025,168.265,159,140
SMG6,other,0.0437732,71.955,43.0563,173,494
SMG7,other,0.26265,578.289,94.1935,41,580
SMG8,other,0.18446,82.9217,31.1168,174,2766
SMG9,other,0.20056,100.575,46.4911,142,1705
SMIM1,other,-0.00310814,53.4965,23.8489,262,2601
SMIM12,other,-0.00576468,487.459,15.4088,40,2637
SMIM13,other,-0.0184392,51.7388,13.4569,240,3082
SMIM14,other,0.0180176,47.1611,18.7737,260,1802
SMIM15,other,0.0178179,75.5702,35.4713,168,2898
SMIM19,other,0.0517416,66.1472,27.7576,199,3282
SMIM20,other,-0.0114378,44.2447,16.0087,284,2835
SMIM29,other,-0.0390074,75.1756,30.38,238,3560
SMIM3,other,0.0363864,60.9253,41.682,205,953
SMIM7,other,0.0171373,156.681,111.549,83,658
SMIM8,other,0.0309583,58.3054,1013.21,234,22
SMN2,other,-0.0193167,293.557,630.79,99,10
SMNDC1,other,0.0622276,513.635,62.253,36,328
SMPD2,other,-0.0137593,200.514,14.2663,70,2020
SMPD4,other,0.0250311,118.902,48.9203,118,1666
SMS,other,0.0778832,60.2716,30.3977,268,942
SMTN,other,0.0194846,104.979,21.6878,126,2543
SMUG1,other,0.0122475,127.919,23.6557,109,3118
SMURF1,other,0.0206211,65.1191,21.3663,189,1914
SMURF2,other,-0.00387647,33.1212,16.1233,382,1441
SMYD3,other,0.00770678,45.9616,17.5722,274,1701
SMYD5,other,-0.00516206,34.1917,20.0553,393,2022
SNAI1,other,0.0213502,76.0526,57.1988,178,2294
SNAI2,other,-0.00566809,79.7011,26.4857,155,1309
SNAI3,other,-0.0590832,53.0155,47.9393,244,811
SNAP23,other,0.0146065,164.851,30.5138,83,1001
SNAP29,other,-0.0304119,44.8607,50.9868,277,516
SNAP47,other,0.00259814,51.5664,26.8683,241,1525
SNAPC1,other,-0.00320848,173.634,91.947,104,210
SNAPC2,other,0.0121943,144.986,135.322,109,195
SNAPC3,other,0.143473,48.4482,127.233,404,135
SNAPC4,other,-0.0277781,62.0754,44.2861,262,537
SNAPC5,other,-0.0563387,57.8317,63.5081,274,386
SNAPIN,other,0.0369305,97.7533,19.3395,129,1704
SNF8,other,0.0292784,46.2515,32.1729,282,503
SNHG32,other,0.0190011,88.0188,27.0949,148,2058
SNRNP27,other,0.00389154,528.308,683.306,52,13
SNRNP40,other,0.0863893,38.4234,208.29,423,83
SNRNP48,other,-0.0128121,171.875,96.8295,95,288
SNRPA,spliceosome (SF3/SNRP/PRPF),0.0805449,107.422,42.9465,168,462
SNRPA1,spliceosome (SF3/SNRP/PRPF),0.0152915,109.678,31.4414,117,1209
SNRPB,spliceosome (SF3/SNRP/PRPF),0.0363902,69.6497,50.1627,197,495
SNRPB2,spliceosome (SF3/SNRP/PRPF),0.0570095,180.386,40.0284,74,1105
SNTA1,other,-0.0132293,133.494,82.3439,94,8102
SNTB2,other,-0.0296572,72.6772,18.7167,228,2827
SNUPN,other,0.0658688,38.4616,95.927,348,210
SNW1,other,0.0464659,33.9242,494.445,361,18
SNX1,other,-0.0015337,66.4511,25.5888,203,3755
SNX10,other,-0.0237792,107.994,21.7602,147,1931
SNX11,other,0.0240346,52.6712,24.0925,239,1303
SNX12,other,-0.0161783,47.515,24.9504,331,1172
SNX13,other,0.0204182,75.0753,24.2749,158,2207
SNX14,other,0.0245087,100.989,31.5818,122,1642
SNX17,other,0.0234661,67.0856,14.4671,204,1996
SNX19,other,-0.0122528,190.559,17.4494,88,2283
SNX2,other,0.00712909,81.1701,24.417,165,1343
SNX24,other,0.0118951,49.0882,20.1021,257,2936
SNX25,other,0.00576129,104.474,32.3998,132,612
SNX27,other,-0.00587317,69.3319,24.1531,190,1076
SNX29,other,0.0313746,742.44,16.597,31,2486
SNX3,other,-0.00806388,144.499,21.3976,92,2516
SNX33,other,0.00311649,57.5658,26.2114,216,1963
SNX5,other,0.0321269,43.4064,16.2399,292,2040
SNX6,other,0.00105436,57.5816,18.7615,221,1814
SNX8,other,0.035929,53.6373,18.7907,232,1725
SNX9,other,-0.0290729,40.4281,25.116,319,3349
SOAT1,other,0.0137724,116.148,17.683,104,3164
SOCS1,other,0.0229008,120.129,40.8237,101,548
SOCS2,other,-0.0166713,51.3571,23.951,252,1121
SOCS3,other,-0.0428736,421.629,97.2107,40,265
SOCS4,other,-0.0441776,114.071,68.2639,114,645
SOD1,other,0.0456956,52.8449,214.739,366,99
SOD2,other,0.0264777,41.3401,29.9522,350,1052
SOHLH1,other,0.00368545,234.424,66.3627,61,516
SOHLH2,other,0.0413388,41.1373,20.2769,317,1452
SON,other,-0.0056865,64.8304,172.669,276,126
SORBS3,other,0.0487206,41.7573,38.4166,363,894
SORD,other,-0.00942507,50.7351,18.5509,263,1958
SOS1,other,-0.0174721,142.802,18.7098,115,2824
SOX1,other,-0.00770547,34.245,30.839,478,2755
SOX10,other,0.0168884,135.218,25.61,96,1717
SOX11,other,0.0284574,58.9021,21.8593,257,1190
SOX12,other,0.0172646,100.582,17.915,130,1370
SOX13,other,0.00318021,92.7422,16.3269,142,1809
SOX14,other,-0.00277375,72.6516,23.6738,186,2410
SOX15,other,0.00324751,56.9046,11.3172,214,2790
SOX17,other,0.018729,54.077,19.6597,237,1630
SOX18,other,-0.00242476,55.2239,21.3417,248,1190
SOX2,other,0.0283096,10729.4,23.0196,7,1009
SOX21,other,0.0218266,114.219,14.0449,117,2955
SOX3,other,-0.00147752,236.903,19.5669,65,1271
SOX30,other,0.00567537,40.3791,21.6392,306,1542
SOX4,other,0.0351033,37.6036,16.8352,344,2008
SOX5,other,0.0125766,40.9949,16.3549,302,2717
SOX6,other,-0.00673843,28.1284,22.7039,428,1425
SOX8,other,0.0103319,70.7163,28.9375,202,841
SOX9,other,0.0316798,88.0531,13.5413,151,1967
SP1,other,0.230448,124.273,47.3846,198,1392
SP100,other,0.039612,34.4292,51.1395,370,2351
SP110,other,-0.00763222,215.734,72.3659,69,280
SP140,other,0.0355156,143.042,12.7157,100,2430
SP140L,other,-0.013677,59.5712,27.7139,205,1411
SP2,other,0.276083,87.1081,84.6662,234,1872
SP3,other,0.124367,102.919,32.6039,146,1969
SP4,other,0.016916,156.51,26.8453,95,1756
SP5,other,0.089319,124.113,60.8196,130,440
SP6,other,-0.019268,41.1064,18.9117,328,1548
SP7,other,0.0113161,125.356,15.1153,107,2177
SP8,other,0.0299649,163.986,26.2325,79,1824
SP9,other,-0.00237401,646.57,27.0905,32,5845
SPAG5,other,0.000437752,69.5578,28.8212,192,1078
SPAG7,other,-0.00556166,229.823,49.5353,83,3497
SPAG9,other,-0.0334217,65.8125,13.3209,180,2769
SPARC,other,-0.0136609,91.5566,17.8032,138,2094
SPART,other,0.00885511,45.8653,20.8513,277,2126
SPAST,other,0.014012,80.4045,16.6057,152,1981
SPATA24,other,0.0519239,58.8064,25.6969,221,1025
SPATA2L,other,0.0159299,60.578,16.4975,217,1941
SPATA33,other,-0.0336837,41.3476,31.7824,313,1012
SPATC1L,other,0.0197033,71.1715,17.8309,189,2560
SPATS2,other,-0.00587856,205.233,37.6274,66,608
SPATS2L,other,-0.00857387,49.5481,17.2995,263,2462
SPCS1,other,-0.00499062,134.952,23.2676,101,1164
SPCS2,other,0.0430738,89.5841,46.9295,229,480
SPCS3,other,3.94762e-05,65.9434,96.7173,277,242
SPDEF,other,0.00336157,93.0365,17.0498,140,1665
SPDYE2,other,0.0524717,34.7834,23.3617,371,1994
SPECC1,other,-0.00643062,62.144,19.1449,209,1829
SPECC1L,other,-0.0081871,71.8378,19.9788,182,1570
SPEG,other,-0.00526215,32.2164,27.2567,474,2620
SPEN,other,0.0541086,58.7413,26.9084,305,936
SPG11,other,-0.00562509,43.8248,31.779,278,2532
SPG21,other,-0.0157555,117.021,23.6305,118,2101
SPG7,other,-0.0625197,90.4994,29.8836,205,1238
SPHK1,other,0.0216868,47.3326,47.6818,287,362
SPHK2,other,0.00547558,153.491,32.2548,121,585
SPI1,other,-0.0185443,210.688,34.0006,82,1903
SPIB,other,0.0288788,33.8818,17.1174,373,1797
SPIC,other,0.00222201,158.373,24.3963,85,1659
SPICE1,other,0.0173735,92.2892,18.5788,141,1444
SPIDR,other,-0.0185554,201.551,63.5168,67,315
SPIN1,other,-0.0048221,77.0523,36.3348,187,2803
SPIN2B,other,-0.0156703,107.861,13.7767,114,2060
SPIN4,other,0.0059476,154.41,32.9399,79,2785
SPINDOC,other,0.097032,151.952,34.3019,109,657
SPINT2,other,-0.00985783,130.636,24.7975,106,1911
SPIRE1,other,0.0106553,398.038,28.7415,38,1300
SPN,other,-0.00327768,46.6455,25.6507,296,1852
SPNS1,other,-0.0023649,79.3865,17.1199,184,2477
SPOP,other,-0.012085,457.625,33.3067,36,819
SPOUT1,other,0.136841,287.929,1554.37,73,11
SPPL2A,other,0.0210643,64.9244,20.7355,206,1863
SPPL2B,other,0.00427293,101.082,51.5928,139,396
SPPL3,other,-0.00265545,99.6727,18.5788,128,2956
SPR,other,0.00419309,78.3172,43.0413,154,505
SPRED2,other,0.00971855,110.671,25.5161,124,1598
SPRTN,other,0.0279164,35.3971,35.3733,351,671
SPRY1,other,-0.00189808,295.664,17.5492,55,1377
SPRY2,other,-0.0372007,31.9187,24.5053,392,1318
SPRYD3,other,-0.0144043,39.3265,15.4129,336,2038
SPRYD4,other,-0.0140981,65.2937,22.5152,206,1774
SPRYD7,other,-0.00280065,103.846,16.0106,121,2145
SPSB2,other,0.0135571,76.5343,28.363,173,2838
SPSB3,other,-0.0150508,70.4186,40.8507,172,424
SPTAN1,other,0.0321026,64.6479,19.7199,221,2553
SPTB,other,0.0379304,123.591,28.7523,124,1106
SPTBN1,other,-0.0125522,66.3826,45.6394,219,1829
SPTLC1,other,-0.0281509,272.104,23.6453,65,1063
SPTLC2,other,0.0441235,146.821,68.2292,101,357
SPTSSA,other,0.0586201,48.8297,59.1495,266,418
SPTY2D1,other,0.0538748,34.1024,32.6242,422,1640
SPZ1,other,0.00961958,156.278,19.4786,85,1546
SQLE,other,0.0136307,52.9296,39.0693,244,583
SQSTM1,other,0.098806,60.6419,20.2656,215,2471
SRA1,other,0.00113619,53.4753,134.254,273,83
SRCAP,other,-0.00394619,39.7272,28.0277,400,899
SRD5A1,other,0.000131271,50.5177,71.1889,260,372
SRD5A3,other,-0.0352787,88.4772,15.4194,152,2252
SREBF1,other,-0.0123904,102.948,95.7195,127,171
SREBF2,other,0.114311,73.2074,28.0208,191,1050
SREK1,other,0.0340409,75.1362,29.0754,188,1534
SREK1IP1,other,0.0336439,100.996,26.927,135,2897
SRF,other,0.110436,39.02,69.2386,367,365
SRFBP1,other,-0.00806376,226.604,318.511,92,60
SRGAP2,other,-0.00246574,98.2253,15.9597,128,3183
SRGN,other,0.0268905,38.4092,11.8332,318,3100
SRI,other,0.00258389,61.9458,52.9623,203,2111
SRM,other,0.0644037,48.9421,29.6259,320,1133
SRP14,other,0.051738,68.4569,40.387,290,765
SRP19,other,-0.0699338,105.794,187.25,207,61
SRP54,other,-0.00179415,87.8925,20.8669,160,1706
SRP68,other,-0.149486,400.124,54.8008,111,259
SRP72,other,0.112905,129.954,129.586,303,138
SRP9,other,0.176298,99.2952,55.1041,324,749
SRPK1,other,0.0292944,39.7717,25.3453,347,1577
SRPK2,other,0.0458233,59.3571,29.3311,210,1870
SRPRB,other,-0.012651,135.213,48.6435,244,376
SRR,other,0.0442612,96.3681,44.3354,154,915
SRRD,other,0.0608896,101.203,34.3941,146,1538
SRRM1,other,0.081766,114.405,66.44,295,339
SRSF10,other,0.243224,90.942,68.0185,248,941
SRSF11,other,0.0860492,19.4971,24.3902,880,1434
SRSF2,other,0.0954786,134.721,50.1688,140,864
SRSF4,other,0.00265725,48.6815,39.2591,272,1531
SRSF6,other,0.111895,29.4603,22.6452,505,2141
SRSF7,other,0.145497,273.578,888.102,104,24
SRSF8,other,-0.0502097,220.75,30.1462,69,1651
SRSF9,other,0.00152446,60.4986,14.6677,221,2898
SRXN1,other,-0.0135776,131.942,25.3115,98,783
SRY,other,0.0123244,263.089,24.5179,63,2129
SS18,other,0.0673631,59.0913,41.0412,254,723
SS18L1,other,-0.0230161,111.795,124.125,118,183
SS18L2,other,0.0521705,47.9716,34.4764,344,812
SSB,other,0.104869,153.81,156.49,98,368
SSBP1,other,0.223857,104.37,80.4477,220,1124
SSBP2,other,0.00739867,85.6884,18.2591,170,2787
SSBP3,other,0.0315515,54.8733,22.9931,261,2595
SSBP4,other,0.00818493,71.6464,19.9776,177,2725
SSH2,other,0.0794877,48.8906,24.5925,266,2008
SSNA1,other,0.0341482,157.715,21.4372,106,2691
SSR1,other,0.0193861,157.589,27.4092,92,1235
SSR2,other,0.0761185,142.281,22.0376,101,1692
SSR3,other,0.011445,297.837,21.9979,62,3374
SSRP1,other,-0.016238,120.633,178.694,314,92
SSU72,other,0.0689699,125.064,448.357,169,36
SSX2IP,other,0.0246185,525.478,59.7573,39,314
ST13,other,-0.0200248,35.6109,19.1384,375,2057
ST18,other,-0.0113551,112.843,28.7649,120,3763
ST20-MTHFS,other,-0.0149423,327.535,21.5212,52,1574
ST3GAL2,other,-0.0123423,35.561,31.7531,354,2063
ST3GAL4,other,-0.0394285,77.2294,27.8692,173,1196
ST6GAL1,other,-0.0229312,35.6896,29.5816,385,2738
ST6GALNAC1,other,0.0121656,100.848,19.3776,126,1583
ST6GALNAC4,other,0.000509669,45.3874,30.9835,283,2386
ST6GALNAC6,other,0.0203669,81.2194,69.9212,179,206
ST7,other,0.0230208,204.89,20.6117,68,2708
ST7L,other,0.00124268,109.12,34.1813,132,763
STAC3,other,-0.00350942,149.599,31.7213,95,2024
STAG1,other,0.0113045,148.098,31.9345,95,1843
STAG2,other,0.054177,67.5688,56.8134,268,1497
STAM,other,-0.0117339,59.535,20.8784,217,2009
STAM2,other,-0.0187795,29.8092,17.4167,423,2354
STAMBP,other,0.0145717,55.6923,27.7639,261,2325
STAP2,other,0.0555071,56.9174,20.3125,248,1503
STARD10,other,0.0597001,116.107,63.9429,144,650
STARD3,other,-0.00132853,529.624,17.5711,36,1541
STARD3NL,other,0.0149217,161.426,23.7236,86,4460
STARD4,other,0.0141398,137.008,20.1467,99,1559
STARD7,other,0.0068683,55.8911,19.5647,252,1353
STAT1,other,0.0151001,96.3591,22.2319,127,1296
STAT2,other,0.000395775,219.271,16.2162,69,1625
STAT3,other,-0.0288148,77.5346,87.6109,170,735
STAT4,other,-0.0260893,120.181,18.0781,113,2433
STAT5A,other,-0.0167996,30.7486,30.2243,474,1478
STAT5B,other,0.0735834,166.149,179.583,129,285
STAU1,other,-0.00394425,99.7586,27.8316,127,1352
STAU2,other,-0.00143936,40.2898,31.795,331,2103
STC2,other,-0.0123782,58.3397,21.2815,217,1972
STIL,other,0.0330377,48.3971,247.398,345,58
STIM1,other,-0.0138591,56.24,46.2611,240,2699
STIM2,other,0.00785621,52.8732,40.3976,223,2867
STIP1,other,-0.00798818,271.589,47.8118,55,1876
STK11,other,-0.0601727,44.2352,90.1841,271,611
STK11IP,other,0.029874,56.2199,31.0536,217,1020
STK16,other,0.0211118,73.3566,21.3306,181,1788
STK17A,other,-0.014599,57.7715,21.8036,218,1749
STK17B,other,-0.0323623,65.8401,15.8325,198,3844
STK19,other,0.0538357,84.8213,31.6046,158,803
STK24,other,-0.0258216,595.713,33.4026,31,2363
STK25,other,0.00988884,34.8472,57.8329,347,2312
STK32C,other,-0.00381402,44.2711,75.3072,305,4623
STK35,other,0.0536503,38.6476,31.9878,359,2395
STK38,other,0.0725668,53.697,18.4717,245,1554
STK38L,other,0.0769972,12.6032,17.5404,1169,2364
STK4,other,-0.00786455,53.0955,28.8733,241,928
STK40,other,-0.0160857,66.9702,63.7153,195,474
STMN1,other,0.0226186,58.2489,52.0196,219,567
STMN3,other,-0.0116886,51.721,33.4498,247,1719
STMP1,other,-0.00805557,83.8024,25.3068,161,982
STN1,other,-0.0350498,2189.12,40.3035,18,481
STOM,other,0.00466327,64.9482,45.2766,184,3496
STOML1,other,-0.0102353,196.765,25.5736,66,1446
STOML2,other,-0.00385239,227.546,33.5236,59,792
STON2,other,-0.00810595,84.8908,15.268,152,2536
STPG1,other,-0.00435024,69.708,18.1968,201,1370
STRADA,other,0.00381641,99.4335,18.0686,121,1257
STRADB,other,0.00193164,50.96,17.238,231,2338
STRAP,other,0.286827,105.938,91.6011,231,606
STRBP,other,0.0233794,52.9655,31.0436,243,730
STRIP1,other,-0.0137265,84.65,13.6641,224,2907
STRIP2,other,0.0087912,75.591,19.0205,176,2437
STRN,other,0.0334528,66.8443,15.5089,271,2598
STRN3,other,-0.00714221,93.217,34.8677,151,558
STRN4,other,-0.00334588,445.497,101.372,39,161
STT3B,other,0.115268,198.735,416.988,136,45
STUB1,other,0.00989586,119.576,62.4616,104,313
STX10,other,-0.0060108,82.4104,24.7106,146,1117
STX12,other,-0.0211058,128.609,34.8192,101,686
STX16,other,0.030938,48.0745,64.63,267,2463
STX17,other,0.0153057,67.2349,41.6531,182,1212
STX18,other,-0.0532922,186.148,285.953,106,27
STX1A,other,0.0112929,94.661,13.8649,146,2352
STX2,other,-0.00816627,71.6274,24.1246,173,2536
STX3,other,-0.0220558,64.1976,40.5647,192,412
STX4,other,-0.0237951,96.9951,37.5409,136,1406
STX5,other,-0.0235158,208.586,42.6737,78,448
STX6,other,-0.000760136,47.8834,15.6931,261,2448
STX7,other,0.00896361,65.123,37.6588,225,675
STX8,other,0.0141807,35.0353,15.3567,359,1870
STXBP1,other,0.0207904,58.6541,27.7671,211,2697
STXBP2,other,0.00341566,61.6378,19.8772,214,1388
STXBP3,other,0.0233975,195.951,17.3658,76,1228
STXBP4,other,0.0545483,64.6754,71.1309,279,575
STXBP5,other,-0.03424,89.2195,89.4454,149,260
STYX,other,-0.000735948,56.5097,39.3927,217,1051
STYXL1,other,0.102576,59.4652,48.8748,286,2573
SUB1,other,-0.0278914,66.4529,20.3811,198,1150
SUCLA2,other,-0.01599,88.6093,22.0621,147,1011
SUCLG1,other,0.0489859,723.081,24.8321,32,2380
SUCLG2,other,-0.00362919,75.9502,84.6588,167,287
SUCO,other,-0.0155107,112.301,21.585,131,1268
SUDS3,other,0.0173673,194.069,36.9353,132,495
SUGP1,other,0.201733,140.819,41.4124,267,854
SUGP2,other,0.00288762,72.1125,23.7171,206,2302
SUGT1,other,0.135111,240.82,151.623,89,122
SULT1A1,other,0.00279635,104.613,34.9909,131,6916
SULT1A3,other,-0.0400256,15.4761,30.0085,843,1447
SUMF2,other,-0.0370583,32.2425,26.5943,411,1925
SUMO1,other,-0.00813786,150.909,57.2322,111,2765
SUMO2,other,0.132407,132.811,22.6069,170,3215
SUMO3,other,0.0010883,82.1805,44.4221,166,942
SUN1,other,0.0269377,26.1034,121.151,502,129
SUN2,other,-0.0262002,50.2909,13.1443,267,4505
SUOX,other,0.000535452,40.4302,18.9884,317,1491
SUPT20H,other,0.325579,149.715,99.3882,224,2769
SUPT3H,other,0.0275584,118.531,31.3457,110,960
SUPT4H1,other,0.0104187,141.843,93.8361,146,346
SUPV3L1,other,0.0971557,121.598,37.382,154,658
SURF1,other,-0.0322882,55.0045,40.1172,231,2630
SURF2,other,-0.00135187,590.663,21.7609,37,1002
SUSD1,other,0.0264494,41.8671,607.748,304,11
SUSD3,other,-0.00103944,49.8658,19.6606,257,1492
SUV39H1,other,0.0538686,202.921,33.7671,94,955
SUV39H2,other,0.0308517,236.27,21.8673,66,1170
SUZ12,other,0.0330723,58.1613,180.541,257,69
SVIP,other,0.00257727,57.2751,16.6262,240,1649
SWI5,other,0.0127344,78.3577,49.9687,164,2286
SWSAP1,other,0.00303605,86.2359,21.6952,145,1252
SYAP1,other,0.0145914,78.3286,24.7719,163,949
SYCP2,other,-0.0275228,60.1911,24.1775,207,1291
SYF2,other,-0.0469805,160.073,26.2968,109,877
SYK,other,-0.0250147,28.9171,80.847,454,2969
SYMPK,other,-0.0220216,204.722,227.065,88,52
SYNC,other,-0.0672811,90.4743,26.4046,170,1133
SYNCRIP,other,0.0459391,228.608,31.2915,72,1292
SYNGR1,other,-0.00891039,102.314,20.4098,132,3241
SYNGR2,other,0.0187034,101.683,24.3221,119,3699
SYNGR3,other,0.00635568,42.5629,35.4608,575,712
SYNJ2,other,-0.00488389,88.7124,25.4164,201,1403
SYNJ2BP,other,-0.0155607,145.622,10.7987,88,4794
SYNRG,other,-0.00810777,73.9833,33.6127,178,548
SYP,other,-0.0234004,85.6459,21.4566,155,1325
SYPL1,other,-0.00315427,40.7761,29.6889,301,3263
SYS1,other,0.0229853,82.177,605.355,182,11
SZRD1,other,-0.00128533,162.171,30.2109,96,1450
SZT2,other,-0.00207063,65.5073,36.1433,208,494
TAB1,other,0.0118384,68.8203,14.739,187,2768
TAB2,other,0.0105885,70.7505,23.2942,212,1110
TAB3,other,0.0300041,83.2865,18.4092,148,1345
TACC1,other,0.00863826,86.0352,34.8786,169,736
TACO1,other,-0.0309595,52.1147,65.4353,245,324
TADA1,other,0.274286,78.5617,130.314,280,1427
TADA2A,other,-0.00276626,114.602,34.2097,123,950
TADA2B,other,0.251699,126.705,186.223,159,4201
TADA3,other,0.0974503,102.25,39.1292,356,1008
TAF1,TFIID (TAF),-0.00674925,356.841,46.5228,88,504
TAF11,TFIID (TAF),0.140891,120.423,68.1772,151,3318
TAF12,TFIID (TAF),-0.0262845,594.243,43.4581,58,4131
TAF13,TFIID (TAF),0.206913,308.169,96.5682,71,1486
TAF1B,TFIID (TAF),0.0377515,140.478,37.9011,128,3898
TAF1D,TFIID (TAF),-0.013971,130.022,34.5977,219,1653
TAF3,TFIID (TAF),0.133676,171.569,45.0871,140,472
TAF4B,TFIID (TAF),0.00229031,96.3993,56.3922,132,283
TAF5,TFIID (TAF),-0.0444749,896.728,284.061,39,29
TAF5L,TFIID (TAF),-0.0087191,704.23,100.566,28,466
TAF6,TFIID (TAF),0.0539635,192.877,236.322,154,67
TAF6L,TFIID (TAF),0.27375,163.802,133.528,134,2349
TAF7,TFIID (TAF),-0.0112803,294.858,208.535,91,89
TAF8,TFIID (TAF),0.15968,341.676,1026.46,107,36
TAF9,TFIID (TAF),-0.00160301,86.7304,48.7085,154,342
TAF9B,TFIID (TAF),-0.0032307,74.9242,23.016,167,1060
TAFA2,TFIID (TAF),0.0308171,71.6216,20.3601,199,1281
TAGLN2,other,-0.000484599,49.0565,28.5596,269,1947
TAL1,other,-0.0372331,46.5684,21.1862,408,1758
TAL2,other,0.0011482,66.2107,21.0987,192,2972
TALDO1,other,-0.0244194,89.9562,24.9246,156,2018
TAMM41,other,0.108541,102.504,405.261,214,53
TANGO2,other,-0.0117396,69.6659,24.4441,183,1350
TANGO6,other,-0.0125318,479.519,750.628,66,14
TANK,other,0.0193326,45.1305,26.3581,275,1011
TAOK1,other,0.0263243,101.281,18.604,128,3903
TAOK2,other,-0.0289685,47.3331,39.6065,287,477
TAOK3,other,-0.00746967,46.8391,24.0431,277,2942
TAP2,other,0.00920488,126.576,23.0776,94,1308
TAPBP,other,0.004928,57.8673,26.5858,216,1548
TAPT1,other,-0.0165096,190.023,18.1991,81,1397
TARBP1,other,-0.00541463,38.433,29.6258,335,1528
TARDBP,other,0.107239,68.1978,138.635,376,181
TARS2,other,0.105847,144.641,61.2654,156,1016
TASOR,other,0.0272442,1093.32,48.8858,25,4457
TASOR2,other,0.0143807,109.191,43.4033,148,564
TASP1,other,0.044889,79.1197,24.9324,173,2132
TATDN1,other,0.0137434,208.824,31.8827,66,2193
TATDN2,other,-0.0446066,56.4105,32.3399,223,1140
TATDN3,other,0.0102116,39.8435,28.4826,338,638
TAX1BP1,other,-0.00845749,41.6869,40.5767,304,1535
TAX1BP3,other,0.025638,49.6251,18.1916,266,2273
TBC1D1,other,0.0133198,228.058,34.0778,87,2414
TBC1D10A,other,0.00294712,86.8074,17.9708,147,1767
TBC1D10B,other,-0.00550793,129.211,48.6527,100,554
TBC1D14,other,-0.0135756,71.701,27.1582,166,1239
TBC1D15,other,-0.0156223,131.217,19.5011,104,2343
TBC1D20,other,0.051678,40.0316,24.2951,323,2143
TBC1D22A,other,0.0860943,45.317,25.2255,338,817
TBC1D22B,other,0.0044812,77.0173,23.6925,170,947
TBC1D23,other,0.0032063,101.964,15.516,124,2912
TBC1D24,other,0.042322,24.7912,17.3184,565,1752
TBC1D31,other,-0.0217037,212.831,32.0904,64,1365
TBC1D4,other,-0.0281964,130.343,21.3481,134,1087
TBC1D5,other,0.00383796,131.882,21.0439,105,2507
TBC1D7,other,-0.0156769,63.0355,25.0199,186,1074
TBC1D9B,other,0.00106165,231.068,80.7095,61,2595
TBCA,other,0.0276702,44.7689,85.826,315,449
TBCCD1,other,0.0338654,57.7804,27.5117,219,1006
TBK1,other,-0.000412551,47.1083,25.7724,267,999
TBKBP1,other,-0.0303764,140.089,37.9659,114,577
TBL1X,other,-0.0455134,128.592,29.7614,106,686
TBL1XR1,other,0.019368,185.444,39.43,74,2067
TBL2,other,0.0188776,33.9544,17.1937,372,1298
TBP,other,-0.0194265,76.0698,70.8373,301,307
TBPL1,other,0.0629591,110.715,40.7117,146,1386
TBPL2,other,0.00238978,97.7442,18.8737,138,1850
TBR1,other,0.00158389,401.57,20.7058,46,1428
TBRG1,other,0.0667593,51.924,20.4417,245,2618
TBRG4,other,0.0549433,250.158,51.1192,95,381
TBX1,other,-0.0117526,38.2359,30.1036,623,675
TBX10,other,0.0251638,56.345,30.9443,282,869
TBX15,other,0.00682506,42.0695,25.5936,297,848
TBX18,other,0.00112907,55.0092,16.9042,242,1432
TBX19,other,0.0279001,61.1654,18.4326,207,1543
TBX2,other,0.00201236,68.0762,19.9743,207,2039
TBX20,other,-0.010204,55.2855,16.7078,241,1486
TBX21,other,0.00570992,164.279,70.3113,82,1203
TBX22,other,0.0101663,97.4638,32.5524,139,1605
TBX3,other,-0.0232162,44.989,35.6291,263,1649
TBX4,other,-0.0074392,29.8503,19.6177,456,1598
TBX5,other,-0.0179972,89.9469,20.1238,158,1359
TBX6,other,-0.00378942,44.0028,20.1689,283,1700
TBXA2R,other,-0.0315847,47.1285,28.9836,297,1241
TBXAS1,other,-0.00886322,73.861,14.2116,175,4276
TCAIM,other,0.0294136,70.2226,15.9172,182,2635
TCEA1,other,0.03451,118.729,29.2172,118,2623
TCEA2,other,0.00120176,384.673,26.8576,40,917
TCEAL1,other,0.0508557,439.944,71.209,47,2371
TCEAL8,other,0.0105799,58.912,19.4123,215,1260
TCEAL9,other,-0.00196523,74.0705,24.5504,172,1491
TCEANC2,other,0.0101425,100.619,30.0896,125,1844
TCERG1,other,0.0660043,197.459,488.732,138,21
TCF12,other,-0.000821984,53.3641,22.735,247,1158
TCF15,other,0.0991421,57.0545,17.4047,275,1893
TCF19,other,0.105708,44.5821,21.5979,343,1836
TCF20,other,-0.0287272,97.1787,23.9093,136,1299
TCF21,other,-0.00999371,67.6531,18.8048,186,1666
TCF23,other,0.00728947,69.6802,16.5056,178,2174
TCF24,other,-0.0114207,49.6066,19.0084,279,1506
TCF25,other,-0.00740954,292.447,28.5906,54,859
TCF3,other,-0.0390261,175.302,27.7493,94,1384
TCF4,other,-0.0253409,73.2429,28.3617,159,1721
TCF7,other,0.0076235,244.557,21.344,63,2347
TCF7L1,other,-0.0425757,119.312,24.2664,107,3371
TCF7L2,other,0.00101294,70.8318,19.9708,185,1505
TCFL5,other,-0.0155474,547.754,20.4989,35,2890
TCHP,other,-0.0166324,98.2673,12.6845,136,2503
TCIRG1,other,0.00678406,32.9434,14.8683,410,2163
TCOF1,other,-0.070874,152.952,1950.24,163,14
TCP11L1,other,-0.0192457,72.9894,27.8277,179,640
TCTA,other,0.0173754,59.5176,27.4605,214,2381
TCTN1,other,0.0164892,150.285,24.3198,95,3072
TCTN3,other,0.0145774,72.6603,18.9089,177,2277
TDG,other,0.00785664,74.9854,16.4135,160,3761
TDP1,other,0.0742015,73.5934,24.2821,198,1063
TDP2,other,0.0745936,37.5176,15.0063,351,2071
TDRD3,other,0.0151632,247.383,34.4882,63,2103
TDRKH,other,0.0147436,69.6346,18.901,196,1544
TEAD1,other,-0.00257993,246.175,29.2045,59,1141
TEAD2,other,0.0484591,83.2754,25.2092,168,911
TEAD3,other,0.0213335,18.5836,22.4797,717,1395
TEC,other,0.0369478,54.5123,23.304,246,3077
TECPR1,other,-0.00415659,54.1264,29.9031,245,1974
TECR,other,-0.0252305,72.5033,16.2827,188,3118
TEDC1,other,0.00238685,85.4984,52.9612,140,591
TEDC2,other,0.0420857,48.9617,78.922,302,332
TEF,other,-0.0113579,38.8168,15.637,321,1772
TEFM,other,0.161056,83.0575,45.3429,341,823
TEN1,other,0.0207265,64.3656,120.666,220,115
TENT2,other,0.00689384,1099.31,77.1738,29,2784
TENT4A,other,0.0187245,54.9221,19.0398,248,1803
TENT4B,other,-0.00259257,266.364,21.5773,51,1567
TEPSIN,other,-0.0135853,290.326,20.2532,49,1649
TERF1,other,0.0159388,62.8147,19.724,198,1482
TERF2IP,other,-0.0392864,86.5719,29.1731,190,2831
TES,other,-0.0371244,64.5275,25.0657,196,3035
TESC,other,0.00246768,74.9539,18.2705,160,1696
TESMIN,other,-0.00058623,208.671,22.5544,70,1142
TET1,other,0.0112026,88.012,23.2788,160,2127
TET2,other,-0.0277174,62.2241,29.7509,201,3194
TET3,other,0.00697942,67.4582,28.2512,190,1303
TEX261,other,-0.0046079,59.0621,24.038,217,1358
TEX264,other,-0.00667702,24.5422,16.4107,530,2094
TEX30,other,0.0405966,62.9276,15.6346,215,2720
TFAM,other,0.226116,122.936,80.6648,147,2145
TFAP2A,other,0.0152619,48.3897,24.967,290,2272
TFAP2B,other,0.0155138,646.088,12.967,37,2229
TFAP2C,other,-0.00932374,91.5307,24.9433,140,819
TFAP2D,other,-0.0319957,302.144,20.6011,54,4902
TFAP2E,other,0.0104289,126.274,20.6933,106,1961
TFAP4,other,0.109158,401.3,40.3312,53,968
TFB1M,other,0.0637368,86.9846,27.131,182,1444
TFB2M,other,0.0256389,31.3089,22.8624,434,1493
TFCP2L1,other,-0.00999297,3151.25,22.3322,18,2019
TFDP1,other,0.16669,108.618,64.3312,318,582
TFDP2,other,-0.000105906,64.0207,25.4884,193,1400
TFDP3,other,-0.00391969,129.912,18.4121,102,3284
TFE3,other,0.0492498,59.9558,54.1382,220,448
TFEB,other,-0.00865592,28.2819,22.2739,451,1848
TFEC,other,0.0213941,204.322,17.738,72,1858
TFG,other,0.0180594,59.3504,30.2201,223,1601
TFIP11,other,0.0176008,148.74,33.5901,101,511
TFPI,other,0.015696,772.455,34.4185,30,3487
TFPT,other,0.0194307,103.636,459.042,209,37
TFR2,other,-0.00774706,2383.85,24.734,17,1333
TGDS,other,0.0341348,156.763,80.6078,79,505
TGFB1,other,-0.00906736,52.0354,21.6861,262,1495
TGFBR3,other,0.0111472,64.1437,15.1896,191,3065
TGFBRAP1,other,-0.0109577,42.3337,31.2143,309,875
TGIF1,other,0.0213996,44.521,27.8356,299,1369
TGIF2,other,0.0885878,93.8024,20.1835,163,1721
TGIF2LX,other,0.0172884,91.726,40.4833,164,508
TGIF2LY,other,-0.0174982,74.0088,20.7753,182,1980
TGOLN2,other,-0.00462815,74.2134,16.4822,181,2360
TGS1,other,0.034625,36.3617,81.4002,374,249
THADA,other,-0.00166221,458.141,19.3424,42,1716
THAP10,other,0.0489127,42.4172,30.0068,323,796
THAP11,other,0.284373,122.233,58.0894,158,1835
THAP12,other,0.100129,123.339,80.9162,134,3183
THAP2,other,0.14083,62.5067,26.3135,242,1790
THAP4,other,-0.015206,459.333,109.835,42,265
THAP5,other,-0.00860283,91.7514,23.2091,141,1263
THAP6,other,0.0162158,151.347,44.3968,98,449
THAP8,other,0.0611592,119.405,17.9093,108,1337
THAP9,other,0.0102822,46.8711,32.2348,241,727
THEM4,other,0.0139712,123.374,14.9162,105,1848
THEM6,other,0.0257745,162.02,14.8659,88,2851
THEMIS2,other,0.0491924,120.149,17.5939,124,1509
THG1L,other,0.0533943,520.112,193.815,54,104
THOC1,other,0.00128222,292.547,164.07,55,115
THOC2,other,0.00814522,357.94,595.396,47,10
THOC5,other,-0.0184099,1553.18,583.095,21,35
THOC6,other,0.185685,59.0644,55.5981,291,1490
THOC7,other,0.0938301,121.298,171.152,153,120
THOP1,other,0.0162422,57.0811,22.3209,255,1568
THRA,other,0.0205317,45.8783,32.1781,295,840
THRAP3,other,0.15648,96.3343,42.3285,175,1635
THRB,other,0.0422763,40.0449,19.1529,305,3204
THTPA,other,-0.0203566,1445.15,30.7986,21,883
THUMPD1,other,-0.0153648,258.68,57.6798,73,1668
THUMPD2,other,0.0369317,32.3589,22.0939,366,3942
THUMPD3,other,0.0149048,51.3117,21.3623,239,1821
THYN1,other,0.0237495,164.035,24.7509,83,6545
TIA1,other,0.0401644,129.225,52.1525,121,3739
TIAL1,other,0.0215115,5005.38,33.5643,13,1876
TIFA,other,0.015261,949.39,33.3232,30,653
TIGD1,other,-0.0110774,96.5922,35.9708,133,1506
TIGD2,other,-0.0283179,190.654,26.9861,72,866
TIGD3,other,0.03431,71.1143,20.1638,189,3049
TIGD4,other,0.0209628,50.2515,35.589,251,3911
TIGD5,other,-0.0109665,259.481,29.4633,53,911
TIGD6,other,0.00565061,57.7844,48.8068,229,565
TIGD7,other,0.0172327,138.496,24.9146,100,1214
TIMM10,other,-0.0233544,93.8826,89.8948,140,782
TIMM10B,other,0.0876241,60.9812,18.48,209,2403
TIMM13,other,0.0561272,96.8599,56.9392,237,356
TIMM17A,other,0.0245449,116.211,21.2784,129,1460
TIMM21,other,0.009555,172.685,25.8637,70,6162
TIMM22,other,0.0369383,123.704,500.508,111,43
TIMM29,other,0.0227422,71.9628,32.3651,183,592
TIMM8A,other,0.00339282,34.8451,17.0557,405,1504
TIMM8B,other,-0.0103038,38.8187,89.6007,325,313
TIMM9,other,0.0299197,58.9002,73.3094,314,227
TIMMDC1,other,0.000474132,450.753,47.9536,43,1529
TIMP1,other,0.0629017,37.2908,46.6669,418,438
TINF2,other,0.0464022,118.812,188.123,115,67
TIPARP,other,0.0427133,529.529,42.1682,44,689
TIPIN,other,-0.0164068,70.1906,32.5717,210,658
TIPRL,other,0.0410927,141.281,41.4801,106,1715
TJAP1,other,0.0187211,41.0392,24.4703,301,1006
TJP2,other,0.011174,41.9856,31.4406,299,664
TK1,other,0.00182075,168.472,19.9505,98,1560
TKT,other,0.0359268,27.0018,48.7819,484,415
TLCD1,other,0.0114836,43.2438,18.0037,309,1474
TLCD3A,other,-0.00286727,74.6969,20.7275,168,1462
TLCD5,other,-0.0262303,71.7494,22.3919,166,2350
TLE3,other,0.0387079,73.8334,33.5527,235,1515
TLE4,other,0.00133628,165.903,35.5805,76,1203
TLE5,other,-0.00357554,81.9093,19.8162,167,1819
TLK1,other,-0.00173775,102.476,49.0527,134,391
TLK2,other,0.0148217,73.1274,40.2776,244,798
TLN1,other,0.0205352,51.1151,60.656,246,871
TLNRD1,other,0.00396233,48.2892,16.8942,274,1984
TLX1,other,0.0762971,41.5804,35.8541,331,1948
TLX2,other,-0.0182199,112.044,16.274,112,2623
TLX3,other,0.0029847,108.061,18.4849,110,1968
TM2D1,other,0.0254443,147.659,106.81,89,2086
TM2D2,other,0.00215638,148.378,43.1239,88,1105
TM2D3,other,0.00942516,145.797,25.9645,96,1786
TM7SF2,other,0.0217747,47.876,14.4801,250,2767
TM7SF3,other,-0.0432206,72.4918,19.1679,187,2643
TM9SF2,other,0.0127869,70.0658,41.468,180,1500
TM9SF3,other,0.0131483,61.4392,28.833,216,985
TM9SF4,other,0.0291969,89.4107,24.7668,167,1091
TMA16,other,0.00277704,103.745,840.745,233,12
TMA7,other,0.0199732,44.6038,16.5103,284,1390
TMBIM1,other,0.02065,144.874,15.5914,96,1449
TMBIM4,other,-0.0439088,84.2741,66.5846,160,382
TMBIM6,other,-0.0319045,88.2163,16.8217,133,1610
TMC6,other,-0.00862629,66.4588,15.9861,215,1543
TMCO1,other,0.0327853,51.5169,18.3386,261,1790
TMCO3,other,-0.0156427,57.3689,24.625,259,1285
TMED1,other,0.0172658,88.9207,26.3932,144,1494
TMED10,other,0.153698,57.279,43.0018,315,1113
TMED2,other,0.155839,50.3371,36.0717,353,1227
TMED4,other,-0.015093,116.56,67.4874,124,2449
TMED5,other,-0.00405566,80.8409,15.5955,160,1630
TMED7,other,0.0192176,38.6735,20.8944,368,1051
TMED8,other,-0.00689872,79.6445,17.1028,156,2563
TMED9,other,0.0193626,261.081,176.469,69,497
TMEM101,other,-0.0455067,110.942,23.4794,121,2645
TMEM106B,other,0.0283081,59.2264,26.4163,270,908
TMEM106C,other,0.0192935,47.0753,21.1094,281,1745
TMEM107,other,0.0041129,172.64,27.9478,83,1871
TMEM109,other,0.0104374,60.1647,15.1545,200,1758
TMEM11,other,-0.00263206,86.5359,24.1509,164,801
TMEM115,other,0.02108,121.199,19.9229,125,2257
TMEM116,other,0.0439956,66.5868,19.3307,208,1609
TMEM120A,other,0.0367732,52.6827,20.4744,266,2244
TMEM120B,other,-0.0158558,236.874,25.5513,65,764
TMEM123,other,0.0107733,107.029,36.8189,126,7173
TMEM126A,other,0.000786148,49.8918,13.1042,228,2895
TMEM126B,other,0.00839972,212.898,48.3695,82,1499
TMEM127,other,-0.00284568,34.4288,27.8795,386,1633
TMEM128,other,0.00296808,103.276,18.7014,127,1748
TMEM129,other,0.0210688,524.155,633.804,39,31
TMEM131,other,0.153019,48.4373,25.911,310,1989
TMEM131L,other,0.0984202,62.1816,20.4193,203,4048
TMEM134,other,-0.000199953,46.179,18.9382,273,1861
TMEM135,other,0.00527347,62.6312,21.898,200,1662
TMEM138,other,0.0187602,42.814,28.4045,302,1605
TMEM141,other,0.00786455,74.5656,18.718,161,3077
TMEM14A,other,0.0525467,100.884,17.5611,125,2250
TMEM14B,other,0.0165537,74.3542,20.59,173,1978
TMEM14C,other,-0.0198641,73.8248,23.8692,172,1335
TMEM150A,other,-0.0235994,41.0112,30.4596,319,864
TMEM160,other,-0.0156816,32.5335,29.9722,381,686
TMEM161A,other,-0.00164525,71.4739,19.4589,172,2381
TMEM161B,other,0.058031,125.865,27.6111,199,1713
TMEM164,other,0.0341144,61.7588,21.9512,213,1269
TMEM165,other,0.0287942,93.994,49.0717,135,1765
TMEM167A,other,0.0500346,213.585,28.5254,77,2013
TMEM167B,other,-0.0226687,106.44,27.0203,126,838
TMEM168,other,0.0261861,68.2537,17.1686,197,2419
TMEM170A,other,0.00499024,46.4944,18.589,293,1671
TMEM175,other,-0.000602483,95.5084,38.1646,141,1786
TMEM177,other,0.0134547,48.6856,14.8548,261,2493
TMEM179B,other,0.00473314,72.5784,23.5782,198,1322
TMEM18,other,-0.0155441,109.086,12.5526,130,2421
TMEM181,other,0.011174,52.9315,40.2007,237,845
TMEM183A,other,-0.0191591,253.12,21.926,61,1425
TMEM184B,other,0.00487995,149.56,30.5347,96,1064
TMEM184C,other,0.027199,120.566,20.4434,101,1872
TMEM185B,other,0.0129945,56.8899,30.7112,234,574
TMEM19,other,0.00340123,65.394,21.8852,209,1045
TMEM192,other,0.0190447,62.7898,21.9343,213,1003
TMEM199,other,-0.003827,59.0731,17.6218,218,1603
TMEM201,other,-0.00320918,138.669,18.2845,103,2080
TMEM203,other,-0.017797,56.3728,20.8631,249,1820
TMEM205,other,-0.0476495,82.5547,18.9919,146,2597
TMEM208,other,-0.0363191,143.971,38.207,104,489
TMEM214,other,0.13532,87.8838,46.9664,208,1307
TMEM216,other,0.00383423,38.6155,24.1767,308,1118
TMEM218,other,0.0307644,58.682,13.0658,215,2273
TMEM219,other,0.0032707,168.54,25.0952,78,830
TMEM222,other,0.0329551,56.8471,20.1883,218,2749
TMEM223,other,-0.0135657,117.305,14.0846,111,3050
TMEM230,other,-0.00149707,93.3284,29.3956,133,2865
TMEM231,other,0.0234976,74.0572,19.8094,165,1227
TMEM234,other,-0.00877774,106.249,67.9029,123,309
TMEM237,other,0.0149473,44.1046,21.5583,299,1623
TMEM241,other,-0.014814,104.104,22.2708,136,1914
TMEM242,other,-0.0254197,120.359,34.9117,146,550
TMEM243,other,0.00974515,76.0856,27.5231,162,1592
TMEM245,other,0.0183351,38.8703,26.4381,334,1157
TMEM248,other,0.046412,67.2379,29.601,195,3012
TMEM250,other,0.00268956,75.6619,26.9241,173,4037
TMEM256,other,-0.00811735,51.305,26.2881,245,1656
TMEM258,other,-0.0230546,60.8149,94.0332,287,177
TMEM259,other,0.0115288,60.206,112.462,256,200
TMEM267,other,-0.000977501,125.758,36.0768,120,2061
TMEM273,other,0.0130163,88.1583,17.2005,153,2757
TMEM30A,other,0.0111503,141.732,36.4434,98,2235
TMEM33,other,0.0375335,61.1057,25.3708,207,1016
TMEM38B,other,0.00113988,65.7657,24.4622,189,852
TMEM39A,other,0.0501611,46.6672,73.804,249,255
TMEM39B,other,-0.0169663,64.0893,20.2606,209,1654
TMEM41A,other,-0.0156885,107.691,16.5297,122,1495
TMEM43,other,0.0343345,206.819,22.0421,59,1432
TMEM44,other,0.00562113,53.2057,26.9425,221,1746
TMEM50A,other,0.0117287,56.1377,14.2244,287,2267
TMEM50B,other,-0.00454943,52.8371,28.3226,253,1824
TMEM53,other,0.0185132,65.06,17.2795,195,1490
TMEM54,other,0.0153809,86.5558,21.694,161,1683
TMEM59,other,0.0230847,68.0936,15.3393,196,1844
TMEM60,other,0.0169297,144.879,28.9613,100,1187
TMEM62,other,-0.00728816,183.759,21.7825,75,2145
TMEM63A,other,-0.00124242,51.3527,49.2333,237,2908
TMEM63B,other,0.0255583,62.0398,37.6999,210,860
TMEM64,other,0.0253368,43.9566,21.8701,290,1380
TMEM65,other,0.00888957,100.985,21.5563,130,1232
TMEM68,other,0.0224131,78.8325,17.2877,169,2388
TMEM69,other,0.0132068,50.9064,19.7676,249,3707
TMEM70,other,0.00367394,51.2987,22.8818,246,2574
TMEM80,other,0.0755441,108.909,22.3657,123,1464
TMEM87A,other,0.0207393,50.664,37.0475,276,750
TMEM9,other,-6.02346e-05,54.0591,23.3338,242,2217
TMEM97,other,0.0407761,105.53,42.6769,127,3097
TMEM98,other,0.0208684,45.1572,35.023,280,1653
TMEM9B,other,0.0144399,107.328,21.4388,125,3465
TMLHE,other,-0.00121079,66.9261,19.7004,197,1294
TMOD3,other,-0.0144462,79.8231,23.1182,154,1069
TMPO,other,-0.00129831,46.7486,20.9087,318,1215
TMSB10,other,-0.0407496,43.545,13.8913,433,2717
TMSB4X,other,-0.00593936,71.0396,18.5375,173,1961
TMTC4,other,0.0413874,123.17,16.1072,103,3890
TMUB1,other,0.0172226,92.3603,19.7594,147,1469
TMUB2,other,0.0457213,48.6201,18.4591,267,1372
TMX1,other,-0.000103678,92.8381,52.6691,149,1632
TMX2,other,0.117058,225.786,36.5077,111,788
TMX3,other,-0.0032104,41.6513,23.2597,311,1136
TMX4,other,0.00581891,91.6085,23.1593,135,1286
TNFAIP1,other,0.00238176,48.2824,30.3985,249,1011
TNFAIP2,other,0.00368055,50.1253,19.2698,260,2816
TNFAIP8,other,0.0392761,47.1129,19.5728,308,1306
TNFAIP8L1,other,-0.00876257,87.3719,16.8842,157,1713
TNFAIP8L2,other,0.0156658,56.9797,12.1889,232,2792
TNFRSF10A,other,2.2456e-05,147.019,29.943,86,2263
TNFRSF10B,other,-0.00520505,59.4317,31.828,212,1856
TNFRSF12A,other,-0.0294686,85.0028,19.1742,154,2183
TNFRSF1A,other,-0.0210295,71.8949,23.4568,168,1180
TNFRSF1B,other,0.0234414,25.144,66.5431,473,256
TNFRSF8,other,-0.0106599,95.7107,23.0943,143,1743
TNFSF10,other,0.036109,272.396,36.5398,62,1228
TNFSF9,other,0.0115963,50.6639,45.2615,256,3835
TNIK,other,0.0241304,52.7034,23.0936,245,3114
TNIP1,other,0.0908631,35.0182,16.4587,404,2865
TNIP2,other,0.0301287,57.2134,16.998,243,2843
TNK2,other,-0.0139992,38.0289,19.3591,345,1443
TNKS,other,-0.0239458,60.8033,21.652,211,882
TNKS1BP1,other,-0.00321351,51.7411,58.6254,241,425
TNKS2,other,-0.0245975,129.752,27.3498,99,1064
TNPO1,other,0.108262,144.159,56.1384,112,1870
TNPO2,other,-0.00956278,40.0772,51.7786,307,5768
TNPO3,other,0.11528,143.747,442.543,210,44
TNRC18,other,-0.0443552,84.6486,65.9245,146,342
TNRC6A,other,0.126746,74.3821,46.5346,379,1143
TNRC6B,other,-0.0170262,155.962,18.2847,87,1621
TNRC6C,other,-0.00513385,54.4716,25.1966,240,1120
TNXB,other,-0.0237341,163.29,19.1952,80,1270
TOB1,other,0.0313987,68.2375,33.9735,196,828
TOB2,other,0.0226946,59.4901,19.4886,215,1984
TOE1,other,0.140273,69.7136,24.5126,318,1561
TOGARAM1,other,0.0140203,45.4677,21.3073,281,1022
TOLLIP,other,-0.0119789,112.254,23.9521,125,870
TOM1,other,0.00149124,94.0471,17.4775,151,3008
TOMM20,other,0.041292,93.8168,652.131,182,32
TOMM22,other,-0.0674872,288.772,131.548,114,85
TOMM34,other,0.0157826,64.9784,22.3649,190,1694
TOMM40,other,0.0726815,90.8259,1472.47,197,15
TOMM40L,other,0.0357198,116.633,19.8567,123,2509
TOMM5,other,0.0320279,124.923,24.6858,113,1505
TOMM6,other,-0.00658921,213.206,17.6616,66,1555
TOMM7,other,0.0243437,49.6879,25.0611,265,2321
TOMM70,other,0.0166543,69.8977,50.9376,186,434
TOP1MT,other,-0.00469117,68.5668,24.4544,181,1911
TOP2A,other,0.00914865,967.576,47.4287,22,1580
TOP2B,other,-0.0171756,48.7491,22.5862,275,2063
TOP3A,other,0.0113045,48.158,245.864,294,74
TOP3B,other,-0.0167061,146.955,29.0228,96,2829
TOPBP1,other,0.0286645,130.964,99.2933,106,174
TOPORS,other,0.0661039,66.0315,38.0677,201,873
TOR1A,other,0.0179909,59.4237,36.4674,215,2864
TOR1AIP1,other,-0.00827322,215.664,26.7686,66,2467
TOR1AIP2,other,-0.0212985,70.5398,16.7783,187,2709
TOR1B,other,0.0615951,110.454,25.9306,146,1430
TOR2A,other,0.0140601,91.452,24.6678,139,860
TOR3A,other,0.0342279,93.0026,14.4389,158,2162
TOR4A,other,0.00435142,49.351,68.3134,274,249
TP53,other,0.00746312,63.131,36.9119,220,8221
TP53BP1,other,-0.0210183,42.7478,27.4884,293,1041
TP53BP2,other,-0.0044313,55.2042,19.2434,238,1511
TP53I13,other,-0.0269802,103.035,36.4303,159,1828
TP53RK,other,0.00431746,86.6357,59.5731,249,1461
TP63,other,-0.0201255,81.6689,37.21,150,867
TP73,other,0.128771,81.2591,59.2188,196,611
TPD52L1,other,0.012619,46.4627,35.7421,275,1119
TPD52L2,other,-0.00437596,50.7735,15.2703,240,2942
TPGS1,other,0.0238157,71.2347,23.5924,175,1786
TPGS2,other,-0.0247428,85.6029,47.0775,152,1812
TPI1,other,0.0103537,211.184,142.32,72,198
TPM1,other,0.0362355,30.3376,20.3588,434,2344
TPM3,other,-0.0338495,63.6181,29.6991,189,622
TPM4,other,0.0410249,21.3523,24.0692,586,2059
TPMT,other,0.00315084,103.872,99.2674,127,9241
TPP1,other,0.00736735,65.4172,31.5368,195,673
TPP2,other,0.0185265,518.089,36.5477,41,857
TPR,other,0.0256886,282.973,89.6132,92,169
TPRA1,other,-0.0150418,56.52,13.3155,234,3566
TPRKB,other,-0.0190564,479.446,58.39,38,384
TPRN,other,0.0108005,55.7367,23.0418,229,868
TPRX1,other,-0.0145511,99.6398,27.7032,121,1177
TPST2,other,-0.00783661,51.5483,42.9682,265,479
TPT1,other,0.0910429,149.122,70.649,96,603
TRA2A,other,0.0150816,28.9984,28.3488,464,759
TRABD,other,0.0153592,44.9506,25.7645,348,1274
TRADD,other,0.0456534,133.089,47.6477,126,467
TRAF2,other,0.0244141,173.286,38.3201,78,1265
TRAF3,other,0.00376801,55.8743,43.9723,241,17900
TRAF3IP1,other,0.00698496,73.8573,24.9833,187,872
TRAF3IP2,other,-0.00149997,60.4427,18.0374,204,1314
TRAF4,other,0.030626,65.8362,23.1985,200,1228
TRAF5,other,0.00584003,48.0447,17.4124,277,2716
TRAF7,other,0.0590563,33.4223,24.1955,374,1640
TRAFD1,other,-0.0010957,95.6683,25.2303,136,1491
TRAIP,other,0.0347792,62.835,988.898,202,32
TRAK1,other,0.00903871,70.1814,39.5525,175,2044
TRAM1,other,0.0457051,46.0694,20.3161,272,2239
TRAM2,other,0.00339004,49.5348,28.3519,253,1969
TRAP1,other,-0.0478606,48.6291,22.3471,271,2885
TRAPPC1,other,0.00140525,60.6673,833.69,194,10
TRAPPC10,other,-0.022739,309.704,25.729,54,1552
TRAPPC11,other,-0.0977639,210.319,86.1724,125,186
TRAPPC12,other,0.0322908,58.789,15.4805,227,1945
TRAPPC13,other,-0.000917031,75.7861,23.9304,171,1681
TRAPPC2,other,0.07212,62.6434,14.6695,208,3268
TRAPPC2L,other,-0.00849973,165.524,21.0903,88,1032
TRAPPC3,other,-0.010274,36.512,59.1763,377,393
TRAPPC4,other,-0.00125174,28.8278,47.5101,443,1056
TRAPPC5,other,0.00791899,154.495,281.49,103,67
TRAPPC6B,other,-0.00739926,90.9541,33.7975,147,1176
TRAPPC8,other,0.00645595,49.9818,23.6416,270,1098
TRDMT1,other,-0.000848534,79.8123,22.8705,153,1225
TREML2,other,-0.0023607,73.3283,22.4657,169,1264
TRERF1,other,-0.0153137,91.0777,19.8694,156,1623
TRIAP1,other,0.025394,88.5933,624.004,164,28
TRIB2,other,0.0225628,41.8626,31.1205,334,1142
TRIM13,other,-0.0443407,117.953,34.6379,118,1038
TRIM14,other,-0.0407003,54.1332,27.4403,228,792
TRIM16,other,-0.0272798,52.8262,26.8397,241,638
TRIM21,other,0.0452839,120.454,33.4685,110,743
TRIM23,other,-0.0210313,65.4767,24.0048,230,2448
TRIM24,other,0.0358899,168.757,69.8999,104,259
TRIM25,other,0.030888,122.675,29.2304,116,2498
TRIM26,other,0.0027835,62.3047,38.1751,220,561
TRIM27,other,-0.0121366,184.686,19.6264,77,1775
TRIM28,other,0.0234154,267.276,25.0045,57,998
TRIM33,other,-0.048255,57.6801,20.4939,244,1730
TRIM37,other,-0.0279107,63.8249,27.2573,187,832
TRIM38,other,0.0102015,151.695,18.2319,95,1638
TRIM39,other,0.0537458,93.6369,33.1358,136,2932
TRIM4,other,0.0234845,88.9578,53.5507,137,259
TRIM41,other,0.00407666,86.1009,16.9563,158,2146
TRIM44,other,0.027859,45.0653,28.9657,282,2434
TRIM5,other,-0.0281771,58.4929,44.1787,254,2794
TRIM56,other,0.00573329,97.8324,19.023,134,1726
TRIM58,other,-0.0227634,49.0029,18.9928,253,1392
TRIM59,other,-0.0264912,129.921,29.3751,122,3104
TRIM65,other,-0.00695294,118.124,23.9453,117,2031
TRIM68,other,-0.0149106,467.553,18.9636,37,1937
TRIM8,other,-0.0261182,55.3716,24.3548,248,1356
TRIOBP,other,0.00273971,34.8268,101.03,392,304
TRIP10,other,0.0102226,50.9036,46.6941,276,427
TRIP11,other,-0.00933943,57.3438,29.6022,228,1063
TRIP12,other,0.0347659,159.408,58.224,89,4848
TRIP13,other,0.00642058,88.0409,35.147,170,702
TRIP6,other,0.0260889,43.5176,38.622,320,505
TRIR,other,0.0747477,98.2684,35.6843,146,662
TRIT1,other,0.0108696,122.187,44.7013,111,3654
TRMT10A,other,0.00281711,88.1602,23.2698,150,4212
TRMT10B,other,0.0132451,98.9044,15.5465,137,2928
TRMT10C,other,-0.000843132,103.732,30.8211,181,1091
TRMT11,other,0.031053,91.6926,23.999,151,1687
TRMT112,other,0.135886,208.338,1310.97,179,12
TRMT12,other,-0.00572276,61.5622,22.32,212,1436
TRMT13,other,0.00459922,57.7554,53.7374,205,378
TRMT1L,other,-0.0148271,129.944,20.2102,110,1884
TRMT2A,other,0.0141079,51.9283,19.0462,268,1873
TRMT2B,other,0.00985787,71.6382,22.2446,222,1393
TRMT44,other,0.0405241,376.23,40.2052,49,790
TRMT5,other,0.133503,183.71,516.238,112,46
TRMT6,other,0.00948872,71.539,54.7279,204,551
TRMT61A,other,0.0947317,97.069,54.2132,156,642
TRMT61B,other,0.0126729,53.879,26.4951,243,2305
TRMU,other,-0.0017261,90.2242,16.0114,169,1696
TRNAU1AP,other,0.0165874,283.139,147.261,68,162
TRNT1,other,0.0484478,69.2448,60.9581,386,306
TROAP,other,0.0372434,52.7722,17.0854,259,1351
TRPM7,other,0.00981518,316.664,389.46,56,34
TRPS1,other,-0.00488194,52.1663,14.243,246,3376
TRPT1,other,0.0253702,44.4557,42.93,312,514
TRPV2,other,0.0111387,57.9698,42.2663,213,3108
TRRAP,other,0.27196,182.221,58.4256,325,956
TRUB1,other,-0.0164839,168.165,22.8154,79,1385
TRUB2,other,-0.0244114,63.5788,27.6277,199,3449
TSC1,other,0.110123,209.618,49.8479,81,1172
TSC2,other,0.066498,59.0828,40.4422,250,1584
TSC22D1,other,0.0261746,106.739,19.5996,120,1919
TSC22D2,other,0.0120974,118.288,29.7417,112,725
TSC22D4,other,0.0289261,47.7823,15.6861,300,2160
TSEN15,other,0.104223,112.066,35.5587,144,1120
TSEN2,other,0.229891,114.627,272.799,254,97
TSEN34,other,-0.00481587,23.0621,18.2264,540,1545
TSEN54,other,0.00839604,132.237,564.114,107,29
TSFM,other,0.053001,102.803,36.1957,150,1828
TSG101,other,0.0843564,256.178,285.936,74,85
TSHZ1,other,-0.0468546,55.5088,17.7804,236,1771
TSHZ2,other,0.0392738,59.8262,47.8953,237,409
TSHZ3,other,0.0354207,100.152,18.7086,121,1343
TSKU,other,-0.00452108,73.1785,39.6443,171,2790
TSN,other,0.0330845,71.6698,23.7884,199,1691
TSNARE1,other,-0.0128932,109.995,15.793,119,1267
TSNAX,other,0.00493976,93.2091,29.6561,132,738
TSPAN14,other,-0.0298376,314.775,20.568,58,1371
TSPAN17,other,-0.00579167,31.485,21.8497,414,1067
TSPAN18,other,0.0263938,59.4196,30.3175,216,706
TSPAN3,other,0.0257107,68.1074,23.1153,178,1593
TSPAN31,other,-0.00165433,110.22,20.4099,125,1018
TSPAN32,other,0.0163394,90.6007,17.0061,147,2298
TSPAN4,other,0.0290728,30.1995,154.229,418,89
TSPO,other,-0.00745151,55.7299,46.4166,253,4501
TSPYL1,other,0.0223385,61.3587,44.7745,211,1512
TSPYL2,other,-0.0111276,42.2572,19.6624,302,3390
TSPYL4,other,0.0263774,44.4168,19.8622,304,1434
TSPYL5,other,0.143061,64.5625,127.264,229,780
TSR2,other,0.0669768,374.225,216.915,192,131
TSR3,other,-0.0122069,44.0815,22.0226,303,1449
TSSC4,other,0.0335686,47.2564,22.805,265,1922
TST,other,0.0360751,72.2072,28.7376,179,2716
TSTD2,other,0.00575519,56.6787,91.5069,213,366
TSTD3,other,-0.0199504,180.858,20.9421,82,994
TTC12,other,-0.0151557,217.794,30.8921,66,511
TTC13,other,-0.014954,67.343,43.9202,182,755
TTC14,other,0.0235606,93.97,29.0008,148,1027
TTC17,other,-0.00978858,76.2223,18.7003,172,3905
TTC19,other,0.0517579,111.651,21.3308,117,1070
TTC21B,other,-0.0246087,51.8888,20.1729,242,1836
TTC3,other,0.0785127,80.4778,22.7042,158,1070
TTC31,other,0.021327,63.6875,18.5186,211,1376
TTC32,other,0.0354773,69.7009,22.815,180,928
TTC33,other,0.0152119,66.2376,18.9603,198,1597
TTC38,other,-0.0291266,177.122,21.6679,72,1114
TTC4,other,0.197527,157.699,74.4054,172,335
TTC5,other,0.0174172,103.799,30.9545,131,1576
TTC7A,other,0.0438413,49.047,51.0453,256,608
TTC7B,other,-0.0144919,219.035,36.6726,66,575
TTC8,other,0.0300151,109.929,31.7267,125,831
TTC9C,other,-0.0132851,75.5328,33.9809,183,2071
TTF1,other,0.0180995,769.532,61.0597,30,279
TTF2,other,0.0338856,267.898,549.08,52,26
TTI2,other,0.151726,196.497,392.442,93,111
TTL,other,0.0060879,310.92,24.5294,48,2636
TTLL12,other,0.03192,48.4202,14.9033,263,1865
TTLL3,other,0.00957463,63.557,18.2725,200,2804
TTLL4,other,0.00828661,65.5468,18.9175,190,2842
TTLL5,other,0.00593351,320.011,20.7959,50,2041
TTPAL,other,-0.0154008,86.4616,23.3302,155,1588
TUBA1A,other,-0.0112931,100.881,11.1421,125,2714
TUBA1B,other,0.0547269,114.773,172.806,134,97
TUBA1C,other,-0.025487,128.338,28.1209,103,2063
TUBA4A,other,-0.0261902,43.7667,18.0501,298,1102
TUBB2A,other,0.0347857,73.1724,56.9108,300,461
TUBB4B,other,-0.0208546,54.6314,20.2272,227,1488
TUBB6,other,-0.0155088,156.245,15.5034,81,1586
TUBD1,other,0.0211939,32.3387,19.3705,410,1200
TUBE1,other,0.00815988,49.2472,39.9866,280,701
TUBGCP2,other,-0.00249611,92.1092,184.173,116,72
TUBGCP5,other,-0.017708,214.644,539.698,61,24
TUBGCP6,other,0.0322354,34.3675,153.318,378,93
TUFM,other,0.104665,188.548,96.097,103,345
TULP4,other,0.0221472,80.719,15.054,163,1871
TUSC2,other,0.0434285,64.5065,14.9415,204,2931
TUT1,other,0.00621504,23.4834,31.0256,553,2411
TUT4,other,-0.00307372,88.3139,106.988,148,222
TUT7,other,0.0326265,72.1947,37.5844,179,1186
TVP23B,other,-0.00801849,111.639,32.5817,110,563
TVP23C,other,-0.00255096,60.1385,36.708,205,592
TWF1,other,0.0978946,50.8532,35.6521,258,2246
TWIST1,other,0.0104115,64.4759,15.851,194,3131
TWIST2,other,0.0219094,59.1097,32.3905,230,533
TWNK,other,0.07322,132.911,39.8338,119,2900
TWSG1,other,-0.00614584,123.786,23.626,200,803
TXLNA,other,0.0025872,65.6297,15.1724,225,2664
TXLNG,other,0.0160023,98.8297,22.3717,131,2217
TXN,other,0.039056,164.383,265.713,97,54
TXN2,other,-0.0267665,181.611,26.2606,77,752
TXNDC11,other,0.0746831,52.8283,13.9238,239,1952
TXNDC12,other,0.00707515,520.17,19.3779,35,1182
TXNDC15,other,0.00806581,81.8719,19.1382,153,987
TXNDC17,other,0.0314894,94.1997,18.1858,167,1614
TXNDC5,other,0.0125512,53.8038,18.8717,241,1326
TXNDC9,other,0.0716602,746.053,28.4427,31,1414
TXNIP,other,0.0130659,136.074,32.1703,100,2204
TXNL1,other,-0.00313824,62.2337,29.3608,217,2459
TXNL4A,other,0.00805289,134.405,298.382,145,41
TXNL4B,other,-0.0171376,54.06,274.314,254,256
TXNRD1,other,0.0550666,69.7811,29.6874,184,1501
TXNRD2,other,0.0972141,39.8863,30.4172,330,1956
TYK2,other,0.0736977,117.082,43.8985,144,2476
TYMP,other,0.000399591,107.644,23.2833,116,1406
TYMS,other,-0.00474937,151.299,272.845,89,155
TYROBP,other,0.00861653,137.532,11.8519,93,2425
TYW1,other,0.0174864,222.907,22.0537,63,2308
TYW1B,other,-0.00204534,190.705,37.7801,71,591
TYW3,other,0.0281738,3210.13,51.2059,16,519
TYW5,other,0.059483,81.7802,16.965,152,1501
U2AF1L4,other,-0.00195827,47.1254,23.6237,262,2274
U2SURP,other,0.0508749,269.821,109.188,116,1146
UAP1,other,0.00955673,61.1942,23.2069,221,954
UBA2,other,0.193822,130.203,193.656,228,194
UBA5,other,0.0923271,75.0056,71.8224,217,6199
UBA6,other,0.0782842,193.74,23.5519,88,1641
UBAC1,other,-0.0189053,80.6138,24.0984,160,1985
UBAC2,other,-0.0128506,78.9373,25.6156,162,729
UBALD1,other,0.0116651,58.3081,15.6053,211,1828
UBALD2,other,0.0109897,52.1464,50.7411,260,668
UBAP2,other,0.00551616,152.86,17.9685,87,1780
UBAP2L,other,0.0826529,150.579,56.1171,112,2103
UBB,other,0.00597007,49.0232,18.2374,289,1251
UBC,other,0.0567759,59.2868,75.4571,230,692
UBE2A,other,0.0456947,54.121,48.2915,247,463
UBE2B,other,0.0126478,155.934,47.1159,94,1053
UBE2D1,other,0.0303304,31.6448,28.0108,403,1091
UBE2D2,other,0.0207613,137.003,51.4229,101,4520
UBE2D3,other,-0.0333961,43.9021,29.3857,401,1198
UBE2D4,other,0.0363022,52.1236,18.8054,248,2488
UBE2E1,other,0.0570859,96.7864,23.9762,155,3447
UBE2E3,other,-0.0102104,55.4086,17.8229,216,1992
UBE2F,other,-0.0191155,335.038,40.3175,53,651
UBE2G1,other,0.042246,125.134,22.2148,106,1413
UBE2G2,other,0.0345025,67.7095,54.4653,190,1070
UBE2H,other,0.0512837,35.184,42.6332,404,774
UBE2I,other,0.168092,203.031,95.9772,103,607
UBE2J1,other,0.00921029,63.3153,26.6332,199,1388
UBE2J2,other,0.0285562,342.379,25.2804,44,1234
UBE2K,other,-0.00318962,132.541,22.8595,112,2234
UBE2L3,other,0.0556182,31.0824,60.1999,520,5932
UBE2L6,other,-0.0409898,90.1241,27.0951,156,3080
UBE2M,other,0.0564319,34.3832,22.913,409,1223
UBE2N,other,-0.0627838,41.8434,102.312,399,264
UBE2O,other,-0.00679793,53.0373,26.5469,244,3252
UBE2Q1,other,0.0334374,78.1739,17.9771,162,2086
UBE2Q2,other,-0.0107669,164.93,19.6328,83,1560
UBE2R2,other,-0.000658279,764.429,36.8545,35,791
UBE2S,other,0.0486026,85.9677,39.6444,156,1410
UBE2T,other,0.00588891,160.583,137.99,79,205
UBE2V1,other,-0.00275869,87.7808,20.921,162,1358
UBE2V2,other,0.00579257,658.458,106.224,34,7847
UBE2W,other,0.00144718,73.3942,20.5968,181,2109
UBE2Z,other,-0.00437664,114.904,24.8028,104,3409
UBE3A,other,0.0879539,53.8334,15.7881,228,1570
UBE3B,other,8.0644e-05,110.304,25.3495,127,3605
UBE3C,other,-0.0835853,129.452,19.8306,178,1875
UBE3D,other,0.101583,78.7369,72.3195,243,495
UBE4A,other,-0.00668884,288.212,22.6068,53,2452
UBE4B,other,0.0161496,67.8681,29.3091,195,860
UBFD1,other,0.00570715,84.091,81.1294,175,316
UBIAD1,other,-0.0547999,75.8993,25.5781,181,1328
UBL3,other,0.0272206,162.11,28.4435,78,1745
UBL4A,other,0.0064033,55.3122,12.7072,232,2293
UBL5,other,0.00358878,135.449,244.973,119,74
UBL7,other,-0.0061656,94.1849,32.2677,143,2572
UBLCP1,other,0.002313,202.477,67.6133,72,2457
UBN1,other,0.0989414,80.5392,28.5421,205,1468
UBN2,other,-0.0176404,52.7385,26.885,258,1913
UBP1,other,0.0115005,73.0222,29.1239,185,736
UBQLN1,other,0.0084178,64.3677,21.8806,205,1298
UBQLN2,other,0.00726968,77.6043,22.0678,172,1184
UBQLN4,other,0.0731913,58.6862,30.5888,298,1067
UBR1,other,-0.00361361,49.3074,51.8448,308,610
UBR2,other,0.00880944,647.064,19.9832,33,2355
UBR3,other,0.00163975,84.5543,18.8377,146,3416
UBR4,other,0.0190288,286.542,69.3006,50,772
UBR5,other,0.0663747,166.275,45.5898,102,3084
UBR7,other,0.0284472,36.5971,24.4286,339,1455
UBTF,other,0.0750723,27.5876,22.9812,511,3298
UBXN1,other,-0.0088596,43.3359,223.541,287,2549
UBXN11,other,0.0107336,58.0577,27.4076,225,1979
UBXN2A,other,0.0560943,151.763,18.3599,82,1493
UBXN2B,other,-0.0158946,55.2122,24.7408,238,801
UBXN4,other,0.00448685,53.0016,18.5132,232,1692
UBXN6,other,0.0221176,28.6688,35.6953,451,1428
UBXN7,other,0.00198448,93.7808,30.6473,140,749
UBXN8,other,0.0293195,55.973,21.0755,235,2012
UCHL3,other,0.0635599,143.266,38.0573,100,592
UCHL5,other,0.189917,93.0984,58.9568,238,584
UCK1,other,-0.0144392,58.5616,37.8195,222,3800
UCK2,other,0.00191493,86.0782,30.3537,156,1325
UCKL1,other,-0.0402305,73.7938,19.0558,181,1715
UCP2,other,-0.0209939,34.8286,27.932,363,769
UFC1,other,0.103749,55.0433,33.1568,264,1359
UFL1,other,0.281516,47.5117,83.6255,473,925
UFM1,other,0.346555,78.0785,56.0194,260,2139
UFSP1,other,0.00787889,76.5176,32.2081,178,1512
UFSP2,other,-0.00684395,67.4878,23.5325,187,2232
UGCG,other,0.0316191,128.273,25.6799,141,1061
UGDH,other,0.0568571,145.684,53.0736,100,772
UGGT1,other,0.0796027,57.3876,25.1379,239,2138
UGP2,other,0.0457093,67.8556,23.9826,200,1321
UHMK1,other,0.00606867,46.6628,24.8244,275,1074
UHRF1,other,0.0472265,183.773,47.5089,193,661
UHRF2,other,-0.00430717,55.3124,28.5921,215,779
UIMC1,other,0.0108127,57.6786,20.9579,227,2932
ULK3,other,0.00895535,69.7876,36.2612,232,815
UMPS,other,0.0296778,1038.05,165.503,27,257
UNC119,other,-0.0155514,36.2058,24.0647,354,1967
UNC119B,other,0.0136549,45.7125,29.3272,297,853
UNC13D,other,0.0118699,53.0988,21.6307,248,2620
UNC45A,other,0.00908803,37.5506,155.921,351,98
UNC50,other,0.00880157,120.809,139.485,114,147
UNC93B1,other,-0.0496979,43.3704,24.6399,271,989
UNCX,other,0.172057,62.0737,121.956,308,211
UNG,other,0.0209872,53.0017,15.8968,270,3238
UNKL,other,0.0187937,51.4601,14.7403,248,2063
UPF2,other,0.29626,133.907,115.802,351,326
UPF3A,other,-0.00568859,71.3088,28.3408,187,987
UPRT,other,-0.00581231,66.0362,17.9079,180,1672
UQCC1,other,0.0299401,150.45,38.7034,102,761
UQCC2,other,-0.00262698,89.4757,32.8411,171,704
UQCR10,respiratory chain (NDUF/COX/UQCR/ATP5),-0.013677,164.448,106.006,89,204
UQCR11,respiratory chain (NDUF/COX/UQCR/ATP5),-0.0213516,51.2289,18.6436,240,2190
UQCRB,respiratory chain (NDUF/COX/UQCR/ATP5),0.148215,91.8015,73.6932,208,591
UQCRC1,respiratory chain (NDUF/COX/UQCR/ATP5),0.0050916,19.4799,187.793,643,162
UQCRC2,respiratory chain (NDUF/COX/UQCR/ATP5),0.100088,154.52,51.9113,118,392
UQCRFS1,respiratory chain (NDUF/COX/UQCR/ATP5),0.122014,143.587,359.768,168,77
UQCRH,respiratory chain (NDUF/COX/UQCR/ATP5),0.0181333,57.0639,26.2987,216,974
UQCRHL,respiratory chain (NDUF/COX/UQCR/ATP5),-0.0100923,119.402,18.4557,103,2510
UQCRQ,respiratory chain (NDUF/COX/UQCR/ATP5),0.166956,109.027,56.9812,189,648
URB1,other,-0.0513034,133.554,257.961,107,91
URB2,other,0.0957625,94.8653,56.5321,249,319
URGCP,other,0.0389714,46.0692,25.5227,275,1147
URI1,other,0.0374099,117.062,72.2053,142,223
URM1,other,0.0559652,59.8104,52.5288,246,882
UROD,other,0.000711326,35.2304,85.7462,412,161
USB1,other,-0.0116121,90.0307,19.0295,140,1502
USF1,other,0.030401,84.4402,52.5018,161,1915
USF2,other,0.0314591,33.1541,14.8414,409,3982
USO1,other,0.0220008,68.0528,129.49,183,309
USP1,other,0.0403331,347.185,26.2803,45,1540
USP10,other,0.0201234,52.4201,34.5136,251,837
USP11,other,-0.0136697,59.9699,15.6004,211,2841
USP12,other,-0.00800684,43.2666,25.9223,297,939
USP13,other,0.0205633,60.7228,30.2003,208,1353
USP14,other,0.0894304,82.9604,33.759,212,797
USP15,other,0.0416335,118.421,27.4145,125,1460
USP16,other,0.00807682,66.1008,43.4984,194,1436
USP19,other,0.07712,66.6239,19.8961,187,2049
USP20,other,-0.00129425,54.7804,16.5836,242,1249
USP21,other,-0.0112716,108.318,12.2575,170,3196
USP22,other,0.0991989,58.7436,73.3607,286,4284
USP24,other,0.00652771,47.1091,28.4203,301,1458
USP25,other,0.00877694,103.594,30.1098,122,898
USP3,other,0.0175392,60.0918,41.4466,226,4309
USP30,other,0.03031,42.3434,27.3373,302,1003
USP32,other,-0.00201855,103.196,29.5877,143,627
USP33,other,0.0232448,124.869,21.8308,107,1729
USP34,other,0.0419858,166.878,26.182,78,2767
USP36,other,0.0101755,59.03,165.975,303,156
USP37,other,0.11514,146.498,246.062,100,57
USP38,other,0.00367356,42.0153,23.4423,310,1928
USP39,other,-0.0111923,89.8902,33.4644,159,449
USP4,other,-0.00241359,1416.38,23.3893,23,1116
USP40,other,-0.000914062,99.3723,25.6154,144,3501
USP42,other,0.023785,92.6235,18.9367,151,1999
USP44,other,-0.00433807,65.4521,14.4261,194,2702
USP45,other,0.0035414,49.7466,24.648,264,2524
USP46,other,-0.00413337,71.8596,17.0221,180,1389
USP47,other,-0.00326288,32.6526,27.6274,374,1090
USP48,other,0.0301578,60.0202,20.1179,214,2339
USP49,other,0.00212048,132.833,18.4013,105,1276
USP5,other,0.0162333,43.3659,215.937,341,71
USP51,other,0.0102582,52.8978,21.6825,262,1579
USP53,other,-0.00704546,65.984,22.461,186,2051
USP54,other,-0.000569018,40.4641,27.6377,302,788
USP6NL,other,-0.0181489,53.9544,23.3469,233,2449
USP7,other,0.000354427,23.3979,182.23,615,514
USP8,other,-0.00405145,92.5601,264.18,151,47
USP9X,other,0.0370177,54.0471,37.7785,231,1627
USPL1,other,-0.0264541,137.774,165.663,131,83
UTP11,other,0.0466523,280.277,417.655,80,20
UTP15,other,0.0105903,264.436,350.48,85,40
UTP18,other,0.0211561,138.993,52.9089,147,426
UTP20,other,0.0907078,295.711,1180.14,108,11
UTP23,other,0.108994,216.394,90.3192,183,195
UTP6,other,0.0482345,438.092,75.1845,57,275
UTRN,other,-0.00982712,75.3675,25.2416,172,3163
UVRAG,other,0.0120491,1511.32,204.737,22,251
UXS1,other,0.0155278,53.4881,30.737,284,1934
UXT,other,0.0721585,170.787,31.8014,217,618
VAC14,other,-0.000214099,88.7037,51.3927,145,2703
VAMP1,other,0.00465596,92.5121,23.3121,147,1738
VAMP2,other,-0.000684365,101.48,17.4056,127,2705
VAMP3,other,0.0190893,104.913,22.1009,132,2199
VAMP4,other,-0.00791846,106.05,16.8589,114,2785
VAMP7,other,0.0157572,90.1052,31.3993,152,3849
VAMP8,other,0.0103184,48.0929,16.2917,270,1606
VAPA,other,0.00526223,104.189,24.2746,126,1242
VARS2,other,0.0872011,103.36,62.9438,194,767
VASP,other,0.0278867,119.249,16.3354,111,3745
VAT1,other,0.00110735,36.2986,15.9843,376,2451
VAV1,other,-0.0433879,75.0519,203.48,174,1224
VAX1,other,0.00575867,77.9362,18.4149,167,2270
VAX2,other,0.0218949,100.42,19.2038,144,3219
VBP1,other,0.0316837,51.5387,38.2376,249,750
VCL,other,-0.057622,55.0971,36.4096,246,2925
VCPIP1,other,0.00477358,175.613,22.7662,79,2446
VDAC1,other,0.0105118,157.995,25.3237,88,923
VDAC2,other,0.0156491,149.213,24.2459,88,1730
VDAC3,other,0.0344748,312.157,18.7112,52,1629
VDR,other,0.0497824,107.986,16.5295,125,1850
VEGFA,other,0.00317877,110.917,22.5187,122,1610
VEGFB,other,-0.0282595,37.6056,34.8532,340,2430
VENTX,other,-0.030864,282.09,24.6033,57,1270
VEZF1,other,0.034963,124.879,33.909,114,1159
VEZT,other,0.0149352,30.9982,114.094,483,348
VGLL4,other,0.0038624,65.5454,35.1259,200,1603
VHL,other,0.0156215,34.0961,37.244,378,2306
VILL,other,-0.000927331,46.3335,22.3095,300,1055
VIPAS39,other,0.0532493,55.2111,23.3439,219,1632
VKORC1,other,-0.0145759,145.55,66.7784,97,5717
VKORC1L1,other,-0.00973329,33.2956,26.6667,403,1121
VMA21,other,0.0162799,182.483,1061.54,80,13
VMP1,other,-0.0404432,97.4487,130.852,193,105
VOPP1,other,0.0260484,58.2761,37.8157,239,867
VPS11,other,0.0205345,259.079,28.8341,59,789
VPS13A,other,-0.0112084,237.848,17.8519,63,2060
VPS13B,other,0.00848034,120.509,24.3592,110,1706
VPS13C,other,-0.00343663,40.3864,26.4315,368,918
VPS13D,other,0.00573986,49.4105,92.9664,334,1116
VPS16,other,0.0555273,103.848,178.323,130,81
VPS18,other,0.0508084,42.4077,91.4291,337,686
VPS25,other,-0.0300464,76.9691,126.493,166,149
VPS26A,other,-0.0102794,117.229,21.6215,151,1418
VPS26B,other,0.0375197,88.8851,36.5723,177,745
VPS26C,other,0.0701658,66.0817,26.124,203,3430
VPS29,other,0.0847608,145.086,68.6177,187,490
VPS33A,other,0.0226179,42.9893,94.8105,305,337
VPS33B,other,-0.00658113,60.3441,16.3543,215,4849
VPS35,other,0.055375,499.81,55.4344,52,522
VPS35L,other,0.0378041,83.6395,92.0129,170,165
VPS36,other,-0.0194431,46.1736,420.433,288,27
VPS37A,other,-0.0128443,47.1432,170.195,304,68
VPS37B,other,0.0130177,63.3594,17.073,212,3240
VPS37C,other,-0.00575091,33.3996,25.1712,378,850
VPS39,other,0.00441451,64.2449,29.1708,249,996
VPS41,other,0.0540987,22.0486,80.0099,731,330
VPS45,other,0.0323336,61.1823,66.345,211,329
VPS4A,other,-0.0199769,122.178,34.7148,114,1061
VPS4B,other,0.0153489,104.007,29.1894,131,940
VPS52,other,0.0133839,271.428,18.2093,58,1805
VPS53,other,-0.0184919,104.99,45.8621,148,481
VPS54,other,0.0328962,70.3586,188.065,194,91
VPS72,other,0.128557,357.321,364.808,200,61
VPS8,other,0.0344873,58.9,23.3421,266,1572
VRK1,other,0.00946855,65.1108,41.4224,187,663
VRK2,other,-0.0126259,44.837,41.986,287,689
VRK3,other,-0.00824363,57.4207,28.1882,228,4130
VSIG10,other,0.0273826,98.7417,22.5812,144,3760
VSX1,other,0.017176,211.739,29.0593,75,1618
VSX2,other,-0.0196705,490.583,13.1431,37,3518
VTA1,other,-0.0354432,46.7722,33.1557,254,1135
VTI1A,other,0.0393145,139.185,18.1883,93,2542
VTI1B,other,0.0129312,127.067,41.6724,101,409
VWA8,other,0.0248308,56.9889,17.3414,216,1860
VWDE,other,0.0141237,80.2145,16.2398,157,1690
WAC,other,0.166773,47.3795,64.2255,331,1194
WARS2,other,0.0323031,83.0993,36.8259,179,1576
WAS,other,0.00424878,77.6699,46.4054,163,1683
WASF1,other,0.0200369,73.1229,33.5362,183,2533
WASF2,other,0.00611144,120.434,27.2378,105,2999
WASHC2A,other,0.035259,64.1401,163.044,196,172
WASHC2C,other,0.032846,47.2841,19.602,268,1104
WASHC3,other,0.0111077,59.2984,34.4053,229,568
WASHC4,other,0.0386035,120.533,42.2502,117,1708
WASHC5,other,0.00326942,58.717,39.9562,223,642
WASL,other,-0.0161569,88.3728,25.1156,146,3596
WBP1,other,0.0126368,52.3002,13.8775,247,2411
WBP11,other,0.0105029,59.6253,67.5864,368,262
WBP1L,other,0.000451558,23.0932,26.9591,583,1365
WBP2,other,0.00499685,89.2569,19.9201,146,1701
WDCP,other,0.00208296,85.8839,235.52,156,60
WDFY1,other,0.00214507,76.741,196.384,166,29339
WDFY2,other,0.0131072,143.599,18.5257,98,1141
WDR11,other,0.00468978,109.033,17.6596,126,1893
WDR12,other,-0.031714,497.004,59.5173,68,717
WDR13,other,0.00705769,58.8825,25.2968,210,2984
WDR18,other,0.0726647,86.065,169.117,174,116
WDR19,other,-0.0147018,71.5717,20.7021,182,1595
WDR20,other,-0.000904029,56.0432,22.4232,246,2356
WDR24,other,0.0447589,114.782,74.1118,114,408
WDR25,other,0.0302055,29.2527,28.3373,454,1064
WDR26,other,-0.041699,52.9809,64.8882,409,298
WDR27,other,0.0266682,191.066,31.151,82,1971
WDR3,other,0.105212,276.14,302.243,220,55
WDR36,other,-0.0065587,244.824,172.346,168,177
WDR37,other,0.0350298,90.1998,19.7724,142,1326
WDR4,other,0.0588402,19.8992,36.1058,731,914
WDR41,other,0.00013802,77.2465,21.2615,172,2114
WDR43,other,0.0287827,143.708,112.314,138,117
WDR44,other,0.0541478,99.1896,45.4755,199,512
WDR45B,other,0.0462246,74.749,57.3494,195,274
WDR46,other,-0.00438197,197.113,128.8,110,124
WDR48,other,0.0250238,120.086,49.4095,102,455
WDR53,other,0.0500441,41.2141,13.7469,314,3891
WDR54,other,-0.0137374,28.6405,52.6825,453,4183
WDR55,other,0.0460665,138.195,1765.45,106,10
WDR59,other,0.111322,61.892,84.648,214,717
WDR6,other,-0.0163065,57.2394,17.5681,226,1652
WDR62,other,0.0550882,54.8006,18.7224,235,2468
WDR7,other,0.0565617,156.148,98.0172,150,213
WDR70,other,0.0184704,1826.61,95.7073,20,196
WDR73,other,-0.00861284,1191.19,47.5291,20,458
WDR74,other,0.0296851,47.8165,522.771,286,18
WDR75,other,0.0611158,272.838,306.421,84,55
WDR76,other,0.0666397,54.3369,20.2007,228,1199
WDR77,other,0.0525562,414.688,36.5339,57,582
WDR81,other,-0.0169336,32.0367,21.3799,396,1655
WDR82,other,0.293948,282.531,76.1932,151,1080
WDR83,other,0.0132399,53.3973,32.0929,262,875
WDR83OS,other,0.0392953,72.1296,36.2256,202,1138
WDR89,other,0.0102996,90.2386,24.539,156,1131
WDR91,other,0.0223351,77.4372,32.9251,178,2604
WDSUB1,other,0.0149863,85.0594,13.9688,148,2015
WDTC1,other,-0.055913,151.356,286.854,209,43
WEE1,other,0.00476609,156.034,82.7641,88,225
WHAMM,other,0.0403688,46.708,16.6896,268,1817
WIPF1,other,0.00575246,90.4705,13.9589,149,1741
WIPF2,other,0.00442157,51.1218,20.8209,252,1657
WIPI1,other,0.0310529,35.1406,26.8486,382,2918
WIPI2,other,0.0223067,133.243,19.5215,100,1105
WIZ,other,0.0895743,107.601,39.4433,161,3074
WNK1,other,0.0847589,60.9828,34.686,304,1546
WRAP53,other,0.16768,63.1307,44.5681,271,1572
WRAP73,other,0.066499,59.7841,26.1347,219,824
WRN,other,-0.0171138,165.203,55.2981,85,5310
WRNIP1,other,0.0110711,32.9242,16.7156,364,1733
WSB1,other,0.00395225,62.8948,25.6455,231,1447
WSB2,other,0.0211394,89.271,22.5538,156,992
WT1,other,-0.00336768,60.9118,40.0057,281,4817
WTAP,other,0.00087708,71.932,57.9947,225,2603
WWC2,other,0.0122851,57.4567,17.5033,227,1871
WWOX,other,-0.00738957,76.2265,13.8259,178,2101
WWP1,other,0.0110643,93.9221,15.8486,142,1321
WWP2,other,0.0152519,103.059,32.078,138,2755
XBP1,other,0.0491163,45.5395,39.2314,273,2880
XIAP,other,-0.0155824,88.3913,53.132,167,479
XK,other,-0.0199658,197.843,20.1768,72,1748
XPA,other,0.00574072,63.541,16.8129,198,1719
XPNPEP1,other,0.0294283,92.8844,17.1702,142,5605
XPNPEP3,other,0.0350867,73.6308,19.5117,177,3449
XPO4,other,0.037674,72.1097,25.2249,211,900
XPO5,other,0.0320337,56.9046,37.7803,476,1043
XPO6,other,0.0287384,62.2139,32.9564,201,853
XPO7,other,-0.0170311,55.8767,17.3365,230,2579
XPOT,other,0.0135511,66.7769,26.9725,232,1203
XPR1,other,0.000182839,50.2668,55.6091,344,1590
XRCC1,other,0.00499129,28.3629,17.6955,509,1497
XRCC2,other,0.0108555,34.8875,110.264,344,330
XRCC3,other,0.0281869,209.021,366.8,78,39
XRCC4,other,-0.00187263,61.2476,35.2893,215,783
XRCC5,other,-0.0195578,310.13,684.707,78,10
XRCC6,other,0.0386914,773.632,188.74,29,75
XRN1,other,0.125037,604.572,41.9831,26,697
XRN2,other,0.0516608,242.286,1217.69,118,13
XRRA1,other,0.0435986,58.0659,51.5156,234,1197
XXYLT1,other,-0.0102998,153.71,16.2057,86,1270
XYLB,other,-0.032618,62.4812,19.2954,198,2040
XYLT2,other,0.00939812,138.607,23.9,92,2626
YAF2,other,0.0104138,165.771,22.9988,84,2028
YARS2,other,0.122858,72.9315,44.2542,272,3170
YBEY,other,0.016406,70.0185,122.425,214,133
YBX1,other,0.0341332,98.1611,137.049,158,189
YBX2,other,0.0104153,49.6735,23.2626,281,1408
YBX3,other,0.0302799,84.4885,24.8064,233,934
YDJC,other,-0.0308375,132.492,18.5246,96,1803
YEATS2,other,0.00120828,73.4554,113.924,354,411
YEATS4,other,0.00502209,113.608,241.242,472,52
YES1,other,0.0387287,46.7784,42.6429,283,799
YIF1A,other,0.0150078,57.5109,36.7712,232,2121
YIF1B,other,-0.00875756,59.0971,20.4091,205,1637
YIPF1,other,-0.040187,60.7265,137.787,220,6485
YIPF2,other,0.0117837,111.063,33.0888,126,1259
YIPF3,other,-0.0356031,145.69,24.3419,86,1264
YIPF4,other,0.0303829,66.0086,21.8604,204,958
YIPF5,other,-0.0126872,205.889,26.467,75,1052
YJEFN3,other,0.00626095,47.2851,14.5311,270,2523
YJU2,other,-0.0270038,105.359,39.3966,139,495
YLPM1,other,-0.000307081,934.92,52.8483,28,303
YME1L1,other,0.0439185,175.53,45.5408,90,1274
YOD1,other,0.000670794,62.7664,23.6342,234,920
YPEL1,other,-0.00459457,55.4537,18.8634,225,1699
YPEL3,other,0.00123806,130.486,21.9231,109,1301
YPEL5,other,0.0206019,89.9489,46.1688,163,1024
YRDC,other,0.00687787,60.6617,36.3512,227,840
YTHDC1,other,0.00352367,107.328,74.3034,137,239
YTHDC2,other,0.0259051,54.0457,20.1948,231,3666
YTHDF1,other,0.0489559,44.8974,25.6421,278,2587
YTHDF2,other,0.127275,156.373,63.0638,88,1561
YTHDF3,other,-0.0104795,77.5569,34.6189,163,1557
YWHAB,other,0.0143202,69.928,17.7154,185,1328
YWHAE,other,0.0146274,154.883,19.0612,88,1652
YWHAG,other,-0.0348396,127.08,34.8008,109,2157
YWHAH,other,-0.00653503,50.1778,31.604,246,938
YWHAQ,other,-0.0387462,60.3786,32.3457,212,1511
YWHAZ,other,0.00238655,34.2243,16.3747,377,2346
YY1,other,0.112462,87.6462,56.0647,177,1793
YY1AP1,other,0.0257105,81.7519,44.666,155,506
YY2,other,-0.0173379,39.182,21.3789,310,3731
ZBED1,other,0.0191422,45.8045,70.0504,284,374
ZBED2,other,0.0322103,9187.75,16.9407,10,2771
ZBED3,other,-0.0453281,52.948,61.3545,249,1181
ZBED4,other,0.005703,58.6416,25.0558,227,1329
ZBED5,other,0.0291559,76.352,36.3034,172,609
ZBED6,other,0.0337755,104.219,36.2524,133,614
ZBTB1,other,0.0518865,49.8344,50.9491,283,1195
ZBTB10,other,-0.00836186,109.678,23.0013,134,1275
ZBTB12,other,-0.00551722,71.077,18.4234,173,1540
ZBTB14,other,0.0599383,1011.7,63.3166,34,423
ZBTB16,other,0.0196119,645.537,24.3103,33,1234
ZBTB17,other,0.113796,88.4128,67.7973,318,303
ZBTB18,other,0.0656102,75.0043,20.6284,176,2214
ZBTB2,other,0.0546889,191.653,31.1674,76,2029
ZBTB20,other,-0.017549,65.2815,26.3622,200,996
ZBTB21,other,0.0257985,64.529,60.8707,191,2350
ZBTB22,other,0.0173136,119.715,17.0777,119,2773
ZBTB24,other,0.0862115,51.7894,53.2683,278,402
ZBTB25,other,0.0035502,221.517,23.0167,62,1551
ZBTB26,other,0.0223015,50.8923,26.9741,249,5105
ZBTB3,other,0.0297422,87.6165,23.4848,147,873
ZBTB32,other,-0.000388492,45.8372,21.7462,291,1811
ZBTB33,other,0.0721322,128.732,37.4801,106,1016
ZBTB37,other,-0.00949132,39.245,19.7594,299,1902
ZBTB38,other,-0.0172511,30.0287,24.9895,437,1269
ZBTB39,other,0.0851914,173.182,31.5173,90,948
ZBTB4,other,0.0158309,45.8643,244.069,363,71
ZBTB40,other,0.0101646,107.422,16.1882,129,2366
ZBTB42,other,-0.0182127,73.3269,34.4916,171,3357
ZBTB43,other,0.0333534,68.0703,25.732,187,1306
ZBTB44,other,0.113188,75.2081,134.891,260,223
ZBTB45,other,-0.00270734,61.8426,15.6759,198,1891
ZBTB46,other,-0.0320523,136.246,24.4274,89,1889
ZBTB47,other,-0.015807,41.2732,30.1239,308,1359
ZBTB49,other,0.0502036,45.0723,20.8357,276,1637
ZBTB5,other,-0.00504668,98.544,11.7223,151,2682
ZBTB6,other,-0.0103896,138.795,24.206,87,1038
ZBTB7A,other,0.000997,15.5393,37.0263,970,2200
ZBTB7B,other,0.0377049,121.712,29.2374,120,4438
ZBTB7C,other,0.0275346,25.4005,18.3875,514,1687
ZBTB8A,other,0.0340486,63.4193,10.141,211,2979
ZBTB8B,other,0.00431047,146.621,14.5248,90,4250
ZBTB8OS,other,0.0076518,129.963,43.5415,133,476
ZBTB9,other,-0.0128826,285.916,32.8267,53,1370
ZC3H11A,other,-0.0145177,119.548,31.48,120,1063
ZC3H12A,other,0.0292764,76.3979,28.4162,172,2290
ZC3H13,other,0.0679079,255.747,125.242,148,187
ZC3H14,other,0.0722562,59.1239,32.0281,218,761
ZC3H15,other,0.0519303,106.824,27.4967,127,1073
ZC3H3,other,0.127945,137.594,52.2835,171,556
ZC3H4,other,0.172362,39.6807,26.6359,465,1383
ZC3H7A,other,0.0156458,148.888,26.1759,95,893
ZC3H7B,other,-0.00520322,102.544,22.2875,123,1643
ZC3HC1,other,0.000411891,85.056,38.6224,166,1009
ZCCHC10,other,0.000978663,107.604,20.5004,112,1468
ZCCHC17,other,0.08838,90.9338,28.4281,157,1357
ZCCHC3,other,0.00199859,98.8328,29.6002,136,2401
ZCCHC4,other,0.0416949,76.9869,33.2253,176,594
ZCCHC7,other,0.0260585,101.252,18.7048,140,2346
ZCCHC8,other,0.0550471,74.8782,45.1376,190,717
ZCRB1,other,0.119802,118.86,105.743,275,236
ZDHHC14,other,0.000594559,102.977,31.8228,134,2146
ZDHHC16,other,0.00660101,39.5516,22.8215,309,1043
ZDHHC17,other,0.00327869,61.4958,15.8564,234,1936
ZDHHC18,other,0.0319306,73.1813,17.5216,192,2097
ZDHHC20,other,0.0038172,87.1302,23.2038,148,1691
ZDHHC24,other,0.00612961,96.389,25.4011,140,1545
ZDHHC3,other,-0.00865817,79.1802,33.7881,166,667
ZDHHC5,other,0.000449249,44.4086,8.82132,286,6829
ZDHHC6,other,0.0320108,35.9863,18.3917,354,1598
ZDHHC7,other,-0.034084,223.581,33.6171,127,1104
ZDHHC8,other,-0.00205403,147.181,37.0822,100,1226
ZDHHC9,other,0.0375181,64.0963,17.7788,192,2004
ZEB1,other,0.108382,29.3805,67.1185,438,3158
ZEB2,other,-0.0173301,273.942,32.7047,61,527
ZER1,other,0.0328183,47.6278,25.3893,253,1922
ZFAND1,other,0.00528535,60.1881,15.2602,219,3180
ZFAND2A,other,-0.0403141,78.0701,17.2273,165,2910
ZFAND2B,other,0.0103338,60.8489,40.1061,204,763
ZFAND3,other,0.0205245,152.15,23.2394,86,1447
ZFAND5,other,0.0145584,87.7519,23.7209,145,1588
ZFAND6,other,-0.0218835,67.6619,17.5406,198,1980
ZFAT,other,0.043093,56.133,29.7461,241,1886
ZFC3H1,other,0.271316,124.17,71.5073,209,510
ZFHX2,other,0.0187513,34.6781,20.4656,364,1531
ZFHX3,other,-0.0462677,39.4523,27.7043,337,727
ZFHX4,other,0.0265169,39.0008,15.0495,329,2485
ZFP1,other,0.012553,185.48,18.7984,72,2705
ZFP14,other,0.0186098,80.588,27.2141,154,2514
ZFP2,other,-0.0081897,43.8235,20.7373,286,1784
ZFP28,other,0.0205406,26.6342,15.7874,498,2131
ZFP3,other,0.0163185,84.8298,14.1129,151,2214
ZFP30,other,-0.00320262,112.031,21.0787,120,2808
ZFP36L1,other,0.0262755,28.5198,37.0744,481,2203
ZFP36L2,other,0.0353323,64.96,44.7486,207,458
ZFP37,other,-0.00319292,330.443,19.3604,47,1513
ZFP41,other,0.0350676,59.4787,19.2049,205,1917
ZFP42,other,-0.00355368,38.6305,25.014,341,2265
ZFP57,other,0.053456,110.93,22.2557,127,3337
ZFP64,other,0.0294858,73.7302,30.8168,181,1796
ZFP69,other,0.00878064,110.574,32.0502,124,723
ZFP69B,other,0.0137513,31.4479,34.0544,406,1687
ZFP82,other,0.00870091,112.942,32.3148,116,2280
ZFP90,other,0.00348062,52.0443,18.4624,247,1565
ZFP91,other,-0.00405984,68.9769,20.9631,230,1250
ZFP92,other,0.00903865,48.0725,30.6367,271,1489
ZFPL1,other,0.00792236,43.9492,20.8474,285,1167
ZFPM1,other,-0.00174908,91.7923,213.995,160,654
ZFPM2,other,-0.0272704,55.8654,14.7793,275,2066
ZFR,other,0.0777376,118.109,56.237,170,492
ZFX,other,0.156687,108.384,71.7347,157,415
ZFY,other,0.0381238,50.5909,17.7582,253,2581
ZFYVE16,other,-0.000705876,87.6673,19.6254,150,2772
ZFYVE19,other,0.057735,317.776,45.8523,47,1409
ZFYVE21,other,-0.0537617,47.4478,69.0917,279,443
ZFYVE27,other,-0.00889828,88.4306,20.4879,155,1318
ZFYVE28,other,-0.00365354,43.271,14.0239,323,2083
ZFYVE9,other,0.0162181,46.882,17.1894,273,2507
ZGLP1,other,0.0118498,70.7023,21.626,192,3604
ZGPAT,other,-0.0127056,150.407,36.3824,111,2152
ZHX1,other,0.0259812,99.3361,34.133,131,4250
ZHX2,other,0.0100911,53.177,26.213,238,1042
ZIC1,other,0.0517419,101.9,43.1191,138,402
ZIC2,other,-0.00433725,56.0664,35.0374,279,812
ZIC3,other,-0.0281687,78.1886,17.9718,161,3035
ZIC4,other,-0.0195414,28.2773,16.8532,451,1768
ZIC5,other,0.0460686,1770.46,18.3168,19,2769
ZIK1,other,0.0237709,55.4669,21.1505,261,1309
ZIM3,other,0.00205451,149.774,24.1233,94,849
ZKSCAN4,other,0.00688537,509.093,18.8822,34,2510
ZKSCAN5,other,0.00539126,138.516,16.9652,90,3506
ZKSCAN7,other,-0.0282575,117.206,18.1994,111,2001
ZKSCAN8,other,0.0304019,132.326,21.3499,110,1503
ZMAT1,other,-0.0314141,40.7193,99.7301,296,3113
ZMAT3,other,0.0255643,56.0876,14.7136,215,2154
ZMAT4,other,0.00312952,47.9424,14.8985,272,3703
ZMAT5,other,0.030076,189.582,354.635,109,39
ZMIZ2,other,0.0119836,54.277,36.1475,234,2195
ZMPSTE24,other,0.0203002,67.9737,31.3493,206,2725
ZMYM1,other,-0.00385662,133.682,21.7753,100,984
ZMYM2,other,0.0330232,144.674,154.015,94,2550
ZMYM3,other,0.0172645,33.7847,28.5843,463,1266
ZMYM4,other,0.0723324,152.695,45.3152,105,398
ZMYM5,other,-0.00436056,66.2531,18.9051,203,2071
ZMYM6,other,0.0142734,61.0947,22.0869,233,1494
ZMYND11,other,0.00466111,54.2945,24.0104,229,1253
ZMYND19,other,-0.0307839,98.7338,36.5773,140,1619
ZMYND8,other,-0.0295034,83.9144,26.6004,166,2686
ZNF10,other,0.00502277,77.72,17.701,154,2868
ZNF100,other,0.0407456,80.6844,26.4675,167,2831
ZNF101,other,0.00702489,58.8608,101.753,219,232
ZNF106,other,-0.0137052,105.005,27.8438,123,2727
ZNF107,other,0.0330946,107.525,22.1799,128,933
ZNF112,other,-0.0120193,339.422,23.2291,49,1141
ZNF114,other,-0.0150728,43.8232,21.449,287,1113
ZNF117,other,-0.0332635,107.311,36.1732,123,832
ZNF12,other,-0.0173733,42.7185,29.8099,303,1732
ZNF121,other,0.0149591,728.029,20.7866,29,1289
ZNF124,other,-0.0153974,72.7319,15.3379,185,2573
ZNF131,other,0.0871056,244.06,115.032,73,189
ZNF132,other,0.0263123,83.3748,17.244,168,1296
ZNF133,other,-0.000644613,51.63,12.5839,240,2043
ZNF134,other,-0.0223426,308.27,17.7208,54,2037
ZNF135,other,-0.0341073,116.181,27.1117,112,763
ZNF136,other,-0.00983156,224.744,26.0216,65,1454
ZNF138,other,-0.000467886,369.955,12.5507,45,3837
ZNF14,other,0.00836537,63.7212,19.0759,204,3837
ZNF140,other,0.022819,133.378,27.1415,101,867
ZNF141,other,-0.00597286,64.5092,27.5611,192,3105
ZNF142,other,0.0334528,82.9539,36.9678,146,1014
ZNF143,other,-0.026364,88.4065,49.1952,195,364
ZNF146,other,0.0109865,235.356,23.1892,61,2460
ZNF148,other,0.117531,172.842,80.1633,89,3316
ZNF154,other,-0.0205713,103.989,35.2995,130,1814
ZNF155,other,-0.0338683,464.187,18.674,43,1517
ZNF157,other,-0.0347565,146.264,23.6866,97,1246
ZNF160,other,0.0363547,59.2492,27.1547,218,3143
ZNF165,other,-0.047264,70.9056,42.7065,189,1659
ZNF169,other,0.0062468,60.1255,20.9587,213,1353
ZNF17,other,0.00804124,102.706,21.9138,123,3398
ZNF175,other,-0.0157547,67.5313,25.8864,187,1420
ZNF177,other,-0.0152498,60.9139,32.0524,224,2693
ZNF18,other,-0.0131726,45.7231,32.2128,267,2183
ZNF180,other,-0.00324382,67.9327,22.1109,181,1407
ZNF181,other,-0.00681566,70.5546,23.0537,194,2211
ZNF182,other,-0.00901454,64.5295,20.7647,204,1975
ZNF184,other,0.032905,55.0332,22.8333,266,1589
ZNF189,other,-0.018443,84.0369,30.205,162,937
ZNF19,other,-0.00759491,64.9325,20.9984,189,1146
ZNF195,other,0.000319033,61.742,22.0121,209,934
ZNF197,other,0.011737,49.4916,19.4853,284,1193
ZNF2,other,0.0220729,104.941,34.9468,116,900
ZNF20,other,-0.0235303,38.9222,17.0906,337,2019
ZNF200,other,0.0174386,92.0655,20.1965,148,2867
ZNF202,other,-0.025555,42.5194,41.8484,300,2797
ZNF205,other,-0.000691376,66.8897,20.0942,198,1950
ZNF207,other,0.0642715,36.1261,236.74,510,58
ZNF208,other,0.0160896,319.74,15.56,51,2531
ZNF211,other,0.00356558,45.3046,20.1346,289,1364
ZNF212,other,-0.0193183,65.3721,16.3002,187,1899
ZNF213,other,0.0145194,80.6729,22.3489,155,3169
ZNF214,other,-0.00396014,51.3412,32.8964,257,1820
ZNF215,other,0.0046241,72.5185,18.1401,166,1307
ZNF217,other,-0.0107691,58.0381,32.9872,235,730
ZNF221,other,0.0149957,66.1509,30.9988,198,1163
ZNF222,other,-0.0159047,88.1104,24.1553,145,1341
ZNF223,other,-0.0427025,113.474,18.9667,124,1210
ZNF224,other,0.0203302,75.8702,17.437,174,1617
ZNF225,other,-0.0193265,166.898,21.2056,81,1466
ZNF226,other,-0.0153014,41.4928,17.9952,307,1826
ZNF227,other,0.00609021,71.5148,25.405,183,1291
ZNF229,other,0.0427502,41.1825,17.7516,294,2988
ZNF23,other,-0.0204039,36.7592,40.2879,332,578
ZNF230,other,0.0174359,343.557,16.0423,42,1860
ZNF232,other,-0.0269024,21.4254,33.3779,611,2262
ZNF233,other,-0.00139798,205.062,17.4376,66,1302
ZNF235,other,-0.00126756,147.267,19.575,90,2671
ZNF236,other,0.00138408,266.116,66.2684,82,571
ZNF239,other,0.0107483,84.4486,25.3034,148,1009
ZNF24,other,0.0145829,73.1782,30.7675,175,621
ZNF248,other,0.00830827,48.8983,19.9728,257,1340
ZNF250,other,-0.0383077,322.686,17.5902,47,2163
ZNF253,other,-0.0449513,58.7901,26.0763,245,2325
ZNF254,other,-0.00237232,51.9917,68.3736,250,627
ZNF256,other,-0.00607116,79.9657,39.7687,177,5570
ZNF257,other,-0.0148799,270.641,14.1857,61,2397
ZNF26,other,0.00245808,336.343,17.5443,51,1307
ZNF260,other,0.031888,3146.98,25.1305,13,886
ZNF263,other,0.00222032,36.9007,29.4212,333,768
ZNF264,other,-0.00503222,67.8584,32.151,186,2495
ZNF266,other,0.00242647,73.0969,24.5869,174,1958
ZNF267,other,0.00955868,40.289,13.6632,313,2264
ZNF268,other,-0.0283949,59,30.0425,212,1703
ZNF273,other,0.00324503,31.9726,23.3623,406,1679
ZNF274,other,0.0503076,173.403,23.1774,75,1764
ZNF275,other,0.0056347,208.812,24.8862,73,2206
ZNF276,other,0.0736297,215.746,19.9764,70,2669
ZNF277,other,0.0116624,72.8893,18.201,173,1605
ZNF28,other,0.00221065,61.3127,24.6698,217,1006
ZNF280A,other,-0.016341,92.2117,13.4595,160,2706
ZNF280B,other,0.00626572,56.895,20.588,210,3650
ZNF280D,other,-0.0229969,60.3565,68.4849,209,3319
ZNF281,other,0.0495132,48.2541,56.0725,351,788
ZNF283,other,0.0202916,103.702,14.6344,124,6287
ZNF284,other,0.00803294,33.0885,80.008,386,8483
ZNF285,other,0.00158364,85.8418,25.0106,148,2937
ZNF286A,other,0.0272306,101.23,14.0014,129,2068
ZNF286B,other,0.00183566,52.9023,17.6164,240,1625
ZNF287,other,-0.0123426,48.996,40.3596,265,2497
ZNF292,other,-0.00485805,59.6084,31.6545,343,924
ZNF296,other,0.0313751,85.298,28.6963,146,1575
ZNF3,other,-0.00644238,502.784,16.4546,40,3168
ZNF30,other,-8.35361e-05,36.2912,19.2257,337,1612
ZNF300,other,0.0309783,90.7309,18.8689,150,1171
ZNF302,other,0.00632708,41.6812,12.9755,319,3773
ZNF304,other,0.0461544,65.7978,36.5712,201,2223
ZNF311,other,0.0117605,65.5614,29.4074,227,1633
ZNF317,other,0.0619514,44.7435,35.4385,322,3278
ZNF318,other,-0.0332101,170.059,36.2506,80,1878
ZNF319,other,0.00579316,36.4992,13.3069,370,2708
ZNF320,other,-0.0154189,55.5339,42.9922,228,1160
ZNF322,other,0.0197292,156.185,14.5153,85,2492
ZNF324B,other,0.0143709,70.4075,18.2689,183,1656
ZNF326,other,0.0707879,106.569,26.6508,145,2053
ZNF329,other,0.00953027,99.4718,34.0594,131,2630
ZNF330,other,0.0269703,60.272,34.429,204,3540
ZNF331,other,-0.0101213,65.6312,16.5825,197,2246
ZNF333,other,0.0285162,42.3132,21.9561,304,1087
ZNF334,other,0.00858929,94.3534,28.4035,142,1940
ZNF337,other,0.0151188,107.566,17.8844,129,1648
ZNF33A,other,-0.0299689,107.119,35.0107,139,1314
ZNF33B,other,0.0171417,144.839,25.7084,90,901
ZNF34,other,-0.0253467,62.5664,153.399,238,145
ZNF341,other,0.0204293,48.6986,542.18,266,15
ZNF343,other,-0.00198464,182.089,20.1404,82,1591
ZNF345,other,0.00551008,53.0249,57.6225,239,2800
ZNF346,other,0.0284077,130.369,21.1915,100,1543
ZNF347,other,0.02404,85.7057,22.84,150,1673
ZNF35,other,0.00199245,44.0683,25.2684,280,1287
ZNF350,other,0.0261505,65.8584,18.6018,197,1341
ZNF354A,other,-0.000712362,54.7175,15.8081,239,1627
ZNF354B,other,0.00905685,89.8104,28.6079,149,940
ZNF354C,other,0.0361972,137.608,19.6092,100,1410
ZNF358,other,-0.0093508,47.1714,40.3139,277,701
ZNF362,other,-0.00336688,370.956,20.4817,45,1096
ZNF365,other,0.0177935,64.9751,16.0158,199,2366
ZNF366,other,-0.00110915,33.713,29.5686,365,1183
ZNF367,other,0.0239336,85.4594,22.4325,149,1042
ZNF37A,other,-0.0308929,63.9515,14.7454,196,1814
ZNF382,other,-0.00374085,67.4371,16.4291,187,1608
ZNF383,other,0.031017,184.922,17.2497,95,2790
ZNF384,other,-0.00321158,113.337,24.1774,128,2567
ZNF385A,other,-0.00863134,41.5991,14.5071,328,1803
ZNF385B,other,0.0154465,149.156,21.6058,93,3777
ZNF385C,other,-0.0010553,94.3901,14.652,141,3056
ZNF385D,other,0.0286386,41.6909,16.5502,310,1827
ZNF391,other,-0.026564,70.3889,32.0497,177,611
ZNF394,other,-0.0225937,83.7921,27.6689,152,2506
ZNF395,other,0.0145051,307.187,17.7079,48,1773
ZNF396,other,-0.0412881,124.421,63.6012,130,355
ZNF398,other,-0.0316115,59.0985,23.318,218,1353
ZNF404,other,0.0478942,134.657,39.5346,100,996
ZNF407,other,-0.017107,52.3893,15.8095,234,2391
ZNF408,other,0.0380786,78.6552,29.4815,177,1351
ZNF41,other,0.0114132,140.096,22.6388,106,2816
ZNF414,other,0.00704087,160.112,43.4124,112,608
ZNF415,other,0.0140936,163.185,14.7028,80,4040
ZNF416,other,0.00458494,44.1626,18.0808,278,1663
ZNF417,other,-0.0116402,90.9014,24.027,137,1348
ZNF418,other,0.0370761,53.8735,17.1525,245,3386
ZNF419,other,-0.0214641,51.3308,15.9068,251,3225
ZNF420,other,0.0610892,34.3302,16.7735,398,2317
ZNF423,other,-0.0129043,40.0089,18.9581,309,1244
ZNF425,other,0.0117937,146.699,22.6416,97,854
ZNF426,other,0.000312615,64.2445,30.5929,198,3354
ZNF428,other,-0.000276468,61.8957,21.7543,206,1116
ZNF429,other,-0.00128091,139.55,15.861,89,2929
ZNF43,other,-0.00178902,25.0266,27.0291,542,1437
ZNF430,other,-0.0148359,81.2573,57.3691,163,9992
ZNF431,other,0.00244653,59.6249,38.1401,228,2300
ZNF432,other,-0.0446518,59.4023,32.1545,212,1086
ZNF433,other,-0.0152593,85.5474,13.6932,163,2033
ZNF436,other,0.0530507,36.0877,21.4248,351,3788
ZNF438,other,0.0152035,41.5699,17.5896,311,2211
ZNF439,other,-0.0069817,60.0397,13.7402,219,2161
ZNF44,other,-0.0132122,85.9477,17.621,140,1884
ZNF440,other,0.0160286,51.7758,27.136,236,2575
ZNF441,other,0.0153611,89.1601,23.4684,148,2048
ZNF442,other,0.0111811,202.16,23.1023,72,1001
ZNF443,other,-0.0153784,66.5864,20.0611,189,1750
ZNF445,other,-0.0403332,82.7731,17.9538,167,2126
ZNF446,other,-0.011627,146.389,41.1116,96,1096
ZNF449,other,0.0257819,91.1673,25.9982,146,918
ZNF45,other,0.0242553,161.088,24.6341,87,1408
ZNF451,other,-0.0166669,58.4497,18.4092,247,1967
ZNF454,other,0.0408124,101.107,22.8271,133,1708
ZNF460,other,0.0067708,70.7661,24.5283,179,1593
ZNF461,other,0.0297142,108.951,18.0061,128,1893
ZNF467,other,-0.000929733,66.5106,17.5278,189,1761
ZNF468,other,-0.00721917,33.3228,25.0156,393,768
ZNF469,other,-0.0435586,73.9779,23.1059,180,2183
ZNF470,other,0.00461775,35.4491,31.9632,360,1523
ZNF471,other,0.0124136,67.0091,24.6168,198,970
ZNF473,other,-0.00756349,117.686,23.6588,107,2315
ZNF474,other,0.0115445,81.9438,17.8286,151,2200
ZNF479,other,0.0217525,41.3414,21.5938,314,2277
ZNF48,other,-0.030695,72.9267,30.1306,187,681
ZNF480,other,-0.00111176,63.9327,18.5545,202,1405
ZNF483,other,-0.006078,92.014,8.25948,142,7162
ZNF484,other,-0.00119283,75.9104,15.4414,170,2499
ZNF485,other,0.0084228,69.5479,14.6666,184,3063
ZNF486,other,-0.0277327,105.423,26.5672,126,4088
ZNF488,other,-0.00164843,27.3894,19.7476,480,1941
ZNF490,other,0.0747422,70.2748,21.6866,183,1554
ZNF491,other,0.0251374,192.29,14.6348,76,2533
ZNF492,other,0.0338442,37.1174,46.5771,344,3290
ZNF493,other,-0.0149437,46.4417,22.5173,264,1164
ZNF497,other,0.0190228,6774.76,31.1802,12,712
ZNF500,other,0.0350569,58.3426,28.9763,218,908
ZNF501,other,0.0209896,61.8181,21.1045,207,1949
ZNF502,other,0.0300286,103.053,25.5716,132,1303
ZNF503,other,-0.0044922,71.4513,20.9515,187,1653
ZNF506,other,0.0576806,35.2237,13.0579,360,3832
ZNF510,other,0.00869457,491.992,25.7913,42,1831
ZNF512,other,-0.00305717,134.242,23.5652,94,1127
ZNF512B,other,0.0250469,52.2655,52.1851,243,1520
ZNF513,other,-0.0291492,107.563,21.1097,127,2384
ZNF516,other,-0.00311664,229.828,10.3469,71,2441
ZNF517,other,-0.0236256,70.1593,29.4332,178,1441
ZNF518A,other,-0.0119227,146.131,63.2409,117,1356
ZNF518B,other,0.0067084,60.3799,32.69,239,825
ZNF519,other,-0.00634436,103.552,20.3389,147,2342
ZNF521,other,0.02481,98.4114,18.3116,136,3279
ZNF524,other,0.00647202,131.874,39.9934,117,1237
ZNF527,other,0.0191738,31.9818,20.6638,397,1687
ZNF528,other,0.00374996,87.7755,16.1593,151,3093
ZNF529,other,0.00803898,54.5823,25.4055,223,918
ZNF532,other,-0.0203743,79.7508,16.6468,168,1771
ZNF534,other,0.00104733,49.2196,27.0264,252,2593
ZNF536,other,-0.011841,134.003,23.3111,102,1281
ZNF540,other,0.0458401,33.7687,19.3786,374,1385
ZNF541,other,-0.0217321,71.5399,16.0999,185,1584
ZNF544,other,0.0325679,60.8012,31.3482,189,3554
ZNF546,other,-0.0355535,101.176,19.9694,124,2376
ZNF547,other,0.033307,40.7519,21.5749,303,3031
ZNF548,other,-0.0211403,79.98,18.3263,153,2112
ZNF549,other,0.0367877,61.7364,26.8406,232,1728
ZNF550,other,0.00560266,57.7841,27.1816,214,1315
ZNF551,other,-0.018906,48.7236,22.8642,257,1028
ZNF552,other,-0.00996068,36.5309,16.898,357,2480
ZNF554,other,0.00483702,588.849,33.5385,37,1571
ZNF555,other,0.023437,56.1449,16.8602,238,1745
ZNF556,other,0.05283,65.9296,70.8677,183,4327
ZNF557,other,0.014446,74.7449,22.074,184,1563
ZNF558,other,0.0232363,96.0779,15.1206,126,2516
ZNF559,other,0.0937055,68.7534,52.7039,249,453
ZNF560,other,0.023015,67.31,38.6426,271,1078
ZNF561,other,0.00798283,50.0385,29.8322,248,1094
ZNF562,other,0.0105748,116.173,24.3392,110,1759
ZNF563,other,-0.00611431,53.7846,14.3205,216,1755
ZNF564,other,0.00867438,59.5742,33.9113,227,913
ZNF565,other,0.0452575,41.0644,16.0166,324,2303
ZNF566,other,-0.0159682,65.0194,23.8429,200,1054
ZNF567,other,-0.0206685,634.663,35.2431,37,1442
ZNF568,other,0.0211811,76.8675,13.446,167,3561
ZNF569,other,0.0254384,134.543,11.4998,103,2553
ZNF57,other,0.015266,70.8216,22.6778,197,943
ZNF570,other,0.0185477,42.9706,22.9628,295,2427
ZNF571,other,-0.0292949,122.713,21.4018,114,6121
ZNF572,other,0.0278283,49.2417,27.3171,241,786
ZNF573,other,0.034862,179.229,26.1935,86,1559
ZNF574,other,0.0122113,25.1882,130.146,642,257
ZNF575,other,0.000262394,57.2749,25.8634,213,1536
ZNF576,other,-0.00463072,129.449,19.6451,102,1332
ZNF577,other,-0.00733724,74.8445,26.407,182,2895
ZNF578,other,-0.0529953,62.8479,26.2423,197,1222
ZNF579,other,0.00211883,81.1999,23.9557,157,2285
ZNF580,other,-0.017496,17.545,17.2579,736,2573
ZNF581,other,0.0420815,64.0726,26.6184,208,1063
ZNF582,other,-0.00160518,81.7486,18.1744,152,1776
ZNF583,other,0.00668993,46.7835,19.7631,276,3588
ZNF584,other,0.00845701,47.35,23.2925,282,1352
ZNF585A,other,0.000163027,4507.56,22.0912,11,1158
ZNF585B,other,-0.00732404,213.54,20.6226,71,1564
ZNF586,other,0.0380097,98.007,18.6217,141,1493
ZNF587,other,0.0165334,67.3753,20.2446,184,1235
ZNF587B,other,0.017338,108.903,27.1851,111,1347
ZNF589,other,0.0330126,134.997,18.5618,97,2104
ZNF592,other,0.0055309,137.378,27.9132,109,1003
ZNF593,other,0.0160923,47.0815,19.8325,276,1255
ZNF594,other,-0.0212583,97.2564,23.6549,134,1460
ZNF595,other,0.00814771,66.1632,15.6723,187,1316
ZNF596,other,-9.87633e-05,84.6743,20.4967,156,1421
ZNF597,other,0.00292242,82.2475,61.3948,162,3092
ZNF598,other,0.0222519,98.8779,42.0523,125,552
ZNF599,other,0.0120643,60.0381,18.477,234,1895
ZNF600,other,0.0333855,70.1011,98.2694,178,6387
ZNF605,other,0.00626234,255.822,20.5655,52,2537
ZNF606,other,-0.00756714,83.7092,24.2941,155,3005
ZNF607,other,-0.00469169,77.4025,17.3673,172,2297
ZNF608,other,-0.0417549,85.7844,74.3022,150,2159
ZNF609,other,0.00785787,67.3552,21.9407,188,2328
ZNF610,other,0.00720717,116.804,17.4426,118,3426
ZNF611,other,0.00536142,154.758,14.1519,79,2296
ZNF613,other,-0.0066431,88.7847,161.777,143,2585
ZNF614,other,-0.0313542,91.0536,20.2605,145,1971
ZNF615,other,0.00883889,63.8294,14.8424,188,1873
ZNF616,other,0.00370887,103.334,32.8674,123,1455
ZNF618,other,-0.028114,74.529,25.7691,183,2308
ZNF619,other,0.0316965,45.3697,28.1789,281,830
ZNF620,other,-0.00771184,95.5341,33.0645,127,4702
ZNF621,other,0.0116396,69.1135,25.0641,178,2614
ZNF622,other,0.0270175,181.351,36.2882,92,821
ZNF623,other,0.0243524,64.4146,20.1459,218,1096
ZNF624,other,-0.00781448,75.2124,23.3512,158,1153
ZNF626,other,0.00349863,115.893,26.3663,115,1823
ZNF629,other,-0.0185093,34.0088,20.0647,374,1813
ZNF630,other,-0.0376295,46.6058,21.7801,285,1415
ZNF638,other,0.0389045,289.768,42.0974,51,555
ZNF639,other,-0.0147798,49.8842,35.8865,264,1343
ZNF644,other,0.0553407,97.9363,42.1774,158,1896
ZNF646,other,-0.0171286,82.9022,25.0813,162,936
ZNF648,other,-0.00392114,63.6952,20.6746,207,1412
ZNF649,other,0.0499146,51.0107,117.992,249,1998
ZNF652,other,0.0350958,72.4901,20.3322,188,2925
ZNF653,other,0.00488056,104.463,28.1194,125,1852
ZNF654,other,0.00733112,62.8619,22.9134,216,1371
ZNF655,other,-0.00873014,91.1102,35.6371,139,1261
ZNF658,other,0.00195105,45.0012,41.6427,264,2636
ZNF660,other,0.00655617,110.087,16.9423,126,2118
ZNF662,other,0.00393767,49.6784,27.567,251,1152
ZNF664,other,0.0166577,78.2481,20.7192,150,2284
ZNF665,other,-0.0353437,57.9347,22.7063,231,1234
ZNF667,other,0.0260509,253.648,25.3006,53,1378
ZNF668,other,-0.00745618,106.868,21.5374,130,1371
ZNF669,other,-0.0237799,82.4581,19.6851,177,2598
ZNF671,other,0.0220057,252.317,37.1592,60,1081
ZNF672,other,0.00318561,44.8125,19.6169,334,1080
ZNF674,other,-0.0324619,36.3475,24.3768,348,832
ZNF675,other,0.00533085,167.191,21.8605,87,1837
ZNF676,other,-0.0107823,72.8412,21.7054,175,2192
ZNF677,other,-0.0373861,76.909,13.7947,172,2190
ZNF678,other,0.00580218,58.2846,16.2915,218,1635
ZNF679,other,0.0262581,68.1252,18.7199,196,1304
ZNF680,other,0.00374412,49.8361,30.2723,259,1902
ZNF681,other,-0.0115346,466.861,15.4174,38,2043
ZNF682,other,-0.0484118,46.6743,19.7874,270,1729
ZNF683,other,0.0176562,59.7411,21.3338,216,1677
ZNF684,other,0.0116928,96.0288,27.9622,122,1563
ZNF687,other,0.0230368,41.094,19.992,416,5196
ZNF688,other,0.0329908,75.8987,30.6229,167,713
ZNF689,other,0.0327406,86.8906,16.5471,150,1732
ZNF69,other,0.0499667,44.7375,16.9759,286,2680
ZNF691,other,0.0119206,67.4113,16.9726,187,2162
ZNF692,other,0.0224148,118.692,17.7381,112,2211
ZNF695,other,0.0648377,196.625,38.8331,108,924
ZNF696,other,0.0147651,61.1566,19.0834,205,2727
ZNF697,other,0.0190906,83.2215,21.6658,145,3543
ZNF699,other,0.00544086,50.1167,28.4427,286,760
ZNF7,other,0.0248085,49.1219,46.6554,268,844
ZNF70,other,0.0377049,70.6547,91.5605,185,4735
ZNF700,other,-0.00317501,220.771,44.4062,58,408
ZNF701,other,-0.00338953,68.6271,19.6499,186,1060
ZNF703,other,0.0342025,170.529,152.728,80,240
ZNF704,other,0.0110929,106.586,18.1092,166,2016
ZNF705A,other,-0.0339954,82.4475,22.7623,148,1080
ZNF705B,other,0.0257202,105.238,17.8643,107,1528
ZNF705D,other,-0.0051964,1132.13,18.8845,23,1502
ZNF705G,other,-0.022819,88.0871,32.4744,135,1176
ZNF706,other,0.0485455,91.3197,23.7578,191,4303
ZNF707,other,0.0190688,69.1926,15.5558,181,2551
ZNF708,other,0.0391773,367.726,21.4539,47,3119
ZNF709,other,-0.0246764,39.2048,73.3182,341,216
ZNF71,other,-0.0275919,65.4636,185.88,200,143
ZNF710,other,0.0140898,285.124,111.204,51,357
ZNF711,other,-0.0114662,57.6343,15.217,229,1950
ZNF713,other,0.0364173,72.7796,47.5167,180,3016
ZNF716,other,0.0158491,55.0812,22.2748,247,1615
ZNF717,other,0.0223985,135.375,36.9966,101,631
ZNF718,other,-0.0393989,16.5274,48.692,795,2675
ZNF721,other,0.0102363,31.425,19.8644,428,1246
ZNF726,other,0.0564541,71.3737,38,181,816
ZNF727,other,0.0348591,75.6508,26.6857,170,2131
ZNF728,other,-0.000255788,51.6284,18.4668,253,1307
ZNF729,other,-0.00285447,149.483,25.9635,95,609
ZNF730,other,-0.0070601,82.7634,21.0893,162,1143
ZNF732,other,-0.00972688,58.8716,24.3021,228,858
ZNF735,other,-0.0148755,87.8165,33.0462,145,1911
ZNF736,other,-0.0356201,33.1299,22.8048,376,1993
ZNF737,other,0.00482789,209.615,17.1897,64,2329
ZNF74,other,0.00965638,58.6505,18.0297,223,2992
ZNF746,other,0.0323442,43.5707,29.2079,336,1507
ZNF747,other,-0.0082497,110.559,19.6999,117,1286
ZNF749,other,0.00184862,135.652,15.5296,97,2392
ZNF750,other,0.00663139,107.894,13.6406,122,3090
ZNF75A,other,0.0324956,52.075,31.7195,227,1060
ZNF75D,other,-8.81608e-05,106.133,30.2612,126,1518
ZNF76,other,0.0216015,54.4791,48.3927,234,2576
ZNF761,other,0.00766726,79.8426,16.0792,158,2402
ZNF764,other,0.0154736,50.0462,30.0031,256,2112
ZNF765,other,0.0557704,49.3614,20.8805,257,2909
ZNF766,other,0.0134281,131.665,22.5933,100,2420
ZNF77,other,0.0170885,138.192,22.2955,91,1051
ZNF770,other,0.0221957,73.0068,22.3326,170,3765
ZNF771,other,0.00353331,118.265,19.7723,114,4613
ZNF772,other,-0.0246738,63.0782,27.3051,192,2852
ZNF773,other,0.0172731,71.115,22.8266,172,872
ZNF774,other,0.0187087,41272.3,28.1659,2,2520
ZNF775,other,-0.0192645,93.1437,44.1477,153,479
ZNF776,other,-0.00314772,92.0677,105.377,138,289
ZNF778,other,0.0108965,48.3379,15.4178,254,1950
ZNF780A,other,0.0432677,157.183,28.498,88,2765
ZNF780B,other,0.00446837,90.8872,23.613,129,983
ZNF781,other,-0.0142699,71.8127,35.6217,159,2124
ZNF782,other,-0.0216086,134.867,49.382,99,1178
ZNF785,other,0.0117161,104.213,34.538,123,1086
ZNF787,other,0.0599227,68.571,34.9178,244,770
ZNF789,other,0.0064763,246.326,19.468,64,1318
ZNF79,other,-0.00213047,84.6064,14.3868,158,1768
ZNF790,other,-0.0282821,39.1971,22.8719,314,1664
ZNF791,other,-0.041024,76.5547,38.8976,158,3061
ZNF792,other,-0.0123918,50.698,15.4588,254,1970
ZNF793,other,-0.0234339,125.064,16.9179,108,1223
ZNF799,other,-0.0127053,580.999,27.3301,36,553
ZNF8,other,-0.0214473,66.128,23.1623,210,1223
ZNF80,other,-0.00515805,726.17,35.0507,30,849
ZNF800,other,0.0282241,61.3229,32.9188,228,2966
ZNF804A,other,-0.0158194,54.3859,21.5008,246,1457
ZNF804B,other,0.0213439,56.653,17.0641,223,2008
ZNF805,other,-0.00485004,63.5542,19.254,198,1934
ZNF808,other,-0.024458,61.4246,50.1878,212,320
ZNF81,other,-0.0044858,69.7196,29.6413,176,2605
ZNF813,other,-0.0199937,66.6305,23.3694,194,2134
ZNF814,other,-0.0135728,132.427,28.1807,98,1979
ZNF816,other,0.00641431,39.4051,14.3172,331,2792
ZNF823,other,-0.0114229,90.8831,17.3399,146,1686
ZNF827,other,-0.00677351,258.458,29.8156,60,1433
ZNF829,other,-0.000100622,317.016,47.4582,48,4204
ZNF83,other,-0.0086397,30.2326,20.002,423,1299
ZNF830,other,-0.02393,27631.5,291.874,5,62
ZNF831,other,0.0004936,50.8607,18.6216,247,1490
ZNF835,other,0.0150315,111.315,16.9021,118,1333
ZNF836,other,-0.0226585,110.879,20.0918,113,2326
ZNF837,other,0.0119137,48.8898,28.4212,280,1272
ZNF84,other,0.0501148,100.168,46.3493,289,917
ZNF841,other,-0.0112384,88.877,18.5539,143,2442
ZNF843,other,-0.0237533,44.4029,17.3966,304,1687
ZNF844,other,0.0205619,85.7946,18.1466,145,1558
ZNF845,other,-0.00563648,65.6006,16.6295,206,1695
ZNF846,other,-0.0143662,91.1978,19.9881,152,1876
ZNF85,other,0.011159,49.032,21.1829,254,1070
ZNF850,other,-0.00517939,118.818,23.2998,119,1355
ZNF852,other,0.0419942,112.539,24.9229,113,2050
ZNF853,other,0.0406015,52.0665,22.2122,285,2663
ZNF860,other,0.0121462,76.6434,23.1633,161,1714
ZNF865,other,0.0223996,86.178,14.7785,144,1795
ZNF875,other,-0.00233442,63.1807,20.0385,201,2391
ZNF878,other,0.00491692,81.3955,15.2934,169,2228
ZNF879,other,0.0394831,96.8529,17.9239,127,2087
ZNF880,other,0.0372137,105.826,20.4704,124,3418
ZNF883,other,-0.00418422,47.4624,18.3201,308,1160
ZNF888,other,-0.00172916,71.4533,18.1648,187,2853
ZNF891,other,-0.0219179,93.4455,28.281,137,2215
ZNF90,other,-0.0503754,66.8506,45.2935,194,2518
ZNF91,other,0.00522187,124.646,16.6078,104,3585
ZNF92,other,0.0183865,67.9694,55.4216,189,2571
ZNF93,other,-0.0133295,95.7381,49.2434,131,674
ZNF98,other,0.0159463,90.7358,31.7903,136,2840
ZNF99,other,-0.00535724,72.8977,23.1859,178,1040
ZNFX1,other,0.00998684,66.9158,23.5142,187,1375
ZNHIT1,other,0.0527211,260.159,341.173,162,28
ZNHIT3,other,0.0320584,142.414,266.555,128,145
ZNHIT6,other,0.090955,264.797,217.74,132,58
ZNRD2,other,0.0169974,72.43,20.2109,165,1242
ZNRF1,other,6.51636e-05,96.0916,26.3937,146,1238
ZNRF2,other,0.0169917,49.3922,30.1846,254,1185
ZRANB2,other,0.113398,170.406,44.4174,90,751
ZRSR2,other,0.135968,104.499,49.1989,148,656
ZSCAN1,other,-0.0198158,216.069,26.3768,62,623
ZSCAN10,other,0.010756,98.7196,30.1115,133,1102
ZSCAN12,other,-0.00335958,74.1752,14.6546,163,1751
ZSCAN16,other,0.0131822,238.328,12.3014,62,3999
ZSCAN18,other,-0.0157628,23.4144,30.8392,533,1240
ZSCAN2,other,0.000989429,244.564,36.3264,68,2220
ZSCAN20,other,0.00342054,53.6086,20.1686,253,1496
ZSCAN21,other,0.0558085,144.31,23.4007,117,1357
ZSCAN22,other,0.0212364,67.0601,25.3613,180,2134
ZSCAN23,other,0.0582786,172.431,42.0391,82,2574
ZSCAN25,other,-0.000226382,291.866,32.8102,54,1591
ZSCAN26,other,-0.0126576,846.462,23.0902,29,2255
ZSCAN29,other,0.0255945,209.643,30.3547,66,2361
ZSCAN30,other,-0.0113278,61.3003,27.9281,204,997
ZSCAN31,other,-0.0287031,59.4057,19.0281,193,2330
ZSCAN32,other,-0.00933842,258.64,24.084,60,1568
ZSCAN5A,other,-0.000543566,33.453,33.9956,364,1557
ZSCAN5B,other,0.004377,42.158,19.4207,303,1943
ZSCAN9,other,-0.0250775,37.4532,31.3288,334,1594
ZSWIM1,other,-0.0126252,91.5452,25.4664,144,816
ZSWIM7,other,0.021224,58.5928,18.4328,214,3053
ZSWIM8,other,0.016467,79.0501,19.6113,162,1068
ZUP1,other,0.0157268,83.2539,22.117,147,2764
ZW10,other,-0.13739,58.1204,48.3847,295,707
ZWILCH,other,-0.00766002,566.704,455.014,33,23
ZWINT,other,-0.0183997,1521.5,149.164,26,164
ZXDA,other,-0.0099707,71.1415,20.193,168,4131
ZXDB,other,-0.010245,66.6563,19.5251,198,1075
ZXDC,other,0.0178001,301.598,14.2681,47,3410
ZYG11B,other,0.003742,123.042,25.8989,120,1394
ZYX,other,0.00533076,24.3242,36.2166,506,3840
ZZEF1,other,0.010406,44.3596,25.3058,271,4268
