target,class,cosine,energy_k562,energy_cd4_Rest,cells_k562,cells_cd4_Rest
A1BG,other,0.0253658,34.2647,32.7177,387,734
AAAS,other,0.0204502,32.3629,52.5242,411,677
AACS,other,0.0584983,87.2355,45.2923,176,720
AAGAB,other,0.0220335,135.364,45.4169,99,647
AAK1,other,-0.00846481,52.5505,77.0915,240,1244
AAMDC,other,0.0243707,63.9202,59.94,195,376
AAR2,other,0.0458218,260.4,273.913,93,53
AARS2,other,0.0861916,52.4836,188.988,358,126
AARSD1,other,-0.0263573,32.4504,43.5825,367,771
AASDH,other,0.00987847,148.754,117.335,85,651
AASDHPPT,other,0.0136075,71.1665,119.502,177,146
AATF,other,0.0376347,271.163,156.017,182,134
ABCA7,other,-0.0440602,18.6983,84.1127,708,205
ABCB6,other,0.0483668,58.2404,65.8448,235,227
ABCB7,other,0.00184971,78.4175,993.097,244,10
ABCB8,other,0.0264868,164.558,37.1664,88,767
ABCB9,other,0.0132264,23.8982,71.5726,532,251
ABCC1,other,0.0650672,86.8183,49.2265,201,634
ABCC10,other,-0.00859426,110.125,37.0681,131,642
ABCC4,other,-0.0139048,70.9169,53.2904,170,382
ABCC5,other,0.0250134,38.7504,55.271,306,349
ABCD3,other,0.0245728,63.1978,37.421,207,514
ABCD4,other,-0.000480945,106.548,62.6792,117,335
ABCE1,other,0.0713954,187.932,154.885,120,98
ABCF2,other,-0.0113042,59.4142,68.7951,217,328
ABCF3,other,0.0140119,47.4223,43.4267,260,527
ABCG1,other,0.0390025,51.217,58.4697,294,261
ABHD10,other,0.00871912,86.8003,20.3621,148,996
ABHD11,other,-0.0106003,85.1291,117.818,155,189
ABHD12,other,0.0604049,55.7259,76.9964,233,362
ABHD13,other,0.0441,109.949,72.2974,113,578
ABHD14A,other,-0.00659934,62.1431,80.1292,210,591
ABHD14B,other,0.0336869,16.3651,28.8516,802,1573
ABHD16A,other,0.0240003,57.3532,60.5792,223,288
ABHD17A,other,0.0095514,48.0156,51.6904,250,385
ABHD17B,other,0.00877999,247.513,34.0296,58,534
ABHD2,other,0.0316459,57.0711,70.4066,229,289
ABHD3,other,-0.00879612,290.181,42.2688,50,798
ABHD5,other,0.0166668,91.0192,36.7378,143,771
ABHD6,other,-0.0172043,41.0732,70.2293,295,390
ABHD8,other,-0.0468799,62.9996,60.667,192,278
ABI1,other,-0.0234661,166.595,53.9749,85,378
ABI2,other,0.0472829,77.5874,65.9138,179,277
ABITRAM,other,0.0395593,57.5767,94.1526,225,253
ABL1,other,-0.0183026,53.0167,46.8237,226,444
ABL2,other,0.00989708,27.86,39.4896,460,938
ABR,other,-1.30089e-05,219.62,80.8616,66,186
ABRACL,other,0.00801263,54.8777,37.9503,224,653
ABRAXAS1,other,0.0318581,58.6388,33.7361,230,559
ABRAXAS2,other,0.0107962,69.8208,27.7321,201,825
ABT1,other,0.0451219,114.147,360.789,202,61
ACAA1,other,0.0102284,47.7861,39.0345,249,489
ACAA2,other,0.00324875,64.8378,52.2416,204,724
ACACA,other,-0.000814517,84.446,25.8744,166,984
ACAD10,other,-0.00292452,101.671,41.3716,141,1439
ACAD8,other,0.0635133,69.5438,32.2153,208,580
ACAD9,other,-0.00826545,106.327,33.0694,131,901
ACADM,other,-0.0251432,95.638,41.6512,127,975
ACADS,other,-0.0272058,120.972,52.9128,103,302
ACADSB,other,-0.020613,58.1464,38.5266,216,921
ACADVL,other,-0.0361154,46.2965,58.1364,268,351
ACAP2,other,-0.00109105,80.0644,35.2824,160,537
ACAP3,other,0.000904703,70.7103,42.5895,179,411
ACAT1,other,0.0328836,52.5876,52.0887,213,740
ACAT2,other,0.0210215,89.3461,50.9352,152,466
ACBD3,other,0.00871266,54.4108,41.609,237,633
ACBD5,other,-0.0139758,58.3894,38.5606,238,1186
ACBD6,other,0.00530577,71.5749,43.8215,214,553
ACCS,other,-0.00337116,112.491,30.183,110,692
ACD,other,0.0124998,79.8723,578.693,153,25
ACER3,other,-0.00248041,40.1235,35.2467,311,1054
ACIN1,other,0.0428171,40.2981,81.831,355,231
ACO1,other,0.00923659,80.4012,43.7337,157,550
ACO2,other,0.0380841,79.7375,102.341,155,172
ACOT13,other,0.0590135,84.7968,37.9849,147,582
ACOT7,other,-0.0508342,34.2241,43.5287,348,612
ACOT8,other,0.0150573,109.998,36.7676,119,1241
ACOT9,other,0.0078713,52.6225,47.7395,247,410
ACOX1,other,-0.0301505,71.3224,43.8127,178,592
ACP1,other,0.00847928,308.163,33.143,49,694
ACP2,other,0.0262898,304.674,56.8764,57,986
ACP5,other,-0.0248688,37.6694,39.749,363,439
ACSF3,other,0.0263252,149.397,34.3983,89,652
ACSL1,other,0.0241599,30.3388,67.7218,406,238
ACSL3,other,0.0606553,158.271,43.5786,130,527
ACSL4,other,0.00835837,142.283,35.6785,93,808
ACSM3,other,0.0218236,179.135,48.9211,75,1817
ACSS2,other,0.0246709,134.979,41.0489,132,751
ACTB,other,0.108515,55.6068,60.0882,363,535
ACTG1,other,-0.0268497,1808.21,142.176,19,125
ACTN1,other,0.0233505,55.2271,41.3802,273,370
ACTN4,other,-0.0131664,39.3283,50.8754,305,397
ACTR1A,other,-0.0291792,29.1431,41.1803,451,712
ACTR1B,other,-0.0447737,25.6011,66.3671,517,363
ACTR2,other,0.0364052,26.5418,84.4663,498,234
ACTR3,other,-0.018336,59.0333,74.6478,261,279
ACTR3B,other,-0.0183008,113.881,290.391,117,44
ACTR3C,other,0.0278187,101.214,62.3052,122,418
ACTR5,other,0.0709361,393.385,76.8279,50,1373
ACTR8,other,0.228066,104.181,186.5,408,199
ACVR1B,other,-0.0153696,61.9339,33.3559,212,738
ACVR2B,other,-0.0114904,123.352,44.4742,115,466
ACY1,other,0.00789128,193.1,30.1658,70,678
ACYP1,other,-0.00437154,49.4658,61.3247,236,271
ACYP2,other,0.0105694,159.588,103.933,85,708
ADA,other,0.017935,75.5271,41.7308,173,533
ADAM10,other,-0.0065048,275.408,372.093,84,38
ADAM15,other,-0.025513,114.344,45.5949,117,312
ADAM17,other,0.0644856,48.5011,25.3335,258,1028
ADAM9,other,0.0208001,55.1717,63.0545,214,322
ADAR,other,0.0380935,31.0363,271.927,394,58
ADARB1,other,-0.0456102,31.7835,41.6271,374,641
ADAT1,other,0.0458154,73.1872,39.8867,192,475
ADAT2,other,0.0261425,72.2175,91.5457,175,298
ADAT3,other,0.0376996,48.9255,91.9494,318,497
ADCK2,other,0.0396136,39.3668,27.1163,309,730
ADCK5,other,0.0299168,153.507,30.7648,81,1285
ADCY3,other,0.0305192,45.4398,30.8527,262,641
ADCY7,other,0.00399507,233.792,45.4285,60,1137
ADD1,other,-0.0183196,44.5306,48.6005,280,450
ADD2,other,0.000974872,63.1022,43.8265,210,367
ADD3,other,0.010623,62.8952,99.0849,207,171
ADH5,other,0.0235329,72.6065,70.3905,171,662
ADI1,other,-0.012327,125.641,37.7989,100,760
ADIPOR1,other,0.00685111,82.6577,31.1169,143,892
ADIPOR2,other,0.0339991,52.9254,52.2045,241,435
ADK,other,-0.0170661,53.3412,23.8754,219,886
ADNP2,other,-0.0393593,240.919,41.896,87,1236
ADO,other,0.110259,125.761,270.535,150,136
ADORA2B,other,0.0109443,76.1636,34.5947,174,555
ADPGK,other,0.00291658,173.687,70.198,93,943
ADRM1,other,0.0336807,34.2079,56.4529,403,331
ADTRP,other,0.0105081,80.1143,21.5645,141,934
AEBP1,other,-0.0093922,47.1015,57.1583,255,291
AEBP2,other,0.0295577,83.6253,106.148,167,574
AEN,other,-0.00617213,39.4316,40.2239,321,611
AFF1,other,-0.0105809,83.0815,52.4003,142,550
AFF4,other,0.00175612,84.6231,38.9738,154,837
AFG3L2,other,0.0275135,1360.58,332.62,26,66
AFMID,other,0.0296236,141.966,55.6966,88,314
AFTPH,other,-0.0125746,82.7217,48.7325,156,395
AGA,other,0.00244088,775.585,42.1587,30,402
AGAP1,other,-0.00210751,123.641,36.2537,105,661
AGAP3,other,0.0420422,159.569,49.9415,90,1195
AGBL5,other,-0.0383121,35.0743,154.04,372,326
AGFG1,other,0.00932487,49.5607,54.3879,243,334
AGFG2,other,-0.0300573,41.9728,36.3364,293,621
AGGF1,other,-0.008214,64.2072,33.1277,189,595
AGK,other,0.00274405,144.723,61.8839,90,303
AGL,other,0.0207925,75.7452,25.3113,166,911
AGO2,other,-0.0359771,509.153,132.005,42,102
AGO3,other,0.0118653,67.6295,36.2997,188,613
AGPAT1,other,0.0291512,50.6925,135.523,261,109
AGPAT2,other,-0.02279,105.887,58.6248,115,590
AGPAT3,other,-0.00834873,78.1768,68.3385,163,262
AGPAT4,other,-0.0157928,75.8345,75.8762,207,253
AGPAT5,other,0.0166865,129.676,32.6788,97,593
AGPS,other,-0.00032573,79.0282,36.8577,163,669
AGRN,other,0.00371624,102.73,115.906,126,273
AGTRAP,other,-0.0215423,310.678,50.2606,47,355
AHCTF1,other,0.0263812,27.8742,798.24,584,15
AHCYL1,other,-0.0027729,45.3074,67.008,314,255
AHDC1,other,-0.00137493,74.0209,33.0745,170,1206
AHI1,other,0.00800308,112.977,30.2818,120,608
AHNAK,other,0.0131383,25.4007,84.18,531,210
AHR,other,-0.00734184,109.185,123.714,128,1214
AHRR,other,0.0270911,90.214,39.4062,145,489
AHSA1,other,0.0224544,179.964,66.32,73,1211
AHSP,other,0.0677412,104.211,55.8628,132,460
AIDA,other,0.0470475,53.3439,77.4827,244,443
AIF1,other,0.0634058,50.9096,39.1879,251,853
AIFM1,other,-0.0256239,91.7908,82.3146,150,249
AIFM2,other,-0.00716557,69.8478,29.5728,172,744
AIG1,other,0.0226354,116.379,31.9345,106,605
AIMP1,other,0.0339157,43.4769,37.2391,283,588
AIMP2,other,0.00442039,69.2635,72.9299,182,382
AIP,other,0.009747,484.028,50.4669,34,503
AIRE,other,-0.00354951,83.5035,32.6132,155,571
AK1,other,0.0169468,60.5594,31.4757,201,756
AK2,other,0.0152793,57.4275,245.845,210,68
AK3,other,-0.0435768,68.0795,128.12,184,1002
AK4,other,-0.00665179,69.4987,38.8845,173,725
AKAP11,other,-0.000825797,172.396,85.3106,84,203
AKAP13,other,-0.0285542,50.9016,25.3639,259,1097
AKAP17A,other,0.029875,171.645,36.4352,81,680
AKAP8,other,0.0136016,69.597,31.9525,184,845
AKAP8L,other,0.0625754,112.778,33.5252,139,696
AKAP9,other,-0.0126472,86.8967,47.4239,156,493
AKIP1,other,-0.0125665,161.346,92.3498,87,197
AKIRIN2,other,0.0522671,61.4722,100.857,277,229
AKNA,other,-0.0428647,30.2959,37.1551,417,1073
AKR1A1,other,0.0199925,180.094,56.8611,76,343
AKR1C1,other,0.0381938,104.266,236.229,122,72
AKR1E2,other,0.00220346,64.8178,37.2423,182,534
AKR7A2,other,0.051131,50.5492,40.0021,254,922
AKT1,other,0.0182955,57.0701,30.2759,228,765
AKT1S1,other,-0.0108132,68.108,27.5493,193,981
ALAD,other,0.0273125,71.8255,212.369,222,70
ALAS1,other,-0.0233554,154.126,145.261,108,109
ALAS2,other,0.0161925,321.635,46.033,47,632
ALDH16A1,other,0.0108794,171.416,48.4871,78,603
ALDH18A1,other,0.0137253,76.9513,55.4632,195,561
ALDH1A1,other,-0.0278937,76.6541,48.9499,173,302
ALDH1B1,other,-0.0167988,55.3055,38.7024,269,697
ALDH2,other,0.000806111,46.8635,47.2031,276,513
ALDH5A1,other,-0.00353141,61.6075,40.7889,201,486
ALDH9A1,other,0.00480565,60.1483,30.574,201,673
ALDOA,other,0.0368411,198.247,133.382,133,131
ALDOC,other,-0.00248059,203.078,34.5446,71,613
ALG1,other,0.057385,78.3528,255.7,182,68
ALG13,other,0.0324361,73.9151,85.7325,327,483
ALG14,other,0.0395093,60.6521,224.533,285,67
ALG2,other,0.0882312,50.4425,80.7719,372,236
ALG3,other,0.02919,73.6726,67.8774,183,404
ALG5,other,-0.00812618,56.4756,74.3899,224,307
ALG6,other,0.0144751,53.9967,53.8827,248,747
ALG8,other,0.00345958,91.1598,41.7187,139,706
ALG9,other,0.0243276,130.646,85.3639,97,512
ALKBH2,other,0.0127917,77.9731,186.181,164,452
ALKBH3,other,-0.0244039,48.6794,68.7833,252,233
ALKBH4,other,0.064364,86.5552,35.8462,145,989
ALKBH5,other,-0.00757406,101.136,42.812,143,1292
ALKBH6,other,0.0303748,74.7605,58.7963,178,979
ALKBH7,other,0.0209081,45.185,59.9338,274,394
ALKBH8,other,0.0548847,61.0024,53.8069,245,409
ALMS1,other,-0.0125262,79.6654,35.9465,171,584
ALS2,other,0.0115633,290.41,89.1989,50,316
ALX1,other,0.0213974,160.093,32.1581,76,812
ALX3,other,0.00409426,94.9711,23.1006,129,1383
ALX4,other,0.00300274,45.5607,39.2996,262,585
AMBRA1,other,-0.0623026,65.9508,40.8174,249,734
AMD1,other,-0.00153127,877.521,60.1688,29,361
AMDHD2,other,0.000456025,94.0604,53.3693,133,667
AMFR,other,0.0199304,45.2342,64.4153,292,828
AMH,other,-0.00789608,43.5905,36.8601,280,649
AMMECR1,other,0.0114081,83.7654,85.5147,205,211
AMN1,other,0.011526,121.516,40.8379,98,448
AMPD2,other,-0.0495263,20.3634,32.6416,616,1262
AMPD3,other,0.0131014,149.002,41.738,85,1264
AMZ2,other,0.0044085,59.3613,47.5118,228,376
ANAPC1,other,0.00505937,121.236,206.918,114,102
ANAPC10,other,-0.0360278,3809.13,146.061,15,155
ANAPC11,other,-0.0088052,60.7766,182.6,195,86
ANAPC13,other,0.0066585,53.6156,52.2947,257,292
ANAPC15,other,0.0234384,13.0323,32.4814,1091,587
ANAPC16,other,0.0375031,111.102,63.6689,110,286
ANAPC5,other,-0.0177355,438.042,187.38,45,61
ANAPC7,other,-0.0228764,87.0583,50.4153,160,600
ANGEL2,other,-0.0155253,116.791,30.6697,110,973
ANHX,other,0.00589461,58.5977,45.2,210,446
ANK1,other,-0.0182622,144.172,49.1084,99,351
ANK3,other,0.0172967,311.453,36.553,48,755
ANKFY1,other,0.015141,60.5413,39.6328,220,972
ANKLE1,other,0.0315556,154.725,37.0779,85,654
ANKLE2,other,-0.0122927,47.231,130.893,288,146
ANKMY1,other,-0.000668066,81.0971,42.5155,162,579
ANKMY2,other,0.0821613,77.2132,77.5319,173,255
ANKRA2,other,0.0154831,125.639,1187.39,123,15
ANKRD10,other,-0.0417678,73.7946,71.9395,163,336
ANKRD11,other,0.15841,49.2834,34.0068,563,976
ANKRD12,other,0.0201842,61.1093,37.1494,206,516
ANKRD13A,other,0.0111319,241.645,31.2853,59,1668
ANKRD13B,other,0.0690032,27.6695,30.7835,495,698
ANKRD13C,other,0.0480525,106.683,37.2,132,787
ANKRD13D,other,-0.0463235,44.0395,58.0198,337,1675
ANKRD16,other,0.0014009,103.247,56.1684,131,299
ANKRD17,other,-0.00627929,237.479,75.1207,77,242
ANKRD26,other,0.0421104,52.1434,38.9399,229,809
ANKRD27,other,0.0358252,58.259,52.2901,245,663
ANKRD28,other,0.0077915,164.629,29.2829,79,688
ANKRD33B,other,0.0463111,51.2383,31.828,237,952
ANKRD36,other,0.00273529,85.2907,31.4507,153,1028
ANKRD36C,other,0.0103331,123.273,28.342,103,955
ANKRD39,other,-0.0189066,293.288,50.6023,78,575
ANKRD40,other,-0.0300519,36.4028,72.6048,346,378
ANKRD46,other,0.0115955,35.1347,44.8234,362,452
ANKRD49,other,0.0157463,47.3725,152.226,311,213
ANKRD54,other,-0.00662829,156.031,48.2318,82,890
ANKRD9,other,-0.0112435,95.1436,47.4228,142,671
ANKS1A,other,0.0158108,148.353,77.9945,89,211
ANKS3,other,-0.000667654,63.1416,111.872,210,189
ANKS6,other,0.00741604,55.9593,37.7465,220,527
ANLN,other,0.0338953,74.8681,1221.2,166,12
ANO10,other,0.0212375,51.0567,34.9785,241,1288
ANO6,other,-0.00227132,99.9644,27.0483,134,1302
ANP32A,other,0.00299937,143.287,56.1754,95,308
ANP32E,other,-0.0170454,84.2053,27.6644,154,793
ANTKMT,other,-0.01295,63.0862,40.4539,211,645
ANTXR2,other,0.017809,72.4228,27.6799,171,754
ANXA1,other,0.00590728,111.008,31.5503,119,532
ANXA11,other,-0.00661899,88.9708,26.8131,133,789
ANXA2,other,0.00657008,59.4117,48.0064,221,487
ANXA2R,other,-0.00561486,130.515,35.3493,100,548
ANXA3,other,0.0039636,56.5027,42.581,217,467
ANXA4,other,0.0389399,107.336,36.9061,126,789
ANXA5,other,0.0197454,44.5758,35.6665,264,537
ANXA6,other,-0.0515934,53.7119,85.6329,238,176
ANXA7,other,-0.0105809,97.223,109.381,159,144
AOPEP,other,0.0190945,94.043,53.5863,140,424
AP1AR,other,-0.00756,55.5843,24.505,241,688
AP1B1,other,0.0481117,31.067,43.244,443,592
AP1G1,other,-0.00967833,79.2722,96.3197,169,198
AP1G2,other,-0.000350484,52.1577,30.4459,236,725
AP1M1,other,-0.0036296,59.3698,101.677,211,202
AP1S1,other,0.0134971,83.3477,81.6739,158,206
AP1S2,other,0.0361578,70.5661,139.799,179,328
AP2A1,other,-0.0117559,224.28,162.816,90,81
AP2B1,other,0.0156384,72.3825,58.4047,228,400
AP2S1,other,-0.0390967,122.732,294.315,169,37
AP3B1,other,-0.00843324,68.1489,74.6315,206,407
AP3D1,other,0.00108726,114.55,62.5642,102,369
AP3M1,other,0.0252641,161.724,26.8509,85,1000
AP3M2,other,0.0260819,90.264,27.2075,184,978
AP3S1,other,0.0212991,49.2686,132.157,318,161
AP3S2,other,0.0138361,81.1366,67.258,157,2159
AP4B1,other,-0.0123649,104.178,44.2374,122,506
AP4M1,other,-0.0120396,97.7268,165.61,134,110
AP4S1,other,0.0286763,145.675,35.8513,90,1250
AP5B1,other,0.0348604,206.302,33.3863,74,1119
AP5M1,other,0.0149571,63.1066,46.4475,208,401
AP5S1,other,0.0243038,95.2761,44.7328,130,428
AP5Z1,other,0.000840395,56.3626,31.8634,234,936
APAF1,other,0.0468163,45.9645,68.4525,261,346
APBA2,other,0.0178065,48.9898,37.3697,246,937
APBA3,other,-0.000320045,43.9577,113.459,288,145
APBB3,other,0.0268791,232.28,26.6044,63,1563
APC,other,-0.018217,34.5231,163.897,361,128
APEH,other,-0.0100446,156.81,23.7847,84,1011
APEX1,other,0.000704614,59.3032,51.4282,206,684
APEX2,other,-0.0834646,128.414,74.6288,94,705
APH1A,other,0.0302901,74.4588,62.2753,166,434
APH1B,other,-0.00475983,70.4108,40.0469,185,518
APIP,other,0.10676,69.8736,38.6561,188,566
APLP1,other,0.00615061,79.1198,36.5431,176,678
APLP2,other,-0.00251227,53.6284,30.9379,242,839
APMAP,other,0.00472149,58.4697,66.3567,217,690
APOBEC3B,other,0.00381103,65.8977,32.444,187,965
APOBEC3C,other,0.00870771,56.5786,55.4716,224,453
APOBEC3G,other,0.0325679,39.9934,58.0667,291,323
APOBR,other,-0.0268849,67.9147,31.055,178,808
APOC1,other,0.0102332,46.327,37.9792,265,1972
APOE,other,-0.0131168,99.4505,33.997,129,593
APOL2,other,-0.0249637,74.4047,61.396,176,782
APOM,other,0.0322704,100.658,487.649,160,32
APOO,other,0.0338861,86.668,35.9349,144,624
APOOL,other,-0.0297824,102.032,29.0603,115,712
APPBP2,other,0.0169871,124.618,47.0471,103,531
APPL1,other,0.00205436,105.48,692.201,117,13
APRT,other,-0.0248249,111.536,76.3771,119,264
APTX,other,-0.0291877,54.8778,30.8482,248,567
AQP3,other,0.0052203,45.1666,35.2803,292,594
AR,other,0.0292683,113.033,30.9708,117,675
ARAF,other,0.0100539,60.6302,51.2686,222,346
ARAP1,other,0.0332116,44.4646,36.0579,286,485
AREG,other,-0.00947284,123.454,68.4366,105,225
AREL1,other,0.0433681,94.3769,68.6614,154,277
ARF1,other,0.095251,76.2184,101.909,174,476
ARF3,other,0.0246807,54.6485,55.7609,268,308
ARF4,other,0.0206614,65.1711,82.9023,194,245
ARF5,other,0.0658884,29.1606,57.3889,452,395
ARF6,other,0.0226788,37.7183,34.1306,357,1622
ARFGAP1,other,0.0312859,56.2535,52.4364,260,325
ARFGAP2,other,0.012576,75.1146,46.5043,160,635
ARFGAP3,other,-0.0269698,209.974,54.5008,73,371
ARFGEF1,other,0.0207552,63.1273,61.98,243,731
ARFGEF2,other,0.0200182,1949.54,54.9224,23,562
ARFIP1,other,-0.0218904,55.4487,31.9753,221,1073
ARFIP2,other,-0.0180841,167.015,37.0584,87,1070
ARFRP1,other,-0.0309594,32.4807,203.422,391,64
ARG2,other,-0.00935614,80.633,25.5,150,804
ARGFX,other,0.0104502,73.6621,26.854,187,1346
ARGLU1,other,0.147632,54.8143,64.5246,673,328
ARHGAP1,other,0.0346391,92.8113,50.3973,153,455
ARHGAP11A,other,0.00237583,125.081,66.4087,109,574
ARHGAP11B,other,0.0101142,30.8873,38.3556,443,471
ARHGAP12,other,0.00602585,76.4253,41.1085,167,479
ARHGAP17,other,-0.0130874,147.036,27.4446,88,1099
ARHGAP18,other,-0.0251348,73.8818,57.5451,154,268
ARHGAP19,other,-0.00855448,118.506,44.4404,105,835
ARHGAP21,other,-0.00957205,37.6597,63.1107,321,281
ARHGAP24,other,-0.000733421,70.0064,51.333,173,405
ARHGAP25,other,-0.0235625,70.3938,47.0345,171,455
ARHGAP35,other,0.00754879,75.3174,32.8729,181,680
ARHGAP45,other,-0.007929,87.5149,77.2399,149,354
ARHGAP5,other,-0.00552723,39.5113,39.8172,332,763
ARHGAP6,other,-0.0230343,107.996,141.252,164,106
ARHGDIA,other,-0.0229408,67.6883,31.6208,179,890
ARHGDIB,other,0.017346,55.9555,34.2774,219,1188
ARHGEF1,other,0.034948,20.9059,46.225,607,659
ARHGEF10,other,0.0260148,41.0549,154.899,350,117
ARHGEF11,other,0.0365657,75.2143,33.8044,164,669
ARHGEF12,other,-0.000641224,48.7749,38.6392,262,753
ARHGEF18,other,-0.018265,40.3578,47.4028,321,539
ARHGEF2,other,0.0330161,98.9281,53.1514,132,1127
ARHGEF39,other,-0.0131662,59.3138,40.865,219,486
ARHGEF6,other,-0.024543,183.213,39.2093,76,1099
ARHGEF7,other,-0.00155308,61.0293,32.3147,202,700
ARHGEF9,other,-0.0246141,160.893,42.6725,82,429
ARID1A,other,0.0164795,67.4407,142.869,271,141
ARID1B,other,-0.0220022,26.4881,28.909,480,958
ARID2,other,0.0332434,87.3049,73.24,200,790
ARID3A,other,0.0138626,297.144,56.2476,54,335
ARID3B,other,-0.0174193,46.7843,60.0312,274,425
ARID3C,other,0.0288454,59.1847,33.3523,203,672
ARID4A,other,0.0192247,50.5876,44.3977,251,625
ARID4B,other,0.072241,215.871,78.7298,66,322
ARID5A,other,0.0277196,55.9987,42.6804,222,601
ARID5B,other,0.0461462,72.3786,69.5211,260,285
ARIH1,other,0.092677,181.771,81.0065,91,388
ARIH2,other,0.00367778,106.888,44.0968,129,1329
ARL1,other,-0.0371591,126.151,63.0989,117,375
ARL13B,other,-0.0189398,100.577,27.358,129,1298
ARL15,other,-0.00787721,52.2947,49.3604,254,411
ARL16,other,0.00630164,63.192,57.3254,203,348
ARL17A,other,-0.0105804,61.3892,328.922,212,33
ARL2,other,-0.0199763,1016.72,172.144,26,215
ARL2BP,other,0.00542367,29.8402,49.0366,398,319
ARL3,other,0.0123589,57.1533,45.8753,221,359
ARL4A,other,0.0245206,61.7449,53.7892,209,468
ARL4D,other,0.0377101,39.1983,65.399,333,326
ARL5A,other,0.0090482,154.195,44.9314,88,491
ARL5B,other,0.0108797,67.8851,87.9557,189,1293
ARL6IP1,other,-0.00657034,41.7209,41.879,305,518
ARL6IP4,other,0.0119283,93.1586,32.5169,137,644
ARL6IP5,other,-0.023199,67.6953,46.4847,179,456
ARL6IP6,other,0.0395451,73.4131,36.9666,211,756
ARL8A,other,-0.0094593,64.0001,38.5613,215,642
ARL8B,other,-0.00562938,57.4784,48.6214,227,830
ARMC1,other,0.0317907,62.8364,43.0439,211,435
ARMC10,other,0.00379571,61.9306,40.9507,204,593
ARMC5,other,-0.0103739,63.2999,55.358,204,337
ARMC6,other,0.00215071,96.4854,68.739,132,241
ARMC7,other,0.0443082,121.818,477.045,169,31
ARMC8,other,0.0499201,80.8582,102.422,182,1275
ARMCX3,other,-0.0117949,66.6789,50.0855,196,525
ARMCX5,other,0.0212656,96.3446,36.3205,134,600
ARMCX6,other,0.0282307,56.9023,47.8506,215,559
ARNT,other,0.0189557,135.014,142.617,95,1001
ARNT2,other,-0.0171744,101.186,37.9917,115,470
ARPC1A,other,-0.04221,55.3089,36.2299,229,696
ARPC1B,other,0.00264418,327.666,52.1989,77,401
ARPC2,other,0.0596254,28.1927,120.389,483,208
ARPC3,other,-0.0233621,36.0088,107.867,342,243
ARPC4-TTLL3,other,-0.0375806,35.1663,64.8433,355,1523
ARPC5,other,0.00734393,68.5293,36.7967,172,895
ARPC5L,other,-0.0086772,51.2568,38.9339,257,511
ARPP19,other,0.0172093,53.525,83.0509,239,194
ARRB1,other,-0.0106737,297.076,34.9988,55,653
ARRB2,other,0.0140708,204.518,1226.54,81,10
ARRDC1,other,0.0520761,50.6965,61.3828,244,532
ARRDC2,other,0.00392368,30.7537,28.6144,386,838
ARRDC3,other,0.0763263,100.117,36.7727,129,935
ARRDC4,other,0.0728647,67.3457,237.527,266,124
ARSK,other,0.0364672,81.4214,48.6297,158,556
ARV1,other,0.010868,70.6893,53.3765,179,1056
ARX,other,0.0502583,26.5615,60.3364,439,267
ASAH1,other,-0.00453806,63.5714,51.7098,208,330
ASAH2B,other,0.0180376,63.6478,65.5488,217,464
ASAP1,other,0.0323842,54.1454,78.6169,251,228
ASAP3,other,0.02308,58.2019,26.9111,221,1235
ASB1,other,0.0346096,48.2147,34.6654,283,879
ASB13,other,-0.00381496,19.8896,89.8931,659,353
ASB3,other,-0.0219811,53.2861,32.0345,245,986
ASB6,other,0.0191606,169.076,1192.13,112,11
ASB7,other,0.00585312,508.239,88.5461,34,234
ASB8,other,0.0136691,6175.6,27.5646,10,660
ASCC1,other,0.0606632,133.668,53.0704,103,388
ASCC3,other,0.0285933,288.357,380.373,128,26
ASCL1,other,0.0257653,55.5086,37.2649,227,912
ASCL2,other,-0.00572287,65.8024,31.8366,186,747
ASCL3,other,-0.0271177,466.032,59.9251,39,349
ASCL4,other,0.0423354,98.2461,58.76,142,613
ASCL5,other,-0.0207185,151.044,41.4833,89,803
ASF1A,other,0.0295055,63.7355,33.1033,200,827
ASF1B,other,0.0181932,19.0291,143.541,680,96
ASH1L,other,-0.0179392,39.9014,48.7943,306,326
ASL,other,-0.0259726,121.744,39.2051,110,438
ASMTL,other,-0.0204148,173.388,30.2289,79,730
ASNS,other,-0.0430913,94.1993,39.903,144,517
ASNSD1,other,-0.00701392,56.2806,62.7629,240,269
ASPH,other,0.0272986,79.7142,46.0256,224,399
ASPM,other,0.0134594,42.2491,32.3618,286,748
ASPSCR1,other,-0.0192683,97.3593,27.2861,131,988
ASRGL1,other,0.0204664,45.9331,74.7294,287,316
ASXL1,other,-0.00148354,56.1925,45.4514,307,950
ASXL2,other,0.0409255,53.3023,54.7133,249,646
ATAD1,other,0.0297891,80.2206,28.3106,157,1023
ATAD2,other,0.0162573,223.504,36.5121,67,505
ATAD2B,other,0.00982441,82.3851,41.2655,164,542
ATAD3A,other,0.063201,211.284,45.5475,72,571
ATAD3B,other,0.00806727,171.508,93.3512,75,207
ATAD5,other,0.0698688,82.7077,173.882,181,1342
ATE1,other,0.00447876,61.2564,36.1831,226,702
ATF1,other,-0.0123852,36.7168,51.2818,348,319
ATF2,other,-0.0347626,70.2106,55.7834,188,1043
ATF3,other,0.0043979,40.4414,66.894,310,285
ATF4,other,0.103936,152.986,103.817,103,236
ATF6,other,-0.0105102,102.792,28.6132,127,819
ATF6B,other,0.0419446,69.1603,74.8711,194,246
ATF7,other,-0.00403542,754.122,60.3828,28,440
ATF7IP,other,0.0332941,39.2832,25.7483,333,3512
ATF7IP2,other,0.0714201,96.8934,47.7975,163,2417
ATG10,other,0.0162293,86.1545,83.1213,144,201
ATG12,other,0.0200813,335.2,66.6612,44,627
ATG13,other,-0.0123262,88.93,49.6044,134,414
ATG16L1,other,-0.00205114,154.983,34.7849,100,509
ATG2A,other,-0.0215667,105.187,61.9904,120,545
ATG2B,other,-0.00415254,170.332,39.1129,79,592
ATG3,other,0.0607945,74.5722,47.0477,193,455
ATG4A,other,0.00955883,104.314,52.3944,118,468
ATG4B,other,-0.00731857,66.424,22.9149,187,873
ATG4C,other,0.00894791,68.4042,42.5626,173,405
ATG4D,other,0.00135932,96.1815,48.9633,133,429
ATG5,other,0.010635,76.9301,86.6654,180,198
ATG7,other,-0.0167021,47.1494,76.0834,281,219
ATG9A,other,0.00426058,83.957,74.1075,147,484
ATIC,other,0.071537,260.88,219.225,74,72
ATL2,other,0.00322572,94.7807,91.132,157,185
ATL3,other,-0.0220692,79.0702,45.6614,168,589
ATM,other,0.0160931,80.9199,56.466,157,744
ATMIN,other,-0.0029244,88.9115,36.5477,144,606
ATN1,other,-0.0162458,63.338,61.9598,192,1378
ATOH1,other,0.0050505,67.6388,40.6238,193,529
ATOH7,other,0.00820682,127.31,63.497,113,312
ATOH8,other,0.0155436,52.2158,47.8031,241,390
ATOX1,other,-0.0333611,98.9749,33.7556,128,1410
ATP11A,other,-0.0278447,46.6914,36.6792,271,1182
ATP11B,other,0.0413479,106.525,1024.08,193,10
ATP11C,other,0.0354754,360.858,32.2091,47,549
ATP13A1,other,-0.00527317,170.026,44.5429,74,405
ATP13A2,other,0.0363606,33.5929,45.4703,382,497
ATP13A3,other,0.0545285,108.433,40.1411,122,480
ATP1B3,other,0.0411249,121.283,104.492,133,206
ATP23,other,-0.00123153,74.3286,71.4888,184,1014
ATP2A2,other,-0.0251423,42.6279,368.061,297,268
ATP2A3,other,-0.0337603,74.6122,66.7963,166,336
ATP2B1,other,0.0737446,88.2038,119.766,148,137
ATP2B4,other,-0.00512484,212.258,38.5992,71,819
ATP2C1,other,0.043506,165.398,42.6385,91,692
ATP5F1A,respiratory chain (NDUF/COX/UQCR/ATP5),0.00918488,99.6901,82.4964,175,394
ATP5F1B,respiratory chain (NDUF/COX/UQCR/ATP5),-0.0799093,207.06,200.779,98,77
ATP5F1C,respiratory chain (NDUF/COX/UQCR/ATP5),0.075998,266.704,972.401,73,17
ATP5F1D,respiratory chain (NDUF/COX/UQCR/ATP5),-0.0392902,96.3918,110.873,159,243
ATP5F1E,respiratory chain (NDUF/COX/UQCR/ATP5),-0.0118957,1062.51,95.541,25,221
ATP5IF1,respiratory chain (NDUF/COX/UQCR/ATP5),-0.019375,113.858,29.5636,108,681
ATP5MC1,respiratory chain (NDUF/COX/UQCR/ATP5),0.0177572,48.5339,57.9656,294,541
ATP5MC2,respiratory chain (NDUF/COX/UQCR/ATP5),-0.0188043,110.144,26.8275,112,688
ATP5MC3,respiratory chain (NDUF/COX/UQCR/ATP5),0.0184817,102.16,97.2784,133,1097
ATP5ME,respiratory chain (NDUF/COX/UQCR/ATP5),0.0292649,99.8428,116.842,183,234
ATP5MF,respiratory chain (NDUF/COX/UQCR/ATP5),0.0687744,53.0669,92.2879,375,269
ATP5MG,respiratory chain (NDUF/COX/UQCR/ATP5),0.0740991,159.616,52.1926,92,519
ATP5PB,respiratory chain (NDUF/COX/UQCR/ATP5),0.0391665,825.353,60.1253,36,278
ATP5PD,respiratory chain (NDUF/COX/UQCR/ATP5),-0.0101188,212.039,215.005,110,81
ATP5PF,respiratory chain (NDUF/COX/UQCR/ATP5),0.0752781,125.927,177.375,115,102
ATP5PO,respiratory chain (NDUF/COX/UQCR/ATP5),0.0608999,80.5747,78.5724,215,467
ATP6AP2,other,0.0315813,41.5533,542.514,384,22
ATP6V0A1,other,-0.00351866,101.363,29.6259,133,748
ATP6V0A2,other,-0.00949737,127.749,244.595,108,81
ATP6V0B,other,0.0270564,46.5707,478.229,294,23
ATP6V0D1,other,-0.0144249,69.3387,333.268,198,50
ATP6V0E1,other,-0.00053094,65.9192,39.1051,197,425
ATP6V0E2,other,0.00065403,152.166,46.0918,86,525
ATP6V1B2,other,0.02101,145.461,680.244,169,19
ATP6V1D,other,0.0312176,39.6293,64.7292,337,203
ATP6V1E1,other,0.0128859,49.6785,136.384,283,106
ATP6V1E2,other,0.0608836,50.3174,40.7689,278,1044
ATP6V1H,other,0.036702,108.139,619.195,147,33
ATP7A,other,0.00772376,54.9544,68.199,213,658
ATP8B2,other,0.017467,72.8545,88.2199,189,189
ATP9B,other,-0.0287369,66.3266,63.7499,177,309
ATPAF1,other,-0.0350814,88.7784,48.2168,148,441
ATPAF2,other,0.0170405,48.922,59.6135,264,617
ATRAID,other,-0.0213799,86.0865,130.015,144,181
ATRX,other,0.0350736,37.5776,58.2471,413,497
ATXN10,other,0.164871,225.439,411.069,75,84
ATXN1L,other,-0.0174288,150.911,63.1333,109,378
ATXN2,other,-0.00606648,110.31,66.7589,121,311
ATXN2L,other,0.0540439,95.6867,64.5603,139,423
ATXN3,other,0.0266856,37.8873,43.007,342,823
ATXN7,other,-0.0196648,30.5019,127.182,481,107
ATXN7L1,other,-0.00435433,79.5903,29.404,165,631
ATXN7L3,other,0.0625782,44.9952,50.7594,318,1294
ATXN7L3B,other,-0.0105747,95.0086,32.1382,132,835
AUH,other,-0.0220428,81.8188,26.9116,144,841
AUNIP,other,0.0219538,50.7269,130.212,262,117
AUP1,other,0.00573292,57.5067,38.724,238,732
AURKAIP1,other,0.00395056,102.433,45.9121,129,641
AVEN,other,-0.0156836,96.0534,46.2731,152,423
AVL9,other,0.0398407,43.3135,63.1407,310,281
AVPI1,other,-0.00283687,58.8787,74.8729,201,212
AXL,other,0.021694,58.5818,37.9305,236,743
AZI2,other,-0.0304453,78.0902,176.605,159,78
AZIN1,other,0.0161339,705.543,39.1519,31,682
B2M,other,-0.0235091,45.2876,33.0612,277,539
B3GALNT2,other,-0.0177977,67.8926,34.0601,185,567
B3GALT6,other,-0.00689081,48.9823,62.5165,261,329
B3GAT3,other,0.00135005,60.0493,31.5261,213,765
B3GNT2,other,0.00251375,70.6565,43.0153,163,816
B3GNT5,other,0.00978015,230.061,42.8469,62,366
B3GNTL1,other,0.0284512,59.4574,48.2058,217,710
B4GALNT1,other,0.017328,548.464,24.4142,39,947
B4GALNT4,other,-0.0217971,40.9936,28.4434,304,1109
B4GALT1,other,0.00158703,97.0972,78.5081,140,561
B4GALT2,other,0.0182897,56.0907,52.7014,219,509
B4GALT3,other,-0.000131299,82.652,28.0892,173,913
B4GALT4,other,0.015767,44.0885,21.3495,287,913
B4GALT5,other,0.00370576,80.1474,110.989,179,5773
B4GALT7,other,-0.0412493,88.7605,53.713,146,666
B9D2,other,0.0537717,142.909,69.556,94,533
BABAM1,other,-0.025862,78.3009,34.0321,171,615
BABAM2,other,-0.0272687,127.595,39.0701,112,880
BACH1,other,0.0410598,64.9934,75.2802,192,196
BACH2,other,0.00129329,40.1146,52.5257,318,783
BAD,other,0.062374,36.8179,28.1274,361,1149
BAG1,other,0.059805,69.9906,26.4264,196,1461
BAG2,other,0.0629227,146.068,53.5633,93,511
BAG3,other,0.0322307,38.1083,45.7788,333,834
BAG4,other,-0.0385806,81.0537,60.6623,161,509
BAG5,other,-0.0319892,159.031,45.5139,78,378
BAHD1,other,0.06301,44.733,66.9477,316,389
BAIAP2,other,0.01063,35.1756,24.7215,363,1378
BAIAP2L1,other,0.0213451,66.2905,37.3326,193,518
BAK1,other,-0.0372691,134.522,28.299,92,1106
BAMBI,other,0.0258707,150.133,67.5762,107,726
BANP,other,0.0156711,72.8028,72.5367,238,368
BAP1,other,0.0703236,180.615,353.707,371,48
BARD1,other,0.00079202,38.7152,759.873,328,14
BARHL1,other,0.0172399,124.422,60.9031,120,270
BARHL2,other,-0.0145783,65.1251,34.1018,193,491
BARX1,other,0.0463253,112.297,64.2449,119,491
BARX2,other,0.0131303,94.9628,101.09,135,443
BATF,other,-0.0110906,56.2646,225.579,235,111
BATF2,other,0.0154248,62.5683,22.8058,196,1172
BATF3,other,0.0122455,66.6432,34.2454,194,992
BAX,other,-0.0320114,33.161,87.6219,382,228
BAZ1A,other,-0.00431978,72.7864,99.579,202,274
BAZ1B,other,0.016154,58.7706,38.4086,224,645
BAZ2A,other,0.0649052,37.2215,35.161,341,627
BAZ2B,other,0.0745853,33.9948,68.7558,389,262
BBC3,other,0.00839773,87.7318,38.8898,145,694
BBIP1,other,0.0320027,56.3395,37.993,231,470
BBS1,other,0.00815156,85.3017,40.5282,142,460
BBS2,other,-0.0138392,38.301,30.7781,318,698
BBS4,other,-0.0037925,51.5233,29.0115,233,696
BBS7,other,-0.0107188,44.4652,61.7107,276,667
BBX,other,0.0320852,65.2092,37.8864,196,735
BCAP29,other,0.00860683,288.959,38.7221,54,568
BCAP31,other,-0.0275957,64.1177,27.6174,211,1106
BCAT1,other,-0.0208271,77.5141,41.8136,165,1005
BCAT2,other,-0.0387368,96.0099,89.5766,126,212
BCKDHA,other,-0.0309504,46.1813,629.102,266,40
BCKDHB,other,-0.00469767,109.28,44.312,114,922
BCL10,other,0.00633856,55.2832,89.9106,236,870
BCL11A,other,0.00323309,94.1776,31.8249,138,1190
BCL11B,other,0.0282585,84.8307,297.67,152,263
BCL2L1,other,-0.00655445,35.6412,60.5103,375,256
BCL2L11,other,-0.0309501,50.1919,28.0523,252,814
BCL2L12,other,-0.0164324,111.938,28.165,121,880
BCL2L13,other,0.0197015,62.741,144.518,198,93
BCL2L2,other,0.0367328,72.1983,40.9074,186,442
BCL6B,other,0.0440959,84.2511,44.9052,149,471
BCL7A,other,0.0445007,61.6574,36.5254,220,416
BCL7B,other,0.0230227,360.203,46.1525,46,407
BCLAF1,other,0.0518912,102.265,50.821,144,654
BCOR,other,0.0235688,55.2268,31.2952,225,1365
BCORL1,other,0.0086501,61.87,52.599,212,754
BCR,other,0.0644313,68.59,41.2126,261,610
BCS1L,other,0.0147498,66.226,85.857,209,355
BDH2,other,0.00820631,92.7321,30.6766,141,895
BDP1,other,-0.012093,112.379,1012.54,184,11
BEST1,other,0.0157201,25.0484,43.0107,529,470
BET1,other,-0.123661,188.11,637.345,94,15
BET1L,other,0.00953949,41.6086,37.6669,311,696
BEX2,other,-0.0415206,69.1012,35.0821,179,825
BEX4,other,0.0139659,162.595,37.3383,79,1462
BFAR,other,0.000682017,59.6957,28.5711,218,1254
BHLHA15,other,-0.0087681,78.8864,16.4296,161,1518
BHLHA9,other,0.00448963,47.6315,32.9374,300,595
BHLHE22,other,-0.0150569,53.591,53.4646,212,375
BHLHE23,other,-0.00927651,60.964,27.1418,218,867
BHLHE40,other,0.00970176,35.9064,91.4354,424,1028
BHLHE41,other,-0.00905024,144.678,29.4278,93,726
BICD1,other,-0.00149458,39.2605,35.1099,340,644
BICD2,other,-0.0426132,39.3283,29.283,312,888
BID,other,0.0226343,64.8983,111.064,185,120
BIN3,other,0.00120827,56.3937,45.1928,223,522
BIRC2,other,0.0229498,51.1864,49.9296,270,308
BIRC5,other,-0.00483129,342.553,1071.81,41,12
BIRC6,other,0.032665,57.8489,71.6588,230,305
BIVM,other,0.0506941,43.5683,30.304,320,1197
BLCAP,other,-0.00475443,55.9071,40.9625,231,699
BLM,other,0.0168148,121.294,111.554,106,120
BLMH,other,-0.0414477,40.25,55.8671,311,418
BLOC1S1,other,0.00143511,190.462,38.428,76,631
BLOC1S2,other,0.0116159,198.452,72.1277,70,276
BLOC1S3,other,-0.00366306,30.5931,97.3054,412,173
BLOC1S4,other,-0.0114032,97.9761,83.4111,131,207
BLOC1S5,other,-0.0307414,40.6003,41.753,304,446
BLOC1S6,other,-0.0120931,80.0814,41.4965,157,750
BLVRA,other,-0.0244965,48.9122,46.7894,264,538
BLVRB,other,-0.0102393,48.8308,33.2762,267,693
BLZF1,other,-0.0207653,50.7707,71.781,278,360
BMI1,other,-0.0150354,53.1114,161.919,220,117
BMP1,other,-0.0134892,82.5405,76.6296,157,232
BMP2K,other,-0.0243758,264.968,30.0003,80,711
BMPR2,other,0.00468822,66.4572,179.167,197,79
BNC1,other,9.58197e-05,101.95,74.8689,130,246
BNC2,other,0.0229668,96.3899,20.9366,136,1007
BNIP2,other,0.0338195,42.2095,45.0495,292,477
BNIP3,other,0.010586,100.814,39.1391,135,774
BNIP3L,other,0.0151653,21.5684,22.503,575,1146
BOD1,other,0.00804664,97.2902,31.4975,126,713
BOLA1,other,-0.0138664,39.5789,35.6258,323,1036
BOLA3,other,0.00183261,58.4859,45.1518,216,450
BPGM,other,-0.0224683,83.7622,50.1163,167,423
BPHL,other,0.0597956,618.385,28.5085,31,1118
BPNT1,other,-0.00212198,91.0076,59.187,133,438
BPTF,other,0.0384849,127.291,130.941,104,342
BRAF,other,-0.0193473,81.4062,33.0401,161,587
BRAP,other,-0.0109479,62.2946,70.7661,198,272
BRAT1,other,-0.00711454,32.4285,91.4116,395,265
BRCA1,other,0.0403948,71.0103,737.074,197,16
BRCC3,other,0.0255472,35.812,31.0882,373,732
BRD2,other,0.0358307,97.8313,62.6231,169,662
BRD3,other,-0.0440841,55.3066,29.8943,227,771
BRD4,other,-0.0391621,62.6682,53.733,239,2658
BRD7,other,0.0292452,108.293,52.8948,115,1082
BRD8,other,0.245745,199.292,176.881,127,412
BRD9,other,0.0406959,201.84,112.114,76,208
BRF2,other,0.0421936,32.6601,30.6226,376,993
BRI3BP,other,0.0188442,33.0192,16.4636,386,2061
BRIP1,other,-0.00465835,40.3281,614.12,308,18
BRIX1,other,0.0253365,191.454,386.863,116,42
BRK1,other,0.0193389,31.9323,95.2734,391,420
BRMS1,other,0.0951241,141.039,68.9455,101,927
BRMS1L,other,-0.00350117,94.7729,26.6506,128,780
BROX,other,-0.0295639,191.232,57.7938,72,329
BRPF3,other,-0.0347785,79.398,63.1563,166,475
BRWD1,other,-0.0290949,62.7984,31.3261,189,909
BRWD3,other,0.00601859,152.962,47.6689,80,379
BSCL2,other,-0.0152465,35.6979,51.6071,362,315
BSDC1,other,-0.0416373,194.209,24.3882,74,1045
BSG,other,0.0211254,55.6532,85.9083,226,194
BST2,other,0.0281337,186.622,35.236,77,901
BSX,other,0.0196323,47.3832,65.4622,275,540
BTAF1,other,0.178744,137.386,74.2576,161,733
BTBD1,other,0.0541265,85.8635,55.0013,159,328
BTBD10,other,0.0129222,55.2787,32.2449,242,567
BTBD2,other,0.00128536,61.6036,29.07,213,733
BTBD3,other,-0.040682,111.655,36.3343,123,522
BTBD7,other,-0.0232424,102.2,83.1856,139,586
BTF3L4,other,0.0530067,39.5668,30.8187,340,808
BTG1,other,-0.0130733,39.0291,47.5689,342,426
BTG2,other,-0.00758083,79.0374,32.3527,163,635
BTG3,other,-0.0170478,72.7726,27.9996,177,752
BTK,other,-0.0184279,70.3179,91.2321,175,186
BTN2A1,other,0.00831873,207.498,30.8187,70,704
BTN2A2,other,0.010219,283.497,51.8336,60,299
BTN3A2,other,-0.00904046,144.021,34.3996,101,1255
BTNL9,other,0.0159957,42.1176,64.1673,285,845
BUB1,other,-0.00357041,22.8795,334.981,676,45
BUB1B,other,-0.090261,73.6099,883.213,234,10
BUD13,other,0.0256315,122.594,743.276,122,26
BUD31,other,-0.0034745,297.042,104.125,52,148
BYSL,other,0.0192509,269.259,72.05,120,225
BZW1,other,0.0349496,93.945,23.8688,138,1062
BZW2,other,0.0425214,45.6235,45.6794,274,695
C10orf88,other,0.0136583,166.868,43.7375,73,585
C11orf24,other,0.0155068,67.6323,63.6946,193,334
C11orf54,other,-0.0528807,95.8319,41.8712,133,710
C11orf58,other,-0.0012585,46.2209,36.814,283,648
C11orf68,other,-0.000721335,53.9507,83.9552,229,518
C11orf71,other,-0.0155842,97.8382,32.6999,123,688
C11orf96,other,0.082167,43.8478,51.8207,266,502
C12orf43,other,-0.0135991,120.91,31.3116,111,865
C12orf57,other,0.0356773,111.679,34.0248,113,821
C12orf76,other,-0.027552,70.5219,33.6192,165,1114
C14orf119,other,0.00304071,84.6106,37.7594,157,791
C14orf93,other,0.0143132,33.5357,37.7745,399,879
C15orf39,other,0.0182019,96.3553,29.5566,124,690
C15orf40,other,0.0267406,46.6245,44.6271,254,772
C15orf61,other,-0.00485119,70.4382,43.814,183,860
C16orf86,other,0.0532528,26.8304,58.7833,489,347
C16orf87,other,0.0388437,66.9409,131.277,261,661
C16orf95,other,0.00698813,101.86,47.3103,125,434
C17orf58,other,-0.00999137,129.595,51.5694,95,365
C17orf75,other,0.0588685,34.277,70.6618,363,817
C18orf21,other,-0.0113695,305.774,77.9493,57,239
C18orf32,other,0.0155704,718.651,91.2239,32,176
C19orf12,other,-0.0049335,66.7866,27.7423,196,806
C19orf25,other,0.000804377,43.7555,988.168,332,11
C19orf47,other,0.022492,42.5592,62.2029,283,1108
C19orf53,other,0.0181071,35.1086,43.4928,363,472
C19orf73,other,0.016689,129.128,51.8023,101,505
C1D,other,0.0441959,40.6334,125.251,361,263
C1GALT1,other,-0.0081944,261.026,41.7606,52,362
C1GALT1C1,other,0.0197644,64.2855,43.8482,195,997
C1QBP,other,-0.0623909,77.8353,37.5977,306,490
C1RL,other,0.0111026,63.0322,64.8576,210,250
C1orf122,other,-0.00857847,199.6,40.1223,64,543
C1orf131,other,0.0692336,629.141,577.161,51,21
C1orf159,other,-0.00777497,64.2933,53.0242,199,451
C1orf174,other,0.0265949,47.6183,28.7746,281,712
C1orf198,other,0.0133173,33.938,37.1247,350,834
C1orf216,other,0.0584631,61.7551,96.876,206,191
C1orf35,other,0.00374064,59.577,98.1782,217,170
C1orf43,other,0.0451177,109.803,36.8314,130,917
C1orf50,other,-0.00572003,51.4756,33.9324,246,558
C1orf52,other,0.0349881,42.6606,74.5402,352,1389
C1orf56,other,0.0134996,145.703,137.257,91,119
C20orf96,other,-0.00207645,90.3768,95.4462,139,2289
C21orf58,other,0.0197978,39.7851,46.6496,306,636
C21orf91,other,0.0296693,65.0982,47.5353,194,393
C2CD2,other,0.0193944,211.678,28.86,73,841
C2CD2L,other,-0.000586786,45.0772,124.328,295,216
C2CD3,other,-0.0154564,764.772,46.5135,26,508
C2orf42,other,0.047926,52.0094,41.8545,245,799
C2orf49,other,0.00733502,60.0692,56.0001,201,353
C2orf68,other,-0.0109004,1006.16,39.3005,24,416
C2orf69,other,-0.0500584,53.8147,30.5313,227,772
C2orf76,other,0.0550369,64.6826,44.1687,207,401
C2orf88,other,0.0608014,54.0413,37.2835,237,858
C3orf33,other,0.00745434,219.298,41.5796,62,664
C3orf38,other,0.00656844,48.2808,55.0423,249,307
C4orf3,other,0.0131385,78.9673,37.3675,151,545
C4orf33,other,0.0245197,53.3277,70.9195,235,197
C4orf46,other,-0.00605104,84.1938,43.4694,151,535
C5orf15,other,0.014619,52.6268,54.7282,231,522
C5orf24,other,0.00565725,121.426,163.705,112,72
C5orf34,other,0.00631592,136.009,38.5511,101,548
C6orf120,other,0.0217707,67.398,45.9226,213,869
C6orf136,other,-0.0154873,49.8192,49.53,242,1145
C6orf47,other,0.022074,108.418,25.2077,118,847
C6orf62,other,0.019996,38.6726,129.145,340,181
C6orf89,other,-0.051139,52.545,64.4705,253,383
C7orf50,other,0.00417225,66.0822,47.4332,194,395
C8orf33,other,-0.00482299,60.0734,62.4576,225,693
C8orf44,other,-0.00297685,112.214,39.9833,128,419
C8orf76,other,-0.020125,105.991,61.0685,115,730
C8orf82,other,0.0406989,57.4574,178.891,232,145
C9orf40,other,-0.0155116,86.2307,55.3889,144,349
C9orf78,other,-0.0418054,29.3963,807.484,424,22
C9orf85,other,0.0246317,56.4262,43.4049,243,434
CA11,other,0.0226492,33.3283,73.4728,376,212
CAAP1,other,0.0235657,2445.98,79.637,15,233
CAB39,other,-0.0120919,35.4651,45.062,349,662
CAB39L,other,0.0184418,37.7589,55.1705,327,386
CABIN1,other,0.0746309,69.016,69.3222,276,340
CACNB3,other,0.0573669,14.7686,46.1774,911,409
CACUL1,other,-0.00997532,60.3987,32.8333,228,952
CACYBP,other,0.0121617,49.3177,36.3634,246,623
CAD,other,0.0253261,321.578,231.567,58,95
CALCOCO1,other,0.0734197,306.317,106.91,50,2568
CALCOCO2,other,-0.00887277,28.2707,41.9534,434,476
CALM1,other,0.000678032,37.1406,37.8307,317,886
CALM2,other,0.0239501,82.0887,47.4296,212,456
CALM3,other,0.0162401,190.759,28.413,74,723
CALML4,other,-0.0160305,59.6693,58.7399,213,367
CALR,other,0.077066,87.8464,68.8791,190,472
CALU,other,0.0296357,76.6409,33.0896,163,783
CAMK1,other,0.00656457,53.2894,101.246,253,178
CAMK2G,other,-0.00486171,49.0787,25.6635,254,1069
CAMKK2,other,0.00486357,3514.86,67.0659,16,267
CAMKMT,other,0.027165,41.9928,30.1184,298,1012
CAMLG,other,0.0172218,112.794,462.191,155,28
CAMSAP1,other,-0.0149845,94.3693,135.408,133,149
CAMTA1,other,-0.0232744,72.7207,25.8173,173,1119
CAMTA2,other,0.000468594,96.8596,220.037,166,47
CANT1,other,0.0203076,228.443,45.3015,62,1395
CANX,other,0.0171561,33.8582,61.3494,377,312
CAP1,other,0.00957242,194.596,82.2551,69,235
CAPG,other,0.035257,46.2804,52.2502,281,557
CAPN1,other,-0.0572636,788.886,30.5201,29,570
CAPN10,other,0.0159279,58.0256,36.6634,241,636
CAPN15,other,0.012801,170.582,42.153,86,569
CAPN2,other,-0.00906415,84.6345,29.8866,148,987
CAPN7,other,0.0373826,48.042,56.1306,267,704
CAPNS1,other,0.00707264,53.9981,36.0381,235,749
CAPRIN1,other,0.0317687,487.236,147.735,44,132
CAPZA1,other,0.0164577,59.6004,48.3857,226,402
CAPZA2,other,-0.00877375,152.431,27.2805,88,836
CARD11,other,0.0200547,55.1706,335.286,282,69
CARD8,other,-0.0498624,39.3628,53.8429,339,973
CARD9,other,0.0139872,92.1668,73.7069,136,184
CARF,other,0.0112067,275.835,503.8,85,37
CARHSP1,other,0.0192174,143.196,29.4599,86,886
CARMIL1,other,-0.0215489,1492.49,55.7834,24,295
CARS2,other,-0.0128334,72.9458,62.224,197,302
CASC3,other,0.340557,95.852,120.169,244,310
CASP10,other,0.00243484,214.798,41.3246,63,389
CASP2,other,-0.000674884,81.0147,36.5354,156,953
CASP3,other,0.00482299,60.2951,38.8222,234,1480
CASP6,other,-0.0165121,40.2017,36.623,372,577
CASP7,other,-0.0137715,39.1374,70.429,308,816
CASP8,other,-0.00993092,67.5339,61.6741,178,300
CASP9,other,0.0308986,194.235,99.6309,71,876
CASS4,other,0.0333505,65.4726,24.216,185,1437
CAST,other,0.0557671,117.019,81.4675,137,235
CASZ1,other,0.0181702,87.3788,39.1974,146,556
CAVIN1,other,0.0264541,49.17,32.4288,259,676
CBFA2T2,other,0.041575,95.9784,62.1452,120,310
CBFB,other,0.0546108,90.1187,287.14,153,116
CBL,other,0.0191896,77.2289,49.7284,206,318
CBLL1,other,0.20778,103.006,162.192,236,323
CBR1,other,0.0158125,56.9926,29.9713,216,884
CBR4,other,0.00336663,65.9641,33.0524,206,811
CBS,other,0.00966658,55.3695,34.1755,229,817
CBX1,other,0.00148395,51.0869,46.9671,309,376
CBX2,other,-0.0422105,69.1249,35.9854,188,684
CBX3,other,0.0472207,580.495,40.6544,32,891
CBX4,other,-0.0145204,42.0728,81.5935,285,154
CBX5,other,0.0322299,74.8709,46.1263,171,1378
CBX6,other,0.00808209,124.875,45.7698,102,396
CBY1,other,-0.0128319,45.5964,26.8346,294,726
CC2D1A,other,-0.0170229,60.6532,82.1616,220,260
CC2D1B,other,0.0283731,53.994,27.9914,223,1370
CCAR1,other,0.112932,115.651,400.449,167,57
CCAR2,other,0.0596686,35.6776,56.6326,392,1274
CCDC106,other,0.0153686,35.5682,24.7428,366,1050
CCDC107,other,-0.0213315,61.6161,52.1928,203,2667
CCDC115,other,-0.0030603,50.6029,167.371,346,150
CCDC117,other,-0.0085681,70.6991,29.8137,186,693
CCDC12,other,0.0357561,40.116,569.672,311,70
CCDC124,other,0.0602545,25.4104,45.3623,554,748
CCDC125,other,0.00525891,81.3279,45.6457,215,798
CCDC127,other,0.00210006,203.437,43.4162,83,570
CCDC136,other,-0.0111087,42.6468,34.7177,290,677
CCDC137,other,0.0148768,51.5222,213.854,280,85
CCDC138,other,-0.0276772,42.9642,64.8298,287,889
CCDC14,other,0.0380281,68.2944,34.5834,185,535
CCDC142,other,-0.0197479,60.2533,41.8018,204,573
CCDC144A,other,-0.0306037,44.4127,33.0911,294,786
CCDC150,other,-0.00544611,73.2623,36.7333,168,517
CCDC167,other,-0.0109574,76.7136,44.1234,155,355
CCDC169-SOHLH2,other,-0.00691484,53.6231,78.4408,229,280
CCDC17,other,0.0422879,560.057,63.9734,42,276
CCDC18,other,0.0598447,83.0145,50.5292,154,386
CCDC22,other,-0.00284367,115.888,53.8679,124,649
CCDC25,other,-0.00175839,77.558,58.466,158,313
CCDC28A,other,-0.0333607,41.5317,274.436,296,59
CCDC28B,other,0.0299948,47.4533,316.501,263,46
CCDC32,other,-0.0161465,76.0426,28.1089,161,1118
CCDC34,other,-0.0141352,88.8099,38.7097,136,953
CCDC43,other,-0.000858924,168.648,34.3616,79,533
CCDC47,other,0.0153524,69.0205,22.663,173,981
CCDC50,other,-0.0131491,86.9051,74.6961,168,175
CCDC51,other,-0.0205241,73.3401,61.7892,171,268
CCDC57,other,-0.0356926,39.389,45.1222,302,397
CCDC59,other,-0.0187265,102.379,130.884,186,113
CCDC6,other,0.103573,94.4576,108.739,252,252
CCDC61,other,0.0135264,59.2261,31.5504,208,2004
CCDC66,other,-0.00560062,62.5586,31.5117,205,728
CCDC69,other,0.0191981,399.914,61.8257,46,633
CCDC71,other,0.00552673,81.6339,45.0851,157,492
CCDC71L,other,8.13895e-05,65.3341,44.3257,211,721
CCDC77,other,0.00852784,38.1055,76.0919,320,186
CCDC78,other,0.0250676,81.474,36.1947,212,996
CCDC82,other,0.0260277,58.1083,46.0526,225,378
CCDC85B,other,-0.0121094,94.6403,58.8707,137,318
CCDC85C,other,0.00302364,74.4533,40.5248,169,517
CCDC88A,other,0.00892471,80.1449,51.4622,163,440
CCDC88B,other,-0.0469548,97.8736,149.432,157,74
CCDC88C,other,0.0483139,58.8018,56.2683,226,367
CCDC9,other,0.0217011,91.867,71.012,182,238
CCDC90B,other,0.0223208,404.912,31.519,41,886
CCDC91,other,0.0154293,75.0584,46.6876,210,770
CCDC92,other,0.0286879,48.2104,41.1927,265,473
CCDC93,other,-0.0177194,77.7867,105.928,196,295
CCDC97,other,0.00962642,112.087,28.5948,116,1022
CCHCR1,other,0.0428126,92.5538,34.7282,132,1127
CCM2,other,0.0182367,51.321,31.8465,243,672
CCNA2,other,0.0625461,238.858,77.9963,54,1704
CCNB1,other,-0.00413942,28.5593,35.3757,445,905
CCNB1IP1,other,0.0223292,74.2949,70.2029,183,264
CCNB2,other,0.0238002,234.155,52.2033,65,394
CCNC,other,0.0811598,90.7195,229.712,237,3530
CCND1,other,-0.0131516,37.7997,37.7168,312,510
CCND2,other,0.0212669,74.0005,100.81,162,690
CCND3,other,0.0466317,114.543,23.0022,138,1443
CCNDBP1,other,0.048616,242.81,25.2905,62,745
CCNE1,other,0.0132114,88.2807,47.8642,181,785
CCNE2,other,0.0211799,156.829,153.612,81,87
CCNF,other,0.0155317,65.3458,90.4677,309,574
CCNG1,other,-0.0107234,92.3396,56.236,139,355
CCNH,other,0.0308713,245.806,1055.87,96,10
CCNI,other,3.65999e-06,209.554,74.246,69,274
CCNJ,other,-0.0289656,531.684,40.9182,44,562
CCNK,other,0.101996,34.044,139.513,746,226
CCNL1,other,0.0409225,37.3809,41.2607,427,690
CCNL2,other,-0.0236636,97.0865,88.3686,168,164
CCNQ,other,0.000658078,134.222,141.659,151,168
CCNT1,other,0.0122048,75.8523,101.297,168,177
CCNT2,other,0.0232915,41.9336,52.6196,310,446
CCNY,other,-0.00562731,39.3584,48.3855,329,317
CCP110,other,0.0133973,190.232,74.8504,66,247
CCPG1,other,-0.00985576,51.4774,36.8534,302,942
CCR10,other,0.0171262,56.1456,59.5873,214,504
CCS,other,0.0031564,89.4088,116.221,137,177
CCSAP,other,-0.0117136,67.9021,51.4793,187,301
CCSER2,other,0.00181626,70.344,20.3369,163,1447
CCT3,chaperonin (CCT),0.00543837,233.711,672.717,82,17
CCT4,chaperonin (CCT),-0.0987351,231.641,138.458,115,173
CCT6A,chaperonin (CCT),0.00846791,133.877,536.468,96,39
CCT8,chaperonin (CCT),0.0583313,259.162,452.605,79,34
CCZ1,other,-0.0416688,48.4165,56.5098,269,417
CCZ1B,other,-0.0411368,75.792,25.8263,164,1096
CD151,other,-0.0295872,53.3089,57.3358,232,303
CD164,other,-0.0233049,43.2588,30.8973,295,655
CD226,other,-0.0152602,158.658,46.2455,80,1294
CD24,other,0.00648078,49.4886,56.4894,253,428
CD276,other,0.00326402,71.832,49.688,183,374
CD2AP,other,-0.0512551,96.5907,38.2691,133,1614
CD2BP2,other,0.0808194,44.742,118.018,371,167
CD320,other,-0.00640749,87.2295,25.1354,148,818
CD33,other,0.00932648,43.7916,31.2027,298,711
CD3D,other,-0.00173613,63.546,100.921,200,189
CD46,other,-0.00867004,156.431,40.8413,88,392
CD47,other,-0.00475957,68.7689,45.7832,189,1179
CD52,other,-0.00556893,110.337,24.6838,128,1308
CD53,other,-0.0164435,136.202,63.5143,99,640
CD55,other,-0.0204213,44.2628,28.7471,284,1323
CD58,other,0.00125661,54.3622,24.2534,220,885
CD59,other,-0.0177813,38.9454,68.3529,321,385
CD63,other,-0.0161471,49.737,52.3467,256,789
CD68,other,-0.0446045,71.2544,56.6426,174,436
CD69,other,0.0320068,101.624,97.4078,122,1191
CD7,other,-0.0114897,102.154,33.631,110,652
CD81,other,0.0163352,46.2559,44.7006,275,727
CD8B,other,-0.0142228,58.6014,30.0231,209,637
CD9,other,0.0237407,74.0274,57.1998,167,288
CD99,other,-0.0223747,136.759,46.6369,115,433
CD99L2,other,0.0108722,3128.26,171.906,18,238
CDADC1,other,-0.0111622,66.2216,53.6664,177,487
CDC123,other,0.103211,71.5606,69.5791,249,374
CDC14A,other,0.00594637,56.0556,38.4767,219,430
CDC14B,other,0.0655469,54.097,80.6257,266,411
CDC16,other,0.00429763,178.636,437.032,80,35
CDC25A,other,0.0566305,56.9687,43.3417,215,4109
CDC25B,other,0.0481401,166.423,99.5865,112,428
CDC25C,other,-0.00639271,92.3394,31.3969,143,737
CDC34,other,0.0552063,60.8066,40.3117,242,536
CDC37,other,0.0436099,34.4675,181.492,373,81
CDC42,other,0.0393875,117.531,47.2668,124,459
CDC42BPA,other,-0.0208969,51.8714,40.2171,235,690
CDC42BPB,other,0.0228799,127.274,40.9417,102,561
CDC42EP4,other,0.0429753,85.9835,36.2805,158,577
CDC42SE1,other,0.0727956,125.542,63.0741,130,307
CDC42SE2,other,-0.0106446,93.4393,39.4915,143,953
CDC6,other,-0.00275022,116.882,117.708,117,220
CDCA2,other,0.00596108,108.435,43.4171,128,545
CDCA3,other,-0.00823788,158.318,103.76,91,361
CDCA4,other,-0.00133895,115.997,39.4243,122,568
CDCA7,other,-0.0204051,48.8384,41.8602,250,785
CDCA7L,other,0.048182,126.13,40.1232,101,576
CDIPT,other,0.0203925,68.3974,51.529,470,446
CDK10,other,-0.0153477,138.489,42.5328,105,1109
CDK11A,other,0.0119442,27.7631,39.8137,432,443
CDK11B,other,-0.00619439,147.238,70.9208,94,382
CDK12,other,0.00712966,377.444,774.873,58,14
CDK13,other,0.134583,75.7301,61.4447,209,683
CDK16,other,0.00125153,68.2591,47.6869,189,656
CDK17,other,-0.0045484,120.878,27.5698,104,786
CDK19,other,-0.0191094,108.552,59.1467,115,651
CDK2,other,0.0648328,60.5384,38.8764,235,590
CDK2AP1,other,-0.00933734,34.3222,71.6006,364,267
CDK2AP2,other,0.0321473,95.7536,58.6015,142,347
CDK4,other,0.0529952,136.955,57.4382,105,515
CDK5,other,-0.000359514,66.248,74.4095,204,192
CDK5RAP1,other,-0.0282225,80.8405,36.5208,143,1580
CDK5RAP2,other,-0.00999457,114.368,21.9446,113,758
CDK5RAP3,other,0.0758402,56.5859,107.479,243,793
CDK6,other,0.0141321,39.7756,33.0109,349,626
CDK7,other,0.00702879,640.18,218.953,30,72
CDK9,other,0.0453856,72.4225,105.592,337,294
CDKAL1,other,-0.0246562,57.6934,41.9798,227,987
CDKL1,other,0.00982297,89.5937,51.903,152,430
CDKN1B,other,0.0347717,59.4517,45.8102,222,517
CDKN1C,other,0.00219951,86.3983,44.3351,153,479
CDKN2AIP,other,0.139639,65.3818,52.1822,235,505
CDKN2AIPNL,other,0.0488406,83.4889,25.8966,149,903
CDKN2C,other,0.0586258,40.3909,69.7822,306,632
CDKN2D,other,-0.00106535,56.4651,52.2841,239,329
CDKN3,other,0.00463836,129.199,33.877,100,639
CDPF1,other,0.00100906,33.5639,64.2043,393,316
CDR2,other,0.014287,59.9748,32.4272,210,747
CDS2,other,0.0203311,232.486,116.226,73,161
CDV3,other,-0.00532324,175.11,34.5425,65,499
CDX1,other,-0.0397147,76.0084,44.6628,171,902
CDX2,other,-0.0302375,40.9058,38.5583,319,691
CDX4,other,0.00604021,77.6483,63.2997,160,467
CDYL,other,0.0564871,107.424,112.406,124,163
CEBPA,other,0.00145823,167.606,46.5325,89,549
CEBPB,other,0.00759302,93.111,31.1629,172,946
CEBPD,other,0.0495111,72.7964,50.6309,179,666
CEBPE,other,-0.00701031,72.2721,43.1264,166,407
CEBPG,other,0.0463953,345.409,1187.2,57,12
CELF1,other,-0.00635634,62.2096,24.9222,210,1980
CELF2,other,0.0344538,58.363,32.4004,217,1027
CEMIP2,other,0.0125587,49.268,31.1741,244,669
CENPB,other,-0.00168519,52.3537,62.6984,228,258
CENPE,other,-0.00115202,120.739,782.522,118,20
CENPF,other,7.76529e-05,70.181,49.4216,184,603
CENPJ,other,0.0367932,130.103,332.549,154,39
CENPK,other,0.04027,266.244,242.051,73,74
CENPM,other,-0.00349067,240.726,457.883,58,29
CENPN,other,0.026218,63.4985,721.805,223,16
CENPO,other,0.0373067,63.0545,41.1496,197,387
CENPP,other,0.00894928,165.275,220.557,116,80
CENPQ,other,-0.011456,74.2936,167.19,170,134
CENPS,other,0.0301969,126.682,46.9329,111,379
CENPV,other,-0.0424296,43.1026,38.9181,296,610
CENPW,other,0.0289517,143.578,554.488,92,26
CEP104,other,0.0111928,53.6718,53.3861,231,398
CEP120,other,-0.00626932,58.8263,193.377,218,177
CEP135,other,0.00887311,329.982,68.3574,52,327
CEP152,other,0.00695703,49.1564,553.425,289,17
CEP164,other,-0.00523789,66.5095,37.0475,195,495
CEP170,other,-0.0136159,82.2881,32.9713,165,677
CEP19,other,0.0102631,80.4827,60.3015,157,317
CEP192,other,0.00170915,97.6211,325.826,129,48
CEP250,other,-0.0116254,70.3191,75.5268,174,318
CEP290,other,0.0537016,83.4731,26.5465,151,1221
CEP350,other,0.0313925,143.293,179.061,115,100
CEP44,other,0.0143148,64.427,66.7498,202,346
CEP55,other,0.0220579,308.294,98.3746,54,152
CEP57,other,-0.00436863,118.168,188.987,107,83
CEP57L1,other,-0.00835848,53.0452,46.4036,244,436
CEP63,other,-0.023109,293.129,521.653,60,20
CEP68,other,-0.00591931,95.6852,55.3874,128,816
CEP70,other,-0.0011693,37.0018,33.6878,314,539
CEP72,other,-0.0296617,124.084,53.741,114,306
CEP76,other,-0.0125238,51.2726,51.3788,261,680
CEP78,other,-0.0142577,189.635,37.9896,71,598
CEP85,other,0.0304132,48.8307,459.997,274,44
CEP85L,other,-0.00349541,48.3142,22.3359,261,1120
CEP89,other,-0.0183511,57.5106,65.3363,212,365
CEP95,other,0.0260462,98.584,86.2688,127,236
CEP97,other,0.0088339,37.9617,49.4456,332,337
CEPT1,other,0.00494874,97.9729,72.9704,150,287
CERK,other,-0.0667975,74.9508,41.1892,209,465
CERS2,other,0.0302564,79.1126,27.9627,162,857
CERS4,other,-0.00582223,39.9485,79.4978,309,272
CERS5,other,-0.0217057,335.153,95.8269,47,182
CERS6,other,0.0486511,66.5648,56.3901,262,344
CERT1,other,0.00304202,96.2909,101.285,126,224
CES2,other,0.011072,80.4901,33.6342,158,806
CETN2,other,0.0262616,60.9203,60.2649,208,657
CETN3,other,-0.0317204,108.515,34.7142,121,915
CFAP298,other,-0.00173412,90.3477,303.873,164,275
CFAP410,other,-0.00411133,38.2189,40.7281,319,715
CFD,other,0.0360774,118.737,61.1934,125,513
CFH,other,0.0121516,1743.13,53.5003,21,322
CFL2,other,0.0165553,108.559,47.0349,127,789
CFLAR,other,-0.0250467,54.7788,238.541,265,67
CGGBP1,other,-0.00689052,40.4437,55.0759,296,271
CHAC1,other,-0.0267965,63.8515,28.3024,205,864
CHAC2,other,0.0042276,75.698,50.4622,175,314
CHAF1A,other,0.0558675,627,1212.89,35,26
CHAMP1,other,0.0127226,66.8384,38.4632,212,960
CHCHD1,other,0.0217994,78.1588,64.3872,169,431
CHCHD10,other,-0.00178362,38.7072,44.4722,320,480
CHCHD2,other,0.0058369,76.4932,69.0568,163,250
CHCHD5,other,0.0212226,42.5608,36.2866,271,979
CHCHD6,other,0.0315899,63.7699,61.0942,195,246
CHCHD7,other,-0.0173068,68.386,35.6289,189,653
CHD1,other,-0.00707603,194.133,40.2501,74,724
CHD1L,other,0.0260513,61.2475,37.601,188,495
CHD2,other,-0.027572,40.4067,42.1816,337,673
CHD4,other,0.136554,234.416,164.209,89,292
CHD7,other,-0.032204,41.6805,98.5381,310,697
CHD8,other,0.0375953,64.9301,66.6831,237,257
CHD9,other,-0.0180937,70.5352,179.523,185,96
CHDH,other,0.025291,72.4195,20.9229,165,1145
CHEK1,other,-0.0425269,71.9634,1618.35,199,13
CHEK2,other,-4.30403e-05,146.937,239.154,94,80
CHERP,other,0.0160122,212.053,945.003,116,12
CHFR,other,-0.0314636,149.402,38.5938,90,530
CHI3L2,other,0.0137316,39.7329,43.8047,310,464
CHIC2,other,0.0227648,267.767,87.9972,67,2539
CHID1,other,0.00767391,69.8154,26.4764,195,781
CHKA,other,0.0196858,46.9649,49.3617,277,431
CHM,other,0.0389244,59.7921,36.5964,207,448
CHML,other,-0.0110915,3221.84,44.4448,15,419
CHMP1A,other,-0.0276529,103.008,139.637,151,205
CHMP1B,other,-0.0151983,96.3147,43.2993,134,511
CHMP2B,other,0.000739985,50.076,34.7458,258,510
CHMP4A,other,0.0432474,54.3534,56.1912,250,546
CHMP4B,other,0.0247043,55.7538,42.9682,224,388
CHMP7,other,-0.0422053,29.8909,55.9383,459,278
CHORDC1,other,0.0708909,38.3475,284.578,552,69
CHP1,other,0.0184296,79.8097,37.015,157,688
CHPF,other,0.0276366,16.044,73.597,798,241
CHPF2,other,0.0232719,44.275,34.7193,278,573
CHPT1,other,-0.0566272,61.589,77.8886,209,201
CHRAC1,other,-0.00281578,106.72,56.5256,126,620
CHRNA5,other,-0.0325415,47.1777,45.5404,272,404
CHRNB1,other,0.0414968,134.516,99.8643,117,183
CHST10,other,-0.00255653,58.9401,44.5418,213,1537
CHST11,other,0.00112657,59.5789,41.2536,210,419
CHST12,other,-0.0216303,69.0716,62.6267,210,360
CHST2,other,0.00880841,70.4648,34.6673,166,551
CHSY1,other,0.021614,62.7737,25.9901,207,652
CHTF18,other,0.0109107,54.4797,105.383,235,273
CHTOP,other,0.0170709,48.8642,81.1073,271,225
CHUK,other,0.0311825,76.5694,109.186,181,163
CHURC1,other,-0.0334455,39.1747,160.284,304,186
CIAO1,other,0.0123862,30.4145,95.0115,621,238
CIAO2A,other,0.0006078,99.9897,103.136,130,170
CIAO3,other,-0.0155971,93.1004,631.885,142,21
CIAPIN1,other,-0.0243131,225.592,280.335,211,56
CIB1,other,0.0126298,134.582,66.0115,100,351
CIB2,other,0.00355062,113.899,717.292,111,22
CIC,other,-0.00468808,89.2474,33.0399,136,665
CIP2A,other,-0.00929009,224.433,215.169,68,65
CIR1,other,0.0845535,106.098,75.1042,137,270
CIRBP,other,-0.0200064,76.4861,36.061,178,504
CISD1,other,-0.00386981,65.8423,40.0033,195,669
CISD2,other,0.0372521,45.1203,35.8056,260,628
CISD3,other,-0.0097566,69.6508,44.6032,178,371
CISH,other,0.0147598,59.3952,36.7724,222,936
CIT,other,-0.0236067,358.216,83.3342,42,228
CITED2,other,0.0085445,39.7157,55.5591,333,564
CIZ1,other,0.00253355,53.3369,39.6989,262,652
CKAP2,other,-0.006945,74.4768,56.3723,194,389
CKAP2L,other,0.00551974,88.847,83.6391,163,464
CKB,other,0.00595672,100.952,51.447,136,375
CKS2,other,0.0162905,61.4744,42.3059,219,632
CLASP1,other,0.000144919,256.066,34.2405,70,646
CLASP2,other,-0.010236,33.7047,64.9674,408,280
CLASRP,other,0.0670468,68.2781,216.699,235,103
CLCA1,other,-0.0441875,114.302,47.7182,109,522
CLCC1,other,0.0210152,105.239,58.8317,131,892
CLCN2,other,0.0204612,75.1896,45.1479,175,493
CLCN3,other,-0.0149867,53.0585,31.4063,236,621
CLCN7,other,-0.0618849,60.4716,99.1178,203,236
CLDN15,other,-0.0317864,59.276,35.1334,235,654
CLDN7,other,-0.01934,98.9488,77.711,132,507
CLDND1,other,-0.00701386,53.5765,43.0635,243,472
CLEC11A,other,0.0661639,62.2081,47.813,220,469
CLEC16A,other,0.00275756,51.7339,36.0112,235,693
CLEC2B,other,-0.000434072,279.096,78.6959,57,212
CLEC2D,other,-0.0148942,247.862,37.2871,58,560
CLHC1,other,0.0065893,419.883,33.9262,47,526
CLIC1,other,0.0132417,107.465,47.7196,119,494
CLIC2,other,0.0323498,90.2046,42.373,140,473
CLIC4,other,0.0300247,55.3416,31.9191,221,820
CLINT1,other,0.00301992,35.4982,37.9156,373,834
CLIP1,other,0.017148,166.974,42.0043,80,368
CLK1,other,0.0143411,56.0852,31.1726,227,918
CLK2,other,0.0325611,52.1572,34.8581,248,956
CLK3,other,0.00246097,40.021,83.7738,360,185
CLK4,other,-0.00890943,48.6023,39.0616,284,500
CLN3,other,0.0368673,52.4543,29.3676,237,772
CLN5,other,0.0238669,47.6888,30.8973,264,872
CLN6,other,0.0156814,51.6943,74.0496,231,512
CLN8,other,-0.00764511,65.4788,64.7316,196,399
CLOCK,other,-0.0558272,98.8554,37.5537,188,576
CLP1,other,-0.00485115,163.437,56.3951,99,334
CLPB,other,0.00342497,86.0873,68.2497,229,245
CLPP,other,-0.00866638,121.801,32.9081,107,583
CLPTM1,other,0.0311761,55.6359,29.6321,234,641
CLPTM1L,other,0.0487249,48.7433,17.9315,251,1001
CLPX,other,0.0205781,94.3708,50.3785,150,548
CLSPN,other,0.00917606,125.321,600.459,105,11
CLSTN1,other,0.0227655,74.7601,27.0551,172,904
CLSTN3,other,0.0237655,37.1963,60.6658,339,766
CLTA,other,0.00224423,50.7766,50.1618,235,473
CLTB,other,0.00786232,52.7176,76.2217,264,198
CLU,other,0.00134731,33.9938,41.5135,398,384
CLUAP1,other,-0.0168476,115.313,41.2892,103,572
CLUH,other,0.0780691,58.8255,53.2164,244,485
CMAS,other,-0.0332639,180.379,160.671,85,126
CMC1,other,0.0275645,49.9766,33.1377,236,1061
CMC2,other,0.0222001,64.7058,64.1351,200,325
CMIP,other,0.00692273,316.24,59.1544,58,315
CMPK1,other,0.00609201,24.4262,311.152,518,49
CMPK2,other,0.0199468,49.7565,55.0875,247,1412
CMSS1,other,-0.0561283,54.4866,36.3351,224,1135
CMTM3,other,0.00328756,65.5147,35.8626,240,572
CMTM6,other,-0.0037167,51.7213,29.8452,245,891
CMTM7,other,-0.0065596,83.4853,89.4616,147,479
CMTR1,other,0.213152,253.783,85.0062,303,257
CMTR2,other,0.0709521,145.739,494.373,140,44
CNBD2,other,-0.00828699,94.2596,61.7317,134,334
CNBP,other,0.082848,84.1484,33.0924,191,1173
CNDP2,other,-0.00294503,38.4607,32.772,337,661
CNEP1R1,other,0.0597604,65.8289,47.662,190,416
CNIH1,other,0.00582726,155.571,40.5681,87,385
CNIH4,other,0.0692532,196.509,89.1877,79,190
CNN2,other,-0.0175807,26.3945,41.3578,496,555
CNNM3,other,0.0415896,37.2232,41.8056,357,1707
CNOT10,other,0.0341707,70.7561,82.6074,271,262
CNOT11,other,0.0699277,106.19,155.682,199,114
CNOT2,other,0.0122059,166.014,92.9829,111,185
CNOT4,other,0.0899036,236.559,72.945,70,351
CNOT6,other,0.00452648,75.9486,32.6432,238,604
CNOT6L,other,0.00761023,114.425,48.428,106,915
CNOT7,other,0.0224289,70.264,62.0394,165,256
CNOT8,other,-0.0219546,50.2434,50.7604,243,349
CNOT9,other,0.115242,87.6076,138.475,231,131
CNP,other,-0.00819504,73.4868,69.8271,165,312
CNPPD1,other,-0.0238059,35.8652,48.0074,352,405
CNPY2,other,0.0157668,74.082,45.6521,154,1093
CNPY3,other,0.0147622,44.4074,44.6551,312,401
CNST,other,0.0308342,51.5837,86.5449,249,175
CNTRL,other,0.00599253,34.6272,57.9328,346,265
CNTROB,other,0.0426604,44.136,98.7277,336,132
COA1,other,-0.00271538,223.947,57.5498,63,306
COA3,other,-0.0344369,155.272,94.001,86,275
COA4,other,0.0535494,74.6993,30.1116,176,1044
COA5,other,0.0521296,38.9899,54.4564,406,380
COA6,other,-0.0165806,256.893,38.2566,57,726
COA8,other,0.0119183,52.8487,74.0117,350,213
COASY,other,-0.00767029,30.0219,589.806,457,42
COG4,other,-0.0150083,66.9855,183.812,202,251
COG5,other,0.0151335,95.3185,172.837,133,153
COG6,other,0.0813714,60.7484,210.502,300,152
COG7,other,0.0246992,162.37,99.1818,94,162
COL18A1,other,0.00999473,51.0997,20.7258,275,923
COLGALT1,other,0.0127792,64.4136,40.5208,190,548
COLGALT2,other,-0.0343808,49.0111,32.0319,269,800
COMMD1,other,-0.0450106,61.6673,62.508,241,469
COMMD10,other,-0.0599767,65.2493,78.4946,205,312
COMMD2,other,0.0252965,88.4221,59.4805,165,330
COMMD4,other,0.0240783,66.0101,98.4593,201,495
COMMD5,other,-0.00525315,42.6346,107.052,319,215
COMMD6,other,-0.0291946,31.4858,46.3573,419,473
COMMD7,other,0.0773212,53.7977,54.9864,259,734
COMMD9,other,0.012961,63.5022,25.2472,219,1126
COMT,other,0.0627899,230.401,39.6042,67,440
COMTD1,other,0.0455244,89.1413,42.4998,197,389
COP1,other,-0.00825425,197.859,53.3701,72,528
COPA,other,-0.0314605,86.2876,435.862,167,29
COPG1,other,0.0142199,21.859,48.7887,612,440
COPG2,other,0.00847194,43.9494,35.8888,274,793
COPRS,other,0.0542922,54.2487,42.687,285,876
COPS3,other,0.0303886,228.264,1189.52,97,10
COPS4,other,-0.0434171,158.053,70.6925,243,258
COPS5,other,0.0244445,135.582,87.555,142,414
COPS7A,other,-0.00355453,87.7732,21.4335,148,1009
COPS7B,other,0.0167443,107.05,44.4318,139,580
COPS8,other,0.0910162,68.568,302.303,366,63
COPS9,other,0.0457564,133.098,49.0472,104,695
COQ10A,other,-0.00194982,165.536,39.0318,83,423
COQ2,other,0.0434283,97.9806,285.159,148,65
COQ3,other,-0.01645,1942.71,170.641,22,170
COQ4,other,-0.00117462,38.7756,90.1944,335,211
COQ5,other,-0.0428424,39.4937,67.0681,351,307
COQ6,other,0.00139299,109.486,60.8477,138,343
COQ7,other,-0.0445781,78.5261,86.0928,164,354
COQ8A,other,0.0111556,18.6251,29.9428,687,652
COQ8B,other,0.00808638,52.6671,42.885,241,862
COQ9,other,0.0276628,40.5858,58.6656,301,344
CORO1A,other,-0.00840787,128.694,46.4773,110,992
CORO1B,other,-0.0333194,25.8047,41.3451,462,974
CORO1C,other,0.00327706,76.8079,38.0463,164,556
CORO2A,other,-0.0458448,67.3242,24.3663,187,882
CORO7,other,-0.0263676,36.3674,35.7133,345,1652
COTL1,other,0.051379,157.714,57.3657,131,325
COX10,respiratory chain (NDUF/COX/UQCR/ATP5),0.103518,87.4408,230.747,176,83
COX11,respiratory chain (NDUF/COX/UQCR/ATP5),0.0751535,130.445,143.125,150,150
COX14,respiratory chain (NDUF/COX/UQCR/ATP5),-0.032982,183.007,169.742,76,84
COX15,respiratory chain (NDUF/COX/UQCR/ATP5),-0.0307085,161.137,39.9354,162,646
COX16,respiratory chain (NDUF/COX/UQCR/ATP5),0.04479,270.677,47.5742,56,448
COX17,respiratory chain (NDUF/COX/UQCR/ATP5),0.111925,68.967,46.9533,288,552
COX18,respiratory chain (NDUF/COX/UQCR/ATP5),0.0138357,70.0236,38.6538,187,682
COX19,respiratory chain (NDUF/COX/UQCR/ATP5),-0.0459354,3684.23,102.873,17,181
COX20,respiratory chain (NDUF/COX/UQCR/ATP5),-0.0298137,37.055,189.761,382,308
COX4I1,respiratory chain (NDUF/COX/UQCR/ATP5),-0.0144115,97.4982,163.356,145,145
COX5A,respiratory chain (NDUF/COX/UQCR/ATP5),0.103457,124.513,228.303,124,117
COX5B,respiratory chain (NDUF/COX/UQCR/ATP5),-0.0405687,57.1365,165.28,249,103
COX6A1,respiratory chain (NDUF/COX/UQCR/ATP5),-0.0133536,64.5997,55.7055,187,668
COX6B1,respiratory chain (NDUF/COX/UQCR/ATP5),-0.0237568,53.7022,53.2173,308,386
COX6C,respiratory chain (NDUF/COX/UQCR/ATP5),0.0643458,97.4092,131.51,174,244
COX7A2,respiratory chain (NDUF/COX/UQCR/ATP5),-0.00622545,79.2181,41.7698,151,446
COX7A2L,respiratory chain (NDUF/COX/UQCR/ATP5),-0.0219136,59.4397,36.9342,227,517
COX7B,respiratory chain (NDUF/COX/UQCR/ATP5),0.0759285,98.6011,265.014,168,55
COX7C,respiratory chain (NDUF/COX/UQCR/ATP5),0.110884,78.4431,60.4893,225,316
COX8A,respiratory chain (NDUF/COX/UQCR/ATP5),-0.0185513,53.6003,44.6461,239,558
CPD,other,0.0146223,137.59,50.5963,91,377
CPEB1,other,-0.00302232,114.25,83.2453,183,399
CPEB4,other,0.0379623,70.8507,49.8915,196,484
CPNE1,other,0.0385731,147.928,1085.04,123,14
CPNE2,other,0.0031815,44.8656,60.5672,303,305
CPNE3,other,0.00773428,53.7438,22.5991,219,1156
CPNE7,other,-0.0407492,55.3016,381.17,237,45
CPNE8,other,0.00152905,92.1341,26.6502,141,835
CPOX,other,-0.0358786,54.3839,115.206,218,289
CPPED1,other,0.0278976,104.436,27.9529,119,970
CPQ,other,0.0210785,48.3482,53.3939,252,371
CPSF1,other,-0.0146673,462.429,741.918,49,15
CPSF6,other,0.234884,444.314,215.969,89,234
CPSF7,other,0.0150616,64.3792,87.8204,211,229
CPT1A,other,-0.0205549,69.4548,54.8361,192,605
CPT2,other,-0.00815886,124.523,49.9203,96,931
CPVL,other,-0.00763005,95.0245,42.8838,137,499
CPXCR1,other,0.00606149,67.5091,50.2977,189,326
CPXM1,other,0.0282025,137.524,59.3301,88,1513
CRADD,other,0.0453426,129.856,41.8146,102,790
CRAT,other,0.0324194,85.1137,55.4911,182,299
CRBN,other,-0.0188199,69.7744,63.2196,178,776
CREB1,other,0.0998672,65.7739,46.0105,198,782
CREB3,other,0.0306603,94.1714,72.3228,125,224
CREB3L1,other,-0.000707807,96.5288,49.067,145,332
CREB3L2,other,-0.0763589,61.5658,102.809,203,227
CREB3L3,other,-0.00791008,498.708,54.0104,43,308
CREB3L4,other,-0.0298386,58.2364,66.6427,218,550
CREB5,other,0.00092506,35.3198,41.1531,365,516
CREBBP,other,0.0353004,109.623,96.8693,147,1015
CREBL2,other,0.0537947,42.277,57.485,322,339
CREBZF,other,0.010024,46.0189,29.0194,275,953
CREG1,other,0.0439357,47.3527,44.9263,277,432
CRELD1,other,-0.0171271,49.8303,40.6359,258,618
CRELD2,other,0.055141,77.4744,49.2062,142,559
CREM,other,-0.0406312,131.74,51.3569,100,399
CRIM1,other,-0.0279234,1161.59,37.2836,27,715
CRIPT,other,0.0349901,93.6278,52.2996,168,499
CRK,other,0.00474124,27.7931,151.558,442,92
CRKL,other,-0.0139233,47.3367,32.3697,276,743
CRLF3,other,0.00603937,230.32,35.2423,89,494
CRLS1,other,0.0394506,59.9227,99.3201,210,309
CRTAP,other,0.0477899,129.684,78.2939,100,388
CRTC2,other,0.0274449,55.0318,88.0189,250,265
CRTC3,other,0.00953963,64.0145,90.0557,188,220
CRX,other,0.0304161,52.2347,40.1738,255,384
CRY1,other,0.0277963,44.0355,109.533,330,920
CRY2,other,-0.00967423,41.7809,28.5393,305,652
CRYAB,other,-0.00721073,37.8691,29.0349,336,540
CRYBG1,other,-0.01416,57.3145,38.9065,208,830
CRYZ,other,0.0737059,84.8263,25.9163,153,917
CRYZL1,other,0.0297105,74.8765,83.2768,161,456
CS,other,0.00612627,29.663,60.403,495,339
CSAD,other,0.00457495,107.22,38.7416,128,531
CSDE1,other,0.175844,130.87,127.321,124,676
CSK,other,0.0462256,86.3791,72.0046,150,1192
CSKMT,other,-0.00777375,52.8012,46.5516,257,374
CSMD1,other,0.0232503,65.3331,43.5799,207,471
CSNK1D,other,-0.0025219,40.0117,40.944,324,932
CSNK1E,other,0.00607948,64.135,29.848,231,654
CSNK1G1,other,0.00647443,46.8638,39.4512,252,610
CSNK1G2,other,-0.0301199,48.5233,29.8864,270,867
CSNK1G3,other,0.0397397,47.6942,75.3306,265,184
CSNK2A2,other,0.0455762,73.0974,53.8583,257,684
CSNK2B,other,0.0062168,141.752,68.8742,215,319
CSPP1,other,-0.0141415,70.707,28.9025,180,1159
CSRNP1,other,0.00822819,63.9718,39.571,216,603
CSRNP2,other,0.0641559,70.2361,32.4095,185,881
CSRNP3,other,-0.0140868,96.3611,51.3648,139,310
CSRP1,other,0.0218262,117.251,32.7176,122,1065
CST3,other,-0.0051698,64.5546,30.8166,195,866
CSTB,other,0.0156593,49.1406,69.2262,258,258
CSTF2,other,0.0334546,89.9018,40.0711,167,490
CSTF2T,other,0.00729194,80.5501,44.0357,160,741
CTBP1,other,0.135008,79.9747,138.383,218,1442
CTBP2,other,-0.0240529,53.1277,38.7867,260,507
CTBS,other,0.00991733,76.281,56.8805,158,505
CTCF,other,0.0133305,138.609,197.843,109,114
CTCFL,other,-0.0222796,35.5965,44.1372,367,616
CTDNEP1,other,-0.0038,111.16,90.7283,115,230
CTDSP1,other,-0.0367786,121.327,39.1205,115,644
CTDSP2,other,0.00676777,136.135,81.1312,100,372
CTDSPL,other,0.0132771,44.8412,74.955,277,274
CTDSPL2,other,0.119019,72.5197,78.5291,210,509
CTH,other,0.00265024,231.58,33.8165,52,868
CTNNA1,other,0.0264478,525.023,41.094,42,573
CTNNAL1,other,0.00333471,66.5384,337.969,201,48
CTNNB1,other,0.0306635,536.075,82.2034,39,280
CTNNBIP1,other,-0.00663911,43.6038,50.9726,290,469
CTNNBL1,other,0.0752462,229.133,216.607,79,73
CTNND1,other,0.0261171,148.26,39.6805,97,597
CTPS1,other,0.0504612,2774.66,124.794,17,296
CTPS2,other,0.0200957,69.5956,33.6249,206,1410
CTR9,other,-0.046468,346.348,118.175,95,135
CTSA,other,-0.00796453,48.6943,63.7047,264,288
CTSB,other,-0.00144509,60.0044,26.4306,215,957
CTSC,other,0.022543,41.5144,42.7017,306,1233
CTSD,other,0.0226197,71.2898,32.2157,187,826
CTSF,other,0.0103429,90.9465,72.158,141,483
CTSH,other,-0.00993536,85.8344,43.8133,155,614
CTSL,other,0.00387085,49.8345,38.5544,258,578
CTSS,other,0.000454273,260.824,44.9419,54,429
CTSZ,other,-0.0208641,123.298,103.201,104,172
CTTN,other,0.0458533,92.1544,50.4127,146,664
CTU1,other,0.0823445,96.3574,173.267,177,149
CTU2,other,0.0632951,57.1877,84.4061,295,469
CUEDC2,other,0.00213607,92.0104,31.5243,136,1399
CUL3,other,0.0676629,59.3961,112.788,268,261
CUL4A,other,0.0281747,83.2862,42.1638,162,659
CUL4B,other,-0.0748361,73.6082,104.91,170,336
CUL5,other,0.0150714,77.8521,70.6092,191,250
CUL7,other,0.0187931,300.592,78.9011,51,213
CUTA,other,-0.0217084,62.752,35.0133,204,719
CUTC,other,0.0575262,155.839,55.2606,80,357
CUX1,other,-0.0020279,45.1458,49.3739,277,936
CUX2,other,-0.0315343,42.5489,48.9437,304,453
CWC25,other,-0.000193597,38.8119,50.4927,316,369
CWC27,other,0.0397241,59.0592,48.5968,200,835
CWF19L1,other,-0.00313802,78.4603,68.688,165,290
CXCL2,other,-0.0312871,78.1464,70.0178,161,252
CXCL3,other,-0.059073,53.7703,55.2377,245,726
CXXC1,other,0.12936,173.534,225.547,184,103
CXXC4,other,0.0157149,59.705,46.1718,228,337
CXXC5,other,-0.00191204,41.6249,33.9184,313,1100
CXorf38,other,0.0242991,174.788,39.031,83,853
CYB561,other,-0.00353015,63.0747,38.63,182,401
CYB561A3,other,0.0587003,47.1956,67.2835,247,283
CYB561D2,other,0.0242961,83.7792,57.7778,165,901
CYB5A,other,0.00109043,47.5833,43.3421,259,463
CYB5B,other,0.0385287,290.091,54.857,56,312
CYB5D2,other,0.0231091,63.6988,40.9143,216,998
CYB5R1,other,-0.00588051,67.5041,26.502,200,1163
CYB5R3,other,-0.00803718,63.35,56.8574,211,300
CYB5R4,other,0.0125295,49.9705,104.966,253,213
CYB5RL,other,-0.0102627,129.501,63.1635,111,399
CYBA,other,-0.0174274,90.892,39.688,144,452
CYBC1,other,-0.02105,65.1742,38.4301,201,499
CYBRD1,other,0.00247223,99.9986,39.5368,140,595
CYC1,other,0.0267238,52.4725,139.788,267,144
CYCS,other,0.0603386,82.5731,117.886,220,146
CYFIP1,other,-0.0125534,52.8354,43.599,229,482
CYP20A1,other,0.0270183,64.651,26.4206,197,3920
CYP2R1,other,0.0075791,62.2472,47.2702,209,360
CYP3A5,other,0.0107371,127.794,57.6826,108,339
CYP51A1,other,0.00853487,78.8113,92.4118,157,193
CYREN,other,0.0420266,117.755,47.4239,196,383
CYSTM1,other,0.00604833,60.2064,92.2114,214,193
CYTH1,other,-0.00882835,67.6539,36.7109,193,841
CYTH3,other,-0.0119215,54.14,42.4632,217,542
CZIB,other,-0.0246704,59.2676,47.0858,224,435
D2HGDH,other,-0.010491,52.3942,37.1564,243,560
DAAM1,other,0.00428188,55.5063,43.3464,234,990
DAB2,other,0.00761735,158.929,45.7252,95,481
DACH1,other,-0.0156117,106.883,36.9354,118,589
DACH2,other,0.018275,597.647,38.8842,30,408
DAD1,other,-0.0260174,136.41,219.645,158,49
DAG1,other,0.0351258,123.227,49.0105,113,533
DAGLB,other,-0.0116484,433.549,54.7518,44,296
DALRD3,other,-0.00449166,34.47,43.0079,377,646
DAP,other,-0.00530017,52.2465,213.55,240,66
DAP3,other,-0.0135811,71.7454,54.6077,224,333
DAPK1,other,-0.0214074,63.0764,62.4301,209,639
DAPK3,other,-0.0392431,95.2848,31.5281,131,639
DARS2,other,-0.0312466,258.319,61.9488,58,267
DAXX,other,-0.00340327,52.2658,71.2433,295,278
DAZAP1,other,0.122593,81.6012,235.58,196,69
DAZAP2,other,-0.025666,133.333,37.8832,100,460
DBF4,other,0.0753194,56.7625,157.931,238,184
DBI,other,0.00385027,41.55,36.5724,300,835
DBNDD2,other,0.0315772,31.0329,26.2573,422,835
DBNL,other,0.0363078,76.7507,81.8936,160,2216
DBP,other,0.00596907,162.446,47.524,79,552
DBT,other,0.0329495,68.0186,36.8769,197,1178
DBX1,other,-0.032523,76.718,40.4373,161,420
DBX2,other,-0.0133421,47.6331,40.1174,276,731
DCAF1,other,-0.0268627,70.9028,73.8574,181,456
DCAF11,other,0.0239932,59.7073,36.2319,261,599
DCAF12,other,-0.00170345,54.2477,51.8727,242,393
DCAF15,other,0.019712,39.0845,38.2475,320,537
DCAF17,other,0.00984474,47.4358,34.0843,277,855
DCAF4,other,0.0175344,75.9445,25.9098,154,1044
DCAF5,other,0.0246551,38.5437,49.2637,336,752
DCAF6,other,0.0097169,34.978,88.537,420,440
DCAF8,other,0.00608379,81.2482,91.9419,157,191
DCAKD,other,0.00634064,28.3317,156.938,436,610
DCBLD2,other,-0.0148816,127.159,75.7157,99,209
DCK,other,-0.0287514,79.8294,393.626,176,30
DCLRE1A,other,0.0350921,76.6734,53.8518,153,612
DCLRE1B,other,-0.00597066,34.2667,56.3775,345,338
DCLRE1C,other,-0.00859859,127.979,45.2954,97,462
DCP1A,other,-0.0232839,92.4458,33.9377,135,788
DCPS,other,0.137226,144.831,481.639,139,43
DCTD,other,-0.00515498,64.4092,47.9322,185,573
DCTN4,other,0.0337905,176.13,110.507,90,141
DCTPP1,other,0.00140333,36.9362,70.6074,342,304
DCUN1D1,other,-0.00965971,58.4246,62.6005,225,336
DCUN1D2,other,0.00372522,193.337,59.6532,71,235
DCUN1D4,other,0.016759,50.2548,50.1756,244,376
DCUN1D5,other,-0.00406197,93.3088,69.5474,144,330
DCXR,other,-0.0104092,427.206,44.0882,44,985
DDA1,other,0.0152885,39.3437,78.8702,402,355
DDAH2,other,-0.0392755,208.07,39.0774,66,673
DDB2,other,-0.0238799,190.39,58.4953,69,260
DDHD2,other,-0.0344872,74.8708,43.3466,166,522
DDI2,other,-0.00468815,174.551,51.4572,87,815
DDIT3,other,-0.0352111,48.5581,37.0605,264,502
DDIT4,other,0.0637045,66.7757,68.8342,172,289
DDR1,other,-0.0196425,36.4932,73.224,359,201
DDRGK1,other,0.0807015,93.2936,113.836,136,744
DDT,other,-0.00166114,42.1132,39.1141,324,531
DDX1,other,-0.0124228,43.7351,355.829,306,72
DDX11,other,0.0516126,55.7873,41.0576,230,683
DDX17,other,0.193929,75.8701,71.6011,254,990
DDX19A,other,-0.00969626,64.6764,58.7811,213,368
DDX19B,other,-0.0171291,16.8657,37.1467,722,764
DDX20,other,-0.125666,267.148,48.2944,108,522
DDX21,other,0.0450371,220.541,306.449,136,40
DDX28,other,-0.00910054,44.4772,42.9835,297,562
DDX31,other,-0.0198008,110.25,61.0853,113,359
DDX39A,other,-0.00813701,284.689,110.133,59,166
DDX39B,other,0.11022,248.928,139.714,78,147
DDX3X,other,0.0085065,152.08,53.7342,107,469
DDX41,other,-0.0255233,158.429,752.857,121,11
DDX42,other,-0.0008959,130.509,495.463,99,32
DDX5,other,0.0125441,68.0467,148.922,310,168
DDX50,other,0.0175633,50.4039,40.4351,259,614
DDX51,other,-0.0389671,211.978,706.213,150,11
DDX52,other,0.0900916,287.728,1228.06,144,21
DDX54,other,0.0160248,77.654,253.762,181,86
DDX55,other,0.0101174,103.869,144.474,201,104
DDX6,other,0.148189,259.163,112.935,112,212
DECR1,other,-0.00212169,63.3453,61.6075,207,433
DECR2,other,0.019381,190.681,41.9803,70,496
DEDD,other,-0.028636,45.9911,49.4798,299,329
DEDD2,other,-0.0205437,73.8588,45.1111,168,371
DEF6,other,0.0091868,74.7579,37.9084,161,532
DEF8,other,0.0240322,103.102,50.492,127,913
DEGS1,other,0.00702083,95.1495,37.4512,121,1514
DELE1,other,6.03578e-05,156.204,35.4699,79,773
DENND10,other,0.0227934,55.7547,32.7463,238,648
DENND1A,other,0.0280507,167.151,57.4046,83,640
DENND1B,other,0.0117226,114.619,37.2313,115,1110
DENND2D,other,0.0554025,32.3072,72.9788,431,626
DENND4A,other,-0.0044295,163.678,43.9699,89,789
DENND4B,other,0.0103368,27.5146,49.5735,457,768
DENND4C,other,-0.00239669,51.2631,40.5533,281,618
DENND5A,other,-0.0145914,100.158,52.0249,124,393
DENR,other,0.261229,70.1824,87.0199,400,861
DEPDC1,other,0.0206594,62.9966,40.0749,195,652
DEPDC1B,other,0.00143799,156.092,52.5896,80,508
DEPDC5,other,0.00398078,94.694,61.642,209,725
DEPDC7,other,0.000767169,76.6703,30.5067,173,645
DERA,other,-0.0315304,573.667,46.2173,32,416
DERL1,other,0.000186034,58.5532,39.4225,221,767
DERL3,other,-0.00249685,102.4,62.9768,133,292
DESI1,other,0.11897,41.6466,155.807,482,130
DESI2,other,-0.0127773,53.5657,79.5716,239,1048
DEXI,other,-0.0205049,90.5725,47.8509,139,729
DFFA,other,0.0111766,262.82,33.1906,70,664
DFFB,other,-0.00399788,44.7613,66.2031,270,884
DGAT1,other,0.00952419,347.558,44.19,48,906
DGCR2,other,0.0327918,302.448,45.6708,49,461
DGCR6L,other,0.0204428,71.7791,59.5875,182,841
DGKD,other,-0.0724191,112.429,32.4986,140,558
DGKE,other,-0.00347062,67.0016,38.702,190,788
DGKH,other,-0.0409338,30.0631,72.146,442,188
DGKQ,other,0.0306655,30.5965,27.5942,416,1170
DGKZ,other,0.0290424,76.3945,121.154,171,203
DGLUCY,other,-0.0665109,66.663,33.0828,193,752
DGUOK,other,0.00765382,108.842,68.6672,130,210
DHCR24,other,0.0177709,81.1445,40.1334,148,658
DHCR7,other,-0.0190837,87.5122,43.8377,147,935
DHODH,other,0.0772637,56.5832,283.899,401,68
DHPS,other,0.0450591,156.14,177.857,111,132
DHRS11,other,-0.01109,72.3803,36.0732,188,592
DHRS12,other,0.0116732,95.9837,67.5975,125,202
DHRS13,other,0.00187986,63.3901,54.3871,186,741
DHRS2,other,0.0311921,123.02,24.0162,96,912
DHRS3,other,0.00486659,61.6248,28.6806,220,587
DHRS4,other,-0.00981479,127.477,60.1114,103,399
DHRS4L2,other,0.0166952,120.805,36.0578,111,643
DHRS7,other,0.00817558,103.424,86.5994,121,284
DHRS7B,other,0.00351347,140.014,34.662,99,870
DHTKD1,other,0.0169679,138.003,34.483,95,663
DHX15,other,0.0509485,493.139,539.418,101,21
DHX16,other,0.00565314,60.064,507.768,215,23
DHX30,other,0.0418717,50.7927,51.4483,307,536
DHX32,other,-0.00957845,68.8393,39.783,220,546
DHX33,other,0.0669221,92.9076,358.086,266,40
DHX34,other,-0.00557162,46.926,32.9596,293,801
DHX36,other,0.3196,105.057,353.036,435,208
DHX38,other,0.0190218,277.28,64.1611,48,228
DHX40,other,0.0146313,52.3244,72.8486,259,548
DHX57,other,0.00993348,91.2389,56.2213,130,254
DHX9,other,0.0417219,78.6418,131.384,192,138
DIABLO,other,0.00940131,83.484,59.489,147,1402
DIAPH1,other,0.016153,72.0528,58.8601,178,276
DIAPH3,other,0.0271183,50.8244,52.997,280,332
DIDO1,other,-0.00826999,32.1783,44.8476,389,980
DIP2A,other,0.00115776,62.9664,35.5672,193,792
DIP2B,other,0.0172631,66.9097,23.6427,203,915
DIPK1B,other,-0.0235608,42.767,103.697,366,228
DIPK2A,other,-0.0121171,59.1485,240.422,201,60
DIS3,other,0.137725,603.085,352.213,46,65
DIS3L,other,0.0358563,47.0652,62.3539,259,283
DIS3L2,other,0.0387151,45.0562,47.5182,306,1181
DIXDC1,other,-0.0147699,70.5562,29.1023,171,691
DLD,other,0.115573,236.2,155.713,162,121
DLG1,other,-0.00630993,59.27,21.6558,204,1292
DLG5,other,0.0304143,64.8689,87.0119,219,183
DLGAP4,other,-0.0160517,84.6767,29.2969,138,947
DLGAP5,other,-0.0120528,66.4906,26.0101,185,765
DLX1,other,0.0323184,49.2602,61.701,237,455
DLX2,other,0.0606739,46.0227,65.8825,311,295
DLX3,other,-0.00490161,94.6376,46.3669,138,453
DLX4,other,0.00793063,82.155,61.7946,179,313
DLX5,other,0.00420089,59.19,34.748,211,711
DLX6,other,0.0570812,70.5981,47.613,166,960
DMAC1,other,-0.00344379,2890.87,74.2581,19,274
DMAC2,other,0.0226736,68.8854,88.6715,221,199
DMAC2L,other,0.133661,99.1073,43.1343,164,1262
DMBX1,other,0.0144804,71.3732,58.0441,207,455
DMC1,other,-0.022303,208.787,49.2412,70,452
DMD,other,-0.0147199,101.141,64.8335,131,1591
DMPK,other,-0.00814423,73.3609,37.628,163,501
DMRT1,other,0.00537318,252.126,40.3082,55,917
DMRT2,other,-0.0240976,78.6479,53.5825,155,395
DMRT3,other,-0.00109182,145.288,59.9199,86,411
DMRTA1,other,0.0013127,61.3762,34.3985,204,580
DMRTA2,other,-0.0153463,60.5869,64.0423,212,1495
DMRTB1,other,0.0154313,65.638,45.1733,200,3102
DMRTC2,other,0.0529536,526.381,101.494,49,266
DMTN,other,-0.0241087,32.8997,42.1597,365,908
DMWD,other,0.00521549,41.4239,56.6041,346,318
DMXL1,other,-0.00442694,143.414,61.2961,125,286
DMXL2,other,0.014769,54.4236,104.259,229,592
DNAAF2,other,0.0516342,49.6548,150.103,292,120
DNAJA1,other,0.00946612,28.9986,58.5749,523,469
DNAJA2,other,0.0263289,1158.38,57.1557,26,488
DNAJA3,other,0.217792,191.191,222.725,159,157
DNAJB1,other,-0.0113929,62.9069,60.0337,214,877
DNAJB11,other,0.023856,33.0356,29.9472,399,1487
DNAJB12,other,0.00565492,57.7811,27.5817,230,685
DNAJB14,other,0.0277225,61.7012,39.7007,209,1333
DNAJB4,other,0.0271625,498.537,52.4747,40,352
DNAJB6,other,-0.00834743,57.8281,36.9469,227,1021
DNAJB9,other,0.113176,42.9797,44.2494,289,894
DNAJC1,other,-0.0362845,118.535,72.4377,109,329
DNAJC10,other,0.0465561,50.4962,47.1636,240,596
DNAJC11,other,-0.0559805,81.3539,67.0887,171,538
DNAJC12,other,-0.0124154,168.107,27.1765,79,779
DNAJC13,other,-0.0145816,115.754,42.73,115,654
DNAJC14,other,-0.0339425,100.126,52.6652,121,337
DNAJC16,other,0.0380677,76.8517,58.588,156,1218
DNAJC19,other,-0.102179,183.089,35.7282,216,732
DNAJC2,other,-0.000622269,314.201,832.602,49,48
DNAJC21,other,0.0101032,134.365,87.2167,117,230
DNAJC24,other,0.0321414,151.184,65.7748,100,506
DNAJC3,other,-0.0157945,14.6897,69.5082,933,589
DNAJC30,other,0.0154532,49.2042,48.934,256,531
DNAJC4,other,-0.036802,299.281,98.1818,53,166
DNAJC5,other,0.000339523,62.325,42.1932,197,634
DNAJC6,other,0.01659,53.5524,51.0502,236,325
DNAJC7,other,-0.0197803,79.5774,46.5922,174,382
DNAJC8,other,0.167775,48.6088,71.1296,488,453
DNAJC9,other,-0.0355516,58.9803,94.4917,212,201
DNAL1,other,0.061421,49.7933,37.3363,250,580
DNASE1L1,other,0.00378983,84.2917,37.258,205,490
DNASE2,other,-0.0208862,213.579,81.514,70,462
DNLZ,other,0.00822733,41.7615,81.1135,316,285
DNM1L,other,-0.0396409,72.6564,43.1981,224,1287
DNMT3A,other,0.0114431,136.547,47.3496,102,464
DNMT3B,other,-0.00125534,31.6253,104.135,380,231
DNPEP,other,-0.0231144,99.8965,37.0654,135,842
DNPH1,other,-0.0312729,96.1155,34.2954,129,597
DOCK11,other,-0.0189297,244.2,35.1033,64,696
DOCK2,other,0.0106964,47.51,79.3266,250,1015
DOCK6,other,0.0124824,70.8715,37.125,244,504
DOCK7,other,-0.0145763,120.037,37.4653,115,566
DOCK8,other,-0.00587176,76.503,37.5001,157,886
DOCK9,other,-0.0190719,89.8873,37.3745,138,605
DOHH,other,0.122694,200.573,132.815,305,409
DOK1,other,-0.0167413,34.6061,27.6193,369,738
DOK2,other,-0.000589044,94.7341,39.6497,144,425
DOK3,other,-0.0270885,98.0472,50.5391,128,599
DOK4,other,-0.0449438,33.1037,52.2705,390,1390
DOLK,other,0.0772781,59.1045,75.7818,319,224
DOLPP1,other,0.0405562,55.9838,54.5805,222,2104
DONSON,other,0.077603,73.7191,1091.26,367,10
DOT1L,other,0.010427,74.9695,153.536,171,125
DPAGT1,other,0.0217839,44.1954,419.267,273,35
DPCD,other,0.0397395,2129.86,55.1231,18,363
DPF1,other,-0.00176771,32.1869,75.5534,380,340
DPF2,other,0.0684732,38.9646,186.282,424,85
DPF3,other,-0.018287,147.427,29.3689,100,1080
DPH1,other,-0.0128662,23.3076,167.213,689,143
DPH2,other,0.00653904,89.337,72.6049,246,328
DPH3,other,0.0079311,113.365,46.8384,112,477
DPH5,other,0.104462,141.081,87.2807,101,400
DPH6,other,0.106372,60.9925,59.5681,236,393
DPH7,other,-0.0341692,72.2975,42.3753,180,738
DPM1,other,0.0437581,129.528,55.8021,106,623
DPM2,other,0.0272603,42.2991,40.4434,310,423
DPM3,other,0.0230763,60.0089,45.929,223,746
DPP3,other,0.0245966,102.613,50.3255,124,833
DPP7,other,0.0110561,34.2037,422.088,372,34
DPP8,other,0.0220453,64.7847,33.3292,196,537
DPP9,other,-0.00682796,26.3604,50.0058,496,391
DPRX,other,0.00847754,74.8103,49.2931,172,421
DPY19L1,other,0.0193938,45.1462,62.2135,293,288
DPY19L3,other,0.0263153,130.513,207.753,100,87
DPY19L4,other,0.0600255,73.1682,28.5704,244,1032
DPYSL2,other,-0.0176514,68.4018,34.7724,188,1205
DR1,other,0.023422,58.7154,54.7945,287,445
DRAM1,other,0.0128729,37.2434,30.4095,345,679
DRAM2,other,0.0219589,55.815,36.6757,221,600
DRAP1,other,-0.0269197,42.1229,130.821,435,564
DRG1,other,0.0401946,49.585,55.3176,274,454
DRGX,other,-0.00467461,92.7732,22.6062,142,1184
DSC2,other,0.09037,70.6747,50.8955,197,423
DSCC1,other,0.0449486,161.717,90.6092,86,419
DST,other,-0.0212064,26.1313,24.4697,491,1152
DSTN,other,0.0153266,91.3239,35.3582,141,560
DSTYK,other,0.0288037,84.558,32.2171,193,680
DTD1,other,0.0566131,43.3047,40.8085,286,520
DTD2,other,-0.00213908,58.1346,45.5767,212,334
DTL,other,-0.00325345,120.231,368.103,111,42
DTWD1,other,0.00846495,96.8082,89.6633,136,211
DTWD2,other,0.010561,52.1428,40.9623,246,463
DTX2,other,-0.00467721,259.595,44.0184,56,382
DTYMK,other,0.0344241,70.5447,215.727,227,54
DUS1L,other,0.030781,57.3941,51.4179,241,289
DUS2,other,0.045806,68.2444,85.5718,186,174
DUS3L,other,0.0174231,45.0652,59.376,293,340
DUS4L,other,0.0127481,80.0743,83.0519,140,200
DUSP1,other,-0.0207835,68.4999,31.3687,185,1024
DUSP10,other,0.00119142,41.4779,34.3308,306,734
DUSP11,other,-0.00487291,47.0085,26.1969,245,867
DUSP12,other,0.0563017,121.332,307.095,126,115
DUSP14,other,0.0114763,57.3141,54.3484,204,369
DUSP22,other,0.0160279,87.4315,39.3978,146,576
DUSP23,other,0.0275176,53.3933,36.0386,229,609
DUSP28,other,-0.0335125,55.301,1020.95,243,11
DUSP3,other,0.00722543,69.3243,27.9546,179,807
DUSP7,other,0.00340571,43.2934,24.2405,280,1259
DUXA,other,0.0144753,116.665,51.0164,113,336
DVL1,other,-0.027192,100.573,89.2007,130,165
DVL2,other,-0.00170043,47.0306,34.9718,278,610
DXO,other,0.00185883,502.942,37.4304,44,637
DYM,other,-0.00927386,63.2853,34.8314,203,786
DYNC1H1,other,0.0159466,106.013,728.685,156,14
DYNC1LI1,other,0.00413121,68.5419,43.0891,182,395
DYNC1LI2,other,0.0179187,81.2388,45.7342,172,851
DYNC2LI1,other,-0.00619495,150.895,53.813,92,502
DYNLL1,other,0.0249801,109.963,55.6014,128,416
DYNLL2,other,-0.00651238,126.283,75.2019,178,223
DYNLRB1,other,0.0255971,34.2379,343.563,380,43
DYNLT1,other,-0.0196954,38.6146,43.4468,323,362
DYNLT3,other,0.0403962,108.182,27.5062,125,1116
DYRK1A,other,0.0083611,119.294,26.5738,111,920
DYRK2,other,-0.00517187,143.808,42.636,85,613
DYRK3,other,-0.00600811,230.539,40.5851,73,846
DYRK4,other,0.0102147,68.9755,58.1902,178,467
DZIP1,other,-0.014663,70.4922,37.9902,162,965
E2F2,other,0.00279411,59.0288,51.2429,214,409
E2F3,other,-0.0375085,33.6775,44.8408,393,496
E2F5,other,0.00459621,273.085,56.2771,56,345
E2F6,other,0.0324793,41.608,58.7218,308,287
E2F7,other,0.0474737,94.7862,39.4273,136,451
E2F8,other,0.0395384,98.024,45.9375,179,401
E4F1,other,0.0562336,77.8253,875.173,243,22
EAF1,other,0.0399857,356.875,45.7889,44,946
EAF2,other,-0.000383338,71.1892,46.0699,184,971
EARS2,other,0.0454822,49.8181,69.6448,360,321
EBAG9,other,0.0360074,191.46,72.222,70,274
EBF1,other,-0.00702833,114.498,54.1573,115,263
EBF2,other,-0.0251191,44.3538,34.3712,286,572
EBF3,other,0.0841153,80.6343,55.0548,183,978
EBF4,other,-0.025137,54.5063,64.6376,225,333
EBP,other,0.0217371,55.784,22.9342,222,1213
EBPL,other,-0.0178258,81.3868,41.5744,149,1238
ECD,other,-0.00687709,142.662,152.144,135,521
ECE1,other,0.0193951,46.9455,45.9852,282,450
ECE2,other,0.0248788,233.766,39.5093,71,843
ECH1,other,-0.00314507,49.0511,41.9804,283,477
ECHDC1,other,0.028596,105.231,31.7265,128,823
ECHS1,other,0.0503766,46.4629,70.2008,270,832
ECI1,other,0.00313244,98.5131,38.7472,138,465
ECI2,other,-0.00011987,159.25,59.4085,99,290
ECPAS,other,-0.0191286,72.2336,38.6987,177,456
ECSIT,other,-0.00351237,59.2532,42.8082,234,545
EDARADD,other,0.00680775,81.7429,39.3268,162,700
EDC3,other,0.0649891,40.9376,190.413,365,1398
EDC4,other,-0.00638493,35.2482,61.6164,448,342
EDEM1,other,-0.00826873,73.479,59.4009,172,299
EDEM2,other,0.00036371,107.315,32.5313,121,664
EDEM3,other,0.0165962,63.6631,48.8127,202,504
EDF1,other,0.0529241,46.5276,23.0913,290,1124
EEA1,other,-0.01324,56.2997,48.6158,217,1024
EED,other,-0.0262815,174.241,63.9761,76,293
EEF1A1,other,0.0190468,207.941,65.8549,64,312
EEF1AKMT1,other,-0.000183063,64.0231,40.5675,194,414
EEF1AKMT2,other,-0.0116365,64.4112,33.1624,195,624
EEF1B2,other,0.0392045,213.09,54.6944,60,411
EEF1D,other,-0.00582191,62.3603,59.5424,199,261
EEF1E1,other,0.0105195,61.9752,47.6139,222,551
EEF1G,other,0.0721743,198.049,571.984,201,24
EEF2K,other,-0.00556709,50.2252,42.1206,260,430
EEFSEC,other,-0.0761111,132.329,105.134,155,156
EFCAB11,other,0.0467756,54.2666,43.5468,237,716
EFCAB14,other,0.0366521,144.01,33.1158,90,1119
EFCAB2,other,0.0170619,59.9181,41.8025,201,638
EFHD1,other,0.00115015,757.189,47.7921,31,649
EFHD2,other,-0.0301461,326.806,247.592,46,157
EFNA1,other,0.00491802,90.5956,29.8369,137,794
EFNA4,other,0.0324638,59.0341,82.1787,213,195
EFR3A,other,0.217268,457.868,335.291,48,70
EGFL7,other,0.00120954,48.4236,51.6177,280,344
EGFL8,other,-0.00521536,156.856,133.884,79,138
EGLN1,other,0.0235066,40.4634,32.7003,319,765
EGLN2,other,-0.0158337,38.1217,76.3044,331,502
EGLN3,other,-0.000698584,70.904,46.5271,176,412
EGR1,other,0.0470134,42.3489,34.0915,374,537
EGR2,other,-0.0304327,60.9669,47.3719,201,595
EGR3,other,0.0079793,40.3269,46.3869,298,498
EGR4,other,0.0644686,45.469,24.983,269,986
EHBP1,other,0.00839131,61.5941,67.1755,224,326
EHBP1L1,other,0.0145285,163.28,53.5302,86,253
EHD1,other,0.0246628,71.3266,33.4288,178,674
EHD4,other,0.0131053,69.1429,48.931,186,423
EHF,other,-0.010178,182.038,28.3814,69,1143
EHMT1,other,0.0346861,126.464,49.1615,135,1623
EHMT2,other,0.0947628,99.5227,87.0405,186,673
EI24,other,-0.0473761,82.4296,165.113,181,113
EID1,other,0.0255033,106.99,52.5744,127,419
EID2,other,0.00600317,106.81,52.3047,125,380
EID2B,other,-0.00134188,493.827,45.8593,37,552
EIF1,translation initiation (EIF),0.0640173,70.9696,106.63,216,404
EIF1AD,translation initiation (EIF),0.0553228,123.413,115.729,108,149
EIF1AX,translation initiation (EIF),0.0537086,94.0903,256.98,223,527
EIF1B,translation initiation (EIF),0.0103924,102.1,85.2924,125,187
EIF2A,translation initiation (EIF),0.0143364,134.782,33.3279,105,656
EIF2AK1,translation initiation (EIF),-0.0147475,58.5818,38.3895,227,455
EIF2AK2,translation initiation (EIF),0.00876518,62.2413,27.4566,215,889
EIF2AK3,translation initiation (EIF),0.0053364,65.6028,40.9114,194,433
EIF2AK4,translation initiation (EIF),0.00596092,94.9934,57.4904,142,391
EIF2B1,translation initiation (EIF),0.113421,152.999,573.868,217,23
EIF2D,translation initiation (EIF),0.00627524,126.667,65.3965,105,321
EIF2S1,translation initiation (EIF),-0.0628681,351.796,130.884,89,116
EIF2S3,translation initiation (EIF),0.0103896,370.231,52.8949,63,467
EIF3E,translation initiation (EIF),0.112787,256.95,648.034,102,13
EIF3G,translation initiation (EIF),0.026983,374.403,739.499,49,13
EIF3H,translation initiation (EIF),0.219723,138.25,127.494,291,184
EIF3J,translation initiation (EIF),0.0406155,124.875,331.541,161,71
EIF3K,translation initiation (EIF),0.100642,100.098,73.8414,138,702
EIF3L,translation initiation (EIF),0.0820682,96.6477,94.9242,157,259
EIF3M,translation initiation (EIF),0.122981,171.84,261.276,125,74
EIF4A1,translation initiation (EIF),0.0426474,287.558,228.989,58,77
EIF4A2,translation initiation (EIF),0.0118158,85.8792,436.72,145,38
EIF4A3,translation initiation (EIF),0.00715735,1152.65,151.03,24,215
EIF4B,translation initiation (EIF),0.0338744,135.6,74.9792,107,511
EIF4E,translation initiation (EIF),0.0569231,291.188,95.5108,172,158
EIF4E2,translation initiation (EIF),0.0337853,94.1367,33.1419,184,674
EIF4EBP1,translation initiation (EIF),-0.00491181,94.9097,35.4676,139,648
EIF4EBP2,translation initiation (EIF),0.0193683,79.2961,34.1078,163,861
EIF4ENIF1,translation initiation (EIF),0.0197512,74.1397,118.414,207,132
EIF4G1,translation initiation (EIF),0.182975,137.672,391.271,223,65
EIF4G2,translation initiation (EIF),0.0271911,38.5831,181.763,418,281
EIF4G3,translation initiation (EIF),0.00564706,44.1205,58.0202,278,375
EIF4H,translation initiation (EIF),0.0514456,69.6154,55.2374,239,380
EIF5,translation initiation (EIF),0.0290354,56.1646,33.1318,278,532
EIF5A,translation initiation (EIF),0.121255,122.59,386.957,179,71
EIF5A2,translation initiation (EIF),0.000265608,73.7704,48.1025,178,437
EIPR1,other,0.0546657,102.748,112.363,133,265
ELAC1,other,0.00846836,69.2082,90.2103,198,228
ELAC2,other,0.00916662,94.941,491.546,141,33
ELAVL1,other,0.195313,90.7548,119.671,220,1235
ELF1,other,0.0207978,303.365,109.723,49,139
ELF2,other,0.012028,62.5955,35.4377,211,792
ELF3,other,0.0104612,42.6075,39.5977,303,469
ELF4,other,0.0439129,57.3811,87.1469,244,393
ELF5,other,-0.00883287,46.1709,32.9441,267,994
ELK3,other,0.0178389,106.321,36.1269,126,799
ELK4,other,0.0185445,112.315,29.8057,120,790
ELL,other,0.0547041,141.341,110.48,122,149
ELL2,other,0.0539309,95.833,30.8902,134,838
ELMO2,other,-0.00338136,355.611,476.563,44,40
ELMOD2,other,0.0251823,97.9681,26.17,127,1005
ELMOD3,other,-0.00205816,48.188,74.7662,255,219
ELOA,other,-0.012182,65.3014,81.8612,205,289
ELOB,other,0.140406,65.4394,175.837,402,975
ELOF1,other,0.369012,165.878,131.152,248,3290
ELOVL1,other,0.029002,37.5375,38.3685,350,911
ELOVL5,other,0.0225214,42.5239,28.7524,293,865
ELOVL6,other,0.00351658,57.0607,52.4813,229,492
ELP1,other,0.0402331,206.113,153.718,82,151
ELP2,other,0.0718801,44.4149,154.234,370,217
ELP3,other,0.134673,86.3529,110.035,197,427
ELP4,other,0.0922758,209.269,126.896,99,182
ELP5,other,0.110464,66.3691,101.115,317,299
ELP6,other,-0.00860945,83.2145,131.867,154,243
EMC1,other,-0.0294512,71.6774,72.8057,195,255
EMC10,other,0.0194817,69.9478,55.2098,187,313
EMC2,other,0.0861883,97.1873,144.814,158,122
EMC3,other,0.00170421,28.6166,60.3455,458,937
EMC4,other,-0.002017,116.643,64.9211,115,372
EMC6,other,-0.00415526,88.1272,57.5129,155,385
EMC7,other,0.0186223,41.4942,24.3288,380,920
EMC8,other,0.0485273,39.073,40.7792,366,934
EMC9,other,0.00974275,57.0268,74.654,251,377
EMD,other,-0.00699618,35.7294,35.1092,360,1043
EME1,other,0.0534541,79.9353,85.0913,156,234
EME2,other,0.0218102,71.9189,64.5839,181,246
EMG1,other,0.0872159,960.266,325.644,30,49
EMILIN2,other,0.00250963,39.3141,38.4852,316,620
EML2,other,0.0198193,89.0339,56.4569,150,397
EML3,other,-0.0262289,118.199,187.052,130,93
EML4,other,0.00524282,211.958,25.6032,68,742
EMP3,other,0.0206405,272.704,68.6658,48,555
EMX1,other,-0.00159735,40.7394,54.2251,310,394
EMX2,other,0.0376732,83.8528,38.5102,150,602
EN1,other,-0.00384545,2250.56,55.3724,17,843
EN2,other,0.0577153,57.4655,46.7901,212,1879
ENDOD1,other,-8.35222e-05,306.25,37.624,49,788
ENDOG,other,-0.0108156,151.52,85.0955,87,666
ENDOV,other,0.0426324,54.4369,42.8132,251,1110
ENGASE,other,-0.00921614,44.4722,36.8186,328,1656
ENKD1,other,-0.0189331,110.25,30.6471,122,801
ENO1,other,0.000209303,148.766,198.524,123,68
ENO2,other,0.00684336,46.5522,49.7837,283,380
ENO3,other,0.0424815,46.4734,166.299,285,112
ENOPH1,other,0.0198917,47.7201,25.7136,255,930
ENOSF1,other,0.0352371,47.0616,24.8422,265,834
ENOX2,other,0.0375653,101.407,39.4497,124,569
ENPP3,other,0.0206771,45.4786,62.7775,297,309
ENSA,other,0.0107708,85.091,49.5578,155,653
ENTPD4,other,0.0118829,38.5122,39.6911,321,575
ENTPD6,other,0.00751973,130.137,272.043,106,58
ENTPD7,other,0.013439,727.652,32.21,30,860
ENTR1,other,-0.00474752,282.58,74.9742,54,266
ENY2,other,0.133314,163.228,303.556,258,43
EOGT,other,-0.0146543,193.145,38.1603,71,685
EOMES,other,-0.0308759,140.635,39.4311,93,913
EP300,other,0.0484244,177.294,39.7632,95,2044
EPAS1,other,-0.027426,55.5881,52.593,234,652
EPB41,other,0.0201657,42.3953,34.529,276,1021
EPB41L2,other,0.0562716,71.5142,81.9819,299,323
EPB41L5,other,0.00461417,67.3109,83.7453,178,252
EPC1,other,0.0693534,156.768,56.2112,100,734
EPCAM,other,-0.018512,80.8188,38.4932,144,614
EPHB4,other,0.0401044,56.6411,517.115,271,27
EPHB6,other,-0.00959777,66.4618,45.3702,201,846
EPHX1,other,-0.0329027,193.125,49.0728,77,328
EPHX2,other,-0.0155362,58.0937,38.8233,222,1021
EPN1,other,0.00351969,88.6856,44.2676,155,550
EPN2,other,0.0549441,33.0337,34.982,378,626
EPOP,other,0.0225148,51.9961,82.4783,232,179
EPOR,other,-0.0075234,30.1908,29.8725,416,905
EPPK1,other,0.0158999,73.3176,47.2142,186,402
EPS15,other,0.0289938,64.6515,26.2592,193,739
EPS15L1,other,0.0191733,114.218,121.864,118,149
EPS8L2,other,-0.0009282,75.8922,46.4172,164,526
ERAL1,other,-0.0603888,64.2773,92.9606,231,217
ERAP1,other,-0.0112098,46.6216,22.7247,297,885
ERBIN,other,0.00701284,125.778,37.2346,109,621
ERC1,other,0.0303583,35.6262,33.6678,340,523
ERCC1,other,0.0198978,60.112,94.3909,214,737
ERCC3,other,-0.102494,73.4452,440.366,269,22
ERCC4,other,0.0365997,26.5701,158.698,463,129
ERCC5,other,0.029322,116.927,41.5376,111,546
ERCC6L2,other,0.0136585,137.998,40.2675,96,540
ERCC8,other,0.0388189,696.743,43.9787,34,768
ERF,other,0.0467948,32.4172,96.6478,403,202
ERG,other,0.0214644,27.8627,46.1759,449,347
ERG28,other,-0.0202611,57.3179,68.901,244,476
ERGIC1,other,-0.0271057,60.1801,65.8475,226,375
ERGIC2,other,-0.00411558,83.2102,36.2591,153,606
ERGIC3,other,-0.0234047,50.6649,284.76,252,3077
ERH,other,0.0357958,434.05,1481.09,36,15
ERI1,other,-0.00147475,79.8597,178.881,164,67
ERI2,other,0.0555842,62.1155,33.9715,187,862
ERI3,other,-0.00790251,53.5437,29.7485,231,716
ERICH1,other,2.50261e-05,116.971,46.2481,112,587
ERLEC1,other,0.0222953,161.395,88.1557,87,228
ERLIN1,other,0.00884542,65.5623,48.0094,197,345
ERLIN2,other,-0.0198991,72.3717,63.1267,189,294
ERMAP,other,0.0393867,30.1112,32.3133,441,716
ERMARD,other,-0.014044,161.404,83.2028,83,680
ERMP1,other,0.0947097,94.1774,61.9325,177,277
ERN1,other,0.019846,39.9791,36.8487,361,1002
ERP29,other,0.031256,188.45,45.4864,72,530
ERP44,other,-0.0219163,46.2921,48.1799,269,391
ERV3-1,other,0.0179727,94.4795,79.5791,140,282
ESAM,other,-0.00483069,38.3732,27.4189,330,1320
ESCO1,other,-0.0120494,244.304,60.8929,56,535
ESCO2,other,-0.0292049,334.365,297.228,46,63
ESD,other,-0.0169249,277.22,38.0332,56,531
ESF1,other,-0.016825,91.6488,470.21,233,24
ESPN,other,-0.014348,13.3799,38.3958,1006,542
ESR1,other,-0.0178818,73.6505,32.1264,177,563
ESR2,other,-0.00229939,40.2732,36.3844,305,772
ESRRA,other,0.0398065,62.4472,32.3892,205,857
ESRRB,other,0.0246638,47.5442,24.4357,273,1097
ESRRG,other,0.0303691,24.8626,34.9056,519,1150
ESS2,other,-0.00391063,130.534,165.349,110,74
ESX1,other,-0.0180456,66.5804,30.9823,190,949
ESYT1,other,0.04131,59.8446,151.853,330,116
ESYT2,other,0.0838151,267.677,538.9,81,34
ETAA1,other,0.0139066,78.9484,70.7029,169,530
ETF1,other,-0.00744173,257.406,623.489,69,21
ETFA,other,1.88385e-05,85.3996,70.5958,152,588
ETFB,other,-0.0388642,35.4468,79.4654,359,1331
ETFDH,other,0.00533875,61.3912,360.128,196,61
ETFRF1,other,0.00331544,50.5228,37.5481,253,480
ETHE1,other,0.0301613,46.2107,30.1003,304,882
ETNK1,other,-0.0017023,47.8546,74.1878,294,473
ETNK2,other,-0.00191396,52.4941,46.1851,240,452
ETS1,other,-0.0247388,38.6614,73.7606,352,204
ETS2,other,-0.0273597,189.538,51.7513,91,987
ETV1,other,-0.0362651,91.5166,64.1268,129,990
ETV2,other,-0.00516247,45.9282,113.506,286,162
ETV3,other,-0.0158555,42.664,62.3159,315,327
ETV3L,other,-0.0039384,77.7983,43.7482,156,805
ETV4,other,-0.158365,375.583,65.2274,96,335
ETV5,other,-0.0317364,2375.75,100.665,19,134
ETV6,other,0.0046726,49.3811,31.3657,250,766
ETV7,other,0.0230136,166.908,38.0958,75,528
EVA1B,other,-0.0307718,75.1261,36.7999,171,624
EVI5,other,0.0436493,108.73,37.3583,117,1281
EVL,other,0.0733559,66.0979,28.6011,203,876
EVX1,other,-0.0404031,61.2264,34.6625,207,972
EVX2,other,-0.00116261,71.2723,36.4749,205,541
EWSR1,other,0.106085,95.3071,95.6505,158,892
EXD3,other,0.0152423,70.9773,49.6716,172,325
EXO1,other,0.0165661,52.7847,130.746,251,142
EXO5,other,0.00556107,500.472,65.7862,38,250
EXOC1,other,0.083414,43.1697,218.831,351,81
EXOC2,other,0.0107376,60.8526,1289.15,204,13
EXOC3,other,0.0348209,29.5972,158.405,450,90
EXOC4,other,-0.130319,137.193,205.7,187,117
EXOC5,other,0.032853,69.4366,1041.32,266,14
EXOC6,other,0.00663348,799.194,62.8237,27,1083
EXOC7,other,0.0313643,281.475,195.66,63,150
EXOC8,other,0.0417178,235.8,139.85,52,128
EXOG,other,-0.00494631,131.119,46.5364,98,479
EXOSC1,exosome (EXOSC),0.0840302,79.0835,360.028,170,70
EXOSC5,exosome (EXOSC),0.0476923,560.058,607.31,45,23
EXOSC8,exosome (EXOSC),-0.0787085,307.074,465.944,131,37
EXOSC9,exosome (EXOSC),0.0477644,418.646,158.672,58,93
EXPH5,other,0.00876446,182.949,35.6385,78,628
EXT2,other,-0.0182766,65.2041,77.7168,203,458
EXTL2,other,0.00211368,66.2678,70.7897,190,624
EXTL3,other,-0.0284143,77.444,78.1648,161,222
EYA3,other,-0.015249,101.976,68.1285,132,215
EZH1,other,0.00996268,50.9618,54.4646,236,262
EZR,other,-0.0281704,32.9683,95.5549,367,316
F11R,other,0.0209349,52.4721,36.2203,241,425
F12,other,-0.0223278,29.8541,36.3176,402,849
F2R,other,-0.00666759,132.185,22.0791,89,1036
F8A1,other,0.0198382,238.834,47.6765,56,436
FABP5,other,0.0244473,49.0566,44.2113,250,452
FADS1,other,0.0242329,49.313,61.7808,251,440
FADS2,other,0.0511318,26.3601,39.8835,489,602
FADS3,other,0.0109047,276.142,48.7882,58,718
FAF1,other,0.0368596,54.3193,51.198,225,2061
FAF2,other,-0.00635619,38.9221,216.403,379,105
FAH,other,-0.00131666,33.1481,25.9923,379,749
FAHD1,other,0.0183407,56.3499,35.9257,218,1561
FAHD2A,other,0.0105113,24.1054,101.47,535,134
FAHD2B,other,-0.000126421,217.263,24.0998,62,1251
FAIM,other,-0.00772287,211.175,45.7677,64,405
FAM110A,other,0.011561,69.7116,61.9279,191,331
FAM111A,other,0.0312886,136.342,35.6408,94,764
FAM114A2,other,0.00453689,59.6925,25.8294,215,866
FAM117A,other,-0.0177629,26.4893,37.2906,495,502
FAM117B,other,0.031242,158.27,65.1695,89,494
FAM118A,other,0.0248077,42.93,80.7311,298,300
FAM118B,other,0.0631457,96.2908,52.4236,157,489
FAM120AOS,other,0.00709819,49.6404,31.4634,255,629
FAM120B,other,-0.0133504,64.3225,30.0219,186,699
FAM120C,other,0.00222588,60.2915,76.6447,211,192
FAM124B,other,-0.00647603,78.0011,41.1421,170,641
FAM131A,other,0.000876414,78.4868,125.392,158,120
FAM133B,other,0.0187453,169.628,44.178,86,526
FAM135A,other,0.0240698,76.113,56.3179,167,420
FAM136A,other,0.00432708,237.829,71.1331,89,178
FAM13A,other,0.0115884,71.4037,46.5302,174,761
FAM13B,other,0.00516302,104.874,180.074,118,72
FAM156A,other,0.00166684,59.1252,44.6086,212,378
FAM156B,other,0.0323883,14.0415,45.7988,1006,614
FAM161A,other,0.00547925,503.222,69.1837,39,632
FAM162A,other,-0.0100572,115.524,89.4365,113,164
FAM168B,other,-0.0323984,99.8302,33.6755,134,867
FAM170A,other,-0.0107531,136.769,67.228,95,314
FAM171A1,other,-0.0182411,56.7282,46.6561,216,471
FAM174A,other,0.0332042,82.295,61.3247,167,371
FAM174C,other,-0.0305494,88.4578,48.0139,153,433
FAM177A1,other,0.0231037,98.3967,73.4622,130,272
FAM184A,other,-0.0186821,55.0003,30.5487,237,717
FAM185A,other,0.000662204,157.121,42.6681,85,1021
FAM193A,other,-0.047786,53.9787,92.3438,226,865
FAM193B,other,-0.00256223,56.9434,49.0671,237,414
FAM199X,other,-0.0252204,44.4848,32.8325,271,713
FAM200B,other,0.00935038,59.1904,50.5729,202,321
FAM204A,other,-0.00508103,78.2823,159.793,185,95
FAM20B,other,0.00501458,137.96,83.7449,122,373
FAM210A,other,-0.0324174,97.0284,163.417,163,131
FAM210B,other,-0.00208098,37.761,42.1856,330,1179
FAM216A,other,0.0147843,1976.62,48.3998,20,495
FAM217B,other,0.0336121,74.5209,39.3867,157,510
FAM219B,other,-0.00750239,30.6409,35.2858,380,824
FAM222B,other,-0.03911,36.7627,44.5038,347,621
FAM229A,other,0.033969,29.0975,34.4018,415,1068
FAM229B,other,0.0180756,71.1797,74.2594,172,1927
FAM241A,other,-0.0389558,47.9672,56.4341,329,522
FAM241B,other,0.00660011,61.3441,34.5719,203,853
FAM24B,other,0.012064,95.8938,64.8669,130,1356
FAM3A,other,-0.00477426,55.7588,50.7882,217,783
FAM3C,other,0.0469392,47.1046,83.2951,254,333
FAM50A,other,-0.050299,520.555,35.6642,42,976
FAM53B,other,-0.00817633,85.0084,35.4852,148,1056
FAM53C,other,0.0166422,64.4944,29.6584,215,608
FAM72C,other,0.00235601,65.823,35.169,191,1335
FAM76A,other,-0.0212314,38.5958,33.089,302,1589
FAM76B,other,0.00682881,82.9147,61.6423,152,469
FAM78A,other,0.0202445,45.6072,38.8456,271,1341
FAM83D,other,0.0168228,34.2756,20.926,339,1417
FAM83G,other,-0.0143937,147.458,24.3256,89,937
FAM83H,other,-0.0249789,72.0641,50.8855,243,446
FAM89A,other,0.00962759,44.0022,32.9467,278,959
FAM89B,other,-0.0267652,52.5012,133.292,236,134
FAM8A1,other,-0.00466186,39.882,28.2172,316,666
FAM91A1,other,-0.0165766,77.5345,44.0227,160,649
FAM98A,other,0.00514806,58.2242,47.1509,210,919
FAM98B,other,0.065933,119.613,125.819,120,519
FAM98C,other,-0.0241548,40.13,64.2906,306,858
FAN1,other,-0.0285818,44.0388,37.1877,293,538
FANCA,other,-0.0373706,167.053,63.2848,70,384
FANCB,other,0.0214491,115.986,82.8423,121,393
FANCD2,other,-0.0292366,87.3522,80.3031,142,304
FANCE,other,-0.0346027,413.848,92.6812,40,243
FANCF,other,-0.00630528,140.671,74.23,85,296
FANCG,other,0.00611404,43.9577,56.1122,315,330
FANCI,other,0.0602135,1630.34,196.6,20,114
FANCL,other,-0.0327023,139.986,157.117,88,153
FANCM,other,0.0284852,179.508,83.7232,78,501
FAR1,other,0.0159041,39.4454,32.8062,400,809
FAR2,other,-0.00612361,74.463,34.6943,175,889
FARP2,other,-0.000550946,44.5233,24.4021,289,1124
FARS2,other,0.0187712,147.943,53.9907,90,403
FARSA,other,0.124846,259.648,415.377,141,49
FASTK,other,-0.0425559,91.6451,46.5059,192,469
FASTKD1,other,-0.0146985,96.4088,53.5607,143,362
FASTKD2,other,-0.00101045,1699.62,34.2325,19,722
FASTKD3,other,0.0558576,102.036,55.818,136,488
FASTKD5,other,-0.00625662,54.5498,49.2617,317,591
FAXDC2,other,0.00183595,26.0775,37.5219,479,568
FBF1,other,0.00424327,41.0632,148.415,306,187
FBH1,other,0.0132398,58.4416,41.979,218,790
FBLIM1,other,0.0195555,49.1111,73.3647,291,305
FBRS,other,0.00630899,403.499,69.2265,46,351
FBXL12,other,-0.00891961,36.3863,53.7553,345,407
FBXL14,other,0.0780967,88.1716,109.944,648,161
FBXL15,other,0.0584414,436.375,169.273,37,1357
FBXL19,other,-0.0445708,29.6397,98.4297,467,286
FBXL20,other,-0.0497238,81.5909,75.0189,147,281
FBXL3,other,0.0205729,81.0815,85.9575,155,529
FBXL4,other,0.0267723,49.4074,40.1986,261,480
FBXL5,other,-0.00705083,28.6084,73.6377,491,267
FBXL8,other,0.016618,35.3343,77.7159,383,225
FBXO11,other,0.0563489,125.836,64.5883,110,929
FBXO21,other,-0.0337705,67.2067,65.1006,197,1439
FBXO22,other,0.0297591,54.8408,35.506,226,1034
FBXO25,other,0.00189191,54.7762,30.2793,227,735
FBXO28,other,0.0239238,1003.84,75.6336,30,553
FBXO3,other,-0.0307238,31.2539,130.489,418,218
FBXO31,other,-0.0197168,53.8061,37.2314,237,635
FBXO33,other,-0.0238118,78.7041,46.6475,159,422
FBXO34,other,0.0170407,53.5812,69.245,236,218
FBXO38,other,0.044595,64.5274,68.5813,198,438
FBXO4,other,0.00355519,51.524,36.7566,238,536
FBXO41,other,0.00356216,50.9457,41.6224,251,440
FBXO42,other,0.0283375,59.4627,72.8201,305,376
FBXO44,other,0.0185245,45.8414,33.2967,272,863
FBXO45,other,-0.0125168,74.6883,25.4897,183,808
FBXO46,other,-0.0347778,56.613,52.3916,239,502
FBXO5,other,0.00549793,48.022,319.638,287,37
FBXO6,other,-0.0209077,166.074,48.6397,85,450
FBXO7,other,-0.0438099,143.609,41.725,89,501
FBXO8,other,-0.00815383,145.724,58.1543,98,421
FBXO9,other,0.0164216,43.4275,29.232,281,2566
FBXW2,other,-0.00416594,62.0565,42.4634,208,727
FBXW4,other,-0.00346028,43.4668,47.6494,305,437
FBXW5,other,0.00190317,229.421,46.1219,64,482
FBXW7,other,0.0652323,20.4374,34.3993,798,930
FBXW9,other,0.0261718,155.604,44.8934,88,1195
FCER1G,other,-0.0289117,95.1897,29.1947,141,942
FCGR2A,other,0.0203756,67.6131,42.2254,174,575
FCHO1,other,-0.028518,108.572,58.2205,127,413
FCHSD1,other,0.0225024,125.098,24.3278,96,812
FDFT1,other,0.0252188,49.4202,66.6647,257,271
FDPS,other,-0.0324682,1108.92,807.664,22,11
FDX1,other,-0.0284306,61.6674,140.321,209,147
FDX2,other,0.0486436,61.337,289.29,276,55
FDXR,other,0.0265148,35.0491,115.072,387,205
FECH,other,-0.00373945,9130.14,81.4327,6,254
FEM1A,other,0.0412151,56.4593,163.135,226,269
FEM1B,other,0.0357401,68.9634,48.0177,187,341
FEN1,other,0.0479231,41.6132,102.698,320,208
FERD3L,other,0.000555149,73.9002,48.3928,170,357
FERMT2,other,0.0286511,85.4387,48.1319,200,507
FERMT3,other,0.00873558,62.3127,30.8417,195,724
FES,other,0.017249,235.368,50.3477,63,394
FEV,other,0.00780783,41.0129,71.161,314,286
FEZ1,other,-0.0267781,50.0146,42.6692,234,1467
FEZ2,other,-0.0187289,36.6198,70.7237,374,1155
FEZF1,other,0.000822105,53.0038,30.748,250,964
FEZF2,other,0.0088889,137.584,59.2844,93,322
FGF2,other,-0.0293474,70.4757,52.0864,171,533
FGFR1,other,-0.0267045,47.0634,435.182,298,49
FGFR1OP2,other,-0.00849846,32.3161,75.4099,382,325
FGFRL1,other,0.00221285,65.3899,77.4073,188,265
FGGY,other,0.029498,43.9427,30.4774,298,1085
FH,other,0.0852952,135.871,478.356,108,58
FHIT,other,0.00589393,54.0604,76.5892,258,748
FHL2,other,0.00650518,61.7986,72.7293,218,211
FHOD1,other,-0.00717524,88.2806,34.4405,135,514
FIBP,other,0.0315745,80.9388,29.3654,179,1154
FIGLA,other,-0.0776353,47.079,62.1757,327,407
FIGNL1,other,-0.0139231,45.7689,94.559,248,361
FIS1,other,0.0277956,58.717,151.151,226,97
FIZ1,other,0.0419248,75.4832,37.31,194,784
FKBP11,other,0.0381357,52.8734,45.1242,258,380
FKBP14,other,0.0240403,55.9388,37.4685,227,864
FKBP15,other,0.0425021,109.379,161.694,123,96
FKBP1A,other,0.0128103,106.066,64.1205,131,212
FKBP1B,other,-0.0200766,128.985,50.9277,107,657
FKBP2,other,0.0101598,69.4866,261.292,183,210
FKBP3,other,0.00793073,31.5289,45.6862,397,426
FKBP4,other,0.0181352,68.3446,81.1634,184,267
FKBP5,other,0.0490462,58.2304,48.3895,213,595
FKBP7,other,-0.0494916,40.2893,35.6188,311,685
FKBP8,other,-0.012676,116.543,135.042,135,1585
FKBPL,other,-0.0003463,600.607,63.3746,37,212
FKRP,other,0.0035691,58.8464,54.4215,229,372
FLAD1,other,0.0535514,74.0461,174.863,174,116
FLCN,other,-0.00392911,162.36,68.1409,105,301
FLI1,other,-0.0311011,118.253,99.4273,143,310
FLII,other,0.0157735,58.6609,55.72,320,429
FLNA,other,0.0411985,38.2165,47.594,328,462
FLNB,other,-0.030255,73.7726,38.8541,169,560
FLOT1,other,-0.00968777,61.7098,40.7066,208,644
FLOT2,other,-0.0305456,53.1132,24.685,230,1452
FLVCR1,other,0.0047122,147.425,39.344,119,488
FLYWCH1,other,-0.0122781,62.9828,40.8559,246,673
FLYWCH2,other,-0.0319304,54.335,36.127,241,841
FMC1,other,0.011817,72.7468,39.7782,166,450
FMNL1,other,0.00192742,71.2234,44.1686,187,531
FMNL3,other,0.0024891,47.4078,94.8211,265,189
FMR1,other,-0.0257584,51.9357,160.867,252,104
FN1,other,-0.0254754,69.6723,911.456,196,11
FN3KRP,other,-0.00473682,171.143,30.0371,81,1344
FNBP1,other,0.0221382,861.684,60.4007,32,346
FNBP4,other,0.15185,55.9254,125.537,357,228
FNDC10,other,-0.0231075,113.459,40.3198,121,1236
FNDC3A,other,-0.00688871,36.6573,47.3722,340,641
FNDC3B,other,0.0234554,75.089,47.7639,152,624
FNIP1,other,0.0176168,126.814,31.8207,121,623
FNIP2,other,-0.00687259,59.9596,93.8437,210,185
FOS,other,0.00203478,30.7788,36.2232,406,498
FOSB,other,-0.0578005,41.508,66.9326,311,595
FOSL1,other,-0.027708,77.1739,105.378,192,137
FOSL2,other,0.0110936,145.84,37.122,87,754
FOXA1,other,-0.0286587,51.0535,52.118,240,409
FOXA2,other,0.02689,145.17,58.1922,85,418
FOXA3,other,0.0101677,71.3942,35.4928,183,689
FOXB1,other,0.010821,59.2501,35.2347,208,626
FOXB2,other,0.000801318,1064.26,39.537,24,656
FOXC1,other,0.018593,67.8432,41.9735,188,1091
FOXC2,other,-0.0256841,75.9951,50.0085,167,591
FOXD1,other,0.0135734,88.5406,43.5391,154,390
FOXD2,other,0.011188,76.7704,48.2168,165,706
FOXD3,other,0.00891381,28.6127,66.2017,434,313
FOXD4,other,0.0231851,53.1093,49.6067,240,1386
FOXD4L1,other,-0.0490327,80.0887,66.7556,184,383
FOXE1,other,0.00463475,50.5824,35.3745,253,570
FOXE3,other,0.00551506,60.4268,41.6572,210,472
FOXF1,other,0.0333589,49.7212,25.753,240,960
FOXF2,other,-0.0134714,143.952,39.8063,88,933
FOXG1,other,0.0341906,74.1054,40.4303,184,444
FOXH1,other,-0.00779313,43.6721,73.4233,286,254
FOXI1,other,0.00135343,45.2147,50.3934,281,1097
FOXI2,other,0.0176939,117.924,34.5,110,632
FOXI3,other,0.0306011,198.269,55.8157,94,333
FOXJ1,other,-0.0123098,73.7534,47.315,164,499
FOXJ2,other,-0.0588106,62.2075,62.8082,210,418
FOXJ3,other,0.00187844,64.4041,33.6237,198,557
FOXK1,other,0.101989,99.128,95.25,162,264
FOXK2,other,0.0104103,92.7085,34.173,155,553
FOXL1,other,0.0207245,46.1046,52.0203,267,1195
FOXL2,other,0.0296811,36.2051,45.6202,375,418
FOXM1,other,0.0667983,57.6298,50.3788,224,374
FOXN1,other,0.00359291,111.495,26.599,116,1339
FOXN3,other,-0.0108261,47.4843,42.1094,279,494
FOXN4,other,0.0452528,75.8703,149.053,173,135
FOXO1,other,0.0814532,112.536,132.027,185,679
FOXO3,other,-0.028354,35.5926,74.4064,381,257
FOXO6,other,-0.0450908,91.362,39.239,144,691
FOXP1,other,0.0430914,16.8645,34.0595,816,696
FOXP2,other,0.0208814,61.5668,30.6317,187,1131
FOXP3,other,0.00376609,55.0308,42.0217,216,1171
FOXP4,other,0.00432427,53.1734,33.4813,239,729
FOXQ1,other,0.0139204,48.3832,58.1997,275,528
FOXR1,other,-0.015936,48.8128,139.733,255,122
FOXR2,other,0.00671769,115.161,35.6316,113,499
FOXRED1,other,-0.0054905,52.5313,51.1478,242,450
FOXRED2,other,-0.00201141,121.808,48.2302,122,527
FOXS1,other,0.030529,117.662,45.2863,155,452
FPGS,other,0.000505461,233.484,75.4933,53,407
FPGT,other,0.0351098,86.2781,64.1254,157,259
FRA10AC1,other,0.0142273,212.08,64.6027,60,307
FRAT2,other,0.00450094,50.3032,44.5498,252,507
FRG1,other,0.0088966,112.669,39.5411,106,434
FRMD8,other,-0.0400475,91.3002,31.0783,152,860
FRYL,other,-0.0182167,48.404,28.7767,278,1365
FSCN1,other,0.0239566,27.975,39.6442,453,690
FTH1,other,-0.00397548,189.399,33.9164,73,621
FTL,other,-0.0356659,77.3858,35.982,158,2261
FTO,other,0.0560729,53.3952,41.7428,240,453
FTSJ1,other,-0.00271015,109.966,52.9171,130,919
FTSJ3,other,-0.0508105,281.18,281.973,64,53
FUBP1,other,0.0453672,223.323,89.5125,68,345
FUCA1,other,0.000957592,71.3223,32.7076,173,656
FUCA2,other,0.00425482,52.8162,33.0122,248,481
FUNDC1,other,-0.00957137,44.388,181.27,335,94
FUNDC2,other,-0.0121773,697.852,49.1144,69,448
FUOM,other,-0.0205514,88.3817,40.775,151,550
FURIN,other,-0.00192824,54.4402,35.5316,241,627
FUS,other,0.0219072,62.1214,52.5686,215,622
FUT10,other,-0.0074881,104.848,47.5093,127,598
FUT11,other,0.0121134,393.749,55.4502,42,353
FUT8,other,0.0247505,38.4236,30.938,341,511
FXN,other,0.08478,48.7514,838.994,306,20
FXR1,other,6.6067e-05,64.8249,75.6401,204,408
FXR2,other,0.0315987,68.4195,81.8776,210,230
FYN,other,0.0541077,83.6381,54.9675,219,313
FYTTD1,other,0.0236686,193.801,37.3385,65,1156
FZD3,other,-0.0226875,76.3123,37.279,177,520
FZR1,other,-0.0212872,100.143,438.627,136,31
G0S2,other,-0.00547897,113.618,38.1087,114,1273
G2E3,other,-0.00097706,1577.82,28.7918,21,732
G3BP1,other,0.0694333,237.386,54.6798,62,446
G3BP2,other,-0.00627197,73.3763,31.3367,175,979
G6PC3,other,0.00877905,105.758,38.0635,120,698
G6PD,other,-0.0134873,72.593,69.199,175,395
GAA,other,0.0353854,97.7879,66.7298,134,355
GAB2,other,-0.00447718,185.303,43.1676,424,387
GAB3,other,0.00381929,95.581,38.992,133,671
GABARAP,other,-0.00159997,90.6743,74.4805,140,177
GABARAPL1,other,-0.0812576,88.0379,121.195,165,179
GABARAPL2,other,-0.00857882,150.235,32.5301,82,831
GABBR1,other,0.000982521,40.5909,46.0241,347,430
GABPA,other,0.0812628,70.6516,122.975,196,190
GABPB1,other,0.200212,150.523,187.707,154,240
GAD1,other,-0.0183686,47.0822,27.7745,251,723
GADD45A,other,-0.0270863,149.802,34.5172,88,791
GADD45GIP1,other,0.0399384,195.966,69.5063,91,335
GAK,other,0.0816428,29.1065,266.198,414,96
GALC,other,-0.050492,43.9625,35.2362,285,1183
GALE,other,-0.0134224,78.6811,60.6411,156,259
GALK1,other,0.0301058,112.922,70.7083,116,439
GALK2,other,-0.0190158,105.086,42.2585,136,1161
GALM,other,-0.00377489,137.489,24.1759,96,984
GALNT1,other,-0.000876164,90.3432,39.9785,144,743
GALNT10,other,-0.0215579,73.8925,100.392,161,195
GALNT11,other,0.0344552,46.3078,112.576,284,166
GALNT12,other,-0.00519598,86.6367,43.2929,141,703
GALNT2,other,0.023755,61.3073,60.7333,211,942
GALNT6,other,-0.000338059,92.4341,54.8557,158,698
GALNT7,other,0.0212876,243.076,37.6575,57,396
GALT,other,-0.0012233,61.7543,36.7142,229,698
GAMT,other,-0.00293995,54.9611,39.5425,246,801
GAN,other,0.0310612,41.7163,101.043,307,184
GANAB,other,0.0239345,54.2361,90.5315,268,287
GANC,other,0.00566996,266.237,41.7044,57,424
GAPVD1,other,-0.0179843,99.7866,26.692,140,834
GART,other,0.0312853,1087.46,72.7745,29,224
GAS2L1,other,0.0109668,57.9483,59.6767,218,463
GAS6,other,0.0282462,54.5474,60.1836,240,347
GAS8,other,0.0136956,38.4315,34.2228,313,1133
GATA1,other,-0.0326784,824.875,35.3729,46,683
GATA2,other,0.00291715,38.8211,370.137,329,36
GATA3,other,0.00903422,103.05,110.351,118,805
GATA4,other,0.0136329,68.1626,88.8868,175,165
GATA5,other,0.0201457,47.2478,46.1219,287,322
GATA6,other,0.00316266,124.966,29.3181,105,679
GATAD1,other,0.0840467,83.8603,204.865,170,136
GATAD2A,other,-0.00788636,61.4137,25.3463,200,693
GATAD2B,other,0.0168556,50.9018,59.6433,258,332
GATC,other,0.0211004,62.6008,47.6982,212,480
GATD1,other,0.0145047,387.496,28.0622,45,707
GBA2,other,0.0412273,86.4726,85.3435,186,191
GBE1,other,0.0072584,142.967,30.6164,99,531
GBGT1,other,-0.00566157,90.2291,43.7357,141,553
GBX1,other,0.00421066,34.2071,24.6804,373,882
GBX2,other,0.0112371,63.3052,55.9008,194,333
GCAT,other,0.0379152,51.0948,44.4138,254,365
GCC1,other,-0.00521723,106.145,60.058,112,534
GCC2,other,-0.00798127,122.184,31.1482,117,583
GCDH,other,-0.00232121,75.2572,28.0954,187,1156
GCFC2,other,0.0293269,80.3388,40.6461,155,529
GCHFR,other,-0.0218964,76.6067,29.5287,164,760
GCLC,other,0.0115167,64.4429,116.031,326,142
GCLM,other,0.0310546,62.8232,45.1088,202,571
GCM1,other,-0.0241616,71.2881,33.0562,184,524
GCM2,other,0.00460594,70.3058,28.2387,251,775
GCSH,other,0.019078,48.2981,187.727,337,108
GDAP2,other,-0.00779265,50.2126,255.448,264,115
GDE1,other,0.000405723,39.1128,53.9148,309,410
GDF11,other,-0.00121773,48.5983,186.392,281,61
GDF15,other,0.0370491,755.178,43.6804,38,650
GDI1,other,0.062893,66.2449,52.9851,237,333
GDI2,other,-0.00365715,78.6437,38.3561,162,538
GDPD5,other,0.00327806,44.8528,61.4218,376,440
GEMIN2,other,-0.0117945,103.767,248.222,142,65
GEMIN6,other,0.0365565,68.4438,1152.75,242,16
GEMIN7,other,-0.00305569,33.7786,279.094,380,51
GEMIN8,other,0.0173913,98.3463,923.495,187,14
GEN1,other,-0.011817,80.5556,104.456,154,420
GET1,other,0.132922,110.668,1561.3,142,14
GET3,other,0.13156,123.841,331.935,152,49
GET4,other,0.0133334,65.6941,73.9036,217,227
GFER,other,0.0383666,108.1,583.346,415,24
GFI1,other,-0.012924,43.8372,62.9888,312,559
GFI1B,other,-0.00427085,670.323,29.0767,42,1932
GFM1,other,-0.141098,71.6809,72.5267,481,756
GFM2,other,0.0114962,247.915,99.2523,52,314
GFOD1,other,0.0450977,39.3177,39.2549,330,486
GFOD2,other,-0.0387216,61.4197,36.0137,276,939
GGA1,other,0.00365361,54.7699,42.7557,241,639
GGA2,other,0.0315393,65.1872,29.2914,198,706
GGA3,other,-0.00608222,43.5047,116.909,294,195
GGCT,other,-0.01413,40.6007,55.683,315,381
GGCX,other,-0.00622419,127.047,33.2667,102,632
GGH,other,0.00594908,285.235,44.4052,59,684
GGNBP2,other,-0.0194581,61.3878,55.3034,220,1657
GGPS1,other,-0.0165676,60.503,348.265,242,34
GGT1,other,-0.00625731,48.9572,47.6248,252,482
GHDC,other,-0.0322723,103.709,42.3994,130,431
GHITM,other,0.0474267,118.453,38.2071,125,538
GID4,other,-0.0183231,84.2266,47.509,147,581
GID8,other,0.0638137,61.8962,72.1818,230,482
GIGYF1,other,0.0310237,41.0054,82.5827,307,229
GINM1,other,0.0346363,184.556,89.7512,85,199
GINS1,other,0.0132735,341.002,107.63,69,200
GINS2,other,0.0351862,302.031,143.555,65,119
GINS4,other,-0.0276646,377.148,655.159,67,18
GIPC1,other,-0.0182688,83.092,35.077,158,576
GIPC3,other,0.00826171,74.9879,54.7556,183,609
GIPR,other,0.00668009,43.0009,32.8977,289,894
GIT1,other,0.0236193,64.3023,37.177,194,555
GIT2,other,0.0182168,104.863,62.8011,118,450
GJC1,other,-0.0425646,53.0719,233.277,231,184
GK,other,0.000737976,71.8155,43.5131,178,424
GK5,other,0.00546441,72.6636,177.709,180,75
GKAP1,other,-0.00358411,194,97.5707,72,194
GLA,other,0.0302832,198.711,31.9424,68,908
GLB1,other,0.0489328,284.89,57.3499,95,346
GLB1L2,other,-0.00423366,69.5902,41.6287,196,389
GLCCI1,other,0.018428,63.6584,118.85,225,159
GLCE,other,0.000469812,55.557,43.9054,237,735
GLG1,other,-0.00539012,67.9713,36.2932,194,573
GLI1,other,0.00359154,71.1173,82.6139,184,179
GLI2,other,0.0260777,53.3323,30.3795,229,1230
GLI4,other,-0.00344098,38.4954,29.6062,329,643
GLIS1,other,0.0153732,329.331,83.1718,47,496
GLIS2,other,-0.0224081,146.863,64.0254,93,811
GLIS3,other,-0.00707764,49.9997,39.1733,249,434
GLO1,other,-0.0227286,76.8083,44.9098,170,452
GLOD4,other,0.0319,55.0407,31.2008,222,699
GLRX,other,-0.00473376,53.1868,31.7801,237,812
GLRX2,other,-0.0260601,73.2381,40.9217,179,904
GLRX3,other,0.0197556,54.8223,209.337,346,75
GLRX5,other,0.0428881,79.2265,32.1429,184,842
GLS,other,0.00204128,195.698,59.7036,69,412
GLT8D1,other,-0.00271994,36.2411,36.8709,342,550
GLTP,other,0.0125792,108.45,62.8323,118,376
GLUD1,other,-0.0107208,71.9683,54.7937,182,518
GLUL,other,0.0494044,77.6417,46.3333,187,474
GM2A,other,0.0297367,211.395,38.583,70,563
GMCL1,other,0.0055983,100.171,41.3352,128,604
GMDS,other,0.00125175,68.2949,20.2184,184,839
GMEB1,other,0.10806,84.2769,70.2106,161,1618
GMFB,other,-0.00371462,75.6445,35.0211,177,1048
GMFG,other,-0.0498671,67.1387,42.1742,201,717
GMNN,other,-0.0179713,242.304,46.3204,55,449
GMPPA,other,-0.00883797,45.3872,37.5193,281,502
GMPPB,other,0.017017,44.0638,952.771,347,15
GMPR,other,-0.0343831,94.0199,36.0176,136,667
GMPR2,other,0.0277282,81.5552,43.1535,164,696
GMPS,other,-0.0146988,133.141,233.837,153,56
GNA13,other,0.00274275,117.965,103.161,117,246
GNAI2,other,-0.00853112,146.644,52.7312,85,741
GNAI3,other,0.0071778,64.6763,31.1949,211,761
GNAQ,other,-0.000774527,100.926,41.3996,124,606
GNAS,other,-0.0230191,121.185,69.5184,92,904
GNB1,other,-0.0169943,310.303,58.7711,52,339
GNB1L,other,0.122967,99.0792,148.226,168,154
GNB2,other,0.024304,98.0265,42.6598,131,1448
GNB4,other,-0.00834217,111.01,37.5334,123,603
GNE,other,-0.00815282,127.861,52.5619,107,619
GNG10,other,0.0119659,145.055,53.6473,101,289
GNG5,other,0.0709958,72.0291,96.6211,208,204
GNG7,other,-0.0107348,29.262,23.0316,393,1646
GNL1,other,-0.0188138,86.744,51.3683,151,379
GNPAT,other,0.0262503,113.04,123.726,167,117
GNPDA1,other,-0.0125302,101.684,36.7395,122,632
GNPDA2,other,-0.034488,85.7903,83.1964,139,713
GNPNAT1,other,0.0489974,61.5244,305.768,244,58
GNPTAB,other,0.00416519,74.4315,41.17,184,441
GNPTG,other,0.00688386,57.2379,50.3437,209,428
GNS,other,-0.069617,46.0567,183.566,276,221
GOLGA1,other,-0.0108692,111.275,32.5283,113,775
GOLGA2,other,0.025865,61.6458,33.2375,206,849
GOLGA3,other,0.00546122,471.355,208.843,36,75
GOLGA4,other,-0.0289994,64.6175,54.9956,204,361
GOLGA5,other,-0.0336027,117.676,180.403,130,388
GOLGA7,other,-0.0290605,113.168,63.0204,111,402
GOLGA8A,other,-0.0481626,29.4227,144.484,436,424
GOLGA8B,other,-0.0227738,62.7244,25.0926,191,1187
GOLGB1,other,0.0153078,110.199,46.0543,118,473
GOLIM4,other,0.011613,108.255,69.485,127,457
GOLM1,other,-0.0276432,26.7045,46.2618,483,442
GOLPH3,other,0.0217243,131.76,36.206,107,536
GOLPH3L,other,-0.00230086,230.396,41.7615,66,613
GOLT1B,other,0.00989755,163.365,925.05,101,14
GON4L,other,-0.0107995,28.8675,250.751,440,63
GON7,other,0.0220405,55.1106,56.4569,247,1065
GOPC,other,-0.00844968,85.8161,41.1868,139,868
GORAB,other,-0.00567157,51.1601,29.9496,249,602
GORASP1,other,0.00525299,49.5096,58.035,245,522
GORASP2,other,-0.010614,65.1965,71.4591,194,570
GOSR1,other,-0.0138843,93.327,52.0677,130,315
GOT1,other,0.0241219,54.9742,42.3903,240,1044
GOT2,other,-0.00624162,52.8267,28.0396,232,978
GP1BB,other,0.0155742,43.9445,77.7028,298,309
GP6,other,-0.0159729,51.8823,37.6333,262,563
GPAA1,other,0.0246893,93.6445,56.2865,141,672
GPALPP1,other,-0.00294354,170.028,321.917,86,59
GPANK1,other,0.0198614,144.721,24.9253,99,1055
GPATCH1,other,0.00666275,81.5548,559.015,215,21
GPATCH11,other,0.00463262,92.4659,50.4898,136,289
GPATCH2,other,0.00474635,984.542,49.8468,27,438
GPATCH2L,other,-0.070237,55.429,33.6811,225,767
GPATCH3,other,-0.019316,51.2213,66.4542,262,576
GPATCH4,other,0.0203615,62.7207,38.2907,208,463
GPBP1,other,0.0105079,58.1835,27.9276,284,1317
GPBP1L1,other,0.0186979,81.4878,52.7221,190,672
GPCPD1,other,0.101868,59.14,38.5029,227,695
GPD1L,other,-0.0168888,73.3083,42.8891,178,443
GPD2,other,0.0150203,88.7193,53.028,132,842
GPHN,other,-0.0024256,44.2399,26.7469,274,984
GPI,other,0.0615369,54.6893,72.4548,231,459
GPKOW,other,-0.00222958,219.851,116.049,83,398
GPN1,other,0.0292277,308.632,270.324,85,46
GPN3,other,0.0425193,337.667,996.952,129,13
GPR107,other,-0.0276186,115.457,57.8769,129,525
GPR108,other,-0.0372156,69.8188,44.3476,201,1008
GPR137,other,0.00827917,55.2749,69.5523,257,1508
GPR160,other,0.0256964,50.4823,68.4926,244,390
GPR180,other,-0.0395866,61.6925,44.1592,208,495
GPR68,other,-0.0146882,34.1333,34.3543,362,535
GPR89A,other,-0.0246191,97.6848,45.0671,129,358
GPR89B,other,0.0200159,413.625,114.021,45,132
GPS1,other,0.0177897,59.6701,338.974,671,44
GPS2,other,0.0227606,75.6734,68.3111,305,697
GPSM1,other,-0.025129,36.7847,51.8601,359,293
GPSM2,other,0.0609791,52.2487,85.3432,242,292
GPSM3,other,0.00745428,50.447,39.1303,257,713
GPT2,other,-0.00867979,416.299,87.1858,38,216
GPX4,other,-0.00538927,38.7329,69.1154,322,424
GRAMD4,other,0.0125991,82.8191,132.413,167,148
GRAP2,other,-0.00693482,66.708,200.065,214,75
GRB10,other,-0.0117608,32.9684,25.8465,458,1027
GRB2,other,0.00600758,39.8695,44.9028,436,492
GRHL1,other,0.0200756,53.4893,107.484,241,183
GRHL2,other,-0.0197086,43.8131,45.7632,293,463
GRHL3,other,-0.00616239,120.277,28.6375,115,783
GRHPR,other,-0.0116467,39.8558,47.9142,341,755
GRINA,other,-0.00936159,16990.8,95.3114,6,1691
GRIPAP1,other,-0.00210222,55.6648,93.9565,227,167
GRK2,other,-0.0150502,52.0287,51.4058,230,367
GRK3,other,-0.011007,121.328,76.9214,120,210
GRK6,other,0.016384,90.934,23.4783,161,1941
GRN,other,-0.0227434,132.721,222.264,118,51
GRPEL1,other,0.0587766,107.259,849.557,206,17
GRPEL2,other,-0.0084516,40.9478,59.8224,296,312
GRSF1,other,0.026456,70.9168,33.0678,273,1073
GRWD1,other,-0.0817749,30.472,732.394,420,42
GSC,other,0.0252972,74.8284,55.1927,188,329
GSC2,other,-0.0125467,86.3461,48.5674,142,394
GSDMA,other,0.00992002,45.956,47.6271,264,385
GSE1,other,-0.00255781,55.2255,36.5945,243,622
GSK3A,other,0.0381592,44.7553,57.9083,292,994
GSK3B,other,0.00495928,102.504,44.7681,227,646
GSKIP,other,0.0158869,47.4552,36.828,281,933
GSN,other,-0.0121591,63.8932,43.7558,184,2173
GSPT1,other,0.0259044,660.693,383.865,45,32
GSR,other,0.01411,63.7204,65.534,194,270
GSS,other,-0.0369017,77.2542,180.746,170,154
GSTCD,other,-0.0126577,4021.42,44.7039,13,679
GSTK1,other,0.0150521,56.7322,33.5864,215,641
GSTM3,other,0.00999012,61.0857,44.9457,209,532
GSTM4,other,0.00905024,126.1,66.7715,102,283
GSTO1,other,-0.00545322,103.556,42.4087,150,687
GSTP1,other,0.013106,99.3405,184.652,122,65
GSTZ1,other,-0.0524184,80.9027,41.9604,169,693
GSX1,other,0.0119444,92.5979,38.003,149,715
GSX2,other,0.0260167,79.3849,34.1201,167,550
GTF2A1,other,0.104769,169.206,53.2372,144,363
GTF2A2,other,0.0690648,120.147,223.411,237,72
GTF2E1,other,0.0641032,137.724,339.851,219,81
GTF2H1,other,0.0549265,221.765,110.963,223,138
GTF2H2C,other,-0.0156985,82.6893,179.458,176,710
GTF2H3,other,0.127054,138.224,305.617,130,55
GTF2H5,other,0.0233575,142.305,144.016,98,1054
GTF2I,other,-0.00727262,53.2756,33.9968,230,769
GTF2IRD2B,other,0.019822,54.4663,50.798,224,360
GTF3A,other,-0.00822819,105.774,44.3829,132,467
GTF3C1,other,-0.00484056,58.9488,990.85,301,11
GTF3C2,other,-0.0525934,116.921,159.745,240,100
GTF3C3,other,0.0551008,157.441,377.542,159,29
GTF3C4,other,0.0190753,40.5045,104.831,324,173
GTF3C5,other,0.0294837,33.3428,205.032,424,89
GTF3C6,other,0.0707626,39.2305,188.279,509,85
GTPBP1,other,0.0132859,52.2186,36.5627,235,592
GTPBP10,other,0.0417969,87.1181,50.7289,151,650
GTPBP2,other,0.0119194,37.5152,35.3637,321,770
GTPBP3,other,0.0297345,88.7013,82.3194,145,247
GTPBP6,other,-0.00343256,79.7002,35.3694,171,835
GTPBP8,other,-0.00195707,158.956,35.9174,93,688
GTSE1,other,0.0124743,52.0132,62.4748,253,809
GTSF1,other,0.00598098,524.643,35.3269,38,2499
GUCD1,other,0.0139314,65.8719,499.441,205,24
GUF1,other,-0.00995929,225.088,33.7367,62,1031
GUSB,other,0.016326,54.7166,47.6656,230,515
GXYLT1,other,-0.0109643,52.4725,60.0157,221,238
GYG1,other,0.0311838,53.545,58.993,270,274
GYPC,other,0.0363618,140.315,96.4458,114,797
GYPE,other,-0.0152358,285.433,26.4679,53,813
GYS1,other,0.00393545,44.2593,703.463,291,16
GZF1,other,0.0316976,39.3359,73.3754,307,259
HACE1,other,0.00127045,53.34,49.425,249,385
HACL1,other,-0.0178097,75.5516,38.6398,158,603
HADH,other,-0.0100605,65.8658,44.5405,183,562
HADHA,other,0.0646315,164.259,44.2606,82,608
HADHB,other,0.0301584,277.325,50.2272,63,426
HAGH,other,-0.00250965,110.51,50.2347,116,474
HAGHL,other,0.00871917,55.1657,48.9101,274,295
HAND1,other,-0.00883566,62.606,47.2814,200,806
HAND2,other,0.0206444,55.5372,31.7639,229,934
HARS2,other,-0.043665,192.976,576.894,104,28
HAT1,other,-0.0142218,771.552,38.7807,32,641
HAUS1,other,0.00839721,779.98,962.943,26,12
HAUS2,other,-0.0305578,1056.46,927.996,28,14
HAUS4,other,-0.0309287,211.875,764.566,71,11
HAUS8,other,0.0174596,90.8326,609.316,152,20
HAX1,other,0.02889,75.408,121.714,191,132
HBA2,other,-0.0435922,10.6862,51.2583,1199,696
HBD,other,0.0494529,152.029,25.2098,92,1195
HBP1,other,0.0248597,70.4374,36.7106,182,527
HBS1L,other,0.12818,406.251,912.941,71,14
HCCS,other,0.113166,115.772,145.588,134,247
HCFC1,other,0.0530689,142.933,550.005,104,22
HCFC1R1,other,0.018187,187.875,46.9906,80,544
HCLS1,other,-0.035464,62.7678,51.4036,211,440
HDAC10,other,-0.0373804,98.2516,48.2721,135,497
HDAC2,other,0.00106895,154.621,56.8042,98,400
HDAC3,other,0.11404,109.261,293.781,142,184
HDAC5,other,0.0157313,97.1686,65.0506,129,250
HDAC6,other,0.0321704,111.465,49.401,138,364
HDAC7,other,-0.00282856,272.505,80.1439,50,328
HDDC2,other,-0.0143337,74.0463,28.4942,171,1469
HDDC3,other,0.072178,53.9062,33.3054,223,819
HDGF,other,0.0274662,539.785,76.0427,35,357
HDHD2,other,0.0157701,193.678,335.783,81,40
HDHD3,other,0.0362255,394.328,52.034,45,896
HDHD5,other,-0.0182291,102.37,28.8694,124,736
HDLBP,other,0.0101742,36.0492,49.0303,330,795
HDX,other,-0.00774557,54.8424,46.1128,219,447
HEATR1,other,-0.035629,472.221,309.478,106,85
HEATR3,other,0.00563501,115.4,224.266,118,76
HEATR5A,other,-0.0725729,67.5084,27.0576,199,1106
HEATR5B,other,-0.00942881,296.021,62.8789,51,414
HEBP1,other,-0.0244197,145.339,34.6526,106,827
HEBP2,other,0.00255356,334.1,49.5237,46,543
HECTD1,other,0.0103761,42.3779,61.9922,344,257
HECTD3,other,-0.0200661,51.1246,73.0812,249,404
HECTD4,other,-0.0242764,68.5684,145.355,222,112
HELLS,other,-0.00738133,989.67,37.3489,29,851
HELQ,other,0.00541583,69.8786,116.935,169,324
HELT,other,0.0296913,73.0342,97.928,166,1012
HELZ,other,0.0191777,67.282,68.5759,190,933
HEMGN,other,0.0280976,79.261,24.8088,157,938
HEMK1,other,0.00250243,90.0392,30.3176,138,726
HERC1,other,0.0139522,86.0897,37.0068,239,558
HERC4,other,0.040241,106.726,132.785,121,90
HERPUD1,other,0.0101758,53.7294,44.3357,238,413
HERPUD2,other,-0.00787817,90.9817,62.0918,149,249
HES1,other,-0.0203614,52.1893,36.5581,245,649
HES2,other,-0.00163291,53.8248,35.9535,232,901
HES3,other,0.0149039,71.5751,38.3284,171,678
HES4,other,-0.0461743,79.944,71.2641,171,306
HES5,other,-0.00860186,76.3423,41.8096,152,664
HES6,other,0.0105312,154.416,36.7913,85,618
HES7,other,-0.0261498,104.274,32.3237,117,707
HESX1,other,-0.00616148,82.5966,27.1706,150,963
HEXA,other,-0.0334085,99.1952,27.7146,135,847
HEXB,other,0.0149192,65.8608,65.9136,193,319
HEXD,other,0.0263172,57.5545,78.9105,242,917
HEXIM1,other,0.146296,91.2062,46.7838,203,462
HEXIM2,other,-0.0410005,54.262,47.3238,233,400
HEY1,other,-0.00122058,80.1038,32.8921,158,558
HEY2,other,-0.00619535,72.3719,27.7327,170,1004
HEYL,other,0.0155972,79.0248,28.4595,161,1235
HHEX,other,-0.0157006,87.4149,26.3173,228,850
HIBADH,other,0.01143,61.9937,51.8187,210,411
HIBCH,other,0.0275176,56.0803,60.3619,220,1473
HIC1,other,0.0016873,58.5125,46.7684,222,587
HIC2,other,-0.0123956,49.2245,80.5401,282,204
HIF1A,other,0.0267386,75.0672,43.78,163,393
HIF1AN,other,0.0790479,207.115,92.6314,76,343
HIF3A,other,0.014133,27.0749,52.5496,453,658
HIGD1A,other,-0.0281135,258.149,72.5806,79,211
HIGD2A,other,0.000948591,82.0834,41.794,176,531
HIKESHI,other,0.0320445,41.3341,43.4389,381,526
HILPDA,other,0.00492535,169.591,41.7081,83,700
HINFP,other,0.0509088,252.07,609.797,103,26
HINT1,other,-0.0162559,65.3849,51.4706,183,366
HINT2,other,0.000912077,71.2592,86.04,183,1240
HINT3,other,0.0155152,113.254,60.8867,118,883
HIP1R,other,0.000757484,67.3997,50.9283,193,1113
HIPK1,other,-0.0211834,111.016,129.183,173,141
HIPK2,other,-0.00686441,53.847,38.8667,233,582
HIPK3,other,0.0489988,42.5402,34.3341,402,816
HIRA,other,-0.0193075,30.2215,70.5984,608,224
HIRIP3,other,0.0940253,170.604,50.6284,90,727
HIVEP1,other,0.0165778,578.389,47.9166,41,531
HIVEP2,other,0.00975533,38.578,45.8568,315,457
HIVEP3,other,0.0247866,48.8089,59.1834,254,298
HK1,other,-0.00381716,28.3663,46.4135,452,579
HK2,other,0.0172218,54.9602,28.2519,229,1315
HLA-B,other,0.0131208,61.7432,206.258,215,88
HLA-C,other,0.0143234,98.973,37.1989,125,491
HLA-E,other,-0.0140744,71.0761,49.3613,173,772
HLCS,other,-0.00322574,21.1986,49.4487,558,607
HLF,other,-0.00809765,25.1996,29.7745,522,629
HLTF,other,0.0146597,135.913,43.4954,95,408
HLX,other,0.0095455,351.486,85.9322,56,237
HM13,other,0.00995889,47.7098,41.3351,263,543
HMBOX1,other,-0.0129149,155.43,80.1507,148,149
HMBS,other,-0.0213207,27.0481,100.593,479,447
HMCES,other,0.00032682,64.6287,84.5902,204,275
HMG20A,other,-0.0290702,117.134,63.4145,118,312
HMG20B,other,-0.0152496,88.743,30.6208,153,1110
HMGA1,other,0.00619691,60.1824,57.1979,228,420
HMGA2,other,0.018358,68.1027,41.1942,188,1054
HMGB1,other,-0.0632382,23.9578,37.2528,521,1473
HMGB2,other,-0.0118828,50.2224,52.1977,263,679
HMGB3,other,0.0122305,124.833,40.9519,199,465
HMGCL,other,0.0182915,87.0999,247.96,149,53
HMGCR,other,0.0468426,48.9097,896.064,279,11
HMGN1,other,-0.00289808,67.9494,23.849,184,873
HMGN2,other,-0.0145593,51.9668,34.9944,239,515
HMGN5,other,0.0232217,140.288,175.615,100,718
HMGXB4,other,0.0118287,63.6843,45.987,200,422
HMMR,other,0.0125022,95.2137,74.189,136,1711
HMOX2,other,0.0325989,33.368,37.522,381,941
HMX1,other,-0.0338449,107.936,46.7968,107,470
HMX2,other,-0.00310011,99.1323,48.9084,132,457
HMX3,other,0.0076821,114.589,102.975,173,153
HNF1A,other,0.00616724,165.195,65.4042,78,212
HNF1B,other,-0.0444555,61.9152,42.0407,206,441
HNF4A,other,0.0971507,44.0529,69.1701,347,543
HNF4G,other,0.0178817,91.0785,72.503,146,277
HNRNPA0,other,0.0310183,97.2678,51.7111,130,467
HNRNPA1,other,0.212606,78.5029,58.9691,260,1087
HNRNPA1L2,other,0.00623057,165.591,31.0808,83,624
HNRNPA2B1,other,0.100544,65.7161,51.6866,275,707
HNRNPA3,other,-0.0234316,100.637,119.049,134,282
HNRNPAB,other,0.0228666,76.2825,45.1525,186,445
HNRNPC,other,0.0473046,201.089,103.188,136,126
HNRNPD,other,0.0941401,273.261,48.3813,61,542
HNRNPDL,other,0.0328713,170.324,289.064,103,45
HNRNPF,other,0.0614286,32.2358,39.5936,404,593
HNRNPH1,other,0.112447,82.3372,149.733,255,173
HNRNPH2,other,-0.0077505,162.66,47.4267,79,553
HNRNPH3,other,-0.000511525,72.0823,30.8306,186,713
HNRNPK,other,0.0374009,700.822,252.976,33,55
HNRNPL,other,0.0671117,132.424,613.324,195,19
HNRNPLL,other,0.0304287,131.99,51.1669,107,440
HNRNPM,other,0.0428751,34.7538,206.94,412,66
HNRNPR,other,-0.0156616,50.122,55.0576,274,634
HNRNPU,other,0.0794994,138.889,707.38,169,18
HNRNPUL1,other,0.0194297,85.9929,70.3175,172,561
HNRNPUL2,other,0.0376861,68.7597,60.4776,209,377
HOMER1,other,-0.0202782,47.2182,73.8348,283,322
HOMER3,other,0.0140536,64.9814,66.7224,249,236
HOOK1,other,0.0159201,408.672,32.4901,36,700
HOOK2,other,-0.0323331,30.6411,46.1041,426,802
HOOK3,other,0.0171467,66.6242,61.2931,205,280
HOXA1,other,0.0150121,132.751,42.9275,96,1355
HOXA10,other,-0.00688175,54.1845,52.1383,221,335
HOXA11,other,0.0243352,193.553,34.6446,72,780
HOXA13,other,-0.00693566,81.7219,40.5795,156,417
HOXA2,other,0.0483578,53.3027,46.8771,228,847
HOXA3,other,-0.0586617,37.8317,76.1207,411,278
HOXA4,other,0.0113549,92.7986,124.449,129,1001
HOXA5,other,0.0293323,110.582,47.375,122,521
HOXA6,other,-0.0102193,91.5225,45.7399,137,1559
HOXA7,other,0.0128741,80.9905,27.0298,154,1011
HOXA9,other,-0.0414399,83.4497,63.2862,145,427
HOXB1,other,0.0220711,475.7,70.4038,37,233
HOXB13,other,-0.00332249,70.6301,153.674,189,94
HOXB2,other,-0.00607336,73.0358,131.617,170,756
HOXB3,other,-0.0007486,92.4971,41.3277,152,1021
HOXB4,other,0.00100445,52.7276,152.036,236,97
HOXB5,other,-0.0398755,38.4019,74.7203,334,1355
HOXB6,other,0.0478053,41.3263,39.8628,321,498
HOXB7,other,-0.0598217,47.6344,68.1083,272,270
HOXB8,other,0.0151792,47.3842,57.4138,281,727
HOXB9,other,-0.0326212,54.593,68.1851,273,343
HOXC10,other,-0.0208334,88.0004,132.371,151,1140
HOXC11,other,-0.00897332,64.387,24.1662,194,1198
HOXC12,other,-0.00825829,60.2302,54.6318,224,331
HOXC13,other,-0.00313686,127.722,37.8883,103,465
HOXC4,other,0.0272175,65.9327,135.905,222,91
HOXC5,other,0.0099125,120.907,51.4301,136,462
HOXC8,other,-0.0196548,91.125,56.357,144,827
HOXC9,other,-0.0117289,60.27,35.8559,210,628
HOXD1,other,-0.00815158,60.4649,48.9639,214,382
HOXD10,other,-0.00854773,40.7844,25.7337,299,780
HOXD11,other,0.0110176,67.342,96.415,193,730
HOXD12,other,0.0273584,40.2742,86.3547,323,170
HOXD13,other,0.032906,66.8441,116.257,195,156
HOXD3,other,0.0176576,185.911,41.6427,109,574
HOXD4,other,0.00933109,95.8975,49.5487,130,424
HOXD8,other,-0.00463278,65.6009,33.8203,190,601
HOXD9,other,-0.0279883,60.5801,60.1134,208,955
HP1BP3,other,-0.0911452,42.2929,175.326,300,391
HPCAL1,other,0.0590136,30.2514,46.2365,400,438
HPF1,other,-0.0101402,59.6446,78.137,202,463
HPRT1,other,-0.0102153,95.1009,62.2111,142,331
HPS1,other,-0.00519132,65.5085,226.287,200,3035
HPS3,other,0.0244532,83.2641,49.794,139,402
HPS4,other,-0.00300093,49.2823,50.1637,266,1091
HPS5,other,0.121445,310.687,228.566,68,79
HPS6,other,0.011564,175.344,70.8219,74,230
HRAS,other,-0.0270654,48.5016,46.6752,264,592
HS2ST1,other,0.0174037,66.5391,39.6748,191,991
HS3ST3A1,other,0.036495,169.906,47.9108,89,715
HS3ST3B1,other,0.00718658,131.082,34.5306,89,698
HS6ST1,other,0.030347,30.3654,43.1416,414,622
HSD17B1,other,-0.00230804,75.3509,33.9405,173,1064
HSD17B10,other,0.0362864,229.782,63.3586,69,660
HSD17B11,other,0.0251541,107.548,68.0812,122,1494
HSD17B12,other,0.0443039,243.268,123.791,137,174
HSD17B4,other,0.0102472,78.7596,43.8339,174,1267
HSD17B7,other,-0.0231105,22.9217,41.5262,560,554
HSD17B8,other,-0.0147999,54.6191,41.5112,230,1071
HSD3B7,other,0.0183504,43.874,42.2113,285,898
HSDL1,other,-0.0255908,65.9503,27.7332,183,841
HSDL2,other,0.0274304,59.6353,111.715,246,881
HSF1,other,0.00129798,70.469,140.746,241,90
HSF2,other,0.0341402,266.138,37.3125,55,603
HSF4,other,0.02797,106.098,72.4505,137,771
HSF5,other,0.00549231,74.3508,36.942,167,536
HSFX1,other,0.113956,41.355,37.3512,370,579
HSP90AA1,other,0.0121364,49.2956,45.3991,251,357
HSP90B1,other,-0.0194907,59.3282,60.2972,239,264
HSPA13,other,0.0132311,138.492,51.3265,100,386
HSPA14,other,0.109571,70.5912,175.194,222,136
HSPA1B,other,-0.0341162,52.6959,38.2328,231,621
HSPA4,other,-0.0288662,214.702,30.5416,64,861
HSPA8,other,0.119957,79.3928,91.0286,232,185
HSPA9,other,0.142553,255.639,769.788,212,18
HSPB1,other,-0.0206139,44.4547,58.0598,281,563
HSPBP1,other,-0.0228011,93.555,46.5027,136,432
HSPD1,other,0.0451143,81.7162,93.0784,214,210
HSPE1,other,0.0506641,1394.96,378.643,39,46
HSPG2,other,0.00892158,15.5223,38.6278,860,489
HSPH1,other,0.0785543,249.17,97.5984,110,1645
HTATIP2,other,-0.0130695,60.8124,26.7744,208,982
HTATSF1,other,0.0168325,54.524,44.0279,248,431
HTRA2,other,0.0263414,79.0351,81.3862,178,239
HTT,other,0.00222927,65.2469,23.9734,199,1360
HUWE1,other,0.118162,89.0015,69.1996,222,626
HYAL2,other,-0.0241771,32.7754,50.6711,399,400
HYAL3,other,-0.00438476,209.099,41.0147,64,497
HYI,other,-0.0278012,114.231,30.8985,120,671
HYLS1,other,0.0275287,113.33,85.8544,157,208
HYOU1,other,0.014451,208.691,1326.09,71,11
IAH1,other,0.0434487,194.92,31.7266,73,1096
IBA57,other,0.00518667,67.9959,70.7314,235,373
IBTK,other,-0.0327103,34.8715,41.4401,371,607
ICA1,other,-0.000629414,543.967,51.5961,34,428
ICAM1,other,-0.0105861,105.459,46.038,121,814
ICAM2,other,-0.00111577,187.898,118.857,73,116
ICAM3,other,-0.0247828,70.8378,30.9132,176,813
ICMT,other,0.0213242,53.0099,89.7039,221,279
ID1,other,0.0132036,171.486,31.0332,81,698
ID2,other,-0.0469721,43.1258,156.929,325,207
ID3,other,0.000249944,60.9108,29.7365,200,714
IDE,other,-0.0160122,44.7787,41.4379,283,567
IDH1,other,0.0504551,103.85,41.0006,125,1051
IDH2,other,0.0134112,833.458,21.4988,26,1136
IDH3A,other,-0.000798816,117.954,136.631,108,157
IDH3B,other,0.000269682,114.602,33.9243,145,1017
IDH3G,other,0.00291424,54.7749,30.1589,232,776
IDI1,other,0.0462576,94.1575,705.312,153,17
IDS,other,-0.00241788,95.724,25.0039,129,838
IDUA,other,0.0342051,149.819,34.8014,95,853
IER2,other,0.0333739,108.638,28.8972,123,749
IER3,other,0.0292599,139.442,56.1617,92,330
IER3IP1,other,0.00875096,182.828,40.8898,95,625
IER5,other,-0.00830227,60.9667,42.483,203,1277
IER5L,other,-0.0246498,65.1176,61.229,216,247
IFI27L1,other,0.0379947,196.432,128.886,71,310
IFI30,other,0.003343,119.13,61.0648,107,905
IFI35,other,-0.00590421,598.214,34.9091,39,614
IFITM1,other,0.0154948,59.4009,58.6286,217,342
IFITM2,other,-0.00634823,46.5325,36.1099,262,687
IFITM3,other,-0.0089227,196.023,46.0007,71,500
IFNAR1,other,-0.01271,152.329,28.3908,87,1185
IFNGR1,other,0.0132283,175.259,49.9388,81,410
IFRD1,other,-0.0724352,26.6752,65.2324,472,1936
IFRD2,other,0.0104657,134.135,54.483,92,632
IFT172,other,0.0169941,64.5155,83.3095,195,978
IFT20,other,0.0273641,53.5046,38.867,228,1039
IFT27,other,0.0326889,76.4598,59.6664,168,630
IFT43,other,0.0239281,51.3525,37.6393,251,899
IFT46,other,0.000648412,87.9467,39.1478,152,935
IFT52,other,0.0167796,102.946,26.6446,119,793
IFT57,other,-0.0514693,43.1124,32.106,278,802
IFT80,other,-0.00433053,148.136,42.6862,107,408
IFT88,other,0.0448762,54.0372,38.5293,252,1198
IGBP1,other,-0.0183273,94.5519,907.593,165,10
IGF1R,other,0.000945373,50.1732,39.0309,252,469
IGF2BP3,other,-0.00351576,120.742,36.4007,104,698
IGF2R,other,-0.0107851,52.9716,39.1021,244,922
IGFBP2,other,0.00420464,52.251,42.7245,239,707
IGFBP4,other,0.0116986,43.1839,49.063,339,544
IGFLR1,other,0.006334,45.1652,52.1756,274,1172
IGHMBP2,other,0.00798949,101.869,90.2504,134,1089
IGSF3,other,-0.000940694,79.0172,69.3837,165,228
IGSF8,other,-0.00804644,45.9129,54.181,298,335
IKBIP,other,0.0128265,85.4119,49.1609,163,394
IKBKB,other,-0.00266854,115.897,28.1487,116,785
IKBKE,other,-0.0402444,63.875,36.2922,195,662
IKZF1,other,0.0214422,126.721,50.0758,120,660
IKZF2,other,0.0225177,47.593,29.8025,307,820
IKZF3,other,0.0200598,172.905,42.6326,75,891
IKZF4,other,-0.0117001,29.0101,29.8409,471,716
IKZF5,other,-0.0055344,52.3475,39.0836,239,1118
IL13RA1,other,0.017997,43.1748,52.454,280,363
IL15RA,other,-0.00118214,112.2,45.6858,112,614
IL17RA,other,-0.00413592,69.8197,29.1371,168,694
IL23A,other,0.0484311,507.473,73.0963,39,1047
IL23R,other,0.00164795,99.0382,63.6002,126,435
IL27RA,other,-0.00946674,106.923,234.803,117,66
IL6ST,other,-0.00901978,52.5808,65.9432,240,202
ILF3,other,-0.0331972,148.899,52.031,213,396
ILK,other,0.0601086,61.6798,64.5168,218,237
ILKAP,other,-0.025486,60.3403,181.075,236,87
ILRUN,other,-0.00433975,80.5555,60.7239,161,275
ILVBL,other,0.0121856,57.2765,21.7669,211,1028
IMMP1L,other,0.086764,502.188,133.453,44,458
IMMP2L,other,-0.00210743,72.0057,99.7532,175,829
IMMT,other,0.0573227,212.829,224.714,72,148
IMP3,other,0.0138585,1321.18,687.15,25,25
IMPA1,other,-0.00709138,66.9702,66.8103,200,334
IMPA2,other,0.128965,269.797,74.8124,103,360
IMPACT,other,-0.00407797,46.0817,42.2818,283,482
IMPDH1,other,0.00767822,36.7556,54.897,348,301
IMPDH2,other,0.0939816,160.968,225.226,142,87
INF2,other,0.0198882,131.318,70.1936,137,220
ING1,other,0.0345308,36.0813,75.5549,381,286
ING2,other,-0.0104288,94.1159,87.2303,130,232
ING3,other,0.0635025,93.9612,90.2286,169,182
ING4,other,0.00783015,84.2537,82.1065,155,172
ING5,other,-0.106047,74.4907,178.983,215,111
INIP,other,-0.0114215,117.409,95.1544,123,421
INO80,other,0.114831,115.033,136.716,286,193
INO80B,other,0.172587,137.025,95.9022,194,204
INO80C,other,0.0921007,109.143,69.5926,167,502
INO80D,other,0.0955658,67.5579,46.0337,255,558
INO80E,other,0.0248204,1076.69,138.562,23,247
INPP1,other,0.0168975,50.9963,710.292,250,13
INPP4A,other,0.0365564,78.0315,35.8187,161,648
INPP5A,other,0.021726,51.6354,33.6031,240,636
INPP5B,other,0.0233937,45.4506,36.3036,276,502
INPP5E,other,0.0045152,103.041,32.9502,127,657
INPP5F,other,0.0175109,41.7068,71.917,303,943
INPP5K,other,0.0600276,50.4613,108.094,238,138
INPPL1,other,0.0410986,167.451,126.77,173,369
INSIG1,other,-0.000432935,126.502,108.347,121,157
INSIG2,other,0.00203797,39.8381,54.617,317,351
INSM1,other,0.00627565,61.387,41.5545,196,591
INSM2,other,0.0175152,56.9357,40.1854,229,557
INTS1,other,-0.0892937,47.4496,340.619,440,45
INTS10,other,0.243561,155.252,99.9234,148,320
INTS12,other,0.100698,164.502,72.4037,89,643
INTS13,other,0.145558,176.983,113.442,117,386
INTS14,other,0.234731,116.594,158.383,183,171
INTS2,other,-0.171565,945.053,186.486,59,150
INTS5,other,0.0874799,556.789,351.738,56,50
INTS6,other,0.0718734,64.3589,63.571,280,394
INTS7,other,-0.00507295,623.537,103.432,66,168
INTS9,other,-0.0509949,316.307,337.752,84,51
INVS,other,0.00877777,148.548,50.2318,90,404
IP6K2,other,0.0300237,56.2872,108.443,239,170
IPO11,other,0.0410278,84.2686,77.6291,175,392
IPO4,other,0.018052,82.8001,65.3898,162,377
IPO5,other,0.0446312,121.183,96.9017,117,217
IPO7,other,-0.0133581,82.9062,237.775,164,133
IPO8,other,0.0219087,55.0705,31.6448,239,904
IPO9,other,0.0985325,51.1929,210.48,415,91
IPP,other,0.00706475,54.3279,74.5106,255,217
IPPK,other,-0.00666328,84.7264,110.842,168,130
IQCB1,other,-0.00647026,50.3923,32.1325,245,588
IQCC,other,-0.0164702,46.1027,26.6961,285,974
IQCE,other,0.00141727,79.3978,91.1829,161,285
IQGAP1,other,0.00771929,283.293,59.1388,44,380
IQGAP2,other,-0.00277796,95.8204,105.874,138,176
IQGAP3,other,-0.00802583,263.785,67.6851,59,211
IQSEC1,other,-0.00810262,104.518,39.5122,124,679
IRAK1,other,-0.0132095,38.641,37.4827,317,968
IRAK4,other,0.0547376,65.1155,45.4732,214,373
IRF1,other,0.0403888,44.8332,72.7947,274,760
IRF2,other,0.0312129,258.621,122.821,57,160
IRF2BP1,other,0.0222657,97.84,69.5031,134,272
IRF2BP2,other,-0.00778385,82.0472,46.7571,287,547
IRF2BPL,other,0.0399003,36.9511,36.5687,320,688
IRF3,other,-0.00579265,36.7527,64.1166,342,289
IRF4,other,-0.0216344,65.8484,42.2977,186,803
IRF5,other,0.011572,36.6594,40.9065,352,438
IRF6,other,-0.0128339,136.004,54.0908,90,261
IRF7,other,0.00844883,74.8087,38.8273,170,649
IRF8,other,-0.00468635,81.9626,63.7631,153,411
IRF9,other,0.0155712,91.8796,34.0342,130,1962
IRGQ,other,0.00690335,105.916,47.2059,121,740
IRX1,other,0.0105756,172.406,81.0177,89,266
IRX2,other,-0.0045228,33.1303,77.8214,379,230
IRX3,other,-0.0166299,87.5318,36.7233,145,582
IRX4,other,0.0487112,704.17,57.9892,33,397
IRX5,other,0.029019,88.4018,66.6918,142,237
IRX6,other,-0.0125934,59.0431,48.3315,205,603
ISCA1,other,0.0137067,219.875,75.0491,67,307
ISCA2,other,0.150579,38.9717,107.256,512,260
ISCU,other,0.00588429,130.269,188.689,121,107
ISG15,other,0.0012549,305.66,66.7193,47,552
ISG20L2,other,-0.0218559,386.967,165.691,45,88
ISL1,other,0.0480081,24.863,54.3765,525,356
ISL2,other,0.0355965,76.4428,26.4057,181,744
ISOC1,other,0.00851164,67.1834,21.9529,188,1152
ISOC2,other,-0.0013155,32.5355,44.225,416,392
IST1,other,0.0386808,46.3906,89.3791,335,393
ISX,other,0.0303741,70.7137,29.0909,179,793
ISY1,other,-0.0272028,243.023,55.4527,57,353
ISYNA1,other,-0.0237206,46.3816,63.1824,279,307
ITCH,other,-0.00969356,71.4465,28.454,170,870
ITFG1,other,0.000950348,5763.69,37.2358,12,758
ITFG2,other,-0.0286559,289.786,104.315,51,165
ITGA2B,other,-0.000183377,55.5262,37.0559,232,819
ITGA5,other,-0.00493044,64.3543,40.2646,200,563
ITGAE,other,0.0353072,59.85,47.3562,205,322
ITGAV,other,0.0172945,120.06,38.0442,105,741
ITGB1,other,-0.00528739,51.8934,60.043,269,251
ITGB1BP1,other,0.0631819,127.807,889.505,164,14
ITGB3BP,other,0.00362552,65.5417,25.7641,199,877
ITGB5,other,-0.00515004,76.3898,45.2165,178,411
ITM2A,other,-0.0111902,72.4116,39.1618,171,492
ITM2B,other,-0.0591559,78.9119,68.1402,150,449
ITM2C,other,-0.00492235,88.8055,48.623,144,402
ITPA,other,-0.0331089,63.2995,75.9158,186,395
ITPK1,other,0.0172241,179.782,164.18,78,157
ITPKC,other,-0.00541811,72.7147,34.23,186,769
ITPR1,other,-0.0247846,101.357,65.3373,133,256
ITPR2,other,0.0307199,49.0115,41.6152,290,487
ITPR3,other,-0.027419,175.721,36.9606,84,804
ITPRID2,other,-0.00639884,67.0129,30.8082,190,848
ITPRIP,other,0.0173979,191.383,42.8526,76,621
ITSN1,other,-0.0245505,55.1085,160.871,237,221
ITSN2,other,0.0156969,60.7706,75.9469,209,227
IVNS1ABP,other,-0.02618,66.6508,30.3037,217,930
IWS1,other,0.153499,157.284,105.838,118,535
JAGN1,other,-0.0101928,40.7808,50.1922,307,1022
JAK2,other,-0.0170623,46.7354,28.701,268,956
JARID2,other,0.0354121,89.5669,34.8875,149,1201
JAZF1,other,0.00211948,38.272,38.1274,460,639
JDP2,other,0.0949423,54.1989,37.6672,252,840
JKAMP,other,-0.00528929,85.9497,36.7598,146,1376
JMJD1C,other,-0.00718863,229.246,59.5061,66,1244
JMJD4,other,0.0232347,45.6329,30.8229,288,551
JMJD6,other,0.0383009,38.7405,68.2326,412,232
JMJD8,other,0.0125071,72.5449,31.6201,177,642
JMY,other,-0.00516311,44.0473,45.4607,284,508
JOSD1,other,0.00201478,197.568,32.5379,88,620
JOSD2,other,0.0010646,71.5981,49.2622,181,416
JPT1,other,-0.0136522,68.9315,41.6328,187,660
JPT2,other,0.00703823,113.137,57.9558,116,442
JRK,other,0.00477384,31.2714,58.5292,406,360
JRKL,other,-0.0150669,84.8547,36.9355,155,794
JTB,other,-0.000473248,64.4263,123.612,199,123
JUN,other,-0.00126328,64.9971,37.8299,216,651
JUNB,other,0.0537261,46.1481,68.828,266,353
JUND,other,-0.0167121,92.559,56.9311,135,657
JUP,other,0.0190573,129.736,52.5694,95,658
KALRN,other,0.0126151,79.5423,45.7049,157,348
KANSL1,other,0.0173306,623.419,152.058,44,114
KAT2A,other,-0.0195265,123.613,52.8952,105,326
KAT2B,other,-0.00214821,84.4376,35.4394,155,838
KAT5,other,0.0331608,56.2136,83.1917,237,163
KAT6A,other,0.00390831,94.2376,81.2441,146,1389
KAT6B,other,0.00434869,127.918,25.4572,97,890
KAT7,other,0.00428631,164.784,330.193,125,107
KATNA1,other,-0.0157289,71.068,35.8382,183,594
KATNAL1,other,0.0351405,92.8777,34.9089,128,925
KATNB1,other,0.00847674,25.5688,89.0895,468,168
KATNBL1,other,-0.0527619,105.77,62.8518,158,458
KBTBD2,other,0.0223003,74.1341,30.0573,180,1148
KBTBD3,other,0.0194099,129.149,202.619,110,90
KBTBD4,other,0.0178617,109.741,34.8494,118,788
KBTBD6,other,0.0317414,65.9013,38.3256,193,516
KCMF1,other,-0.0221005,63.4677,51.9705,259,493
KCNH2,other,0.0256223,19.1449,50.2876,615,327
KCNIP3,other,0.00379417,31.7228,35.339,413,669
KCNK5,other,-0.016516,46.0691,46.8822,284,379
KCNMB3,other,0.0233259,690.869,29.8827,33,946
KCNN4,other,0.0139707,71.6994,39.6788,165,913
KCTD10,other,-0.0411925,313.146,66.502,58,665
KCTD13,other,0.0238125,45.4718,39.5389,269,996
KCTD15,other,0.0225996,110.038,50.5566,124,458
KCTD2,other,0.070476,82.1984,56.9874,157,575
KCTD20,other,0.015223,112.352,45.81,104,464
KCTD3,other,0.00760952,639.619,191.532,34,67
KCTD5,other,0.00566071,85.7692,291.242,146,53
KCTD6,other,-0.0143388,70.3787,41.0458,194,606
KCTD9,other,0.0671201,51.3477,39.0393,262,1178
KDELR1,other,-0.0160845,654.924,44.2461,30,554
KDELR2,other,0.00949456,52.9226,35.1938,244,2017
KDELR3,other,0.0694132,145.998,65.0408,98,897
KDM1A,other,0.119841,491.354,159.772,150,567
KDM1B,other,-0.0112318,55.838,58.5378,253,264
KDM2A,other,0.0348365,39.4191,86.728,298,654
KDM2B,other,-0.0148497,39.0658,26.3963,326,883
KDM3A,other,0.00333285,62.532,30.9887,211,771
KDM3B,other,0.0480217,60.7231,59.7544,227,325
KDM4A,other,-0.00593292,49.0998,90.2846,272,1456
KDM4B,other,0.0138287,117.104,25.5732,121,832
KDM4C,other,0.0353701,45.3066,39.2907,264,560
KDM5B,other,-0.00141849,63.8429,28.0706,193,722
KDM5C,other,0.0545168,74.5526,51.9444,223,631
KDM6A,other,0.012824,52.718,36.1432,312,1341
KDM8,other,0.0580823,103.431,82.748,168,294
KDSR,other,-0.0150256,201.135,117.371,62,767
KEAP1,other,0.126836,98.1093,146.943,266,145
KHDC4,other,0.0111188,78.4314,28.1057,166,917
KHK,other,0.00634588,96.7143,47.7842,127,456
KHNYN,other,0.00809971,56.3552,37.8308,223,626
KIAA0232,other,0.0312233,72.3752,43.4257,181,623
KIAA0319L,other,0.0131657,109.839,64.8386,123,215
KIAA0513,other,-0.0151559,79.1989,21.1819,174,1138
KIAA0586,other,-0.0349968,85.0893,129.88,175,144
KIAA0930,other,-0.0115647,30.8584,47.4945,390,868
KIAA1143,other,0.0375911,27.9143,39.9815,434,830
KIAA1191,other,-0.00846109,65.1696,25.5075,195,885
KIAA1586,other,-0.0257659,55.9916,44.9117,227,720
KIAA1958,other,-0.0227979,2837.45,244.572,16,49
KIAA2013,other,0.0209073,87.5522,28.2582,148,838
KIDINS220,other,-0.0275878,173.107,224.795,92,83
KIF14,other,0.0211044,79.1879,70.2554,164,323
KIF15,other,0.0305719,75.4869,38.177,219,517
KIF16B,other,-0.000843185,47.3807,50.0854,268,401
KIF18A,other,0.0211875,89.9592,60.3726,135,437
KIF18B,other,0.0227199,120.247,942.746,141,14
KIF1A,other,0.0200617,53.1492,65.779,230,428
KIF1B,other,0.0524993,43.114,36.2328,290,571
KIF1C,other,-0.00163451,68.8409,37.0066,172,854
KIF20A,other,0.160803,145.765,221.068,143,114
KIF20B,other,0.0144858,108.252,33.0139,124,580
KIF21A,other,0.00919016,82.7464,85.6876,151,768
KIF22,other,-0.0013655,46.1141,53.5147,276,443
KIF2C,other,-0.0386907,60.816,39.161,209,863
KIF3A,other,0.00488237,59.6244,28.675,218,877
KIF3B,other,-0.0167369,201.864,110.084,70,263
KIF4A,other,0.0538684,46.7528,105.004,299,130
KIF5B,other,0.00459946,32.9847,78.5204,413,235
KIF9,other,0.0290868,111.559,30.5379,129,1792
KIFAP3,other,0.0571897,56.9695,125.007,257,797
KIFC1,other,-0.00647096,52.0154,44.4882,262,728
KIFC2,other,-0.0157692,86.8873,33.6661,158,595
KIFC3,other,0.00499073,95.3861,39.3317,137,489
KISS1R,other,0.0264255,71.1815,41.1738,176,755
KIT,other,0.00474459,44.035,79.1341,273,212
KLC1,other,0.0277778,55.3051,55.1402,221,310
KLC2,other,0.0199568,50.7074,33.2922,246,813
KLC4,other,0.0123873,44.2021,21.808,282,1226
KLF1,other,-0.0881888,97.0632,126.605,157,592
KLF10,other,0.00899526,25.3783,52.3642,489,429
KLF11,other,0.0278142,36.8248,51.7706,335,517
KLF12,other,-0.0111912,43.0611,32.7703,287,1013
KLF13,other,-0.0072077,55.2613,40.6169,224,1196
KLF14,other,-0.000606914,112.153,38.7747,115,523
KLF15,other,-0.0045054,109.409,71.94,121,458
KLF16,other,0.0223962,128.086,88.7213,137,297
KLF17,other,0.0173377,77.4714,66.8715,176,349
KLF2,other,-0.00928619,51.2926,121.295,253,496
KLF3,other,0.00613347,94.5897,107.542,121,165
KLF4,other,-0.0653582,27.8452,85.5449,461,258
KLF5,other,0.0418896,83.7383,33.2442,169,707
KLF6,other,0.00866325,60.0348,58.4052,213,1570
KLF7,other,0.0401352,27.6347,45.556,490,845
KLF8,other,-0.00579533,185.829,39.333,83,600
KLF9,other,0.0161539,40.7,56.9669,331,396
KLHDC10,other,-0.0277835,80.0399,49.3089,157,1471
KLHDC2,other,-0.0282702,40.0828,50.4676,297,442
KLHDC3,other,-0.0392779,68.7639,68.3388,176,689
KLHDC4,other,-0.022097,76.7541,82.9606,173,212
KLHDC8B,other,0.0277879,61.2492,34.0615,216,675
KLHL11,other,-0.009946,43.4793,45.0289,286,525
KLHL12,other,-0.0179538,274.682,55.728,61,281
KLHL17,other,-0.0200328,95.6624,32.6991,162,1515
KLHL18,other,0.0105006,138.363,26.7491,91,738
KLHL20,other,0.00637892,66.3218,57.5502,188,366
KLHL21,other,-0.00178294,57.7691,27.3537,216,711
KLHL22,other,-0.0157974,114.271,45.663,112,478
KLHL23,other,-0.00834808,43.5325,61.2812,295,385
KLHL24,other,0.0384113,46.0512,41.5845,286,587
KLHL36,other,-0.02219,37.4407,28.8765,342,954
KLHL42,other,0.0388577,117.553,41.5899,111,880
KLHL5,other,-0.000521465,85.6421,117.762,159,122
KLHL7,other,0.00627867,86.6457,44.3445,148,417
KLHL8,other,-0.0470469,32.6729,42.2164,402,418
KMT2B,other,0.0118679,48.3864,57.4402,264,605
KMT2C,other,-0.0108255,56.1307,74.7279,219,1252
KMT2D,other,-0.0029885,54.0576,42.7393,230,475
KMT2E,other,0.0171442,160.501,90.8057,77,264
KNL1,other,0.0151247,4425.89,165.025,15,83
KNOP1,other,-0.0104155,83.6084,42.3025,145,592
KNSTRN,other,-0.0206055,121.62,25.9732,101,1195
KNTC1,other,-0.0424898,55.9387,103.643,223,174
KPNA1,other,-0.0243512,51.9319,151.905,243,826
KPNA2,other,0.0183818,154.405,38.7645,87,941
KPNA3,other,-0.0289847,66.5211,38.256,200,582
KPNA4,other,-0.0426051,82.7331,31.4039,180,699
KPNA5,other,-0.0120396,56.6109,24.5247,221,1095
KPNA6,other,0.00136255,206.191,176.603,83,87
KPNB1,other,-0.00383073,66.0026,799.245,225,13
KPTN,other,-0.0288613,128.854,34.9593,99,799
KRAS,other,0.0199447,62.8378,35.6553,206,604
KRBA1,other,0.00308446,97.1344,40.5766,126,396
KRCC1,other,0.0224268,104.099,44.2052,120,604
KRI1,other,0.0232259,422.698,615.49,57,38
KRIT1,other,0.0290679,44.8853,255.128,261,49
KRR1,other,0.0749849,320.059,337.808,262,48
KRT10,other,0.0166438,27.8064,30.996,438,703
KRT18,other,-0.0248125,56.1066,44.185,223,634
KRT19,other,-0.0274469,71.3797,25.2281,183,974
KRT8,other,-0.000225174,18.6158,26.7456,693,650
KRTCAP2,other,-0.0167873,49.9983,28.5793,236,1334
KSR1,other,0.0600212,57.4083,39.9003,220,600
KTI12,other,0.0938919,82.44,123.426,172,588
KTN1,other,0.0182135,41.3321,63.4218,295,439
KXD1,other,0.0130786,76.8191,59.0832,185,456
KYAT3,other,0.0478374,42.1506,33.0313,306,999
L2HGDH,other,0.0387128,233.786,42.1594,74,1130
L3HYPDH,other,0.0456237,67.8892,53.2051,194,410
L3MBTL1,other,0.0161393,29.9551,29.2208,408,1015
L3MBTL2,other,0.0539677,174.081,54.5172,77,1501
L3MBTL3,other,0.0559062,46.1371,45.3751,288,668
L3MBTL4,other,-0.0428709,57.6252,41.1194,211,717
LACTB,other,0.0142574,108.436,39.6908,120,699
LACTB2,other,5.41626e-05,89.9237,35.6408,141,638
LAGE3,other,-0.0266005,320.354,124.852,46,155
LAMA5,other,-0.00845697,45.706,82.0382,286,1197
LAMB1,other,-0.0214197,311.034,33.1049,60,554
LAMP1,other,0.0393634,40.2864,71.0534,316,777
LAMP2,other,-0.00157139,60.4836,28.5074,195,784
LAMTOR1,other,0.0430024,97.8647,254.026,164,95
LAMTOR2,other,0.0554239,135.747,141.221,117,239
LAMTOR3,other,0.00478586,180.629,128.147,94,308
LAMTOR4,other,-0.0111138,59.8886,54.4917,297,432
LAMTOR5,other,-0.0384874,194.585,188.353,77,122
LANCL1,other,0.0222715,54.3471,81.1928,246,184
LANCL2,other,0.0261882,57.7093,45.0013,216,554
LAP3,other,-0.0121103,71.1233,31.7178,185,704
LAPTM4A,other,0.00494998,63.6724,46.0603,199,502
LAPTM4B,other,-0.000886225,58.6504,23.949,208,909
LAPTM5,other,0.0189189,67.2613,53.7625,190,904
LARP1,other,-0.0103058,64.243,50.2811,203,422
LARP1B,other,-0.0211007,192.42,32.5485,72,597
LARP4,other,0.00774149,62.1532,37.556,201,666
LARP4B,other,-0.0034669,86.5598,46.4017,153,676
LARP7,other,0.0526245,48.1767,40.97,283,617
LARS2,other,0.00698985,54.232,73.4317,280,352
LASP1,other,0.0134662,51.6445,23.9836,249,998
LATS1,other,0.00664877,73.6961,41.1845,174,897
LBH,other,0.0209154,63.1841,260.271,220,63
LBR,other,-0.0121738,56.9988,44.4826,204,544
LBX1,other,-0.00592619,55.6463,49.8069,213,370
LBX2,other,-0.0144002,77.7279,42.4951,163,587
LCLAT1,other,-0.0165176,305.567,33.8401,50,635
LCMT1,other,0.0930349,63.0369,75.9104,239,244
LCMT2,other,0.0918836,98.9601,49.9574,127,1381
LCOR,other,0.00908843,145.472,67.11,104,264
LCORL,other,0.0300936,106.535,39.1603,121,1136
LCP1,other,-0.00506424,59.642,37.6036,220,863
LCP2,other,0.00845768,95.6095,135.69,126,144
LDB1,other,0.084817,103.194,41.2447,212,570
LDHA,other,-0.0104549,52.2948,59.0386,234,337
LDHB,other,-0.0349102,83.8336,54.3707,156,502
LDLRAP1,other,-0.0115337,122.238,53.7529,109,453
LEF1,other,-0.0303941,76.2487,17.8398,198,1419
LEMD2,other,-0.0249413,40.8318,69.9481,305,241
LEMD3,other,-0.0119099,72.1829,60.0158,171,629
LENG8,other,-0.0340778,70.0928,143.025,217,92
LEO1,other,0.20813,278.415,249.7,97,347
LEPR,other,0.0376274,68.7815,57.7982,217,849
LEPROTL1,other,0.0367468,1209.25,43.4184,28,487
LETM1,other,0.0446024,147.849,283.26,154,56
LETMD1,other,0.0372563,80.8737,40.7933,163,1286
LEUTX,other,0.0137886,111.347,40.8511,115,456
LGALS1,other,0.00141807,43.0034,63.4861,292,460
LGALS8,other,0.012152,59.0323,28.1841,195,980
LGALSL,other,-0.0278528,62.8033,33.7308,211,786
LGMN,other,-0.0222151,46.6158,40.3456,273,637
LHPP,other,0.00327916,64.4887,36.6773,194,820
LHX1,other,-0.000904831,73.4819,38.4384,177,627
LHX2,other,0.0140862,190.566,46.5671,72,389
LHX3,other,0.0110746,38.1954,40.6075,334,419
LHX4,other,-0.0069487,111.253,55.3311,122,380
LHX5,other,-0.0153647,94.4927,51.1231,139,419
LHX6,other,-0.00590321,89.2969,51.9696,138,332
LHX8,other,-0.0225068,33.9477,32.3449,371,1200
LHX9,other,-0.021875,113.337,89.012,114,205
LIG1,other,0.0545489,30963.3,463.825,3,74
LIG3,other,0.0114762,126.049,76.6402,91,469
LIMA1,other,-0.0126976,39.1045,45.7547,314,461
LIMD1,other,0.00680125,67.8615,29.7897,180,585
LIMD2,other,0.0139779,128.885,54.9543,150,297
LIME1,other,-0.00857014,35.572,48.1203,381,417
LIMK1,other,0.014625,35.1038,22.9395,373,939
LIMK2,other,-0.0133434,50.1304,42.8298,277,699
LIMS1,other,0.0101819,21.1578,30.6561,590,1017
LIN28A,other,0.0404453,50.4499,39.0182,296,638
LIN28B,other,-0.00107776,61.1496,34.1736,235,1055
LIN37,other,0.0974169,84.5228,79.8112,211,455
LIN54,other,0.0667856,22.5349,133.163,676,232
LIN7B,other,0.00105776,68.131,62.0013,217,376
LIN7C,other,0.0359935,68.7431,29.2658,202,826
LIN9,other,0.035313,307.204,415.395,57,31
LITAF,other,-0.0302433,35.9246,45.6286,375,941
LIX1L,other,-0.0233831,68.6955,26.0874,182,1148
LLGL1,other,-0.013395,46.2756,43.3811,274,415
LLGL2,other,0.0022251,114.816,113.737,133,123
LLPH,other,0.0136571,65.7065,28.7406,181,848
LMAN2,other,0.0365104,65.751,62.6543,186,318
LMAN2L,other,0.00289745,121.646,40.0527,131,462
LMBR1,other,-0.0116549,77.1392,24.1734,152,1056
LMBR1L,other,-0.0051122,109.01,62.8318,134,274
LMBRD1,other,0.0332655,116.369,36.6797,108,1141
LMF2,other,-0.0619043,39.1075,48.5843,330,481
LMNA,other,-0.0142231,83.7605,102.117,166,560
LMNB1,other,-0.0160804,59.0644,36.1179,216,656
LMNB2,other,0.006502,568.948,25.4843,35,1230
LMO2,other,0.0243327,75.7869,32.6583,273,898
LMX1A,other,-0.00892516,67.2881,69.6958,194,303
LMX1B,other,-0.0121884,458.59,59.873,42,283
LNPEP,other,0.0231981,424.758,63.1221,42,280
LNPK,other,-0.0367478,59.913,30.8263,220,997
LONP2,other,-0.00578653,32.6873,42.7882,391,1264
LONRF3,other,0.00993867,35.636,35.3225,370,560
LPCAT1,other,0.0156645,39.4984,28.9733,305,773
LPCAT2,other,0.0166058,288.92,188.011,59,73
LPCAT4,other,-0.021532,94.3863,30.2892,138,1109
LPGAT1,other,0.0222428,49.0238,62.2618,247,260
LPIN1,other,0.0265947,111.504,84.5133,124,241
LPIN2,other,-0.00401216,79.5643,22.2753,154,1512
LPL,other,0.00603025,70.3926,108.617,168,156
LRBA,other,0.00399622,59.0949,56.2955,228,329
LRCH3,other,0.00546625,207.862,21.8349,65,1073
LRCH4,other,-0.00488657,32.3148,96.6631,390,129
LRFN4,other,0.000183029,61.0748,50.1608,212,349
LRG1,other,-0.0434148,65.4538,47.1458,193,885
LRIF1,other,0.00793776,228.675,31.8782,72,748
LRIG2,other,0.00160693,178.754,43.1007,73,476
LRP10,other,0.0133402,57.5488,65.7205,227,383
LRP12,other,0.0482738,54.3412,58.3978,243,606
LRP5,other,-0.0337061,67.876,38.6117,209,1208
LRP6,other,0.0358591,54.3702,166.299,227,1298
LRP8,other,-0.00291276,11751.8,40.7569,7,697
LRPAP1,other,-0.0136374,62.4,47.0498,200,582
LRPPRC,other,0.196179,151.082,91.2862,131,485
LRR1,other,-0.014665,58.5404,332.379,235,42
LRRC14,other,-0.0237726,18.7067,402.692,691,32
LRRC20,other,-0.0128632,46.4666,42.8234,266,1449
LRRC23,other,0.0184291,62.1262,46.595,206,658
LRRC28,other,0.0358043,69.1586,33.0356,173,526
LRRC37A3,other,-0.00465886,60.5875,14.0882,214,3319
LRRC37B,other,0.0127816,50.589,39.6928,245,478
LRRC40,other,-0.0133694,64.0166,48.3497,208,336
LRRC41,other,0.0585501,60.8366,40.1503,221,691
LRRC42,other,-0.00443917,62.254,48.5282,194,390
LRRC45,other,0.00688404,48.0884,45.9401,263,480
LRRC47,other,0.0283627,29.739,55.6548,416,276
LRRC57,other,-0.0296473,152.809,40.8728,88,735
LRRC58,other,0.0117947,132.836,67.6688,110,336
LRRC59,other,-0.0446801,53.3638,52.4094,218,1216
LRRC61,other,-0.000812746,43.6931,150.258,310,117
LRRC8A,other,0.0142902,31.7031,89.0128,380,1611
LRRC8B,other,0.0476533,43.0153,43.558,307,504
LRRC8C,other,0.00752787,39.3555,35.6017,302,529
LRRC8D,other,-0.0302261,28.0057,53.4526,467,587
LRRCC1,other,-0.0211937,76.6244,55.5216,154,320
LRRFIP1,other,-0.00970278,43.676,73.724,285,352
LRRFIP2,other,-0.0197908,96.9945,41.2084,132,761
LRSAM1,other,0.0141059,354.371,285.95,48,39
LRWD1,other,0.0210657,215.851,52.8611,68,539
LSG1,other,0.0428014,349.742,68.3754,84,237
LSM1,spliceosome (SF3/SNRP/PRPF),-0.0267658,102.656,70.3822,124,210
LSM10,spliceosome (SF3/SNRP/PRPF),0.0651508,63.411,239.613,323,70
LSM11,spliceosome (SF3/SNRP/PRPF),0.010215,118.103,265.961,191,66
LSM12,spliceosome (SF3/SNRP/PRPF),0.0143107,385.688,73.9456,50,538
LSM14A,spliceosome (SF3/SNRP/PRPF),0.0734211,69.1106,60.6973,215,402
LSM14B,spliceosome (SF3/SNRP/PRPF),-0.007387,85.3886,61.5949,182,349
LSM5,spliceosome (SF3/SNRP/PRPF),0.136081,77.8424,89.9494,346,242
LSM7,spliceosome (SF3/SNRP/PRPF),-0.0400857,141.44,467.711,145,33
LSR,other,-0.0245962,209.319,262.095,66,47
LSS,other,-0.00876059,58.5127,129.747,233,105
LST1,other,0.0013085,38.8462,51.9496,334,561
LTA4H,other,0.0164897,538.73,27.5721,35,1019
LTB,other,-0.00218106,131.979,80.339,99,204
LTB4R,other,-0.0121969,61.825,132.513,209,1463
LTB4R2,other,-0.0144018,35.2635,47.1193,349,641
LTBP1,other,0.00394561,61.9475,28.3127,206,999
LTBP3,other,0.0213952,28.2306,38.5976,432,529
LTBP4,other,0.0264795,24.0327,54.0399,674,447
LTF,other,-0.0321857,43.6831,75.6039,263,2668
LTN1,other,0.0199526,79.7496,46.5902,195,497
LUC7L,other,0.037321,54.4735,53.1807,296,1098
LUC7L3,other,0.129555,353.304,331.228,80,42
LUZP1,other,0.000260364,48.3315,63.7587,251,311
LY6E,other,0.0143988,29.2394,39.675,450,475
LYAR,other,-0.00699613,140.714,100.353,90,149
LYL1,other,0.0740482,198.634,46.2987,87,777
LYN,other,-0.017046,97.9554,47.1468,129,469
LYPLA1,other,0.00970123,68.6321,49.0815,189,539
LYPLA2,other,0.0367195,406.358,61.2565,44,305
LYPLAL1,other,0.00867548,173.999,51.7975,77,298
LYRM1,other,0.00143795,37.9857,41.1842,328,528
LYRM2,other,-0.0159305,31.6893,84.4415,384,644
LYRM4,other,-0.0515082,70.3247,102.088,202,172
LYRM7,other,0.00107021,232.355,44.28,59,862
LYSMD2,other,-0.0215254,161.038,27.8067,79,1408
LYSMD3,other,0.000619694,111.745,33.195,114,769
LYZ,other,-0.00786286,47.4007,56.7754,248,524
LZIC,other,-0.027456,172.045,599.875,72,25
LZTFL1,other,0.0393798,49.0619,28.2485,255,926
LZTR1,other,-0.0269551,79.7272,87.7508,299,184
LZTS2,other,0.00772315,51.2774,43.906,244,490
M6PR,other,-0.000517105,66.5216,41.0892,190,845
MACC1,other,-0.00720025,112.868,29.7714,116,811
MACF1,other,0.0184402,51.1014,41.4957,274,586
MACO1,other,-0.00102459,42.918,65.0853,288,267
MACROD1,other,0.0294343,118.89,37.6352,127,699
MAD1L1,other,0.00681439,58.5408,838.687,220,27
MAD2L1BP,other,-0.0127115,65.0297,123.064,182,165
MAD2L2,other,0.0050942,33.552,1209.87,385,13
MADD,other,-0.0141284,87.4239,37.4674,135,563
MAEA,other,-0.00500306,38.448,167.256,346,391
MAF,other,0.0159518,117.04,39.2009,121,782
MAF1,other,0.0162976,167.224,45.3026,82,1564
MAFA,other,0.00461459,118.881,27.6926,139,1364
MAFB,other,-0.0101178,75.0953,20.3101,179,1071
MAFF,other,-0.0124277,41.7743,46.6401,297,336
MAFG,other,-0.014874,50.5799,41.6129,257,711
MAFK,other,0.0118119,51.52,68.8276,296,216
MAGED1,other,-0.0072498,34.7317,33.4803,369,735
MAGED2,other,0.0195736,33.5246,83.7264,390,248
MAGEF1,other,-0.0238521,86.8668,40.2304,141,770
MAGEH1,other,0.0523711,57.8493,41.9543,212,1167
MAGI1,other,0.0308086,44.3558,28.1804,282,1332
MAGI3,other,-0.0253442,163.102,47.9717,74,864
MAGOHB,other,0.00507383,372.14,47.0358,43,361
MAGT1,other,-0.00216926,74.7066,40.9786,167,449
MAIP1,other,0.00281279,46.3913,49.7394,263,288
MALSU1,other,0.00994524,134.211,97.4863,131,176
MAML1,other,0.018517,70.9066,26.8927,187,1814
MAN1A1,other,-0.0360682,47.545,67.2989,281,328
MAN1A2,other,-0.0106998,98.9789,50.0936,158,384
MAN1B1,other,-0.0110246,58.8329,36.8215,203,744
MAN2A2,other,0.0234509,123.608,66.5243,109,401
MAN2B1,other,0.0339707,31.2408,37.4312,424,690
MAN2C1,other,-0.0156955,240.131,41.9835,55,945
MANBA,other,-0.0159289,87.6893,50.4019,147,1160
MANBAL,other,-0.0906544,63.3158,109.686,194,736
MANEA,other,0.042495,302.671,89.127,57,227
MANF,other,0.0189927,31.2707,46.086,402,462
MAP1A,other,0.00167505,72.9596,38.315,177,579
MAP1LC3B,other,-0.00308032,78.627,53.087,163,601
MAP1S,other,0.0091113,53.484,47.2319,237,432
MAP2K1,other,0.0248833,56.2004,54.7093,220,285
MAP2K3,other,-0.0390568,84.0673,32.2572,174,941
MAP2K4,other,-0.0209086,72.1814,38.1118,170,515
MAP2K5,other,0.000774126,76.5381,42.5472,164,1317
MAP2K7,other,-0.00995492,214.733,815.306,78,20
MAP3K1,other,-0.00981741,86.6194,55.7549,137,702
MAP3K11,other,0.0033122,45.525,35.0935,283,545
MAP3K2,other,-0.0447189,63.5961,46.1932,212,500
MAP3K3,other,-0.0140955,41.7465,36.3987,294,801
MAP3K4,other,0.0181597,88.509,66.6271,157,547
MAP3K5,other,0.0240636,80.4851,110.894,168,207
MAP3K6,other,0.00774121,110.552,108.068,116,1387
MAP3K7,other,0.00119819,74.9159,442.188,174,30
MAP3K8,other,-0.00620637,81.9568,61.2484,160,309
MAP4,other,-0.0290078,117.602,136.332,119,116
MAP4K1,other,0.0176244,106.337,41.7665,116,682
MAP4K2,other,0.0076515,59.5961,62.3035,214,292
MAP4K3,other,-0.0160218,85.0277,30.972,148,961
MAP4K4,other,-0.0340447,36.294,47.4968,337,811
MAP4K5,other,-0.00279882,72.0748,24.7726,167,967
MAP7D1,other,-0.00567002,221.654,40.0965,62,895
MAP7D3,other,0.010678,80.3042,50.6799,152,1012
MAPK1,other,-0.00984511,56.944,54.5499,305,506
MAPK11,other,-0.02198,82.5713,84.5373,147,255
MAPK14,other,-0.0505186,63.5279,102.199,223,738
MAPK1IP1L,other,-0.011287,55.1039,47.5341,223,423
MAPK3,other,0.0189736,50.7347,47.305,257,980
MAPK6,other,0.0166571,61.8677,35.1707,219,722
MAPK8,other,0.014162,40.4657,12.5584,306,2505
MAPK8IP3,other,-0.00583067,48.8567,26.3252,265,1317
MAPK9,other,0.0322509,54.2306,46.5853,228,515
MAPKAP1,other,-0.00163851,92.8088,83.1367,150,412
MAPKAPK2,other,-0.0298783,95.4163,34.5468,132,633
MAPKAPK3,other,-0.000359696,40.3399,131.096,308,116
MAPKAPK5,other,0.0470783,99.444,43.1757,125,473
MAPRE1,other,-0.0214654,53.5195,37.6124,233,626
MAPRE2,other,0.0116672,33.6656,30.9064,358,895
MAPRE3,other,0.0659121,332.089,209.724,64,90
MARK2,other,0.0176465,36.7159,50.3271,349,391
MARK3,other,0.0256186,31.8927,45.3262,392,513
MARK4,other,0.0123579,82.2444,46.3567,146,656
MARS2,other,-0.00554974,98.0499,46.6276,155,400
MAST2,other,0.00558682,84.9432,63.9219,143,266
MAST4,other,0.0508347,75.4389,29.5335,177,969
MASTL,other,0.0025959,74.0101,219.868,161,67
MAT2B,other,-0.0155747,39.173,146.121,364,220
MATK,other,0.014518,79.8774,44.1411,158,384
MATR3,other,0.0534935,156.325,94.2858,94,328
MAU2,other,0.0407075,198.712,53.6074,119,978
MAVS,other,0.0380491,67.9616,40.3692,193,584
MAX,other,0.0387703,152.019,62.7221,211,1352
MAZ,other,-0.0194608,76.219,47.1426,177,468
MBD1,other,-0.00418316,51.9867,49.1139,272,463
MBD2,other,0.0164368,83.7255,366.497,151,67
MBD3,other,0.0853798,119.607,32.0743,200,1522
MBD5,other,0.0672773,106.51,83.4993,162,290
MBD6,other,0.0140499,52.3722,34.6756,233,669
MBIP,other,0.0700009,79.4124,75.4293,205,323
MBLAC2,other,-0.0111795,61.9278,32.359,212,673
MBNL1,other,-0.00554508,130.142,32.8092,171,821
MBNL2,other,0.0203223,47.3981,39.2532,270,405
MBOAT1,other,0.0179273,285.263,38.3682,48,645
MBOAT2,other,0.0452522,65.89,61.3576,200,962
MBOAT7,other,-0.00192398,63.0306,75.4179,198,321
MBTD1,other,0.0414668,66.7486,27.3594,187,913
MBTPS1,other,0.105988,93.5318,105.554,149,223
MCAM,other,0.0136732,125.3,51.4468,107,426
MCAT,other,0.0351031,84.5069,49.718,161,663
MCCC1,other,0.0258582,62.7365,61.9657,197,812
MCCC2,other,-0.000938269,118.135,34.8494,100,631
MCEE,other,0.00286175,299.884,203.171,60,55
MCFD2,other,0.041966,38.8968,111.128,325,202
MCL1,other,0.0742351,55.9297,152.077,233,117
MCM3,other,0.0307069,132.327,1243.31,201,15
MCM6,other,0.0186421,149.883,449.074,143,29
MCM7,other,0.0188047,58.1596,59.0602,305,335
MCM8,other,0.0836883,51.5191,85.162,256,318
MCM9,other,-0.0358522,56.1298,110.058,234,194
MCMBP,other,0.0383742,78.4605,88.7278,231,201
MCOLN1,other,-0.018278,14151.3,51.5768,6,613
MCPH1,other,0.00425565,329.416,96.2959,44,235
MCRIP1,other,0.050202,97.2505,48.3419,155,612
MCRIP2,other,0.00141884,64.2778,97.3922,189,135
MCRS1,other,0.0436694,104.364,85.4229,173,260
MCTS1,other,0.12182,66.8729,52.7846,236,1253
MCU,other,-0.0398897,246.331,74.7002,66,219
MCUB,other,-0.0162197,50.4561,60.2536,256,563
MCUR1,other,-0.0266095,208.594,29.8194,79,1028
MDC1,other,0.0132472,74.829,59.2415,179,308
MDH1,other,0.01094,65.6947,39.9248,194,1010
MDH2,other,0.0354739,40.6265,52.9558,312,996
MDK,other,-0.000604998,116.668,80.7765,113,216
MDM1,other,0.0243175,200.589,31.7674,67,746
MDM2,other,0.00831412,109.061,384.994,116,33
MDM4,other,0.0115814,113.471,185.892,122,133
MDP1,other,0.00162331,64.4195,70.5853,196,241
ME1,other,-0.0104216,72.5558,53.1116,182,343
ME2,other,0.017432,73.7473,27.8858,176,695
MEA1,other,-0.0147873,43.847,80.038,292,698
MEAF6,other,0.00948298,538.71,397.062,39,45
MECOM,other,-0.000595552,112.133,30.924,120,552
MECP2,other,0.00480243,127.986,53.2253,102,322
MECR,other,-0.029363,133.034,53.1275,96,407
MED1,mediator (MED),0.101862,116.382,170.021,181,184
MED10,mediator (MED),0.229051,163.032,607.125,368,29
MED12,mediator (MED),0.410687,764.11,351.795,186,229
MED13L,mediator (MED),0.0784281,109.937,118.854,158,143
MED14,mediator (MED),0.238012,365.947,152.289,106,237
MED16,mediator (MED),0.0105742,277.854,115.497,76,119
MED17,mediator (MED),-0.0340667,305.401,455.111,80,31
MED19,mediator (MED),0.275991,413.161,176.568,299,877
MED20,mediator (MED),0.0305199,236.842,47.5607,107,779
MED23,mediator (MED),0.0210754,2455.43,55.6931,21,729
MED24,mediator (MED),0.140255,469.314,84.0365,58,755
MED26,mediator (MED),0.00867134,57.7857,46.3676,285,464
MED29,mediator (MED),0.0284323,194.957,1460.19,108,10
MED30,mediator (MED),0.160027,920.891,91.8287,114,409
MED4,mediator (MED),0.0144906,267.926,656.647,69,16
MED7,mediator (MED),-0.158755,262.351,163.688,122,416
MED8,mediator (MED),0.0533996,247.746,457.24,71,40
MEF2A,other,0.0374109,249.366,56.0506,85,295
MEF2C,other,-0.000658882,63.6023,28.6764,203,825
MEF2D,other,-0.0116554,76.3793,36.6777,165,696
MEGF8,other,-0.00895868,86.2688,44.7207,140,434
MEIS1,other,0.0160172,44.3709,42.5996,284,1577
MEIS2,other,0.0323535,97.4335,61.0286,125,393
MEIS3,other,-0.00966435,49.4202,79.5453,427,229
MELK,other,0.020362,48.0335,25.9066,278,777
MEMO1,other,0.126831,50.2932,331.964,407,43
MEN1,other,0.0526471,74.8813,216.998,259,163
MEOX1,other,0.0173976,65.5,30.7395,191,1499
MEOX2,other,0.0286644,109.315,44.6574,114,541
MEPCE,other,0.00278391,36.9442,72.1481,335,693
MESD,other,-0.0403624,117.459,33.3642,118,681
MESP1,other,0.049679,48.976,68.7525,252,269
MESP2,other,0.0135621,31.8302,34.4594,427,650
MEST,other,-0.00295162,63.4902,87.8109,195,2132
METAP1,other,0.0796088,56.7073,32.168,253,1305
METAP1D,other,0.0109263,96.7547,44.9892,137,521
METAP2,other,0.182985,176.265,140.86,271,226
METRN,other,0.0396103,75.54,128.661,163,102
METRNL,other,-0.00515845,163.556,53.5707,89,330
METTL1,other,0.0608178,37.4848,114.778,420,272
METTL14,other,0.2042,108.417,260.093,282,66
METTL15,other,-0.0446239,41.708,87.0167,307,721
METTL17,other,0.0579053,62.8177,49.4735,245,508
METTL18,other,0.00631608,121.211,44.6377,114,395
METTL21A,other,0.0243112,132.672,484.601,185,44
METTL22,other,-0.0360118,64.3278,49.3458,216,571
METTL23,other,-0.0302473,50.8509,37.3383,259,681
METTL26,other,0.0220132,59.4245,75.357,207,1688
METTL2A,other,0.0020125,103.481,101.889,121,146
METTL2B,other,0.001122,19.7008,227.809,605,74
METTL3,other,0.124123,77.921,115.656,325,131
METTL4,other,0.0344084,2026.31,72.2998,18,590
METTL5,other,0.0367873,47.9061,55.6639,287,596
METTL6,other,0.0328842,77.8172,126.968,152,121
METTL8,other,-0.0146315,250.789,45.7007,57,719
METTL9,other,0.0193343,37.079,46.0237,349,341
MEX3C,other,-0.000554278,36.8845,72.8725,347,278
MEX3D,other,0.00593967,72.0414,71.6323,191,259
MFAP3,other,-0.011375,58.5207,38.418,205,808
MFF,other,-0.0234805,121.863,39.9865,106,1329
MFGE8,other,-0.0265014,40.4764,54.6379,315,1005
MFHAS1,other,0.0158386,77.5723,98.5863,165,673
MFN1,other,0.00646838,1171.43,29.1176,27,874
MFN2,other,-0.0125708,37.2467,150.425,340,160
MFSD1,other,-0.0456304,64.8271,29.8362,205,1105
MFSD10,other,-0.0323718,50.1549,70.49,247,192
MFSD11,other,0.0236353,87.4235,59.4573,147,1312
MFSD12,other,0.0274547,76.251,37.4793,157,505
MFSD3,other,-0.0287458,123.613,106.726,103,163
MFSD4B,other,0.103147,83.2111,37.7946,181,806
MFSD5,other,0.0534551,61.1035,44.3161,201,341
MFSD6,other,-0.02829,109.857,143.382,142,113
MFSD8,other,-0.0187335,55.0629,39.8366,227,658
MFSD9,other,0.0083979,90.0074,30.5702,139,660
MGA,other,0.0388768,51.1209,35.4051,273,1472
MGAT1,other,0.0186086,33.2821,31.3065,373,752
MGAT2,other,0.0452559,75.6702,35.3087,176,549
MGAT4B,other,0.0391644,86.6115,74.7882,169,240
MGAT5,other,0.00308709,45.6925,27.8718,287,1029
MGME1,other,0.0174083,125.458,32.1297,102,561
MGRN1,other,-0.000285218,104.483,62.2187,146,515
MGST1,other,0.0195615,60.5548,60.9645,217,264
MGST2,other,0.00084566,110.493,35.0168,125,844
MGST3,other,0.0194564,106.411,41.3287,120,532
MIA2,other,0.040781,85.8437,40.6489,151,608
MIA3,other,0.0144283,39.1568,162.057,305,118
MIB1,other,0.0172327,91.2509,27.3486,146,1179
MIB2,other,0.0136862,69.1793,160.415,186,237
MICA,other,-0.016992,102.818,62.2011,153,792
MICAL1,other,-0.00312033,117.139,45.9291,111,497
MICAL2,other,-0.00307493,93.3854,53.1815,138,349
MICAL3,other,-0.0359015,32.1015,33.4515,396,571
MICALL1,other,-0.0142134,114.832,82.195,113,180
MICB,other,-0.0158831,34.4936,41.4372,378,687
MICOS10,other,0.104322,126.534,134.64,138,113
MICOS13,other,0.0590363,114.85,77.8256,138,320
MICU1,other,-0.00363375,246.654,34.2279,63,951
MICU2,other,-0.0243343,40.6617,40.264,306,492
MID1IP1,other,-0.050083,45.275,32.229,275,835
MIDN,other,0.00442992,23.6339,47.6475,568,621
MIEF1,other,0.0540016,112.019,85.412,119,761
MIEN1,other,-0.0583325,65.9896,57.0041,201,620
MIER1,other,0.0454997,38.2552,268.533,393,44
MIER2,other,-0.0468021,41.9771,52.2909,305,556
MIER3,other,0.0205817,85.0397,44.3798,158,510
MIF,other,-0.0257412,55.6277,35.0972,234,583
MIF4GD,other,-0.0653997,44.6914,37.7157,323,768
MIGA2,other,-0.00555286,69.5636,25.0104,183,1569
MIIP,other,0.0167694,536.489,83.9407,41,463
MINDY2,other,0.00678177,35.1197,25.1635,358,788
MINDY3,other,0.0193948,67.0663,41.8678,188,410
MINK1,other,-0.0401693,137.57,34.1068,101,709
MINPP1,other,-0.0083412,73.2992,52.9001,197,471
MIOS,other,0.0894501,101.295,368.291,228,67
MIPEP,other,0.0412192,79.8245,49.3588,182,866
MIS12,other,0.0490598,150.207,809.269,123,13
MIS18A,other,0.0220746,85.3193,374.06,194,30
MITD1,other,-0.024381,102.718,48.4516,109,567
MITF,other,0.00727025,33.5653,40.5328,402,430
MIXL1,other,-0.0154619,69.6732,36.6354,180,1119
MKI67,other,-0.00891467,61.0729,35.7191,211,509
MKKS,other,0.0175536,103.254,40.2996,125,684
MKLN1,other,0.00130724,99.0518,52.5157,150,297
MKNK1,other,-0.000423864,28.3547,63.8385,503,293
MKNK2,other,0.0588378,23.9492,41.9346,564,532
MKRN1,other,-0.0339345,42.9289,33.7869,308,615
MKRN2,other,-0.0128867,105.969,49.0976,122,517
MKRN3,other,0.0189619,65.3764,37.4813,214,840
MKS1,other,-0.030022,73.3854,45.7161,172,680
MKX,other,-0.0114006,38.3312,57.6024,348,366
MLEC,other,0.0195781,27.5109,30.0328,505,1570
MLF1,other,-0.00718207,63.9467,64.526,198,251
MLF2,other,-0.0231785,248.104,41.9931,65,466
MLH1,other,0.0596379,58.1421,44.0253,223,476
MLH3,other,0.056946,247.132,37.2709,63,1184
MLLT1,other,0.0350909,188.092,57.7363,99,259
MLLT11,other,0.00547563,98.2438,35.0486,126,635
MLLT3,other,0.00863723,40.1911,374.884,332,46
MLLT6,other,0.0146817,62.5079,213.399,821,61
MLST8,other,0.0282956,91.6022,103.659,169,369
MLX,other,0.0293405,87.9506,90.9348,145,246
MLXIP,other,0.0270978,91.1211,55.1368,153,369
MLXIPL,other,-0.0243372,47.6324,41.3029,289,435
MLYCD,other,0.00163886,58.8191,106.843,218,352
MMAB,other,0.0230914,93.6533,224.227,147,539
MMACHC,other,0.0184946,63.3991,46.0342,189,502
MMADHC,other,-0.00126017,54.128,59.3592,226,542
MMGT1,other,0.0437347,39.1622,42.2403,318,599
MMP17,other,0.0334582,106.075,37.947,200,679
MMS19,other,0.016265,54.2519,865.098,247,11
MMS22L,other,-0.0209091,206.762,648.64,82,17
MMUT,other,0.0535081,61.986,40.0972,217,603
MND1,other,0.00270549,94.8965,57.1491,140,294
MNT,other,0.0104189,104.756,128.58,176,299
MNX1,other,-0.0127779,56.5943,24.6183,236,1015
MOB1A,other,-0.018258,98.4832,118.443,131,793
MOB1B,other,0.0167807,81.0085,49.5058,166,410
MOB2,other,0.0227745,179.016,51.2492,84,637
MOB3A,other,0.00627641,38.115,53.9638,316,271
MOB3B,other,-0.0092276,35.7575,29.1388,349,947
MOCS1,other,0.00794357,86.5465,43.7019,140,1311
MOCS2,other,0.045216,33.6601,19.2262,353,1585
MOCS3,other,0.00822336,70.025,204.895,191,110
MOGS,other,0.0491802,44.7558,48.6832,273,446
MOK,other,-0.0304227,45.8091,27.8664,282,1023
MON1A,other,0.0878655,83.3065,52.135,260,523
MON1B,other,-0.01461,67.9544,39.1245,188,435
MON2,other,0.0136585,39.9137,146.23,335,121
MORC2,other,-0.0110581,134.858,52.4557,92,1175
MORC3,other,-0.0294239,116.072,40.1775,117,719
MORF4L1,other,0.0832865,97.6435,68.5543,152,1014
MORF4L2,other,0.0390825,51.2375,51.6219,263,382
MORN1,other,-0.0034665,25.4963,52.1595,467,441
MORN2,other,0.0183385,287.771,32.5887,51,680
MORN4,other,0.0196728,47.0602,48.9616,275,613
MOSMO,other,0.049106,247.963,110.107,71,1119
MOSPD3,other,-0.0117581,38.7611,30.4558,301,700
MOV10,other,-0.00311649,90.4203,132.652,142,499
MPC1,other,0.0352335,107.59,46.2114,138,559
MPC2,other,-0.00316441,113.88,133.314,118,160
MPDU1,other,-0.00751842,188.355,60.6731,80,347
MPG,other,0.0381296,82.1396,549.791,204,23
MPHOSPH6,other,-0.00807598,128.075,85.6689,141,268
MPHOSPH8,other,-0.00011336,54.0561,33.0074,231,449
MPHOSPH9,other,-0.0385585,126.747,1145.21,111,10
MPI,other,-0.0311939,55.1274,131.729,204,226
MPIG6B,other,0.038229,75.163,36.627,155,953
MPLKIP,other,-0.00170785,93.4699,37.5457,135,828
MPND,other,-0.0207234,247.397,106.767,59,271
MPP1,other,0.0230743,60.5098,27.2876,223,735
MPPE1,other,-0.0338362,61.9188,31.4013,218,1601
MPRIP,other,-0.0249835,63.8763,35.8353,201,619
MPST,other,0.00442901,202.443,46.7798,69,605
MPV17,other,-0.0333219,66.0586,41.6967,197,475
MPV17L2,other,0.00504137,70.146,37.6817,191,538
MPZ,other,-0.00841303,103.191,47.1047,121,305
MPZL1,other,0.000877872,70.4268,70.224,168,230
MR1,other,-0.0133964,47.9993,35.0102,250,670
MRC2,other,-0.0217524,74.9551,41.6064,193,892
MRFAP1,other,-0.00800427,154.625,38.8734,86,844
MRFAP1L1,other,-0.00110593,140.046,33.3183,90,790
MRGBP,other,-3.67239e-05,141.544,75.379,129,230
MRI1,other,0.0459503,113.085,37.3483,109,516
MRM1,other,-0.0231116,194.597,71.8602,102,268
MRM2,other,0.0174312,64.8413,38.3977,211,961
MRM3,other,0.0205534,52.8909,27.2679,225,1003
MRNIP,other,-0.0165605,99.5644,33.4363,122,454
MRPL1,mito ribosome,0.0232503,53.5801,66.0185,322,707
MRPL10,mito ribosome,0.0256193,113.86,105.703,162,166
MRPL11,mito ribosome,0.0977155,152.078,76.3371,105,512
MRPL13,mito ribosome,-0.00228868,137.264,291.852,130,43
MRPL14,mito ribosome,0.0528561,62.156,156.321,264,116
MRPL15,mito ribosome,0.0273648,205.626,92.9191,75,252
MRPL16,mito ribosome,0.0650525,123.652,121.734,130,197
MRPL17,mito ribosome,0.0997906,130.752,131.516,141,172
MRPL18,mito ribosome,0.0626128,86.9852,69.4722,250,353
MRPL19,mito ribosome,0.00904266,127.306,288.032,229,53
MRPL2,mito ribosome,0.102179,83.3776,58.0748,247,534
MRPL20,mito ribosome,0.0690987,54.3891,38.3886,337,1051
MRPL21,mito ribosome,0.0348555,554.377,111.756,28,306
MRPL22,mito ribosome,0.145998,111.74,65.4047,154,484
MRPL23,mito ribosome,0.103472,93.716,66.2327,171,564
MRPL24,mito ribosome,-0.0452468,85.2904,107.516,268,397
MRPL27,mito ribosome,0.0691947,138.226,84.6685,149,312
MRPL28,mito ribosome,-0.010866,141.432,58.0134,103,288
MRPL3,mito ribosome,0.102088,74.8008,71.9291,306,401
MRPL30,mito ribosome,-0.0602509,237.259,153.57,62,87
MRPL32,mito ribosome,0.0712653,187.173,148.818,88,133
MRPL33,mito ribosome,0.079846,65.6668,50.6068,295,516
MRPL34,mito ribosome,0.0362709,423.517,99.3219,52,199
MRPL35,mito ribosome,0.0306605,97.1119,171.536,260,98
MRPL36,mito ribosome,0.0160443,75.3944,94.25,347,148
MRPL37,mito ribosome,0.112513,91.5101,103.033,223,241
MRPL38,mito ribosome,0.014547,80.1893,37.6076,245,733
MRPL39,mito ribosome,0.143853,102.049,61.7465,229,527
MRPL4,mito ribosome,0.0206313,86.752,52.7471,202,527
MRPL40,mito ribosome,-0.00485409,56.8383,27.2811,228,823
MRPL41,mito ribosome,-0.0310375,153.959,148.753,106,96
MRPL42,mito ribosome,0.0489222,179.377,96.2462,105,372
MRPL43,mito ribosome,0.136545,135.513,85.1131,142,288
MRPL44,mito ribosome,0.0234947,162.443,58.81,117,689
MRPL45,mito ribosome,0.0119911,51.3159,75.9432,260,298
MRPL46,mito ribosome,0.0899502,164.929,120.582,139,216
MRPL47,mito ribosome,-0.0239342,437.69,54.1118,51,414
MRPL48,mito ribosome,0.0361916,237.623,31.4349,74,828
MRPL49,mito ribosome,0.0479678,554.736,89.6202,43,252
MRPL50,mito ribosome,-0.0472197,77.5753,61.9591,222,592
MRPL51,mito ribosome,0.0129546,156.428,94.7539,102,194
MRPL52,mito ribosome,0.0657578,168.155,38.8934,90,589
MRPL53,mito ribosome,0.0408057,83.8276,81.5385,201,228
MRPL54,mito ribosome,-0.0103291,71.2926,74.4653,209,313
MRPL55,mito ribosome,0.0710529,101.758,178.126,207,103
MRPL58,mito ribosome,0.0882679,93.1597,87.8168,161,414
MRPL9,mito ribosome,0.0598702,70.3852,39.615,238,740
MRPS10,mito ribosome,0.0224535,125.484,65.8503,120,302
MRPS11,mito ribosome,0.0252486,138.166,81.8704,129,392
MRPS12,mito ribosome,0.00699657,270.904,111.986,62,190
MRPS14,mito ribosome,0.026251,150.379,87.7522,124,228
MRPS15,mito ribosome,0.0526283,121.056,47.8467,133,787
MRPS16,mito ribosome,0.00751919,209.659,49.9169,70,626
MRPS17,mito ribosome,0.0660839,130.702,83.7591,123,349
MRPS18A,mito ribosome,0.06322,106.763,63.7359,184,286
MRPS18B,mito ribosome,0.0570012,148.741,103.428,99,353
MRPS18C,mito ribosome,0.0820235,81.5697,91.3022,179,265
MRPS2,mito ribosome,0.0867298,87.3799,133.942,193,201
MRPS21,mito ribosome,0.0664996,90.0976,62.5655,223,405
MRPS22,mito ribosome,0.0544768,77.8152,35.8352,225,708
MRPS23,mito ribosome,0.101174,96.6325,83.4513,194,409
MRPS24,mito ribosome,0.0483294,66.73,95.395,264,255
MRPS25,mito ribosome,0.0181917,126.308,54.8232,125,500
MRPS26,mito ribosome,-0.0165064,89.4632,49.3013,197,634
MRPS27,mito ribosome,0.0487764,144.606,99.9401,128,231
MRPS28,mito ribosome,-0.05012,79.1745,77.5224,260,726
MRPS30,mito ribosome,0.00230931,118.693,73.2089,142,247
MRPS31,mito ribosome,0.0230443,104.238,102.561,155,207
MRPS34,mito ribosome,-0.0162071,117.081,103.661,193,208
MRPS35,mito ribosome,0.0464295,71.5655,83.4797,321,356
MRPS5,mito ribosome,0.0777951,121.663,70.4904,138,318
MRPS6,mito ribosome,0.0421085,46.0684,307.178,370,44
MRPS7,mito ribosome,0.0367374,71.0127,65.925,217,347
MRPS9,mito ribosome,0.0394183,162.652,97.5433,104,200
MRRF,other,0.00461186,134.216,62.0587,101,364
MRS2,other,0.0220837,126.894,55.9817,101,1442
MRTFA,other,0.0306708,90.5499,48.108,136,457
MRTO4,other,0.00111687,78.0507,1146.35,182,11
MSANTD1,other,-0.00473169,110.045,59.7075,115,452
MSANTD3,other,0.0150448,53.0814,74.3434,229,379
MSC,other,-0.00369983,106.337,43.1693,116,1007
MSGN1,other,-0.029548,166.971,41.9322,80,395
MSH2,other,-0.0129044,76.5734,34.2393,170,629
MSH5,other,-0.0489508,62.4427,83.8706,201,183
MSH6,other,-0.0282721,66.8057,33.7162,203,685
MSL1,other,0.0113398,82.4181,52.1232,222,585
MSL2,other,0.0492991,135.799,67.8692,102,593
MSL3,other,0.0115067,58.25,60.9484,277,384
MSMO1,other,-0.0158353,71.9021,210.772,166,78
MSN,other,0.00295253,16.8937,55.7428,742,718
MSRB1,other,0.00195137,28.1311,31.1237,444,623
MSRB2,other,-0.023764,73.9057,59.5186,180,290
MST1,other,-0.0275708,51.9285,66.9602,243,1131
MSTO1,other,-0.0104088,54.4777,52.9843,227,399
MSX1,other,0.00433058,91.2517,27.653,134,763
MSX2,other,-0.0058935,46.5064,32.2941,281,778
MT1F,other,-0.037927,54.1881,33.9072,226,699
MT1X,other,0.0327131,43.68,35.0913,268,527
MT2A,other,0.0152087,44.4773,50.2175,290,799
MTA2,other,0.0427982,225.952,227.764,70,266
MTA3,other,-0.000699911,128.266,40.3325,104,438
MTBP,other,0.0339774,111.888,165.416,178,95
MTCH1,other,-0.00061125,58.4277,40.4092,201,637
MTCH2,other,-0.0256001,36.7578,59.827,317,370
MTCP1,other,0.105813,97.2523,61.16,150,757
MTDH,other,0.0288264,34.7139,36.5591,379,539
MTF2,other,0.00902105,104.623,38.8583,130,1074
MTFMT,other,0.00367559,49.5978,78.6015,260,225
MTFP1,other,-0.00591803,74.2762,25.3108,176,878
MTFR1,other,-0.00988142,63.289,24.1859,198,1214
MTFR1L,other,-0.00152951,73.0807,32.5747,173,897
MTFR2,other,-0.000986929,58.3016,205.496,206,67
MTG1,other,0.0115696,322.618,44.0383,43,678
MTG2,other,0.00956973,34.2822,74.3278,367,203
MTHFD1,other,0.0615623,360.045,168.829,60,115
MTHFD1L,other,-0.0363518,73.6363,59.9313,183,326
MTHFD2,other,0.00139357,34.134,62.8456,391,303
MTHFD2L,other,0.00931161,49.351,27.5256,239,707
MTHFR,other,0.0240079,38.2495,62.0018,337,368
MTHFS,other,0.0142282,61.2442,31.9259,210,560
MTIF2,other,0.0337096,71.0952,50.4308,234,414
MTIF3,other,0.0397074,127.765,92.7209,125,161
MTMR1,other,-0.0730107,91.2763,31.1629,174,1122
MTMR12,other,-0.0134883,110.43,41.7818,111,522
MTMR14,other,0.0199322,43.6948,55.8568,282,313
MTMR2,other,-0.0131684,50.0468,199.574,264,84
MTMR3,other,0.00253813,442.48,95.7627,42,460
MTMR4,other,0.0131944,54.4783,42.3671,225,552
MTMR9,other,-0.0257529,68.1349,82.3293,206,1734
MTO1,other,0.0240589,59.4604,57.9451,207,349
MTOR,other,-0.00654343,275.292,771.263,128,13
MTPAP,other,0.113364,129.077,91.9371,154,205
MTPN,other,0.0108989,64.6226,57.6227,191,372
MTR,other,-0.0221017,254.83,51.9288,57,484
MTRES1,other,-0.0186346,78.6851,164.079,181,138
MTRF1,other,-0.00858266,64.9065,30.2371,189,583
MTRF1L,other,0.0102303,64.1735,38.2198,218,794
MTRNR2L1,other,-0.0174289,108.368,27.3457,116,781
MTRNR2L8,other,0.0224003,187.774,124.197,75,262
MTRR,other,0.0258035,56.9184,51.3966,228,442
MTX1,other,-0.00440033,255.13,68.1962,54,222
MTX2,other,0.00856178,55.8917,129.618,243,137
MUL1,other,0.0227894,120.255,50.152,116,465
MUS81,other,-0.0175285,67.8431,187.559,184,63
MUTYH,other,0.0674372,147.631,62.7314,142,494
MVB12A,other,-0.0256415,194.109,34.4522,78,810
MVD,other,0.10077,182.346,235.896,135,64
MXD1,other,-0.0111899,281.905,42.9267,57,598
MXD3,other,-0.00216866,38.0792,34.8726,343,757
MXD4,other,0.0814356,69.2226,63.7861,230,557
MXI1,other,0.0107464,36.0144,26.6526,356,1261
MXRA7,other,0.0373181,37.0236,41.8118,345,795
MXRA8,other,0.0294538,441.369,60.2459,46,385
MYB,other,0.00593442,180.029,102.778,184,1242
MYBBP1A,other,0.066219,183.931,400.13,117,42
MYBL1,other,-0.0120505,46.4613,35.828,269,549
MYC,other,-0.00609735,169.506,81.36,99,255
MYCBP,other,-0.012039,32.2666,72.8995,395,227
MYCBP2,other,-0.0154508,54.864,41.7341,276,569
MYCL,other,0.0070128,235.288,38.6218,67,692
MYCN,other,0.00898721,58.5007,72.9598,219,924
MYF5,other,0.0500827,302.39,36.4993,60,688
MYF6,other,0.0119829,47.7565,56.4694,305,419
MYH10,other,0.0288058,46.4967,29.7014,255,764
MYH9,other,0.0360268,59.6279,50.245,216,477
MYL12A,other,0.0119713,36.3084,44.1649,346,440
MYL12B,other,0.0175957,116.299,36.7222,125,840
MYL6,other,-0.00344012,42.5142,51.9221,289,397
MYL6B,other,0.00631729,66.1899,36.5542,186,653
MYLIP,other,0.0238553,105.376,41.9674,136,436
MYNN,other,0.0298407,94.7646,42.5316,144,479
MYO16,other,-0.0252585,50.8572,59.041,245,1125
MYO18A,other,-0.0109283,68.5617,25.5734,181,1080
MYO19,other,-0.0065131,100.143,62.5682,134,1600
MYO1C,other,-0.0338047,27.8363,40.6298,454,431
MYO1D,other,0.00400764,38.0286,49.0324,320,545
MYO6,other,0.000915783,43.7292,78.3981,277,189
MYO9A,other,0.0294244,59.7862,65.7526,216,1022
MYOD1,other,0.0462627,28.906,173.606,428,88
MYOG,other,-0.00297651,51.856,80.5059,240,226
MYRFL,other,-0.0141092,48.6163,36.9561,266,770
MYSM1,other,0.000743762,57.0202,31.2068,245,766
MYT1,other,-0.0120371,167.602,40.0839,81,592
MYT1L,other,-0.0025629,78.4737,46.3014,160,1476
MZF1,other,0.03657,46.2078,23.2308,287,1813
MZT2A,other,-0.0407394,96.1359,26.3917,155,812
MZT2B,other,-0.0214107,100.667,160.224,163,142
N4BP1,other,-0.0109662,95.1285,66.5341,152,336
N4BP2,other,-0.00948767,39.3277,22.4255,316,1153
N4BP2L2,other,0.00367417,115.462,29.6762,115,919
N6AMT1,other,0.101257,102.032,152.464,312,165
NAA16,other,0.0116457,73.3002,31.8066,175,674
NAA20,other,0.265457,130.442,345.944,290,56
NAA25,other,0.207059,181.142,533.975,204,50
NAA30,other,0.161809,49.1102,238.29,365,86
NAA35,other,0.0459819,31.6318,56.0012,461,483
NAA38,other,-0.076647,172.532,121.352,147,187
NAA40,other,-0.0547113,105.626,107.181,122,695
NAA60,other,-0.0218481,282.227,27.9411,48,819
NAA80,other,0.00995318,56.7595,96.3106,215,338
NAAA,other,-0.00383423,65.5282,53.4542,204,316
NAB1,other,0.0119195,107.338,37.0421,153,777
NAB2,other,-0.0266562,51.1617,37.9292,238,843
NABP1,other,-0.0195884,75.0949,45.8904,163,734
NACC1,other,-0.00135413,47.1633,56.0904,247,359
NACC2,other,0.0191294,142.567,119.819,89,163
NADK,other,-0.0118041,78.5751,137.201,164,138
NADK2,other,0.00649672,94.6959,57.7796,149,421
NADSYN1,other,0.0316961,10846.2,91.3858,7,564
NAE1,other,0.133916,186.593,878.144,187,14
NAF1,other,0.0863169,112.532,253.966,203,100
NAGA,other,0.0579477,47.8821,66.4668,256,2090
NAGK,other,-0.0426913,36.0409,63.9684,337,373
NAGLU,other,0.0242108,25.4652,35.0598,481,659
NAGPA,other,-0.0404968,48.3647,48.5781,242,716
NAMPT,other,0.0607805,154.847,133.454,108,205
NANOG,other,0.0139767,47.6752,43.4276,261,910
NANOGNB,other,-0.0233774,217.399,32.0089,62,728
NANP,other,-0.0408543,35.8395,56.7723,346,399
NANS,other,0.0335032,72.0347,72.8392,179,241
NAP1L1,other,-0.0421981,53.9761,94.7183,232,251
NAP1L4,other,0.0305491,95.5454,32.2085,158,927
NAPEPLD,other,0.0199124,61.1859,41.1558,194,517
NAPG,other,-0.015304,78.1573,50.5589,183,455
NARF,other,-0.0189019,51.6348,54.3374,250,441
NARS2,other,0.0657803,65.7115,54.8733,267,431
NASP,other,-0.0809215,30.55,76.514,404,419
NAT10,other,0.00185182,1361.05,1721.76,22,10
NAT14,other,-0.0100799,134.714,25.9939,97,763
NAT9,other,0.0557709,60.9457,29.1002,204,870
NAV1,other,0.0068696,67.9098,42.8613,184,570
NAXD,other,0.00674127,63.4428,49.3674,176,371
NAXE,other,0.000520953,115.035,34.5586,111,1120
NBAS,other,0.199257,164.603,800.024,142,21
NBEAL1,other,-0.0268927,38.6837,34.6904,307,689
NBEAL2,other,-0.0249281,53.8479,82.1709,234,339
NBPF1,other,0.0261745,256.063,26.024,52,1289
NBPF15,other,-0.011024,71.5319,37.4595,184,681
NBPF3,other,-0.00365957,48.6601,39.4625,258,781
NBR1,other,0.010668,607.646,113.201,29,144
NCAPD2,other,0.00443544,356.41,859.774,41,11
NCAPD3,other,-0.0212693,58.0967,146.064,212,126
NCAPG2,other,0.0160405,78.0502,108.166,164,354
NCAPH2,other,0.00673678,44.5112,266.844,306,48
NCDN,other,0.0340962,99.3252,103.226,167,273
NCK1,other,-0.00652267,54.2137,60.3397,241,805
NCK2,other,0.0189227,42.9757,61.4149,287,819
NCKAP1,other,-0.0223396,142.354,40.073,123,522
NCKAP1L,other,-0.0117726,110.183,104.752,116,867
NCKAP5L,other,0.00254917,90.0253,35.8157,148,966
NCKIPSD,other,0.0156706,510.142,223.649,41,61
NCL,other,-0.044814,40.1392,231.231,443,189
NCOA1,other,0.0149627,61.1102,49.8481,187,617
NCOA2,other,0.0110971,57.3356,35.214,201,615
NCOA3,other,0.0270121,151.023,45.4715,85,397
NCOA4,other,0.00292904,41.4258,55.9164,321,779
NCOA5,other,-0.0118173,110.106,85.5078,126,197
NCOA6,other,0.0465264,54.5209,53.3808,264,740
NCOA7,other,0.0790886,70.6647,63.0673,181,300
NCOR1,other,0.121309,73.899,134.015,191,713
NCOR2,other,0.028107,28.7671,28.9181,434,793
NCR3LG1,other,0.0359615,95.8241,36.5617,134,608
NCS1,other,-0.0344404,136.784,63.7635,92,465
NDC1,other,0.000238902,132.391,60.2662,106,242
NDC80,other,-0.00578844,126.247,262.098,105,53
NDE1,other,0.00918398,85.0247,31.938,152,732
NDEL1,other,-0.00197382,55.9167,151.846,241,118
NDFIP1,other,0.0218424,48.1135,29.6441,270,817
NDFIP2,other,-0.00661529,248.211,50.8166,55,331
NDOR1,other,0.0170623,182.831,161.995,69,119
NDRG2,other,0.0363126,41.4255,39.0707,307,600
NDRG3,other,0.00505155,57.8904,81.6412,229,180
NDST1,other,0.0226455,112.669,20.1908,106,1655
NDST2,other,0.010746,103.222,47.7638,131,772
NDUFA10,respiratory chain (NDUF/COX/UQCR/ATP5),0.0199749,251.603,67.7181,56,866
NDUFA11,respiratory chain (NDUF/COX/UQCR/ATP5),0.00492456,56.5555,44.3627,234,405
NDUFA12,respiratory chain (NDUF/COX/UQCR/ATP5),0.0304817,58.378,35.4392,223,639
NDUFA13,respiratory chain (NDUF/COX/UQCR/ATP5),0.0214274,61.4645,51.117,213,359
NDUFA2,respiratory chain (NDUF/COX/UQCR/ATP5),0.0451472,80.5689,1028.87,161,18
NDUFA3,respiratory chain (NDUF/COX/UQCR/ATP5),0.0244972,76.2156,59.3067,238,319
NDUFA4,respiratory chain (NDUF/COX/UQCR/ATP5),-0.00837193,87.4083,29.6756,148,802
NDUFA5,respiratory chain (NDUF/COX/UQCR/ATP5),0.0174565,218.344,328.902,64,34
NDUFA6,respiratory chain (NDUF/COX/UQCR/ATP5),0.0633804,50.6533,70.5434,334,427
NDUFA7,respiratory chain (NDUF/COX/UQCR/ATP5),0.00723891,120.458,248.711,117,79
NDUFA8,respiratory chain (NDUF/COX/UQCR/ATP5),0.0466478,87.896,67.816,162,339
NDUFA9,respiratory chain (NDUF/COX/UQCR/ATP5),0.0655474,120.97,65.0229,115,308
NDUFAF1,respiratory chain (NDUF/COX/UQCR/ATP5),0.00452746,101.967,60.5818,133,284
NDUFAF2,respiratory chain (NDUF/COX/UQCR/ATP5),0.0353617,131.616,54.27,98,332
NDUFAF3,respiratory chain (NDUF/COX/UQCR/ATP5),-0.023665,84.5535,35.2892,156,1102
NDUFAF4,respiratory chain (NDUF/COX/UQCR/ATP5),-0.0309695,141.059,41.2173,100,492
NDUFAF5,respiratory chain (NDUF/COX/UQCR/ATP5),0.0275512,618.133,108.71,34,278
NDUFAF6,respiratory chain (NDUF/COX/UQCR/ATP5),0.0373127,101.597,26.4992,131,934
NDUFAF8,respiratory chain (NDUF/COX/UQCR/ATP5),-0.0201689,58.2069,50.1099,263,304
NDUFB1,respiratory chain (NDUF/COX/UQCR/ATP5),0.0290979,61.9941,90.4591,287,181
NDUFB10,respiratory chain (NDUF/COX/UQCR/ATP5),0.0026987,51.0115,97.8817,357,160
NDUFB11,respiratory chain (NDUF/COX/UQCR/ATP5),0.11432,82.2068,43.0797,179,744
NDUFB2,respiratory chain (NDUF/COX/UQCR/ATP5),0.0169407,120.827,44.5432,126,583
NDUFB3,respiratory chain (NDUF/COX/UQCR/ATP5),0.0124397,48.9025,54.9643,301,437
NDUFB4,respiratory chain (NDUF/COX/UQCR/ATP5),0.0537674,57.4815,54.8849,313,431
NDUFB5,respiratory chain (NDUF/COX/UQCR/ATP5),-0.0126665,1450.61,63.7065,19,342
NDUFB6,respiratory chain (NDUF/COX/UQCR/ATP5),-0.00395821,35.0733,32.651,389,824
NDUFB7,respiratory chain (NDUF/COX/UQCR/ATP5),3.43361e-05,88.3821,114.747,166,123
NDUFB8,respiratory chain (NDUF/COX/UQCR/ATP5),-0.0162554,47.9965,26.6185,340,1139
NDUFB9,respiratory chain (NDUF/COX/UQCR/ATP5),0.00945336,137.476,40.2552,105,610
NDUFC1,respiratory chain (NDUF/COX/UQCR/ATP5),0.0623399,44.2357,64.2054,341,384
NDUFC2,respiratory chain (NDUF/COX/UQCR/ATP5),-0.0148015,171.575,79.3856,79,205
NDUFS1,respiratory chain (NDUF/COX/UQCR/ATP5),0.0614692,214.241,42.5659,73,476
NDUFS2,respiratory chain (NDUF/COX/UQCR/ATP5),0.0346527,70.6442,44.2526,217,1488
NDUFS3,respiratory chain (NDUF/COX/UQCR/ATP5),-0.000503795,72.9836,34.7196,180,580
NDUFS4,respiratory chain (NDUF/COX/UQCR/ATP5),0.0359733,102.773,25.3023,129,1266
NDUFS5,respiratory chain (NDUF/COX/UQCR/ATP5),0.071268,33.4328,53.1331,393,507
NDUFS6,respiratory chain (NDUF/COX/UQCR/ATP5),0.0151607,129.683,40.3386,103,1743
NDUFS7,respiratory chain (NDUF/COX/UQCR/ATP5),0.0167363,40.5066,58.6217,306,666
NDUFS8,respiratory chain (NDUF/COX/UQCR/ATP5),-0.0225208,229.539,100.513,65,242
NDUFV1,respiratory chain (NDUF/COX/UQCR/ATP5),-0.00808415,31.5492,38.9074,400,747
NDUFV2,respiratory chain (NDUF/COX/UQCR/ATP5),0.0790813,103.54,44.3789,160,927
NDUFV3,respiratory chain (NDUF/COX/UQCR/ATP5),-0.0155281,73.3053,14.3194,170,1842
NECAB3,other,-0.0546201,85.5183,67.8549,186,240
NECAP1,other,-0.0213676,60.4421,54.1743,204,501
NECAP2,other,-0.00739769,62.3659,53.186,282,374
NECTIN2,other,0.00423463,111.589,57.3715,129,298
NEDD4,other,-0.00490718,259.718,80.2155,65,194
NEDD4L,other,-0.00642309,35.2951,41.5417,362,538
NEDD8,other,0.0268071,401.12,368.285,122,43
NEIL2,other,-0.00744484,70.658,39.9565,187,419
NEIL3,other,0.0218332,45.8483,38.7129,260,577
NEK1,other,0.0509444,128.505,96.3939,97,544
NEK2,other,0.00485524,85.6811,22.6104,147,1258
NEK4,other,0.0198563,84.7753,126.474,153,117
NEK6,other,0.00230588,225.542,30.432,71,634
NEK7,other,-0.0201959,72.1587,52.1336,177,908
NEK9,other,0.00427564,45.3447,28.0758,279,954
NELFA,other,0.129525,192.912,758.471,159,22
NELFCD,other,0.185633,91.5087,185.306,431,135
NELFE,other,0.0497165,146.327,67.7046,143,505
NEMF,other,-0.0016431,142.633,61.7875,99,453
NET1,other,-0.0185605,101.926,100.648,124,150
NETO2,other,0.00211382,53.9272,36.4485,237,596
NEU1,other,0.0384075,44.3801,26.5449,276,825
NEU3,other,-0.0197131,29.6146,32.721,407,706
NEURL4,other,0.0592059,61.9141,54.7596,214,586
NEUROD2,other,0.00585131,185.031,97.9281,79,3266
NEUROD4,other,-0.0151426,92.2612,45.8317,142,484
NEUROD6,other,0.0364432,817.976,44.5542,29,817
NEUROG1,other,0.00659813,63.5439,39.0918,203,653
NEUROG2,other,0.000694743,92.588,34.1268,130,1196
NEUROG3,other,0.0569665,51.488,43.1095,235,461
NEXN,other,0.0508882,77.4947,37.9706,160,623
NF1,other,-0.0155129,144.171,63.7623,143,294
NF2,other,-0.000322664,38.5879,32.7626,322,728
NFAT5,other,0.0466829,159.997,81.462,80,394
NFATC1,other,0.00818105,40.5076,31.1385,289,684
NFATC2,other,-0.00931897,44.4061,33.5902,280,627
NFATC2IP,other,-0.0389865,35.1565,96.7875,363,286
NFATC3,other,-0.00454917,54.8359,24.2173,220,1345
NFATC4,other,0.00574377,162.27,66.3565,87,2160
NFE2,other,-0.0320809,86.8732,44.2891,145,359
NFE2L2,other,0.0243447,84.1085,153.402,140,99
NFE2L3,other,0.0400927,65.5754,32.6044,186,713
NFE4,other,0.0160719,86.7093,72.3163,153,299
NFIA,other,-0.00566049,274.998,40.5514,50,1259
NFIB,other,-0.0308548,81.8225,33.7624,161,982
NFIC,other,-0.00403612,48.4886,40.3846,302,426
NFIL3,other,0.00477807,81.6332,58.005,158,371
NFIX,other,-0.00593059,29.186,43.5647,403,484
NFKB1,other,0.00793852,39.4372,74.7939,321,287
NFKB2,other,-0.0426154,49.1225,86.32,254,1881
NFKBIA,other,-0.0423012,49.9423,47.4136,255,472
NFKBIB,other,-0.00688788,52.4363,44.3748,245,564
NFKBID,other,0.017144,74.203,119.432,172,179
NFKBIE,other,-0.00574143,190.281,801.434,95,15
NFKBIL1,other,-0.0141753,237.486,120.17,61,1805
NFRKB,other,0.206914,87.5646,128.962,468,1665
NFS1,other,-0.0409386,104.035,39.4837,150,476
NFU1,other,0.0240308,285.445,55.4561,56,345
NFX1,other,-0.020945,86.5846,32.6739,158,832
NFXL1,other,0.0402024,112.118,48.3452,114,318
NFYB,other,-0.00174928,167.987,114.954,92,173
NGRN,other,0.00236881,89.3813,46.2564,188,557
NHEJ1,other,-0.00812594,124.584,58.027,109,368
NHLH1,other,-0.0130099,56.2571,27.2465,218,1020
NHLH2,other,0.0118042,54.1697,97.1908,224,124
NHLRC2,other,0.0984846,58.0551,97.8625,268,252
NHLRC3,other,-0.0146567,48.1196,45.6377,266,529
NIF3L1,other,0.0333457,216.314,30.8583,62,744
NIN,other,-0.00198038,77.8671,31.9643,156,676
NINJ1,other,0.00979115,93.146,90.6973,159,167
NINJ2,other,-0.022172,38.2751,39.3689,357,488
NIP7,other,0.0325239,163.118,399.074,202,30
NIPA1,other,0.00282246,52.7467,43.0255,228,590
NIPA2,other,0.00292364,176.545,61.0923,71,821
NIPBL,other,0.0788278,594.913,111.794,46,740
NIPSNAP1,other,-0.0392194,196.835,44.1331,77,1115
NIPSNAP2,other,-0.0383891,53.046,34.3035,242,994
NISCH,other,0.0131701,32.5487,31.2043,412,1220
NIT1,other,0.000544625,52.8276,107.677,237,123
NIT2,other,0.0125569,129.869,63.6497,104,266
NKAPD1,other,0.182442,89.9508,77.9718,229,451
NKIRAS1,other,-0.00747072,105.2,1356.44,128,12
NKIRAS2,other,0.00952968,159.283,54.2234,99,329
NKRF,other,0.0203806,75.9673,41.8769,175,421
NKTR,other,0.043412,106.997,49.749,140,389
NKX1-1,other,0.0234631,75.9628,34.1389,164,598
NKX1-2,other,0.00370402,82.4243,48.9585,156,338
NKX2-1,other,0.0048668,119.247,27.3331,109,745
NKX2-2,other,-0.0391725,512.906,104.337,34,326
NKX2-3,other,-0.0115018,79.376,55.4328,172,639
NKX2-4,other,0.00834022,57.7099,37.1889,239,500
NKX2-5,other,-0.04012,91.7405,82.9306,157,1367
NKX2-6,other,-0.0320834,111.251,67.546,127,925
NKX2-8,other,0.0457254,23.9318,84.6828,564,331
NKX3-1,other,-0.024139,122.672,60.2252,114,544
NKX3-2,other,-0.00103566,177.757,76.4955,81,212
NKX6-1,other,-0.0650882,282.497,88.9871,152,842
NKX6-2,other,-0.0264589,93.7885,37.9226,138,513
NKX6-3,other,-0.0206987,58.3009,43.283,215,478
NLE1,other,0.0119648,160.915,52.4907,218,358
NLK,other,0.00933828,87.0142,55.2455,149,283
NLN,other,-0.0170171,223.226,55.0839,66,382
NLRP1,other,0.00382403,55.0326,44.4663,232,868
NLRP2,other,0.00263559,242.568,27.6368,60,871
NME1,other,-0.0124497,52.81,24.5969,238,1497
NME3,other,0.017091,86.3538,67.0308,152,250
NME4,other,0.00671528,165.545,50.3898,78,313
NME6,other,-0.0510127,57.2547,35.7518,208,539
NME7,other,0.0238061,131.462,35.4651,105,620
NMI,other,-0.00256748,49.9767,40.1009,251,566
NMNAT1,other,-0.0290201,88.1683,340.958,148,57
NMNAT3,other,0.00817835,52.5885,62.625,228,576
NMRAL1,other,0.0275231,64.6137,82.764,204,317
NMT1,other,-0.021841,191.806,202.677,80,65
NMT2,other,0.00883344,118.71,82.0969,115,1666
NNMT,other,0.0548525,44.09,53.9872,297,365
NNT,other,0.0176385,228.788,64.2517,62,320
NOA1,other,-0.00585256,102.363,58.9057,141,358
NOBOX,other,0.0360518,50.9944,23.7923,257,1209
NOC2L,other,-0.00468587,811.681,312.597,31,53
NOC4L,other,-0.0220678,444.364,952.078,52,19
NOL12,other,0.00830642,171.425,164.421,114,82
NOL6,other,-0.0561317,704.007,658.596,44,22
NOL7,other,0.0411372,79.3733,367.906,192,37
NOLC1,other,0.0447595,88.1978,169.342,234,64
NOMO1,other,-0.047609,41.6904,41.3852,593,853
NONO,other,0.0502467,71.2777,38.1661,205,644
NOP53,other,0.0290024,236.547,207.615,70,102
NOP56,other,-0.0321078,67.727,133.447,191,117
NOP9,other,0.025056,93.027,62.7695,137,231
NOS3,other,0.024878,224.122,40.6566,68,431
NOSIP,other,-0.0443197,86.2644,64.5016,141,432
NOTO,other,0.00703576,53.8969,48.1009,232,495
NPAS1,other,-0.0175038,53.3188,74.5578,240,241
NPAS2,other,0.00217733,66.8502,108.756,183,166
NPAS3,other,-0.0109456,94.2401,27.7932,140,652
NPAS4,other,0.0494504,78.5123,34.4524,169,698
NPAT,other,0.0545001,2356.02,514.648,16,38
NPC1,other,0.041038,160.358,117.947,103,179
NPC2,other,0.0308085,118.896,71.9357,108,336
NPEPPS,other,0.0114036,42.5018,133.867,372,121
NPHP4,other,0.0143366,52.6812,29.1881,235,841
NPL,other,0.00628225,77.5827,56.7812,160,353
NPLOC4,other,-0.00260535,196.505,72.4056,74,225
NPM1,other,0.00522818,157.62,145.596,92,104
NPM3,other,0.0173234,83.131,42.1639,154,1105
NPRL2,other,-0.00313657,131.668,45.0024,122,390
NPRL3,other,0.0302222,66.2375,74.5873,200,692
NPTN,other,0.0212896,70.0254,50.0522,183,491
NQO1,other,0.0328594,35.6664,68.1003,345,258
NQO2,other,0.00977531,98.9189,28.7689,134,756
NR0B1,other,0.00473273,78.1377,33.2451,167,1044
NR1D1,other,0.0407647,51.7486,47.9088,243,686
NR1D2,other,-0.00374653,129.045,47.384,103,572
NR1H2,other,-0.0217803,56.7507,67.9531,223,892
NR1H3,other,-0.0349776,71.6812,43.9201,190,523
NR1H4,other,-0.0061116,72.6817,55.7447,168,672
NR1I2,other,-0.0166427,93.6398,22.6627,133,882
NR1I3,other,0.0485918,131.128,53.9718,95,690
NR2C1,other,0.0145178,122.818,100.375,117,150
NR2C2,other,0.109759,78.2105,87.0698,200,463
NR2C2AP,other,0.0839959,83.5424,72.9466,177,814
NR2E1,other,-0.109816,994.038,100.736,34,871
NR2E3,other,-0.0075572,38.0037,31.6157,317,880
NR2F1,other,-0.00221221,116.732,32.3309,119,621
NR2F2,other,-0.0304112,132.304,38.9588,127,451
NR2F6,other,0.0194036,42.9216,41.3005,297,493
NR3C1,other,-0.0195552,78.7309,31.986,160,843
NR3C2,other,-0.0188608,135.358,28.7706,103,980
NR4A1,other,-0.0650021,83.383,66.7794,152,508
NR4A2,other,-0.0284672,52.5367,24.8514,220,995
NR4A3,other,0.0238791,54.6938,65.7469,224,240
NR5A1,other,0.0167437,42.975,45.2864,290,512
NR5A2,other,-0.00192764,44.5017,44.1324,271,711
NR6A1,other,-0.0223181,175.034,41.1208,70,390
NRARP,other,-0.00381997,53.4658,32.0283,215,722
NRAS,other,-0.00787533,56.0064,149.626,235,1751
NRBF2,other,-0.00418294,579.098,30.1036,30,900
NRBP1,other,0.0285943,268.424,353.312,92,39
NRGN,other,-0.00512019,96.9548,31.0987,143,847
NRIP1,other,0.0187267,56.0085,65.2461,235,219
NRIP3,other,-0.0336181,51.0257,55.6015,231,475
NRL,other,0.0312454,40.7312,61.2029,326,282
NRM,other,-0.0075659,124.032,31.1852,116,666
NRROS,other,0.0694319,105.891,32.9578,110,1031
NSA2,other,-0.0276234,87.2319,184.632,187,61
NSD1,other,0.114737,106.289,202.239,182,854
NSD2,other,-0.0170586,64.5601,166.504,228,213
NSD3,other,0.0222835,37.3914,72.2102,348,262
NSDHL,other,0.0784124,67.054,67.1624,201,318
NSF,other,0.0081927,29.4615,55.8984,430,595
NSFL1C,other,0.0155437,61.597,74.1747,204,214
NSL1,other,0.0165425,138.887,476.596,118,29
NSMAF,other,-0.00767673,42.9643,94.2654,292,168
NSMCE2,other,-0.00936714,38.7942,266.026,332,61
NSMCE4A,other,-0.0390544,76.7342,149.618,177,168
NSMF,other,0.0650237,16.4176,46.4374,763,379
NSUN2,other,0.0318088,45.7108,62.7558,264,645
NSUN4,other,0.00942972,52.6199,56.0419,312,477
NSUN5,other,-0.0155083,106.744,70.2065,116,411
NSUN6,other,-0.0178363,125.157,105.262,116,1302
NT5C,other,0.00876054,41.3137,37.9849,303,608
NT5C2,other,0.00976667,77.2067,82.062,174,231
NT5C3A,other,-0.0276339,72.9697,87.211,170,189
NT5C3B,other,0.0189522,41.3235,46.4445,307,485
NT5DC2,other,0.0037524,64.1234,33.634,190,817
NT5DC3,other,-0.00597407,133.834,33.8708,97,626
NT5M,other,0.0206466,84.7294,44.5452,154,400
NTAN1,other,-0.0283511,49.8761,33.2388,256,954
NTHL1,other,-0.0330271,50.9546,117.597,279,206
NTMT1,other,0.0282128,97.5576,35.9484,126,524
NTPCR,other,0.0330695,119.216,63.9066,118,318
NTRK1,other,0.0183392,105.787,84.2409,124,236
NUB1,other,-0.0354551,80.7316,60.3045,315,290
NUBP2,other,-0.00746361,32.5637,47.3032,405,308
NUBPL,other,0.0152156,187.101,41.5436,74,771
NUCB2,other,0.0612163,67.1836,46.4448,190,876
NUCKS1,other,0.0339065,76.2751,42.7047,165,1343
NUDC,other,0.0286776,379.696,240.924,70,82
NUDCD1,other,0.10742,118.905,47.553,132,848
NUDCD2,other,0.0736359,62.321,45.9635,216,1348
NUDCD3,other,0.186254,238.179,338.932,138,53
NUDT1,other,0.0372342,58.3584,50.0129,229,532
NUDT12,other,-0.0358131,135.122,37.793,100,926
NUDT14,other,-0.0487986,52.2491,70.4803,272,518
NUDT15,other,0.0271768,149.268,36.6426,180,405
NUDT16,other,0.00258338,98.6744,27.0292,127,1114
NUDT16L1,other,-2.78356e-05,54.1279,46.931,262,647
NUDT19,other,0.00952153,80.591,37.3505,158,1089
NUDT2,other,0.0081412,62.2612,37.1677,216,591
NUDT22,other,0.0183356,61.7495,64.4821,254,275
NUDT3,other,-0.0106433,313.808,32.1934,52,608
NUDT4,other,0.0296629,83.2233,36.3832,161,883
NUDT5,other,0.0615127,105.201,250.875,138,57
NUDT6,other,0.0156339,39.3055,39.0393,330,998
NUDT8,other,0.0152856,86.6925,33.9305,153,623
NUDT9,other,0.0319613,70.8174,35.1863,184,592
NUFIP1,other,0.059355,191.52,855.188,100,15
NUFIP2,other,0.0923693,55.6218,48.0267,245,586
NUMA1,other,-0.0776033,77.4515,115.174,368,615
NUMB,other,-0.0180201,55.9411,43.0037,224,483
NUMBL,other,0.00238781,104.013,56.1775,121,282
NUP188,nucleoporins (NUP),0.0643726,57.67,122.943,274,249
NUP210,nucleoporins (NUP),-0.0192884,49.3152,103.667,271,119
NUP35,nucleoporins (NUP),0.0539971,91.559,33.9243,166,844
NUP42,nucleoporins (NUP),0.0273589,107.884,36.0323,120,715
NUP50,nucleoporins (NUP),0.024265,71.6697,63.5252,184,329
NUP54,nucleoporins (NUP),-0.110312,179.967,211.539,188,74
NUP62CL,nucleoporins (NUP),-0.0197464,72.7446,41.3256,166,372
NUS1,other,0.0124569,45.1287,48.0922,276,570
NUSAP1,other,0.0439586,56.3778,40.0552,206,518
NVL,other,0.0241264,184.913,1176.04,149,10
NXF1,other,0.0636525,19.5232,249.604,652,66
NXT1,other,0.0130999,96.6897,75.2313,168,232
NXT2,other,0.00934941,69.7461,41.5554,178,595
OAF,other,0.0261193,43.3796,206.644,284,107
OARD1,other,0.0124472,74.5163,35.6582,167,411
OAT,other,0.0148158,72.5326,40.3071,177,569
OAZ1,other,0.02053,84.0815,47.3789,152,329
OAZ2,other,-0.0845154,72.0939,66.2791,193,683
OBI1,other,0.0110468,89.4158,40.9293,138,446
OCEL1,other,0.0233238,92.4106,34.1692,132,685
OCIAD1,other,0.00172209,52.2265,35.2562,254,518
ODC1,other,-0.00341884,61.2453,39.6587,211,712
ODF2,other,-0.0158912,62.8242,44.5869,221,507
ODF2L,other,-0.000482716,75.8714,39.5204,174,435
ODR4,other,-0.0188746,67.8103,50.5487,188,450
OFD1,other,0.00769278,79.6309,88.1496,162,2486
OGA,other,0.0474822,130.08,310.219,112,67
OGDH,other,0.0638818,27658.6,246.018,4,74
OGFOD1,other,0.0867429,221.614,302.224,162,50
OGFOD2,other,-0.0281264,89.2562,36.4777,152,526
OGFR,other,-0.032729,60.9448,32.7275,200,780
OGG1,other,0.00116713,61.233,39.5019,231,440
OGT,other,0.0388772,772.246,96.5038,38,222
OIP5,other,-0.00596812,51.7559,506.322,264,25
OLA1,other,-0.0168497,41.7201,151.222,316,121
OLIG1,other,-0.0330791,114.455,40.2184,120,582
OLIG2,other,-0.00981175,79.5971,57.2654,155,363
OLIG3,other,-0.00566364,52.5429,32.3308,273,720
OMA1,other,0.0189236,88.9894,53.7055,137,352
ONECUT1,other,0.00334733,147.297,32.7024,93,944
ONECUT2,other,0.0387425,53.5582,24.5944,232,1264
ONECUT3,other,0.00515352,176.684,45.7476,79,330
OPA1,other,0.0397078,93.0908,162.954,164,80
OPA3,other,0.00123302,80.8339,31.4496,159,525
OPN3,other,0.00994027,61.6908,37.0505,208,721
ORAI1,other,0.0294407,63.8508,54.3074,211,443
ORAI2,other,-0.0289607,55.3789,36.4341,237,647
ORAI3,other,-0.000326219,87.4737,61.0521,150,277
ORC1,other,-0.0862098,46.2315,348.1,362,39
ORC2,other,0.00456304,149.7,643.507,93,18
ORC3,other,0.00404081,44.4387,292.346,315,59
ORC4,other,0.087846,123.381,778.722,115,21
ORC5,other,-0.0782129,172.658,144.073,116,106
ORMDL1,other,0.0289491,52.1605,64.1942,236,404
ORMDL2,other,0.0435945,52.9321,102.683,234,270
ORMDL3,other,0.0284478,49.7788,40.3284,250,446
OS9,other,-0.0203378,58.2981,70.6809,220,789
OSBP2,other,0.00141446,42.5411,32.5887,299,900
OSBPL11,other,0.0113586,150.216,34.3081,90,775
OSBPL2,other,0.0154031,48.7214,127.245,261,122
OSBPL3,other,-0.00850877,75.4947,135.762,166,102
OSBPL5,other,0.0182397,45.1884,55.2884,280,284
OSBPL8,other,-0.00729425,63.5694,31.8101,204,632
OSBPL9,other,-0.0189679,145.772,33.6091,89,1179
OSER1,other,-0.000177485,54.9427,44.7463,222,712
OSGEP,other,0.0354651,118.018,83.0478,123,207
OSGIN2,other,0.0625085,60.9883,28.3306,234,870
OSR1,other,-0.005094,208.589,68.6089,70,736
OSR2,other,0.0163519,112.104,41.5444,109,495
OST4,other,0.0175812,91.1217,52.9881,149,1052
OSTC,other,0.0158873,25.3456,34.481,514,735
OSTF1,other,-0.0126419,101.109,40.0887,127,749
OSTM1,other,-0.0111196,98.2525,28.9419,131,826
OTP,other,0.0127772,103.442,49.3129,119,397
OTUB1,other,0.0251507,53.4573,85.0437,240,403
OTUD4,other,0.0584571,72.4615,103.399,192,318
OTUD5,other,-0.0239222,90.9634,59.4388,150,806
OTUD6B,other,0.0453318,54.7123,95.1399,254,160
OTUD7B,other,-0.013119,76.2236,42.9885,225,590
OTX1,other,-0.0122204,47.9914,76.6386,303,222
OTX2,other,0.0212053,131.117,66.7647,105,348
OVCA2,other,0.0222686,54.5754,43.6636,223,613
OVOL1,other,-0.0073307,63.2317,48.8293,212,556
OVOL2,other,-0.0496357,72.1616,27.3753,184,1199
OVOL3,other,0.0117748,78.3137,29.8949,162,894
OXA1L,other,0.227829,155.539,81.8231,246,478
OXCT1,other,-0.000288494,52.8058,48.166,334,574
OXLD1,other,0.00795037,57.761,37.1006,226,557
OXNAD1,other,0.0165587,41.1237,49.531,316,506
OXR1,other,-0.0324112,57.8864,41.9631,244,1039
OXSM,other,-0.00108669,159.21,40.9241,77,582
OXSR1,other,-0.0227491,154.811,65.0686,95,586
P2RX1,other,0.0283602,86.8937,45.4771,139,645
P2RX4,other,-0.0204752,62.0265,76.7458,182,511
P2RX5,other,0.0291982,76.4516,63.7312,175,491
P4HA1,other,0.0301512,87.5691,28.5709,151,743
P4HA2,other,0.029158,66.2358,57.2862,192,318
P4HB,other,0.010337,59.6235,52.0836,215,521
PA2G4,other,0.0290521,72.7638,75.1352,222,214
PAAF1,other,0.0338827,126.109,40.3019,94,894
PABPC1,other,-0.0292099,827.289,150.208,31,189
PABPC1L,other,0.00917553,53.2861,37.3192,223,1347
PABPC4,other,0.00360182,135.579,1033.85,132,10
PABPN1,other,-0.0606969,144.565,124.155,162,91
PACC1,other,-0.000194032,54.1203,48.3425,221,376
PACRGL,other,0.0342279,215.906,32.7785,70,968
PACS1,other,0.0512125,39.2295,45.9464,334,440
PACS2,other,0.0611516,91.6463,84.2181,189,456
PACSIN2,other,0.00849627,62.2888,84.0154,197,298
PACSIN3,other,0.00335708,62.9667,182.861,193,179
PAFAH1B1,other,0.0161666,93.7033,871.086,153,16
PAFAH1B2,other,0.00534358,43.3052,25.3416,294,803
PAFAH1B3,other,0.00555583,103.901,68.512,143,353
PAGE5,other,-0.000371115,120.408,33.7399,108,503
PAGR1,other,0.0311361,50.6577,59.9692,233,549
PAICS,other,-0.00324725,122.586,64.4023,147,375
PAIP1,other,-0.0322221,50.6455,139.726,251,151
PAIP2,other,0.00138543,40.4057,35.406,311,559
PAK1,other,0.0182656,122.222,166.968,137,539
PAK1IP1,other,-0.0111799,463.311,1875.86,44,13
PAK2,other,-0.0372137,384.083,50.4719,47,567
PAK4,other,-0.0165897,124.213,33.2501,101,712
PAM,other,0.00781444,39.0024,47.5575,336,675
PAN3,other,0.0577222,58.3933,43.6716,243,806
PANK2,other,-0.00549586,42.3513,29.1472,311,809
PANK3,other,-0.0132317,87.9218,28.1035,152,880
PANK4,other,-0.0220385,41.3349,275.471,324,65
PANX1,other,-0.0448859,73.6069,160.853,169,78
PAPOLG,other,-0.0331341,38.0853,110.757,358,113
PAPSS1,other,-0.0234272,77.8212,59.6941,186,432
PAQR3,other,0.0143561,92.0472,39.2626,135,1048
PAQR4,other,0.0148066,139.107,45.0796,96,654
PARD6B,other,0.00828151,70.399,36.9174,210,471
PARG,other,-0.0118083,108.067,30.053,113,654
PARK7,other,0.0851468,17740.1,63.6347,8,1821
PARL,other,-0.0165785,87.6071,28.9237,157,632
PARN,other,0.0295284,48.6267,52.3061,308,314
PARP1,other,0.0155025,53.0681,69.7954,261,320
PARP12,other,-0.0114561,138.597,36.5402,111,733
PARP14,other,-0.0023059,59.5391,138.205,199,1695
PARP2,other,0.00552404,25.8381,68.1711,506,231
PARP4,other,0.00301976,79.3537,33.8483,157,865
PARP6,other,0.000178794,68.1154,48.334,181,395
PARPBP,other,-0.0105619,93.8338,59.4827,136,303
PARS2,other,0.0207732,122.991,82.0748,111,328
PARVB,other,-0.00405955,78.9672,58.3924,171,254
PASK,other,0.00610352,176.774,55.5074,85,319
PATZ1,other,0.00129791,25.2242,29.5265,519,771
PAX1,other,-0.0265745,222.556,67.9477,58,262
PAX2,other,0.0111291,77.7819,25.2766,172,974
PAX3,other,-0.00718901,37.6962,52.2451,337,337
PAX4,other,-0.0213134,39.2436,27.7614,320,893
PAX5,other,0.00371025,58.7995,107.178,222,144
PAX6,other,-0.0148515,44.1149,71.9088,285,223
PAX7,other,0.0210799,124.388,51.7391,104,548
PAX8,other,0.01453,112.686,71.4873,119,370
PAX9,other,0.020129,124.375,58.7767,98,1770
PAXIP1,other,0.0055683,107.977,88.3363,128,501
PAXX,other,-0.0560314,38.1493,47.8873,343,435
PBDC1,other,-0.0189848,71.4872,20.5741,172,1087
PBK,other,0.00986493,87.0501,39.9042,145,812
PBRM1,other,0.00677002,107.956,54.4742,154,357
PBX1,other,0.0258253,47.5944,34.0053,285,900
PBX2,other,-0.00233777,651.777,86.3524,36,394
PBX3,other,-0.00115433,76.2544,40.7714,174,583
PBX4,other,-0.0201019,85.9164,39.5703,145,633
PBXIP1,other,-0.00012857,121.632,36.6345,105,1010
PC,other,0.00641958,25.7893,26.3727,480,917
PCBD1,other,0.0238684,72.7064,28.4484,183,723
PCBD2,other,0.00806778,83.9847,44.7367,146,426
PCBP1,other,0.140647,134.714,152.3,152,114
PCBP2,other,0.0959724,32.0818,213.588,486,158
PCBP4,other,0.0197519,71.9395,70.7922,209,984
PCCA,other,-0.0121838,45.4412,32.2068,286,686
PCCB,other,0.00574402,28.3526,42.256,443,457
PCF11,other,0.00251002,48.9659,757.404,351,15
PCGF2,other,0.00460813,51.6435,33.5825,239,657
PCGF3,other,0.0162276,101.844,63.8278,159,270
PCGF5,other,0.074409,36.5379,66.5606,325,717
PCID2,other,0.0099422,31.6023,125.209,456,135
PCIF1,other,0.038837,87.1331,49.3026,148,970
PCK2,other,0.000295148,59.2219,36.2414,237,584
PCLAF,other,0.0190385,99.6016,36.278,134,858
PCM1,other,-0.00512764,86.0653,426.167,212,33
PCMT1,other,-0.00666891,73.0626,32.0467,177,658
PCMTD1,other,-0.0117632,74.4524,27.886,185,751
PCMTD2,other,-0.00514215,68.4243,43.0742,184,642
PCNP,other,0.0266084,48.7967,50.0965,276,394
PCNT,other,0.0113039,94.0259,55.0588,142,407
PCNX3,other,0.0516139,113.614,51.3481,198,462
PCNX4,other,0.00616089,51.2941,54.4343,242,664
PCOLCE,other,-0.01761,51.3261,40.6873,250,1193
PCSK6,other,0.0310979,44.4583,53.7148,275,650
PCSK7,other,-0.0117777,47.6291,38.7272,255,614
PCTP,other,-0.0268639,50.8903,44.3031,272,402
PCYOX1,other,0.00141804,162.382,26.7897,81,1062
PCYT1A,other,-0.0263069,143.153,81.4556,103,188
PCYT2,other,0.0521026,86.3137,103.526,167,422
PDAP1,other,0.027829,191.693,98.5263,86,358
PDCD10,other,0.0922261,41.7635,83.8839,325,319
PDCD2,other,0.0570304,143.189,352.12,127,42
PDCD2L,other,-0.0367573,138.636,83.9434,101,740
PDCD5,other,0.0169202,28.1302,69.392,527,483
PDCD6,other,0.0133125,30.0332,40.085,421,587
PDCD6IP,other,0.0134595,20.721,49.1172,597,351
PDCL,other,0.0218382,162.123,77.9077,85,576
PDCL3,other,-0.0261422,65.4813,113.554,206,144
PDE12,other,0.0251527,95.1435,50.6145,140,948
PDE3B,other,0.041861,59.4206,52.2323,252,413
PDE4A,other,-0.0023076,42.544,69.2507,299,1235
PDE4DIP,other,0.0627497,39.748,31.7681,288,509
PDE7A,other,-0.00205419,50.69,29.7132,252,778
PDE8A,other,-0.0246272,38.3501,41.8258,432,507
PDF,other,-0.0116847,68.087,54.2691,181,895
PDGFA,other,0.00335365,153.995,42.5036,83,770
PDHA1,other,0.00346654,48.9272,110.226,317,120
PDHB,other,-0.0405415,107.475,100.337,158,311
PDHX,other,-0.0270117,34.1,66.2649,368,273
PDIA3,other,0.000926282,99.135,74.9376,120,488
PDIA4,other,0.00532915,105.78,32.2817,127,580
PDIA5,other,-0.0074427,40.3107,43.8396,318,535
PDIA6,other,0.00447301,300.367,43.9354,57,842
PDIK1L,other,0.0021397,164.85,39.6995,82,569
PDK2,other,0.0211014,83.0762,45.9777,161,366
PDLIM1,other,-0.0166971,67.3818,60.5158,230,2218
PDLIM2,other,0.0376435,42.6571,76.61,285,258
PDLIM5,other,0.0193364,129.903,43.6857,111,458
PDLIM7,other,0.0172203,49.7352,38.263,270,499
PDP2,other,0.0323069,57.4678,63.3506,235,673
PDPK1,other,0.0827125,122.051,157.135,140,158
PDPR,other,0.000865719,78.1126,58.4257,160,348
PDS5A,other,0.0195797,87.2141,34.5876,146,500
PDS5B,other,0.0832687,75.6031,47.9381,187,477
PDSS1,other,0.0110298,90.6504,53.9693,130,409
PDSS2,other,0.00990458,72.9345,138.926,201,249
PDX1,other,-0.0300394,40.9141,48.4794,292,542
PDXDC1,other,0.0258524,214.894,41.7475,60,387
PDXK,other,0.000311822,63.7114,33.277,240,567
PDXP,other,0.061552,80.2765,40.1621,154,1427
PDZD11,other,0.0147796,96.4877,39.8663,137,427
PDZD8,other,0.0295879,110.605,73.8607,122,264
PEA15,other,-0.0130237,72.6044,52.8864,185,329
PEAK1,other,-0.000837332,57.4575,32.0789,258,858
PEBP1,other,0.0285834,81.7174,46.6412,145,556
PECR,other,-0.0335258,40.3861,40.4316,290,1613
PEF1,other,0.052209,107.575,20.1467,118,1881
PEG3,other,0.0336711,166.229,45.4645,82,566
PELI1,other,-0.0205304,47.684,24.3819,260,817
PELO,other,0.00252301,36.0823,43.3502,466,494
PEMT,other,-0.00324537,66.1539,52.3916,205,378
PEPD,other,-0.0363387,60.2687,50.8867,224,616
PER3,other,0.0358669,33.8486,52.6998,361,484
PES1,other,0.0253017,475.588,269.967,50,68
PET100,other,0.0230917,245.516,644.474,70,24
PET117,other,0.0323289,86.122,300.715,182,47
PEX1,other,0.00116479,168.168,481.065,99,23
PEX10,other,0.0163404,61.5122,33.6923,214,1085
PEX11B,other,0.0106869,139.689,44.6183,93,367
PEX13,other,-0.0245843,158.444,31.8387,98,568
PEX14,other,-0.00823143,104.152,34.7748,131,1008
PEX16,other,0.0169012,91.0402,60.4835,148,814
PEX19,other,-0.0682274,39.4234,38.7921,421,872
PEX2,other,0.0469441,110.424,34.1039,130,717
PEX26,other,-0.0433518,149.134,49.1893,84,520
PEX3,other,0.0172566,92.6402,71.4845,146,1760
PEX5,other,0.0321139,62.9062,39.3207,221,868
PEX6,other,0.0108111,59.4694,93.3948,224,523
PEX7,other,0.0166679,274.365,26.6176,55,793
PFAS,other,0.0988216,222.466,307.862,75,60
PFDN1,other,0.00524783,107.812,44.9852,126,438
PFDN4,other,0.00927292,105.445,184.591,125,85
PFDN5,other,0.0385432,58.2344,121.182,241,481
PFDN6,other,-0.0318422,66.4414,278.712,211,50
PFKFB2,other,-0.0017827,216.763,42.3721,62,551
PFKFB4,other,-0.020491,31.8587,64.9001,402,897
PFKL,other,-0.00801565,26.4659,34.8846,484,577
PFKM,other,0.0108466,34.6235,38.6262,353,524
PFKP,other,-0.0195294,86.4327,37.0423,142,701
PFN1,other,0.113513,74.9534,805.597,234,12
PGAM1,other,0.0316368,84.6481,119.103,296,135
PGAM5,other,-0.000463943,100.279,53.1108,174,520
PGAP2,other,0.0049234,44.6706,137.08,271,106
PGBD1,other,0.0193004,68.3354,30.246,179,587
PGBD2,other,0.00743222,118.418,31.9521,112,778
PGGT1B,other,0.00466685,155.363,221.451,81,73
PGK1,other,0.127709,169.992,249.664,103,101
PGM2,other,0.0153368,580.696,53.979,38,432
PGM2L1,other,0.00278404,72.28,52.5628,173,449
PGP,other,-0.0197428,54.28,45.9433,240,522
PGPEP1,other,-0.0143429,172.531,473.444,77,46
PGR,other,0.0164605,96.1364,62.8492,144,342
PGRMC1,other,-0.0100309,62.5489,41.7636,217,733
PGRMC2,other,-3.81326e-05,72.3352,53.6801,189,399
PGS1,other,0.227844,94.0054,219.477,229,165
PHACTR1,other,0.0414699,32.4244,30.7513,379,655
PHACTR2,other,0.0392913,93.2029,78.7,165,360
PHACTR4,other,0.0213232,78.827,48.1148,170,897
PHB2,other,0.0429574,116.125,625.133,224,15
PHC2,other,-0.0123868,63.4458,48.105,200,333
PHC3,other,-0.0248961,47.948,71.0035,246,262
PHF1,other,-0.0372792,67.7236,49.9748,232,393
PHF10,other,0.020564,151.313,673.313,146,35
PHF12,other,0.107772,55.6311,82.0653,330,304
PHF13,other,0.0324274,60.3335,59.7667,219,297
PHF14,other,0.0418626,89.5533,61.0344,161,477
PHF2,other,0.0233484,47.3301,48.3977,274,498
PHF20,other,0.0772321,80.7148,58.6981,197,636
PHF20L1,other,0.0584705,242.761,60.6556,57,324
PHF21A,other,-0.00321683,265.641,75.3121,61,520
PHF3,other,-0.0365988,284.758,177.449,57,2265
PHF6,other,-0.0109226,193.712,87.6839,72,235
PHF7,other,0.0203115,43.7311,34.2577,279,834
PHGDH,other,0.0236895,93.3888,38.8814,144,622
PHIP,other,0.0366042,50.9715,79.5756,255,399
PHKA2,other,0.0056617,48.2043,57.8928,249,400
PHKB,other,0.0722378,43.296,33.1883,309,1000
PHKG1,other,-0.000927602,110.158,711.305,131,17
PHKG2,other,0.02991,49.3459,48.0561,251,501
PHLDA2,other,0.00347794,107.646,31.0347,112,495
PHLDB1,other,0.00678009,54.867,28.4597,212,959
PHLDB3,other,-0.00845117,392.153,59.1495,42,342
PHOSPHO2,other,0.00557144,84.5365,41.3797,151,1148
PHOX2A,other,-0.0184573,48.461,38.3499,270,437
PHOX2B,other,0.0104095,707.902,40.3875,33,470
PHPT1,other,-1.71269e-05,65.4772,46.1029,199,467
PHRF1,other,-0.00836398,57.1787,72.2521,225,217
PHTF1,other,-0.0265141,245.224,28.6038,61,1092
PHTF2,other,0.0449377,57.2154,57.4517,227,828
PHYH,other,-0.0137359,305.596,26.3646,52,973
PHYHD1,other,0.0243776,58.2503,28.7326,213,627
PHYKPL,other,0.0280423,56.6354,81.7699,231,261
PI4K2A,other,0.00933212,79.6189,32.4641,143,798
PI4K2B,other,-0.00507355,89.3955,39.0501,137,946
PIAS1,other,0.0336079,57.2165,74.4634,319,232
PIAS2,other,-0.023451,49.2627,39.0044,266,818
PIAS3,other,0.0245972,56.2631,100.034,228,165
PIAS4,other,-0.0350146,134.609,54.4506,130,400
PIBF1,other,0.0854099,274.68,85.1494,68,297
PICALM,other,-0.0526068,134.519,55.5081,95,356
PICK1,other,-0.0106225,179.236,40.0214,75,500
PIEZO1,other,0.0317272,110.457,51.9367,130,479
PIF1,other,-0.0116291,23.946,34.625,570,1026
PIGA,other,-0.0179356,131.537,73.9515,101,213
PIGB,other,0.0175832,101.181,68.8716,127,1970
PIGC,other,0.0242815,318.81,39.7383,49,1074
PIGF,other,0.0780836,82.9175,153.794,152,177
PIGG,other,0.0260992,63.8791,36.704,194,749
PIGH,other,0.0061883,50.8992,165.669,252,124
PIGK,other,-0.00599296,82.155,40.7911,163,641
PIGL,other,0.024919,60.5611,44.4382,204,1016
PIGM,other,-0.00259275,58.7715,42.6781,228,604
PIGN,other,0.0114303,50.6391,72.4401,247,426
PIGO,other,-0.00263522,73.6421,30.2138,177,1367
PIGP,other,0.0596812,51.5757,57.2156,259,394
PIGQ,other,-0.026979,99.8767,35.1175,130,826
PIGS,other,0.00846063,96.8874,75.4171,138,278
PIGT,other,0.0102372,39.0247,21.9873,345,1564
PIGU,other,-0.0111999,103.39,79.5113,136,684
PIGV,other,0.0391608,57.2697,47.8659,215,829
PIGW,other,0.0318736,92.018,42.6834,141,463
PIGX,other,0.00759478,107.567,70.2057,113,469
PIH1D1,other,-0.00432289,70.4941,43.5621,203,452
PIK3C2A,other,0.0361452,2154.65,42.5365,17,533
PIK3C3,other,-0.0117311,52.2601,62.7123,242,216
PIK3CA,other,-0.0189132,98.1783,22.5289,134,1757
PIK3CB,other,0.021899,107.485,29.3821,126,918
PIK3CD,other,0.0281857,141.227,44.5282,89,499
PIK3CG,other,-0.0214351,72.3705,64.4018,172,400
PIK3R1,other,-0.00267158,58.3499,25.2059,233,1548
PIK3R2,other,-0.0292031,37.8348,34.3339,336,696
PIK3R4,other,0.0107618,93.2815,69.6123,142,404
PIKFYVE,other,-0.0260492,69.0906,170.534,232,98
PILRB,other,0.0211644,171.196,44.0892,77,543
PIM1,other,-0.00152643,79.0666,324.214,171,127
PIM3,other,0.0254073,141.938,175.966,92,71
PIN4,other,0.00888038,175.174,33.2013,83,599
PIP4K2A,other,0.00998089,71.2815,45.6069,194,352
PIP4K2B,other,0.0156792,53.8707,116.095,245,173
PIP4K2C,other,0.00562639,112.732,35.923,164,542
PIP4P1,other,-0.017044,128.256,123.017,107,183
PIP4P2,other,0.0192868,43.173,144.314,339,184
PIP5K1A,other,-0.0106656,316.4,30.7405,55,1446
PIP5K1C,other,-0.0456482,41.4868,41.4979,324,418
PIR,other,-0.012373,40.0553,28.0985,306,683
PISD,other,-0.0243091,96.6532,83.8766,130,511
PITHD1,other,0.0168735,293.948,59.9062,47,251
PITPNA,other,-0.00646738,62.8767,41.2309,186,629
PITPNB,other,-0.03733,80.5126,158.349,140,101
PITPNC1,other,-0.0548179,305.92,43.8476,55,550
PITPNM1,other,0.014834,56.1983,49.0442,235,485
PITRM1,other,0.0435463,125.426,107.661,130,184
PITX1,other,0.017899,59.5619,40.0692,218,565
PITX2,other,-0.0112507,30.7493,44.0628,393,398
PITX3,other,0.020109,65.9297,31.3656,209,863
PIWIL4,other,-0.012252,100.716,45.9138,132,926
PJA2,other,-0.0155409,103.366,45.1265,130,567
PKIG,other,-0.00320552,39.9265,32.0346,335,622
PKM,other,0.0234452,35.2615,55.6539,357,487
PKN1,other,-0.0408746,25.2184,108.355,585,212
PKN2,other,-0.0196675,151.801,56.0046,93,551
PKNOX1,other,0.110742,55.1156,76.9411,257,448
PKNOX2,other,0.0106138,116.204,52.214,118,368
PKP4,other,-0.00462155,66.5341,26.9184,192,918
PLA2G10,other,-0.0108271,35.9533,51.8431,358,1145
PLA2G12A,other,0.00080129,405.404,34.4539,37,696
PLA2G15,other,0.0262292,81.4923,93.7664,170,187
PLA2G6,other,-0.0268733,86.3195,36.1595,155,546
PLAA,other,0.0288775,49.2332,29.6574,260,634
PLAG1,other,-0.00425674,60.1848,50.043,206,528
PLAGL1,other,-0.00177626,40.0088,42.2127,328,507
PLAUR,other,0.00516734,150.177,26.2176,92,1423
PLBD1,other,-0.000172424,550.15,45.3778,37,623
PLBD2,other,-0.0013655,56.6977,52.831,228,434
PLCB1,other,0.0434334,61.8963,43.6983,191,573
PLCB3,other,-0.00216019,139.653,47.9145,98,704
PLCD1,other,-0.00231393,98.3861,37.6091,119,472
PLCL2,other,0.0121429,426.96,36.9463,40,650
PLCXD1,other,-0.00929517,63.9239,67.6482,193,268
PLD3,other,0.00809261,28.5222,115.639,517,116
PLD6,other,0.00627966,88.8656,27.6033,150,876
PLEC,other,-0.00688934,31.2202,65.7877,398,800
PLEKHA1,other,0.0397484,137.692,59.979,92,791
PLEKHA2,other,0.0127639,56.5826,24.7942,229,1067
PLEKHA3,other,0.0489134,55.5835,38.1883,219,953
PLEKHA4,other,-0.0054587,59.7398,67.0714,203,320
PLEKHA5,other,0.0190592,104.015,54.0352,166,359
PLEKHA8,other,0.0153982,61.7431,38.9514,257,1606
PLEKHB2,other,-0.0157951,96.7866,63.691,131,274
PLEKHF1,other,0.028507,91.0033,44.3191,142,323
PLEKHF2,other,0.0185486,100.639,59.1826,137,767
PLEKHG2,other,0.00682664,94.1391,37.8767,149,714
PLEKHG4,other,0.012296,54.7586,59.8438,257,298
PLEKHJ1,other,-0.0162714,1441.55,1188.32,23,10
PLEKHM2,other,-0.000127962,53.0746,74.6953,241,180
PLEKHO1,other,0.0310094,47.366,45.1107,277,1140
PLIN2,other,-0.00557117,48.69,39.53,254,401
PLIN3,other,0.00149517,74.9541,42.6779,171,495
PLK1,other,0.00156578,767.331,52.6437,29,448
PLK3,other,-0.00547984,106.264,29.661,120,1872
PLK4,other,-0.00765577,456.292,132.234,43,116
PLOD1,other,0.0062809,75.0756,55.7702,179,441
PLOD3,other,0.0233845,43.3874,317.942,354,43
PLP2,other,0.0192797,71.3469,26.1966,178,843
PLPBP,other,0.00410815,64.4029,26.2586,194,997
PLS1,other,0.0264387,43.6737,48.2985,282,450
PLSCR1,other,0.0466442,68.2688,39.2858,185,657
PLSCR3,other,-0.00438432,91.6872,193.968,136,201
PLTP,other,-0.012113,58.5442,24.4765,214,845
PLXNA1,other,-0.00796963,59.4666,49.2614,215,378
PLXNB2,other,0.0223727,50.4405,29.7509,231,667
PLXND1,other,-0.0328096,31.3949,43.8909,392,450
PMAIP1,other,0.0569972,37.1055,42.889,373,564
PML,other,-0.0195684,83.4942,52.2618,162,404
PMM1,other,0.028419,58.8017,45.9009,218,726
PMM2,other,0.0046867,56.4594,293.739,224,70
PMP22,other,0.0273668,50.7041,49.8089,248,526
PMPCA,other,0.0465841,127.344,758.537,179,20
PMPCB,other,0.133735,81.3765,305.099,417,81
PMS1,other,-0.0043378,140.382,45.1968,98,362
PMS2,other,0.0168612,94.9052,28.5986,139,779
PMVK,other,0.04663,66.8927,94.4678,203,337
PNKD,other,0.0684272,71.5144,59.4566,199,1151
PNKP,other,0.0305233,36.4826,253.286,373,44
PNMA1,other,-0.0226364,61.2975,67.2548,212,226
PNMT,other,-0.00128973,62.0439,58.0511,210,380
PNN,other,0.0473367,177.248,632.007,86,21
PNPLA2,other,0.0236905,54.9957,27.0863,222,753
PNPLA4,other,0.0115751,44.093,35.4778,281,651
PNPLA6,other,0.0152454,57.1079,60.3879,213,273
PNPLA8,other,0.00202585,75.7923,45.1782,163,400
PNPO,other,0.00195067,131.071,30.6625,106,938
PNPT1,other,0.159716,160.77,102.13,153,248
PNRC1,other,0.0036992,38.873,28.4215,337,1070
PNRC2,other,-0.00122617,121.475,27.9905,101,1231
POC1A,other,-0.00261764,53.5769,45.3757,233,476
POC1B,other,0.0176984,80.3328,74.8929,166,238
POC5,other,-0.0142184,80.9305,37.8842,152,552
PODXL2,other,0.0049147,86.9534,37.1129,155,701
POFUT1,other,0.0136293,110.837,57.7656,111,332
POFUT2,other,-0.0284509,59.4815,48.2764,230,443
POGK,other,-0.015033,80.9376,72.8211,184,496
POGLUT1,other,0.0816354,53.4723,32.5397,212,1135
POGLUT2,other,-0.025344,419.673,51.1322,43,369
POGLUT3,other,0.213998,187.328,131.56,165,316
POGZ,other,0.0221845,233.105,152.23,71,120
POLA1,other,-0.0237303,75.9884,1328.5,170,12
POLB,other,0.0205742,176.737,35.1099,74,974
POLDIP2,other,0.0115593,190.881,29.523,80,1061
POLDIP3,other,0.0438104,106.114,155.319,128,109
POLE2,other,0.0692615,88.5364,682.608,153,16
POLE3,other,-0.0268705,100.805,77.9592,131,279
POLE4,other,0.0102323,113.51,68.2398,130,322
POLG,other,0.0494302,58.6301,71.4669,240,549
POLG2,other,0.0934778,57.0855,95.4696,327,253
POLH,other,-0.0110573,52.4496,36.4288,242,526
POLK,other,0.0186833,48.4831,16.2404,260,2373
POLL,other,-0.0140549,252.912,45.7323,94,726
POLM,other,-0.00269285,38.5423,28.92,304,960
POLQ,other,0.0199642,52.2089,51.7978,240,320
POLR1B,RNA pol I/III,0.045137,446.161,1120.13,108,10
POLR1E,RNA pol I/III,0.0961267,128.164,736.841,247,26
POLR2A,RNA pol II (POLR2),0.0201508,83.9156,918.053,231,15
POLR2B,RNA pol II (POLR2),-0.0176586,120.043,113.789,180,151
POLR2E,RNA pol II (POLR2),-0.00101198,35.8566,583.748,448,12
POLR2K,RNA pol II (POLR2),0.0441273,3592.32,208.638,20,113
POLR2L,RNA pol II (POLR2),0.0838816,179.304,218.392,77,87
POLR2M,RNA pol II (POLR2),0.0729291,160.659,51.8359,111,858
POLR3B,RNA pol I/III,0.020079,135.328,355.965,130,43
POLR3E,RNA pol I/III,0.0267676,50.9876,399.022,367,26
POLR3G,RNA pol I/III,0.0187689,77.7995,29.8119,161,719
POLR3GL,RNA pol I/III,-0.0279671,84.3009,80.4089,167,245
POLR3H,RNA pol I/III,-0.0321087,50.8788,483.24,259,36
POLRMT,other,0.2059,119.303,109.617,308,221
POM121,other,-0.00428702,83.7657,61.9423,146,302
POM121C,other,0.0125476,190.465,59.4192,70,283
POMGNT1,other,0.0114958,59.8463,338.241,202,42
POMGNT2,other,0.00897251,71.1924,76.3992,178,550
POMP,other,0.00765268,701.264,578.225,29,24
POMT1,other,-0.0114943,57.9193,35.6676,214,628
POMT2,other,0.0542606,50.0592,31.4487,270,748
PON2,other,0.0114486,238.123,70.3569,65,229
POP4,other,0.00921495,196.802,763.489,149,18
POP7,other,0.037706,61.7617,1426.95,364,10
POT1,other,0.0156854,1436.11,788.524,19,20
POU1F1,other,0.0417687,89.276,57.5518,145,350
POU2AF1,other,0.0151054,233.953,57.1961,66,1344
POU2F1,other,0.0557165,53.6173,116.459,241,121
POU2F2,other,0.0139265,54.4,31.5382,251,1247
POU2F3,other,-0.0268215,37.2846,27.4654,350,1364
POU3F1,other,-0.00943259,82.1886,36.291,316,858
POU3F2,other,-0.00354973,131.084,35.9998,102,863
POU3F3,other,0.0196357,80.3884,35.6491,163,457
POU3F4,other,0.0186288,81.7615,34.1143,157,711
POU4F1,other,0.0125654,47.8582,30.9527,252,576
POU4F2,other,0.0288172,69.8702,19.0113,180,1113
POU4F3,other,0.028577,38.8127,41.0451,332,454
POU5F1,other,0.0093774,27.7678,39.4949,435,1343
POU5F1B,other,0.0122193,81.507,68.273,158,396
POU5F2,other,-0.00273932,56.0896,36.174,226,1426
POU6F1,other,-0.00450205,216.76,131.023,65,122
POU6F2,other,0.031081,80.5639,59.3916,164,280
PPA1,other,0.0893694,189.79,1069.47,199,17
PPA2,other,0.0133392,87.7362,264.332,147,167
PPAN,other,0.0177029,307.74,324.665,75,79
PPARA,other,0.0237517,48.7004,26.6818,289,1495
PPARD,other,0.0288217,140.566,44.106,90,357
PPARG,other,0.0382943,92.0135,25.568,121,917
PPARGC1B,other,0.00793581,45.6566,94.3654,340,155
PPAT,other,0.0131914,11202.5,141.156,12,130
PPCDC,other,0.0463222,27.2859,108.23,492,575
PPCS,other,0.103713,104.976,225.521,165,137
PPDPF,other,-0.0028773,370.316,104.302,40,1076
PPFIA1,other,-0.0127157,53.4852,52.2714,252,351
PPFIBP1,other,0.0278931,59.1951,86.3921,219,221
PPHLN1,other,0.0235225,89.4372,72.1895,172,736
PPIA,other,0.0351466,43.8369,53.7734,297,506
PPIB,other,0.00399699,65.1079,30.4398,189,715
PPID,other,0.000895734,41.4611,46.8553,282,485
PPIE,other,-0.00795552,300.633,289.329,64,116
PPIG,other,0.0102283,112.801,60.7023,112,307
PPIH,other,0.136375,111.1,59.8461,187,383
PPIL1,other,0.0472258,260.008,107.987,55,302
PPIL2,other,0.014632,46.7856,92.5419,310,212
PPIL3,other,-0.0123538,43.564,23.011,273,805
PPIL4,other,0.033934,234.512,695.812,79,14
PPIP5K1,other,0.0692049,23.3524,50.2505,588,396
PPM1A,other,0.0354249,448.063,40.6931,38,1004
PPM1B,other,0.00687352,62.994,41.9228,201,527
PPM1D,other,0.037934,205.764,81.6314,78,726
PPM1F,other,0.000414572,68.2028,64.1654,181,1367
PPM1G,other,-0.0170551,46.2896,60.0384,269,469
PPM1K,other,-0.00265898,58.1029,60.7224,218,850
PPM1N,other,0.0220951,70.1604,21.043,183,875
PPME1,other,-0.0386726,27.4572,41.5241,497,534
PPOX,other,-0.0133733,208.669,33.7144,68,699
PPP1CA,other,-0.0221992,26.7149,46.1743,546,475
PPP1CB,other,0.0375402,51.2454,42.4191,279,527
PPP1CC,other,0.0160518,56.7803,47.9572,269,355
PPP1R10,other,0.0131658,1552.11,135.28,21,124
PPP1R11,other,0.0550852,195.029,268.281,132,88
PPP1R12A,other,0.00948546,25.3853,46.9366,490,571
PPP1R12B,other,-0.00224361,353.869,53.1683,44,308
PPP1R12C,other,0.0644006,78.3575,73.0761,164,791
PPP1R14A,other,-0.0147737,44.2902,36.413,278,513
PPP1R14B,other,-0.0198121,142.215,85.1476,85,173
PPP1R14C,other,0.000665213,68.0375,48.1349,193,413
PPP1R15A,other,-0.0239275,146.404,52.6978,91,281
PPP1R15B,other,0.045918,47.6983,125.947,316,184
PPP1R16A,other,0.0039014,118.941,29.6446,101,940
PPP1R16B,other,0.00548155,71.731,44.6691,171,1035
PPP1R18,other,0.0245661,24.7157,110.414,515,342
PPP1R2,other,0.0194208,116.363,61.3202,119,1001
PPP1R35,other,-0.00123365,95.4936,87.5653,133,169
PPP1R37,other,-0.103762,128.062,37.4284,150,583
PPP1R3D,other,0.0197887,85.5209,47.4472,166,517
PPP1R3E,other,0.00857003,23.5588,50.6652,577,421
PPP1R7,other,0.0324857,63.0465,59.8126,192,417
PPP1R8,other,0.0357577,167.876,92.9373,114,142
PPP1R9B,other,-0.00636235,79.4541,40.7965,167,429
PPP2CB,other,-0.0285429,71.4148,72.6759,259,229
PPP2R1A,other,0.023418,17.2072,341.402,1061,57
PPP2R1B,other,0.00343694,457.596,45.0577,41,387
PPP2R2A,other,-0.0114322,199.861,56.0454,80,319
PPP2R2D,other,0.0132827,118.527,44.0901,98,535
PPP2R3B,other,0.00671699,56.1983,39.1697,233,456
PPP2R3C,other,0.0529765,103.922,41.2747,137,655
PPP2R5A,other,0.0214687,67.9504,23.065,188,1227
PPP2R5C,other,-0.0172982,265.27,75.3074,51,274
PPP2R5D,other,-0.0115922,109.264,38.8106,112,699
PPP2R5E,other,-0.032156,95.0058,41.8527,129,379
PPP3CA,other,-0.0272843,110.394,60.0624,124,357
PPP3CB,other,0.0415147,169.984,40.6855,85,420
PPP3CC,other,0.00192865,62.9613,31.0839,195,843
PPP3R1,other,0.011167,90.7352,39.2388,143,1062
PPP4C,other,0.074589,62.0884,122.155,271,158
PPP4R1,other,0.018212,304.542,49.0855,50,395
PPP4R2,other,0.0440981,52.4604,65.1311,406,319
PPP5C,other,0.0101659,53.0111,62.9785,271,234
PPP6C,other,0.00214909,60.0285,83.7938,240,238
PPP6R1,other,0.0374228,39.3925,38.0404,306,504
PPP6R2,other,0.0528612,41.1603,102.184,299,653
PPP6R3,other,-0.0214075,59.0417,51.9782,222,1502
PPRC1,other,0.0579972,142.299,84.3342,262,288
PPT1,other,-0.0231922,145.029,36.3056,86,882
PPT2,other,0.0294447,193.728,38.7977,65,536
PPTC7,other,0.0292569,39.0658,31.9582,304,579
PRADC1,other,-0.0087002,50.1421,611.168,270,20
PRC1,other,0.0071829,32.3552,1101.23,382,15
PRCC,other,0.0738436,59.1553,168.132,261,114
PRCP,other,0.0361851,34.9709,64.5108,372,536
PRDM1,other,-0.012227,57.7195,71.536,216,2581
PRDM12,other,-0.0120626,83.35,74.8188,149,1000
PRDM13,other,-0.0188481,44.5412,32.855,385,874
PRDM14,other,-0.00808971,72.3171,41.7638,205,404
PRDM15,other,0.0108168,369.521,75.9724,47,571
PRDM16,other,0.0552149,213.377,44.628,76,516
PRDM2,other,-0.00388752,90.1997,93.9163,143,163
PRDM4,other,0.00977985,123.275,62.0532,176,361
PRDM5,other,0.0214258,47.174,34.8222,312,1020
PRDM6,other,-0.0173568,96.333,23.7592,130,1156
PRDM8,other,-0.0183137,56.5737,58.1763,327,283
PRDM9,other,0.0181401,35.7872,25.4532,355,1224
PRDX1,other,0.0100326,68.7159,46.0297,176,499
PRDX2,other,-0.0190212,99.4561,42.9802,130,419
PRDX4,other,0.00977482,200.021,99.8389,84,846
PRDX5,other,0.0392413,66.7261,41.9016,182,583
PRDX6,other,0.0149568,55.0567,27.5245,228,825
PRELID1,other,0.0730654,67.7683,161.388,263,149
PRELID2,other,0.00169783,111.548,26.0295,111,836
PREP,other,0.0370354,136.881,33.1186,103,737
PREPL,other,-0.00630466,108.848,37.7302,112,592
PRICKLE3,other,0.0217595,52.5617,65.5242,280,280
PRIM1,other,0.0168822,153.065,539.029,102,21
PRIM2,other,-0.00438771,390.409,998.274,65,10
PRIMPOL,other,-0.00531374,74.3669,83.1932,171,202
PRKAA1,other,0.00772715,255.518,48.355,55,351
PRKAB1,other,0.0870994,31.8981,42.4245,409,452
PRKAG1,other,0.0116179,142.303,30.5316,92,747
PRKAR1A,other,-0.049253,91.5623,549.161,148,57
PRKAR1B,other,0.00927887,77.7341,201.34,188,67
PRKAR2A,other,0.0367795,71.1063,30.5235,183,853
PRKAR2B,other,-0.000227073,43.0666,149.302,296,124
PRKCA,other,-0.0276961,139.332,54.3013,153,695
PRKCB,other,-0.0159897,62.2159,50.0716,210,984
PRKCI,other,0.0271333,57.3035,36.1122,284,504
PRKCQ,other,-0.00576881,68.3885,81.4805,187,213
PRKCSH,other,0.033529,63.029,67.6228,206,288
PRKD2,other,-0.0244822,35.1365,45.3814,365,966
PRKD3,other,0.03608,51.4517,42.0757,252,445
PRKDC,other,0.0123727,578.75,148.956,35,113
PRKRA,other,-0.00336627,54.1674,64.0201,269,553
PRKRIP1,other,-0.0391426,26.4774,157.392,460,79
PRKX,other,-0.0487576,68.6107,107.45,193,278
PRMT3,other,0.0543249,72.1472,57.4405,211,361
PRMT5,other,0.0558546,91.9111,1756.72,199,10
PROP1,other,0.000168427,52.1682,36.9689,243,848
PRORP,other,0.0140676,636.897,46.2768,40,500
PROSER1,other,0.0333647,73.1427,39.5196,175,1009
PROX1,other,-0.00169854,38.5793,67.2692,340,291
PROX2,other,0.00762779,84.6643,109.357,149,859
PRPF38A,spliceosome (SF3/SNRP/PRPF),-0.00926168,1036.37,196.841,26,137
PRPF38B,spliceosome (SF3/SNRP/PRPF),0.0780038,714.978,605.181,38,24
PRPF39,spliceosome (SF3/SNRP/PRPF),0.0589001,228.719,34.7429,88,740
PRPF4,spliceosome (SF3/SNRP/PRPF),0.0201401,1415.81,389.524,25,38
PRPF40B,spliceosome (SF3/SNRP/PRPF),0.013023,154.649,36.8711,86,530
PRPF6,spliceosome (SF3/SNRP/PRPF),0.00402489,134.042,644.783,126,23
PRPS1,other,-0.0146528,189.843,40.6747,76,475
PRPS2,other,0.0309764,66.9058,453.818,196,35
PRPSAP1,other,0.00357105,65.307,58.3174,186,1239
PRPSAP2,other,0.0280357,42.9201,51.3732,292,315
PRR11,other,0.0260838,85.6866,42.6953,144,381
PRR12,other,0.0582977,86.0104,45.0575,158,1754
PRR13,other,-0.017866,80.9821,27.3877,157,1021
PRR14,other,0.0242696,108.148,55.4692,131,345
PRR14L,other,0.0819926,154.046,60.3786,89,428
PRR3,other,0.0290452,40.8172,34.5119,282,570
PRR4,other,0.0141204,156.859,45.7517,83,357
PRR5,other,0.00481996,108.342,37.1038,114,643
PRR7,other,0.0120248,91.918,37.43,142,808
PRRC1,other,0.00553297,47.727,24.8751,268,841
PRRC2A,other,0.117411,99.6365,63.1551,185,392
PRRC2B,other,-7.20256e-05,87.8995,291.544,134,38
PRRC2C,other,0.0333853,206.188,40.8862,81,600
PRRX1,other,0.0137076,70.2714,59.8342,183,517
PRRX2,other,0.00707666,41.7261,46.131,279,332
PRSS21,other,0.00982646,108.006,133.412,114,154
PRTFDC1,other,-0.00829214,72.9179,43.4879,170,400
PRUNE1,other,0.00320376,70.6835,65.264,195,1730
PRXL2A,other,0.0320101,53.3948,33.0002,272,588
PRXL2C,other,-0.0150604,109.889,46.8894,129,464
PSAP,other,0.0268513,171.828,36.6039,74,840
PSAT1,other,-0.0143296,102.268,48.9168,122,854
PSD4,other,0.00354508,119.788,49.6683,116,734
PSEN1,other,0.00198436,101.504,30.048,128,870
PSEN2,other,0.0314931,89.1201,67.9854,151,251
PSENEN,other,-0.0177943,100.826,43.7082,120,882
PSIP1,other,0.0688645,61.9611,69.0531,254,445
PSMA4,proteasome (PSM),0.0276566,92.1791,851.989,197,13
PSMA7,proteasome (PSM),0.00752652,242.811,874.635,63,15
PSMB10,proteasome (PSM),0.0118785,64.7139,28.8165,196,1118
PSMB2,proteasome (PSM),-0.0153791,280.505,920.794,59,11
PSMB4,proteasome (PSM),0.0179737,70.4003,135.417,197,119
PSMB5,proteasome (PSM),-0.00944953,67.701,45.9119,205,440
PSMB6,proteasome (PSM),-0.00310111,79.4935,183.814,189,79
PSMB7,proteasome (PSM),-0.00450606,83.269,246.882,266,49
PSMC3IP,proteasome (PSM),0.0137414,81.1091,75.1423,144,180
PSMC5,proteasome (PSM),-0.00992512,1271.19,373.452,24,51
PSMD1,proteasome (PSM),0.00916883,69.9751,427.108,194,37
PSMD10,proteasome (PSM),0.0274013,75.5023,33.7369,168,1565
PSMD14,proteasome (PSM),-0.0090803,1624.22,1360.3,23,13
PSMD5,proteasome (PSM),0.00266001,69.7007,43.2524,190,488
PSMD6,proteasome (PSM),-0.0336153,129.027,299.034,200,96
PSMD9,proteasome (PSM),-0.0167114,64.5134,90.5107,198,833
PSME1,proteasome (PSM),-5.84436e-05,60.9044,41.2483,288,799
PSME2,proteasome (PSM),0.0525451,34.7553,36.9874,372,606
PSME3,proteasome (PSM),-0.0981931,323.66,168.319,67,89
PSME4,proteasome (PSM),-0.0337925,66.0177,28.9876,196,1312
PSMF1,proteasome (PSM),-0.0493278,120.157,61.28,120,1589
PSMG2,proteasome (PSM),-0.00797312,33.2698,130.251,364,812
PSPC1,other,0.03414,71.6871,42.2333,179,505
PSPH,other,-0.0142476,332.367,115.314,57,277
PSRC1,other,0.0361099,74.2091,36.3534,174,753
PSTPIP2,other,-0.00224897,44.1589,70.5766,290,271
PTAR1,other,0.0423518,77.1742,38.8883,182,545
PTBP1,other,0.0238441,213.061,195.089,71,119
PTBP2,other,0.0238865,99.7953,54.384,118,718
PTBP3,other,0.00124746,38.2733,36.8269,338,767
PTCD1,other,0.0386419,101.508,132.975,194,118
PTCD2,other,0.0288505,81.816,85.2632,174,257
PTCD3,other,0.112231,159.633,2307.4,99,10
PTDSS1,other,0.0387996,424.69,98.1786,43,204
PTDSS2,other,0.110049,48.7694,91.2212,277,237
PTEN,other,0.0447403,102.544,105.603,222,1624
PTER,other,0.0242651,302.065,33.8243,54,555
PTF1A,other,-0.0270604,53.1763,40.9271,241,1022
PTGER3,other,0.0661974,45.6795,92.1661,308,226
PTGES2,other,-0.00431146,45.1593,44.3891,270,446
PTGES3,other,0.0334172,211.258,150.581,71,106
PTGFRN,other,-0.000461333,52.5409,42.8014,228,672
PTGR2,other,0.0041876,136.742,63.084,188,263
PTK2,other,0.01311,41.1621,29.0515,302,989
PTK2B,other,-0.0237791,58.9758,18.1647,221,1708
PTMA,other,0.0784914,49.2529,67.7071,346,575
PTP4A1,other,-0.0468812,41.1635,56.7827,349,864
PTP4A2,other,-0.0122958,283.803,211.683,59,47
PTP4A3,other,0.0364862,34.0731,24.7544,360,903
PTPA,other,0.0521077,56.8322,72.3699,232,490
PTPMT1,other,0.0573559,64.4056,111.916,271,170
PTPN1,other,0.0551865,224.078,199.066,371,138
PTPN11,other,-0.0236375,124.38,40.9855,250,895
PTPN12,other,-0.0193334,48.0936,44.0944,252,494
PTPN18,other,0.0131595,30.8352,36.6631,427,992
PTPN2,other,0.00618397,56.452,105.831,261,288
PTPN23,other,0.0325943,38.5285,813.81,371,10
PTPN4,other,-0.0162532,77.1488,38.9413,177,504
PTPN7,other,0.00851576,87.3173,28.8219,154,803
PTPN9,other,0.0273673,196.273,50.2829,78,1405
PTPRA,other,-0.0471945,49.2807,58.2941,260,581
PTPRC,other,0.0336727,131.102,65.4614,109,431
PTPRF,other,0.0080776,68.0017,46.3383,185,517
PTRH1,other,0.01057,63.6092,64.8929,191,262
PTRH2,other,-0.000125953,89.5707,93.8158,142,228
PTRHD1,other,0.00671431,66.4513,33.9923,203,732
PTS,other,-0.00192053,88.6268,31.4117,143,499
PTTG1,other,0.0746637,1165.11,549.401,23,42
PTTG1IP,other,0.0179937,95.5918,44.8313,125,687
PUF60,other,-0.0159417,162.547,86.8426,100,189
PUM1,other,0.0331081,79.1887,54.1783,206,500
PUM2,other,-0.000168868,61.7066,34.4118,245,836
PURA,other,0.00809582,37.0803,68.9689,321,293
PURB,other,-0.00175924,54.3262,49.4236,240,352
PURG,other,-0.0277558,101.421,175.318,143,89
PUS1,other,0.0283395,63.4729,54.5328,226,866
PUS10,other,-0.0268485,139.022,122.988,104,125
PUS3,other,0.0136275,107.922,44.556,128,695
PUS7,other,0.000404184,1448.12,30.31,21,712
PUS7L,other,0.0184563,106.749,57.077,118,576
PUSL1,other,0.0209404,67.0814,27.4534,185,1160
PVR,other,-0.0269875,66.7723,78.0685,191,3088
PWP1,other,0.0528093,212.017,969.331,72,16
PWP2,other,-0.0622521,542.588,51.7503,39,759
PWWP2A,other,0.0254676,61.704,68.0772,243,241
PWWP2B,other,-0.0141225,35.561,50.0967,351,523
PXK,other,0.0310637,45.5303,89.2699,283,246
PXMP2,other,0.0166137,34.2944,135.309,408,275
PXMP4,other,-0.00549773,45.1209,71.9056,263,563
PXN,other,0.0070592,38.0188,26.3278,431,750
PYCARD,other,0.00540878,72.0024,109.684,170,152
PYCR2,other,-0.00386771,83.3687,36.3014,153,556
PYCR3,other,0.0143226,46.1361,38.7161,263,583
PYGB,other,-0.00599553,51.8201,50.927,357,363
PYGL,other,0.0297768,251.095,70.8488,59,300
PYGO2,other,-0.00776585,166.955,49.3641,91,331
PYROXD1,other,0.00508949,63.6461,151.033,211,133
PYURF,other,-0.0797796,168.983,52.7765,114,771
QDPR,other,0.0174629,36.0238,61.8175,337,418
QKI,other,0.00876036,74.7172,39.814,188,558
QPCTL,other,-0.0427772,87.5007,40.4799,141,646
QPRT,other,0.017197,30.063,43.0022,431,416
QRICH1,other,-0.0143635,501.745,78.9825,43,263
QRSL1,other,0.0775518,50.0983,67.617,286,630
QSER1,other,0.0194382,47.2795,29.3676,287,696
QSOX1,other,-0.015182,63.3201,47.9312,200,1127
QSOX2,other,0.0101832,52.2003,45.7172,242,1422
QTRT1,other,-0.00453913,445.02,91.807,39,158
QTRT2,other,-0.00958364,71.4744,25.5002,184,983
R3HCC1,other,0.0455388,66.1025,43.3824,196,848
R3HDM1,other,0.0574298,41.5003,28.8438,346,997
R3HDM2,other,0.0226302,70.8559,120.202,189,120
R3HDM4,other,0.0191981,46.8077,30.3047,262,651
RAB10,other,-0.000984726,78.4255,80.2419,155,229
RAB11A,other,-0.00727535,41.3671,50.5389,320,365
RAB11B,other,-0.000840933,90.6018,30.4334,134,939
RAB11FIP1,other,-0.0220883,201.158,200.763,68,1402
RAB11FIP4,other,-0.0128442,82.9626,71.4025,156,635
RAB12,other,0.0337944,45.1408,68.6903,285,346
RAB13,other,-0.00849771,48.9677,57.1327,253,379
RAB14,other,-0.0425294,82.1253,37.9648,155,562
RAB18,other,0.0544197,280.568,78.7938,66,256
RAB1A,other,-0.0211605,38.7126,131.225,350,258
RAB1B,other,-0.0398743,423.987,43.1755,48,391
RAB20,other,-0.0358984,277.267,61.4182,49,505
RAB21,other,-0.032072,90.1263,89.5616,137,915
RAB22A,other,0.0110659,133.654,57.1908,98,297
RAB23,other,0.0573092,69.2585,33.3669,183,628
RAB24,other,-0.0286561,48.6427,72.54,260,366
RAB27A,other,-0.0171148,45.4529,51.8355,279,544
RAB28,other,-0.00955345,93.1213,31.5979,145,703
RAB2A,other,-0.000703799,68.3587,61.4509,180,308
RAB2B,other,0.10186,51.6047,58.7605,252,390
RAB30,other,0.004638,151.362,27.4641,93,2075
RAB31,other,-0.00545346,75.6679,36.0161,171,1142
RAB32,other,0.0200028,307.074,44.6813,54,683
RAB35,other,0.0137864,153.933,79.8422,82,440
RAB3GAP1,other,-0.0234122,110.91,36.9711,115,520
RAB3GAP2,other,-0.00306344,72.9236,38.3583,186,596
RAB3IP,other,0.0208368,74.0863,30.7181,180,1431
RAB40B,other,-0.0114297,331.862,47.501,43,378
RAB40C,other,0.0254936,53.0237,45.067,252,680
RAB4A,other,0.0220969,23.3024,59.4232,656,597
RAB5B,other,0.00922165,171.344,45.8806,78,507
RAB5C,other,0.0531363,33.2053,45.5723,374,426
RAB5IF,other,0.0048849,141.091,56.7906,113,330
RAB6A,other,0.0212839,91.3056,699.56,148,20
RAB7A,other,0.0635023,264.792,52.5537,67,881
RAB8A,other,-0.0148057,78.1794,28.8792,159,929
RAB8B,other,-0.0254247,81.9378,44.3791,151,660
RAB9A,other,0.0370745,46.1763,44.4588,296,907
RABAC1,other,0.0126581,48.6413,34.3665,250,679
RABEP1,other,0.00892086,66.0918,47.6087,189,512
RABEPK,other,0.0185523,63.4755,52.0252,210,569
RABGAP1,other,0.000559222,37.9395,36.8909,321,969
RABGAP1L,other,-0.00443589,32.4598,61.6047,373,296
RABGEF1,other,0.0169802,53.5967,86.2166,233,261
RABGGTB,other,0.0246412,125.607,190.613,141,86
RABIF,other,0.0169335,48.2322,32.6682,259,863
RABL3,other,0.0312917,115.387,410.828,124,48
RABL6,other,0.017138,102.844,49.5499,121,589
RAC1,other,0.0586493,35.4775,28.3597,406,633
RAC2,other,0.0434802,47.7976,47.454,277,524
RAC3,other,-0.0798103,48.7923,48.7142,385,392
RAD1,other,0.0016967,80.1652,77.3929,165,190
RAD17,other,-0.0127392,46.9784,205.04,295,71
RAD18,other,0.0307891,46.2758,57.5085,264,422
RAD21,other,-0.0622816,127.03,206.779,291,73
RAD23A,other,-0.0181062,67.8894,46.395,200,1158
RAD23B,other,0.0193453,144.311,74.1488,97,273
RAD50,other,-0.0336463,67.5707,155.892,169,264
RAD51AP1,other,-0.0068308,50.2934,44.3438,247,429
RAD51B,other,0.0311018,384.01,84.4183,40,269
RAD51D,other,0.0245115,30.8665,272.458,362,51
RAD52,other,-0.0250037,29.2438,45.6147,432,354
RAD54B,other,-0.0167967,48.3594,74.0007,263,236
RAD54L,other,-0.013244,56.9967,40.6906,219,640
RAD54L2,other,-0.00453295,1384.65,70.4239,23,660
RAF1,other,0.0335562,96.5579,131.835,135,1229
RAG1,other,0.0346223,149.878,34.0635,84,551
RAI1,other,0.0571505,156.24,41.6365,94,506
RAI14,other,0.0281848,103.955,54.497,153,419
RALA,other,0.0423205,132.483,64.1237,111,327
RALB,other,-0.009944,279.64,23.9285,49,1050
RALBP1,other,0.026572,56.532,73.427,224,322
RALGAPA1,other,0.00118234,38.7311,23.9501,307,677
RALGAPB,other,0.0431674,56.8923,40.5873,227,821
RALGDS,other,-0.00605056,29.3239,131.126,462,98
RALGPS2,other,-0.00252942,65.4283,21.1059,193,1267
RALY,other,-0.012051,64.302,53.8256,197,315
RAMAC,other,0.0624642,181.53,63.2523,148,255
RAN,other,-0.0183092,84.9575,394.34,149,35
RANBP1,other,0.0540675,89.0135,71.1538,176,384
RANBP10,other,0.00686484,965.472,27.6784,25,975
RANBP2,other,0.0208426,65.6534,64.5028,198,351
RANBP3,other,0.0480847,117.045,99.7873,151,224
RANBP6,other,-0.00779127,94.5348,40.7321,134,1686
RANBP9,other,-0.00294368,50.7888,53.6537,261,304
RANGRF,other,-0.0226002,75.9327,92.1672,161,2419
RAP1A,other,-0.00266437,39.3199,96.9071,406,153
RAP1B,other,-0.0209514,71.785,63.7849,171,216
RAP1GDS1,other,0.0137926,71.8904,40.7989,178,602
RAP2A,other,0.0167807,124.972,68.3932,109,211
RAP2B,other,-0.00816743,83.6464,28.9059,157,720
RAP2C,other,-0.0171622,93.6579,33.5337,130,1220
RAPGEF1,other,0.0146714,187.263,51.9551,74,347
RAPGEF2,other,-0.00371502,125.676,37.7086,109,599
RAPGEF6,other,0.0146807,337.425,155.807,52,90
RARA,other,0.0397525,62.4526,46.3371,211,440
RARB,other,0.0059703,109.994,63.9281,119,472
RARG,other,-0.0363302,38.3113,41.9941,320,790
RARS2,other,-0.0584396,130.41,43.0467,187,517
RASA1,other,-0.0239878,31.4145,70.2601,398,251
RASA2,other,0.0128373,45.1177,78.2044,280,416
RASA3,other,0.0157678,43.3011,51.319,287,693
RASGEF1A,other,0.00996995,45.2571,29.2396,277,759
RASGRP2,other,-0.0304098,36.9867,37.1259,350,475
RASSF1,other,-0.0790813,40.8678,63.714,374,417
RASSF3,other,-0.0258172,792.589,71.325,31,247
RASSF5,other,-0.0267027,37.0916,35.9236,374,1076
RASSF7,other,0.0241522,97.4074,38.8279,146,399
RAVER1,other,0.0159918,34.9381,42.3495,356,1020
RAX,other,0.0210717,50.1448,24.1361,266,1187
RAX2,other,-0.0105825,71.6012,27.7282,172,817
RB1,other,0.0660595,32.9956,21.5697,433,1093
RB1CC1,other,0.00914018,48.0141,179.413,246,261
RBAK,other,0.00424574,20.0188,28.0525,652,1035
RBBP4,other,-0.00518525,123.134,462.459,144,23
RBBP5,other,0.107214,353.555,265.933,56,78
RBBP6,other,-0.0199696,291.935,113.781,92,136
RBBP7,other,-0.00848752,85.1818,39.0165,136,783
RBBP8,other,0.0635892,95.7627,987.139,161,10
RBCK1,other,0.0125831,94.6097,104.36,159,171
RBFA,other,0.0390348,75.4715,53.2363,196,430
RBIS,other,0.0152845,83.3862,88.2792,145,171
RBL1,other,-0.0447994,58.6552,117.365,256,129
RBL2,other,-0.056539,22.6368,70.0091,564,384
RBM10,other,0.0912981,69.5497,74.5752,255,644
RBM12,other,0.133738,147.157,63.4718,149,525
RBM12B,other,0.0324948,100.579,33.8651,133,767
RBM15,other,0.117212,78.6281,41.1596,259,640
RBM15B,other,0.0166986,49.0288,48.0597,273,944
RBM17,other,0.0967525,179.649,62.1988,124,452
RBM19,other,0.0112505,253.317,180.355,77,86
RBM23,other,0.0238573,80.5604,48.092,160,570
RBM25,other,-0.100508,588.182,197.111,49,183
RBM27,other,0.0993513,114.929,100.703,146,250
RBM28,other,-0.000480721,612.197,209.633,42,82
RBM3,other,0.0146594,69.2994,101.723,190,155
RBM33,other,0.0470134,129.737,124.334,188,303
RBM34,other,0.000462576,62.0192,33.5069,206,538
RBM38,other,0.00906691,64.9173,105.773,188,754
RBM39,other,-0.0077909,143.589,139.97,103,164
RBM41,other,0.0121554,112.354,94.3994,118,190
RBM45,other,-0.0146085,48.9176,30.3708,261,1360
RBM6,other,0.0183035,76.4724,58.2457,187,318
RBM7,other,0.0119254,157.38,132.626,113,135
RBM8A,other,0.00726128,977.662,780.646,25,14
RBMX2,other,-0.0428521,188.167,274.581,126,46
RBMXL1,other,-0.0231946,103.061,101.109,132,170
RBP5,other,-0.000269055,77.0967,50.2656,169,792
RBPJ,other,0.0423928,95.8733,36.207,123,727
RBPJL,other,0.0227767,78.7088,71.1339,203,647
RC3H1,other,0.0180981,165.85,58.0893,72,756
RCAN1,other,-0.00126242,258.835,35.579,58,853
RCBTB2,other,-0.0565131,32.7566,22.6958,372,1362
RCC1L,other,0.0375496,149.511,54.0711,92,687
RCC2,other,0.0273033,50.2503,32.0368,252,651
RCCD1,other,-0.0382339,49.5497,53.0538,363,498
RCE1,other,-0.00640684,45.1157,41.4099,271,476
RCHY1,other,-0.00372988,53.3223,61.9949,251,409
RCL1,other,-0.0517458,314.81,584.172,107,26
RCN1,other,0.0323755,22.4673,136.593,610,96
RCN2,other,-0.00904746,86.185,34.2731,144,485
RCN3,other,0.0207863,51.3513,29.509,235,918
RCOR1,other,-0.0191048,235.327,44.9036,66,999
RCOR3,other,-0.0321858,151.364,123.727,98,237
RCSD1,other,-0.00216455,47.6564,30.2661,282,715
RDH10,other,-0.00149845,663.531,53.1362,30,267
RDH11,other,-0.00214442,72.2248,85.4396,202,218
RDH13,other,0.0287086,21.1916,63.0896,573,422
RDH14,other,0.0174308,1168.57,31.4668,21,829
RDX,other,-0.0155313,41.0495,69.1493,303,203
RECQL,other,-0.0155329,101.473,26.4402,134,1464
RECQL4,other,-0.0445114,43.8845,102.393,365,232
RECQL5,other,-0.00408236,179.207,55.4773,94,402
REEP3,other,0.0413099,74.8672,47.9471,184,371
REEP4,other,-0.00318625,66.4696,41.9894,187,432
REEP5,other,-0.0192879,56.6025,71.2893,284,462
REEP6,other,-0.00331484,83.5603,30.1824,144,933
REL,other,0.0310345,79.8616,61.6217,169,354
RELA,other,-0.00888358,64.0774,72.8294,185,211
RELB,other,0.0216665,27.8257,71.9716,451,221
RELL2,other,0.0670108,341.637,199.913,55,120
RELT,other,4.42653e-06,69.705,69.8745,192,1548
RENBP,other,-0.0117568,45.312,34.0984,272,692
REPIN1,other,0.00927853,41.5411,51.2997,317,854
REPS1,other,0.00748479,73.4008,45.4762,177,577
RER1,other,-0.0177379,125.81,103.12,116,200
RERE,other,-0.0162581,84.4588,41.4045,151,572
RESF1,other,0.0300962,99.7793,34.3171,126,920
REST,other,0.0565098,35.3541,194.525,472,88
RETREG2,other,-0.00172303,56.1887,56.7517,227,276
RETREG3,other,-0.0273226,77.9371,200.825,161,176
RETSAT,other,0.0205083,103.345,63.5786,129,313
REV3L,other,-0.0203022,54.3785,68.4381,217,329
REX1BD,other,0.00882093,96.8914,27.9937,134,756
REXO1,other,-0.0688487,75.1851,108.606,190,1434
REXO2,other,0.0230896,239.214,32.3712,98,1089
REXO4,other,0.00683093,133.075,108.57,99,152
RFC1,other,0.00415518,91.4975,181.382,160,73
RFESD,other,-0.00994851,42.1379,37.9594,298,429
RFFL,other,-0.0236402,381.743,31.2436,47,535
RFLNB,other,-0.0094494,115.153,40.2462,113,492
RFNG,other,0.0455644,73.936,55.5119,172,453
RFT1,other,-0.00124778,59.571,206.04,244,93
RFWD3,other,-0.0239286,237.516,158.43,64,126
RFX1,other,0.199417,80.0932,58.0618,181,511
RFX2,other,0.0316476,83.3866,40.6599,151,1428
RFX3,other,0.0183998,78.8159,43.8327,157,381
RFX4,other,0.0407974,89.8513,76.2237,155,215
RFX5,other,0.0613645,84.933,28.1162,163,2680
RFX6,other,0.00319422,67.5529,29.6412,208,688
RFX7,other,0.0154977,118.543,71.4015,112,207
RFX8,other,0.0192681,50.7635,33.2858,249,506
RFXANK,other,-0.00409089,88.078,37.4856,133,502
RFXAP,other,0.026754,78.028,53.5017,174,437
RGCC,other,-0.0174341,68.6761,53.8179,207,359
RGL2,other,0.00271761,38.2868,32.6609,341,831
RGPD6,other,0.0193218,30.7067,284.014,466,43
RGS10,other,0.000792659,40.1249,37.988,342,501
RGS14,other,-0.0322467,73.61,28.3561,168,1065
RGS16,other,0.008361,53.5546,34.2187,230,663
RGS19,other,-0.0152039,76.2411,37.7309,169,648
RHBDD1,other,0.0393095,41.2542,40.8663,326,664
RHBDD2,other,0.0463168,32.0249,32.2235,387,576
RHBDD3,other,0.0316625,58.3745,64.9646,244,419
RHEB,other,-0.0226433,275.705,72.8948,67,489
RHEBL1,other,-0.00541752,216.59,69.6647,68,682
RHNO1,other,0.0227035,83.9978,85.4966,147,196
RHOA,other,-0.0240418,102.41,245.306,119,58
RHOBTB1,other,0.000891783,73.2315,56.2438,167,324
RHOBTB3,other,0.0246307,80.8738,31.4405,152,1569
RHOC,other,0.0652004,53.5155,72.0385,235,275
RHOG,other,-0.0130498,14.7428,33.8072,956,664
RHOH,other,0.0366491,137.044,47.3624,96,379
RHOQ,other,0.00202881,26.217,113.301,563,163
RHOT1,other,-0.0284782,39.6677,103.539,322,354
RHOT2,other,-0.0231702,34.747,66.7493,382,279
RHOXF1,other,0.00751058,49.6034,36.0347,245,1155
RHOXF2,other,0.0103215,171.964,40.291,87,1277
RHPN1,other,0.0844317,22.7867,67.9598,572,469
RIC8A,other,-0.00202058,28.0774,40.4894,488,629
RICTOR,other,0.00569495,88.8318,77.7265,172,781
RIDA,other,-0.0115472,233.357,104.419,54,161
RIF1,other,0.0597922,85.3656,54.8557,192,517
RILP,other,-0.007595,73.1533,70.727,171,220
RILPL2,other,0.0192305,56.9954,25.9313,219,903
RIMKLB,other,-0.0146309,102.347,71.2558,124,891
RING1,other,0.0212888,47.3477,37.4189,256,672
RINT1,other,-0.0905566,98.5855,612.008,223,20
RIOK1,other,0.00207188,193.714,38.4626,246,536
RIOK3,other,-0.00991283,114.839,35.1758,116,703
RIOX1,other,0.0524226,58.9353,34.2875,232,1143
RIOX2,other,0.0178199,65.9141,35.4614,206,526
RIPK1,other,-0.00366106,30.4933,81.5703,423,312
RIPK2,other,-0.00516489,63.3009,49.3267,205,413
RIPOR1,other,0.0175516,62.9298,152.336,228,381
RIT1,other,-0.0103931,123.302,24.3785,105,871
RLF,other,-0.0262414,89.6099,70.1547,156,343
RLIM,other,0.0374386,74.9933,33.4354,178,869
RMDN1,other,-0.022503,69.5115,41.2512,180,494
RMDN3,other,0.0275018,123.859,56.6569,128,476
RMI1,other,0.0406617,42.9974,69.2264,354,231
RMI2,other,0.0450114,74.5227,56.4766,218,278
RMND1,other,0.0372788,125.026,52.9189,112,437
RMND5A,other,-0.0450972,52.1708,91.2137,239,540
RMND5B,other,-0.0397773,50.3983,51.9995,271,400
RNASE1,other,0.02004,160.184,50.4971,79,1368
RNASEH1,other,-0.0168263,248.711,64.4427,78,364
RNASEH2A,other,-0.0295104,90.4125,183.006,166,113
RNASEH2B,other,0.00496261,157.208,252.604,94,65
RNASEK,other,0.00511822,2081.65,325.84,20,45
RNASET2,other,-0.022366,113.834,71.629,113,271
RNF103,other,0.0187249,53.0449,51.3752,249,472
RNF11,other,-0.0220524,52.9148,33.6125,290,529
RNF111,other,-0.0456695,42.5765,105.778,298,210
RNF113A,other,-0.00236053,171.479,290.798,87,53
RNF114,other,0.00336944,49.1461,48.5598,265,550
RNF115,other,0.0390747,54.7033,95.1184,228,152
RNF121,other,0.00586096,77.3472,50.808,165,436
RNF123,other,-0.0206295,37.2246,51.2693,355,436
RNF125,other,0.0104473,50.3439,34.8743,233,750
RNF126,other,-0.0502033,60.7878,34.8437,230,715
RNF13,other,0.000649722,60.5887,37.0315,211,650
RNF130,other,0.0172115,68.1538,50.7225,177,553
RNF138,other,-0.027725,41.9376,47.5492,299,844
RNF139,other,-0.0280497,34.7237,36.1097,352,435
RNF14,other,0.0355218,27.2496,54.3914,513,787
RNF144A,other,-0.0220975,55.9203,49.0291,223,514
RNF145,other,0.0218455,41.2617,56.6969,318,337
RNF146,other,-0.0443996,65.3847,26.8933,247,776
RNF149,other,0.0117312,182.282,48.3321,75,372
RNF157,other,0.00553649,59.7134,49.3008,237,357
RNF166,other,-0.0388109,31.5533,69.0191,434,520
RNF167,other,0.00595599,123.077,45.2675,112,726
RNF168,other,-0.00401023,78.0622,91.0794,168,335
RNF169,other,-0.0130297,81.0221,35.0688,161,724
RNF170,other,0.0174574,28.2605,114.795,435,131
RNF181,other,-0.00611585,47.2129,59.0179,267,721
RNF185,other,0.00767558,93.7573,29.1982,133,719
RNF187,other,0.0585793,37.5653,66.2978,326,287
RNF19A,other,-0.0243098,53.6896,39.9172,242,681
RNF19B,other,-0.0335302,40.3629,40.1794,340,717
RNF20,other,0.122821,309.804,349.622,99,54
RNF207,other,-0.00212696,23.3933,42.0654,527,522
RNF208,other,-0.0133221,121.64,47.6096,119,363
RNF213,other,0.0102427,58.5739,41.7046,216,501
RNF214,other,0.0615592,66.7528,40.4174,189,894
RNF216,other,0.0224512,37.0529,41.6554,349,634
RNF220,other,0.0184364,57.1165,34.9081,214,728
RNF24,other,-0.0131897,158.967,27.7334,79,899
RNF25,other,0.0164837,58.6388,41.6974,217,675
RNF26,other,-0.0100379,191.401,58.087,72,468
RNF31,other,0.0751395,157.12,600.98,178,32
RNF34,other,0.0187601,1764.12,77.0648,23,1215
RNF4,other,-0.0766627,477.477,193.122,36,88
RNF40,other,0.193004,111.987,1338.61,273,11
RNF41,other,0.0850563,62.7037,60.6084,257,713
RNF44,other,0.0211025,84.425,34.5743,176,820
RNF5,other,0.0402435,105.393,37.5583,119,897
RNF6,other,0.0159618,93.5589,50.6258,138,460
RNF7,other,-0.0335265,70.9422,106.704,188,204
RNF8,other,-0.00291798,31.8494,78.7495,352,886
RNFT1,other,-0.0328415,80.8955,51.7972,164,1887
RNFT2,other,0.0347454,60.4791,44.3751,201,902
RNH1,other,-0.032624,68.8934,46.0789,189,890
RNMT,other,0.200305,151.984,1113.67,208,10
RNPC3,other,0.0634344,198.684,545.795,90,33
RNPEP,other,-0.0129101,51.3883,38.5817,252,571
RNPEPL1,other,0.0272532,123.775,40.0975,104,492
RNPS1,other,-0.0652312,93.3093,53.9538,219,394
RO60,other,0.038189,40.6827,69.9505,298,1108
ROCK1,other,-0.00225648,78.1133,47.9438,170,410
ROCK2,other,-0.00304828,85.9171,55.7738,153,978
ROGDI,other,-0.00342929,54.9163,65.5769,238,460
ROMO1,other,-0.116629,196.37,542.631,149,15
RORA,other,0.0139928,107.474,146.469,128,102
RORB,other,0.0237289,110.118,39.9032,117,738
RORC,other,0.00791506,58.68,19.5333,215,1310
RP9,other,0.00546165,516.407,83.0166,32,219
RPAIN,other,0.0156548,99.383,150.412,146,505
RPAP2,other,0.0425362,206.866,89.4172,152,261
RPE,other,-0.0509739,61.171,65.2624,206,434
RPF1,other,0.0148764,308.897,1238.17,57,14
RPGR,other,-0.0158876,63.3357,77.1017,178,1276
RPGRIP1L,other,0.0595411,83.4282,66.7086,150,309
RPIA,other,0.0247492,48.7184,198.919,303,77
RPL10,ribosome (RPL/RPS),-0.0388892,213.135,195.063,143,379
RPL11,ribosome (RPL/RPS),-0.00746246,113.243,435.628,204,17
RPL17-C18orf32,ribosome (RPL/RPS),0.0102957,147.13,1008.33,96,10
RPL21,ribosome (RPL/RPS),-0.0863408,218.239,191.6,118,89
RPL22,ribosome (RPL/RPS),0.048527,46.21,68.012,280,306
RPL22L1,ribosome (RPL/RPS),-0.00198342,68.9809,42.2783,226,490
RPL23A,ribosome (RPL/RPS),0.0391921,397.885,807.971,52,22
RPL26L1,ribosome (RPL/RPS),-0.00618834,42.2652,39.4605,315,876
RPL27A,ribosome (RPL/RPS),0.0121709,896.296,993.802,40,10
RPL28,ribosome (RPL/RPS),-0.0237283,148.76,213.231,106,66
RPL29,ribosome (RPL/RPS),0.0200361,132.055,215.854,142,60
RPL35,ribosome (RPL/RPS),-0.00290522,291.869,197.125,51,165
RPL36,ribosome (RPL/RPS),0.0643838,465.564,859.446,86,18
RPL36AL,ribosome (RPL/RPS),-0.0198332,43.0465,31.5784,313,866
RPL37,ribosome (RPL/RPS),-0.119739,104.695,222.389,277,106
RPL39L,ribosome (RPL/RPS),0.00231528,56.9004,49.5816,231,344
RPL41,ribosome (RPL/RPS),-0.0184071,162.881,47.7468,93,779
RPL7A,ribosome (RPL/RPS),0.00958357,5276.54,216.752,10,92
RPL7L1,ribosome (RPL/RPS),0.035709,495.766,65.8198,37,327
RPLP0,ribosome (RPL/RPS),-0.0678864,191.345,707.846,87,12
RPLP1,ribosome (RPL/RPS),-0.0244074,186.231,1090.39,97,11
RPLP2,ribosome (RPL/RPS),0.0639605,136.371,346.046,179,38
RPN1,other,-0.0073999,160.904,559.49,103,19
RPN2,other,0.0200917,70.0563,664.212,191,14
RPP14,other,0.0706103,293.755,107.985,87,150
RPP21,other,0.0447125,158.048,975.462,111,17
RPP25,other,0.00223698,60.8662,102.525,219,214
RPP25L,other,-0.00859384,208.906,63.7547,63,444
RPP30,other,-0.00938402,363.917,625.428,101,18
RPP40,other,0.0959401,426.948,846.147,49,12
RPRD1A,other,0.0814996,194.685,917.011,87,30
RPRD1B,other,0.225213,360.908,167.873,64,153
RPRD2,other,0.115124,137.404,96.0816,105,849
RPS18,ribosome (RPL/RPS),-0.0141984,585.974,68.912,41,262
RPS19,ribosome (RPL/RPS),0.014977,366.827,330.722,160,93
RPS2,ribosome (RPL/RPS),0.0717051,325.707,629.469,78,25
RPS21,ribosome (RPL/RPS),0.0724688,189.944,307.899,94,45
RPS23,ribosome (RPL/RPS),0.0621761,317.866,549.651,68,30
RPS24,ribosome (RPL/RPS),-0.0792106,425.928,164.447,89,99
RPS25,ribosome (RPL/RPS),0.0440796,181.765,155.328,75,127
RPS26,ribosome (RPL/RPS),-0.018229,708.044,83.4479,32,192
RPS27L,ribosome (RPL/RPS),-0.00224817,88.3634,54.0271,139,342
RPS28,ribosome (RPL/RPS),0.0647117,145.376,1194.34,202,15
RPS29,ribosome (RPL/RPS),-0.0143323,43.5362,404.496,377,33
RPS6,ribosome (RPL/RPS),-0.0256906,740.342,284.672,58,58
RPS6KA1,ribosome (RPL/RPS),-0.0080586,39.8622,76.2482,332,1692
RPS6KA3,ribosome (RPL/RPS),-0.018717,34.2887,55.2139,434,281
RPS6KA4,ribosome (RPL/RPS),-0.00156274,59.5809,59.6895,204,846
RPS6KB1,ribosome (RPL/RPS),0.118105,117.366,91.8362,146,420
RPS6KB2,ribosome (RPL/RPS),0.0131977,317.91,34.5772,45,491
RPS6KC1,ribosome (RPL/RPS),0.0187032,104.571,34.1398,118,729
RPS6KL1,ribosome (RPL/RPS),0.00439538,45.7689,31.0361,264,580
RPTOR,other,0.0404908,268.863,129.389,105,283
RPUSD1,other,0.0141443,31.9714,112.174,424,223
RPUSD2,other,0.00796722,73.1226,49.1973,160,524
RPUSD3,other,0.0292099,58.4944,36.0145,254,809
RPUSD4,other,-0.0253575,92.4678,83.3986,181,289
RRAGA,other,0.0107401,240.57,102.058,66,280
RRAGB,other,0.0565235,154.829,108.61,89,470
RRAGC,other,-0.0459603,37.646,70.6011,362,340
RRAGD,other,-0.0129517,51.1266,47.1581,246,330
RRAS,other,0.00397724,65.8515,45.2002,188,732
RRAS2,other,-0.0199208,71.0973,36.8677,197,577
RRBP1,other,0.0338178,69.9393,45.9064,188,451
RREB1,other,0.000766537,89.7743,40.9905,151,882
RRM1,other,0.00524714,194.604,998.377,74,14
RRM2,other,0.0491328,27.4388,842.778,493,11
RRM2B,other,0.00401791,44.7279,157.444,265,323
RRN3,other,0.0128375,247.637,910.437,59,13
RRP12,other,-0.0524924,477.746,654.006,87,22
RRP1B,other,0.00157275,94.3198,36.1013,125,784
RRP8,other,0.0321875,61.955,62.4693,215,270
RRP9,other,0.109461,144.935,471.521,185,37
RSAD1,other,-0.0161597,72.3108,102.393,205,179
RSBN1,other,-0.05285,80.3165,134.354,166,214
RSBN1L,other,0.00177249,77.0345,57.3439,154,1791
RSF1,other,0.00474863,218.414,57.1805,68,372
RSKR,other,0.0514873,55.4683,46.5428,248,644
RSPRY1,other,0.0452078,90.8409,29.1962,139,1028
RSRC2,other,0.00429501,105.932,45.4508,167,584
RSU1,other,0.00912839,1328.22,52.7958,24,288
RTCA,other,-0.00623533,85.3394,35.9011,144,525
RTEL1,other,0.00413455,38.4614,1137.42,424,15
RTF2,other,-0.0268751,76.4109,439.949,175,45
RTKN2,other,0.0319121,165.71,39.98,86,2014
RTL8A,other,0.0447614,63.1332,33.3681,225,745
RTL8C,other,0.0284743,40.8543,29.922,318,1179
RTN3,other,-0.0245151,113.884,51.536,112,538
RTN4,other,0.00882433,103.269,29.7982,122,1029
RTN4IP1,other,0.0117436,90.2063,96.131,144,1698
RTRAF,other,0.235067,126.111,309.016,298,157
RTTN,other,-0.00102147,54.7007,369.227,237,56
RUFY1,other,0.0149799,49.6484,45.4657,264,1861
RUFY2,other,0.0156825,66.1408,32.7229,190,673
RUFY3,other,-0.0235695,28.9563,101.004,444,165
RUNDC1,other,0.0132726,84.5677,29.7725,164,671
RUNX1,other,-0.00599781,76.6238,45.9946,180,340
RUNX2,other,-0.0183277,91.3228,139.561,153,97
RUNX3,other,0.00538822,47.8944,76.4915,255,248
RUSC1,other,0.00534724,46.3887,48.8867,282,782
RWDD1,other,-0.0376176,73.674,73.2806,181,264
RWDD2B,other,0.0160154,90.4347,49.0886,136,599
RWDD3,other,0.0118639,224.828,46.8755,60,544
RWDD4,other,0.0147754,66.184,259.502,204,55
RXRA,other,0.0181544,135.955,41.0646,92,589
RXRB,other,0.0399397,107.494,174.514,116,294
RXYLT1,other,0.00312582,47.5586,36.0756,248,1519
RYBP,other,-0.00901529,96.9133,58.2807,134,577
RYK,other,0.0150643,41.2018,25.3954,298,1595
S100A1,other,0.0156922,62.24,39.6747,394,518
S100A10,other,-0.0176562,49.0056,62.7181,250,792
S100A13,other,0.0137118,53.0565,36.3175,230,499
S100A4,other,0.0299234,53.7757,54.896,261,476
S100A6,other,0.0410549,126.73,81.3892,111,272
S100P,other,0.0440112,590.59,32.723,37,1022
S100PBP,other,0.0125752,116.219,89.7447,118,168
SAAL1,other,-0.0152483,40.5878,70.1181,296,330
SAC3D1,other,0.00187888,96.0252,38.1417,132,812
SACM1L,other,-0.155701,84.8705,225.329,240,64
SACS,other,-0.0660864,48.5212,29.8353,283,1162
SAFB,other,0.0418314,127.797,66.6252,112,250
SAFB2,other,-0.0295934,96.7608,46.0118,178,509
SALL1,other,0.0280536,207.105,41.8813,70,713
SALL2,other,0.0204703,50.3288,28.3844,254,872
SALL3,other,0.00402159,70.8389,80.3461,221,264
SALL4,other,0.0108787,219.553,36.2401,67,845
SAMD1,other,0.0270422,66.7707,79.3676,196,667
SAMD4B,other,-0.0853692,104.514,70.7097,176,604
SAMHD1,other,-0.0024699,58.9598,36.0601,205,1579
SAMSN1,other,-0.012979,93.4754,30.9947,128,832
SAP130,other,0.0474221,61.8874,76.0719,266,555
SAP18,other,-0.0140618,239.153,916.234,88,12
SAP30,other,0.036024,444.154,55.9281,39,544
SAP30BP,other,0.0198597,159.686,517.994,97,26
SAPCD2,other,-0.0498544,32.4821,48.75,375,380
SAR1A,other,0.0247285,68.5936,50.9327,185,492
SAR1B,other,0.00224421,48.2688,31.8799,251,916
SARNP,other,0.0218417,75.9453,61.3719,185,1338
SARS2,other,0.0494375,54.5772,60.3576,317,450
SASS6,other,0.016146,106.247,796.042,129,17
SAT1,other,-0.000618375,38.4225,42.1637,303,969
SAT2,other,-0.0146232,145.443,78.0538,89,1529
SATB1,other,0.070687,31.7609,204.692,385,80
SATB2,other,0.00898998,37.1458,44.7845,355,1105
SAV1,other,-0.00135267,100.591,56.9441,117,662
SAYSD1,other,-0.0320507,93.9478,20.6503,134,1178
SBDS,other,0.075223,47.0217,133.903,261,190
SBF1,other,0.0222754,59.227,52.8845,192,639
SBNO1,other,0.120339,50.9445,183.155,414,112
SBNO2,other,-0.0188639,72.9419,86.552,167,304
SC5D,other,-0.00331929,71.917,53.3333,181,383
SCAF1,other,0.00540012,98.4653,68.1633,146,342
SCAF11,other,-0.00350039,86.2613,91.7336,167,261
SCAF4,other,0.125695,65.5619,85.7516,254,353
SCAI,other,-0.0228063,46.8811,40.5368,258,625
SCAMP1,other,0.00480647,805.598,32.191,31,543
SCAMP2,other,0.00158877,33.5945,36.6476,363,723
SCAMP3,other,-0.00860576,63.3441,38.5778,203,764
SCAMP4,other,0.0148717,83.5735,1508.74,153,10
SCAND1,other,0.0194481,39.027,40.5346,318,420
SCAP,other,0.0829396,55.0698,83.6528,334,238
SCAPER,other,0.0240044,179.063,39.1206,74,766
SCARB1,other,-0.0122763,60.1034,39.5559,218,948
SCARB2,other,0.0486953,48.2718,25.3459,308,755
SCCPDH,other,-0.00692966,63.1661,39.4659,209,519
SCD,other,0.0165841,1724.63,70.6117,22,279
SCFD2,other,-0.00165082,84.3124,33.3855,141,620
SCLT1,other,0.035411,64.0564,30.5538,210,1007
SCLY,other,0.00408204,73.1945,36.1977,184,519
SCMH1,other,0.0432383,67.3796,36.4219,188,652
SCML2,other,-0.0212659,215.199,34.8802,64,667
SCML4,other,-0.00776405,100.883,35.7152,132,1065
SCNM1,other,0.0181914,36.2331,38.8515,337,547
SCO1,other,-0.0119455,71.6221,54.4382,202,455
SCO2,other,0.00322415,79.2225,44.093,153,743
SCOC,other,-0.0132228,48.4313,16.3474,275,1801
SCP2,other,-0.00341411,62.0991,23.1356,200,1161
SCRIB,other,0.0194427,81.6847,40.1198,175,505
SCRN2,other,0.0306714,43.2753,93.9439,293,480
SCRN3,other,0.00942278,123.281,37.4582,109,634
SCRT1,other,-0.00357279,51.4817,52.9159,234,276
SCRT2,other,-0.0396025,53.9201,43.2984,240,1068
SCYL1,other,-0.0134348,124.566,89.5832,127,251
SCYL2,other,-0.00637592,48.0143,32.5634,275,498
SDCBP,other,0.0477471,41.2635,65.1419,324,329
SDCCAG8,other,-0.00592214,81.9926,73.1537,153,267
SDE2,other,0.0330508,74.1699,989.813,215,14
SDF2,other,0.0292751,133.96,124.943,103,211
SDF2L1,other,4.93586e-05,166.806,30.7983,82,958
SDF4,other,0.0292494,86.1102,39.1369,163,738
SDHA,respiratory chain (NDUF/COX/UQCR/ATP5),-0.0478165,124.061,585.996,128,30
SDHAF1,respiratory chain (NDUF/COX/UQCR/ATP5),-0.0169172,1504.14,29.9998,21,708
SDHAF2,respiratory chain (NDUF/COX/UQCR/ATP5),0.00498468,48.6654,34.5438,267,746
SDHB,respiratory chain (NDUF/COX/UQCR/ATP5),0.0294137,494.671,968.645,34,12
SDHC,respiratory chain (NDUF/COX/UQCR/ATP5),0.0187861,109.316,137.192,198,123
SDHD,respiratory chain (NDUF/COX/UQCR/ATP5),0.0182048,117.557,84.1668,103,243
SDR39U1,other,-0.0329955,126.951,55.8593,148,392
SEBOX,other,0.0226953,272.401,24.9076,60,931
SEC11A,other,0.0282385,42.9957,74.9187,329,217
SEC11C,other,0.0549853,185.575,33.0387,73,929
SEC14L1,other,0.137914,26.6408,157.014,514,162
SEC16A,other,-0.0339921,35.0774,48.0071,368,452
SEC22A,other,0.00390961,134.327,38.3064,96,1583
SEC22B,other,-0.00844004,131.545,84.8816,116,234
SEC22C,other,0.0201625,160.585,41.3026,82,478
SEC23A,other,-0.00119361,73.3156,68.2091,183,308
SEC23B,other,0.0104646,46.0933,49.8624,280,574
SEC23IP,other,0.0538206,120.953,38.7012,108,590
SEC24A,other,-0.0293834,124.808,295.116,110,66
SEC24B,other,-0.00813676,161.246,46.9052,93,582
SEC24C,other,-0.0051879,203.102,141.932,70,102
SEC24D,other,-0.00459384,125.308,32.3541,102,887
SEC31A,other,-0.00615284,35.1874,43.9445,384,480
SEC61B,other,0.155377,69.9174,603.028,244,44
SEC61G,other,-0.0163985,468.364,561.996,55,20
SEC62,other,0.00657461,2730.46,82.2257,18,364
SEC63,other,0.122284,110.999,84.2177,115,347
SECISBP2,other,0.0368398,53.6178,269.323,230,65
SECISBP2L,other,-0.0308625,54.3585,145.946,235,1395
SEH1L,other,-0.0243131,224.119,315.759,95,49
SEL1L,other,0.0718265,42.3123,393.237,348,112
SEL1L3,other,0.0131454,78.9004,38.4445,172,402
SELENBP1,other,0.0309051,75.8131,40.3082,185,498
SELENOF,other,0.00255508,63.9413,44.2692,183,589
SELENOH,other,-0.0163494,60.1062,81.8421,223,159
SELENOI,other,0.0151167,92.018,56.8677,144,388
SELENOK,other,0.00214739,111.969,45.7588,123,476
SELENOM,other,-0.0106806,133.06,34.7032,103,500
SELENOO,other,-0.0189576,67.8081,30.2528,185,943
SELENOP,other,0.0127895,51.3286,64.8323,242,1119
SELENOS,other,0.00422705,113.648,28.7192,111,763
SELENOT,other,-0.0189922,73.3353,39.4999,169,515
SELENOW,other,-0.00496354,163.871,32.9452,80,743
SELPLG,other,0.0317,74.7046,35.2551,186,1083
SEM1,other,-0.0836764,1174.92,42.6101,21,578
SEMA4B,other,0.0105437,76.0479,43.7607,157,530
SEMA4C,other,0.0477625,22.3301,52.9444,542,297
SENP1,other,0.0637921,128.112,50.2198,116,850
SENP2,other,-0.00397746,87.428,57.8143,155,405
SENP3,other,0.0692866,38.458,97.8067,333,536
SENP5,other,0.0785537,252,152.311,70,2096
SENP7,other,0.00478931,38.1165,64.547,353,279
SEPSECS,other,0.0568211,52.9038,260.36,228,49
SEPTIN1,other,0.00898657,19.7406,54.7652,643,350
SEPTIN11,other,0.003834,70.4724,44.2059,177,529
SEPTIN2,other,0.0289961,2734.76,37.0249,16,592
SEPTIN5,other,0.00813088,44.9431,36.5715,274,565
SEPTIN6,other,-0.0133488,103.481,27.0447,126,931
SEPTIN7,other,0.0218296,70.6443,131.094,175,73
SEPTIN8,other,-0.0299382,45.3064,36.4773,299,694
SEPTIN9,other,-0.00130589,45.6551,93.5963,284,1199
SERBP1,other,0.0172887,79.0232,195.79,278,92
SERF1B,other,-0.0323867,60.4743,351.9,218,42
SERF2,other,0.0319154,33.8734,66.4205,392,480
SERGEF,other,-0.00323565,80.1982,105.39,156,979
SERHL2,other,0.0223976,91.9075,41.0808,147,393
SERINC1,other,-0.0154433,94.2092,29.594,135,1026
SERINC3,other,-0.0211137,35.3535,39.2115,416,786
SERP1,other,-0.0290501,101.15,39.0168,121,450
SERPINB1,other,-0.0131237,149.397,52.1619,111,366
SERPINB6,other,0.0136417,140.81,37.9577,87,517
SERPINB9,other,-0.00141936,234.686,54.5313,66,494
SERPINF1,other,-0.0103109,60.6013,59.2038,218,572
SERPING1,other,0.0175233,51.5856,37.0012,245,520
SERPINH1,other,0.0145078,79.1328,65.9013,169,352
SERTAD1,other,-0.000335617,126.2,36.959,107,735
SERTAD2,other,-0.0359492,62.9566,57.6236,198,495
SERTAD3,other,-0.00724961,364.122,32.069,46,666
SESN1,other,0.00328344,310.618,51.8691,50,1095
SESN2,other,0.0190186,42.0567,34.869,332,594
SET,other,0.00203913,279.107,70.3825,54,309
SETBP1,other,-0.0196444,146.217,63.7256,86,265
SETD1A,other,-0.0494451,225.045,324.347,89,38
SETD1B,other,-0.00798827,148.564,118.668,98,160
SETD2,other,-0.0266451,48.6314,129.253,311,379
SETD3,other,0.00388915,46.3492,41.8048,277,448
SETD4,other,0.0126257,84.948,71.4755,156,206
SETD5,other,0.0961357,60.1454,69.3759,347,514
SETD6,other,0.00113204,57.4889,40.2217,210,700
SETD7,other,-0.0151838,76.575,74.3824,194,209
SETD9,other,-0.00307951,67.451,29.1354,208,605
SETDB1,other,0.0810884,80.8712,76.2377,319,4563
SETDB2,other,-0.000784919,140.841,58.9062,96,289
SETMAR,other,0.0160402,67.0999,57.3148,182,287
SETX,other,0.067509,48.6696,87.4368,409,193
SF1,other,0.0624334,169.526,91.6608,107,166
SF3B5,spliceosome (SF3/SNRP/PRPF),0.0229425,276.147,101.553,51,137
SFI1,other,0.0216705,73.2623,44.0972,167,791
SFMBT1,other,-0.0248369,43.6368,48.6312,279,352
SFPQ,other,0.0132128,120.695,1034,183,11
SFSWAP,other,0.0108771,121.12,346.607,221,34
SFT2D1,other,0.0581368,94.6271,33.1102,133,1330
SFT2D2,other,0.0173502,53.5443,33.5463,236,879
SFT2D3,other,0.00466467,45.9634,23.2933,288,1570
SFXN1,other,-0.00836115,104.984,37.1811,129,875
SFXN2,other,0.0193699,65.6009,30.9444,197,638
SFXN5,other,-0.0113082,74.9567,42.8126,165,674
SGK1,other,-0.0147226,93.8805,34.8141,142,746
SGK3,other,0.0153835,48.8452,95.5768,275,229
SGMS1,other,0.00777928,95.0406,35.2015,129,554
SGO1,other,0.0115074,153.205,222.334,84,70
SGO2,other,-0.00162773,57.8622,40.6341,262,483
SGPL1,other,0.00423579,122.126,50.0075,108,874
SGPP1,other,-0.0270597,35.873,45.8039,348,632
SGSH,other,0.0266575,87.5458,62.6696,143,1843
SGSM2,other,0.00094057,54.7711,47.6618,237,461
SGSM3,other,0.0521827,88.1717,57.5383,149,593
SGTA,other,0.0264252,99.0578,52.4456,122,342
SGTB,other,0.0240001,60.1814,42.9061,206,384
SH2B1,other,0.0218776,80.4879,39.3623,169,636
SH2B3,other,-0.0302945,41.1711,45.5654,308,730
SH2D2A,other,0.00344337,37.1632,38.5163,334,1025
SH3BGR,other,0.00913248,49.276,53.743,280,338
SH3BGRL,other,-0.0239009,125.655,82.4505,103,325
SH3BGRL2,other,0.02409,94.9794,26.289,132,1173
SH3BGRL3,other,0.00114602,245.584,45.289,60,420
SH3BP1,other,0.0114476,318.076,102.71,44,161
SH3BP2,other,-0.0255655,41.7379,55.8467,305,740
SH3BP5,other,0.00219121,63.3741,110.151,215,156
SH3BP5L,other,-0.0449646,58.3347,36.8691,223,598
SH3GL1,other,-0.0478948,72.6198,104.235,213,243
SH3GLB1,other,-0.0103785,22.7738,24.6238,521,949
SH3GLB2,other,0.00553787,110.645,165.382,140,84
SH3KBP1,other,0.0244761,176.577,33.6838,128,1269
SHARPIN,other,0.0112044,46.902,76.5652,287,361
SHC1,other,0.0017545,56.7879,47.901,394,570
SHCBP1,other,0.00259175,69.8139,46.1911,173,398
SHFL,other,-0.00368549,80.7571,48.0008,166,656
SHISA5,other,0.0281372,58.9309,33.6467,204,508
SHKBP1,other,0.00677389,80.1598,58.7777,157,450
SHLD1,other,0.0802326,59.2799,51.7983,209,1962
SHLD2,other,0.000366644,143.824,42.6707,103,925
SHMT1,other,-0.00049908,57.083,25.5813,215,1332
SHMT2,other,0.022831,286.553,58.3589,55,401
SHOC2,other,-0.0358112,92.4222,58.1721,267,615
SHOX,other,0.00146038,100.504,62.8956,126,246
SHOX2,other,0.00599957,39.5126,49.1659,352,872
SHPK,other,-0.0500227,116.866,43.9528,144,559
SHQ1,other,-0.0161377,49.3093,150.969,242,137
SHROOM1,other,0.0109694,34.2691,27.9897,360,667
SIAH1,other,0.0293155,144.84,36.8078,90,1205
SIAH2,other,-0.0226786,98.5463,42.7291,147,595
SIGIRR,other,0.0023519,48.9675,33.2431,264,776
SIGLEC14,other,0.00906366,62.8174,53.5231,264,462
SIGMAR1,other,0.00829078,617.423,19.7996,32,1066
SIK3,other,0.0400449,70.2062,114.728,182,344
SIKE1,other,-0.0224232,167.599,38.0223,79,1148
SIL1,other,0.0218241,63.4697,81.8042,222,205
SIM1,other,0.000527222,82.4727,148.946,155,88
SIM2,other,0.030052,77.5036,33.2316,156,714
SIMC1,other,0.0132284,11.2393,42.4939,1170,653
SIN3A,other,0.108317,46.8328,52.4266,478,611
SINHCAF,other,0.0343614,237.384,49.1456,69,639
SIPA1,other,0.00691141,52.477,36.8927,270,1024
SIRT1,other,0.0104758,74.3274,205.768,180,86
SIRT2,other,0.0021642,77.4079,60.9372,153,552
SIRT3,other,0.0298577,78.1148,29.4686,161,951
SIRT5,other,-0.0402358,86.7052,54.507,154,456
SIRT6,other,0.0491194,99.895,36.2774,126,832
SIRT7,other,-0.117017,469.18,139.82,81,512
SIVA1,other,-0.0291458,101.613,74.0765,126,1135
SIX1,other,0.0166773,59.1513,47.5665,196,365
SIX2,other,0.0187249,60.9693,34.3062,206,925
SIX3,other,0.0290765,103.671,45.6819,134,531
SIX4,other,0.036956,52.7761,65.6844,239,219
SIX5,other,-0.0320585,43.769,61.8014,294,366
SIX6,other,0.0137799,51.5997,31.824,258,532
SKA1,other,0.0224363,121.559,58.8455,112,301
SKA2,other,0.0225418,224.059,46.8424,67,722
SKA3,other,0.0417299,112.135,95.5994,139,199
SKAP2,other,0.0318533,53.8382,94.1801,224,318
SKI,other,0.0598898,58.4387,32.7648,235,1091
SKIL,other,-0.0275282,72.9929,45.4412,234,608
SKOR1,other,0.000980316,44.0628,43.8374,275,394
SKOR2,other,-0.0123515,52.5704,35.8843,227,1086
SKP2,other,0.000285692,40.5371,33.8837,381,576
SLAIN2,other,-0.0079031,53.4773,35.3319,237,579
SLC10A3,other,-0.0211347,160.28,44.1034,85,458
SLC10A7,other,-0.000516464,51.3696,121.444,256,198
SLC11A2,other,0.0273083,31.7759,84.6241,390,299
SLC12A2,other,0.00890028,57.619,38.7618,228,878
SLC12A4,other,-0.0486216,99.5149,44.8862,124,588
SLC12A7,other,-0.0465595,333.468,43.9568,51,386
SLC12A9,other,0.051255,47.4696,49.5152,262,754
SLC15A4,other,0.0131622,152.124,78.27,90,258
SLC16A1,other,0.00484972,54.5751,74.2656,233,286
SLC16A5,other,-0.0376052,39.5666,52.4374,397,452
SLC17A5,other,-0.046517,195.475,85.206,67,433
SLC18B1,other,-0.0844104,44.9868,78.4353,285,392
SLC19A1,other,-0.0290793,80.453,21.3576,156,1055
SLC19A2,other,0.0161599,85.5369,72.2052,152,945
SLC1A4,other,-0.0197555,56.6385,36.9134,217,408
SLC1A5,other,-0.0539582,21.4618,33.1389,870,1279
SLC20A1,other,-0.00657793,44.6118,59.1921,284,596
SLC22A23,other,-0.00673703,828.814,41.5521,23,384
SLC25A1,other,-0.0227549,61.0707,40.1128,208,659
SLC25A10,other,0.157106,53.6,87.3872,472,296
SLC25A11,other,0.0297384,105.017,35.0145,125,1350
SLC25A12,other,0.0168521,54.7624,32.3154,231,615
SLC25A14,other,0.00991842,59.7126,23.5841,219,1052
SLC25A15,other,0.00928211,117.055,55.5417,114,398
SLC25A16,other,0.0447366,64.4085,51.142,196,642
SLC25A17,other,-0.00663612,62.9687,38.5974,193,495
SLC25A19,other,0.0025143,97.1504,39.6676,137,665
SLC25A20,other,0.00909525,56.591,31.6539,234,694
SLC25A22,other,0.00339521,98.006,168.474,130,161
SLC25A23,other,0.01783,44.8059,31.2074,288,807
SLC25A24,other,-0.0332219,55.582,44.7012,212,722
SLC25A25,other,0.0271814,69.8718,76.0524,197,192
SLC25A26,other,0.0012555,169.334,33.6183,75,596
SLC25A28,other,-0.0024892,339.368,78.8756,50,292
SLC25A29,other,0.00293008,41.5664,35.7936,302,996
SLC25A3,other,0.0179308,76.3648,58.8581,174,452
SLC25A32,other,0.00423464,62.5179,81.2608,212,312
SLC25A33,other,-0.000789709,56.3509,23.7176,222,1722
SLC25A36,other,0.0081293,191.58,71.6544,73,207
SLC25A37,other,-0.0222956,177.731,61.4096,76,776
SLC25A38,other,-0.023448,65.1357,84.65,194,194
SLC25A39,other,0.000946583,55.6991,39.4426,222,450
SLC25A4,other,-0.00902799,88.5881,59.5024,151,945
SLC25A42,other,-0.00511956,320.584,36.1729,80,662
SLC25A44,other,-0.0142089,111.939,32.916,125,832
SLC25A46,other,0.0126253,74.0876,37.246,182,527
SLC25A5,other,-0.0245624,70.8842,38.042,170,511
SLC25A51,other,0.00908329,152.187,54.8479,95,680
SLC25A53,other,0.00906646,35.5824,40.4828,365,948
SLC25A6,other,0.0226415,26.7091,51.2084,466,377
SLC26A6,other,-0.00446201,53.8748,23.6364,224,1022
SLC27A2,other,-0.00358496,48.7791,52.9857,271,531
SLC27A4,other,-0.0431978,88.1644,52.8173,180,473
SLC27A5,other,-0.0183375,65.327,29.0085,198,860
SLC29A1,other,0.035211,25.9705,43.3367,514,629
SLC29A2,other,-0.0127532,42.2897,32.2915,274,636
SLC2A1,other,0.0333113,118.94,41.7154,120,906
SLC2A11,other,-0.0491767,82.0845,53.2923,161,354
SLC2A13,other,-0.00638701,78.9914,48.616,169,398
SLC2A3,other,0.038465,74.7866,35.4991,160,2627
SLC2A4RG,other,-0.0220147,52.7921,26.4855,259,836
SLC2A8,other,-0.0630586,406.667,58.2482,53,291
SLC30A1,other,0.288377,62.9494,47.3182,323,792
SLC30A5,other,0.0277935,39.7307,26.7364,316,821
SLC30A6,other,-0.0101833,110.939,33.2069,111,593
SLC30A7,other,0.0281198,75.8347,26.6935,166,645
SLC30A9,other,0.0109903,107.364,34.4059,116,684
SLC31A1,other,0.0941239,96.6939,138.241,138,273
SLC33A1,other,0.000571295,48.8644,77.4968,253,233
SLC35A1,other,0.0410023,168.789,67.0982,78,312
SLC35A2,other,-0.00166197,69.4877,67.6023,195,260
SLC35A3,other,-0.00415569,68.8393,44.4664,233,489
SLC35A4,other,-0.0659947,569.705,28.4709,52,1648
SLC35B1,other,0.000276146,120.918,241.006,112,126
SLC35B2,other,-0.017173,98.1147,42.243,162,570
SLC35B3,other,0.0432971,119.143,38.5194,114,569
SLC35B4,other,-0.00554443,91.2499,68.7678,128,368
SLC35C2,other,0.0444957,96.1498,101.742,144,272
SLC35D1,other,0.0242523,39.0823,37.3855,334,514
SLC35D2,other,0.0181575,46.849,47.7108,252,332
SLC35E1,other,0.0258672,40.7678,47.9804,360,399
SLC35E2B,other,-0.00937839,103.457,47.1937,121,521
SLC35E3,other,0.0155834,347.27,37.8936,41,612
SLC35F2,other,0.0309516,103.875,33.8628,129,647
SLC35F5,other,0.013807,152.493,60.6332,89,317
SLC35F6,other,0.0247431,75.1017,33.8705,219,830
SLC35G1,other,-0.000637326,90.1725,29.5381,144,1342
SLC37A1,other,-0.00524514,62.5153,31.1165,198,938
SLC37A3,other,6.52554e-05,56.2514,80.557,227,210
SLC37A4,other,-0.0154583,409.692,43.7643,43,404
SLC38A1,other,0.0168691,61.9834,50.0326,287,337
SLC38A10,other,0.0104015,135.19,38.6536,98,1040
SLC38A2,other,-0.0298417,95.9805,67.6035,140,2079
SLC38A5,other,0.00700306,110.356,36.059,119,744
SLC38A6,other,0.045333,113.081,414.971,139,38
SLC38A7,other,0.0105039,87.3796,15.1686,141,2247
SLC38A9,other,0.0339159,67.7247,33.9648,195,596
SLC39A10,other,0.095074,48.0349,37.1657,352,572
SLC39A11,other,-0.0114189,58.363,34.7284,217,564
SLC39A13,other,0.00936281,42.0597,84.1468,315,189
SLC39A14,other,0.0341588,51.7148,34.2568,263,635
SLC39A3,other,0.0127402,43.0011,41.8177,288,454
SLC39A4,other,-0.00341398,49.0335,28.5875,270,1037
SLC39A6,other,0.215845,73.5114,82.4668,220,1304
SLC39A7,other,0.0512639,60.5081,99.576,297,197
SLC39A8,other,0.00474871,52.9404,39.5883,234,735
SLC39A9,other,-0.0397577,40.7251,82.7638,800,372
SLC3A2,other,-0.0564226,83.617,65.7276,166,1243
SLC40A1,other,0.00483398,22.3957,29.6903,605,892
SLC41A3,other,0.0268954,50.1459,34.066,267,809
SLC43A1,other,-0.0296265,532.808,66.003,39,465
SLC43A3,other,-0.0214421,44.5428,32.2815,281,919
SLC44A2,other,-0.0103776,58.0825,46.5131,218,725
SLC44A4,other,-0.0103838,54.7424,43.6602,253,418
SLC45A4,other,0.00331907,142.775,40.5209,91,1067
SLC48A1,other,-0.00108806,41.7946,30.7277,299,943
SLC4A1AP,other,0.0406538,82.3118,40.5497,182,952
SLC4A2,other,-0.00137904,31.531,40.8789,403,554
SLC4A5,other,0.0361652,29.2069,42.3162,430,915
SLC4A7,other,0.000343769,317.953,84.3118,55,1600
SLC50A1,other,0.0176637,88.5941,41.9721,145,1350
SLC52A2,other,0.016234,452.187,33.5574,37,1114
SLC5A3,other,0.0126139,388.845,76.2082,48,329
SLC5A6,other,-0.0191881,260.677,91.3384,60,543
SLC66A1,other,0.0256671,76.8319,38.5502,164,614
SLC66A2,other,0.0126929,57.1294,22.0272,232,1210
SLC66A3,other,-0.0206656,63.2112,33.12,193,814
SLC6A6,other,-0.00971643,183.48,40.3835,74,1196
SLC6A8,other,0.0219856,50.4915,94.3519,258,1118
SLC7A1,other,-0.0548495,233.166,433.679,81,33
SLC7A11,other,0.0189883,80.2086,197.881,152,115
SLC7A5,other,0.0680409,32.2146,43.952,596,801
SLC7A6,other,0.0114365,71.5495,137.995,183,124
SLC7A6OS,other,-0.0137957,239.874,634.926,70,16
SLC7A8,other,-0.0065219,142.661,23.2505,96,1019
SLC8B1,other,-0.0131973,24.8818,26.3603,485,934
SLC9A6,other,0.0339832,61.0813,43.5451,221,640
SLC9B1,other,-0.00591203,70.1302,57.5351,182,291
SLC9B2,other,-0.0215407,69.9145,78.6351,213,278
SLCO4A1,other,-0.000416211,78.0984,454.634,165,30
SLK,other,-0.000172799,339.476,118.49,48,200
SLMAP,other,-0.00744694,288.181,47.2306,51,537
SLTM,other,0.010635,71.0585,101.979,205,378
SLU7,other,0.00807589,278.17,658.415,63,16
SLX1A,other,-0.00963488,65.6608,86.6478,186,194
SLX4IP,other,0.0280699,66.8591,40.2131,190,516
SMAD1,other,-0.0105048,37.8714,38.5902,342,941
SMAD2,other,0.00964797,38.6732,31.9327,320,689
SMAD3,other,-0.00780628,85.8011,257.956,148,1804
SMAD4,other,0.0426267,86.3221,55.0581,161,532
SMAD5,other,-0.0165706,100.493,30.5784,127,567
SMAD9,other,0.0248127,70.7684,48.737,224,1346
SMAGP,other,0.0910385,48.5285,47.2771,281,977
SMAP1,other,-0.0255997,128.486,28.0145,106,999
SMAP2,other,0.00462708,41.9341,30.533,303,1005
SMARCA1,other,0.00269343,157.535,32.3424,81,509
SMARCA2,other,-0.00685736,210.146,46.4359,63,771
SMARCA4,other,0.013872,114.101,148.616,132,116
SMARCAD1,other,-0.00948283,113.261,51.7494,116,372
SMARCAL1,other,-0.00743074,170.583,73.6231,78,226
SMARCB1,other,0.0364366,39.558,224.662,431,278
SMARCC1,other,-0.00210645,154.426,98.9239,117,265
SMARCD1,other,0.0448117,43.5174,102.544,342,259
SMARCD2,other,-0.000725357,40.5762,59.9106,307,458
SMARCD3,other,0.0127478,22.335,603.857,565,19
SMARCE1,other,0.00102391,408.074,435.764,46,149
SMC1A,cohesin/condensin (SMC),-0.166993,616.624,155.855,82,168
SMC3,cohesin/condensin (SMC),-0.0411964,1399.94,869.171,31,11
SMCHD1,cohesin/condensin (SMC),0.0114815,43.6104,56.9866,304,399
SMCO4,cohesin/condensin (SMC),-0.00203714,61.6603,40.1984,191,523
SMDT1,other,0.0539842,73.4742,71.0688,158,202
SMG1,other,0.0354532,155.478,73.2166,83,484
SMG5,other,0.343582,202.083,321.011,159,57
SMG6,other,0.0339579,71.0661,85.2567,173,180
SMG7,other,0.237387,560.034,178.394,41,206
SMG8,other,0.159554,81.422,47.6242,174,932
SMG9,other,0.156968,99.7603,61.2833,142,617
SMIM1,other,-0.0122429,52.5426,48.7901,262,833
SMIM12,other,-0.00536207,477.14,24.5125,40,931
SMIM13,other,0.00491062,51.1321,22.9094,240,1089
SMIM14,other,0.0193509,46.1812,33.6337,260,631
SMIM15,other,0.0214501,74.3372,52.7884,168,1046
SMIM19,other,0.0563738,65.0265,40.4689,199,1122
SMIM20,other,-0.0348421,43.5926,22.2631,284,1066
SMIM29,other,-0.0111212,74.1854,40.5551,238,1175
SMIM3,other,0.0239821,60.2298,70.8286,205,369
SMIM7,other,0.000955376,154.37,187.794,83,85
SMIM8,other,0.0277053,57.9259,2167.38,234,10
SMNDC1,other,0.0534019,506.91,157.321,36,109
SMPD2,other,0.0130054,197.94,34.0587,70,847
SMPD4,other,0.0115371,116.844,63.969,118,508
SMS,other,0.0893994,59.3815,65.593,268,312
SMTN,other,0.00565346,103.01,38.7503,126,675
SMUG1,other,0.0305555,126.234,37.1192,109,1133
SMURF1,other,-0.00848281,64.087,43.6897,189,663
SMURF2,other,-0.0119391,32.4263,34.356,382,510
SMYD3,other,-0.0018851,45.38,39.9826,274,587
SMYD5,other,0.00204975,33.6538,38.3342,393,713
SNAI1,other,0.0378328,75.0378,88.7454,178,772
SNAI2,other,0.00690899,78.5954,49.0025,155,343
SNAI3,other,-0.0682684,52.1299,93.3741,244,280
SNAP23,other,0.0230787,162.532,61.3516,83,348
SNAP29,other,-0.017585,43.7403,121.103,277,176
SNAP47,other,0.0107918,50.6532,52.6369,241,497
SNAPC1,other,-0.0153774,171.208,246.622,104,69
SNAPC2,other,0.0309034,143.033,261.947,109,70
SNAPC3,other,0.0842295,47.7925,392.672,404,38
SNAPC4,other,-0.040557,61.572,93.1219,262,230
SNAPC5,other,-0.0519295,57.0559,254.549,274,71
SNAPIN,other,0.0504482,95.9722,43.9534,129,599
SNF8,other,0.0279854,45.5157,120.691,282,107
SNHG32,other,0.0232211,86.8054,37.9302,148,693
SNRNP40,other,0.0852948,37.9721,505.047,423,33
SNRNP48,other,-0.00104713,169.379,161.037,95,131
SNRPA,spliceosome (SF3/SNRP/PRPF),0.0458962,106.021,142.598,168,126
SNRPA1,spliceosome (SF3/SNRP/PRPF),0.0221099,106.665,62.3815,117,378
SNRPB,spliceosome (SF3/SNRP/PRPF),0.0150038,68.4671,112.685,197,142
SNRPB2,spliceosome (SF3/SNRP/PRPF),0.0291146,177.741,73.4298,74,358
SNTA1,other,0.00721734,131.469,118.552,94,3285
SNTB2,other,-0.0238365,71.6836,35.5445,228,833
SNUPN,other,0.0452599,37.8011,436.734,348,41
SNX1,other,-0.00273863,65.7114,52.8831,203,1091
SNX10,other,-0.0504977,105.795,37.873,147,652
SNX11,other,0.00431371,51.8275,45.5584,239,404
SNX12,other,-0.0299764,46.9136,42.6319,331,371
SNX13,other,-0.0135789,73.9731,49.864,158,799
SNX14,other,-0.00412794,99.8104,57.259,122,607
SNX17,other,0.0373276,66.3132,28.7972,204,703
SNX19,other,0.0105918,188.458,26.6531,88,846
SNX2,other,-0.00882492,79.3293,44.279,165,490
SNX24,other,-0.0010099,48.1746,27.4183,257,980
SNX25,other,-0.00235685,102.399,104.062,132,164
SNX27,other,-0.0161128,67.9723,45.5302,190,368
SNX29,other,0.0806684,732.846,29.4319,31,879
SNX3,other,-0.0127634,142.111,36.6401,92,671
SNX33,other,-0.0137072,56.9309,47.5086,216,646
SNX5,other,-0.0283844,42.6118,30.7063,292,745
SNX6,other,-0.00734309,56.7091,32.214,221,623
SNX8,other,0.0245288,52.834,44.937,232,538
SNX9,other,-0.0276386,39.5254,41.7464,319,1170
SOAT1,other,7.37289e-05,114.419,29.1806,104,1169
SOCS1,other,0.0233594,118.786,96.6032,101,173
SOCS2,other,-0.00297583,50.469,51.8888,252,339
SOCS3,other,-0.0214898,402.434,159.009,40,113
SOCS4,other,-0.0509314,112.317,138.47,114,215
SOD1,other,0.0659268,51.7677,370.816,366,40
SOD2,other,0.000206527,40.7462,57.0485,350,361
SOHLH1,other,0.0158634,231.482,153.512,61,157
SOHLH2,other,0.0172908,40.5291,44.8591,317,480
SON,other,-0.0666913,63.5843,324.63,276,52
SORBS3,other,0.0154396,40.904,74.3475,363,325
SORD,other,0.0104583,49.9165,36.0324,263,662
SOS1,other,-0.0405277,139.716,30.4888,115,976
SOX1,other,-0.0340465,33.239,46.8016,478,903
SOX10,other,0.0138897,133.618,43.3245,96,522
SOX11,other,0.00410917,58.1359,48.5914,257,307
SOX12,other,0.014388,99.0604,34.7728,130,534
SOX13,other,-0.0349224,91.4423,34.8899,142,612
SOX14,other,-0.0199969,71.5956,37.3818,186,832
SOX15,other,0.0192478,56.0194,24.2698,214,1033
SOX17,other,0.0221582,53.1581,37.4438,237,552
SOX18,other,-0.00389233,54.5261,43.9974,248,379
SOX2,other,0.0367157,10552.1,52.788,7,315
SOX21,other,0.0150203,112.099,24.6407,117,1040
SOX3,other,0.0264245,234.281,46.4548,65,439
SOX30,other,-0.0118077,39.5997,40.9556,306,504
SOX4,other,0.0676865,36.8834,30.4657,344,694
SOX5,other,-0.0173151,40.0751,30.4438,302,950
SOX6,other,-0.0155938,27.723,46.8941,428,462
SOX8,other,-0.0104762,69.6704,52.6998,202,357
SOX9,other,0.0150068,86.6367,29.5121,151,721
SP1,other,0.193502,121.855,68.1667,198,464
SP100,other,0.0264218,34.0495,74.6021,370,751
SP110,other,0.011767,212.558,205.538,69,64
SP140,other,0.0315895,141.592,26.8639,100,847
SP140L,other,-0.00531779,58.841,104.322,205,281
SP2,other,0.246328,85.1321,84.712,234,720
SP3,other,0.0847505,100.177,52.387,146,566
SP4,other,0.0137401,154.711,45.0642,95,618
SP5,other,0.0544133,122.633,116.352,130,147
SP6,other,0.0179491,40.664,38.6136,328,541
SP7,other,0.0167281,122.525,29.4513,107,722
SP8,other,0.0220237,161.659,51.7229,79,593
SP9,other,-0.0132643,640.717,37.9508,32,1908
SPAG5,other,-0.00457027,68.6685,53.7653,192,375
SPAG7,other,-0.00185049,227.663,68.0268,83,1185
SPAG9,other,-0.0324492,64.8132,29.7253,180,1005
SPARC,other,-0.00475223,89.5959,32.2546,138,744
SPART,other,-0.0145185,45.1296,31.5397,277,609
SPAST,other,0.00472401,78.6725,31.0503,152,673
SPATA24,other,0.0502676,57.6497,63.0281,221,244
SPATA2L,other,-0.000365186,59.6894,33.0892,217,590
SPATA33,other,-0.0465639,40.8205,60.6345,313,390
SPATC1L,other,-0.0236826,70.1748,33.2889,189,941
SPATS2,other,0.00462202,202.117,85.4411,66,200
SPATS2L,other,0.00745888,48.7664,33.5027,263,734
SPCS1,other,-0.0018584,133.403,51.8599,101,443
SPCS2,other,0.00491666,88.1586,118.446,229,175
SPCS3,other,0.0351204,64.7008,215.587,277,78
SPDEF,other,0.000238345,91.1824,35.5796,140,506
SPDYE2,other,0.0229663,34.1779,42.4246,371,655
SPECC1,other,0.012781,60.9602,37.1208,209,592
SPECC1L,other,-0.0276233,71.0338,58.6372,182,531
SPEG,other,-0.0198648,31.8176,41.5228,474,808
SPEN,other,0.0749393,57.0199,66.9615,305,259
SPG11,other,0.024263,43.1066,50.2895,278,802
SPG21,other,-0.0046446,115.515,41.2723,118,720
SPG7,other,-0.0766213,88.9673,56.3768,205,419
SPHK1,other,0.00610445,46.6324,209.936,287,69
SPHK2,other,0.0218155,151.862,86.8617,121,164
SPI1,other,-0.0125207,204.363,55.9029,82,666
SPIB,other,0.0208871,33.439,34.4895,373,633
SPIC,other,0.0129311,156.061,61.1119,85,395
SPICE1,other,0.0209095,91.0604,41.7274,141,493
SPIDR,other,-0.0169288,198.688,109.626,67,142
SPIN1,other,-0.020266,74.6222,56.9523,187,972
SPIN2B,other,-0.0122824,106.551,36.0518,114,795
SPIN4,other,0.0232089,152.392,54.3463,79,957
SPINDOC,other,0.0661079,150.26,75.4002,109,259
SPINT2,other,-0.019225,129.005,40.0751,106,566
SPIRE1,other,0.0101273,393.536,48.7903,38,450
SPN,other,-0.0217974,45.6654,42.0393,296,658
SPNS1,other,0.0157239,78.1737,25.67,184,849
SPOP,other,-0.0174716,452.93,81.5098,36,215
SPOUT1,other,0.137038,289.081,1541.28,73,11
SPPL2A,other,0.0279791,63.9458,38.579,206,608
SPPL2B,other,-0.00769269,99.6349,121.528,139,132
SPPL3,other,0.0091096,97.999,34.916,128,932
SPR,other,0.0166317,77.2458,158.442,154,106
SPRED2,other,-0.000950364,109.017,43.0711,124,596
SPRTN,other,0.0348366,34.9031,115.391,351,182
SPRY1,other,0.00145076,291.575,36.2575,55,461
SPRY2,other,-0.0242099,31.3392,50.3924,392,525
SPRYD3,other,-0.0395641,38.5831,37.7219,336,733
SPRYD4,other,-0.0316185,64.202,43.0816,206,626
SPRYD7,other,-0.000523014,102.412,29.4257,121,749
SPSB2,other,0.057221,75.5925,55.3948,173,890
SPSB3,other,-0.00783794,68.8047,166.416,172,77
SPTAN1,other,0.00110362,63.5993,33.326,221,994
SPTB,other,0.0257111,121.744,60.6293,124,352
SPTBN1,other,-0.00657303,64.8912,91.0394,219,590
SPTLC1,other,-0.0329188,268.424,56.21,65,352
SPTLC2,other,0.0277087,144.931,157.078,101,119
SPTSSA,other,0.0446213,48.1692,116.869,266,146
SPTY2D1,other,0.0482566,33.7009,49.8654,422,533
SPZ1,other,0.015328,153.042,40.7001,85,509
SQLE,other,0.0209849,52.2172,127.122,244,165
SQSTM1,other,0.0798839,59.8402,33.8944,215,836
SRCAP,other,-0.00977199,38.9396,69.2841,400,257
SRD5A1,other,-0.0075779,49.4656,191.759,260,136
SRD5A3,other,-0.0098511,86.853,40.9785,152,518
SREBF1,other,-0.0114446,101.759,304.457,127,46
SREBF2,other,0.056657,71.8987,50.189,191,368
SREK1,other,0.0337068,74.0375,57.1038,188,506
SREK1IP1,other,0.04129,98.9047,48.0867,135,1018
SRF,other,0.107842,38.0954,276.843,367,84
SRFBP1,other,0.0337329,224.38,374.677,92,34
SRGAP2,other,-0.0320068,95.476,26.4369,128,1113
SRGN,other,0.0114241,37.6417,24.0236,318,1058
SRI,other,-0.0263412,60.6191,88.6549,203,716
SRM,other,0.0296418,48.0038,47.6985,320,395
SRP14,other,0.00266469,66.5882,75.1361,290,271
SRP19,other,-0.102218,104.844,486.36,207,18
SRP54,other,0.0140118,86.9462,37.4976,160,527
SRP68,other,-0.127111,396.849,139.794,111,85
SRP72,other,0.0578921,128.626,251.337,303,53
SRP9,other,0.237805,97.5035,135.28,324,264
SRPK1,other,-0.0204761,39.0159,51.5795,347,552
SRPK2,other,0.0319904,58.3804,46.5363,210,692
SRPRB,other,-0.0468907,133.842,124.737,244,115
SRR,other,0.0177413,94.9434,79.7645,154,339
SRRD,other,0.00818211,99.6306,59.8883,146,472
SRRM1,other,0.0372293,113.48,157.676,295,111
SRSF10,other,0.186116,89.3679,87.7717,248,369
SRSF11,other,0.0771866,19.0465,55.1545,880,409
SRSF2,other,0.0426421,133.502,82.4839,140,272
SRSF4,other,0.028601,47.7738,64.5654,272,513
SRSF6,other,0.0970827,28.973,40.7245,505,717
SRSF7,other,0.0814648,270.242,1241.36,104,11
SRSF8,other,-0.0706046,216.801,54.4011,69,555
SRSF9,other,0.00602992,59.5105,25.4527,221,1089
SRXN1,other,-0.0129487,130.82,65.2678,98,269
SRY,other,0.00908743,259.604,41.8295,63,778
SS18,other,0.0591303,58.0254,83.0096,254,257
SS18L1,other,-0.016814,110.134,316.485,118,66
SS18L2,other,0.0124955,47.1266,67.4292,344,282
SSB,other,0.0984832,150.045,202.686,98,160
SSBP1,other,0.22216,103.225,118.769,220,451
SSBP2,other,-0.0017304,84.452,34.1514,170,918
SSBP3,other,0.0338266,54.2167,37.8416,261,930
SSBP4,other,0.000267117,70.7176,29.8645,177,1003
SSH2,other,0.0688067,48.0526,53.1002,266,537
SSNA1,other,0.0283165,154.773,30.4526,106,894
SSR1,other,-0.0119492,154.984,50.4847,92,393
SSR2,other,0.0628198,139.865,41.4174,101,602
SSR3,other,-0.0323155,294.322,32.4121,62,1189
SSRP1,other,-0.062127,119.94,474.328,314,24
SSU72,other,0.0689748,122.787,653.555,169,22
SSX2IP,other,0.012537,513.444,113.828,39,147
ST13,other,-0.0252011,35.1537,32.1246,375,706
ST18,other,-0.003739,110.762,48.0363,120,1295
ST20-MTHFS,other,-0.0090175,320.901,40.0171,52,526
ST3GAL2,other,-0.00598427,35.0393,46.4366,354,669
ST3GAL4,other,-0.0297164,76.0477,64.6916,173,346
ST6GAL1,other,-0.0436362,35.2091,42.1064,385,953
ST6GALNAC1,other,0.0271217,99.5353,48.2072,126,394
ST6GALNAC4,other,0.0150271,44.636,36.6508,283,825
ST6GALNAC6,other,0.0103808,80.1343,322.935,179,42
ST7,other,0.0169881,202.584,34.9042,68,841
ST7L,other,-0.0275044,107.587,92.2487,132,191
STAC3,other,0.00735821,147.817,52.3412,95,695
STAG1,other,0.00541252,145.119,53.1592,95,620
STAG2,other,0.0157124,66.535,124.441,268,550
STAM,other,-0.0170364,58.6573,34.3464,217,611
STAM2,other,0.00668408,29.386,35.7182,423,904
STAMBP,other,-0.0105243,55.1761,44.2531,261,651
STAP2,other,0.0373589,56.0954,35.2924,248,512
STARD10,other,0.0577677,114.595,151.534,144,184
STARD3,other,-0.0065078,522.176,39.5298,36,477
STARD3NL,other,-0.00172714,157.549,40.7505,86,1494
STARD4,other,-0.00715107,135.295,43.6114,99,490
STARD7,other,-0.0398535,54.7692,37.599,252,469
STAT1,other,0.0197856,94.7053,38.1453,127,429
STAT2,other,0.000199308,216.11,37.6217,69,605
STAT3,other,-0.0379609,76.2907,159.373,170,239
STAT4,other,-0.0218417,118.546,32.5894,113,829
STAT5A,other,0.00870062,30.4201,51.6968,474,477
STAT5B,other,0.0549721,162.798,425.272,129,102
STAU1,other,0.00160084,98.3387,58.7696,127,363
STAU2,other,-0.0153364,39.4366,46.3548,331,651
STC2,other,-0.00768398,57.2076,32.8454,217,696
STIM1,other,-0.0139082,55.4165,67.3318,240,958
STIM2,other,-0.0155214,51.8442,44.8085,223,961
STIP1,other,-0.0152134,267.957,77.7653,55,702
STK11,other,-0.058489,43.3093,194.975,271,196
STK11IP,other,0.000325526,55.4514,64.3178,217,327
STK16,other,-0.00164849,72.7747,38.971,181,642
STK17A,other,-0.0175822,57.0058,45.7048,218,515
STK17B,other,-0.0262317,64.9163,25.9241,198,1285
STK19,other,0.0440852,82.641,122.186,158,173
STK24,other,-0.0411291,591.867,56.3567,31,700
STK25,other,-0.0166945,34.1683,93.714,347,827
STK32C,other,-0.00895454,43.55,76.2791,305,1451
STK35,other,0.0493087,38.0095,50.7385,359,838
STK38,other,0.0169153,51.9224,42.5241,245,466
STK38L,other,0.0914692,12.361,34.0406,1169,772
STK4,other,0.0185214,52.2395,63.0465,241,277
STK40,other,-0.00382067,66.2389,146.858,195,145
STMN1,other,-0.00169234,57.1868,117.988,219,181
STMN3,other,-0.0451561,51.0869,72.9311,247,582
STMP1,other,-0.0457884,82.2979,66.6158,161,251
STN1,other,-0.0227307,2120.97,104.879,18,137
STOM,other,0.0263369,64.1953,74.5369,184,1083
STOML1,other,-0.0151544,194.021,44.4654,66,424
STOML2,other,-0.0106817,224.753,112.963,59,179
STON2,other,-0.00770267,83.6854,29.8686,152,891
STPG1,other,-0.0150745,68.4651,43.2495,201,454
STRADA,other,-0.00483344,97.8547,37.8042,121,430
STRADB,other,0.00633003,50.2737,33.3328,231,771
STRAP,other,0.271093,104.996,153.692,231,242
STRBP,other,0.0347536,52.2934,75.6229,243,256
STRIP1,other,-0.0602275,83.1442,23.8962,224,969
STRIP2,other,-0.0184954,74.3937,32.449,176,797
STRN,other,0.0129026,65.3704,26.9947,271,822
STRN3,other,0.0141882,92.2061,78.5644,151,185
STRN4,other,-0.0204391,438.727,219.908,39,62
STT3B,other,0.0879146,197.074,606.563,136,30
STUB1,other,0.0117073,118.545,152.805,104,100
STX10,other,0.0191807,80.746,44.4684,146,397
STX12,other,-0.0499334,126.898,106.729,101,227
STX16,other,0.0232028,47.3823,84.9928,267,852
STX17,other,0.00493679,66.1482,92.771,182,207
STX1A,other,0.0248952,93.4952,25.383,146,819
STX2,other,0.000465438,70.8225,34.1403,173,958
STX3,other,-0.0233588,62.5369,121.788,192,109
STX4,other,-0.00715973,95.6244,82.6601,136,478
STX5,other,0.0500676,206.161,94.2842,78,151
STX6,other,0.0335728,46.4771,31.8144,261,796
STX7,other,0.0107271,63.9847,101.621,225,170
STX8,other,-0.0195427,34.6301,29.2711,359,620
STXBP1,other,0.0167837,57.7261,42.9513,211,910
STXBP2,other,0.00130752,60.6421,39.4272,214,415
STXBP3,other,0.0389468,193.128,38.852,76,438
STXBP4,other,0.0433152,63.7179,100.913,279,256
STXBP5,other,-0.0164274,87.9831,302.179,149,62
STYX,other,-0.0197812,55.6528,59.8185,217,349
STYXL1,other,0.0879622,58.4645,68.9626,286,863
SUB1,other,-0.0198661,65.5009,46.0092,198,369
SUCLA2,other,-0.00780377,87.0367,50.4846,147,324
SUCLG1,other,0.027199,713.027,35.7516,32,840
SUCLG2,other,0.00161971,74.9914,183.578,167,122
SUCO,other,-0.039063,110.555,48.2488,131,401
SUDS3,other,0.0272328,190.316,125.128,132,139
SUGP1,other,0.165842,138.153,72.8962,267,354
SUGP2,other,0.00112632,71.0807,35.1063,206,785
SUGT1,other,0.0954554,237.238,379.164,89,55
SULT1A1,other,-0.00261314,103.382,49.3927,131,2405
SULT1A3,other,-0.0439172,15.2249,60.6108,843,457
SUMF2,other,-0.0356283,31.7292,44.0746,411,664
SUMO1,other,-0.0201779,148.887,70.781,111,978
SUMO2,other,0.123384,130.604,41.8316,170,1119
SUMO3,other,-0.00284578,80.8728,65.5442,166,357
SUN1,other,-0.0439179,25.8017,309.83,502,50
SUN2,other,-0.0134537,49.3347,18.404,267,1528
SUOX,other,0.0173215,39.9171,40.9162,317,584
SUPT20H,other,0.293919,147.503,130.146,224,1104
SUPT3H,other,0.0110641,117.109,89.3506,110,239
SUPT4H1,other,0.0356473,139.983,228.846,146,141
SUPV3L1,other,0.0860453,119.682,81.9521,154,231
SURF1,other,-0.0304226,54.2987,85.2224,231,847
SURF2,other,0.0120595,585.554,52.9513,37,335
SUSD3,other,0.00887898,48.9753,40.633,257,482
SUV39H1,other,0.0367689,199.286,62.6545,94,320
SUV39H2,other,0.0224294,233.02,45.1575,66,384
SUZ12,other,0.00181724,57.1167,702.294,257,20
SVIP,other,0.00218285,56.3745,35.0176,240,610
SWI5,other,-0.000747981,77.0509,87.696,164,852
SWSAP1,other,-0.00421658,84.9097,43.2684,145,433
SYAP1,other,-0.0144783,77.2681,57.4728,163,319
SYCP2,other,-0.0204276,59.149,50.2353,207,471
SYF2,other,-0.0393161,157.375,83.8019,109,159
SYK,other,-0.0388342,28.4626,121.664,454,1002
SYMPK,other,0.00217903,201.872,1037.91,88,10
SYNC,other,-0.0271214,89.033,65.8989,170,287
SYNCRIP,other,0.0304758,223.591,75.6244,72,250
SYNGR1,other,-0.00651625,100.562,48.1032,132,1014
SYNGR2,other,0.00705428,100.034,36.6529,119,1236
SYNGR3,other,-0.0393889,41.909,72.4124,575,267
SYNJ2,other,0.00155915,85.9478,50.3527,201,444
SYNJ2BP,other,-0.013343,143.143,21.4823,88,1635
SYNRG,other,-0.0248735,72.7079,72.3982,178,217
SYP,other,-0.0270582,84.4731,51.6241,155,415
SYPL1,other,-0.00718279,40.1074,45.5206,301,950
SZRD1,other,-0.013678,160.069,46.633,96,574
SZT2,other,-0.0233274,64.7193,94.5803,208,145
TAB1,other,-0.00576611,67.8449,28.3208,187,967
TAB2,other,0.000573485,68.9,38.9671,212,451
TAB3,other,0.0244017,82.1424,44.7957,148,426
TACC1,other,0.00447927,85.0441,99.4937,169,181
TACO1,other,-0.00907379,50.433,270.648,245,51
TADA1,other,0.220081,77.2965,163.884,280,545
TADA2A,other,-0.00407754,111.797,62.3897,123,297
TADA2B,other,0.222455,124.973,202.944,159,1534
TADA3,other,0.122958,101.348,91.6902,356,306
TAF1,TFIID (TAF),-0.0417073,351.56,89.1626,88,216
TAF11,TFIID (TAF),0.106169,118.968,103.762,151,1388
TAF12,TFIID (TAF),-0.0518687,577.198,56.9457,58,1282
TAF13,TFIID (TAF),0.165089,302.192,133.754,71,671
TAF1B,TFIID (TAF),0.0110387,138.264,49.2889,128,1275
TAF1D,TFIID (TAF),0.0471879,129.648,60.7785,219,507
TAF3,TFIID (TAF),0.0950229,169.627,124.793,140,138
TAF4B,TFIID (TAF),0.0443673,95.0132,229.178,132,55
TAF5L,TFIID (TAF),-0.010938,693.488,231.824,28,148
TAF6,TFIID (TAF),0.0140519,190.403,593.247,154,24
TAF6L,TFIID (TAF),0.212525,162.145,171.529,134,871
TAF7,TFIID (TAF),-0.0293009,291.875,521.993,91,24
TAF8,TFIID (TAF),0.151389,339.687,1388.43,107,25
TAF9,TFIID (TAF),-0.00426759,85.2521,187.95,154,86
TAF9B,TFIID (TAF),-0.00169058,74.0892,53.784,167,362
TAFA2,TFIID (TAF),0.0243834,70.5035,60.9003,199,278
TAGLN2,other,0.00292696,48.4261,44.0057,269,650
TAL1,other,-0.00601052,45.8309,42.2644,408,540
TAL2,other,-0.00518712,64.9156,38.1277,192,979
TALDO1,other,-0.0217088,88.3634,41.829,156,667
TAMM41,other,0.123284,99.8215,987.709,214,15
TANGO2,other,-0.0143645,68.3244,52.8942,183,408
TANK,other,-0.0125679,44.4205,52.5482,275,342
TAOK1,other,0.0209451,99.681,22.6434,128,1370
TAOK2,other,-0.035379,46.7129,110.112,287,123
TAOK3,other,-0.0284542,46.3572,44.0654,277,1052
TAP2,other,0.0161039,125.119,52.4499,94,378
TAPBP,other,0.0204352,57.2936,40.6118,216,541
TAPT1,other,-0.0149117,186.885,41.2058,81,432
TARBP1,other,-0.0117509,37.886,55.513,335,495
TARDBP,other,0.108057,67.4702,228.482,376,78
TARS2,other,0.0708327,142.119,95.8783,156,402
TASOR,other,0.0311166,1086.23,85.2636,25,1651
TASOR2,other,-0.025811,107.955,88.5589,148,196
TASP1,other,0.0156557,77.4733,38.4029,173,762
TATDN1,other,0.0175638,206.173,46.7467,66,760
TATDN2,other,-0.0385794,55.1441,77.2292,223,390
TATDN3,other,-0.000578231,39.2634,69.1732,338,234
TAX1BP1,other,0.0113225,40.7096,63.4731,304,555
TAX1BP3,other,-0.00353087,48.768,34.8121,266,758
TBC1D1,other,0.0135423,223.927,47.9644,87,869
TBC1D10A,other,0.010229,85.6869,43.6781,147,597
TBC1D10B,other,-0.0196879,127.768,127.711,100,184
TBC1D14,other,0.0164258,70.7529,62.2707,166,301
TBC1D15,other,0.0208328,128.381,31.8725,104,753
TBC1D20,other,0.0273186,39.4294,41.3683,323,728
TBC1D22A,other,0.086289,44.5795,60.4875,338,249
TBC1D22B,other,0.0111505,75.9246,59.1902,170,270
TBC1D23,other,-0.00369946,100.453,21.0035,124,1016
TBC1D24,other,0.0437135,24.2638,35.0611,565,501
TBC1D31,other,-0.0104722,209.13,56.2424,64,470
TBC1D4,other,-0.0325368,128.723,40.0099,134,399
TBC1D5,other,-0.0147597,130.075,32.2313,105,877
TBC1D7,other,-0.00829123,62.481,56.4638,186,374
TBC1D9B,other,0.0101007,227.739,106.556,61,873
TBCA,other,0.0441419,44.1254,202.385,315,165
TBCCD1,other,-0.0179946,56.8809,82.8052,219,165
TBK1,other,-0.00725504,46.0261,52.3108,267,455
TBKBP1,other,-0.00225864,137.378,112.336,114,154
TBL1X,other,-0.0508978,127.523,93.2389,106,156
TBL1XR1,other,0.0161985,181.758,50.5125,74,766
TBL2,other,0.0209172,33.4755,40.6025,372,432
TBP,other,-0.01445,75.3391,163.539,301,88
TBPL1,other,0.0947351,109.054,63.9036,146,446
TBPL2,other,0.00595248,95.919,36.2156,138,642
TBR1,other,0.0103216,396.012,46.9473,46,443
TBRG1,other,0.0705176,51.3176,33.8099,245,899
TBRG4,other,0.0629347,247.745,153.679,95,107
TBX1,other,0.00958725,37.2595,72.8915,623,243
TBX10,other,-0.00542527,55.3554,65.8218,282,292
TBX15,other,0.00182093,41.2782,60.2382,297,256
TBX18,other,0.00719634,54.1058,38.404,242,506
TBX19,other,0.0418217,59.8806,40.87,207,463
TBX2,other,0.0139029,66.6304,35.3548,207,705
TBX20,other,-0.00391648,54.5407,40.7039,241,418
TBX21,other,-0.0012327,161.829,95.0142,82,406
TBX22,other,0.0139538,96.4178,39.6539,139,597
TBX3,other,0.0101893,44.3637,48.7549,263,569
TBX4,other,-0.0114891,29.2325,45.1205,456,510
TBX5,other,-0.00556062,88.9527,33.5573,158,469
TBX6,other,-0.00267083,43.2889,37.1458,283,533
TBXA2R,other,-0.0313157,46.2518,60.8505,297,395
TBXAS1,other,-0.0127829,72.6412,26.3815,175,1399
TCAIM,other,0.0303276,69.4364,25.0638,182,901
TCEA1,other,0.0181364,117.132,48.1208,118,982
TCEA2,other,-0.00596353,379.296,55.5792,40,312
TCEAL1,other,0.0420475,425.799,127.028,47,1005
TCEAL8,other,0.0125698,57.6576,39.9203,215,456
TCEAL9,other,-0.0241091,72.7973,45.3182,172,500
TCEANC2,other,0.0221571,99.6798,45.1984,125,527
TCF12,other,-0.0157529,52.2673,48.7678,247,373
TCF15,other,0.0943462,56.0834,36.2006,275,622
TCF19,other,0.0880228,43.4927,45.2364,343,590
TCF20,other,-0.0232551,95.9758,43.6941,136,442
TCF21,other,-0.00360718,66.3168,44.4416,186,478
TCF23,other,0.0142838,68.8222,32.8494,178,748
TCF24,other,-0.00388601,48.5927,39.9615,279,503
TCF25,other,0.000796303,289.108,64.0042,54,272
TCF3,other,-0.0192942,172.613,45.463,94,533
TCF4,other,-0.0310699,72.0949,70.6211,159,637
TCF7,other,-0.00164088,242.212,30.4088,63,784
TCF7L1,other,-0.0375266,118.055,33.1531,107,1168
TCF7L2,other,0.00286632,69.7097,36.4224,185,510
TCFL5,other,-0.0195299,522.897,38.8603,35,792
TCHP,other,-0.0200212,96.8182,25.3305,136,872
TCIRG1,other,-0.0427687,32.2843,34.2197,410,840
TCP11L1,other,-0.0166509,72.1052,75.3198,179,219
TCTA,other,0.0499198,58.7087,59.8367,214,554
TCTN1,other,0.0228606,148.145,42.9171,95,1033
TCTN3,other,0.018952,71.6839,34.6365,177,725
TDG,other,0.00540282,74.0608,28.4329,160,1269
TDP1,other,0.0590022,72.6233,54.409,198,361
TDP2,other,0.0243615,37.0124,31.2423,351,626
TDRD3,other,0.00606359,243.356,56.2847,63,764
TDRKH,other,0.0248041,68.7338,40.273,196,534
TEAD1,other,-0.012927,242.519,55.3644,59,451
TEAD2,other,0.0354892,82.3163,71.9583,168,251
TEAD3,other,0.0112462,18.3103,52.9709,717,416
TEC,other,0.0430554,53.6913,42.3331,246,1038
TECPR1,other,-0.0271247,53.3045,45.2628,245,549
TECR,other,-0.0384275,71.6335,26.8666,188,1077
TEDC1,other,-0.0142227,83.3669,156.731,140,170
TEDC2,other,0.0520525,48.6705,177.417,302,126
TEF,other,-0.0052958,38.2558,30.5454,321,597
TEFM,other,0.126505,82.2981,80.8658,341,264
TEN1,other,0.00987225,58.2697,467.347,220,20
TENT2,other,-0.0102376,1092.46,115.772,29,1028
TENT4A,other,-0.0042725,53.8323,30.6664,248,690
TENT4B,other,0.00402111,263.232,58.3251,51,564
TEPSIN,other,-0.0189141,287.138,40.4045,49,543
TERF1,other,-0.0142904,61.7007,41.584,198,468
TERF2IP,other,-0.0342651,85.1858,42.3775,190,1088
TES,other,-0.0368101,63.4293,37.0294,196,1049
TESC,other,-0.00638303,73.4412,33.2846,160,522
TESMIN,other,-0.000971116,205.784,44.7443,70,399
TET1,other,-0.00136695,86.3935,40.7628,160,717
TET2,other,-0.0379958,61.3072,44.6486,201,1018
TET3,other,0.00354045,66.5035,60.5785,190,492
TEX261,other,0.00716707,58.4326,38.9477,217,426
TEX264,other,-0.00587138,24.1819,29.3702,530,716
TEX30,other,0.0478556,61.9661,24.3691,215,981
TFAM,other,0.273507,121.38,90.2352,147,899
TFAP2A,other,0.0145214,47.6029,47.9637,290,724
TFAP2B,other,-0.005928,624.17,29.0517,37,776
TFAP2C,other,0.00936915,90.0777,55.1183,140,290
TFAP2D,other,-0.0152674,295.902,30.2215,54,1657
TFAP2E,other,0.00345142,124.698,35.0153,106,597
TFAP4,other,0.0963046,397.469,76.5798,53,334
TFB1M,other,0.0398762,85.6399,42.5488,182,555
TFB2M,other,0.0415583,30.9424,42.8314,434,536
TFCP2L1,other,-0.0244891,3072.26,35.5937,18,679
TFDP1,other,0.136592,106.378,132.636,318,178
TFDP2,other,-0.000457556,63.0258,41.6906,193,513
TFDP3,other,0.00349729,128.1,25.6746,102,1165
TFE3,other,0.00556591,59.041,93.5399,220,182
TFEB,other,0.0174987,27.8214,34.4592,451,626
TFEC,other,0.0283053,202.105,35.766,72,566
TFG,other,0.0385151,58.5613,50.4523,223,619
TFIP11,other,-0.00570609,145.932,94.6656,101,163
TFPI,other,0.0135314,732.294,46.3283,30,1187
TFPT,other,0.0336517,103.424,834.1,209,16
TFR2,other,0.019272,2324.8,45.5372,17,441
TGDS,other,0.0169118,153.363,125.355,79,205
TGFB1,other,-0.00961,51.2951,38.082,262,492
TGFBR3,other,0.0172474,62.9918,25.8795,191,1073
TGFBRAP1,other,-0.0550924,41.4095,69.1112,309,333
TGIF1,other,0.0149598,43.8795,46.8624,299,460
TGIF2,other,0.0331897,92.1961,38.5036,163,566
TGIF2LX,other,-0.0220959,90.6532,83.8362,164,192
TGIF2LY,other,0.0172164,72.9194,31.2998,182,784
TGOLN2,other,0.00451907,72.7911,30.2277,181,812
TGS1,other,0.00791919,35.7889,250.457,374,69
THADA,other,0.00531906,454.091,42.4791,42,526
THAP10,other,0.0171132,41.9023,92.6367,323,187
THAP11,other,0.223926,120.99,92.5461,158,629
THAP12,other,0.0873029,121.846,95.897,134,1114
THAP2,other,0.104989,61.6617,40.8494,242,552
THAP4,other,-0.0111513,449.929,193.977,42,104
THAP5,other,0.00527628,90.9244,45.5232,141,469
THAP6,other,0.0232863,148.847,120.763,98,124
THAP8,other,0.0369975,117.629,36.2628,108,455
THAP9,other,0.0192062,46.2458,70.6487,241,309
THEM4,other,0.0213907,121.274,34.8698,105,553
THEM6,other,0.0255726,159.154,30.7665,88,929
THEMIS2,other,0.0540371,118.206,35.1964,124,541
THG1L,other,0.00510149,507.221,948.279,54,15
THOC1,other,-0.0129854,289.317,270.151,55,45
THOC5,other,-0.0312163,1526.69,946.612,21,19
THOC6,other,0.188999,58.4782,67.3261,291,530
THOC7,other,0.10684,120.311,407.281,153,51
THOP1,other,0.00856573,56.1699,40.1083,255,593
THRA,other,-0.00159669,45.0888,114.066,295,154
THRAP3,other,0.124843,94.1391,80.3085,175,609
THRB,other,0.013264,39.525,32.8423,305,946
THTPA,other,-0.0324269,1429.42,66.4596,21,291
THUMPD1,other,0.0291459,255.728,74.7397,73,525
THUMPD2,other,0.0208023,31.8251,27.9677,366,1354
THUMPD3,other,0.0130225,50.4246,42.0857,239,650
THYN1,other,0.0288117,161.364,33.9452,83,2122
TIA1,other,0.0379881,123.203,52.6727,121,1141
TIAL1,other,-0.0170672,4900.52,42.1048,13,629
TIFA,other,-0.00279633,936.073,77.3242,30,223
TIGD1,other,-0.00392969,95.484,80.2202,133,454
TIGD2,other,-0.0306012,187.761,76.8563,72,306
TIGD3,other,0.0379374,69.8898,35.4442,189,915
TIGD4,other,0.0255117,49.5244,53.2927,251,1377
TIGD5,other,0.00293064,257.78,74.4065,53,253
TIGD6,other,-0.00304899,57.0565,264.306,229,51
TIGD7,other,0.0186305,136.034,47.3671,100,413
TIMM10,other,-0.0299944,92.3045,172.491,140,221
TIMM10B,other,0.0771743,59.7353,32.6754,209,820
TIMM13,other,0.0185638,94.4218,138.015,237,109
TIMM17A,other,0.00726112,114.824,37.8604,129,550
TIMM21,other,0.0097198,170.189,31.7609,70,2371
TIMM22,other,0.0337743,121.322,1271.28,111,14
TIMM29,other,0.0158481,69.8181,88.8308,183,206
TIMM8A,other,-0.0159963,34.2568,32.0797,405,517
TIMM8B,other,0.00585533,38.199,140.501,325,126
TIMM9,other,0.0590909,58.1937,182.888,314,71
TIMMDC1,other,-0.0250141,445.854,78.9026,43,534
TIMP1,other,0.0494648,36.3225,109.745,418,122
TINF2,other,0.0305979,117.002,541.863,115,22
TIPARP,other,0.0467019,522.075,119.834,44,232
TIPIN,other,-0.0108027,68.9157,68.0761,210,223
TIPRL,other,0.0222427,139.014,72.1333,106,595
TJAP1,other,-0.000544175,40.4686,53.4797,301,356
TJP2,other,-0.0096943,41.4094,80.9285,299,227
TK1,other,-0.0201583,166.04,38.3725,98,583
TKT,other,0.0551111,26.4672,159.587,484,105
TLCD1,other,0.0168079,42.5895,36.2973,309,487
TLCD3A,other,0.00769476,73.7216,46.7221,168,339
TLCD5,other,-0.0374809,70.408,42.3996,166,830
TLE3,other,0.0376309,72.1966,62.0094,235,503
TLE4,other,-0.00488019,163.095,67.673,76,391
TLE5,other,-0.00681844,80.6179,37.7606,167,660
TLK1,other,0.00849412,101.171,107.298,134,125
TLK2,other,0.0354771,71.9759,80.2129,244,286
TLN1,other,0.0360212,50.3933,87.3823,246,316
TLNRD1,other,0.018283,47.6194,36.2367,274,545
TLX1,other,0.0899638,40.7668,56.0134,331,655
TLX2,other,-0.0192917,109.791,26.492,112,888
TLX3,other,0.00358229,106.75,37.5071,110,602
TM2D1,other,0.0473878,144.834,127.251,89,717
TM2D2,other,-0.0100358,146.231,59.984,88,359
TM2D3,other,0.0149097,141.187,39.9098,96,628
TM7SF2,other,0.0312508,47.251,23.9842,250,944
TM7SF3,other,-0.0321589,71.5267,32.4262,187,888
TM9SF2,other,0.0205161,69.0438,88.8366,180,496
TM9SF3,other,0.00120337,60.802,71.5728,216,325
TM9SF4,other,0.00644768,87.6522,49.2862,167,381
TMA7,other,0.00278475,43.8732,37.1239,284,427
TMBIM1,other,0.0251589,143.387,33.9944,96,503
TMBIM4,other,-0.0107719,82.9595,89.0391,160,223
TMBIM6,other,-0.0299386,86.6155,36.2805,133,493
TMC6,other,-0.0186672,65.4599,32.2722,215,549
TMCO1,other,0.0128714,50.8557,38.2688,261,607
TMCO3,other,-0.0113018,56.3451,43.4809,259,435
TMED1,other,-0.00217239,87.3846,57.7998,144,375
TMED10,other,0.144622,56.3862,90.8789,315,372
TMED2,other,0.0989883,49.6984,75.6386,353,362
TMED4,other,-0.0327274,114.914,132.923,124,836
TMED5,other,-0.0122964,79.8235,41.4225,160,569
TMED7,other,0.00766435,37.9922,51.9197,368,333
TMED8,other,0.0145648,78.8904,26.9844,156,952
TMED9,other,0.0152903,257.119,286.192,69,149
TMEM101,other,-0.0531933,108.589,42.6346,121,829
TMEM106B,other,9.18839e-06,58.4273,70.7522,270,271
TMEM106C,other,0.0170073,46.3054,55.36,281,554
TMEM107,other,0.00448898,170.412,44.6716,83,588
TMEM109,other,-0.0057669,59.4456,33.2383,200,611
TMEM11,other,-0.0223064,85.0698,51.6202,164,277
TMEM115,other,0.0205359,118.663,27.5879,125,805
TMEM116,other,0.0544957,65.3292,37.5988,208,557
TMEM120A,other,0.0546037,52.1209,35.23,266,809
TMEM120B,other,-0.0154133,234.036,56.7027,65,286
TMEM123,other,0.0222012,105.743,50.0551,126,2465
TMEM126A,other,-0.0054506,49.2793,26.3121,228,1042
TMEM126B,other,-0.0148093,209.609,67.554,82,437
TMEM127,other,0.00433006,33.8966,37.538,386,620
TMEM128,other,0.0142482,101.993,38.4964,127,554
TMEM129,other,0.023276,519.858,1008.98,39,21
TMEM131,other,0.129444,47.6567,50.2782,310,809
TMEM131L,other,0.0611337,61.509,31.3763,203,1341
TMEM134,other,-0.00303071,45.5544,30.9356,273,610
TMEM135,other,0.0031143,61.1753,42.5922,200,547
TMEM138,other,0.0145171,42.1533,47.9455,302,561
TMEM141,other,0.0153082,73.6328,35.7917,161,870
TMEM14A,other,0.0237401,99.3993,40.1145,125,530
TMEM14B,other,0.0080123,73.2756,40.6737,173,662
TMEM14C,other,-0.0335004,72.6844,55.4626,172,498
TMEM150A,other,0.014713,40.4881,79.3552,319,197
TMEM160,other,-0.0144159,32.1507,81.1991,381,224
TMEM161A,other,-0.0122498,70.4794,47.839,172,890
TMEM161B,other,0.0483917,124.997,53.2931,199,599
TMEM164,other,0.0504086,60.692,45.5464,213,401
TMEM165,other,0.042135,92.7091,86.7567,135,428
TMEM167A,other,0.0357706,211.059,44.5614,77,597
TMEM167B,other,0.000555431,105.253,53.8149,126,312
TMEM168,other,0.015073,67.2286,31.8608,197,851
TMEM170A,other,-0.00850655,45.8221,39.7804,293,558
TMEM175,other,0.0105758,93.3963,60.9704,141,679
TMEM177,other,0.014707,48.0897,28.4447,261,791
TMEM179B,other,0.0137855,71.5363,43.4891,198,475
TMEM18,other,-0.0107511,105.531,22.8645,130,801
TMEM181,other,0.0147692,52.4274,74.2945,237,302
TMEM183A,other,-0.00478986,248.315,52.366,61,396
TMEM184B,other,-0.00395683,147.167,64.2418,96,311
TMEM184C,other,0.0353579,118.478,44.6538,101,609
TMEM185B,other,-0.00903353,56.2032,78.0001,234,192
TMEM19,other,0.00402218,64.2355,47.0072,209,356
TMEM192,other,0.027573,62.0588,47.1488,213,339
TMEM199,other,-0.0158538,58.0485,36.0788,218,465
TMEM201,other,-0.0189313,136.358,34.7693,103,766
TMEM203,other,-0.0210549,55.2901,37.6944,249,567
TMEM205,other,-0.0478764,81.1446,30.6844,146,884
TMEM208,other,0.00100431,141.573,132.76,104,123
TMEM214,other,0.0193322,86.6877,63.9441,208,454
TMEM216,other,0.0204454,38.1636,44.9143,308,479
TMEM218,other,0.0102912,58.0964,25.3514,215,794
TMEM219,other,-0.0113161,166.538,58.3047,78,261
TMEM222,other,0.0190359,56.3229,29.5079,218,964
TMEM223,other,-0.0115953,115.719,26.543,111,1036
TMEM230,other,-0.00752779,92.2644,48.1951,133,854
TMEM231,other,0.0166616,73.1135,35.9539,165,414
TMEM234,other,-0.00772093,104.63,119.29,123,111
TMEM237,other,0.00699963,43.6526,41.3509,299,559
TMEM241,other,-0.00601766,101.405,44.7958,136,629
TMEM242,other,-0.056358,117.975,128.422,146,127
TMEM243,other,-0.0157143,75.0308,65.1357,162,578
TMEM245,other,0.0148074,38.2322,71.7274,334,288
TMEM248,other,0.0765704,66.2307,48.1243,195,1005
TMEM250,other,0.0109561,74.6374,39.1588,173,1343
TMEM256,other,0.00486575,50.4754,48.0998,245,580
TMEM258,other,-0.0126739,60.2689,189.632,287,72
TMEM259,other,-0.0133453,59.386,229.333,256,83
TMEM267,other,0.00824755,123.798,47.4575,120,657
TMEM273,other,0.00211712,86.5828,34.0064,153,997
TMEM30A,other,-0.0111229,139.203,59.746,98,835
TMEM33,other,-0.00143846,60.1413,51.3936,207,339
TMEM38B,other,-0.00213085,64.6335,62.9526,189,234
TMEM39A,other,0.0316488,45.6642,174.087,249,92
TMEM39B,other,-0.0200076,63.0934,50.7345,209,563
TMEM41A,other,0.00201217,106.117,42.5732,122,519
TMEM43,other,0.0111232,203.476,43.815,59,418
TMEM44,other,0.0148229,52.5855,36.7907,221,635
TMEM50A,other,0.00451774,54.8307,26.7986,287,726
TMEM50B,other,-0.0204624,52.3016,50.8,253,597
TMEM53,other,0.0170334,64.0962,38.847,195,495
TMEM54,other,0.00221361,85.4064,38.8826,161,562
TMEM59,other,0.018079,67.079,36.2632,196,508
TMEM60,other,0.016003,143.045,58.5629,100,339
TMEM62,other,-0.00139248,178.866,34.8739,75,653
TMEM63A,other,-0.00418644,50.647,91.0011,237,999
TMEM63B,other,0.0195678,61.0915,73.2902,210,287
TMEM64,other,0.0318468,43.0684,53.0343,290,415
TMEM65,other,-0.00241505,99.2552,48.9219,130,422
TMEM68,other,0.0436018,77.6631,28.1112,169,793
TMEM69,other,0.013862,50.0543,34.1834,249,1250
TMEM70,other,0.00534274,50.6405,38.3,246,842
TMEM80,other,0.0510362,107.272,44.9283,123,509
TMEM87A,other,0.0363269,49.7054,66.1564,276,284
TMEM9,other,0.0010539,53.1636,41.667,242,793
TMEM97,other,0.0121603,103.369,57.7018,127,1176
TMEM98,other,0.0287586,44.4056,51.8752,280,548
TMEM9B,other,-0.00740582,105.114,32.963,125,1093
TMLHE,other,0.00618782,65.4976,39.1019,197,478
TMOD3,other,-0.0268173,78.6113,47.7961,154,348
TMPO,other,-0.0342643,46.2053,55.3143,318,395
TMSB10,other,-0.00596125,42.5518,29.621,433,914
TMSB4X,other,-0.00504427,69.7576,39.5965,173,623
TMTC4,other,0.0199786,121.15,28.3669,103,1306
TMUB1,other,0.00480903,91.1195,51.0434,147,444
TMUB2,other,0.0316374,47.7988,40.0631,267,475
TMX1,other,-0.0167655,91.8744,42.1455,149,550
TMX2,other,0.152375,224.372,84.6713,111,288
TMX3,other,0.0105337,41.013,45.9463,311,397
TMX4,other,0.0144265,89.8568,54.7525,135,410
TNFAIP1,other,-0.00851683,47.4165,90.1302,249,275
TNFAIP2,other,0.0177411,49.4707,30.9419,260,969
TNFAIP8,other,-0.00149677,46.2476,45.8475,308,399
TNFAIP8L1,other,-0.00743764,86.1967,31.778,157,583
TNFAIP8L2,other,0.0274492,56.2551,27.4952,232,947
TNFRSF10A,other,-0.00116988,145.563,46.2327,86,732
TNFRSF10B,other,-0.000508331,58.4755,69.5674,212,656
TNFRSF12A,other,-0.0292289,83.8712,51.5396,154,821
TNFRSF1A,other,-0.0266338,70.8663,61.8909,168,381
TNFRSF1B,other,0.0333618,24.9144,191.337,473,69
TNFRSF8,other,-0.0158746,93.8884,34.0227,143,596
TNFSF10,other,0.0393356,268.207,91.605,62,622
TNFSF9,other,0.0102757,50.0465,53.4804,256,1321
TNIK,other,0.011402,51.7918,28.4332,245,1082
TNIP1,other,0.0467862,34.4788,27.687,404,962
TNIP2,other,-0.00169972,56.4196,27.2696,243,960
TNK2,other,-0.0320459,37.4167,35.4527,345,518
TNKS,other,-0.0240044,59.4658,56.4869,211,320
TNKS1BP1,other,-0.0232437,50.9467,121.203,241,156
TNKS2,other,-0.00828502,127.965,55.5281,99,344
TNPO1,other,0.0836017,141.621,77.8513,112,731
TNPO2,other,0.00184752,39.3894,77.514,307,1893
TNPO3,other,0.0520433,142.242,850.593,210,16
TNRC18,other,-0.0273134,83.6117,138.277,146,109
TNRC6A,other,0.122406,73.6277,60.3152,379,393
TNRC6B,other,0.00581364,154.306,41.0962,87,494
TNRC6C,other,0.000609419,53.8227,51.2846,240,382
TNXB,other,-0.0491134,161.089,49.0411,80,389
TOB1,other,0.01724,66.8786,68.4028,196,287
TOB2,other,0.0282816,58.2771,45.7009,215,522
TOE1,other,0.0813539,69.0849,62.1352,318,530
TOGARAM1,other,0.0244142,44.9674,55.6377,281,271
TOLLIP,other,0.00197889,110.824,53.492,125,301
TOM1,other,0.0173054,91.9784,35.5681,151,1085
TOMM20,other,0.0225638,93.0945,1444.43,182,11
TOMM34,other,0.00532548,64.3266,48.5096,190,550
TOMM40,other,0.0737511,91.1733,1455.95,197,15
TOMM40L,other,0.032509,115.491,36.3672,123,799
TOMM5,other,0.0235179,123.591,39.3541,113,541
TOMM6,other,0.00598907,209.261,36.2562,66,544
TOMM7,other,0.020789,48.9242,43.7305,265,707
TOMM70,other,0.0159667,69.1315,116.753,186,139
TOP1MT,other,-0.0104528,67.8124,48.622,181,629
TOP2A,other,0.00975622,958.442,68.6899,22,479
TOP2B,other,-0.0147353,47.7869,63.9587,275,724
TOP3A,other,0.0227781,47.6145,572.277,294,22
TOP3B,other,-0.0098742,144.88,42.0499,96,932
TOPBP1,other,0.0413361,128.878,271.598,106,45
TOPORS,other,0.0725474,65.3295,108.082,201,184
TOR1A,other,0.0214284,58.6865,57.847,215,931
TOR1AIP1,other,-0.0225054,212.482,32.026,66,867
TOR1AIP2,other,-0.0235225,69.5849,25.7289,187,1002
TOR1B,other,0.037152,107.237,48.288,146,474
TOR2A,other,0.0170757,89.5786,63.6756,139,244
TOR3A,other,0.0399064,91.4604,28.677,158,644
TOR4A,other,-0.0133524,48.3032,178.451,274,78
TP53,other,-0.00581383,62.2327,75.1543,220,2839
TP53BP1,other,-0.0329192,42.1048,60.4828,293,400
TP53BP2,other,0.00882074,54.1156,37.9247,238,498
TP53I13,other,-0.0267593,100.451,50.8661,159,590
TP53RK,other,0.0163013,84.9523,94.4928,249,615
TP63,other,-0.0160737,80.8197,80.5539,150,258
TP73,other,0.132148,80.036,131.127,196,229
TPD52L1,other,0.0121979,45.922,98.227,275,285
TPD52L2,other,-0.00880933,50.2166,29.4089,240,1026
TPGS1,other,0.0262676,70.0341,38.6221,175,594
TPGS2,other,-0.0107975,84.0779,53.1831,152,695
TPI1,other,0.00385068,207.827,228.008,72,80
TPM1,other,0.0167284,29.715,43.7317,434,866
TPM3,other,-0.0123288,62.7439,67.5098,189,221
TPM4,other,0.0361219,20.8967,38.4749,586,622
TPMT,other,0.0104709,102.536,98.8174,127,2925
TPP1,other,-0.00926593,64.3773,78.2848,195,233
TPP2,other,0.0695831,513.412,57.447,41,387
TPR,other,0.0623077,276.989,236.487,92,59
TPRA1,other,-0.00495411,55.6073,23.0899,234,1323
TPRKB,other,0.0105078,474.459,145.39,38,112
TPRN,other,0.00088854,54.9915,64.2468,229,289
TPRX1,other,-0.0483831,98.2908,56.3757,121,417
TPST2,other,-0.0182868,50.8812,107.407,265,148
TPT1,other,0.0853272,147.635,115.992,96,260
TRA2A,other,0.0448419,28.5444,68.0918,464,225
TRABD,other,0.0203803,44.5492,61.7643,348,431
TRADD,other,0.0238277,131.425,117.82,126,138
TRAF2,other,0.027997,170.969,59.1585,78,414
TRAF3,other,-0.00274147,55.2521,71.8162,241,6962
TRAF3IP1,other,-0.00630715,72.5885,64.6717,187,256
TRAF3IP2,other,0.00339641,59.4338,44.4736,204,401
TRAF4,other,0.0595828,64.8535,48.1626,200,443
TRAF5,other,0.0242366,47.3128,27.2019,277,908
TRAF7,other,0.0428791,32.8122,45.0608,374,577
TRAFD1,other,-0.00807643,94.2377,44.3793,136,517
TRAIP,other,0.0253678,62.3488,1312.44,202,12
TRAK1,other,0.0222274,69.1706,64.2393,175,632
TRAM1,other,0.0263829,45.4698,42.9549,272,841
TRAM2,other,-0.00617397,48.5858,59.6005,253,739
TRAP1,other,-0.052485,48.0039,45.0652,271,986
TRAPPC10,other,-0.011815,305.811,43.8154,54,500
TRAPPC11,other,-0.0882685,208.5,265.856,125,42
TRAPPC12,other,0.0164098,57.7618,32.3797,227,674
TRAPPC13,other,0.000696673,74.6848,47.0017,171,552
TRAPPC2,other,0.0630408,61.5444,27.3405,208,1190
TRAPPC2L,other,0.00024466,161.998,46.8438,88,348
TRAPPC3,other,-0.0184508,35.8197,179.192,377,119
TRAPPC4,other,0.00217357,28.2866,71.4736,443,358
TRAPPC5,other,0.0321128,152.397,1245.38,103,16
TRAPPC6B,other,0.0115601,89.66,76.9904,147,450
TRAPPC8,other,0.0181424,49.1184,43.911,270,369
TRDMT1,other,-0.00187196,78.8599,47.362,153,477
TREML2,other,-0.0133482,71.7656,42.1177,169,428
TRERF1,other,-0.00882913,89.924,38.3322,156,509
TRIAP1,other,0.0171372,87.7188,1387.58,164,12
TRIB2,other,-0.0120293,41.0445,64.9181,334,360
TRIM13,other,-0.0300638,116.426,86.98,118,318
TRIM14,other,-0.0560575,53.1944,62.3067,228,342
TRIM16,other,-0.0163367,52.0232,79.8015,241,179
TRIM21,other,0.028614,118.684,95.4634,110,199
TRIM23,other,-0.00127149,64.536,34.6701,230,842
TRIM24,other,0.0549569,166.282,177.028,104,77
TRIM25,other,0.0210525,120.191,48.4933,116,787
TRIM26,other,0.0107762,60.7112,95.0724,220,178
TRIM27,other,0.00482221,180.616,33.3149,77,599
TRIM28,other,-0.0065279,260.877,73.4369,57,216
TRIM33,other,-0.0554836,56.8796,38.5421,244,555
TRIM37,other,-0.0296428,62.8464,67.5099,187,295
TRIM38,other,-0.00936174,150.208,30.7499,95,564
TRIM39,other,0.0797052,91.698,47.8218,136,973
TRIM4,other,0.0201205,87.8429,199.972,137,56
TRIM41,other,0.0206242,84.9656,37.778,158,701
TRIM44,other,0.013934,44.3212,51.3097,282,758
TRIM5,other,-0.0158516,54.8248,59.539,254,937
TRIM56,other,0.00481823,96.3405,35.0468,134,540
TRIM58,other,-0.0153209,48.1357,38.7031,253,452
TRIM59,other,-0.0448441,126.584,42.6819,122,1082
TRIM65,other,-0.0102024,115.848,38.2661,117,713
TRIM68,other,-0.0334745,452.815,35.5127,37,658
TRIM8,other,-0.0358882,54.5855,48.6018,248,397
TRIOBP,other,0.0149734,34.3182,197.989,392,123
TRIP10,other,-0.0169655,50.1858,128.796,276,138
TRIP11,other,0.000577465,56.2332,63.3037,228,308
TRIP12,other,0.0440067,155.578,112.67,89,1816
TRIP13,other,-0.0169055,84.4928,83.6901,170,223
TRIP6,other,0.031835,42.7787,86.6571,320,176
TRIR,other,0.0506556,97.0033,95.1181,146,231
TRIT1,other,-0.0129943,120.337,73.6912,111,1312
TRMT10A,other,-0.00770084,87.0326,32.9873,150,1450
TRMT10B,other,0.00400965,97.3099,30.3073,137,997
TRMT10C,other,-0.0462364,102.118,55.1686,181,372
TRMT11,other,0.0376985,90.0393,40.7453,151,561
TRMT12,other,-0.0210718,60.5997,49.8818,212,454
TRMT13,other,0.00473593,57.1765,145.542,205,122
TRMT1L,other,-0.0106355,128.107,35.1631,110,662
TRMT2A,other,-0.0163021,51.0103,32.7251,268,645
TRMT2B,other,0.00868195,70.1287,48.689,222,366
TRMT44,other,0.0212788,372.841,94.1267,49,271
TRMT5,other,0.05379,180.002,830.334,112,18
TRMT6,other,0.0153656,70.5419,107.214,204,174
TRMT61A,other,0.0858325,94.9805,99.8255,156,244
TRMT61B,other,0.00995684,53.2152,41.4844,243,843
TRMU,other,0.00305483,88.4255,32.5844,169,569
TRNAU1AP,other,0.0345934,276.85,217.361,68,83
TRNT1,other,0.0156014,67.1101,110.779,386,122
TROAP,other,0.0132367,52.0191,38.9016,259,436
TRPM7,other,0.0251115,311.38,1021.87,56,12
TRPS1,other,-0.00518103,51.4518,30.4524,246,1059
TRPT1,other,0.0244045,43.751,102.909,312,149
TRPV2,other,0.0140653,56.7859,67.3974,213,1161
TRRAP,other,0.163015,179.948,90.2488,325,398
TRUB1,other,-0.0120287,165.207,57.2777,79,367
TRUB2,other,-0.0160004,62.2454,39.4084,199,1265
TSC1,other,0.0549795,203.056,115.562,81,492
TSC2,other,0.0403892,57.9862,77.5746,250,631
TSC22D1,other,0.0223565,105.497,43.0738,120,596
TSC22D2,other,0.00155169,117.055,90.5935,112,176
TSC22D4,other,0.0143357,46.9163,32.5268,300,738
TSEN15,other,0.106067,109.437,79.1006,144,366
TSEN2,other,0.220058,114.018,402.995,254,47
TSEN34,other,0.0164606,22.6831,36.1089,540,532
TSEN54,other,-0.00349342,129.845,1165.79,107,13
TSFM,other,0.0173334,100.842,53.351,150,692
TSG101,other,0.0755533,251.716,780.847,74,24
TSHZ1,other,-0.0231025,54.4794,35.0334,236,643
TSHZ2,other,0.0297318,59.0017,185.774,237,64
TSHZ3,other,0.0312241,98.3141,38.5802,121,429
TSKU,other,-0.0159296,72.0447,59.897,171,941
TSN,other,0.0295724,70.6203,50.3312,199,651
TSNARE1,other,-0.00670385,108.497,42.6983,119,416
TSNAX,other,0.0335045,91.6633,60.0346,132,249
TSPAN14,other,-0.0198472,303.594,37.6675,58,464
TSPAN17,other,0.0080036,31.0423,47.8609,414,337
TSPAN18,other,0.0192072,58.63,70.4512,216,248
TSPAN3,other,0.00634293,66.7955,45.6121,178,575
TSPAN31,other,0.0135581,108.589,47.7333,125,312
TSPAN32,other,0.00851111,88.6868,33.8836,147,822
TSPAN4,other,0.0280917,29.8429,296.972,418,30
TSPO,other,-0.013545,55.0782,92.9215,253,1685
TSPYL1,other,0.00752068,60.2879,55.6593,211,414
TSPYL2,other,-0.00331586,41.5839,29.8503,302,1266
TSPYL4,other,0.00193654,43.7468,44.4259,304,426
TSPYL5,other,0.10815,63.7418,192.033,229,298
TSR2,other,0.101577,372.759,418.051,192,45
TSR3,other,-0.0109733,43.2195,41.9108,303,522
TSSC4,other,0.0229827,46.3413,44.9174,265,554
TST,other,0.0521664,71.3785,43.6413,179,890
TSTD2,other,-0.00367766,55.8378,153.704,213,144
TSTD3,other,-0.0147157,178.633,53.0917,82,290
TTC12,other,-0.00254998,214.143,104.769,66,122
TTC13,other,-0.0164599,66.2877,87.3475,182,286
TTC14,other,0.0506675,91.7803,61.1837,148,339
TTC17,other,-0.00320467,75.0935,30.5015,172,1242
TTC19,other,0.0526538,110.184,44.2628,117,355
TTC21B,other,-0.0185966,50.6217,38.8033,242,618
TTC3,other,0.0799825,79.2033,45.4555,158,394
TTC31,other,0.0252369,62.4617,47.6751,211,391
TTC32,other,0.041736,68.6677,57.2692,180,325
TTC33,other,-0.00422472,65.238,36.6758,198,565
TTC38,other,-0.0187089,174.563,45.1391,72,406
TTC4,other,0.149182,155.213,139.918,172,142
TTC5,other,0.0135919,102.405,66.1847,131,559
TTC7A,other,0.0636865,48.5155,99.1388,256,208
TTC7B,other,-0.0207131,214.765,96.0032,66,193
TTC8,other,-0.00243524,107.877,64.1782,125,278
TTC9C,other,-0.0147987,73.8538,85.2328,183,707
TTF1,other,0.00246758,730.765,135.477,30,105
TTF2,other,0.0385716,264.803,1097,52,12
TTI2,other,0.107381,194.063,590.558,93,47
TTL,other,-0.00259887,304.669,48.2699,48,983
TTLL12,other,0.0166375,47.7949,32.4578,263,648
TTLL3,other,0.0157762,62.5931,27.4999,200,874
TTLL4,other,0.0234855,64.4744,29.1763,190,928
TTLL5,other,0.00827189,316.541,31.141,50,685
TTPAL,other,0.0170463,85.2377,42.767,155,495
TUBA1A,other,-0.0162743,99.7938,20.6067,125,922
TUBA1B,other,0.0295356,113.11,413.78,134,26
TUBA1C,other,-0.0146379,125.621,44.3668,103,681
TUBA4A,other,-0.0785805,43.0083,56.8756,298,428
TUBB2A,other,0.0445141,71.1536,125.739,300,183
TUBB4B,other,-0.0251906,53.4604,39.1206,227,631
TUBB6,other,-0.0307423,154.375,29.3929,81,549
TUBD1,other,0.00754069,32.0301,49.0265,410,420
TUBE1,other,0.0187596,48.4216,94.8209,280,222
TUBGCP2,other,-0.00593674,90.3753,330.803,116,34
TUBGCP5,other,-0.000305081,211.986,1187.03,61,13
TUBGCP6,other,0.0282226,33.8174,545.285,378,24
TUFM,other,0.0793089,186.207,160.966,103,123
TULP4,other,0.0232477,79.5372,29.1356,163,674
TUSC2,other,0.0242735,63.7108,30.5743,204,857
TUT1,other,-0.00881857,23.046,51.0572,553,815
TUT4,other,-0.0039705,87.3296,272.065,148,52
TUT7,other,0.0321978,71.2911,82.7119,179,300
TVP23B,other,-0.0001308,109.841,70.3777,110,211
TVP23C,other,-0.023993,59.2518,90.8417,205,203
TWF1,other,0.0995868,50.216,63.1303,258,724
TWIST1,other,-0.0221302,63.3991,27.6433,194,1113
TWIST2,other,0.0101387,58.2176,90.0955,230,140
TWNK,other,0.0677954,131.201,64.5287,119,1148
TWSG1,other,0.0024221,121.334,51.0286,200,330
TXLNA,other,0.0241988,64.6519,26.3094,225,936
TXLNG,other,0.0308239,97.2173,44.3745,131,673
TXN,other,0.0767716,162.394,655.341,97,19
TXN2,other,-0.0266623,178.629,62.0492,77,257
TXNDC11,other,0.0932553,51.8039,31.9182,239,677
TXNDC12,other,0.0196466,506.154,46.3418,35,363
TXNDC15,other,0.00686944,80.5167,47.1938,153,317
TXNDC17,other,0.0151807,93.1382,40.085,167,544
TXNDC5,other,-0.00713442,53.1448,35.3753,241,408
TXNDC9,other,0.046206,721.241,47.5479,31,502
TXNIP,other,0.0314773,134.641,46.2861,100,812
TXNL1,other,0.00844794,61.6598,44.701,217,878
TXNL4B,other,0.00387276,53.2172,602.299,254,94
TXNRD1,other,0.0648074,68.8478,57.2225,184,462
TXNRD2,other,0.0796793,39.3589,47.9348,330,604
TYK2,other,0.0709008,115.638,53.5538,144,800
TYMP,other,-0.0253948,105.796,47.0464,116,450
TYMS,other,-0.0111425,148.856,666.266,89,58
TYROBP,other,-0.0064523,136.397,27.1705,93,804
TYW1,other,0.0204928,217.451,29.5142,63,795
TYW1B,other,0.00452535,187.28,93.1521,71,214
TYW3,other,0.0340845,3186.42,146.882,16,124
TYW5,other,0.0495551,80.3861,40.5927,152,483
U2AF1L4,other,-0.0136598,46.4267,33.185,262,820
U2SURP,other,0.110989,266.553,171.509,116,416
UAP1,other,0.0021651,60.5434,51.9974,221,306
UBA2,other,0.175273,126.433,395.593,228,73
UBA5,other,0.0859238,73.8874,117.629,217,2147
UBA6,other,0.0779631,190.355,48.8323,88,546
UBAC1,other,-0.00139451,79.0641,38.1584,160,677
UBAC2,other,-0.0156922,78.0534,66.4858,162,245
UBALD1,other,0.0248411,57.4786,31.3801,211,615
UBALD2,other,0.00242676,51.4521,104.062,260,241
UBAP2,other,0.013538,151.053,32.0769,87,654
UBAP2L,other,0.0580046,144.308,75.077,112,648
UBB,other,0.0127944,48.3968,41.1562,289,420
UBC,other,0.0408549,58.7446,151.031,230,274
UBE2A,other,0.0726734,53.3796,112.847,247,162
UBE2B,other,0.0177871,153.682,85.9503,94,155
UBE2D1,other,0.0419813,31.2536,59.8878,403,307
UBE2D2,other,0.0399845,135.238,86.8156,101,1587
UBE2D3,other,-0.0691878,42.8591,54.515,401,399
UBE2D4,other,-0.00761974,49.8245,31.01,248,915
UBE2E1,other,0.0318685,95.6602,38.4522,155,965
UBE2E3,other,-0.0189053,54.4136,33.3892,216,713
UBE2F,other,-0.00500397,328.313,78.9714,53,223
UBE2G1,other,0.0122013,122.029,45.1988,106,482
UBE2G2,other,0.0495937,66.3734,100.351,190,338
UBE2H,other,0.0244311,34.3971,89.1747,404,261
UBE2I,other,0.19068,199.151,153.346,103,246
UBE2J1,other,-0.00273884,62.5184,49.0875,199,498
UBE2J2,other,0.0103675,339.361,52.2546,44,400
UBE2K,other,-0.00245119,130.493,40.9758,112,749
UBE2L3,other,0.0709219,30.4536,87.6325,520,2136
UBE2L6,other,-0.0364271,88.2215,38.4207,156,1027
UBE2M,other,0.0337431,33.7448,57.8914,409,338
UBE2N,other,-0.0865196,41.3309,198.76,399,99
UBE2O,other,0.00157222,52.1613,45.8909,244,1140
UBE2Q1,other,0.0213646,76.9175,39.1638,162,677
UBE2Q2,other,-0.00963136,162.776,48.9946,83,552
UBE2R2,other,-0.00623766,754.714,79.1992,35,206
UBE2S,other,0.0336388,84.4041,78.8435,156,496
UBE2T,other,0.0076033,158.865,290.171,79,65
UBE2V1,other,-0.00239462,86.5136,45.5391,162,469
UBE2V2,other,-0.00256928,651.027,122.326,34,2221
UBE2W,other,0.000913833,72.3286,35.5412,181,694
UBE2Z,other,-0.0041294,113.41,40.6019,104,1088
UBE3A,other,0.0849835,53.1542,33.7113,228,494
UBE3B,other,-0.0030963,108.82,31.9608,127,1267
UBE3C,other,-0.0717554,126.05,40.116,178,621
UBE3D,other,0.0282709,77.8283,150.531,243,171
UBE4A,other,-0.00197671,284.474,37.0998,53,894
UBE4B,other,0.0119285,66.3467,63.1726,195,293
UBFD1,other,0.010834,83.403,159.21,175,109
UBIAD1,other,-0.0262069,74.5677,46.8277,181,457
UBL3,other,0.0289855,159.466,54.5615,78,528
UBL4A,other,-0.00234905,54.6029,26.5667,232,833
UBL5,other,-0.0433282,133.471,728.087,119,15
UBL7,other,-0.00118805,93.1716,47.9493,143,822
UBLCP1,other,0.00918926,198.84,70.7654,72,874
UBN1,other,0.0547845,78.1972,43.5908,205,515
UBN2,other,0.000378728,51.9204,47.8187,258,666
UBP1,other,-0.0190013,71.9986,68.5125,185,258
UBQLN1,other,0.00546017,63.1214,43.2645,205,479
UBQLN2,other,0.00460725,76.4996,44.7985,172,362
UBQLN4,other,0.031547,58.2614,57.9557,298,335
UBR1,other,-0.0138833,48.4084,116.385,308,164
UBR2,other,0.00449299,641.636,36.0101,33,830
UBR3,other,-0.0136189,83.1857,32.0633,146,1129
UBR4,other,0.0204184,283.331,129.563,50,337
UBR5,other,0.0544834,161.902,64.4568,102,1225
UBR7,other,0.0206258,36.0127,55.203,339,445
UBTF,other,0.0518662,27.1188,37.3913,511,1009
UBXN1,other,-0.00545407,42.7524,379.135,287,589
UBXN11,other,-0.000715746,56.9337,43.4629,225,697
UBXN2A,other,0.0331164,149.273,43.3152,82,485
UBXN2B,other,0.00077419,54.5532,56.2065,238,273
UBXN4,other,0.0131969,52.3111,33.1606,232,574
UBXN6,other,0.0229038,28.1666,63.4542,451,520
UBXN7,other,0.0120131,92.8303,73.5094,140,226
UBXN8,other,-0.00168808,54.9515,41.809,235,712
UCHL3,other,0.0151779,139.768,121.272,100,134
UCHL5,other,0.145688,91.7244,111.857,238,191
UCK1,other,0.000644513,57.47,58.3617,222,1251
UCK2,other,-0.00763622,83.2305,77.8628,156,348
UCKL1,other,-0.0122927,72.6233,37.7285,181,645
UCP2,other,-0.0494575,34.2039,85.4636,363,192
UFC1,other,0.0905135,54.2287,71.8171,264,469
UFL1,other,0.258973,46.7298,121.432,473,390
UFM1,other,0.299093,77.4568,81.9602,260,843
UFSP1,other,-0.0082194,75.3782,68.1152,178,545
UFSP2,other,-0.00258873,66.1226,32.8024,187,819
UGCG,other,0.0106051,125.694,50.6847,141,399
UGDH,other,0.0565359,142.602,183.434,100,213
UGGT1,other,0.0729884,56.8013,47.8895,239,669
UGP2,other,0.0311872,66.8844,57.0678,200,315
UHMK1,other,0.0185528,45.7735,66.9479,275,284
UHRF1,other,0.00497106,177.309,97.8846,193,215
UHRF2,other,-0.00335889,54.4628,61.1078,215,275
UIMC1,other,0.0214638,57.1138,36.1493,227,980
ULK3,other,0.0109937,68.2136,98.9193,232,273
UMPS,other,0.00520007,1019.99,193.073,27,114
UNC119,other,-0.000229049,35.7479,41.7627,354,668
UNC119B,other,-0.0337955,44.9932,63.4752,297,298
UNC13D,other,0.0196774,52.1721,36.6717,248,887
UNC50,other,0.00590218,119.568,202.686,114,85
UNC93B1,other,-0.0312909,42.589,51.4,271,327
UNCX,other,0.129353,61.4451,244.272,308,71
UNG,other,0.0205188,52.0247,26.5693,270,1049
UNKL,other,-0.0104811,50.8978,32.5153,248,682
UPF2,other,0.244581,132.878,251.918,351,125
UPF3A,other,-0.0108266,70.1954,59.4517,187,339
UPRT,other,0.0125633,64.7305,48.0954,180,493
UQCC1,other,0.0190433,149.04,72.5912,102,272
UQCC2,other,0.0133263,87.321,81.6306,171,237
UQCR10,respiratory chain (NDUF/COX/UQCR/ATP5),-0.0104008,161.51,259.129,89,54
UQCR11,respiratory chain (NDUF/COX/UQCR/ATP5),-0.0150385,50.4955,42.9582,240,789
UQCRB,respiratory chain (NDUF/COX/UQCR/ATP5),0.131937,90.6568,118.441,208,254
UQCRC1,respiratory chain (NDUF/COX/UQCR/ATP5),0.0105321,19.0357,405.658,643,66
UQCRC2,respiratory chain (NDUF/COX/UQCR/ATP5),0.0225012,152.656,130.647,118,114
UQCRFS1,respiratory chain (NDUF/COX/UQCR/ATP5),0.0784369,142.519,816.08,168,23
UQCRH,respiratory chain (NDUF/COX/UQCR/ATP5),-0.00607106,56.4138,56.8823,216,346
UQCRHL,respiratory chain (NDUF/COX/UQCR/ATP5),-0.0155837,117.862,38.862,103,758
UQCRQ,respiratory chain (NDUF/COX/UQCR/ATP5),0.155379,107.356,112.35,189,240
URB1,other,-0.0329313,131.883,589.332,107,38
URB2,other,0.0890464,94.3637,155.49,249,110
URGCP,other,0.0343815,45.2687,57.2586,275,351
URI1,other,0.000616694,115.839,180.61,142,78
URM1,other,0.0153946,58.9509,104.256,246,314
UROD,other,0.00764387,34.6905,440.96,412,29
USB1,other,-0.0103202,88.6451,40.3196,140,538
USF1,other,0.0449886,83.4327,69.6564,161,572
USF2,other,0.00198044,32.5709,28.2287,409,1364
USO1,other,0.0259701,66.3222,305.616,183,82
USP1,other,0.016624,342.351,46.0591,45,512
USP10,other,0.0172633,51.0965,62.2876,251,321
USP11,other,0.0125427,59.006,23.7011,211,964
USP12,other,0.0135559,42.5518,56.1325,297,324
USP13,other,0.0347781,59.5179,99.3911,208,235
USP14,other,0.0390947,81.3335,80.0883,212,207
USP15,other,0.01358,115.594,53.4684,125,513
USP16,other,-0.00345241,65.1048,69.2434,194,486
USP19,other,0.0858179,65.3152,39.8245,187,609
USP20,other,0.00554442,54.0349,40.5947,242,398
USP21,other,-0.00784007,106.294,19.5464,170,1099
USP22,other,0.0941389,57.7702,83.8336,286,1653
USP24,other,-0.00309747,46.3294,41.3459,301,482
USP25,other,0.00712467,102.103,64.2517,122,266
USP3,other,-0.0113979,59.109,57.0208,226,1460
USP30,other,0.013655,41.7464,57.1879,302,321
USP32,other,0.0222977,101.277,77.7786,143,205
USP33,other,0.048385,122.967,38.7765,107,570
USP34,other,0.0359892,164.764,41.9165,78,893
USP36,other,0.0251565,58.5346,483.696,303,44
USP37,other,0.0626336,144.828,344.865,100,34
USP38,other,0.000853663,41.151,40.0276,310,643
USP39,other,0.0018373,88.652,126.687,159,99
USP4,other,-0.0231486,1409.47,55.4521,23,383
USP40,other,0.0202581,98.0053,50.2539,144,1019
USP42,other,0.0145169,90.8495,33.1368,151,683
USP44,other,-0.000952229,64.3871,30.4996,194,931
USP45,other,0.0044707,49.1528,41.5092,264,839
USP46,other,0.014395,70.6462,37.8846,180,494
USP47,other,-0.023542,32.273,59.9241,374,359
USP48,other,0.0114159,58.9154,28.703,214,808
USP49,other,0.0243548,130.16,44.0902,105,382
USP5,other,0.0329005,42.4723,506.848,341,22
USP51,other,0.0101193,52.0095,39.9833,262,451
USP53,other,-0.00151473,65.007,38.9567,186,476
USP54,other,-0.0187405,39.8767,79.579,302,236
USP6NL,other,-0.0126856,53.1678,41.4218,233,905
USP7,other,-0.0157726,23.0115,228.725,615,187
USP8,other,-0.0274329,90.9967,504.688,151,21
USP9X,other,0.0440153,53.1435,81.3842,231,445
USPL1,other,-0.0319587,135.745,664.362,131,19
UTP15,other,-0.0129624,261.729,1000.57,85,10
UTP18,other,0.0110655,137.907,292.5,147,61
UTP23,other,0.0601032,215.232,253.71,183,47
UTP6,other,0.0410931,432.5,188.401,57,82
UTRN,other,-0.00266452,73.9442,36.7025,172,1129
UVRAG,other,0.0301751,1500.15,340.361,22,110
UXS1,other,0.00873459,53.0126,69.3047,284,678
UXT,other,0.134552,169.704,92.9883,217,224
VAC14,other,0.0119058,87.4531,76.2699,145,652
VAMP1,other,0.00888766,91.4786,41.957,147,610
VAMP2,other,-0.00637356,99.4349,38.0988,127,925
VAMP3,other,0.00545654,103.839,33.4015,132,797
VAMP4,other,-0.000544497,104.301,29.3338,114,909
VAMP7,other,0.0164296,87.9113,30.2827,152,1117
VAMP8,other,0.0266914,47.2324,34.6842,270,584
VAPA,other,-0.0152082,102.192,51.303,126,399
VARS2,other,-0.00339645,101.429,81.8674,194,293
VASP,other,-0.00930019,116.654,29.0382,111,1422
VAT1,other,-0.013157,35.6576,27.5259,376,813
VAV1,other,-0.0111711,72.9514,65.9699,174,407
VAX1,other,-0.029742,76.4055,29.8505,167,740
VAX2,other,0.000717303,99.336,27.7097,144,1077
VBP1,other,0.0271591,50.7405,71.8735,249,283
VCL,other,-0.0630634,53.9855,69.6492,246,1053
VCPIP1,other,0.0151105,172.947,34.5836,79,729
VDAC1,other,-0.0208922,155.583,62.1796,88,286
VDAC2,other,0.0150653,146.358,42.4436,88,599
VDAC3,other,0.0512404,307.894,40.8108,52,586
VDR,other,0.0143553,106.559,37.2965,125,619
VEGFA,other,0.0205709,108.852,44.7157,122,572
VEGFB,other,-0.0342199,36.8478,55.8382,340,795
VENTX,other,-0.0413744,279.396,80.172,57,445
VEZF1,other,0.0249286,122.473,55.2791,114,403
VEZT,other,0.0369185,30.706,237.81,483,116
VGLL4,other,-0.00223257,64.2638,50.6752,200,654
VHL,other,0.0181112,33.4989,68.4421,378,721
VILL,other,0.00573957,45.1504,47.5095,300,356
VIPAS39,other,0.0650861,54.2531,46.0249,219,461
VKORC1,other,0.00433377,144.023,79.0299,97,1857
VKORC1L1,other,-0.0534713,32.8591,57.7464,403,368
VMA21,other,0.0181251,182.567,1053.17,80,13
VMP1,other,0.0307815,96.3684,548.331,193,23
VOPP1,other,-0.00894287,57.0477,79.5309,239,286
VPS11,other,0.0196437,255.573,57.6567,59,271
VPS13A,other,-0.0107973,233.779,27.9725,63,775
VPS13B,other,0.00178335,118.268,51.8425,110,565
VPS13C,other,0.0129085,39.9878,52.9471,368,334
VPS13D,other,0.0130646,48.4004,159.759,334,358
VPS16,other,0.0240311,102.498,507.306,130,26
VPS18,other,0.027386,41.8765,152.673,337,254
VPS25,other,-0.0161022,75.9632,293.247,166,50
VPS26A,other,-0.0222578,114.867,49.8167,151,410
VPS26B,other,0.0370718,87.5245,72.0891,177,275
VPS26C,other,0.0676243,64.9008,46.4826,203,1160
VPS29,other,0.0544838,142.705,118.5,187,202
VPS33A,other,0.0114324,42.3277,202.814,305,102
VPS33B,other,0.0180757,59.3457,25.8288,215,1641
VPS35,other,0.0352092,494.062,98.6686,52,178
VPS35L,other,0.021097,82.53,737.695,170,17
VPS36,other,-0.0287242,45.3683,1032.6,288,12
VPS37A,other,0.0163227,46.3379,851.644,304,10
VPS37B,other,0.0258035,62.208,36.0598,212,1059
VPS37C,other,-0.0177966,32.7728,69.3283,378,228
VPS39,other,0.0242179,63.2684,56.9015,249,314
VPS41,other,0.0315486,21.6491,147.31,731,126
VPS45,other,-0.005905,60.2323,143.059,211,116
VPS4A,other,-0.0121282,120.406,65.7619,114,397
VPS4B,other,0.0138464,102.371,64.5546,131,246
VPS52,other,-0.0138907,268.155,34.4421,58,634
VPS53,other,-0.0229593,103.031,102.562,148,163
VPS54,other,0.0444855,69.5682,466.328,194,33
VPS72,other,0.122811,352.758,599.868,200,26
VPS8,other,0.0380614,58.0511,38.0801,266,567
VRK1,other,0.00848562,64.0461,79.1141,187,235
VRK2,other,-0.0234134,43.9956,81.0451,287,191
VRK3,other,-0.00263694,56.2811,38.0682,228,1331
VSIG10,other,0.0398234,95.977,31.7084,144,1411
VSX1,other,0.0132684,207.744,47.6642,75,590
VSX2,other,-0.00096366,485.999,22.172,37,1186
VTA1,other,-0.00784677,46.01,64.2222,254,319
VTI1A,other,0.00880702,136.757,30.9985,93,961
VTI1B,other,0.00678959,125.278,134.54,101,117
VWA8,other,0.0289294,56.2867,33.3976,216,639
VWDE,other,-0.00649042,79.2273,34.039,157,558
WAC,other,0.0944907,46.4174,96.6686,331,393
WARS2,other,0.0225457,81.6857,52.1439,179,600
WAS,other,-0.00314006,76.707,59.2306,163,578
WASF1,other,0.0139509,72.1502,50.2704,183,853
WASF2,other,0.0323641,118.822,58.3091,105,1070
WASHC2A,other,0.0203522,62.974,157.313,196,111
WASHC2C,other,0.00988864,46.5147,52.1078,268,349
WASHC3,other,-0.0246465,58.3754,109.16,229,144
WASHC4,other,0.034788,118.888,113.048,117,462
WASHC5,other,-0.00798581,57.3049,108.698,223,182
WASL,other,0.0203183,87.1485,35.6437,146,1172
WBP1,other,-0.00093474,51.5131,30.1776,247,919
WBP11,other,-0.00425465,58.6016,212.076,368,62
WBP1L,other,0.0275825,22.7558,47.7539,583,487
WBP2,other,-0.0263052,87.8408,41.491,146,618
WDCP,other,0.00750761,85.1765,399.816,156,35
WDFY1,other,0.0066214,75.3797,255.98,166,9264
WDFY2,other,-0.00597063,139.384,46.6053,98,377
WDR11,other,-0.00703594,106.888,32.2346,126,673
WDR12,other,-0.047874,491.338,110.093,68,229
WDR13,other,0.0104762,57.9795,34.8339,210,985
WDR18,other,0.0402413,84.6072,458.54,174,36
WDR19,other,-0.0239132,70.7579,55.5341,182,497
WDR20,other,0.0308841,54.8205,37.712,246,775
WDR24,other,0.0297236,113.675,159.623,114,136
WDR25,other,0.00958989,28.6649,58.1598,454,377
WDR26,other,-0.0417524,51.4922,199.783,409,64
WDR27,other,0.0108415,187.737,50.0462,82,624
WDR3,other,0.161528,273.926,576.598,220,27
WDR36,other,-0.0222796,241.706,329.481,168,52
WDR37,other,0.0159298,88.6501,35.8316,142,491
WDR4,other,0.0318175,19.555,107.483,731,215
WDR41,other,0.0083152,75.6464,52.7132,172,593
WDR43,other,0.0553907,142.903,436.45,138,29
WDR44,other,0.0758023,97.8174,106.401,199,193
WDR45B,other,0.0343968,73.7954,169.22,195,74
WDR46,other,-0.0457752,195.228,360.498,110,30
WDR48,other,0.0177924,118.542,163.434,102,122
WDR53,other,0.0466538,40.6631,19.7907,314,1126
WDR54,other,-0.0332486,28.1879,57.1415,453,1433
WDR55,other,0.046294,138.582,1753.42,106,10
WDR59,other,0.0983524,61.0984,149.332,214,213
WDR6,other,-0.0250158,55.9588,34.577,226,576
WDR62,other,0.0474157,53.8287,30.1433,235,871
WDR7,other,0.0437535,154.739,208.401,150,71
WDR70,other,0.00307696,1756.55,268.2,20,48
WDR73,other,-0.0124478,1178.05,122.117,20,123
WDR75,other,0.058861,269.94,826.139,84,18
WDR76,other,0.0651807,53.3294,46.0722,228,428
WDR77,other,-0.00504107,408.529,94.4417,57,166
WDR81,other,0.0136865,31.3415,53.9669,396,491
WDR82,other,0.219239,278.461,122.326,151,373
WDR83,other,0.0100014,52.5597,66.5639,262,252
WDR83OS,other,0.0358601,71.1665,74.1808,202,416
WDR89,other,-0.0138603,88.99,48.9106,156,394
WDR91,other,0.0302701,76.1216,48.9542,178,888
WDSUB1,other,0.0209824,83.5457,25.841,148,717
WDTC1,other,-0.0228659,147.54,983.918,209,13
WEE1,other,-0.0081983,153.541,372.773,88,34
WHAMM,other,0.041871,45.8732,33.0362,268,624
WIPF1,other,-0.00267206,88.9303,28.5182,149,603
WIPF2,other,-0.0145642,50.3126,45.3118,252,546
WIPI1,other,0.0360292,34.4999,38.654,382,970
WIPI2,other,0.0438782,131.294,54.7501,100,387
WIZ,other,0.0826817,106.233,52.4912,161,937
WNK1,other,0.0800424,60.396,58.4553,304,569
WRAP53,other,0.12668,61.7355,80.0371,271,555
WRAP73,other,0.0293781,58.5204,69.9295,219,251
WRN,other,-0.0123257,162.55,104.172,85,1811
WRNIP1,other,0.0257334,32.4665,37.2708,364,545
WSB1,other,0.0355933,61.9108,61.1925,231,494
WSB2,other,-0.00452853,87.8966,62.7832,156,248
WT1,other,-0.0123056,59.2565,51.4374,281,1642
WTAP,other,0.023712,70.6627,121.539,225,728
WWC2,other,0.00131405,56.6999,34.3874,227,672
WWOX,other,-0.0111313,75.0296,33.306,178,731
WWP1,other,0.00645917,92.6183,31.9521,142,483
WWP2,other,0.015443,101.191,48.8176,138,937
XBP1,other,0.0436555,44.8817,54.0674,273,948
XIAP,other,0.00540706,86.8344,89.7848,167,210
XK,other,0.0182469,194.426,38.3892,72,489
XPA,other,0.0107895,62.698,31.3519,198,545
XPNPEP1,other,0.024146,91.937,23.7425,142,2041
XPNPEP3,other,0.0160249,72.3159,24.7799,177,1182
XPO4,other,0.0456936,71.1401,48.8529,211,356
XPO5,other,0.0158852,56.4127,76.4759,476,299
XPO6,other,0.00141311,61.3003,75.0685,201,288
XPO7,other,0.00623799,54.8967,33.8991,230,946
XPOT,other,0.013001,64.6511,50.1486,232,389
XPR1,other,0.0249486,49.3668,85.2925,344,547
XRCC1,other,0.0237655,27.9559,37.5975,509,446
XRCC2,other,-0.00867793,34.3927,240.625,344,98
XRCC3,other,0.0406371,206.808,794.799,78,18
XRCC4,other,-0.00444869,60.5045,145.425,215,89
XRCC6,other,0.0396538,761.902,565.381,29,21
XRN1,other,0.0993499,588.747,72.4358,26,222
XRN2,other,0.0533978,242.453,1208.34,118,13
XRRA1,other,0.0738502,57.1346,89.696,234,371
XXYLT1,other,-0.0120989,151.892,39.1505,86,453
XYLB,other,-0.0409426,62.0145,34.9371,198,743
XYLT2,other,0.00107332,136.584,42.4026,92,969
YAF2,other,-0.000710814,163.373,48.7586,84,708
YARS2,other,0.141967,71.408,68.6993,272,1133
YBEY,other,0.0130505,68.937,364.62,214,41
YBX1,other,0.0395956,96.8186,187.195,158,87
YBX2,other,0.00311161,49.1735,46.7762,281,472
YBX3,other,0.0427914,83.337,58.9112,233,296
YDJC,other,-0.00952115,129.985,34.0028,96,656
YEATS2,other,-0.0429234,72.8397,155.618,354,202
YES1,other,0.0333612,45.7741,84.0742,283,270
YIF1A,other,0.0384897,56.443,79.3235,232,611
YIF1B,other,0.0336656,58.1716,37.3246,205,540
YIPF1,other,-0.0310151,59.4703,177.301,220,2136
YIPF2,other,0.00304114,109.257,72.9029,126,301
YIPF3,other,-0.0343434,143.384,51.48,86,470
YIPF4,other,0.0439309,64.9882,55.1533,204,296
YIPF5,other,-0.0156933,202.845,55.3306,75,375
YJEFN3,other,0.00207006,46.5315,25.8551,270,877
YJU2,other,-0.0256617,103.667,118.173,139,105
YLPM1,other,0.0210129,926.026,160.323,28,87
YME1L1,other,0.0110965,172.535,73.0108,90,392
YOD1,other,0.0334385,61.7732,51.2031,234,325
YPEL1,other,-0.0103216,54.7376,36.1683,225,544
YPEL3,other,0.00342355,129.371,55.7609,109,448
YPEL5,other,0.00707921,88.1617,92.3557,163,343
YRDC,other,0.000874345,59.9669,94.0032,227,263
YTHDC1,other,-0.0151255,105.834,456.639,137,22
YTHDC2,other,0.0231562,52.9567,30.2273,231,1245
YTHDF1,other,0.0228296,44.2275,37.4356,278,899
YTHDF2,other,0.128679,154.272,68.6064,88,629
YTHDF3,other,-0.0324182,76.8543,75.8742,163,597
YWHAB,other,0.0161944,68.7917,35.8242,185,466
YWHAE,other,0.00107302,152.46,41.32,88,574
YWHAG,other,-0.035973,125.333,49.2028,109,774
YWHAH,other,-0.0096758,49.4233,52.8646,246,318
YWHAQ,other,-0.0476089,58.7119,48.7292,212,439
YWHAZ,other,0.0149002,33.4327,26.5555,377,757
YY1,other,0.103951,86.2476,73.6929,177,651
YY1AP1,other,0.0230428,80.6301,90.5419,155,202
YY2,other,-0.0321283,38.7282,31.9257,310,1225
ZBED1,other,0.0189339,45.2354,168.84,284,81
ZBED2,other,0.0424347,8992.75,31.2918,10,985
ZBED3,other,0.0139971,52.2214,38.7621,249,456
ZBED4,other,0.0110577,57.7774,52.3529,227,493
ZBED5,other,0.0375278,75.2349,179.226,172,75
ZBED6,other,0.0365441,102.641,101.975,133,182
ZBTB1,other,0.044759,49.005,80.963,283,329
ZBTB10,other,-0.0241083,107.879,51.6947,134,430
ZBTB12,other,0.0129261,69.9156,35.4921,173,525
ZBTB14,other,0.0454065,1000.22,141.835,34,132
ZBTB16,other,0.0298023,641.17,46.26,33,447
ZBTB17,other,0.0539188,87.5961,148.368,318,112
ZBTB18,other,0.0359168,73.9581,37.3697,176,747
ZBTB2,other,0.0595546,189.529,53.1447,76,691
ZBTB20,other,-0.0156837,64.5541,57.3216,200,347
ZBTB21,other,0.00406177,63.4711,77.9718,191,754
ZBTB22,other,0.00908528,118.246,29.9838,119,904
ZBTB24,other,0.040446,51.315,106.233,278,151
ZBTB25,other,-0.00204772,218.667,45.0133,62,513
ZBTB26,other,-0.00922243,49.977,34.7426,249,1830
ZBTB3,other,-0.0157663,85.6416,70.1302,147,241
ZBTB32,other,-0.0128531,45.1615,36.583,291,646
ZBTB33,other,0.0119165,126.281,64.845,106,336
ZBTB37,other,-0.0198026,38.6966,32.1319,299,661
ZBTB38,other,-0.000565705,29.4236,44.3122,437,420
ZBTB39,other,0.0623339,170.341,53.703,90,360
ZBTB4,other,0.0275209,45.2548,512.947,363,25
ZBTB40,other,0.0166048,105.929,33.2207,129,854
ZBTB42,other,-0.0103734,72.3058,43.9386,171,1176
ZBTB43,other,0.0244407,66.9089,64.3805,187,348
ZBTB44,other,0.0675887,74.0928,316.808,260,74
ZBTB45,other,-0.00680486,60.8437,31.1526,198,642
ZBTB46,other,-0.0223221,134.531,35.0459,89,653
ZBTB47,other,-0.044154,40.3625,55.4847,308,427
ZBTB49,other,0.0236584,44.5487,38.2357,276,610
ZBTB5,other,0.00698811,97.717,21.1317,151,929
ZBTB6,other,-0.0292262,137.033,68.7121,87,294
ZBTB7A,other,-0.0196251,15.4095,67.467,970,843
ZBTB7B,other,0.0203794,120.099,39.0353,120,1432
ZBTB7C,other,0.0288095,24.876,36.5233,514,651
ZBTB8A,other,-0.00605369,62.5406,19.6306,211,1083
ZBTB8B,other,-0.000519107,145.206,20.1865,90,1452
ZBTB8OS,other,-0.00901336,127.401,169.938,133,90
ZBTB9,other,-0.0154067,281.159,83.4926,53,440
ZC3H11A,other,0.00678739,118.2,57.24,120,332
ZC3H12A,other,0.0301417,75.1058,50.8041,172,802
ZC3H13,other,0.0875554,251.031,213.707,148,73
ZC3H14,other,0.0385352,58.2188,82.2387,218,194
ZC3H15,other,0.0294514,105.18,56.3809,127,370
ZC3H3,other,0.106016,135.67,117.362,171,177
ZC3H4,other,0.140604,39.4016,42.1135,465,542
ZC3H7A,other,0.00764586,145.751,51.8698,95,345
ZC3H7B,other,-0.0130591,100.68,43.3441,123,555
ZC3HC1,other,-0.0213911,83.1572,79.9741,166,309
ZCCHC10,other,-0.0170859,106.324,36.5912,112,499
ZCCHC17,other,0.0908054,89.8704,50.9742,157,483
ZCCHC3,other,-0.00294125,97.7525,53.9043,136,745
ZCCHC4,other,0.0324742,75.4253,114.681,176,152
ZCCHC7,other,0.0314638,99.6355,28.089,140,847
ZCCHC8,other,0.0437136,73.8638,70.2458,190,295
ZCRB1,other,0.0582184,117.332,220.286,275,89
ZDHHC14,other,0.00297352,101.345,54.2276,134,832
ZDHHC16,other,-0.00465035,38.9377,48.1755,309,398
ZDHHC17,other,-0.00121603,60.1466,28.3886,234,750
ZDHHC18,other,0.00400559,72.3049,34.2277,192,750
ZDHHC20,other,0.0047737,85.4993,46.9387,148,537
ZDHHC24,other,0.0019532,95.1397,50.9375,140,467
ZDHHC3,other,0.00109157,78.4022,70.2744,166,236
ZDHHC5,other,0.016652,43.6574,17.979,286,2355
ZDHHC6,other,0.0103647,35.3681,42.9516,354,617
ZDHHC7,other,0.0218542,221.929,52.7008,127,390
ZDHHC8,other,0.0126123,145.307,46.183,100,438
ZDHHC9,other,0.0508314,63.0799,33.362,192,649
ZEB1,other,0.0853012,28.6153,88.3947,438,1011
ZEB2,other,-0.0206875,270.615,99.8377,61,161
ZER1,other,0.0155293,46.8964,45.3905,253,497
ZFAND1,other,0.00231923,59.2348,28.9286,219,1150
ZFAND2A,other,-0.0451758,77.2876,31.1262,165,1015
ZFAND2B,other,0.0017019,59.731,69.4751,204,351
ZFAND3,other,-0.0102368,150.266,47.4195,86,497
ZFAND5,other,0.00998349,86.3597,54.7209,145,528
ZFAND6,other,-0.0158274,66.8559,32.2935,198,740
ZFAT,other,0.0107976,55.3157,54.8472,241,726
ZFC3H1,other,0.189242,122.559,148.429,209,119
ZFHX2,other,-0.00524404,34.3204,44.0716,364,468
ZFHX3,other,-0.025102,38.5373,56.4719,337,295
ZFHX4,other,0.0239686,38.2592,24.7754,329,852
ZFP1,other,0.0075332,182.949,27.2683,72,942
ZFP14,other,0.00860605,79.6683,51.5078,154,870
ZFP2,other,-0.00306459,42.9957,43.8371,286,589
ZFP28,other,0.0519166,26.2305,29.915,498,716
ZFP3,other,0.0074791,83.72,26.6885,151,799
ZFP30,other,0.024211,110.626,33.7354,120,941
ZFP36L1,other,0.0458092,28.1325,64.2826,481,740
ZFP36L2,other,0.025951,63.7287,135.087,207,134
ZFP37,other,0.0140227,326.589,32.5416,47,527
ZFP41,other,0.0162183,58.5978,34.4795,205,663
ZFP42,other,-0.0516895,38.0565,43.7996,341,824
ZFP57,other,0.0743784,109.359,37.6993,127,1025
ZFP64,other,0.0439421,72.5749,47.2119,181,627
ZFP69,other,0.0285922,108.695,79.7322,124,193
ZFP69B,other,0.00573072,30.9573,56.6276,406,531
ZFP82,other,0.00841099,111.106,62.279,116,812
ZFP90,other,-0.0120485,51.191,37.9163,247,537
ZFP91,other,-0.0232036,67.7941,40.2723,230,422
ZFP92,other,-0.0132999,47.4204,55.8291,271,454
ZFPL1,other,0.0189447,43.1999,55.5571,285,347
ZFPM1,other,0.00340954,90.3905,290.221,160,239
ZFPM2,other,-0.0285874,54.3763,34.4628,275,759
ZFR,other,0.0147282,116.476,120.241,170,174
ZFX,other,0.0994971,107.123,140.348,157,148
ZFY,other,-0.0437896,49.4669,32.9829,253,928
ZFYVE16,other,0.00832396,86.2188,32.136,150,864
ZFYVE19,other,0.0455466,313.065,79.6111,47,488
ZFYVE21,other,-0.0446481,46.6228,140.079,279,156
ZFYVE27,other,-0.000370467,87.4516,45.4165,155,394
ZFYVE28,other,-0.0124563,42.8528,26.1099,323,745
ZFYVE9,other,0.0240548,46.212,30.7858,273,756
ZGLP1,other,0.00301306,69.4744,38.0227,192,1236
ZGPAT,other,-0.0303963,148.316,57.1512,111,664
ZHX1,other,0.0283844,97.9443,48.8317,131,1398
ZHX2,other,0.00510459,52.3177,54.6809,238,367
ZIC1,other,0.0244981,100.393,113.458,138,126
ZIC2,other,-0.00600772,55.2851,63.7279,279,300
ZIC3,other,-0.0312716,77.0739,35.2508,161,1040
ZIC4,other,0.0151858,27.7976,36.331,451,556
ZIC5,other,0.0356524,1738.06,31.9153,19,973
ZIK1,other,0.0127142,54.8503,45.8956,261,421
ZIM3,other,-0.0175502,147.081,63.6811,94,304
ZKSCAN4,other,0.0178439,502.403,25.4206,34,873
ZKSCAN5,other,-0.00511004,136.931,29.6159,90,1216
ZKSCAN7,other,-0.0179184,115.145,31.8366,111,677
ZKSCAN8,other,0.028626,131.001,52.5492,110,418
ZMAT1,other,-0.0162724,40.1099,137.337,296,1041
ZMAT3,other,0.0247039,55.2632,30.3033,215,685
ZMAT4,other,0.0127676,47.2472,23.927,272,1260
ZMAT5,other,0.0478776,188.341,1418.78,109,10
ZMIZ2,other,0.0205832,53.236,76.9006,234,872
ZMPSTE24,other,0.011937,67.3363,44.8845,206,867
ZMYM1,other,0.00889909,130.328,50.4831,100,316
ZMYM2,other,0.00424725,141.747,214.517,94,580
ZMYM3,other,0.0153084,32.9471,54.1596,463,431
ZMYM4,other,0.0179081,151.142,101.899,105,147
ZMYM5,other,0.0110172,65.2229,34.0848,203,601
ZMYM6,other,0.0085537,60.1408,41.3474,233,509
ZMYND11,other,0.00580008,53.4408,54.7604,229,482
ZMYND19,other,-0.0352651,97.2223,50.0093,140,661
ZMYND8,other,-0.0187716,82.3798,38.3859,166,909
ZNF10,other,0.0245533,76.5382,27.0167,154,1045
ZNF100,other,0.0508604,79.6001,41.8312,167,840
ZNF101,other,0.0236427,57.877,148.766,219,118
ZNF106,other,-0.0125504,103.92,48.3577,123,892
ZNF107,other,0.0174306,105.315,51.8795,128,305
ZNF112,other,-0.00834098,334.007,56.3765,49,321
ZNF114,other,-0.0119977,43.112,46.4595,287,437
ZNF117,other,-0.042272,105.529,76.8594,123,297
ZNF12,other,-0.0229595,42.1668,55.6966,303,632
ZNF121,other,-0.0358671,706.087,47.6473,29,414
ZNF124,other,-0.00245292,71.8546,30.9734,185,840
ZNF131,other,0.0571242,239.624,245.019,73,62
ZNF132,other,0.0404551,81.6631,42.4987,168,407
ZNF133,other,0.0176858,50.8814,27.1624,240,839
ZNF134,other,-0.0100004,302.451,26.5854,54,669
ZNF135,other,-0.033196,114.277,76.2428,112,254
ZNF136,other,-0.0084777,222.153,45.455,65,514
ZNF138,other,-6.32175e-05,358.878,21.6964,45,1527
ZNF14,other,0.0050068,62.5205,32.6984,204,1328
ZNF140,other,0.0375387,131.609,67.2149,101,299
ZNF141,other,-0.00982547,63.6164,40.9877,192,1064
ZNF142,other,0.0088323,81.7554,64.5609,146,345
ZNF143,other,-0.0255998,87.5474,163.55,195,81
ZNF146,other,-0.00194934,232.679,37.5508,61,852
ZNF148,other,0.10493,168.685,102.973,89,996
ZNF154,other,0.00425698,102.444,54.3517,130,624
ZNF155,other,-0.0312093,459.923,47.4184,43,513
ZNF157,other,-0.0061628,143.335,75.9029,97,264
ZNF160,other,0.0257365,58.0803,35.6781,218,895
ZNF165,other,-0.0363231,69.6172,82.463,189,529
ZNF169,other,-0.014395,59.4385,45.8132,213,428
ZNF17,other,0.00533069,101.273,34.9357,123,1112
ZNF175,other,-0.0388207,66.3192,56.567,187,550
ZNF177,other,-0.0126282,59.4334,52.442,224,891
ZNF18,other,-0.0138918,45.2025,88.6041,267,427
ZNF180,other,-0.00403196,67.0211,43.7212,181,580
ZNF181,other,-0.00109139,69.2897,34.6289,194,690
ZNF182,other,-0.0195508,63.8634,36.0382,204,658
ZNF184,other,0.0326365,53.9916,41.8583,266,570
ZNF189,other,-0.0278139,82.86,75.8544,162,267
ZNF19,other,-0.0213025,63.9021,44.7924,189,387
ZNF195,other,0.0173594,60.8171,60.3461,209,286
ZNF197,other,0.0102118,48.6898,46.9078,284,381
ZNF2,other,-0.0206045,102.85,70.9073,116,297
ZNF20,other,-0.00260661,38.3134,28.2232,337,708
ZNF200,other,0.0259269,90.93,39.2686,148,989
ZNF202,other,-0.024594,41.7388,59.2897,300,1001
ZNF205,other,-0.00594203,66.1836,37.6713,198,683
ZNF207,other,0.0210246,35.9454,1006.35,510,12
ZNF208,other,-0.0169284,316.252,27.4031,51,877
ZNF211,other,-0.0119404,44.576,36.7569,289,471
ZNF212,other,-0.0130469,64.5445,32.4057,187,720
ZNF213,other,-0.0147078,78.8444,35.4344,155,1144
ZNF214,other,0.00200247,50.1373,46.463,257,619
ZNF215,other,0.0234074,71.2645,38.582,166,478
ZNF217,other,0.016308,57.0618,88.379,235,268
ZNF221,other,0.0238466,65.1706,90.7671,198,319
ZNF222,other,0.0148051,86.5518,46.1046,145,461
ZNF223,other,-0.0320443,111.157,40.7393,124,446
ZNF224,other,0.0293854,74.3622,32.1362,174,509
ZNF225,other,-0.0279009,164.448,46.6052,81,489
ZNF226,other,0.00564953,40.9902,37.3818,307,628
ZNF227,other,0.0108381,70.6036,46.8186,183,422
ZNF229,other,0.0435768,40.5795,36.2162,294,1098
ZNF23,other,-0.00894253,36.0045,142.815,332,133
ZNF230,other,0.00817362,338.622,36.1005,42,645
ZNF232,other,-0.0356837,21.121,44.8666,611,731
ZNF233,other,0.00435352,202.321,35.1758,66,487
ZNF235,other,-0.00813724,145.22,30.844,90,913
ZNF236,other,0.048104,264.034,141.484,82,170
ZNF239,other,-0.000513246,83.4823,47.2058,148,318
ZNF24,other,-0.0240146,71.8536,97.1811,175,182
ZNF248,other,0.0180843,47.9935,39.2878,257,508
ZNF250,other,-0.0296879,318.802,26.444,47,810
ZNF253,other,-0.0316115,58.0178,34.6289,245,825
ZNF254,other,0.0009468,51.2145,150.809,250,271
ZNF256,other,-0.0111801,78.7933,45.8337,177,887
ZNF257,other,0.000957876,267.922,30.4249,61,837
ZNF26,other,-0.0273629,331.216,45.4385,51,344
ZNF260,other,0.00122272,3122.13,63.671,13,281
ZNF263,other,-0.0134859,36.4931,76.7365,333,182
ZNF264,other,-0.00261741,65.9,36.0679,186,637
ZNF266,other,-0.00159694,72.2589,45.0426,174,724
ZNF267,other,-0.0266137,39.6086,30.8237,313,801
ZNF268,other,-0.024813,58.2632,50.1625,212,606
ZNF273,other,0.00858713,31.5853,41.2535,406,556
ZNF274,other,0.0475239,170.12,40.3702,75,615
ZNF275,other,0.00718704,206.021,36.1682,73,723
ZNF276,other,0.051481,211.971,34.2241,70,912
ZNF277,other,0.011207,71.8067,38.486,173,526
ZNF28,other,0.0113728,60.209,61.5395,217,328
ZNF280A,other,-0.0165635,91.1946,28.0039,160,886
ZNF280B,other,0.0113954,56.012,25.5729,210,1326
ZNF280D,other,-0.0143294,59.1681,83.8868,209,1180
ZNF281,other,0.00242621,47.1378,80.4338,351,340
ZNF283,other,0.01802,101.674,23.4973,124,2178
ZNF284,other,0.0142263,32.4992,82.9097,386,2867
ZNF285,other,-0.0141773,84.6511,47.6328,148,917
ZNF286A,other,0.006952,99.9255,27.8239,129,737
ZNF286B,other,0.0384195,51.8694,37.2565,240,563
ZNF287,other,-0.0159541,48.126,74.7965,265,1139
ZNF292,other,0.0123924,58.5546,50.6802,343,336
ZNF296,other,0.00695114,84.0578,42.6517,146,567
ZNF3,other,-0.0158987,481.581,32.0824,40,1086
ZNF30,other,0.0062549,35.6374,33.7714,337,517
ZNF300,other,0.0241125,89.2919,46.1501,150,357
ZNF302,other,-0.000572593,41.1238,22.4278,319,1303
ZNF304,other,0.0628917,65.1004,87.8728,201,705
ZNF311,other,0.00126381,64.8365,53.2575,227,369
ZNF317,other,0.05249,43.8771,48.6141,322,1160
ZNF318,other,0.00104169,167.64,65.6806,80,756
ZNF319,other,-0.00499066,36.1266,23.4723,370,931
ZNF320,other,0.00384928,54.598,60.1871,228,362
ZNF322,other,-0.000882914,153.743,27.2092,85,845
ZNF324B,other,-0.00493653,69.587,44.9595,183,520
ZNF326,other,0.0255351,104.995,41.4975,145,623
ZNF329,other,0.0166704,98.0879,43.9528,131,937
ZNF330,other,0.00494052,59.1959,42.8547,204,1156
ZNF331,other,-0.00710823,64.5956,32.9176,197,830
ZNF333,other,0.00982211,41.6016,63.9596,304,323
ZNF334,other,-0.010835,93.086,45.005,142,654
ZNF337,other,0.0380573,106.03,36.0253,129,559
ZNF33A,other,-0.00488808,106.225,58.8178,139,471
ZNF33B,other,0.0044118,141.572,52.3114,90,302
ZNF34,other,0.00334012,61.3538,240.216,238,74
ZNF343,other,-0.00770813,180.14,40.7348,82,555
ZNF345,other,0.00792547,52.2076,86.4225,239,913
ZNF346,other,-0.00466703,128.557,40.8222,100,576
ZNF347,other,0.0273618,84.2762,34.8255,150,611
ZNF35,other,0.00958523,43.3233,54.8639,280,458
ZNF350,other,0.0395672,64.9079,39.2567,197,460
ZNF354A,other,-0.0139904,54.029,31.0378,239,586
ZNF354B,other,0.0329704,87.9226,67.7047,149,300
ZNF354C,other,-0.000667345,135.452,37.7782,100,478
ZNF358,other,0.017444,46.348,66.2189,277,251
ZNF362,other,-0.0173748,366.664,52.1961,45,359
ZNF365,other,0.0394483,64.0787,26.6808,199,854
ZNF366,other,0.0019274,33.1939,53.4998,365,420
ZNF367,other,0.00168596,84.2574,55.8526,149,250
ZNF37A,other,-0.0208014,62.3692,33.0711,196,648
ZNF382,other,0.0131184,66.395,34.138,187,497
ZNF383,other,-0.0228125,181.952,27.8812,95,986
ZNF384,other,-0.0235362,111.324,43.0798,128,884
ZNF385A,other,-0.0125819,40.992,32.207,328,547
ZNF385B,other,0.00613829,145.859,34.6238,93,1354
ZNF385C,other,-0.00991255,92.418,27.0908,141,950
ZNF385D,other,0.0265434,40.9116,33.4979,310,629
ZNF391,other,0.008377,69.5128,82.6849,177,174
ZNF394,other,-0.0297969,82.3867,64.1146,152,773
ZNF395,other,0.0335309,299.086,38.4375,48,525
ZNF396,other,-0.0300242,122.717,125.407,130,130
ZNF398,other,-0.0316804,58.1724,52.2842,218,527
ZNF404,other,0.0352414,132.359,78.7835,100,312
ZNF407,other,-0.0368013,51.6341,30.376,234,843
ZNF408,other,0.0232419,77.6165,42.7714,177,515
ZNF41,other,0.00730691,138.341,34.0979,106,1013
ZNF414,other,-0.0461332,157.462,110.906,112,159
ZNF415,other,0.00720286,160.361,22.7394,80,1295
ZNF416,other,-0.0150871,43.3843,38.0058,278,601
ZNF417,other,-0.0167612,89.8269,43.3119,137,456
ZNF418,other,0.0485319,52.8955,30.8336,245,1064
ZNF419,other,-0.0211085,50.2389,26.5034,251,1170
ZNF420,other,0.0389294,33.753,28.5811,398,783
ZNF423,other,-0.00271993,39.3039,47.3084,309,330
ZNF425,other,0.0245702,143.988,52.8834,97,264
ZNF426,other,0.00643507,63.0067,48.6816,198,1013
ZNF428,other,0.0139172,60.8715,54.7408,206,335
ZNF429,other,-0.0175535,138.133,27.6414,89,1000
ZNF43,other,0.0411768,24.6146,65.3256,542,459
ZNF430,other,-0.0115463,79.628,74.6624,163,3456
ZNF431,other,0.0158063,58.7166,57.1375,228,805
ZNF432,other,-0.0483571,58.6077,82.4968,212,285
ZNF433,other,-0.0225821,84.5688,33.1603,163,726
ZNF436,other,0.0241498,35.5233,37.7649,351,1292
ZNF438,other,-0.00288484,40.8011,36.2392,311,789
ZNF439,other,-0.0131727,58.9981,22.9783,219,798
ZNF44,other,0.0188713,84.369,33.0006,140,652
ZNF440,other,0.0239148,51.1956,45.4689,236,872
ZNF441,other,-0.0301958,87.7961,48.3973,148,684
ZNF442,other,-0.0236157,199.128,57.7545,72,324
ZNF443,other,-0.00900238,65.7139,37.5581,189,577
ZNF445,other,-0.0106358,81.0563,26.5735,167,722
ZNF446,other,-0.0209619,143.174,121.056,96,322
ZNF449,other,0.018317,89.3049,57.9354,146,322
ZNF45,other,0.0478859,159.009,53.7932,87,427
ZNF451,other,-0.0152947,57.3246,32.1988,247,674
ZNF454,other,0.0650833,99.8419,60.4238,133,480
ZNF460,other,0.0104928,70.0514,62.0137,179,533
ZNF461,other,0.0617744,106.913,31.4957,128,619
ZNF467,other,-0.00630016,65.0308,32.4499,189,541
ZNF468,other,-0.00440677,32.8647,53.642,393,306
ZNF469,other,-0.0178671,72.795,39.5244,180,624
ZNF470,other,0.024745,34.9557,87.9757,360,362
ZNF471,other,-0.00405097,66.1266,47.0403,198,352
ZNF473,other,-0.000364557,116.5,42.8746,107,728
ZNF474,other,0.0223209,80.9839,31.5534,151,754
ZNF479,other,0.0279915,40.6672,33.8303,314,779
ZNF48,other,-0.025897,71.5611,63.6781,187,222
ZNF480,other,-0.00396024,62.7389,35.8409,202,492
ZNF483,other,-0.0201537,90.4029,15.6224,142,2509
ZNF484,other,-0.00660112,74.1423,36.1182,170,699
ZNF485,other,-0.00982444,68.5993,25.7298,184,1080
ZNF486,other,-0.0204671,103.847,47.1113,126,1269
ZNF488,other,0.0327604,26.8547,36.5238,480,599
ZNF490,other,0.0277519,69.1211,37.8874,183,487
ZNF491,other,0.041725,187.753,29.528,76,836
ZNF492,other,0.0402217,36.611,52.8652,344,1088
ZNF493,other,-0.0156883,45.9262,48.4173,264,403
ZNF497,other,0.033387,6580.3,65.6066,12,256
ZNF500,other,0.055135,57.462,78.8873,218,218
ZNF501,other,0.00517623,60.8548,33.1863,207,706
ZNF502,other,0.0309569,101.756,51.4308,132,436
ZNF503,other,-0.000447795,70.1234,39.4329,187,554
ZNF506,other,0.0166918,34.3929,18.9067,360,1291
ZNF510,other,-0.00575253,485.19,48.2269,42,622
ZNF512,other,0.013179,132.523,52.0212,94,343
ZNF512B,other,0.0160081,51.6739,115.044,243,358
ZNF513,other,-0.0165798,105.508,32.0071,127,786
ZNF516,other,-0.0181368,227.902,24.1715,71,806
ZNF517,other,-0.0290537,69.0274,48.7345,178,450
ZNF518A,other,-0.0361986,143.284,178.159,117,389
ZNF518B,other,0.00580186,59.5992,82.1704,239,224
ZNF519,other,-0.0207966,101.38,39.5705,147,778
ZNF521,other,0.0382453,96.653,32.7707,136,1152
ZNF524,other,-0.00217937,129.918,73.0237,117,439
ZNF527,other,0.0462576,31.3623,39.3449,397,502
ZNF528,other,0.0148299,86.2766,27.593,151,1084
ZNF529,other,-0.00118055,53.5775,50.4598,223,329
ZNF532,other,-0.00420751,78.7792,33.1358,168,612
ZNF534,other,0.0111791,48.215,62.0076,252,737
ZNF536,other,-0.00656544,132.541,44.047,102,451
ZNF540,other,0.0205455,33.2008,40.9649,374,476
ZNF541,other,-0.0191264,70.4209,38.2342,185,554
ZNF544,other,0.0371228,59.8549,47.5495,189,1152
ZNF546,other,-0.0457678,99.6997,44.5524,124,888
ZNF547,other,0.0379769,40.1977,45.4639,303,848
ZNF548,other,-0.0295153,78.9049,33.2535,153,685
ZNF549,other,0.0593353,60.5397,57.1723,232,545
ZNF550,other,-0.00480125,56.3484,51.6383,214,371
ZNF551,other,-0.00733236,47.9113,56.1925,257,316
ZNF552,other,-0.0171475,35.7562,40.271,357,803
ZNF554,other,-0.00382797,583.076,55.0666,37,648
ZNF555,other,0.0221019,55.1904,38.6104,238,574
ZNF556,other,0.0656356,65.2845,86.5047,183,1438
ZNF557,other,0.0181612,73.3036,50.6468,184,502
ZNF558,other,0.00648212,94.3749,27.6602,126,817
ZNF559,other,0.0567831,67.5445,112.872,249,185
ZNF560,other,0.00628498,65.9747,66.4848,271,364
ZNF561,other,0.000942889,49.1922,79.01,248,277
ZNF562,other,0.0274408,114.425,38.5709,110,561
ZNF563,other,-0.00582654,53.1864,29.2801,216,621
ZNF564,other,-0.0126847,58.8059,67.9112,227,275
ZNF565,other,0.0277773,40.7341,30.0591,324,769
ZNF566,other,-0.0180128,64.0286,42.9449,200,412
ZNF567,other,-0.0175243,619.438,54.9321,37,395
ZNF568,other,0.0226021,75.8981,25.6518,167,1174
ZNF569,other,0.0101796,132.972,22.7324,103,859
ZNF57,other,0.0250686,69.6499,49.4603,197,355
ZNF570,other,0.0137452,42.3598,42.6115,295,773
ZNF571,other,-0.0185385,121.329,28.4394,114,2044
ZNF572,other,0.0354204,48.6682,65.7511,241,267
ZNF573,other,0.0317252,175.811,42.7197,86,570
ZNF574,other,0.0489617,24.9455,209.926,642,86
ZNF575,other,-0.034281,56.2712,48.0604,213,484
ZNF576,other,-0.0346088,127.24,47.7033,102,360
ZNF577,other,0.00360205,73.4617,46.5821,182,873
ZNF578,other,-0.0538654,61.8478,55.0563,197,411
ZNF579,other,0.0323282,79.8109,38.0837,157,676
ZNF580,other,-0.0178368,17.2681,49.1498,736,640
ZNF581,other,0.00605132,62.8988,53.3498,208,360
ZNF582,other,-0.00501448,80.6894,43.9093,152,524
ZNF583,other,0.0158069,45.9593,31.2412,276,908
ZNF584,other,-0.00343498,46.7351,48.0867,282,497
ZNF585A,other,0.00817662,4473.13,55.9651,11,401
ZNF585B,other,-0.0264294,209.662,44.1656,71,484
ZNF586,other,-0.00797212,94.2926,41.2006,141,484
ZNF587,other,0.0235555,66.5954,63.0484,184,445
ZNF587B,other,0.00625866,107.153,52.4139,111,462
ZNF589,other,0.0358395,131.996,42.4216,97,667
ZNF592,other,-0.0204536,135.14,63.0987,109,293
ZNF593,other,0.00115501,45.7927,43.6908,276,407
ZNF594,other,-0.013369,95.6733,45.8779,134,482
ZNF595,other,0.00100695,64.8951,41.1639,187,438
ZNF596,other,-0.0213326,83.1969,45.5508,156,409
ZNF597,other,0.00225221,81.0894,98.8449,162,961
ZNF598,other,0.033976,97.6442,107.517,125,156
ZNF599,other,0.0148843,57.9781,33.7692,234,606
ZNF600,other,0.0264916,69.1618,113.971,178,2167
ZNF605,other,0.0173904,252.234,36.7902,52,906
ZNF606,other,-0.0196445,82.5835,39.2784,155,966
ZNF607,other,-0.00179052,75.8103,29.0824,172,811
ZNF608,other,-0.0283544,84.4961,140.859,150,661
ZNF609,other,-0.0151601,65.6517,45.536,188,791
ZNF610,other,0.00774529,115.027,32.2087,118,1093
ZNF611,other,0.00517792,152.705,31.0163,79,782
ZNF613,other,-0.00609342,87.1782,207.639,143,749
ZNF614,other,0.00152225,89.6521,38.5034,145,780
ZNF615,other,-0.0151696,62.688,29.3719,188,630
ZNF616,other,0.0197091,101.901,59.4854,123,465
ZNF618,other,-0.0415312,73.0491,45.2629,183,744
ZNF619,other,0.0108987,44.2009,57.8839,281,282
ZNF620,other,0.000740666,93.8679,45.8315,127,1568
ZNF621,other,0.00952443,67.7478,41.2222,178,933
ZNF622,other,0.00337793,179.214,72.2453,92,312
ZNF623,other,0.0245877,62.9694,61.8189,218,236
ZNF624,other,-0.0239806,73.7245,50.304,158,349
ZNF626,other,0.00248396,114.422,58.9445,115,568
ZNF629,other,-0.0405977,33.1753,51.756,374,631
ZNF630,other,-0.0396453,45.818,48.4055,285,455
ZNF638,other,0.0167809,286.129,81.8826,51,245
ZNF639,other,0.00753163,48.9729,51.1172,264,487
ZNF644,other,0.0588588,96.8993,65.6816,158,669
ZNF646,other,0.00904578,81.6178,67.6452,162,238
ZNF648,other,0.00544631,62.8946,46.1472,207,445
ZNF649,other,0.0229885,50.3265,134.293,249,509
ZNF652,other,0.0336391,71.2057,39.1896,188,1008
ZNF653,other,-0.00288199,102.605,67.6289,125,554
ZNF654,other,0.00491794,62.049,43.5276,216,465
ZNF655,other,-0.0320037,89.6879,60.3188,139,420
ZNF658,other,0.0170154,44.1514,71.1068,264,1075
ZNF660,other,0.0113038,108.469,35.8156,126,662
ZNF662,other,0.0114195,49.1316,91.4364,251,202
ZNF664,other,0.022292,76.8978,39.3011,150,647
ZNF665,other,-0.0285565,56.611,49.9306,231,409
ZNF667,other,0.0235409,246.128,56.7519,53,414
ZNF668,other,-0.0231421,104.422,50.2616,130,465
ZNF669,other,-0.0180934,81.3957,35.28,177,839
ZNF671,other,-0.00715603,248.046,66.3803,60,379
ZNF672,other,0.0350563,44.3157,48.944,334,357
ZNF674,other,-0.0280142,35.7784,53.6772,348,379
ZNF675,other,0.0352085,164.91,36.2849,87,649
ZNF676,other,0.0338006,72.0711,38.0758,175,764
ZNF677,other,-0.010587,75.399,29.8163,172,764
ZNF678,other,-0.0131729,57.4762,33.0584,218,588
ZNF679,other,0.0136863,67.0836,40.971,196,456
ZNF680,other,0.00287324,49.3066,46.3174,259,642
ZNF681,other,-0.0493652,461.781,35.1016,38,708
ZNF682,other,-0.068439,46.001,48.3807,270,639
ZNF683,other,0.0345312,59.1112,48.8397,216,590
ZNF684,other,0.00161867,94.472,49.4129,122,538
ZNF687,other,0.0424801,40.6744,27.4219,416,1812
ZNF688,other,0.00593031,75.0295,67.3822,167,222
ZNF689,other,0.0367986,85.7276,37.4235,150,554
ZNF69,other,-0.00810249,44.0157,29.1216,286,938
ZNF691,other,0.0137819,66.6769,33.0096,187,725
ZNF692,other,0.0250617,117.259,31.4079,112,691
ZNF695,other,0.044866,193.266,76.1174,108,286
ZNF696,other,0.00504456,60.2299,33.6857,205,943
ZNF697,other,0.0225847,81.1854,37.3261,145,1017
ZNF699,other,-0.0307869,49.3755,64.2762,286,295
ZNF7,other,0.063846,48.6059,127.087,268,210
ZNF70,other,0.0538967,69.5665,195.957,185,1411
ZNF700,other,-0.021224,217.506,143.089,58,106
ZNF701,other,0.0144162,67.6781,41.1431,186,404
ZNF703,other,0.0266695,167.969,263.501,80,80
ZNF704,other,-0.0233614,102.118,37.3164,166,672
ZNF705A,other,-0.0168856,81.3743,52.1144,148,354
ZNF705B,other,0.0318443,103.678,34.247,107,523
ZNF705D,other,-0.00587316,1105.04,36.1267,23,450
ZNF705G,other,-0.048692,86.9104,65.2642,135,408
ZNF706,other,0.0653286,89.2487,39.0549,191,1656
ZNF707,other,-0.0154911,67.9516,38.9088,181,890
ZNF708,other,0.0154751,364.429,35.1438,47,1084
ZNF709,other,0.0127733,38.5934,495.808,341,23
ZNF71,other,-0.0164116,64.531,331.235,200,82
ZNF710,other,0.00722015,280.798,128.427,51,189
ZNF711,other,-0.0120853,56.8901,28.8375,229,690
ZNF713,other,0.0435905,71.3304,77.3095,180,985
ZNF716,other,0.0188385,54.3639,44.9184,247,527
ZNF717,other,0.00678102,131.44,88.4309,101,196
ZNF718,other,-0.0557032,16.2901,77.7618,795,855
ZNF721,other,-0.00752317,30.9008,46.485,428,458
ZNF726,other,0.0380507,70.0475,65.092,181,257
ZNF727,other,0.0565091,74.5048,46.5802,170,675
ZNF728,other,-0.0143428,50.5917,43.7961,253,412
ZNF729,other,-0.0346295,148.145,67.729,95,207
ZNF730,other,-0.0114566,81.7001,48.1354,162,360
ZNF732,other,-0.00835917,57.9216,54.3846,228,307
ZNF735,other,-0.00795953,86.6579,51.1966,145,570
ZNF736,other,-0.0473769,32.6841,34.3268,376,710
ZNF737,other,0.031384,207.342,35.3555,64,812
ZNF74,other,-0.00406339,57.708,26.9084,223,959
ZNF746,other,0.0375429,42.898,40.6887,336,348
ZNF747,other,-0.0157341,108.745,39.8113,117,438
ZNF749,other,-0.00251713,133.307,30.3795,97,828
ZNF750,other,0.0153922,107.017,24.2834,122,1102
ZNF75A,other,0.0183848,51.2161,74.3094,227,217
ZNF75D,other,-0.00604305,104.452,60.3948,126,501
ZNF76,other,0.0431927,53.8522,60.7135,234,733
ZNF761,other,0.0202701,78.5296,27.8021,158,833
ZNF764,other,0.00932982,49.1084,54.159,256,775
ZNF765,other,0.032353,48.6381,29.6296,257,990
ZNF766,other,0.0259835,129.98,42.122,100,818
ZNF77,other,0.0164042,135.311,49.1632,91,364
ZNF770,other,0.0059212,71.9813,36.238,170,1355
ZNF771,other,-0.0160718,115.954,29.7086,114,1614
ZNF772,other,-0.0329482,62.0063,44.2439,192,941
ZNF773,other,-0.00473136,69.7995,56.3673,172,316
ZNF774,other,0.0103275,40833.5,41.7385,2,759
ZNF775,other,-0.00319827,91.9069,142.589,153,101
ZNF776,other,-0.00590834,90.934,169.527,138,142
ZNF778,other,0.000548887,47.5453,33.4077,254,693
ZNF780A,other,0.0560687,155.096,45.2237,88,868
ZNF780B,other,-0.0113908,89.6263,64.2201,129,324
ZNF781,other,0.00735222,70.6286,56.0076,159,745
ZNF782,other,-0.0221749,133.742,90.1525,99,399
ZNF785,other,0.0224604,102.293,60.9678,123,321
ZNF787,other,0.0595152,67.8307,76.45,244,283
ZNF789,other,0.00532433,242.559,47.1748,64,425
ZNF79,other,0.00316901,83.3131,28.5928,158,617
ZNF790,other,-0.00970117,38.5596,38.4854,314,546
ZNF791,other,-0.0269788,75.0512,53.0622,158,1081
ZNF792,other,-0.010001,50.1236,32.2734,254,644
ZNF793,other,2.2097e-05,123.165,38.3417,108,434
ZNF799,other,0.0118253,574.392,70.0004,36,192
ZNF8,other,-0.0298788,65.1238,50.4029,210,399
ZNF80,other,-0.00742549,712.651,74.4267,30,265
ZNF800,other,0.00583834,60.585,37.5278,228,998
ZNF804A,other,0.00907618,53.0347,39.8534,246,513
ZNF804B,other,0.0174402,56.0209,36.6297,223,693
ZNF805,other,-0.00612875,62.506,40.7958,198,562
ZNF808,other,-0.0436584,60.5205,136.026,212,97
ZNF81,other,0.0155343,68.4275,50.046,176,849
ZNF813,other,-0.000404335,65.1617,44.2182,194,695
ZNF814,other,-0.0285647,130.769,58.9231,98,709
ZNF816,other,0.000310869,38.7109,25.3201,331,1021
ZNF823,other,0.00721153,89.3654,34.2111,146,589
ZNF827,other,-0.0222761,253.637,67.3447,60,447
ZNF829,other,0.0290229,312.219,64.8637,48,1402
ZNF83,other,-0.0115264,29.7608,44.6756,423,396
ZNF830,other,-0.000534471,27268.3,673.329,5,22
ZNF831,other,0.00827061,49.7479,38.3486,247,476
ZNF835,other,-0.00368456,109.429,36.2194,118,468
ZNF836,other,-0.00312199,108.864,38.4091,113,798
ZNF837,other,-0.0106214,48.1687,48.1431,280,473
ZNF84,other,0.0408264,99.694,141.97,289,166
ZNF841,other,-0.00500551,87.3333,35.0389,143,888
ZNF843,other,-0.0475897,43.36,41.4552,304,598
ZNF844,other,0.0232148,84.5259,33.8363,145,577
ZNF845,other,-0.0126757,64.3936,39.1851,206,554
ZNF846,other,-0.027588,89.97,37.1878,152,678
ZNF85,other,0.0193512,48.3347,56.4369,254,316
ZNF850,other,-0.00311384,116.989,43.0701,119,546
ZNF852,other,0.0433235,111.105,49.595,113,461
ZNF853,other,0.0535801,50.9025,47.3004,285,830
ZNF860,other,0.0294649,74.9414,42.3679,161,620
ZNF865,other,0.0105303,84.7692,33.3163,144,602
ZNF875,other,-0.013792,61.9638,40.9674,201,882
ZNF878,other,-0.00253707,80.2925,26.9051,169,770
ZNF879,other,0.0212883,95.5175,29.9112,127,713
ZNF880,other,0.023776,104.142,41.6278,124,1218
ZNF883,other,-0.0101863,46.6895,58.8938,308,309
ZNF888,other,-0.00248623,70.3432,28.7409,187,938
ZNF891,other,-0.0101273,92.4533,41.6686,137,790
ZNF90,other,-0.041422,65.8433,70.5641,194,789
ZNF91,other,-0.0176874,121.796,27.8226,104,1294
ZNF92,other,0.020898,67.2496,69.4716,189,971
ZNF93,other,-0.0203175,94.6504,147.891,131,199
ZNF98,other,-0.00711011,89.1109,48.8264,136,1026
ZNF99,other,-0.0403345,71.2397,68.0673,178,231
ZNFX1,other,0.0186877,65.901,49.9401,187,494
ZNHIT3,other,0.0275002,140.01,443.775,128,49
ZNHIT6,other,0.0486424,260.632,563.607,132,23
ZNRD2,other,0.00780973,71.2673,44.1896,165,434
ZNRF1,other,0.0269511,93.9611,60.435,146,358
ZNRF2,other,-0.00579743,48.4363,54.8507,254,366
ZRANB2,other,0.101527,167.344,86.784,90,286
ZRSR2,other,0.111295,101.884,95.6841,148,262
ZSCAN1,other,-0.0429124,213.003,89.9724,62,178
ZSCAN10,other,0.0272671,97.5448,73.298,133,336
ZSCAN12,other,0.0078395,72.6557,36.6124,163,520
ZSCAN16,other,0.00837331,235.528,20.1763,62,1405
ZSCAN18,other,-0.00376672,23.0095,74.0824,533,269
ZSCAN2,other,0.0169104,242.753,64.6068,68,732
ZSCAN20,other,0.0469535,52.9031,47.1258,253,504
ZSCAN21,other,0.0524126,140.495,44.394,117,420
ZSCAN22,other,-0.0023794,66.0898,40.5165,180,684
ZSCAN23,other,0.0444914,170.284,53.728,82,1027
ZSCAN25,other,0.0052979,287.316,79.202,54,394
ZSCAN26,other,-0.00222854,820.435,45.4529,29,800
ZSCAN29,other,0.014861,206.683,37.9163,66,876
ZSCAN30,other,-0.0118053,59.9657,83.5445,204,272
ZSCAN31,other,-0.0465516,58.0042,34.9306,193,851
ZSCAN32,other,-0.00268719,253.306,45.557,60,543
ZSCAN5A,other,0.00443805,33.0302,43.9829,364,543
ZSCAN5B,other,-0.00717473,41.2985,40.7046,303,574
ZSCAN9,other,0.028391,36.6736,44.1708,334,547
ZSWIM1,other,-0.0182372,90.3132,50.7513,144,291
ZSWIM7,other,-0.0101606,57.538,33.4189,214,1082
ZSWIM8,other,0.0288578,77.609,48.6246,162,307
ZUP1,other,0.0306745,81.959,34.9277,147,886
ZW10,other,-0.143363,57.5109,170.034,295,149
ZWINT,other,-0.00269767,1486.39,304.09,26,63
ZXDA,other,0.00125523,70.1927,40.2684,168,1428
ZXDB,other,-0.0521587,65.3983,51.6973,198,348
ZXDC,other,0.0223855,295.929,29.1226,47,1086
ZYG11B,other,-0.014403,121.712,50.8529,120,478
ZYX,other,-0.0178181,23.8796,41.9334,506,1269
ZZEF1,other,0.00141238,43.6995,37.1036,271,1381
