target,d,z_own,energy,n_genes
AAAS,2.421095848083496,-9.025948972668223,0.0011349227647880081,5664
AACS,4.810559272766113,-2.017924237985859,0.004359675883846159,5665
AAGAB,2.800565481185913,-3.9524405214200447,0.0052912123602624535,5664
AAK1,2.078460454940796,-5.481964238018513,0.0021848127364017937,5664
AAMDC,4.189218044281006,-4.186984947841568,0.002504200214412595,5663
AAMP,1.794249415397644,-8.656846279092289,0.006564256021058275,5663
AAR2,5.042039394378662,-1.5374562489167645,0.01862461229797486,5664
AARS,1.4744917154312134,-3.2616303005487697,0.060542072001494425,5664
AARS2,1.8673118352890015,-5.886224526319132,0.0037187719463377174,5664
AARSD1,0.5201613306999207,-6.264182547129054,0.0011951241220151045,5664
AASDH,2.0680923461914062,-2.9176557329517667,0.0051218294684131985,5664
AASDHPPT,1.5421013832092285,-9.18724808871006,0.0028216484801002997,5664
AATF,1.4522981643676758,-9.303390787338724,0.030134163385706583,5664
ABCA7,0.9885427355766296,-5.382311790422419,0.0007743290119157699,5665
ABCA8,,,0.013186344369032826,5665
ABCB10,0.20855650305747986,-0.8665576967726956,0.019050402594809876,5664
ABCB6,1.7809839248657227,-5.321180791147593,0.0022215961658508653,5665
ABCB7,2.1839962005615234,-6.877070598061205,0.004121901459126784,5664
ABCB8,1.8051772117614746,-4.013365850161401,0.006524005583478393,5665
ABCB9,,,0.0009653869898844653,5664
ABCC1,1.575467586517334,-4.152780184647542,0.003674247229565824,5664
ABCC4,1.297966480255127,-6.140243335491105,0.0028465076894622437,5664
ABCC5,2.213141918182373,-6.974102064890826,0.0014313007846662922,5664
ABCD3,2.655902862548828,-5.301039480016108,0.002530104016055386,5664
ABCD4,4.954386234283447,-1.6944832386005726,0.003757938129398895,5664
ABCE1,0.45127639174461365,-4.86053480470886,0.012219243164212015,5663
ABCF1,0.37091967463493347,-8.708971646245756,0.002621929910055181,5664
ABCF2,3.1997170448303223,-8.437918267208936,0.0023195148271924876,5664
ABCF3,0.5959599614143372,-3.32726706707263,0.0016679673638946492,5665
ABCG1,,,0.0022319207570870884,5665
ABHD10,2.603242874145508,-3.676302456130959,0.0031470969330400075,5664
ABHD11,2.8097174167633057,-2.807732599459315,0.0032041978369995853,5665
ABHD12,1.9800279140472412,-4.83652159999371,0.002080404277397966,5663
ABHD13,3.1388773918151855,-3.135988364448493,0.004585093099640718,5665
ABHD14A,1.578961730003357,-6.456151442046255,0.002603555361189914,5665
ABHD14B,0.9648253917694092,-15.096673889940437,0.0006847221293301034,5665
ABHD16A,2.040743350982666,-6.423317710598308,0.0021867430622332963,5664
ABHD17A,1.0407737493515015,-10.672980742907916,0.0018240066898297378,5665
ABHD17B,1.8578583002090454,-1.8545540374941365,0.007389968176573292,5664
ABHD2,4.0724287033081055,-4.070544005284724,0.0022161302226526586,5664
ABHD3,1.641905665397644,-2.8267494963558657,0.010173824696668523,5663
ABHD5,3.423578977584839,-5.917201797388146,0.004230498265103835,5663
ABHD6,,,0.001757358461137032,5665
ABHD8,,,0.0024051188993540907,5664
ABI1,1.9485563039779663,-3.8785654574916575,0.0066448324117680535,5664
ABI2,0.33932754397392273,-2.9709918481274387,0.0030366646928079682,5664
ABITRAM,1.8064639568328857,-3.6056209140373903,0.0022554865516658485,5664
ABL1,0.14880509674549103,-1.4308844291280167,0.0020274563711232224,5664
ABL2,0.817404568195343,-7.756941376188401,0.0011139777542788902,5665
ABO,0.9335254430770874,-5.632473298770118,0.0008608266233029346,5665
ABR,0.45571428537368774,-1.0110819257407362,0.009023035116460174,5665
ABRACL,2.606924295425415,-10.970974106597112,0.0019372642978307513,5664
ABRAXAS1,2.92140531539917,-5.832177481365204,0.002612065689849591,5664
ABRAXAS2,2.536978244781494,-4.3871884636142156,0.002604716940726774,5664
ABT1,1.3813327550888062,-9.347174864379777,0.0074992990785106494,5664
AC015871.1,,,0.002221658194748082,5665
AC118549.1,1.2150367498397827,-5.2318791220270136,0.004594463529875639,5665
ACAA1,2.2114460468292236,-9.56475833341497,0.0017436817017222285,5664
ACAA2,2.361957311630249,-7.431823121900482,0.0022729476696866464,5665
ACACA,2.618579864501953,-6.898494609844474,0.0034915015101751093,5663
ACAD10,,,0.004111165651732938,5664
ACAD8,1.9685678482055664,-3.9288430101468967,0.002595345907138578,5664
ACAD9,5.351595878601074,-1.93675169043477,0.004625929228322113,5664
ACADM,3.9823005199432373,-6.881175770840039,0.0038194358993701265,5664
ACADS,2.694390296936035,-2.6916478259601018,0.0046112750755483,5665
ACADSB,2.889914035797119,-4.082823752752459,0.0021789397391547573,5663
ACADVL,3.059342384338379,-8.62659206805104,0.0015996239307608502,5664
ACAP2,1.8568639755249023,-7.123788629816111,0.0031373622532353657,5664
ACAP3,1.0738239288330078,-2.6205106233746607,0.002655688397795843,5664
ACAT1,1.7571977376937866,-10.77490983411231,0.0018838614163488852,5664
ACAT2,1.7847820520401,-12.778950009879638,0.003701670162618714,5663
ACBD3,2.30065655708313,-9.946997989203897,0.0025093051888303536,5664
ACBD5,1.2945820093154907,-3.867493520413846,0.0023070263615198082,5664
ACBD6,1.7709956169128418,-12.5814040884388,0.0033165507570855632,5664
ACCS,,,0.003877229351413382,5665
ACD,1.6946613788604736,-3.776295935518057,0.0030480409548426434,5664
ACER3,2.8771002292633057,-4.977911952861067,0.00149124444994921,5664
ACIN1,0.40297412872314453,-7.341307030033702,0.0018744170971305922,5663
ACLY,2.951714515686035,-6.563630528222495,0.006999852994685246,5664
ACO1,1.8624523878097534,-5.851437870492873,0.0030268478154844443,5664
ACO2,1.1081030368804932,-7.662199220689592,0.003051510498531249,5663
ACOT12,,,0.0013131619293912683,5665
ACOT13,3.387355089187622,-8.263289912704602,0.0030866345958816222,5663
ACOT7,2.257035493850708,-9.258313816356804,0.0012435018870204353,5664
ACOT8,1.7484270334243774,-3.4846619572110007,0.00430050395475867,5664
ACOT9,2.7389614582061768,-4.73776173234578,0.0020096782373641513,5664
ACOX1,2.7686071395874023,-4.786934882069626,0.0028214927473724084,5664
ACP1,1.7942516803741455,-7.153324350849178,0.010863611224239315,5664
ACP2,2.0367891788482666,-2.0331279717515374,0.010097963312388058,5665
ACP5,1.671845555305481,-7.054817108103412,0.0017399351653931787,5665
ACSF3,1.183767557144165,-2.8797099109341713,0.006116617114828936,5664
ACSL1,,,0.0011428576682186748,5665
ACSL3,1.4741922616958618,-9.948588241138458,0.011444161922760336,5664
ACSL4,1.1241356134414673,-3.1518799108509667,0.005854952164454736,5664
ACSM3,0.6475683450698853,-4.0625035990591964,0.006100940784115366,5665
ACSS2,1.5895966291427612,-3.169095050014628,0.007029012926039504,5664
ACTB,0.7803158760070801,-27.55561314640309,0.004327638174808508,5664
ACTG1,2.4661006927490234,-10.226789894451574,0.03098199435492918,5664
ACTL6A,1.516394853591919,-5.914158186378544,0.02433197172435618,5664
ACTN1,1.8689130544662476,-8.295077886169247,0.0026756764247003314,5664
ACTN4,1.325587511062622,-14.343591051277894,0.0014901481342334082,5664
ACTR10,3.4301388263702393,-3.426601774124843,0.009789896615086006,5664
ACTR1A,0.26383790373802185,-2.6840355712522177,0.0012052631784725107,5664
ACTR1B,2.4902665615081787,-7.455683200374606,0.0010134617075215032,5665
ACTR2,2.484473466873169,-24.467700742446304,0.0009846318345387082,5664
ACTR3,1.3428490161895752,-14.944268851687491,0.0031266097101557717,5664
ACTR3B,1.3190637826919556,-3.2139147048800702,0.005213798424144798,5665
ACTR3C,,,0.003665292107452932,5665
ACTR5,,,0.014425481911225547,5665
ACTR6,2.5399274826049805,-5.663555556766486,0.021431066117753462,5664
ACTR8,3.046137571334839,-6.085583517269695,0.010265853731173514,5664
ACVR1B,2.2128498554229736,-3.826764196320415,0.002485401717513677,5665
ACVR2B,2.2715442180633545,-4.527006531401186,0.004729112392106794,5664
ACY1,2.739461660385132,-4.724519836222682,0.0069367037367423934,5665
ACYP1,0.7413015961647034,-4.134479024178702,0.0017499384206852784,5664
ACYP2,0.7279898524284363,-1.617915031544238,0.005661514755791501,5663
ADA,2.086641788482666,-6.559719698221009,0.0029682111335892158,5664
ADAL,2.2803266048431396,-3.939418015896258,0.005050437269163141,5665
ADAM10,0.31569308042526245,-1.311155339306512,0.013813017242050559,5664
ADAM15,1.1002484560012817,-2.449154171638297,0.004435584907992359,5665
ADAM17,2.1233859062194824,-7.011081500701315,0.001976126731455186,5664
ADAM9,1.3335387706756592,-4.591953156596456,0.002228267794583662,5663
ADAMTS14,,,0.003658250697502778,5665
ADAMTS3,,,0.0031868856564295726,5665
ADAMTSL4,1.6959407329559326,-5.0423781145073825,0.004534583632482751,5665
ADAR,0.44156384468078613,-6.098049809672907,0.0011991358837162424,5664
ADARB1,0.10851633548736572,-0.6691834223460374,0.0011375243623482677,5665
ADAT1,2.815164089202881,-3.976783900693347,0.003584046775780376,5664
ADAT2,2.6657090187072754,-4.608834979150418,0.002834657508960321,5663
ADAT3,,,0.002180661912607244,5664
ADCK2,,,0.0014351338558511824,5665
ADCK5,,,0.0063032332057903805,5665
ADCY3,,,0.0017767906040213762,5665
ADCY7,1.8737859725952148,-1.8705566642746894,0.007385180993257689,5665
ADD1,0.752031683921814,-7.292130362817065,0.001685365549424843,5664
ADD2,,,0.002573144130551392,5665
ADD3,1.0568535327911377,-5.11600452680184,0.002477144333914568,5664
ADH5,2.9859020709991455,-13.19877458132297,0.0027457139234548255,5664
ADI1,2.2416727542877197,-7.018370186327522,0.00439524742898711,5664
ADIPOR1,2.442307710647583,-8.037815576484219,0.0033046951414197655,5664
ADIPOR2,1.883158802986145,-6.48953107863304,0.0021197786532519834,5664
ADK,0.760611891746521,-6.485551472881829,0.0019386344280693279,5663
ADNP,1.66404128074646,-7.8636781213237565,0.005583440685979637,5664
ADNP2,3.139336109161377,-3.13564410724077,0.0144090073905441,5664
ADO,1.03929603099823,-2.923030306637074,0.007005393330006752,5664
ADORA2B,,,0.003092832446521256,5665
ADPGK,0.7209867238998413,-3.000478492992645,0.007798085100191454,5664
ADPRHL2,1.380310297012329,-5.292289901971203,0.0040608281718565314,5665
ADRM1,1.2543374300003052,-17.281610344023022,0.0014620188804203536,5664
ADSL,1.6334046125411987,-13.478969652992788,0.00362059552060825,5664
ADSS,1.9279429912567139,-7.0996477669500155,0.00784025758263938,5665
ADTRP,,,0.0027674432044244627,5665
AEBP1,1.5893819332122803,-3.8826656276161455,0.0017143281529410888,5665
AEBP2,1.5418825149536133,-3.762392072192095,0.0038441412392770688,5664
AEN,2.328016519546509,-5.690597226882517,0.0014612904453334115,5664
AFF1,-0.1565762609243393,1.2237486066708134,0.0031524895279121407,5664
AFF4,1.9303574562072754,-5.756638321948105,0.003282846498255531,5664
AFG3L2,0.8612903356552124,-2.219627733722471,0.023953423583580137,5664
AFTPH,0.8808541297912598,-3.486279198774895,0.0034936947809076774,5664
AGA,,,0.018432845869865152,5665
AGAP1,1.6712805032730103,-3.329436721317315,0.004752547733409275,5665
AGAP3,1.3957157135009766,-3.663778329136859,0.005501537096647934,5663
AGBL5,0.9935302138328552,-4.930068048940816,0.0014704197679848304,5665
AGFG1,1.715794324874878,-8.489287882647371,0.0018914601034032582,5664
AGFG2,,,0.0014760082781420673,5665
AGGF1,2.576913356781006,-7.2571625639032415,0.0023270629731959817,5664
AGK,2.8902807235717773,-2.88697993462646,0.005328616605299988,5664
AGL,2.889697790145874,-6.441749148244546,0.002666950142993195,5664
AGO1,0.3433649241924286,-3.254610113744117,0.0040948572280907975,5664
AGO2,1.3279823064804077,-3.456128504337642,0.01472846167552638,5664
AGO3,1.6798008680343628,-7.786328922903693,0.002802032277610711,5664
AGPAT1,2.032449960708618,-9.864084253108196,0.0019211985259720286,5663
AGPAT2,2.077615976333618,-6.183942080316387,0.004059810032307073,5664
AGPAT3,1.3132193088531494,-6.465640316512337,0.002954628709498398,5665
AGPAT4,2.303602457046509,-5.137866123137446,0.003834453333379093,5664
AGPAT5,1.5363839864730835,-6.045643752536732,0.004724317254034973,5664
AGPS,2.4629645347595215,-6.931671723599977,0.003288766194013524,5663
AGRN,,,0.003900368666419212,5665
AGTRAP,1.4211972951889038,-4.183833856917919,0.009706714731565135,5664
AHCTF1,0.9443697929382324,-16.472788990326112,0.001495916927833999,5664
AHCY,2.0616090297698975,-13.083522017645967,0.017725362204572735,5664
AHCYL1,1.0159164667129517,-9.414416317787678,0.0019906135169861293,5664
AHDC1,1.2211840152740479,-2.9797343684996234,0.0030967613876324972,5665
AHI1,1.5786964893341064,-4.151972471020322,0.004485765483755393,5664
AHNAK,1.2000408172607422,-11.479627615522007,0.0010239093940043616,5665
AHR,,,0.003981671694129126,5665
AHRR,,,0.0036841800662453803,5665
AHSA1,1.4049172401428223,-5.8179791466424176,0.005952885255252057,5664
AHSP,,,0.004341023509807655,5665
AIDA,1.6130167245864868,-9.003869874080412,0.0020081385532699533,5663
AIF1,3.1621158123016357,-7.056124463058077,0.0019932180720397966,5665
AIFM1,2.3338944911956787,-9.236521578931166,0.003814132849853635,5664
AIFM2,2.60196852684021,-3.6751369890519046,0.002618555794697136,5665
AIG1,,,0.004295309629495661,5665
AIMP1,1.5829249620437622,-11.810223572908427,0.0015113808593262379,5663
AIMP2,1.6951851844787598,-7.311446800336079,0.0025508825718855814,5664
AIP,2.1014773845672607,-3.608043257705212,0.013499094399709486,5664
AIRE,,,0.0030057556329259757,5665
AK1,1.7169796228408813,-6.598999639881353,0.002311000244114989,5664
AK3,,,0.0025695655912723265,5665
AK4,0.3399084210395813,-2.5240355723882124,0.00251535256205618,5664
AKAP1,1.297903060913086,-5.8495586578750824,0.003914770755202813,5664
AKAP11,0.9533860683441162,-3.9599799787247645,0.007007890252488616,5664
AKAP13,0.7590801119804382,-3.9006984746762443,0.0022018413685111512,5664
AKAP17A,2.944427728652954,-2.9407163424590093,0.006681630912645675,5664
AKAP8,0.6175033450126648,-3.7277890198304413,0.0026929413853656126,5664
AKAP8L,1.5527294874191284,-6.8447984230714605,0.004855373192023773,5664
AKAP9,1.8704912662506104,-9.553625260319292,0.0033052031984569475,5664
AKIP1,1.6020060777664185,-3.5613844256159632,0.00614696090286947,5664
AKIRIN1,2.2912349700927734,-10.791936706916877,0.005164157790624536,5664
AKIRIN2,1.3841098546981812,-8.62602520255168,0.002822914907316356,5664
AKNA,,,0.0011452808628513692,5665
AKR1A1,2.1766152381896973,-7.116233030213773,0.006844305207173583,5664
AKR1C1,,,0.0038446412751231927,5665
AKR1C2,,,0.002427303361191493,5665
AKR1E2,,,0.0023070349147213862,5665
AKR7A2,1.6507972478866577,-10.399653267063309,0.0020053982055884285,5664
AKT1,1.6648755073547363,-7.19507189185642,0.0024400232818724294,5664
AKT1S1,1.2396445274353027,-5.996481881342929,0.002512296681988197,5664
AKT2,1.7783550024032593,-4.3308718392227386,0.009618020965061109,5664
ALAD,,,0.003249443068269901,5665
ALAS1,2.0385773181915283,-4.536946938723532,0.007963890886805545,5664
ALAS2,5.306119918823242,-1.1502228402092487,0.010095371324980734,5665
ALDH16A1,3.080350160598755,-3.0763330278412138,0.0062111346665972705,5663
ALDH18A1,2.862805128097534,-4.044188939713841,0.003289569645771759,5664
ALDH1A1,,,0.0026953813024044758,5665
ALDH1A2,,,0.0021347741340046063,5665
ALDH1B1,2.519444465637207,-5.030702338502063,0.002386273154147922,5664
ALDH2,2.7593576908111572,-7.78114983486146,0.001921904804216824,5665
ALDH4A1,,,0.0021560632539625946,5665
ALDH5A1,2.6434195041656494,-5.8956046198424685,0.0023190731760410086,5665
ALDH9A1,2.9677889347076416,-7.247411596400371,0.0021504716566499325,5664
ALDOC,2.397033452987671,-2.3935549463806955,0.008222534300163576,5665
ALG1,1.5095361471176147,-3.6845533068257703,0.0033368942419919052,5664
ALG11,1.6387889385223389,-4.8988125496107315,0.0028327414522878454,5664
ALG12,1.0531808137893677,-2.5696164453665493,0.0031613396009398482,5664
ALG13,4.062650203704834,-5.741722576751148,0.004929263505161481,5664
ALG14,2.858539342880249,-4.039330431584957,0.004035042922349031,5665
ALG1L,,,0.0013338099012312823,5665
ALG2,1.2909892797470093,-5.7388594711510725,0.004092684284216924,5663
ALG3,2.1176178455352783,-8.895832738654146,0.0028256451336255662,5663
ALG5,2.075150966644287,-10.843551731521675,0.002225626264594292,5663
ALG6,3.6561810970306396,-3.654551306195679,0.0023076904043259094,5664
ALG8,2.9904403686523438,-5.963444542373325,0.003519759970135407,5664
ALG9,1.7145700454711914,-2.4194703455051028,0.005387246751166369,5665
ALKBH2,5.349575996398926,-2.16618654688242,0.003126223380764408,5664
ALKBH3,,,0.001932046295128887,5665
ALKBH4,1.845346212387085,-4.111477094880071,0.0030835370907869135,5663
ALKBH5,1.5399565696716309,-4.59011886059763,0.004182773739652238,5664
ALKBH6,3.1110081672668457,-3.109093107689925,0.003066014476897122,5665
ALKBH7,1.9220527410507202,-13.849031370305664,0.0017942681087647191,5664
ALKBH8,,,0.0030911686047657943,5665
ALMS1,1.1556562185287476,-3.252369869183523,0.0030770661907006357,5664
ALS2,4.899262428283691,-1.0953964766703268,0.009990777274030253,5664
ALX1,,,0.0058789920638404845,5665
ALX3,,,0.003754816080839832,5665
ALX4,,,0.0018118721148630392,5665
ALYREF,0.4069456458091736,-8.137675934550042,0.0020870603273223775,5663
AMBRA1,,,0.002939898127633,5665
AMD1,1.8326302766799927,-3.6156005091826326,0.019584573836398812,5664
AMDHD2,3.22613525390625,-4.55542375474748,0.0034057534739630746,5665
AMFR,1.3678510189056396,-5.438954260014865,0.0017753766871966765,5664
AMH,,,0.0016454093556543523,5665
AMHR2,3.350834369659424,-3.348875411552848,0.0026208899203381025,5665
AMMECR1,2.3438549041748047,-6.179362676459983,0.004783462039193128,5664
AMN1,,,0.004423778087634256,5665
AMOTL1,0.4715522825717926,-2.4265338585846967,0.005577748634819754,5664
AMPD2,,,0.0007129990988765841,5665
AMPD3,,,0.005738595154905281,5665
AMZ2,1.7705005407333374,-5.842447055898656,0.0024868962037095125,5664
ANAPC1,0.9336825013160706,-4.3887379788110765,0.0050297272381211,5665
ANAPC10,0.5966225862503052,-1.0132568995632525,0.027502866160298282,5663
ANAPC11,1.123510718345642,-12.653605670008151,0.0023723140656082007,5663
ANAPC13,2.3961386680603027,-9.224907238713437,0.002150478303285462,5664
ANAPC15,0.25531888008117676,-6.109767977897495,0.0004563428936849831,5664
ANAPC16,2.004040241241455,-8.802616943449532,0.004131334563169699,5663
ANAPC2,,,0.0030162364290228856,5664
ANAPC4,1.2701162099838257,-1.259631900912096,0.028672912168040895,5664
ANAPC5,1.366971731185913,-6.243817841750906,0.014975814570478157,5664
ANAPC7,1.2112362384796143,-8.975061192077316,0.004012772905254284,5664
ANGEL2,1.55613112449646,-4.090497958750089,0.004606494229114883,5664
ANGPT1,0.06112326309084892,-0.4825717255423753,0.002382736961885656,5665
ANHX,,,0.0022339460307312445,5665
ANK1,2.2669897079467773,-5.043377759625955,0.005533146909563422,5665
ANK3,,,0.01110318518269499,5665
ANKFY1,1.231143832206726,-3.676746859036741,0.003058049353777021,5664
ANKHD1,1.07901930809021,-9.319132372670524,0.002599656071910843,5664
ANKIB1,0.6542615294456482,-1.5880537395811294,0.006776668093631592,5663
ANKLE1,,,0.005952524685233003,5665
ANKLE2,1.5502558946609497,-9.667308670320205,0.0018469236834421597,5664
ANKMY1,,,0.003171409727847478,5665
ANKMY2,2.598296642303467,-4.49219639776669,0.002947090190525491,5663
ANKRA2,,,0.005718797738580035,5664
ANKRD10,1.808794379234314,-8.553010943819817,0.0024953238296238213,5664
ANKRD11,1.207632303237915,-21.2472830959964,0.003903106145418869,5663
ANKRD12,1.7934200763702393,-6.175268200061345,0.0022991576452129716,5664
ANKRD13A,2.849299192428589,-2.8444147355240315,0.008793936879356439,5664
ANKRD13B,,,0.0010722234153434213,5665
ANKRD13C,4.984568119049072,-1.810792924127228,0.0037442475162661132,5664
ANKRD13D,0.978176474571228,-5.218513024994908,0.0017870089582734212,5664
ANKRD16,3.165459394454956,-3.162913938522462,0.004584856923276426,5664
ANKRD17,0.3154726028442383,-2.470241598428082,0.01456986182135991,5664
ANKRD26,2.900254726409912,-6.470451972337462,0.0018479589642230938,5664
ANKRD27,2.4584407806396484,-6.006369731448563,0.0024029369274234714,5664
ANKRD28,0.2734808623790741,-1.4873337091446963,0.006039084726191473,5664
ANKRD33B,1.1012942790985107,-3.94696437753232,0.001926264138530419,5665
ANKRD36,0.8246878981590271,-2.458587556205052,0.0030442977249000055,5664
ANKRD36C,3.0970144271850586,-3.0939118877887632,0.004454093507453451,5665
ANKRD39,1.0735828876495361,-3.1836780866821046,0.020210439947057103,5665
ANKRD40,0.7927946448326111,-4.766669441065541,0.0012993021549121042,5664
ANKRD46,3.023343801498413,-5.231641040302887,0.0013620768452169748,5664
ANKRD49,1.9474513530731201,-5.8237488150083285,0.002857762344191917,5665
ANKRD52,4.535221576690674,-0.5170426962754309,0.026378471873627445,5665
ANKRD54,1.9808934926986694,-3.4182528625684303,0.005981737065551604,5663
ANKRD9,1.1892539262771606,-3.1301616038329336,0.003616382341690154,5665
ANKS1A,1.3876395225524902,-3.08508144731381,0.005873889572861107,5663
ANKS3,2.0826778411865234,-4.645144445477688,0.0025583101126996992,5665
ANKS6,2.4454185962677,-6.448587968627917,0.002096608605098791,5665
ANKZF1,2.2743029594421387,-5.999521692021549,0.0018102026417324778,5664
ANLN,2.132190465927124,-6.3612603547449575,0.0028642272791733815,5664
ANO10,2.895101308822632,-5.007765521661186,0.0019302796312948265,5663
ANO6,1.9998778104782104,-3.4557443783510875,0.0038875097558848733,5664
ANP32A,0.65354323387146,-7.638831843456225,0.005294452703536235,5664
ANP32B,2.226516008377075,-37.20216693798104,0.004354097397416001,5664
ANP32E,2.4454874992370605,-13.952928791587325,0.0034450488816478576,5664
ANTKMT,2.2816779613494873,-10.590319757895736,0.0025199314597582523,5664
ANTXR2,2.1693856716156006,-3.7503857164010435,0.002719517965767475,5664
ANXA1,,,0.004004844954489953,5665
ANXA11,3.125042676925659,-7.620082962729558,0.0031697438711430974,5664
ANXA2,0.3355158865451813,-5.220944352737425,0.0023517473123900795,5664
ANXA2R,1.2203552722930908,-2.714711126368035,0.004571458166890401,5665
ANXA3,1.3341318368911743,-5.611650552374078,0.0021741073270807577,5665
ANXA4,2.0633368492126465,-3.5649180910305622,0.00452488238764407,5664
ANXA5,3.72188401222229,-9.820654169757761,0.0016974311649629187,5664
ANXA6,3.8601839542388916,-5.454345776796859,0.0020250446292181708,5664
ANXA7,1.7803539037704468,-8.931308014430027,0.004661391113401684,5664
AP1AR,2.6592538356781006,-5.309115496401001,0.0020849238043720796,5664
AP1B1,1.7812902927398682,-9.999209367274664,0.0015919364328189408,5664
AP1G1,2.644338846206665,-6.453861935998095,0.0034985890784782216,5664
AP1G2,2.6114563941955566,-4.516882314887124,0.0019415309716944477,5665
AP1M1,2.3384220600128174,-5.215771187992092,0.002428682619932909,5664
AP1S1,3.216545343399048,-6.416567006055734,0.0030168668700358303,5664
AP1S2,5.193236351013184,-2.196942215569919,0.002899689235148969,5664
AP2A1,2.1647539138793945,-4.813548242845292,0.013386679299865901,5664
AP2A2,1.941853642463684,-4.3300598054916,0.00249337669902458,5664
AP2B1,2.5405282974243164,-10.090155675059664,0.004330647219879574,5664
AP2M1,0.5070949196815491,-13.096987492641967,0.0008091077868275967,5664
AP2S1,2.344149351119995,-14.992602967333259,0.00866679137942424,5664
AP3B1,0.8344739079475403,-7.015890509674591,0.0027393722910528263,5664
AP3D1,0.32769837975502014,-2.7381492204296642,0.004590616687158535,5663
AP3M1,1.4794334173202515,-4.145101067505592,0.005786554996532531,5663
AP3M2,3.490969657897949,-3.488948310757842,0.003856204100563172,5664
AP3S1,1.8089019060134888,-11.69981526001613,0.002702323646198688,5663
AP3S2,5.008304595947266,-1.9842411986784794,0.0032073692904342073,5664
AP4B1,,,0.0038350353016376472,5665
AP4M1,,,0.004278936664387877,5664
AP4S1,0.46404194831848145,-1.2178305629586468,0.005437533223909005,5663
AP5M1,2.357941150665283,-5.259193890565895,0.0022783772802732628,5663
AP5S1,1.6684695482254028,-2.882748107828883,0.003457582640053135,5665
AP5Z1,3.4150571823120117,-3.4134152971834975,0.0024504122410021804,5665
APAF1,3.5558066368103027,-3.5542601287996627,0.0016056793166556041,5663
APBA2,2.0063562393188477,-4.4762406095525336,0.0018567373071970428,5665
APBB3,,,0.009132421946817041,5664
APC,0.5199925303459167,-6.23954199157103,0.0013168910318601778,5664
APEH,3.0092408657073975,-5.193479754025417,0.006584851220501402,5664
APEX1,1.4368031024932861,-14.6074448074928,0.0022125582435445343,5663
APEX2,3.1621744632720947,-3.1587188764656395,0.004645450877987111,5664
APH1A,1.6897212266921997,-7.991800944269946,0.0027717650573065755,5664
APH1B,,,0.0029539514388862106,5665
API5,2.4457952976226807,-8.422434161305187,0.00250860168947179,5664
APIP,3.051274061203003,-7.4497840602608445,0.0025843089899757828,5663
APLP1,,,0.003112877170195385,5665
APLP2,0.7845728397369385,-10.136277175103185,0.0021217897495028532,5664
APMAP,2.710322141647339,-6.045917110670349,0.0023636330030653023,5664
APOBEC3B,,,0.00240600068611346,5665
APOBEC3C,2.8377633094787598,-8.478446725319783,0.0021985667022156375,5664
APOBEC3G,,,0.0014525086721740672,5665
APOBR,2.605879783630371,-3.6807934322036573,0.0025668451696501055,5664
APOC1,2.7585666179656982,-31.03277341971528,0.0017011207105971603,5665
APOE,2.5490429401397705,-27.17231483904581,0.003936599398895045,5665
APOL2,,,0.002721501032243941,5665
APOM,,,0.005053138005427272,5664
APOO,1.5898188352584839,-4.738946944070078,0.0030485731902585374,5664
APOOL,3.2747962474823,-4.623067220562237,0.004215437349722722,5664
APPBP2,0.4572112262248993,-1.6273541479730607,0.004997569598286869,5664
APPL1,0.0684150829911232,-0.6152196174195301,0.004310513073129628,5664
APRT,1.942171573638916,-17.168610025076458,0.004212126134417693,5664
APTX,0.6680124402046204,-5.95268596867114,0.002265447035665497,5663
AQP10,,,0.003007995614738297,5665
AQP3,,,0.0018214173159024902,5665
AQP7,,,0.0020050037327483143,5665
AQR,0.1770993024110794,-0.4521435758918806,0.02438878814726792,5664
AR,,,0.0046852430503441815,5665
ARAF,1.5542341470718384,-4.378892057631845,0.0024738027764713267,5665
ARAP1,0.5009484887123108,-2.27639147958102,0.0015028210481339965,5664
ARCN1,0.40757304430007935,-4.8917292274311555,0.001914290862914155,5664
AREG,1.5253522396087646,-2.6340688285154057,0.00482690548081982,5665
AREL1,,,0.003875424136967108,5665
ARF1,1.907499074935913,-16.959551942778745,0.0031840947263162,5664
ARF3,2.284644603729248,-11.962344027929422,0.0019857704527974696,5664
ARF4,1.4016149044036865,-10.365105654654661,0.0024880509099174147,5664
ARF5,1.4540855884552002,-16.224845943656828,0.0012073696128728662,5664
ARF6,0.41231364011764526,-4.331058410724347,0.001442249574222803,5664
ARFGAP1,1.942763328552246,-5.125018210046568,0.0026220920687828808,5664
ARFGAP2,1.2458566427230835,-7.955727012296508,0.002653003295341344,5664
ARFGAP3,1.7063570022583008,-2.4063716407116047,0.00786076136795124,5664
ARFGEF1,2.132711172103882,-8.207707721656954,0.004007073227542043,5664
ARFGEF2,5.041099548339844,-0.7644434700453505,0.024435736329084624,5664
ARFIP1,1.767817735671997,-6.089323308147182,0.002039785953366694,5664
ARFIP2,3.1790764331817627,-3.1753422318557196,0.007635951000612702,5663
ARFRP1,0.8789299726486206,-6.421378761132276,0.0012158701468624209,5664
ARG2,3.0871338844299316,-3.0849270049385265,0.003101389873762788,5665
ARGFX,,,0.0028285236784194585,5665
ARGLU1,1.882724404335022,-29.48118411008518,0.004910674359945999,5664
ARHGAP1,2.1082441806793213,-2.9772807946044337,0.003395021742819226,5664
ARHGAP11A,2.634174346923828,-5.248832810478351,0.004571474378266539,5664
ARHGAP11B,,,0.0020387398672442906,5665
ARHGAP12,1.3262145519256592,-3.493184227174059,0.0026964935327471852,5664
ARHGAP17,4.836484909057617,-1.434584020457033,0.005633606147276913,5664
ARHGAP18,2.2649405002593994,-7.784541764371901,0.0027599268776991853,5664
ARHGAP19,1.805478572845459,-3.596836683076967,0.004708784518077471,5664
ARHGAP21,1.5697851181030273,-7.62987688293482,0.0013964007875670096,5664
ARHGAP22,0.13706766068935394,-1.1981823646779035,0.0038619689097387296,5665
ARHGAP24,0.02704697474837303,-0.11344270970246763,0.0027710933010599882,5665
ARHGAP25,,,0.002610842160449776,5665
ARHGAP35,0.31300967931747437,-2.0037347068466893,0.002943593954704132,5664
ARHGAP4,,,0.001574315447978045,5664
ARHGAP45,,,0.0033543064612963852,5665
ARHGAP5,1.918300747871399,-11.984352893271799,0.0015846878660532061,5664
ARHGAP6,0.6599474549293518,-3.490558702046251,0.006118515014667317,5665
ARHGDIA,1.481521487236023,-9.897016826075275,0.002502582519063576,5664
ARHGDIB,,,0.0021707763110765783,5665
ARHGEF1,0.6576653122901917,-7.9694390762817795,0.0008753884093852783,5664
ARHGEF10,2.9372990131378174,-5.082558559877969,0.0015849139370206593,5665
ARHGEF11,,,0.0026448747319327073,5665
ARHGEF12,0.5689190626144409,-5.67663423326284,0.002011616741763501,5664
ARHGEF18,,,0.0015710501325651488,5665
ARHGEF2,1.3795833587646484,-4.3289109825114975,0.003790112137367894,5664
ARHGEF25,,,0.002591714874448473,5665
ARHGEF39,3.314647912979126,-3.3129639055617672,0.0021765001033050508,5664
ARHGEF6,0.2680630087852478,-1.017908080364327,0.006960597971804417,5665
ARHGEF7,-0.19229882955551147,1.7976823818028511,0.0021396546884293404,5664
ARHGEF9,,,0.005736022843803966,5665
ARID1A,0.40714478492736816,-5.637236137121527,0.0036705113158251486,5664
ARID1B,0.446059912443161,-7.036616076434229,0.0009222524993958,5664
ARID2,1.049452304840088,-5.180303482332366,0.0044656054331652355,5664
ARID3A,0.8494908213615417,-5.74113399361458,0.011470399437582116,5664
ARID3B,1.0609116554260254,-3.804608157814186,0.0018015758868333263,5665
ARID3C,,,0.0021519929674780336,5665
ARID4A,0.9058308005332947,-4.481397298479211,0.0019542695841896704,5664
ARID4B,1.2524138689041138,-5.922950546914755,0.009712123070212799,5663
ARID5A,2.214883327484131,-3.8304718543694887,0.0022329068114623394,5665
ARID5B,1.3064401149749756,-5.3493150701647645,0.003926901762587763,5665
ARIH1,1.2520368099212646,-3.915758689836457,0.009819359563984874,5664
ARIH2,1.674789309501648,-8.054810997918093,0.004185178644476456,5664
ARL1,2.3237857818603516,-6.527601153637733,0.006170003702378944,5664
ARL11,3.198801040649414,-3.1969701951959464,0.0032553421455427728,5665
ARL13B,2.2808687686920166,-3.220360395720978,0.003667853185818752,5664
ARL14EP,2.9747822284698486,-5.938870592082333,0.0023382916240359225,5664
ARL15,2.0103657245635986,-6.330865869697874,0.0020934731960899028,5664
ARL16,2.1165809631347656,-5.962144518262106,0.0023968429717849504,5663
ARL17A,0.7231723070144653,-2.956094407859192,0.0025347087503622893,5665
ARL2,2.342752695083618,-4.011664434497837,0.02127277281467073,5664
ARL2BP,2.7111282348632812,-7.651413217958417,0.0010592416930616977,5664
ARL3,2.6934151649475098,-3.805229992462466,0.002106900452341943,5664
ARL4A,1.7322157621383667,-8.21529847065046,0.00243371275547987,5664
ARL4D,,,0.0016023876854418875,5665
ARL5A,2.5530617237091064,-9.071595861694027,0.005754044308322686,5664
ARL5B,2.3418776988983154,-5.222111876266977,0.002539083626063311,5663
ARL6IP1,1.2268900871276855,-13.883273878296247,0.0015075718852922367,5664
ARL6IP4,2.5927274227142334,-14.118244185144519,0.004611893336190294,5664
ARL6IP5,1.7044404745101929,-7.5368549450604485,0.0028154874034899383,5663
ARL6IP6,0.6800219416618347,-3.787107709607082,0.003420627242070829,5663
ARL8A,5.388036727905273,-2.498065466617057,0.003194330199817034,5664
ARL8B,1.5861586332321167,-9.366353745963249,0.002304514640500668,5664
ARMC1,2.9309287071228027,-8.257941304473231,0.0022993204186599527,5664
ARMC10,2.3118038177490234,-8.281469284011013,0.0024531888881939136,5664
ARMC5,,,0.002417433394266049,5665
ARMC6,1.1765466928482056,-4.355069432493613,0.0036162638416910435,5664
ARMC7,,,0.008150751238449947,5665
ARMC8,2.375844717025757,-5.799836394224152,0.0037311850404150707,5664
ARMCX3,2.4175400733947754,-6.372708194118792,0.002520295635476289,5664
ARMCX5,,,0.004032951183542782,5665
ARMCX6,2.631932258605957,-5.253503565432249,0.0021324501483661897,5664
ARNT,1.7520277500152588,-3.0247038878784527,0.004668658600055141,5664
ARNT2,,,0.0034325351824362766,5665
ARNTL,,,0.0021133158302220983,5665
ARNTL2,0.8569554686546326,-3.1891908918140897,0.001496929859283353,5665
ARPC1A,1.3844398260116577,-10.612672379337747,0.002062232178881813,5664
ARPC1B,1.8435198068618774,-9.87331601437529,0.021773640391801602,5664
ARPC2,1.2239419221878052,-21.99884953610165,0.0010884346519404225,5664
ARPC3,0.4053923189640045,-10.665647097958475,0.0013780897304107736,5664
ARPC4,1.8945765495300293,-14.326051933635172,0.0033238799313397207,5663
ARPC5,2.9717519283294678,-13.137077272648824,0.0024546922461029467,5664
ARPC5L,0.6021161079406738,-8.929243715306015,0.001844918244588928,5664
ARPP19,2.5004727840423584,-8.254065057446569,0.001996381586718231,5664
ARRB1,2.640554428100586,-2.6357003528176928,0.00951894536996953,5664
ARRB2,4.580097675323486,-1.3033821011252864,0.01123455617044487,5665
ARRDC1,2.078150510787964,-4.14862849444594,0.0018508698425122967,5665
ARRDC2,,,0.0011067456073597618,5665
ARRDC3,,,0.003714845269463231,5665
ARRDC4,,,0.0038732045702006127,5665
ARSK,3.1900908946990967,-3.1879345964312376,0.002982758075277065,5665
ARV1,2.177905559539795,-7.178241001314076,0.00249825631941725,5665
ARVCF,0.5985451340675354,-3.1971985290606044,0.0010898966918879238,5665
ARX,,,0.0009210165346270366,5665
ASAH1,3.027287244796753,-9.04211992732756,0.002255178735467381,5664
ASAH2B,,,0.0025643012470748837,5665
ASAP1,0.41176262497901917,-3.481513236005321,0.002749500174708543,5664
ASAP3,,,0.0022054682006556795,5665
ASB1,1.101391077041626,-5.122970668672426,0.0019056019439622988,5664
ASB13,,,0.0010614151677397815,5665
ASB3,0.1782609075307846,-1.080776008660022,0.00195666899354009,5664
ASB6,,,0.008416681969891414,5665
ASB7,,,0.013723213580926787,5665
ASB8,1.3874322175979614,-1.3737358130856476,0.025616589586035687,5665
ASCC1,3.1328349113464355,-3.1296983511402563,0.005198207700129577,5663
ASCC2,3.0105667114257812,-5.205563629910066,0.003267529075830241,5664
ASCC3,2.221510887145996,-5.845223643418907,0.02609349590859478,5664
ASCL1,,,0.0020902186886685332,5665
ASCL2,1.2649867534637451,-3.977403548279366,0.0024957039311148607,5665
ASCL3,,,0.013482230473395964,5665
ASCL4,,,0.0037932211406949507,5665
ASCL5,,,0.005849941577352494,5665
ASF1A,2.2383148670196533,-6.6838967724343465,0.0027142246461082805,5664
ASF1B,2.546645402908325,-12.427310017255458,0.0008577171654190201,5664
ASH1L,0.47598811984062195,-6.0323574957320485,0.0015856990346783733,5663
ASH2L,1.843387246131897,-7.20039830823768,0.00945001778747836,5664
ASIC4,2.1978564262390137,-7.580771676455659,0.001479600951445167,5665
ASL,2.0646533966064453,-5.029460027391204,0.004928589577024389,5664
ASMTL,,,0.006354359320416007,5665
ASNSD1,1.628378987312317,-5.8378635380578014,0.002181810728306387,5664
ASPH,,,0.004350905207169018,5665
ASPM,2.5291128158569336,-17.23168965516191,0.001509227266165723,5664
ASPSCR1,-0.013439523987472057,0.07305304290620337,0.0035512259711881285,5664
ASRGL1,2.332583427429199,-11.095815471110106,0.001725689662663908,5665
ASXL1,1.3821852207183838,-9.887442876937595,0.0026424746708841947,5664
ASXL2,1.9915521144866943,-7.665310185401322,0.0021327361067103685,5664
ATAD1,1.9549674987792969,-5.148636409837204,0.0030654481134517993,5664
ATAD2,2.0902397632598877,-6.821001822614955,0.007639955403057631,5664
ATAD2B,0.9907256364822388,-4.375758970222463,0.003362230824016966,5663
ATAD3A,1.102205753326416,-4.7969675145974024,0.008870018411895896,5664
ATAD3B,1.3865344524383545,-3.8799823832676736,0.006482357527531353,5664
ATAD5,2.280233144760132,-9.834941802610327,0.0041831738306500315,5664
ATE1,0.8172793984413147,-3.037254771878718,0.0023507212089404917,5664
ATF1,1.9554582834243774,-7.783366346123506,0.0015348943215559674,5664
ATF2,0.9880017638206482,-4.578732710199829,0.002642511850165805,5664
ATF3,2.8482792377471924,-4.024978923822452,0.0017643554661830006,5665
ATF4,1.0643190145492554,-9.817491487813328,0.007198186221530368,5664
ATF5,0.8455939888954163,-1.871907577328256,0.025658552364028288,5665
ATF6,2.2371723651885986,-6.2875643135409245,0.004159764375440724,5664
ATF6B,1.5688613653182983,-6.593384202756929,0.002717849955767539,5664
ATF7,5.546839237213135,-0.9280703058893062,0.016993708222256602,5664
ATF7IP,0.6276054978370667,-5.13772644348276,0.0015786292169082522,5664
ATF7IP2,0.5222326517105103,-5.669346925187107,0.004866764133839634,5664
ATG10,2.3479766845703125,-5.231569439144186,0.0032968313961912387,5664
ATG12,2.5246050357818604,-3.554119037413878,0.011866548041784209,5663
ATG13,1.032656192779541,-3.5444253147693083,0.0031755403320484796,5664
ATG16L1,,,0.007306986501371789,5665
ATG2A,2.513680934906006,-3.5487309031714904,0.003693702172840872,5665
ATG2B,,,0.006234984590425343,5665
ATG3,1.469878911972046,-9.10630958879399,0.0036087303537469004,5664
ATG4A,4.715009689331055,-1.619487122961544,0.0039034231801597166,5664
ATG4B,1.7946465015411377,-6.424772350143292,0.0024384184634488313,5663
ATG4C,2.067291736602783,-4.124418707804067,0.0025947406282294805,5664
ATG4D,2.814772844314575,-3.974510776084992,0.003459644179953566,5664
ATG5,2.797868251800537,-7.373235030737494,0.0031223441833127946,5664
ATG7,3.132765769958496,-4.426872830902062,0.001885577954112227,5664
ATG9A,1.1278278827667236,-3.5413556384932825,0.002972587818219764,5664
ATIC,1.6711534261703491,-7.103524899724946,0.013598883507048251,5664
ATL2,2.875797748565674,-4.9712484357910585,0.003914544953239321,5664
ATL3,1.5553250312805176,-5.563534766623428,0.0032459131244228267,5664
ATM,1.6348105669021606,-7.560953354460668,0.0032506475562133932,5663
ATMIN,1.360673189163208,-4.055646240423311,0.00332952524556297,5664
ATN1,1.5469348430633545,-5.538594835455572,0.002110620955899293,5664
ATOH1,,,0.002634842590322231,5665
ATOH7,,,0.0046833998749682354,5665
ATOH8,,,0.002105908608541793,5665
ATOX1,1.142691969871521,-9.415120705392848,0.004077521949689867,5664
ATP11A,1.8606592416763306,-8.458624307269831,0.0018130371455886182,5664
ATP11B,0.49315503239631653,-4.307894747803558,0.006903757565292548,5664
ATP11C,0.27858856320381165,-0.7261803143900505,0.011267644704167983,5664
ATP13A1,2.99509859085083,-2.9909782713766067,0.006778960714096332,5665
ATP13A2,4.223091125488281,-4.221823864878206,0.0012551015978312398,5664
ATP13A3,1.8116439580917358,-6.213989107547988,0.004076956266335416,5664
ATP1A1,1.6561704874038696,-7.626037772667697,0.01943530743608762,5664
ATP1B3,1.0483859777450562,-10.713509521420246,0.005962096584420558,5664
ATP23,1.52640962600708,-5.463539394316951,0.003041991154420393,5665
ATP2A2,1.0912885665893555,-11.035632058681395,0.001875171062948962,5664
ATP2A3,1.4205518960952759,-4.679150340065802,0.002674116320249834,5665
ATP2B1,0.7643735408782959,-6.02906315477575,0.0034308663444791803,5664
ATP2B4,,,0.00842528866611919,5665
ATP2C1,2.463217258453369,-3.4757030055976696,0.006557459208499887,5664
ATP5F1A,0.7332763671875,-12.343924997803537,0.005016867522012033,5663
ATP5F1B,2.0271031856536865,-18.920182132872824,0.01153834520874448,5664
ATP5F1C,2.2358078956604004,-11.587694174980347,0.01269524546340421,5663
ATP5F1D,1.2093453407287598,-18.84228075808579,0.0041690793487753185,5664
ATP5F1E,0.3457542657852173,-2.8715698487081656,0.018383351908982107,5664
ATP5IF1,2.0351219177246094,-15.28372105515244,0.004201173988166867,5663
ATP5MC1,2.954582452774048,-22.607757792077926,0.0020191612303761307,5664
ATP5MC2,1.7420220375061035,-19.236989745356357,0.004383136612529871,5664
ATP5MC3,2.9414470195770264,-25.39863406399415,0.0039034644036584107,5664
ATP5MD,1.480512022972107,-10.252856478142498,0.008273690798571758,5664
ATP5ME,1.803303599357605,-15.898936404664804,0.005446888181169363,5664
ATP5MF,1.900231957435608,-30.229188964183876,0.00341722061125113,5663
ATP5MG,1.5357531309127808,-15.819062570413434,0.007152589576492194,5664
ATP5MPL,2.232029914855957,-6.859209641918365,0.02211804891003773,5665
ATP5PB,1.8901242017745972,-8.018692991373609,0.0188129289837901,5663
ATP5PD,2.3098337650299072,-9.897956310264563,0.01271667073576674,5664
ATP5PF,0.8475878834724426,-12.933839675457165,0.005310967009524408,5663
ATP5PO,2.548586368560791,-24.812159809339818,0.004414883874213061,5664
ATP6AP1,2.2520761489868164,-5.496434891908442,0.008372003437181419,5664
ATP6AP2,1.9110121726989746,-10.381969744707817,0.0025717915958853995,5664
ATP6V0A1,2.3685672283172607,-8.456895819708642,0.003935001346114059,5664
ATP6V0A2,3.2088558673858643,-3.205795525244932,0.005051746098434335,5664
ATP6V0B,1.7942367792129517,-25.525236946316618,0.0022811332098880105,5662
ATP6V0C,0.4959934651851654,-3.387590320233615,0.01207754500828836,5664
ATP6V0D1,1.2698386907577515,-7.0671786171680555,0.0028861556905260457,5664
ATP6V0E1,2.1668148040771484,-11.68927994507957,0.0026761794174858635,5664
ATP6V0E2,1.5547927618026733,-3.0948308028817593,0.0060414363672114555,5665
ATP6V1A,2.154482364654541,-3.0260305214869403,0.035323514049631355,5663
ATP6V1B2,0.8572479486465454,-3.69354904880525,0.011150718724878174,5664
ATP6V1C1,2.090660810470581,-4.649551816359802,0.01048333028976648,5664
ATP6V1D,1.5012011528015137,-7.874290733591428,0.001442204982472712,5663
ATP6V1E1,1.779872179031372,-13.169937948300321,0.002600794888479652,5663
ATP6V1E2,,,0.0021891128367762147,5664
ATP6V1F,1.7195132970809937,-13.963747973255627,0.007471687416035607,5664
ATP6V1G1,1.6869018077850342,-16.74360458516503,0.005027983216422785,5664
ATP6V1H,1.8214607238769531,-6.50893089155559,0.0059429686963863885,5664
ATP7A,2.2500290870666504,-4.490908370618553,0.0019537872844556012,5664
ATP7B,0.372548371553421,-1.107497028961227,0.006192099864810638,5664
ATP8B2,1.2130506038665771,-3.8144359247545436,0.0030815961421786224,5665
ATP9B,,,0.0025413669428270276,5665
ATPAF1,2.7081940174102783,-4.6809067220568314,0.0033193117559198533,5664
ATPAF2,3.4246914386749268,-3.4231937979175617,0.002237104526933843,5665
ATPSCKMT,0.8150684833526611,-1.9791831302129739,0.008182764601304113,5663
ATR,1.002846598625183,-3.279644031857332,0.01954246941534116,5664
ATRAID,2.1328136920928955,-8.690572454111356,0.0034598610053116065,5663
ATRIP,2.371945381164551,-3.35005866338732,0.013122839313391078,5665
ATRX,2.381105422973633,-17.728318840914152,0.0017329874894329099,5664
ATXN10,2.575671434402466,-6.258934269350619,0.011919674462898594,5664
ATXN1L,0.3267935812473297,-0.9718583675178314,0.007971907683887473,5664
ATXN2,0.4657559096813202,-3.7340008171320576,0.004176917341409746,5664
ATXN2L,0.3862871527671814,-3.4458796095830344,0.0043094509519381275,5664
ATXN3,1.86541748046875,-5.262020580492457,0.0016111304688875,5664
ATXN7,0.278266578912735,-2.472163763546383,0.0012366855316963195,5663
ATXN7L1,,,0.0031755595820803046,5665
ATXN7L3,0.669257640838623,-3.5675683146638795,0.0018642293991297523,5664
ATXN7L3B,2.2743091583251953,-9.772612319091362,0.003372144214354261,5664
AUH,1.714926838874817,-3.41972894809783,0.002863220083676206,5664
AUNIP,2.2371702194213867,-6.307174016790681,0.0017798867073048586,5664
AUP1,1.2653093338012695,-13.103029019916221,0.0021734287558180395,5664
AURKA,0.7176694273948669,-2.370173381684982,0.02124231782356955,5663
AURKAIP1,1.2962658405303955,-15.405048123217112,0.004153589154445392,5664
AURKB,0.3344859778881073,-1.3589527739299196,0.01172410309903303,5664
AVEN,2.3655850887298584,-6.229479356966197,0.004538116081471747,5664
AVL9,2.528367280960083,-6.180167050702574,0.0017896951540896256,5663
AVPI1,,,0.0022677606640697247,5665
AXIN1,0.7596706748008728,-1.9979237214936916,0.004117319341867795,5664
AXL,,,0.002592920398730603,5665
AZI2,1.244455337524414,-6.004562559617659,0.0031597415274375175,5664
AZIN1,2.7432265281677246,-2.73438052907015,0.015871515712212795,5664
B2M,0.5514761209487915,-13.720737882531944,0.0015857310422288267,5664
B3GALNT2,1.8202985525131226,-5.433410281112923,0.002382652122536304,5664
B3GALT6,2.4584522247314453,-6.007211248749924,0.0018804150676681682,5665
B3GAT3,2.0268378257751465,-8.289271720453666,0.0021849670132815663,5664
B3GNT2,1.9223518371582031,-4.690735772299193,0.002656647207669411,5664
B3GNT5,0.5226832032203674,-1.0384282083248861,0.007464417274539466,5665
B3GNTL1,,,0.0021920345191610386,5665
B4GALNT1,,,0.016269224639710377,5665
B4GALNT4,,,0.0016085054453468068,5665
B4GALT1,2.037057399749756,-4.5382581855865265,0.0037995512647595567,5664
B4GALT2,1.227073311805725,-5.695909949455995,0.0020615820128493563,5663
B4GALT3,2.068437099456787,-6.502478531727361,0.0035413303581750166,5664
B4GALT4,2.9127721786499023,-4.115980748598603,0.0016748575521701124,5665
B4GALT5,1.703558087348938,-5.3560886352234744,0.0029985216873680315,5664
B4GALT7,3.0559372901916504,-3.0537014205306887,0.003432562508536845,5665
B9D1,0.2043878734111786,-0.8808233204780483,0.0026938994805659616,5665
B9D2,,,0.005469224563714393,5665
BABAM1,2.072742462158203,-9.161563260640303,0.0030799572998294797,5664
BABAM2,5.248584270477295,-1.756330551259967,0.005203804994341944,5664
BACH1,1.809908390045166,-7.178361766433694,0.0023827158890031403,5664
BACH2,,,0.0014439535424521307,5665
BAD,3.5614304542541504,-6.163011977519729,0.0013768464099090001,5664
BAG1,1.987051248550415,-11.388029007080116,0.0028752687319143723,5663
BAG2,1.7413676977157593,-6.847779639486822,0.005670966314359811,5664
BAG3,2.10532546043396,-5.146240187937606,0.001448557430653971,5665
BAG4,1.5931077003479004,-5.696946715958804,0.003347773007874307,5664
BAG5,1.143492579460144,-3.5698931774247677,0.006316437194062196,5664
BAG6,1.5011075735092163,-9.305606025489686,0.009653894325481352,5664
BAHCC1,0.6601436734199524,-3.452531703772469,0.0019251954565489685,5665
BAHD1,,,0.001940471910481925,5665
BAIAP2,1.5561622381210327,-4.654505760042402,0.0012879883258615278,5665
BAIAP2L1,2.1003425121307373,-5.128033855189897,0.0025242150966657954,5665
BAK1,1.8215556144714355,-3.14446997329931,0.004792648542786471,5665
BAMBI,0.620124340057373,-2.1237083225232136,0.00682329910285241,5665
BANF1,0.8879548907279968,-15.502686255130628,0.0018300128190947137,5664
BANP,0.6761705875396729,-2.8448896699505823,0.0046031561760166186,5665
BAP1,2.092254400253296,-7.514957304984384,0.02046941783140026,5664
BARD1,2.368990898132324,-7.085986584341362,0.0016358349147603726,5664
BARHL1,,,0.005063842705882088,5665
BARHL2,,,0.002547315671591684,5665
BARX1,,,0.004237457331922984,5665
BARX2,,,0.003766026249943784,5665
BATF,,,0.002408702728768005,5665
BATF2,,,0.0022815895932982756,5665
BATF3,,,0.0026988206571432072,5665
BAX,2.198855400085449,-15.041166543738255,0.0012010426798771097,5664
BAZ1A,1.4867558479309082,-13.848738394726363,0.003730943495540869,5664
BAZ1B,0.6571985483169556,-8.553736488190715,0.002181407431267187,5664
BAZ2A,0.45284536480903625,-5.576516560076812,0.0013627972564052555,5664
BAZ2B,1.1577945947647095,-7.997501677505391,0.0013146818069171842,5664
BBC3,1.078480839729309,-3.7041462127907328,0.0031581147058696553,5665
BBIP1,0.9302689433097839,-3.204018376277657,0.0020415758147416096,5663
BBS1,,,0.0029789433248666817,5665
BBS2,,,0.0013279309504185155,5665
BBS4,2.2928216457366943,-6.047039278942333,0.0019960238674751126,5665
BBS7,2.61894154548645,-5.8447262704785015,0.0015435272055810876,5664
BBX,0.886234700679779,-6.223959640364909,0.0022470836327378434,5664
BCAP29,1.6744500398635864,-4.667091910159269,0.009390279959265021,5664
BCAP31,1.788831114768982,-11.748417635267169,0.002750477766993164,5664
BCAR1,0.17672742903232574,-1.2701502335752979,0.0009645922019474476,5665
BCAS2,1.1000726222991943,-6.572685232256242,0.014842124716238136,5664
BCAT1,2.861854076385498,-12.33226970572256,0.0028154355246991698,5665
BCAT2,2.2033936977386475,-4.907000798037137,0.0031406641723295305,5664
BCCIP,1.412848949432373,-4.3839075593767936,0.016030548251589602,5663
BCKDHA,0.15209831297397614,-1.295576577013965,0.0018881337790523885,5664
BCKDHB,4.994735240936279,-1.6862404321398805,0.0037688711558943972,5664
BCKDK,1.8847564458847046,-6.500424251762251,0.0017602098845243617,5664
BCL10,1.476770043373108,-4.873468969465495,0.0021431706262030575,5664
BCL11A,,,0.00357285518119641,5665
BCL11B,,,0.003531266040895075,5665
BCL2L1,0.652692437171936,-7.2380328536339675,0.0014120542916370917,5664
BCL2L11,0.5386767387390137,-3.837511923892604,0.002124643605719308,5665
BCL2L12,2.312602996826172,-8.553738649481163,0.004813354937634321,5663
BCL2L13,2.250087261199951,-8.358832249643228,0.0027595720091265164,5663
BCL2L2,2.6084837913513184,-3.684649645002892,0.003155560613199227,5664
BCL6,,,0.0034877750529947902,5665
BCL6B,,,0.003415539368686601,5665
BCL7A,2.226079225540161,-7.345166918930485,0.0023463520048876895,5664
BCL7B,0.598341703414917,-1.8519532570580468,0.009818266361280102,5664
BCL7C,1.8174569606781006,-7.79739721232637,0.004056280660936969,5664
BCLAF1,1.6829947233200073,-13.526577366046075,0.004276129642254371,5664
BCOR,-0.04067545756697655,0.3837856858348819,0.0022579542716791444,5664
BCORL1,0.009031633846461773,-0.04710777626167216,0.0021338415321467455,5665
BCR,0.39709338545799255,-2.2833951156046233,0.00377221820792018,5664
BCS1L,3.0513112545013428,-5.277099941149663,0.002497667369946301,5665
BDH2,1.9267737865447998,-4.29258222605722,0.0031072977453622643,5665
BDP1,1.218431830406189,-8.923336586513587,0.006702322467391039,5664
BECN1,1.9544304609298706,-5.49354368469277,0.0039074135403625665,5664
BEND6,,,0.0047762317294889655,5664
BEST1,,,0.0010203299161225584,5665
BET1,1.4523475170135498,-3.8136765603651726,0.0102608390109916,5664
BET1L,2.7627782821655273,-4.780011448912348,0.001492492169041825,5664
BEX2,1.9233452081680298,-6.6171679537845405,0.0025814550073980664,5665
BEX4,3.2643985748291016,-9.140728445734586,0.0061689118108596225,5665
BFAR,2.1678152084350586,-9.120591362950215,0.0020939445057375486,5663
BGLAP,,,0.016561301060212513,5665
BHLHA15,,,0.0028740097608866326,5665
BHLHA9,,,0.003124065782275265,5665
BHLHE22,,,0.0018838145110736052,5665
BHLHE23,,,0.002329996376268058,5665
BHLHE40,0.270713746547699,-5.217791847141002,0.0019210763577829598,5665
BHLHE41,,,0.005136339103500294,5665
BICD1,1.8609744310379028,-8.063843427707537,0.0015793130385931811,5664
BICD2,2.0735151767730713,-6.534243401506426,0.0014534521642714682,5664
BID,1.1321254968643188,-9.765768945637046,0.002586038005548983,5664
BIN3,3.026256561279297,-4.275620165921026,0.002072245438847093,5664
BIRC2,1.8738094568252563,-6.973069423808529,0.0024126317536301636,5664
BIRC5,0.16437992453575134,-1.0822191666107475,0.010179656146535456,5664
BIRC6,1.1889536380767822,-10.156206676409697,0.002269044261137531,5664
BIVM,2.1022839546203613,-7.253492920381281,0.0017963843066854408,5665
BLCAP,2.2454628944396973,-5.485051723998609,0.002099099270296402,5664
BLM,1.3387418985366821,-5.584554852137867,0.004573767166728129,5664
BLMH,2.3463172912597656,-11.635831358109993,0.0014382008353219056,5664
BLOC1S1,2.5707643032073975,-7.195526755831919,0.007578054472691498,5664
BLOC1S2,5.882610321044922,-1.5562349385032705,0.006976584896017976,5664
BLOC1S3,,,0.0011586055851601808,5665
BLOC1S4,1.2560551166534424,-6.7254478369560395,0.0036076534410163577,5664
BLOC1S5,3.0315775871276855,-7.410416149590031,0.0016610225473440302,5664
BLOC1S6,2.424994945526123,-6.823542178048709,0.002830411492640294,5664
BLVRA,0.7222177982330322,-5.3784777068324905,0.002036268949641981,5664
BLVRB,3.2768781185150146,-13.424533672229588,0.0018848645939875716,5664
BLZF1,3.1125404834747314,-5.38483313953896,0.0018920372812164794,5663
BMI1,0.3964983820915222,-3.960702813576377,0.00198820025072552,5665
BMP1,,,0.0031589394323024832,5665
BMP2K,0.5890957713127136,-4.094952949556841,0.015569266064562918,5664
BMPR2,0.31281766295433044,-1.4171028275918727,0.0027857198052970503,5664
BMS1,1.0393092632293701,-3.2929063029485373,0.0315925111648893,5664
BNC1,,,0.0041675632015402255,5665
BNC2,,,0.003906985918942459,5665
BNIP1,1.1571738719940186,-3.048122630448717,0.009201105085424861,5664
BNIP2,1.5641093254089355,-9.391511550066094,0.0016763309060773637,5664
BNIP3L,0.5704908967018127,-10.486707066811437,0.0008555810364630942,5664
BOD1,2.3166537284851074,-4.618242551187195,0.003550846627136008,5664
BOD1L1,0.7515930533409119,-10.649981218418914,0.004064117453527444,5664
BOLA1,,,0.0015256008045496964,5665
BOLA3,1.936841607093811,-13.886150209538082,0.002211892580011818,5664
BOP1,0.13616202771663666,-2.638066781695192,0.001359909696253265,5663
BORA,2.59920334815979,-2.594999617361983,0.010262168657838326,5663
BPGM,1.4887669086456299,-4.189773140434697,0.0036178966674314797,5665
BPHL,1.6277323961257935,-1.6224349150273087,0.016402688881473882,5665
BPNT1,2.888684034347534,-4.0788706097651195,0.003764915644234137,5665
BPTF,0.6311374306678772,-6.353377174297835,0.005191893714095968,5664
BRAF,1.6446747779846191,-6.3098287251239356,0.0032829718066804143,5664
BRAP,2.4514501094818115,-5.985931749606654,0.0024914519389599593,5664
BRAT1,2.943439245223999,-7.197934723220159,0.001263835858367907,5664
BRCA1,1.707910418510437,-10.712080323082288,0.0030796721278801816,5663
BRCA2,2.7233471870422363,-10.502054086854786,0.001759643945386498,5664
BRCC3,1.9241045713424683,-7.6607983376548425,0.0014072972523022605,5664
BRD1,2.349957227706909,-6.198785705436087,0.0028524232544004306,5664
BRD2,1.158247947692871,-9.726110757135228,0.004644547031433288,5664
BRD3,1.9192534685134888,-7.38282758247513,0.002208496155764272,5664
BRD4,0.4270479679107666,-6.020371244305886,0.0029418555319305627,5664
BRD7,0.6568693518638611,-5.955142326690039,0.0036541607591567622,5664
BRD8,2.587876319885254,-5.763581613401846,0.015909786680904644,5663
BRD9,2.203361749649048,-4.383461172459794,0.008109648410131688,5663
BRF1,,,0.002082833500788845,5665
BRF2,2.6490254402160645,-5.291455333594315,0.0012388155879099652,5665
BRI3,1.0177079439163208,-5.191027229754627,0.00469478167560352,5664
BRI3BP,2.0052406787872314,-11.071950212623985,0.0011472777353976594,5663
BRIP1,2.482947587966919,-6.553167845594418,0.0014917639252913061,5664
BRIX1,0.884687602519989,-7.333259428912336,0.011372636290076989,5664
BRK1,2.5695981979370117,-26.21418236466792,0.0010568410178316305,5664
BRMS1,2.302471399307251,-5.122836351300653,0.005370852087131172,5664
BRMS1L,2.8567590713500977,-2.8543856930483567,0.0035997133566526103,5664
BROX,0.4665354788303375,-2.3373210829894826,0.00736799029112021,5663
BRPF1,1.7899072170257568,-5.043782560626222,0.002608877062116221,5665
BRPF3,1.7490510940551758,-3.898478721928734,0.0030590776279224236,5664
BRWD1,2.480163335800171,-8.880365550566204,0.0024498536669135926,5664
BRWD3,1.2556120157241821,-4.107604684995897,0.005544968300496541,5664
BSCL2,0.17853401601314545,-1.5022820020228596,0.0014010167406981798,5664
BSDC1,2.4254631996154785,-4.824700176317703,0.006552236479956608,5664
BSG,1.599714756011963,-24.584550337394802,0.001967152384933859,5664
BST2,1.123726725578308,-3.50760223658177,0.007911712995514334,5664
BSX,,,0.0020559532561960857,5665
BTAF1,2.526675224304199,-3.5685439023429333,0.008238267067422596,5664
BTBD1,1.7510840892791748,-6.49377872274772,0.0036150719766217163,5664
BTBD10,,,0.002385112772829423,5665
BTBD2,1.975880742073059,-4.825414602690314,0.0022011918813921705,5664
BTBD3,,,0.0040794494041711425,5665
BTBD7,1.7137161493301392,-4.17906556238063,0.004018034672164454,5664
BTF3,2.466099262237549,-21.492463968166184,0.013893056589072006,5664
BTF3L4,1.9620200395584106,-15.402831818364202,0.001532734566173655,5663
BTG1,0.2015993297100067,-4.48619375906811,0.001742774777930205,5664
BTG2,2.2763583660125732,-4.541043393642841,0.00316005872307611,5665
BTG3,5.574465751647949,-2.345009971882151,0.0029000909942515918,5664
BTK,2.3231213092803955,-7.991863681395051,0.0026913341074348398,5665
BTN2A1,1.4035115242004395,-1.9789912908305876,0.006475050200389759,5665
BTN2A2,,,0.009324648834663718,5665
BTN3A2,4.654885768890381,-1.4791896400995732,0.005716488416986786,5665
BUB1,2.015787363052368,-19.755621352197167,0.0012133235963485388,5664
BUB1B,1.9569889307022095,-6.743188179343919,0.004152329200426811,5664
BUB3,0.9984201788902283,-11.747141073231111,0.007628135240281213,5664
BUD13,0.23417025804519653,-0.9517558750934653,0.004897737862049487,5664
BUD23,1.3871698379516602,-6.039494158892829,0.013091983225425166,5664
BUD31,0.539637565612793,-3.27723422856891,0.011175138131677016,5664
BYSL,1.5365447998046875,-5.269504711678011,0.022427070846604353,5664
BZW1,1.8582768440246582,-14.319465227771486,0.003673281895354547,5664
BZW2,1.9656003713607788,-14.412940715376092,0.0016564180126380954,5663
C10orf88,,,0.0061168895140763235,5665
C11orf1,2.279348134994507,-6.005300339484294,0.002979784600022509,5665
C11orf24,2.276294708251953,-4.542557309066324,0.002661793452048883,5664
C11orf49,2.826206684112549,-3.9926425253881543,0.0022776169397951736,5665
C11orf54,1.7912094593048096,-3.9896841636405336,0.0036550101613752437,5664
C11orf58,2.3909835815429688,-17.240086526959843,0.0018464673904308095,5664
C11orf68,1.4197334051132202,-4.8906031460275505,0.0019123596393646014,5664
C11orf71,2.2143685817718506,-3.1262009062134846,0.0035544086710170265,5664
C11orf74,4.881767749786377,-0.6364405240269794,0.02891857476501753,5665
C11orf80,,,0.0031291708033830946,5665
C11orf95,,,0.0023187018375379663,5665
C11orf96,,,0.001574203917935916,5665
C12orf29,2.596597909927368,-8.962650448850708,0.0012601494317915703,5664
C12orf4,2.018089532852173,-4.028951684838123,0.0017629768329930774,5664
C12orf43,1.4519548416137695,-4.549877968306314,0.004394775746114324,5664
C12orf45,3.0883777141571045,-5.334243815178362,0.01983996128295336,5665
C12orf49,2.280322313308716,-3.217360502688348,0.0050889477677472815,5665
C12orf57,1.6959292888641357,-7.629960112482558,0.003930058719131312,5664
C12orf60,,,0.026403976426576742,5664
C12orf65,0.6480464935302734,-3.164468499797499,0.006238552821923212,5665
C12orf73,0.28387942910194397,-1.7774396797649739,0.0037673783776596835,5664
C12orf76,2.232633352279663,-4.453884848416388,0.0026081667432574546,5665
C14orf119,0.8874637484550476,-7.111219528620253,0.0032965160248442614,5663
C14orf178,,,0.008058451682753714,5664
C14orf93,,,0.0013048268412552265,5665
C15orf39,,,0.003733648768514449,5665
C15orf40,2.1801581382751465,-8.92748499052658,0.0017510318898033834,5664
C15orf41,4.533850193023682,-1.9286710971744103,0.0034821836907321406,5665
C15orf61,1.7823208570480347,-7.883185766051485,0.002575912424553326,5664
C16orf58,,,0.009868235962293241,5665
C16orf70,1.4209879636764526,-4.478949275338494,0.0012672821717437987,5665
C16orf72,1.531839370727539,-6.636449303369722,0.0024055838252333805,5665
C16orf86,,,0.0010631822013791804,5665
C16orf87,1.4852638244628906,-7.353268298577563,0.0029910013733608887,5664
C16orf91,2.155456781387329,-9.808949000607862,0.001792369761128575,5665
C16orf95,0.6109800934791565,-2.4121151395475606,0.003560639110888736,5665
C17orf49,1.1349263191223145,-6.780685507578231,0.004813946140146171,5663
C17orf53,,,0.0031832527652297378,5665
C17orf58,1.7059476375579834,-5.338100269413082,0.0047385228984934006,5664
C17orf75,2.5431623458862305,-7.609106849111814,0.0013789060007818824,5663
C17orf80,2.2120449542999268,-4.412820357023654,0.003584510207500765,5664
C17orf99,,,0.0029759177913586407,5665
C18orf21,2.1139001846313477,-2.978938326061124,0.012832796055260528,5664
C18orf25,1.775427222251892,-4.339009286121743,0.001626951016251677,5665
C18orf32,1.6208317279815674,-2.2779204169124574,0.019261316648490644,5664
C19orf12,2.986236333847046,-4.218593368063947,0.0025429460901800777,5664
C19orf25,1.9072389602661133,-13.53767943216323,0.002469128086951598,5664
C19orf47,1.458014965057373,-3.8463348665882666,0.001631316511908393,5664
C19orf48,2.7747764587402344,-8.705244695451698,0.00420630403981595,5665
C19orf53,2.1990411281585693,-22.38593756518006,0.001464904885763963,5664
C19orf54,2.9765727519989014,-2.974741510729622,0.002395583350226836,5664
C19orf73,,,0.004583875133907503,5665
C19orf81,1.933753252029419,-3.8587178393556205,0.0022328690147671026,5665
C1D,2.2260890007019043,-14.421972403203121,0.0018880357510101154,5664
C1GALT1,1.9170594215393066,-3.80474487633395,0.009307121015317759,5664
C1GALT1C1,,,0.002338677552324566,5665
C1QBP,1.392667293548584,-26.493031039983265,0.0050192651209638554,5664
C1QTNF4,,,0.0010008915900466238,5665
C1RL,,,0.0025490996313168586,5665
C1orf109,0.2932782471179962,-4.229649952393371,0.0009619486796113256,5663
C1orf112,2.067357063293457,-6.511662259004215,0.001724638870410106,5664
C1orf122,0.6362072229385376,-4.390951882549349,0.007041538931378369,5663
C1orf131,2.3486454486846924,-4.0441206671838685,0.054037903205337426,5663
C1orf159,,,0.0024385046777058218,5665
C1orf174,2.7284467220306396,-6.089425104374917,0.0019086025766464378,5664
C1orf198,,,0.0012435271896093887,5665
C1orf216,2.009718894958496,-5.298193781575274,0.0024124131759634153,5665
C1orf35,1.1477125883102417,-8.441824586631476,0.0021182641976700235,5664
C1orf43,3.2611453533172607,-9.715980446197209,0.004514771942275213,5663
C1orf52,1.767717719078064,-10.351265388984615,0.0018113307847691365,5664
C1orf53,,,0.002200431647344906,5665
C1orf56,0.22960102558135986,-0.6434511509176121,0.005721916120399917,5665
C1orf61,1.2006701231002808,-5.069388154160833,0.00106811199580845,5665
C20orf27,2.251220703125,-9.445442838723343,0.002805634713101357,5665
C20orf96,2.563237428665161,-3.619491697108959,0.0036201358133235505,5665
C21orf58,1.8738842010498047,-7.901161591810161,0.001553453029193745,5663
C21orf91,1.4092168807983398,-3.1420008056093374,0.002306362809480025,5665
C22orf39,2.8882598876953125,-20.966512591784277,0.0012336382348714394,5663
C2CD2,,,0.007363412624122135,5665
C2CD2L,,,0.0017259952214244065,5665
C2CD3,,,0.015767671280651298,5664
C2orf42,,,0.002072680936646369,5664
C2orf49,1.4003223180770874,-5.723401487423553,0.002139405069593186,5664
C2orf68,0.24634620547294617,-0.5396465572654867,0.01898528314983075,5665
C2orf69,1.782551646232605,-5.325144060429705,0.002025505540772396,5664
C2orf76,,,0.0024025162484284488,5664
C2orf88,2.9129645824432373,-9.17208049685804,0.002098752553863778,5665
C3orf33,4.522930145263672,-1.12608354979794,0.007583424135782694,5665
C3orf38,1.2678465843200684,-5.337939770136144,0.0019103489583102572,5663
C4orf3,4.019547462463379,-8.017690161327966,0.002945253906447717,5664
C4orf33,1.7157979011535645,-4.83513820415682,0.0021356673386908245,5664
C4orf36,,,0.0016675804364701123,5664
C4orf46,1.5384726524353027,-3.0681431373663117,0.0031665127251299936,5664
C4orf48,2.860917329788208,-11.973519832778633,0.0037845928735045983,5663
C5orf15,2.080592155456543,-6.54975463664777,0.0019044724825412283,5664
C5orf22,3.5709304809570312,-3.569072043098896,0.004583544288432532,5663
C5orf24,1.0108208656311035,-5.306246966910816,0.00456508421904829,5664
C5orf30,2.1294960975646973,-4.7519892220724325,0.0029148400032934607,5665
C5orf34,0.8736372590065002,-2.126770591680156,0.004824564991099169,5665
C5orf51,1.8621641397476196,-4.139261651155993,0.006134102149291437,5665
C6orf120,0.5730776786804199,-3.7221736044289875,0.0032184668372670566,5663
C6orf136,2.2775282859802246,-5.564023553181227,0.0017674808121933186,5665
C6orf15,,,0.0011306049766025403,5665
C6orf47,2.003793716430664,-3.461510581583465,0.0036117728202458587,5664
C6orf52,1.240964412689209,-3.7068128767860573,0.0020009864743096503,5664
C6orf62,0.5994173884391785,-7.134996152362712,0.001511035503116394,5664
C6orf89,2.6248910427093506,-9.048818380550646,0.002164972088699369,5664
C7orf26,2.0006723403930664,-3.459634044138284,0.008876232462449596,5665
C7orf50,0.42995044589042664,-3.5620530032410764,0.0025337790644772828,5664
C8orf33,2.5946314334869385,-9.981386260208517,0.002490354988949256,5664
C8orf76,2.2800586223602295,-5.075903750987567,0.0038132029115177926,5664
C8orf82,2.5210373401641846,-6.649074763440265,0.002937391041116167,5665
C9orf16,2.259146213531494,-32.31535238223534,0.001165148290266851,5665
C9orf40,1.708675503730774,-4.498130252193141,0.0033596870653042022,5664
C9orf64,1.6996623277664185,-4.479200392823,0.002425921645729275,5665
C9orf78,1.5013527870178223,-23.478463198154515,0.0010254061501221196,5664
C9orf85,2.106734037399292,-4.7001895959906586,0.002135406725633635,5664
CA11,0.7710601091384888,-3.3401824814243586,0.0013508029432636902,5665
CA5A,,,0.0009047143886975849,5665
CA8,2.4416401386260986,-8.754400609671917,0.001825646606308127,5665
CAAP1,5.1025824546813965,-0.6248733422965022,0.02383899366540927,5664
CAB39,0.19713349640369415,-3.205182065194349,0.0013538956819765483,5664
CAB39L,,,0.0013334205139786395,5665
CABIN1,1.4627509117126465,-6.329648630163618,0.004267939489321147,5664
CACNB3,,,0.0005445514088491634,5665
CACTIN,0.23856231570243835,-0.6216329637855263,0.013496852018380532,5665
CACUL1,2.1223182678222656,-6.680882553816179,0.002529506747262853,5664
CAD,1.3971977233886719,-3.387216524341057,0.015814550922640072,5663
CADM4,,,0.000558885066887423,5665
CALB1,,,0.003245104365921041,5665
CALCOCO1,,,0.010336136978157441,5665
CALCOCO2,1.4051473140716553,-12.480552788653474,0.001058026226049438,5664
CALM1,1.6191015243530273,-20.208968226542073,0.0012569061228891122,5664
CALM2,1.1888712644577026,-19.870307465162774,0.006865893731922512,5664
CALM3,1.6808940172195435,-7.4922748189031365,0.00647327187021692,5664
CALML4,0.8280945420265198,-2.730725097214775,0.002184367451519751,5665
CALR,2.008951425552368,-24.530387954680304,0.0047202723408260126,5663
CALU,1.5604639053344727,-9.970211505168239,0.0028353444426013888,5664
CAMK1,,,0.0025353400135377613,5665
CAMK2G,1.7907776832580566,-5.047699195792523,0.0021232151714897086,5664
CAMKK2,5.621668815612793,-0.7110197594780469,0.026403823796599706,5664
CAMKMT,2.1881961822509766,-4.883657123792508,0.0015860191551063105,5663
CAMLG,1.922654628753662,-7.12864055945725,0.005978053250898736,5664
CAMSAP1,1.213856816291809,-3.9918955171307315,0.003972148313842262,5664
CAMTA1,2.1766397953033447,-9.383848777956382,0.0025430554889148294,5664
CAMTA2,,,0.005100370747948502,5665
CAND1,4.149625301361084,-4.142578292818246,0.00950588395408394,5664
CANT1,1.9091887474060059,-2.6911701272284727,0.008048901460885495,5664
CANX,0.4172930121421814,-11.042341536045011,0.0012389415989826592,5664
CAP1,1.7557873725891113,-10.855430894073752,0.00666559466440382,5664
CAPG,0.5902841687202454,-5.099615082583452,0.0018058633615129895,5665
CAPN1,2.9900128841400146,-2.9797217252464483,0.017788168108757215,5664
CAPN15,2.6765918731689453,-2.673384872439937,0.00622920241673278,5664
CAPN2,2.619560480117798,-5.224626599523531,0.0029483203080865254,5664
CAPN7,1.8524703979492188,-7.804483222209631,0.0018706034675539643,5664
CAPNS1,2.5906388759613037,-12.03715830150689,0.002311573068118928,5664
CAPRIN1,0.1677321493625641,-1.2153519633875718,0.015563009879416487,5664
CAPZA1,2.766251802444458,-13.408525463917318,0.002517002271544718,5663
CAPZA2,1.6498193740844727,-6.6737663832542555,0.005685770562763925,5664
CAPZB,1.3179200887680054,-6.690469022090228,0.011758185820743082,5663
CARD11,,,0.0027757499498333813,5665
CARD8,0.31214845180511475,-1.6640995425378764,0.0013901751263785166,5665
CARD9,,,0.0034909915072140626,5665
CARF,,,0.020655555553608075,5665
CARHSP1,1.7461355924606323,-5.717946736089397,0.005214315329521626,5664
CARM1,1.9672430753707886,-5.867155002777156,0.004952436588338558,5664
CARMIL1,4.82245397567749,-0.7470158091482858,0.02118095564017372,5665
CARS,1.0208959579467773,-2.0131256729648914,0.043743445627567996,5665
CARS2,1.697354793548584,-7.694597554982495,0.0037597037283277307,5664
CASC3,2.439040184020996,-7.680244444673841,0.008653289854963626,5664
CASC4,1.3984637260437012,-1.9701446065253347,0.010526005614300256,5665
CASP10,1.5271968841552734,-2.1527658913035257,0.007974529108367599,5665
CASP2,2.208543539047241,-4.92208889159584,0.0029472957082420314,5664
CASP3,2.2055819034576416,-7.279574142188807,0.0023865450967695927,5664
CASP6,2.054654598236084,-9.359762173294591,0.002086307903399821,5664
CASP7,,,0.001487897960614458,5665
CASP8,0.685917317867279,-3.031740947762274,0.0024767985197851334,5665
CASP8AP2,1.2768948078155518,-8.647440077615178,0.01992697158374092,5664
CASP9,,,0.006983309836024447,5664
CASS4,,,0.0025801421046238505,5665
CAST,0.5555555820465088,-2.8799807191241413,0.005913003883538891,5664
CASZ1,,,0.0034280975432929572,5665
CAT,2.337534189224243,-4.6659163251859415,0.002329791802696036,5664
CAV2,,,0.0014642955014802159,5665
CAVIN1,3.3940060138702393,-7.574134998627618,0.0018972367415656087,5665
CBFA2T2,2.222705125808716,-3.1378358722553887,0.0035974346262259804,5664
CBFA2T3,0.59748774766922,-6.269832153356675,0.003927245123943695,5665
CBFB,0.6814743876457214,-4.098018078854257,0.0036308745800061643,5664
CBL,1.8324323892593384,-6.309613212067216,0.0034303418696071293,5664
CBLL1,1.3953042030334473,-5.709796005453611,0.006903203522709453,5664
CBLL2,,,0.009822010984494532,5665
CBLN1,,,0.002368067266749728,5665
CBR1,,,0.0021694141997783086,5665
CBR4,2.7695672512054443,-5.52792262131226,0.0022201526030816675,5664
CBS,2.5274505615234375,-3.57079986061584,0.0020992465271973877,5665
CBWD1,0.25194552540779114,-1.0865133125654138,0.0021711071589957725,5665
CBX1,2.8195300102233887,-10.865773862437218,0.0026712435292967295,5664
CBX2,1.4484392404556274,-3.2292768292652947,0.002471244735891939,5665
CBX3,1.621455192565918,-7.130397516949222,0.015600853410540324,5663
CBX4,0.764853835105896,-4.1421033085682035,0.0015409971659415993,5665
CBX5,0.582597017288208,-7.082789679822321,0.0029831585333642534,5664
CBX6,1.9591110944747925,-3.3830000399350992,0.004574216766299364,5664
CBX8,,,0.0026243331572825706,5665
CBY1,2.7658770084381104,-3.9083995054922935,0.001864793214910424,5665
CC2D1A,1.8197182416915894,-5.127089138361417,0.002258813283789838,5664
CC2D1B,,,0.0019008923663466793,5665
CCAR1,2.251030445098877,-12.864435636943893,0.005974231560229022,5664
CCAR2,1.9843502044677734,-7.395491958049104,0.0015506525707763487,5664
CCDC106,2.2942752838134766,-7.233498108494902,0.0014584425556664659,5665
CCDC107,1.4768919944763184,-4.64606891999835,0.00217011986129986,5664
CCDC112,5.12759256362915,-1.546640564608742,0.007163821292927324,5665
CCDC115,3.067446708679199,-6.127138634814521,0.003424062734779392,5663
CCDC116,,,0.003028784802707559,5664
CCDC117,1.5641361474990845,-5.3823126170952476,0.0028092564098337086,5664
CCDC12,0.38977718353271484,-6.6236411345587145,0.0016091419189962753,5664
CCDC124,0.6596283912658691,-11.691779289659673,0.00095932339808709,5664
CCDC125,1.8383774757385254,-4.489519601838029,0.004848255392683181,5664
CCDC127,3.0792105197906494,-3.0754346964432395,0.0073734344991815675,5663
CCDC130,0.867170512676239,-3.751351234971425,0.0024076310871906344,5665
CCDC136,2.078623056411743,-6.214947842995592,0.0017256384761968027,5665
CCDC137,2.390850305557251,-11.1248461423683,0.0022578212735343954,5663
CCDC138,2.9182820320129395,-7.132588490782606,0.0016534467758725169,5664
CCDC14,2.1921801567077637,-7.543977088295699,0.0026819483673984285,5664
CCDC142,,,0.002272811091007666,5665
CCDC144A,,,0.001695565596071653,5665
CCDC144NL,,,0.0036232255539630186,5665
CCDC150,1.95375657081604,-3.3774083740853276,0.002869974947488129,5665
CCDC167,2.6106417179107666,-8.202057738165909,0.003115294304184186,5664
CCDC169,,,0.002575299870720404,5665
CCDC17,,,0.01834640118696414,5665
CCDC174,2.139784812927246,-4.26189076745093,0.010789923456134057,5664
CCDC18,3.369551181793213,-4.758900490262391,0.0029860501632860467,5663
CCDC22,0.9414743781089783,-2.4762001136881326,0.004615847774578207,5665
CCDC25,2.4508426189422607,-8.4252965546154,0.0031631052627131315,5663
CCDC28A,3.3017210960388184,-4.665834919111821,0.0015221435226630757,5665
CCDC28B,2.469547986984253,-9.816942319024431,0.0018489622122628295,5665
CCDC32,3.0531165599823,-4.312169191460216,0.0028975838068280788,5663
CCDC34,3.2774600982666016,-7.301526362782179,0.00310726671876851,5664
CCDC43,2.8218250274658203,-4.868920889649484,0.0057919297652222115,5664
CCDC47,1.2014857530593872,-11.370238151393025,0.002583785531196149,5663
CCDC50,3.1231274604797363,-6.962439021635464,0.004325046078072578,5664
CCDC51,2.206211566925049,-5.3845287613874895,0.00260807616706186,5663
CCDC57,0.6836348176002502,-3.0341823007097246,0.001460900304433337,5665
CCDC58,1.4535876512527466,-5.516778540190486,0.0063208831874241225,5664
CCDC59,1.5683424472808838,-9.473552416537299,0.005419316753570396,5664
CCDC6,2.2537992000579834,-7.769046967193284,0.006311536316399913,5664
CCDC61,3.1415462493896484,-3.139848054573107,0.0021948928991931626,5665
CCDC66,1.4854326248168945,-6.245507601441096,0.002320333871880996,5664
CCDC69,2.221987009048462,-3.128681211827011,0.014152795470609684,5665
CCDC71,1.7155554294586182,-2.9651965809148124,0.0033823532432801697,5665
CCDC71L,1.860812783241272,-7.154568829011939,0.0026132016881005972,5665
CCDC74A,,,0.0020683220942806987,5665
CCDC77,0.6453555822372437,-3.4980784794545112,0.0014963083712226236,5663
CCDC78,,,0.0038387670329368666,5665
CCDC8,2.582962989807129,-4.465937776867218,0.0024974774662823358,5665
CCDC82,2.1153626441955566,-5.57835629139916,0.0023022043217751417,5664
CCDC84,1.7683560848236084,-1.7645898798455293,0.02435793184680488,5665
CCDC85B,1.945429801940918,-11.070416795448562,0.00351509208454099,5663
CCDC85C,,,0.0026762117783097152,5665
CCDC86,1.6048705577850342,-5.940988952735669,0.022213452267357606,5664
CCDC88A,2.293703317642212,-9.624385071381708,0.003052606229667517,5665
CCDC88B,0.15488217771053314,-0.6491795073227793,0.003815657223580938,5665
CCDC88C,1.7330104112625122,-4.232571938578912,0.00243363036665009,5664
CCDC9,2.080110788345337,-3.5963479698755023,0.00448206331065404,5665
CCDC90B,5.978285312652588,-1.2103886818267917,0.013700360904906448,5664
CCDC91,2.7251014709472656,-6.655440635503842,0.00368885696726297,5664
CCDC92,1.54315984249115,-5.0949913572837975,0.0018342623752817466,5664
CCDC93,1.7520322799682617,-4.61794712495549,0.0032028191870272656,5664
CCDC97,2.6534719467163086,-2.6510420010154476,0.004385805924352661,5664
CCHCR1,3.746720314025879,-3.7437993089583954,0.0034638550627170707,5664
CCM2,0.5643175840377808,-3.6332488885076946,0.001900527340456124,5664
CCNA2,1.1215295791625977,-6.472033845836343,0.009233771469256096,5664
CCNB1,2.203927516937256,-21.857284062018717,0.0011509965404290544,5664
CCNB1IP1,2.2934868335723877,-13.67474440476732,0.002919975704422095,5664
CCNB2,1.9286742210388184,-6.2906576170383515,0.008368108800315565,5664
CCNC,2.70707631111145,-11.080990448278909,0.005409953128070398,5664
CCND1,,,0.0013879054401936576,5665
CCND2,2.3089616298675537,-8.859761686316489,0.0027731591709103712,5665
CCND3,1.8103532791137695,-9.858465638197606,0.006916369815762517,5663
CCNDBP1,1.998288869857788,-3.444302794165616,0.008368948347293334,5664
CCNE1,1.5416157245635986,-5.517335093372675,0.004579412720275759,5664
CCNE2,,,0.005918684187248493,5664
CCNF,2.6650588512420654,-7.517490687678481,0.004003307621764657,5664
CCNG1,2.743695020675659,-8.177714185364875,0.0037044567580743364,5664
CCNH,2.3321664333343506,-5.676922065766663,0.01591207698355754,5664
CCNI,3.202085494995117,-11.744755591414199,0.0074483215968090336,5664
CCNJ,1.3094440698623657,-1.3063999176989483,0.020046554100299162,5665
CCNK,0.5668051838874817,-7.326762275516172,0.0024832669426268195,5663
CCNL1,1.643933653831482,-11.48383186896656,0.002140732277619444,5664
CCNL2,0.5975640416145325,-4.290872695554218,0.004578301524064546,5664
CCNO,,,0.0026199111996805164,5665
CCNQ,0.6328288912773132,-2.1738822059286784,0.006985919413925926,5664
CCNT1,1.6188466548919678,-6.005911323949044,0.0031770036673631793,5664
CCNT2,1.2787376642227173,-7.045316484378977,0.0016335459636447123,5664
CCNY,0.8277409076690674,-7.758026805248203,0.0014794102389378365,5664
CCP110,2.1654868125915527,-3.053047682913917,0.006753409865664933,5663
CCPG1,2.1778695583343506,-10.797552401107634,0.0018945970904038348,5664
CCR10,1.1753710508346558,-3.876567613231296,0.0020646708839791054,5665
CCS,1.747011423110962,-5.20605867537813,0.0034269684504832586,5664
CCSAP,3.2451260089874268,-3.2432226675519518,0.002779768395556425,5665
CCSER2,3.3036394119262695,-3.301472043211226,0.0028065933051605596,5664
CCT2,1.0861656665802002,-9.369197413023214,0.016383411204397662,5664
CCT3,1.3435966968536377,-14.246195421360245,0.011932543091144849,5664
CCT4,1.4142513275146484,-13.890865970548534,0.016709811085882507,5663
CCT5,1.930766224861145,-13.866087302133417,0.027738597896737844,5663
CCT6A,0.2601258456707001,-4.044144050225296,0.0052139469507633054,5663
CCT8,1.2625243663787842,-13.844413096857128,0.013542673785320479,5664
CCZ1,1.505258321762085,-7.000237346273244,0.0021826444154785145,5665
CCZ1B,,,0.002605788396227894,5665
CD151,1.9201186895370483,-7.626118510737951,0.0021511570267229254,5664
CD164,1.8049545288085938,-15.047578561031552,0.0016983708313938106,5664
CD226,0.4184819459915161,-1.306669877681191,0.005737004095937333,5665
CD24,,,0.0017118703204894083,5665
CD276,2.4500792026519775,-3.460791372721235,0.0028460333824561427,5665
CD2AP,0.4415757656097412,-3.534605256872324,0.003632051186238443,5664
CD2BP2,1.7032577991485596,-8.620500289603244,0.00275910056614936,5664
CD320,3.300736665725708,-8.691516549332526,0.003346836971393511,5664
CD33,2.2221691608428955,-7.975558497279286,0.001971454475835114,5665
CD3D,,,0.0023903194515683367,5665
CD3EAP,4.355817794799805,-4.352117621555694,0.019488560932528178,5665
CD46,1.9469770193099976,-7.171026508548466,0.005922854295333966,5664
CD47,2.719428300857544,-11.73512071183743,0.0026463255173397025,5664
CD52,,,0.0042897550698138345,5665
CD53,3.0608017444610596,-5.285301665271882,0.004971471065969254,5665
CD55,2.647649049758911,-10.199065808849571,0.0016264056421535437,5664
CD58,4.888876914978027,-2.2928350456270623,0.002011158465430312,5664
CD59,0.745942234992981,-6.307411117369046,0.0015438250776460178,5664
CD63,1.4383119344711304,-25.139183808157334,0.002055914469617838,5664
CD68,,,0.0026385722312622104,5664
CD69,,,0.003729177251638888,5665
CD7,5.790210247039795,-1.9201995193868113,0.003915343491861092,5665
CD81,0.7064674496650696,-10.088242009399618,0.001757796347341408,5664
CD8B,,,0.0020830614788021635,5665
CD9,2.2231712341308594,-3.139898938666588,0.0026607009658918884,5665
CD99,1.8408743143081665,-9.180034561026293,0.006291367826068412,5664
CD99L2,,,0.02663509972502019,5665
CDADC1,1.453994631767273,-3.5484731182670566,0.0024224887433073558,5665
CDAN1,,,0.005191289059390462,5665
CDC123,1.891187310218811,-14.750519546827089,0.003241383244907085,5663
CDC14A,0.5715218186378479,-3.035247290694036,0.002070503523223714,5665
CDC14B,2.91563081741333,-5.04378580007391,0.0025722010183789373,5664
CDC16,0.9922086000442505,-5.477095946088116,0.007015320058627907,5664
CDC20,0.115589939057827,-1.109019812315665,0.003518208469437576,5664
CDC23,1.503247857093811,-2.578729407742145,0.01570010049358488,5664
CDC25A,1.1399534940719604,-5.740661414741919,0.00224082825906975,5664
CDC25B,4.834538459777832,-1.617775814792792,0.007531900717053016,5664
CDC25C,1.8691885471343994,-3.727412506222303,0.00352223167620538,5664
CDC26,0.16299471259117126,-0.40970966037561146,0.022927424623238272,5663
CDC27,0.4889746308326721,-5.904331374191325,0.0013346844071472001,5664
CDC34,2.8099498748779297,-12.764913498688529,0.0026457408754567797,5664
CDC37,0.05654514580965042,-1.280528215963491,0.0012513410766363912,5664
CDC40,1.1425113677978516,-3.7189052602823924,0.011188861577544854,5664
CDC42BPA,1.026350736618042,-7.749640546470627,0.0019831059142230135,5665
CDC42BPB,1.7457889318466187,-2.46379573129057,0.004619557177606988,5665
CDC42EP1,2.0515875816345215,-10.91650222104663,0.0018836896763385791,5665
CDC42EP4,0.7781239151954651,-2.320069146655136,0.003402521365096962,5665
CDC42SE1,2.4976744651794434,-6.089507159134059,0.004202869368167711,5664
CDC42SE2,2.1685354709625244,-5.289061356301162,0.0035521970063118833,5664
CDC45,2.1506104469299316,-14.335993922513035,0.0033427913746406266,5663
CDC5L,1.7475584745407104,-4.528324727804342,0.029695006736277875,5664
CDC6,0.8868995904922485,-5.36092269499413,0.004723654609287158,5664
CDC7,1.9375451803207397,-5.7889816599635,0.0026962731889359714,5664
CDC73,1.1406203508377075,-5.459655569622511,0.006878640552015673,5664
CDCA2,2.5199644565582275,-5.612524862955879,0.004239051412697123,5663
CDCA3,3.3938651084899902,-3.3900723660998526,0.005839722036843094,5663
CDCA4,2.700850009918213,-4.6662945665418,0.004119365699180207,5664
CDCA5,0.5278984308242798,-3.380994995598948,0.0038799051200502817,5664
CDCA7,1.745548963546753,-11.250557693081571,0.0017799948158701,5664
CDCA7L,3.239253044128418,-4.57181294933647,0.005508412328821523,5664
CDCA8,0.667358934879303,-4.569418259960891,0.004984051326279813,5663
CDIPT,2.2785820960998535,-6.431777079928091,0.00558270354767549,5664
CDK1,0.4475270211696625,-6.341155202643127,0.002905247568219114,5664
CDK11A,0.7943815588951111,-5.7580694724387875,0.0010096233657946646,5664
CDK11B,0.22149790823459625,-0.946094445404469,0.005375633641390787,5664
CDK12,1.1957573890686035,-5.290735941536143,0.018138693771962065,5664
CDK13,0.477275550365448,-4.086556701044081,0.004200562552310511,5664
CDK16,1.3047635555267334,-5.330060508384382,0.002576153761192075,5664
CDK17,0.9139696955680847,-2.564724908538681,0.004668000553615129,5664
CDK19,0.26294437050819397,-0.8238686867300348,0.003982884508922852,5665
CDK2,2.7212023735046387,-5.432541655372224,0.0026945300895265104,5665
CDK2AP1,1.0050126314163208,-9.29807563858285,0.0014625114292276466,5664
CDK2AP2,1.888554573059082,-5.629225714009066,0.0038823631437636687,5664
CDK4,3.0254664421081543,-9.930385827100542,0.0051923214524038225,5664
CDK5,2.4693145751953125,-5.507402542846052,0.0026761899122783755,5663
CDK5RAP1,0.5386556386947632,-3.3132572845740635,0.002972711049005134,5664
CDK5RAP2,4.279305458068848,-4.275475749399544,0.004225004757387252,5664
CDK5RAP3,2.206021547317505,-5.81878593614301,0.0027453452343456147,5664
CDK6,0.502392590045929,-7.706897828673001,0.0018674481299294906,5664
CDK7,0.7855702638626099,-1.550459802418658,0.017185842677056955,5664
CDK8,1.5965040922164917,-4.494545611973779,0.002353443323970825,5664
CDK9,1.5664314031600952,-6.607518615135261,0.005014350333202063,5664
CDKAL1,2.4293084144592285,-6.8460317629622365,0.002503755230945208,5664
CDKL1,,,0.0031425225183878314,5665
CDKN1B,1.7737070322036743,-5.298374256387238,0.0019574695755394814,5664
CDKN1C,2.5385773181915283,-5.063491202965935,0.0037138832509582063,5665
CDKN2AIP,1.6956905126571655,-6.305396640486683,0.003132692302708391,5664
CDKN2AIPNL,2.2630960941314697,-6.366174767257111,0.003062881070341298,5664
CDKN2C,0.5050401091575623,-4.18267276925996,0.0014133440184435897,5664
CDKN2D,2.0391879081726074,-4.0707255615618205,0.0022315842618459486,5664
CDKN3,3.3451757431030273,-3.3417561489602714,0.004578880347106303,5664
CDPF1,,,0.0014871131360581565,5665
CDR2,2.1459708213806152,-3.711028594369976,0.0024690857895427153,5664
CDR2L,,,0.015753877460594305,5665
CDS2,2.6404192447662354,-2.6367193670666524,0.014163894213639937,5663
CDT1,0.41649121046066284,-1.5593886849768677,0.022994754355078764,5664
CDV3,1.128830075263977,-8.463261796303467,0.006504055076785412,5664
CDX1,,,0.0027200998192927844,5665
CDX2,,,0.0016254911479824676,5665
CDX4,,,0.0028822248342274884,5665
CDYL,1.3342474699020386,-6.148487839272156,0.004224012884772115,5664
CEBPA,,,0.0063108458133019525,5665
CEBPB,0.7154062390327454,-5.974516828602159,0.004445264498894245,5664
CEBPD,0.9862874746322632,-3.249756324611165,0.0024814562931487166,5665
CEBPE,,,0.0025884008725802605,5665
CEBPG,6.055649280548096,-1.4456206561061842,0.018043614238640846,5664
CEBPZ,1.1655079126358032,-7.045702896491936,0.0161429324055858,5663
CELF1,2.1366729736328125,-10.556397927646373,0.0024572456491814528,5662
CELF2,1.227651834487915,-14.32949607804054,0.0021669968971296375,5665
CEMIP2,1.4799251556396484,-4.659039652181419,0.0019013935236032993,5664
CENPA,2.1865994930267334,-4.34629618133075,0.007494081291633716,5664
CENPB,2.1489834785461426,-6.4204402941040035,0.0019042499749549599,5664
CENPBD1,4.651901721954346,-1.158194427889709,0.008377529106689815,5665
CENPC,1.539546012878418,-5.268966015262874,0.007364621436423479,5664
CENPE,1.8659635782241821,-7.363633466187937,0.005414758122395498,5664
CENPF,2.2540695667266846,-19.554181403535736,0.0029089834999424828,5664
CENPH,2.582807779312134,-8.884482902849607,0.0031555905897264346,5664
CENPI,,,0.020653928987711723,5665
CENPJ,1.2840969562530518,-4.589852015663416,0.008363395807206101,5664
CENPK,1.7875888347625732,-4.684418060619105,0.013254815607856884,5663
CENPL,1.0835130214691162,-6.206498181880569,0.003138921380973067,5663
CENPM,0.7213039398193359,-2.8899417186374987,0.009485177675865717,5664
CENPN,1.278629183769226,-7.845419348821985,0.002711688080071889,5664
CENPO,2.067952871322632,-5.049182331925402,0.0023890758463543096,5663
CENPP,1.4536744356155396,-3.541836277383266,0.010290821241004373,5663
CENPQ,2.5295510292053223,-3.5727887053644753,0.0028719621858770026,5663
CENPS,1.4584064483642578,-3.5526400327560728,0.004646747309814157,5664
CENPT,1.2893633842468262,-3.8301515484039403,0.0073400141755923945,5664
CENPV,1.6322555541992188,-8.401666913641835,0.001517320069420784,5664
CENPW,2.2845823764801025,-7.487529292624627,0.006027252064595689,5664
CEP104,1.7095714807510376,-5.641552983167207,0.0019000801980618891,5664
CEP120,,,0.002411681759913451,5665
CEP135,2.357267379760742,-2.3526731563836667,0.012106441536150836,5664
CEP152,1.886759638786316,-7.5033491153490415,0.0022097691310293474,5664
CEP164,2.190211534500122,-4.884241347024473,0.0025029334462776005,5664
CEP170,0.9947651028633118,-7.078822327567211,0.003139761202944976,5663
CEP19,,,0.0030866960911993405,5665
CEP192,1.1919870376586914,-4.411129518183574,0.0036367300698869408,5664
CEP250,2.289365768432617,-5.103877135466833,0.0027042786675515887,5664
CEP290,1.981481671333313,-5.908421083968237,0.0029243457436281097,5664
CEP350,1.6545085906982422,-8.691877650400842,0.006101459609012204,5664
CEP44,2.123837947845459,-5.982475044819762,0.0026127062251153975,5664
CEP55,4.9807868003845215,-1.1573120626411884,0.009687403287419056,5664
CEP57,1.1680854558944702,-6.416948252910098,0.004855877298522004,5663
CEP57L1,1.6531192064285278,-7.682233134226306,0.0019971174683646254,5663
CEP63,2.7230255603790283,-2.718420653642623,0.010511844875110846,5664
CEP68,1.9574967622756958,-3.9023267679732867,0.00335407117300736,5664
CEP70,1.8109626770019531,-5.415450646454249,0.0012767323667655429,5664
CEP72,,,0.004620599169406585,5665
CEP76,3.3638365268707275,-3.36234105891099,0.002466085588118416,5665
CEP78,5.582486629486084,-1.487348485397085,0.0068691468906593965,5664
CEP85,2.610506772994995,-6.3795369060429445,0.002025990934247531,5664
CEP85L,0.8544496297836304,-4.144815249666647,0.0019392778483307207,5664
CEP89,2.0689585208892822,-3.5778463839712185,0.002128052015262382,5665
CEP95,1.1393275260925293,-4.892067616625165,0.0036097679493359903,5663
CEP97,1.2504903078079224,-4.488313449806976,0.0014229415897120726,5664
CEPT1,1.6849151849746704,-4.739525805750133,0.004472764848250954,5663
CERCAM,0.5573340058326721,-4.997141765008539,0.0013366768644598606,5665
CERK,1.1930228471755981,-3.360108527485751,0.004040704210658985,5664
CERS2,0.7488431334495544,-4.620763695631745,0.0028588702938349394,5664
CERS4,,,0.0015238603338373264,5665
CERS5,1.4940087795257568,-2.1037519260025577,0.00897402324245657,5664
CERS6,1.840806007385254,-7.086962358343248,0.003655295839858111,5664
CERT1,1.2409809827804565,-7.239777978861413,0.0036985188653477848,5663
CES2,0.9710851907730103,-3.7242525740939594,0.003278740082710946,5664
CETN2,1.6092236042022705,-5.063032554545907,0.002416051249879792,5663
CETN3,1.902156949043274,-3.7913312922275977,0.004330478020181658,5664
CFAP298,2.365853786468506,-10.949628803781073,0.0036994523543525154,5664
CFAP410,1.9749048948287964,-5.570280322061246,0.0013405668756297352,5665
CFD,0.5674404501914978,-4.90600035570814,0.00480443013539176,5665
CFDP1,1.1016619205474854,-10.74923705801107,0.004899050759106885,5664
CFH,,,0.021678379901824432,5665
CFL1,1.07687246799469,-7.626918914298107,0.01997317373257087,5664
CFL2,1.5781323909759521,-3.5143872738216144,0.004067918946230084,5664
CFLAR,0.40011394023895264,-4.6249949295253545,0.0025666052469428143,5664
CGGBP1,0.6387407779693604,-5.938062777815296,0.0014876373833732658,5663
CHAC1,,,0.0024361135068566423,5665
CHAC2,3.283745288848877,-3.2817254604634796,0.002958375303136908,5664
CHAF1A,1.2874280214309692,-3.959330786649865,0.027403063979705093,5663
CHAF1B,1.744530439376831,-3.877953825788125,0.02754770342986534,5664
CHAMP1,1.8355553150177002,-8.327554258346785,0.0025499476532576263,5664
CHCHD1,1.8242627382278442,-11.404887276496984,0.0033922681673186454,5663
CHCHD10,2.3587639331817627,-21.651872093154473,0.0014318770248706652,5665
CHCHD2,1.6509324312210083,-29.346944775915798,0.0029107659164083095,5664
CHCHD3,2.5015151500701904,-8.545147910597004,0.010770747177707141,5664
CHCHD4,1.6586617231369019,-5.695518061261602,0.010751738217913413,5663
CHCHD5,2.891972303390503,-11.137689304357597,0.0015549710833139248,5664
CHCHD6,2.7787375450134277,-5.545637585329662,0.002272946357359625,5665
CHCHD7,1.0848979949951172,-6.212201795205788,0.0029397852220279176,5664
CHD1,0.12542064487934113,-1.0853830807848464,0.007647829520765688,5664
CHD2,-0.19595694541931152,3.1496666406997673,0.001626360340565863,5664
CHD3,1.9548976421356201,-6.724489644238709,0.002503829912320925,5664
CHD4,1.2601591348648071,-10.747490393320247,0.013886690546518402,5664
CHD6,1.594670295715332,-6.32251601565237,0.003454016035190893,5664
CHD7,0.25890570878982544,-3.664922888381948,0.0015897801539647878,5664
CHD8,0.5973869562149048,-7.239648028873384,0.002994681337838785,5664
CHD9,0.2510839104652405,-2.6415089843677126,0.0026119655698959602,5664
CHDH,2.3758275508880615,-3.3554869133157275,0.00275293364200796,5665
CHEK1,0.3727578818798065,-3.839352965859639,0.0031275186364661946,5664
CHEK2,1.1634160280227661,-2.5872548660939385,0.005469133961049724,5663
CHERP,1.0262056589126587,-4.169279003317806,0.01425269991633918,5664
CHFR,5.4856367111206055,-1.645522745917863,0.005567618387937185,5665
CHI3L2,2.178086042404175,-13.761733858060143,0.0014033680262475095,5665
CHIC2,1.1290106773376465,-2.2443581957411634,0.010621557699619434,5664
CHID1,2.0303115844726562,-6.694909404523524,0.0029176501810433166,5664
CHKA,1.749957799911499,-6.738912479629077,0.0018672100253616162,5665
CHKB,,,0.0047669542031767926,5665
CHM,2.0002262592315674,-4.46103361864098,0.0022278969285249276,5664
CHML,0.3713676631450653,-1.0526560724951393,0.028202151730734856,5664
CHMP1A,0.9441995024681091,-3.499265235633217,0.004748870061982367,5663
CHMP1B,2.8933324813842773,-2.891034089762613,0.0033446482832882687,5664
CHMP2A,1.1287609338760376,-5.463528304589473,0.008024513551960825,5663
CHMP2B,0.8763316869735718,-5.836096242913355,0.001800032262657188,5664
CHMP3,1.0804435014724731,-3.5081120148276037,0.0267104407798433,5664
CHMP4A,0.7899265289306641,-8.382820704405201,0.002138573969628741,5663
CHMP4B,1.5561882257461548,-6.724178119531746,0.0022157425398070104,5664
CHMP5,1.1500226259231567,-7.867284930989616,0.0021597590543684236,5663
CHMP6,3.1017446517944336,-3.100091611173537,0.060548679745632966,5665
CHMP7,2.4230427742004395,-6.83954081499601,0.0012160284525269743,5664
CHORDC1,2.2467148303985596,-13.202800798536868,0.0024247574805650097,5664
CHP1,2.1923274993896484,-5.34898519346054,0.003116028426307817,5664
CHPF,0.12428868561983109,-1.7313421729101939,0.0005589588092502867,5664
CHPF2,,,0.002136066949841491,5665
CHPT1,1.0421266555786133,-10.475507846003183,0.0026707393479177004,5664
CHRAC1,1.6474062204360962,-6.701431130634298,0.003936308431743381,5664
CHRNA5,3.0980305671691895,-4.377693444467335,0.0017079971882639387,5665
CHRNB1,,,0.00629081425084301,5665
CHST10,2.450951099395752,-3.462487624089605,0.0021741904381556193,5665
CHST11,0.22675827145576477,-1.6929047137929523,0.0022511979975022673,5664
CHST12,1.8260829448699951,-5.453566538429497,0.0034561877991286147,5664
CHST2,1.7853235006332397,-7.0719620987178615,0.002769176385312671,5665
CHSY1,0.9535843729972839,-3.282579053754532,0.002355462198183059,5664
CHTF18,1.815901756286621,-4.050715285712415,0.0024408141686016465,5665
CHTF8,,,0.00856915242703363,5664
CHTOP,1.3616801500320435,-9.894500523251816,0.0018663766473266635,5663
CHUK,2.6577847003936768,-3.7542154091947584,0.0029382325700844708,5664
CHURC1,2.719170093536377,-12.660649033011138,0.00138321012643972,5664
CIAO1,1.5052225589752197,-16.60855031322167,0.001982531828023032,5664
CIAO2A,2.0014352798461914,-7.662604104672433,0.0038827174368337375,5663
CIAO2B,2.5568020343780518,-14.738398361240394,0.0018787958655054533,5664
CIAO3,0.3702538311481476,-1.2710536347469659,0.003931303209864373,5665
CIAPIN1,2.6531221866607666,-7.924813975103389,0.023704848854647957,5663
CIB1,1.8783479928970337,-8.035281503664692,0.00553146404875798,5664
CIB2,1.4559634923934937,-3.5465749952014476,0.004486114675283648,5664
CIC,0.34908026456832886,-1.2459565308316318,0.003101650206335163,5665
CINP,2.0860180854797363,-4.641363031980145,0.017566513403742188,5664
CIP2A,2.444042205810547,-3.4461399854352552,0.008196961730539899,5664
CIR1,2.6296093463897705,-5.858222916165811,0.0039114672567537355,5664
CIRBP,1.8978993892669678,-17.240084244574028,0.002958870673230806,5664
CISD1,2.5870347023010254,-10.573604455394047,0.0025061396411532443,5664
CISD2,1.7520132064819336,-14.176277698532108,0.0016278134531863666,5663
CISD3,1.7631397247314453,-6.988444484764637,0.0024696955949093874,5664
CISH,3.1714375019073486,-5.485336118755995,0.0022674629050841487,5664
CIT,5.604074478149414,-1.1483775738861708,0.011757624687917589,5664
CITED1,,,0.0029039483567429476,5665
CITED2,0.1593187153339386,-2.7545147771126386,0.001483816453117644,5664
CIZ1,2.09757924079895,-10.979983856791582,0.0022023389538101596,5664
CKAP2,2.366145610809326,-9.945427007504541,0.003082669031102293,5663
CKAP2L,3.409548044204712,-3.4073456968821887,0.00358869966535496,5664
CKAP5,0.49809324741363525,-8.588277113320055,0.0011723335456537973,5664
CKB,1.6934335231781006,-17.79947407127862,0.004070293573535696,5665
CKLF,4.986685752868652,-4.983945613244976,0.002637067036401425,5664
CKS2,2.0757219791412354,-14.62164954816476,0.0025070357387560267,5664
CLASP1,0.355145126581192,-1.159435711831793,0.011713565181964944,5664
CLASP2,0.8822467923164368,-7.097597604347515,0.0014310673120288518,5664
CLASRP,1.3816795349121094,-5.6538080560182395,0.0032951903007075005,5664
CLCA1,2.2003626823425293,-4.897311364392079,0.003750462252707569,5665
CLCC1,2.8276686668395996,-3.992616080274458,0.0043157750339798216,5664
CLCN2,,,0.002825216673765142,5664
CLCN3,0.9670374989509583,-7.855890893343134,0.001947036670282793,5663
CLCN6,2.077061176300049,-3.592303731388288,0.002137463827794231,5665
CLCN7,2.8855929374694824,-5.759372738916183,0.0022873472659984055,5664
CLDN15,,,0.0023291764904286856,5665
CLDN6,2.1064977645874023,-2.9729101464660848,0.004544022761696262,5663
CLDN7,,,0.0037080354389725317,5665
CLDND1,2.2444653511047363,-6.707382044657242,0.002201050180630503,5664
CLEC11A,1.3749855756759644,-4.106657162736965,0.00257313271997581,5665
CLEC16A,,,0.001970314052248381,5664
CLEC2B,,,0.010014313232478733,5665
CLEC2D,,,0.009472540801491897,5665
CLEC2L,-0.49876612424850464,1.5439740429394877,0.01669207548621858,5665
CLHC1,4.500991344451904,-0.9756911952602513,0.0127859910397965,5665
CLIC1,0.28686991333961487,-5.122351786096769,0.003927964293348553,5664
CLIC2,,,0.003336735169412855,5665
CLIC4,0.6077021956443787,-3.862217029524665,0.0020242930229198404,5664
CLINT1,1.7199618816375732,-13.212280397112371,0.0012834257795246488,5664
CLIP1,1.9362767934799194,-4.302484674252877,0.00607864320970113,5664
CLK1,1.2850359678268433,-4.942294387477907,0.002092861562539744,5664
CLK2,1.40152108669281,-4.4123821532654715,0.0020953189168999597,5665
CLK3,0.648892879486084,-3.7439031110965146,0.0018616644278496317,5664
CLK4,2.0737414360046387,-5.0677029997186605,0.002159051643241023,5665
CLN3,2.1647725105285645,-7.459881794531911,0.0019334150886264672,5664
CLN5,2.3564226627349854,-6.643646662536606,0.0016776629372361452,5665
CLN6,2.120365619659424,-8.421586008936762,0.0019316230642685685,5664
CLN8,2.1406919956207275,-3.701546616953844,0.0023642136035572606,5664
CLNS1A,3.180649518966675,-6.311876891864735,0.03151046925074504,5664
CLOCK,0.419719934463501,-2.028701368518035,0.006918808712183017,5664
CLPB,2.5668587684631348,-5.726529053182305,0.004402379712720818,5664
CLPP,2.249368667602539,-8.012696098034871,0.004770899349133099,5664
CLPTM1,1.6583526134490967,-8.039623460958651,0.0020912331045802495,5664
CLPTM1L,1.6967954635620117,-13.430744570557104,0.0018687284237755143,5664
CLPX,2.459317922592163,-7.724936484429558,0.00416817624107529,5664
CLSPN,0.6602163910865784,-6.1974663841047075,0.0052446512865950016,5664
CLSTN1,1.4610437154769897,-5.024850024225102,0.0030610484700147643,5664
CLSTN3,,,0.0014621616534717873,5665
CLTA,2.5872650146484375,-18.42122380298882,0.001955333764072076,5664
CLTB,1.035086750984192,-9.543688203916343,0.0024541992286410217,5664
CLTC,1.1478265523910522,-12.282762374495453,0.008831450862755198,5664
CLU,0.08354377746582031,-0.9206903114763602,0.0014537186711650382,5664
CLUAP1,2.9417712688446045,-2.938802900674651,0.0038741479587051882,5664
CLUH,1.7792210578918457,-5.8728836735103425,0.0028953465585449677,5664
CMAS,6.482461452484131,-1.8897554489760244,0.0072548526519707265,5664
CMBL,3.0661301612854004,-17.08447646643384,0.002813406764376103,5665
CMC1,2.249145269393921,-10.214298243334547,0.0020280755600859818,5664
CMC2,1.790809154510498,-9.96948394332071,0.0025774715744750934,5664
CMC4,1.1931462287902832,-4.887051487791357,0.003148314422870422,5664
CMIP,0.020054087042808533,-0.10762237203016417,0.012551907702246559,5664
CMPK1,2.1182615756988525,-17.479002044977705,0.0010179420648684457,5664
CMPK2,2.158015012741089,-5.692355899476901,0.0017791674340096983,5665
CMSS1,2.2945926189422607,-12.400709088210583,0.0021412645342028056,5664
CMTM3,2.406445026397705,-5.87898508580663,0.0030247361598655965,5664
CMTM4,1.7145185470581055,-2.964063082685174,0.003162019617191852,5665
CMTM6,1.893072485923767,-18.363036917103734,0.002030400899546218,5664
CMTM7,1.9495925903320312,-6.69808862624286,0.003077048138406922,5664
CMTR1,1.41888427734375,-4.893915603805239,0.029539308964016752,5664
CMTR2,2.7128636837005615,-2.710764189369877,0.009463348745955035,5665
CNBP,1.9905794858932495,-18.498303711492685,0.004192367718383746,5664
CNDP2,0.8567778468132019,-4.722433002879419,0.0014390734583848354,5664
CNEP1R1,,,0.002588407677254765,5665
CNIH1,2.2501139640808105,-4.479390765849948,0.005804848264524471,5664
CNIH4,2.0817883014678955,-5.4593401873221445,0.008650682973926283,5664
CNN1,,,0.0009946574793209008,5664
CNN2,2.486842155456543,-11.344921631338545,0.0009979582947952537,5663
CNNM3,0.886206328868866,-4.481685971132186,0.0015241769952452579,5665
CNOT1,1.1178191900253296,-7.9909939957486085,0.01372837324173761,5664
CNOT10,1.4927635192871094,-9.300624107040814,0.004027731551990256,5664
CNOT11,1.5393046140670776,-6.978407135984959,0.006268039737222432,5664
CNOT2,0.9209034442901611,-5.063656565865128,0.010381069785102606,5664
CNOT3,0.8991435170173645,-5.0900099302453405,0.01499787231898241,5664
CNOT4,0.9971654415130615,-3.5297106190326795,0.008512697136794608,5664
CNOT6,0.77264004945755,-5.3988846337262935,0.004326893605030045,5664
CNOT6L,1.0873886346817017,-4.151950284074099,0.004213395384804484,5664
CNOT7,0.8097630143165588,-7.398623565113125,0.0025123398210052544,5664
CNOT8,2.007558584213257,-6.626812296375201,0.0018700601276681488,5664
CNOT9,1.646024465560913,-7.114157467316675,0.006304332140481357,5663
CNP,2.2799437046051025,-4.548343868142039,0.002770115509942588,5664
CNPPD1,1.3979332447052002,-5.563176348973892,0.0014121492906936381,5664
CNPY2,1.749427318572998,-11.037905790980743,0.0027861738551235534,5664
CNPY3,2.119696855545044,-8.168278056611703,0.0023553027476826125,5664
CNST,0.8606727719306946,-6.187283939918225,0.0018959603939824312,5663
CNTRL,0.7730421423912048,-6.8719387271542685,0.0013160103257545542,5664
CNTROB,,,0.0017871700064147388,5664
COA1,1.9154757261276245,-7.692251994387178,0.007814964656936221,5664
COA3,3.0801806449890137,-6.131695425569468,0.006793972573348536,5664
COA4,2.7929744720458984,-10.725146348743058,0.002489531091399016,5663
COA5,2.8069841861724854,-10.829503668808842,0.002090139630116837,5663
COA6,2.0248987674713135,-5.6482057032935655,0.009347294773085874,5664
COA8,1.5393764972686768,-8.75627297015067,0.002966728219599741,5663
COASY,2.4408533573150635,-10.865230933813606,0.0013323374360827108,5664
COBL,1.984799861907959,-6.261914724013021,0.0010671065295237959,5665
COCH,2.534810781478882,-14.137105637771446,0.0018951237903569815,5665
COG1,0.8786043524742126,-1.5146323173403282,0.007550541299437998,5665
COG2,2.0646843910217285,-6.819817989377989,0.0031649972100021993,5664
COG3,5.0287017822265625,-0.9671919938956389,0.016051829235226436,5664
COG4,2.4849045276641846,-6.550994156714938,0.002933881553674081,5663
COG5,3.5901951789855957,-3.587409023072086,0.0037924879295753115,5663
COG6,2.075237989425659,-5.071881767684011,0.0031613250365961983,5665
COG7,1.211595892906189,-2.091506575312303,0.007140185193213585,5665
COG8,0.5619871616363525,-1.3645887131806775,0.01242264027939586,5663
COIL,3.207491159439087,-5.5440739416294,0.00358521904219851,5664
COL18A1,0.1133994311094284,-1.7085420851665944,0.0025624461045028035,5665
COL2A1,3.415201187133789,-4.821721523580566,0.00391054642098256,5665
COLEC11,,,0.0012841932817121758,5665
COLGALT1,0.5929957032203674,-3.0361820125261216,0.0023973106944912338,5664
COLGALT2,2.354387044906616,-8.762227448001806,0.0019342496983425178,5665
COMMD1,3.9982142448425293,-3.996434845429935,0.0022947861522148953,5663
COMMD10,2.5921924114227295,-4.482772724395956,0.0027183223044900608,5664
COMMD2,2.7649080753326416,-6.747615822170878,0.0035214072935098924,5664
COMMD3,2.1817986965179443,-12.413333092557894,0.0018664733530444374,5665
COMMD4,2.5599875450134277,-10.763772898599296,0.0025387168652047745,5664
COMMD5,1.8379625082015991,-8.16561402988446,0.0016086021817560887,5664
COMMD6,1.1051380634307861,-15.217811541988041,0.0012572637259756752,5663
COMMD7,2.5036990642547607,-8.980885223897287,0.002479859043026208,5664
COMMD8,1.96628737449646,-5.178408393620741,0.003725786982999544,5665
COMMD9,1.9777734279632568,-8.09028664880896,0.0024668367793606494,5664
COMT,2.909832715988159,-12.640695859948682,0.007729724104839748,5663
COMTD1,2.1303422451019287,-7.333863963693885,0.0052518565173111376,5664
COP1,1.4262003898620605,-3.4642861486304533,0.007845804075157758,5664
COPA,0.20386739075183868,-2.0939092736842597,0.0036313577551404796,5663
COPB1,0.35550209879875183,-2.210285904448126,0.0070955999660373545,5664
COPB2,0.4562850296497345,-4.020661372972748,0.005504778602353744,5664
COPE,1.90855872631073,-14.276390452475272,0.004850550250396273,5663
COPG1,0.30625149607658386,-3.662372376359099,0.0009480086254096175,5664
COPG2,3.9989919662475586,-3.9973913148133207,0.001574047815178877,5664
COPRS,1.6694642305374146,-12.249367172753528,0.002882630475398625,5664
COPS2,1.8468830585479736,-5.467298475174261,0.014505411834262159,5663
COPS3,1.566988229751587,-7.0293066475098716,0.012084430890743082,5664
COPS4,2.061328887939453,-8.189987351511697,0.01397433487273947,5664
COPS5,2.015876054763794,-9.905036866262273,0.007092015309207126,5664
COPS6,2.4458887577056885,-9.706161294381785,0.010320084519144233,5664
COPS7A,2.3693172931671143,-3.345880112581632,0.003911676216820826,5664
COPS7B,1.0253268480300903,-4.293398749640051,0.004652297579347136,5664
COPS8,1.7980469465255737,-11.516537291415574,0.004424411893907736,5664
COPS9,3.286541700363159,-8.637120006566459,0.00594897511648836,5664
COPZ1,0.036604590713977814,-0.628857411362578,0.0017944422963434472,5664
COQ10A,,,0.0064372044439456825,5665
COQ10B,1.3287760019302368,-3.9629568530941697,0.004894426520617546,5664
COQ2,2.9823367595672607,-2.9801703597481555,0.00439601025186592,5664
COQ3,0.7727623581886292,-1.3204963635121036,0.026129249405149272,5664
COQ4,1.9685882329940796,-14.360254782830443,0.0015868402807036684,5663
COQ5,2.2588627338409424,-7.46647306370772,0.0019006059837469989,5663
COQ6,,,0.00447272591515357,5665
COQ7,1.1614410877227783,-2.8335794412616875,0.0028907532531469156,5665
COQ8A,1.6810580492019653,-10.561144866829883,0.0007357634278508602,5664
COQ8B,1.5072619915008545,-3.6815361448129176,0.0020452185481730045,5665
COQ9,1.5144044160842896,-8.209333150347174,0.0016716347342722176,5663
CORO1A,0.9580109715461731,-2.518000458394869,0.0052775224198750624,5665
CORO1B,1.0089607238769531,-12.32624602153928,0.000944443014621419,5665
CORO1C,0.8505594730377197,-7.047045692582692,0.0027164360848852325,5664
CORO2A,,,0.0027673074527601723,5665
CORO7,2.0751793384552,-5.8541832064393144,0.001344524612433807,5664
COTL1,0.9967818260192871,-2.21982740054366,0.008418762289590704,5664
COX10,2.282892942428589,-3.9468890850509593,0.004039807824889453,5664
COX11,2.7361435890197754,-5.4574111505308105,0.007116540197033376,5663
COX14,1.7118113040924072,-6.502022753457721,0.007133645898998578,5664
COX15,2.405853509902954,-4.1589636388290465,0.01152532751480235,5664
COX16,2.380415916442871,-4.100933053549048,0.00949304661385492,5663
COX17,2.49308443069458,-13.289947334469293,0.004650773005457717,5664
COX18,1.3630751371383667,-4.068316662062031,0.0030833406611395185,5665
COX19,5.648441314697266,-0.7363927321808804,0.029326788610300466,5664
COX20,1.710296630859375,-14.238770208414461,0.001852293245117912,5664
COX4I1,2.050004243850708,-24.220612778257383,0.004536091739040198,5663
COX5B,2.150970220565796,-28.22477334017432,0.0025962399018243077,5664
COX6A1,1.5132176876068115,-20.22172539262233,0.002883016292187051,5664
COX6B1,1.6368544101715088,-25.883378348526573,0.002886717113316287,5664
COX6C,2.4343314170837402,-17.94774840732002,0.004949110911158911,5664
COX7A2,2.1713979244232178,-20.84291900607687,0.0031312948085840757,5664
COX7A2L,2.1852009296417236,-17.12984818009671,0.002280902109680088,5664
COX7B,2.1436047554016113,-19.22542540072994,0.004922256459923674,5663
COX7C,1.5835496187210083,-24.162928794765246,0.004654463493084667,5664
COX8A,2.4429051876068115,-25.406750943296224,0.002122705567441702,5664
CPAMD8,,,0.0011180917240051849,5665
CPD,5.221136569976807,-1.5748567841890062,0.0048230165006528485,5664
CPEB1,1.2889188528060913,-3.3961128356894426,0.006611660737968267,5665
CPEB4,0.5235498547554016,-3.57361975857332,0.003030175835079513,5664
CPED1,0.48060983419418335,-4.226600228004238,0.004046271951984954,5665
CPNE1,1.8917286396026611,-6.489214456593712,0.008035828524164507,5663
CPNE2,,,0.0023304272498950733,5665
CPNE3,2.266798734664917,-8.718194171185116,0.0020941454757639907,5663
CPNE7,3.024017810821533,-6.037348676860011,0.00236165872390017,5665
CPNE8,2.1899852752685547,-3.784732332816298,0.003320533657721144,5665
CPOX,2.6855406761169434,-5.990669340774885,0.0020790251792847676,5664
CPPED1,1.6564555168151855,-3.6878876893792616,0.004049123914470229,5664
CPQ,3.0130858421325684,-4.257400670152123,0.0017629792861823086,5665
CPSF1,1.177306056022644,-2.3354184131338274,0.017723141714916315,5664
CPSF2,2.162513017654419,-3.036571060978495,0.041645912927328166,5663
CPSF3,1.669141173362732,-11.893162370929058,0.013564714413613359,5663
CPSF4,1.14230215549469,-3.1977948578386117,0.00830499257022141,5664
CPSF6,2.38335919380188,-6.680973140524865,0.0458025503601137,5664
CPSF7,1.602674126625061,-6.553412341677689,0.002595107456412503,5663
CPT1A,,,0.0026440760901548575,5665
CPT1C,,,0.0019998468970765975,5665
CPT2,3.061450958251953,-4.320394737395497,0.004615938140600371,5664
CPVL,3.7672572135925293,-5.319823874717497,0.003429593516356915,5665
CPXCR1,,,0.0027028320095370943,5665
CPXM1,4.944994926452637,-1.4667705670982014,0.005151924174727571,5665
CR1L,1.4849615097045898,-2.9581898578464667,0.004706332439542822,5665
CRADD,1.7752413749694824,-2.505378845959401,0.004766968024781177,5664
CRAT,,,0.004173303189103804,5664
CRBN,2.4824602603912354,-7.8056231943107415,0.0027853032357338303,5664
CRCP,1.1115037202835083,-8.169497484206538,0.0015570767840442472,5664
CREB1,1.4581801891326904,-5.784152019033825,0.0027517819269893278,5664
CREB3,1.8035528659820557,-3.1159080976591094,0.003772474367239564,5663
CREB3L1,,,0.003959910553739616,5665
CREB3L2,5.276600360870361,-2.3771474616274793,0.0024628222646498783,5664
CREB3L3,,,0.015068112213979244,5665
CREB3L4,,,0.002270920017678261,5664
CREB5,,,0.001359700258919696,5665
CREBBP,0.7374393343925476,-3.8281322809112877,0.005032015005888245,5664
CREBL2,,,0.0017737980938854695,5665
CREBZF,2.0988008975982666,-9.316244397447004,0.0017576891761671269,5664
CREG1,2.9358034133911133,-10.125039841130889,0.0017415239345320937,5664
CRELD1,3.327782154083252,-3.326283690206374,0.001986626155885991,5665
CRELD2,1.5176844596862793,-5.421384713719174,0.002644206217185657,5664
CREM,0.9512357115745544,-3.7445087661360663,0.004740620746569307,5663
CRIM1,0.41074129939079285,-0.5765599701073152,0.019208298748320675,5665
CRIPT,2.3424720764160156,-6.989209362692517,0.004312152720054868,5663
CRK,1.2630971670150757,-9.326226192491996,0.0008961950709717127,5664
CRKL,1.474130392074585,-12.426781579632468,0.0018511011110077472,5664
CRLF3,1.0638071298599243,-2.1177608720260648,0.011209029122394678,5664
CRLS1,1.9100301265716553,-8.249350052914792,0.002438462378385546,5664
CRNKL1,0.49225950241088867,-2.9744454120665598,0.002554904459265947,5664
CRTAP,3.2461984157562256,-4.581520300810323,0.004787125732736448,5664
CRTC2,,,0.002489841526763564,5665
CRTC3,2.2507877349853516,-5.018871229678178,0.002327403891169494,5664
CRX,,,0.0023810388517632344,5665
CRY1,3.7077741622924805,-3.7064428910695564,0.0025640134306001575,5664
CRY2,,,0.001589192694476955,5665
CRYAB,,,0.0014276183631478309,5665
CRYBG1,0.6948385834693909,-3.2936193747185705,0.002201298091816989,5665
CRYM,4.695705890655518,-1.2685781029675962,0.0065268985371031065,5665
CRYZ,3.103459596633911,-4.383016016775992,0.0030092883760853696,5663
CRYZL1,1.157396912574768,-5.110962734429436,0.0027543069342777903,5664
CS,2.1448307037353516,-14.559959359976274,0.0013459971724437538,5665
CSAD,,,0.004304303011124329,5665
CSAG1,1.947652816772461,-6.392893591991361,0.004634361226896634,5665
CSDE1,2.1374807357788086,-15.686185105287809,0.007161578882126232,5664
CSE1L,1.5200326442718506,-8.405473298888863,0.049806665878865834,5664
CSH2,,,0.0010804995284450858,5665
CSK,2.783167600631714,-5.5511744729072685,0.0033472873418902674,5664
CSKMT,1.3171199560165405,-4.899403571564373,0.0020454789370309475,5664
CSMD1,,,0.002432592572376825,5665
CSNK1A1,1.4285122156143188,-14.188560506695865,0.003616137464549146,5664
CSNK1D,1.3506999015808105,-9.123059433688333,0.0015421111685111782,5664
CSNK1E,1.3046207427978516,-6.698463390914572,0.0023736020942919534,5664
CSNK1G1,1.4951014518737793,-4.935205802944068,0.0017528931679774774,5664
CSNK1G2,1.190881371498108,-10.759762570494289,0.0019235373038206337,5664
CSNK1G3,1.6116690635681152,-6.204593350270953,0.001898858601301875,5664
CSNK2A1,2.823249101638794,-10.82799063420299,0.004366574893930266,5664
CSNK2A2,1.8532394170761108,-14.35726040908604,0.0033164006141030134,5664
CSNK2B,1.4857929944992065,-15.884350447011744,0.009749312608209404,5663
CSPP1,1.9981473684310913,-7.151654865588671,0.0030655013973489307,5664
CSRNP1,,,0.002421427402418856,5665
CSRNP2,,,0.0028319216606750423,5665
CSRNP3,,,0.003755367545421005,5665
CSRP1,,,0.004866933153841728,5665
CST3,2.909559726715088,-12.879263611820937,0.002310523197732421,5665
CSTB,2.4859089851379395,-19.407322493407154,0.002039243445945963,5664
CSTF1,0.9573813080787659,-3.5286074755843155,0.007014804596176435,5663
CSTF2,2.4688472747802734,-4.268096194288697,0.0040934465741217915,5665
CSTF2T,2.1455624103546143,-4.27987438320826,0.0030031728205194732,5664
CSTF3,1.1033536195755005,-4.845200719561123,0.013387720546383286,5664
CTAG2,0.5147994756698608,-9.980197974038422,0.0019251187380476128,5665
CTBP2,,,0.002427991317466709,5665
CTBS,2.3244190216064453,-4.017964645626861,0.0027178087922865033,5665
CTCF,0.4272490441799164,-3.1861732680886483,0.006204653226870261,5664
CTCFL,2.6262123584747314,-10.776280777668275,0.0012960500858184203,5665
CTDNEP1,1.8044617176055908,-6.898216489451877,0.004365251331407988,5663
CTDP1,,,0.010972752621143346,5665
CTDSP1,1.545533299446106,-4.844658058237171,0.004259374592459057,5665
CTDSP2,2.4194843769073486,-4.177896437248255,0.005300691747421814,5664
CTDSPL,,,0.0016531943343846916,5665
CTDSPL2,1.707305908203125,-5.879210530339813,0.0032611336088982745,5664
CTH,5.527848720550537,-1.2604158433043753,0.00809031793161713,5665
CTNNA1,2.3587448596954346,-3.319904221267597,0.01328894305555765,5664
CTNNAL1,3.213505983352661,-7.167375157137053,0.003190773013511012,5664
CTNNB1,0.8934792876243591,-3.0037194587888894,0.01739071955623802,5664
CTNNBIP1,1.6623179912567139,-7.560098693894413,0.0017695187929468162,5664
CTNNBL1,2.6097145080566406,-4.5028799306586995,0.013422662779106004,5664
CTNND1,2.423203945159912,-4.183941191477914,0.006310942183858309,5665
CTPS1,0.9184088110923767,-2.747025659461798,0.03462081242519745,5664
CTPS2,,,0.003336006238641516,5665
CTR9,0.9128432869911194,-3.2465295292225878,0.020795909142852082,5664
CTSA,1.5831888914108276,-7.0244788318550295,0.001858751178031977,5665
CTSB,2.0943758487701416,-6.9097405233621005,0.0022869754983457125,5664
CTSC,3.416071891784668,-13.164895832208735,0.001631194045556452,5664
CTSD,4.186448574066162,-4.184131706741117,0.0028263822251573976,5664
CTSF,4.8987956047058105,-1.8393008825530635,0.0034154657101730925,5665
CTSH,1.2912049293518066,-8.328931449161454,0.003645747589964348,5665
CTSL,1.0554428100585938,-7.317786772877676,0.0019256075885026908,5665
CTSS,1.8162391185760498,-3.605633089513936,0.009290071136284963,5665
CTSV,4.537386894226074,-2.1805305475908807,0.002517480926015768,5665
CTSZ,2.1822173595428467,-5.734624554052135,0.004778867802897502,5665
CTTN,3.2939717769622803,-5.693410557740952,0.0039006607024382246,5665
CTU1,2.1727216243743896,-5.303363371529046,0.005192170105883302,5665
CTU2,1.9824578762054443,-7.114463504927593,0.003073741128218107,5664
CTXN1,,,0.005967463578878843,5665
CUEDC2,1.7454993724822998,-5.201342615649451,0.003280701507263307,5664
CUL1,1.431727409362793,-12.803022358411232,0.00323393765070135,5664
CUL2,1.7541139125823975,-5.75079349275849,0.008864632807706928,5663
CUL3,1.177055835723877,-11.399746737654398,0.0030250436092160477,5664
CUL4A,1.3224278688430786,-7.55180325184905,0.00313876737078225,5663
CUL4B,1.7061573266983032,-5.090459943524833,0.0029095893409998956,5664
CUL5,2.5125019550323486,-7.903090335159798,0.0032629678054754353,5664
CUL7,,,0.011099763526211366,5665
CUTA,2.5200796127319336,-16.716440806814926,0.0024795916078815235,5664
CUTC,0.7244417667388916,-2.569871765595425,0.005552190124471004,5664
CUX1,1.2618924379348755,-7.958530465959926,0.0017205913550051644,5664
CUX2,,,0.0015832297466849296,5665
CWC15,0.5179136395454407,-2.8936721115102,0.012010116922035269,5664
CWC22,0.8674414157867432,-1.9032576489937352,0.01950231549575942,5664
CWC25,1.4011619091033936,-7.345294535109122,0.0013013477337867575,5664
CWC27,1.4712892770767212,-7.675920254401039,0.0020827027177960896,5663
CWF19L1,1.3770687580108643,-3.359943537937775,0.0032223892055886273,5664
CWF19L2,1.495857834815979,-4.203278500720859,0.01193067896865004,5664
CXCL2,,,0.002718184510381817,5665
CXCL3,,,0.002282739780161083,5665
CXXC1,1.440317153930664,-4.528810441231992,0.014170630552312916,5664
CXXC4,,,0.0022207193383378112,5665
CXXC5,0.38410499691963196,-6.339179818188648,0.0015507274535947785,5665
CXorf38,1.7976802587509155,-2.535975708503386,0.006343789568807963,5664
CXorf40A,,,0.004824730562691417,5665
CXorf40B,,,0.0014245052906064906,5665
CXorf56,2.4838104248046875,-3.5081270516517225,0.0030115730993889142,5665
CYB561,2.6242754459381104,-3.7068664787415657,0.0022915640859762615,5665
CYB561A3,2.0688791275024414,-6.829749226833157,0.0017461224541764895,5664
CYB561D2,2.1719887256622314,-4.841417858146427,0.003118271978789737,5665
CYB5A,2.4741601943969727,-6.045500674027961,0.0019176732068272332,5664
CYB5B,1.5962854623794556,-4.451445685416041,0.011272402389663462,5664
CYB5D2,,,0.0025132213891010265,5664
CYB5R1,3.6638388633728027,-3.6618866971362123,0.00275792390282582,5665
CYB5R2,,,0.00409746147847508,5665
CYB5R3,2.0682787895202637,-9.383283013054069,0.0023984684084075343,5664
CYB5R4,2.4991650581359863,-6.592979470484886,0.0018312462653641262,5664
CYB5RL,2.6755123138427734,-2.672966360899974,0.005634328443605204,5665
CYBA,2.3741838932037354,-15.767822411775773,0.0034783656116395855,5664
CYBC1,1.443088412284851,-5.3604743767351355,0.002773248138784113,5664
CYBRD1,2.1461892127990723,-3.030508442051786,0.004173295453494393,5665
CYC1,1.0526500940322876,-15.56578425783945,0.002465170999833744,5664
CYCS,2.2084641456604004,-23.39097843743724,0.00494254665047429,5664
CYFIP1,2.1778626441955566,-6.85588281016263,0.002061577770161766,5664
CYHR1,0.39899224042892456,-2.9348454806021844,0.0030633325806626584,5665
CYP20A1,2.1783030033111572,-6.135343894762987,0.002405861575693292,5664
CYP2A13,,,0.0016988331280389508,5665
CYP2R1,,,0.0022962307595059636,5665
CYP3A5,2.3683009147644043,-2.365956283261448,0.0047126941751844745,5665
CYP4F11,,,0.0017757301472560388,5665
CYP51A1,2.431011438369751,-9.625361963473962,0.0028795752996715416,5664
CYREN,1.3049213886260986,-6.9230719121454305,0.0073089845827945905,5664
CYS1,,,0.0018692024595830907,5665
CYSTM1,2.699810028076172,-8.49704907921254,0.00222412001765614,5664
CYTH1,0.5614356398582458,-2.0093944837327147,0.0023822679529634724,5664
CYTH2,1.900322437286377,-5.674698197949253,0.002710828932355047,5664
CYTH3,,,0.0019316829907742397,5665
CZIB,3.024048328399658,-8.522193727252608,0.0027351655883168795,5664
D2HGDH,0.6634739637374878,-3.344585919081649,0.0018590407267451339,5665
DAAM1,2.064478874206543,-6.813718910602345,0.0023294018535118285,5664
DAB2,4.811553478240967,-1.4828654397675867,0.0051330336882532265,5665
DACH1,,,0.004002312954209361,5665
DACH2,,,0.015210316351183773,5665
DAD1,1.3073973655700684,-13.577222292976185,0.008939681144538662,5664
DAG1,2.3427228927612305,-4.046712612170541,0.00458463695461983,5664
DAGLB,,,0.012939348137685323,5664
DALRD3,0.2899405360221863,-1.918559540671668,0.0013422340915138639,5663
DAP,1.1904276609420776,-5.888134055167034,0.001907428853148081,5664
DAP3,2.5178680419921875,-14.04181816126937,0.003835089308791212,5663
DAPK1,1.851912260055542,-3.695912896646847,0.0025463764659061604,5665
DAPK3,1.7840394973754883,-3.5567032874581215,0.0037301760857703925,5664
DARS,1.6506439447402954,-7.170273147585061,0.014964696141225454,5665
DARS2,2.07499098777771,-2.9242697803708886,0.009253363256093721,5663
DAXX,1.5859838724136353,-12.599787007656454,0.002462744678562346,5664
DAZAP1,0.8108199834823608,-9.703134403759622,0.004285970159994758,5664
DAZAP2,0.769974946975708,-4.0298415831823995,0.004974575906461298,5664
DBF4,1.711753487586975,-12.188626577428566,0.002710182766883343,5664
DBF4B,3.790092945098877,-3.7875951556681207,0.0029733418828826446,5664
DBI,1.530351996421814,-18.23346354760781,0.0016197206844576022,5664
DBN1,1.5136818885803223,-7.319680503962572,0.003370679615404757,5665
DBNDD2,1.0719033479690552,-10.31185564534915,0.0012281054600548557,5665
DBNL,1.0292452573776245,-4.432229853453998,0.002859382837322891,5664
DBP,,,0.0062320841294375776,5665
DBR1,3.1083998680114746,-3.1061215441392553,0.047988840239796125,5664
DBT,2.6397485733032227,-5.268303754589789,0.0024797898840624513,5664
DBX1,,,0.0030073744579691385,5665
DBX2,,,0.001864291073181986,5665
DCAF1,0.8543566465377808,-4.1288702237061425,0.002825729936459358,5664
DCAF10,0.5812238454818726,-1.4095899876261955,0.010300693057743714,5664
DCAF11,1.1284292936325073,-7.35766605478773,0.002958964553526543,5664
DCAF12,2.186736822128296,-7.536282089666446,0.0019176801479525993,5664
DCAF13,1.3198249340057373,-5.560008793370973,0.013724377563188781,5663
DCAF15,1.7192891836166382,-6.840189121483377,0.0015323837072967544,5664
DCAF16,2.3803625106811523,-4.737932855789361,0.006328125108272001,5663
DCAF17,2.5086159706115723,-5.009232559279905,0.0017809359166212925,5663
DCAF4,1.3492220640182495,-3.0063439354233816,0.0028036334554374584,5665
DCAF4L2,,,0.0041409572087336925,5665
DCAF5,1.2055250406265259,-5.979107192281839,0.001583492021762146,5664
DCAF6,1.195278525352478,-9.12119887903582,0.0013279504615243977,5663
DCAF7,1.7225382328033447,-10.375379750425616,0.0038893024798819635,5664
DCAF8,2.055572509765625,-6.130788181959349,0.0030979300348301965,5664
DCAKD,0.5418673753738403,-2.893814024676291,0.000989678804552835,5665
DCBLD2,5.1370625495910645,-1.6161718279787982,0.004914635934641961,5665
DCK,0.9458237886428833,-3.630655922244797,0.004067067272973798,5664
DCLRE1A,2.1304922103881836,-3.0086492590606113,0.0027065207133585246,5664
DCLRE1B,,,0.0012913785886113768,5665
DCLRE1C,-0.011306132189929485,0.05813340554085806,0.00466418141217041,5664
DCP1A,2.054849624633789,-5.010456807796305,0.003857836662029312,5664
DCP2,2.1795461177825928,-14.040316451923388,0.00688097260441897,5664
DCPS,1.641444206237793,-4.615398822354368,0.008335503542238235,5664
DCTD,1.9781825542449951,-7.5986787871336405,0.002225242731702971,5664
DCTN1,2.0824129581451416,-9.476723335986621,0.002043317954903895,5664
DCTN2,2.548593282699585,-7.9871923379680565,0.007434964911819883,5664
DCTN3,2.1953980922698975,-9.480812655028567,0.0034070087546474127,5664
DCTN4,1.4156674146652222,-3.444289558372154,0.00763329867420602,5664
DCTN5,1.5888224840164185,-5.679103189763645,0.004417572866723014,5663
DCTN6,1.2354332208633423,-4.406277167700131,0.004812993852043635,5664
DCTPP1,2.271226644515991,-18.61915754904435,0.0014929511863187972,5664
DCUN1D1,1.8387950658798218,-8.346642341799644,0.0021142751384556234,5664
DCUN1D2,,,0.007743196658858333,5664
DCUN1D4,2.7433831691741943,-3.876143187028076,0.0017402182584398426,5664
DCUN1D5,1.600289225578308,-12.43969653669304,0.003974709878210974,5664
DCXR,3.162937641143799,-5.4413083760830645,0.013812247203872433,5664
DDA1,2.149038791656494,-11.289534884904235,0.001665934507226856,5664
DDAH2,1.4506595134735107,-2.045141974100052,0.007878875153682493,5664
DDB1,0.24630562961101532,-3.496416389652448,0.002758465057154778,5664
DDB2,,,0.007119580317053041,5665
DDHD1,3.320059061050415,-3.3173406839535837,0.0055551950685715085,5664
DDHD2,1.9242805242538452,-4.289187660786894,0.0027929748056661706,5664
DDI2,1.7362985610961914,-4.556853561721515,0.006720813551159486,5664
DDIT3,2.131869077682495,-7.350046977068779,0.0017615093600670591,5665
DDIT4,1.6809039115905762,-9.192173697276537,0.0025999157094126002,5664
DDN,,,0.000829810047493561,5665
DDOST,2.2637088298797607,-9.505110105786047,0.010497701197570035,5664
DDR1,,,0.001570156966859692,5665
DDRGK1,3.0591957569122314,-6.815219999397151,0.0035800902515908347,5663
DDT,0.08921115100383759,-1.7855939409466586,0.0017854307819332553,5664
DDX1,2.337181806564331,-19.375541157560658,0.001710436223817368,5664
DDX10,1.798779845237732,-7.317401322070577,0.03154356368037736,5664
DDX11,1.4084749221801758,-5.236284282231175,0.0020877002366786546,5665
DDX17,2.4147756099700928,-20.188061223377503,0.004494798869516074,5664
DDX18,0.7805111408233643,-4.971442347300024,0.031579649979123436,5664
DDX19A,2.1173760890960693,-7.586745413718885,0.0028084718915239093,5664
DDX19B,0.7129172086715698,-6.056035755664227,0.0006085268121544634,5664
DDX20,1.9170724153518677,-4.266559111050444,0.020572606705394923,5664
DDX21,1.7539923191070557,-15.935746042748605,0.0183647968610743,5664
DDX23,0.48116302490234375,-2.9097656728019583,0.0069741794924746406,5664
DDX24,0.8532094955444336,-6.025981067670879,0.019677950063144135,5663
DDX27,1.0974897146224976,-4.123165909040016,0.0154565895076782,5664
DDX28,1.295344352722168,-5.891069971302673,0.0018888537193589886,5664
DDX31,2.3517825603485107,-3.3197918889320426,0.004180792854975645,5663
DDX39A,2.770542621612549,-6.14309047249218,0.011197464311033746,5664
DDX39B,0.9371947050094604,-8.084002891749433,0.011149586492795401,5664
DDX3X,0.8123160600662231,-7.194603045474114,0.0072588130684205715,5664
DDX41,0.5578483939170837,-3.207231392692137,0.00881421274535041,5664
DDX42,0.42051488161087036,-3.18602057390485,0.004958770559008925,5663
DDX46,0.4068281650543213,-8.174099386241416,0.004320339786632247,5664
DDX49,1.261276125907898,-5.672406347415857,0.008359675105595725,5663
DDX5,1.9350659847259521,-26.080544971791113,0.0037175526232190036,5663
DDX50,2.592355966567993,-9.298936456916762,0.0020564202638341652,5664
DDX51,1.845047116279602,-4.858089304805113,0.02089286916796219,5664
DDX52,1.5882128477096558,-8.100386485964547,0.029404614890550528,5664
DDX54,0.4944835305213928,-4.83324170812498,0.0034354773299111385,5663
DDX55,1.5541521310806274,-7.367289501970746,0.007172689353477922,5664
DDX56,1.5842500925064087,-5.185476034934789,0.044239742723624124,5664
DDX59,1.9816688299179077,-4.4214909373886835,0.003948992388035276,5664
DDX6,1.274428367614746,-7.693590752373981,0.02178878749814763,5664
DEAF1,1.499862790107727,-4.208032672238463,0.004518187468485421,5664
DECR1,2.9247257709503174,-9.203671996222404,0.002300720978711775,5663
DECR2,,,0.006511574485068499,5665
DEDD,2.8577017784118652,-4.03823498222754,0.0017920162198502207,5664
DEDD2,2.152350902557373,-3.7208278825078165,0.0027983184727032183,5664
DEF6,5.198904991149902,-2.0858309710552985,0.0028330955816970875,5665
DEF8,0.5840286016464233,-3.4072258388469425,0.003792951319337073,5665
DEGS1,2.0090320110321045,-6.890541144993037,0.004039501698765575,5664
DEK,1.370238184928894,-15.34830668129028,0.003342709316822731,5664
DELE1,2.3149802684783936,-3.2654344606877124,0.005594574836823115,5664
DENND10,2.4642326831817627,-4.262218799037389,0.0019369598756634899,5664
DENND1A,1.6095002889633179,-2.270446745941492,0.006692237674632895,5665
DENND1B,1.8507633209228516,-3.1969053374630367,0.004315696893780068,5664
DENND2D,2.062642812728882,-12.099887857499565,0.001366262778784262,5665
DENND4A,1.2484424114227295,-2.4853445701181087,0.006088400589377572,5664
DENND4B,1.2967790365219116,-6.569275081201257,0.0011252718415384229,5664
DENND4C,1.637395977973938,-4.319842585136259,0.0019079891909006537,5664
DENND5A,2.683137893676758,-2.680818712544806,0.0035138029858829,5665
DENR,1.6916755437850952,-15.522269306114385,0.006068881985357147,5664
DEPDC1,2.8242850303649902,-5.636543886366107,0.002483884725542608,5664
DEPDC1B,5.523764133453369,-1.5621972521031664,0.0058906543639371785,5664
DEPDC5,2.0777018070220947,-3.592853923361153,0.0056092081926218396,5664
DEPDC7,,,0.0029364001331113666,5665
DERA,2.4437124729156494,-2.4360612742432965,0.015606241158674141,5664
DERL1,2.394096851348877,-9.20855913625482,0.002169880236155195,5663
DERL2,1.6596325635910034,-3.3028716606541875,0.01700690688717239,5663
DERL3,,,0.004071189299588163,5665
DES,,,0.0012044030633304107,5665
DESI1,2.4966888427734375,-10.55015680100264,0.0025629727821163593,5663
DESI2,2.1082379817962646,-10.012654115120982,0.0020459956821104754,5664
DEXI,2.317579507827759,-4.62142960462845,0.0034901028808225956,5664
DFFA,2.6689372062683105,-4.6028974280217385,0.01074602441375155,5663
DFFB,1.4970190525054932,-4.2199622206717695,0.00168740165286408,5664
DGAT1,0.8593204617500305,-2.078783068096451,0.010490915475566825,5665
DGCR2,2.962005615234375,-2.9559236476233033,0.010268685523430856,5664
DGCR6L,2.3186194896698,-11.655606319559137,0.0028439984883754372,5665
DGCR8,1.2068817615509033,-6.663478649626539,0.019327467330234435,5664
DGKD,3.5506036281585693,-3.54797202563959,0.005446397632288689,5664
DGKE,2.8498728275299072,-4.025796184779534,0.0025626174939887467,5665
DGKH,0.7539454102516174,-5.26451644856396,0.0012614453454325063,5664
DGKQ,,,0.0011731712183670913,5665
DGKZ,1.0063203573226929,-5.669924229754246,0.0029985694044841115,5664
DGLUCY,3.2095906734466553,-3.2077502129346307,0.002594452167550217,5664
DGUOK,1.4939240217208862,-10.27092473780112,0.004262417276193922,5664
DHCR24,2.1297521591186523,-9.62278985082059,0.0028840991820460503,5664
DHCR7,2.1359949111938477,-6.008143743254973,0.003448626772054985,5664
DHDDS,2.482541799545288,-2.4797843184325292,0.03256371007730182,5664
DHFR,0.02680189535021782,-0.5214748970343919,0.0014651343519867586,5663
DHODH,1.4332789182662964,-5.70685163566512,0.003679748660697598,5664
DHPS,2.0609235763549805,-6.7678135937563155,0.00744876517920826,5664
DHRS1,2.858588695526123,-2.8561906634756493,0.0038102365591067304,5665
DHRS11,2.5138230323791504,-4.346698195852807,0.002848060863392275,5665
DHRS12,,,0.003425395334443217,5665
DHRS13,2.2690696716308594,-3.9232670009787385,0.0026936512110305416,5665
DHRS2,,,0.004492228612580703,5665
DHRS3,3.1579976081848145,-3.1563770156137645,0.0023988261535400957,5665
DHRS4,2.520461320877075,-2.5178739936560017,0.005112243591868751,5665
DHRS4L2,-0.14945809543132782,1.1698331004738716,0.004550257685099537,5665
DHRS7,2.803483247756958,-3.9579787135121207,0.0036600842879651544,5664
DHRS7B,2.877025842666626,-2.874017730275176,0.0053780991470875825,5664
DHRSX,1.3433245420455933,-3.5413670907398433,0.003241865059104066,5664
DHTKD1,2.290973663330078,-3.9553352347732162,0.005117832899946371,5664
DHX15,2.0223634243011475,-6.634981106816154,0.04781254091758231,5664
DHX16,0.643110990524292,-4.223174416819407,0.002281285094990522,5664
DHX29,1.3825676441192627,-4.285151014871255,0.023399535928176774,5663
DHX30,0.7494902014732361,-7.04682503683835,0.0025202994197203246,5664
DHX32,2.62857723236084,-4.546169952349972,0.0031390129136427878,5664
DHX33,1.9665290117263794,-6.493835380989408,0.005667481967629664,5664
DHX34,1.5044838190078735,-3.9693357976578434,0.0021235006658719335,5665
DHX35,,,0.008200385646810558,5665
DHX36,2.393754482269287,-17.8347523007567,0.010089214145374583,5664
DHX37,0.7721536159515381,-3.8083225444578104,0.011149783585217957,5663
DHX38,1.4960976839065552,-3.3107904657965874,0.01003757724523901,5664
DHX40,2.434676170349121,-6.423204059691466,0.0023931494374078784,5664
DHX57,2.3438823223114014,-4.050037200695072,0.0031345374887132437,5664
DHX8,0.9311361908912659,-3.568205482066264,0.003559490129736164,5664
DHX9,0.9735608696937561,-12.413081063745544,0.0036660591453464507,5664
DIAPH1,2.8330886363983154,-9.337966101761511,0.003059682867933315,5664
DIAPH3,2.80930233001709,-10.457899221819368,0.003130815525261887,5664
DICER1,2.0832574367523193,-9.0282953236214,0.02873517875581999,5664
DIDO1,0.3060770034790039,-3.582342464110921,0.0011544254319168217,5663
DIMT1,0.7747470140457153,-5.430198010857181,0.010927104749976251,5663
DIP2A,2.614226818084717,-5.217132011516375,0.002478441664643005,5664
DIP2B,1.2808971405029297,-4.75816126331722,0.0023134376647137665,5664
DIPK1B,1.8136687278747559,-9.003114427854808,0.0025659871661343576,5665
DIPK2A,1.594290018081665,-4.490232292977827,0.002085654954240787,5664
DIRAS1,,,0.0046204233575912875,5665
DIRAS3,,,0.0015991554174060113,5665
DIS3,2.138113260269165,-4.239386756775155,0.034747363030401796,5663
DIS3L,2.3848466873168945,-5.827163543250184,0.0017976580983289233,5664
DIS3L2,2.296311378479004,-4.585649117732654,0.0017161372537389556,5664
DIXDC1,1.7620768547058105,-3.927822986951697,0.002771557313003223,5665
DKC1,2.1883044242858887,-8.863066107881574,0.01982523389744801,5664
DLAT,2.9021964073181152,-2.8861838583033754,0.026296535150270643,5664
DLC1,4.661000728607178,-1.910233276344513,0.0028010996328081375,5665
DLD,2.41308856010437,-10.916097660805862,0.023998444131162575,5664
DLG1,0.3031899333000183,-2.499847282100553,0.0021679965881279146,5664
DLG5,,,0.0029435755007097284,5665
DLGAP4,1.4262683391571045,-4.009956178203055,0.0030806712190332222,5664
DLGAP5,2.67883038520813,-8.831424977137061,0.0025790303011366663,5664
DLL3,0.1242656484246254,-0.6350211131113438,0.0029277471151025543,5665
DLST,1.5125330686569214,-2.130214056506539,0.010840432438816933,5664
DLX1,,,0.001806036855559216,5665
DLX2,,,0.00221767788102271,5665
DLX3,,,0.0041215789701640835,5665
DLX4,2.8666350841522217,-4.04924173155502,0.00315504136697157,5665
DLX5,,,0.002152585822244351,5665
DLX6,,,0.0025478936616462884,5665
DMAC1,5.703760147094727,-0.7861301626782096,0.03357223609688625,5664
DMAC2,3.383685350418091,-5.852468340395376,0.0031885879924410587,5664
DMAC2L,3.0721781253814697,-4.3392064854820696,0.004009662372804716,5663
DMAP1,1.308718204498291,-3.895568974294989,0.0232775724942362,5664
DMBX1,,,0.0035981392622659427,5665
DMC1,,,0.007356640496442872,5665
DMD,,,0.00365390230146646,5665
DMPK,,,0.0026445037723363857,5665
DMRT1,,,0.00919457482870538,5665
DMRT2,,,0.003167286894563615,5665
DMRT3,,,0.005740630081314831,5665
DMRTA1,,,0.0023623511562208773,5665
DMRTA2,,,0.0021790304774631755,5665
DMRTB1,,,0.0031686588918792137,5665
DMRTC2,,,0.02002055847322413,5665
DMTF1,1.1492270231246948,-1.9755863693687454,0.014623642842597387,5664
DMTN,,,0.0012025167321294806,5665
DMWD,2.0921790599823,-6.914997745790805,0.0021717732369009135,5665
DMXL1,1.1660038232803345,-3.657141393603521,0.007090045681578376,5664
DMXL2,2.207366943359375,-4.406230394380732,0.002434118169934567,5665
DNA2,2.150399923324585,-2.137042845081038,0.028215127935534212,5664
DNAAF2,1.9045038223266602,-6.568552152497162,0.002257959500644344,5664
DNAAF3,1.3316900730133057,-5.9199886592549955,0.002183457086006709,5665
DNAH14,2.3716681003570557,-7.470733220111355,0.0017654709716590127,5665
DNAJA1,0.7901417016983032,-21.79266610402882,0.0012163477056680904,5663
DNAJA2,2.0033366680145264,-4.7975424779281495,0.02326265792285214,5664
DNAJA3,1.6550884246826172,-5.200328600193329,0.01547836723586362,5664
DNAJB1,1.7935786247253418,-6.66586756388881,0.002213863398317522,5664
DNAJB11,1.7451921701431274,-12.062934813541757,0.0013559708167237667,5664
DNAJB12,1.5487918853759766,-5.95776620360817,0.0023626833410427496,5664
DNAJB14,1.859305500984192,-7.148294366834302,0.0022098166346169947,5664
DNAJB4,4.782956123352051,-0.9564937122556304,0.015495806758514015,5663
DNAJB6,0.7155717611312866,-8.44345781669665,0.0024540887229899614,5664
DNAJB9,1.4390116930007935,-4.301595097424427,0.0016312200435865557,5663
DNAJC1,0.30803200602531433,-3.2945724690927807,0.004354094484558578,5664
DNAJC10,2.658351421356201,-8.370572309363544,0.0018227584166956767,5664
DNAJC11,1.6827000379562378,-6.0201393346312875,0.0031173972073564628,5664
DNAJC12,,,0.006824402304818487,5665
DNAJC13,3.1586098670959473,-3.155756800225626,0.00457806819043825,5664
DNAJC14,2.033705472946167,-2.871026958437323,0.003935895736419872,5664
DNAJC16,2.3653171062469482,-4.088578892643297,0.0027454071005804936,5664
DNAJC19,1.0988414287567139,-8.724076330639914,0.014810591004730768,5664
DNAJC2,1.5660991668701172,-5.887412038204072,0.011729913717697606,5664
DNAJC21,1.5765595436096191,-9.298413152070685,0.006373847818633271,5663
DNAJC24,2.441807270050049,-3.4461580806705983,0.006016661378361875,5664
DNAJC25,2.8157286643981934,-3.9772673159826915,0.003265196800976261,5664
DNAJC3,2.346423625946045,-19.335575559906356,0.0005748302828605485,5664
DNAJC30,1.7303580045700073,-4.8774906114834256,0.0017781076986936463,5664
DNAJC4,2.153127908706665,-3.033427966241177,0.009676862407009124,5662
DNAJC5,0.9006162285804749,-3.6796963084579097,0.0026615611915697204,5664
DNAJC6,0.9559166431427002,-4.022527994766928,0.0020943463445023455,5665
DNAJC7,1.3663132190704346,-14.228468209112798,0.003233277385125795,5664
DNAJC8,2.9905996322631836,-22.50465201317744,0.003484169381403807,5663
DNAJC9,1.8097022771835327,-13.95117098472261,0.0022250064997569406,5664
DNAL1,,,0.0018866512156739013,5665
DNASE1L1,,,0.003909862109745074,5665
DNASE2,1.0324897766113281,-1.7804259976279904,0.008129215376574706,5664
DNLZ,,,0.0015251497361241635,5665
DNM1,0.5756190419197083,-3.869636332236361,0.0018531098045660587,5665
DNM1L,1.9812406301498413,-10.531286462510272,0.003929628876741401,5664
DNM2,0.745663046836853,-1.632122659005132,0.02079653087810997,5664
DNMT1,2.7625625133514404,-21.48623503609232,0.010535399872877388,5664
DNMT3A,1.0883296728134155,-3.5704412625524946,0.005279526297785245,5664
DNMT3B,0.7846080660820007,-3.892734320967392,0.0012797375982589944,5665
DNPEP,1.740344762802124,-5.462241208668942,0.003773115794372298,5664
DNPH1,2.9087212085723877,-11.492431753430168,0.003360840512723895,5664
DNTTIP1,2.666245460510254,-7.5177720780536355,0.0036497630404256688,5664
DNTTIP2,1.5691200494766235,-7.958924513620442,0.034586216082766214,5664
DOCK11,2.433771848678589,-2.429889463367758,0.00850413339713284,5665
DOCK2,3.1436262130737305,-6.276726128676151,0.0018124155149020602,5665
DOCK6,,,0.0041911164260271675,5665
DOCK7,2.2723701000213623,-3.9253149056670407,0.005094797409983248,5665
DOCK8,0.5779443979263306,-3.2026025630767556,0.0028238188826839976,5665
DOCK9,-0.01354924961924553,0.055135061306336434,0.0033059897269296563,5665
DOHH,3.112694263458252,-6.216779933487488,0.022136307283465242,5664
DOK1,2.5149331092834473,-5.614799511491299,0.0013380109055608662,5665
DOK2,2.883711338043213,-2.8815493021836347,0.004004893956753466,5665
DOK3,-0.3548192083835602,1.669898531887143,0.0035494389855613116,5665
DOK4,,,0.0012061892201543957,5665
DOLK,2.9568214416503906,-4.178507090507673,0.0035968379231494127,5664
DOLPP1,2.2264626026153564,-4.444170484869186,0.0022403104442015828,5665
DONSON,1.387220025062561,-8.237354639227801,0.006235380351580991,5664
DOT1L,0.36180636286735535,-2.363758284330156,0.0029221832331342745,5663
DPAGT1,2.5263068675994873,-6.173622329298585,0.0016214342889313278,5664
DPCD,0.06602449715137482,-0.1291929557701591,0.027060531681692646,5665
DPF1,,,0.0012266462785063578,5665
DPF2,0.540494978427887,-6.162970730989551,0.0017365403927821575,5664
DPF3,,,0.005786059610327546,5665
DPH1,,,0.0010094896522354964,5665
DPH2,2.480400562286377,-6.0601379724928774,0.005836437080873132,5663
DPH3,2.274540901184082,-7.470107990295242,0.004223274906662742,5663
DPH5,3.1841177940368652,-4.493989801405352,0.005642879792850374,5664
DPH6,4.925607204437256,-2.39258844571517,0.002722700376369407,5664
DPH7,2.018787145614624,-5.683795266338322,0.002644795414529558,5664
DPM1,1.9320366382598877,-6.881338912702377,0.005061874487321716,5664
DPM2,2.307939052581787,-12.517484599557791,0.0016853616373831168,5664
DPM3,2.522646188735962,-5.627527522017215,0.0023155446444160714,5664
DPP3,1.497714638710022,-4.697490815559955,0.004191523592566259,5665
DPP7,1.022763729095459,-14.503215740169631,0.0012819476004645551,5665
DPP8,1.432242751121521,-6.338779677113011,0.002373445889020597,5664
DPP9,0.2797532081604004,-2.669282595610423,0.001217204178406896,5664
DPPA2,,,0.003931075192942693,5665
DPRX,,,0.002734390137081832,5665
DPY19L1,,,0.001762974739166429,5665
DPY19L2,,,0.007851205418717684,5665
DPY19L3,1.937172293663025,-2.7338467188564874,0.004491808046342591,5664
DPY19L4,2.0007381439208984,-5.639092885106401,0.0041910436627075115,5664
DPY30,6.661929130554199,-0.6661262734927279,0.02713802261356108,5664
DPYSL2,2.38171648979187,-3.3642807708822713,0.002999494057124038,5665
DR1,1.7010794878005981,-10.477640864057081,0.003052795327551332,5664
DRAM1,2.697589159011841,-5.388058349275385,0.001381717722367976,5665
DRAM2,2.3319053649902344,-7.3398686875584875,0.00202029516834794,5663
DRAP1,1.8777209520339966,-19.119821959424986,0.0025067707776981283,5664
DRG1,2.2593071460723877,-11.192368555888454,0.002137958016485915,5665
DRG2,1.6830013990402222,-5.023844871158912,0.002699721856206805,5664
DRGX,,,0.00365470407211946,5665
DROSHA,5.649392604827881,-1.0567981383795275,0.09340375785219535,5663
DSC2,2.2299857139587402,-5.878235386447376,0.0030870321567177303,5665
DSCC1,2.4144246578216553,-3.406410243149329,0.006925023787071612,5664
DSG2,3.589073896408081,-8.009769538445044,0.0017894299962655912,5665
DSN1,1.3049317598342896,-3.4232722895134353,0.010602152224200426,5664
DST,0.7228698134422302,-9.223306491976825,0.000966034537602046,5664
DSTN,3.0543670654296875,-8.589992440726672,0.0032346886340197285,5664
DSTYK,2.646914482116699,-4.577065434788098,0.004326279787345193,5664
DTD1,2.0913405418395996,-12.389474857831873,0.0014267707873798132,5664
DTD2,2.9212610721588135,-5.052210280172963,0.002185076642047798,5664
DTL,0.8484789133071899,-5.058236860571004,0.0049200764595147065,5663
DTNBP1,1.5552256107330322,-9.593614737167792,0.0014397261469576215,5664
DTWD1,3.701547622680664,-3.6987362930054424,0.0044136266915126435,5664
DTWD2,,,0.0019583823553415507,5665
DTX2,-0.06585078686475754,0.1720164134424345,0.009905592996692017,5665
DTYMK,1.2236090898513794,-14.033992454305789,0.004155878485139999,5663
DUS1L,1.589341163635254,-12.010966061851606,0.0023790881515564216,5664
DUS2,1.7633856534957886,-3.5184330405181052,0.0026141873348709743,5664
DUS3L,2.8073110580444336,-7.917625791371917,0.002363515681255261,5665
DUS4L,2.9008185863494873,-4.096281639763062,0.0027463453607683356,5663
DUSP1,,,0.0026500932204241833,5665
DUSP10,,,0.0015228706034253964,5665
DUSP11,2.7401013374328613,-6.113845781875669,0.0018332786441466536,5664
DUSP12,2.769047975540161,-4.784474862331654,0.005648947306003956,5664
DUSP13,,,0.001651061627960532,5665
DUSP14,0.5357624888420105,-3.0265245056532666,0.0021635389161840934,5664
DUSP22,5.097817897796631,-1.9476685962571108,0.003156991362454328,5664
DUSP23,2.725672960281372,-6.080864000365948,0.0019547202930038803,5665
DUSP28,,,0.002126534513587421,5665
DUSP3,4.514180660247803,-1.90966468238379,0.0028024363772281573,5665
DUSP7,,,0.0016461920336786956,5665
DUSP9,,,0.0003817681835823495,5665
DUT,2.3844709396362305,-8.672105811317762,0.01860441508817098,5664
DUXA,,,0.004409000104593262,5665
DVL1,1.026170015335083,-3.0564259811216883,0.003940126049949552,5664
DVL2,2.1094465255737305,-5.154732392807101,0.0019139412843192515,5664
DVL3,1.873213291168213,-8.325063471471795,0.001324775674170956,5664
DXO,4.748101234436035,-0.9958683050229418,0.014620580232076108,5665
DYM,0.6787113547325134,-3.2164582494308047,0.002396050506372296,5664
DYNC1H1,0.6837112307548523,-6.288315510784394,0.005463366204653191,5664
DYNC1I2,0.21556100249290466,-1.9359653674138337,0.00347892461185598,5664
DYNC1LI1,2.159632921218872,-15.005135977028857,0.0025265158876756864,5664
DYNC1LI2,1.4713125228881836,-6.961641145566512,0.004049608669135447,5664
DYNC2LI1,2.485583543777466,-3.5073450741143426,0.005939422521314125,5664
DYNLL1,1.9204542636871338,-18.234902470557234,0.005677852990766957,5665
DYNLL2,1.0239473581314087,-5.688636237013236,0.008423158178827534,5664
DYNLRB1,0.24124513566493988,-3.1336343796725976,0.0012646896449710638,5664
DYNLT1,2.722839117050171,-13.238853434655569,0.0014153982895914658,5664
DYNLT3,1.5609204769134521,-3.1113644124039697,0.004179209452369812,5665
DYRK1A,0.36470434069633484,-1.9446723810751212,0.004378440853889693,5664
DYRK2,5.058756351470947,-1.474716128104951,0.005558439176649446,5664
DYRK3,2.645927667617798,-2.6422216439410913,0.009606631648111572,5665
DYRK4,4.570532321929932,-1.928096342247676,0.0025360731934282745,5665
DZIP1,,,0.0024758256327982162,5665
E2F1,2.0500729084014893,-5.776869455357582,0.0032815374058896376,5664
E2F2,1.3452202081680298,-3.5461979685102594,0.002190224294271614,5665
E2F3,0.58221834897995,-6.689606595369326,0.0014803276513610272,5664
E2F4,0.7196936011314392,-3.804424233086405,0.0032228457034928454,5664
E2F5,0.7937045693397522,-1.5759210410616444,0.011743723789397828,5665
E2F6,2.376880645751953,-8.2001879090461,0.0016981763674397607,5664
E2F7,,,0.004086583169485846,5665
E2F8,1.2766169309616089,-3.363424656727551,0.004826779234769499,5665
E4F1,1.0156943798065186,-4.924658225067878,0.004103784567707799,5664
EAF1,5.184559345245361,-1.0874120418922522,0.011880869599504292,5664
EAF2,,,0.0027240802123557786,5664
EAPP,1.4699922800064087,-8.67325162999031,0.0028355003953330613,5664
EARS2,1.5319933891296387,-5.501062486536326,0.0034681491037341283,5664
EBAG9,1.98860764503479,-4.8294927753678545,0.00703440782767502,5664
EBF1,,,0.004158347320008414,5665
EBF2,,,0.0017586220626261855,5665
EBF3,,,0.0035648814590278884,5665
EBF4,,,0.0020592258904400455,5665
EBNA1BP2,1.0521984100341797,-9.688964356833022,0.010735624947018359,5664
EBP,2.1951379776000977,-10.418116249664696,0.002217789901044691,5664
EBPL,2.5332555770874023,-11.70913281054404,0.0028875632692835235,5664
ECD,1.2686669826507568,-4.355159740037188,0.007619639678151464,5664
ECE1,,,0.0016921770734962733,5665
ECE2,,,0.009962064559918606,5665
ECH1,1.7370245456695557,-7.116945835081742,0.0019100250917387467,5664
ECHDC1,0.4046948254108429,-3.8412552552115073,0.003708672613980817,5664
ECHDC3,4.582710266113281,-2.0337942889526617,0.0020700356240396776,5665
ECHS1,3.130768060684204,-12.826654144179058,0.001786020557302607,5664
ECI1,1.1201881170272827,-9.265155922688391,0.003878587601933864,5664
ECI2,2.283115863800049,-6.787405275007699,0.006859856318055312,5664
ECM1,,,0.004275588060583017,5665
ECPAS,0.6307068467140198,-5.175861318385146,0.002692843133505759,5664
ECSIT,2.1120564937591553,-8.389333879451838,0.0026364157773236373,5664
ECT2,0.7238432765007019,-2.120283809688593,0.01240484490851253,5664
EDARADD,,,0.003284694748419151,5665
EDC3,2.0940756797790527,-6.601924160317378,0.001714178927479856,5664
EDC4,1.1766996383666992,-7.722344060275903,0.0016632614978586294,5664
EDEM1,1.3533329963684082,-3.565023697701938,0.0028861191586473036,5665
EDEM2,,,0.004143850383010871,5665
EDEM3,1.3390095233917236,-5.473053651505855,0.0024901293931581334,5664
EDF1,2.5865190029144287,-23.426767812924187,0.0018507926963639248,5664
EEA1,2.2170751094818115,-8.241075113918571,0.0019606334758512133,5664
EED,1.1760203838348389,-4.168775597478748,0.006942626551077046,5664
EEF1A2,,,0.0016555432088786312,5665
EEF1AKMT1,2.9971375465393066,-4.233945153816781,0.002290413828662587,5664
EEF1AKMT2,1.6939185857772827,-5.83065174975534,0.002368359195843961,5664
EEF1AKNMT,1.8905071020126343,-6.221075846356082,0.0030561777112111726,5665
EEF1B2,1.8307944536209106,-19.613495677449425,0.007177646940745905,5663
EEF1E1,2.765176296234131,-17.986489960132083,0.0025237465170755667,5664
EEF1G,1.788944959640503,-33.74804988976385,0.018327497167885506,5664
EEF2,0.11641106754541397,-4.768913362235785,0.0016867761154929523,5664
EEF2K,2.156602144241333,-6.079837717655842,0.002018939151594367,5664
EEFSEC,2.760711431503296,-3.8989875708493744,0.006875799217888792,5663
EFCAB11,3.1945641040802,-4.513683784299784,0.0019605683515208057,5663
EFCAB14,2.4080631732940674,-4.156805134936753,0.005756713013619816,5664
EFCAB2,1.7082122564315796,-6.565271011427869,0.0023696366077773376,5665
EFHD1,4.500592231750488,-0.7923302069686653,0.01683421705906037,5665
EFHD2,0.32756155729293823,-1.2288955210797414,0.012395599222059735,5664
EFNA1,,,0.00350387923813131,5665
EFNA3,,,0.002358837303618795,5665
EFNA4,,,0.0022036538713707445,5665
EFR3A,1.790002465248108,-2.5208111820279315,0.024745995848410692,5664
EFTUD2,0.13497081398963928,-1.265524429603342,0.004030015491998289,5664
EGFL7,0.1730990707874298,-2.663403124393488,0.0019581731716444154,5665
EGFL8,1.2488735914230347,-2.1545963357319198,0.005673796382583068,5665
EGLN1,1.0152782201766968,-6.711215722491609,0.001551093617002849,5665
EGLN2,2.0219886302948,-10.606620512191176,0.0014423245678155969,5664
EGLN3,1.9099699258804321,-3.810616601095095,0.002571082911057725,5664
EGR1,0.9283130764961243,-4.7842989563832505,0.0021670138383063763,5665
EGR2,,,0.002344914705048675,5665
EGR3,,,0.0015721312828413385,5665
EGR4,,,0.0017235262601021197,5665
EHBP1,2.7266645431518555,-4.715942975920319,0.0024706694913362187,5664
EHBP1L1,1.2057368755340576,-3.1638978980214247,0.006756839167505551,5665
EHD1,0.46030622720718384,-2.311857469737286,0.002650422681904371,5665
EHD4,3.0858914852142334,-3.0840550833771863,0.0024863967593022223,5665
EHF,,,0.006588739730574004,5665
EHMT1,3.4624998569488525,-4.889342791100774,0.005639446979836451,5664
EHMT2,2.4843227863311768,-6.995975889072208,0.00535518689138131,5664
EI24,2.1350560188293457,-15.104490734186246,0.003308904286311843,5664
EID1,3.3535122871398926,-9.989585636896763,0.004266471739038368,5664
EID2,1.7074230909347534,-4.161727638607455,0.004515368024282383,5664
EID2B,4.543522834777832,-0.8738747042400054,0.013675902822682603,5665
EIF1,1.4924324750900269,-29.718524798077468,0.0032235893325136696,5664
EIF1AD,2.1948578357696533,-4.373178248358437,0.005115840503464968,5664
EIF1AX,0.7694641351699829,-12.94238171228978,0.006334164766921502,5665
EIF1B,2.7288317680358887,-9.73750620794681,0.0035436885661001326,5664
EIF2A,1.7994579076766968,-8.789238545473443,0.005444736853144642,5664
EIF2AK1,2.2944419384002686,-13.910141385729387,0.0024714660358040037,5664
EIF2AK2,2.4619696140289307,-7.748498769253886,0.0023408755723848353,5664
EIF2AK3,,,0.002481790781114145,5664
EIF2AK4,3.520153760910034,-4.971100163429611,0.003778651238198863,5664
EIF2B1,2.4578371047973633,-9.13657772818061,0.011775690376798075,5663
EIF2B2,0.8715698719024658,-2.4486417525909148,0.02612783446847723,5664
EIF2B3,3.4489424228668213,-4.8653214192893195,0.0577555823245977,5664
EIF2B4,0.6665417551994324,-2.9475975597814403,0.019421504788908344,5663
EIF2B5,1.0651849508285522,-6.377577531709519,0.02064620890608163,5664
EIF2D,2.3629567623138428,-6.210079311831891,0.004690984234161458,5664
EIF2S1,0.5464446544647217,-3.913074516018023,0.026442105253089706,5663
EIF2S2,0.7016152143478394,-13.488572359206728,0.00495902215431277,5664
EIF2S3,0.9565438032150269,-7.751297511551464,0.020956709310562902,5664
EIF3A,0.7738747596740723,-11.956822797179983,0.01645888614078509,5664
EIF3B,0.5852116942405701,-4.349568347929212,0.014906833001746549,5663
EIF3D,1.2347657680511475,-8.455950977691927,0.027076402165950565,5664
EIF3E,0.891629695892334,-12.387632956974711,0.019593500428963993,5663
EIF3F,1.0546841621398926,-7.698502722643828,0.01684789142633914,5664
EIF3G,0.8173774480819702,-6.434639168485404,0.02033311351785635,5664
EIF3H,1.8724076747894287,-24.5411998406694,0.015427405658003988,5663
EIF3I,0.972135603427887,-10.248986002769346,0.011995914564600415,5664
EIF3J,2.2277238368988037,-12.721807541452666,0.007342468422356234,5664
EIF3K,2.134345293045044,-21.876919777824007,0.004004476287177687,5664
EIF3L,2.8270068168640137,-14.44195921159996,0.004195351185294931,5663
EIF3M,1.0809487104415894,-12.255977960566803,0.010357756179100295,5664
EIF4A1,1.2746533155441284,-13.143826581248208,0.012628143018684075,5664
EIF4A2,0.27701419591903687,-3.7683306989969587,0.003055962182260744,5664
EIF4A3,0.14124228060245514,-0.6528410501676595,0.02056623508587892,5664
EIF4B,1.5894063711166382,-15.623895422408692,0.00539003418575658,5664
EIF4E,1.926177978515625,-11.320185727822217,0.03419883353740985,5664
EIF4E2,3.036612033843994,-8.551153571367726,0.004891382662688792,5664
EIF4EBP1,2.8471522331237793,-13.712272656909406,0.0033818539617223847,5664
EIF4EBP2,1.3256402015686035,-6.267835816368523,0.0029974890119595183,5664
EIF4ENIF1,1.8263880014419556,-5.454295539252321,0.003375592533556398,5664
EIF4G1,1.0596318244934082,-14.381053999111785,0.01245233099849348,5664
EIF4G2,0.5822325348854065,-13.82426104678372,0.0022679827293223915,5664
EIF4G3,1.2825556993484497,-9.241714107781345,0.0015043062621146411,5664
EIF4H,1.7700045108795166,-14.192726225825822,0.003538166208257298,5664
EIF5,0.6287320852279663,-11.50971268065294,0.0026293325132634854,5664
EIF5A2,2.9568939208984375,-2.95505507141676,0.0027584168557892408,5665
EIF5B,1.1064229011535645,-8.073865136450685,0.009058135664951656,5663
EIF6,1.760913372039795,-10.231148508100132,0.02944986822088489,5664
EIPR1,1.6878000497817993,-5.028647121067643,0.003862911543728466,5663
ELAC1,,,0.003015020133680922,5665
ELAC2,1.7547988891601562,-5.774112377003685,0.004182698566566745,5664
ELAVL1,2.157322883605957,-11.84328097411445,0.005558327533570876,5664
ELF1,0.139771968126297,-0.9151683125658026,0.010650938943044077,5663
ELF2,0.4423527121543884,-3.962048096932734,0.002488543837923914,5664
ELF3,,,0.0018698429278586387,5665
ELF4,,,0.002475094530739347,5665
ELF5,,,0.0017018819560163843,5665
ELK1,4.747344017028809,-1.7950318812411372,0.003543644883156901,5664
ELK3,1.833251714706421,-2.588166093750657,0.003968822156395643,5665
ELK4,1.6836519241333008,-3.748588257401629,0.004259997827527974,5664
ELL,1.518937349319458,-3.027441465220682,0.007033207034003614,5664
ELL2,2.6303327083587646,-3.714063861854949,0.0035903066732554654,5664
ELMO2,,,0.012049861174897682,5665
ELMOD2,1.752102255821228,-3.4926817456114536,0.0038143269497172673,5664
ELMOD3,0.6557735800743103,-2.7602827356367605,0.001902245009330182,5665
ELMSAN1,0.21803021430969238,-1.820938976262566,0.0008512074925751546,5665
ELOA,1.9180021286010742,-8.065068965878067,0.0026997876640859316,5664
ELOB,0.8800479173660278,-19.95895470245505,0.0044616492645813775,5664
ELOF1,2.4484682083129883,-10.311669052960024,0.01676527368379792,5664
ELOVL1,2.488036870956421,-8.935754572040015,0.0014527655429050572,5665
ELOVL2,5.066577911376953,-1.7549308264302355,0.005004664075946606,5665
ELOVL5,1.192421317100525,-9.46984537043228,0.0017033821534304541,5664
ELOVL6,1.9627236127853394,-11.435217453019998,0.002106913580713562,5664
ELP1,1.84290611743927,-3.1801199625159566,0.007851721004427933,5664
ELP2,1.2171101570129395,-9.637025563481119,0.002384495700685651,5664
ELP3,1.3815208673477173,-4.555029048092762,0.004428353307517943,5664
ELP4,1.2655160427093506,-3.961350414487848,0.010212761173738405,5663
ELP5,1.6176910400390625,-7.532234855034113,0.004445449271133818,5663
ELP6,1.3618158102035522,-8.49400804268738,0.0032228039628934106,5664
EMC1,1.8347148895263672,-5.477772880000441,0.003022472848329094,5663
EMC10,5.757325172424316,-2.489410816764389,0.002631359302997828,5664
EMC2,3.250452756881714,-4.59084092116937,0.004359731260323575,5663
EMC3,1.488622784614563,-13.542285879086375,0.0010687533151823884,5664
EMC4,2.098440170288086,-6.89334961610373,0.004650467422254963,5664
EMC6,1.2564969062805176,-8.527228613890303,0.003355507728678986,5664
EMC7,2.3979549407958984,-11.671127867448552,0.00202073610525561,5664
EMC8,2.9052376747131348,-11.921494695754463,0.00185867331760384,5663
EMC9,2.554933547973633,-4.419439744991272,0.002445770030757366,5664
EMD,1.4376927614212036,-9.724182423548822,0.001290725568531181,5663
EME1,2.2476906776428223,-3.1742647295258197,0.0032916552217546434,5665
EME2,,,0.0030330389603305695,5664
EMG1,1.6634899377822876,-3.2833703430284027,0.04325661926431541,5663
EMILIN2,1.0290719270706177,-5.200623021851777,0.001351125522197662,5665
EML2,0.7790057063102722,-2.050571159560519,0.0035101726979151373,5665
EML4,2.6522088050842285,-3.7396793956361662,0.007224678149699747,5664
EMP2,,,0.0018347435769472992,5665
EMP3,4.090366840362549,-5.760649336498803,0.008973113212636117,5665
EMX1,,,0.0017861188259340685,5665
EMX2,,,0.0031238304780073886,5665
EN1,,,0.023591600792826736,5665
EN2,,,0.002197666916669694,5665
ENDOD1,4.846581935882568,-1.0727269292373056,0.010012181126126484,5665
ENDOG,1.1311616897583008,-6.2632374060712115,0.006809403347021881,5664
ENDOV,0.6010565161705017,-2.4593693498254563,0.0027812350348291,5664
ENGASE,,,0.0022693591797501105,5665
ENKD1,4.488166332244873,-1.5674799886390443,0.004238144942132039,5665
ENO1,2.865121364593506,-26.338076035280345,0.007095173807639922,5664
ENO2,2.02846622467041,-4.526579008132728,0.0020412308860801487,5665
ENO3,,,0.001981178120336731,5664
ENOPH1,2.2316739559173584,-8.303006843427015,0.0017350009256642761,5663
ENOSF1,1.6921406984329224,-8.378922278199282,0.0017869830066774893,5664
ENOX2,5.309659481048584,-1.8695303501259248,0.003949019642311706,5664
ENPP3,,,0.0017616016065369507,5664
ENSA,2.5266051292419434,-14.417876378990417,0.0030724738718544147,5664
ENTPD4,1.6983630657196045,-5.07873963188242,0.001423095200323542,5664
ENTPD6,2.012129783630371,-2.8399756736500184,0.005104151093008366,5665
ENTPD7,,,0.016918691571074743,5665
ENTR1,1.7231563329696655,-4.500701926809525,0.012945589849233958,5663
ENY2,2.1155941486358643,-18.78195782645406,0.015629380482841897,5663
EOGT,,,0.00700292592920809,5665
EOMES,,,0.005406181947832269,5665
EP300,1.3211636543273926,-5.1969418262596525,0.00727681704685158,5664
EP400,2.0141072273254395,-4.4764684144808395,0.02770292647509545,5664
EPAS1,0.628925621509552,-2.337328591315755,0.002194069918821752,5665
EPB41,0.1900554895401001,-4.2783337037145746,0.0015944173070268034,5664
EPB41L2,1.2044336795806885,-13.482657763207794,0.005039873193320379,5664
EPB41L5,2.172459363937378,-3.7559320482915,0.002633325282447785,5665
EPC1,1.9429924488067627,-5.451579194262447,0.0070656841230250945,5664
EPC2,1.8761683702468872,-5.90850520471113,0.002676829023748589,5664
EPCAM,1.7809503078460693,-7.854740063372857,0.0032121207148737827,5665
EPHB4,,,0.003467721511804721,5665
EPHB6,,,0.0025158565713525897,5665
EPHX1,2.316596031188965,-2.3134829288362617,0.007141890134527353,5665
EPHX2,2.809046506881714,-4.858399370741759,0.0023816284652550582,5665
EPM2AIP1,3.339003562927246,-4.711131922697962,0.006460649875873957,5665
EPN1,1.6794466972351074,-7.592475089769525,0.003147486558630016,5664
EPN2,0.8877764344215393,-4.405226290573681,0.0011530935739163762,5665
EPOP,,,0.0020596171462862007,5665
EPPK1,,,0.0027472892552799235,5665
EPRS,2.231631278991699,-15.168613593653747,0.009434602746030068,5665
EPS15,2.588456392288208,-9.269498788139455,0.0026029431094249105,5664
EPS15L1,0.7395185232162476,-2.429246517361527,0.004700757095534488,5664
EPS8L1,,,0.003999086423956555,5664
EPS8L2,,,0.0031626091746603108,5665
ERAL1,2.022257089614868,-8.27541189132496,0.003249856084128519,5663
ERAP1,,,0.002546266798288003,5665
ERBIN,1.6855791807174683,-6.226516056834827,0.004576352268634921,5664
ERC1,2.223773956298828,-7.0097507602530476,0.001403285574075597,5664
ERCC1,1.9888361692428589,-8.134068867133065,0.0023435604091456806,5664
ERCC2,2.1730167865753174,-3.7556046910172896,0.019918031839924605,5664
ERCC3,1.7988028526306152,-5.376952489924084,0.004285936010290507,5664
ERCC4,0.6523324847221375,-3.9821883833525495,0.000979961138147664,5664
ERCC5,1.3518108129501343,-4.438781663298708,0.004583784468065934,5664
ERCC6L2,2.4694783687591553,-3.4849193087253165,0.004956258477125632,5664
ERCC8,4.917179584503174,-0.9065911753750058,0.015760117870963968,5663
ERF,1.4570571184158325,-6.150446963810584,0.001144744259257624,5664
ERG,,,0.001204863765814628,5665
ERG28,2.8946022987365723,-6.45872735853379,0.002229397068899613,5664
ERGIC1,2.0707128047943115,-5.4606304871772045,0.0027646499546003117,5665
ERGIC2,2.366039514541626,-6.656757998835021,0.0029811632984636104,5664
ERGIC3,2.3999643325805664,-11.404157044534017,0.001962125078926182,5664
ERH,0.17289777100086212,-1.4323402516569534,0.014042000520443635,5663
ERI1,0.9574322700500488,-3.791195286215153,0.003258242566808524,5664
ERI2,2.4202065467834473,-4.829510061556606,0.002202554499452629,5663
ERI3,2.965475082397461,-9.336449210212285,0.0019506662764642365,5664
ERICH1,2.5116257667541504,-5.0051036794763855,0.004636552587648482,5664
ERLEC1,3.628998279571533,-3.6247692565067493,0.007090947499836741,5664
ERLIN1,2.4609527587890625,-3.4763969558409,0.0026415983722305326,5664
ERLIN2,1.847036600112915,-5.201203280866382,0.0029459460268928747,5664
ERMAP,0.8480748534202576,-6.093519706363334,0.0012438294187910816,5665
ERMARD,,,0.005636448797454184,5665
ERMP1,,,0.005254208089703063,5665
ERN1,,,0.0016836801910145329,5665
ERP29,2.5842103958129883,-13.598025463293661,0.006976590322245956,5664
ERP44,2.651939630508423,-11.47706246891619,0.0016982852756624043,5664
ERV3-1,2.445033311843872,-4.875726470532301,0.0036718498898386776,5665
ESAM,1.8499577045440674,-6.383017798311984,0.0014157687372298804,5665
ESCO1,1.000911831855774,-4.006337367919064,0.008276564175091676,5664
ESCO2,1.0534368753433228,-2.7453501631561217,0.012793877852047011,5663
ESD,3.0540401935577393,-8.517082605822129,0.008450360143693261,5664
ESF1,0.7758131623268127,-6.170625140372284,0.0053563050884728606,5663
ESPL1,0.16646361351013184,-0.6144078269790938,0.00425547591746852,5664
ESPN,,,0.0005584564755355571,5665
ESR1,,,0.0026892140230101564,5665
ESRRA,1.234616994857788,-6.096528145482416,0.0024860755937838844,5664
ESRRB,,,0.0019591861952425295,5665
ESRRG,,,0.0008645869969665046,5665
ESS2,1.7548625469207764,-5.498882684016278,0.00508676321136303,5665
ESX1,,,0.0026128823953091435,5665
ESYT1,0.20081709325313568,-2.299731479706287,0.002931319544734188,5664
ESYT2,1.255834698677063,-3.0531887769057118,0.015400714797385723,5664
ETAA1,4.856530666351318,-1.9962859051383832,0.002886911929790414,5664
ETF1,0.9129369854927063,-6.431643525857309,0.011559057458497585,5664
ETFA,2.285480260848999,-12.662914752690217,0.0035542019842764515,5664
ETFB,1.0752297639846802,-15.714720690688143,0.0013311308240051218,5664
ETFDH,2.1052324771881104,-4.201178758556705,0.0021798335314794992,5664
ETHE1,3.3727571964263916,-5.835609323860856,0.0020825474983000862,5664
ETNK1,2.3683083057403564,-10.517894243645218,0.002001547532475697,5664
ETNK2,,,0.002011724519037295,5665
ETS1,,,0.001980147478944002,5665
ETS2,2.1386282444000244,-3.0176564581432768,0.0074403607580228286,5664
ETV1,,,0.00344063724006898,5665
ETV2,,,0.0019222939610863568,5665
ETV3,,,0.0016219533007972742,5665
ETV3L,,,0.003027028848787313,5665
ETV4,1.8793987035751343,-4.180400452231476,0.03220238542851454,5665
ETV5,0.6266471147537231,-0.8769767000535943,0.028850698863928693,5665
ETV6,2.037712335586548,-4.068005996259359,0.0019097571257154892,5664
ETV7,,,0.005903256171876871,5665
EVA1B,5.619049072265625,-2.323356445643189,0.0028436422715774736,5665
EVI5,2.6725454330444336,-4.616879366563743,0.004071102839824634,5665
EVL,0.4713880717754364,-3.6274572152063627,0.0026175770992722626,5664
EVX1,,,0.0023663390874754707,5665
EVX2,,,0.00280454915966946,5665
EWSR1,1.1142213344573975,-10.539650196523954,0.004008088143616867,5664
EXD3,,,0.0026475230454160274,5665
EXO1,2.7839298248291016,-6.802217821712964,0.0021186987624095314,5664
EXO5,4.473658084869385,-0.8719871664096014,0.01433592112728618,5665
EXOC1,1.9462281465530396,-7.983028269795697,0.0024906169062183393,5664
EXOC2,1.6975804567337036,-5.598646134720721,0.002470013472670818,5664
EXOC3,-0.10713769495487213,2.140198246736817,0.0012313184463500632,5664
EXOC4,3.0858774185180664,-5.336012517241767,0.011769499462661002,5664
EXOC5,1.5468933582305908,-7.1936087705126655,0.003359101735086279,5663
EXOC6,1.3313802480697632,-2.2806939227895775,0.01828375068781039,5664
EXOC7,5.366499900817871,-1.346843777126504,0.009455040673205021,5664
EXOC8,0.5536704659461975,-1.0986706025731159,0.009000767172983025,5664
EXOG,2.2086315155029297,-3.116890213210376,0.004659069542495505,5665
EXOSC1,1.989231824874878,-6.554150815430187,0.0033194957829751214,5663
EXOSC10,1.454798698425293,-8.104288861325772,0.004696612782989354,5664
EXOSC2,1.1504392623901367,-4.6928224220670876,0.0375200930248554,5664
EXOSC3,0.9113425612449646,-3.095272326955919,0.029727749857236488,5664
EXOSC4,1.5212740898132324,-6.015238458412056,0.040998079783816435,5663
EXOSC5,0.9108139872550964,-2.949252661477029,0.031559167009216696,5664
EXOSC6,1.0950781106948853,-3.049622954384369,0.03762800430978212,5664
EXOSC7,1.359869360923767,-10.929685381653314,0.006066345498108325,5663
EXOSC8,1.2822405099868774,-9.92638232703349,0.030610962302859857,5663
EXOSC9,1.052435040473938,-4.332098883487068,0.027731434066373326,5664
EXPH5,1.418497920036316,-3.4477160287251167,0.006292425423667924,5665
EXT2,1.7065849304199219,-4.498604150719041,0.0024063195068163997,5664
EXTL2,4.240910530090332,-4.238596347418883,0.002591509771055986,5664
EXTL3,0.08925354480743408,-0.4216481032605991,0.0027201377736447035,5664
EYA3,2.9041523933410645,-4.100669398393165,0.004288559709479888,5664
EZH1,2.8420913219451904,-4.91592973499327,0.0018086388371058042,5664
EZH2,1.8132023811340332,-12.62434956022464,0.00399480090476817,5664
EZR,0.30412566661834717,-5.617210197990596,0.0012012281714300949,5664
F11R,1.425064206123352,-5.999041126369772,0.002072450333314256,5664
F12,0.4705290198326111,-3.8633539947111246,0.0011127135908845917,5665
F2R,2.252232789993286,-3.177780979146057,0.005019538190414082,5665
F2RL3,,,0.0014347829300094162,5665
F8A1,,,0.008562622116768514,5665
FABP5,2.646285057067871,-15.002609058545842,0.0017237710769601139,5664
FADD,5.214550971984863,-1.6652221207316973,0.004560049116026435,5664
FADS1,2.711973190307617,-13.94062298762936,0.0017852439431291778,5664
FADS2,,,0.0011369099674938346,5663
FADS3,1.521605372428894,-2.6217494383609123,0.009443987348098141,5665
FAF1,1.0641812086105347,-10.002288806737848,0.0021340232200299327,5664
FAF2,2.4970571994781494,-11.642084353674953,0.001807374046694548,5664
FAH,2.7367501258850098,-9.448773358499853,0.0014357549982358607,5665
FAHD1,1.530517339706421,-4.035099229361045,0.0021657303059563725,5664
FAHD2A,2.25410795211792,-7.457810766141334,0.0009334277354711808,5665
FAHD2B,4.917532444000244,-1.2243299779300814,0.0076110866373966775,5665
FAIM,1.4288846254348755,-3.170059241150738,0.008155181297936456,5664
FAM102B,4.081691741943359,-4.079134444231723,0.010674958558939067,5665
FAM104A,2.0217089653015137,-6.040058294584245,0.0025443645705731013,5664
FAM104B,2.896919012069702,-2.893735374954289,0.0052876260057035315,5664
FAM110A,,,0.002666804967733035,5665
FAM111A,,,0.004979818639049157,5665
FAM114A2,2.420804977416992,-4.186589449011928,0.002322064265201128,5665
FAM117A,0.6804194450378418,-6.22701303901121,0.0011366044125841787,5664
FAM117B,1.0724008083343506,-2.3840986941779474,0.006724743092974351,5665
FAM118A,2.1021058559417725,-11.017181953993033,0.001737611694556533,5665
FAM118B,0.9972047209739685,-3.132263335384961,0.004789749437524364,5663
FAM120A,1.3794422149658203,-7.332786513213786,0.0035824446341063015,5663
FAM120AOS,1.9935792684555054,-9.059054254108174,0.0018526013254856607,5663
FAM120B,1.706326961517334,-3.404546187021954,0.0023440685957402904,5665
FAM120C,,,0.002223449033290333,5665
FAM122A,3.3135833740234375,-3.311830063186811,0.00354070322662774,5665
FAM122B,1.7546255588531494,-3.9140145479865702,0.002260835630311144,5665
FAM124B,,,0.0030470530662553364,5665
FAM126A,2.8623201847076416,-4.949095241334248,0.002723889941146359,5665
FAM126B,2.17850399017334,-5.31412666308943,0.00409036929024457,5664
FAM131A,,,0.003014403259463883,5665
FAM133B,1.3269203901290894,-5.514454678585654,0.006934387565619986,5664
FAM135A,2.8391575813293457,-2.83727195368507,0.0028419533909361094,5665
FAM136A,1.520817518234253,-7.8046127816745905,0.01143844921665537,5664
FAM13A,2.016935348510742,-4.922718468748282,0.0026607343036402302,5664
FAM13B,0.9556397199630737,-2.8444093330414346,0.004049911089122789,5664
FAM160A2,,,0.0023333647527837126,5665
FAM160B2,,,0.00213125110504439,5665
FAM161A,0.885214626789093,-1.2453847237525975,0.013978004306306368,5665
FAM162A,3.788999557495117,-7.551144445865927,0.004445514998379311,5664
FAM168B,1.0332672595977783,-4.205939378066024,0.003649460087612845,5664
FAM170A,,,0.005214660521980589,5665
FAM171A1,0.6918877959251404,-3.4836277358319845,0.0019583901531646927,5664
FAM171A2,,,0.0016724373266305472,5665
FAM174A,,,0.0035658106943185475,5665
FAM174C,1.10917067527771,-7.942244495046393,0.003076382195030087,5664
FAM177A1,2.3864877223968506,-6.27977585258267,0.0038579140099275462,5664
FAM178B,-0.30466946959495544,5.165586282737983,0.0026081271200754682,5665
FAM184A,1.8643152713775635,-9.401129950295292,0.0021160214502508453,5665
FAM185A,,,0.00594874201439381,5665
FAM189B,4.657777309417725,-1.5930354104651498,0.0041881119243982285,5665
FAM192A,1.0717765092849731,-8.081734100123306,0.0023349591263572716,5664
FAM193A,0.13545621931552887,-0.9964470049851327,0.0019347186883858715,5664
FAM193B,2.757084608078003,-3.8954255983813373,0.0021720177860201895,5664
FAM199X,2.3526508808135986,-5.749026333545621,0.0016395895406755834,5664
FAM200B,2.8522095680236816,-5.692668170685341,0.002258184405583982,5663
FAM204A,2.5411577224731445,-7.155878144692289,0.003431584540805918,5664
FAM207A,1.8161298036575317,-14.953772877099068,0.0018174584726223565,5665
FAM20B,2.4713380336761475,-6.500882770811437,0.006633780919672872,5664
FAM210A,2.6164114475250244,-4.523088606316709,0.004565429669841768,5663
FAM210B,2.1521897315979004,-10.025221345666429,0.0013519280143169288,5664
FAM216A,0.31800034642219543,-0.6938739213738992,0.024910333005130403,5663
FAM217B,0.5990937948226929,-4.504384336447433,0.0027712027849603853,5664
FAM219B,2.2682807445526123,-7.152219399122724,0.0010728015326595117,5664
FAM222B,0.593393862247467,-3.7951036077320563,0.0012774410921000327,5663
FAM229A,,,0.001111281192705441,5665
FAM229B,2.436058282852173,-3.4407501272908996,0.002679917572221455,5664
FAM241A,2.9972829818725586,-5.986587280536128,0.002497526957564254,5665
FAM241B,,,0.002314023910577481,5665
FAM24B,2.768739700317383,-2.7664569121901774,0.0037185472997537054,5665
FAM32A,1.001389741897583,-7.8416274782462985,0.0026938758265304115,5664
FAM3A,2.6131982803344727,-4.519436212027656,0.0021801263436963636,5665
FAM3C,3.0660815238952637,-6.8419150143278324,0.00165961481810449,5664
FAM49B,0.8262637257575989,-10.197059291386873,0.001451597179170344,5665
FAM50A,1.0104002952575684,-2.6295132337310765,0.025664523352192277,5664
FAM53B,,,0.003123102515669478,5665
FAM53C,2.286010980606079,-5.58316233916959,0.002915820333754665,5664
FAM72B,,,0.0031232377794234317,5665
FAM72C,,,0.002543307984907669,5665
FAM72D,,,0.0010403354805780063,5665
FAM76A,3.5034215450286865,-3.5020422044463766,0.0014154518696899714,5665
FAM76B,1.7960093021392822,-4.729200320835648,0.0031042364920503057,5663
FAM78A,1.4943711757659912,-6.7927002699318955,0.0017498877414069151,5665
FAM83A,0.620842695236206,-3.8740687354440153,0.006665933276080225,5665
FAM83D,1.5681815147399902,-5.410528474006,0.0012509081899822853,5664
FAM83G,,,0.005465927358942653,5665
FAM83H,,,0.005487498410851044,5665
FAM86C1,,,0.003687179143102004,5665
FAM89A,3.0939905643463135,-12.304089464207218,0.00158033717462884,5665
FAM89B,1.1724002361297607,-4.038811547532894,0.0020536383170049392,5664
FAM8A1,1.001259684562683,-4.554632797838018,0.0013863631539573467,5665
FAM91A1,2.3491628170013428,-4.686124048059259,0.0028242121189091377,5664
FAM92A,5.110629081726074,-1.6948278632115332,0.004270764656558666,5665
FAM98A,2.180056571960449,-8.101796325611526,0.0021308996894789157,5664
FAM98B,3.0298824310302734,-4.277605742072105,0.005222115797785058,5664
FAM98C,2.7427144050598145,-4.745203556001412,0.001613812778553575,5665
FAN1,3.0412697792053223,-4.297669654807037,0.0015675099530458895,5664
FANCA,1.6616014242172241,-3.3040292093857646,0.006591941263081539,5664
FANCB,2.917484998703003,-2.9149465936581285,0.005161057403600236,5664
FANCD2,4.418735504150391,-4.415569873187858,0.00312791876545173,5664
FANCE,1.0161752700805664,-1.4298189422961283,0.01138438792176842,5665
FANCF,4.9184393882751465,-1.4338105767823999,0.005212197117493417,5665
FANCG,1.9223798513412476,-4.290424958127953,0.0019093400962793797,5665
FANCI,0.40351739525794983,-1.3206856119289547,0.023789022044363346,5664
FANCL,3.43415904045105,-3.430190971709553,0.004981149697430854,5665
FANCM,1.4956318140029907,-3.322728294460086,0.006725363707383627,5663
FAR1,3.005141258239746,-7.935886952510037,0.0019558332305163123,5664
FAR2,3.3433775901794434,-3.341328645401961,0.002796574722139856,5664
FARP2,,,0.001700231051937117,5665
FARS2,1.3941782712936401,-3.3919567438480946,0.0062378370651631765,5663
FARSA,2.015742301940918,-7.467601150660703,0.021914068325356913,5663
FARSB,2.02626371383667,-6.345203230438701,0.018808553034991574,5664
FASN,1.8067901134490967,-11.078720444655934,0.006969363526770981,5664
FASTK,0.994023859500885,-4.904285152181188,0.004686334083652457,5663
FASTKD1,3.876617431640625,-3.8738244902471286,0.004126160331863636,5664
FASTKD2,0.9216329455375671,-1.5716046412564189,0.022533682951556527,5664
FASTKD3,2.86869478225708,-4.050770567574182,0.004723125611451753,5665
FASTKD5,2.367095947265625,-6.24760218316076,0.003833631359546801,5665
FAT1,,,0.001517950530421786,5665
FAXDC2,,,0.001016558792855713,5664
FBF1,,,0.001456395220722143,5665
FBH1,2.073190450668335,-6.19285589208498,0.0023602648136683032,5664
FBL,1.7549570798873901,-8.787164236900095,0.06233198464861816,5664
FBLIM1,,,0.0023073719438242613,5665
FBRS,1.060863971710205,-1.825419506073469,0.014253722273282891,5665
FBRSL1,-0.13720227777957916,0.6239064852674887,0.013606225685655799,5664
FBXL12,0.7047533392906189,-4.347228259375916,0.0014069174222638508,5663
FBXL13,,,0.005483765170881847,5664
FBXL15,0.805757462978363,-2.092354885515247,0.01187495143250319,5664
FBXL19,0.43366825580596924,-3.228568772446514,0.0011750485886406403,5665
FBXL20,1.1095763444900513,-5.453956755755089,0.002831349672865182,5664
FBXL3,1.526195764541626,-4.29362750872486,0.003036855386143745,5665
FBXL4,2.6422696113586426,-4.570709653059581,0.002000287427877852,5664
FBXL5,1.5290486812591553,-5.280272045413356,0.0010943704786907636,5663
FBXL8,2.124376058578491,-5.193879982285401,0.0015083947563127266,5665
FBXO11,0.30706098675727844,-1.5841284528080486,0.004661154239920442,5664
FBXO17,1.1717990636825562,-5.561649156432226,0.0021105552581619285,5665
FBXO21,1.7806117534637451,-4.347403643725668,0.0029424552938426764,5664
FBXO22,1.71683931350708,-12.747434362656694,0.0023049944018486332,5664
FBXO25,2.7822468280792236,-3.930851627777683,0.0024387913702842877,5665
FBXO27,,,0.0017800176216679275,5665
FBXO28,5.670109272003174,-0.9819929274858782,0.02335441807214442,5664
FBXO3,1.029451847076416,-5.948444715687542,0.0012764474578655844,5664
FBXO31,,,0.0023930196437127516,5665
FBXO33,0.9164714217185974,-3.1496471921889735,0.003019087253187572,5664
FBXO34,3.0861258506774902,-4.360439141393534,0.002042998882920864,5664
FBXO38,2.7180166244506836,-3.839631994182717,0.0024920994266977494,5664
FBXO4,2.754788875579834,-3.892189546143954,0.0020283334821963052,5665
FBXO41,,,0.002014030343273884,5665
FBXO42,1.8110004663467407,-5.107204915791801,0.002817963463414844,5663
FBXO44,,,0.0018781638169422883,5665
FBXO45,1.0794651508331299,-7.214114719490076,0.0031814116700400645,5664
FBXO46,0.2746419906616211,-1.3031412634923774,0.0023399951724226192,5664
FBXO5,0.7776305079460144,-7.404820748181196,0.0023074419356779417,5664
FBXO6,5.171507358551025,-1.50758554647218,0.006603946598442784,5665
FBXO7,2.3655645847320557,-6.20965161174035,0.005405997071502957,5664
FBXO8,,,0.005604348751264392,5664
FBXO9,1.9360085725784302,-12.359315418810885,0.001544941892274563,5664
FBXW11,1.6451449394226074,-5.676110895865055,0.0021744871167352414,5664
FBXW2,2.296091079711914,-6.053641223139257,0.002409923779423502,5664
FBXW4,,,0.002006987273890799,5665
FBXW5,1.9031550884246826,-3.782503056955204,0.008411021450016383,5664
FBXW7,0.4757591187953949,-6.221909512406538,0.0010666506579807388,5664
FBXW9,2.2693724632263184,-3.2019014073017686,0.005894328714237906,5665
FCER1G,3.9016013145446777,-3.8987597206911677,0.0036848732976638883,5665
FCF1,1.4838427305221558,-2.9593200259476546,0.03219019504080833,5665
FCGR2A,3.6558685302734375,-3.653653761222861,0.0024190925248578307,5665
FCGRT,2.8834285736083984,-6.432628073392421,0.004595252699527195,5665
FCHO1,,,0.003969977364163755,5665
FCHSD1,,,0.0047608809884576485,5665
FDFT1,0.5204286575317383,-7.379072668135141,0.0021357585215470687,5664
FDPS,1.7400591373443604,-5.2680958369492075,0.0274950953468498,5664
FDX1,1.3239580392837524,-7.807177667417134,0.0022982716232069194,5664
FDX2,1.8702356815338135,-8.50340683317869,0.0038783307937800124,5664
FDXR,2.024028778076172,-11.351869473569494,0.0015974466379121677,5664
FECH,0.07493262737989426,-0.0737103958462911,0.026105978975312635,5664
FEM1A,1.785733699798584,-5.334609191556615,0.0019783738413600427,5664
FEM1B,1.1788852214813232,-4.815060713162148,0.0027849282629144817,5664
FEN1,2.4355926513671875,-13.4282644965411,0.0017696612328963488,5663
FERD3L,,,0.0028873869893826076,5665
FERMT2,1.9914543628692627,-4.862522398947773,0.004645811072870623,5665
FERMT3,,,0.0022504026856029996,5665
FES,2.020312547683716,-2.0169944139822773,0.008924248494960136,5665
FEV,1.7527132034301758,-4.943068220318647,0.0016830103395686215,5665
FEZ1,1.0663163661956787,-5.474706844707108,0.0017658129374845703,5664
FEZ2,2.810337543487549,-7.930664438326376,0.0014723499353459148,5664
FEZF1,,,0.0019787371791374943,5665
FEZF2,,,0.005214710372492012,5665
FGD6,1.6093758344650269,-4.533384307124141,0.0023022073907670083,5664
FGF13,-0.031952086836099625,0.1409410774359873,0.0031599761137642408,5665
FGF2,1.7691088914871216,-4.979520291596836,0.0027383351485602077,5665
FGFR1,1.8780865669250488,-6.4778430012855335,0.0020367163067398844,5664
FGFR1OP,3.17116117477417,-4.48062207440443,0.0038157383521191723,5665
FGFR1OP2,1.3039933443069458,-8.35311489114497,0.0014222525219439765,5663
FGFR3,,,0.001966901536504221,5665
FGFR4,,,0.003345150523998963,5665
FGFRL1,1.9635738134384155,-3.3949707117800063,0.00240294414116192,5665
FGGY,,,0.0017751732782223984,5665
FH,2.3491458892822266,-9.803602847169747,0.005715456648832966,5664
FHIT,2.4776220321655273,-4.946848947808623,0.0021283180944178695,5664
FHL2,,,0.0023523428812201757,5665
FHL3,2.157576322555542,-12.798517557859723,0.001806287232385067,5663
FHOD1,1.8416979312896729,-4.102363369848498,0.0033587989496484407,5664
FIBP,3.1001994609832764,-7.568135636724014,0.003543549679168905,5663
FIGLA,,,0.0024321569407566098,5665
FIGNL1,2.6931638717651367,-6.009226940196984,0.00168306371407479,5665
FIP1L1,1.7981224060058594,-2.5178322772079564,0.03661118827486653,5664
FIS1,0.5245177745819092,-6.63755152854098,0.0024075074182136665,5664
FIZ1,3.031383514404297,-3.0296340528307066,0.0031901083687361836,5665
FJX1,2.317359447479248,-9.529602179324252,0.0020148520194337516,5665
FKBP11,0.49253371357917786,-2.072989623505162,0.0020281126251728847,5665
FKBP14,2.4357478618621826,-5.433800162009815,0.002007579413441682,5664
FKBP15,1.4222456216812134,-3.9959346213563505,0.00514105370296466,5663
FKBP1A,1.9248977899551392,-13.117172408078648,0.004048212632559686,5665
FKBP1B,,,0.0054942995882425365,5664
FKBP2,,,0.0023915186983160027,5665
FKBP3,1.7452207803726196,-23.185705131212686,0.0011763900106527207,5663
FKBP4,2.536442518234253,-12.511706522188943,0.002777534010589641,5664
FKBP5,2.209543228149414,-11.73770198525409,0.002212675185815972,5664
FKBP7,,,0.0014584003155354549,5664
FKBP8,1.2026251554489136,-9.574656326119214,0.004935949549587961,5664
FKBP9,,,0.004910908114729761,5665
FKBPL,2.0491390228271484,-2.0435588646704983,0.014724757100876605,5664
FKRP,,,0.002188838215541656,5664
FLAD1,2.34800386428833,-6.610030851198425,0.0030933612474806633,5664
FLCN,1.4218401908874512,-2.455323635767771,0.006815610691977316,5665
FLI1,,,0.005991158254151763,5665
FLII,1.5025821924209595,-6.159446999259974,0.003982773787525432,5664
FLNA,2.4185867309570312,-6.384106141561992,0.0014142203493354992,5663
FLNB,1.4478095769882202,-5.179026428366742,0.0026566930406560123,5664
FLNC,2.4273390769958496,-5.929876330077973,0.002128190273282098,5665
FLOT1,1.8534334897994995,-7.794477945546484,0.002284709475927336,5664
FLOT2,2.25640869140625,-7.103328658920846,0.002009646772057921,5664
FLVCR1,1.8002859354019165,-4.0082519828739045,0.007757689930625834,5664
FLYWCH2,3.0514142513275146,-6.808488827401667,0.0022011504554613993,5664
FMC1,0.41410186886787415,-2.8415257623678873,0.0027885486518054526,5663
FMNL1,1.0798852443695068,-4.28121190352694,0.003252554319786559,5665
FMNL3,,,0.0019075494982796616,5664
FMR1,0.9987710118293762,-3.714198856831779,0.002026122529286946,5664
FMR1NB,,,0.0021370682297236236,5665
FN1,,,0.0030802505886345045,5665
FN3KRP,1.4946500062942505,-2.9742416124911175,0.005916491256704513,5664
FNBP1,0.9315363764762878,-1.840080433973287,0.01883836030000337,5664
FNBP4,1.4850620031356812,-13.95373268363932,0.0034038447458446842,5664
FNDC10,3.5158138275146484,-3.51282721951847,0.004089276282975801,5665
FNDC3A,0.5863420963287354,-5.690932090708669,0.001347224224538391,5664
FNDC3B,0.8324530124664307,-2.19138183463123,0.00271380206279755,5665
FNDC4,,,0.002163461038888575,5665
FNIP1,2.3083102703094482,-5.625871937428169,0.005567566094009215,5664
FNIP2,1.5360678434371948,-6.45983225353802,0.0023648821286064246,5664
FNTA,1.6561062335968018,-6.910920226202327,0.005756370118493092,5664
FOLR3,,,0.0013064131721292368,5664
FOPNL,1.4034178256988525,-4.168620484404218,0.005474645819997766,5665
FOS,,,0.001107291580641185,5665
FOSB,,,0.001672108721428688,5665
FOSL1,,,0.003663969261141936,5665
FOSL2,,,0.0053169223601061254,5665
FOXA1,,,0.0018387153629028357,5665
FOXA2,,,0.005771451510873189,5665
FOXA3,,,0.0029284761253266143,5664
FOXB1,,,0.0023206242892352684,5665
FOXB2,,,0.016667095452085338,5665
FOXC1,1.5267938375473022,-4.023444509934584,0.002527861790102106,5665
FOXC2,,,0.0026312962765467933,5665
FOXD1,,,0.003655762633406201,5665
FOXD2,,,0.00289550413406944,5665
FOXD3,,,0.0010443485138260896,5664
FOXD4,,,0.0024009830627403092,5665
FOXD4L1,,,0.00392904343627782,5665
FOXE1,,,0.002219985029964676,5665
FOXE3,,,0.0022989110428121955,5665
FOXF1,,,0.0017593020908962063,5665
FOXF2,,,0.005036185894011091,5665
FOXG1,2.537907361984253,-3.5848865182179654,0.0033760299700515955,5665
FOXH1,,,0.001794069904509795,5665
FOXI1,,,0.001715147524205236,5665
FOXI2,,,0.0044639830212158844,5665
FOXI3,,,0.010509155795415523,5665
FOXJ1,,,0.002592006844363211,5665
FOXJ2,,,0.0021537960518335925,5665
FOXJ3,2.234914779663086,-5.4570727760374975,0.0025405944285475748,5664
FOXK1,1.2558655738830566,-4.657449806522862,0.0056591898152320574,5664
FOXK2,0.7000004649162292,-3.878521704123518,0.003689177308386057,5664
FOXL1,,,0.0017426917196544742,5665
FOXL2,1.4283273220062256,-8.483461999740328,0.001453080532612721,5665
FOXM1,1.7381527423858643,-5.735063474113772,0.002281529434205777,5663
FOXN1,,,0.005010489241076708,5665
FOXN2,1.5516093969345093,-5.3456205508240515,0.004196950657262157,5664
FOXN3,0.1035577803850174,-0.7650545941123015,0.0018510886779761154,5664
FOXN4,,,0.0028989220997498047,5665
FOXO1,1.130872130393982,-2.7600618555501244,0.006513913286307942,5665
FOXO3,0.4244399666786194,-4.227072784177299,0.0014955103385871874,5664
FOXO4,,,0.0023389867601762374,5665
FOXO6,,,0.003366951231296402,5665
FOXP1,0.29862159490585327,-4.174692001683613,0.0006332237520873362,5664
FOXP2,,,0.0022879301302987727,5665
FOXP3,,,0.0020138146820438806,5665
FOXP4,2.09838604927063,-3.6292317622090837,0.0020917908827178234,5665
FOXQ1,,,0.002167338517866994,5665
FOXR1,,,0.0018569717712607992,5665
FOXR2,,,0.004670257458578886,5665
FOXRED1,2.0658955574035645,-7.95026880918837,0.0021640105263757803,5663
FOXRED2,2.715756893157959,-3.834149217368152,0.0063854100247446996,5665
FOXS1,,,0.007491693053309185,5665
FPGS,1.1705394983291626,-2.8349519552554874,0.007818161402775253,5664
FPGT,,,0.0032966031397114403,5665
FRA10AC1,1.2649682760238647,-2.5129219364942315,0.007894653479873679,5664
FRAT2,0.4998091757297516,-3.5283609559185596,0.0018793808334568293,5665
FRG1,1.2257983684539795,-5.632481494762142,0.00405250481015802,5664
FRG2,,,0.0043368190943233395,5665
FRMD8,2.148768663406372,-3.034487344629259,0.003226290577570705,5665
FRRS1,1.1737669706344604,-4.036289945708762,0.003456145182090788,5665
FRYL,1.9728868007659912,-7.343090977702655,0.0018108348203091508,5664
FSCN1,0.8973907232284546,-14.476919885295954,0.0010936718236722782,5665
FSTL3,,,0.0011355949509731784,5665
FTH1,1.8202811479568481,-25.922432388557436,0.006800108916510029,5664
FTL,1.8930792808532715,-41.053282463641594,0.002858744814067508,5664
FTO,2.170492649078369,-4.332947096500904,0.0020888758404972846,5664
FTSJ1,1.181092619895935,-2.6302018154952633,0.004743549257897623,5664
FTSJ3,0.17158250510692596,-0.8844853481638761,0.012461757059238805,5663
FUBP1,1.701712965965271,-6.239469476926042,0.008808103651816883,5663
FUBP3,1.4593548774719238,-5.395606192496281,0.003831574566155208,5664
FUCA1,2.3814151287078857,-4.751311371402714,0.002551990147307524,5665
FUCA2,2.284172296524048,-10.617887952785068,0.002120519190278651,5664
FUNDC1,3.145815134048462,-8.304863822582067,0.001993175299751456,5664
FUNDC2,2.0403990745544434,-2.8771304452556516,0.035314426533805586,5664
FUOM,4.272601127624512,-4.2697115954485705,0.0034320486061197846,5664
FURIN,0.17659883201122284,-1.6223340022476012,0.002023501404725004,5665
FUS,1.0023703575134277,-18.071881927106855,0.0025708877253032233,5664
FUT1,,,0.0035879845013615094,5665
FUT10,2.8873305320739746,-2.8849217900970174,0.0040683384389696335,5665
FUT11,1.4757177829742432,-1.472124081023788,0.012007546767797798,5665
FUT8,2.0700745582580566,-7.711638304873841,0.0014010050083793472,5664
FXN,2.3259785175323486,-8.024370383104166,0.002185373967115739,5664
FXR1,2.242051839828491,-13.907215446666019,0.0026559234573081693,5664
FXR2,0.5618670582771301,-2.606158262648707,0.0032787860048033948,5664
FXYD5,3.219587564468384,-11.11001286535394,0.0014373993827264536,5664
FYN,1.84898841381073,-4.5157675819717085,0.004368280171046377,5664
FYTTD1,1.6972854137420654,-5.28609512947216,0.006977740838343248,5664
FZD2,2.3390002250671387,-3.3038987473411816,0.0025190226976833183,5665
FZD3,0.8799341917037964,-3.6940989887727045,0.0030033798455082034,5665
FZD5,2.69254732131958,-3.803610906411201,0.003815623762137948,5665
FZR1,1.0463438034057617,-2.7533679270082243,0.003850561953857854,5664
G0S2,,,0.004474432544136322,5665
G2E3,0.16078545153141022,-0.22522470226652241,0.023746751449111973,5664
G3BP2,1.2510263919830322,-12.056256525898023,0.0028890701067090276,5663
G6PC3,2.4072482585906982,-4.7981469354625625,0.0040245855421698505,5663
G6PD,0.9442152380943298,-3.2471927109799585,0.0028528342957794667,5664
GAA,2.097318172454834,-2.961309585175324,0.004040761345847904,5664
GAB2,0.7364686727523804,-3.4329082053836357,0.0199223580880067,5665
GAB3,,,0.0038799879812488154,5665
GABARAP,2.6855227947235107,-10.290465942616937,0.003430492391399513,5663
GABARAPL1,1.4364906549453735,-3.5049802065729883,0.004111516537218168,5665
GABARAPL2,1.5678337812423706,-7.889896118467136,0.005767653071905596,5665
GABBR1,,,0.001593117007836715,5665
GABPA,1.0549646615982056,-4.668348518864261,0.003102429422470388,5663
GABPB1,0.958570659160614,-3.01067307734609,0.010291296680922072,5664
GABRE,,,0.002278384741483719,5665
GABRG3,,,0.009447047031466519,5665
GAD1,2.2639081478118896,-10.286734778028704,0.0017510023402289064,5665
GADD45A,-0.32876038551330566,3.6300837390688345,0.0057791183594614,5664
GADD45GIP1,1.6542301177978516,-12.80223631321993,0.009324663063524091,5664
GAK,0.5613822340965271,-5.627776208436886,0.001220541284177948,5664
GAL,2.5530056953430176,-22.154517290336354,0.0011048993470705664,5665
GALC,2.5118346214294434,-9.67580104466692,0.0017769724257733416,5665
GALE,2.6563847064971924,-4.591810524556649,0.0030344282494042703,5665
GALK1,2.5491154193878174,-5.080407097235722,0.004282480975996866,5664
GALK2,0.8758122324943542,-3.006352880084836,0.004160531512594713,5663
GALM,3.595412015914917,-5.074019902747327,0.0051109563424643605,5664
GALNT1,-0.011431517079472542,0.11623788993133208,0.0032433701671648225,5664
GALNT10,1.6456634998321533,-3.282482781906527,0.002585459894969089,5664
GALNT11,1.9843978881835938,-6.251592018809228,0.001765921005337133,5664
GALNT12,1.5326696634292603,-4.034236031533459,0.003017454299698431,5665
GALNT2,2.808997392654419,-6.860505624884132,0.0024748383856900242,5664
GALNT5,4.942180156707764,-1.4064237908025787,0.006748284011628337,5665
GALNT6,2.588040828704834,-3.65512762395895,0.0038790510668368482,5665
GALNT7,2.8985230922698975,-4.084723504816329,0.008947867096061138,5664
GALT,,,0.0022998439660502986,5665
GAMT,2.7219324111938477,-14.486173264714012,0.0022080483691451895,5664
GAN,,,0.001619758635348868,5665
GANAB,2.128365993499756,-12.934601362753094,0.0024287091907655937,5664
GANC,,,0.008841787454240342,5664
GAPVD1,2.091207504272461,-7.469865537847015,0.004323363273788186,5663
GAR1,1.786198377609253,-13.206007771367128,0.0031255785829921896,5664
GARS,1.0165746212005615,-18.91389811552515,0.0015427568333484397,5665
GART,4.255786895751953,-4.2411708821021685,0.032320882601660765,5663
GAS2L1,2.402104139328003,-4.154286807548769,0.0022331298827185505,5665
GAS6,1.6837100982666016,-6.036277539158493,0.002099346300900489,5665
GAS8,,,0.001440757713343594,5665
GATA1,0.24184004962444305,-1.227067427572556,0.03413408225323333,5665
GATA2,0.14942850172519684,-2.0566281598324503,0.0014565277206391506,5665
GATA3,,,0.0038175417427072883,5665
GATA4,,,0.002716524631479673,5665
GATA5,,,0.001779800438700533,5665
GATA6,,,0.00467479540620834,5665
GATAD1,1.403556227684021,-7.7920744933430175,0.0032452512541742014,5664
GATAD2A,0.34401175379753113,-3.784537358765722,0.0024132824660873754,5664
GATAD2B,1.875368356704712,-6.726088882352136,0.001872101501520305,5664
GATC,1.1946600675582886,-5.665673700255305,0.0022664441358545735,5663
GATD1,1.1243408918380737,-2.228743046443061,0.017180825630326302,5664
GATD3A,,,0.003572258926774354,5665
GBA,0.8954589366912842,-2.9548720066873186,0.0018195950667581865,5665
GBA2,2.4733214378356934,-3.49368743508606,0.003995535373848902,5663
GBE1,,,0.005018312524034996,5665
GBF1,1.04164457321167,-2.31473282034773,0.014543583126682977,5664
GBGT1,4.718599796295166,-1.7716425363029653,0.0032841056914376257,5665
GBX1,,,0.0012361754167039352,5665
GBX2,,,0.0026151489306985138,5665
GCAT,1.8096210956573486,-10.703659846729227,0.0018954781831717407,5665
GCC1,1.8523521423339844,-2.614630899213835,0.003495934230976753,5665
GCC2,2.237978219985962,-7.352994431846867,0.00478783363963277,5664
GCDH,2.143320322036743,-6.035583626204498,0.00321159111843292,5664
GCFC2,5.259589672088623,-2.070485596958101,0.0031346036096240415,5664
GCHFR,2.9174225330352783,-5.820283616511853,0.003033837512006686,5665
GCLC,2.4147419929504395,-6.37377655796084,0.003360906544698235,5664
GCLM,1.3547375202178955,-7.30964340975577,0.0024667290100569756,5664
GCM1,,,0.002882739858249002,5665
GCM2,,,0.0032602615715828336,5665
GCOM1,,,0.0024492304446853907,5665
GCSH,1.8715568780899048,-18.261536733555186,0.0031581374660797426,5665
GDA,,,0.003192040817214318,5665
GDAP2,1.3856672048568726,-3.905707810100817,0.001907413725692027,5663
GDE1,2.8740315437316895,-6.4153669987358395,0.0015153055689851977,5663
GDF11,1.5115925073623657,-6.009691218020889,0.0019577309593259867,5665
GDF15,1.7216042280197144,-2.9585199966772158,0.017697729051983364,5665
GDI1,1.7091598510742188,-3.8126884658469535,0.0032744347122053118,5664
GDI2,1.200242280960083,-13.147401186657852,0.003035575072512264,5664
GDPD5,,,0.001674864840925447,5665
GEMIN2,2.95308256149292,-5.103856089699379,0.004577045235570926,5663
GEMIN4,2.6135945320129395,-2.610558748175091,0.023785938029119,5664
GEMIN5,2.888185977935791,-4.988702874162599,0.06294090815538744,5664
GEMIN6,2.162031650543213,-7.451192748655138,0.003934001687318509,5663
GEMIN7,1.8957676887512207,-9.954163975142839,0.0013134251838119232,5664
GEMIN8,1.822853922843933,-3.637191762517975,0.005778145476205955,5665
GEN1,1.0831726789474487,-4.015079674133925,0.0031372034448190578,5664
GET1,0.4488324224948883,-2.7927731746616615,0.004847236899069461,5664
GET3,1.832265853881836,-6.792289572132193,0.0068111750295194355,5663
GFER,1.7978782653808594,-10.393807076487285,0.011075518964889518,5664
GFI1,,,0.0016122480809116512,5665
GFI1B,1.7118345499038696,-2.4093491729470653,0.02046009202208022,5664
GFM1,3.44380784034729,-10.311051512955089,0.007468906381624149,5664
GFM2,0.8141039609909058,-2.2675961027304994,0.008157065919840757,5663
GFOD1,,,0.0014970982275787676,5665
GFOD2,1.6801880598068237,-4.432602071643859,0.00348645436691287,5664
GFPT1,3.2684500217437744,-3.2654938506720064,0.00562109603808877,5664
GGA1,1.691956639289856,-8.204853674037372,0.0019409379954302044,5664
GGA2,2.148353099822998,-6.758509386067509,0.0026190308416209184,5664
GGA3,1.7158300876617432,-5.667539892700694,0.001674439248238947,5664
GGCT,3.117540121078491,-14.190388648479997,0.0016878769037374675,5664
GGCX,1.2686530351638794,-3.333076410403531,0.004808375390236842,5664
GGH,5.884711265563965,-1.4292470737291698,0.009656545983320126,5664
GGNBP2,0.5095463395118713,-5.6189103889716785,0.002294202752426378,5663
GGPS1,1.354659080505371,-6.83130486115698,0.002824713218213772,5663
GGT1,,,0.0017985433967148993,5665
GHDC,1.8068606853485107,-3.121946266106337,0.003927077451348346,5665
GHITM,2.981346607208252,-12.127846644933607,0.004807494082675787,5664
GID4,1.2203667163848877,-2.7187765744701307,0.0030195288485575207,5665
GID8,1.9809247255325317,-7.620782052832793,0.002536553576995711,5663
GIGYF1,0.1625378280878067,-1.1822855878104064,0.0014941386352204133,5663
GIGYF2,1.8054381608963013,-10.53197224225372,0.002890444187149634,5664
GINM1,5.369195461273193,-1.5652158743203277,0.0068466433855746255,5664
GINS1,1.2195144891738892,-2.7069301316323733,0.026470337850665684,5663
GINS2,1.5395536422729492,-6.187235601615783,0.018424031294978244,5664
GINS3,1.9953073263168335,-3.976533303050148,0.008421318523163343,5664
GINS4,1.5827583074569702,-3.51261699396205,0.029070498176987647,5664
GIPC1,4.0089311599731445,-4.006318740426286,0.0035466011268142864,5664
GIPC3,2.1195640563964844,-3.664679283222855,0.00279365484372972,5665
GIPR,,,0.0016731439201888873,5665
GIT1,1.9649382829666138,-3.3974860029470952,0.002558967102509337,5665
GIT2,0.020770428702235222,-0.10164116315804288,0.003796301853785871,5664
GJA3,,,0.002177213529175237,5665
GJC1,2.1136646270751953,-4.715204574710354,0.001985710612741324,5665
GK,,,0.0025986649280908465,5665
GK5,3.142763376235962,-4.439374550131543,0.0025251215435198177,5664
GKAP1,1.3866939544677734,-1.9554206864461867,0.007700379273298018,5665
GLA,2.633737087249756,-3.7136182155548334,0.007663528161327537,5663
GLB1,1.4611482620239258,-4.5720467108223355,0.02244001506482973,5664
GLB1L2,,,0.002934497589491644,5665
GLCCI1,3.849740743637085,-3.8479091285288076,0.00257808915757437,5665
GLCE,2.1632728576660156,-5.705610870903695,0.002107913681993912,5665
GLE1,0.4358791410923004,-1.2892847370562686,0.009940492120557932,5664
GLG1,1.9230060577392578,-6.8861619739653905,0.0024921055010625887,5664
GLI1,,,0.0026317820069278394,5665
GLI2,,,0.0019732493806737233,5665
GLI3,,,0.0015747368344298466,5665
GLI4,1.4559599161148071,-5.421879846770067,0.0018136449190352727,5665
GLIS1,,,0.016443098433457832,5665
GLIS2,,,0.005538462415468919,5665
GLIS3,,,0.001981090538173869,5665
GLMN,3.2967889308929443,-4.65609579996318,0.004020370735448497,5663
GLO1,2.9689207077026367,-12.797910000984697,0.0029782118218941874,5664
GLOD4,1.492659568786621,-9.27121786518185,0.0020746504862599645,5664
GLOD5,,,0.009017794915741815,5665
GLRX,2.706805944442749,-3.8243557484454413,0.002083764711523125,5664
GLRX2,2.4747064113616943,-9.186878809456058,0.003237244373662991,5664
GLRX3,1.9908230304718018,-14.271270838861238,0.003053245212089335,5664
GLRX5,2.233778238296509,-11.642386441036011,0.003541049753194339,5664
GLS,4.050801753997803,-4.044905530830503,0.006997946806261073,5664
GLT8D1,1.7469552755355835,-7.369938974114353,0.0014807363852499067,5663
GLTP,2.1470890045166016,-3.0310233680141003,0.004514254384002783,5664
GLUD1,0.9823377132415771,-6.07777975380977,0.0026214592153448657,5663
GLUD2,,,0.004156901996247404,5665
GLUL,2.206019878387451,-11.093459142165504,0.003731719306385314,5664
GLYR1,1.5762661695480347,-9.43853706618941,0.0025923419574608543,5663
GM2A,2.5746519565582275,-2.5708936609073034,0.007142486807275265,5665
GMCL1,1.4730418920516968,-5.256877258341145,0.00407315525704697,5664
GMDS,1.8600348234176636,-5.551904520539829,0.0028279598405945906,5664
GMEB1,2.093031883239746,-3.618004480874373,0.0038501384876787614,5664
GMEB2,1.8105076551437378,-3.1286974169916535,0.00467378657161021,5665
GMFB,4.81593656539917,-2.0259108348583204,0.0028795746044912945,5664
GMFG,2.7490928173065186,-7.247552060310936,0.00240210980022364,5664
GMIP,,,0.005298515773914786,5665
GMNN,2.1794772148132324,-7.954409196474487,0.008078204612071227,5664
GMPPA,1.3746087551116943,-9.453772929119683,0.0017560628298089365,5665
GMPPB,,,0.0024613414379855503,5665
GMPR,2.0449681282043457,-8.562283771673993,0.003595574965040002,5665
GMPR2,2.476191759109497,-7.782282830343437,0.003280469216929637,5663
GMPS,1.8277628421783447,-12.518818988738083,0.008434023847404293,5664
GNA11,1.5472806692123413,-3.438497449479183,0.006013155415672773,5665
GNA13,1.0280625820159912,-3.2226579691663804,0.004800796137968094,5664
GNAI2,2.2827048301696777,-6.396087670021247,0.0052164736604543415,5664
GNAI3,2.2837982177734375,-11.284166307248535,0.002255125801070319,5664
GNAQ,0.24930180609226227,-1.937276329309953,0.0034658025255814256,5664
GNB1,1.1476553678512573,-4.708251885187336,0.010442099982142652,5664
GNB1L,2.8694210052490234,-5.724853715109991,0.0049823178978645345,5665
GNB2,1.9011266231536865,-8.769599451865872,0.003921377487277782,5664
GNB4,2.414191961288452,-5.884442361414742,0.004134687387187619,5665
GNE,,,0.005262700782458182,5665
GNG10,2.6346614360809326,-6.41522751183454,0.006162765288273874,5664
GNG12,2.98940372467041,-4.222964399916776,0.0025785277070634748,5665
GNG5,1.1724157333374023,-16.250597912503345,0.003442728911161782,5664
GNG7,3.7439136505126953,-3.7427219378595327,0.0010732573685478207,5665
GNL1,0.27852869033813477,-2.2275720276426743,0.003132030753929044,5663
GNL2,0.8245735764503479,-9.534251663999799,0.01623198874197477,5664
GNL3,1.9541997909545898,-5.694063771506854,0.033988652286846666,5663
GNL3L,2.2850232124328613,-5.567948954707717,0.009588114909474844,5664
GNPAT,4.2741780281066895,-4.271558145682866,0.005800472005858362,5663
GNPDA1,2.8772168159484863,-6.407099672973265,0.0039578504750401935,5664
GNPDA2,4.6219611167907715,-1.723006068500697,0.002947979134648748,5665
GNPNAT1,3.871422052383423,-5.470334584613607,0.002633892377593615,5664
GNPTAB,2.9473483562469482,-6.572193508775509,0.0030405993210476114,5664
GNPTG,0.49820810556411743,-2.2051264395835277,0.002211192253467344,5663
GNS,,,0.0017233890756423057,5665
GOLGA1,2.7060182094573975,-2.703489270174139,0.003999347006908893,5664
GOLGA2,1.2270300388336182,-9.013596263758542,0.002365258002099107,5663
GOLGA3,1.6662414073944092,-2.8621199242607758,0.012710602531403005,5664
GOLGA5,2.099604368209839,-2.964431051331328,0.004752152108331761,5664
GOLGA6L1,,,0.0009739508504221103,5665
GOLGA7,0.29633623361587524,-1.7662575226835109,0.004268625707129112,5664
GOLGA8A,0.023387007415294647,-0.15654266804337263,0.0011035294511083029,5665
GOLGA8B,1.1138203144073486,-3.3243487035891404,0.0022585549966707055,5664
GOLGB1,2.4995479583740234,-7.837508635696805,0.003917930607795534,5664
GOLIM4,1.697171926498413,-6.495728211574921,0.003950436650888641,5664
GOLM1,3.3294503688812256,-5.762517730972023,0.001113114995662137,5665
GOLPH3,2.065330743789673,-5.0304070288217115,0.005126403522785865,5664
GOLPH3L,5.219940662384033,-1.3408901398844792,0.009250889788830981,5664
GOLT1B,1.044089674949646,-2.541848184914263,0.007643537390994235,5663
GON4L,0.5060157179832458,-6.096026836912388,0.001117337324369928,5664
GON7,2.365415334701538,-5.779134289408996,0.002853407333446402,5663
GOPC,1.7335798740386963,-6.420848087740523,0.00328613925885898,5664
GORAB,,,0.0018053054180921769,5665
GORASP1,,,0.0017883808525446308,5665
GORASP2,1.541925072669983,-8.315276572953552,0.00237104652742956,5664
GOSR1,2.8881566524505615,-6.43306533556632,0.0032670238640186127,5664
GOSR2,1.2570167779922485,-4.132129035999799,0.004772495682349293,5664
GOT1,2.5665459632873535,-6.769819740041225,0.002104749032358071,5664
GOT2,2.072625160217285,-11.737842469900642,0.0019587343631403214,5664
GP1BB,2.362739324569702,-46.39146548542978,0.0020083284811519063,5665
GP6,,,0.002239721288005693,5665
GPAA1,2.0701181888580322,-6.4994831227024035,0.0031838395983394695,5663
GPALPP1,1.837205171585083,-4.468722540024783,0.00696677284864167,5663
GPANK1,1.0069210529327393,-4.195359652884458,0.00530768621514553,5663
GPATCH1,1.1004737615585327,-3.7892971141911724,0.004600500102800693,5664
GPATCH11,2.5167198181152344,-5.018300876381669,0.0033286402110205057,5665
GPATCH2,1.590442180633545,-2.232661146762757,0.016564670852431605,5664
GPATCH2L,3.663114070892334,-5.1756101254126445,0.002045992122405931,5664
GPATCH3,1.2826595306396484,-3.615151057748206,0.0019752482173261343,5664
GPATCH4,1.984030842781067,-13.43589681490689,0.002460003988849576,5664
GPATCH8,1.520488977432251,-9.593763309877549,0.0018159940638831818,5664
GPBP1,1.7064783573150635,-13.248684153290704,0.0035889074681601137,5664
GPBP1L1,1.4032024145126343,-7.44120220124248,0.003357992309177103,5663
GPCPD1,3.4091238975524902,-5.89666902310981,0.002403740459815935,5664
GPD1L,,,0.002754601386560228,5665
GPD2,1.239158034324646,-2.7596384847676534,0.0031547162111717165,5664
GPHN,2.7308003902435303,-4.724131577159177,0.0015682198097124857,5664
GPI,3.209016799926758,-11.504774123816192,0.0023399585298617778,5664
GPKOW,1.6117008924484253,-2.273586400113007,0.009558990945638042,5665
GPN1,0.47824782133102417,-1.986838505780463,0.016346380818653368,5664
GPN2,0.07995114475488663,-0.19312512791488462,0.025903707984985397,5664
GPN3,1.4360946416854858,-6.168603683995161,0.03119120753104794,5663
GPR107,0.9698165059089661,-2.5513055455245506,0.004742551297529581,5664
GPR108,2.5826587677001953,-4.4661689164925065,0.003157284393937392,5664
GPR137,1.5583388805389404,-4.110334466542655,0.002920353310492023,5665
GPR160,,,0.00191337659689737,5665
GPR180,2.8021647930145264,-3.958720033736151,0.0025730690560673885,5664
GPR61,,,0.0018975364855811283,5665
GPR68,,,0.0014295561127970434,5665
GPR89A,0.9638598561286926,-2.349239077780182,0.0035194024834627772,5665
GPR89B,,,0.012512169830646985,5665
GPRC5C,1.0992584228515625,-4.868887760859612,0.0021022875819037886,5665
GPRIN1,,,0.0019025619521679997,5665
GPS1,1.573671817779541,-13.55393762374249,0.005496570143770964,5663
GPS2,2.2973437309265137,-9.139115609965453,0.00531822794253669,5664
GPSM1,,,0.001351355178467048,5665
GPSM2,0.9970878958702087,-3.8355506274709685,0.0024437382351737797,5664
GPSM3,2.686859369277954,-11.318720210314474,0.002278286914339957,5665
GPT2,4.937677383422852,-0.9624327183961419,0.015009666877346103,5665
GPX4,1.5583174228668213,-30.596294865943428,0.0014872627939060059,5664
GRAMD1A,1.9369745254516602,-7.697726109618735,0.002506875614019784,5664
GRAMD4,,,0.0032159424643395385,5665
GRAP2,,,0.003087543825210518,5665
GRB10,0.7403502464294434,-5.788574465759911,0.0015781557843501585,5665
GRB2,0.23110075294971466,-4.6906147307610215,0.0019000697494680212,5664
GRHL1,,,0.0021892837355024734,5665
GRHL2,,,0.0017127808265362885,5665
GRHL3,,,0.004796583279328209,5665
GRHPR,0.07676354795694351,-1.2304541011338943,0.0015626766578171573,5664
GRINA,-0.39939752221107483,0.6595473196305822,0.032807107317514565,5664
GRIPAP1,1.8387451171875,-5.18123326490586,0.0020840877046710265,5664
GRK2,1.046484112739563,-6.343214485230659,0.0017095128573743833,5664
GRK3,0.27933794260025024,-1.0326356240784884,0.004650387438484556,5664
GRK6,1.3294212818145752,-6.415913914405725,0.0038246633364304853,5664
GRN,2.9598090648651123,-5.899401415290195,0.0057450133082426165,5664
GRPEL1,0.9625547528266907,-6.706463192708892,0.007240300651201131,5664
GRPEL2,2.182560920715332,-6.1551434248439225,0.0016222965996384121,5664
GRSF1,2.373680830001831,-10.792894218879686,0.004404999958494086,5664
GRTP1,3.738795518875122,-3.737465580134785,0.0014219085796245852,5665
GRWD1,1.7800503969192505,-11.808959977192131,0.0011373844949307467,5664
GSC,,,0.0035030710986683603,5665
GSC2,,,0.0032515787806687295,5665
GSDMA,,,0.0019036338484878356,5665
GSE1,0.5149017572402954,-5.375568163300293,0.0021563010865247754,5664
GSK3A,2.288111925125122,-9.100676976997574,0.0018530442412152894,5664
GSK3B,1.490164875984192,-6.4395639012435035,0.006673747989053749,5664
GSKIP,,,0.0020796976976902443,5665
GSN,2.364748954772949,-3.340227596388329,0.00238030499038286,5665
GSPT1,1.1601088047027588,-6.054923600647913,0.028969883808531913,5664
GSR,2.0880205631256104,-6.885049947371322,0.0024001221945583553,5664
GSS,3.022848606109619,-7.964476679615456,0.002670906945408845,5664
GSTCD,0.23722799122333527,-0.3304228838146698,0.029597820780721762,5664
GSTK1,2.5424108505249023,-10.695905525039901,0.0019331771938327612,5664
GSTM3,2.6661176681518555,-4.610780704705735,0.002330738013444079,5665
GSTM4,4.646791458129883,-1.4839093750444925,0.004770789960572537,5665
GSTO1,2.168550968170166,-13.03944358204141,0.005020856102679091,5664
GSTP1,3.690695285797119,-28.67298893568192,0.003953948588262315,5664
GSTZ1,1.937787413597107,-4.319559703746299,0.0032120112573736487,5664
GSX1,,,0.0036253738854131637,5665
GSX2,,,0.0028673896374972656,5665
GTF2A1,1.2767457962036133,-4.201511409123474,0.010403878589891743,5664
GTF2A2,2.0281879901885986,-15.201085199944695,0.00823136442890789,5664
GTF2B,1.329196572303772,-2.922052904233404,0.01843615949750073,5664
GTF2E1,1.7508139610290527,-4.275956238015909,0.010807462385294928,5663
GTF2E2,2.54099702835083,-4.389463070200448,0.013809452968412902,5664
GTF2F1,2.8977160453796387,-5.000124243022643,0.007574465075653476,5664
GTF2F2,2.4368491172790527,-5.405359052044614,0.016197555680724,5664
GTF2H1,1.5124891996383667,-4.990588914617784,0.022146757959978457,5663
GTF2H2,2.496025800704956,-8.967150463027153,0.0015525314228841585,5665
GTF2H2C,5.023107528686523,-2.1070869471250036,0.003197387865799569,5665
GTF2H3,2.4838342666625977,-6.536048249515229,0.006939810573293945,5663
GTF2H4,2.004727363586426,-4.467590561083781,0.014171207202629642,5664
GTF2H5,1.9018594026565552,-7.254880142242271,0.005666045360103949,5664
GTF2I,0.7925431132316589,-11.864952807143956,0.002197080306151841,5664
GTF2IRD1,,,0.0058768723283690585,5665
GTF2IRD2,,,0.0015539357596771944,5665
GTF2IRD2B,,,0.002051747616640494,5665
GTF3A,2.2709553241729736,-15.18876088618727,0.004656164565997858,5664
GTF3C1,2.9573562145233154,-7.8054927531341365,0.0031267777899219424,5664
GTF3C2,2.041452407836914,-6.738670266144898,0.009217221604789492,5664
GTF3C3,3.1557466983795166,-5.45539416350816,0.01082177704829243,5664
GTF3C4,0.3944966495037079,-3.6941780902917145,0.0015449476005148617,5663
GTF3C5,1.5790772438049316,-11.029702110837961,0.0014954889328574934,5664
GTF3C6,2.4858148097991943,-22.278140406596254,0.0025044081615753838,5664
GTPBP1,1.965218424797058,-5.182853159540856,0.002112995815693404,5663
GTPBP10,1.7433321475982666,-5.198155247121228,0.003350941825252521,5664
GTPBP2,1.3058960437774658,-4.862072294290156,0.0014237241990780623,5663
GTPBP3,2.8886590003967285,-4.992705286851312,0.0031864942751315636,5664
GTPBP4,0.8028795123100281,-8.483583980390257,0.0073187500171981714,5664
GTPBP6,0.3792409598827362,-2.3424537768966904,0.003302428740791014,5664
GTPBP8,3.7850828170776367,-3.7809618313284115,0.006019919396029338,5664
GTSE1,1.3731242418289185,-8.648948934968823,0.002912273739911359,5664
GTSF1,0.06460921466350555,-0.5481953058405289,0.014713954170742614,5665
GUCD1,0.026992952451109886,-0.15243052522736258,0.0026208334885136093,5664
GUF1,2.870357036590576,-4.0461631246516285,0.0073683682458443875,5664
GUK1,1.970319390296936,-21.653762410911686,0.0016104563069498045,5664
GULP1,1.7848974466323853,-3.0781123584233354,0.0072210811983108554,5665
GUSB,2.3796160221099854,-8.19931966935183,0.0020012166153891304,5664
GXYLT1,1.4410268068313599,-5.720641549771099,0.0019616194018898764,5664
GYG1,2.876436710357666,-6.419364963257514,0.0021422288317863012,5664
GYPA,1.2764713764190674,-5.955982521942305,0.01083596943715631,5665
GYPB,2.4889421463012695,-10.673207291184356,0.004283499415081581,5665
GYPC,1.7651574611663818,-14.618301687295086,0.005905100836601821,5665
GYPE,1.5850391387939453,-3.5110169237535267,0.010331796078761325,5665
GYS1,,,0.001771239300083111,5664
GZF1,1.173801064491272,-3.8766373077674525,0.0013381657976731672,5665
H1FX,2.2601215839385986,-13.463718868063374,0.0025630575776507017,5665
H2AFX,2.3312528133392334,-13.049952808449852,0.0016038905815633764,5665
H2AFY,3.144582748413086,-11.660424106289366,0.003617944738314873,5665
H2AFZ,2.141798257827759,-39.858232195139266,0.0039542775176228655,5664
H3F3A,0.9986818432807922,-39.9663931293044,0.001060755315919635,5665
H3F3B,1.6081514358520508,-23.269198435599574,0.0032874263825670796,5664
HACE1,,,0.001988044564243717,5665
HACL1,1.3075796365737915,-4.674818396338743,0.002748513585699023,5664
HADH,2.1021251678466797,-8.074180852974497,0.0024307654950306273,5664
HADHA,2.1711132526397705,-11.65452873094683,0.006026124062075162,5663
HADHB,1.0805611610412598,-4.899366661847153,0.011319206140963909,5663
HAGH,2.999938488006592,-4.235091218271809,0.004132080804364151,5664
HAGHL,2.3219797611236572,-6.547247109093122,0.003676090555849098,5665
HAMP,,,0.00667360158060297,5665
HAND1,,,0.0025660132497254953,5665
HAND2,,,0.0021700288488695724,5665
HAPLN2,,,0.0020298815706261933,5665
HARS,2.719729423522949,-6.06139425720619,0.02646856247179414,5665
HARS2,2.493112802505493,-2.4905843953239226,0.01007057481292211,5665
HAT1,0.8966514468193054,-3.320261580723066,0.018776045307848495,5664
HAUS1,2.4914376735687256,-2.4818668472003833,0.022096708900720016,5663
HAUS2,1.479861855506897,-2.0779606360269947,0.01958810517494587,5664
HAUS3,2.0508480072021484,-5.007098266183636,0.0024004153449773188,5664
HAUS4,1.6391929388046265,-5.3536826177026,0.010094125098389797,5664
HAUS5,0.5205792784690857,-1.3644413581500563,0.008032606344248128,5665
HAUS6,0.613376796245575,-1.9803093943873027,0.013541873433792215,5664
HAUS7,,,0.0019963897033394217,5665
HAUS8,1.6909830570220947,-4.452575188834311,0.00408180821109312,5663
HAX1,2.0140764713287354,-11.538173213983582,0.003013730731369892,5664
HBA2,,,0.00035487285861884123,5665
HBD,3.1979639530181885,-4.5126865166361005,0.006158197377505852,5665
HBE1,,,0.022328320372004985,5665
HBG1,1.7684619426727295,-12.23102644306503,0.006213088937148173,5665
HBG2,3.5355310440063477,-26.12068278590264,0.0020885109067524895,5665
HBP1,2.609370231628418,-4.511723243945606,0.0024864354297289616,5664
HBQ1,2.566926956176758,-8.469445186572239,0.002170972738487471,5665
HBS1L,1.4113199710845947,-5.17898351106045,0.022436937726820087,5664
HBZ,2.6293234825134277,-14.446689494146604,0.006895914591082893,5664
HCCS,2.725931406021118,-6.647010112542045,0.00533700777448343,5664
HCFC1,0.4211432635784149,-2.5355037137070155,0.005877591978314062,5664
HCFC1R1,1.0608258247375488,-2.970331323956501,0.007146885830178551,5663
HCLS1,,,0.0026306939275442987,5665
HCRTR1,,,0.0013381063649306895,5665
HDAC1,2.4632205963134766,-13.669689776547655,0.0038454366201911,5664
HDAC10,3.108928918838501,-3.1065021861998834,0.0038716500417093703,5665
HDAC2,1.0600382089614868,-7.007216931198169,0.006085141644270504,5664
HDAC3,1.1835606098175049,-6.1409522490009705,0.004999823881514394,5664
HDAC5,1.0029592514038086,-3.1462841358554297,0.0036292819994021737,5664
HDAC6,0.9729543924331665,-2.898937193263178,0.005670773881181146,5665
HDAC7,1.0745823383331299,-2.6008139075344547,0.011157461979734858,5664
HDAC8,2.209075450897217,-4.920682923811214,0.003939223093212319,5664
HDDC2,2.717104196548462,-12.857594467212536,0.0029723885779331005,5664
HDDC3,2.402688503265381,-8.93274518033496,0.0019066008034988645,5664
HDGF,1.4438546895980835,-5.977042390879925,0.01718011487028927,5664
HDHD2,1.5020167827606201,-2.9889605049798296,0.007668565263250799,5664
HDHD3,1.3277533054351807,-2.284375351229313,0.010548241464687785,5665
HDHD5,2.896298885345459,-2.893827856905578,0.003957181051534956,5664
HDLBP,0.2875807285308838,-5.777923811836214,0.0012256438105164686,5663
HDX,,,0.002309525830114335,5665
HEATR1,2.004042863845825,-7.137986993687064,0.05344091932210228,5664
HEATR3,2.1579248905181885,-3.7278149328531502,0.0047112767962215665,5664
HEATR5A,2.2399613857269287,-5.46952023410747,0.0026024378038017664,5665
HEATR5B,1.7201789617538452,-1.7167132450574578,0.010078962628087315,5665
HEBP1,,,0.005869713443372511,5665
HEBP2,3.3744559288024902,-4.751523595226485,0.009876788106081879,5664
HECTD1,1.8317934274673462,-16.932798336053775,0.0017790035443061068,5664
HECTD3,1.7105023860931396,-4.178482367978702,0.0019588439156151415,5664
HECTD4,0.9157451391220093,-5.617488464675187,0.004184993011750124,5664
HELLS,3.2650601863861084,-3.253832407846745,0.018366738537213115,5664
HELQ,1.9257038831710815,-3.8416623384282884,0.002604523280222367,5665
HELT,,,0.0026049039344894402,5665
HELZ,1.21662175655365,-7.06564535742881,0.002583102037838255,5664
HEMGN,2.2907702922821045,-5.589263854380638,0.0028892561916978978,5665
HEMK1,2.899892807006836,-2.897646499254149,0.003609645907716838,5665
HEPH,2.7003095149993896,-6.0198884696864745,0.0027460660677380666,5665
HERC1,1.8144844770431519,-8.976358475242659,0.006122993007952557,5664
HERC4,1.861412763595581,-4.536472181003783,0.0038732558444519935,5664
HERPUD1,2.1856820583343506,-8.128820949808443,0.0020093531903514123,5664
HERPUD2,1.9330006837844849,-3.340859710938064,0.0032419246829559255,5664
HES1,1.2203959226608276,-4.695652034316244,0.0017828790669895433,5665
HES2,,,0.0019622435865813332,5665
HES3,,,0.0027812230929291377,5665
HES4,2.3207247257232666,-4.630093628607396,0.003407067543787758,5665
HES5,,,0.002633582538430198,5665
HES6,2.0237996578216553,-6.626398197192862,0.005463812234837593,5665
HES7,,,0.0038238465630470357,5665
HESX1,,,0.003146406551618294,5664
HEXA,1.884063720703125,-6.976472621356395,0.0037314237156552393,5664
HEXB,3.092106819152832,-5.347057017951626,0.0024900406765972763,5664
HEXD,1.7457804679870605,-5.2164178586128145,0.002593854674171428,5663
HEXIM1,2.05439829826355,-5.016478349670408,0.004998245952608928,5664
HEXIM2,,,0.002520141455436462,5665
HEY1,,,0.0033087625542051347,5665
HEY2,,,0.002723171445407559,5665
HEYL,,,0.0035529644243406703,5665
HGS,1.7885349988937378,-4.351965050428842,0.009446139376975108,5663
HHEX,1.301389217376709,-10.492625195960109,0.004371248942057544,5665
HHLA3,2.493342638015747,-2.491108583227203,0.004139488115396737,5664
HIBADH,1.4104013442993164,-5.240620743572309,0.0022121252121165575,5664
HIBCH,2.7120749950408936,-7.642348500715593,0.001991448003892804,5664
HIC1,,,0.0022107910275280425,5665
HIC2,0.1815711110830307,-3.3758649679612254,0.002187844129509857,5665
HIF1A,1.748845100402832,-4.921376071386638,0.002807634732646981,5664
HIF1AN,2.5679433345794678,-2.564468041337261,0.009246506518946493,5663
HIF3A,,,0.0009945509980295443,5665
HIGD1A,2.5168700218200684,-7.047431136788125,0.013830179515032672,5664
HIGD2A,1.397576928138733,-13.356664942311232,0.003581713413422611,5663
HIKESHI,3.153869152069092,-13.316259870836683,0.002323598338203108,5664
HILPDA,2.515434503555298,-3.5486692192336884,0.0064671479707835875,5665
HINFP,1.3991224765777588,-2.4159522519309653,0.015456032369595201,5664
HINT1,2.8309037685394287,-31.851604536511473,0.002594534140706921,5664
HINT2,3.6369073390960693,-6.288788062994677,0.0027780771979253422,5664
HINT3,3.1062400341033936,-3.1035000656263794,0.004434386978546283,5665
HIP1R,,,0.002537023601455278,5665
HIPK1,0.8075838088989258,-3.480603750426036,0.006063692589497212,5664
HIPK2,1.2513010501861572,-7.683141277809318,0.0019507256631795331,5664
HIPK3,0.46390315890312195,-2.8648203313443155,0.0019206451461889886,5664
HIRA,1.0018903017044067,-12.761699103293113,0.0017875618541690198,5663
HIRIP3,0.34958916902542114,-1.4537404681000123,0.007277875372267704,5663
HIST1H1B,2.2674145698547363,-14.90534663707088,0.0022223282304364516,5665
HIST1H1C,1.425678014755249,-30.549530943668536,0.001569689926756416,5665
HIST1H1D,3.124683380126953,-11.579526806135238,0.0040133842541230525,5665
HIST1H1E,3.3429136276245117,-11.890943819340917,0.004702640435753218,5665
HIST1H2AA,,,0.0034714738680392617,5665
HIST1H2AC,0.7459201812744141,-6.5350231734980015,0.0037200495377253395,5665
HIST1H2AE,,,0.002146971978575698,5665
HIST1H2AG,2.0197536945343018,-6.954884173327365,0.0022741997802953836,5665
HIST1H2AH,2.3371031284332275,-3.287349165617906,0.013117945148065408,5665
HIST1H2AI,,,0.004115344235861849,5665
HIST1H2AK,,,0.006291191914612354,5665
HIST1H2BA,,,0.0024149397116661445,5665
HIST1H2BB,,,0.0016703493120495433,5665
HIST1H2BG,2.052229881286621,-3.545206012620593,0.004429645251294411,5665
HIST1H2BH,2.526059627532959,-5.041143483569156,0.002504482989077072,5665
HIST1H2BM,,,0.0013555306184706841,5665
HIST1H2BN,3.0395989418029785,-7.428360671354961,0.0017801270053188173,5665
HIST1H3H,5.299623012542725,-0.8036467135029111,0.01830257898355822,5665
HIST1H3J,,,0.0044021611635139705,5665
HIST1H4B,,,0.006467401733915962,5665
HIST1H4C,2.454784870147705,-37.18975979057514,0.0018574921755401246,5665
HIST1H4E,,,0.003105286659867602,5665
HIST1H4I,,,0.00324631456489313,5665
HIST1H4J,,,0.00268452589627112,5665
HIST2H2BE,,,0.0070491045666107015,5665
HIST3H2A,2.8814263343811035,-6.4151601802422515,0.004439352805094842,5665
HIST3H2BB,,,0.00282981740274515,5665
HIVEP2,,,0.0014313325094425313,5665
HIVEP3,0.6270139217376709,-2.4901191047684517,0.001819070865936696,5665
HJURP,3.3580520153045654,-4.743323966031196,0.006389843958254091,5664
HK1,0.8607944846153259,-14.211667641920318,0.0011192903177791645,5664
HK2,1.340868592262268,-4.005165614250358,0.002314923041215909,5664
HLCS,1.185270071029663,-6.342397200935945,0.0008749532872423868,5664
HLF,,,0.0009150649123473915,5665
HLTF,2.794156074523926,-7.836973191333887,0.005103120434816469,5664
HLX,,,0.013570932234167672,5665
HM13,1.2356812953948975,-9.128186781972008,0.001844800889046836,5664
HMBOX1,0.9670332074165344,-4.565833691267565,0.009007088352378094,5663
HMBS,1.034441351890564,-11.841767656332411,0.0011797788543692733,5664
HMCES,1.9521057605743408,-5.498765917755329,0.002586620342189013,5664
HMG20A,1.2519152164459229,-3.516391992123312,0.004173388715095365,5663
HMG20B,0.2577589452266693,-1.9062000973932485,0.003451377804380945,5663
HMGA1,2.019482135772705,-34.3412373626162,0.002560791506801126,5665
HMGA2,,,0.0024543011936096716,5665
HMGB2,2.4466381072998047,-24.225441603415707,0.001943646328025916,5664
HMGB3,1.5826703310012817,-7.9644269142227255,0.009716618429971053,5665
HMGCL,2.401860237121582,-3.391877411870506,0.0035256733961184926,5664
HMGCR,3.22458553314209,-10.15977128500818,0.0028097513461606866,5664
HMGCS1,1.3336117267608643,-4.8819862752386225,0.011382674320823499,5664
HMGN1,1.790979027748108,-26.477632960586977,0.002476717250446954,5664
HMGN3,3.327063798904419,-10.440615829263477,0.003325866719144797,5664
HMGN4,2.0018060207366943,-6.293808611970344,0.0035945026049021785,5664
HMGN5,-0.018294701352715492,0.17030453390217262,0.005817203442778396,5664
HMGXB3,2.573014259338379,-8.880376428418758,0.0037380673851613424,5664
HMGXB4,3.154254674911499,-8.315765050886899,0.0024037578164583916,5664
HMMR,2.2651922702789307,-9.484571974274552,0.0038574389774201387,5663
HMOX2,0.9423400163650513,-7.351514602678866,0.0012930878551326564,5664
HMX1,,,0.003852015247196297,5665
HMX2,,,0.0038485495032789087,5665
HMX3,1.7935357093811035,-4.725209541015863,0.007472033075149061,5665
HNF1A,,,0.006481440286754487,5665
HNF1B,,,0.0025389313505341468,5665
HNF4A,,,0.0022964802482822065,5665
HNF4G,,,0.003630936844586929,5665
HNRNPA0,1.7656936645507812,-11.802577102818168,0.0035752349558254796,5664
HNRNPA2B1,1.2834205627441406,-31.78838474514435,0.0031420270878686264,5663
HNRNPA3,0.30096739530563354,-5.532709317781087,0.003912479382821014,5664
HNRNPAB,1.6446027755737305,-20.783424394362864,0.0033637670126996024,5664
HNRNPC,0.8572026491165161,-14.24590903921353,0.015214470359033968,5664
HNRNPD,0.7588608264923096,-7.956219325195307,0.009933512180907862,5664
HNRNPDL,0.9475879669189453,-11.429834320875196,0.010052910282377914,5663
HNRNPF,0.3517026901245117,-9.039732243950617,0.0012407057484862297,5664
HNRNPH2,1.305936336517334,-4.80125520857872,0.005529808095728274,5663
HNRNPH3,0.8236491680145264,-9.744246444067263,0.0027123282211216865,5664
HNRNPK,0.7838860154151917,-5.870442000849448,0.027435720426608915,5663
HNRNPL,0.8386099338531494,-6.951018481630796,0.009654418541054414,5664
HNRNPLL,1.216659665107727,-4.794407133115498,0.004928650176269533,5664
HNRNPM,0.25390979647636414,-7.302208648821687,0.0017684066406974072,5664
HNRNPR,1.9543943405151367,-24.087015569203402,0.0017363386402995938,5664
HNRNPU,0.8368473649024963,-16.579148486440847,0.009017064530023548,5664
HNRNPUL1,0.5668735504150391,-6.0197356266901325,0.004015499230559464,5664
HNRNPUL2,0.607327401638031,-4.980671555760397,0.003035477771121127,5663
HOMER1,1.929680585861206,-6.373582171032672,0.0018852262762057844,5665
HOMER3,4.8644585609436035,-2.4270901709061103,0.0035801330325572916,5665
HOMEZ,3.1753885746002197,-4.485886732626847,0.0025007991236711147,5664
HOOK1,5.488622665405273,-1.0412878433902713,0.012416296570547021,5665
HOOK2,1.1063534021377563,-5.91226567391685,0.0011381090762968091,5665
HOOK3,1.4341990947723389,-8.567463896426476,0.002533846952560421,5664
HOXA1,,,0.0051793375029590225,5665
HOXA10,,,0.0020698929999152073,5665
HOXA11,,,0.0075946718516994634,5665
HOXA13,,,0.0031898466066065316,5665
HOXA2,,,0.0019644325277460616,5665
HOXA3,,,0.001503331893251735,5665
HOXA4,,,0.003065376986991071,5665
HOXA5,,,0.004482786757001589,5665
HOXA6,,,0.0035522317277661983,5665
HOXA7,,,0.002882892032410989,5665
HOXA9,,,0.003180640781067911,5665
HOXB1,,,0.013460656341470251,5665
HOXB13,,,0.002832578069047179,5665
HOXB2,-0.05312233790755272,0.4858070626391465,0.002755479671375179,5665
HOXB3,0.2667803168296814,-1.1767868194899662,0.0039478375480792765,5665
HOXB4,2.2112338542938232,-10.274225473071606,0.001816946017149574,5665
HOXB5,,,0.001606324985034903,5665
HOXB6,,,0.0015838234343603594,5665
HOXB7,1.857960820198059,-4.9016583429779095,0.0018999089162864652,5665
HOXB8,,,0.0018627150156930374,5665
HOXB9,1.894961953163147,-14.012477916934285,0.002320832165629328,5665
HOXC10,1.2045131921768188,-3.964946354639649,0.0035133494517547194,5665
HOXC11,,,0.00228342727858455,5665
HOXC12,,,0.0022385780867835076,5665
HOXC13,,,0.004853543807404912,5665
HOXC4,,,0.00326115095905966,5665
HOXC5,,,0.005535438136345689,5665
HOXC6,,,0.028729013786243904,5665
HOXC8,0.1227104663848877,-0.4381412802066228,0.0034685011833038132,5665
HOXC9,1.6073874235153198,-6.179517629593781,0.0024132465942268582,5665
HOXD1,,,0.002265235802472885,5665
HOXD10,,,0.0014945108411557487,5665
HOXD11,,,0.002778140635930186,5665
HOXD12,,,0.0014919198583919634,5665
HOXD13,,,0.002669316112224284,5665
HOXD3,,,0.00890233878556647,5665
HOXD4,,,0.0035345263345913534,5665
HOXD8,,,0.002533019224518371,5665
HOXD9,,,0.002272744612730795,5665
HP1BP3,0.36417123675346375,-5.957998737414523,0.0015157947506723702,5664
HPCAL1,1.3780049085617065,-6.423546116848284,0.001154420037279036,5665
HPF1,2.668980836868286,-7.036394721376289,0.0022110855130477026,5664
HPRT1,1.6958951950073242,-6.707148970185878,0.0037106559980391012,5664
HPS1,3.3023838996887207,-5.711037508570967,0.002549105234529832,5664
HPS3,2.9150784015655518,-2.912826576191592,0.0031784770700813607,5664
HPS4,1.8079231977462769,-7.404796041650748,0.0021797552599572994,5663
HPS5,1.1660687923431396,-1.644062730132073,0.01488275751129245,5663
HPS6,,,0.005496093410855,5665
HRAS,0.5529098510742188,-4.283065057535162,0.0017901300476081885,5664
HRC,,,0.0011852428783279277,5665
HS2ST1,2.5080840587615967,-7.063597810047497,0.002433939862182146,5663
HS3ST3A1,,,0.006637166733053875,5665
HS3ST3B1,,,0.0045284403862183055,5665
HS6ST1,,,0.0011215962339569871,5665
HSBP1,1.520939826965332,-13.214467115484204,0.0045285060111628014,5664
HSCB,4.931425094604492,-2.015042361013352,0.006144827629420799,5663
HSD11B1L,,,0.0028970201619900825,5664
HSD17B1,,,0.002822115339053828,5665
HSD17B10,2.3799123764038086,-7.0480514654938835,0.00987822421953649,5664
HSD17B11,2.441650390625,-5.95116263427094,0.00381233709718565,5664
HSD17B12,3.0059733390808105,-5.194916401299309,0.01930870109610595,5665
HSD17B4,4.50736141204834,-4.504707006605428,0.0035353246614462843,5664
HSD17B7,1.560427188873291,-6.948033048748729,0.0009164200495985574,5665
HSD17B8,,,0.002060686502900177,5663
HSD3B7,,,0.0016935227283885403,5665
HSDL1,0.8406498432159424,-2.769976907307527,0.0024304310171102224,5664
HSDL2,2.5405280590057373,-8.00031158109386,0.0025912042722022887,5664
HSF1,0.171170175075531,-1.8060224457369545,0.003657975875603584,5663
HSF2,1.9623348712921143,-2.7649761736393277,0.009239120315503252,5664
HSF4,,,0.005190029220614771,5665
HSF5,,,0.0028240706335040575,5665
HSP90AA1,2.2592480182647705,-40.548375984989015,0.0018594180838238444,5663
HSP90AB1,1.5859575271606445,-23.639107610528384,0.006253005642267562,5664
HSP90B1,2.0417110919952393,-26.598890963152172,0.0026218022973564566,5664
HSPA13,1.8999065160751343,-3.784310124228108,0.005692160122043499,5664
HSPA14,1.6435022354125977,-5.422515163278847,0.003423205271935288,5664
HSPA1B,0.4462471008300781,-2.2479417355844924,0.0020612462350036425,5664
HSPA4,0.669800341129303,-5.975135074993365,0.008610013178138563,5664
HSPA4L,3.4432990550994873,-6.8747075638718345,0.0018922740221447196,5665
HSPA5,0.5536234378814697,-12.135880690698862,0.008565812546793582,5663
HSPA8,0.3810451924800873,-9.777733168150256,0.004262748509902955,5664
HSPA9,0.8387120366096497,-14.085170909504955,0.024230136033514357,5664
HSPB1,2.9000680446624756,-13.189891956488191,0.0016237489477857311,5664
HSPB11,2.1669440269470215,-9.320373873369796,0.005003851135825899,5664
HSPBP1,2.4856767654418945,-4.9563909002354665,0.003538468799791866,5664
HSPD1,1.0263562202453613,-24.67816808019609,0.003971634938678322,5663
HSPE1,2.5481200218200684,-11.329280444369063,0.055747504369043514,5664
HSPG2,1.710107684135437,-7.622151673423412,0.0006144668850244136,5665
HSPH1,1.722650408744812,-10.26862020007646,0.016232566111618125,5664
HTATIP2,2.7258901596069336,-5.4408151601436865,0.0023287735064186263,5664
HTATSF1,1.4748382568359375,-9.50352339505704,0.0024811959651948835,5664
HTRA2,1.927138090133667,-7.153332641570422,0.0031713645963562785,5664
HTT,1.485595703125,-5.893335660008451,0.002521332525798006,5664
HUS1,3.8665716648101807,-3.8653980292343544,0.0031267982404246408,5665
HUWE1,2.002809762954712,-12.137101654848898,0.005443655367322877,5664
HYAL2,0.9282264709472656,-7.019012969780448,0.001323034263631328,5664
HYAL3,1.0197398662567139,-1.7577302174652778,0.007141032312007235,5665
HYI,2.5916922092437744,-2.58937404167021,0.004370163973835418,5665
HYLS1,3.0504915714263916,-3.0484125651972898,0.006692188371030456,5665
HYOU1,2.1370928287506104,-4.250077789846152,0.007832383245063222,5664
HYPK,,,0.006429438650064526,5665
IAH1,,,0.007821291599645239,5665
IARS,1.0203361511230469,-7.54007581303445,0.009091459963168545,5665
IARS2,1.2888236045837402,-6.3961611565279135,0.018851733242095294,5664
IBA57,1.4657344818115234,-3.579864899134373,0.0033401447204773017,5665
IBTK,1.205736517906189,-8.56881554898728,0.001405918817192822,5664
ICA1,0.08567202091217041,-0.2062016227852436,0.014990626197358345,5665
ICAM1,4.673763275146484,-1.6255978802993036,0.003934173358601434,5665
ICAM2,0.4021262526512146,-1.4242477403076423,0.006808255506905187,5665
ICAM3,0.12400390952825546,-0.7284918691867033,0.0026645680283520243,5665
ICAM4,2.2300379276275635,-2.2253202087173665,0.011213620420561293,5665
ICAM5,,,0.0016865620749620426,5665
ICK,2.0859713554382324,-4.1613911640573145,0.0028330418863435846,5665
ICMT,1.0918047428131104,-6.7796672650903345,0.002086823272474092,5664
ID1,1.9407258033752441,-3.3487902332090598,0.00651552188271968,5665
ID2,,,0.0016240618689327305,5665
ID3,,,0.0023017441634839426,5665
IDE,2.5540151596069336,-7.202403105843863,0.001746003234417629,5663
IDH1,1.7148957252502441,-5.883397544676566,0.003971184098312821,5663
IDH2,1.4821181297302246,-3.819643181918727,0.016127916120498572,5664
IDH3A,0.9367618560791016,-4.112576143796515,0.004513059508591073,5664
IDH3B,1.5440874099731445,-9.276241390074357,0.005084312134602375,5664
IDH3G,2.6951541900634766,-6.584007713175075,0.0022416657139124343,5663
IDI1,2.008005142211914,-9.684727439725116,0.0045624906359911285,5664
IDS,,,0.003489521735633553,5665
IDUA,,,0.005644725176578307,5665
IER2,0.7439001202583313,-6.115466391009648,0.0044004433585222375,5663
IER3,5.347561836242676,-1.6218294793012886,0.005213841633535081,5664
IER3IP1,2.051649570465088,-5.754200891524996,0.009015966736365778,5664
IER5,1.3709701299667358,-4.5210203982953,0.0024350099267193585,5665
IER5L,,,0.0026843915911259047,5665
IFI27L1,1.9884687662124634,-4.415037158153917,0.007535106200499485,5663
IFI27L2,,,0.004745760098556175,5665
IFI30,5.233510971069336,-1.7117492028618602,0.005061294786890342,5664
IFI35,4.795502185821533,-0.9469393124040999,0.01715461948029583,5665
IFITM1,2.981130838394165,-7.281560398970377,0.0022639891412780705,5665
IFITM2,3.261392593383789,-10.770814224963537,0.001692671412801475,5664
IFITM3,,,0.006901252690709029,5665
IFNAR1,2.004661798477173,-5.261225019749552,0.005501359286096329,5664
IFNAR2,1.356423258781433,-5.035359690581134,0.0030118557217850895,5664
IFNGR1,1.8406113386154175,-3.6628486310962995,0.00744490912266215,5664
IFNGR2,2.1707592010498047,-9.151800765315915,0.0018805791024813009,5665
IFRD1,0.933899462223053,-7.582837382667827,0.001006886389625974,5664
IFRD2,1.7187767028808594,-5.877100610408536,0.005032611795296557,5664
IFT172,,,0.00251224314697297,5665
IFT20,2.222395658493042,-6.639839200461442,0.0019562212259020472,5664
IFT27,2.8752095699310303,-2.873321563189471,0.0027774428738021393,5665
IFT43,4.520833492279053,-2.2646709304478163,0.0018877762428377088,5665
IFT46,2.800797700881958,-2.798792178656351,0.0034411430172798536,5664
IFT52,4.825567722320557,-1.6644703606417224,0.0037846351828628704,5664
IFT57,3.0922353267669678,-6.175030637634156,0.0016136629626827433,5664
IFT80,1.8531537055969238,-2.6155981577014864,0.006595489300300007,5663
IFT81,1.9009636640548706,-3.792798685376911,0.002617659602534684,5665
IFT88,3.6028237342834473,-3.601220302840339,0.0026511699450092493,5664
IGBP1,0.391868531703949,-3.527299504259931,0.005066762152346787,5664
IGF1,,,0.0202690845942294,5665
IGF1R,0.03897964581847191,-0.32948441694416236,0.001926619679146524,5665
IGF2BP1,2.023655652999878,-11.774099626026347,0.005695011963203639,5665
IGF2BP2,0.36377477645874023,-1.4382246793047744,0.012588913637368419,5665
IGF2BP3,1.4139066934585571,-6.3510997763191765,0.0047592833522235875,5665
IGF2R,1.0385380983352661,-8.15337754247921,0.001941264610852465,5664
IGFBP2,0.7042801976203918,-6.470863691249205,0.0020145454516060824,5665
IGFBP4,2.00581955909729,-5.294257766682632,0.002420728442100399,5665
IGFLR1,0.44128939509391785,-2.096381165179964,0.0016817469119413757,5664
IGSF3,,,0.0030381109436280872,5665
IGSF8,,,0.001686341149302031,5665
IK,0.3189948499202728,-5.369007869216944,0.0015038818878715006,5663
IKBIP,1.7875818014144897,-5.030506285481373,0.0032920089563366335,5663
IKBKB,3.2406041622161865,-3.2377171368380133,0.004405224319154565,5664
IKBKE,,,0.002579879861162537,5665
IKBKG,,,0.0025535940125875093,5665
IKZF1,1.9082324504852295,-5.360949754745487,0.005700660945406981,5665
IKZF2,,,0.0022026815767003686,5665
IKZF3,3.0450847148895264,-3.040953913945031,0.006568324485488768,5665
IKZF4,0.6404706239700317,-3.807421331389225,0.001178453448657253,5665
IKZF5,3.40527081489563,-3.4036644568938206,0.0019348843195130516,5663
IL10RB,1.189578890800476,-4.098271505002911,0.0019838231132257803,5665
IL13RA1,2.36848521232605,-6.249630478922593,0.0016485485032716757,5665
IL15RA,,,0.004222873285707097,5665
IL17RA,2.1951470375061035,-3.1003204921255882,0.0025691988140829733,5665
IL17RC,,,0.002583419640413294,5665
IL23A,,,0.013174538251779302,5665
IL23R,,,0.0036429836365813105,5665
IL27RA,1.6733460426330566,-4.077373711319244,0.0038326950871719265,5665
IL6ST,2.152057647705078,-4.296160190553681,0.002146700422338196,5665
ILF2,2.2033848762512207,-11.67582987756644,0.014449747605927269,5664
ILF3,2.37106990814209,-17.143990841874185,0.012289450846722104,5664
ILK,2.8485584259033203,-4.926648512935178,0.0025950302173612266,5664
ILKAP,2.286998748779297,-8.199380390133042,0.00274806158070629,5664
ILRUN,0.5544363856315613,-3.1647400849882454,0.003207860001327952,5664
ILVBL,1.2689361572265625,-4.369130637199294,0.0021750328734122188,5665
IMMP1L,6.4428324699401855,-1.3513242210252767,0.014258699115958501,5663
IMMP2L,2.028001070022583,-5.343379066283934,0.0030241215900946874,5664
IMMT,1.3271279335021973,-8.223710815694682,0.010118820856286735,5664
IMP3,0.9466243982315063,-3.3586101260420764,0.021598805304513125,5664
IMP4,1.1759955883026123,-5.718588396515186,0.03764941252656075,5663
IMPA1,1.443645715713501,-5.362427580893256,0.0025762733360480457,5664
IMPA2,,,0.021505766129980394,5665
IMPACT,3.8570051193237305,-3.8554888656416235,0.0018194676692093069,5664
IMPAD1,2.3663523197174072,-4.084791558954335,0.004857497773150544,5665
IMPDH1,0.1238776445388794,-1.294446575915813,0.001300839230696456,5665
IMPDH2,1.9181848764419556,-11.660973111330692,0.01112397807276384,5664
INCENP,0.9573535323143005,-1.8924099193090596,0.015585201749971134,5664
INF2,1.9881082773208618,-2.807183140197896,0.007341355247847147,5665
ING1,0.5835206508636475,-4.1456789906495315,0.0012929564113223265,5664
ING2,0.7770097255706787,-3.6606282444278064,0.0038256337444739453,5664
ING3,1.3687365055084229,-6.193710253149253,0.004796589642685774,5664
ING4,,,0.0030841280861812147,5665
ING5,1.5743800401687622,-6.438647023632252,0.0036746632936992406,5663
INHBE,,,0.00405234738253691,5665
INIP,2.1140553951263428,-4.214030378166481,0.004699624336706432,5664
INKA2,,,0.0021359196194826605,5664
INO80,1.420833706855774,-5.471896075074336,0.009307728057995873,5664
INO80B,2.8616552352905273,-2.860001000779178,0.010593620009445,5664
INO80C,2.217181444168091,-4.423275971344294,0.0061180918564109005,5664
INO80D,1.5746973752975464,-6.061007570226338,0.003422079999036705,5664
INO80E,1.8686662912368774,-1.860547281054226,0.022169949154868304,5663
INPP1,2.217123031616211,-4.946820862367377,0.002256007023339446,5665
INPP4A,4.749692440032959,-1.9055988100561732,0.002885497687519681,5664
INPP5A,,,0.002024489354502501,5665
INPP5B,0.556306004524231,-3.5884055090239597,0.0017622796911495506,5664
INPP5E,,,0.0036983276272714726,5665
INPP5F,,,0.0019165990667213532,5665
INPP5K,,,0.001866033075958989,5665
INPPL1,1.2147412300109863,-4.002267430528519,0.010815471763247235,5664
INSIG1,0.9663709998130798,-3.8141252597757305,0.006298945634046818,5664
INSIG2,2.0032923221588135,-4.471100918041423,0.0014871019709431408,5665
INSM1,,,0.0024565282686782974,5665
INSM2,,,0.0021186709762437087,5665
INTS1,1.3792505264282227,-9.152256434220682,0.0029387973334925894,5664
INTS10,2.5026872158050537,-6.589847696934446,0.010323448864404767,5664
INTS11,1.36929452419281,-4.056297069273523,0.013704144434924119,5664
INTS12,2.3117058277130127,-3.2617208879714923,0.006855817474966158,5664
INTS13,2.2198312282562256,-5.409346509492787,0.009550627771954099,5663
INTS14,1.5257558822631836,-4.553834308543237,0.007120455125188845,5664
INTS2,1.494519829750061,-2.106323553451929,0.0651375932561207,5664
INTS3,5.094269752502441,-1.8715579101289548,0.038991803736744796,5664
INTS4,1.5887442827224731,-1.584409005653053,0.03256785622414882,5664
INTS5,0.7580282688140869,-1.505146095913149,0.03548159196934523,5665
INTS6,1.2825305461883545,-9.324766209589445,0.0033489807001520246,5664
INTS7,1.7040084600448608,-2.4024245325218505,0.04113767617454497,5663
INTS8,1.3272689580917358,-3.2327442727465083,0.03222780899072552,5664
INTS9,0.556580662727356,-1.5590457302599114,0.0191968415509627,5663
INTU,1.0736254453659058,-4.269931096558336,0.0013658377262346331,5665
INVS,,,0.005824651394486883,5664
IP6K1,1.877845048904419,-1.8729885371123873,0.01852684920442543,5664
IP6K2,2.8189468383789062,-7.435769237783845,0.00219563093944418,5664
IPO11,2.5585134029388428,-5.704180988115163,0.0038351297294273007,5663
IPO13,4.474894046783447,-1.096006798032859,0.022760538226061357,5665
IPO4,1.9530787467956543,-6.984993781294043,0.003060184223863337,5665
IPO5,2.629272937774658,-13.356169967353564,0.005125251270119782,5665
IPO8,3.097475290298462,-5.357854755330841,0.0019199167279845234,5664
IPO9,2.493438482284546,-13.10260307743771,0.0030734927850548793,5664
IPP,2.8339991569519043,-4.004339986007815,0.0023326203780018686,5665
IPPK,,,0.003564786808002697,5665
IQCB1,3.199129581451416,-6.387379779542672,0.0018853083244442217,5664
IQCC,,,0.0016286724155053678,5665
IQCE,0.4414638578891754,-1.4532369026076812,0.0031097280973923216,5664
IQGAP1,1.0493903160095215,-4.2799645075421475,0.010195700392096151,5664
IQGAP2,0.9192502498626709,-7.993338392295641,0.003817463222380087,5665
IQGAP3,,,0.008806236227882605,5665
IQSEC1,1.1769896745681763,-2.868435747048563,0.0038304005926014938,5664
IQSEC2,,,0.00118993823740184,5665
IRAK1,1.1018933057785034,-7.8127900735775775,0.0014258231760090636,5664
IRAK4,2.315558910369873,-5.164982393237982,0.002603145550871061,5664
IREB2,1.6909247636795044,-7.465887997639887,0.0033942675293058442,5664
IRF1,,,0.0018030666337190257,5665
IRF2,,,0.009455962218499606,5665
IRF2BP1,2.801853895187378,-2.799613832468566,0.00422113374299149,5665
IRF2BP2,0.09168858081102371,-0.9597067280359919,0.005128657706670008,5664
IRF2BPL,,,0.0014090433568525055,5665
IRF3,2.209599733352661,-9.575762538425106,0.0013089357852130398,5663
IRF4,,,0.0024693833398596273,5665
IRF5,,,0.0015084739097196325,5665
IRF6,,,0.004840766144176956,5665
IRF7,,,0.0027016763151195703,5665
IRF8,,,0.0030235872877349347,5665
IRF9,,,0.003179180606914021,5665
IRGQ,1.6378141641616821,-2.8293190678946902,0.004150600076746601,5665
IRX1,,,0.006617669597233379,5665
IRX2,,,0.001273409938409273,5665
IRX3,,,0.0033428118110806087,5665
IRX4,,,0.016462869829470015,5665
IRX5,,,0.003155031397218635,5665
IRX6,,,0.0020863173805856406,5665
ISCA1,1.1273088455200195,-3.150636774790513,0.008511003653111918,5664
ISCA2,2.261197328567505,-9.556450115180796,0.002178378289151347,5663
ISCU,0.6699573993682861,-5.0585507075488945,0.0053187763380091145,5663
ISG15,1.6305989027023315,-2.8062453397063636,0.009885463340822727,5665
ISG20L2,1.286645770072937,-3.5757905201604725,0.022396514581332735,5664
ISL1,,,0.0008839714826920668,5665
ISL2,0.9657784104347229,-2.5442626374446,0.00288559892892278,5665
ISOC1,2.5952529907226562,-7.30870616735533,0.002676858273335005,5664
ISOC2,2.045440673828125,-18.888101505492344,0.001317426663399827,5664
IST1,1.9128150939941406,-8.910595386354286,0.0019126129963411937,5664
ISX,,,0.0025333074750270254,5665
ISY1,0.3283381462097168,-1.5736733807845498,0.009078327625578067,5664
ISYNA1,2.0744576454162598,-10.477674716225323,0.0018576257928995094,5665
ITCH,0.5741412043571472,-2.9872646887229295,0.002837601799502388,5664
ITFG1,1.4794812202453613,-1.4672783997584404,0.029310365283070107,5663
ITFG2,4.674510478973389,-1.0555446745065493,0.011047714055578306,5664
ITGA2B,,,0.0023397354697102424,5665
ITGA5,,,0.003104035554127428,5665
ITGAV,2.9364826679229736,-2.933582869868642,0.0041798924459729705,5664
ITGB1,2.056523561477661,-13.120918102310695,0.002184598863203524,5664
ITGB1BP1,1.7633161544799805,-7.194738448830287,0.007666746613864626,5663
ITGB3BP,3.344984769821167,-8.168471025447866,0.002559502773840844,5664
ITGB5,,,0.003229038563758505,5665
ITM2A,4.087927341461182,-4.085458126937917,0.0027100138293352574,5665
ITM2B,2.6104586124420166,-13.084477209575585,0.0026544571996765416,5664
ITM2C,1.9577127695083618,-3.904048399071253,0.003178929883382712,5664
ITPA,2.27051043510437,-9.79578924373294,0.0024495590812254327,5663
ITPK1,1.4947643280029297,-2.1082438203440192,0.008213152423487306,5665
ITPKA,2.1103124618530273,-7.877707761457778,0.0005158590636928129,5665
ITPKC,,,0.0026588757078171666,5665
ITPR1,0.7434383034706116,-2.8461820452522595,0.0036815299620796636,5664
ITPR2,1.7057479619979858,-6.120527613880469,0.002296784116141396,5664
ITPR3,2.2252213954925537,-2.2224443362316633,0.006782973686238051,5665
ITPRID2,1.042186975479126,-4.610435816805735,0.0026240815259877944,5665
ITPRIP,,,0.006957859285332808,5665
ITSN1,2.142132043838501,-6.400856178122522,0.0024453169715752147,5664
ITSN2,2.0671041011810303,-5.449855681232903,0.002226066180532923,5664
IVNS1ABP,1.8045371770858765,-6.466137744572362,0.003713583510781886,5664
IWS1,1.9219545125961304,-7.349859419465646,0.008129814366629429,5664
JAG2,0.5972670316696167,-1.7810138230828465,0.003047826887166269,5665
JAGN1,2.0999598503112793,-13.107716215913301,0.0016680296529026552,5664
JAK1,1.2794342041015625,-4.8618338344010965,0.005631877084413256,5664
JAK2,,,0.0018975059100443349,5665
JARID2,-0.029228495433926582,0.30312244966081503,0.003580113781205855,5664
JAZF1,,,0.002739354333758725,5665
JDP2,2.639641523361206,-3.7296256464716815,0.0024102072593504163,5665
JKAMP,2.639066696166992,-3.7268351759662766,0.003078622350617838,5664
JMJD1C,0.5398309826850891,-2.696201496300183,0.008225069334525121,5663
JMJD4,2.4421603679656982,-6.444584135347955,0.0018461845580990991,5665
JMJD6,1.8494170904159546,-7.365961372945821,0.001986373841957859,5664
JMJD8,1.4158910512924194,-5.066503063506848,0.0024966804252082725,5663
JMY,0.7023086547851562,-3.265774112549181,0.0016237601428915516,5664
JOSD1,0.7464171051979065,-2.09169374097094,0.008026816423350479,5663
JOSD2,2.1340062618255615,-4.757919647950972,0.002642994924932816,5665
JPT1,2.732664108276367,-14.491190279129242,0.0026368721299810344,5664
JPT2,2.1923069953918457,-5.765094187390756,0.004038703561393087,5664
JRK,0.5922019481658936,-4.288662766417338,0.0012067533101067047,5665
JRKL,,,0.0033765595267089186,5664
JTB,2.0915019512176514,-17.57008763179836,0.0026029640451194665,5664
JUN,1.4874567985534668,-5.9042932459165955,0.0028234790506978876,5665
JUNB,2.2386085987091064,-6.691844038794486,0.00214243865776491,5665
JUND,0.6301853060722351,-7.621351415570159,0.003672314905895792,5664
JUP,2.4121897220611572,-4.164641416366915,0.004827022173233129,5665
KALRN,,,0.002974702317702486,5665
KANK2,,,0.002415705661422517,5665
KANSL1,0.6629696488380432,-2.560033815287101,0.021685733792250955,5664
KANSL2,2.7932538986206055,-3.9450951598085564,0.05193957718119685,5664
KANSL3,1.3255019187927246,-4.752962448825183,0.015585462805454019,5664
KARS,0.6419239044189453,-4.452405255557498,0.00803813525654222,5664
KAT2A,2.3708081245422363,-3.3462281536021186,0.004953002093575033,5665
KAT2B,1.686300277709961,-2.9145786085848924,0.002964560251687832,5665
KAT5,0.9067028760910034,-4.738904565525259,0.002402244874895181,5665
KAT6A,1.7916685342788696,-5.626382475098719,0.003626476054589993,5664
KAT6B,0.9668040871620178,-3.307577902866766,0.00455486925713381,5664
KAT7,1.9112462997436523,-5.995268722271754,0.010190386590579418,5664
KAT8,0.935699462890625,-8.118629156663626,0.011217670450584583,5664
KATNA1,1.7022916078567505,-5.610969476590127,0.002660321990092901,5664
KATNAL1,2.7528092861175537,-2.7505035947229755,0.003074434339404677,5664
KATNB1,1.8264645338058472,-8.52246395045661,0.0008964094423453636,5664
KATNBL1,1.7635232210159302,-5.540689937107095,0.007153498036923831,5664
KAZALD1,,,0.004888737135913311,5665
KBTBD2,0.1629994660615921,-0.9320441714972816,0.0028712544312192315,5664
KBTBD3,,,0.0053222804215161965,5664
KBTBD4,,,0.003883722081875109,5665
KBTBD6,1.9779561758041382,-4.829097992585786,0.0023496803493386425,5665
KCMF1,1.0862525701522827,-7.885077199951454,0.0034069431127366893,5664
KCNA10,,,0.0014845081767985231,5665
KCNE3,,,0.0009596678787617818,5665
KCNH2,0.1379397213459015,-3.52978547169716,0.0006377784057014007,5665
KCNIP3,,,0.0011762276627648512,5665
KCNK5,,,0.0019175802183676674,5665
KCNMB3,,,0.016904358890232812,5665
KCNN4,,,0.002828527214567423,5665
KCTD10,0.901310384273529,-1.7900622198862144,0.012217859829863256,5663
KCTD13,2.000401258468628,-3.9939003499301746,0.0016587970689668165,5665
KCTD15,2.8118863105773926,-2.809479269086489,0.004497783785060649,5665
KCTD2,1.8205825090408325,-3.1467956609188565,0.003196789336529846,5665
KCTD20,2.6209988594055176,-7.795304635658277,0.004211572328167904,5664
KCTD3,2.630768060684204,-2.623019020870303,0.01826291430025638,5664
KCTD5,0.7151342034339905,-2.455944585292922,0.00336278045245581,5665
KCTD6,,,0.002711449423320539,5665
KCTD9,2.5093722343444824,-5.599599012854452,0.002016888156429328,5663
KDELR1,2.41564679145813,-4.768021835486784,0.01738820257418533,5664
KDELR2,1.7485769987106323,-12.23017340589829,0.0023235734477128076,5664
KDELR3,2.7489850521087646,-2.7460702646212356,0.005576478895256088,5665
KDM1A,3.2419519424438477,-8.537378214156613,0.04938449365247899,5664
KDM1B,2.151580810546875,-4.80052024701094,0.0025422683757971368,5663
KDM2A,0.2605123817920685,-2.4578177613133074,0.0016011430970562489,5664
KDM2B,-0.1300390660762787,1.2533383906686706,0.0014291725167838222,5664
KDM3A,1.7300312519073486,-4.873581283099616,0.0025231912916454007,5664
KDM3B,1.5181944370269775,-7.205811650388618,0.002505566187082064,5664
KDM4A,1.576907753944397,-6.071486280640858,0.0023494887684087154,5664
KDM4B,1.4534122943878174,-3.2360005111944554,0.00479482454660459,5664
KDM4C,,,0.0017251206414787411,5665
KDM5A,1.7235428094863892,-7.808128432827312,0.00293675160435003,5663
KDM5B,2.05985951423645,-11.802330552231235,0.002621687258722927,5664
KDM5C,1.6336708068847656,-5.854659513367151,0.0035842311873071765,5664
KDM6A,0.5949357151985168,-4.13582075699202,0.00230801339195937,5664
KDM8,,,0.004827079238768673,5665
KDSR,2.2835142612457275,-2.279731561707567,0.006535542855622788,5664
KEAP1,2.1474738121032715,-7.9914984794948065,0.006484947251492079,5664
KEL,1.0215988159179688,-4.306035674763563,0.0019217383467686822,5665
KHDC1,-0.1611662209033966,0.7097729939316431,0.0038770838729507025,5665
KHDC4,2.2706298828125,-7.808435829497681,0.0030515250058606837,5664
KHDRBS1,1.0975069999694824,-13.070554067482457,0.003998003165628777,5664
KHK,4.546036720275879,-1.6198992606175517,0.003464229542112299,5665
KHNYN,,,0.0021582008630775962,5665
KHSRP,1.9402750730514526,-8.50926876231408,0.005925636108533097,5664
KIAA0100,1.922551155090332,-4.264925245596395,0.00938364517746653,5665
KIAA0232,1.5806865692138672,-6.990291108588112,0.003504198483119904,5664
KIAA0319L,1.907618761062622,-5.680706437813948,0.004374039990506295,5664
KIAA0355,0.06826892495155334,-0.4441738663723508,0.001845506696242728,5665
KIAA0513,,,0.0029441664714764675,5665
KIAA0586,1.568109393119812,-6.401924044084281,0.004094036379149323,5663
KIAA0895L,,,0.002175191659973754,5665
KIAA0930,,,0.0011991822008192352,5665
KIAA1109,2.5004732608795166,-5.581297144311876,0.0026108610582936255,5665
KIAA1143,1.955466628074646,-12.835641197913615,0.0009988686558419476,5663
KIAA1191,2.1654341220855713,-6.465492726578822,0.0024377984214769225,5665
KIAA1324L,0.9014546871185303,-1.5525396057278866,0.009113725600567547,5665
KIAA1522,0.4377369284629822,-3.7141061429734794,0.0010884494583327893,5665
KIAA1586,2.8141863346099854,-10.088048779836386,0.0022061447018085737,5664
KIAA1958,1.0448886156082153,-1.0383784250606045,0.02881834681241456,5665
KIAA2013,1.7990299463272095,-6.180977407671505,0.003919230427417772,5664
KIDINS220,3.563981771469116,-3.560052756259745,0.0070719137546993984,5664
KIF11,0.33581414818763733,-6.6347636604728075,0.0006253689419791877,5663
KIF13A,1.547853946685791,-4.8738839538123,0.0021496458608627664,5665
KIF14,1.4943712949752808,-9.002960362597737,0.003142534707546613,5664
KIF15,1.854074239730835,-6.11725721495727,0.003371136795533741,5663
KIF16B,4.680841445922852,-2.422934315627973,0.0018176959875295649,5664
KIF18A,2.092794895172119,-4.661849508176762,0.003156293773194586,5663
KIF18B,1.5955291986465454,-2.757143472196444,0.006725762697595353,5665
KIF1A,-0.029141031205654144,0.25454486645620134,0.0018962517807040002,5665
KIF1B,2.196794033050537,-7.5769227171557905,0.0015912131736894454,5664
KIF1C,0.7703800201416016,-3.486096564916277,0.002698206601497411,5664
KIF20A,1.511217474937439,-3.9778355958554545,0.011295090528809844,5663
KIF20B,1.3098245859146118,-6.660894956568576,0.0043734845261061625,5664
KIF21A,2.759242534637451,-5.503552810910187,0.0032110191089410895,5664
KIF22,0.649247944355011,-7.521288149631374,0.0017616656552022873,5664
KIF23,0.2481282651424408,-1.0127454956330246,0.010800610739065615,5664
KIF2A,1.6465260982513428,-18.985021030658174,0.001939465321671594,5664
KIF2C,2.3973939418792725,-11.371231741497095,0.002209650836158057,5664
KIF3A,1.9407116174697876,-5.117144095128097,0.0021750429468583173,5664
KIF3B,5.251766681671143,-1.3893448834625208,0.007679173959419828,5664
KIF4A,2.201547145843506,-9.023808722529507,0.0014918397085540173,5663
KIF5B,2.587217330932617,-21.71840374903276,0.0011499744013372672,5664
KIF9,1.4366369247436523,-4.279248366216143,0.0039951859732288994,5664
KIFAP3,2.8666417598724365,-7.00476242250058,0.0024145588053557693,5665
KIFC1,2.154269218444824,-8.016108228630475,0.00235783314443921,5664
KIFC2,,,0.0034449252452587614,5665
KIFC3,5.011404514312744,-1.8547014685945802,0.004013888155544889,5665
KIN,1.1742360591888428,-6.0342155840772636,0.0036629738919064926,5663
KISS1R,1.5817407369613647,-3.1555382792586295,0.0027182472526033866,5664
KIT,4.650866985321045,-2.4297704945149663,0.0018015367378410537,5665
KLC1,1.5092096328735352,-6.520267152298235,0.002086997156148842,5663
KLC2,,,0.0019671109992269653,5665
KLC4,,,0.00179518136115914,5665
KLF1,1.8008898496627808,-7.130011200996232,0.0043013609105482095,5664
KLF10,,,0.0009346716679910879,5665
KLF11,1.0101345777511597,-3.6250611360563214,0.0013583126931062137,5665
KLF12,,,0.0015874612779288757,5665
KLF13,1.6292442083358765,-3.978957113754124,0.002122085254263193,5664
KLF14,,,0.003959133635005715,5665
KLF15,,,0.004749135629499536,5665
KLF16,0.33035168051719666,-1.6214116632089952,0.006796530451553897,5665
KLF17,,,0.0028559792895220346,5665
KLF2,,,0.002084350877196217,5665
KLF3,0.2542014420032501,-1.6440515062258712,0.0032541118969145488,5664
KLF4,,,0.0010563028070875026,5665
KLF5,,,0.003747027610991957,5665
KLF6,2.349010705947876,-5.239493986193532,0.002523549523753473,5664
KLF7,,,0.001079568588371982,5665
KLF8,,,0.008169816493951971,5665
KLF9,0.40832674503326416,-2.176869844725399,0.0015435697194450357,5665
KLHDC10,2.0473403930664062,-6.742164556002957,0.002785713635399625,5664
KLHDC2,1.813923716545105,-5.991804940130858,0.0013964114863449378,5664
KLHDC3,1.2354248762130737,-7.065785866222659,0.002571295994988215,5663
KLHDC4,2.3162291049957275,-5.653350046120922,0.0027897759712674297,5664
KLHDC8B,2.762683868408203,-3.9030707598004666,0.002319464812228061,5665
KLHL11,,,0.001744055082324625,5665
KLHL12,2.4198832511901855,-2.4158352636735207,0.011488858495327877,5664
KLHL17,1.2077678442001343,-2.691485524535636,0.004813429311846755,5664
KLHL18,2.8557181358337402,-4.0295921147128855,0.005249524107087577,5664
KLHL20,3.3601858615875244,-3.358253844612348,0.0024756779995965166,5664
KLHL21,1.3887888193130493,-4.147579723612882,0.0022840397787933188,5664
KLHL22,4.649837017059326,-1.555967902566823,0.004233359139204595,5663
KLHL23,0.12702003121376038,-1.8474369166190585,0.0017711143396016088,5664
KLHL24,2.005378007888794,-5.65468540252876,0.0019437380015093642,5665
KLHL36,0.9009047746658325,-4.37872009119754,0.0014116895499042355,5664
KLHL42,4.973719596862793,-1.6569041923910395,0.0044612967186319265,5665
KLHL5,3.1068098545074463,-3.104703191451342,0.0037563065056793452,5664
KLHL7,2.3252246379852295,-4.018871932569217,0.0032781670235579063,5664
KLHL8,2.811267137527466,-8.41353611938046,0.0012120543089992567,5664
KMT2A,1.2999205589294434,-12.288406733027992,0.002712108948129313,5664
KMT2B,0.36699143052101135,-3.2390511414494596,0.0017808115787103325,5664
KMT2C,0.20778225362300873,-2.634711165423461,0.002120504941546692,5664
KMT2D,0.010456511750817299,-0.08650538935428095,0.0021245403972110326,5664
KMT2E,1.4998630285263062,-5.6982273885553685,0.005531789704490373,5664
KNL1,6.510975360870361,-0.7973484793186992,0.03536356038287892,5664
KNOP1,1.6026679277420044,-9.258403374003665,0.0031214488312775544,5664
KNSTRN,1.3317506313323975,-4.169450132694031,0.004527584672868991,5664
KNTC1,2.762275457382202,-6.747356247769665,0.002278675045382517,5663
KPNA1,1.138667345046997,-6.819381243912595,0.002005486954855388,5664
KPNA2,2.490259885787964,-10.624473213876454,0.005957307844152397,5664
KPNA3,1.9326460361480713,-9.354374344523947,0.0025455898864054486,5664
KPNA4,0.9305964708328247,-6.461940154650893,0.004116228806212059,5664
KPNA5,2.7700893878936768,-3.913575659066188,0.0021733593745900262,5664
KPNA6,1.8297879695892334,-6.248270817207422,0.009324748890835117,5664
KPNB1,0.42621758580207825,-8.623826039961694,0.003049303042824478,5664
KPTN,,,0.005077273843429567,5665
KRAS,1.3521054983139038,-9.509202378121584,0.0024977020116300915,5664
KRBA1,,,0.00392884403642705,5665
KRCC1,,,0.003826855639056431,5665
KREMEN2,,,0.0024660632689986737,5665
KRI1,2.122253179550171,-2.9907177756259884,0.029156913111623047,5664
KRIT1,1.269165277481079,-7.405890192935886,0.001681869643939798,5663
KRR1,1.846809983253479,-11.075176823301804,0.04509113048430009,5664
KRT10,0.7820891737937927,-17.05412833849015,0.0011264449251498934,5664
KRT17,,,0.0021542084521083754,5665
KRT18,2.8415372371673584,-19.079849628333204,0.0020894011766041955,5665
KRT19,,,0.0027080206965883736,5665
KRT8,0.7827380299568176,-14.084548054926044,0.0006272783708132334,5665
KRTAP4-2,,,0.001369006837764379,5665
KRTAP4-7,,,0.0011176866607504098,5665
KRTCAP2,2.4158642292022705,-16.567157389008074,0.001860540857393802,5664
KSR1,-0.15642903745174408,1.3328417702112747,0.002081875466023844,5665
KTI12,3.100555419921875,-4.379503943420972,0.0035997453013677837,5665
KTN1,0.7664519548416138,-12.121756014513853,0.001586042187805139,5664
KXD1,2.0967116355895996,-9.045404081760697,0.0028992118676970575,5664
KYAT3,2.70282244682312,-7.623688428649678,0.0016164603151444226,5663
L2HGDH,2.3953022956848145,-2.391974646553364,0.01040905960260908,5663
L3HYPDH,,,0.002508699959544713,5664
L3MBTL1,,,0.0010694564213713745,5665
L3MBTL2,1.5500179529190063,-3.443239350480644,0.007233727554518991,5664
L3MBTL3,,,0.0017843091365269397,5665
L3MBTL4,,,0.002137096443393407,5665
LACTB,2.175985813140869,-3.759180453612298,0.004194897308450932,5664
LACTB2,2.9565651416778564,-4.175082861237371,0.0032239179090637143,5664
LAGE3,1.0246843099594116,-3.721919736251574,0.01219633815696923,5664
LAMA5,,,0.002147192827449345,5665
LAMB1,1.8092041015625,-3.1178791680645044,0.017222884947651857,5665
LAMB2,,,0.0019255870184941347,5665
LAMP1,2.0623133182525635,-13.488939858118066,0.0015148466612995657,5664
LAMP2,2.006195068359375,-5.65018236402939,0.0020218622128223055,5664
LAMTOR1,2.5009427070617676,-11.574911908201495,0.00494189519922279,5664
LAMTOR2,1.5260024070739746,-7.325725019976007,0.0061662548269570926,5663
LAMTOR3,2.2390878200531006,-4.45892995869939,0.00990070125775696,5664
LAMTOR4,2.4675638675689697,-17.158024712592525,0.0032209137153107457,5664
LAMTOR5,1.59861159324646,-9.621620244818068,0.008047269514278714,5664
LANCL1,4.530428886413574,-2.246760629726865,0.0024152510325048935,5665
LANCL2,,,0.0024313428509958224,5665
LAP3,1.332062840461731,-7.942424254270665,0.002931586599882286,5664
LAPTM4A,1.1363664865493774,-6.604571324446668,0.002362009008109592,5664
LAPTM4B,1.6709835529327393,-21.170018069626256,0.0021824092086251785,5664
LAPTM5,3.3468785285949707,-12.86043250588354,0.0026816679292384904,5665
LARP1,0.009800059720873833,-0.16563185198500383,0.002395713203581125,5664
LARP1B,1.4921983480453491,-4.42114213934396,0.00720647072208449,5664
LARP4,1.773356556892395,-10.16702573521057,0.0027003266790483994,5664
LARP4B,0.1630747765302658,-1.2430925595823281,0.0034851520700373705,5664
LARP7,1.8430142402648926,-10.91613104342981,0.0022415247183168586,5663
LARS,0.8945304751396179,-7.023192909854852,0.012891070596204953,5665
LARS2,2.9854602813720703,-5.961813607267913,0.002702044287039367,5664
LAS1L,2.2115023136138916,-7.885702237943295,0.01408115073488169,5664
LASP1,1.994771957397461,-6.875398360733704,0.0018889000434322086,5664
LATS1,2.2640888690948486,-5.526145935519218,0.0026447804529480855,5664
LBH,,,0.0026730571400116043,5665
LBR,2.4368410110473633,-15.474363637671182,0.0021578604186618024,5664
LBX1,,,0.001998106997442281,5665
LBX2,,,0.0032286756576217017,5665
LCE1C,,,0.0014348970718700367,5665
LCLAT1,2.588578224182129,-2.583351842865316,0.011600081670893353,5664
LCMT1,1.865588903427124,-7.635900461041753,0.002943429347400833,5664
LCMT2,,,0.0036369818692603634,5665
LCN10,,,0.002114336544943541,5665
LCOR,1.2260849475860596,-4.365502619901061,0.006858331370592169,5664
LCORL,2.708357334136963,-4.67915617070101,0.004184192196700441,5664
LCP1,3.2669761180877686,-20.047766493776447,0.0025966711419338623,5665
LCP2,1.4226795434951782,-2.8357409831936566,0.0033470647411566836,5665
LDB1,0.020437290892004967,-0.14503161508429985,0.005470773626078852,5664
LDHB,1.732482671737671,-24.148404390269892,0.0032342783035446865,5664
LDLR,2.5291833877563477,-6.173504331948759,0.0033639685942869935,5664
LDLRAP1,0.415545791387558,-1.1662601644376795,0.004541845718814642,5665
LEF1,0.320647269487381,-2.05646127067963,0.003236881282958592,5665
LEMD2,2.1701107025146484,-5.303957367205549,0.0015272747384489623,5664
LEMD3,1.6000198125839233,-5.0291175501619,0.0027514226497296927,5664
LENG1,0.005714015569537878,-0.01596265507617311,0.007963413177258474,5665
LENG8,1.0403131246566772,-5.969693308388864,0.0036547008812975058,5664
LEO1,1.3586652278900146,-4.64861294354895,0.017690827918996885,5664
LEPR,0.4011639356613159,-2.577568946685519,0.0024529330976939363,5664
LEPROT,1.805824637413025,-10.82383220095001,0.0028603863109299315,5664
LEPROTL1,2.894901752471924,-2.8845894393091864,0.0216919511189002,5664
LETM1,1.0416526794433594,-5.684382678342463,0.009343667925851666,5664
LETMD1,2.571286916732788,-6.7733212790432855,0.0034671297607848056,5664
LEUTX,,,0.003990067228370838,5665
LGALS1,0.8459257483482361,-8.364610149242912,0.0017963366326975367,5665
LGALS8,1.2238848209381104,-3.225233034992102,0.0021339119234246805,5665
LGALSL,1.128025770187378,-2.9733317957479057,0.002458459562555307,5665
LGMN,1.9676259756088257,-3.9284946621084735,0.0017372993152400258,5665
LGR4,1.4247585535049438,-4.903976987080519,0.002557015089473241,5665
LHPP,,,0.002614236080027003,5665
LHX1,,,0.002886355004153753,5665
LHX2,,,0.00720558460225928,5665
LHX3,,,0.0015122570699977222,5665
LHX4,,,0.004324855641611617,5665
LHX5,,,0.003690562878113124,5665
LHX6,0.9906075596809387,-2.606757153857791,0.0033183458763637198,5665
LHX8,,,0.001291586127926404,5665
LHX9,,,0.004328373390861226,5665
LIAS,1.2662978172302246,-3.2979430925399953,0.012530168152344564,5664
LIG1,6.141604900360107,-0.33635590779708524,0.030573204573531267,5664
LIG3,2.10863995552063,-4.688946594655808,0.00477358254219334,5664
LIMA1,0.6562078595161438,-3.7814795675390864,0.0014131332505990775,5664
LIMD1,3.025578498840332,-3.0237185492856127,0.0024087892390876374,5665
LIMD2,2.46657395362854,-9.457946872898761,0.007273737731267743,5665
LIME1,,,0.001287742639110575,5664
LIMK1,,,0.001333144907802318,5665
LIMK2,0.14903199672698975,-0.9164000994341363,0.0022142231492436088,5664
LIMS1,0.28277823328971863,-6.743588244711085,0.0008075047217855909,5665
LIN28A,,,0.0026491500882365494,5665
LIN28B,2.548760175704956,-11.019389025901146,0.00276893705123862,5665
LIN37,,,0.004901438116797866,5664
LIN52,,,0.024846678542587087,5665
LIN54,0.739245593547821,-5.474273692211216,0.001189592172398234,5664
LIN7B,,,0.002727635834987355,5665
LIN7C,2.019651412963867,-6.953725597715647,0.003267170094635134,5664
LIN9,5.377991676330566,-1.2838475587926776,0.015453621333110961,5664
LIPH,,,0.003742271676932214,5665
LIPT1,,,0.010882725565482148,5665
LITAF,2.0437662601470947,-4.562489230376599,0.0013702599650550094,5665
LIX1L,1.2623907327651978,-4.685880499151075,0.002656877235120794,5665
LLGL1,,,0.0017924230010363208,5665
LLGL2,,,0.005508955418036201,5665
LLPH,1.9941462278366089,-8.600739243234573,0.002649821965313405,5664
LMAN1,2.87797212600708,-9.501387494485245,0.0020273416169004576,5664
LMAN2,2.7912020683288574,-12.647616485687314,0.0023730182232741697,5664
LMAN2L,,,0.005266483472979737,5665
LMBR1,1.7459367513656616,-5.484074966356354,0.0030480091631520027,5664
LMBR1L,3.274378538131714,-3.271828116887054,0.004785392577971678,5665
LMBRD1,3.3257408142089844,-3.3225737452903576,0.003963523920054902,5664
LMBRD2,3.3647267818450928,-3.362595448494,0.0030571425073005285,5664
LMF2,0.9938555359840393,-5.563515644889356,0.0017008937977673192,5664
LMNA,2.5081779956817627,-7.883430812476694,0.0033181917495258262,5664
LMNB1,0.7939422726631165,-9.614849588206198,0.00224875296592529,5664
LMNB2,1.225183129310608,-3.178354701434547,0.013845778670848323,5664
LMO2,0.5132956504821777,-7.78068510493641,0.00422657076665485,5665
LMO4,0.2519131302833557,-1.4176059105807315,0.007619671922225445,5664
LMX1A,,,0.0026392098603909295,5665
LMX1B,,,0.01774130328765009,5665
LNPEP,2.8827507495880127,-2.875865696575127,0.012613697078825894,5664
LNPK,4.278318405151367,-4.27628441157315,0.0021067645950574136,5664
LONP1,1.7669521570205688,-8.69499508634929,0.009501602616932434,5664
LONP2,0.8180343508720398,-6.383282853746249,0.0011877233521270473,5664
LONRF3,,,0.0013482872658494073,5665
LPCAT1,0.3114534616470337,-2.033624937827452,0.0013906145346669456,5664
LPCAT2,5.284557342529297,-1.2834838709826855,0.008736395921148167,5665
LPCAT3,2.1093995571136475,-2.978202980655906,0.003692721721081242,5664
LPCAT4,,,0.0034381180199912677,5665
LPGAT1,1.4143903255462646,-7.525510532949376,0.0020595887872140103,5664
LPIN1,2.0526175498962402,-5.003171983452163,0.004642194938025032,5664
LPIN2,1.2834925651550293,-4.757847899738316,0.0032012784220737645,5664
LPL,,,0.002628002247893441,5665
LRBA,2.212120771408081,-7.621624885202971,0.0028910881322643813,5664
LRCH3,0.9096001982688904,-2.5411604201952906,0.007743313629011101,5664
LRCH4,0.5510373115539551,-2.787006311322713,0.0013274017901739193,5665
LRFN1,,,0.0018489341001283878,5665
LRFN4,1.4478425979614258,-3.535322526125666,0.002202723932005957,5665
LRG1,3.6746716499328613,-3.6726441365484765,0.0025189892788517127,5665
LRIF1,1.1034436225891113,-3.441404497076443,0.00954415281670397,5664
LRIG2,5.238871097564697,-1.4153202979658563,0.0063352657425016804,5664
LRMDA,-0.21190956234931946,0.8661359007140119,0.010794176963675569,5665
LRP10,1.5391809940338135,-6.986662781455449,0.0023321812275783195,5665
LRP12,2.4860920906066895,-3.512515329993936,0.002133722836847451,5665
LRP5,0.7092559337615967,-2.8988649887763245,0.0027814708416539166,5664
LRP6,1.908739686012268,-5.378539596545766,0.00200260117132195,5665
LRP8,5.349427223205566,-0.4475203556112683,0.032237388988886805,5664
LRPAP1,2.1284828186035156,-8.700797647886235,0.002347943818856128,5664
LRPPRC,1.6648437976837158,-13.572243985038261,0.00972264036989743,5664
LRR1,1.0236701965332031,-5.964223347355733,0.002446094390215853,5664
LRRC14,0.48225411772727966,-5.115713574962291,0.0006812902619972716,5664
LRRC20,,,0.0017700484764727852,5665
LRRC23,,,0.0023579224807763277,5665
LRRC28,2.1656429767608643,-3.7439794701490636,0.0025728866553836123,5664
LRRC37A3,,,0.0021614012487318666,5665
LRRC37B,,,0.001830956415572618,5665
LRRC40,1.2569040060043335,-4.987408699025039,0.002434666903462219,5663
LRRC41,0.7455739974975586,-5.485176045491071,0.0023796185028118143,5663
LRRC42,0.5832104682922363,-3.4790453312625425,0.0023724052554484807,5664
LRRC45,,,0.0017507705082305675,5664
LRRC47,0.3796352446079254,-4.083084239598604,0.001060229573402555,5664
LRRC57,0.7472404837608337,-1.8174947029790172,0.005688252242046037,5664
LRRC58,2.6990561485290527,-6.0077131182247605,0.005039724797283748,5664
LRRC59,0.6415296792984009,-8.171211503077135,0.0020013314767341694,5664
LRRC61,2.4523422718048096,-7.334359534013383,0.00181478896969712,5665
LRRC8A,0.4802568852901459,-2.8886269395803224,0.001135970721937243,5664
LRRC8B,1.8915044069290161,-6.249017848905724,0.0017256027243750484,5664
LRRC8C,1.0781360864639282,-5.34279461600695,0.0013502513062034038,5665
LRRC8D,0.15681202709674835,-1.6575138969774936,0.0013624128545198717,5664
LRRCC1,5.690173625946045,-2.2327550132708978,0.002682713205361854,5665
LRRFIP1,0.1778486967086792,-2.740247336258658,0.0017315499605024744,5664
LRRFIP2,2.7450759410858154,-6.114688348898407,0.003519917657020822,5664
LRSAM1,,,0.015881900172522733,5665
LRWD1,1.4890663623809814,-2.567567487014109,0.007640978373580465,5663
LSG1,1.912804365158081,-4.251582575729272,0.029212214629537967,5664
LSM1,1.2058303356170654,-8.046064724752412,0.004072963611646814,5664
LSM10,2.5318515300750732,-16.195376602550354,0.003860047319030869,5664
LSM11,,,0.008991058736496685,5665
LSM12,1.1488275527954102,-4.707013725015296,0.013082130105011724,5663
LSM14A,1.6871663331985474,-11.987022436955119,0.003287410638586766,5664
LSM14B,2.795422315597534,-3.948710897898594,0.00347016425797453,5664
LSM2,0.5236991047859192,-6.330643451507643,0.010445341972704162,5664
LSM3,1.0940001010894775,-7.907595317640019,0.019152841723419214,5663
LSM4,1.0456438064575195,-8.079886965355794,0.014238235948284576,5664
LSM5,1.2397781610488892,-20.646307786557895,0.006172181498489574,5663
LSM6,1.8656686544418335,-5.829399774781801,0.07131988218516924,5664
LSM7,0.9433689713478088,-13.3658250694751,0.008391704212046682,5663
LSR,2.0633716583251953,-2.909065729382582,0.007798278501580334,5665
LSS,1.767311453819275,-4.980250868839828,0.0032875678512923456,5664
LST1,1.240492343902588,-4.619163417269632,0.001568628178446409,5665
LTA4H,5.476402759552002,-1.024437778301079,0.01397621460142127,5664
LTB,,,0.005254128377973408,5665
LTB4R,1.3131134510040283,-3.698516296562732,0.002154635369128956,5665
LTB4R2,,,0.001226997652903314,5665
LTBP1,0.20624925196170807,-1.5991636285281352,0.002416319693751056,5665
LTBP3,,,0.0010498986399389487,5665
LTBP4,0.992374062538147,-6.1513895264793765,0.0012978732761905678,5664
LTBR,3.5546774864196777,-3.5511892081409595,0.005447120301632342,5665
LTF,,,0.0015924046196893315,5665
LTN1,3.631633758544922,-6.280293837007189,0.0037026190245512893,5664
LTO1,0.27132824063301086,-0.37989607908084516,0.025858505817615694,5664
LTV1,1.053897500038147,-6.782717472987421,0.019744269338169265,5664
LUC7L,1.4253206253051758,-9.907149700511972,0.002941737525043849,5664
LUC7L2,0.48307231068611145,-11.804643377951543,0.0011419189427244333,5663
LUC7L3,1.9465916156768799,-9.2616754520093,0.023321511952315997,5664
LURAP1,,,0.004024591241559041,5665
LUZP1,2.659842014312744,-6.498927688984076,0.0020932802906004386,5664
LY6E,2.5792465209960938,-22.525528279905842,0.001596467343275437,5664
LYAR,2.240093231201172,-8.534039626344113,0.005033488677677602,5664
LYL1,2.625789165496826,-8.972572240128063,0.008639654457848147,5665
LYN,1.5580509901046753,-7.787500558595973,0.003772278738330547,5664
LYPLA1,1.5399808883666992,-14.70514688980193,0.0026088892175411553,5664
LYPLA2,5.96603536605835,-1.2513200851263258,0.012540846004433805,5664
LYPLAL1,3.750586986541748,-3.745676166239226,0.006212077069427647,5664
LYRM1,1.6340696811676025,-5.399117081959026,0.0015435252991180609,5663
LYRM2,2.2318994998931885,-12.708438031276215,0.0012594690012608472,5664
LYRM4,1.19949471950531,-9.700510532712235,0.002753648582151338,5663
LYRM7,2.86322283744812,-4.035452437863348,0.008086814030325707,5664
LYSMD2,,,0.006127062595651408,5665
LYSMD3,1.48570716381073,-3.3071182895720486,0.003863635248324089,5664
LYZ,2.2786121368408203,-3.9412149312837395,0.001738828067778554,5665
LZIC,0.46813204884529114,-2.385248331242356,0.006804253781754678,5664
LZTFL1,2.3008859157562256,-3.9798849226719493,0.0019341346291835192,5665
LZTR1,1.9486348628997803,-6.9934700139601285,0.00519153366367712,5665
LZTS2,0.6973241567611694,-3.1657940826103066,0.001967626984318573,5664
M6PR,2.354836940765381,-9.047815596598264,0.0026940107081632313,5664
MACC1,,,0.0045583527619981945,5665
MACF1,0.05869069695472717,-1.2496276220629852,0.0022615093875342066,5664
MACO1,0.42953789234161377,-3.9890010414013606,0.0016965543957899148,5664
MACROD1,1.8705211877822876,-4.559779901720044,0.004390977715877598,5664
MAD1L1,0.31196165084838867,-2.737566323608802,0.002169770628088869,5664
MAD2L1,0.7660834789276123,-8.601763837868663,0.007464848304894133,5664
MAD2L1BP,2.708801507949829,-5.405263567291066,0.0024810553633911833,5663
MAD2L2,1.8314834833145142,-13.96412781956681,0.0013277079708487476,5664
MADD,1.8692444562911987,-4.1637558661011385,0.003241010857884519,5664
MAEA,0.47502878308296204,-4.172440653894327,0.001542474173902565,5664
MAF,,,0.004057967942239233,5665
MAF1,1.8562337160110474,-6.074853156194525,0.007480704542835098,5664
MAFA,,,0.0061528771264649385,5665
MAFB,,,0.003126250790038221,5665
MAFF,,,0.0016375011115892899,5665
MAFG,0.6795026063919067,-6.22607286613601,0.0020742155278493583,5664
MAFK,,,0.002667501571252956,5665
MAGEA1,,,0.001594506302240603,5665
MAGEA12,1.6939483880996704,-2.8769462462642124,0.018184644798848373,5665
MAGEA3,2.788601875305176,-6.203302967165238,0.004939318491325037,5665
MAGEA6,3.078500747680664,-4.338880943170119,0.00870340328168809,5665
MAGEA9B,,,0.0018093462154205086,5665
MAGEB1,,,0.0015053904049627369,5665
MAGEB2,,,0.00202649195067416,5665
MAGEC1,2.09592342376709,-5.12105686379438,0.0016654155503509182,5665
MAGEC2,,,0.014396306233476557,5665
MAGED1,,,0.0012506619450187717,5665
MAGED2,0.9848465323448181,-6.159528523263353,0.0013393844109224153,5664
MAGEF1,3.1974973678588867,-5.526244795945004,0.0033083677490560468,5664
MAGEH1,,,0.0020198184310507863,5665
MAGI1,,,0.0018804906365084799,5665
MAGI3,1.274748682975769,-2.198699433627638,0.005861301795829103,5665
MAGOH,0.8469253778457642,-9.475613751228503,0.004548879732657654,5664
MAGOHB,1.9788163900375366,-4.37398247589134,0.012314789837123506,5664
MAGT1,1.7164849042892456,-5.902541921698338,0.0029386277334510187,5663
MAIP1,1.4420901536941528,-6.7051796988535095,0.0014654964855519315,5663
MAK16,0.8714231252670288,-4.571258568049163,0.014240244265013479,5664
MALSU1,2.3720648288726807,-8.142051914868283,0.00682825932989126,5664
MAML1,0.31239545345306396,-1.3468692883986806,0.002721757968460975,5664
MAN1A1,0.6523049473762512,-6.236986113710324,0.001833876803903044,5664
MAN1A2,1.867942214012146,-6.151509244968251,0.005036916626396423,5664
MAN1B1,1.6569952964782715,-4.667044006479187,0.002147343618364424,5664
MAN2A1,2.1743099689483643,-3.759667349810903,0.0022155841885990995,5664
MAN2A2,1.0673925876617432,-3.1752614426918346,0.005532128841257394,5665
MAN2B1,1.1706018447875977,-6.464911138678109,0.0011932652800464654,5662
MANBA,2.9321482181549072,-2.9300004752966644,0.003146124919584407,5664
MANBAL,1.36582350730896,-4.700718286451558,0.0022530929528422586,5664
MANEA,2.3162224292755127,-2.3120803899645344,0.009579921090088317,5665
MANEAL,1.3742223978042603,-2.735052227343279,0.005605729294697046,5665
MANF,2.878673791885376,-9.940725887538127,0.0013164690356333932,5664
MAP1A,2.498075485229492,-6.097746682236423,0.002789607924905612,5664
MAP1B,3.0392086505889893,-10.028415784606464,0.002328803540068447,5665
MAP1LC3B,2.0778684616088867,-9.61561520270119,0.003040916373770242,5664
MAP1S,2.4709577560424805,-5.512843129862709,0.0021389437290876673,5664
MAP2K1,1.1246147155761719,-5.447594033225786,0.002177938499714051,5663
MAP2K2,2.6086833477020264,-15.14729282871249,0.0027304412316726955,5664
MAP2K3,,,0.003188460839426462,5665
MAP2K4,5.0152764320373535,-2.0676310031113356,0.002852031834701603,5664
MAP2K5,0.6883568167686462,-2.365910573143836,0.003017842232837309,5664
MAP2K7,0.8580539226531982,-3.1537932970678932,0.009173485538336747,5664
MAP3K1,0.7642484903335571,-3.2845405641769734,0.0030173091777911066,5664
MAP3K11,1.6441279649734497,-6.537132930606673,0.0017540887875741027,5664
MAP3K2,1.849916696548462,-5.821130568780469,0.0024848153594780814,5664
MAP3K3,1.4018021821975708,-4.4155992064877845,0.0016045973843411287,5664
MAP3K4,2.09643816947937,-6.5867822006069465,0.0037180338724827717,5664
MAP3K5,,,0.0030968037213407176,5665
MAP3K6,,,0.00436859080304744,5665
MAP3K7,1.2129743099212646,-5.228615760049762,0.0027056528907822316,5664
MAP3K8,0.07922802865505219,-0.6350329982518657,0.0032512299089890754,5665
MAP4,1.8009475469589233,-9.622941382641791,0.005299355048180453,5664
MAP4K1,,,0.004142562492144179,5664
MAP4K2,1.533782720565796,-3.4205294877162182,0.0022581435390064387,5665
MAP4K3,2.3760740756988525,-3.355432856803643,0.0031187061881946536,5665
MAP4K4,1.8174594640731812,-13.938534410801253,0.0013036245718536094,5664
MAP4K5,1.4295490980148315,-4.708926713936851,0.002870635680288641,5664
MAP7D1,0.4093160033226013,-2.203817168279518,0.007503715871681161,5663
MAP7D3,2.9317069053649902,-2.929610785968616,0.003353522604858789,5664
MAPK1,1.733054280281067,-21.193858985025223,0.0024006822952105443,5664
MAPK11,,,0.0029791854461627236,5665
MAPK12,2.132596492767334,-3.0028055758354393,0.011491367971320552,5665
MAPK14,1.3456190824508667,-6.780060489966779,0.002794823356509403,5664
MAPK1IP1L,1.747942566871643,-8.116565572666799,0.0021280577120538434,5664
MAPK3,2.50066876411438,-5.580005260233598,0.0020060197823372075,5665
MAPK6,1.8203387260437012,-7.000581658491165,0.0027065984754913765,5664
MAPK8,0.902779757976532,-5.699624556566949,0.001428483071746764,5664
MAPK8IP3,,,0.0019140177718113397,5665
MAPK9,2.046761989593506,-6.11491923977196,0.0020148315869724215,5664
MAPKAP1,0.9012104868888855,-5.349261154632898,0.003775688790181836,5664
MAPKAPK2,1.9768363237380981,-6.203631256858853,0.0035645272202635314,5664
MAPKAPK3,2.1707372665405273,-7.791969264248069,0.0015051087187986183,5664
MAPKAPK5,1.2201571464538574,-4.962488929097864,0.004041242953269104,5664
MAPRE1,0.4729442894458771,-5.784080579378415,0.0019414310507542682,5664
MAPRE2,0.4607338011264801,-2.4987477298031577,0.0012278960080513858,5664
MAPRE3,,,0.012875126581279001,5665
MAPT,1.5091207027435303,-4.505549267903792,0.00275946247993552,5665
MARCH3,,,0.010578152235536336,5665
MARCH5,2.682860851287842,-4.638900967140754,0.002648648508530224,5665
MARCH6,1.1999763250350952,-7.32105016355963,0.004271789373754249,5665
MARCH7,1.0313835144042969,-7.137178126972418,0.004222209751532016,5665
MARCH8,2.1150364875793457,-4.221586128655238,0.0024861390479919998,5665
MARCH9,4.927227020263672,-1.1126108422970136,0.00972975131156842,5664
MARCKSL1,2.6006052494049072,-18.925385965882537,0.0050488785668945215,5664
MARK2,0.3411611020565033,-3.622839127281727,0.0014512119991018126,5664
MARK3,0.39968034625053406,-4.795585616511833,0.0011563034189089692,5664
MARK4,0.05864393711090088,-0.298960206252588,0.0032723830116216544,5664
MARS,2.339923620223999,-8.365936538065451,0.007622496782727812,5665
MARS2,,,0.0046280487000606085,5665
MAST1,0.1708126962184906,-1.0543197365600065,0.0013848459588387376,5665
MAST2,1.932470679283142,-3.8536046438930045,0.0029084280964500994,5664
MAST4,0.04174448177218437,-0.19318934277861388,0.002958466781179917,5665
MASTL,1.1513428688049316,-4.116526231700273,0.0028155886278897306,5663
MAT2A,0.9158865809440613,-6.954145982501071,0.011928460515848772,5664
MAT2B,0.7269492149353027,-4.706005101439389,0.0015367848543788869,5664
MATK,2.009364128112793,-9.294656622406476,0.0031237137754082872,5665
MAU2,1.332496166229248,-3.2469911095302217,0.011301383399055148,5663
MAVS,0.5972813367843628,-4.153923767280867,0.0025369972526179192,5664
MAX,0.987502932548523,-5.745014868767941,0.012022879602076195,5664
MAZ,1.5221679210662842,-13.1082339852314,0.003139229641764288,5664
MBD1,,,0.0020894887233922485,5665
MBD2,0.5788506269454956,-3.6075898488984253,0.002929916788119471,5664
MBD3,1.753235936164856,-7.949413541795953,0.0072535957105691416,5664
MBD4,2.081278085708618,-9.86667295848151,0.0022879387401518823,5664
MBD5,1.5573467016220093,-4.6452845847609865,0.00513122191064985,5663
MBD6,0.9582414031028748,-3.3003803522479584,0.002019023707721425,5665
MBIP,2.3709850311279297,-7.82078532201722,0.00399475697860529,5664
MBLAC2,2.0098423957824707,-4.01136282120021,0.0022829218766841157,5665
MBNL1,0.5725712180137634,-5.240592953460872,0.008917411345980664,5664
MBNL2,1.9759706258773804,-5.213097907537383,0.0018374267146709696,5665
MBOAT1,1.7676290273666382,-1.763853460224653,0.008905046914399972,5665
MBOAT2,,,0.0028390222528614675,5665
MBOAT7,2.1268484592437744,-6.690856628918017,0.002432056416851327,5664
MBTD1,0.8523747324943542,-3.860754760584461,0.0024740304111428688,5663
MBTPS1,2.548572301864624,-5.083070826171795,0.004553514703033726,5664
MBTPS2,1.836769938468933,-5.495589477091372,0.010076549837014783,5664
MCAM,5.230706691741943,-1.710831993949946,0.0046537037390280665,5665
MCAT,2.184255838394165,-4.868428773732452,0.003519009789334658,5665
MCCC1,2.50795841217041,-5.005190573818025,0.002632556973268342,5664
MCCC2,2.1116530895233154,-6.6112082216541355,0.004392391512080234,5664
MCEE,1.4091551303863525,-1.9860619391710619,0.015062441956160908,5663
MCFD2,0.29447072744369507,-4.156929068449795,0.0014522932166756049,5664
MCL1,1.0422194004058838,-8.11287615428604,0.002113273782616649,5664
MCM10,1.5388591289520264,-7.85905806448667,0.010269157406572207,5664
MCM2,2.7911808490753174,-7.345665091150918,0.020302900160224267,5664
MCM3,1.8789130449295044,-18.778647975149795,0.012835525518119456,5664
MCM3AP,2.5925967693328857,-6.828747283297469,0.009917999589101726,5663
MCM4,1.235615849494934,-10.54793624536926,0.00843496540124531,5663
MCM5,1.9525161981582642,-10.839439464496824,0.006358624816176275,5664
MCM6,2.7006499767303467,-10.350552429077426,0.011977383914807816,5664
MCM7,1.150019884109497,-15.900667248220211,0.0035703836262000062,5664
MCM8,1.5249013900756836,-7.089019585648584,0.0018789395232382676,5663
MCM9,1.2266441583633423,-3.6642174065547444,0.002114614707866637,5664
MCMBP,2.3056695461273193,-6.497877503451545,0.0043217250123032775,5663
MCOLN1,5.082557201385498,-0.3936537253437718,0.030632965090925467,5665
MCPH1,2.8074722290039062,-2.801057111117983,0.011860610472791045,5664
MCRIP1,2.438453197479248,-4.8639113924351625,0.0048398440934203975,5664
MCRIP2,1.6146037578582764,-9.114796704635234,0.0022307223585098157,5664
MCRS1,0.9480074644088745,-5.4958084547212644,0.005112844043410034,5664
MCTS1,2.942694664001465,-13.048602851702785,0.0032798917464619795,5664
MCU,1.7765763998031616,-2.5046796559398063,0.01181006886279519,5664
MCUB,1.9674046039581299,-6.781921654310649,0.0018255860250409378,5664
MCUR1,1.4900438785552979,-6.014766245227653,0.008288223431517543,5664
MDC1,1.7223691940307617,-7.233415499112206,0.0028030286503298394,5663
MDH1,2.119957447052002,-14.046155822278749,0.0023747932619118763,5664
MDH2,1.797737717628479,-27.513502511399047,0.0014763798062254073,5663
MDK,2.7378573417663574,-10.464983857788605,0.004227235411259031,5665
MDM1,2.2533135414123535,-2.249852645571416,0.007722915775213729,5665
MDM2,2.050217866897583,-5.3913398934833765,0.004215475336242095,5664
MDM4,2.0672595500946045,-7.091020815275432,0.004155497697650778,5664
MDN1,1.7917888164520264,-8.536348743023591,0.02167391458016738,5664
MDP1,2.9915897846221924,-5.17331743527059,0.0025744382790959036,5663
ME1,2.639068603515625,-3.727782023014534,0.003093167542519464,5665
ME2,3.815812826156616,-5.39009929533268,0.0029387537783119064,5664
MEA1,2.213169813156128,-10.751587546678817,0.0017610190217586291,5662
MEAF6,2.3164355754852295,-6.021363933983262,0.019655100532952583,5664
MECOM,-0.4037960171699524,2.2558306491973896,0.0045119802628229245,5665
MECP2,1.5018588304519653,-3.9459256341224633,0.004836673573283186,5664
MECR,2.780031204223633,-4.799967067957328,0.00492032873723788,5664
MED1,0.5845120549201965,-4.581637331068947,0.006785240003607977,5664
MED10,1.409736156463623,-10.205844678279904,0.017039952582259318,5664
MED11,1.6329553127288818,-3.6407655477212826,0.01898809611589423,5664
MED12,5.064924240112305,-2.184152758655894,0.1028445140953217,5665
MED13,2.7801244258880615,-7.839131144685213,0.0024428487844808514,5664
MED13L,0.683140218257904,-4.812037660988128,0.005496251965422445,5664
MED14,0.5344633460044861,-1.4043691275840509,0.03274007574553318,5664
MED15,0.20684827864170074,-2.892334788874931,0.00164100989555907,5663
MED16,2.234884738922119,-3.1521816510525196,0.013941367148980718,5664
MED17,0.8547452092170715,-2.393373006902193,0.016347087801824253,5663
MED18,,,0.03269902630206832,5665
MED19,0.7902222871780396,-3.1426087929415254,0.05341192758953047,5663
MED20,1.2032485008239746,-2.077936141051909,0.013828973717721507,5664
MED21,1.633265733718872,-1.627624757935113,0.052958279158925495,5664
MED22,0.725326418876648,-2.2803598667271316,0.015896657222830225,5665
MED23,4.832582473754883,-0.7002370245388282,0.026925789964259456,5664
MED24,0.991344690322876,-2.5914651660936032,0.020793750693107547,5664
MED25,2.1557109355926514,-6.07030744179727,0.0036896402656816612,5664
MED26,0.5681156516075134,-2.3261868904684815,0.002745425469862364,5665
MED27,1.0117383003234863,-1.7316338432123346,0.02413294497026943,5665
MED28,1.2180489301681519,-5.0560069473652955,0.036020358007109184,5664
MED29,0.2908567786216736,-1.1106952886175951,0.010304375778433924,5663
MED30,5.008243083953857,-1.6908008642154375,0.09598500281547766,5664
MED31,0.9590597748756409,-2.1283601873630165,0.011817419548633336,5664
MED4,0.5243902802467346,-3.3077190088470623,0.010498145872353138,5664
MED6,1.074512004852295,-3.8376421155172147,0.02651324609634035,5664
MED7,0.6493558883666992,-1.5823969985772872,0.01834308474001263,5664
MED8,0.7657328844070435,-3.4844881092671143,0.012881142369784796,5665
MED9,,,0.06605284670600066,5665
MEF2A,2.1352696418762207,-3.6851555647177268,0.013484362271908292,5664
MEF2B,,,0.0042772113504780315,5664
MEF2C,2.8817250728607178,-9.067440264345048,0.0023323494282797724,5665
MEF2D,,,0.0027592891595474224,5665
MEGF8,1.8068945407867432,-3.1224273032266785,0.0033844494872447535,5665
MEIOB,2.407928705215454,-9.230507349179536,0.003047870961854675,5665
MEIS1,,,0.0016987426917588482,5665
MEIS2,0.4810393452644348,-2.53092340825541,0.003578480878988409,5665
MEIS3,,,0.002966857552257286,5665
MELK,3.0951285362243652,-4.373654595797159,0.001981520344614643,5664
MEMO1,0.1785127818584442,-1.1817122580825898,0.003072967286301963,5665
MEN1,2.8618714809417725,-5.7143151614862715,0.004361003706176907,5664
MEOX1,,,0.0024126909818908276,5665
MEOX2,,,0.004370238581584245,5665
MEPCE,0.5073040723800659,-4.180846035358252,0.0015135822127778052,5664
MESD,2.340237855911255,-7.337938077144582,0.004599016681338999,5664
MESP1,,,0.0017675070302841304,5665
MESP2,,,0.001570347246273397,5665
MEST,1.5010184049606323,-3.955932112864562,0.0024917680443285787,5665
METAP1D,1.1451083421707153,-2.791907742515698,0.0038428594150241857,5664
METAP2,1.8113445043563843,-17.14427486347634,0.016491774858537114,5664
METRN,2.421459436416626,-6.814787652197018,0.0027309876654282457,5665
METRNL,1.3517570495605469,-3.288537531066507,0.006404306343842742,5665
METTL1,2.323341131210327,-6.557105568633309,0.0018347419990995197,5664
METTL14,2.5330517292022705,-5.653227949330596,0.009498654200685564,5664
METTL15,0.7680476903915405,-4.0936503746034045,0.001512540287446289,5663
METTL16,1.2586067914962769,-2.164054319655103,0.041199257177440836,5664
METTL17,2.2134907245635986,-8.51905955496564,0.00357493573223158,5664
METTL18,1.6978142261505127,-2.932583393981411,0.0047364903172148224,5665
METTL21A,1.3922548294067383,-7.255835567826284,0.008860022201158328,5664
METTL22,1.2433321475982666,-3.7130550862983758,0.0025820800252423504,5664
METTL23,0.6080314517021179,-4.29504977153901,0.0020379485147674526,5664
METTL26,2.328727960586548,-12.971995605011854,0.0020968630416897697,5664
METTL2A,1.3804218769073486,-5.105174868213439,0.003819743140243359,5664
METTL2B,0.47968795895576477,-6.506613473213412,0.0006883305495771074,5665
METTL3,1.5748372077941895,-9.467775148177074,0.00617009762597248,5664
METTL4,1.3144193887710571,-1.307135457164626,0.024998480976723667,5663
METTL5,2.003533363342285,-17.63955315617887,0.0017411307004809235,5663
METTL6,1.65802800655365,-5.207885322441937,0.002952510378140373,5664
METTL7A,,,0.002259612227779438,5665
METTL8,2.0001213550567627,-3.446039871879265,0.009499301884935812,5663
METTL9,1.6449041366577148,-13.941687670998967,0.0013597800376696475,5664
MEX3A,1.4892051219940186,-5.923856769781514,0.0018366942555598472,5664
MEX3B,0.32788169384002686,-2.093268042164898,0.0015852195331225657,5665
MEX3C,,,0.0012447779767363032,5665
MEX3D,1.9140009880065918,-3.3093263400219737,0.0028605916979696343,5665
MFAP1,0.37806960940361023,-2.318690170300452,0.008694878270520321,5663
MFAP3,,,0.002109911372923217,5665
MFF,1.9732823371887207,-8.007719354047724,0.00474324610044337,5664
MFGE8,2.43877911567688,-8.414490735837436,0.0014938908898675845,5664
MFHAS1,1.5829339027404785,-4.4546536455070305,0.0031485068103020057,5664
MFN1,1.8728135824203491,-1.8658646966234194,0.024734430666623064,5664
MFN2,0.40664079785346985,-2.9893964791788856,0.0013788968143630934,5664
MFSD1,2.4376068115234375,-5.952758282569536,0.0026145602819089577,5665
MFSD10,3.193228006362915,-6.375687748905838,0.0017763019940509833,5664
MFSD11,1.6058151721954346,-3.202285677064792,0.003288373867404016,5663
MFSD12,1.937773585319519,-6.660820550203684,0.0028334339081123793,5663
MFSD2B,,,0.00700951957724974,5665
MFSD3,3.0338966846466064,-3.030848352009546,0.004601726918035945,5665
MFSD4B,5.539190292358398,-2.3563526458581605,0.004388582525760808,5664
MFSD5,1.121769666671753,-3.348865199709851,0.002133868765577727,5665
MFSD6,,,0.006046986423109326,5665
MFSD8,0.20204542577266693,-1.2079102526778132,0.002071836663158174,5663
MFSD9,4.519256114959717,-1.6847176524720913,0.00334530712219702,5665
MGA,0.9188365936279297,-7.592979304657525,0.0020186776518264513,5664
MGAT1,0.7335272431373596,-5.2593674059519975,0.0012735033011679238,5664
MGAT2,1.7650734186172485,-4.6505363472417205,0.00294187908526554,5664
MGAT3,0.0069753993302583694,-0.030032822637781523,0.0028212611979293064,5665
MGAT4B,1.8032928705215454,-6.921439274871942,0.003982857420516769,5663
MGAT5,1.5225950479507446,-4.796173336163421,0.0019128961611078522,5664
MGME1,2.7097229957580566,-5.398043284458982,0.004581653153655607,5663
MGRN1,2.0242061614990234,-4.036826297053354,0.004962482335174438,5663
MGST1,3.5665283203125,-10.65492844886717,0.0022795437614656446,5665
MGST2,2.8194260597229004,-8.397551007510057,0.003998735566575359,5664
MGST3,2.863699436187744,-8.526873637585405,0.004054674238269619,5664
MIA2,0.8041916489601135,-4.711760178299658,0.003137852523585803,5664
MIA3,0.643126368522644,-7.880878250102575,0.0015379684881423991,5664
MIB1,1.274041771888733,-5.039734324860242,0.003265220979403594,5663
MIB2,0.5408762097358704,-2.1435577557124295,0.0025889821682547483,5665
MICA,,,0.004638633035545024,5665
MICAL1,,,0.004245144304252431,5665
MICAL2,0.8900974988937378,-2.793481931985125,0.0033947904991540193,5665
MICAL3,0.13708816468715668,-1.16269593445156,0.0011675176128771304,5664
MICALL1,,,0.004596641959951091,5665
MICALL2,,,0.0009819426757667069,5665
MICB,1.291608452796936,-5.140970446932364,0.001426975171843194,5665
MICOS10,1.5452518463134766,-14.928215575325625,0.006760887275269517,5663
MICOS13,2.1195149421691895,-8.632089936517792,0.005981145187459883,5664
MICU1,3.2479588985443115,-3.2427576417839283,0.007828537161262101,5664
MICU2,1.3041187524795532,-7.407663388889867,0.00155411668154178,5664
MID1IP1,1.8547310829162598,-6.395133674738982,0.001774500018713113,5664
MIDN,0.24714741110801697,-3.9467770617517153,0.0009471062231475777,5664
MIEF1,1.67885160446167,-7.016131410716278,0.004747287704073108,5664
MIEN1,1.9572292566299438,-10.033892991309035,0.0029677038947266933,5664
MIER1,0.6958510279655457,-6.874777534392826,0.0016838096185504481,5664
MIER2,2.1558797359466553,-4.811631246790248,0.001597076153403103,5664
MIER3,2.3065009117126465,-3.2574098362560093,0.003292641469498437,5664
MIF,3.2078349590301514,-36.31528215114841,0.0021799398679143017,5664
MIF4GD,1.2677335739135742,-5.345648064044107,0.0020279953326428346,5664
MIGA2,0.5505558848381042,-1.8935085368134867,0.0024052680487517564,5665
MIIP,5.720395088195801,-1.1581749232970397,0.019913409312468038,5664
MINDY2,2.0201117992401123,-8.525012999682875,0.00119920794952488,5664
MINDY3,2.4668028354644775,-4.2653568923414396,0.002622488388353147,5664
MINK1,,,0.005651857009623901,5665
MINPP1,,,0.0033670334327058427,5665
MIOS,2.2452449798583984,-4.481942401583132,0.006591597511897953,5664
MIPEP,3.019645929336548,-3.0178025698223387,0.0038774502875556886,5665
MIPOL1,1.6362918615341187,-5.629552935019672,0.0027194777308485072,5665
MIS12,3.084439277648926,-3.081821682514201,0.00822422079134689,5663
MIS18A,1.328540563583374,-7.502790756463896,0.0037822049552060934,5664
MIS18BP1,3.2123665809631348,-8.455930746635095,0.004593017673705702,5664
MITD1,2.0625381469726562,-5.024048353545374,0.0038248814267101082,5664
MITF,0.8846871256828308,-7.657035929369707,0.001357583580480981,5665
MIXL1,,,0.0025529644099974115,5665
MKI67,3.2557790279388428,-13.695679866109415,0.0025613958716518433,5664
MKKS,2.6433892250061035,-3.732129816249332,0.003900379750742683,5663
MKLN1,1.811263918876648,-6.944712820674553,0.00421572619201522,5664
MKNK1,0.42190635204315186,-4.108423713150939,0.0012957843970033789,5664
MKNK2,0.7113655805587769,-7.463635618876446,0.0009268270398094241,5664
MKRN1,0.3950892686843872,-3.9116556278493912,0.0016759383450257082,5664
MKRN2,1.6238476037979126,-4.562352311705667,0.00431291129676509,5664
MKRN3,,,0.0029379065487226278,5665
MKS1,2.6010169982910156,-3.673798883998478,0.00310391179421933,5665
MKX,,,0.0017062635753363235,5665
MLEC,0.932570219039917,-13.916064314269965,0.0010565393201909254,5664
MLF1,2.967186689376831,-4.1917236307382595,0.002319385345870595,5665
MLF2,0.7374011278152466,-4.144129094508983,0.011615306688324447,5663
MLH1,2.430387258529663,-7.260907374538292,0.0021580739453547024,5665
MLH3,2.451035737991333,-2.4470678547667815,0.008700776287860324,5665
MLLT1,1.4548283815383911,-2.8975816180463236,0.008748938546219906,5664
MLLT10,1.131805658340454,-6.667657937740065,0.0026978464647052173,5664
MLLT11,2.71872615814209,-3.838542835635189,0.003566571566320369,5665
MLLT3,-0.0036204347852617502,0.03637647856060916,0.002071137255722075,5664
MLLT6,1.3267405033111572,-11.589459787970117,0.00598301522230546,5665
MLST8,1.5520083904266357,-6.858454578678598,0.0037045135289152454,5664
MLX,2.100165843963623,-6.9122725380514085,0.0032864535207618294,5664
MLXIP,2.4751946926116943,-7.381604326553466,0.0035142891456430986,5664
MLXIPL,,,0.002492829743779182,5665
MLYCD,2.5183372497558594,-3.5577690179024866,0.0023709055149979167,5665
MMAB,2.590801477432251,-6.319891231380637,0.0035267156221531755,5664
MMACHC,,,0.0022169801581848063,5665
MMADHC,2.119025468826294,-12.343795880592278,0.0022625231745247824,5664
MMGT1,0.6147373914718628,-2.985678641226673,0.0014136023368598956,5664
MMP15,,,0.0014533269188870307,5665
MMP17,,,0.006604807431910292,5665
MMS19,2.2776546478271484,-5.564572910660558,0.002431785321213507,5664
MMS22L,2.1690256595611572,-5.274098169250752,0.013458760748932656,5664
MMUT,2.4374892711639404,-4.865388829837735,0.0025344406766072167,5663
MNAT1,1.0170725584030151,-4.016557580562321,0.010347120427341209,5664
MND1,3.125030040740967,-7.621769154873701,0.0038852778791184993,5664
MNX1,1.6814799308776855,-5.293364491207107,0.0021081768823119945,5665
MOB1A,2.2012650966644287,-7.858247648075042,0.003918476254974476,5664
MOB1B,2.6925392150878906,-6.002182657196129,0.002807528183163891,5665
MOB2,0.46109214425086975,-1.2914661995746555,0.006854005717167275,5665
MOB3A,1.376633644104004,-4.115968104565472,0.0013930773691294865,5665
MOB3B,1.931981086730957,-8.37280141649091,0.0014043259491355103,5665
MOB4,1.901125431060791,-7.77649460074555,0.007300866815784758,5663
MOCOS,,,0.004584458205874461,5665
MOCS1,,,0.0033112237250810506,5665
MOCS2,2.955852746963501,-8.340403503404799,0.0012361384521711947,5664
MOCS3,0.9195314049720764,-2.7442894814176,0.002735086970281448,5664
MOG,,,0.0016054847765660713,5665
MOGS,2.3706986904144287,-6.255096769962557,0.0016990443326432136,5664
MOK,,,0.0016204398500192117,5665
MON1A,2.493591070175171,-4.31347341939209,0.005774721412437807,5665
MON1B,2.8929853439331055,-5.002459166093273,0.0026591696480224355,5664
MON2,1.7463208436965942,-6.269665085326664,0.0014318913848026286,5664
MORC2,1.6366629600524902,-4.297039583614203,0.005431095304263189,5665
MORC3,1.6256024837493896,-5.096402873395898,0.004487783519579814,5664
MORF4L1,1.8363564014434814,-14.889010860626053,0.0042183095319834295,5664
MORF4L2,1.8513880968093872,-15.589580433685384,0.0020472095046491293,5664
MORN2,5.7318196296691895,-1.29429640509501,0.00961366371365599,5664
MORN4,,,0.00196272601532501,5665
MOSMO,2.400420665740967,-2.396939240966804,0.013230466121571312,5664
MOSPD3,2.458071231842041,-4.252503887511704,0.0014898942609188391,5665
MOV10,1.6466457843780518,-4.01574981588269,0.0036129547928049986,5664
MPC1,4.394587993621826,-4.391357009951422,0.0044847989106311355,5664
MPC2,1.3743969202041626,-6.465210304946589,0.004015449675957831,5663
MPDU1,2.4368202686309814,-4.204761062383781,0.0076481580223388065,5664
MPG,2.2484402656555176,-11.319516231649892,0.003970569231220367,5664
MPHOSPH10,1.1766678094863892,-5.561917120963015,0.021977293181371822,5663
MPHOSPH6,1.3688647747039795,-5.41305601654812,0.00700101131974946,5664
MPHOSPH8,0.39402294158935547,-3.463522695546436,0.0021177203886567986,5664
MPHOSPH9,2.3753397464752197,-5.786725620668751,0.005132481648604296,5664
MPI,2.0175278186798096,-4.9264399705244655,0.001953871855370027,5664
MPIG6B,2.3760218620300293,-5.7970116830858,0.0029451982336846866,5665
MPLKIP,1.895231008529663,-10.316162359181327,0.003776624619441941,5664
MPND,,,0.008955355593694864,5665
MPP1,1.8640671968460083,-5.867016380501209,0.0027105425873005648,5665
MPP3,,,0.002023165816599294,5665
MPP5,2.2795069217681885,-3.940167302501893,0.0033373441809320817,5665
MPP6,0.2208341509103775,-1.6977036329084356,0.0026248870166647423,5664
MPPE1,,,0.002391724771531354,5665
MPRIP,-0.005896893795579672,0.04396315850779338,0.002517280717953551,5664
MPST,1.6617271900177002,-7.2242047206735505,0.008009316016541578,5664
MPV17,2.280426025390625,-7.5203666933567295,0.002316695065882514,5664
MPV17L2,1.9264068603515625,-5.0772370594427105,0.00311380780872098,5664
MPZ,,,0.0038525491588016756,5665
MPZL1,1.7059448957443237,-9.030014593593426,0.002455352669472057,5664
MRAP2,2.264538049697876,-2.2607865156771867,0.007145957492258363,5665
MRAS,,,0.0028936664060570214,5665
MRC2,,,0.0034436778334477644,5665
MRE11,3.7925257682800293,-5.3563559687299644,0.004182476251847593,5664
MRFAP1,1.0152415037155151,-8.202202283786091,0.006381745641746074,5665
MRFAP1L1,2.2704806327819824,-4.520594735522319,0.005644365051031323,5664
MRGBP,1.5461087226867676,-6.291087264600969,0.008444703634092618,5664
MRI1,1.6471754312515259,-3.2818538834335187,0.004343839799367349,5665
MRM1,2.423149585723877,-2.4206437027556027,0.012023414647479592,5665
MRM2,1.882190465927124,-7.916352376387984,0.0029195828063052973,5663
MRM3,1.297662377357483,-5.4595194913814975,0.0020667388111543688,5664
MRNIP,1.800917387008667,-3.1111835106670527,0.003872364989611748,5664
MRRF,2.126269817352295,-5.177182302465196,0.004633048018415637,5663
MRS2,1.5101993083953857,-5.946339655152789,0.00491434779576225,5664
MRTFA,0.01582160033285618,-0.06055642699559325,0.003604547481713483,5665
MRTO4,1.0588842630386353,-10.776084727976368,0.003442335299753836,5663
MS4A3,3.69925594329834,-7.37006083963277,0.004538754574572588,5665
MS4A4A,0.029996855184435844,-0.2688566657740637,0.003771858567339334,5665
MSANTD1,,,0.004179000494343142,5665
MSANTD3,0.742652416229248,-4.076874870600065,0.002040124734510106,5664
MSANTD4,,,0.005083255850779449,5665
MSC,,,0.004168551651056191,5665
MSGN1,,,0.006092932576267165,5665
MSH2,2.5845444202423096,-10.84987355793934,0.0030727996172768878,5664
MSH3,1.7575523853302002,-5.233988471564625,0.0049620062575155225,5663
MSH5,,,0.002554692419453026,5664
MSH6,2.302126884460449,-12.221958434155797,0.002694664961142477,5664
MSI2,2.090834140777588,-7.178871774154681,0.004049828268778846,5664
MSL1,1.0268977880477905,-6.528810386381895,0.004956671587583155,5664
MSL2,0.441582590341568,-1.5715620307644074,0.005298271462925475,5664
MSL3,1.8958595991134644,-5.667510689866688,0.003462075724765844,5665
MSMO1,2.1557772159576416,-6.067429301699262,0.002661038179624366,5664
MSN,1.5184345245361328,-28.049279272031963,0.0006831452267458883,5664
MSRB1,2.4401116371154785,-8.427716122667741,0.0010822711058535953,5664
MSRB2,5.377552509307861,-2.281262860814594,0.0028995825910189225,5664
MST1,,,0.0017790634657723864,5665
MSTO1,0.47625812888145447,-2.056831254480656,0.002197781245976438,5663
MSX1,1.993406057357788,-2.8145304140053415,0.0031699334110996524,5665
MSX2,,,0.0016754815706958397,5665
MT1F,2.347501516342163,-4.059996909480031,0.001959980024542508,5665
MT1X,2.6713168621063232,-7.986071809902051,0.0014649212025091589,5664
MT2A,1.4145917892456055,-5.795848283651571,0.0017416401673389641,5664
MTA1,2.1364905834198,-5.624664918901861,0.005484112475645758,5664
MTA2,2.0894734859466553,-2.9463957666699474,0.008289045319750875,5664
MTA3,3.032498359680176,-4.280224143374765,0.004863489752867131,5664
MTBP,,,0.00775813232427158,5665
MTCH1,1.5052744150161743,-13.320634212331825,0.0023593440411852932,5664
MTCH2,2.5063562393188477,-17.103318455434536,0.0015041212646257007,5664
MTCP1,,,0.005167075487174917,5665
MTDH,2.2741305828094482,-27.531530205352233,0.0012861583087390288,5664
MTF1,2.2912704944610596,-3.961061161957877,0.006220365131831397,5664
MTF2,2.683436155319214,-8.420596375057292,0.004173753773871157,5664
MTFMT,2.505425453186035,-5.5906937183263725,0.0019971102388754262,5664
MTFP1,3.5852975845336914,-6.19913453106451,0.0029430843747477015,5664
MTFR1,2.468980550765991,-5.506267768869688,0.002550876842187539,5664
MTFR1L,2.0541343688964844,-5.013452576226501,0.0028508311516928465,5665
MTFR2,2.269557476043701,-5.542307615610977,0.0021824974756624945,5665
MTG1,5.682882308959961,-1.1783087157548382,0.011453758781078651,5664
MTG2,1.1716318130493164,-7.324634964758752,0.0014048529924954355,5664
MTHFD1,1.6522892713546753,-4.611948689085425,0.014868495965052611,5664
MTHFD1L,2.04613995552063,-7.859058369911683,0.003283495487694926,5664
MTHFD2,0.9085198044776917,-15.613799412117508,0.0013390375408532005,5664
MTHFD2L,2.899435520172119,-7.083696532473931,0.0016858827746370033,5665
MTHFR,1.0529025793075562,-6.073616160942401,0.0013009351301905767,5665
MTHFS,0.8634406328201294,-5.78766249312931,0.002362167418126915,5664
MTHFSD,,,0.002672653455452947,5665
MTIF2,3.454167127609253,-10.322245941774584,0.004049180720587677,5664
MTIF3,1.567023754119873,-4.915372687718522,0.0057995510302125755,5664
MTM1,,,0.0028425264347089335,5665
MTMR1,,,0.00488426802157576,5665
MTMR12,1.8794058561325073,-3.2460697076506944,0.003858257695485188,5664
MTMR14,2.358119249343872,-7.429300090277918,0.001819772801513999,5664
MTMR2,1.9380183219909668,-6.681454224215761,0.0020790083115731464,5664
MTMR3,,,0.013443092904551887,5665
MTMR4,0.716905951499939,-3.3277429591761214,0.001987243175477742,5664
MTMR9,3.350123405456543,-3.3483399888193555,0.002860885991978286,5664
MTO1,2.1492934226989746,-5.666391223771804,0.002376090495425602,5664
MTOR,1.4145207405090332,-4.213298909761424,0.021512049312199674,5664
MTPAP,1.2860347032546997,-4.039631903609387,0.008124717243411706,5664
MTPN,1.9722627401351929,-15.601629187411366,0.0028406916150033466,5664
MTR,2.723893880844116,-4.693152922021806,0.009862238197447276,5664
MTRES1,1.5444097518920898,-4.347822132736886,0.004367646232682384,5664
MTREX,0.6646147966384888,-4.525802064100186,0.010649670095131979,5663
MTRF1,2.697289228439331,-3.8101837725404772,0.0024815097530079197,5663
MTRF1L,2.5760695934295654,-7.6955331151174535,0.0031628175281380524,5664
MTRR,1.6153180599212646,-4.5514699695460665,0.0024671958745804312,5664
MTX1,1.2158082723617554,-4.861565162594563,0.008083742502704622,5664
MTX2,2.3914883136749268,-11.114971588581524,0.002278679687762216,5664
MUL1,2.5875377655029297,-2.5851564998299854,0.004524728375671501,5665
MUS81,2.2157678604125977,-4.94050153888907,0.0026429339158952083,5664
MUTYH,2.070441246032715,-3.5781691573550205,0.006226316121988454,5664
MVB12A,1.8179787397384644,-4.418878221821714,0.006717620092099806,5664
MVD,1.7220200300216675,-4.841267104263681,0.011952837991163652,5664
MVK,1.2040854692459106,-4.484648927827533,0.002770673884178941,5664
MXD1,4.63184928894043,-1.1057247029280892,0.009359744346734292,5664
MXD3,0.8169870972633362,-3.1473373414895605,0.0013861669601004233,5665
MXD4,1.6726398468017578,-6.843973875471324,0.0037642549021660384,5664
MXI1,0.16851839423179626,-1.5316635981237148,0.001393321822039688,5664
MXRA7,0.003782163606956601,-0.026301660307396228,0.0014110742239198271,5664
MXRA8,2.1656413078308105,-2.1608762872741227,0.01759539129775122,5665
MYB,1.4145439863204956,-10.445344521578194,0.012728726027320114,5665
MYBBP1A,2.1561503410339355,-5.254056878838188,0.013508280520995222,5664
MYBL1,,,0.001675150906148881,5665
MYBL2,0.8711637854576111,-4.558407182319408,0.008475090522784072,5664
MYC,0.07013942301273346,-0.8637613107729105,0.007391573464652508,5664
MYCBP,1.770740270614624,-16.764536805487563,0.0011909452045139883,5664
MYCBP2,2.8718128204345703,-13.94640863367973,0.002330876307996182,5664
MYCL,,,0.009060246606114427,5665
MYCN,,,0.002343193012003202,5665
MYD88,1.6720669269561768,-5.525850233940217,0.00131942115387598,5664
MYEOV,,,0.004539340233442475,5665
MYF5,,,0.010549417678562158,5665
MYF6,,,0.0025932128948246754,5665
MYH10,2.3741705417633057,-13.058388152435283,0.0017244067890264101,5665
MYH9,1.5242719650268555,-7.075342960825672,0.0019622363905775074,5664
MYL12A,1.038931131362915,-17.29924480557653,0.001428055634663473,5664
MYL12B,2.189764976501465,-13.265645304050441,0.005704022927070947,5664
MYL4,2.7657651901245117,-11.227419853102054,0.0045312151606159345,5664
MYL6,2.78594970703125,-27.800216692553146,0.0015703690353658,5664
MYL6B,2.604098081588745,-11.521278076998538,0.002466983866786893,5664
MYLIP,1.5832253694534302,-4.451095345649229,0.004156761921262193,5665
MYLK3,,,0.0014441213371766484,5665
MYNN,1.938222050666809,-3.34968518513368,0.003951041993333831,5664
MYO16,,,0.0018069432665954296,5665
MYO18A,1.4146724939346313,-3.153648765541186,0.0025555906682757394,5665
MYO19,1.313330054283142,-4.862295489306337,0.0038201719798905084,5663
MYO1C,0.4866867959499359,-3.1196196205279216,0.0010455532748560425,5664
MYO1D,1.9075348377227783,-5.704648549520785,0.0015399038201904958,5665
MYO1H,,,0.001684213953423359,5665
MYO6,2.488161087036133,-7.838697644461407,0.0016799884314039554,5665
MYO9A,1.9124610424041748,-5.38810274748005,0.002641924130780184,5664
MYO9B,1.4449260234832764,-4.545982108114544,0.00277013137361038,5663
MYOD1,,,0.0010869290327648333,5665
MYOG,,,0.0019916459242851504,5665
MYPOP,,,0.004100236684598748,5665
MYRF,1.6671682596206665,-4.98859872618849,0.0010868091241114184,5665
MYRFL,,,0.0017551096833671427,5665
MYSM1,3.5607025623321533,-6.159472207936183,0.0025807229314829634,5664
MYT1,,,0.0057602861851395,5665
MZF1,,,0.0016391302660235156,5665
MZT1,2.1937313079833984,-18.518986894333878,0.0023661596765440916,5663
MZT2A,2.9452919960021973,-13.918996038982586,0.003829861453878629,5665
MZT2B,2.0531063079833984,-17.318695032052027,0.0071434379732787864,5664
N4BP1,2.5561363697052,-5.098462668805052,0.004031519383911334,5664
N4BP2,2.0682671070098877,-11.57970684287741,0.0014103839078404728,5664
N4BP2L2,2.0524492263793945,-10.23530521172428,0.0051218594941873285,5664
N6AMT1,2.2397265434265137,-4.999053906319896,0.008996449844927017,5665
NAA10,2.454866647720337,-13.66991640807556,0.004257232522516181,5664
NAA11,,,0.0019661967521214796,5665
NAA15,1.417487382888794,-10.349273463916898,0.006206624232844009,5663
NAA16,1.8375083208084106,-5.17266545444234,0.0030202627782602055,5663
NAA20,1.6129789352416992,-11.63350538432256,0.011300236840708576,5664
NAA25,1.1430354118347168,-6.364360817714719,0.015718780849524664,5664
NAA30,,,0.0030539654845100055,5665
NAA35,1.5903809070587158,-11.226071825675938,0.0014837635766532416,5664
NAA38,0.10331206768751144,-0.9894099970695113,0.0121437741716874,5664
NAA40,1.3133679628372192,-3.910443335092927,0.0038291017599265914,5664
NAA50,1.424755573272705,-8.980185942053433,0.005394508506128149,5663
NAA60,0.9357575178146362,-2.070676443706828,0.009592633981343097,5664
NAA80,1.5383238792419434,-4.0554862368252405,0.0022239419708594563,5665
NAAA,,,0.002581941040728355,5665
NAB1,0.5724706649780273,-2.1945932532542,0.004717958653507175,5664
NAB2,,,0.00178469339531858,5664
NABP1,3.143555164337158,-5.434520036172358,0.0026437224093899887,5665
NABP2,2.1962716579437256,-12.734396747084377,0.0010199777943205928,5663
NACA2,,,0.004057459815987246,5665
NACC1,-0.014136307872831821,0.13254767744693813,0.0018551675026194424,5663
NACC2,1.5588551759719849,-2.6906073875206102,0.005069901462662645,5664
NADK,0.5483807325363159,-3.3025430361973758,0.002893056172770943,5664
NADK2,0.08975360542535782,-0.5392166078281028,0.003767045924126427,5664
NAE1,2.3172194957733154,-14.000390915526504,0.01627834528252053,5664
NAF1,1.594369649887085,-6.326114693667212,0.007342967683509565,5664
NAGA,2.3482115268707275,-4.0617641706733805,0.0018023906663828181,5665
NAGK,2.585785150527954,-4.473953017913849,0.001289117031865284,5664
NAGLU,1.4386552572250366,-6.711824868099719,0.0010545366261002504,5665
NAGPA,1.928783655166626,-5.4361220440529285,0.0018743001364874383,5664
NAIF1,1.501455307006836,-3.960418517445053,0.003294852559560945,5665
NAMPT,1.909168004989624,-6.540517002768801,0.007828333696296166,5664
NANOG,,,0.0017935972243511122,5665
NANOGNB,,,0.007885995020327045,5665
NANP,1.55361807346344,-4.896263951398373,0.0013814857155713986,5665
NANS,2.1691954135894775,-10.050073546600293,0.002857955385175475,5664
NAP1L4,0.3131139874458313,-3.3699560454963673,0.004955336719665869,5664
NAPA,0.7664166688919067,-1.50145856477973,0.023155077411078834,5664
NAPEPLD,1.4282728433609009,-4.02192160284433,0.002283163027626498,5664
NAPG,3.7457706928253174,-3.74361652887048,0.0032651910420061422,5664
NARF,2.3196375370025635,-11.254096618455279,0.002190138978060097,5664
NARS,1.5110584497451782,-5.769590126084415,0.017926007347225176,5665
NARS2,1.4472686052322388,-6.0966395105240565,0.003749280346946787,5664
NASP,1.1462268829345703,-29.451865227115615,0.0011892074066525743,5665
NAT10,6.105589866638184,-0.9055145061523658,0.040574022823187346,5664
NAT14,5.635046005249023,-1.7548460022156929,0.005245299427602051,5665
NAT8L,2.049204111099243,-4.5727971827902385,0.0017712005286193396,5665
NAT9,1.7310075759887695,-4.875709031788196,0.002656337569773294,5665
NAV1,2.309335470199585,-6.502715057776641,0.0026837012434552283,5665
NAXD,1.615354299545288,-5.078102593938576,0.0021643126068412984,5665
NAXE,1.9935005903244019,-6.546394103401091,0.0042292237750336855,5664
NBAS,1.5557763576507568,-7.341803925627855,0.010464150125214487,5664
NBEAL1,0.9627882242202759,-5.627402995713317,0.0015122897327361283,5663
NBEAL2,0.9741557836532593,-3.2139013493919375,0.0020723931830343855,5664
NBN,2.6231465339660645,-7.823675860993126,0.0031064960852065573,5663
NBPF1,0.12324654310941696,-0.4002597910038164,0.009152454925745748,5665
NBPF12,,,0.0014222161478832992,5665
NBPF15,,,0.002796674813871012,5665
NBPF3,,,0.001816365851886915,5665
NBR1,1.9123163223266602,-1.9056954873462653,0.01667788377714686,5663
NCAM2,0.40095096826553345,-1.1222339707101188,0.006273984565439158,5665
NCAPD2,1.1312462091445923,-2.73103964319363,0.012096511642624848,5664
NCAPD3,1.7853143215179443,-8.991323226853952,0.0022694257338424575,5663
NCAPG,1.4140019416809082,-8.76865449314232,0.0044476458210782315,5663
NCAPG2,2.617537021636963,-6.387757145864993,0.002937912881031992,5664
NCAPH,1.5660514831542969,-6.164352569555179,0.0053472306279372704,5664
NCAPH2,2.641615152359009,-7.900400537710602,0.0021329951373281926,5664
NCBP1,0.4279813766479492,-1.7787611978677664,0.013020995250129168,5663
NCBP2,0.6564190983772278,-8.712976214010906,0.00932741590092476,5663
NCDN,2.386065721511841,-4.124903836662153,0.005849813879076228,5664
NCK1,3.687912940979004,-5.2109560521559555,0.002163566152014838,5664
NCK2,,,0.0017492796560019473,5665
NCKAP1,1.6802128553390503,-5.003480070554564,0.006676254772501918,5665
NCKAP1L,1.0821142196655273,-4.9805465062528205,0.004291103980739206,5665
NCKAP5L,1.3719394207000732,-3.056642775956165,0.0035632642026425946,5665
NCKIPSD,,,0.016411962895017732,5665
NCL,0.31383177638053894,-12.639101821692257,0.0019932716896747427,5664
NCLN,1.006621241569519,-3.8211979245799794,0.007336701394354089,5664
NCOA1,0.0796303004026413,-0.6288535068424415,0.0023701710976853393,5664
NCOA2,0.4681485891342163,-2.398327876386216,0.002048228198855955,5664
NCOA3,0.7101105451583862,-2.6135599913127603,0.005452659804398074,5664
NCOA4,0.35303378105163574,-4.637380641016682,0.0017006460581159427,5664
NCOA5,2.816725969314575,-2.814350317168728,0.004900423747359854,5664
NCOA6,2.222461700439453,-4.959248851767727,0.0022570112004902327,5664
NCOA7,1.1496838331222534,-3.2362028675432333,0.0026068672731209518,5664
NCOR1,1.980515718460083,-10.50468422519373,0.003466098403890203,5663
NCOR2,0.09256874769926071,-1.1303419338010745,0.0010469952166875757,5664
NCR3LG1,0.042287956923246384,-0.19065737804050964,0.0033835647799218796,5665
NCS1,2.5582621097564697,-2.555356014206942,0.004754402789408214,5665
NCSTN,1.5703951120376587,-5.624592755471823,0.002654632558689385,5663
NDC1,1.8010032176971436,-5.055374634252358,0.0049501716216179825,5664
NDC80,1.185950756072998,-5.901362741451649,0.004866408928483013,5663
NDE1,2.3967018127441406,-3.3846799275016592,0.0031148656101766875,5663
NDEL1,,,0.002199788769273535,5665
NDFIP1,1.365309715270996,-7.8588554650483795,0.001917102059830406,5664
NDFIP2,1.32288658618927,-3.904843950803692,0.008691652398202195,5664
NDOR1,,,0.007966422621887514,5664
NDRG2,2.074584722518921,-5.474957979174848,0.0015814480617839897,5665
NDRG3,2.7876179218292236,-5.5649956140163,0.0023352535795617673,5664
NDST1,0.7882497310638428,-2.3441159430770946,0.004192366249447184,5665
NDST2,,,0.004154470938018017,5665
NDUFA1,0.18838872015476227,-1.261139906089986,0.011962870219623195,5664
NDUFA10,2.218179941177368,-6.1858772566201266,0.010275953417298018,5664
NDUFA11,1.7435102462768555,-20.901215157307533,0.002275692064498984,5664
NDUFA12,2.022878408432007,-15.016255018578807,0.0022397286302087093,5664
NDUFA13,1.3999892473220825,-22.996795254055865,0.0026574903374178126,5664
NDUFA2,0.2700634300708771,-3.6511287562462877,0.0031045662221543873,5663
NDUFA3,2.2643978595733643,-10.284590349086606,0.0037393909555261087,5664
NDUFA4,1.9830330610275269,-21.954443066370903,0.0034773839449794204,5664
NDUFA5,1.6566593647003174,-8.934394918534787,0.007713844454823788,5664
NDUFA6,2.7822463512420654,-15.587349389795284,0.0025942257274886625,5664
NDUFA7,1.2814370393753052,-8.694975321742497,0.004509741885492451,5664
NDUFA8,2.073338508605957,-13.816122434774043,0.004268079040649004,5664
NDUFA9,2.9729721546173096,-6.618733870565367,0.00567831167404393,5664
NDUFAB1,2.069917678833008,-21.39381291255547,0.005507884502487963,5664
NDUFAF1,1.7604830265045166,-4.292292338260667,0.003891197534674732,5663
NDUFAF2,1.80254065990448,-6.413843916494682,0.004853776001088672,5663
NDUFAF3,2.4031190872192383,-8.26044455544609,0.0034454000966624735,5663
NDUFAF4,3.8194026947021484,-5.390589833455959,0.005892160252083127,5664
NDUFAF5,0.9200851917266846,-1.8187249470457927,0.028088084273209857,5663
NDUFAF6,1.4324384927749634,-5.829611848077045,0.004141985072960297,5664
NDUFAF7,1.1692290306091309,-2.011326601025124,0.013011555691809605,5663
NDUFAF8,0.4868776798248291,-7.3564904061561265,0.002584690084414455,5664
NDUFB1,2.399649143218994,-13.626164161210356,0.003945168985991642,5663
NDUFB10,2.85390305519104,-25.98713792510167,0.003926898694057046,5664
NDUFB11,1.6546257734298706,-15.401549142068678,0.003798284954427471,5663
NDUFB2,2.856624126434326,-13.169783872564201,0.005238399987913645,5664
NDUFB3,1.7915371656417847,-18.35931961133737,0.0023518298772550916,5664
NDUFB4,2.578702211380005,-17.94573341072143,0.0034457688419821993,5664
NDUFB5,1.2599610090255737,-4.260459861020246,0.019426764995042804,5664
NDUFB6,1.7647243738174438,-18.528301039594584,0.0016732443252142437,5664
NDUFB7,1.7724437713623047,-14.33076828128943,0.0034794495954268713,5664
NDUFB8,2.500511884689331,-19.030924846641422,0.0025485569947155326,5663
NDUFB9,2.7479031085968018,-13.676020927482892,0.0052582677060562895,5663
NDUFC1,1.3908950090408325,-15.492599173613046,0.00212979302091104,5663
NDUFC2,2.322958469390869,-18.33635906404189,0.00698588004652558,5664
NDUFS1,2.398456573486328,-6.285418308073629,0.008127024563114565,5663
NDUFS2,1.8775540590286255,-12.852239937273168,0.0031948180220230295,5664
NDUFS3,1.6298288106918335,-13.38868047954252,0.0030051516901617335,5662
NDUFS4,1.811623215675354,-6.935110137164339,0.004158637348121804,5664
NDUFS5,0.8004779815673828,-24.349092158457843,0.0013929804673127064,5664
NDUFS6,1.9945263862609863,-16.228666747779446,0.004953852276951084,5664
NDUFS7,1.1865477561950684,-19.676549456937558,0.0016880242170919423,5664
NDUFS8,3.0366361141204834,-8.484834858466174,0.008363311073375089,5664
NDUFV1,0.49614691734313965,-10.380022672105166,0.001168278552027978,5664
NDUFV2,2.535228967666626,-15.074559807880725,0.005170613682466933,5664
NDUFV3,2.4023349285125732,-11.837297590636831,0.0027469178505192646,5663
NEBL,,,0.0027742726130941995,5665
NECAB3,0.5436692833900452,-2.4620468531509117,0.004184620893756033,5665
NECAP1,1.2362431287765503,-3.481596772198146,0.0021540466708056716,5665
NECAP2,2.294329881668091,-8.232846502227046,0.0033226012187458948,5664
NECTIN2,1.396933913230896,-5.5184254895268605,0.004600407695423959,5665
NEDD1,1.6179252862930298,-2.2789787218608577,0.01129328124626324,5664
NEDD4,,,0.009214221504814971,5665
NEDD4L,,,0.00142961369295975,5665
NEDD8,2.5954270362854004,-16.62513885609116,0.041698353876331515,5663
NEFH,1.1898910999298096,-5.465398665864139,0.004992422333366639,5665
NEIL2,,,0.002838440085820106,5665
NEIL3,3.786734104156494,-3.785121438024104,0.0016452190424048056,5664
NEK1,3.4810750484466553,-3.477415487298742,0.004435667820767015,5663
NEK2,2.671848773956299,-4.6180306023370274,0.003227115079312852,5664
NEK4,3.226552963256836,-3.2243140185882715,0.0029849234332413902,5664
NEK6,4.682354927062988,-1.2475226417836573,0.008915972679605273,5664
NEK7,2.4000508785247803,-3.389980548063878,0.0026285758517952205,5664
NEK9,1.8121622800827026,-4.043594369591485,0.00158706133974201,5665
NELFA,1.6005487442016602,-5.935494965679887,0.014121740600951563,5663
NELFB,1.4829277992248535,-6.572263823054964,0.01017424070631866,5664
NELFCD,2.0233302116394043,-14.67952525495281,0.008576845646598498,5664
NELFE,1.6267088651657104,-7.173877305970677,0.0082926783425248,5664
NEMF,2.548896551132202,-6.696158328736222,0.005924910338050838,5664
NENF,2.0169625282287598,-18.59327968561938,0.0016153161517373162,5664
NEPRO,5.890640735626221,-0.9124825302692331,0.03863847109860605,5664
NES,0.7152047753334045,-3.401603899649787,0.0015438122385471092,5665
NET1,1.2063740491867065,-8.049775966984127,0.0038662552951462476,5664
NETO2,2.942488670349121,-6.565174595273443,0.0021399633263175766,5664
NEU1,2.8792612552642822,-7.036661999932702,0.0015440748887206935,5664
NEU3,2.4909331798553467,-5.561774961506621,0.0010692154711068051,5665
NEURL4,,,0.0024353689284864195,5665
NEUROD1,,,0.0014113716477600704,5665
NEUROD2,,,0.0073680390153829396,5665
NEUROD4,,,0.0037833267775472922,5665
NEUROD6,,,0.01710066198570427,5665
NEUROG1,,,0.0022958930397396944,5665
NEUROG2,,,0.0033653491673718496,5665
NEUROG3,,,0.00198008462717058,5665
NEXN,,,0.002934337878633017,5665
NF1,2.964075803756714,-6.604441751081612,0.007879433820566044,5664
NF2,2.4698145389556885,-7.387381929724458,0.0014238629235450212,5664
NFAT5,0.6578314304351807,-2.8008086034308737,0.006091822647852679,5664
NFATC1,,,0.0014989559041608642,5665
NFATC2,,,0.0016577059113457874,5665
NFATC2IP,1.9879846572875977,-12.432225415952425,0.001291331785118689,5664
NFATC3,0.4972982108592987,-3.231649778831331,0.0021611594729972162,5664
NFATC4,,,0.0059628417147686436,5665
NFE2,0.7471043467521667,-5.107030180859023,0.0029883003298547864,5664
NFE2L1,1.5921841859817505,-3.5408027655792487,0.005586248815251323,5664
NFE2L2,0.622765064239502,-5.091776985510757,0.0031435829191943975,5663
NFE2L3,2.925837755203247,-4.1330357009043315,0.0022579131980046538,5664
NFIA,1.3839207887649536,-5.0384831387526585,0.009672807085669364,5665
NFIB,,,0.003135135123849687,5665
NFIC,0.8587551116943359,-7.522646881989244,0.002229233199614714,5665
NFIL3,2.5347776412963867,-3.579878238801251,0.003070768016972991,5665
NFIX,,,0.0011453035184934887,5665
NFKB1,2.038926601409912,-7.034683966817979,0.0015127504879999627,5664
NFKB2,,,0.0019362394723144302,5665
NFKBIA,0.4901030957698822,-4.488635000456503,0.0018781952512372986,5664
NFKBIB,1.6173166036605835,-7.1721782897845685,0.001813746686606894,5664
NFKBID,,,0.0028982006586788195,5665
NFKBIE,,,0.00938644761594313,5665
NFKBIL1,5.259566307067871,-1.2988847719349481,0.008942397525218148,5664
NFRKB,1.8950896263122559,-7.551190231196705,0.008034935799292835,5664
NFS1,1.2711985111236572,-3.9922592688198772,0.004983904649334983,5663
NFU1,3.531297445297241,-3.524966580093421,0.011089962533501984,5664
NFX1,2.0276544094085693,-5.340298549637135,0.003394979431040286,5664
NFXL1,5.110978126525879,-1.7254852782360623,0.004278169908280497,5664
NFYA,,,0.0051591388416501694,5665
NFYB,1.0889849662780762,-3.5685932922860264,0.006957477063032716,5664
NFYC,0.4787619709968567,-1.5936360450181792,0.02418705145230412,5664
NGDN,1.2010955810546875,-2.629068020003631,0.030225371179639447,5664
NGLY1,3.217778205871582,-7.177829489892869,0.0037653580067353865,5664
NGRN,2.408961057662964,-10.39452179197189,0.004936978970746502,5664
NHEJ1,1.898942470550537,-2.6802984364166935,0.004640876820530554,5664
NHLH1,,,0.0021397481598445602,5665
NHLH2,,,0.0019257737760533622,5665
NHLRC2,2.457078695297241,-6.004208326508925,0.0024827959941870997,5664
NHLRC3,2.0300705432891846,-7.554377140261413,0.001891498160912056,5664
NHP2,1.1842925548553467,-9.966113733021881,0.010723050780075237,5664
NIF3L1,2.7368321418762207,-2.732348912902214,0.008475362169130442,5663
NIFK,1.590437412261963,-7.84135278710242,0.03009127975003758,5663
NIN,1.706027626991272,-4.16211613252221,0.0030078825803885336,5664
NINJ1,,,0.004536652967684183,5665
NINJ2,,,0.001528817487211352,5665
NIP7,1.4683195352554321,-10.227211075836248,0.014854502255692488,5663
NIPA1,,,0.0019924376270729137,5665
NIPA2,1.6278939247131348,-4.552862637683674,0.006361367715604334,5664
NIPAL3,2.147571563720703,-3.0322518747978093,0.0033529329955162,5664
NIPBL,1.2120004892349243,-5.076985996213358,0.021331885729430407,5664
NIPSNAP1,2.5533835887908936,-3.6015459889855177,0.007794645329098769,5664
NIPSNAP2,1.6300264596939087,-10.732982230160571,0.001977937457346727,5664
NIPSNAP3A,2.1409406661987305,-5.631862343007768,0.004343059431780184,5665
NISCH,2.1464314460754395,-6.423136397594673,0.0015019841952394544,5664
NIT1,3.681614398956299,-3.679912321590451,0.002042714767276992,5663
NIT2,1.7590097188949585,-5.231288941579631,0.004748647443620957,5664
NKAP,1.3144787549972534,-4.275987016513605,0.011348067635776043,5664
NKAPD1,2.22670841217041,-7.981988270582327,0.0058158428536190365,5664
NKIRAS1,4.760669708251953,-1.703047835067268,0.004118418093391207,5663
NKIRAS2,0.24231880903244019,-1.2468215585963365,0.00675999143861756,5664
NKRF,1.592530608177185,-4.482757145391804,0.003083567596188333,5665
NKTR,1.9162323474884033,-10.438782512782206,0.004351562093723239,5663
NKX1-1,,,0.0030355593216560804,5665
NKX1-2,,,0.0032871739517006727,5665
NKX2-1,,,0.0044152260056602045,5665
NKX2-2,,,0.013526922697769271,5665
NKX2-3,,,0.0030284151544610065,5665
NKX2-4,,,0.0023432111671197807,5665
NKX2-5,,,0.004755938284977978,5665
NKX2-6,,,0.004642290738676869,5665
NKX2-8,,,0.0009070467526389701,5665
NKX3-1,,,0.004993592395189458,5665
NKX3-2,,,0.006107420799882688,5665
NKX6-1,,,0.021479753010800424,5665
NKX6-2,,,0.0034695338150761636,5665
NKX6-3,,,0.0022364626733976482,5665
NLE1,1.3523608446121216,-5.841605928307581,0.016706043330788387,5664
NLK,4.6747517585754395,-1.80428340548229,0.00370219514535843,5664
NLN,1.4327486753463745,-4.0037356487204345,0.007536463720025305,5663
NLRP1,0.8318751454353333,-2.9806152306522304,0.0023055848544299524,5665
NLRP2,1.2015920877456665,-3.551452974588965,0.009424845888606865,5665
NMD3,1.367064118385315,-5.045975396845739,0.016649464046619673,5664
NME1,0.9141830801963806,-19.393053185197502,0.0019853829499176983,5664
NME3,1.5754377841949463,-6.040981556139914,0.0031935210912940834,5664
NME4,3.07831072807312,-10.068208377696296,0.005924148029437646,5664
NME6,2.0424001216888428,-8.105830161392557,0.002204836595520922,5664
NME7,2.9204020500183105,-2.9175153520795987,0.005234124756349642,5663
NMI,2.546896457672119,-8.020919420978569,0.001966730082339449,5665
NMNAT1,1.9930860996246338,-3.4446758057173787,0.0034302443545707524,5664
NMNAT3,,,0.002057999967237131,5665
NMRAL1,2.2722604274749756,-8.442977319558404,0.0024168543214690176,5664
NMT1,1.6484295129776,-5.148286670878091,0.007378174411411675,5664
NMT2,4.555262565612793,-1.5445994393859617,0.004351314414298704,5665
NMU,,,0.0023457498262548374,5665
NNMT,,,0.0017460266070804089,5665
NNT,1.8234648704528809,-4.044599092708443,0.008537301418059048,5665
NOA1,1.5473170280456543,-5.091261825173745,0.004314069620343586,5663
NOB1,1.2510340213775635,-7.592682523833093,0.00730521841529198,5664
NOBOX,,,0.0019390197322511472,5665
NOC2L,0.42013418674468994,-2.0143761903652804,0.017749701041111617,5664
NOC3L,1.5703567266464233,-4.660841281563494,0.017281093013778774,5664
NOC4L,1.1847772598266602,-3.3002971506446013,0.030610378306989372,5664
NOL10,1.3782726526260376,-3.5809471982610934,0.017365111177828397,5664
NOL11,1.0586633682250977,-8.508339216478795,0.01965294978549783,5664
NOL12,2.394605875015259,-5.330761818040082,0.010359474718823975,5664
NOL6,1.0106184482574463,-1.4226141372674448,0.0715601666640496,5665
NOL7,0.9918285608291626,-12.456373397266598,0.003314337192454797,5664
NOL8,1.5339868068695068,-7.493917131826889,0.016247165915233702,5663
NOL9,5.913890361785889,-1.0578024950072988,0.02605809871632462,5664
NOLC1,2.074761390686035,-15.915981014430761,0.00609674325714,5664
NOM1,0.6825277209281921,-4.1790345103187905,0.006737568062629635,5664
NOMO1,2.008979320526123,-5.671855856953459,0.003113684879281171,5665
NONO,2.0304527282714844,-17.281877757378762,0.00360616447989069,5663
NOP10,2.232974052429199,-12.570598046567273,0.017025829222046887,5664
NOP14,1.7040866613388062,-5.014780447256527,0.02543915814151473,5664
NOP16,0.8726959228515625,-5.033026662765071,0.022428330735836877,5663
NOP2,0.9262701272964478,-1.8264707334215604,0.0469596115560277,5664
NOP53,1.1125874519348145,-8.127857261357308,0.011476056622321517,5664
NOP56,0.07740697264671326,-1.5570519688088682,0.002678014873112074,5664
NOP58,0.8048915863037109,-5.880317316202526,0.013423767382389427,5664
NOP9,1.4695643186569214,-3.27343606392091,0.003245361695798736,5665
NOS1AP,,,0.002990531151989126,5665
NOS3,,,0.007943314896699423,5665
NOSIP,2.5437095165252686,-9.08719833009569,0.003473922473365866,5663
NOSTRIN,3.2235331535339355,-5.577778536398514,0.0015254714218568281,5665
NOTO,,,0.002101192823907214,5665
NOTUM,2.3303894996643066,-3.292129461379201,0.0024066805406563205,5665
NPAS1,,,0.0020350019370666164,5665
NPAS2,,,0.0027398862475881253,5665
NPAS3,,,0.003285497450888524,5665
NPAS4,,,0.003139548740627066,5665
NPAT,1.1266006231307983,-1.5736375635804218,0.038591228483907905,5663
NPB,,,0.0010885005280221092,5665
NPC1,,,0.00673476727269737,5665
NPC2,2.7794456481933594,-3.9232815951464795,0.005000730472238243,5663
NPEPPS,0.2969202697277069,-4.601426314127415,0.0022970218335387595,5664
NPHP4,,,0.002003305772276903,5665
NPL,0.4421336352825165,-2.6610235660123585,0.003248407273265583,5665
NPLOC4,0.2885802984237671,-1.3423800854449364,0.007965743493585226,5664
NPM3,2.2506487369537354,-9.437770884058843,0.0032404407422142113,5664
NPRL2,2.452792167663574,-3.4628552588607127,0.006569296120542489,5665
NPRL3,2.42244291305542,-6.8235705362085275,0.002356677056838788,5664
NPTN,3.7056939601898193,-3.7035557841464732,0.002536697932605608,5664
NPW,2.968730926513672,-2.95815421113318,0.02247183176234598,5664
NQO1,0.7743111252784729,-6.557111310207326,0.0012604167177596216,5665
NQO2,1.0660539865493774,-6.547427563568234,0.004003027101051036,5664
NR0B1,,,0.00321085172932843,5665
NR1D1,,,0.0019642649494908096,5665
NR1D2,1.0025509595870972,-2.230422916740981,0.004840185743921813,5663
NR1H2,2.5515825748443604,-5.093408954729487,0.0024662296627787194,5664
NR1H3,,,0.0029100581033504836,5665
NR1H4,,,0.003010928959809808,5665
NR1I2,,,0.003271406360946507,5665
NR1I3,,,0.005045167480756016,5665
NR2C1,1.0645228624343872,-3.3370328994190745,0.004979541616747044,5664
NR2C2,1.7967675924301147,-4.006780145829626,0.0035638526226700485,5664
NR2C2AP,2.4604861736297607,-4.254035758539583,0.0036358053284305356,5664
NR2E1,,,0.02572900418319584,5664
NR2E3,,,0.0013533879754383086,5665
NR2F1,,,0.004559901098020907,5665
NR2F2,0.6349155306816101,-3.7524918071450695,0.007173554968972643,5665
NR2F6,0.6971805095672607,-8.202084013743363,0.001489265114375921,5665
NR3C1,0.9423988461494446,-3.3691972429435695,0.003045853842006799,5664
NR3C2,,,0.004668071022219457,5665
NR4A1,,,0.003292930020904733,5665
NR4A2,,,0.0018880459263399664,5665
NR4A3,,,0.002108285397512848,5665
NR5A1,,,0.0015445904203588558,5665
NR5A2,,,0.0016409635562102253,5665
NR6A1,0.8140528202056885,-4.530558623789004,0.006400201135453915,5665
NRARP,2.7598302364349365,-4.7730375143403165,0.0020717028884634546,5665
NRAS,2.137476682662964,-7.6629695092693195,0.002209344003102541,5664
NRBF2,5.820804119110107,-1.0080914979028222,0.014177940878133677,5664
NRBP1,2.487621784210205,-3.5102518889463155,0.016101450779302137,5664
NRDE2,1.557668924331665,-3.8013314737850825,0.009200999164976183,5665
NRF1,,,0.015309611091123575,5665
NRGN,0.3774997889995575,-1.6229683731840763,0.004254355966377324,5665
NRIP1,1.0886750221252441,-8.155344565631498,0.002419904873000314,5664
NRIP3,1.6467068195343018,-4.640056458991988,0.0018595281721131653,5665
NRL,,,0.0016985335957572345,5664
NRM,1.7373740673065186,-3.4623530002890015,0.005064376419066929,5665
NRROS,2.4303035736083984,-3.4304857576343206,0.0037167986822202407,5664
NRSN2,2.270570993423462,-4.531762005840848,0.002407553244332014,5665
NRTN,,,0.004219730297641247,5665
NSA2,0.8479416966438293,-10.312941658549704,0.004407566989469211,5663
NSD1,2.163140058517456,-8.83541844263607,0.005086549601195531,5664
NSD2,0.9796275496482849,-7.213226439009318,0.0034010469314165095,5664
NSD3,0.9126020073890686,-10.480011615617187,0.001403480054275699,5664
NSDHL,2.5868160724639893,-5.769342342990253,0.002504642733657994,5663
NSF,1.0048482418060303,-7.852541237815088,0.001181723926821021,5664
NSFL1C,1.5697993040084839,-9.61796955955297,0.0025615291444871157,5664
NSL1,1.2793769836425781,-7.642489974396122,0.006370974450617896,5663
NSMAF,0.9312509894371033,-7.95783525658224,0.0017373999031231658,5664
NSMCE1,2.608849048614502,-5.8133704977705385,0.003958834429415177,5664
NSMCE2,2.5961546897888184,-8.58054811691866,0.0014525547246960176,5663
NSMCE4A,2.6502275466918945,-6.4692236601042445,0.003353414080768413,5664
NSMF,2.3456122875213623,-9.922984920737534,0.0006079986293963783,5664
NSRP1,0.6664673089981079,-4.200365737022459,0.004453601033442215,5664
NSUN2,0.7597194314002991,-7.385831054894118,0.00169667011011308,5663
NSUN4,2.48889422416687,-7.44386795686032,0.0032431416487081707,5664
NSUN5,1.0953608751296997,-5.848351252298795,0.004578787084137514,5664
NSUN6,5.109008312225342,-1.739884345661314,0.004868918997375533,5663
NT5C,1.497008204460144,-12.321891592273856,0.0015346218891537243,5664
NT5C2,2.016327381134033,-3.4858232537013034,0.0033901968562572516,5664
NT5C3A,0.6717812418937683,-4.342355716106442,0.0027671031889015558,5664
NT5C3B,3.1052792072296143,-9.786910250766148,0.00152079018982729,5664
NT5DC1,3.0123450756073,-5.209634575501811,0.002252969909666581,5664
NT5DC2,2.229245185852051,-11.212659933669359,0.0023667502476559256,5664
NT5DC3,,,0.004551053229726499,5665
NT5M,,,0.003212888737390252,5665
NTAN1,2.0187935829162598,-6.033726065988849,0.0019630127224192595,5664
NTHL1,1.7914949655532837,-9.70526256477329,0.0021883723558130965,5663
NTMT1,2.40860652923584,-10.074921575052311,0.00331911863402744,5664
NTPCR,6.1175384521484375,-2.1012299067783924,0.004608295538786845,5664
NTRK1,0.29895222187042236,-0.9372742465447773,0.004120011481444376,5665
NUB1,1.69107985496521,-9.610476687449793,0.0069401054826486435,5664
NUBP1,2.017906665802002,-4.928923901633664,0.005379286930040983,5664
NUBP2,1.9473122358322144,-13.728702411827102,0.0014612243224762728,5664
NUBPL,4.963494777679443,-1.3500774343607527,0.006889972316834402,5665
NUCB1,3.103663921356201,-5.357707370386628,0.005676133233716572,5664
NUCB2,2.1388683319091797,-6.023344068486095,0.0027087000444021387,5663
NUCKS1,1.5244660377502441,-19.71543835238934,0.0027638445307823635,5664
NUDC,1.759824275970459,-10.775532876514474,0.022094310489972874,5664
NUDCD1,1.7647409439086914,-6.300048462009455,0.005173262019406495,5663
NUDCD2,2.0540337562561035,-12.753810445432638,0.0023370094896572277,5663
NUDCD3,2.835092544555664,-4.003417194887001,0.019139698037497696,5664
NUDT1,0.02414671517908573,-0.30144646375016043,0.002237967420562423,5663
NUDT12,2.1705729961395264,-3.063304002044436,0.005482305350213072,5665
NUDT14,1.734856367111206,-5.981407859721417,0.0020812482995351137,5665
NUDT15,1.5016316175460815,-6.95690586497791,0.010462103366801851,5663
NUDT16,2.0504822731018066,-4.566531656306654,0.0038089861642495,5664
NUDT16L1,1.0804122686386108,-6.807980742975892,0.0029966388716785963,5664
NUDT19,1.3965734243392944,-4.164928629250009,0.0032304180750048653,5665
NUDT2,1.3888601064682007,-4.782868692110143,0.002473468701211147,5664
NUDT21,1.8523257970809937,-4.8414023970471325,0.06378398093996936,5663
NUDT22,3.8567376136779785,-5.449759371215171,0.003384548700885743,5663
NUDT3,0.9178453683853149,-4.301658506660997,0.010988098630275842,5664
NUDT4,0.20979228615760803,-1.7675061792127367,0.0033430672522058212,5665
NUDT5,2.4529619216918945,-10.27288018842409,0.004024265253958984,5663
NUDT8,2.223254442214966,-4.954584878070454,0.003470214762858793,5665
NUDT9,2.3586716651916504,-5.259225620061744,0.0026150922237880444,5664
NUF2,0.741183340549469,-6.8301324907759176,0.001839877055583751,5664
NUFIP1,2.42006254196167,-4.178936086800031,0.009623714472166998,5663
NUFIP2,1.8811335563659668,-12.521658951436203,0.002298126790846015,5664
NUMA1,0.48712024092674255,-4.934903078245257,0.005931093742080359,5664
NUMB,0.43388423323631287,-2.5941110894223534,0.0022935449528223195,5664
NUMBL,,,0.00416751883267497,5665
NUP107,0.6946162581443787,-6.272763269026449,0.003736108468551129,5664
NUP133,1.233364224433899,-4.705187163957521,0.008808906243138482,5664
NUP153,1.4026637077331543,-9.50394505247197,0.0030558420915636417,5664
NUP155,0.7826679944992065,-1.844680482370757,0.025412457982519284,5664
NUP160,0.7212620377540588,-4.942443693163595,0.0037775533697906576,5664
NUP188,2.1757538318634033,-8.65083256025535,0.0024774061379572703,5664
NUP205,0.30662301182746887,-6.0328167512358855,0.0006321771859916415,5664
NUP210,2.096654176712036,-9.073538022632242,0.0018663004848770283,5664
NUP214,1.8646271228790283,-22.336576429400317,0.0020570488044845165,5664
NUP35,3.306946039199829,-3.3048265020154903,0.003926605501363623,5664
NUP37,3.8807101249694824,-5.47992982122424,0.004021146492262847,5663
NUP42,3.039426565170288,-5.2511107083571895,0.004004841971518195,5664
NUP43,2.0848660469055176,-4.15014845414058,0.007758075546867986,5663
NUP50,0.6967610120773315,-5.54073841295143,0.002887433056892236,5664
NUP54,1.7270379066467285,-8.005435151994721,0.01635340487863522,5664
NUP62,0.6364970207214355,-2.650946812555883,0.03876424273537692,5664
NUP62CL,,,0.0024608379217403555,5665
NUP85,1.0004462003707886,-2.422462959003362,0.012546644535867374,5664
NUP88,1.5930389165878296,-2.23966125979426,0.02817248063242858,5663
NUP93,0.5962391495704651,-3.9265732594735008,0.0034773592236661526,5664
NUP98,0.15546464920043945,-1.6689618434786782,0.0013121025227805694,5663
NUS1,-0.09623750299215317,1.2554112045010133,0.0017622804558086625,5664
NUSAP1,1.7205735445022583,-11.29423442617996,0.0021118556508450603,5664
NUTF2,0.7067746520042419,-4.260048186278362,0.00852084750730867,5663
NVL,1.9162474870681763,-5.713473446518854,0.015399849475994118,5664
NXF1,0.09333987534046173,-0.9505711378992396,0.0006889565822574883,5665
NXT1,2.1640987396240234,-7.442671728270663,0.004911567097337572,5664
NXT2,1.1588654518127441,-3.457785395927922,0.0028374798038518253,5665
OAF,,,0.001670901325108213,5665
OARD1,1.807607650756836,-6.937386151179567,0.002655295192572878,5664
OAT,3.5062544345855713,-6.062512367176524,0.002778983940360989,5664
OAZ1,0.21081793308258057,-4.969958414334864,0.0031582652028364602,5664
OAZ2,2.324848175048828,-6.127982993186858,0.0028507305272243693,5664
OBI1,2.5926096439361572,-6.3226431307342725,0.0032811085554364256,5664
OBSL1,1.089787244796753,-6.646775461972281,0.0016332481057101233,5665
OCEL1,1.9639188051223755,-4.374319024511865,0.0034312803735332834,5664
OCIAD1,2.6274406909942627,-15.957032962746739,0.0019693570400947553,5664
ODC1,2.3556485176086426,-20.07124843983824,0.0024223572435254893,5664
ODF2,3.1812703609466553,-5.5023317420003455,0.0023841763953335584,5664
ODF2L,3.6355268955230713,-5.13534432365473,0.0029172478257175373,5664
ODR4,1.991797685623169,-6.854922839393792,0.0025529775688816385,5663
OFD1,3.0349924564361572,-5.246773956883874,0.0029562418061491037,5664
OGA,1.7883291244506836,-5.873024781045062,0.005212398491118604,5664
OGDH,5.112874984741211,-0.3233342196836966,0.04922436302385848,5664
OGFOD1,1.4902232885360718,-6.74050166485158,0.022386053797523443,5663
OGFOD2,3.3718643188476562,-3.3695265478481677,0.003526762882774465,5665
OGFOD3,2.2968292236328125,-6.463977379836673,0.003158858921950353,5663
OGFR,2.6431803703308105,-5.275270144430735,0.002392114053759514,5664
OGG1,0.8177018165588379,-2.572975631136982,0.0026816328079196355,5665
OGT,2.0762100219726562,-2.920782477027772,0.03264377740199168,5664
OIP5,1.447291612625122,-4.778245940836709,0.002562119994999419,5664
OLA1,1.6483733654022217,-20.081039780333008,0.0016061238429320337,5664
OLFML3,,,0.0011442714252465006,5665
OLIG1,,,0.0043980460839536445,5665
OLIG2,,,0.0031617566809005516,5665
OLIG3,,,0.0021972288461765024,5665
OMA1,2.665341377258301,-3.7636191403611616,0.003194272326980034,5665
ONECUT1,,,0.00550556376293299,5665
ONECUT2,1.6081713438034058,-3.927792346110391,0.0020405284335770187,5665
ONECUT3,,,0.006863732352220915,5665
OPA1,1.663877010345459,-8.803925166132741,0.004139678407692266,5664
OPA3,1.275651216506958,-4.560913330210589,0.0029343733672690464,5664
OPLAH,,,0.001266395169328171,5665
OPN3,,,0.0030677547619885827,5665
OR1D2,,,0.0018636119016541242,5665
OR1E2,,,0.005130343439314421,5665
OR2A1,,,0.0013272810750232199,5665
OR2T5,,,0.0015706023619421734,5665
OR4F4,,,0.0038220338934951766,5665
OR4K1,,,0.007638434170323022,5665
OR4N2,,,0.0015777009493794045,5665
OR51B5,,,0.003295316888880037,5665
OR7A10,,,0.005585789883956878,5665
OR7A17,,,0.0023965266851309606,5665
ORAI1,0.5659401416778564,-3.980879001595932,0.0022611825694025555,5664
ORAI2,2.7741732597351074,-4.7984720078073915,0.0021024885289273065,5665
ORAI3,2.338819980621338,-4.042474798205354,0.0035447951540807142,5665
ORC1,1.5423489809036255,-9.403920734903844,0.002695969325792517,5663
ORC2,1.956099033355713,-4.350228288954272,0.006745229829754689,5664
ORC3,1.5540236234664917,-8.698801037562685,0.001979119865926025,5663
ORC4,1.91475510597229,-5.377742146683409,0.006165759764131031,5663
ORC5,5.08732271194458,-1.7324991247288932,0.010082723714903416,5664
ORC6,1.026613473892212,-8.60870559961824,0.006332647164156634,5663
ORMDL1,1.729516625404358,-11.85885471515724,0.001915979869836212,5663
ORMDL2,2.508922576904297,-5.597408152256627,0.002016864618680415,5663
ORMDL3,4.537292957305908,-2.268384448941824,0.001960731418748642,5664
OS9,2.9355814456939697,-8.770165944587792,0.0020311777288261044,5664
OSBP,1.9624789953231812,-8.247032236567689,0.0026501318625809225,5664
OSBP2,,,0.001651148796920934,5665
OSBPL11,2.524463415145874,-3.562044215520427,0.005480433440906289,5664
OSBPL2,2.1913554668426514,-5.3542814080399905,0.0018663109146311134,5664
OSBPL3,1.6798441410064697,-3.7441912648271494,0.0027115781889139635,5664
OSBPL5,,,0.0017101335774452257,5665
OSBPL6,1.5257458686828613,-4.285928505148753,0.0035668561699155614,5665
OSBPL8,1.786693811416626,-13.445966226683915,0.0023263618189734033,5664
OSBPL9,0.10947977006435394,-0.9010342489415973,0.005331379024385548,5664
OSER1,1.3570176362991333,-4.8624640245765365,0.001993364537760343,5664
OSGEP,1.7486929893493652,-6.904383599459053,0.005189628977437971,5663
OSGIN2,3.145354747772217,-4.444104810554357,0.0025927798840238553,5664
OSR1,,,0.00819847501799389,5665
OSR2,,,0.0042253430223749945,5665
OST4,1.918394684791565,-13.726696675878125,0.0036532429892505163,5664
OSTC,1.826420545578003,-27.696087605036176,0.0010713282750981453,5664
OSTF1,2.1851038932800293,-4.866403731019793,0.0039646291228480285,5664
OSTM1,1.1878756284713745,-3.1253179147240506,0.004023578628998523,5664
OTOP1,,,0.0016913899863787493,5665
OTP,,,0.003483242566026125,5665
OTUB1,1.7893685102462769,-9.986779766877396,0.00209366027649528,5664
OTUD4,1.5046017169952393,-5.967137168476824,0.0028405171505717854,5664
OTUD5,0.8050156831741333,-3.7200060898718834,0.0040914056251642895,5664
OTUD6B,4.110023021697998,-4.108286872272228,0.002208464277262031,5664
OTUD7B,2.4222934246063232,-4.189395071010059,0.004254853108626648,5664
OTX1,,,0.0018187406266216147,5665
OTX2,,,0.004704331375136044,5665
OVCA2,,,0.0019217090350170751,5665
OVOL1,,,0.0023449241838534654,5665
OVOL2,,,0.0028032726047476295,5665
OVOL3,,,0.003147896206644449,5663
OXA1L,1.849239468574524,-10.16631502459856,0.013522076800783028,5664
OXCT1,2.6794626712799072,-8.856217235964687,0.0029031261768285243,5664
OXLD1,2.44477915763855,-10.289151335916747,0.002165768806845689,5663
OXNAD1,0.7202956080436707,-5.600615093923827,0.001558318740654096,5663
OXR1,1.0383323431015015,-5.429252699323592,0.0024262651741188855,5664
OXSM,5.085987091064453,-1.41115909900365,0.005659124321210498,5665
OXSR1,1.8927713632583618,-5.308532879814234,0.0065316018017153015,5664
P2RX1,,,0.0034194188638213777,5665
P2RX4,,,0.0022158937689764676,5665
P2RX5,2.9336507320404053,-2.93179664835697,0.002926450048834113,5665
P2RY1,,,0.016148283242890003,5665
P4HA1,3.2658846378326416,-5.6452307919289275,0.003501011507091197,5664
P4HA2,,,0.002580655984891547,5665
P4HB,1.1699801683425903,-12.462357085172412,0.0022025236476052273,5664
PA2G4,2.0726306438446045,-29.448652031604418,0.003395705529027995,5664
PAAF1,2.074181079864502,-4.130445656050834,0.004719375765254481,5663
PABPC1L,,,0.0019705263259087373,5665
PABPC4,1.3686467409133911,-10.74308757161799,0.0077558713533599066,5664
PACC1,0.13899770379066467,-0.7857635946141035,0.0019958644496708817,5664
PACRGL,,,0.007118724173782255,5665
PACS1,2.128777027130127,-5.203660152964356,0.0014618307570336583,5664
PACS2,,,0.0046964238281613615,5665
PACSIN2,0.8103653192520142,-5.139989336799394,0.002391879183001102,5664
PACSIN3,1.1631642580032349,-4.319134644050811,0.002108062470014185,5665
PAF1,0.29268836975097656,-1.114312741015286,0.008427955445773466,5663
PAFAH1B1,0.6573552489280701,-4.70620182114447,0.004199155737997178,5664
PAFAH1B2,2.0744752883911133,-11.059658948047781,0.001667948774489844,5664
PAFAH1B3,1.609251618385315,-9.90237988022889,0.004033869017195143,5664
PAGE1,,,0.0014499845906695125,5665
PAGE2B,,,0.002102949164910719,5665
PAGE5,,,0.004387621288736183,5665
PAGR1,1.8277817964553833,-9.386362785912661,0.001796375335674682,5664
PAICS,1.8199862241744995,-15.542166726061396,0.005931232280833151,5663
PAIP1,1.055377721786499,-10.335868441439352,0.001974123365338778,5664
PAIP2,1.6654874086380005,-14.434008837925647,0.0014399944978413723,5664
PAK1,0.838413417339325,-3.3139004129581964,0.00605307823651348,5664
PAK1IP1,1.5069388151168823,-3.9247645155696746,0.01651481562214723,5664
PAK2,0.6031947731971741,-4.1693969472961045,0.010976591976785428,5664
PAK4,0.6282183527946472,-2.14998865314053,0.004438962422592689,5665
PALB2,1.5409531593322754,-4.849564826240008,0.0021315753566737276,5663
PALM,2.00253963470459,-3.994761170116316,0.002809524946300131,5665
PALM3,,,0.0028235811653192105,5665
PAM,0.18881550431251526,-1.1339966931941998,0.0015331241247880214,5664
PAM16,1.6523398160934448,-7.400430731569608,0.025736917777939877,5664
PAN2,,,0.003485751626328605,5665
PAN3,1.1749454736709595,-4.666736584529749,0.0024807323281724075,5664
PANK2,1.3594294786453247,-8.059417395311232,0.0016048671597435917,5664
PANK3,1.4916775226593018,-5.5293686027958815,0.00320194115319528,5664
PANK4,,,0.0014103157487473164,5665
PANX1,,,0.002658522168287174,5665
PAPOLA,0.4654686748981476,-2.603860025579236,0.016199571595838784,5664
PAPOLG,1.3908593654632568,-5.180728680077724,0.0014073879416114845,5664
PAPSS1,2.941784143447876,-8.782307533049796,0.0030820907107122282,5664
PAQR3,2.436828851699829,-4.210995109530852,0.0032964331588238686,5664
PAQR4,2.5226893424987793,-2.5199349780304954,0.005615308574212241,5665
PAQR8,,,0.0025669277418649667,5665
PARD3,0.8517788052558899,-4.20463069149964,0.0023067041083226526,5665
PARD6B,1.482930302619934,-3.620958367504954,0.0032275645304023475,5665
PARG,0.34725457429885864,-1.9653415037516624,0.00422889161238272,5664
PARK7,2.4304463863372803,-4.0601270568171115,0.04316354972584448,5664
PARL,2.114708423614502,-7.5613120554490365,0.003579357086027455,5664
PARN,2.1961288452148438,-7.576432878061038,0.002074975295018849,5663
PARP1,2.0877208709716797,-25.660108259775843,0.0024247022769029445,5664
PARP12,2.6849637031555176,-2.6824109927469375,0.0065269942307504825,5665
PARP14,2.8203680515289307,-4.877258085579845,0.0022811248832093436,5665
PARP2,3.136493444442749,-8.85597950296301,0.0009060587685197118,5664
PARP4,2.6210532188415527,-4.5307871451028285,0.002870988055433814,5664
PARP6,,,0.0025432353443324233,5665
PARPBP,1.712306261062622,-5.878877579847671,0.0036177206057168877,5663
PARS2,4.625816345214844,-1.5410038611510573,0.00536987611929145,5665
PARVB,3.0887105464935303,-6.8860742605554375,0.0030076467705779653,5664
PASD1,,,0.004379405192948545,5665
PASK,,,0.0065317866326379,5664
PATL1,3.2747268676757812,-3.2717050110786157,0.006080108256521526,5664
PATZ1,0.8854255676269531,-4.653375731173219,0.0009467334906646924,5664
PAX1,,,0.008513393013028241,5665
PAX2,,,0.003162330275946825,5665
PAX3,,,0.0015696507817518225,5665
PAX4,,,0.0014514322860532645,5665
PAX5,,,0.0020886027916191268,5665
PAX6,1.694107174873352,-6.078360598101197,0.0018075328315568708,5665
PAX7,,,0.005314848799811617,5665
PAX8,,,0.004405103193611113,5665
PAX9,,,0.004518103373807844,5665
PAXBP1,1.0511279106140137,-6.709871491787827,0.008981320430462278,5664
PAXIP1,1.372637391090393,-4.306144769198348,0.004776184452192062,5664
PAXX,2.2350845336914062,-12.523753001646522,0.0014425025288194785,5664
PBDC1,1.886246681213379,-6.487836780081259,0.002717243293517649,5664
PBK,2.0891387462615967,-5.500105216196923,0.0035564566952125086,5664
PBRM1,1.4075504541397095,-7.438988810934267,0.004929122930850815,5663
PBX1,,,0.0018023173182922967,5665
PBX2,2.8518176078796387,-2.843886965776633,0.018524401140159574,5664
PBX3,,,0.002956544337753604,5665
PBX4,,,0.003431459258930723,5665
PBXIP1,,,0.0038652896298416494,5665
PC,,,0.001062094997429224,5665
PCBD1,3.24631667137146,-7.238855840334669,0.002823398806613013,5664
PCBD2,2.4233908653259277,-4.188450302051764,0.003299930619727003,5665
PCBP1,1.377288818359375,-12.711393824029546,0.008015207538305497,5664
PCBP2,0.47812095284461975,-13.345276062800606,0.0016721772704405451,5664
PCBP4,,,0.00329301458738744,5665
PCCA,2.076873302459717,-5.4801778895352005,0.0018364922166822894,5664
PCCB,1.1086149215698242,-12.136640922880714,0.0009935784477401763,5664
PCED1A,4.682929039001465,-0.512937542025271,0.03481696796017864,5665
PCF11,0.22454318404197693,-2.560682271379671,0.002566247851324649,5664
PCGF1,,,0.002936189699799847,5665
PCGF2,1.1965147256851196,-5.800778592857544,0.0021233984873903597,5664
PCGF3,1.5451380014419556,-4.069296567971654,0.004302459065853777,5664
PCGF5,1.03939688205719,-7.233120686222458,0.001444813397295509,5665
PCGF6,2.7866294384002686,-4.818143190269619,0.0023917160638700103,5664
PCID2,0.5386214256286621,-7.35645411241231,0.0014002100871274726,5663
PCIF1,0.9673357605934143,-3.0373151507166396,0.0037074108556487883,5664
PCK2,2.4719254970550537,-9.193480152852144,0.002971766884151725,5664
PCLAF,3.2778048515319824,-11.704717905188968,0.0037230835846536543,5663
PCM1,1.6434530019760132,-14.169374170342346,0.005025414037323662,5664
PCMT1,0.5561556816101074,-8.1265276985917,0.0028838265331138937,5663
PCMTD1,1.3137812614440918,-4.520367460462972,0.0028070441352298545,5664
PCMTD2,3.584540367126465,-3.5824712427650454,0.002687070244227641,5664
PCNA,0.7250964045524597,-5.369199648191187,0.010152253470633846,5663
PCNT,1.4602899551391602,-7.31157393300758,0.0032722232330042915,5663
PCNX3,1.5958428382873535,-3.8962459243113576,0.007305098660356682,5664
PCNX4,2.7192108631134033,-7.17283457680496,0.0018577334728555853,5664
PCOLCE,,,0.002018134329620893,5665
PCOLCE2,1.8331823348999023,-3.6574614806848067,0.0027935022031731743,5665
PCSK6,2.535552978515625,-4.386279472258841,0.0016474809294868694,5665
PCSK7,0.6323398947715759,-4.782131550163594,0.00164401534899363,5663
PCSK9,,,0.0026457282101737425,5665
PCTP,,,0.0019504453273484496,5665
PCYOX1,2.7995266914367676,-3.9492486396576396,0.006243992749505174,5664
PCYT1A,1.692972183227539,-4.4484500121104125,0.006268193529604211,5664
PCYT2,1.6406888961791992,-5.156402607219026,0.0036792135441097735,5665
PDCD10,2.0252203941345215,-14.766265135639493,0.0020261287823721717,5664
PDCD11,2.902092218399048,-2.89096446613704,0.07378792568489628,5664
PDCD2,1.9777910709381104,-9.698585277084248,0.006879090564995475,5664
PDCD2L,2.485161304473877,-3.507420676678225,0.005556935918071311,5664
PDCD4,1.1763067245483398,-6.340906483996845,0.0024328243382815474,5664
PDCD5,2.4738807678222656,-27.923024175664487,0.0013166124104541958,5664
PDCD6,2.3721044063568115,-23.713324646797272,0.0009964936923387915,5664
PDCD6IP,2.31840443611145,-20.82378019119111,0.0007821518779367242,5664
PDCD7,0.9999176859855652,-6.04107963754246,0.005192971851177049,5664
PDCL,2.7215964794158936,-3.83973115968835,0.007862882229415008,5664
PDCL3,2.162436008453369,-6.458139183831571,0.0023661125257934414,5664
PDE12,2.195267677307129,-5.3537588515573775,0.004230386767107892,5665
PDE3B,,,0.0024386801087973586,5664
PDE4A,0.5120021104812622,-3.3062593115162437,0.0015441477058944551,5664
PDE4DIP,-0.04538017511367798,0.9527597551785616,0.001479165445759734,5665
PDE6D,,,0.0015989079116438937,5664
PDE7A,1.9132977724075317,-5.393173042577421,0.001846568599188178,5664
PDE8A,0.20069894194602966,-1.3998302370352032,0.0016132523151747805,5665
PDF,,,0.0025135389098403065,5665
PDGFA,,,0.0061185457678739116,5665
PDHA1,1.7244977951049805,-11.64622645401863,0.0021816333592438717,5664
PDHB,2.8756864070892334,-7.57439229316844,0.004637954336880925,5664
PDHX,2.4260129928588867,-8.714254807380936,0.0013929259141228173,5663
PDIA3,2.1966898441314697,-12.630853816283503,0.003670718453480956,5664
PDIA4,2.2599923610687256,-8.06556621021953,0.004071387488656623,5664
PDIA5,,,0.001673579991362863,5665
PDIA6,1.92729651927948,-11.537435632021804,0.014513345171757444,5664
PDIK1L,0.9390029311180115,-1.8685293539957528,0.006863176474321125,5665
PDK1,1.4631232023239136,-2.0629702104256786,0.006160204731631523,5665
PDK2,,,0.003483467206188075,5665
PDLIM1,1.7838143110275269,-10.952438905785867,0.0037086706605533467,5664
PDLIM2,1.9780489206314087,-7.097711134592284,0.0016002596511452186,5664
PDLIM4,,,0.006905578659636846,5665
PDLIM5,2.2363102436065674,-3.8626735724325036,0.005440328194341267,5665
PDLIM7,0.41428348422050476,-3.352675770385055,0.0019285346106684708,5665
PDP2,,,0.002313286917323684,5665
PDPK1,1.6956090927124023,-4.463148190668284,0.005091863891685274,5664
PDPR,1.0536390542984009,-4.419055747201972,0.003072559807935008,5664
PDRG1,1.4013125896453857,-6.206507307754219,0.005918212869474349,5664
PDS5A,0.6923826336860657,-5.192299642266124,0.003198708258324469,5664
PDS5B,1.9703738689422607,-7.813406960697892,0.0032563239772763356,5664
PDSS1,1.32117760181427,-4.533899134535661,0.0035229871690823024,5664
PDSS2,2.3311140537261963,-4.031059779541778,0.0031285204307545827,5664
PDX1,,,0.0018578092715321357,5665
PDXDC1,0.4019266366958618,-1.3648732086850028,0.007617978417254796,5664
PDXK,0.6134803295135498,-7.630221073641699,0.0045788166196385136,5664
PDXP,1.1728565692901611,-5.879900111488583,0.0029771934066859886,5664
PDZD11,1.8752285242080688,-4.57270673287603,0.003530264064977341,5663
PDZD8,2.7329204082489014,-3.858403347201465,0.004649947996498981,5664
PEA15,2.087134838104248,-3.6086388907553464,0.0030921632230505123,5664
PEAK1,1.071303129196167,-4.51109311123079,0.0027163780410418073,5663
PEBP1,1.8582909107208252,-21.903560801153034,0.002987231429408851,5664
PECR,,,0.0015334776238088794,5665
PEF1,1.9888546466827393,-6.2358971867165405,0.0042240265334819,5664
PEG3,,,0.00672862492445467,5665
PELI1,,,0.0017332094072509778,5665
PELO,0.22087854146957397,-1.9955473828657035,0.001716681181556262,5664
PELP1,1.657410979270935,-3.6748027733805,0.02314334045348561,5664
PEMT,1.3115581274032593,-4.515331020498578,0.002640363184384007,5664
PEPD,3.0295517444610596,-6.0478471472846795,0.0022191909550244794,5664
PER3,0.08971612900495529,-0.5599485339121602,0.0012546290376274233,5665
PES1,1.5113868713378906,-4.45429757614787,0.03245495023416602,5664
PET100,1.702981948852539,-6.247648436693659,0.010288717092899507,5664
PET117,3.6139087677001953,-3.6117981631045892,0.0041942199214427996,5665
PEX1,1.9257144927978516,-3.325062699743026,0.007730315307048915,5664
PEX10,,,0.0024838558363327965,5665
PEX11B,1.6971832513809204,-2.3947503229345832,0.005097702987098492,5665
PEX13,2.407257080078125,-3.397250576287474,0.006976922013653729,5664
PEX14,0.9922723174095154,-2.9555169635072573,0.004426662057894039,5663
PEX16,1.9376370906829834,-4.31752631951175,0.003788709862334798,5665
PEX19,2.191561460494995,-7.875137425038697,0.002021817509530844,5664
PEX2,3.1079883575439453,-4.38843783290919,0.004781035350577325,5664
PEX26,1.993627667427063,-4.848442617764459,0.005424317242544371,5664
PEX3,1.811501383781433,-3.612525566279648,0.004025880499546729,5663
PEX5,,,0.002586406661681331,5665
PEX6,1.830947756767273,-3.6545073045042646,0.00261191973867134,5665
PEX7,1.1860568523406982,-1.6710914501345608,0.009353702340278856,5665
PFAS,0.5716754794120789,-1.6943763097748679,0.009126536353878632,5664
PFDN1,2.656735897064209,-6.4764720844138015,0.004106678522717547,5664
PFDN2,1.4504060745239258,-9.664956860985033,0.026625477913863507,5663
PFDN4,2.858898639678955,-6.366918607884837,0.004060685859920199,5664
PFDN5,2.1395459175109863,-25.488973254972997,0.0024746635295251514,5664
PFDN6,1.3539111614227295,-11.110777679745695,0.0026683537483163247,5663
PFKFB2,,,0.008043145606528912,5665
PFKFB4,,,0.0012236996967245823,5665
PFKM,1.9591490030288696,-6.175780444860475,0.0013430438222381401,5663
PFKP,1.9217475652694702,-5.058834558845739,0.003293573771463966,5664
PFN1,1.8798011541366577,-34.18869536802228,0.005323326315153866,5664
PGAM1,2.2923316955566406,-15.307660787092493,0.006026822509677578,5663
PGAM5,1.0561721324920654,-5.304597299418323,0.00570917322747154,5664
PGAP2,0.7799542546272278,-3.7843683042484435,0.0016645536297398658,5663
PGBD1,1.083070993423462,-3.5687655855573817,0.0023874446247193083,5665
PGBD2,1.542741298675537,-3.074006843767236,0.00436335524985178,5665
PGD,1.9918339252471924,-11.429302170640097,0.008466198644420584,5664
PGGT1B,5.571640968322754,-1.5855553338426924,0.0054584381177872785,5664
PGK1,2.9319052696228027,-13.466405684124751,0.008344201672721466,5664
PGLS,1.9845551252365112,-12.33644634733248,0.0021853144644713666,5664
PGM2,1.8076890707015991,-3.1064456823023185,0.01746955917755778,5664
PGM2L1,4.658802509307861,-1.9375361730663268,0.002832599837027988,5665
PGM3,1.415255069732666,-5.769218293377037,0.003920107807255462,5664
PGP,1.619491457939148,-13.601204310096584,0.0021081389837588156,5664
PGPEP1,1.3781086206436157,-4.301775116552637,0.007523391047504877,5665
PGR,,,0.003426446381169216,5665
PGRMC1,2.4959678649902344,-7.855798345654706,0.00264869454576137,5664
PGRMC2,3.297889471054077,-6.581531758879484,0.0027792376861826957,5664
PGS1,1.902457356452942,-4.64684573513714,0.005763789988369621,5664
PHACTR1,0.6239562630653381,-3.7535781491585127,0.0011026011912164976,5665
PHACTR2,1.6616079807281494,-7.858267272615542,0.004236349756125209,5664
PHACTR4,1.7825367450714111,-6.842231290997957,0.0032218827965675755,5664
PHAX,0.34420713782310486,-4.134097799041041,0.0015629256746214986,5664
PHB,0.5779395699501038,-7.530885863148086,0.018504528771265783,5665
PHB2,0.39399242401123047,-6.744860418939288,0.007611686182073674,5663
PHC2,2.0859498977661133,-5.875525220577113,0.002329989027208125,5664
PHC3,2.501307725906372,-4.993788255185141,0.0017079160041360922,5664
PHF1,1.3009809255599976,-3.886260816738661,0.003363503438368246,5665
PHF10,0.10281970351934433,-0.8210109548426415,0.009288090261383192,5664
PHF12,1.2776943445205688,-4.9230676306035495,0.003249906770105646,5664
PHF13,0.8230205774307251,-3.733412392593034,0.002414256458820372,5664
PHF14,2.4366958141326904,-9.650268014005302,0.0037084473863435506,5664
PHF19,1.0913505554199219,-4.0222652424942895,0.023139724742116508,5664
PHF2,,,0.0018833692219955979,5665
PHF20,3.096649408340454,-8.163468755926797,0.003747331384999573,5664
PHF20L1,1.2383590936660767,-3.848633370668909,0.008833785539921474,5664
PHF21A,1.347409725189209,-2.3221545066211724,0.010093397493944282,5664
PHF23,2.090111017227173,-8.046935618078653,0.004080767425584677,5663
PHF3,0.3973071575164795,-2.4997320526864297,0.012230953067749588,5664
PHF5A,1.0114821195602417,-4.112245394357609,0.011490409112759436,5664
PHF6,2.1401827335357666,-4.752414321842739,0.007106437287721235,5664
PHF8,3.229518175125122,-3.2276293715733226,0.0036486616736507555,5664
PHGDH,3.169769048690796,-7.063031699830416,0.003565211775319911,5664
PHIP,0.6342341899871826,-7.274246413613452,0.0020578196758152503,5664
PHKA2,,,0.0016890914340184154,5665
PHKB,3.405888080596924,-9.607720972267469,0.0018285640151577858,5663
PHKG1,,,0.005476187958481868,5665
PHKG2,1.4942384958267212,-5.750567506165952,0.001955189350628998,5664
PHLDA2,2.2783498764038086,-3.9353591768276455,0.0037141161673262387,5665
PHLDB1,,,0.0019877720786838746,5665
PHLDB3,,,0.012816630887132198,5665
PHOSPHO2,4.630540370941162,-1.7991734613888895,0.0029677527840972695,5664
PHOX2A,,,0.002222919325079388,5665
PHOX2B,,,0.017178181095400327,5665
PHPT1,1.8505665063858032,-16.102308421142368,0.0025575934297955975,5664
PHRF1,0.45250043272972107,-2.4037583651638728,0.002046162151566059,5664
PHTF1,1.762998104095459,-2.4849357355504544,0.010096014930284418,5664
PHTF2,2.1534149646759033,-6.0683058186407,0.0021391900684041712,5663
PHYH,2.1554062366485596,-2.1511893085253964,0.009796507625790667,5664
PHYHD1,3.43314790725708,-3.431374259139582,0.0023572512977596384,5665
PHYKPL,1.629243016242981,-5.128347130045062,0.002167905395746757,5664
PI4K2A,,,0.0027238473062926333,5665
PI4K2B,1.8397228717803955,-3.668193147865056,0.0033228633340804245,5664
PI4KA,1.2421059608459473,-9.110966104529343,0.0022190881363323856,5663
PI4KB,1.9704989194869995,-2.777733189957725,0.00792666403283103,5664
PIAS1,1.3481926918029785,-8.81657720388899,0.0030728229005545214,5664
PIAS2,0.8922199010848999,-5.059338872458421,0.001803515481031123,5664
PIAS3,,,0.0022363628542381893,5665
PIAS4,0.31180766224861145,-1.405461719929768,0.007229521426941813,5664
PIBF1,1.9895522594451904,-3.4306927390895687,0.01385861306017497,5663
PICALM,1.2172472476959229,-7.88103211241516,0.0047425075620754105,5664
PICK1,4.601898670196533,-1.2601503515922896,0.007067892541383784,5665
PIEZO1,0.9585155844688416,-4.790944076387104,0.004516749722418774,5664
PIF1,1.5513101816177368,-11.586911745883349,0.0009995841789311197,5664
PIGA,,,0.004808538560617034,5665
PIGB,,,0.003661448283866968,5665
PIGC,2.35138201713562,-2.346528735927541,0.01127792626326963,5664
PIGF,3.089948892593384,-5.341135428407759,0.0031659286246051768,5663
PIGG,1.5345052480697632,-4.580870121919701,0.003138802471474645,5664
PIGH,2.0522758960723877,-6.462776528532226,0.0023757725222288335,5665
PIGK,3.7420685291290283,-3.7396736708927114,0.0034134710432810623,5664
PIGL,2.7947702407836914,-3.948206656360631,0.002255414886534246,5663
PIGM,4.893182277679443,-2.3362056257682866,0.0022660429927865676,5664
PIGN,2.1604437828063965,-3.7367584637099323,0.0017957186848075964,5665
PIGO,,,0.00303704342498252,5665
PIGP,2.0522985458374023,-9.753714561301257,0.0021249216963009497,5663
PIGQ,1.0368945598602295,-2.913971185591791,0.0038687561087162843,5665
PIGS,0.49479666352272034,-3.5881995830565163,0.0035722298099853805,5664
PIGT,2.0034217834472656,-9.942073804247112,0.0014619780044847419,5664
PIGU,2.0746307373046875,-2.9293583896869566,0.004253241685476892,5664
PIGV,,,0.002134390274643395,5665
PIGW,2.8708255290985107,-4.053983692811907,0.004161301775720177,5665
PIGX,2.1282191276550293,-5.185072582551725,0.00436967803607466,5664
PIH1D1,2.20383358001709,-11.300121354800314,0.0031867245411917964,5663
PIK3C2A,-0.8935514092445374,2.672090413244073,0.023142126046459432,5663
PIK3C3,2.5081348419189453,-7.495508744310727,0.0022313646573099578,5664
PIK3CA,2.081474781036377,-5.075277756058342,0.004044626982459823,5664
PIK3CB,1.3978524208068848,-5.846320543133776,0.004131418718371225,5664
PIK3CD,,,0.005919520620197493,5665
PIK3CG,3.057635545730591,-4.318877862870487,0.002627925094909765,5665
PIK3R1,2.5946359634399414,-5.179780672940758,0.0025077428085991593,5664
PIK3R2,0.03991255536675453,-0.38138591526112503,0.0014492715377401853,5664
PIK3R4,1.820847749710083,-3.6309113316740205,0.0034181967660057372,5664
PIKFYVE,1.4032925367355347,-5.029577579727997,0.0036496620675042462,5663
PILRB,1.5003372430801392,-2.984871965781175,0.005985485531674955,5664
PIM1,0.8370691537857056,-8.090152697513982,0.0031448767264228195,5665
PIM2,2.2733306884765625,-6.790689707910764,0.0023526615454323185,5665
PIM3,0.924686074256897,-4.142757098473296,0.005461116402837041,5664
PIN1,2.0133566856384277,-5.575125006364718,0.012917038558603211,5664
PIN4,1.7035212516784668,-5.322685607104303,0.006745480491112809,5664
PINK1,,,0.0004729619705829181,5665
PINX1,2.297775983810425,-6.058116315290651,0.0035263255600110547,5664
PIP4K2A,0.9573743939399719,-6.471239944385153,0.0028105623038819816,5664
PIP4K2B,1.0255870819091797,-3.8134630691952056,0.0020554901195638632,5664
PIP4K2C,1.3323602676391602,-3.2507499435928984,0.006758657460434909,5664
PIP4P1,2.074352502822876,-3.5825417248584124,0.005077239670685846,5663
PIP4P2,3.0874428749084473,-4.3632822075192195,0.002160943165160748,5664
PIP5K1A,1.8735359907150269,-2.639855567119264,0.009420293697963513,5663
PIP5K1C,1.3789631128311157,-5.134681406180418,0.0018116238417933738,5664
PIR,,,0.001413988460369747,5665
PISD,0.18202835321426392,-0.9261361219756301,0.0035042972124747513,5664
PITHD1,0.5927100777626038,-3.056537893989518,0.010520571074985129,5664
PITPNA,1.3470827341079712,-5.340682740570658,0.0026000726310527037,5664
PITPNB,1.979657530784607,-9.724467854612318,0.0029098069108780505,5664
PITPNC1,0.4427971839904785,-1.3068450876001245,0.013256400515381787,5664
PITPNM1,4.579494476318359,-2.2197394851877474,0.0022927541110890535,5664
PITRM1,2.963715076446533,-2.9613142135183645,0.005847179271614283,5665
PITX1,0.6192865967750549,-9.24795585151065,0.0021282307572491397,5665
PITX2,,,0.0011038009424606677,5665
PITX3,,,0.002720211784885471,5664
PIWIL4,,,0.003644953141044954,5665
PJA2,1.5006699562072754,-6.446393637655835,0.0035957577856447183,5664
PKIB,0.09264200925827026,-0.9214695164423045,0.001650815961874502,5664
PKIG,1.1184029579162598,-5.967136160312685,0.0018634494200170236,5665
PKLR,,,0.00233524440487253,5664
PKM,0.2311456948518753,-6.274781502087694,0.0013514539510054368,5664
PKMYT1,2.303757429122925,-5.6197445348338455,0.004103515858176848,5664
PKN1,1.256618857383728,-14.307660045768081,0.0009726807620773323,5664
PKN2,2.9035346508026123,-4.097278127451812,0.005358996720341858,5664
PKN3,1.742283821105957,-4.592255715051035,0.003868670012651056,5664
PKNOX1,0.9168127775192261,-4.711353604385217,0.0023187847594540677,5664
PKNOX2,,,0.004464821972552313,5665
PKP3,1.4325413703918457,-5.144402312985016,0.0016288318742635687,5665
PKP4,1.8657327890396118,-6.151471964462654,0.0026369244257983663,5664
PLA2G10,,,0.0015541609818487997,5665
PLA2G12A,1.4195151329040527,-4.15828086413906,0.01308456031231862,5664
PLA2G15,,,0.0035806516717016208,5665
PLA2G6,,,0.0033973045654422124,5665
PLAA,2.7148079872131348,-4.696201222579625,0.0019855859412429696,5664
PLAG1,,,0.0021216582731286722,5664
PLAGL1,0.5540198683738708,-4.209817596979591,0.0015119733985152596,5665
PLAGL2,1.995639443397522,-6.2865768197309135,0.001901304500419467,5663
PLAUR,0.6459255814552307,-1.5714905441201283,0.005413857566354589,5665
PLBD1,5.193079948425293,-0.9988077417546629,0.014364658569248382,5665
PLBD2,,,0.0021113460269692194,5665
PLCB1,0.13086874783039093,-0.8001316477561574,0.002406162959080371,5665
PLCB3,,,0.004963042867289418,5664
PLCB4,0.8591456413269043,-4.071782103400828,0.002473845074878143,5665
PLCD1,,,0.003382053963520172,5665
PLCD3,,,0.0022022691304809093,5665
PLCG1,,,0.0022733666352503182,5665
PLCL2,0.145379438996315,-0.4031205677392612,0.013273642200151441,5664
PLCXD1,0.5401874780654907,-4.331385179670428,0.0025487033721749955,5665
PLD1,,,0.0016281868629275144,5665
PLD3,0.8690139055252075,-10.713109431318372,0.0012681261551268559,5664
PLD6,4.857387065887451,-1.8810570185793243,0.003510896903454469,5665
PLEC,0.18081927299499512,-1.420706249733645,0.0011442061672200458,5664
PLEKHA1,4.5717267990112305,-1.3865270827141936,0.0050335792590939996,5665
PLEKHA2,,,0.002316412978148038,5665
PLEKHA3,1.1603528261184692,-5.140095225478146,0.0021337012241108245,5664
PLEKHA4,,,0.0025388408250150056,5665
PLEKHA5,1.2674921751022339,-6.242137515542974,0.006194653426155317,5665
PLEKHA8,2.075439691543579,-6.536259712146352,0.0029529586913237473,5664
PLEKHB2,1.9873162508010864,-6.5356511215374535,0.003934679471711037,5664
PLEKHF1,,,0.0032708944531388826,5665
PLEKHF2,0.4460487365722656,-1.707989482456858,0.0037503387268155762,5665
PLEKHG2,,,0.00408423162187622,5665
PLEKHG4,,,0.0020776237111772566,5665
PLEKHH3,2.1787655353546143,-5.752283217837457,0.0014587967361469935,5665
PLEKHJ1,0.7006085515022278,-2.625516103824191,0.025950692835554456,5663
PLEKHM2,1.0123158693313599,-5.104099703973588,0.001748723109809839,5664
PLEKHN1,,,0.0019267621641950892,5665
PLEKHO1,2.1877658367156982,-4.368333402559331,0.0018939260598762977,5665
PLIN2,1.0192519426345825,-6.494784865741912,0.0018352505144386896,5665
PLIN3,2.004678249359131,-8.415502045705246,0.002695189399128885,5664
PLK1,0.3588719069957733,-1.6848016163919222,0.017033373841997167,5664
PLK3,,,0.003739493087660434,5665
PLK4,1.4018628597259521,-1.9732511436066968,0.01530361716818072,5664
PLOD1,2.5410313606262207,-3.589209227704397,0.0032768366196620686,5664
PLOD2,2.351757526397705,-7.020824864460217,0.0023376248770780525,5665
PLOD3,3.010141372680664,-6.012775921556179,0.0020656912518820293,5663
PLP2,2.8774874210357666,-8.10181018617075,0.002718366183390201,5665
PLPBP,3.39589786529541,-4.7973572384516014,0.0025830761777685773,5664
PLRG1,0.7658362984657288,-2.7864551390429857,0.00797506415820963,5664
PLS1,0.7442861199378967,-3.0476344468715895,0.0016502037933837175,5665
PLSCR1,3.5114338397979736,-4.960357611366235,0.002692430190670153,5664
PLSCR3,,,0.0032045795142401643,5665
PLTP,1.663049578666687,-3.7089950768449533,0.00231380838980669,5665
PLXNA1,-0.07604248076677322,0.4827289782712935,0.0023953305284644595,5665
PLXNB1,,,0.006279807939086204,5665
PLXNB2,,,0.0019098753864666214,5665
PLXND1,,,0.0012137745928853805,5665
PMAIP1,2.002859115600586,-5.287414994352626,0.001420082144119872,5664
PMF1,1.8799140453338623,-6.676155470267194,0.014508253202149298,5664
PML,2.678124189376831,-3.7824937630458306,0.003153178074032638,5664
PMM1,2.317096710205078,-4.0072565647552745,0.002184881868285312,5665
PMM2,1.4202982187271118,-5.638810084505303,0.0022878307381274518,5664
PMP22,2.688840389251709,-3.7990940705633234,0.0019268611025286275,5665
PMPCA,1.5007420778274536,-9.502767568846712,0.00817856970849588,5663
PMPCB,0.6597476601600647,-7.7209299243408465,0.00683180557213822,5664
PMS1,2.1938118934631348,-4.369500114086921,0.005437236841201905,5663
PMS2,0.7737804055213928,-3.326207279290211,0.003502008612888758,5664
PMVK,5.579075336456299,-2.513418453208773,0.002894853491893115,5664
PNISR,0.429564505815506,-8.661882751614511,0.0035829380269275708,5664
PNKD,0.22501704096794128,-2.3937297076571067,0.0027601524368859867,5663
PNMA1,2.131803274154663,-4.25487626430259,0.0026141865426755223,5664
PNMA8A,1.629570484161377,-3.2493332483948043,0.0035375604291491593,5665
PNMT,2.1530609130859375,-6.775242501018471,0.0023168808350768825,5665
PNN,0.6398239135742188,-7.86227693863831,0.007306840959444847,5663
PNO1,0.6297178864479065,-2.8550176842305524,0.029964319393685084,5664
PNP,2.3077709674835205,-13.476481576942314,0.0015607094613624053,5663
PNPLA2,1.6821064949035645,-5.293931361196271,0.002017534257837132,5664
PNPLA4,2.659515380859375,-6.4996909973788854,0.0016537421403249228,5664
PNPLA6,0.28564608097076416,-1.232817353429738,0.001991341434302402,5665
PNPLA8,1.6415512561798096,-4.619359786166003,0.0025856150130932542,5663
PNPO,2.656524896621704,-3.7496410341749264,0.005495118482419083,5665
PNPT1,1.552395224571228,-8.204095736872908,0.011074758643874527,5664
PNRC1,2.676719903945923,-7.066136437857783,0.0014207093923493262,5664
PNRC2,1.4084771871566772,-8.371397988235213,0.004160505977545932,5664
POC1A,1.9848241806030273,-5.23450534999141,0.0019507293243234592,5664
POC1B,2.832240343093872,-2.8303569492708647,0.0028385234622563516,5665
POC5,4.930253028869629,-1.9219618956906894,0.0030669483498056206,5664
PODXL2,2.124398946762085,-8.148157631409232,0.003155036162406423,5665
POFUT1,1.5227909088134766,-3.034160413340087,0.003991188010700227,5663
POFUT2,,,0.003262731318795076,5665
POGK,3.5046606063842773,-6.060131281574323,0.00456117270401617,5664
POGLUT1,2.1146318912506104,-5.164179371702531,0.0020678245734988446,5664
POGLUT2,2.2728934288024902,-2.2675488025041686,0.011615988125434412,5665
POGLUT3,1.125607967376709,-4.458243820168485,0.012749493631452414,5665
POGZ,2.0669984817504883,-3.5649171284917007,0.00802454151874843,5664
POLA1,0.45918509364128113,-2.8358254968360446,0.003382316434146218,5664
POLA2,1.368499994277954,-4.698726042956399,0.006267945946984551,5664
POLB,1.8479973077774048,-2.6062180377515256,0.006258597892154749,5664
POLD1,1.7451757192611694,-5.980737326021707,0.015997459306859644,5664
POLD2,1.588141918182373,-8.901376727402896,0.012564837242127464,5664
POLD3,2.0104990005493164,-4.468976123779913,0.02046799219334395,5664
POLD4,3.244565963745117,-6.481143114590066,0.001734809674643966,5664
POLDIP2,2.121347665786743,-5.5637253250565495,0.007229901279262931,5663
POLDIP3,0.6008899211883545,-2.57998307481598,0.004213577586254978,5664
POLE,1.558300256729126,-5.343933740302294,0.005866789611026336,5663
POLE2,1.4368230104446411,-4.5129709660340565,0.00426065915646111,5664
POLE3,2.2933380603790283,-9.334207661090765,0.003988810348116588,5664
POLE4,2.6616313457489014,-7.929604697660803,0.005219229910954238,5664
POLG,1.8582615852355957,-5.5525783687348955,0.0030329512758399293,5664
POLG2,2.157303810119629,-6.452582009634957,0.003918146816959656,5664
POLH,,,0.0018889258228823585,5664
POLK,2.2126083374023438,-7.306026258972275,0.0018240875206100243,5663
POLL,2.210738182067871,-2.208265777566087,0.013060323556539398,5664
POLM,0.9305291771888733,-3.3380452909413947,0.0014596222413562228,5665
POLQ,2.9615821838378906,-5.912793763322858,0.0018804274193787893,5664
POLR1A,0.7274577021598816,-3.5734215842192496,0.014286133657066866,5664
POLR1B,1.6026042699813843,-3.9034377008901737,0.050150156569494744,5664
POLR1C,0.8270319104194641,-5.518475365946735,0.006811153983871059,5664
POLR1D,1.2324938774108887,-14.598796742881893,0.00411615231489612,5664
POLR1E,2.0371203422546387,-5.742114804802971,0.010517237197709133,5664
POLR2A,0.5482774376869202,-5.859524705879355,0.004699019869760839,5664
POLR2B,0.8523318767547607,-7.587474192862028,0.007760733631820339,5663
POLR2C,1.0253130197525024,-4.260937526995603,0.009134199749913717,5664
POLR2D,0.12036821246147156,-1.6411700175163941,0.0014705734023287007,5664
POLR2E,0.3908037841320038,-9.035188244442816,0.0013932364683524484,5664
POLR2F,0.6212120652198792,-7.9405801737662305,0.005660252402757383,5664
POLR2G,1.5551179647445679,-4.053046723155948,0.04316722380483336,5664
POLR2H,0.5857056975364685,-3.2321776717179835,0.015232381410522371,5664
POLR2I,0.9234228730201721,-5.7025209763893745,0.009251092650762762,5663
POLR2J3,0.025829387828707695,-0.43048039860232645,0.0022343778113555848,5665
POLR2K,0.7653658390045166,-1.9575197427619402,0.0354385020751871,5664
POLR2L,1.4305435419082642,-7.774552112828897,0.007123145554254726,5664
POLR2M,1.8035565614700317,-2.5457271490453057,0.008128763670744624,5665
POLR3A,0.40658703446388245,-0.566335461554287,0.045521321507302336,5664
POLR3B,1.686821460723877,-4.112278485914549,0.006599062119750726,5664
POLR3C,1.7214642763137817,-5.41720941682903,0.0038473758991582883,5663
POLR3D,1.3767900466918945,-7.306530253579294,0.0031612813613952602,5664
POLR3E,1.3904955387115479,-8.904433896718785,0.003493094083483636,5664
POLR3F,1.2929238080978394,-4.06865502802871,0.004491112811752773,5664
POLR3G,2.305727243423462,-5.139251279210267,0.0028537069250982334,5665
POLR3GL,3.2545244693756104,-7.255309084241102,0.0034308316437884193,5665
POLR3H,1.4068936109542847,-8.322706705676081,0.001834457425188274,5664
POLR3K,2.3724427223205566,-12.352613681495752,0.00475342214208341,5663
POLRMT,1.923597812652588,-8.331153950704321,0.013389124787315842,5665
POM121,0.5559594035148621,-4.007097034657437,0.002989107182824156,5664
POM121C,-0.22082176804542542,1.3073260766732542,0.006910581677468241,5665
POMGNT1,1.96329665184021,-5.17544022699335,0.0021846658702180098,5664
POMGNT2,2.3907108306884766,-3.3768091234147795,0.0027251586105898327,5664
POMP,1.0733721256256104,-7.5124252149922315,0.016394454808621083,5664
POMT1,,,0.002060838511119531,5665
POMT2,,,0.0020208242954744124,5664
PON2,,,0.008313451124578696,5665
POP1,1.4973161220550537,-3.6461563806077653,0.025191853729394646,5663
POP4,1.9570355415344238,-5.50509118869741,0.01620157188245486,5664
POP5,1.6459134817123413,-4.308168536855024,0.024061295574867744,5664
POP7,2.017364263534546,-16.09378073313867,0.0040975297355202835,5663
POPDC3,1.4510035514831543,-7.455508792352467,0.001888138567395959,5665
POR,1.9310944080352783,-7.675186073297883,0.0020006423358180573,5664
POT1,5.221005439758301,-0.7195935559386352,0.022995464136848248,5664
POTEI,,,0.0036034110210243974,5665
POU1F1,,,0.003095875885475007,5665
POU2AF1,,,0.008596513863999343,5665
POU2F1,0.043639928102493286,-0.42061367890008333,0.0020064391697542467,5664
POU2F2,,,0.002962893949600906,5665
POU2F3,,,0.0013610727134824477,5665
POU3F1,,,0.0066885882857980385,5665
POU3F2,,,0.004533052426376548,5665
POU3F3,,,0.003128803680015194,5665
POU3F4,,,0.0027328742955692415,5665
POU4F1,1.8509007692337036,-4.521771380951223,0.001772067093090628,5665
POU4F2,,,0.002713293229669605,5665
POU4F3,,,0.0014913991450705225,5665
POU5F1,,,0.0010259022683365847,5665
POU5F1B,,,0.003167430375858046,5665
POU5F2,,,0.002185583709029549,5665
POU6F1,,,0.007566580059437218,5665
POU6F2,,,0.003146534648146995,5665
PPA1,1.8750332593917847,-23.140870350726715,0.01901946613828848,5664
PPA2,2.4146041870117188,-7.199175416023941,0.0032363178348209583,5664
PPAN,1.8006380796432495,-6.614368761471535,0.024140061169983473,5664
PPARA,1.145517110824585,-3.607714618944221,0.0023762690949959064,5665
PPARD,,,0.005003550785035655,5665
PPARG,,,0.0033957698716645464,5665
PPARGC1B,1.9045209884643555,-6.572014613590845,0.00244549829191358,5665
PPAT,6.808233261108398,-0.7457299116357662,0.04910489580424412,5663
PPCDC,0.7827938795089722,-4.1845411987949905,0.0010192739856888214,5664
PPCS,2.9611008167266846,-5.907537382731364,0.005869017458590391,5664
PPDPF,1.9434994459152222,-5.99746703592161,0.010986696512936303,5664
PPFIA3,0.016462840139865875,-0.12041589821958609,0.0010444423685377262,5665
PPFIBP1,3.137162923812866,-4.4322714481059995,0.002253447309919057,5665
PPHLN1,1.4422389268875122,-9.72135208801575,0.0045942103682200764,5664
PPIA,2.0376334190368652,-42.41178600176184,0.0015267643942652033,5664
PPIB,2.2738494873046875,-17.728973549001218,0.0024288587496913918,5664
PPIC,3.096275568008423,-8.739632252237383,0.0010981070497362996,5665
PPID,2.130573034286499,-14.06559126499126,0.0014931029308091093,5664
PPIE,2.2099812030792236,-6.538243940778081,0.015935099355270856,5664
PPIF,2.0252726078033447,-13.77180571254288,0.002181364387095262,5664
PPIG,2.21824049949646,-11.453646131518008,0.004453074549104724,5664
PPIH,2.6795430183410645,-12.421519810933207,0.007576305816210676,5664
PPIL1,2.6815948486328125,-4.619390647020929,0.010792653491760236,5664
PPIL2,1.5588454008102417,-13.508202682288536,0.002198751814242584,5664
PPIL3,1.6949644088745117,-8.058273231860529,0.0015740177797126506,5663
PPIL4,1.6745833158493042,-5.7141300359669795,0.012139109697227899,5664
PPIP5K1,,,0.0008913323702141715,5665
PPIP5K2,3.6804416179656982,-6.358814839042006,0.00432142900229484,5664
PPM1A,0.36679962277412415,-0.8094636406535426,0.012759856470704349,5664
PPM1B,1.4086227416992188,-4.849135875627154,0.0025090137741667837,5664
PPM1D,0.9923877120018005,-1.9743072701974105,0.007881595469782324,5664
PPM1F,1.6551183462142944,-9.05899830528809,0.0026147712254531875,5665
PPM1G,0.1991887092590332,-4.661708934563046,0.0018050213425709536,5664
PPM1H,,,0.0069338669013495075,5665
PPM1K,2.4024627208709717,-4.154919372271335,0.002201791188116387,5665
PPM1N,2.8270394802093506,-3.9933802128277067,0.002449919052275732,5665
PPME1,2.838672161102295,-11.997456414137194,0.0012587998842606214,5664
PPOX,2.035200357437134,-2.8696035038665486,0.007699101476824101,5665
PPP1CA,0.1540176272392273,-4.579444918949377,0.0013450256474189797,5664
PPP1CB,1.461702823638916,-11.428629216462605,0.002268130997709857,5664
PPP1CC,1.9423604011535645,-18.19992486835731,0.0028969871290980376,5664
PPP1R10,-0.4723411798477173,1.9755702805505646,0.026329949412939167,5664
PPP1R11,3.214465379714966,-4.538900760102757,0.01169284726926144,5664
PPP1R12A,1.177897334098816,-15.07659558114117,0.0008668172093932947,5664
PPP1R12B,5.0047478675842285,-1.0496979786668337,0.011720451821884097,5664
PPP1R12C,1.3365657329559326,-2.9787105275742425,0.00298992721426695,5665
PPP1R14A,3.4243040084838867,-15.934404390828625,0.0014889178896288755,5665
PPP1R14B,1.219269871711731,-13.111862268730324,0.005313831316844593,5664
PPP1R14C,,,0.0025373667751779527,5665
PPP1R15A,0.7252407670021057,-4.0216379780128255,0.005019062540390068,5665
PPP1R15B,1.362287163734436,-6.620150958906371,0.002204582156448236,5664
PPP1R16A,1.3024468421936035,-2.8974511393794824,0.004678555385401555,5665
PPP1R16B,,,0.0027221968673929765,5665
PPP1R18,1.644749641418457,-15.077217664356036,0.0009749453962156913,5665
PPP1R2,3.2024214267730713,-5.53262005873703,0.004301777415118605,5665
PPP1R26,,,0.0035097265721293993,5665
PPP1R35,2.287277936935425,-5.57700910812834,0.0037968403660986493,5664
PPP1R37,0.8034062385559082,-2.3948691680130003,0.007145988622592946,5665
PPP1R3D,,,0.003634850582767036,5665
PPP1R3E,1.3438785076141357,-5.678281289439654,0.0009621363127032903,5664
PPP1R7,0.7838553786277771,-6.922104089653724,0.0024524365923523257,5664
PPP1R8,1.85368013381958,-5.205901024814311,0.009726289922291943,5664
PPP1R9B,2.257321357727051,-3.1881633874925455,0.0028196324952168713,5665
PPP2CA,1.6666821241378784,-17.14820408558131,0.001590090980172412,5664
PPP2CB,1.007302165031433,-6.779365483223657,0.003783841360768767,5664
PPP2R1A,0.6114999651908875,-12.80372682463998,0.000807411722520799,5664
PPP2R1B,5.532765865325928,-1.1201866242214698,0.013519369990844424,5664
PPP2R2A,2.2059080600738525,-5.362967393983604,0.007517118382095019,5664
PPP2R2D,-0.48115190863609314,3.487828349400715,0.0041804319224221596,5664
PPP2R3B,3.611927032470703,-3.610224049500957,0.0022063520880645318,5665
PPP2R3C,1.7943202257156372,-5.632306985513372,0.004021745819636503,5663
PPP2R5A,0.9103221297264099,-5.285208511642598,0.0023438200141735564,5664
PPP2R5C,1.4255361557006836,-3.1565225671665154,0.009531831647353651,5664
PPP2R5D,1.4439177513122559,-3.2137734893125263,0.004373261650975055,5664
PPP2R5E,1.7461436986923218,-5.992324741392386,0.0035538153066663265,5664
PPP3CA,1.3617075681686401,-4.4757705125700955,0.004200270037518721,5664
PPP3CB,1.0536891222000122,-2.341903525148381,0.007702071016078721,5664
PPP3CC,0.5531495213508606,-2.323589064422241,0.0027406770091046345,5664
PPP3R1,1.950230360031128,-5.484700489457611,0.003472113149188416,5664
PPP4C,1.7240713834762573,-15.153821399649434,0.0033249601211009236,5664
PPP4R1,0.6160961389541626,-1.7150508124955202,0.010997175813388547,5664
PPP4R2,1.8897390365600586,-14.183841782988011,0.0032503804077809073,5664
PPP5C,2.0706350803375244,-9.190338759808611,0.002284433183835499,5664
PPP6C,2.1587960720062256,-9.089053612449929,0.003005386533752419,5663
PPP6R1,1.833992838859558,-9.94451981200968,0.001575375486908719,5664
PPP6R2,1.7413924932479858,-7.3413206815613625,0.0015512628014233277,5664
PPP6R3,2.083867073059082,-7.178552318454623,0.0022043026673432714,5664
PPRC1,1.022836685180664,-4.962731331811721,0.011664307479581583,5664
PPT1,3.233062982559204,-5.580250271698986,0.0050480896943839535,5664
PPT2,2.9527339935302734,-2.948124105466437,0.007650842982606051,5665
PPTC7,0.874580979347229,-4.661357883793535,0.001399611341386661,5664
PPWD1,0.3679752051830292,-0.882522413828225,0.016862030695230484,5663
PPY,,,0.013279327950933775,5665
PQBP1,2.560682773590088,-6.739544391465006,0.007454303301882112,5664
PRADC1,1.8219796419143677,-6.535977951795907,0.002053781690945379,5665
PRAME,1.926696538925171,-14.808187642307225,0.010043830674663834,5665
PRC1,1.0307093858718872,-12.653695283695303,0.0012952039451666775,5664
PRCC,1.976521372795105,-8.983136703915662,0.0030441853728426947,5664
PRCP,2.6395604610443115,-6.969235853629365,0.001553627695685676,5664
PRDM1,,,0.00213173669814776,5665
PRDM10,,,0.011431330109635311,5665
PRDM13,,,0.0023943134247574557,5665
PRDM14,,,0.003528221916389005,5665
PRDM15,,,0.012240344882231597,5665
PRDM16,,,0.009390206184260622,5665
PRDM2,0.13613258302211761,-1.0273916280829358,0.0033167197305958595,5664
PRDM4,1.146808385848999,-2.7986702417610676,0.007631310946933295,5664
PRDM5,,,0.002123062007997163,5665
PRDM6,,,0.0036738748256245836,5665
PRDM8,,,0.002791908559837633,5665
PRDM9,,,0.0014657452681430421,5665
PRDX1,2.2976582050323486,-34.56597110991901,0.002524129244648861,5664
PRDX2,1.2268335819244385,-15.560331113949836,0.003904646688778958,5664
PRDX3,2.610525369644165,-14.329404368622692,0.0025924076115560924,5664
PRDX4,2.5755529403686523,-10.110821562304691,0.0084544642208288,5664
PRDX5,1.9000842571258545,-17.70129691286318,0.0025886301943888325,5663
PRDX6,2.030769109725952,-26.022110733151493,0.002215182766843188,5664
PREB,2.0724971294403076,-4.129606828613047,0.00420136040743711,5664
PRELID1,1.0493080615997314,-20.69779027070115,0.0036284280496876034,5664
PRELID2,1.2635465860366821,-2.517478350235837,0.004334895106717978,5665
PRELID3B,1.3568373918533325,-5.345627550091876,0.013797153597270531,5664
PREP,1.8829506635665894,-3.7509553809632425,0.005621030398725915,5664
PREPL,2.00405216217041,-4.882264278507789,0.004098922612839245,5663
PRG2,4.544956207275391,-1.8956417576562568,0.0026077055468662885,5665
PRICKLE3,,,0.002371800615817496,5665
PRIM1,1.291933298110962,-6.540690063278596,0.007774596055838001,5664
PRIM2,3.101392984390259,-3.0965723825997866,0.02885459113097112,5664
PRIMPOL,2.2007057666778564,-3.108227893230431,0.002677086145115105,5664
PRKAA1,2.3930487632751465,-3.3719140420383416,0.008471276295742163,5664
PRKAB1,2.3959619998931885,-8.931882725739753,0.0012801002013945637,5665
PRKAB2,0.9759030342102051,-3.878193502786552,0.0019807308059774415,5664
PRKACA,1.9620494842529297,-2.7659425116474634,0.009661814904856871,5664
PRKAG1,1.8511728048324585,-4.504679452601587,0.0053520094464509175,5664
PRKAR1A,1.703303337097168,-5.606655388619309,0.0033329205088167306,5664
PRKAR1B,0.10657624900341034,-0.43503019909769175,0.003150136040158535,5664
PRKAR2A,2.2488906383514404,-11.305835940663885,0.002345864926263084,5664
PRKAR2B,0.8763352036476135,-16.65270961835727,0.0015999682331762867,5665
PRKCA,0.9166762232780457,-2.879010704321958,0.00853520172473336,5664
PRKCB,2.044271945953369,-7.860000779189231,0.0024742911366183915,5665
PRKCI,2.020735502243042,-8.28008919904402,0.002714768129828833,5664
PRKCQ,3.473984956741333,-3.471989990263811,0.0026688963510584428,5665
PRKCSH,2.751246690750122,-9.856724040401279,0.002516385282798623,5664
PRKD2,0.03711457550525665,-0.25323622028991166,0.001333199702325969,5664
PRKD3,2.1886367797851562,-7.225974853002847,0.0020277445264595705,5664
PRKDC,2.633046865463257,-10.081054513559614,0.016754047379837544,5663
PRKRA,1.1898812055587769,-7.411762183383148,0.0022875031549020575,5664
PRKX,3.114039897918701,-4.3991061831091915,0.0025017798595457007,5664
PRMT1,1.083680510520935,-11.570401678684735,0.012210581354909385,5664
PRMT2,1.9880690574645996,-9.021559514631823,0.002337077030397213,5664
PRMT3,2.9177474975585938,-5.823983256057657,0.0036657090741619267,5664
PRMT5,0.6532727479934692,-6.049814060268663,0.00547189889238273,5664
PRMT6,4.870454788208008,-1.6370543745526847,0.006920419741025303,5665
PRMT7,3.0981087684631348,-4.375591642964469,0.0035343341859285634,5663
PRNP,,,0.002628644300212063,5665
PRODH,,,0.0005018125263707636,5665
PROP1,,,0.0019603084151080096,5665
PRORP,2.981846809387207,-2.9743833785373175,0.017172126654047225,5663
PROS1,2.7374274730682373,-5.464554603411062,0.0022712046684203245,5664
PROSER1,1.9356791973114014,-5.449123580336392,0.002740208439667209,5664
PROSER2,2.214675188064575,-3.8293575513851192,0.0028666986225647888,5665
PROX1,,,0.00146703621654877,5665
PROX2,,,0.003116860177730322,5665
PRPF18,0.11758313328027725,-0.6023082501020911,0.0033164281894304186,5664
PRPF19,0.985163152217865,-4.1814765891898436,0.012942445069457801,5664
PRPF3,1.341071605682373,-2.6573374903772495,0.016476102218256284,5664
PRPF31,2.014254331588745,-3.4491382048499606,0.022272356282444814,5664
PRPF38A,0.8582224249839783,-3.2390565634299495,0.020088915723410917,5663
PRPF38B,2.0396199226379395,-4.918792824448823,0.022409441639410617,5664
PRPF39,2.1117546558380127,-3.6450412968061334,0.01196161402284104,5664
PRPF4,1.6681640148162842,-2.85519075872669,0.030640146536749686,5663
PRPF40A,1.1224547624588013,-12.038776069088023,0.018275154903128636,5663
PRPF40B,,,0.006141721433049809,5664
PRPF4B,1.1956417560577393,-12.068854211696529,0.009493838484054466,5664
PRPF6,0.6238681077957153,-4.082936096179502,0.006097880810086009,5664
PRPF8,0.5609610080718994,-3.552993945118541,0.009561329576085058,5664
PRPS1,2.634068250656128,-4.544258007276804,0.0070159125380750776,5664
PRPS2,3.244680404663086,-3.2428630948771215,0.00266262175058683,5664
PRPSAP1,1.0534509420394897,-6.362135983927249,0.0022130980225153205,5664
PRPSAP2,0.4237372875213623,-3.2127154103988094,0.0016900084539018287,5664
PRR11,1.8596745729446411,-5.839410312457363,0.003203898215591726,5663
PRR12,1.9734116792678833,-4.398104138229282,0.0032718870651896096,5663
PRR14,2.483297348022461,-3.5062913308977226,0.004289951751588617,5665
PRR14L,4.071975231170654,-4.067360265849786,0.005663609389468979,5664
PRR3,1.5559368133544922,-6.734028045328301,0.0014933567927655621,5663
PRR5,0.7587414383888245,-2.3776894202873646,0.003761229355606191,5664
PRR7,,,0.0031183512512338216,5665
PRRC1,3.2623207569122314,-4.609850265055614,0.00174405857943677,5664
PRRC2A,2.285254955291748,-10.824244646877947,0.005640956462828573,5664
PRRC2B,0.18863187730312347,-1.62836999582902,0.0034469715120129915,5664
PRRC2C,2.480250835418701,-13.889814653171078,0.008537725848811168,5664
PRRX1,,,0.002691219933820343,5665
PRRX2,,,0.0015984341744107932,5665
PRSS16,,,0.0017493337845831168,5665
PRSS21,1.818580150604248,-8.368630819307826,0.004368387022568659,5665
PRSS57,1.7620562314987183,-11.301250223636506,0.002676633054293081,5665
PRTFDC1,3.1540281772613525,-3.152019042275066,0.0026940998369542214,5665
PRUNE1,3.132171154022217,-3.1303918709229754,0.0033080274626162824,5665
PRXL2A,1.7094767093658447,-7.00241749680249,0.0021150551783085734,5665
PRXL2C,2.293156862258911,-6.033891324584694,0.004651634316272038,5665
PSAP,1.0172679424285889,-6.110567135621754,0.006824612080110972,5664
PSAT1,2.103759765625,-6.598043724207137,0.0037839921372233186,5664
PSD4,1.3978277444839478,-2.785536568658741,0.004701402938545149,5665
PSEN1,2.1631712913513184,-3.054096362770042,0.0038309680275375626,5664
PSEN2,,,0.003127281385958297,5665
PSENEN,2.6318602561950684,-4.5468692092927085,0.003930027000592498,5664
PSIP1,2.129636764526367,-14.908339959899495,0.002693712753402521,5664
PSKH1,1.9445011615753174,-2.744669387612249,0.005089930519741116,5665
PSMA1,0.569445013999939,-5.753130665748128,0.005442827547305172,5664
PSMA2,0.9691316485404968,-10.892104774836996,0.006166075440671129,5664
PSMA3,0.4018467962741852,-6.159833246401603,0.0030931107825036314,5664
PSMA4,0.666409969329834,-11.280447353496056,0.0046394731093335325,5664
PSMA5,0.700042724609375,-1.8974282836295313,0.03401656479978218,5664
PSMA7,0.2159464806318283,-2.713404743765193,0.00881452758136205,5663
PSMB1,0.9616832137107849,-13.579331001288761,0.005599874790443666,5663
PSMB10,0.3282073736190796,-2.541476998813588,0.0024901728632399198,5664
PSMB2,1.5010089874267578,-11.90583363463037,0.010675564032636236,5664
PSMB3,0.903811514377594,-5.162827869232706,0.0182555598535267,5664
PSMB4,0.5749264359474182,-7.979935300382071,0.0031295743369089686,5664
PSMB5,0.652528703212738,-13.068150254694201,0.002748100592532032,5664
PSMB6,0.5193644165992737,-7.376298800794391,0.0037634464772577474,5664
PSMB7,0.9154984951019287,-14.426766063579569,0.0054066505615755255,5664
PSMC1,0.5227024555206299,-4.865373435228218,0.00855439397522097,5664
PSMC2,0.6507253050804138,-7.574816108426559,0.005709444835612925,5664
PSMC3,0.7128182649612427,-6.677549764656007,0.008008312305739741,5664
PSMC3IP,3.0746474266052246,-4.341960180647816,0.0039947866712305175,5664
PSMC4,0.4323330223560333,-3.989443025980543,0.006034888599031641,5664
PSMC5,0.39352959394454956,-2.1138840351645327,0.019379348944010215,5663
PSMC6,0.4160720407962799,-2.816559952509468,0.00960039971076741,5664
PSMD1,0.4052547216415405,-5.797520061274742,0.00278397168882444,5664
PSMD10,2.381505250930786,-6.274100506136068,0.0027361686439387055,5664
PSMD11,0.6303242444992065,-6.628656514666645,0.005201212304041242,5664
PSMD12,0.4696476459503174,-7.044167972372709,0.004657913978156509,5664
PSMD13,1.6606309413909912,-9.60927652599344,0.01969628164233692,5664
PSMD14,0.591982901096344,-2.2184338077221484,0.025328649089333074,5664
PSMD2,0.49715033173561096,-2.4081633831514138,0.04009640171248793,5664
PSMD3,0.6396713852882385,-5.395110713043061,0.005927280407029294,5664
PSMD4,1.519341230392456,-13.03532681911733,0.01886007711133976,5664
PSMD5,3.050995111465454,-9.10931012915764,0.0028370291931561343,5665
PSMD6,0.8191807270050049,-8.282000535418119,0.009293798320274601,5664
PSMD7,0.48149558901786804,-7.031111394470026,0.007112190757696959,5664
PSMD8,0.465239554643631,-4.831202672707456,0.008717466953756452,5664
PSMD9,2.6296815872192383,-10.10729248758316,0.0027321628589956548,5664
PSME1,1.715802788734436,-9.885042879040286,0.0031002099681325113,5664
PSME2,2.8604094982147217,-17.45216576458107,0.0012297978800523313,5664
PSME3,1.1651344299316406,-4.4142216900950775,0.01466600538203696,5664
PSME4,0.7352474927902222,-6.497977317616841,0.0025660683459083704,5663
PSMF1,0.8854470252990723,-4.950489064265425,0.004391045455540389,5664
PSMG1,1.5292967557907104,-19.198463065927196,0.0028902420376226306,5664
PSMG2,1.717983365058899,-13.902138119171628,0.0012460391248247363,5664
PSMG3,1.0281060934066772,-18.801549795266354,0.004714803236631846,5664
PSMG4,1.1421359777450562,-5.938073553527376,0.021136792550383598,5664
PSPC1,1.3360933065414429,-6.586810145354889,0.0026876393287256304,5664
PSPH,0.28342166543006897,-1.2531139741655721,0.011495586379877331,5663
PSRC1,2.624140977859497,-3.706524251099625,0.0027174379404164405,5664
PSTK,1.0233256816864014,-7.316473912999936,0.0008275524059413305,5665
PSTPIP2,2.706589460372925,-4.682502957690867,0.0017371308702627869,5665
PTAR1,2.8702776432037354,-4.962949221443284,0.0030590637759631,5664
PTBP1,0.768743634223938,-6.113339470825562,0.010931189154205611,5664
PTBP2,1.3010306358337402,-3.4211772612741616,0.0037399600337156046,5664
PTBP3,1.7263058423995972,-16.199920126365907,0.0016112628390207494,5664
PTCD1,1.593401312828064,-3.552915982457396,0.0063807342300752894,5663
PTCD2,2.9449775218963623,-4.159786718896941,0.003870981749814294,5664
PTCD3,1.1428149938583374,-6.263990901275986,0.0076349122743400895,5664
PTDSS1,5.853343963623047,-1.2136529520730082,0.012172785536788836,5663
PTDSS2,2.154574155807495,-5.684786166822111,0.0022579300225682828,5664
PTEN,1.905588150024414,-5.99778327248714,0.005893305066557539,5664
PTER,5.520172595977783,-1.2826423317890994,0.0103425800363202,5664
PTF1A,,,0.002006726768581311,5665
PTGER3,,,0.002012002596089852,5665
PTGES2,2.3949148654937744,-12.540794720506975,0.0017324399233150404,5664
PTGES3,0.4775019884109497,-6.161459278697804,0.008182957283921384,5665
PTGFRN,,,0.0019481576246052903,5665
PTGR2,3.1009576320648193,-3.09914918717489,0.009269392505731857,5665
PTK2,1.6390876770019531,-8.283276296562093,0.0016032210772146333,5665
PTK2B,,,0.0022859650104706097,5665
PTK7,1.505817174911499,-3.9695947578273985,0.0023984256450775556,5665
PTMS,1.7025498151779175,-12.976589455311442,0.0028660686785329627,5663
PTOV1,1.0440361499786377,-4.7651002238228894,0.0067394050427577274,5664
PTP4A3,0.5423706769943237,-3.3877685125806156,0.0011843295599236862,5665
PTPA,0.5310128927230835,-3.3385783985731186,0.002094669900251132,5664
PTPMT1,2.1055374145507812,-6.953609508152738,0.0033141432909545242,5662
PTPN1,1.7672845125198364,-12.563437275426773,0.022782960697441505,5664
PTPN11,1.6705337762832642,-11.239621251525417,0.008826478544030812,5664
PTPN12,2.0329067707061768,-8.561748758297238,0.0018559654309126046,5664
PTPN18,0.8733042478561401,-5.118812901620966,0.0011468648013272878,5665
PTPN2,1.6248512268066406,-8.795679416359192,0.00276154974744567,5664
PTPN23,1.43746018409729,-5.896351787310044,0.0022334050086722803,5664
PTPN4,3.68967604637146,-3.687473305614658,0.0029848014584233085,5664
PTPN7,2.7121589183807373,-7.142759750965142,0.0033497331933238137,5665
PTPN9,0.32991769909858704,-0.9234066061661421,0.007339146003591114,5664
PTPRA,2.09257173538208,-11.691272072326482,0.0018039898024861107,5664
PTPRC,,,0.00531490515117235,5665
PTPRF,3.1152820587158203,-4.4006641862543825,0.003195470240147564,5665
PTPRG,2.1783227920532227,-3.074772718649005,0.004384525821120131,5665
PTPRH,,,0.0017134130947809405,5665
PTPRR,,,0.0019505158459745897,5665
PTPRS,,,0.0041355082443358246,5665
PTRH1,1.8924446105957031,-4.620095788190625,0.0022578487396152885,5665
PTRH2,2.4270999431610107,-5.9196587646500545,0.003303559115256627,5663
PTRHD1,1.7997710704803467,-9.392433676663284,0.00262979591558694,5663
PTS,2.0319128036499023,-6.056933666937089,0.0032910300307824607,5664
PTTG1,3.107621192932129,-4.357075165960394,0.02830286680684239,5663
PTTG1IP,2.860718250274658,-8.974313340484878,0.0034329485475584937,5664
PUF60,0.45544058084487915,-4.10329684404019,0.00716563879046086,5664
PUM1,1.9192521572113037,-12.189100082315026,0.004061384723060543,5664
PUM2,0.5995059609413147,-4.635931735284675,0.002648893077237351,5664
PURA,0.5785143971443176,-6.767016110849997,0.0013740046471182167,5665
PURB,0.32342690229415894,-2.6798485986634843,0.001972679982903266,5664
PURG,,,0.004319606774211032,5664
PUS1,2.342055320739746,-6.600039691108108,0.002340195845934076,5664
PUS10,,,0.005659206809101218,5664
PUS3,3.1231307983398438,-3.120579979786706,0.0038044027921127948,5665
PUS7,2.683790445327759,-2.671071297766058,0.02147479902637168,5664
PUS7L,1.9766898155212402,-8.03410515692115,0.003887599521452421,5664
PUSL1,0.9425473809242249,-4.462893373924622,0.0023788704461832804,5664
PVR,,,0.0026741608209427683,5665
PWP1,2.86023211479187,-5.68875382793021,0.010292164549771941,5664
PWWP2A,1.991856575012207,-6.864569309377386,0.0029914041308527184,5664
PWWP2B,,,0.0013388001814982865,5665
PWWP3A,2.516838312149048,-3.54114642111454,0.012354377721847288,5664
PXK,2.6963207721710205,-5.38432943032709,0.0023811777303731838,5665
PXMP2,1.534656047821045,-10.17670761861105,0.0015299202681169728,5663
PXMP4,3.725003242492676,-3.7234173095170373,0.0016837913899407436,5665
PXN,1.541248083114624,-5.095668883282837,0.002606962438167437,5664
PYCARD,2.9337317943573,-10.090995962974421,0.002680326372218872,5665
PYCR1,2.362051010131836,-16.467159811936337,0.0012848946686808576,5664
PYCR2,2.146617889404297,-8.752792826817943,0.0030432362381944394,5664
PYCR3,1.7680549621582031,-4.319680067709798,0.0017716055296022719,5665
PYDC2,,,0.008586130462021085,5665
PYGB,,,0.002983511149262237,5665
PYGL,1.9114160537719727,-1.9080726195056303,0.008954979178486644,5665
PYGO2,1.1886963844299316,-2.0517801696732256,0.005654786110207798,5665
PYROXD1,,,0.0027241794268171066,5665
PYURF,2.4849886894226074,-8.858655156906222,0.010127168595167152,5665
QARS,1.3782708644866943,-8.340440466029959,0.01774430618276826,5665
QDPR,2.0632855892181396,-9.61206132765043,0.0014311932019119625,5664
QKI,0.7424131035804749,-6.58594420906508,0.002863758283162096,5664
QPCTL,,,0.003293624240765393,5664
QPRT,0.8055270910263062,-16.042853744828207,0.0011771238386826665,5665
QRICH1,1.979429841041565,-2.7862944070017712,0.015495391083773777,5664
QRSL1,1.905115008354187,-7.575833767676833,0.0025130115830229107,5663
QSER1,2.1855616569519043,-11.041977119924281,0.00192657165083494,5664
QSOX1,,,0.0024765579283479817,5665
QSOX2,3.447333574295044,-3.4457311871813303,0.002142762509423629,5665
QTRT1,2.5472395420074463,-2.5406793219906905,0.012372113814160621,5664
QTRT2,1.8850375413894653,-5.626592669450636,0.0029305788672463764,5664
R3HCC1,0.9436042904853821,-5.2500812498010205,0.0025370973479153735,5665
R3HCC1L,2.7685227394104004,-2.766306688672557,0.0041563614729797525,5664
R3HDM1,1.5529537200927734,-10.499060426565231,0.0017737173972727466,5664
R3HDM2,1.1879029273986816,-4.410456988111064,0.0027677872986712516,5664
R3HDM4,0.32310590147972107,-3.78802687101923,0.001720822798849864,5664
RAB10,1.7987171411514282,-10.686628755695565,0.0030346009477996484,5664
RAB11A,2.055368661880493,-14.850404841844943,0.001591747106536359,5664
RAB11B,1.3620541095733643,-4.862789043279857,0.003540040591458757,5664
RAB11FIP1,1.0139561891555786,-5.710760547947413,0.007142571152727975,5664
RAB11FIP4,,,0.0033749474280236756,5665
RAB12,,,0.0016966959318859597,5665
RAB13,,,0.0020302404093317915,5665
RAB14,1.7120410203933716,-7.916800407040213,0.0031821988037518743,5664
RAB18,2.9185776710510254,-2.9140988021069094,0.011195420955198477,5664
RAB1A,1.6454646587371826,-12.72622653216832,0.0013996533477465777,5664
RAB1B,0.9740906953811646,-2.8686553223705293,0.016399070191461328,5664
RAB20,1.6808346509933472,-1.6773055264304284,0.009749449948584775,5665
RAB21,2.0569560527801514,-6.1299247560974415,0.003592879931877222,5664
RAB22A,2.3903555870056152,-3.3733937406735093,0.005294661548515884,5664
RAB23,,,0.0025729305719454855,5664
RAB24,,,0.0017436950976077862,5664
RAB27A,1.6960258483886719,-9.626034610581483,0.0017822754508779485,5665
RAB28,1.739505410194397,-3.8756549882425153,0.0035910372912262966,5664
RAB2A,1.3826861381530762,-9.237796372738263,0.0025533218064164643,5664
RAB2B,1.8234769105911255,-5.449372298781095,0.0021760726533792563,5663
RAB30,0.061348479241132736,-0.20971696645589494,0.005875508247631261,5665
RAB31,4.063847064971924,-4.0613870730735915,0.0027940370227496434,5665
RAB32,5.778544902801514,-1.3426768496824095,0.01009670946131564,5665
RAB35,1.2087647914886475,-3.3854379998517596,0.006071309546820091,5664
RAB3GAP1,2.016935110092163,-5.303527199839132,0.004571372385884918,5664
RAB3GAP2,2.406654119491577,-7.184389021112807,0.0030484142103777176,5664
RAB3IL1,,,0.006802513464894682,5665
RAB3IP,,,0.0028526826501787217,5665
RAB40B,,,0.010776195894290307,5665
RAB40C,,,0.0020419829495707787,5665
RAB4A,2.152773380279541,-15.247431517511782,0.000949439344370599,5664
RAB4B,,,0.002367392098218359,5665
RAB5A,0.15221691131591797,-1.5266732052151464,0.0030179639984390487,5664
RAB5B,1.5440125465393066,-2.6637840799399544,0.007034789404147099,5664
RAB5C,1.26161789894104,-14.89969635085155,0.001267533455301152,5664
RAB5IF,0.512570858001709,-5.592298317923293,0.006621154159309326,5664
RAB6A,1.3082349300384521,-5.17576120585572,0.003855343021211769,5664
RAB7A,2.3693015575408936,-6.6224733986723825,0.009622431799681455,5664
RAB8A,3.4326295852661133,-6.847793990085378,0.002741941283987191,5664
RAB8B,3.0345277786254883,-3.0323628400505704,0.0030941390298075996,5664
RAB9A,2.3069305419921875,-6.087945814838001,0.0019041104604659346,5664
RABAC1,-0.09968381375074387,0.9792881246190706,0.0017901150897598759,5664
RABEP1,2.024376392364502,-6.366886804673307,0.0022979401846049607,5664
RABEP2,0.421999454498291,-1.960206564388574,0.0023267802971438396,5664
RABEPK,1.7496678829193115,-6.2682372053851925,0.0032542768815416946,5663
RABGAP1,2.091890811920166,-5.5210262760807,0.0014099870161653587,5664
RABGAP1L,0.42036426067352295,-3.4230726341109037,0.001193183063634099,5664
RABGEF1,1.3923687934875488,-4.159394040831733,0.0025556551645128773,5664
RABGGTA,1.0958030223846436,-2.882819713728669,0.009345074611770624,5665
RABGGTB,1.671249270439148,-8.520734999702189,0.0066409599476663075,5664
RABIF,2.2965714931488037,-7.233135919610789,0.0020598254556214624,5665
RABL3,2.2326126098632812,-3.152051882890538,0.004475565096606235,5663
RABL6,1.179525375366211,-10.876088617265088,0.0037478073713110333,5664
RAC1,1.22838294506073,-24.536454554640944,0.0013491982949562018,5664
RAC2,2.6401424407958984,-11.720917247965028,0.001967177020136799,5665
RAC3,2.095501184463501,-13.585355719474135,0.002678776603526375,5665
RACGAP1,1.213969111442566,-3.798318760414501,0.004901119994905552,5664
RACK1,2.985978841781616,-21.179768870316625,0.02704074136293595,5664
RAD1,2.177687644958496,-8.078698883106137,0.0038681257127019374,5663
RAD17,1.7222490310668945,-8.015450270413021,0.0020835138597947588,5662
RAD18,2.7514352798461914,-8.225265539944585,0.0021601897154032434,5664
RAD21,0.9040771722793579,-12.387748191271859,0.012088468898605547,5664
RAD23A,1.8604496717453003,-13.882905720791534,0.0026791519509471126,5664
RAD23B,1.0486657619476318,-6.862690924835368,0.005609758661626266,5664
RAD50,3.206775426864624,-9.026965495249963,0.002396531300894992,5664
RAD51,1.0993156433105469,-4.991790327796187,0.005408365665144688,5664
RAD51AP1,1.8136075735092163,-7.842897114784645,0.0018500433616617502,5664
RAD51B,,,0.013834096020739279,5665
RAD51C,2.4282665252685547,-7.216178375121588,0.00791274601573378,5664
RAD51D,2.6342267990112305,-5.881075177041088,0.001067575260032859,5664
RAD52,,,0.001091636307127452,5664
RAD54B,,,0.0018133044705767913,5665
RAD54L,3.3008148670196533,-4.66353179149619,0.0022320760151328593,5664
RAD54L2,-0.16101086139678955,0.41351948987331794,0.01966067409344532,5664
RAD9A,1.667312502861023,-3.711228315433276,0.0049719559655759275,5664
RAE1,1.5156930685043335,-4.49501041683975,0.011589986358487202,5664
RAF1,0.7152466773986816,-4.594769860378491,0.0038095748618330173,5664
RAG1,,,0.005694379724161882,5665
RAI1,,,0.006693144324694391,5665
RAI14,1.4089163541793823,-5.222758112884668,0.004533773273998122,5665
RALA,2.1916017532348633,-8.097891857648003,0.00557616752316219,5664
RALB,0.35723015666007996,-1.1587870040428687,0.00968680571565468,5664
RALBP1,1.762208342552185,-10.40429087546722,0.002011514734408306,5664
RALGAPA1,1.507104754447937,-7.6167212566359135,0.0014419062816090208,5664
RALGAPB,2.2315807342529297,-4.978177689734151,0.002304743285172389,5664
RALGDS,0.5480276942253113,-3.073447829086708,0.0010694548297107724,5664
RALGPS2,2.366647958755493,-5.778415946986001,0.002488682025916964,5665
RALY,1.207066297531128,-10.196068480249886,0.0025807993015734684,5664
RAMAC,3.185084104537964,-3.1828231283400323,0.012363872450731294,5665
RANBP10,4.596681594848633,-0.726725472994555,0.017571582070664022,5665
RANBP3,2.3166208267211914,-4.620569607687656,0.00605872094859628,5664
RANBP6,4.522794723510742,-1.6554353193899018,0.0037405187940788972,5665
RANBP9,1.012365460395813,-7.220114856654483,0.002128223896721643,5664
RANGAP1,1.830161213874817,-5.449945141141641,0.005821126856490578,5663
RANGRF,1.3754944801330566,-3.0653420736283516,0.0027555490337618305,5664
RAP1A,2.9627597332000732,-10.64663946757871,0.002029489611836906,5664
RAP1GAP,,,0.0005054325255050554,5665
RAP1GDS1,2.769181251525879,-5.525515359452871,0.003366643448373405,5664
RAP2A,2.76705002784729,-2.7643856932723394,0.004495466611723046,5664
RAP2B,3.5593764781951904,-3.5570053131924424,0.0030802884469548425,5664
RAP2C,0.15332593023777008,-0.6910100712780303,0.0032959937360233604,5665
RAPGEF1,0.6635555028915405,-1.6119626749575167,0.007172703889160757,5664
RAPGEF2,0.24731247127056122,-0.8469511083023755,0.004975371458735012,5664
RAPGEF6,1.2740598917007446,-2.821590751437151,0.013481757936487166,5664
RARA,,,0.002597748175166961,5665
RARB,,,0.0038447636137629634,5665
RARG,,,0.0013875191908256682,5665
RARS,0.9329518675804138,-8.872598431825033,0.010845836431114872,5665
RARS2,1.7030757665634155,-6.957425538735417,0.00945033862461006,5663
RASA1,1.2906067371368408,-4.453959445801316,0.0012566680152277354,5665
RASA2,1.8855735063552856,-4.974861084595369,0.0017773332793009726,5664
RASA3,1.573572039604187,-4.704078358072658,0.001617664224143792,5665
RASGEF1A,,,0.0017072065606556464,5665
RASGRP2,0.9317150712013245,-4.035464860744756,0.0014910393324234165,5665
RASSF1,0.5251249670982361,-4.452925033489615,0.001803316686338567,5665
RASSF3,4.51541805267334,-0.7949403625868089,0.01826457396732177,5665
RASSF5,0.03965788334608078,-0.29424634322510856,0.001507388232930849,5665
RASSF7,,,0.003762842245485071,5665
RAVER1,0.3066876530647278,-3.1687386843600507,0.0012729315181627457,5664
RAX,,,0.0018092856180789373,5665
RAX2,,,0.002682758665482018,5665
RB1,2.150576114654541,-10.687513639615569,0.0014308017550074671,5664
RB1CC1,1.0926443338394165,-8.886596998587862,0.0018872645023772878,5664
RBAK,0.9304522275924683,-6.8310188614018985,0.0008254287644423789,5665
RBBP4,1.4426028728485107,-13.394046759207026,0.006628505978817196,5663
RBBP5,1.3252233266830444,-3.2115384837608536,0.020869190117194642,5664
RBBP6,0.7434824705123901,-3.6195474842377426,0.0160584443437649,5664
RBBP7,1.1467870473861694,-8.380485731099048,0.002979695934893365,5664
RBBP8,1.9811997413635254,-4.415689712891964,0.00503836317863222,5664
RBCK1,1.9122940301895142,-6.297974793747169,0.0037569954303593245,5664
RBFA,2.2975142002105713,-7.227573384094869,0.0035340205254669682,5663
RBFOX2,0.26839807629585266,-1.5580849071497,0.0029372997069143183,5665
RBIS,2.1805858612060547,-10.074759682824357,0.002994909466185529,5664
RBL1,2.278149127960205,-5.083315921680679,0.0025992123884716802,5664
RBL2,0.9408958554267883,-5.4455150973501105,0.0008569923774333194,5664
RBM10,3.132258653640747,-6.254218129010897,0.003908334942314969,5663
RBM12,1.5496771335601807,-6.837662034962608,0.009715103387252226,5663
RBM12B,1.7522997856140137,-5.220841874549039,0.004342714448230063,5664
RBM15,1.0455302000045776,-4.280142636560794,0.0050658015927788095,5664
RBM15B,0.856914758682251,-5.206492215101863,0.0017189838392848628,5664
RBM17,2.0639472007751465,-11.039167486579531,0.012620788665642263,5664
RBM18,3.1933209896087646,-5.520865456779561,0.005528104419577477,5663
RBM19,1.792914628982544,-3.9829799765325524,0.01343470289156558,5664
RBM22,6.159325122833252,-0.5842663985783333,0.029175221221314922,5664
RBM23,1.3139718770980835,-6.210981398644911,0.0030939885631615476,5664
RBM25,1.3127564191818237,-6.136957223194069,0.03041176079682761,5664
RBM26,1.6434043645858765,-10.623512845947841,0.004101665663519743,5664
RBM27,2.4835216999053955,-8.874942184068885,0.005869138493542506,5664
RBM28,2.9380991458892822,-5.052888882237325,0.04034220400548427,5664
RBM3,1.6769826412200928,-12.293803154342283,0.002577295097221481,5664
RBM33,1.7103158235549927,-7.186212021937298,0.009355989660910488,5664
RBM34,,,0.0025077670959413384,5665
RBM38,-0.07542706280946732,0.6578209296584794,0.0028333508736478573,5664
RBM39,0.5062583088874817,-5.819768416369871,0.007130175964345036,5664
RBM4,1.341543197631836,-11.471531553916087,0.00690384993097013,5664
RBM41,1.0884490013122559,-4.161790050161698,0.004362562433307726,5664
RBM42,1.1348655223846436,-5.1907854273263805,0.012020073189922077,5664
RBM45,1.1387556791305542,-3.7588851043468545,0.0019330656702328194,5665
RBM48,1.4208003282546997,-2.451651236543961,0.00889888906663518,5664
RBM4B,1.187916874885559,-3.5463677909796707,0.0027170620855837273,5665
RBM5,2.5743706226348877,-5.727284426593246,0.006669296901038594,5664
RBM6,2.085327625274658,-9.448936677039452,0.0034908612574209258,5664
RBM7,2.9172184467315674,-4.118107004402773,0.007093078800607012,5664
RBM8A,0.38351213932037354,-2.413598870749509,0.018333820783217637,5665
RBMX,0.7671613097190857,-7.966582129067784,0.008577956835618126,5664
RBMX2,1.5849738121032715,-4.454070340496727,0.012377852193841887,5664
RBMXL1,2.1601812839508057,-4.306886297281855,0.003742325836409059,5663
RBP5,,,0.00280489769759407,5665
RBPJ,1.0982332229614258,-5.964292829934604,0.0032110656392632837,5664
RBPJL,,,0.003646931145129178,5665
RBPMS2,2.344796657562256,-4.682919466231013,0.0014962631080712913,5665
RBX1,0.6239436864852905,-5.808542279943061,0.009380464546081022,5664
RC3H1,1.2128163576126099,-3.177559036519934,0.006904221170350045,5664
RC3H2,2.7457058429718018,-4.74677782287694,0.00321944899293388,5664
RCAN1,0.040636077523231506,-0.11334124895274178,0.009532044817591541,5665
RCBTB2,1.1122276782989502,-4.142415423568395,0.001264013472849217,5665
RCC1,0.496669739484787,-3.9989835454216442,0.0032231249286279583,5664
RCC1L,1.8863743543624878,-5.289122983464111,0.006170040319694733,5664
RCC2,1.1364549398422241,-10.35518056718993,0.002178247861171043,5664
RCCD1,0.18061242997646332,-1.5589903826613167,0.002715334298783106,5664
RCE1,1.2564460039138794,-5.145572141216216,0.0017239668795463177,5664
RCHY1,2.907259225845337,-7.103659623551618,0.0022360713712509333,5663
RCL1,1.6626465320587158,-2.8713911360946662,0.028207214116567753,5664
RCN1,2.71596622467041,-8.13365030393406,0.0009604349765242947,5664
RCN2,2.85605788230896,-8.033115749210046,0.003123019851870504,5664
RCN3,,,0.0020955884923465396,5665
RCOR1,0.4426736831665039,-1.7794424938299425,0.00915503961144451,5664
RCOR3,1.6236467361450195,-4.554703127113573,0.006905237354572497,5664
RCSD1,3.1473641395568848,-9.916840644241471,0.0016812595486207437,5665
RDH10,1.735222578048706,-1.729400396751801,0.015118196229375751,5665
RDH11,3.2704126834869385,-5.65583728696712,0.002896210462979601,5664
RDH13,0.8415128588676453,-5.946434990785459,0.0008706844788832533,5664
RDH14,5.552788257598877,-0.8045946094216488,0.018923090345419655,5664
RDX,2.094618558883667,-13.842816166123871,0.0014873288187374548,5664
RECQL,2.0727739334106445,-4.617124800430175,0.0038905189279737967,5663
RECQL4,1.680923581123352,-7.09330678572511,0.0023444414911013432,5664
RECQL5,1.581174373626709,-2.231118836831298,0.0071845714638979,5664
REEP3,1.877010703086853,-5.284990790583319,0.003176075080116087,5663
REEP4,2.0411434173583984,-5.379318513231165,0.002686243355185317,5665
REEP5,1.6641887426376343,-12.519821532666697,0.003224524135975023,5664
REEP6,2.9924228191375732,-4.225846601955313,0.0030674542578298966,5665
REL,1.4847100973129272,-5.105693899846886,0.003072836131581411,5664
RELA,1.2240058183670044,-4.700739307261976,0.0023379049035862427,5665
RELB,,,0.0010750331157689899,5665
RELL2,,,0.01408789171335973,5664
RELN,3.1665799617767334,-7.062059750301434,0.0022439764290158562,5665
RELT,,,0.0027051811174809265,5665
RENBP,,,0.0015669559296400094,5665
REPIN1,2.7697322368621826,-9.153135549576911,0.0015453273181677502,5664
REPS1,2.4350194931030273,-4.858572243062478,0.002848682297862145,5664
RER1,1.2832646369934082,-8.204548882119388,0.006134320893284987,5664
RERE,0.20805257558822632,-1.436831986066956,0.003427183577842504,5664
RESF1,2.3976166248321533,-9.47002259367476,0.0038745260240363273,5664
REST,1.0053209066390991,-10.729700728795162,0.0018240221874832228,5664
RETREG2,1.624792456626892,-5.361278187059766,0.002169431324004761,5664
RETREG3,3.0742175579071045,-3.072147634216715,0.003411060099671318,5663
RETSAT,2.9427242279052734,-2.9403113003978802,0.00414661354822046,5665
REV1,1.8681617975234985,-5.866855324167883,0.003713926151331873,5664
REV3L,1.0157264471054077,-6.455107271117212,0.0019967465605243706,5664
REX1BD,2.3893682956695557,-8.847374155887637,0.0037348935557138755,5665
REXO1,0.2189345508813858,-2.0421317886697254,0.0032879669687671752,5664
REXO2,2.8173089027404785,-7.400891458988643,0.013489620617765137,5664
REXO4,1.8091760873794556,-5.378236463571512,0.004878829760504279,5664
RFC1,0.7559598088264465,-6.795386114878578,0.004772014069870754,5664
RFC2,2.429334878921509,-8.994507184796488,0.012382399082528035,5664
RFC3,2.51841402053833,-7.072696808672244,0.015999569326753244,5664
RFC4,1.707099437713623,-8.189307189847108,0.00918673852155265,5664
RFC5,1.8963227272033691,-7.268163574833548,0.00996349409560608,5664
RFESD,2.362189292907715,-10.229348148450239,0.0014362694739579439,5665
RFFL,,,0.011900427803901261,5665
RFK,2.4973084926605225,-2.4918347550593043,0.015907062008189133,5664
RFLNB,0.4651091992855072,-1.3056888939086857,0.003967212602956292,5665
RFNG,1.0417909622192383,-3.1078018159239718,0.003142505004818017,5663
RFPL4B,,,0.0038406414096108375,5665
RFT1,2.314054489135742,-5.65345005430522,0.0031895287640192984,5664
RFWD3,3.332768201828003,-3.3275139034789225,0.008808074161211484,5664
RFX1,1.8992669582366943,-3.2835786505020725,0.0035888110646694945,5665
RFX2,1.1331132650375366,-2.763667611537705,0.003048595489556308,5665
RFX3,,,0.0030008663884590055,5665
RFX4,,,0.0036401844528517213,5665
RFX5,4.632782459259033,-1.8702011202940225,0.0030412724816563028,5665
RFX6,,,0.0034018140772870526,5665
RFX7,4.622132301330566,-1.5466968688022136,0.004913086522790261,5664
RFX8,,,0.0022145979923660756,5665
RFXANK,2.805651903152466,-7.383816915457849,0.003505248470145862,5664
RFXAP,2.200282335281372,-5.370371806320957,0.002757075597037473,5665
RGCC,,,0.003015407524627395,5665
RGL2,0.8891580700874329,-4.321589650964558,0.0014123849391690709,5665
RGP1,0.40663817524909973,-1.8454661452740044,0.002431448349383603,5663
RGS10,1.3265317678451538,-16.744595656060117,0.002107098236417783,5664
RGS14,0.3222348988056183,-1.646741723692004,0.0029692063854174257,5665
RGS16,3.544891834259033,-3.5431892161690737,0.0020118794580209934,5665
RGS19,1.834079384803772,-4.475851316609493,0.0034650901235391664,5665
RGS20,1.4891630411148071,-5.930964493515681,0.00142574406590164,5665
RHAG,4.051820278167725,-4.047638793256002,0.005640583123930108,5665
RHBDD1,2.3579938411712646,-5.763975745319296,0.0016280934261992954,5664
RHBDD2,2.747066020965576,-4.7535563652551085,0.0011736192759841525,5664
RHBDD3,2.7653560638427734,-6.1702232413059255,0.0026042098685686486,5664
RHCE,,,0.0019542958643346342,5664
RHD,,,0.002084525175270372,5665
RHEB,2.0642149448394775,-8.530893864495207,0.011280890569978958,5664
RHEBL1,2.447174310684204,-2.443488371151858,0.007643928649723202,5665
RHNO1,1.8080787658691406,-3.6057567006485947,0.0029768331635661276,5663
RHOA,1.9300827980041504,-14.46001420484675,0.003997906713434383,5664
RHOBTB1,,,0.0027062659741373643,5665
RHOBTB3,2.2592313289642334,-14.567878065028232,0.0030276678243348603,5665
RHOC,2.0765607357025146,-11.044576757379913,0.0020178417697390926,5664
RHOG,0.34252849221229553,-5.913070902155166,0.0006160929347894355,5664
RHOH,0.839474618434906,-2.871488865270249,0.005244991295781739,5665
RHOQ,0.9142680168151855,-7.491573862692161,0.001127062133005958,5664
RHOT1,1.4571833610534668,-8.158118293729707,0.0015040067653788274,5664
RHOT2,1.7434171438217163,-10.498383725069324,0.0013390625070635537,5664
RHOXF1,,,0.0017193445671670237,5665
RHOXF2B,3.276149034500122,-4.626543112973618,0.004877523847435432,5665
RHPN1,,,0.0008424178145488559,5665
RIC8A,1.8943517208099365,-7.310661168288443,0.0011302591252409166,5664
RICTOR,1.9616276025772095,-6.166485448149988,0.0037400783886178623,5664
RIDA,2.1912450790405273,-4.350163443259896,0.008177499495158802,5663
RIF1,3.5666847229003906,-11.761578136636587,0.0038428903190955528,5664
RILP,1.9644265174865723,-3.9190733477605972,0.002795325468170191,5665
RILPL2,2.351977586746216,-5.246458308819276,0.002141197597479989,5665
RIMKLB,2.1610586643218994,-3.7336810195711503,0.0035053423544160567,5665
RING1,1.8324323892593384,-6.817142467504605,0.0018489970068675228,5664
RINT1,2.372123956680298,-5.291675181938732,0.006600695430170151,5664
RIOK1,0.8263658881187439,-6.4883625589500395,0.02150642667006912,5664
RIOK2,2.171146869659424,-5.285550587013343,0.04243974536886596,5664
RIOK3,2.0730671882629395,-5.051377283766256,0.004339435624455751,5664
RIOX1,,,0.0029045918905487127,5665
RIOX2,2.7630670070648193,-6.162898680356156,0.0023926275720925084,5665
RIPK1,0.6168416142463684,-4.548936945050943,0.0012346530398729544,5664
RIPK2,0.6839712858200073,-3.3099669223508132,0.0022916868721927957,5665
RIPOR1,,,0.0025158455370925697,5665
RIPOR3,2.8234403133392334,-4.884670973447385,0.0020682975288413585,5665
RIT1,2.580420732498169,-2.577827726560031,0.004881511472887028,5665
RLF,1.9628773927688599,-7.278275833985226,0.0036569531313885304,5664
RLIM,1.1445281505584717,-4.5358229578310345,0.002970528337062393,5664
RMDN1,2.978146553039551,-6.640460298851898,0.0026476932052988656,5663
RMDN3,5.394621849060059,-1.9298389231097663,0.005923188301203124,5664
RMI1,2.2286758422851562,-7.366823561398773,0.0021904066738865267,5663
RMI2,1.6253077983856201,-6.250152425187884,0.0034830887695240925,5664
RMND1,5.832720756530762,-1.9518025900261837,0.005026069953779604,5663
RMND5A,0.3263171911239624,-2.772240673563011,0.0018834848990739157,5664
RMND5B,1.8338043689727783,-5.481669288173571,0.002024085673629361,5664
RNASE1,5.106387615203857,-1.435101705297665,0.005789296627603845,5665
RNASEH1,1.3101779222488403,-6.467453994781141,0.01173815361057405,5664
RNASEH2A,,,0.003947786355664861,5664
RNASEH2B,1.9564100503921509,-7.9236404442466535,0.005831242289701495,5664
RNASEH2C,2.2321043014526367,-11.243171187984064,0.004173854341267787,5664
RNASEK,0.795887291431427,-3.441371371017287,0.02976816240695701,5663
RNASET2,2.2032575607299805,-5.7929828083419705,0.004063551171139032,5664
RND2,,,0.00789581174726186,5664
RNF10,1.9559563398361206,-10.064147647359379,0.001935388148942564,5663
RNF103,,,0.0018468885307003648,5665
RNF11,1.5016306638717651,-4.489073275800625,0.0024197091306238775,5664
RNF111,1.78209388256073,-4.702303861326063,0.0016382654329124197,5664
RNF113A,1.4539719820022583,-2.509369346330201,0.007350546703644474,5664
RNF114,1.8276631832122803,-9.567563932932105,0.002208673509902052,5664
RNF115,2.4418857097625732,-8.75330005766728,0.002033021961524657,5663
RNF121,1.4773207902908325,-3.8911616466090435,0.0027399637069537145,5664
RNF123,1.5822250843048096,-6.297432722161431,0.0017538921780483458,5665
RNF125,2.1338589191436768,-4.760328771888324,0.0019804597946426147,5664
RNF126,1.8980915546417236,-12.880567729305243,0.0026238186253140484,5664
RNF13,3.2503573894500732,-5.6214689766405534,0.002324500835878792,5664
RNF130,2.153118133544922,-7.7055694167419215,0.0025395342061479372,5665
RNF138,0.5463548302650452,-4.27507333976951,0.0015067574741096143,5664
RNF139,0.8588461875915527,-4.809880099725651,0.0013134010680112577,5664
RNF14,2.254042387008667,-8.70121623341079,0.001453254382350439,5664
RNF141,1.8212271928787231,-6.537258211468494,0.001680085659290981,5664
RNF144A,0.4086194336414337,-2.377883744821085,0.0021537661833804906,5664
RNF145,1.6518621444702148,-9.66251391897858,0.001701261191193155,5664
RNF146,2.7054128646850586,-3.8225346248350194,0.003378212066517867,5664
RNF149,2.9026858806610107,-2.8987410035971326,0.006561955803422484,5664
RNF157,1.5707621574401855,-6.0434034112082555,0.002575647904981646,5665
RNF166,0.9821634888648987,-5.066674804683746,0.0012894178292014455,5664
RNF167,1.388137936592102,-3.8977478204227873,0.004817954947207837,5663
RNF168,1.0943255424499512,-5.694262111026061,0.0031161244929177882,5664
RNF169,1.9579806327819824,-5.840472145427107,0.0031160345199369843,5664
RNF170,1.49618661403656,-6.489159667151271,0.0010488168498174165,5664
RNF181,2.6782751083374023,-10.647980843397619,0.001671198458963711,5664
RNF182,,,0.0029185770761296892,5665
RNF185,,,0.003922978424836818,5665
RNF187,0.8853282332420349,-9.94263470555716,0.001361498489084712,5664
RNF19A,2.964324474334717,-4.188356625556303,0.002143899722841993,5664
RNF19B,2.0066959857940674,-4.905206143678623,0.0017459961173753973,5665
RNF2,2.0362138748168945,-4.532798469659726,0.0041784061594177975,5664
RNF20,1.717097520828247,-4.180280699320649,0.023416268163485948,5664
RNF207,,,0.0008093265033419042,5665
RNF208,0.4870893657207489,-1.526836589132224,0.004982634097895521,5665
RNF213,2.1338179111480713,-4.759512970377089,0.002284653371952802,5664
RNF214,2.5077781677246094,-6.122653346879554,0.0028258442444612122,5663
RNF216,1.7996742725372314,-10.084057626385018,0.0014823599873470112,5664
RNF217,1.301026463508606,-6.047338016633391,0.001897697175947332,5665
RNF220,0.13636605441570282,-1.3316945515441014,0.0021182362711727907,5664
RNF24,4.19971227645874,-4.194367195925183,0.005676921687685251,5665
RNF25,0.47021254897117615,-1.8653992804522062,0.002364482998223264,5665
RNF26,3.0231969356536865,-3.0189369729817885,0.00688483704095637,5664
RNF31,1.1415965557098389,-3.4064595487628453,0.010772369188134888,5663
RNF34,5.984777927398682,-0.9075454687836914,0.022926644828092133,5664
RNF4,0.25801241397857666,-0.7139385949771971,0.015068580519172146,5664
RNF40,1.2927924394607544,-6.402283154320502,0.009253737872249491,5664
RNF41,2.5543365478515625,-7.2012910167479465,0.003713643366482001,5663
RNF44,0.1428225338459015,-0.6309531168320007,0.0035695309280748214,5665
RNF5,2.291435718536377,-7.858173181091611,0.003765916603102497,5663
RNF6,1.4753749370574951,-3.8829524243231885,0.003602545183711097,5665
RNF7,2.171893358230591,-13.450522897440122,0.002768210520408011,5664
RNF8,1.826287865638733,-12.092000550532848,0.0012104585882677594,5664
RNFT1,1.9318760633468628,-4.305991554084687,0.003294567136928777,5665
RNFT2,,,0.0023222698324827473,5665
RNGTT,1.55496346950531,-5.977757290243979,0.00501976008572788,5664
RNH1,1.5905804634094238,-7.373142658524361,0.002535506894283139,5664
RNMT,1.9335720539093018,-6.658489822082201,0.012526270669558097,5663
RNPC3,0.9732831716537476,-2.1638892483448298,0.00982990581791936,5664
RNPEP,2.4018661975860596,-10.65540748015347,0.0019589207600628545,5664
RNPEPL1,1.5480835437774658,-3.769760210308019,0.004490581394229358,5665
RNPS1,0.5768064260482788,-8.91200765475155,0.005968662957225523,5664
RO60,1.4646023511886597,-13.485282718783852,0.0015006597099333832,5663
ROCK1,1.6887654066085815,-8.320394476599317,0.0033321813754880222,5664
ROCK2,1.3190191984176636,-9.117667386902731,0.0035351826211836804,5664
ROGDI,2.873676061630249,-4.06018387946718,0.0026135445857990458,5665
ROMO1,1.549612283706665,-7.908390096481509,0.012971823487156628,5663
ROR2,1.190114974975586,-4.41953449147881,0.0030841524982273927,5665
RORA,,,0.003997943033568143,5665
RORB,,,0.004058505622460136,5665
RORC,,,0.002211308578152628,5665
RP9,0.7357563972473145,-1.7691386803776492,0.014913540831056735,5664
RPA1,0.3714800477027893,-3.615745319852418,0.001641350522465858,5663
RPA2,0.9563929438591003,-6.548147867015426,0.005572336561330816,5664
RPA3,0.9419436454772949,-6.52161359589081,0.006572625881878017,5664
RPAIN,1.613541841506958,-8.659373947896432,0.005244915027182565,5663
RPAP1,1.1257306337356567,-2.5002774757963264,0.019226317333191446,5664
RPAP2,1.0234533548355103,-4.730970208291302,0.016553824876187492,5663
RPAP3,6.081782817840576,-1.1213127099754134,0.07705735531839104,5664
RPE,2.446615695953369,-6.892430884311238,0.002603599314898527,5664
RPF1,1.4348129034042358,-4.237587007287307,0.01818819618276172,5664
RPF2,0.7640198469161987,-2.543204286858243,0.01998091039188872,5664
RPGR,,,0.0022019812348536946,5665
RPGRIP1L,4.545473575592041,-1.760262118439872,0.0032702189304534943,5664
RPIA,2.1569695472717285,-8.31075778368273,0.002455432930733154,5664
RPN1,1.8250937461853027,-7.1887272650865,0.007171089856598993,5664
RPN2,1.5482698678970337,-15.371363549650576,0.002587720942887447,5664
RPP14,1.7868456840515137,-3.0840335814588635,0.019878700002665138,5665
RPP21,1.936468482017517,-6.63605109354196,0.007967111802878584,5664
RPP25,3.8566527366638184,-6.670554943351635,0.0020776667605466597,5665
RPP25L,3.0870652198791504,-3.0821102453745457,0.007831044419195904,5664
RPP30,2.0488479137420654,-4.5584945414775495,0.033608571187353393,5664
RPP38,1.0752203464508057,-3.1763249812607923,0.012420852658016106,5664
RPP40,5.6062798500061035,-1.240877473964174,0.025592630983048988,5664
RPRD1A,1.6240392923355103,-4.551300744712073,0.008909187267307243,5664
RPRD1B,2.119434356689453,-2.9878670184281533,0.01794392367059458,5663
RPRD2,0.831221342086792,-3.647270159940987,0.006103850897430285,5664
RPTOR,1.7738533020019531,-2.5035776126372777,0.017300669265916307,5664
RPUSD1,1.2364990711212158,-8.201020353402695,0.0012934393447250315,5665
RPUSD2,2.247288227081299,-3.8846808462848488,0.002835047640304367,5663
RPUSD3,2.173492908477783,-8.63795155543443,0.0028083521601407224,5664
RPUSD4,2.8047022819519043,-5.5966375760251506,0.005178612394853303,5663
RRAGA,1.17683744430542,-2.6114398437743347,0.00916501009203016,5664
RRAGB,,,0.005509070297197721,5665
RRAGC,1.489109992980957,-6.619005446419411,0.0017389852913846564,5664
RRAGD,2.0227017402648926,-4.037929904497001,0.001995305403797143,5665
RRAS,,,0.0026914988830014103,5664
RRAS2,2.55488657951355,-5.098914134381922,0.0031585373306613103,5664
RRBP1,2.618597984313965,-8.236199147786444,0.002773672096826227,5664
RREB1,0.016233911737799644,-0.15570637745640659,0.0037054939977809805,5664
RRM1,0.6033661961555481,-3.6644931359568345,0.008008329909349916,5664
RRM2,0.07929661124944687,-1.5434893220828745,0.0010985652691766238,5664
RRM2B,1.9431755542755127,-4.747799463938704,0.0017036190098450926,5664
RRN3,0.3510943353176117,-0.9178280560894919,0.009378411075739635,5665
RRNAD1,1.0176931619644165,-2.862280901892026,0.0032942429554411886,5664
RRP1,1.7519904375076294,-8.23363350001012,0.00918223453738369,5664
RRP12,1.9076359272003174,-3.292543491549828,0.04876383570659682,5663
RRP15,1.5297516584396362,-3.685974740599175,0.020061826099281983,5664
RRP1B,2.245556354522705,-11.42267590506012,0.0034646732059629226,5664
RRP36,1.5096737146377563,-4.918634930024171,0.013186427421955008,5663
RRP7A,1.5424569845199585,-5.460323709979356,0.027463947541284065,5664
RRP8,2.694201946258545,-5.377866269603554,0.002545302772045811,5664
RRP9,1.4206414222717285,-8.13317999283573,0.010237476031044636,5664
RRS1,1.5218448638916016,-4.9659460993878906,0.035132460133602175,5664
RSAD1,2.138113498687744,-4.267204863374613,0.0029812547535462432,5664
RSBN1,2.364414691925049,-5.270561487055745,0.0028635823416223198,5664
RSBN1L,1.0090090036392212,-7.102127078913085,0.002805830944857799,5664
RSF1,0.9470008015632629,-5.333646095714185,0.00695421180369555,5663
RSL1D1,0.3624763786792755,-10.875263117481529,0.0018663765092991084,5664
RSL24D1,0.8929541110992432,-7.348226031287615,0.016154772158918102,5664
RSPRY1,2.470275640487671,-4.269085698775703,0.0033181161102657925,5664
RSRC1,1.8297333717346191,-5.418537348758957,0.008281226497338102,5664
RSRC2,1.5517781972885132,-10.452028176636324,0.00485823418481107,5663
RSU1,1.1293668746948242,-1.5839429140835557,0.019789866297061247,5664
RTCA,2.447007179260254,-6.8823967402889,0.0032130308113705315,5664
RTCB,2.922621250152588,-10.490884077784981,0.011524585334717697,5664
RTEL1,,,0.0018757979429337146,5664
RTF1,0.49892598390579224,-2.516628724468689,0.0109711938177602,5663
RTF2,1.6104466915130615,-10.420731224623783,0.0030200379736823736,5664
RTKN2,4.79969596862793,-1.4074006286516583,0.00627921959814525,5664
RTL10,3.703331232070923,-3.693840581648794,0.011736808922842089,5665
RTL8A,2.210071086883545,-5.398230990367613,0.003586211558747344,5665
RTL8C,2.065031051635742,-5.4500633052921215,0.0015817306208089246,5664
RTN2,1.8029354810714722,-4.748309326811419,0.0034616820581066994,5665
RTN3,3.672039747238159,-7.317818212572185,0.0042245229460186684,5664
RTN4,0.2610684931278229,-4.105730947995627,0.0038015513234193107,5664
RTN4IP1,1.676911473274231,-3.343921065418126,0.0034130529323035752,5663
RTRAF,2.6481564044952393,-15.4834043373279,0.010131558334677432,5664
RTTN,-0.1667296439409256,0.9289646209199252,0.0022546805664612787,5665
RUFY1,0.5367842316627502,-3.963921395845137,0.0018621887063490633,5664
RUFY2,1.331032156944275,-3.7477265230405488,0.00249731614997973,5664
RUFY3,0.8248441815376282,-6.244754818743756,0.0011092825839421699,5665
RUNDC1,1.7452287673950195,-3.889882871403255,0.0032211631586045748,5664
RUNX1,-0.06496486067771912,0.7562615262535564,0.0030665259661428195,5664
RUNX2,0.5102099776268005,-2.079461976843738,0.0036130023841707496,5665
RUNX3,,,0.0017036077724107992,5665
RUSC1,0.5855634808540344,-3.3705019304489445,0.0018022232220498296,5664
RUVBL1,1.0087175369262695,-5.891940924869317,0.02038978617624097,5663
RUVBL2,0.6760273575782776,-1.3994724211184308,0.027835563564985455,5664
RWDD1,2.7110819816589355,-12.280757677395943,0.0029356287834461895,5664
RWDD2B,2.9128034114837646,-4.1130618900157065,0.0032199904044298024,5665
RWDD3,2.341280698776245,-3.299949938096806,0.0077777601289816,5664
RWDD4,1.458141565322876,-7.740445471291306,0.002708179062293167,5663
RXRA,0.4493621587753296,-1.2595742050333374,0.004728660599808024,5665
RXRB,1.7288849353790283,-2.986389558402461,0.003681603091325901,5664
RXRG,,,0.005870148743073015,5665
RXYLT1,2.312725305557251,-6.911904467342749,0.0018940631528695762,5664
RYBP,-0.18482892215251923,1.2235857671479102,0.0038432634175927087,5664
RYK,1.98481285572052,-7.389603601106589,0.0015937289382209933,5665
S100A1,,,0.0036795458692252085,5665
S100A10,1.0700408220291138,-7.12309497803978,0.0017819206147543214,5664
S100A11,2.829961061477661,-16.224503548425897,0.00275942509926731,5664
S100A13,2.1572659015655518,-8.568002120167023,0.0019908939039247667,5663
S100A4,3.838874578475952,-3.837256625094061,0.002246958842859976,5665
S100A6,,,0.005196962496349284,5665
S100P,,,0.01537561987920915,5665
S100PBP,2.3710365295410156,-5.279076654412997,0.00408526534578274,5664
SAAL1,1.025606393814087,-5.372384664205664,0.0015144968854887296,5664
SAC3D1,0.7509896755218506,-5.211456669467932,0.0039026991110678007,5664
SACM1L,1.8292794227600098,-6.558453865533837,0.0055694983351036835,5664
SACS,-0.06076984852552414,0.6641056616690416,0.002296898043113403,5664
SAE1,1.870485544204712,-7.794366970991376,0.014754985847902706,5663
SAFB,2.107245445251465,-9.903448573373838,0.00609768682391264,5663
SAFB2,1.1922812461853027,-7.963069138875384,0.005215371193467756,5663
SAGE1,,,0.003104504784449151,5665
SALL1,,,0.007838217839502103,5665
SALL2,3.843428134918213,-3.84177804871684,0.0018783565904395207,5665
SALL3,,,0.00386871624836371,5665
SALL4,,,0.008069344359960581,5665
SAMD1,0.3114783763885498,-2.8957799153180512,0.002599055264548246,5664
SAMD4B,1.2877280712127686,-5.5517178576597805,0.005998516427781453,5664
SAMHD1,2.362861156463623,-4.0860790671565566,0.0022099061067702716,5664
SAMM50,2.0896260738372803,-6.214295210196673,0.019999836616780432,5664
SAMSN1,2.737793445587158,-8.155681226995172,0.0036560564742740163,5665
SAP130,0.5968470573425293,-2.8949411257750386,0.002905524076096327,5664
SAP18,0.9201939702033997,-6.923162006113819,0.013524089059702515,5664
SAP30,2.8612446784973145,-2.8538930683952626,0.0143018208466634,5664
SAP30BP,1.0095380544662476,-3.9722190137792106,0.0060664474138640455,5664
SAP30L,1.11109459400177,-3.1248853694976626,0.0031409001091735347,5665
SAPCD2,2.305068016052246,-6.504134436567338,0.001266701402900431,5665
SAR1A,1.0478755235671997,-6.861169917673847,0.0027529931139218472,5665
SAR1B,2.0438320636749268,-9.915768855480781,0.0018791323852598658,5663
SARNP,2.1575491428375244,-11.43875754449671,0.0032218393480747936,5663
SARS,0.7257006764411926,-1.9750142445636458,0.05129761377553642,5665
SARS2,1.5294753313064575,-6.624201003388017,0.0027131069314165366,5664
SART1,0.17991843819618225,-1.561700415106227,0.002821040921261805,5664
SART3,1.3494278192520142,-6.364024589585604,0.012507638759089452,5663
SASS6,2.2509865760803223,-6.327017616752187,0.004046435427791262,5663
SAT1,2.3597002029418945,-6.65535899612497,0.0013808241337945118,5664
SAT2,,,0.005793815657604569,5665
SATB1,,,0.001160208426885828,5664
SATB2,1.067705512046814,-6.753379988620034,0.0014463984972599919,5665
SAV1,0.7292140126228333,-3.56907564525535,0.0037971526792692587,5665
SAYSD1,4.772290229797363,-1.7467588232917397,0.0036304915371225873,5665
SBDS,1.7514609098434448,-13.776453484147154,0.0018256385074426427,5664
SBF1,0.3129693567752838,-1.602194324653129,0.0023118487113126646,5664
SBNO1,1.101407766342163,-15.891145745040053,0.003024020797925102,5664
SBNO2,0.19917763769626617,-0.8353322581437425,0.002689344445967291,5663
SC5D,2.130382776260376,-4.2507364064506925,0.002966459037735318,5664
SCAF1,0.9560564756393433,-4.112568731514714,0.004176238376580909,5664
SCAF11,1.0939786434173584,-11.597268873015992,0.004015003358777732,5664
SCAF4,1.4609251022338867,-7.230826837592856,0.003428635821874112,5664
SCAF8,2.632596969604492,-5.253136022791998,0.006798451443912084,5664
SCAI,0.8843369483947754,-4.7849112889994005,0.0017228773896431902,5664
SCAMP1,2.3458166122436523,-2.3382354583743967,0.01644955338930974,5664
SCAMP2,0.533741295337677,-5.114022482196324,0.0012545091989762105,5664
SCAMP3,2.6587142944335938,-5.929885205232986,0.0022980807940812553,5664
SCAMP4,3.0871047973632812,-6.157805385952011,0.003208952283260033,5664
SCAND1,1.7006289958953857,-14.201072341523709,0.0014879222682762662,5664
SCAP,1.6867618560791016,-7.856638506406333,0.0035367983787168637,5664
SCAPER,5.160496711730957,-1.4036630517424347,0.006150040777387502,5664
SCARB1,2.17490553855896,-7.491583767002618,0.0025797455347617536,5665
SCARB2,2.721407175064087,-5.435009702815995,0.001989813343533197,5664
SCCPDH,3.5058300495147705,-7.820221534130033,0.0026568169734271074,5665
SCD,0.41760003566741943,-1.787886893952506,0.02376079564909473,5664
SCFD1,0.5400643348693848,-4.013661226391859,0.005420464967273555,5664
SCFD2,4.629427433013916,-1.7381608472479917,0.002823147076307967,5664
SCG3,,,0.0054370047138637394,5665
SCIN,,,0.0034500545236737777,5665
SCLT1,2.2816338539123535,-5.572149575590732,0.00235118513776639,5664
SCLY,1.6425120830535889,-5.651678704720144,0.002885180148728684,5664
SCMH1,0.00533811142668128,-0.041269897237280605,0.0025402040311647165,5664
SCML2,0.5607972145080566,-1.1143825530955256,0.007519843410762484,5665
SCML4,,,0.003785342748652786,5665
SCNM1,1.714232325553894,-9.602106183232332,0.0014054219094979548,5664
SCO1,2.235060453414917,-7.695667847105363,0.0034991351135737862,5665
SCO2,0.6315032243728638,-3.8912153737822237,0.0030009910218138708,5664
SCOC,3.279937505722046,-7.32029932917922,0.002452809575535176,5664
SCP2,0.18500959873199463,-2.579523677347831,0.0022553600888927912,5664
SCRIB,2.2171623706817627,-3.833182453008035,0.003166025294991935,5664
SCRN2,,,0.0018627292036188863,5665
SCRN3,1.2685664892196655,-2.1907633492316174,0.004371605485163576,5664
SCRT1,,,0.0018789344817368278,5664
SCRT2,,,0.002076148162529386,5665
SCYL1,2.2353076934814453,-4.978281387516809,0.006473872934127477,5664
SCYL2,2.1458849906921387,-6.415202053963678,0.0019379012101684609,5664
SDAD1,1.1173404455184937,-7.486023553832747,0.021068835395892258,5664
SDC1,,,0.004566437938004005,5665
SDC3,,,0.003807800175878556,5665
SDCBP,2.151998519897461,-12.415033573109326,0.0021841471805399398,5664
SDCCAG8,4.122560977935791,-4.119796965441524,0.0033013135095902382,5663
SDE2,1.9879865646362305,-7.644711811801843,0.0032928301969325996,5664
SDF2,1.4037196636199951,-4.605874348199719,0.005368471924654446,5663
SDF2L1,2.559121608734131,-15.270558800675163,0.00578968363475594,5664
SDF4,2.382664918899536,-8.522147583329717,0.0036322809857639903,5664
SDHA,1.6711816787719727,-8.504538717299177,0.006209181517021777,5663
SDHAF1,5.522474765777588,-0.8002022085266968,0.020368162299911844,5665
SDHAF2,1.5133836269378662,-7.345221776086193,0.0018542937816509193,5663
SDHB,1.2318600416183472,-3.60118519019316,0.014384183994138591,5664
SDHC,2.6710569858551025,-11.531486047573244,0.0070350902947602005,5665
SDR39U1,1.8896996974945068,-5.315447237346936,0.007279293634367796,5664
SDSL,,,0.0057528348845156604,5665
SEBOX,,,0.008189445435407833,5665
SEC11A,2.40470027923584,-24.30547384367035,0.0020544747537949463,5664
SEC11C,2.7290146350860596,-2.7251990481828563,0.006600856031055254,5664
SEC13,1.6316975355148315,-3.2055356772541894,0.03022323567160638,5664
SEC14L1,0.7673078775405884,-7.622988272288156,0.0012639766052766708,5664
SEC16A,0.5481465458869934,-4.172360593298679,0.001307342838612505,5664
SEC22A,,,0.004886030373368526,5665
SEC22B,1.1200305223464966,-3.3335315488144945,0.005691500215644534,5664
SEC22C,3.011911630630493,-4.24900609995641,0.006453997087357905,5663
SEC23A,3.2347230911254883,-4.569362608091554,0.0031148240733132673,5663
SEC23B,2.179837942123413,-6.517163781206875,0.0016687247184384616,5664
SEC23IP,3.5072948932647705,-3.503972041893808,0.004583572380687502,5663
SEC24A,1.841415524482727,-2.5991512285631284,0.00438854166878024,5663
SEC24B,2.0801780223846436,-2.9352854581331354,0.005498297838276092,5664
SEC24C,1.8672233819961548,-2.632954856909588,0.007864153364621254,5664
SEC24D,,,0.004828221264607635,5665
SEC31A,0.5032429099082947,-7.33833506223841,0.0013641131840963678,5664
SEC61A1,0.4502520263195038,-3.5935829551155085,0.003099733234113202,5664
SEC61B,1.8974298238754272,-20.049519815247788,0.004378042925455137,5663
SEC61G,1.3349425792694092,-7.622598561630012,0.02400883692942532,5664
SEC62,2.940046787261963,-2.9238281759401743,0.02443592594824428,5664
SEC63,1.3213276863098145,-8.445202301304484,0.004953679917467909,5664
SECISBP2,1.7715680599212646,-7.852436342073144,0.002293550659413816,5664
SECISBP2L,3.3604495525360107,-3.358843526675046,0.0020335146047963265,5664
SEH1L,1.395390510559082,-3.6644500679881107,0.011410060129145798,5664
SEL1L,2.8002312183380127,-6.251587628292548,0.0028211538185673214,5664
SEL1L3,,,0.002926938976049917,5664
SELENBP1,,,0.0033730665501288805,5665
SELENOF,0.4398014545440674,-5.5591370528258395,0.0021923244895800708,5663
SELENOH,2.462257146835327,-16.532546416446895,0.002227723369316503,5664
SELENOI,1.3508057594299316,-3.555772704279838,0.0033443249035327418,5664
SELENOK,2.358032703399658,-7.02230275412725,0.0044409559969426395,5664
SELENOM,,,0.004750602736041009,5665
SELENOO,1.98318612575531,-4.421790810857756,0.00258490973869357,5664
SELENOP,2.476062059402466,-6.531193552672643,0.001971606794395913,5665
SELENOS,2.368837594985962,-6.227733121597459,0.00402183678434631,5664
SELENOT,0.050682082772254944,-0.4253066176288537,0.0025798734317956937,5663
SELENOW,1.8502691984176636,-6.564759781729915,0.006053180951990636,5664
SELPLG,,,0.002843659745939273,5665
SEM1,1.5246518850326538,-5.523306761617321,0.04476485665605881,5664
SEMA4B,,,0.0028484014066235894,5665
SEMA4C,0.4569236934185028,-3.346789487086098,0.0009013459116907832,5665
SENP1,2.3104538917541504,-3.991195745770518,0.005186750383360077,5663
SENP2,1.9462015628814697,-5.804149545910941,0.003207345509572346,5664
SENP3,,,0.001460929122456188,5665
SENP5,1.3114815950393677,-3.435281131489256,0.01006423193357508,5664
SENP6,1.5186638832092285,-8.302377329406703,0.003584588181157275,5664
SENP7,2.493734121322632,-7.862016245343205,0.0016890161193685576,5664
SEPHS1,2.252333164215088,-5.482516045855499,0.008325491959348695,5664
SEPHS2,2.7012200355529785,-13.108097156038266,0.0021604174648769633,5664
SEPSECS,4.718459129333496,-2.252781535768132,0.0019848856640961596,5664
SEPTIN1,,,0.0006981821645263231,5665
SEPTIN11,2.699051856994629,-11.335257271984327,0.0027798928765849426,5664
SEPTIN2,0.7128353714942932,-2.4604151873338145,0.02330693433491289,5663
SEPTIN5,0.5498670935630798,-3.9940569106975823,0.0016264742852177268,5665
SEPTIN6,2.225011110305786,-9.306840265409367,0.004058294925770167,5664
SEPTIN7,2.3153789043426514,-14.983764597561402,0.0028146014774673906,5664
SEPTIN8,1.6886401176452637,-9.00314633821384,0.0020799098091437165,5664
SEPTIN9,-0.08156429976224899,1.0314272572380216,0.0016635938283528849,5664
SERBP1,1.8334856033325195,-36.94955503782586,0.0051772104882394435,5664
SERF2,0.08565223962068558,-2.809112447282786,0.0013079375316886216,5664
SERGEF,2.9771246910095215,-2.9750464234302876,0.0032760286701881683,5665
SERHL2,,,0.0034572023148718013,5665
SERINC1,1.8506357669830322,-5.5144349676288975,0.003501681406055708,5664
SERINC3,2.3658642768859863,-13.480408973882962,0.0014705154289162406,5664
SERP1,0.7614440321922302,-8.96403677069992,0.003699242675165127,5663
SERPINB1,3.982790946960449,-5.622310140161988,0.006866222620854366,5664
SERPINB6,2.198305368423462,-10.687679150351183,0.004804693661461364,5664
SERPINB9,2.5648744106292725,-2.5609093795988285,0.008793996734966756,5665
SERPINF1,3.2991011142730713,-7.359713279606502,0.0024680662932811386,5665
SERPING1,2.9660279750823975,-4.190822478214527,0.0018454663555988184,5665
SERPINH1,2.110933780670166,-6.635263338642329,0.0031662661136283186,5665
SERTAD1,1.7555875778198242,-2.4778548854393048,0.0049752101980881005,5665
SERTAD2,0.17114996910095215,-0.994006284932579,0.0024607246646821583,5664
SERTAD3,1.514604091644287,-2.1325747962665313,0.01162120206151257,5665
SESN1,0.11502722650766373,-0.27835883693563285,0.011412561023979207,5663
SESN2,2.193960666656494,-8.997419159524638,0.0017469505360717934,5664
SET,0.4835706949234009,-6.499651652873816,0.010054379190908423,5664
SETBP1,,,0.005593572404231286,5665
SETD1A,1.28300940990448,-2.8524877358136767,0.011852494855485762,5664
SETD1B,0.295108437538147,-0.8768710403441248,0.0060515789377766135,5664
SETD3,0.841899037361145,-4.406867485460561,0.0017370859961123308,5663
SETD4,0.5020014047622681,-2.371331733662981,0.0033748775590050893,5664
SETD5,2.451939582824707,-14.155426345352325,0.0037684098901767525,5664
SETD6,0.9517148733139038,-3.65787930353538,0.0022048862273099015,5664
SETD7,0.9792598485946655,-3.6361607039112305,0.0033832250032558658,5665
SETD9,1.691070318222046,-4.458035720599015,0.0025896930986775354,5665
SETDB1,2.243626117706299,-6.328561023980804,0.006319939454581948,5664
SETDB2,1.793900966644287,-2.5314192785160032,0.005334563029082981,5665
SETMAR,,,0.002512349049409833,5665
SETX,2.319868326187134,-13.604183151192702,0.0028993520554479665,5664
SEZ6L2,0.09795521944761276,-0.5374616628119628,0.0020022770630514102,5665
SF1,1.104759693145752,-8.689337802676919,0.009382298623398013,5664
SF3A1,0.34107547998428345,-5.462215650149023,0.001121569934997301,5664
SF3A2,0.49079838395118713,-5.5032901689587765,0.002354025748009907,5663
SF3A3,0.5937822461128235,-2.9913819216060475,0.022187201197458224,5664
SF3B1,0.3780803680419922,-4.759884704902199,0.0052539562824240275,5664
SF3B2,0.11542338877916336,-2.9719712012483464,0.001238077001471196,5664
SF3B3,0.14187586307525635,-2.099386917143245,0.001614226976566062,5663
SF3B4,0.2648180425167084,-2.069256052831144,0.0035162211283593535,5664
SF3B5,1.010111927986145,-6.186768545142328,0.01012490834583154,5664
SFI1,3.222254991531372,-3.2201778432953274,0.0028450248688481673,5664
SFMBT1,1.553314208984375,-4.643036733390726,0.0016871935819572797,5664
SFPQ,0.2900451421737671,-6.177229025036143,0.0067021605392372195,5664
SFSWAP,1.1586281061172485,-8.235855327965224,0.009280662668234933,5664
SFT2D1,2.772260904312134,-8.260500805566673,0.0034984606303065484,5664
SFT2D2,2.442061185836792,-6.88289986697357,0.002193813789774754,5664
SFT2D3,1.6362643241882324,-5.404246686542506,0.00202007813833028,5665
SFXN1,3.045586347579956,-6.072089850339354,0.004255336118609634,5664
SFXN2,,,0.002544366666880882,5664
SFXN4,2.0530147552490234,-7.054252346109809,0.00395812259565284,5664
SFXN5,1.8681087493896484,-3.726549518445738,0.002758849966169484,5664
SGK1,1.0156582593917847,-2.4765666830415407,0.0034127350426479686,5665
SGK3,0.3061498999595642,-2.780411990186115,0.001949207715392128,5664
SGMS1,0.7061447501182556,-2.422677600042371,0.0036511757267499523,5664
SGO1,1.4009188413619995,-4.784328397629324,0.005565845729090157,5664
SGO2,1.7812432050704956,-9.158763058476168,0.002491956036573272,5664
SGPL1,,,0.004578098889892637,5665
SGPP1,,,0.0014919780589443491,5665
SGSH,,,0.0030229872299753907,5665
SGSM2,,,0.002053291349563214,5664
SGSM3,1.5487449169158936,-4.356238589627447,0.0033239903366715368,5664
SGTA,1.6584150791168213,-6.933219306301501,0.0038269946777406377,5663
SGTB,2.390223979949951,-4.133445547748763,0.002233362328719496,5663
SH2B1,0.5459893345832825,-2.290688647173775,0.0031599710648218603,5663
SH2B3,2.1920793056488037,-5.785235508493139,0.0015060547255111524,5665
SH2D2A,,,0.001487855010751975,5665
SH2D3A,,,0.002934520850492894,5665
SH3BGR,,,0.0018493437514057378,5665
SH3BGRL,3.7357800006866455,-5.272861374179817,0.004743861675186417,5664
SH3BGRL2,,,0.0035193370323367682,5665
SH3BGRL3,2.848876953125,-5.659989640690156,0.008535571611254296,5664
SH3BP1,2.3033394813537598,-2.2980500756667883,0.011609987318154043,5664
SH3BP2,0.55699223279953,-3.16183398490252,0.0017494658864986813,5664
SH3BP5,0.3629026412963867,-3.146565662281834,0.0023303651152604705,5664
SH3BP5L,3.2535758018493652,-3.251935608439528,0.002113348081253778,5665
SH3GL1,1.521541953086853,-5.8499382344222814,0.003575425199982095,5663
SH3GL3,,,0.0012730050402324747,5665
SH3GLB1,3.043792247772217,-11.752572194750803,0.0007433096520396915,5664
SH3GLB2,1.0838475227355957,-3.0472856090806846,0.004992236894551356,5664
SH3KBP1,0.48544228076934814,-1.3638866458051506,0.01085983538438928,5665
SHARPIN,1.8627429008483887,-7.174684175497569,0.0021550408318182323,5664
SHB,,,0.0008518273639610923,5665
SHC1,0.95908123254776,-4.568568181474567,0.0033525743132760866,5663
SHCBP1,3.9205386638641357,-3.9181775584747682,0.0025999443868008195,5664
SHFL,,,0.0031327910200305547,5665
SHISA5,0.9869552850723267,-4.5776897105831535,0.002044293046756655,5664
SHKBP1,0.38839998841285706,-2.5320856451353118,0.0030389713514141275,5664
SHLD1,3.1886990070343018,-4.504911594333482,0.0023534051919023593,5665
SHLD2,1.0807011127471924,-4.256083957581779,0.006468601418296889,5663
SHMT1,1.6056486368179321,-5.052533317578346,0.0021283764981687675,5664
SHMT2,3.1344146728515625,-5.399489013943535,0.009864839729201654,5664
SHOC2,1.3731461763381958,-5.108896504993176,0.005925260239644295,5663
SHOX,,,0.0037987420581351438,5665
SHOX2,2.210531711578369,-4.9346721472454025,0.0014554467013461023,5664
SHPK,,,0.005011043480639888,5665
SHPRH,2.5439889430999756,-8.008138529876723,0.002834001206687317,5664
SHQ1,1.1345583200454712,-4.066727321264158,0.001780757056070544,5664
SHROOM1,1.884018898010254,-4.605542283413306,0.0013490406896425552,5665
SIAH1,1.3666877746582031,-3.0386462626454183,0.005637050757067038,5664
SIAH2,1.3885445594787598,-3.905244490250179,0.004335489351864959,5664
SIGIRR,1.1973258256912231,-6.155447165433169,0.0020875833956391088,5664
SIGLEC14,,,0.0033433024830206506,5665
SIGMAR1,,,0.016743486477960447,5665
SIK3,3.0993502140045166,-4.378085788929465,0.0026978515364955284,5664
SIKE1,1.1377719640731812,-4.592502238372104,0.006117718282729009,5664
SIL1,3.953078508377075,-3.9511883117324134,0.00281412753274062,5664
SIM1,,,0.003169674247008398,5665
SIM2,,,0.0028232348376876332,5665
SIMC1,0.6969918608665466,-10.582909313296826,0.00043195499425833004,5664
SIN3A,0.22384387254714966,-2.765965090110307,0.0031224323757497513,5664
SIN3B,5.125554084777832,-1.5544970880655011,0.007659381958280909,5664
SINHCAF,1.2425565719604492,-5.4017551926424785,0.009723104851164687,5664
SIPA1,0.5897632837295532,-2.342857920854498,0.0021903511526340136,5665
SIRT1,1.5295042991638184,-4.808811648869075,0.003018082632939975,5664
SIRT2,1.8356693983078003,-4.090623936788726,0.002918262602843125,5664
SIRT3,,,0.0027569669546507187,5664
SIRT5,4.503202438354492,-1.7669902004350164,0.003191656504254115,5665
SIRT6,2.254748821258545,-3.183358388363515,0.0038682439972853888,5665
SIRT7,1.36928391456604,-3.042733324287029,0.03282484568394866,5664
SIVA1,1.6087548732757568,-10.531064293683666,0.0041839593969704,5664
SIX1,3.5463221073150635,-3.544370478720521,0.0020556956141283703,5665
SIX2,,,0.0029849862773511154,5665
SIX3,,,0.004322331552699215,5665
SIX4,,,0.00205411046968754,5665
SIX5,,,0.0017325142496993527,5665
SIX6,,,0.0022576655246581093,5665
SKA1,2.580702066421509,-3.642946299666668,0.0049551428509008915,5664
SKA2,3.550109624862671,-5.005618287727835,0.008432797808562337,5663
SKA3,2.8971195220947266,-5.006874388183572,0.005867654584118666,5664
SKAP2,3.743452548980713,-5.289112706746263,0.002000986281114776,5665
SKI,0.0008144389721564949,-0.004101377040480332,0.002427987470743423,5665
SKIL,2.2908778190612793,-6.042044220230402,0.003651046285219818,5664
SKIV2L,1.0027636289596558,-1.4115685379532084,0.012423337461510246,5664
SKOR1,,,0.0017524412559498318,5665
SKOR2,,,0.0018447121728344218,5665
SKP1,1.083507776260376,-9.974866450496247,0.009291903246325625,5665
SKP2,1.9890704154968262,-10.805557966068328,0.0019728378855530175,5664
SLAIN2,0.8711649179458618,-6.578743762824034,0.0020700952167195144,5664
SLBP,1.3247730731964111,-8.616410098557974,0.023348091292242298,5663
SLC10A3,,,0.006007890492604144,5664
SLC10A4,2.278432846069336,-4.5337150473531045,0.0063644803414512775,5665
SLC10A7,,,0.0019368337435475538,5665
SLC11A2,1.444228172302246,-6.7317705734136615,0.0012422115617345547,5664
SLC12A2,1.090773105621338,-4.589256104668367,0.0020968966435388117,5664
SLC12A4,,,0.003457232543702891,5665
SLC12A5,,,0.0012603003672323266,5665
SLC12A7,0.9855378270149231,-1.3881491955246985,0.011515119199341142,5665
SLC12A9,,,0.001711703673770871,5665
SLC13A3,,,0.00196053942742544,5665
SLC15A4,,,0.006554637671330613,5665
SLC16A1,0.7813549041748047,-9.05298114719038,0.002188874471078249,5664
SLC16A5,,,0.0019947053045028863,5665
SLC16A9,2.848233461380005,-4.02413601011562,0.0021389179438655384,5665
SLC17A5,,,0.0067190105641439565,5665
SLC18B1,1.8842244148254395,-4.604367472687274,0.001577066127988629,5664
SLC19A1,2.492523193359375,-5.555162931572725,0.003026839091882498,5664
SLC19A2,,,0.0028932364400232583,5665
SLC1A4,,,0.0021705987998227603,5665
SLC1A5,0.9252097606658936,-20.124651092991442,0.0012020558737662885,5664
SLC20A1,0.47776761651039124,-5.607876945335585,0.001703769720222526,5664
SLC20A2,0.9243748784065247,-5.32668638300262,0.0015972935904980065,5663
SLC22A23,0.7393812537193298,-1.0365778278672462,0.018076276868538618,5665
SLC25A1,1.6542922258377075,-16.958706699646864,0.0023694958590678335,5664
SLC25A10,0.03966279327869415,-0.3372081650813374,0.003982051453052901,5665
SLC25A11,1.85739266872406,-6.627383566270267,0.004175644414333731,5663
SLC25A12,3.017524480819702,-4.263411295968344,0.001834891059287427,5664
SLC25A13,1.8635190725326538,-5.853541735277009,0.00312722550240665,5664
SLC25A14,1.483870267868042,-3.623620594216317,0.0022188830318321125,5665
SLC25A15,2.616201877593994,-3.6931880972416646,0.005040551049672908,5664
SLC25A16,1.4509086608886719,-3.823900683110723,0.002480410783150342,5664
SLC25A17,3.6859512329101562,-6.374117619168118,0.0022306947607338627,5664
SLC25A19,2.6126747131347656,-4.515100461672528,0.003580648703617365,5664
SLC25A20,,,0.002097733072073426,5665
SLC25A21,2.3858699798583984,-4.120708776318533,0.004287253311312368,5665
SLC25A22,,,0.0033302727135608025,5665
SLC25A23,2.956728219985962,-9.31659730257104,0.001821789171244132,5664
SLC25A24,2.297403573989868,-5.6107477510957935,0.0020505291931962105,5664
SLC25A25,,,0.0029112013696044265,5665
SLC25A26,0.03059019148349762,-0.15606576514929377,0.006290108147241958,5664
SLC25A28,,,0.010920278070230088,5665
SLC25A29,2.993165969848633,-4.229720782119018,0.0015688830554842683,5665
SLC25A3,1.7936906814575195,-25.55361055205735,0.0034017655396068247,5664
SLC25A32,1.4111108779907227,-4.214062031915748,0.0022234838713982396,5663
SLC25A33,0.9093396663665771,-6.85623839336082,0.0022453338551103553,5664
SLC25A36,1.8213579654693604,-5.681795062000876,0.008353830465062651,5664
SLC25A37,1.8784879446029663,-7.78667208248549,0.0071368434705180945,5664
SLC25A38,1.762000560760498,-5.260375514556158,0.002515372608880244,5664
SLC25A39,1.247910976409912,-11.262637703433397,0.002254546769868652,5664
SLC25A4,2.713923215866089,-8.093070511016863,0.0033413576552113085,5664
SLC25A41,,,0.006996104183220046,5665
SLC25A42,,,0.020415806123018104,5664
SLC25A44,2.052194118499756,-3.5456210270859705,0.004418085981033349,5665
SLC25A46,2.2787957191467285,-5.562838080129369,0.003298746721127666,5664
SLC25A5,2.2626357078552246,-19.3436559942495,0.002498632162937958,5664
SLC25A51,,,0.0057659479659820075,5665
SLC25A53,,,0.0013363281431652207,5665
SLC25A6,0.6753532290458679,-20.197852299194096,0.000966136962228188,5665
SLC26A6,1.816999077796936,-3.626608417311061,0.0019945199819809017,5665
SLC27A2,2.897085428237915,-5.785062181794983,0.0017838941505411636,5665
SLC27A4,2.3435165882110596,-3.3102079963575464,0.0037352013118598882,5664
SLC27A5,2.6643033027648926,-7.023627100134739,0.0023934517831251012,5664
SLC29A1,0.5660827159881592,-5.569596112603602,0.0009812730067220627,5664
SLC29A2,2.9287571907043457,-4.138428730249638,0.0015015938415132827,5665
SLC2A1,0.9266956448554993,-4.36005775879282,0.004414387245396705,5664
SLC2A11,,,0.003505448554842536,5665
SLC2A13,,,0.003013010628079759,5665
SLC2A3,1.434261679649353,-8.849777159586248,0.0026698818080564224,5665
SLC2A4RG,1.3499515056610107,-7.186285901400487,0.0018497215677919772,5664
SLC2A8,,,0.020066571163156972,5665
SLC30A1,1.6117140054702759,-5.7854395178243045,0.006059575478402822,5665
SLC30A5,2.102998733520508,-10.222291499228456,0.0016107814495962517,5664
SLC30A6,1.4116233587265015,-3.4385825375758823,0.004120785564638502,5664
SLC30A7,1.4552024602890015,-3.550766918076194,0.0029596092602704243,5664
SLC30A9,2.156442880630493,-5.670687473388608,0.004594101062963096,5664
SLC31A1,1.7755359411239624,-5.841388674900112,0.004095048572166331,5663
SLC33A1,2.958556652069092,-5.117811015755131,0.0019695482774187796,5664
SLC35A1,4.561419486999512,-1.2738017482501187,0.006287425618521284,5665
SLC35A2,,,0.0023396745293839186,5665
SLC35A3,2.121870994567871,-6.680073066109179,0.0033179647107671713,5664
SLC35A4,5.936835765838623,-1.353670386245376,0.024907003578303843,5664
SLC35B1,1.9067920446395874,-5.67428286060594,0.005398101502516802,5664
SLC35B2,3.6355128288269043,-3.633164522881143,0.004845966480334901,5664
SLC35B3,,,0.004446900129355079,5665
SLC35B4,1.8901817798614502,-4.973114247745616,0.003239034081537889,5664
SLC35C2,2.4400031566619873,-4.866083177515658,0.004428191428716407,5664
SLC35D1,1.1070754528045654,-3.9731504516780434,0.0020025810962331727,5665
SLC35D2,2.447213888168335,-4.2330081432244135,0.001866791521953067,5665
SLC35E1,0.8243428468704224,-5.908433699939165,0.0025003828909373753,5664
SLC35E2B,0.3998124301433563,-1.2532927772368678,0.0036228025706763,5665
SLC35E3,2.703397274017334,-2.69677252870809,0.010698431629340704,5664
SLC35F2,1.6797882318496704,-4.419603556958038,0.005059619638752371,5664
SLC35F5,1.2047390937805176,-3.162095964715983,0.005675366973193396,5664
SLC35F6,2.1657156944274902,-6.102153314110583,0.004079735220169566,5664
SLC35G1,,,0.0033651078017884065,5665
SLC35G2,0.8637411594390869,-1.9228381927844334,0.009061646942131693,5665
SLC35G6,,,0.0012734129520172264,5664
SLC37A1,1.6470084190368652,-4.0211340726019165,0.0023672216236259153,5665
SLC37A3,2.6656079292297363,-3.7660180998675874,0.0020790347350283646,5664
SLC37A4,2.1594107151031494,-3.039663145092234,0.01259487875657611,5664
SLC38A1,1.7695964574813843,-8.939451568903168,0.004375032949012341,5664
SLC38A10,0.7554824352264404,-2.3643183546815534,0.005305441929452302,5664
SLC38A2,1.5754717588424683,-8.172904727343788,0.00416873155809213,5664
SLC38A5,2.3388137817382812,-5.207473141332998,0.003999706015661592,5665
SLC38A6,3.0183284282684326,-3.0160227115572433,0.0049982471790847765,5664
SLC38A7,4.754433631896973,-1.7850971652536634,0.0032533364785918336,5665
SLC38A9,,,0.0030586549815679763,5665
SLC39A1,1.4939873218536377,-7.231658950044035,0.0025131783070946353,5664
SLC39A10,1.8066182136535645,-11.699565734542816,0.0028799567489479812,5664
SLC39A11,,,0.0022250883230211975,5665
SLC39A13,,,0.0016720325292500684,5665
SLC39A14,1.9317190647125244,-6.659644718867282,0.002010373912138766,5664
SLC39A3,2.3016929626464844,-21.61473687789886,0.0016620992589748893,5664
SLC39A4,1.0348654985427856,-9.597147304707205,0.001991636551264032,5665
SLC39A6,2.144282102584839,-3.70828258830614,0.0033216288523200427,5664
SLC39A7,2.1149861812591553,-12.013763987381742,0.0039232691388268355,5664
SLC39A8,2.007513999938965,-7.973915641571141,0.0019340069593485232,5664
SLC39A9,1.5464805364608765,-6.8913508767398195,0.003483238751775173,5663
SLC3A2,0.38669803738594055,-5.067835152631949,0.0032664815480030326,5664
SLC40A1,1.5517771244049072,-14.415240970247128,0.000892116414549597,5665
SLC41A3,,,0.001903332689443966,5665
SLC43A1,1.7082762718200684,-1.703833585736654,0.015461611201858048,5665
SLC43A3,3.420672655105591,-10.778006200755783,0.001647424550248521,5665
SLC44A2,0.7594860196113586,-2.6148009502053333,0.0020387855684319426,5664
SLC44A4,,,0.0022103393164891435,5665
SLC45A4,,,0.005014483639946364,5665
SLC48A1,0.8993298411369324,-3.2257742515106402,0.0016624477970274745,5665
SLC4A1AP,1.540019154548645,-6.975331302963457,0.00357749718491528,5663
SLC4A2,1.2391916513442993,-8.39129226561048,0.0011402086663956563,5663
SLC4A5,,,0.0011684764004815894,5665
SLC4A7,1.6953883171081543,-2.920403617601092,0.011847749980184683,5664
SLC50A1,2.5105912685394287,-6.123832737365271,0.0033489282828760543,5664
SLC52A2,0.9578163027763367,-2.805698279582809,0.012772039036851632,5664
SLC5A3,2.249366044998169,-3.1678119994432965,0.01361275750119032,5664
SLC5A6,5.767882823944092,-1.412694119313706,0.009202915273332841,5662
SLC66A1,,,0.0030473648502902175,5665
SLC66A2,,,0.002356210024425254,5665
SLC66A3,4.6672821044921875,-2.050192860142621,0.0024521826105524695,5665
SLC6A19,,,0.0029434579581047713,5665
SLC6A6,4.8903608322143555,-1.330184641404499,0.006365700161067856,5664
SLC6A8,2.722066640853882,-3.8461415373213517,0.002036187805823633,5665
SLC7A1,0.9929547309875488,-3.101419234440372,0.010327867929310992,5664
SLC7A11,2.599501132965088,-4.493250448862536,0.002923126353303093,5664
SLC7A5,1.5844284296035767,-11.94118196026666,0.0020514312579527306,5664
SLC7A6,2.802138090133667,-3.958198354149231,0.0029674514263418163,5664
SLC7A6OS,0.5683673024177551,-1.771780212854334,0.010345075227746347,5663
SLC7A8,-0.11430796980857849,0.5351610713102725,0.005259352465958407,5665
SLC8B1,,,0.0009218503075326625,5665
SLC9A3R1,2.662278413772583,-5.313155399519593,0.0023284929926034727,5665
SLC9A3R2,0.9557576775550842,-6.1282444486866465,0.001137135741630152,5665
SLC9A6,,,0.0024113977527904728,5664
SLC9B1,,,0.002749909131086235,5665
SLC9B2,1.4643887281417847,-3.860598759450709,0.0030568584908031134,5665
SLCO4A1,,,0.003174953790129629,5665
SLIRP,1.198419451713562,-6.547577965240377,0.013465296131763458,5664
SLK,1.6996992826461792,-4.11205003983896,0.011340545113396114,5664
SLMAP,2.087498903274536,-3.5944021106775614,0.011228911950254952,5664
SLTM,1.2632042169570923,-10.288962821906342,0.0029597057140878765,5664
SLU7,0.46489211916923523,-2.01555052029419,0.008792295691275393,5663
SLX4IP,3.1644816398620605,-3.162647075573237,0.0024531441009547354,5663
SMAD1,1.9787145853042603,-6.539587889991319,0.0013512492732927395,5665
SMAD2,0.13502724468708038,-1.5392125263339826,0.0014958062942257615,5664
SMAD3,,,0.003326135944029044,5665
SMAD4,1.8530937433242798,-5.527399021719081,0.0041386388954712085,5664
SMAD5,3.256117343902588,-5.626285103398414,0.0036939391927313593,5664
SMAD6,,,0.0028396183990120364,5665
SMAD9,,,0.003561648203518316,5665
SMAGP,0.8682520389556885,-8.342575983351331,0.002111635241242318,5665
SMAP1,2.1060054302215576,-5.535031255940603,0.005590400107537136,5664
SMAP2,0.9570941925048828,-11.696254856860445,0.0014972837788376726,5665
SMARCA1,5.582847595214844,-1.5887444709648009,0.005934746411361234,5665
SMARCA2,0.30487409234046936,-0.9936185224374969,0.00814554075961832,5664
SMARCA4,0.9596914052963257,-9.867164244732294,0.0052531810888693225,5664
SMARCA5,1.7630534172058105,-13.593731900771564,0.005617163075186685,5664
SMARCAD1,2.6302590370178223,-5.855891618211956,0.0042172071818337206,5664
SMARCAL1,2.6954987049102783,-2.6919510937522135,0.006386558998734637,5664
SMARCB1,0.7628838419914246,-9.69113923954788,0.0021684522171397237,5664
SMARCC1,1.5325965881347656,-14.037584943093297,0.008211525814889957,5664
SMARCC2,0.6951743364334106,-6.6402384785414075,0.0017172945674291103,5664
SMARCD1,1.4173085689544678,-11.208651100831934,0.0017173934547244877,5664
SMARCD2,2.151211738586426,-9.071469280747749,0.0014411116619522403,5664
SMARCD3,0.3977000415325165,-3.185807321143146,0.0008299507216483931,5665
SMARCE1,1.6782599687576294,-6.297293954590826,0.016532200055138044,5664
SMC1A,1.1491918563842773,-6.693695133235597,0.0599965190675973,5664
SMC2,0.741949200630188,-3.2894877822240542,0.013754158970252157,5664
SMC3,0.3735646605491638,-1.7624958845568184,0.04561113987111456,5664
SMC4,0.2582419514656067,-4.645850402258651,0.0018444716387582356,5663
SMC5,1.3372712135314941,-7.23517441403455,0.0022476260609793682,5664
SMC6,2.1299614906311035,-8.410161860228234,0.006414873635828991,5664
SMCHD1,1.1741126775741577,-13.239733532976643,0.001900129654517845,5664
SMCO4,,,0.002383828429985958,5665
SMDT1,2.5579874515533447,-10.434081806551985,0.0026439990468718234,5664
SMG1,0.02276577614247799,-0.17169669776821375,0.006054079715717501,5664
SMG5,1.86954927444458,-4.16661999573851,0.022368733244402528,5664
SMG6,0.9548015594482422,-3.41542829437448,0.00266454388559561,5664
SMG7,2.9508554935455322,-2.9436411478092896,0.023781992862706373,5664
SMG8,1.5897775888442993,-4.47491016680641,0.0037857908470292916,5665
SMG9,2.495349645614624,-4.312595389022392,0.004796912220325116,5665
SMIM1,2.2978286743164062,-3.9747192830009244,0.0018740126440670666,5665
SMIM10,2.7596447467803955,-3.8991337196493645,0.002294730587051072,5665
SMIM12,1.882298469543457,-4.89494236341726,0.012647042150731468,5664
SMIM13,2.4348926544189453,-5.432475979171576,0.0018649041382098389,5664
SMIM14,1.0930277109146118,-3.441187713256782,0.0016537564953108918,5665
SMIM15,2.5715770721435547,-8.844337650519762,0.0029013050054370196,5664
SMIM19,2.801851749420166,-6.248915764818424,0.002443573497612503,5663
SMIM20,4.584521293640137,-4.582813516253018,0.0015339485590865373,5664
SMIM29,1.9716507196426392,-4.816374223025951,0.003868646434684782,5665
SMIM3,,,0.0022872568144753033,5665
SMIM4,2.0500333309173584,-5.393169114385259,0.0043952619895002605,5664
SMIM7,0.3812209963798523,-2.6767701149533525,0.005471299982651651,5664
SMIM8,3.4280197620391846,-4.843574514243509,0.0023735527417886185,5664
SMNDC1,1.1974472999572754,-2.8851943698745273,0.01996241854509991,5664
SMPD2,,,0.007594137101517856,5665
SMPD4,0.7840729355812073,-3.687590786826522,0.005720026611921955,5664
SMS,2.0873284339904785,-17.91495583808145,0.00338947349881123,5664
SMTN,0.5488945841789246,-1.7213019012890807,0.004150599225754636,5664
SMU1,0.4935191869735718,-2.5882533143337736,0.008693356463557393,5664
SMUG1,1.689945936203003,-4.442084461933675,0.005483270175927373,5665
SMURF1,3.0802931785583496,-3.0784795467948602,0.0023713466168814746,5665
SMURF2,1.0900899171829224,-6.648009451108687,0.0013127902541091455,5664
SMYD2,2.6550254821777344,-5.9217920572440725,0.002309038660066139,5665
SMYD3,0.15647736191749573,-2.5507801685379987,0.0015793944373157518,5664
SMYD4,0.43360209465026855,-0.6067953131537452,0.019360826125202527,5663
SMYD5,1.4519877433776855,-4.799264279844747,0.0012620490862254355,5665
SNAI1,,,0.0028346202270666883,5665
SNAI2,,,0.002785334240465048,5665
SNAI3,,,0.0019060531312070465,5665
SNAP23,6.068750858306885,-1.7482132524365364,0.006511063862847247,5663
SNAP29,1.9885119199752808,-18.273639053428646,0.0016363732172292348,5663
SNAP47,0.41372159123420715,-2.7795180280232468,0.0020568737813185813,5664
SNAPC1,,,0.008899717831886611,5665
SNAPC2,1.1004520654678345,-2.680194622908135,0.006737433025815548,5665
SNAPC3,2.2826459407806396,-5.581495173635233,0.002951745721967672,5664
SNAPC4,-0.008263269439339638,0.05779440288991491,0.002865090355913697,5664
SNAPC5,1.9619864225387573,-7.30186853133078,0.002583614548237647,5664
SNAPIN,2.311122417449951,-4.607571760177448,0.00324025856538646,5664
SNCG,,,0.001050685881743114,5665
SND1,2.1588339805603027,-10.664188706008266,0.0026368708373267014,5664
SNF8,2.530857563018799,-15.19348552256346,0.00213613619151625,5664
SNHG32,1.6428672075271606,-11.751904671504324,0.0034387285384973967,5664
SNIP1,1.6404266357421875,-3.2596341559465203,0.010308095360018013,5664
SNRK,1.856181263923645,-4.140325844933655,0.0030238915513464064,5664
SNRNP200,0.42989829182624817,-5.433595684159714,0.003462573958058149,5664
SNRNP25,1.9810841083526611,-14.18899534654782,0.004778521222046807,5663
SNRNP27,0.5903390645980835,-2.076854499133285,0.031099775071886108,5664
SNRNP35,1.2003575563430786,-4.438353900105258,0.0047522024834645675,5664
SNRNP40,2.19201922416687,-19.467825247111385,0.0020445802000747674,5663
SNRNP48,1.6346333026885986,-5.114966940134142,0.007398141461843198,5664
SNRNP70,0.36952176690101624,-2.9808851183810496,0.013296234056864895,5664
SNRPA,1.4830236434936523,-10.92018253697427,0.006026225140921186,5664
SNRPA1,0.19233550131320953,-2.4099541877039172,0.003905498023395895,5664
SNRPB,0.339993953704834,-7.384182215763608,0.002867728572485363,5664
SNRPB2,1.0486809015274048,-6.2276616596677234,0.00689185210872038,5664
SNRPC,1.0844768285751343,-6.427589474043989,0.024190028174971085,5664
SNRPD1,0.20712058246135712,-2.670201224272089,0.010838004083875294,5664
SNRPD2,0.4761565327644348,-2.1293124737370355,0.037351023281341156,5664
SNRPD3,1.0166141986846924,-4.823428643381035,0.014085545864213785,5664
SNRPE,0.23794110119342804,-3.742756739494124,0.007012857865612053,5664
SNRPF,0.17244447767734528,-1.964048363313255,0.009536932688338414,5664
SNRPG,0.957888662815094,-16.468029139037558,0.004625339110287931,5664
SNTA1,1.4525355100631714,-2.8923395113401136,0.004920227591198462,5665
SNTB2,1.5916682481765747,-4.196917067871563,0.0040283469444236395,5664
SNUPN,1.7102975845336914,-7.215674598434602,0.0015352682766403216,5664
SNW1,0.1207304447889328,-2.0198777166291673,0.0012669434022666915,5664
SNX1,1.865696668624878,-7.40299251581324,0.002713411402736874,5663
SNX10,1.8084701299667358,-3.606575331914212,0.004904339211490662,5664
SNX11,,,0.0019976556714011184,5664
SNX12,,,0.0024856101753945054,5665
SNX13,3.6013007164001465,-3.5989093398260845,0.0026914586878976745,5664
SNX14,2.8098526000976562,-4.854621294466021,0.0037292082574383783,5664
SNX15,1.1297032833099365,-8.299896334915406,0.0006904708438366675,5665
SNX17,1.5711725950241089,-8.34057319505101,0.002949973945324398,5663
SNX19,,,0.007587908586246529,5665
SNX2,2.196519374847412,-8.429655916866114,0.002849665974326004,5664
SNX24,,,0.0017904737262087042,5665
SNX25,,,0.003999997341284377,5665
SNX27,0.955613374710083,-4.621195195926612,0.0026183442239758443,5664
SNX29,,,0.014829784902515806,5665
SNX3,1.2142364978790283,-9.692220095118982,0.00529044365728503,5664
SNX33,,,0.002184823181856877,5664
SNX4,1.8305283784866333,-5.121983110941663,0.0065761653324203865,5664
SNX5,1.0152814388275146,-13.830243617270149,0.0016434825385221222,5663
SNX6,2.2183589935302734,-16.328535438760515,0.002223049575383691,5664
SNX8,1.7801952362060547,-5.318549217520231,0.0018670801555120094,5663
SNX9,0.8554015159606934,-8.957341119608659,0.001430240322136016,5664
SOAT1,3.3862521648406982,-3.382912647767524,0.0041121498958290635,5665
SOCS1,1.6835283041000366,-4.0989131789765265,0.004477346468856044,5665
SOCS2,0.7904658317565918,-9.691156596432759,0.001950249252120522,5665
SOCS3,,,0.015352938842688554,5665
SOCS4,1.0164034366607666,-3.1854218422425626,0.00414981645037536,5663
SOD1,2.872694253921509,-28.09766272864401,0.003285655706772857,5664
SOD2,2.318521738052368,-12.792438918430415,0.001973802509229038,5663
SOGA1,,,0.0023000298966941186,5665
SOHLH1,,,0.009121043841324245,5665
SOHLH2,,,0.0014571122568290333,5665
SON,0.368233323097229,-7.88996578592127,0.003246283094846831,5663
SORBS3,2.276322603225708,-6.8103567816183785,0.0019261579076914482,5665
SORD,2.1332876682281494,-7.3548312985632025,0.0018922560904085773,5665
SORT1,0.4319779872894287,-1.6994568219912525,0.006732460565669679,5665
SOS1,1.3711388111114502,-4.2977918131950155,0.006036314179260841,5664
SOSTDC1,,,0.0020805741785036866,5665
SOX1,1.8231583833694458,-6.029792624566013,0.0015374705442883357,5665
SOX10,,,0.004982733225305664,5665
SOX12,2.8128464221954346,-4.860512529908461,0.004060331100863734,5665
SOX13,,,0.0032134691779588786,5665
SOX14,,,0.0028148242469354903,5665
SOX15,,,0.0020607466060191914,5665
SOX17,,,0.0020372015924221064,5665
SOX18,2.64005446434021,-3.7301635518642704,0.0022785048376341476,5664
SOX2,,,0.030626630212616975,5665
SOX21,,,0.004160885189180852,5665
SOX3,,,0.011802392339179133,5665
SOX30,,,0.0014297241325964116,5665
SOX4,0.7705042958259583,-7.2658565571481315,0.0014603690372143778,5665
SOX5,,,0.001517538252727298,5665
SOX6,,,0.0010813640379580592,5665
SOX8,,,0.002497077167179668,5665
SOX9,,,0.0031803454597153927,5665
SP1,0.9608988165855408,-4.649200401727747,0.007827616791974554,5664
SP100,3.019690990447998,-6.032122817058776,0.0012403609550142069,5665
SP110,4.871074676513672,-1.2793947907357013,0.007811499974045901,5665
SP140,,,0.005163882538482533,5665
SP140L,,,0.0020990455567467393,5665
SP2,2.2260782718658447,-3.8501009446239567,0.0052589365578535364,5664
SP3,1.0611963272094727,-5.113543418749719,0.004061070979881373,5664
SP4,,,0.005826172804739764,5665
SP5,,,0.005781210848106295,5665
SP6,,,0.0015200907224961224,5665
SP7,,,0.004735877079623332,5665
SP8,,,0.005998091221083208,5665
SP9,,,0.01568435025058868,5665
SPA17,4.911599636077881,-1.0064759017308418,0.011383477859838129,5665
SPAG5,2.4630517959594727,-5.492637078161229,0.0026327560716638393,5664
SPAG7,2.18475604057312,-5.312913747338859,0.013054758009540734,5664
SPAG9,2.564481496810913,-8.453009708566192,0.0023258057089097913,5664
SPARC,,,0.003247207658798649,5665
SPART,2.967048406600952,-10.646801573574084,0.001840501861074389,5665
SPAST,3.240981101989746,-4.577214906860742,0.0029924474204357653,5664
SPATA22,-0.22205284237861633,1.0494317030232974,0.007817286033945287,5665
SPATA24,,,0.0022654756929306576,5665
SPATA2L,,,0.002327957437098129,5665
SPATA33,1.884476900100708,-6.764191901033479,0.0016188668087149275,5663
SPATA5,1.2357796430587769,-4.886834336960344,0.005036184141206886,5664
SPATA5L1,4.642802715301514,-1.8394280705267592,0.010308599395072112,5664
SPATC1L,1.1793195009231567,-9.388658108666148,0.002880043306894989,5665
SPATS2,2.553884983062744,-4.403307566661987,0.007547441925857603,5664
SPATS2L,,,0.0017900124333598102,5665
SPC24,0.6652820110321045,-1.3088185820301428,0.024061028357373008,5664
SPC25,1.1047422885894775,-3.063744633343268,0.023675599914454837,5664
SPCS1,1.774553894996643,-11.857932980062973,0.0045849680408917145,5663
SPCS2,2.536834478378296,-16.144459100087463,0.00559248832584237,5663
SPCS3,1.3313275575637817,-12.72914003746912,0.003959889081951844,5664
SPDEF,,,0.0032457146029401386,5665
SPDL1,1.8786892890930176,-5.260251751015362,0.007219541045603364,5664
SPDYC,1.9618864059448242,-2.7685004043618084,0.004338405350870432,5665
SPECC1,,,0.0024528378628318644,5665
SPECC1L,2.291944742202759,-6.039929793631352,0.002730470444794699,5664
SPEG,,,0.0012907632626948196,5665
SPEN,1.4747824668884277,-14.278605494474975,0.0030683860170120183,5664
SPG11,2.3383779525756836,-6.593687608752687,0.0015493959534213103,5664
SPG21,1.4891283512115479,-5.105897688007875,0.004402313605068763,5664
SPG7,0.8001644611358643,-4.715981155441611,0.004844033218327028,5663
SPHK1,2.6530940532684326,-5.921353667181891,0.001858601001696944,5665
SPHK2,,,0.007977448120990023,5665
SPI1,1.6636604070663452,-4.045186111439616,0.008298934218979178,5665
SPIB,,,0.0011979646423319194,5665
SPIC,,,0.006363022797679964,5665
SPICE1,2.7051351070404053,-2.7030528631685025,0.0034860915581000655,5665
SPIDR,4.9530487060546875,-1.2819331499613562,0.007609147247380608,5664
SPIN1,3.4221208095550537,-3.420138104962774,0.00382372681358429,5664
SPIN2B,,,0.0037730358748738007,5665
SPIN4,4.896450519561768,-1.376099957867111,0.0056153222691462034,5665
SPINDOC,1.253623127937317,-2.7899041216546046,0.006680338293791363,5664
SPINT2,0.43389394879341125,-1.1399523929693305,0.005182407195188599,5665
SPIRE1,,,0.012182001461922758,5664
SPN,2.5448570251464844,-15.684159851591307,0.0015356428414584795,5665
SPNS1,0.5975210666656494,-4.264523898756513,0.0031356883667373013,5664
SPOP,1.5975786447525024,-3.5234834618421065,0.013605641670897478,5664
SPOUT1,2.967965602874756,-2.9638318023577233,0.019198658824108795,5664
SPPL2A,1.305149793624878,-4.848730038258563,0.0025632905226837944,5664
SPPL2B,1.2672843933105469,-4.351474382353339,0.004081296298611451,5663
SPPL3,3.6465446949005127,-3.6436054375176807,0.004143775260528959,5664
SPR,3.311004400253296,-4.676199251042895,0.003007390224147993,5665
SPRED1,0.9765657782554626,-1.9424214578046988,0.007249463794578323,5665
SPRED2,0.23788048326969147,-1.046413384011277,0.0042897782955485814,5665
SPRTN,1.5380773544311523,-7.480115071531275,0.001245529097335777,5664
SPRY1,,,0.010148365985852063,5665
SPRY2,2.184385061264038,-5.76733429156828,0.0010859511461950415,5665
SPRY4,,,0.003328164883789689,5665
SPRYD3,,,0.0014277866376400973,5665
SPRYD4,1.7813373804092407,-4.695973115659889,0.002222120931695179,5665
SPRYD7,2.487271547317505,-4.957817877754857,0.0036723167906908727,5663
SPSB2,,,0.0029917807904423564,5665
SPSB3,0.8066620826721191,-3.4759402967747586,0.0029855841516675257,5665
SPTA1,,,0.02146882540588257,5665
SPTAN1,2.452389717102051,-6.467067434418894,0.0026955611808717793,5664
SPTB,,,0.005046943210841768,5665
SPTBN1,-0.0031432099640369415,0.04240110492761978,0.0021816784499659155,5664
SPTBN2,,,0.004719197602096487,5665
SPTLC1,1.7231266498565674,-4.510275998124701,0.010168626506105857,5664
SPTLC2,1.333609938621521,-3.50357791697554,0.006660015379049592,5664
SPTSSA,3.5010666847229004,-9.872240383338683,0.0017442331344591823,5664
SPTY2D1,1.4122414588928223,-7.014921097799736,0.0013244389201820695,5664
SPZ1,,,0.005523534851662094,5665
SQLE,2.2920620441436768,-13.911275257751818,0.0021264560646577666,5664
SQSTM1,0.24440783262252808,-3.052703841924302,0.0021391557522634956,5663
SRA1,1.5432075262069702,-10.071249858018419,0.0020269523455004783,5664
SRBD1,0.9586330056190491,-2.6775776828251425,0.013338766486781443,5664
SRCAP,0.18900057673454285,-2.0686472887361873,0.001961487204942268,5664
SRD5A1,2.0061886310577393,-4.476284241986658,0.0018287653453821586,5663
SRD5A3,5.968298435211182,-2.3266329369741277,0.0037314705245406737,5664
SREBF1,0.10430122166872025,-0.6083199783771381,0.003950505322744884,5664
SREBF2,2.0373916625976562,-7.566516281228812,0.003985464310176832,5664
SREK1IP1,3.283604145050049,-5.674567699699079,0.0037689349422928044,5663
SRF,1.1408648490905762,-4.095608599167763,0.0017763633145029146,5665
SRFBP1,1.4878510236740112,-4.65403236549576,0.01362635859320317,5664
SRGAP2,0.0888480544090271,-0.40031256984498603,0.0035867165260135077,5665
SRGN,,,0.0013673529513645102,5665
SRI,1.0373846292495728,-8.610707549045514,0.002192755851903023,5664
SRM,1.7885193824768066,-24.45698268630172,0.002841983911313445,5664
SRP19,1.9980437755584717,-11.129610986177386,0.007148348237976085,5664
SRP54,1.363516926765442,-8.413348254179203,0.003537489815377755,5664
SRP68,1.4048452377319336,-5.006213748751468,0.035856442157300474,5664
SRP72,1.7436444759368896,-19.27169609832725,0.013960442839066271,5664
SRP9,2.001222610473633,-24.612729328984038,0.008825800773201857,5664
SRPK1,2.2673075199127197,-21.617344006342144,0.0016053203300529768,5664
SRPK2,0.26107749342918396,-2.8522280989483346,0.0023662504858939907,5664
SRPRB,2.1828200817108154,-8.119553843672348,0.01168860665685159,5664
SRR,,,0.0033427267993306905,5664
SRRD,2.532813549041748,-6.178243456921049,0.0038683827096720946,5663
SRRM1,1.3219571113586426,-18.492941146551413,0.011042814441545847,5664
SRRM2,1.4320179224014282,-25.112938928367857,0.005626639444175085,5664
SRRT,0.9940202236175537,-5.286948306723926,0.024328258801649735,5664
SRSF1,0.8126522302627563,-6.340573651798058,0.022969188033585233,5664
SRSF10,2.5718600749969482,-18.660415772674007,0.006332451034836605,5664
SRSF11,0.4136062562465668,-14.550473006489137,0.0008998726703588846,5663
SRSF2,0.4667317569255829,-7.423576958683061,0.007074519578688363,5663
SRSF3,0.17494791746139526,-1.686732202352018,0.015061072049775776,5664
SRSF4,1.6358779668807983,-20.7148893646425,0.0019027442476052918,5664
SRSF5,2.297631025314331,-14.751495489875959,0.0029649199986475044,5664
SRSF6,1.1957526206970215,-10.645194518929886,0.0011305935201778774,5665
SRSF7,1.8711450099945068,-14.694636586586604,0.021226852205896544,5663
SRSF8,1.3007943630218506,-4.246485472560145,0.010196712557539128,5664
SRSF9,1.7252651453018188,-21.809218709118518,0.002471599214102684,5664
SRXN1,,,0.0045579880360313236,5665
SRY,,,0.009398620711335947,5665
SS18,2.998352527618408,-5.986742148352742,0.002561627767535805,5664
SS18L1,1.4627089500427246,-3.256337237237516,0.0041850321050285865,5663
SS18L2,2.388496160507202,-14.929608560985528,0.0026398597501439895,5664
SSBP1,1.7436093091964722,-19.907288898673304,0.006776235793732703,5665
SSBP2,1.415328860282898,-4.867328768681705,0.003160639465903876,5665
SSBP3,0.015046059153974056,-0.21235596331336432,0.001995744193746067,5664
SSBP4,1.960333228111267,-9.850179425680585,0.002769544510378399,5664
SSH2,1.9629790782928467,-5.867565853572061,0.0018804163300716714,5664
SSNA1,0.6120251417160034,-4.590706505392575,0.007160950736827948,5664
SSR1,1.9919443130493164,-6.811395289967467,0.005641454590073074,5664
SSR2,2.7041914463043213,-9.25771625076074,0.005401968596263277,5664
SSR3,3.554353952407837,-6.1266610118086255,0.011414071486689343,5664
SSR4,2.387160062789917,-11.70806131999147,0.003969694958373122,5663
SSRP1,0.812744677066803,-12.832059084192197,0.010526168829243478,5664
SSU72,1.2387951612472534,-11.551177451467113,0.007136964201014324,5664
SSX1,,,0.004112890721792859,5665
SSX2IP,0.7831850647926331,-2.526940779421485,0.02049782708701113,5664
SSX3,,,0.010941438696272595,5665
ST13,1.259996771812439,-24.78764284427055,0.0014152327153859386,5664
ST18,,,0.004086783020268927,5665
ST3GAL2,0.2578129470348358,-1.8961713557310862,0.0012901996577923867,5665
ST3GAL4,,,0.0031534093494578934,5665
ST6GAL1,0.6274557113647461,-4.199898702542749,0.0014609462409478564,5664
ST6GALNAC1,3.5415358543395996,-7.0604811532315335,0.003828822206885911,5665
ST6GALNAC4,,,0.0017061575208432694,5665
ST6GALNAC6,,,0.003691583598680109,5665
ST7,0.8352382779121399,-2.3346235181159836,0.007780270707440633,5664
ST7L,1.1659858226776123,-3.0678782712952506,0.004333005201511369,5663
STAC3,1.822584867477417,-3.6295544362539762,0.005464544699333567,5665
STAG1,0.5406228303909302,-2.0607530670248577,0.006109302051093564,5664
STAG2,0.9038679003715515,-11.263804660722197,0.003348060596104194,5664
STAM,2.2348766326904297,-6.296982562845325,0.002334223034425945,5664
STAM2,1.886361837387085,-5.948580553824223,0.0011298576830889532,5664
STAMBP,2.5123510360717773,-8.296278683987905,0.0032254326862352187,5664
STAP2,,,0.003022212073982694,5665
STAR,3.210461139678955,-11.512348406778363,0.0018765814601112672,5665
STARD10,,,0.00485926365065953,5664
STARD3,2.4278404712677,-2.4210744799336097,0.013687546372089236,5664
STARD3NL,3.404232978820801,-3.40020960801016,0.006597014072641609,5664
STARD4,4.507706642150879,-1.4181660527206024,0.005420775101694311,5665
STARD7,1.4892178773880005,-12.122227179834303,0.002408438039613165,5664
STARD8,,,0.0027841936862484104,5665
STAT1,2.3342714309692383,-6.141560559472538,0.0035324195864504283,5664
STAT2,,,0.008538779434427516,5665
STAT3,0.46596768498420715,-4.200608143633231,0.00283623786280749,5664
STAT4,,,0.004404727966375006,5665
STAT5A,1.8751190900802612,-13.114372479445532,0.001559979201591953,5664
STAT5B,1.2930715084075928,-6.218577845592281,0.008758049129972509,5664
STAT6,5.004576206207275,-0.758904989773389,0.025958265992108348,5664
STAU1,1.9291731119155884,-9.275871978615672,0.0037507666319496957,5664
STAU2,1.3088057041168213,-8.933111857770704,0.001548510391401173,5664
STC2,,,0.0019282499141212502,5665
STEAP1B,,,0.004246490218233215,5665
STEAP3,,,0.002169732651400805,5665
STIL,1.610207200050354,-7.830459618730666,0.0021318595603117656,5664
STIM1,2.9469826221466064,-4.163838527278391,0.0023406359660309616,5664
STIM2,0.6607131958007812,-4.820689830626779,0.0017736930757574106,5664
STIP1,1.4606242179870605,-8.340209594273775,0.009757781878088156,5664
STK11,0.3386742174625397,-3.5780131122729415,0.0016729253190474363,5663
STK11IP,,,0.0019607110695874785,5665
STK16,1.6249397993087769,-5.590616726058413,0.0026233987471290104,5665
STK17A,3.5850768089294434,-3.5832904195148454,0.0020680075563928564,5664
STK17B,5.32181978225708,-2.3678099296552007,0.003066993408734304,5664
STK19,1.7811213731765747,-4.690767194079092,0.0034517939746654446,5665
STK24,1.3214956521987915,-3.1758935962629025,0.027526914959956957,5664
STK25,1.578174352645874,-9.367408777882018,0.0012585144642892417,5664
STK3,1.9917742013931274,-4.862216074849469,0.0032208188489843705,5665
STK32C,0.7659782767295837,-2.8503361919537946,0.0016852187270938875,5665
STK35,1.8620649576187134,-4.551820483207182,0.0014711623508994437,5665
STK38,2.698706865310669,-5.387982874804645,0.0023567144053182783,5664
STK38L,2.586188793182373,-8.564475045278327,0.00042781500665890884,5664
STK4,1.5650956630706787,-8.464455775323023,0.002089046412931927,5664
STK40,2.0423972606658936,-7.314022865833322,0.0027099394740177475,5664
STMN1,2.832030773162842,-27.35079469825557,0.0023367456304049104,5664
STMN3,2.3896329402923584,-6.736008355116652,0.0018754678782248902,5664
STMP1,3.056170701980591,-10.066992357089951,0.003239380048347299,5664
STN1,,,0.023064655085140454,5665
STOM,2.287749767303467,-4.564977121636395,0.0024442853008529485,5665
STOML1,,,0.007375950953602285,5664
STOML2,2.92938494682312,-8.175175619252173,0.008702387457258803,5664
STON2,-0.15427449345588684,1.2091730119955095,0.003162146612775203,5665
STPG1,,,0.002797955343093666,5664
STRADA,1.425575852394104,-3.7492807026399473,0.0035426684644672764,5664
STRADB,1.8226778507232666,-6.533234357429137,0.0019319871733025715,5664
STRAP,2.3167738914489746,-14.745540423321913,0.007634738732346803,5664
STRBP,1.1790075302124023,-10.148600136577047,0.001920385104188562,5664
STRIP1,1.4386215209960938,-3.513372425369055,0.0044767435999626915,5664
STRIP2,,,0.002876443626858268,5665
STRN,2.2968244552612305,-7.235186288446348,0.0046225830754054184,5664
STRN3,1.0993316173553467,-6.179466535597295,0.0033466590656320416,5663
STRN4,0.7801796197891235,-1.8820846653556016,0.0140682574565485,5664
STT3A,2.0099949836730957,-3.4655047747378527,0.008621737878148576,5664
STT3B,1.7331292629241943,-7.057204218607173,0.013349630367233785,5664
STUB1,1.3611341714859009,-8.66749124584425,0.004540867024737806,5663
STX10,2.058444023132324,-6.136757719778277,0.002975026196723179,5663
STX12,1.2774286270141602,-3.584126702482242,0.005020172439481608,5664
STX16,3.0170838832855225,-9.964590829506749,0.001816938086384302,5664
STX17,2.159815549850464,-6.791627349483797,0.003086894541515668,5664
STX18,1.4319576025009155,-3.7632640727882274,0.00964499158881947,5664
STX1A,,,0.003728628217030862,5665
STX2,1.5396771430969238,-5.295561743945,0.0028301100869092596,5664
STX3,2.5058040618896484,-9.307056434540483,0.002315109761904906,5664
STX4,1.3584918975830078,-4.468511467125235,0.003920787555868368,5664
STX5,0.6977002620697021,-1.9529826341654186,0.009667477431825972,5664
STX6,2.0757007598876953,-5.475870470025392,0.0017758837266321841,5664
STX7,2.717808723449707,-6.06313861246321,0.0028215891014249784,5664
STX8,3.246779203414917,-4.58863851957044,0.0011808399686152897,5664
STXBP1,,,0.0022330841188183187,5665
STXBP2,2.2537832260131836,-6.349938603491406,0.0025624126811595103,5665
STXBP3,1.716134786605835,-3.8120548175545133,0.007842800908241717,5664
STXBP4,2.4510810375213623,-4.894377614720392,0.0036987584761712933,5663
STXBP5,0.5583563446998596,-5.732610774976577,0.004537686824263386,5664
STXBP6,3.0063493251800537,-5.198717671879556,0.0025570951993351535,5665
STYX,1.3186132907867432,-4.149056240709351,0.0024840076932797495,5664
STYXL1,2.2352135181427,-6.683330143213224,0.00332747152270641,5663
SUB1,0.45353445410728455,-10.236277644086156,0.0025283337514629516,5664
SUCLA2,2.019608497619629,-8.910177196868814,0.003037849036868237,5663
SUCLG1,6.76357364654541,-1.2097835911144514,0.017278387788899875,5664
SUCLG2,2.2023699283599854,-7.255789420974446,0.0027451292582339874,5664
SUCO,1.920343279838562,-3.3181536127929196,0.004125340298110036,5664
SUDS3,0.9962738752365112,-5.0725770804954795,0.01148142583859496,5663
SUGP1,1.5941357612609863,-4.764690797111345,0.013108979730233707,5663
SUGP2,1.5213083028793335,-9.770518555877699,0.0026019739303924753,5664
SUGT1,2.1270222663879395,-9.524143798496189,0.015418801976940922,5664
SULT1A1,,,0.003798693194912273,5665
SUMF2,0.9151228070259094,-9.538950692702864,0.0011701854185575324,5664
SUMO2,0.9520671367645264,-16.923095402834754,0.007892506166294815,5664
SUMO3,0.08768244832754135,-1.317503454257923,0.0030846769012801353,5664
SUN1,0.712184488773346,-5.616546061974873,0.0011258793426934682,5664
SUN2,,,0.0021837016935575804,5665
SUOX,,,0.0015644737762858481,5665
SUPT16H,0.7384587526321411,-7.97911013597314,0.014934574887461808,5664
SUPT20H,2.3455865383148193,-7.383513821193889,0.009831217524882759,5664
SUPT3H,1.4397436380386353,-2.486497910014615,0.004172397993086916,5665
SUPT4H1,1.5113943815231323,-8.967066519413917,0.007282678411127781,5664
SUPT5H,0.7791255116462708,-3.9709022519503177,0.01732755360952528,5664
SUPT6H,0.9717726111412048,-3.8286169859893326,0.05100123072560307,5663
SUPT7L,1.8967188596725464,-4.6235648554775555,0.004483108195662963,5663
SUPV3L1,1.1645166873931885,-4.882375505640609,0.007203827169824113,5664
SURF1,1.7400965690612793,-6.694136480562992,0.0020973532996560146,5663
SURF2,5.9309587478637695,-1.1407279254849123,0.015268221974346113,5663
SURF4,1.3650795221328735,-7.226673099566426,0.0031122102238082803,5664
SURF6,1.9874294996261597,-8.55919393978832,0.009687646962606678,5664
SUSD1,2.426846981048584,-6.404930928988431,0.0015574023999758108,5664
SUSD3,,,0.0022436635164198794,5665
SUV39H1,,,0.009256441965702009,5665
SUV39H2,2.224792957305908,-3.136692807011514,0.009238798406079048,5664
SUZ12,0.8665475249290466,-10.153455884914154,0.0026847309247039638,5664
SVIP,3.6714680194854736,-3.6697837510774556,0.0027229302231823673,5664
SWI5,2.8314244747161865,-8.447384673492966,0.003064273110794335,5663
SWSAP1,2.2227933406829834,-3.1388216899916186,0.003327146662316715,5665
SYAP1,2.380014657974243,-8.512634743343018,0.0031527010746181705,5664
SYCE1,3.118882656097412,-4.406752214843598,0.0019995713700029626,5665
SYCP2,2.4055840969085693,-10.116937106932033,0.0021173988419320006,5664
SYCP2L,1.8152763843536377,-4.430558713629715,0.0026381646735183745,5665
SYF2,1.868383765220642,-6.4013709341617915,0.00822560792395727,5664
SYK,,,0.0011869286871579576,5665
SYMPK,0.49799400568008423,-2.1774610791302407,0.009387217312723222,5664
SYNC,0.005540432874113321,-0.029309006884395986,0.004061740132225736,5665
SYNCRIP,0.2675507068634033,-2.9824513990219796,0.011453594974853843,5664
SYNGR1,0.5630723237991333,-3.4561220422496435,0.004162645033322629,5665
SYNGR2,1.7704384326934814,-6.7709842069786,0.0035042287213032453,5664
SYNGR3,0.29331138730049133,-2.9708239217519896,0.0030273940333990818,5665
SYNJ2,1.0003924369812012,-3.298350176396234,0.004261981843216406,5664
SYNJ2BP,2.6324799060821533,-2.629379920076185,0.004916468445291137,5663
SYNRG,1.7870965003967285,-5.618689972600398,0.0026841917887681865,5664
SYP,,,0.003342928573857263,5665
SYPL1,2.316469430923462,-11.022967500831745,0.0016163434030129886,5664
SYPL2,,,0.002417746640108582,5665
SYS1,2.3494834899902344,-4.6881070974924,0.004147237292946384,5664
SYT5,,,0.002900619561335049,5665
SYTL4,0.482679545879364,-0.9537228787900914,0.013214347286524635,5665
SYVN1,0.6674709320068359,-2.64333288838359,0.0035187657982721833,5664
SZRD1,0.1352998912334442,-0.9342515793328386,0.00570806282486723,5663
SZT2,1.0648740530014038,-3.349820664739532,0.002613261594946428,5665
TAB1,1.799870252609253,-3.591306598188363,0.0028097150441485992,5665
TAB2,-0.024654297158122063,0.18106270804289723,0.00344753486265468,5664
TAB3,,,0.003321611190019309,5665
TAC3,4.450915813446045,-1.4213565891207276,0.005833448370895504,5665
TACC1,1.1368446350097656,-4.639298346152377,0.0030959642942002853,5664
TACC3,0.26661956310272217,-2.691836054162175,0.0021403541159602233,5663
TACO1,1.9504345655441284,-7.74937006352412,0.001902877320630931,5664
TADA1,1.1032371520996094,-3.803155000376016,0.0041416606252721614,5664
TADA2A,1.135949730873108,-3.3822725098696558,0.0044001250076481846,5663
TADA2B,,,0.006277714419113381,5665
TADA3,1.9792927503585815,-12.674210934805927,0.0075033449819297045,5663
TAF1,0.80787193775177,-1.9651910356433901,0.020781707837540648,5664
TAF10,3.172966480255127,-3.1668472972106354,0.032517907227091906,5664
TAF11,1.8615672588348389,-9.33126134077936,0.005912116026265346,5663
TAF12,0.6624420881271362,-1.956936230334558,0.03517041746425896,5664
TAF13,4.8064799308776855,-1.2805938293429853,0.016876577068159572,5664
TAF15,1.7652003765106201,-14.212037233047992,0.001858891237877625,5664
TAF1A,4.4819488525390625,-1.1513134271300316,0.02159506097823061,5665
TAF1B,1.4755407571792603,-3.2860286413386834,0.006631292497045294,5664
TAF1C,,,0.014750203622285194,5665
TAF1D,0.9310771822929382,-10.99380973356386,0.009929573996652319,5663
TAF2,1.1059000492095947,-3.472088441494864,0.026860091473676864,5664
TAF3,1.3464537858963013,-4.62376593288034,0.011180542922747312,5664
TAF4B,2.328052282333374,-3.287087273499696,0.0034996782415524386,5664
TAF5,1.6183408498764038,-1.6141481787363903,0.02777159182049412,5664
TAF5L,1.0794209241867065,-1.5156406687684594,0.01646773164303348,5663
TAF6,2.0640294551849365,-4.599902724853136,0.013953557027848533,5664
TAF6L,2.6201119422912598,-2.618016557316086,0.008680607079581279,5665
TAF7,1.4268184900283813,-5.775325328923718,0.014881395024224113,5664
TAF8,1.232543706893921,-2.742901483889709,0.022704431157967716,5663
TAF9,0.6730170845985413,-6.926936326752714,0.003381495415062549,5662
TAF9B,1.8193331956863403,-3.6293008951571624,0.002803661244650226,5665
TAFA2,2.470000982284546,-5.508594404992966,0.0034295387556739394,5665
TAGLN2,2.34604811668396,-20.38103530433371,0.001811857124121737,5664
TAL1,1.8222631216049194,-6.024962824961958,0.0021934076944853027,5665
TAL2,,,0.0027955886036446415,5665
TALDO1,1.8505417108535767,-14.125556277068833,0.0034667894302627634,5664
TAMM41,2.914161205291748,-5.040043032327644,0.00593551335657427,5664
TANGO2,1.966421365737915,-5.536761538165907,0.002545569911519929,5665
TANGO6,,,0.037425615768359115,5665
TANK,0.5749126672744751,-3.492486513163493,0.0014967770277207603,5664
TAOK1,1.414617896080017,-5.917701453334926,0.0037952669922117002,5664
TAOK2,1.7940822839736938,-5.058757538525714,0.0018409056085699966,5664
TAOK3,0.3387933075428009,-4.830108167408375,0.0020450159952668905,5663
TAP2,,,0.004648780356740038,5665
TAPBP,2.4102540016174316,-5.376325838380838,0.0022849537144451915,5664
TAPT1,1.4750947952270508,-2.5452326223585273,0.007509572126583396,5665
TARBP1,1.699155569076538,-9.068053743942816,0.0013867093960176124,5664
TARBP2,5.678722381591797,-1.7222662661736186,0.005064229248633001,5664
TARDBP,1.555938959121704,-13.864100020082354,0.0052548179268143945,5665
TARS,2.1587040424346924,-14.414841413852352,0.017171518425252483,5665
TARS2,3.7221624851226807,-3.7196819900212077,0.009775353695476227,5664
TARSL2,2.88543963432312,-4.0764206927406255,0.00243238766499198,5665
TASOR,6.103032112121582,-0.9648772680652716,0.018630858823678643,5664
TASOR2,0.8626874685287476,-5.956305796664719,0.005927217620046213,5664
TASP1,,,0.002872065095136237,5665
TATDN1,2.027773380279541,-4.030940966234564,0.007050032182814233,5663
TATDN2,2.32574462890625,-4.642457377386219,0.002013985725991027,5664
TATDN3,1.368371605873108,-7.177345970941671,0.001545693788307986,5663
TAX1BP1,2.879382848739624,-13.703775315857824,0.001549643786380545,5664
TAX1BP3,,,0.001717997201925401,5664
TAZ,2.1873693466186523,-3.0883672017776513,0.00697249829017539,5665
TBC1D1,-0.2925563156604767,1.499537149765199,0.012012236428394265,5664
TBC1D10A,,,0.0030137295359460308,5665
TBC1D10B,1.4624323844909668,-3.560332549598679,0.004708404557208945,5664
TBC1D12,,,0.002325389931734832,5665
TBC1D13,2.446446418762207,-4.230535693910633,0.0024471759575403823,5665
TBC1D14,0.057597171515226364,-0.33796045406694714,0.0026316542442193797,5664
TBC1D15,2.2337005138397217,-4.450000178117441,0.0043252206800931175,5664
TBC1D20,2.4250388145446777,-6.840674957894576,0.0014743451202997668,5664
TBC1D22A,1.927820086479187,-6.370932660878418,0.002131813822694621,5664
TBC1D22B,1.7847336530685425,-3.085229192380892,0.002859002215943354,5665
TBC1D23,1.9174575805664062,-6.014398278331379,0.003420231357580778,5664
TBC1D24,2.482422113418579,-7.833601941691876,0.0011096787119630953,5665
TBC1D28,,,0.002129098650861571,5665
TBC1D31,1.7007160186767578,-2.931759304440175,0.00792530256550864,5663
TBC1D4,1.107261300086975,-5.434243986259322,0.006301749691602136,5665
TBC1D5,2.138981580734253,-4.261395317686673,0.0049827974117345256,5664
TBC1D7,0.56983482837677,-3.5262343720953564,0.002299342963508624,5664
TBC1D9B,1.464874267578125,-2.910437923201377,0.008358230603035744,5664
TBCB,2.7842535972595215,-6.798865565791093,0.006431481533201793,5663
TBCC,0.9055473804473877,-5.357650162346608,0.0015701593028723312,5664
TBCCD1,,,0.002124345918997619,5664
TBCD,1.228873610496521,-1.7286911760279227,0.015791575276456242,5664
TBCE,-0.029049094766378403,0.10350823551974474,0.006020014525757572,5664
TBCK,3.1231913566589355,-3.1213561858286254,0.003012445847689891,5663
TBK1,1.8639758825302124,-7.176846420254689,0.0018336338431922136,5664
TBKBP1,,,0.0063869313180560695,5665
TBL1X,1.4666894674301147,-4.813892717556432,0.004971959633988425,5664
TBL1XR1,0.5524763464927673,-3.2032152363456,0.00657412643162153,5664
TBL2,0.91960608959198,-5.231078344132501,0.0012598012108747377,5664
TBL3,1.835386037826538,-4.080048951045245,0.02834493770357723,5664
TBP,1.6986407041549683,-5.351975614707572,0.004321934975655373,5663
TBPL1,2.426018238067627,-7.985490212966577,0.005108114734466901,5664
TBPL2,,,0.003886601741966146,5665
TBR1,,,0.012327616426797625,5665
TBRG1,2.2995457649230957,-8.245965902332692,0.0020900116434229023,5664
TBRG4,1.9571751356124878,-7.2168049215713035,0.01805099950331714,5664
TBX1,1.4920399188995361,-20.527258620864618,0.0028249106013769087,5665
TBX10,,,0.002497862791363032,5665
TBX15,,,0.0014724605558501345,5665
TBX18,2.257262706756592,-4.506317076096207,0.0021116696378025803,5665
TBX19,0.06147534027695656,-0.5942233854832305,0.0022795617784770535,5665
TBX2,,,0.002736565547140333,5665
TBX21,,,0.006257369043617608,5665
TBX22,,,0.004020900591932446,5665
TBX3,,,0.0015926376617732695,5665
TBX4,,,0.001353488372480418,5665
TBX5,,,0.0034240770099556433,5665
TBX6,,,0.0016648079842681324,5665
TBXA2R,2.79305100440979,-4.832219761979795,0.0022283232990695503,5665
TBXAS1,,,0.002672215202576644,5664
TBXT,,,0.001336881888048101,5665
TCAIM,2.8563153743743896,-4.938790498224928,0.002821921124637314,5664
TCEA2,0.8095424771308899,-1.3915803759659804,0.013374807755106544,5664
TCEAL1,,,0.013622103312090477,5665
TCEAL8,2.287121057510376,-10.378204958296799,0.0023905010484702506,5664
TCEAL9,3.212279796600342,-6.409336611908,0.002775882669168837,5665
TCEANC2,2.156534433364868,-3.72592547128308,0.0035481160802704644,5663
TCERG1,2.4966230392456055,-10.168358393598115,0.01633959593090285,5664
TCF12,0.10841360688209534,-0.8123213577525377,0.002043756270415706,5664
TCF15,3.0219850540161133,-4.27025622971227,0.0031795837341780887,5665
TCF19,2.2996575832366943,-5.133512758156029,0.0016628634776582679,5664
TCF20,0.10201478749513626,-0.5463822597943186,0.003559553390478829,5664
TCF21,,,0.0023597165746774436,5665
TCF23,,,0.0025149149698706396,5665
TCF24,,,0.002148623035994696,5665
TCF25,2.3453986644744873,-5.1963724280444055,0.010344178972281862,5664
TCF3,2.1644043922424316,-6.431425404912123,0.0073434173757391365,5664
TCF4,1.4346412420272827,-8.636965496775261,0.0026904182946138285,5665
TCF7,0.17397890985012054,-0.4551188482890526,0.009000690376481225,5665
TCF7L1,,,0.00443902214774124,5665
TCF7L2,0.8998804092407227,-3.095725823971733,0.0026403659005221395,5665
TCFL5,,,0.015555417806685297,5665
TCHP,1.5694119930267334,-4.676490357602704,0.0036395989439573138,5664
TCIRG1,2.031266450881958,-5.3630375893443,0.0013068798781334437,5665
TCOF1,1.94059157371521,-8.980382656968224,0.009616338432449755,5664
TCP1,1.0337958335876465,-5.921221660087566,0.027765950482210946,5664
TCP11L1,,,0.0026787470745511747,5665
TCTA,,,0.002429272221044536,5664
TCTEX1D2,5.087025165557861,-1.7693397523101972,0.0038473217832807106,5665
TCTN1,2.3572685718536377,-2.354659210202927,0.005287896130542451,5665
TCTN3,5.023621082305908,-2.113280475062489,0.002533302739098515,5664
TDG,2.410454750061035,-8.940171883018916,0.0025551282665951924,5664
TDGF1,,,0.001966275030310513,5665
TDP1,4.854787826538086,-2.1600086983963656,0.002917379693585426,5663
TDP2,2.1891160011291504,-7.861732822079389,0.0013181056782670519,5663
TDRD3,0.8393876552581787,-2.482516371813316,0.009144994326304888,5664
TDRKH,,,0.0026793484909974907,5665
TEAD1,1.5011216402053833,-2.1155573587959844,0.00868005714359267,5665
TEAD2,,,0.0033976200653976158,5665
TEAD3,,,0.0006789775936557681,5665
TEAD4,1.3223626613616943,-2.945998765460706,0.003989670258010718,5665
TEC,2.1025609970092773,-6.940996613533215,0.0022197520393685897,5665
TECPR1,,,0.0020227543828362105,5664
TECR,2.936142683029175,-11.99700368985986,0.002988315722825462,5664
TEDC1,4.641965389251709,-1.7366772524415177,0.003170484852219496,5665
TEDC2,2.4863600730895996,-5.549583986079942,0.00214648379777222,5664
TEF,,,0.0014452824024394403,5665
TEFM,1.6058887243270874,-6.189777852469338,0.006955849443584203,5664
TEKT2,0.6027741432189941,-2.460678376469456,0.0026484811736900388,5665
TELO2,2.984023332595825,-2.9802371993263694,0.032162491549170766,5665
TEN1,1.7764825820922852,-6.365970276834742,0.0024433994515321703,5664
TENT2,1.6094329357147217,-2.260462374313085,0.02315615814846866,5664
TENT4A,0.2564515173435211,-1.3165683789102975,0.002924487831799912,5664
TENT4B,0.03892865777015686,-0.1207176543108332,0.009339660526859582,5664
TEPSIN,,,0.009212880419470122,5664
TERF1,1.0755928754806519,-6.585184674294268,0.0023892560332205103,5664
TERF2,0.9195785522460938,-2.5565939231220605,0.018987137010842908,5664
TERF2IP,2.168994903564453,-9.82997592324613,0.0038467914398971526,5664
TES,1.7631646394729614,-3.9316124445573886,0.002592076544851542,5664
TESC,1.9041733741760254,-10.717537297159478,0.0026500459799375783,5664
TESMIN,,,0.006837349492683456,5665
TET1,1.7142232656478882,-7.930456041507653,0.0034797019760547643,5665
TET2,1.9927821159362793,-5.6130096009318375,0.0023045679707413345,5665
TET3,0.07383419573307037,-0.3494658632198518,0.002968143240760138,5665
TEX10,2.4170761108398438,-5.895178228151252,0.021157330370099713,5664
TEX15,,,0.0057815686096830046,5665
TEX2,,,0.001607290018006106,5665
TEX261,2.870471239089966,-4.964523694630738,0.002128968681326487,5665
TEX264,2.6480417251586914,-12.64133956160697,0.000847776136231097,5665
TEX30,2.490293025970459,-12.778484283611673,0.0025613403979617166,5664
TFAM,2.582071542739868,-9.898961065432358,0.008455241882032068,5664
TFAP2A,0.6920281052589417,-3.4275946298295046,0.0018524941944547304,5665
TFAP2B,-0.11075392365455627,0.32438474841728354,0.014915378338003731,5665
TFAP2C,,,0.0034658560741562647,5665
TFAP2D,,,0.009556818573047335,5665
TFAP2E,,,0.004507012411511724,5665
TFAP4,5.3141703605651855,-1.2232896991791005,0.01827232557968251,5665
TFB1M,3.3487071990966797,-4.730380685370741,0.004272546455245339,5664
TFB2M,0.742296040058136,-8.471881112884732,0.001121216103819785,5663
TFCP2,2.118325710296631,-7.605700229168653,0.0015183026093670002,5664
TFCP2L1,,,0.03303283422859089,5665
TFDP1,2.5489792823791504,-16.488908630185367,0.008598773009116403,5664
TFDP2,0.5256579518318176,-4.435302339671966,0.002238993175858056,5664
TFDP3,,,0.004990215372733652,5665
TFE3,,,0.0024756363283585567,5665
TFEB,,,0.0010811172861961928,5665
TFEC,,,0.007386827279550032,5665
TFG,2.2683050632476807,-10.992644869042966,0.002298506775542875,5664
TFIP11,0.672728955745697,-2.6483856056090818,0.006026331496057113,5664
TFPI,0.8429505825042725,-1.6637143614075258,0.01713986329138708,5665
TFPT,0.29224300384521484,-1.6268654797375692,0.00651011471097792,5664
TFR2,,,0.02328961402427372,5665
TFRC,0.6851223707199097,-10.581130435863246,0.004048695227853176,5664
TGDS,3.202744483947754,-3.1986225712305303,0.005540854771203727,5664
TGFB1,1.918817400932312,-12.652372078006106,0.002263270112949195,5665
TGFBR1,-0.32189738750457764,2.1278527973087726,0.014965217345544566,5664
TGFBR3,0.5772972106933594,-2.1427625647072177,0.0023505082534390305,5665
TGFBRAP1,1.7883225679397583,-6.6586897817893504,0.0016501881240357616,5664
TGIF1,1.732899785041809,-4.57258933034903,0.0016959186106052363,5665
TGIF2,1.2047598361968994,-4.622134064763793,0.003804841275799569,5664
TGIF2LX,,,0.004284996413264273,5665
TGIF2LY,,,0.0029943893370441518,5665
TGM2,,,0.0025481263378517526,5665
TGOLN2,2.341569185256958,-8.693258196106878,0.0028738469153274074,5664
TGS1,2.3122522830963135,-12.141210603055947,0.0015828764991093855,5663
THADA,2.24898362159729,-2.2435842182400427,0.01387480544411606,5664
THAP1,1.4581265449523926,-4.10512189944481,0.004739434277496554,5664
THAP10,,,0.002017755337698996,5665
THAP11,1.945601224899292,-5.474438493812828,0.008109750656655682,5663
THAP12,1.352057695388794,-5.659443486841264,0.006034498508546409,5664
THAP2,,,0.003213250827274242,5664
THAP3,1.4782817363739014,-3.293500073833824,0.0030405646613641066,5665
THAP4,0.4564448297023773,-1.5375669057450696,0.012683698284898175,5663
THAP5,2.386662721633911,-5.317427177052554,0.003451587410542973,5663
THAP6,4.7764763832092285,-1.4951169126699666,0.0055974442750483374,5663
THAP7,2.1675620079040527,-17.597968321808843,0.0017817041041236512,5665
THAP8,,,0.004380280603699714,5664
THAP9,,,0.0017399612279745235,5664
THEM4,2.950094699859619,-6.56513854878565,0.004358469668273258,5664
THEM6,,,0.006102639923943656,5665
THEMIS2,2.8061070442199707,-2.803688586877031,0.005870316192443105,5665
THG1L,1.1056970357894897,-2.449593656112536,0.02085834475180089,5664
THOC1,1.9504249095916748,-3.872565703922756,0.01306028763500852,5664
THOC2,0.8972213864326477,-5.354915744676612,0.013507716240246312,5664
THOC3,2.267534017562866,-9.291460154674866,0.015405624437291897,5665
THOC5,0.5545000433921814,-1.5116956961856238,0.02107811395114735,5664
THOC6,2.7382290363311768,-8.628243195870452,0.003059898519790068,5663
THOC7,1.4109917879104614,-9.930937184578351,0.00717691908001767,5663
THOP1,2.7538461685180664,-9.877626511073984,0.0029571224801629957,5663
THRA,1.4112409353256226,-6.265930070078124,0.0018066209719997128,5664
THRAP3,1.8352794647216797,-16.984873882365594,0.004405642252769182,5664
THRB,1.1411449909210205,-3.7686537696112263,0.0014220562007713298,5665
THUMPD1,1.5117378234863281,-6.09206840391075,0.013483879022987335,5664
THUMPD2,1.5785189867019653,-8.13785507170669,0.0011932275412708082,5664
THUMPD3,2.066338300704956,-10.222821260253905,0.0019520270620287817,5664
THYN1,2.4017622470855713,-4.780283560190344,0.005713640667823479,5664
TIA1,1.785465955734253,-5.8677246474852796,0.006003917518820222,5664
TIAL1,0.723563015460968,-1.5590197805392947,0.030782766119401964,5664
TICRR,0.5659157037734985,-2.094406443221165,0.006709064092436275,5664
TIFA,,,0.020796479369550938,5665
TIGD1,,,0.0035803275653725486,5664
TIGD2,,,0.007059368578558885,5664
TIGD3,,,0.002636424044204933,5665
TIGD4,,,0.0019355425254804523,5664
TIGD5,0.675258994102478,-1.3401682236158248,0.010726606443615503,5665
TIGD6,,,0.002328737461695408,5664
TIGD7,,,0.004945397441961697,5664
TIMELESS,2.9760615825653076,-5.932391684010556,0.006441491836641165,5664
TIMM10,1.5162737369537354,-10.640361813723988,0.003437047511702659,5664
TIMM10B,2.2961127758026123,-6.857782002407374,0.002085700021609123,5663
TIMM13,1.3747917413711548,-21.45442284187752,0.0057285854667430075,5664
TIMM17A,1.9053149223327637,-10.976304505517618,0.004700418980413031,5664
TIMM17B,2.061413526535034,-6.782199794071611,0.006322396594294278,5664
TIMM21,,,0.006283197867634966,5665
TIMM22,1.3440130949020386,-4.413192331987613,0.005161906759237281,5664
TIMM29,0.6075868010520935,-3.573445464906811,0.0026633415005054267,5663
TIMM44,1.2003008127212524,-3.550122188182141,0.020501639658899944,5664
TIMM50,1.6650774478912354,-5.861010573179853,0.0108166545516938,5664
TIMM8A,3.1210105419158936,-12.041407534211922,0.0019812768628708092,5664
TIMM8B,2.085498571395874,-18.41918958847576,0.0013606189825146723,5664
TIMM9,2.0375006198883057,-10.494245502115975,0.003595970144008199,5663
TIMMDC1,6.912831783294678,-1.4333315965320264,0.0140256819888098,5664
TIMP1,1.2521923780441284,-13.008120748151235,0.0014816655555010452,5664
TINF2,2.240079641342163,-3.162169307227765,0.005194023967869775,5665
TIPARP,,,0.021812514358359198,5665
TIPIN,1.8782544136047363,-7.899178306355275,0.00379414043080321,5663
TIPRL,2.700345516204834,-6.576983284862304,0.0062467935790548055,5664
TJAP1,0.6594063639640808,-2.778029989808703,0.001557288710702571,5665
TJP1,2.186924457550049,-8.143202089904467,0.0015182887883490744,5665
TJP2,0.3854401111602783,-2.7032065247039285,0.001687364984747365,5664
TK1,2.614722728729248,-5.207961998344574,0.007562754757499889,5664
TKT,0.5310817956924438,-15.208190677721102,0.0010241814704255842,5665
TLCD1,2.0144426822662354,-4.495929427851763,0.0015734613709074818,5665
TLCD3A,,,0.002773862815431096,5665
TLCD5,,,0.0027008657382492363,5665
TLE3,1.9382632970809937,-4.7346602235559185,0.0035150375141928814,5664
TLE4,0.877906858921051,-1.7462584959005913,0.005816471497032846,5665
TLE5,0.024790780618786812,-0.4082912319892705,0.00289189673930632,5664
TLK1,0.6851834058761597,-5.756942870312135,0.004830530035683126,5664
TLK2,1.9599312543869019,-7.542822970403503,0.004442580227831323,5664
TLN1,1.6485264301300049,-12.562732164286695,0.0018909592279886189,5663
TLNRD1,2.6755995750427246,-4.628640602508527,0.0017808323653292254,5664
TLX1,,,0.0015706004573130172,5665
TLX2,,,0.003757103166976466,5665
TLX3,,,0.003910607518819759,5665
TM2D1,1.9107168912887573,-4.648582687727261,0.005907792786545899,5664
TM2D2,2.8681249618530273,-4.046810956689866,0.005160524390029363,5663
TM2D3,0.9298589825630188,-3.1807558748771187,0.005324577289345505,5664
TM4SF19,,,0.0029903174730200694,5665
TM7SF2,1.7657042741775513,-6.331529394590663,0.001775486248143157,5664
TM7SF3,2.7751615047454834,-4.798666005537285,0.0026584676158078677,5664
TM9SF1,0.8993356823921204,-6.6740428291306735,0.0013571637672781685,5664
TM9SF2,2.9495670795440674,-9.722636941404959,0.0027208308614528696,5664
TM9SF3,1.866080641746521,-11.011577449218853,0.0022488116531389026,5664
TM9SF4,3.411506175994873,-4.818625105647092,0.004769356499197514,5664
TMA16,2.269357204437256,-9.014110036622526,0.007474923271479414,5664
TMA7,1.5457695722579956,-26.20622691580831,0.0015841589522270728,5663
TMBIM1,2.61108136177063,-3.684769417373648,0.005738252677242239,5665
TMBIM4,3.1333391666412354,-7.6460511291511155,0.003161356775718383,5664
TMBIM6,1.8381898403167725,-13.840093794000998,0.0033390562727609817,5664
TMC6,1.471226692199707,-7.410151853833527,0.0029121592512864176,5665
TMCO1,2.5063860416412354,-15.984893295116741,0.0023550086086030686,5663
TMCO3,2.4340524673461914,-5.947536036069167,0.0027191372226100614,5664
TMCO6,,,0.004390875957499496,5665
TMED1,2.755350112915039,-4.762193622546294,0.003097192326354893,5664
TMED10,2.5009605884552,-10.25460038117038,0.004281327168472827,5664
TMED2,2.3385157585144043,-14.798891038915482,0.003498323196189674,5664
TMED3,2.540465831756592,-9.452922953542178,0.0019332050611961654,5664
TMED4,2.375195264816284,-6.6745714680286765,0.004725358783090093,5664
TMED5,1.6722466945648193,-7.56287198963731,0.0029530275391131673,5663
TMED7,2.3306827545166016,-8.685403419776,0.001578080317111492,5664
TMED8,2.520678758621216,-4.357176621861934,0.0029846141590188177,5664
TMED9,0.6908082962036133,-4.830375017739057,0.009717769403221754,5664
TMEM101,0.6389648914337158,-3.2470814838575475,0.004144177223049507,5664
TMEM106B,2.96173357963562,-5.91417071163611,0.002571988907531031,5664
TMEM106C,2.9575674533843994,-9.318576654367973,0.0017116468183811806,5664
TMEM107,4.743181228637695,-1.3663548591742714,0.006028502610086384,5664
TMEM109,2.368434190750122,-5.282087943582199,0.0020949501529469025,5665
TMEM11,2.0073440074920654,-5.649207164360067,0.0036727922200422156,5664
TMEM115,1.8216495513916016,-3.6312218796679097,0.004925009034217858,5665
TMEM116,2.3596646785736084,-5.26302268483978,0.0021653471914072253,5664
TMEM120A,,,0.0023136326154708804,5665
TMEM120B,1.0175197124481201,-2.0223169644872088,0.00850836530509971,5664
TMEM123,1.6597806215286255,-9.157687838631443,0.0040481292208464385,5664
TMEM126A,2.1719019412994385,-9.140859314529648,0.0018101982113319442,5664
TMEM126B,3.4110066890716553,-5.8864173342140935,0.008038803614253914,5664
TMEM127,,,0.0013360236963260957,5664
TMEM128,1.615031123161316,-3.219388528614304,0.003966733391576896,5664
TMEM129,1.727449655532837,-1.7229650950568354,0.016449091283720355,5665
TMEM131,1.9108155965805054,-8.057642332438862,0.0027473498194597336,5664
TMEM131L,2.5425565242767334,-5.670732992112863,0.0023090340822137455,5664
TMEM134,3.015799045562744,-6.0222172364439235,0.0016985322214648332,5664
TMEM135,1.9318797588348389,-4.30817560823626,0.002266265690324099,5664
TMEM138,1.8537510633468628,-8.433540322732084,0.0015998661345350094,5664
TMEM141,3.064291477203369,-7.477685970608098,0.0025061549495675535,5664
TMEM147,3.5015652179718018,-6.973035837476255,0.005797513631248769,5664
TMEM14A,5.790834903717041,-2.0471598585258186,0.0035630338150539386,5664
TMEM14B,3.191230297088623,-17.456457859039162,0.0028565136291631727,5664
TMEM14C,3.3838284015655518,-17.92145287867213,0.002758768923364202,5664
TMEM150A,2.639305591583252,-4.566413847845261,0.0015662840381643242,5664
TMEM158,1.773480772972107,-1.7702659093305182,0.009318170562739462,5665
TMEM159,1.9305033683776855,-3.3341958660197397,0.004529615806557316,5665
TMEM160,2.8507871627807617,-18.271250001313184,0.0012597729756947372,5664
TMEM161A,2.781118392944336,-6.2002661523013325,0.0028194511951818743,5664
TMEM161B,2.8804304599761963,-4.069209290732844,0.00799818533333357,5664
TMEM164,1.0255755186080933,-3.810464286714799,0.002224498778218489,5664
TMEM165,1.1642680168151855,-8.834805373022132,0.00361273927985935,5664
TMEM167A,2.430088996887207,-7.206150855531092,0.008359644093692135,5663
TMEM167B,2.8272042274475098,-3.9917335362275495,0.004404625286465814,5665
TMEM168,2.0287249088287354,-3.5078904551150654,0.002698699922533309,5665
TMEM170A,2.8572099208831787,-6.377292403528475,0.0018081356466501566,5664
TMEM173,2.4255011081695557,-4.195642190720401,0.0017652450371444769,5665
TMEM175,,,0.0035271145537415925,5664
TMEM177,2.638172149658203,-5.887112124872071,0.0018397052263311388,5665
TMEM179B,1.687308430671692,-7.649564005323663,0.0027183383046746673,5663
TMEM18,2.797741651535034,-4.83442389860735,0.003705862330786419,5664
TMEM181,-0.08547832071781158,0.807982448591125,0.0019342466113640656,5664
TMEM183A,0.7008471488952637,-4.387856046997294,0.008068890867751874,5664
TMEM184B,,,0.005772858019786174,5665
TMEM184C,2.8436872959136963,-2.8407502380830176,0.004469069146475869,5664
TMEM185B,3.098071813583374,-4.377250332944428,0.002361765196511193,5665
TMEM186,2.825355291366577,-2.821681787157351,0.005955783433945984,5665
TMEM189,2.337012529373169,-5.709283859797802,0.0022435305503310616,5665
TMEM19,2.1874682903289795,-4.365900944911884,0.002657978935424764,5665
TMEM192,2.5601730346679688,-5.110159386960417,0.0027182341453495344,5664
TMEM198,,,0.002501266574507043,5664
TMEM199,1.7048075199127197,-6.10870738729045,0.0022498248056450594,5663
TMEM201,,,0.0051397203184599515,5665
TMEM203,1.880315899848938,-8.933159596243915,0.002330941601709188,5664
TMEM205,0.9199773669242859,-3.9572000197928467,0.002973746537199201,5664
TMEM208,1.6601563692092896,-7.457598746178449,0.005633035474461954,5664
TMEM209,2.610673189163208,-5.210247145118324,0.0024586684421895122,5664
TMEM214,2.326831102371216,-4.644097872395099,0.0054105483181434225,5664
TMEM216,,,0.001554570137116143,5665
TMEM218,2.453118085861206,-4.242468461217482,0.0020756165149573495,5664
TMEM219,2.8384432792663574,-5.647787212003469,0.006129343770233629,5664
TMEM222,1.1328940391540527,-3.901135480597571,0.0021031086529184786,5664
TMEM223,2.2200474739074707,-5.408356970980455,0.004299898693063042,5663
TMEM230,2.0317156314849854,-9.374425030968796,0.003284391595987573,5664
TMEM231,,,0.002836981918672061,5665
TMEM234,,,0.003978501306653473,5664
TMEM237,0.02719801664352417,-0.2337328491932742,0.0016387197079659576,5664
TMEM240,,,0.001464402906742579,5665
TMEM241,,,0.003937085807667921,5665
TMEM242,2.794404983520508,-4.82983817654672,0.005995558523246615,5664
TMEM243,2.3274147510528564,-3.287050486467821,0.002927930275661375,5664
TMEM245,1.4186174869537354,-7.4403447690250575,0.0013812056222032782,5664
TMEM248,1.5442874431610107,-8.19269341042166,0.0028219150566808075,5664
TMEM250,3.087019681930542,-4.360429267201885,0.0030165833137763883,5665
TMEM251,2.8953585624694824,-4.0900255895739495,0.0027872866459911177,5665
TMEM256,2.329840660095215,-7.691381663778415,0.002015228661759779,5664
TMEM258,1.9303427934646606,-17.189921645352065,0.003247396416993753,5663
TMEM259,1.7148693799972534,-11.302711962920036,0.0028837283831869647,5663
TMEM267,4.875914096832275,-1.6888883053099844,0.005471822517352405,5664
TMEM273,2.853728771209717,-2.851697576877851,0.0031481007100552538,5665
TMEM30A,2.954300880432129,-4.169359375715013,0.0052693714155225835,5664
TMEM33,3.139442205429077,-8.277675236665925,0.0021886679428959606,5664
TMEM38B,3.1606204509735107,-6.307536463786486,0.0021992462817774098,5664
TMEM39A,,,0.00169243149860429,5664
TMEM39B,3.8205478191375732,-3.818599509489463,0.00263566327080325,5664
TMEM41A,2.422971487045288,-6.80815476966065,0.003873781404001926,5664
TMEM41B,1.5791867971420288,-2.71529250440176,0.01642811087326804,5664
TMEM43,2.090919256210327,-2.9468671342758266,0.007890296535966906,5663
TMEM44,,,0.001923297503990485,5665
TMEM50A,1.582890272140503,-14.934132324977536,0.002758902382841002,5663
TMEM50B,2.559340715408325,-7.215109202628206,0.0022814533745838693,5664
TMEM52,,,0.0012202426897686197,5665
TMEM53,,,0.002304662659351336,5665
TMEM54,2.192767381668091,-4.887416804151507,0.003549642724935207,5665
TMEM59,1.5602113008499146,-12.0000935215041,0.0023596218076055897,5663
TMEM60,2.0046658515930176,-3.9930261242525256,0.005160512607491188,5663
TMEM62,,,0.00639782367675297,5665
TMEM63A,1.073517084121704,-5.708347826886205,0.001960028963972463,5665
TMEM63B,0.6051033139228821,-2.47302701293766,0.0029593007862927984,5664
TMEM64,,,0.0015446532953193968,5665
TMEM65,0.12181895226240158,-0.5361931436986972,0.003553230629958512,5664
TMEM68,1.7757538557052612,-4.333484899527032,0.003192568790414851,5663
TMEM69,1.2836140394210815,-7.690720848728501,0.0018907422958020558,5663
TMEM70,1.3739460706710815,-9.24004773351965,0.002039368144542508,5663
TMEM74B,0.6129153966903687,-2.784258630550326,0.0016366939839793718,5665
TMEM80,4.934191703796387,-1.7303060272640145,0.004147689655965549,5665
TMEM87A,1.5249277353286743,-6.932616696756099,0.002317712478339048,5664
TMEM8A,2.1252403259277344,-4.240795978479418,0.0027330951185316455,5665
TMEM9,2.2697548866271973,-8.442404895331713,0.002065507726009169,5664
TMEM97,3.5320065021514893,-7.866655692307284,0.004121292844383713,5664
TMEM98,2.46958327293396,-8.517010748959315,0.0015144458628065292,5665
TMEM99,2.4199347496032715,-5.8945319918114905,0.004409388584353284,5664
TMEM9B,0.7193554639816284,-2.4672823637846535,0.004245083292059726,5664
TMF1,1.859109878540039,-6.118053666249587,0.003103917658448372,5664
TMLHE,3.1218883991241455,-3.1201283398504054,0.0024551703571431376,5664
TMOD1,1.2567259073257446,-4.313197751423209,0.005508260455143633,5665
TMOD3,2.464831590652466,-6.934978287636246,0.00299749794983766,5664
TMPO,0.7383682131767273,-13.750710189677376,0.0022440403948489956,5664
TMSB10,2.387610673904419,-26.23671358757902,0.003051702076794214,5664
TMSB4X,1.0129811763763428,-20.628494048978247,0.002780732055966774,5664
TMTC4,0.8741017580032349,-2.1281397511417803,0.004338104198185385,5664
TMUB1,1.4999854564666748,-8.051041112550497,0.0035258484897038077,5663
TMUB2,1.220410943031311,-4.37656162078424,0.0018971856288468273,5665
TMX1,2.912060260772705,-7.104082549760917,0.003520399026101251,5664
TMX2,1.0808582305908203,-6.364382633501467,0.014322707087447683,5663
TMX3,1.914362907409668,-4.272458616380329,0.0015481445845355044,5665
TMX4,1.8272018432617188,-5.136931852457588,0.0035039230368189267,5664
TNFAIP1,,,0.0018343576945448802,5664
TNFAIP2,1.812638282775879,-4.04423399886736,0.001945441666489351,5665
TNFAIP8,2.0834898948669434,-9.700539028915411,0.0021517487149350155,5664
TNFAIP8L1,0.7828658223152161,-2.5772456967445527,0.00347161292806495,5665
TNFAIP8L2,,,0.002213209209278634,5664
TNFRSF10A,1.8923839330673218,-3.2660162326971194,0.005837746046409861,5665
TNFRSF10B,1.335693359375,-3.520997213978298,0.0022321904225596255,5664
TNFRSF12A,2.629006862640381,-3.7128710921026116,0.003492275135241562,5664
TNFRSF1A,3.268357753753662,-4.61644846122437,0.0027415496849261057,5664
TNFRSF1B,,,0.0010090575867894823,5665
TNFRSF8,,,0.0038955396543058195,5665
TNFSF10,1.807486891746521,-1.8044568801386793,0.01270637817410185,5665
TNFSF9,4.5196356773376465,-2.2865094295301467,0.0021627186927437227,5665
TNIK,1.4474343061447144,-9.429141850646182,0.0019468436253125745,5664
TNIP1,0.7253782749176025,-5.5299452813950385,0.0013139149889457912,5664
TNIP2,2.165774345397949,-6.104528415527076,0.002103935736591419,5664
TNK2,,,0.0013216744573918329,5665
TNKS,1.7177671194076538,-5.4049915341144805,0.002336124089905012,5664
TNKS1BP1,,,0.0020065995116244173,5665
TNKS2,1.3322407007217407,-3.499504539464383,0.0049137439367629415,5664
TNNI3,2.0059900283813477,-4.475613439954806,0.003498255564936831,5665
TNNT1,1.1397924423217773,-13.716667981723106,0.0014875260679147353,5665
TNNT2,,,0.012413465772150502,5665
TNPO1,1.3999102115631104,-7.349229505910158,0.006832731966698015,5664
TNPO2,0.643791675567627,-4.726801444950168,0.0014489739446953468,5664
TNPO3,2.397881031036377,-9.806120329200402,0.012809582104624757,5664
TNRC18,-0.16135630011558533,0.9314634739670447,0.0029278372265488435,5665
TNRC6A,1.4167683124542236,-9.58892515022389,0.007082317287080549,5664
TNRC6B,0.28822946548461914,-2.1371742488359913,0.005944253428027259,5664
TNRC6C,0.06678891181945801,-0.34882941576866283,0.002080326881473607,5664
TNXB,,,0.006168026648294337,5665
TOB1,1.6281449794769287,-4.585191951766732,0.002493193639239582,5664
TOB2,1.7944698333740234,-5.055459294942435,0.002264973187705067,5663
TOE1,2.92875599861145,-7.159634108981203,0.004553129660864392,5664
TOGARAM1,2.0964653491973877,-4.6784276729768886,0.001620560255458234,5665
TOLLIP,4.851271629333496,-1.7150022794821238,0.004282445195519154,5665
TOM1,,,0.004339526962632314,5665
TOM1L1,,,0.004890218089673918,5665
TOMM20,1.8834394216537476,-24.828744778582635,0.00463553149140462,5664
TOMM22,1.4965386390686035,-10.940665324779154,0.02090650827197324,5664
TOMM34,2.205509901046753,-6.211091896165437,0.002438881495500619,5664
TOMM40,1.0846951007843018,-14.564762005185818,0.004573713049281174,5664
TOMM40L,1.9258944988250732,-2.7188971447713746,0.004498831049588163,5665
TOMM5,3.491945743560791,-10.945670005351849,0.004786683764374451,5664
TOMM6,1.7691353559494019,-13.521213417454936,0.007383524504353347,5664
TOMM7,1.8083672523498535,-22.4734248900032,0.0018262656404076324,5664
TOMM70,2.6788041591644287,-8.4251452935246,0.0026742411697687246,5664
TONSL,5.148701190948486,-0.9492775716744586,0.020491985876547377,5664
TOP1,1.5325067043304443,-11.998836106369797,0.011719978444668055,5664
TOP1MT,2.527024984359741,-8.329774348312402,0.002702290661122582,5665
TOP2A,0.8313329815864563,-4.236327584417218,0.01691449943386915,5664
TOP2B,1.5429201126098633,-17.661585712456944,0.0018331328864746972,5664
TOP3A,1.5038394927978516,-5.59771700515005,0.0018884659556206533,5664
TOP3B,2.0554628372192383,-6.1088283740614315,0.005711385818718416,5664
TOPBP1,1.2786930799484253,-6.811912180166355,0.005696652349670793,5664
TOPORS,1.1074978113174438,-6.257190919583186,0.0023955780027728993,5664
TOR1A,2.3719911575317383,-8.170111494856393,0.002373189462686766,5664
TOR1AIP1,2.5199882984161377,-3.5529188702732633,0.007783254795427213,5663
TOR1AIP2,1.515652060508728,-10.438421192418355,0.002736235195930002,5663
TOR1B,,,0.004837866285508754,5665
TOR2A,3.533607244491577,-3.5309659467558987,0.003289669340589066,5665
TOR3A,2.614908218383789,-7.358285813771174,0.003811298779734851,5664
TOR4A,2.5050368309020996,-5.001973175336486,0.0021371237784508527,5665
TOX4,1.4040985107421875,-10.367240615595048,0.0035339150776389316,5663
TP53,,,0.0023941966740225465,5665
TP53BP1,0.5932214856147766,-3.998652465322527,0.0015709208239802724,5664
TP53BP2,0.7994402647018433,-7.07573123511767,0.0025633572306017894,5664
TP53I13,2.7344491481781006,-3.86197471641581,0.00543315936826229,5665
TP53I3,3.376596689224243,-3.375250790846898,0.0020908443280986716,5665
TP53RK,1.9895939826965332,-7.657814791992339,0.0054416230438695,5664
TP63,,,0.0031830967875884253,5665
TP73,,,0.0037398915487483328,5664
TPD52L1,2.9698896408081055,-7.258164099557349,0.0015995803997982594,5665
TPD52L2,2.265089988708496,-7.806090006281534,0.0017437315570279378,5664
TPGS1,0.6176238059997559,-4.204232123177171,0.002538540958127458,5665
TPGS2,2.565777540206909,-8.44800446513731,0.0031131246215475613,5664
TPM1,0.75830078125,-5.028092825166517,0.001148913080420142,5664
TPM4,0.7429333925247192,-11.833675315634434,0.0007702180201425416,5664
TPMT,2.9478659629821777,-4.162168512629997,0.0036889055222422335,5663
TPP1,3.135570764541626,-4.429561696414798,0.0023564381126972137,5664
TPP2,1.0985873937606812,-4.468352226995472,0.031186713821553445,5664
TPR,2.2214255332946777,-13.318263570523195,0.02090586804973738,5663
TPRA1,1.170810580253601,-3.29869860304916,0.00215224635272971,5664
TPRKB,2.5687386989593506,-4.414376703356271,0.016704354089849563,5664
TPRN,1.3164317607879639,-5.063239891601202,0.0021676985627385992,5664
TPRX1,,,0.0034681611799839123,5665
TPST2,0.36647510528564453,-3.6578336458529703,0.0020103975388794547,5664
TPX2,1.1075533628463745,-13.771956101554645,0.005853252359960281,5664
TRA2A,0.7426820397377014,-7.432454250980811,0.0010953299873711784,5664
TRA2B,1.148180603981018,-15.655563007705966,0.007174029132416307,5664
TRABD,1.0690126419067383,-9.172227466695324,0.002198943269185457,5664
TRADD,2.8148887157440186,-2.8125273430255735,0.005776451968853147,5665
TRAF2,0.5265385508537292,-1.4737776106482146,0.006633998138549628,5664
TRAF3,0.9166440367698669,-3.961881401835638,0.002143773134952783,5664
TRAF3IP1,1.877780795097351,-5.287510496076067,0.0031082222801147755,5664
TRAF3IP2,,,0.002381773021705646,5665
TRAF4,1.5797003507614136,-6.456763148103292,0.002395447943276884,5664
TRAF5,2.547454595565796,-6.225594652704991,0.001682900957847197,5665
TRAF7,0.975839376449585,-8.330862897758722,0.001183571230848524,5664
TRAFD1,1.5555915832519531,-3.465007350288286,0.0036031363532960654,5664
TRAIP,2.6939339637756348,-3.8056565769855712,0.0024699367344565987,5664
TRAK1,-0.04182622954249382,0.24564663478789003,0.0025029263516322944,5664
TRAM1,2.2703909873962402,-9.567377694611718,0.001624212709562193,5664
TRAM2,1.5221974849700928,-5.458187852641403,0.0019336040888344147,5664
TRAP1,1.6108051538467407,-16.50998180682983,0.0016996434371295342,5664
TRAPPC1,1.3311299085617065,-9.08744178731545,0.002078057706501061,5664
TRAPPC10,0.23489858210086823,-0.7960065899209314,0.01071705925637004,5664
TRAPPC11,3.0785789489746094,-3.076011758051143,0.01566605763389331,5663
TRAPPC12,2.524315118789673,-6.1662253586010225,0.002177119274875531,5663
TRAPPC13,1.2095452547073364,-3.6083764654671464,0.00316081946583733,5664
TRAPPC2,3.0977373123168945,-4.376368988729113,0.0022777575413429705,5664
TRAPPC2L,2.0950064659118652,-7.716339945616499,0.006284086898123056,5664
TRAPPC3,2.155367136001587,-17.82229936285053,0.0015245840221674463,5663
TRAPPC4,1.3251632452011108,-17.21238894376015,0.0011214370538114987,5664
TRAPPC5,2.2418911457061768,-8.558306600494143,0.006875623051446501,5664
TRAPPC6A,2.5653791427612305,-8.821133458320118,0.0039439884720221035,5664
TRAPPC6B,1.8785110712051392,-5.283710847797049,0.0031886142752441883,5663
TRAPPC8,1.6319488286972046,-5.853902786015232,0.001968881550297371,5664
TRDMT1,2.7675676345825195,-3.908550250399487,0.0030804930687915403,5664
TREML2,,,0.0025593514821713763,5665
TRERF1,,,0.00461373058287825,5665
TRIAP1,2.477693796157837,-8.86251628723438,0.004251015628699574,5663
TRIB2,1.8386662006378174,-10.761186581666141,0.001546001645737987,5665
TRIB3,1.1111254692077637,-6.525025044295676,0.002731454707582949,5665
TRIM11,2.8132407665252686,-4.860676298214164,0.004006725435257057,5664
TRIM13,1.5496984720230103,-5.091605867611839,0.004497636476951101,5663
TRIM14,,,0.0018616861501596694,5665
TRIM16,,,0.00213910141713932,5665
TRIM21,,,0.004602089236812519,5665
TRIM23,,,0.0027204010612118155,5664
TRIM24,1.4350556135177612,-6.733820921737866,0.00822027098265808,5664
TRIM25,3.4602949619293213,-3.4572315690216375,0.004374387353438465,5664
TRIM26,3.4228639602661133,-3.4211420939063464,0.0028549732746347453,5664
TRIM27,0.8416405320167542,-4.828006116903288,0.006766769031621852,5664
TRIM28,1.1733758449554443,-6.79343138773128,0.010059597708867695,5664
TRIM33,1.751241683959961,-11.408706970354348,0.0024193761580362195,5664
TRIM35,,,0.0011606166254353003,5665
TRIM37,0.6627185940742493,-3.683795060944069,0.002262246796504127,5664
TRIM38,3.20428729057312,-3.200834089695008,0.005265501734704151,5665
TRIM39,,,0.0033543984211390834,5665
TRIM4,1.6020208597183228,-4.216249820188435,0.0035450267951089597,5664
TRIM41,3.2900097370147705,-3.287794516729289,0.003390373341414242,5664
TRIM44,2.450192928314209,-12.377679662466468,0.0014347582756506412,5664
TRIM49C,,,0.002464555469930756,5665
TRIM5,,,0.0022716032581339266,5665
TRIM56,2.7829437255859375,-4.809144224531699,0.0035206550269257226,5664
TRIM58,2.4350974559783936,-5.949726358633264,0.001715166517327262,5665
TRIM59,2.6538913249969482,-5.290154494216819,0.006292989758235869,5664
TRIM65,1.618448257446289,-3.2253885413357994,0.004724738566887556,5664
TRIM68,,,0.013287835841315253,5665
TRIM7,,,0.003928435694797859,5665
TRIM71,1.80878484249115,-7.617334204348424,0.0024585347859589633,5665
TRIM8,0.8883134126663208,-4.725452044913182,0.0023287957246981017,5665
TRIOBP,1.0197036266326904,-4.751534085034711,0.0014953939904050661,5664
TRIP10,1.9083818197250366,-5.380557680238693,0.002197605880676474,5664
TRIP11,1.3275138139724731,-6.300621773765329,0.0020731679646882623,5664
TRIP12,1.4714622497558594,-7.29179255242675,0.0058277194275981985,5664
TRIP13,2.6914236545562744,-5.369818696982898,0.00351192923979559,5663
TRIP4,3.0947439670562744,-3.0923504076961077,0.006027580595737926,5663
TRIP6,2.43147873878479,-9.97032654584298,0.0022133639906335143,5664
TRIR,1.5489330291748047,-13.511456718147667,0.004424451163039097,5663
TRIT1,2.3822367191314697,-5.803542127820724,0.004429353565440435,5664
TRMT1,1.3783224821090698,-6.66049248569398,0.002669294149658072,5663
TRMT10A,1.816723346710205,-3.139876189433278,0.0035532556308513585,5665
TRMT10B,2.042957305908203,-2.8846110503519378,0.003910279540146294,5665
TRMT10C,1.9141016006469727,-13.047332864203028,0.005648799308378715,5664
TRMT11,5.893231391906738,-2.289799361435294,0.0035036393558176082,5664
TRMT112,1.5169397592544556,-12.299630286540014,0.018440975069031848,5663
TRMT12,3.5565690994262695,-3.5547511717645084,0.002233641311914667,5665
TRMT13,2.235110282897949,-5.892521885255491,0.002062208447501809,5663
TRMT1L,1.5604097843170166,-4.381069014809998,0.005291392111571067,5664
TRMT2A,1.8607814311981201,-12.274178622305097,0.0019735167072187716,5665
TRMT2B,,,0.004217264648424052,5665
TRMT44,,,0.013733597551899753,5665
TRMT5,1.8388476371765137,-3.6642253735252144,0.009721104217727244,5664
TRMT6,2.0491139888763428,-6.1193062973887455,0.002796699326246035,5663
TRMT61A,1.1989845037460327,-3.372964850064485,0.00403772254153052,5665
TRMT61B,2.4942102432250977,-4.97953774894771,0.002833275046867317,5664
TRMU,0.7294785976409912,-3.9867627159169903,0.004211149743237201,5664
TRNAU1AP,1.95433509349823,-2.755591118351414,0.014531405506365646,5664
TRNP1,,,0.0011779523836176757,5665
TRNT1,1.4309788942337036,-10.365178504547208,0.005014334560942556,5664
TROAP,2.4178242683410645,-6.81652274555686,0.0018494846233089238,5664
TRPC4AP,1.8821868896484375,-4.582204053392831,0.005910672132692952,5664
TRPM4,0.4065502882003784,-2.013043142065004,0.0015314906789540312,5665
TRPM7,1.649482250213623,-2.841613704614994,0.01224378955825381,5664
TRPS1,,,0.0018464529833869233,5665
TRPT1,2.650012493133545,-6.994520230499102,0.001805903210095696,5663
TRPV2,1.8753421306610107,-5.283240837916124,0.002211861823425573,5665
TRRAP,1.1202722787857056,-5.769567110945687,0.020159710255208803,5664
TRUB1,2.3836519718170166,-2.380523291910492,0.005818708468159947,5664
TRUB2,1.3051239252090454,-10.6200750731798,0.002390053359070885,5663
TSC1,1.6878602504730225,-2.9123977784499444,0.008810976768899564,5664
TSC2,-0.11329731345176697,0.8954735870027228,0.0022791616439920407,5663
TSC22D1,2.7088987827301025,-6.602074067703836,0.003762531357007189,5665
TSC22D2,0.16540807485580444,-0.8389569778965952,0.004287451577957559,5664
TSC22D4,3.3373873233795166,-5.774328915036554,0.002273754095893963,5665
TSEN15,2.324354648590088,-7.298993277159299,0.005318214245395293,5664
TSEN2,1.7478669881820679,-6.024732879538695,0.009458605502853183,5665
TSEN34,0.9614161849021912,-9.196760015195002,0.0009244280661735161,5664
TSEN54,1.4966979026794434,-4.452061144507901,0.005143305689693783,5664
TSFM,2.939704656600952,-8.270224043651705,0.0046959566012817885,5664
TSG101,1.401723027229309,-3.922001288821409,0.013596449606355285,5664
TSHZ1,,,0.0021635756683012616,5665
TSHZ2,,,0.00270593855971071,5665
TSHZ3,,,0.0036766106325794167,5665
TSKU,,,0.0028320357761279923,5665
TSN,2.486449718475342,-10.734809706095957,0.002837205578649276,5663
TSNARE1,,,0.0044262560736342575,5665
TSNAX,2.721622943878174,-8.541446199535116,0.0034506648755064707,5664
TSPAN13,2.582141876220703,-7.278522075916394,0.002253471552603879,5665
TSPAN14,1.8550506830215454,-2.614300057901263,0.010921047179304814,5664
TSPAN17,2.797245740890503,-5.588126355728033,0.0012173637233770572,5664
TSPAN18,2.593424081802368,-5.785036397432937,0.002248074442717219,5665
TSPAN3,0.787132203578949,-5.988911620735299,0.0026358884854536238,5664
TSPAN31,1.9635337591171265,-2.7720962569337897,0.004223552587789925,5665
TSPAN32,4.554434299468994,-1.7460062059520947,0.003136677946019814,5665
TSPAN4,1.211374044418335,-6.015761286258303,0.001063713750668414,5664
TSPO,2.2029366493225098,-11.922742965386469,0.002537067845561023,5664
TSPYL1,3.853477716445923,-3.8515355592470626,0.0021960433244151384,5664
TSPYL2,,,0.0017718401921689461,5665
TSPYL4,4.919645309448242,-2.712198915119803,0.001713774611627902,5665
TSPYL5,3.0405144691467285,-5.259035664501698,0.002799600373941042,5665
TSPYL6,,,0.0024343726593971165,5665
TSR1,0.44167736172676086,-6.1927625836827245,0.0027538720599853367,5664
TSR2,1.1875195503234863,-5.505004531488318,0.05195693000145277,5664
TSR3,1.3738583326339722,-9.270894463943561,0.0017095956064103715,5663
TSSC4,1.543884038925171,-6.850209172488327,0.0016766465494054224,5664
TSSK3,,,0.00115893681762053,5665
TST,3.1806461811065674,-4.4928620911350095,0.0028453646316599153,5664
TSTA3,2.4876174926757812,-9.258018605080373,0.0018903311920671637,5665
TSTD2,1.3106586933135986,-3.91389057832452,0.0021421350697279485,5663
TTC1,1.8679783344268799,-5.839037731359902,0.014493909806794651,5664
TTC12,,,0.00792453707958177,5665
TTC13,,,0.0025444166731273155,5665
TTC14,2.247681140899658,-6.701682625663773,0.0036887324667678892,5664
TTC17,1.9300272464752197,-6.06704281894804,0.0028203583491275925,5664
TTC19,1.574358582496643,-5.6134023631101995,0.0037920105803124393,5663
TTC21B,3.6464180946350098,-3.6447574778699376,0.001803004424647685,5664
TTC26,,,0.006643327028271739,5664
TTC27,1.9133294820785522,-3.300218614021647,0.03939131328068007,5664
TTC3,2.5449371337890625,-13.458479839999749,0.0028392608958925083,5663
TTC31,2.249626398086548,-3.8903704681023883,0.002348976878057787,5665
TTC32,3.620847225189209,-3.6187114429052087,0.0026808902870871162,5665
TTC33,1.6924799680709839,-4.46101620782935,0.002601036050788667,5664
TTC37,2.3041012287139893,-7.931598881881125,0.0026997458805158784,5665
TTC38,,,0.006014553616751855,5665
TTC4,2.357971429824829,-7.0363299424770425,0.012468846965834304,5664
TTC5,1.917769432067871,-3.8234017651552774,0.0037865605791350563,5664
TTC7A,,,0.0017265562647732797,5665
TTC7B,0.9812385439872742,-1.6916032418458828,0.006910520640964004,5665
TTC8,2.9370319843292236,-2.9345419324070368,0.0055525231688615595,5665
TTC9C,2.532172441482544,-5.0528106366537475,0.0026031880133594136,5663
TTF1,1.8359163999557495,-2.579152597183474,0.028229394008618593,5664
TTF2,1.6018304824829102,-4.462180829010641,0.009594604585854155,5664
TTI1,2.6483163833618164,-5.287374858626901,0.027441806066757918,5663
TTI2,1.3142476081848145,-2.6168521911703286,0.009306964250415209,5664
TTK,0.3695868253707886,-1.485072574555696,0.013113737681692874,5664
TTL,2.0605387687683105,-2.901847019651749,0.011064817672119512,5664
TTLL12,2.4067773818969727,-7.580806915485102,0.0018861729578710826,5664
TTLL3,0.06292222440242767,-0.5313633750234843,0.002421035200518101,5665
TTLL4,1.4342604875564575,-4.51037669387031,0.002455026546966128,5664
TTLL5,,,0.010666042913590076,5665
TTPAL,0.9624302387237549,-2.7071649108211906,0.0033029768621087607,5665
TUBA1A,1.8180216550827026,-4.048474701398308,0.003875699643664337,5663
TUBA1B,1.195872187614441,-22.587615832823726,0.005244393042569684,5664
TUBA1C,2.6626195907592773,-16.22022090898586,0.004747142225795232,5663
TUBA3D,,,0.0029551287226792194,5665
TUBA4A,,,0.002013209784104535,5665
TUBB,0.6733635663986206,-13.231880257752584,0.003643337428447541,5663
TUBB2A,1.936944603919983,-5.111293844041114,0.00461808478707998,5665
TUBB2B,0.3142350912094116,-2.8465502284850888,0.0014209222531954193,5664
TUBB3,,,0.0016457142675586193,5665
TUBB4B,0.17448216676712036,-3.611062260855942,0.0019732244823177114,5664
TUBB6,1.7854199409484863,-4.68300946728661,0.00551227447379132,5665
TUBD1,2.6054625511169434,-6.3714739274438275,0.0012569230578934822,5664
TUBE1,2.1283915042877197,-5.615942404500745,0.0017737466876429392,5664
TUBG1,0.21070921421051025,-0.9059739559467391,0.014975601177306872,5663
TUBGCP2,0.8275080919265747,-4.049484199296613,0.0032758999936630937,5664
TUBGCP3,5.541900157928467,-0.6318104880630064,0.02953959158464219,5664
TUBGCP4,0.54319828748703,-1.7704563473137533,0.009159027519169114,5664
TUBGCP5,0.5905100703239441,-1.4320791547376306,0.008270423058891429,5664
TUBGCP6,,,0.0014030458379297981,5665
TUFM,2.1957666873931885,-14.548019735217,0.00943089561947972,5663
TULP1,,,0.0019114639596532733,5665
TULP4,-0.09357193112373352,0.6103635243723817,0.002795138916824382,5664
TUSC2,1.9488862752914429,-8.838421710312332,0.002386598434770964,5664
TUSC3,2.1584017276763916,-7.740910590190379,0.0020185388695224235,5665
TUT1,0.4198411703109741,-3.235388164741572,0.0008444176542500878,5665
TUT4,1.850460410118103,-9.442712053705515,0.0038243901392988754,5664
TUT7,3.616112470626831,-3.613971300439455,0.002766752912722229,5664
TVP23B,,,0.0044137609145454065,5665
TVP23C,,,0.00211027353024297,5665
TWF1,1.1049692630767822,-4.109729597675286,0.0019474923579604756,5664
TWF2,3.4731225967407227,-6.9360337237729315,0.0018727259938536773,5664
TWIST1,,,0.002201951636287295,5665
TWIST2,,,0.0025606199873469283,5665
TWISTNB,1.3803774118423462,-4.081917577974355,0.052212474518638745,5665
TWNK,5.122825622558594,-1.7670052153192128,0.006758776582702708,5664
TWSG1,1.8848882913589478,-3.2592347298503017,0.008317558932556254,5665
TXLNA,1.4207974672317505,-9.139991993840471,0.002791595212755209,5664
TXLNG,3.1812217235565186,-4.491902093245522,0.003660521123508198,5664
TXN2,1.1947481632232666,-8.480675829275006,0.0067785922954371105,5664
TXNDC11,0.14942803978919983,-0.7667388603972658,0.0018735583760247964,5664
TXNDC12,1.7043973207473755,-4.71396860842763,0.01492378280418626,5663
TXNDC15,2.6823153495788574,-3.7881415163262004,0.0029716608745799966,5664
TXNDC17,1.744882345199585,-12.094264913164414,0.003786156008869693,5664
TXNDC5,1.8926094770431519,-9.36385718966189,0.0019597223937849887,5664
TXNDC9,1.487778663635254,-2.937748637126351,0.021326872120599714,5663
TXNIP,1.0952996015548706,-8.248016664729152,0.005524235546191734,5665
TXNL1,2.406996250152588,-8.625764943519217,0.0026256536794836125,5664
TXNL4A,1.145119071006775,-10.539617561283896,0.007525876079870114,5663
TXNL4B,1.309104084968567,-4.121654083427798,0.002237392521315008,5664
TXNRD1,-0.02711566351354122,0.39622949175881605,0.0028305511937056307,5664
TXNRD2,2.2835021018981934,-10.395772637769236,0.001479387276290479,5663
TYK2,3.007228136062622,-3.005010006194311,0.00531611138034449,5664
TYMP,0.3335401117801666,-1.4657371669488763,0.0038837929736651963,5664
TYMS,1.3669251203536987,-10.222597102522965,0.006475473484409208,5664
TYRO3,2.1368846893310547,-4.266685708539149,0.0015468680104497555,5665
TYROBP,2.224278211593628,-2.2217382824267777,0.004975251819678367,5665
TYW1,1.5575509071350098,-2.684758367444144,0.0073837775089328215,5664
TYW1B,,,0.0070091262603714476,5665
TYW3,2.0781807899475098,-2.902886994006743,0.024926809485222304,5663
TYW5,1.666866660118103,-4.066089740057336,0.0030238547788457365,5663
U2AF1L4,,,0.0017600197978570632,5664
U2AF2,0.44389578700065613,-4.015415817017004,0.005512729251492552,5664
U2SURP,1.630244255065918,-13.961113919967087,0.021806230894224538,5664
UAP1,1.5697720050811768,-8.05622323067919,0.0024274690644618497,5664
UBA1,0.5439245104789734,-2.8195774019816366,0.004743195502994245,5664
UBA2,1.4021281003952026,-14.03758190155038,0.009442408405515655,5664
UBA3,1.9235913753509521,-4.6911305058446695,0.015437678589078222,5663
UBA5,2.4407737255096436,-9.072881251159053,0.004161147459271783,5664
UBA52,0.4099127948284149,-9.387587871764172,0.003986671464230497,5664
UBA6,1.547173023223877,-5.698222004113647,0.009434673378830761,5664
UBAC1,0.24528972804546356,-4.247415583334048,0.0028317914333150372,5664
UBAC2,2.2225005626678467,-7.320703166873928,0.003048344548353751,5664
UBALD1,1.7371399402618408,-4.579691611739694,0.0020285221153847495,5663
UBALD2,0.6494184136390686,-6.852154679593529,0.0019931294750954267,5665
UBAP1,1.5991277694702148,-3.5635020431529307,0.004722270785028978,5664
UBAP2,1.6021583080291748,-5.4743404256012465,0.005740040653933819,5664
UBAP2L,2.1701912879943848,-7.127391134083603,0.006316402521688909,5663
UBB,2.303987503051758,-31.055221249744918,0.002129073592113915,5664
UBC,0.3957957327365875,-8.754028090509763,0.0022623499925789495,5664
UBE2A,1.6721022129058838,-10.404436714025527,0.002034237174169005,5664
UBE2B,0.9397371411323547,-5.833551358350432,0.006119454202504605,5664
UBE2D1,1.8341116905212402,-7.073976396850706,0.0011514996765836117,5664
UBE2D2,1.8134533166885376,-10.779021141793983,0.005127758628740024,5664
UBE2D3,2.0426220893859863,-22.639602146432647,0.0020950178676326825,5663
UBE2D4,4.748467922210693,-2.3644521299935226,0.0019430878320535892,5665
UBE2E1,0.6413465738296509,-5.668678558368402,0.004644568742254968,5664
UBE2E3,2.0690865516662598,-11.876514874377335,0.0020275844643304996,5664
UBE2F,2.5054192543029785,-4.973286631673551,0.01020602248348229,5664
UBE2G1,1.7241488695144653,-4.531245537999308,0.004497468225822527,5664
UBE2G2,2.1587061882019043,-13.53082887585407,0.002808388137237328,5664
UBE2H,1.9299209117889404,-8.369473047108093,0.0014197502819728834,5664
UBE2I,0.9821639060974121,-9.451634475371646,0.011697899286889225,5664
UBE2J1,2.313488483428955,-6.516462699975807,0.0023930408526622463,5664
UBE2J2,1.4135761260986328,-3.9271210103267147,0.0105992411209773,5664
UBE2K,1.4663912057876587,-9.163975708461306,0.004727073339338649,5664
UBE2L3,2.228853464126587,-49.853846957615545,0.0014243915420088494,5664
UBE2L6,3.3730502128601074,-3.3707758675324637,0.003439632909799178,5665
UBE2M,0.6007336974143982,-12.302903161597124,0.0014705830242296393,5663
UBE2N,1.4469387531280518,-20.760598518935986,0.0028180186485961866,5664
UBE2O,2.012983560562134,-6.015418175393011,0.0019941126038610533,5664
UBE2Q1,1.535818338394165,-6.4429941089942036,0.0028430907769486347,5664
UBE2Q2,0.31065985560417175,-1.0165394157617798,0.005639236905120175,5664
UBE2R2,1.4511574506759644,-3.4949885398301643,0.01981074546807198,5664
UBE2S,1.9375272989273071,-19.318071702924968,0.003286703378381168,5664
UBE2T,2.3239591121673584,-7.25725053783175,0.005767130666112943,5664
UBE2V1,1.6648814678192139,-13.447826024159031,0.0038519542224111285,5664
UBE2V2,1.245659351348877,-4.76316119053184,0.015279778095613565,5664
UBE2W,1.465375542640686,-4.373116127724568,0.003305556144060857,5664
UBE2Z,1.2922121286392212,-5.089977780365581,0.004189635535239061,5664
UBE3A,1.3839207887649536,-7.599256810180002,0.0020926960812172697,5664
UBE3B,1.9017579555511475,-3.285781562728975,0.004263105225869424,5663
UBE3C,1.71764075756073,-6.146855496935822,0.008342169044605552,5664
UBE3D,2.489156723022461,-4.305503132901523,0.004044902628983175,5664
UBE4A,5.92752742767334,-1.36448166456558,0.01102622431772231,5664
UBE4B,1.3620928525924683,-5.724275766441468,0.002469192150808664,5664
UBFD1,1.2601240873336792,-4.993345748179077,0.00396975906461985,5664
UBIAD1,1.29794180393219,-4.277429010954603,0.003452313894404359,5664
UBL3,1.192786455154419,-2.0577225742195124,0.006488831219147472,5664
UBL4A,2.0210585594177246,-6.963699472584174,0.0020976046121123693,5664
UBL5,1.4367096424102783,-14.78849047607763,0.006361445075002043,5663
UBL7,1.2986774444580078,-4.460253672133302,0.0037698543528921955,5664
UBLCP1,1.6375949382781982,-4.852038377224159,0.0075186414036195574,5664
UBN1,1.2767200469970703,-8.012792152031937,0.004420885160080801,5663
UBN2,1.176316499710083,-8.463903701317117,0.0017853069079824997,5664
UBP1,1.5974563360214233,-6.525090990718298,0.0027068887336886617,5664
UBQLN1,2.343529224395752,-8.069964507291733,0.0025077927517649715,5664
UBQLN2,3.2913095951080322,-3.289254156316827,0.002859965863293171,5664
UBQLN4,1.5855239629745483,-6.683664685571743,0.003072006886410572,5663
UBR2,1.6026028394699097,-2.750772500842249,0.0162491116753272,5664
UBR3,1.7784721851348877,-6.109721568540325,0.002891807196405206,5663
UBR4,1.7056034803390503,-3.7760199921920345,0.011034999986061063,5664
UBR5,1.8684608936309814,-7.790001088448086,0.007293998787371747,5664
UBR7,2.6302664279937744,-6.430344062413548,0.0012657944139304882,5663
UBTF,0.20329861342906952,-4.318538251578008,0.0015628887069704168,5664
UBXN1,2.0617411136627197,-18.152296235344032,0.001536350341400074,5664
UBXN10,,,0.0010490174250950693,5665
UBXN11,,,0.0021544473530931197,5665
UBXN2A,0.6797268390655518,-3.3599596590018916,0.005394107053302939,5663
UBXN2B,1.77665114402771,-4.339755942361404,0.0022657802094602927,5664
UBXN4,1.8454498052597046,-12.894772790690894,0.002120496242183291,5664
UBXN6,0.9636433124542236,-6.033896894450157,0.0009966913729065443,5665
UBXN7,1.726584553718567,-6.167183396818844,0.0035076990445495507,5664
UBXN8,1.6306642293930054,-6.476636600351269,0.0019773395021666805,5664
UCHL3,0.94173663854599,-6.572377304428779,0.00584070021109675,5663
UCHL5,2.840198040008545,-14.052486760347227,0.005390787570734179,5663
UCK1,1.478931188583374,-3.8993123417429345,0.0020642106475911855,5665
UCK2,0.9164384603500366,-6.337728921724011,0.003526627821707556,5663
UCKL1,1.6301488876342773,-4.295316770141463,0.002982020157996589,5664
UCP2,2.1657586097717285,-10.751654748296872,0.0012107730951098734,5665
UFC1,2.0101938247680664,-16.16039036458438,0.0026411554543881335,5664
UFD1,1.1947641372680664,-12.408930797831312,0.005209100286326384,5663
UFL1,2.9048538208007812,-11.577943082601308,0.004070052316490587,5664
UFM1,3.7446138858795166,-9.880231193291642,0.005899165909767742,5664
UFSP1,,,0.0032600563615828803,5665
UFSP2,0.05688856914639473,-0.3951384817131895,0.0027371003975665666,5664
UGCG,1.6650372743606567,-5.478646524923706,0.0074154009953437796,5664
UGDH,1.3111670017242432,-2.611452494799706,0.0054356593943466714,5664
UGGT1,1.878920316696167,-7.6904376458780455,0.0026586301877584246,5664
UGGT2,2.4607431888580322,-6.489279531312923,0.001806158459438679,5665
UGP2,2.6602859497070312,-8.369952876085305,0.002542747156268068,5664
UGT8,,,0.002470321175813044,5665
UHMK1,1.6187248229980469,-9.712514506527715,0.0016590645402298839,5664
UHRF1,2.2181878089904785,-6.24724019490911,0.014840347909821222,5664
UHRF1BP1,1.3637316226959229,-4.668613246818357,0.0056152068377206136,5665
UHRF1BP1L,2.3107054233551025,-3.9927587534443503,0.003507008102529417,5665
UHRF2,,,0.001964101581085605,5665
UIMC1,1.3026480674743652,-6.04896173108939,0.002257447307315803,5663
ULK3,1.8176409006118774,-4.054627664090178,0.003346279317422757,5665
UMPS,2.1625702381134033,-3.0358695735848387,0.02574961067761261,5664
UNC119,1.6594955921173096,-5.484395207871671,0.0013665413434158847,5664
UNC119B,,,0.0016856727116856649,5665
UNC13D,2.382462739944458,-6.284679887875694,0.00196581401325557,5665
UNC45A,0.13548323512077332,-1.3151144579947025,0.0019023911170114782,5664
UNC50,2.686396598815918,-5.353734823548697,0.005041403758574913,5663
UNC93B1,,,0.0016132320942316824,5665
UNCX,,,0.0034504010453106876,5665
UNG,1.6303038597106934,-8.384644600844412,0.0022982121815368415,5664
UNK,1.2619658708572388,-4.690749316015094,0.0023642672775556575,5664
UPF1,1.2636576890945435,-7.775424827132823,0.015742140625638654,5664
UPF2,1.5531216859817505,-10.392171490189686,0.01672372843222739,5664
UPF3A,1.2537426948547363,-10.04578935544912,0.002953700367851662,5664
UPF3B,2.166053533554077,-8.591848319628829,0.0033257032095125975,5664
UPRT,,,0.0024548478274462474,5664
UQCC1,2.3299989700317383,-4.023580585562172,0.0063908880979167875,5664
UQCC2,1.9915549755096436,-11.857853385141373,0.004055903357184113,5664
UQCR10,1.9993711709976196,-13.986539201245884,0.007018613696048504,5664
UQCR11,2.6897971630096436,-25.83695197957826,0.0019032961657161954,5664
UQCRB,2.157968759536743,-22.460462899884416,0.005250278107221324,5664
UQCRC1,0.5155349373817444,-12.757414814889247,0.0007754852048095632,5664
UQCRC2,2.2779431343078613,-10.01792280146593,0.0076210335570687645,5664
UQCRFS1,2.191365957260132,-15.741585519119337,0.009864171089080722,5664
UQCRH,1.848734974861145,-39.32978471907473,0.002126219844195727,5663
UQCRHL,-0.15843984484672546,1.0079144187531466,0.004366393421558006,5665
UQCRQ,1.9962937831878662,-16.636674359183083,0.006681698325462329,5664
URB1,0.8956664800643921,-4.204666035738762,0.005843826720492591,5664
URB2,0.9156356453895569,-4.788070947327475,0.007149815180099816,5663
URGCP,,,0.0016117560647550939,5665
URI1,1.0197755098342896,-8.496377529509392,0.005251245355725816,5664
URM1,1.4454344511032104,-9.313004790844591,0.002766857682358218,5664
UROD,2.6436803340911865,-19.344408981358473,0.0015892531176538052,5664
UROS,2.4970827102661133,-7.45941032618687,0.0023385657094694996,5663
USB1,0.8847378492355347,-4.084410774816112,0.0032687542073090306,5664
USE1,1.208305835723877,-4.479674083509029,0.005638968869892899,5665
USF1,,,0.003519381412754372,5665
USF2,0.7862135767936707,-7.987433113712064,0.001332169574097719,5664
USO1,1.7424228191375732,-8.251218273878848,0.0026599401999594665,5663
USP1,2.6763885021209717,-5.3056820528914574,0.010686960765315731,5664
USP10,1.487791895866394,-10.888382006278016,0.0019495016660435079,5664
USP11,2.80133056640625,-4.84473159140192,0.002350539636892944,5664
USP12,1.1184507608413696,-5.859294423729835,0.0015239284590872837,5664
USP13,2.3510358333587646,-4.692381047098644,0.002407707435737395,5664
USP14,2.2133562564849854,-14.693037456923182,0.004514354102625824,5664
USP15,2.161390781402588,-9.962757920853319,0.005051238809616664,5664
USP16,1.6585873365402222,-11.101634805935678,0.002356974788768913,5664
USP19,0.45666301250457764,-1.9175386936454892,0.0024127821369869804,5665
USP2,1.0121010541915894,-3.768716363901086,0.0013046941524736413,5665
USP20,-0.0016337161650881171,0.01803630939176121,0.002114603021825691,5664
USP21,,,0.005612081542635356,5665
USP22,2.8549206256866455,-8.995615874876973,0.0025585141780155684,5664
USP24,1.4987249374389648,-7.854144814398102,0.0019142210590331165,5664
USP25,1.941205382347107,-4.731162217319676,0.0037503900956247583,5664
USP28,3.4962735176086426,-3.4941962293868123,0.0023292388607928623,5664
USP3,1.4452452659606934,-7.551561571274208,0.002426012642051523,5664
USP30,,,0.0016426586180003538,5665
USP32,3.444248914718628,-3.4417383674299353,0.004375380950254204,5664
USP33,1.298538088798523,-5.700439827229935,0.004445437507114509,5664
USP34,-0.050883181393146515,0.3869806811818739,0.006035228149439856,5664
USP36,1.2251344919204712,-6.531417898211501,0.002789214480398209,5664
USP37,1.6838831901550293,-4.099507725991266,0.007522804249167411,5663
USP38,1.5235620737075806,-5.467848291458512,0.0017606401638093694,5664
USP39,0.26431554555892944,-2.264340037111966,0.003532471876089263,5664
USP4,1.5750656127929688,-1.568213867371911,0.021286711907839956,5664
USP40,3.224867343902588,-3.2225140189075674,0.0038403549702822506,5664
USP42,2.40171480178833,-4.151259046281894,0.0033754687710124717,5664
USP44,0.8905290961265564,-3.6380185208869955,0.002338478257869678,5665
USP45,1.6095943450927734,-5.548630811309549,0.0019440299667180527,5664
USP46,3.8789992332458496,-3.8767462804177955,0.0028052399507262956,5664
USP47,2.147089958190918,-12.03919384755087,0.001197689271643506,5664
USP48,1.6144905090332031,-10.26012125975677,0.0022393316030273258,5664
USP49,0.7475110292434692,-2.09766403783075,0.004739206940109302,5665
USP5,0.24452409148216248,-2.133837192344875,0.0016992762871929708,5663
USP51,2.7848596572875977,-3.934969924411191,0.0024354947431922047,5665
USP53,5.1716156005859375,-2.2301629944741816,0.002354272931876117,5664
USP54,,,0.0013675447243730347,5665
USP6NL,0.10803145915269852,-0.5440351541632239,0.0019057215139817274,5665
USP7,0.5985943078994751,-11.03223092911931,0.0011182695003592277,5664
USP8,2.6167664527893066,-5.219332596320412,0.0038719645305642534,5664
USP9X,0.9421234726905823,-7.166423893627664,0.0020539159476867645,5664
USPL1,3.0451478958129883,-3.0426991865386577,0.007795575110539117,5664
UTP11,2.0705654621124268,-8.360645692483311,0.0191271411304033,5663
UTP14A,6.713735580444336,-0.6004346925343097,0.04033884752072661,5664
UTP15,1.0755786895751953,-3.1925402488347014,0.01684774141123788,5664
UTP18,0.8907848596572876,-6.035271768935224,0.007775586363775934,5663
UTP20,1.3295466899871826,-5.694824798886213,0.0283957470892752,5664
UTP23,2.5928361415863037,-5.173942938701476,0.020184538402616983,5663
UTP25,1.2657363414764404,-2.5080245918435438,0.019979080295089904,5664
UTP3,2.0967965126037598,-2.0858171769066467,0.04093013352232182,5664
UTP6,1.6799540519714355,-5.466839927415139,0.030811030260769028,5664
UTRN,,,0.0027903917670754077,5665
UVRAG,1.8362600803375244,-1.827927140975233,0.02138351347941923,5664
UXS1,2.9735565185546875,-4.2018855759378715,0.0023946960837872297,5664
UXT,2.2953600883483887,-9.113325680078322,0.014798612109393617,5664
VAC14,0.7608638405799866,-2.9154407159117706,0.003507348345010943,5664
VAMP1,,,0.004150314688383398,5665
VAMP2,1.6943721771240234,-4.761735323187741,0.003560215633620787,5664
VAMP3,2.963277578353882,-4.184184218893839,0.0038730166877228535,5664
VAMP4,1.3415607213974,-2.986079188434138,0.0038330683144431636,5665
VAMP7,3.2949302196502686,-4.653436247010672,0.0033094827614214397,5664
VAMP8,1.1965359449386597,-14.957255454237345,0.002069157073907955,5664
VAPA,0.5928448438644409,-7.070830950702082,0.004077979722890599,5664
VAPB,0.7369665503501892,-4.483417235573777,0.004122406882477459,5664
VARS,0.8928649425506592,-6.049584070064705,0.018270143143404857,5665
VARS2,1.58444344997406,-3.8681537209327876,0.005975220623472338,5665
VASP,1.5097787380218506,-8.17907509833179,0.004504456745306129,5664
VAT1,2.1228809356689453,-8.452884927683826,0.0014682890533512254,5664
VAV1,,,0.0027642634026613594,5665
VAX1,,,0.002722098240479364,5665
VAX2,,,0.004006037237683059,5665
VBP1,1.72197687625885,-12.383754807469224,0.0019516961988480601,5664
VCL,2.024289846420288,-10.589049271877032,0.0020158678544119997,5664
VCP,0.16227899491786957,-2.899551556134559,0.0017152463972620144,5664
VCPIP1,1.7448533773422241,-3.4718220417629833,0.0065452842506216885,5664
VCX,,,0.016247971651084103,5665
VDAC1,2.9990546703338623,-12.798474432512982,0.005752551322962307,5664
VDAC2,1.6907422542572021,-14.125721567628803,0.005780766479935251,5664
VDAC3,2.186211585998535,-7.692148338944861,0.011996074039140789,5664
VDR,,,0.0037117745631648803,5665
VEGFA,0.07432831823825836,-0.31881865096736534,0.004063637890313365,5665
VEGFB,2.3357579708099365,-11.817151833112785,0.0013391897236923072,5664
VENTX,,,0.009969020597076527,5665
VEZF1,1.7209975719451904,-4.192971485779194,0.004905848328299791,5664
VEZT,1.595040202140808,-7.929071253934671,0.001582200538978728,5664
VGF,,,0.00250233715949188,5665
VGLL4,2.3953142166137695,-5.849030671796402,0.0024806091505783423,5664
VHL,2.178224563598633,-10.600667202048859,0.0013300086957944775,5664
VILL,,,0.0018508734085682552,5665
VIM,1.6014459133148193,-19.72573264014757,0.004890533260240841,5665
VIPAS39,,,0.001982800490619883,5664
VIRMA,2.0498251914978027,-4.539867946537839,0.011844529836752566,5664
VKORC1,2.4109890460968018,-6.763302784813767,0.005642966280857794,5664
VKORC1L1,1.1729352474212646,-10.028920196263437,0.0012126787080414274,5664
VMA21,2.281660318374634,-5.070050169511998,0.008406942174242163,5664
VMP1,0.4330471158027649,-3.945688787875085,0.005252829475394754,5663
VOPP1,1.9358998537063599,-5.455993334346844,0.002560813569333678,5664
VPS11,1.541536569595337,-2.6563159869441177,0.00953113490761579,5665
VPS13A,3.029982089996338,-3.0251230587847155,0.008808979893894479,5664
VPS13B,3.021306037902832,-3.0184533240850753,0.004455171421937525,5664
VPS13C,3.1624624729156494,-10.918229416445032,0.0018524233285131622,5664
VPS13D,1.4214739799499512,-5.655862285434641,0.00239559414596238,5664
VPS16,3.365532398223877,-3.3628416784589508,0.004213385910638338,5665
VPS18,,,0.001833207892233337,5665
VPS25,2.3523290157318115,-11.586869448583721,0.002763913960259156,5664
VPS26A,2.158600330352783,-8.277417673069774,0.005609439348418476,5664
VPS26B,2.949985980987549,-5.100532926163674,0.005436739390272836,5663
VPS26C,1.247840166091919,-4.635290298968294,0.0027928049030129494,5664
VPS28,0.8598220348358154,-3.2992082016499675,0.027643491871734635,5664
VPS29,2.506992816925049,-11.092431655936075,0.008593918278939478,5664
VPS33A,2.273324728012085,-8.160049687649664,0.0016230422854228582,5664
VPS33B,,,0.002306689578084546,5665
VPS35,1.6061639785766602,-5.853774253000208,0.019050115036700288,5663
VPS35L,4.780224323272705,-1.9707235745051768,0.0035103496102787107,5664
VPS36,2.553858518600464,-10.766229653667674,0.001810289236650486,5663
VPS37A,2.590954065322876,-6.332970882448561,0.002132028029389214,5664
VPS37B,2.3677070140838623,-5.281201220205313,0.003020221338819391,5664
VPS37C,,,0.0013261637059908055,5665
VPS39,,,0.0030680881919488636,5665
VPS41,1.1938621997833252,-10.802399729207664,0.001029155643343919,5664
VPS45,2.3119957447052,-4.614544680619207,0.0024415021035505045,5664
VPS4A,1.8248519897460938,-6.504962126193894,0.004927792444193636,5664
VPS4B,2.9278299808502197,-2.9254533094997117,0.004215992336247197,5664
VPS51,1.7643444538116455,-8.171585475890392,0.004998736861027645,5664
VPS52,1.4013848304748535,-2.414584535336479,0.009847268884114526,5664
VPS53,1.0000191926956177,-3.573073853475021,0.004897066274212477,5664
VPS54,0.6489471793174744,-2.492372557666948,0.003103586711182935,5664
VPS72,1.9676806926727295,-5.875566270841428,0.04108289258170187,5663
VPS8,1.5292686223983765,-4.5705741500006365,0.0026987765978850925,5664
VRK1,2.2039709091186523,-9.26041712515564,0.0022055195377951304,5664
VRK2,2.450603485107422,-6.46678573366584,0.0017141271010186455,5664
VRK3,2.3577394485473633,-6.217996021116753,0.002128675938562004,5664
VSIG10,0.7793837785720825,-2.783912613874502,0.0036969089920954198,5664
VSX1,,,0.007237679449443812,5665
VSX2,,,0.013147923379160514,5665
VTA1,2.3318207263946533,-8.03827902594981,0.00164502789821887,5664
VTI1A,3.048032760620117,-3.0446605752224456,0.005059327192667365,5663
VTI1B,1.2097363471984863,-3.968374631936624,0.004500073963289369,5664
VWA1,,,0.017921473894398708,5665
VWA8,2.531784772872925,-6.183665025795175,0.0020828604267428157,5664
VWDE,,,0.002887841914009757,5665
WAC,0.8300095200538635,-10.899515019390321,0.002343957215619457,5664
WARS,1.7158584594726562,-9.700046651480084,0.002661651453059005,5665
WARS2,2.7205288410186768,-3.8428078262683005,0.0036622258160222756,5664
WAS,3.0014116764068604,-5.987776478746893,0.0027503808821472066,5665
WASF1,2.6224286556243896,-4.5343355161094605,0.00276994851727839,5664
WASF2,1.9601863622665405,-9.574344988392154,0.004244403157019541,5664
WASHC2A,1.434631586074829,-4.512284612352618,0.002330637690603374,5665
WASHC3,1.345836877822876,-5.343939767596304,0.002245847855102956,5665
WASHC4,5.4314703941345215,-1.8576573604286504,0.00419555488310392,5664
WASHC5,1.784504771232605,-5.0280417371326465,0.0023081098962332352,5663
WASL,2.4057347774505615,-4.157937526990542,0.0033896156006528394,5664
WBP1,1.514196515083313,-4.267372609597926,0.0018237679907747624,5664
WBP11,0.49004966020584106,-6.344066415527616,0.0036768963173030764,5664
WBP1L,1.0238151550292969,-4.777518962260025,0.0008981587994992918,5665
WBP2,2.3690226078033447,-5.278741961230358,0.0032725797799972207,5664
WBP4,2.298973798751831,-7.23791391001881,0.002789801837534099,5663
WDCP,1.4763200283050537,-3.8876401073033082,0.003646627895736957,5664
WDFY1,0.8700130581855774,-4.199761173133222,0.0029770234727811862,5664
WDFY2,1.8131941556930542,-4.4139410736940485,0.0051592171705284705,5664
WDFY3,,,0.00611946563716456,5665
WDHD1,2.882769823074341,-8.627593381073483,0.003051467493815553,5663
WDR1,0.7628454566001892,-5.782694577479751,0.0035809929818252204,5664
WDR11,2.7787833213806152,-3.92335478543647,0.003922788000275082,5664
WDR12,3.085583209991455,-6.135014292418618,0.049930999009441396,5663
WDR13,2.252194881439209,-4.49516323559398,0.0022569351762849223,5665
WDR18,1.204201340675354,-9.940447051191358,0.004605313607735088,5664
WDR19,,,0.00289678527970271,5665
WDR20,1.7249480485916138,-3.8481823113260702,0.002106494407361178,5663
WDR24,,,0.004552448266689948,5665
WDR25,,,0.00108091349187661,5665
WDR26,1.2232805490493774,-8.704170683368796,0.003822721680710004,5664
WDR27,4.84687614440918,-1.3877901766331728,0.006907810573992542,5663
WDR3,1.7906253337860107,-7.934309029708851,0.03226973341468641,5663
WDR33,0.47377124428749084,-2.7803356244643824,0.007375180110968463,5664
WDR34,2.0567667484283447,-10.728988630452552,0.002381955471861181,5665
WDR36,1.7454506158828735,-8.080092903485708,0.02445419702404879,5664
WDR37,,,0.00355695224654041,5664
WDR4,2.647723913192749,-14.196743339759001,0.0008306317025486361,5663
WDR41,5.468313217163086,-2.267630571006543,0.0026756536210942278,5664
WDR43,0.5531279444694519,-5.819115857737795,0.008134591831112233,5664
WDR44,1.1386429071426392,-3.399254213377681,0.004806272214343928,5664
WDR45,2.2596471309661865,-4.510395103769007,0.0021880436364580106,5664
WDR45B,1.6719894409179688,-5.2590307155973965,0.003334215350844683,5664
WDR46,1.3982614278793335,-6.4298850297471075,0.011519460674373563,5663
WDR48,1.8107426166534424,-5.08115717879484,0.0045574293383848,5664
WDR5,2.390984296798706,-4.12819426709379,0.035086665843590555,5665
WDR53,,,0.0014876164093831283,5664
WDR54,2.803593397140503,-5.60121073292974,0.001050337495458193,5664
WDR55,1.4664254188537598,-3.8537390494996218,0.0065742891218773854,5665
WDR59,3.067708730697632,-5.3056352646178215,0.002373253927240581,5663
WDR6,2.5608832836151123,-6.255481455004481,0.00230748116427415,5664
WDR60,1.371455192565918,-5.5863277582830175,0.0035395848103055402,5665
WDR61,1.7502398490905762,-7.551618662204915,0.013738860415060056,5665
WDR62,2.3256728649139404,-4.6427112890695605,0.0020350377019450095,5664
WDR66,,,0.005117683752111174,5665
WDR7,,,0.011595929905351928,5664
WDR70,2.0604684352874756,-2.0502071443847427,0.02982594007785433,5664
WDR73,5.936142444610596,-0.8394130861397846,0.017841103412088437,5664
WDR74,0.05994321033358574,-0.8860111960560845,0.002017230011060761,5664
WDR75,0.8287894129753113,-4.024918709750626,0.01776396479361143,5664
WDR76,2.773855447769165,-5.537430293632385,0.0019594310335262154,5663
WDR77,1.6856160163879395,-3.736247118621787,0.023473476322837528,5663
WDR81,,,0.001225943512601934,5665
WDR82,1.1603249311447144,-5.363347880230546,0.02517592718560954,5664
WDR83,0.7390683889389038,-3.195831543124425,0.0021407054607908544,5662
WDR83OS,2.560955047607422,-14.042962139444045,0.002660152045822539,5662
WDR89,2.276627540588379,-3.215174730107957,0.004122217252700127,5664
WDR91,,,0.0031170610234959374,5665
WDR92,1.7582213878631592,-3.916712729795039,0.004293480455893317,5664
WDSUB1,,,0.0031876039107313642,5665
WDTC1,0.9885134696960449,-2.605513941408982,0.010950082213095258,5665
WDYHV1,0.59189373254776,-2.0225575931180737,0.004774107303338247,5664
WEE1,0.46000275015830994,-2.6181940466487483,0.005903264499860779,5664
WHAMM,1.9046964645385742,-5.693379935584132,0.0016988552564381162,5665
WIPF1,0.07943815737962723,-0.3416269709619883,0.0033573511646212834,5665
WIPF2,1.9106158018112183,-6.016480804724696,0.0019673013404396494,5664
WIPF3,2.378920078277588,-4.74836279888847,0.0021689245116210485,5665
WIPI1,,,0.00143309337511955,5665
WIPI2,0.8460777997970581,-4.837551985349829,0.00521497365652324,5664
WIZ,1.222841501235962,-3.8420743581467556,0.005001228760936848,5665
WNK1,1.339161992073059,-9.129991711149353,0.0028767638550416686,5664
WNK2,0.6091702580451965,-2.489280936927317,0.002255360936222057,5665
WNK4,1.9247689247131348,-4.293116472366579,0.0022158927815250987,5665
WNT5B,,,0.0016760857725183654,5665
WRAP53,1.983559012413025,-3.9602471069818717,0.003333552563604362,5665
WRAP73,1.8750214576721191,-5.282846179805066,0.0021915737531932027,5664
WRN,2.448760747909546,-4.87438437497108,0.006112233652583058,5664
WRNIP1,1.385017991065979,-8.444457244539157,0.001166269185124747,5664
WSB1,1.922289252281189,-11.355188189015815,0.0025431846283219964,5664
WSB2,1.1618525981903076,-5.372553610562839,0.003391288517438031,5664
WT1,2.3202884197235107,-4.633189018212841,0.0027697517108403336,5665
WTAP,1.193979024887085,-8.93527575251942,0.0036142331295846587,5664
WWC2,1.0607856512069702,-6.669164898074969,0.00222660174526671,5665
WWOX,4.687095642089844,-1.9772712071750658,0.003102518870440869,5664
WWP1,1.9261412620544434,-3.8409350046847934,0.0036334051377937926,5664
WWP2,,,0.0038859274011332455,5665
XAB2,0.43800729513168335,-2.0249282265172837,0.0034074615739876114,5664
XBP1,2.352112293243408,-12.317877106830132,0.001766670973409949,5664
XIAP,1.7841073274612427,-6.381955475235994,0.003334763620631775,5664
XK,1.8823102712631226,-2.654425739954429,0.0077476681387346445,5665
XPA,2.644357204437256,-6.457118334808316,0.002470085192113528,5665
XPC,0.6474258303642273,-4.068864253574607,0.002040710691169055,5663
XPNPEP1,3.2032766342163086,-3.200895596918491,0.003624348341367805,5664
XPNPEP3,2.142177104949951,-6.0309334851200775,0.002502532368429015,5664
XPO1,0.7913742661476135,-8.04491792198184,0.017125403599530815,5664
XPO4,1.5566349029541016,-4.384872090547709,0.004157332871651113,5664
XPO5,1.6592897176742554,-11.37473733350154,0.004401714243823134,5664
XPO6,3.038626194000244,-6.777254103849891,0.0023455797979885715,5664
XPO7,1.3870570659637451,-5.8369919531454535,0.0022411124229956138,5664
XPOT,1.5465041399002075,-9.61326945120497,0.0026794998963742965,5664
XPR1,2.0092337131500244,-7.485120343234156,0.002600757898484104,5664
XRCC1,3.249140739440918,-7.948271059171687,0.0011888581289063345,5664
XRCC2,2.169384717941284,-13.22333193032836,0.0013355602538933833,5664
XRCC3,,,0.008923670258907989,5664
XRCC4,1.30583655834198,-5.020556314337308,0.002353132506251695,5663
XRCC5,1.4583970308303833,-12.744324007831393,0.020024323922033387,5664
XRCC6,1.4837603569030762,-7.293608371718604,0.036777046024908416,5663
XRN1,1.7277648448944092,-2.4247536795511637,0.022093885654328054,5664
XRN2,2.941723346710205,-9.66637180213738,0.016649839761244713,5664
XRRA1,1.306617259979248,-4.311452666144553,0.0021456597006637964,5663
XXYLT1,2.8925445079803467,-2.889089767996934,0.005069445931559775,5664
XYLB,,,0.002238651863577178,5665
XYLT2,,,0.0050609312456313385,5665
YAE1,0.8518377542495728,-1.4666435421196007,0.019833355730720977,5664
YAF2,2.038353443145752,-4.057125949716541,0.006017995718414852,5664
YARS,1.656170129776001,-21.964104684706317,0.0016559171102391705,5664
YARS2,2.0192222595214844,-8.02778510078118,0.00466628138867421,5664
YBEY,2.402031660079956,-4.7944705017921825,0.003011444049706316,5663
YBX1,0.8484112620353699,-20.817487212314205,0.003844649508955586,5664
YBX2,,,0.002063952463277071,5665
YBX3,1.0724884271621704,-13.28570744263605,0.005035162445160881,5664
YDJC,1.8862977027893066,-15.946077198852171,0.004793889556679541,5664
YEATS2,1.922136902809143,-6.353057896502116,0.005348585509391288,5664
YEATS4,1.9354851245880127,-13.667919585349859,0.012514241551675269,5664
YES1,1.8860708475112915,-9.704975119571586,0.0018993824903987997,5664
YIF1A,2.7049994468688965,-11.07078812935609,0.0020728818462983464,5664
YIF1B,1.6057628393173218,-9.466820334268323,0.002225699037254125,5664
YIPF1,1.7670215368270874,-4.31546943065611,0.0023761954286156944,5665
YIPF2,1.1587587594985962,-3.048105378868566,0.0041942043197009515,5663
YIPF3,1.5910841226577759,-4.973302879401891,0.004801391658454724,5664
YIPF4,2.410132884979248,-8.633871240500362,0.0025975689939447743,5664
YIPF5,2.526608467102051,-3.5635298346682522,0.00789041727420921,5664
YIPF6,1.8595749139785767,-4.132357881897191,0.006250608027840404,5664
YJEFN3,,,0.0018628979407466029,5665
YJU2,1.2901309728622437,-4.049642002451323,0.004830581947854565,5665
YKT6,1.262318730354309,-3.314280956838451,0.005356943342991037,5664
YME1L1,1.5628719329833984,-6.999494003926508,0.007675217910333881,5663
YOD1,3.3816444873809814,-6.751383963633767,0.002616492469206547,5665
YPEL1,,,0.002078877293152079,5665
YPEL3,2.56907320022583,-2.5665835987635686,0.005092248144654205,5665
YPEL5,3.3696727752685547,-3.3674765272044733,0.003773521088041032,5665
YRDC,0.5867370963096619,-7.236218380001962,0.002191198430497883,5663
YTHDC1,0.2269900143146515,-2.0231103831906325,0.004464108726252989,5664
YTHDC2,2.6896467208862305,-6.570419067338199,0.0020228747570228338,5664
YTHDF1,3.6516847610473633,-6.31775842413624,0.001634166067962157,5664
YTHDF2,0.5483499765396118,-3.953601685992493,0.006118382155250927,5664
YTHDF3,0.8973802328109741,-4.0585069801178735,0.00276710033169423,5664
YWHAB,2.1472809314727783,-20.114692127501737,0.002540088090572084,5664
YWHAE,1.0022318363189697,-10.006945192492527,0.0059863018579307935,5664
YWHAG,1.0588815212249756,-7.482111457452826,0.0046753481557417365,5664
YWHAH,1.231198787689209,-13.05950057865303,0.0018093767842124301,5664
YWHAQ,1.0748543739318848,-14.471283235463465,0.0023238994595886093,5664
YWHAZ,0.8804411888122559,-17.268726015367264,0.0012529943294764655,5664
YY1,0.3460986912250519,-4.169902837234616,0.0035171733420188214,5664
YY1AP1,0.8964586853981018,-4.576966418819995,0.003292225837528993,5663
YY2,,,0.001364767585685684,5665
ZADH2,2.1629881858825684,-5.2867418001709465,0.0015482824444679627,5665
ZBED1,1.8135604858398438,-6.507074772611107,0.0016183916778376914,5664
ZBED2,,,0.033288125837830085,5665
ZBED3,,,0.002086931463940887,5665
ZBED4,2.1529417037963867,-5.25879853401565,0.0020750614659246357,5664
ZBED5,0.3571655750274658,-1.4571557245017859,0.002787462261248127,5664
ZBED6,,,0.0044689787665149975,5665
ZBED6CL,1.2343443632125854,-2.131101320244023,0.00511571176767638,5665
ZBTB1,1.6861510276794434,-4.448575709503364,0.002074143209892292,5664
ZBTB10,1.552610158920288,-4.085743200172662,0.003994523668140592,5665
ZBTB11,0.6081592440605164,-5.801706499827354,0.0022955138023165325,5664
ZBTB12,,,0.002406540579025266,5664
ZBTB14,,,0.02991518530403265,5665
ZBTB16,,,0.01516779104181455,5665
ZBTB17,3.3415634632110596,-3.3403059618201936,0.007044230545377686,5665
ZBTB18,,,0.0027634553064301974,5665
ZBTB2,1.7114800214767456,-2.413820120072837,0.007769466997087728,5664
ZBTB20,,,0.002318942037696635,5665
ZBTB21,2.5267980098724365,-4.3692226318049325,0.002430176352071586,5664
ZBTB22,,,0.003949816012634412,5664
ZBTB24,2.272505760192871,-5.996223257180396,0.002434995723802965,5664
ZBTB25,,,0.007959763781907929,5664
ZBTB26,,,0.0018739198752432819,5665
ZBTB3,,,0.003288582564164215,5664
ZBTB32,,,0.0017817283211845393,5665
ZBTB33,2.4540624618530273,-2.4515990580963263,0.005174695116730652,5665
ZBTB34,,,0.003270572111854867,5665
ZBTB37,1.8521754741668701,-6.895590579504721,0.0014178395240191364,5665
ZBTB38,0.3649236559867859,-3.218750696185799,0.0012218945735413562,5664
ZBTB39,1.9314794540405273,-2.725174931737853,0.00891950049997919,5665
ZBTB4,,,0.0018955281229113634,5664
ZBTB40,0.9700661301612854,-2.889179394508219,0.0040693275799313965,5664
ZBTB41,1.1527369022369385,-2.811765185663189,0.0032546298949361107,5665
ZBTB42,,,0.0028058970619705016,5664
ZBTB43,1.6076531410217285,-5.53220600967174,0.002362982028087856,5665
ZBTB44,1.9808967113494873,-7.626235229933161,0.00436647963210639,5664
ZBTB45,,,0.0023226741465750835,5664
ZBTB46,,,0.005291746527420295,5665
ZBTB47,,,0.001386196030681159,5665
ZBTB48,1.8126245737075806,-2.557033689657872,0.006192415919168536,5665
ZBTB49,,,0.0017483754842110555,5664
ZBTB5,,,0.005235137196221627,5665
ZBTB6,,,0.005159886368425401,5665
ZBTB7A,0.2881779968738556,-5.674868552993173,0.0006384595056287753,5664
ZBTB7B,,,0.004401969685979065,5665
ZBTB7C,,,0.0009637502181421022,5665
ZBTB8A,2.331533432006836,-4.03205387088774,0.00223734050361707,5665
ZBTB8B,,,0.005248388361679258,5665
ZBTB8OS,1.929559588432312,-9.285352309819242,0.0059468049537922795,5663
ZBTB9,,,0.011102782417364987,5665
ZC2HC1C,,,0.0036062055506428624,5665
ZC3H11A,,,0.0050437314626365385,5665
ZC3H12A,,,0.0030331752582318764,5665
ZC3H13,2.5870375633239746,-10.545240696929296,0.02456238131786441,5664
ZC3H14,1.6630167961120605,-8.377872145439335,0.002233902246502058,5664
ZC3H15,2.241929292678833,-12.734448150570747,0.003903745918589772,5664
ZC3H18,0.8936285376548767,-4.228195553845895,0.014756645729074952,5664
ZC3H3,,,0.008659850674360167,5665
ZC3H4,0.44352400302886963,-3.7974955155401626,0.002399185350378517,5663
ZC3H7A,1.4290918111801147,-4.685049654192967,0.005860269734544471,5664
ZC3H7B,2.0993454456329346,-3.6269479651202605,0.003767139642970294,5663
ZC3H8,1.1282463073730469,-1.9184536937478571,0.044430396818764116,5664
ZC3HAV1,1.3346587419509888,-9.358643598277508,0.0027545867534535954,5664
ZC3HC1,2.3811681270599365,-5.811052723295575,0.0032529309999238883,5664
ZCCHC10,3.183211088180542,-4.493561396854288,0.004147258751476251,5664
ZCCHC17,3.3429958820343018,-8.805164521755731,0.00338459614299333,5663
ZCCHC3,1.4754704236984253,-5.463537532363096,0.0036724724308103127,5665
ZCCHC4,,,0.003045299243149081,5665
ZCCHC7,4.296134948730469,-4.293010101356639,0.004050427797790919,5664
ZCCHC8,1.990831971168518,-7.393262958445761,0.0033666082116095863,5664
ZCCHC9,1.945031762123108,-4.317277846963895,0.02779710023258021,5664
ZCRB1,3.048288583755493,-9.60378474231156,0.009831842394363598,5664
ZDHHC12,2.2168920040130615,-8.538761967906817,0.002103362064112071,5664
ZDHHC14,,,0.0036843160596898962,5665
ZDHHC16,1.531875729560852,-4.826362128566728,0.0016544005034689923,5663
ZDHHC17,1.793221116065979,-4.729054758321988,0.0025424199958476684,5664
ZDHHC18,3.148275375366211,-3.146453955125083,0.0028398121410486933,5665
ZDHHC19,,,0.003783495423292359,5665
ZDHHC20,2.415071725845337,-3.4105164277360167,0.0029592739771940398,5664
ZDHHC24,2.785022258758545,-3.9327787846232423,0.0035776952567877916,5664
ZDHHC3,1.9048230648040771,-8.207975117407669,0.0033010070917553255,5663
ZDHHC4,1.2478448152542114,-5.357027010169795,0.00495743951686377,5664
ZDHHC5,1.7639199495315552,-7.014075831040729,0.0015840068293054058,5664
ZDHHC6,2.116542339324951,-6.672289527673475,0.0013010921693533684,5663
ZDHHC7,1.786827802658081,-3.0872597430256015,0.01504570313977897,5664
ZDHHC8,0.2986132502555847,-1.021756406118629,0.005758469936507399,5664
ZDHHC9,,,0.0023386974967259774,5665
ZEB1,0.7315008044242859,-5.156601143733745,0.001070575909293679,5665
ZEB2,-0.0984591394662857,0.7249497992078029,0.009362981117892813,5665
ZER1,,,0.0017734199562642683,5665
ZFAND1,0.5340480208396912,-3.4323102075043104,0.0020326625411466242,5664
ZFAND2A,1.3255932331085205,-3.730203149790799,0.002859858716537959,5665
ZFAND2B,2.8986868858337402,-4.095026854093642,0.0022376213196386263,5665
ZFAND3,1.2808215618133545,-2.847015929672998,0.005514569541106742,5664
ZFAND5,1.8293818235397339,-5.145132804038868,0.003134240716099641,5664
ZFAND6,0.45777204632759094,-4.398035236608393,0.0025522897319488103,5665
ZFAT,,,0.002273563507057448,5665
ZFC3H1,2.071338415145874,-8.9460778152405,0.011154347059058631,5664
ZFHX2,,,0.001298977114423667,5665
ZFHX3,-0.15492978692054749,0.977639604609851,0.0015020983573355632,5665
ZFHX4,,,0.001487674902698894,5665
ZFP1,,,0.0063737021137493695,5665
ZFP14,,,0.0030698657191117165,5665
ZFP2,,,0.0016307744657248046,5665
ZFP28,,,0.0009005154849473666,5665
ZFP3,,,0.0031031427305531593,5665
ZFP30,,,0.0043303391799038166,5665
ZFP36L1,0.8649085760116577,-8.583597342063182,0.0009973681950561594,5664
ZFP36L2,0.5957134962081909,-5.470933040365345,0.002833534391827856,5664
ZFP37,,,0.009387554455122215,5665
ZFP41,,,0.001988899717053219,5665
ZFP42,,,0.001474122697345803,5665
ZFP57,,,0.0047177885117151395,5665
ZFP62,,,0.004125572873185752,5665
ZFP64,,,0.0029111361967030843,5665
ZFP69,,,0.004540706709667167,5665
ZFP69B,,,0.0011195326766575337,5665
ZFP82,,,0.004015626364311436,5665
ZFP90,,,0.0018072418410551828,5665
ZFP91,1.9441866874694824,-9.424507097843069,0.0030024176363566985,5664
ZFP92,,,0.001746990770462823,5665
ZFPL1,1.2809300422668457,-5.958936585901483,0.0016265949012004605,5664
ZFPM2,1.676973819732666,-4.424094222753642,0.0021797529678996095,5665
ZFR,1.626707911491394,-11.78770314513979,0.006970867845887692,5664
ZFX,0.9897952675819397,-4.2615148540247185,0.005029410574187617,5664
ZFY,,,0.0018269245926940826,5665
ZFYVE16,2.8510804176330566,-5.686658560281216,0.0035995027325739447,5664
ZFYVE19,,,0.011107005318837104,5665
ZFYVE21,1.2896673679351807,-4.258319895511195,0.0017764075262933579,5664
ZFYVE27,4.785799503326416,-1.8839686342762922,0.0031819019521951036,5664
ZFYVE28,,,0.001760380533797418,5665
ZFYVE9,1.2718684673309326,-5.357970784959077,0.0018144995070533286,5665
ZGLP1,,,0.002723155323784579,5665
ZGPAT,-0.06030585616827011,0.277218523249755,0.006542718027595088,5664
ZHX1,0.03780828043818474,-0.3637412798140688,0.0036535798268806864,5665
ZHX2,,,0.0019101977833249505,5665
ZHX3,1.4521160125732422,-4.339618077419435,0.0025762513744639155,5665
ZIC1,,,0.004455515193739811,5665
ZIC2,0.6761861443519592,-4.263400589798448,0.002304809367807372,5665
ZIC3,,,0.0028642981281372442,5665
ZIC4,,,0.0010209824531711954,5665
ZIC5,,,0.02219807424378716,5665
ZIK1,,,0.0023936937485560944,5665
ZIM2,,,0.0029049230273151634,5665
ZIM3,,,0.0057527243999381285,5665
ZKSCAN1,2.3012640476226807,-12.688444186205482,0.002984343762538036,5664
ZKSCAN2,,,0.0035712054613330096,5665
ZKSCAN3,,,0.004938547724400557,5665
ZKSCAN4,4.5355448722839355,-0.8362277590395765,0.013322778457390357,5665
ZKSCAN5,0.2452450394630432,-0.7281357308346541,0.004856549248700599,5663
ZKSCAN7,,,0.004464760441749489,5665
ZKSCAN8,1.1805683374404907,-3.314404065241048,0.004966117697221488,5664
ZMAT1,,,0.001474482303332567,5665
ZMAT2,0.9093655347824097,-10.59405056793316,0.0036783163324697727,5664
ZMAT3,1.6803172826766968,-5.786916163340989,0.0021033385001817478,5664
ZMAT4,,,0.0017170933643347497,5665
ZMAT5,2.049391746520996,-2.892731533191744,0.010937845076631926,5664
ZMIZ2,,,0.0020307774029566105,5665
ZMPSTE24,2.7903289794921875,-10.369200073005764,0.002747804039766273,5664
ZMYM1,2.896953582763672,-4.088578376829164,0.004812129621461985,5663
ZMYM2,1.47298002243042,-4.130583756483052,0.005291362068374699,5664
ZMYM3,1.8450559377670288,-7.119219065998279,0.0016492794468104487,5663
ZMYM4,2.3179891109466553,-8.255372363013963,0.006954264369310422,5664
ZMYM5,1.3301036357879639,-3.5057761305219803,0.0025758658591732036,5664
ZMYM6,3.3960487842559814,-4.798349420681963,0.002464549403705442,5663
ZMYND11,1.8893916606903076,-4.982405589068071,0.0019332656964087998,5664
ZMYND19,1.3568272590637207,-5.682520243109529,0.003587026811719889,5664
ZMYND8,0.7827261090278625,-7.678594530448629,0.0032874808412521935,5664
ZNF10,,,0.002906520955494396,5665
ZNF100,5.923344612121582,-2.4203635351872403,0.0033850259370359612,5664
ZNF101,,,0.002849029639257614,5665
ZNF106,-0.1820952147245407,1.6799388798348134,0.003916177579507318,5663
ZNF107,1.929465889930725,-4.297125348341758,0.0041601923296306735,5664
ZNF112,,,0.010808650829447422,5665
ZNF114,,,0.0016623320784720334,5665
ZNF117,2.9084794521331787,-4.1063454894582385,0.003951625586159216,5665
ZNF12,3.795661449432373,-5.36408464252875,0.0015248484282973356,5664
ZNF121,5.944284439086914,-1.0121734589203206,0.015107279093766475,5664
ZNF124,0.40559858083724976,-2.894808293500277,0.0029604590318708618,5665
ZNF131,1.4296149015426636,-5.596305148843078,0.00996492770083732,5664
ZNF132,,,0.0032869686175249274,5665
ZNF133,,,0.0021166143512950314,5665
ZNF134,,,0.01038733755903856,5665
ZNF135,,,0.004174558670212821,5665
ZNF136,,,0.007882074865363239,5665
ZNF138,5.618072986602783,-1.19165287423936,0.010981648211617847,5664
ZNF14,,,0.002500478347486279,5665
ZNF140,,,0.005604752500624172,5665
ZNF141,,,0.0023224878112299762,5665
ZNF142,,,0.003021580896003819,5665
ZNF143,0.5332270264625549,-2.3588021559179047,0.005435115235448134,5664
ZNF146,2.0497682094573975,-4.971914341640772,0.008095735016322153,5664
ZNF148,0.8956392407417297,-4.009812428141663,0.006572613504123677,5664
ZNF154,,,0.004105123168172736,5665
ZNF155,,,0.01347501878467932,5665
ZNF157,,,0.005323769669953952,5665
ZNF16,,,0.006161533100766151,5665
ZNF160,2.4908173084259033,-3.518897462685851,0.0023804250064948587,5665
ZNF165,,,0.0026662308784969587,5665
ZNF169,,,0.002158263036246234,5665
ZNF17,,,0.0037977731093146085,5665
ZNF174,,,0.02175888877330683,5665
ZNF175,2.368865966796875,-3.346100098321165,0.002560273250408027,5665
ZNF177,,,0.0023910273425190977,5665
ZNF18,,,0.0017482922990024537,5665
ZNF180,,,0.002598481325211802,5665
ZNF181,,,0.002734063208261954,5665
ZNF182,,,0.0024298726573943196,5665
ZNF184,,,0.0021981946060187756,5665
ZNF189,,,0.003267545030218759,5665
ZNF19,,,0.0024874543488907744,5665
ZNF195,0.3365470767021179,-2.3001316817274033,0.0022566089372782865,5664
ZNF197,3.5378918647766113,-3.5364559687340846,0.00190015217771252,5664
ZNF2,,,0.00397879868645472,5665
ZNF20,,,0.0014913500413592541,5665
ZNF200,1.7801178693771362,-3.076495545608492,0.0034113825239661232,5665
ZNF202,,,0.0015669915472584894,5665
ZNF205,3.268622636795044,-3.266803982901555,0.00256933074941847,5665
ZNF207,0.35862603783607483,-9.370873958031371,0.0020208453698346185,5663
ZNF208,,,0.010082908066601766,5665
ZNF211,,,0.0018716958732608675,5665
ZNF212,1.3999649286270142,-3.1210836901067056,0.002400288629310992,5665
ZNF213,,,0.002676146469282095,5665
ZNF214,,,0.0019557484958175942,5665
ZNF215,,,0.0028390532929891033,5665
ZNF217,-0.010846305638551712,0.09261877893727462,0.0022392139989691317,5664
ZNF219,,,0.01214376394426907,5665
ZNF22,3.7460570335388184,-8.348228091854885,0.004089498782628187,5664
ZNF221,,,0.0026349238519813175,5665
ZNF222,,,0.0034944945196508912,5665
ZNF223,,,0.0039860222284780296,5665
ZNF224,2.8250021934509277,-3.9902897450628703,0.002603589232956938,5665
ZNF225,,,0.006108498047102816,5665
ZNF226,-0.005744330585002899,0.032096145020651674,0.0014136534931298787,5665
ZNF227,,,0.002429378468786047,5665
ZNF229,,,0.0014476104981135751,5665
ZNF23,,,0.001311501732703379,5665
ZNF230,,,0.009187337220507727,5665
ZNF232,,,0.0007172961618769329,5665
ZNF233,,,0.00799376098748388,5665
ZNF234,,,0.0031275768144797184,5665
ZNF235,,,0.005669477354705029,5665
ZNF236,,,0.017090275020052646,5665
ZNF239,,,0.0028383686655978286,5665
ZNF24,1.5539549589157104,-8.230717364330575,0.00266585390800782,5664
ZNF248,1.8913675546646118,-4.620879808185884,0.002021370053450392,5664
ZNF25,,,0.0025079136157972566,5665
ZNF250,,,0.011684327921197972,5665
ZNF251,,,0.00206316338102884,5665
ZNF253,,,0.002301780455986496,5665
ZNF254,1.6036815643310547,-5.750351712053596,0.002057214593953684,5665
ZNF256,,,0.0035859583918128055,5665
ZNF257,,,0.008854558253552424,5665
ZNF26,4.918292045593262,-1.1105932470749822,0.010444381360213256,5665
ZNF260,4.909268856048584,-0.5596864706832095,0.029045864195053325,5665
ZNF263,0.3280886113643646,-1.8353440911628018,0.0013060434673208615,5665
ZNF264,,,0.002813539838542195,5665
ZNF266,,,0.0027675585241584404,5665
ZNF267,0.9542281031608582,-5.732147718009166,0.0017001737039128045,5664
ZNF268,1.9076234102249146,-4.254627786653972,0.0023698516306768897,5665
ZNF273,1.1080454587936401,-7.657028680826946,0.001309962999982227,5665
ZNF274,0.7203264832496643,-1.8877704222605294,0.00622730706799875,5665
ZNF275,,,0.0075156940742206885,5665
ZNF276,1.133522391319275,-1.9546687993546843,0.007732297758359459,5665
ZNF277,2.3150722980499268,-5.161148131670942,0.0026269249257809125,5664
ZNF28,0.6936612129211426,-2.3880678115237566,0.0024518541170111935,5665
ZNF280A,,,0.0037895303765427906,5665
ZNF280B,2.399273157119751,-7.915020707724903,0.0021852533992463958,5665
ZNF280C,,,0.008263690082195766,5665
ZNF280D,3.2760515213012695,-4.628356436930871,0.0022814979227255617,5664
ZNF281,2.40204119682312,-11.685029662319286,0.0023405530273245935,5664
ZNF282,2.1978206634521484,-5.802087289259526,0.0015938458456142151,5664
ZNF283,4.486179351806641,-1.5795760855786998,0.003770953045078889,5665
ZNF284,,,0.001240157921007804,5665
ZNF285,,,0.0031629790581237283,5665
ZNF286A,3.0215249061584473,-3.0190559954489733,0.00378267960454678,5665
ZNF287,,,0.001977933835257318,5665
ZNF292,2.2736356258392334,-11.503271261503471,0.0035932197897474167,5664
ZNF296,,,0.0033366861042752388,5664
ZNF3,1.363241195678711,-1.918218418187596,0.01495355718177811,5664
ZNF30,,,0.0011790939459795124,5665
ZNF300,,,0.0034636622246095074,5665
ZNF302,,,0.0014684912624246282,5665
ZNF304,,,0.0025569623407638684,5665
ZNF311,,,0.002724013964948916,5665
ZNF317,2.040766954421997,-4.55492841780558,0.001812386100025855,5664
ZNF318,2.0594332218170166,-4.098117441656347,0.006335536166492559,5664
ZNF319,,,0.0013186235586251753,5664
ZNF32,5.1336212158203125,-1.6869050393738416,0.0044130851382082155,5665
ZNF320,,,0.0020117050287501814,5665
ZNF322,2.272278070449829,-4.523016217366745,0.0057042145302067795,5664
ZNF324,,,0.015146054826311773,5665
ZNF324B,,,0.00244681360420397,5665
ZNF326,2.482107639312744,-10.679062830331997,0.004673345416881842,5664
ZNF329,,,0.00360410926257993,5665
ZNF330,2.1055264472961426,-8.093841704045687,0.002369324768577716,5664
ZNF331,,,0.002490912526103078,5665
ZNF333,,,0.0015265078468077041,5665
ZNF334,,,0.003461399908144369,5665
ZNF335,,,0.0029102301282974263,5665
ZNF337,,,0.0040179421812509145,5665
ZNF33A,2.1854424476623535,-5.752643322100198,0.004240528611747359,5664
ZNF33B,2.10977840423584,-4.6912372018384465,0.005041923283901616,5664
ZNF34,,,0.002714536585264085,5665
ZNF341,,,0.002051460816760575,5665
ZNF343,,,0.00743305826299543,5665
ZNF345,,,0.0019671029283926684,5665
ZNF346,5.15623664855957,-1.6303766512060942,0.004958999041014519,5663
ZNF347,,,0.003954190277756096,5665
ZNF35,3.438305139541626,-3.43686666025589,0.00171863782830154,5665
ZNF350,,,0.002326843855719709,5665
ZNF354A,,,0.0020542483081700804,5665
ZNF354B,,,0.00324999807198423,5665
ZNF354C,,,0.0047313638360537424,5665
ZNF358,0.5536301732063293,-2.515334788366827,0.0017457165024000088,5665
ZNF362,,,0.010612570633070058,5665
ZNF365,,,0.002499626378369481,5665
ZNF366,,,0.0012359356384212187,5665
ZNF367,,,0.003369357676559107,5665
ZNF37A,1.767417073249817,-7.428764765228205,0.002342192652760908,5665
ZNF382,,,0.002474424318139637,5665
ZNF383,,,0.0063390483312161326,5665
ZNF384,0.9653472304344177,-2.3528048171673364,0.004624659890961741,5665
ZNF385A,0.5439029932022095,-6.0663403704001935,0.0015865526220999366,5665
ZNF385B,,,0.005018209317662823,5665
ZNF385C,,,0.0036002295138466817,5665
ZNF385D,,,0.0015249556301542343,5665
ZNF391,,,0.0026908206463714113,5665
ZNF394,1.0313036441802979,-3.6856323975328866,0.003040986779960293,5663
ZNF395,,,0.009573633866187646,5665
ZNF396,,,0.005591567210773741,5665
ZNF397,2.5424447059631348,-2.5383400222775703,0.011088913523216604,5664
ZNF398,1.166192889213562,-3.846615256491216,0.0021591982250018685,5664
ZNF404,,,0.004626584064159229,5665
ZNF407,,,0.0018992457097370217,5665
ZNF408,1.3224624395370483,-2.947889206685247,0.0031644178774140603,5664
ZNF41,,,0.006172288349446974,5665
ZNF410,0.9312083125114441,-2.269410891778016,0.00462842309252376,5664
ZNF414,2.09785532951355,-2.9612598165501947,0.008027122566928642,5664
ZNF415,,,0.00624139894637188,5665
ZNF416,,,0.0016162265201381406,5665
ZNF417,,,0.003456387795062489,5665
ZNF418,,,0.001979981385123545,5665
ZNF419,,,0.0018567892390057258,5665
ZNF420,,,0.001680451534271228,5665
ZNF423,,,0.0013835611040466853,5665
ZNF425,,,0.005181667987375936,5664
ZNF426,3.8170783519744873,-3.815033173062889,0.002577473869751301,5665
ZNF428,2.662061929702759,-12.075157887963421,0.0023707064085131137,5664
ZNF429,1.5992279052734375,-4.197701265595434,0.004962450801860705,5665
ZNF43,,,0.001053190505086532,5665
ZNF430,3.5229787826538086,-3.5207014887001886,0.003146073960610016,5664
ZNF431,2.7231087684631348,-10.476561465391839,0.0026131971843423346,5665
ZNF432,,,0.002205068470921528,5665
ZNF433,,,0.0033389647156565074,5665
ZNF436,,,0.0012791976025632935,5665
ZNF438,,,0.001538972819466048,5665
ZNF439,,,0.0021628960418654942,5665
ZNF44,,,0.0030912522648205024,5665
ZNF440,4.600126266479492,-2.2344794680143885,0.0018570619402584058,5665
ZNF441,,,0.003378227342342309,5665
ZNF442,,,0.006072095943579515,5665
ZNF443,,,0.002525691855003038,5665
ZNF444,1.6039661169052124,-4.7888147454448795,0.0026365385622432935,5664
ZNF445,2.0281527042388916,-6.3745179314693665,0.0032908593246809598,5664
ZNF446,,,0.00552501688562588,5665
ZNF449,,,0.0033313206412210047,5665
ZNF45,,,0.006124922800691335,5665
ZNF451,1.7869818210601807,-11.51555703220875,0.002366449277887696,5664
ZNF454,,,0.0037604025142244975,5665
ZNF460,,,0.002689108635582859,5665
ZNF461,,,0.004344593671054373,5665
ZNF462,,,0.0027216487062652634,5665
ZNF467,,,0.0024633410317410303,5665
ZNF468,,,0.0013429148258546117,5665
ZNF469,,,0.0027294515433774432,5665
ZNF470,,,0.0012495996477359685,5665
ZNF471,,,0.0025058154084871883,5665
ZNF473,,,0.00462877054339312,5664
ZNF474,,,0.003212195890104489,5665
ZNF479,,,0.0016831471437558634,5665
ZNF48,,,0.002767954205696475,5665
ZNF480,1.1213206052780151,-5.315066871526558,0.0023883970983761857,5664
ZNF483,,,0.0032022774135779955,5665
ZNF484,,,0.0025061063810283956,5665
ZNF485,,,0.002609312835891252,5665
ZNF486,,,0.0035444415310617668,5665
ZNF488,,,0.0011100432016131847,5665
ZNF490,,,0.0026880120407195354,5665
ZNF491,,,0.007014835660703408,5665
ZNF492,,,0.0013114054115508976,5665
ZNF493,2.361565113067627,-5.269738665679235,0.0017229476008224474,5665
ZNF496,2.0879147052764893,-4.164136124783112,0.0065127308365894665,5665
ZNF497,,,0.03452308534916717,5665
ZNF500,2.622391700744629,-3.7048082627292587,0.002254732355137633,5665
ZNF501,,,0.0023833291911831388,5665
ZNF502,,,0.004310432080105839,5665
ZNF503,,,0.0027969408075487617,5665
ZNF507,2.357835292816162,-6.221484915326877,0.0027291183986198403,5664
ZNF510,4.774845123291016,-0.9784522290093373,0.01465983850990957,5665
ZNF511,1.0506389141082764,-3.3735836937676114,0.012013845572810484,5664
ZNF512,2.2284765243530273,-3.847276796220436,0.005031575551428161,5664
ZNF512B,2.3298184871673584,-5.691861846362168,0.0021958144540304195,5665
ZNF513,,,0.004092611561229747,5665
ZNF514,1.4458962678909302,-4.322697530204213,0.0017531042394357535,5665
ZNF516,,,0.008203819714746766,5665
ZNF517,,,0.002661100793146222,5665
ZNF518A,1.7976759672164917,-6.409970565353703,0.006466394710379147,5664
ZNF518B,2.689420700073242,-4.651848641328189,0.00305923600576808,5665
ZNF519,4.524104118347168,-1.7343783889809044,0.004495400352818904,5665
ZNF521,,,0.0038459730998241944,5665
ZNF524,,,0.005781878377751883,5665
ZNF526,1.6184815168380737,-3.6094921661846895,0.0023476746086421164,5664
ZNF527,,,0.001262171848487357,5665
ZNF528,,,0.0031149431855016577,5665
ZNF529,1.2752856016159058,-3.3620867817294875,0.0020201782857414137,5665
ZNF530,,,0.001843171405637638,5665
ZNF532,,,0.0027647630364015076,5665
ZNF534,,,0.001769304287929085,5665
ZNF536,,,0.005515821350748841,5665
ZNF540,,,0.0012006799362359196,5665
ZNF541,,,0.002952869489107397,5665
ZNF543,,,0.0025283802127118097,5665
ZNF544,2.0754024982452393,-5.066735970336012,0.002225618646044876,5665
ZNF546,,,0.003942502264644094,5665
ZNF547,,,0.001417527043774398,5665
ZNF548,,,0.0028845724722990373,5665
ZNF549,,,0.0034352107360234372,5665
ZNF550,,,0.0020665755635125706,5665
ZNF551,,,0.0018509921197607465,5665
ZNF552,,,0.0014090452464106313,5664
ZNF554,,,0.015539736989612555,5665
ZNF555,,,0.002150681448769141,5665
ZNF556,,,0.002338207773724919,5665
ZNF557,,,0.003354861229799834,5665
ZNF558,,,0.0032400501968363757,5665
ZNF559,,,0.003944788593874074,5665
ZNF560,,,0.0032068085094157346,5665
ZNF561,4.727477073669434,-2.353999108427027,0.0017627805928448247,5664
ZNF562,3.6113667488098145,-3.608008894272139,0.004352105864247836,5664
ZNF563,,,0.002170361440116517,5665
ZNF564,,,0.002684409462667598,5665
ZNF565,,,0.0015927794398060378,5665
ZNF566,3.312143564224243,-3.3103271203357094,0.0026074331379919323,5665
ZNF567,1.386917233467102,-1.3831096706837298,0.01658453831046406,5664
ZNF568,,,0.002644545374826821,5665
ZNF569,,,0.005026544583345891,5665
ZNF57,,,0.0027955505283549027,5665
ZNF570,,,0.0016031132789014137,5665
ZNF571,,,0.00549474952730226,5665
ZNF572,,,0.0017911947277152842,5665
ZNF573,,,0.006724844035262127,5665
ZNF574,0.02861602045595646,-0.25485026562431884,0.0011674025463908493,5665
ZNF575,,,0.001902814771493907,5664
ZNF576,1.9608025550842285,-3.905908574586168,0.005093226110660148,5665
ZNF577,,,0.0027466326768978517,5665
ZNF578,,,0.0021004312118385175,5665
ZNF579,2.3361876010894775,-4.03826648913761,0.002644583693169381,5665
ZNF580,0.4015878140926361,-7.661725441046835,0.0006441070894527785,5664
ZNF581,2.9418554306030273,-6.56190821797634,0.002302858771693154,5664
ZNF582,,,0.0031135713667446692,5665
ZNF583,,,0.0016181268402028332,5665
ZNF584,,,0.0017347850138879645,5665
ZNF585A,,,0.02563277979853721,5665
ZNF585B,,,0.007564020341854482,5665
ZNF586,,,0.003985262996255934,5665
ZNF587,0.11477608978748322,-0.5764999040475757,0.002625987077117646,5665
ZNF587B,0.5871258974075317,-1.8393527119764923,0.004319389717798373,5664
ZNF589,4.7182464599609375,-1.469335181990766,0.004709846377255176,5664
ZNF592,2.1432619094848633,-3.0252345404387175,0.0055429598478444085,5664
ZNF593,2.016615867614746,-15.766441997866163,0.0016984788956766804,5664
ZNF594,,,0.004003215989952578,5665
ZNF595,1.2815053462982178,-8.39365855953333,0.0025093878723966424,5665
ZNF596,,,0.0032254493994698444,5665
ZNF597,,,0.0031852241766079105,5664
ZNF598,1.6925597190856934,-4.756146981021516,0.003695409777813961,5664
ZNF599,,,0.0021559673043806023,5665
ZNF600,,,0.002706484525377418,5665
ZNF605,,,0.009125136620577325,5665
ZNF606,,,0.002990640214567067,5665
ZNF607,,,0.002987611537025367,5665
ZNF608,,,0.003105527007568966,5665
ZNF609,0.16733308136463165,-1.4916268501076493,0.002483078698752609,5664
ZNF610,,,0.004498649345458715,5665
ZNF611,4.628666400909424,-1.3008405194695898,0.005930178460161289,5665
ZNF613,,,0.0032376120023651345,5665
ZNF614,,,0.003618701856690397,5665
ZNF615,,,0.0022600314385353136,5665
ZNF616,,,0.003998374475127168,5665
ZNF618,,,0.0028770218445532247,5665
ZNF619,,,0.001690373658046856,5665
ZNF620,,,0.003390604819264041,5665
ZNF621,3.5228240489959717,-4.976239524253316,0.0025750674677705344,5664
ZNF622,3.437016248703003,-4.850040645807846,0.007623567724938482,5664
ZNF623,,,0.0024295262515795124,5665
ZNF624,,,0.0027184210469155005,5665
ZNF626,,,0.004235551096073771,5665
ZNF627,,,0.0028432963370851622,5664
ZNF628,,,0.004013672194978336,5665
ZNF629,1.7752410173416138,-6.1270682140203,0.0013632816944660533,5665
ZNF630,,,0.001768920298353747,5665
ZNF638,1.390326738357544,-5.549877865299814,0.010749868602758913,5664
ZNF639,1.1283795833587646,-7.194812502191244,0.0019384115392475918,5664
ZNF641,,,0.003361516221263502,5665
ZNF644,2.656759262084961,-7.476094348719451,0.004043374351409935,5664
ZNF646,,,0.0032549110362285814,5665
ZNF648,,,0.0021650351155667164,5665
ZNF649,,,0.0017919240815200217,5665
ZNF652,2.621367931365967,-5.845451386334451,0.0027509022956534366,5664
ZNF653,,,0.003891759434847657,5665
ZNF654,,,0.0022770667594535503,5665
ZNF655,1.6014598608016968,-6.706700463050733,0.003559853404418348,5664
ZNF658,,,0.0016954124554561822,5665
ZNF660,,,0.0038395890002544267,5665
ZNF662,,,0.001945112679102114,5665
ZNF664,2.2262470722198486,-5.862080909877295,0.0026519637828830173,5664
ZNF665,,,0.002159005910879414,5665
ZNF667,,,0.008390615124165973,5665
ZNF668,0.41584011912345886,-1.2382710485895192,0.004007079992297431,5665
ZNF669,2.304837226867676,-4.598752386118337,0.003498474448805972,5665
ZNF670,2.677565813064575,-3.7789892635286035,0.004694002462161867,5665
ZNF671,,,0.00813136313037406,5665
ZNF672,2.211400032043457,-6.970477362564854,0.0023563846924025797,5665
ZNF674,,,0.001492690239902465,5665
ZNF675,1.542459487915039,-3.4289411503596634,0.005774835476726307,5665
ZNF676,,,0.002623528608103633,5665
ZNF677,,,0.0029220233041854574,5665
ZNF678,3.2468369007110596,-3.2451591187598634,0.0020794412137329185,5665
ZNF679,,,0.0026295259165441324,5665
ZNF680,2.4777719974517822,-4.947169565221531,0.0017200935470894222,5664
ZNF681,4.871945858001709,-0.949620498887609,0.012267877137239253,5665
ZNF682,,,0.0017343316464188835,5665
ZNF683,,,0.0022123236687303263,5665
ZNF684,2.8251771926879883,-2.8227063259421117,0.003710251020180218,5665
ZNF687,,,0.0021083528445876624,5665
ZNF688,,,0.003005219634646458,5665
ZNF689,2.87455677986145,-4.059585178201654,0.00300829463264823,5665
ZNF69,,,0.0016772593957979807,5665
ZNF691,,,0.0026181577316892793,5665
ZNF692,3.285611867904663,-3.282583485413359,0.003934893817891059,5665
ZNF695,4.6538543701171875,-1.529250569541577,0.01021670825043675,5665
ZNF696,1.9253036975860596,-3.842347039400512,0.0021892208888440873,5665
ZNF697,,,0.003120672168224472,5664
ZNF699,,,0.0020581482868083775,5665
ZNF7,1.7215043306350708,-5.935069238415955,0.001798311111145406,5665
ZNF70,,,0.0025631133251809326,5665
ZNF700,0.9928908348083496,-1.710640201391643,0.007869044895461166,5664
ZNF701,,,0.0025022689240890884,5665
ZNF703,,,0.007226314773626459,5665
ZNF704,,,0.005282220125918182,5665
ZNF705A,,,0.0030501359943672555,5665
ZNF705B,,,0.0039690919071727546,5665
ZNF705D,,,0.01884379272352258,5665
ZNF705G,,,0.0030917243085259926,5665
ZNF706,0.6094562411308289,-7.352435683582876,0.004140991403706304,5664
ZNF707,,,0.0025716116307177117,5665
ZNF708,5.810916900634766,-1.2596497814441718,0.011346935016792322,5664
ZNF709,,,0.0015129233322201555,5665
ZNF71,,,0.002501235459185471,5665
ZNF710,,,0.01026392645999101,5665
ZNF711,4.454756736755371,-2.1315309679169556,0.0018637859262536824,5665
ZNF713,,,0.002600897530831613,5665
ZNF714,2.8442633152008057,-4.904344419289473,0.007121343869907298,5664
ZNF716,,,0.002079587898912125,5665
ZNF717,,,0.004548219421563699,5665
ZNF718,,,0.0005482793190561274,5665
ZNF720,2.492504596710205,-4.974749664164776,0.001996872732275743,5665
ZNF721,0.7821606397628784,-7.919897996250377,0.0012154723208548687,5664
ZNF726,,,0.0027867176405022274,5665
ZNF727,,,0.0027565264116023174,5665
ZNF728,,,0.0018231793232618917,5665
ZNF729,,,0.006299893408567147,5665
ZNF730,,,0.0034101376790494206,5665
ZNF732,,,0.0022097845212172337,5665
ZNF735,,,0.0032024106452158553,5665
ZNF736,0.5125126242637634,-2.9573042124517874,0.0011731509351955945,5665
ZNF737,,,0.007440221455199623,5665
ZNF74,2.2446725368499756,-6.7058410102666475,0.0023131847725649302,5665
ZNF740,1.049382209777832,-2.762636294221969,0.003788123532702793,5665
ZNF746,2.7220544815063477,-5.4368279784310225,0.0013923431380518858,5665
ZNF747,,,0.0038764886220876635,5665
ZNF750,,,0.0036713954605268793,5665
ZNF75A,3.3023321628570557,-5.711918927035631,0.0019337019930753267,5664
ZNF75D,,,0.003998438457218089,5665
ZNF76,1.8953001499176025,-3.7832238186861953,0.0020654301179004876,5665
ZNF763,,,0.002040988733837543,5665
ZNF764,1.6010417938232422,-3.9112392222056145,0.0018425510527077726,5665
ZNF765,,,0.001830427089817011,5665
ZNF766,3.2341978549957275,-3.2308763173388564,0.005233259102335667,5664
ZNF768,0.47094812989234924,-1.975610289718058,0.0027136826720107594,5665
ZNF77,,,0.005359167109190369,5665
ZNF770,3.367509603500366,-5.822175477821348,0.002813244748704717,5664
ZNF771,1.5736445188522339,-2.7180463946373266,0.003947074204069727,5665
ZNF772,,,0.002404554792700971,5665
ZNF773,,,0.002300406992240422,5665
ZNF774,,,0.038852480705141176,5665
ZNF775,2.1008832454681396,-2.9668643904442766,0.00401051905009492,5664
ZNF776,,,0.003414843215773643,5665
ZNF777,1.4287728071212769,-2.841010155696662,0.006562776841050935,5665
ZNF778,,,0.0016150081456014639,5665
ZNF780A,4.850966453552246,-1.4388795956229448,0.005730726992463487,5665
ZNF780B,,,0.0031421950863878326,5665
ZNF781,,,0.002593058927621354,5665
ZNF782,,,0.00499944201601046,5665
ZNF783,,,0.0027259414226040875,5665
ZNF784,,,0.0032317563017514794,5664
ZNF785,2.079713821411133,-3.593026450471528,0.004267379751720485,5665
ZNF786,,,0.006145501803994257,5665
ZNF787,3.3426005840301514,-7.458529141307057,0.003896911517989718,5665
ZNF789,2.2951254844665527,-2.2914547242421666,0.008541399149116138,5665
ZNF79,,,0.003292000152643698,5665
ZNF790,,,0.0014373121246343996,5665
ZNF791,1.518797755241394,-5.43024530001121,0.002829812148705853,5664
ZNF792,,,0.0019686239703482163,5665
ZNF793,,,0.004541887709440375,5665
ZNF799,,,0.014069482744929567,5665
ZNF8,2.3916335105895996,-3.378628367022965,0.002438575382300444,5665
ZNF80,,,0.015246588879454405,5665
ZNF800,1.7984446287155151,-7.7726487738579655,0.0023999847792782205,5665
ZNF804A,,,0.0021111967794914446,5665
ZNF804B,,,0.002246967457990864,5665
ZNF805,,,0.0021939798290799947,5665
ZNF808,,,0.002307234789721772,5665
ZNF81,,,0.002786371899107923,5665
ZNF813,,,0.00246577620316246,5665
ZNF814,,,0.0051015205275297,5665
ZNF816,,,0.0014756251970865894,5665
ZNF821,,,0.001691672736672583,5665
ZNF823,,,0.003648059791986662,5665
ZNF827,2.202894926071167,-2.199131140020219,0.00837741816993654,5665
ZNF829,,,0.009270640239022963,5665
ZNF83,0.3851231336593628,-3.312993312336871,0.0011403005655440611,5665
ZNF830,0.5672715902328491,-0.5562473129315236,0.048453616879876094,5664
ZNF831,,,0.0018792877747823961,5665
ZNF835,,,0.004003147327652737,5665
ZNF836,,,0.004212179858392541,5664
ZNF837,,,0.0017253878084179434,5665
ZNF84,1.6231968402862549,-4.57667457099018,0.007244144484055707,5665
ZNF841,,,0.003268163748986237,5665
ZNF843,,,0.0018029985507276726,5665
ZNF844,,,0.003114471819333072,5665
ZNF845,,,0.0024934178110113297,5665
ZNF85,,,0.0018092279033162487,5665
ZNF850,,,0.004651511392220544,5665
ZNF852,,,0.003920029843729393,5665
ZNF853,,,0.0021004071428843236,5665
ZNF860,,,0.0028613054095152587,5665
ZNF875,,,0.0023953872400883014,5665
ZNF878,,,0.003212525835286238,5665
ZNF879,,,0.00424090491018244,5665
ZNF880,,,0.003792746555976616,5665
ZNF883,,,0.0017423921286993692,5665
ZNF888,,,0.0027977434874731227,5665
ZNF891,3.1925418376922607,-3.190085558578627,0.003164658275060027,5665
ZNF90,,,0.0027095521089931683,5665
ZNF91,5.757071495056152,-1.8564104448644305,0.004933064079076971,5665
ZNF92,3.1186561584472656,-5.392796531121068,0.002460172508873729,5664
ZNF93,,,0.0035455292848590495,5665
ZNF98,,,0.0034119304713569145,5665
ZNF99,,,0.0028616336048886393,5665
ZNFX1,1.2314952611923218,-3.4671036849843446,0.002377048262577278,5664
ZNHIT1,2.3053207397460938,-10.428771452185982,0.022853353727826438,5663
ZNHIT2,1.3247805833816528,-3.72440221565949,0.003842475350900482,5665
ZNHIT6,3.2549870014190674,-4.596146481832007,0.023734742415726668,5664
ZNRD1,2.297391891479492,-6.0261947628766785,0.027686167705741487,5665
ZNRD2,1.1055052280426025,-7.658364905461168,0.0025561948713257155,5664
ZNRF1,0.615841805934906,-4.511769414903111,0.003490742274102282,5663
ZNRF2,,,0.0019362516149326562,5665
ZRANB2,1.9650472402572632,-9.378803202013676,0.007627038755600849,5664
ZRANB3,1.9892915487289429,-1.984800753795262,0.010396755603914343,5664
ZRSR2,,,0.0049145612669553715,5665
ZSCAN1,,,0.007779572218735022,5665
ZSCAN10,,,0.00366624132937999,5665
ZSCAN12,2.952305793762207,-2.9503151436194317,0.0026283197476385054,5665
ZSCAN16,,,0.00804258327764228,5665
ZSCAN18,,,0.0008099002287628247,5665
ZSCAN2,,,0.011395989054551687,5665
ZSCAN20,,,0.0022570522853155176,5665
ZSCAN21,,,0.006483096269583123,5665
ZSCAN22,,,0.002781898720598678,5665
ZSCAN23,,,0.007049521065773535,5665
ZSCAN25,,,0.008894051534836222,5665
ZSCAN26,,,0.02051166056620885,5665
ZSCAN29,,,0.0077989955684654175,5664
ZSCAN30,4.756704330444336,-2.148193546330887,0.002055137515864677,5664
ZSCAN31,,,0.0021536070750286652,5665
ZSCAN32,,,0.009501373345405677,5665
ZSCAN5A,,,0.0014868973765151453,5665
ZSCAN5B,,,0.0015898473843987953,5665
ZSCAN9,3.0567028522491455,-4.3197731070918355,0.0013610683052215466,5665
ZSWIM1,,,0.003465399231099635,5665
ZSWIM7,1.7378872632980347,-4.895916740444835,0.002179408402340674,5663
ZSWIM8,1.6321842670440674,-3.255599079513468,0.0028989114299961794,5663
ZUP1,1.833070158958435,-4.471113140025893,0.0031250462542752326,5664
ZW10,2.2781357765197754,-6.4248038789428135,0.0032920585792615103,5664
ZWILCH,0.9268015027046204,-2.041501332661286,0.017256999333124915,5664
ZWINT,2.0263073444366455,-3.469785859159898,0.024453055181543084,5664
ZXDA,,,0.0024844100979635655,5665
ZXDB,,,0.0027677763241601085,5665
ZXDC,4.856868267059326,-1.0528363999570414,0.009556717907836776,5664
ZYG11A,2.353720188140869,-2.351026568847514,0.00577164795509282,5665
ZYG11B,2.0172054767608643,-4.916094409441293,0.0045109509001116585,5664
ZYX,1.6446186304092407,-6.553309231962062,0.0009352789057302718,5664
ZZEF1,1.247240662574768,-3.9275292804234065,0.001582942030443983,5664
