[{"stream_name":"stderr","time":6.347542294,"data":"0.00s - Debugger warning: It seems that frozen modules are being used, which may\n"}
,{"stream_name":"stderr","time":6.347611797,"data":"0.00s - make the debugger miss breakpoints. Please pass -Xfrozen_modules=off\n"}
,{"stream_name":"stderr","time":6.347618782,"data":"0.00s - to python to disable frozen modules.\n"}
,{"stream_name":"stderr","time":6.347623467,"data":"0.00s - Note: Debugging will proceed. Set PYDEVD_DISABLE_FILE_VALIDATION=1 to disable this validation.\n"}
,{"stream_name":"stderr","time":6.938893817,"data":"0.00s - Debugger warning: It seems that frozen modules are being used, which may\n"}
,{"stream_name":"stderr","time":6.938923691,"data":"0.00s - make the debugger miss breakpoints. Please pass -Xfrozen_modules=off\n"}
,{"stream_name":"stderr","time":6.938928938,"data":"0.00s - to python to disable frozen modules.\n"}
,{"stream_name":"stderr","time":6.938932713,"data":"0.00s - Note: Debugging will proceed. Set PYDEVD_DISABLE_FILE_VALIDATION=1 to disable this validation.\n"}
,{"stream_name":"stdout","time":10.906663831,"data":"Collecting uv==0.8.22\n"}
,{"stream_name":"stdout","time":10.933741313,"data":"  Downloading uv-0.8.22-py3-none-manylinux_2_17_x86_64.manylinux2014_x86_64.whl.metadata (11 kB)\n"}
,{"stream_name":"stdout","time":10.949790904,"data":"Downloading uv-0.8.22-py3-none-manylinux_2_17_x86_64.manylinux2014_x86_64.whl (21.3 MB)\n"}
,{"stream_name":"stdout","time":11.057897696,"data":"   ━━━━━━━━━━━━━━━━━━━━━━━━━━━━━━━━━━━━━━━━ 21.3/21.3 MB 196.0 MB/s eta 0:00:00\n"}
,{"stream_name":"stdout","time":11.130993838,"data":"Installing collected packages: uv\n"}
,{"stream_name":"stdout","time":11.563766816,"data":"Successfully installed uv-0.8.22\n"}
,{"stream_name":"stdout","time":11.818952664,"data":"Downloading cpython-3.11.13-linux-x86_64-gnu (download) (28.8MiB)\n"}
,{"stream_name":"stdout","time":13.089810084,"data":" Downloading cpython-3.11.13-linux-x86_64-gnu (download)\n"}
,{"stream_name":"stdout","time":13.115977125,"data":"Installed Python 3.11.13 in 1.44s\n"}
,{"stream_name":"stdout","time":13.116513117,"data":" + cpython-3.11.13-linux-x86_64-gnu (python3.11)\n"}
,{"stream_name":"stdout","time":13.117409464,"data":"warning: `/tmp/lead_stack_scratch_r1/python_bin` is not on your PATH. To use installed Python executables, run `export PATH=\"/tmp/lead_stack_scratch_r1/python_bin:$PATH\"` or `uv python update-shell`.\n"}
,{"stream_name":"stdout","time":13.299333329,"data":"warning: The `--system` flag has no effect, a system Python interpreter is always used in `uv venv`\n"}
,{"stream_name":"stdout","time":13.300262812,"data":"Using CPython 3.11.13 interpreter at: /tmp/lead_stack_scratch_r1/python/cpython-3.11.13-linux-x86_64-gnu/bin/python3.11\n"}
,{"stream_name":"stdout","time":13.30142786,"data":"Creating virtual environment with seed packages at: /tmp/lead_stack_scratch_r1/venv\n"}
,{"stream_name":"stdout","time":13.524685503,"data":" + packaging==26.3\n"}
,{"stream_name":"stdout","time":13.525949541,"data":" + pip==26.2.1\n"}
,{"stream_name":"stdout","time":13.528173374,"data":" + setuptools==84.0.0\n"}
,{"stream_name":"stdout","time":13.529109526,"data":" + wheel==0.48.0\n"}
,{"stream_name":"stdout","time":13.530037665,"data":"Activate with: source /tmp/lead_stack_scratch_r1/venv/bin/activate\n"}
,{"stream_name":"stdout","time":14.96577432,"data":"Collecting arc-stack @ git+https://github.com/ArcInstitute/stack.git@cacc2e4b09435c3e536d46237d10b50f222dd144 (from -r /tmp/lead_stack_scratch_r1/code/reports/analisi/lead_scientist_2026-09-29/neural/requirements_stack.txt (line 15))\n"}
,{"stream_name":"stdout","time":14.966934083,"data":"  Cloning https://github.com/ArcInstitute/stack.git (to revision cacc2e4b09435c3e536d46237d10b50f222dd144) to /tmp/pip-install-539kldfa/arc-stack_204cbd75e76a4b8bbe59d867bd68383e\n"}
,{"stream_name":"stdout","time":14.98547572,"data":"  Running command git clone --filter=blob:none --quiet https://github.com/ArcInstitute/stack.git /tmp/pip-install-539kldfa/arc-stack_204cbd75e76a4b8bbe59d867bd68383e\n"}
,{"stream_name":"stdout","time":15.904316267,"data":"  Running command git rev-parse -q --verify 'cacc2e4b09435c3e536d46237d10b50f222dd144^{commit}'\n"}
,{"stream_name":"stdout","time":15.90657197,"data":"  cacc2e4b09435c3e536d46237d10b50f222dd144\n"}
,{"stream_name":"stdout","time":15.91025571,"data":"  Resolved https://github.com/ArcInstitute/stack.git to commit cacc2e4b09435c3e536d46237d10b50f222dd144\n"}
,{"stream_name":"stdout","time":15.915932134,"data":"  Installing build dependencies: started\n"}
,{"stream_name":"stdout","time":17.626458879,"data":"  Installing build dependencies: finished with status 'done'\n"}
,{"stream_name":"stdout","time":17.62769874,"data":"  Getting requirements to build wheel: started\n"}
,{"stream_name":"stdout","time":18.136119175,"data":"  Getting requirements to build wheel: finished with status 'done'\n"}
,{"stream_name":"stdout","time":18.137134809,"data":"  Preparing metadata (pyproject.toml): started\n"}
,{"stream_name":"stdout","time":18.34120946,"data":"  Preparing metadata (pyproject.toml): finished with status 'done'\n"}
,{"stream_name":"stdout","time":18.491181052,"data":"Collecting torch==2.5.1 (from -r /tmp/lead_stack_scratch_r1/code/reports/analisi/lead_scientist_2026-09-29/neural/requirements_stack.txt (line 3))\n"}
,{"stream_name":"stdout","time":18.517804938,"data":"  Downloading torch-2.5.1-cp311-cp311-manylinux1_x86_64.whl.metadata (28 kB)\n"}
,{"stream_name":"stdout","time":18.964738577,"data":"Collecting numpy==1.26.4 (from -r /tmp/lead_stack_scratch_r1/code/reports/analisi/lead_scientist_2026-09-29/neural/requirements_stack.txt (line 4))\n"}
,{"stream_name":"stdout","time":18.969797914,"data":"  Downloading numpy-1.26.4-cp311-cp311-manylinux_2_17_x86_64.manylinux2014_x86_64.whl.metadata (61 kB)\n"}
,{"stream_name":"stdout","time":19.26156969,"data":"Collecting scipy==1.14.1 (from -r /tmp/lead_stack_scratch_r1/code/reports/analisi/lead_scientist_2026-09-29/neural/requirements_stack.txt (line 5))\n"}
,{"stream_name":"stdout","time":19.269164546,"data":"  Downloading scipy-1.14.1-cp311-cp311-manylinux_2_17_x86_64.manylinux2014_x86_64.whl.metadata (60 kB)\n"}
,{"stream_name":"stdout","time":19.55766066,"data":"Collecting pandas==2.2.3 (from -r /tmp/lead_stack_scratch_r1/code/reports/analisi/lead_scientist_2026-09-29/neural/requirements_stack.txt (line 6))\n"}
,{"stream_name":"stdout","time":19.564291165,"data":"  Downloading pandas-2.2.3-cp311-cp311-manylinux_2_17_x86_64.manylinux2014_x86_64.whl.metadata (89 kB)\n"}
,{"stream_name":"stdout","time":19.628261669,"data":"Collecting anndata==0.11.4 (from -r /tmp/lead_stack_scratch_r1/code/reports/analisi/lead_scientist_2026-09-29/neural/requirements_stack.txt (line 7))\n"}
,{"stream_name":"stdout","time":19.647920673,"data":"  Downloading anndata-0.11.4-py3-none-any.whl.metadata (9.3 kB)\n"}
,{"stream_name":"stdout","time":19.735695789,"data":"Collecting h5py==3.12.1 (from -r /tmp/lead_stack_scratch_r1/code/reports/analisi/lead_scientist_2026-09-29/neural/requirements_stack.txt (line 8))\n"}
,{"stream_name":"stdout","time":19.741543642,"data":"  Downloading h5py-3.12.1-cp311-cp311-manylinux_2_17_x86_64.manylinux2014_x86_64.whl.metadata (2.5 kB)\n"}
,{"stream_name":"stdout","time":19.791473866,"data":"Collecting pytorch-lightning==2.5.0 (from -r /tmp/lead_stack_scratch_r1/code/reports/analisi/lead_scientist_2026-09-29/neural/requirements_stack.txt (line 9))\n"}
,{"stream_name":"stdout","time":19.796039641,"data":"  Downloading pytorch_lightning-2.5.0-py3-none-any.whl.metadata (21 kB)\n"}
,{"stream_name":"stdout","time":19.837221918,"data":"Collecting scvi-tools==1.2.2 (from -r /tmp/lead_stack_scratch_r1/code/reports/analisi/lead_scientist_2026-09-29/neural/requirements_stack.txt (line 10))\n"}
,{"stream_name":"stdout","time":19.850954528,"data":"  Downloading scvi_tools-1.2.2-py3-none-any.whl.metadata (17 kB)\n"}
,{"stream_name":"stdout","time":19.882814753,"data":"Collecting geomloss==0.2.6 (from -r /tmp/lead_stack_scratch_r1/code/reports/analisi/lead_scientist_2026-09-29/neural/requirements_stack.txt (line 11))\n"}
,{"stream_name":"stdout","time":19.887876701,"data":"  Downloading geomloss-0.2.6.tar.gz (26 kB)\n"}
,{"stream_name":"stdout","time":19.899320193,"data":"  Installing build dependencies: started\n"}
,{"stream_name":"stdout","time":20.971996895,"data":"  Installing build dependencies: finished with status 'done'\n"}
,{"stream_name":"stdout","time":20.972969607,"data":"  Getting requirements to build wheel: started\n"}
,{"stream_name":"stdout","time":21.354034054,"data":"  Getting requirements to build wheel: finished with status 'done'\n"}
,{"stream_name":"stdout","time":21.354417225,"data":"  Preparing metadata (pyproject.toml): started\n"}
,{"stream_name":"stdout","time":21.544791209,"data":"  Preparing metadata (pyproject.toml): finished with status 'done'\n"}
,{"stream_name":"stdout","time":21.683053602,"data":"Collecting wandb==0.19.10 (from -r /tmp/lead_stack_scratch_r1/code/reports/analisi/lead_scientist_2026-09-29/neural/requirements_stack.txt (line 12))\n"}
,{"stream_name":"stdout","time":21.689478754,"data":"  Downloading wandb-0.19.10-py3-none-manylinux_2_17_x86_64.manylinux2014_x86_64.whl.metadata (10 kB)\n"}
,{"stream_name":"stdout","time":21.765653059,"data":"Collecting PyYAML==6.0.2 (from -r /tmp/lead_stack_scratch_r1/code/reports/analisi/lead_scientist_2026-09-29/neural/requirements_stack.txt (line 13))\n"}
,{"stream_name":"stdout","time":21.770364143,"data":"  Downloading PyYAML-6.0.2-cp311-cp311-manylinux_2_17_x86_64.manylinux2014_x86_64.whl.metadata (2.1 kB)\n"}
,{"stream_name":"stdout","time":21.921797233,"data":"Collecting psutil==6.1.1 (from -r /tmp/lead_stack_scratch_r1/code/reports/analisi/lead_scientist_2026-09-29/neural/requirements_stack.txt (line 14))\n"}
,{"stream_name":"stdout","time":21.928411575,"data":"  Downloading psutil-6.1.1-cp36-abi3-manylinux_2_12_x86_64.manylinux2010_x86_64.manylinux_2_17_x86_64.manylinux2014_x86_64.whl.metadata (22 kB)\n"}
,{"stream_name":"stdout","time":21.97747899,"data":"Collecting filelock (from torch==2.5.1-\u003e-r /tmp/lead_stack_scratch_r1/code/reports/analisi/lead_scientist_2026-09-29/neural/requirements_stack.txt (line 3))\n"}
,{"stream_name":"stdout","time":21.982572626,"data":"  Downloading filelock-4.0.6-py3-none-any.whl.metadata (2.0 kB)\n"}
,{"stream_name":"stdout","time":22.003225362,"data":"Collecting typing-extensions\u003e=4.8.0 (from torch==2.5.1-\u003e-r /tmp/lead_stack_scratch_r1/code/reports/analisi/lead_scientist_2026-09-29/neural/requirements_stack.txt (line 3))\n"}
,{"stream_name":"stdout","time":22.008630188,"data":"  Downloading typing_extensions-4.16.0-py3-none-any.whl.metadata (3.3 kB)\n"}
,{"stream_name":"stdout","time":22.041653463,"data":"Collecting networkx (from torch==2.5.1-\u003e-r /tmp/lead_stack_scratch_r1/code/reports/analisi/lead_scientist_2026-09-29/neural/requirements_stack.txt (line 3))\n"}
,{"stream_name":"stdout","time":22.046145523,"data":"  Downloading networkx-3.6.1-py3-none-any.whl.metadata (6.8 kB)\n"}
,{"stream_name":"stdout","time":22.067287276,"data":"Collecting jinja2 (from torch==2.5.1-\u003e-r /tmp/lead_stack_scratch_r1/code/reports/analisi/lead_scientist_2026-09-29/neural/requirements_stack.txt (line 3))\n"}
,{"stream_name":"stdout","time":22.073165762,"data":"  Downloading jinja2-3.1.6-py3-none-any.whl.metadata (2.9 kB)\n"}
,{"stream_name":"stdout","time":22.116268519,"data":"Collecting fsspec (from torch==2.5.1-\u003e-r /tmp/lead_stack_scratch_r1/code/reports/analisi/lead_scientist_2026-09-29/neural/requirements_stack.txt (line 3))\n"}
,{"stream_name":"stdout","time":22.120435717,"data":"  Downloading fsspec-2026.9.0-py3-none-any.whl.metadata (10 kB)\n"}
,{"stream_name":"stdout","time":22.151731282,"data":"Collecting nvidia-cuda-nvrtc-cu12==12.4.127 (from torch==2.5.1-\u003e-r /tmp/lead_stack_scratch_r1/code/reports/analisi/lead_scientist_2026-09-29/neural/requirements_stack.txt (line 3))\n"}
,{"stream_name":"stdout","time":22.156255452,"data":"  Downloading nvidia_cuda_nvrtc_cu12-12.4.127-py3-none-manylinux2014_x86_64.whl.metadata (1.5 kB)\n"}
,{"stream_name":"stdout","time":22.170077643,"data":"Collecting nvidia-cuda-runtime-cu12==12.4.127 (from torch==2.5.1-\u003e-r /tmp/lead_stack_scratch_r1/code/reports/analisi/lead_scientist_2026-09-29/neural/requirements_stack.txt (line 3))\n"}
,{"stream_name":"stdout","time":22.174483434,"data":"  Downloading nvidia_cuda_runtime_cu12-12.4.127-py3-none-manylinux2014_x86_64.whl.metadata (1.5 kB)\n"}
,{"stream_name":"stdout","time":22.187376182,"data":"Collecting nvidia-cuda-cupti-cu12==12.4.127 (from torch==2.5.1-\u003e-r /tmp/lead_stack_scratch_r1/code/reports/analisi/lead_scientist_2026-09-29/neural/requirements_stack.txt (line 3))\n"}
,{"stream_name":"stdout","time":22.193070759,"data":"  Downloading nvidia_cuda_cupti_cu12-12.4.127-py3-none-manylinux2014_x86_64.whl.metadata (1.6 kB)\n"}
,{"stream_name":"stdout","time":22.218889861,"data":"Collecting nvidia-cudnn-cu12==9.1.0.70 (from torch==2.5.1-\u003e-r /tmp/lead_stack_scratch_r1/code/reports/analisi/lead_scientist_2026-09-29/neural/requirements_stack.txt (line 3))\n"}
,{"stream_name":"stdout","time":22.22556465,"data":"  Downloading nvidia_cudnn_cu12-9.1.0.70-py3-none-manylinux2014_x86_64.whl.metadata (1.6 kB)\n"}
,{"stream_name":"stdout","time":22.239657855,"data":"Collecting nvidia-cublas-cu12==12.4.5.8 (from torch==2.5.1-\u003e-r /tmp/lead_stack_scratch_r1/code/reports/analisi/lead_scientist_2026-09-29/neural/requirements_stack.txt (line 3))\n"}
,{"stream_name":"stdout","time":22.245262744,"data":"  Downloading nvidia_cublas_cu12-12.4.5.8-py3-none-manylinux2014_x86_64.whl.metadata (1.5 kB)\n"}
,{"stream_name":"stdout","time":22.259474279,"data":"Collecting nvidia-cufft-cu12==11.2.1.3 (from torch==2.5.1-\u003e-r /tmp/lead_stack_scratch_r1/code/reports/analisi/lead_scientist_2026-09-29/neural/requirements_stack.txt (line 3))\n"}
,{"stream_name":"stdout","time":22.264076044,"data":"  Downloading nvidia_cufft_cu12-11.2.1.3-py3-none-manylinux2014_x86_64.whl.metadata (1.5 kB)\n"}
,{"stream_name":"stdout","time":22.279831931,"data":"Collecting nvidia-curand-cu12==10.3.5.147 (from torch==2.5.1-\u003e-r /tmp/lead_stack_scratch_r1/code/reports/analisi/lead_scientist_2026-09-29/neural/requirements_stack.txt (line 3))\n"}
,{"stream_name":"stdout","time":22.284658264,"data":"  Downloading nvidia_curand_cu12-10.3.5.147-py3-none-manylinux2014_x86_64.whl.metadata (1.5 kB)\n"}
,{"stream_name":"stdout","time":22.299493646,"data":"Collecting nvidia-cusolver-cu12==11.6.1.9 (from torch==2.5.1-\u003e-r /tmp/lead_stack_scratch_r1/code/reports/analisi/lead_scientist_2026-09-29/neural/requirements_stack.txt (line 3))\n"}
,{"stream_name":"stdout","time":22.305302133,"data":"  Downloading nvidia_cusolver_cu12-11.6.1.9-py3-none-manylinux2014_x86_64.whl.metadata (1.6 kB)\n"}
,{"stream_name":"stdout","time":22.321563798,"data":"Collecting nvidia-cusparse-cu12==12.3.1.170 (from torch==2.5.1-\u003e-r /tmp/lead_stack_scratch_r1/code/reports/analisi/lead_scientist_2026-09-29/neural/requirements_stack.txt (line 3))\n"}
,{"stream_name":"stdout","time":22.326655849,"data":"  Downloading nvidia_cusparse_cu12-12.3.1.170-py3-none-manylinux2014_x86_64.whl.metadata (1.6 kB)\n"}
,{"stream_name":"stdout","time":22.34174352,"data":"Collecting nvidia-nccl-cu12==2.21.5 (from torch==2.5.1-\u003e-r /tmp/lead_stack_scratch_r1/code/reports/analisi/lead_scientist_2026-09-29/neural/requirements_stack.txt (line 3))\n"}
,{"stream_name":"stdout","time":22.34738955,"data":"  Downloading nvidia_nccl_cu12-2.21.5-py3-none-manylinux2014_x86_64.whl.metadata (1.8 kB)\n"}
,{"stream_name":"stdout","time":22.361758018,"data":"Collecting nvidia-nvtx-cu12==12.4.127 (from torch==2.5.1-\u003e-r /tmp/lead_stack_scratch_r1/code/reports/analisi/lead_scientist_2026-09-29/neural/requirements_stack.txt (line 3))\n"}
,{"stream_name":"stdout","time":22.36679405,"data":"  Downloading nvidia_nvtx_cu12-12.4.127-py3-none-manylinux2014_x86_64.whl.metadata (1.7 kB)\n"}
,{"stream_name":"stdout","time":22.382310289,"data":"Collecting nvidia-nvjitlink-cu12==12.4.127 (from torch==2.5.1-\u003e-r /tmp/lead_stack_scratch_r1/code/reports/analisi/lead_scientist_2026-09-29/neural/requirements_stack.txt (line 3))\n"}
,{"stream_name":"stdout","time":22.387783205,"data":"  Downloading nvidia_nvjitlink_cu12-12.4.127-py3-none-manylinux2014_x86_64.whl.metadata (1.5 kB)\n"}
,{"stream_name":"stdout","time":22.417714003,"data":"Collecting triton==3.1.0 (from torch==2.5.1-\u003e-r /tmp/lead_stack_scratch_r1/code/reports/analisi/lead_scientist_2026-09-29/neural/requirements_stack.txt (line 3))\n"}
,{"stream_name":"stdout","time":22.425952227,"data":"  Downloading triton-3.1.0-cp311-cp311-manylinux_2_17_x86_64.manylinux2014_x86_64.whl.metadata (1.3 kB)\n"}
,{"stream_name":"stdout","time":22.44849815,"data":"Collecting sympy==1.13.1 (from torch==2.5.1-\u003e-r /tmp/lead_stack_scratch_r1/code/reports/analisi/lead_scientist_2026-09-29/neural/requirements_stack.txt (line 3))\n"}
,{"stream_name":"stdout","time":22.45402625,"data":"  Downloading sympy-1.13.1-py3-none-any.whl.metadata (12 kB)\n"}
,{"stream_name":"stdout","time":22.499769015,"data":"Collecting python-dateutil\u003e=2.8.2 (from pandas==2.2.3-\u003e-r /tmp/lead_stack_scratch_r1/code/reports/analisi/lead_scientist_2026-09-29/neural/requirements_stack.txt (line 6))\n"}
,{"stream_name":"stdout","time":22.504380567,"data":"  Downloading python_dateutil-2.9.0.post0-py2.py3-none-any.whl.metadata (8.4 kB)\n"}
,{"stream_name":"stdout","time":22.585906984,"data":"Collecting pytz\u003e=2020.1 (from pandas==2.2.3-\u003e-r /tmp/lead_stack_scratch_r1/code/reports/analisi/lead_scientist_2026-09-29/neural/requirements_stack.txt (line 6))\n"}
,{"stream_name":"stdout","time":22.590356108,"data":"  Downloading pytz-2026.4-py2.py3-none-any.whl.metadata (22 kB)\n"}
,{"stream_name":"stdout","time":22.60780143,"data":"Collecting tzdata\u003e=2022.7 (from pandas==2.2.3-\u003e-r /tmp/lead_stack_scratch_r1/code/reports/analisi/lead_scientist_2026-09-29/neural/requirements_stack.txt (line 6))\n"}
,{"stream_name":"stdout","time":22.612147682,"data":"  Downloading tzdata-2026.4-py2.py3-none-any.whl.metadata (1.4 kB)\n"}
,{"stream_name":"stdout","time":22.626703314,"data":"Collecting array-api-compat!=1.5,\u003e1.4 (from anndata==0.11.4-\u003e-r /tmp/lead_stack_scratch_r1/code/reports/analisi/lead_scientist_2026-09-29/neural/requirements_stack.txt (line 7))\n"}
,{"stream_name":"stdout","time":22.631831585,"data":"  Downloading array_api_compat-1.15.0-py3-none-any.whl.metadata (1.4 kB)\n"}
,{"stream_name":"stdout","time":22.656406296,"data":"Collecting natsort (from anndata==0.11.4-\u003e-r /tmp/lead_stack_scratch_r1/code/reports/analisi/lead_scientist_2026-09-29/neural/requirements_stack.txt (line 7))\n"}
,{"stream_name":"stdout","time":22.660732748,"data":"  Downloading natsort-8.4.0-py3-none-any.whl.metadata (21 kB)\n"}
,{"stream_name":"stdout","time":22.665387793,"data":"Requirement already satisfied: packaging\u003e=24.2 in /tmp/lead_stack_scratch_r1/venv/lib/python3.11/site-packages (from anndata==0.11.4-\u003e-r /tmp/lead_stack_scratch_r1/code/reports/analisi/lead_scientist_2026-09-29/neural/requirements_stack.txt (line 7)) (26.3)\n"}
,{"stream_name":"stdout","time":22.711404065,"data":"Collecting tqdm\u003e=4.57.0 (from pytorch-lightning==2.5.0-\u003e-r /tmp/lead_stack_scratch_r1/code/reports/analisi/lead_scientist_2026-09-29/neural/requirements_stack.txt (line 9))\n"}
,{"stream_name":"stdout","time":22.71821712,"data":"  Downloading tqdm-4.70.1-py3-none-any.whl.metadata (57 kB)\n"}
,{"stream_name":"stdout","time":22.750695576,"data":"Collecting torchmetrics\u003e=0.7.0 (from pytorch-lightning==2.5.0-\u003e-r /tmp/lead_stack_scratch_r1/code/reports/analisi/lead_scientist_2026-09-29/neural/requirements_stack.txt (line 9))\n"}
,{"stream_name":"stdout","time":22.755404972,"data":"  Downloading torchmetrics-1.9.0-py3-none-any.whl.metadata (23 kB)\n"}
,{"stream_name":"stdout","time":22.789303246,"data":"Collecting lightning-utilities\u003e=0.10.0 (from pytorch-lightning==2.5.0-\u003e-r /tmp/lead_stack_scratch_r1/code/reports/analisi/lead_scientist_2026-09-29/neural/requirements_stack.txt (line 9))\n"}
,{"stream_name":"stdout","time":22.794692722,"data":"  Downloading lightning_utilities-0.15.3-py3-none-any.whl.metadata (5.5 kB)\n"}
,{"stream_name":"stdout","time":22.810025231,"data":"Collecting docrep\u003e=0.3.2 (from scvi-tools==1.2.2-\u003e-r /tmp/lead_stack_scratch_r1/code/reports/analisi/lead_scientist_2026-09-29/neural/requirements_stack.txt (line 10))\n"}
,{"stream_name":"stdout","time":22.816375935,"data":"  Downloading docrep-0.3.2.tar.gz (33 kB)\n"}
,{"stream_name":"stdout","time":22.829721035,"data":"  Installing build dependencies: started\n"}
,{"stream_name":"stdout","time":23.885346283,"data":"  Installing build dependencies: finished with status 'done'\n"}
,{"stream_name":"stdout","time":23.886193212,"data":"  Getting requirements to build wheel: started\n"}
,{"stream_name":"stdout","time":24.236205818,"data":"  Getting requirements to build wheel: finished with status 'done'\n"}
,{"stream_name":"stdout","time":24.237212321,"data":"  Preparing metadata (pyproject.toml): started\n"}
,{"stream_name":"stdout","time":24.426105678,"data":"  Preparing metadata (pyproject.toml): finished with status 'done'\n"}
,{"stream_name":"stdout","time":24.454309015,"data":"Collecting flax (from scvi-tools==1.2.2-\u003e-r /tmp/lead_stack_scratch_r1/code/reports/analisi/lead_scientist_2026-09-29/neural/requirements_stack.txt (line 10))\n"}
,{"stream_name":"stdout","time":24.461710363999998,"data":"  Downloading flax-0.12.8-py3-none-any.whl.metadata (11 kB)\n"}
,{"stream_name":"stdout","time":24.504100228,"data":"Collecting jax (from scvi-tools==1.2.2-\u003e-r /tmp/lead_stack_scratch_r1/code/reports/analisi/lead_scientist_2026-09-29/neural/requirements_stack.txt (line 10))\n"}
,{"stream_name":"stdout","time":24.511379132,"data":"  Downloading jax-0.10.2-py3-none-any.whl.metadata (13 kB)\n"}
,{"stream_name":"stdout","time":24.608683995,"data":"Collecting jaxlib (from scvi-tools==1.2.2-\u003e-r /tmp/lead_stack_scratch_r1/code/reports/analisi/lead_scientist_2026-09-29/neural/requirements_stack.txt (line 10))\n"}
,{"stream_name":"stdout","time":24.617786465000002,"data":"  Downloading jaxlib-0.10.2-cp311-cp311-manylinux_2_27_x86_64.whl.metadata (1.3 kB)\n"}
,{"stream_name":"stdout","time":24.663870955,"data":"Collecting lightning\u003e=2.0 (from scvi-tools==1.2.2-\u003e-r /tmp/lead_stack_scratch_r1/code/reports/analisi/lead_scientist_2026-09-29/neural/requirements_stack.txt (line 10))\n"}
,{"stream_name":"stdout","time":24.669455888,"data":"  Downloading lightning-2.6.6-py3-none-any.whl.metadata (45 kB)\n"}
,{"stream_name":"stdout","time":24.72115203,"data":"Collecting ml-collections\u003e=0.1.1 (from scvi-tools==1.2.2-\u003e-r /tmp/lead_stack_scratch_r1/code/reports/analisi/lead_scientist_2026-09-29/neural/requirements_stack.txt (line 10))\n"}
,{"stream_name":"stdout","time":24.725823198,"data":"  Downloading ml_collections-1.1.0-py3-none-any.whl.metadata (22 kB)\n"}
,{"stream_name":"stdout","time":24.741803919,"data":"Collecting mudata\u003e=0.1.2 (from scvi-tools==1.2.2-\u003e-r /tmp/lead_stack_scratch_r1/code/reports/analisi/lead_scientist_2026-09-29/neural/requirements_stack.txt (line 10))\n"}
,{"stream_name":"stdout","time":24.747111592,"data":"  Downloading mudata-0.3.10-py3-none-any.whl.metadata (10 kB)\n"}
,{"stream_name":"stdout","time":24.96964588,"data":"Collecting numba\u003e=0.60.0 (from scvi-tools==1.2.2-\u003e-r /tmp/lead_stack_scratch_r1/code/reports/analisi/lead_scientist_2026-09-29/neural/requirements_stack.txt (line 10))\n"}
,{"stream_name":"stdout","time":24.975108226,"data":"  Downloading numba-0.67.0-cp311-cp311-manylinux2014_x86_64.manylinux_2_17_x86_64.whl.metadata (2.7 kB)\n"}
,{"stream_name":"stdout","time":24.992256337,"data":"Collecting numpyro\u003e=0.12.1 (from scvi-tools==1.2.2-\u003e-r /tmp/lead_stack_scratch_r1/code/reports/analisi/lead_scientist_2026-09-29/neural/requirements_stack.txt (line 10))\n"}
,{"stream_name":"stdout","time":24.998786571,"data":"  Downloading numpyro-0.22.0-py3-none-any.whl.metadata (36 kB)\n"}
,{"stream_name":"stdout","time":25.014504494,"data":"Collecting optax (from scvi-tools==1.2.2-\u003e-r /tmp/lead_stack_scratch_r1/code/reports/analisi/lead_scientist_2026-09-29/neural/requirements_stack.txt (line 10))\n"}
,{"stream_name":"stdout","time":25.018969008,"data":"  Downloading optax-0.2.8-py3-none-any.whl.metadata (7.9 kB)\n"}
,{"stream_name":"stdout","time":25.038695603,"data":"Collecting pyro-ppl\u003e=1.6.0 (from scvi-tools==1.2.2-\u003e-r /tmp/lead_stack_scratch_r1/code/reports/analisi/lead_scientist_2026-09-29/neural/requirements_stack.txt (line 10))\n"}
,{"stream_name":"stdout","time":25.047361553000002,"data":"  Downloading pyro_ppl-1.9.1-py3-none-any.whl.metadata (7.8 kB)\n"}
,{"stream_name":"stdout","time":25.102880045,"data":"Collecting rich\u003e=12.0.0 (from scvi-tools==1.2.2-\u003e-r /tmp/lead_stack_scratch_r1/code/reports/analisi/lead_scientist_2026-09-29/neural/requirements_stack.txt (line 10))\n"}
,{"stream_name":"stdout","time":25.107361981,"data":"  Downloading rich-15.0.0-py3-none-any.whl.metadata (18 kB)\n"}
,{"stream_name":"stdout","time":25.286888749,"data":"Collecting scikit-learn\u003e=0.21.2 (from scvi-tools==1.2.2-\u003e-r /tmp/lead_stack_scratch_r1/code/reports/analisi/lead_scientist_2026-09-29/neural/requirements_stack.txt (line 10))\n"}
,{"stream_name":"stdout","time":25.291610754,"data":"  Downloading scikit_learn-1.9.1-cp311-cp311-manylinux_2_27_x86_64.manylinux_2_28_x86_64.whl.metadata (9.3 kB)\n"}
,{"stream_name":"stdout","time":25.346265125,"data":"Collecting sparse\u003e=0.14.0 (from scvi-tools==1.2.2-\u003e-r /tmp/lead_stack_scratch_r1/code/reports/analisi/lead_scientist_2026-09-29/neural/requirements_stack.txt (line 10))\n"}
,{"stream_name":"stdout","time":25.353632466,"data":"  Downloading sparse-0.19.2-py2.py3-none-any.whl.metadata (5.3 kB)\n"}
,{"stream_name":"stdout","time":25.378078568,"data":"Collecting tensorboard\u003e=2.0 (from scvi-tools==1.2.2-\u003e-r /tmp/lead_stack_scratch_r1/code/reports/analisi/lead_scientist_2026-09-29/neural/requirements_stack.txt (line 10))\n"}
,{"stream_name":"stdout","time":25.385057711,"data":"  Downloading tensorboard-2.21.0-py3-none-any.whl.metadata (1.8 kB)\n"}
,{"stream_name":"stdout","time":25.419746736,"data":"Collecting xarray\u003e=2023.2.0 (from scvi-tools==1.2.2-\u003e-r /tmp/lead_stack_scratch_r1/code/reports/analisi/lead_scientist_2026-09-29/neural/requirements_stack.txt (line 10))\n"}
,{"stream_name":"stdout","time":25.425502957,"data":"  Downloading xarray-2026.7.0-py3-none-any.whl.metadata (12 kB)\n"}
,{"stream_name":"stdout","time":25.452016406,"data":"Collecting click!=8.0.0,\u003e=7.1 (from wandb==0.19.10-\u003e-r /tmp/lead_stack_scratch_r1/code/reports/analisi/lead_scientist_2026-09-29/neural/requirements_stack.txt (line 12))\n"}
,{"stream_name":"stdout","time":25.458353435,"data":"  Downloading click-8.5.0-py3-none-any.whl.metadata (2.6 kB)\n"}
,{"stream_name":"stdout","time":25.467622222,"data":"Collecting docker-pycreds\u003e=0.4.0 (from wandb==0.19.10-\u003e-r /tmp/lead_stack_scratch_r1/code/reports/analisi/lead_scientist_2026-09-29/neural/requirements_stack.txt (line 12))\n"}
,{"stream_name":"stdout","time":25.473637336,"data":"  Downloading docker_pycreds-0.4.0-py2.py3-none-any.whl.metadata (1.8 kB)\n"}
,{"stream_name":"stdout","time":25.506580946,"data":"Collecting gitpython!=3.1.29,\u003e=1.0.0 (from wandb==0.19.10-\u003e-r /tmp/lead_stack_scratch_r1/code/reports/analisi/lead_scientist_2026-09-29/neural/requirements_stack.txt (line 12))\n"}
,{"stream_name":"stdout","time":25.510691955,"data":"  Downloading gitpython-3.1.62-py3-none-any.whl.metadata (13 kB)\n"}
,{"stream_name":"stdout","time":25.541316365,"data":"Collecting platformdirs (from wandb==0.19.10-\u003e-r /tmp/lead_stack_scratch_r1/code/reports/analisi/lead_scientist_2026-09-29/neural/requirements_stack.txt (line 12))\n"}
,{"stream_name":"stdout","time":25.545723777,"data":"  Downloading platformdirs-4.12.2-py3-none-any.whl.metadata (5.5 kB)\n"}
,{"stream_name":"stdout","time":25.873190554,"data":"Collecting protobuf!=4.21.0,!=5.28.0,\u003c7,\u003e=3.19.0 (from wandb==0.19.10-\u003e-r /tmp/lead_stack_scratch_r1/code/reports/analisi/lead_scientist_2026-09-29/neural/requirements_stack.txt (line 12))\n"}
,{"stream_name":"stdout","time":25.877261868,"data":"  Downloading protobuf-6.33.6-cp39-abi3-manylinux2014_x86_64.whl.metadata (593 bytes)\n"}
,{"stream_name":"stdout","time":26.103174459,"data":"Collecting pydantic\u003c3 (from wandb==0.19.10-\u003e-r /tmp/lead_stack_scratch_r1/code/reports/analisi/lead_scientist_2026-09-29/neural/requirements_stack.txt (line 12))\n"}
,{"stream_name":"stdout","time":26.107880484,"data":"  Downloading pydantic-2.13.5-py3-none-any.whl.metadata (110 kB)\n"}
,{"stream_name":"stdout","time":26.149792249,"data":"Collecting requests\u003c3,\u003e=2.0.0 (from wandb==0.19.10-\u003e-r /tmp/lead_stack_scratch_r1/code/reports/analisi/lead_scientist_2026-09-29/neural/requirements_stack.txt (line 12))\n"}
,{"stream_name":"stdout","time":26.154278821,"data":"  Downloading requests-2.34.2-py3-none-any.whl.metadata (4.8 kB)\n"}
,{"stream_name":"stdout","time":26.238425599,"data":"Collecting sentry-sdk\u003e=2.0.0 (from wandb==0.19.10-\u003e-r /tmp/lead_stack_scratch_r1/code/reports/analisi/lead_scientist_2026-09-29/neural/requirements_stack.txt (line 12))\n"}
,{"stream_name":"stdout","time":26.242723751,"data":"  Downloading sentry_sdk-2.71.0-py3-none-any.whl.metadata (11 kB)\n"}
,{"stream_name":"stdout","time":26.341497739,"data":"Collecting setproctitle (from wandb==0.19.10-\u003e-r /tmp/lead_stack_scratch_r1/code/reports/analisi/lead_scientist_2026-09-29/neural/requirements_stack.txt (line 12))\n"}
,{"stream_name":"stdout","time":26.348623805,"data":"  Downloading setproctitle-1.3.7-cp311-cp311-manylinux1_x86_64.manylinux_2_28_x86_64.manylinux_2_5_x86_64.whl.metadata (10 kB)\n"}
,{"stream_name":"stdout","time":26.351797024,"data":"Requirement already satisfied: setuptools in /tmp/lead_stack_scratch_r1/venv/lib/python3.11/site-packages (from wandb==0.19.10-\u003e-r /tmp/lead_stack_scratch_r1/code/reports/analisi/lead_scientist_2026-09-29/neural/requirements_stack.txt (line 12)) (84.0.0)\n"}
,{"stream_name":"stdout","time":26.378306301,"data":"Collecting mpmath\u003c1.4,\u003e=1.1.0 (from sympy==1.13.1-\u003etorch==2.5.1-\u003e-r /tmp/lead_stack_scratch_r1/code/reports/analisi/lead_scientist_2026-09-29/neural/requirements_stack.txt (line 3))\n"}
,{"stream_name":"stdout","time":26.383112619,"data":"  Downloading mpmath-1.3.0-py3-none-any.whl.metadata (8.6 kB)\n"}
,{"stream_name":"stdout","time":26.39605384,"data":"Collecting annotated-types\u003e=0.6.0 (from pydantic\u003c3-\u003ewandb==0.19.10-\u003e-r /tmp/lead_stack_scratch_r1/code/reports/analisi/lead_scientist_2026-09-29/neural/requirements_stack.txt (line 12))\n"}
,{"stream_name":"stdout","time":26.400637716,"data":"  Downloading annotated_types-0.8.0-py3-none-any.whl.metadata (15 kB)\n"}
,{"stream_name":"stdout","time":28.174216407,"data":"Collecting pydantic-core==2.46.5 (from pydantic\u003c3-\u003ewandb==0.19.10-\u003e-r /tmp/lead_stack_scratch_r1/code/reports/analisi/lead_scientist_2026-09-29/neural/requirements_stack.txt (line 12))\n"}
,{"stream_name":"stdout","time":28.178590838,"data":"  Downloading pydantic_core-2.46.5-cp311-cp311-manylinux_2_17_x86_64.manylinux2014_x86_64.whl.metadata (6.6 kB)\n"}
,{"stream_name":"stdout","time":28.189886651,"data":"Collecting typing-inspection\u003e=0.4.2 (from pydantic\u003c3-\u003ewandb==0.19.10-\u003e-r /tmp/lead_stack_scratch_r1/code/reports/analisi/lead_scientist_2026-09-29/neural/requirements_stack.txt (line 12))\n"}
,{"stream_name":"stdout","time":28.194817889,"data":"  Downloading typing_inspection-0.4.4-py3-none-any.whl.metadata (2.6 kB)\n"}
,{"stream_name":"stdout","time":28.457774267,"data":"Collecting charset_normalizer\u003c4,\u003e=2 (from requests\u003c3,\u003e=2.0.0-\u003ewandb==0.19.10-\u003e-r /tmp/lead_stack_scratch_r1/code/reports/analisi/lead_scientist_2026-09-29/neural/requirements_stack.txt (line 12))\n"}
,{"stream_name":"stdout","time":28.462335521,"data":"  Downloading charset_normalizer-3.5.1-cp311-cp311-manylinux2014_x86_64.manylinux_2_17_x86_64.manylinux_2_28_x86_64.whl.metadata (45 kB)\n"}
,{"stream_name":"stdout","time":28.481793442,"data":"Collecting idna\u003c4,\u003e=2.5 (from requests\u003c3,\u003e=2.0.0-\u003ewandb==0.19.10-\u003e-r /tmp/lead_stack_scratch_r1/code/reports/analisi/lead_scientist_2026-09-29/neural/requirements_stack.txt (line 12))\n"}
,{"stream_name":"stdout","time":28.486659249,"data":"  Downloading idna-3.20-py3-none-any.whl.metadata (7.2 kB)\n"}
,{"stream_name":"stdout","time":28.518491661,"data":"Collecting urllib3\u003c3,\u003e=1.26 (from requests\u003c3,\u003e=2.0.0-\u003ewandb==0.19.10-\u003e-r /tmp/lead_stack_scratch_r1/code/reports/analisi/lead_scientist_2026-09-29/neural/requirements_stack.txt (line 12))\n"}
,{"stream_name":"stdout","time":28.523599063,"data":"  Downloading urllib3-2.8.0-py3-none-any.whl.metadata (7.4 kB)\n"}
,{"stream_name":"stdout","time":28.548581853,"data":"Collecting certifi\u003e=2023.5.7 (from requests\u003c3,\u003e=2.0.0-\u003ewandb==0.19.10-\u003e-r /tmp/lead_stack_scratch_r1/code/reports/analisi/lead_scientist_2026-09-29/neural/requirements_stack.txt (line 12))\n"}
,{"stream_name":"stdout","time":28.553061042,"data":"  Downloading certifi-2026.7.22-py3-none-any.whl.metadata (2.5 kB)\n"}
,{"stream_name":"stdout","time":28.572814884,"data":"Collecting six\u003e=1.4.0 (from docker-pycreds\u003e=0.4.0-\u003ewandb==0.19.10-\u003e-r /tmp/lead_stack_scratch_r1/code/reports/analisi/lead_scientist_2026-09-29/neural/requirements_stack.txt (line 12))\n"}
,{"stream_name":"stdout","time":28.577828955,"data":"  Downloading six-1.17.0-py2.py3-none-any.whl.metadata (1.7 kB)\n"}
,{"stream_name":"stdout","time":29.833699904,"data":"Collecting aiohttp!=4.0.0a0,!=4.0.0a1 (from fsspec[http]\u003e=2022.5.0-\u003epytorch-lightning==2.5.0-\u003e-r /tmp/lead_stack_scratch_r1/code/reports/analisi/lead_scientist_2026-09-29/neural/requirements_stack.txt (line 9))\n"}
,{"stream_name":"stdout","time":29.838847435,"data":"  Downloading aiohttp-3.14.3-cp311-cp311-manylinux2014_x86_64.manylinux_2_17_x86_64.manylinux_2_28_x86_64.whl.metadata (8.3 kB)\n"}
,{"stream_name":"stdout","time":29.858519645,"data":"Collecting aiohappyeyeballs\u003e=2.5.0 (from aiohttp!=4.0.0a0,!=4.0.0a1-\u003efsspec[http]\u003e=2022.5.0-\u003epytorch-lightning==2.5.0-\u003e-r /tmp/lead_stack_scratch_r1/code/reports/analisi/lead_scientist_2026-09-29/neural/requirements_stack.txt (line 9))\n"}
,{"stream_name":"stdout","time":29.862827812,"data":"  Downloading aiohappyeyeballs-2.7.1-py3-none-any.whl.metadata (5.9 kB)\n"}
,{"stream_name":"stdout","time":29.872354811,"data":"Collecting aiosignal\u003e=1.4.0 (from aiohttp!=4.0.0a0,!=4.0.0a1-\u003efsspec[http]\u003e=2022.5.0-\u003epytorch-lightning==2.5.0-\u003e-r /tmp/lead_stack_scratch_r1/code/reports/analisi/lead_scientist_2026-09-29/neural/requirements_stack.txt (line 9))\n"}
,{"stream_name":"stdout","time":29.876928072,"data":"  Downloading aiosignal-1.4.0-py3-none-any.whl.metadata (3.7 kB)\n"}
,{"stream_name":"stdout","time":29.89236911,"data":"Collecting attrs\u003e=17.3.0 (from aiohttp!=4.0.0a0,!=4.0.0a1-\u003efsspec[http]\u003e=2022.5.0-\u003epytorch-lightning==2.5.0-\u003e-r /tmp/lead_stack_scratch_r1/code/reports/analisi/lead_scientist_2026-09-29/neural/requirements_stack.txt (line 9))\n"}
,{"stream_name":"stdout","time":29.897252942,"data":"  Downloading attrs-26.1.0-py3-none-any.whl.metadata (8.8 kB)\n"}
,{"stream_name":"stdout","time":30.03430192,"data":"Collecting frozenlist\u003e=1.1.1 (from aiohttp!=4.0.0a0,!=4.0.0a1-\u003efsspec[http]\u003e=2022.5.0-\u003epytorch-lightning==2.5.0-\u003e-r /tmp/lead_stack_scratch_r1/code/reports/analisi/lead_scientist_2026-09-29/neural/requirements_stack.txt (line 9))\n"}
,{"stream_name":"stdout","time":30.039427365,"data":"  Downloading frozenlist-1.8.0-cp311-cp311-manylinux1_x86_64.manylinux_2_28_x86_64.manylinux_2_5_x86_64.whl.metadata (20 kB)\n"}
,{"stream_name":"stdout","time":30.596799177,"data":"Collecting multidict\u003c7.0,\u003e=4.5 (from aiohttp!=4.0.0a0,!=4.0.0a1-\u003efsspec[http]\u003e=2022.5.0-\u003epytorch-lightning==2.5.0-\u003e-r /tmp/lead_stack_scratch_r1/code/reports/analisi/lead_scientist_2026-09-29/neural/requirements_stack.txt (line 9))\n"}
,{"stream_name":"stdout","time":30.603243748,"data":"  Downloading multidict-6.9.1-cp311-cp311-manylinux2014_x86_64.manylinux_2_17_x86_64.manylinux_2_28_x86_64.whl.metadata (5.3 kB)\n"}
,{"stream_name":"stdout","time":30.750351301,"data":"Collecting propcache\u003e=0.2.0 (from aiohttp!=4.0.0a0,!=4.0.0a1-\u003efsspec[http]\u003e=2022.5.0-\u003epytorch-lightning==2.5.0-\u003e-r /tmp/lead_stack_scratch_r1/code/reports/analisi/lead_scientist_2026-09-29/neural/requirements_stack.txt (line 9))\n"}
,{"stream_name":"stdout","time":30.754871812,"data":"  Downloading propcache-0.5.4-cp311-cp311-manylinux2014_x86_64.manylinux_2_17_x86_64.manylinux_2_28_x86_64.whl.metadata (25 kB)\n"}
,{"stream_name":"stdout","time":31.432088831,"data":"Collecting yarl\u003c2.0,\u003e=1.17.0 (from aiohttp!=4.0.0a0,!=4.0.0a1-\u003efsspec[http]\u003e=2022.5.0-\u003epytorch-lightning==2.5.0-\u003e-r /tmp/lead_stack_scratch_r1/code/reports/analisi/lead_scientist_2026-09-29/neural/requirements_stack.txt (line 9))\n"}
,{"stream_name":"stdout","time":31.440998287,"data":"  Downloading yarl-1.25.1-cp311-cp311-manylinux2014_x86_64.manylinux_2_17_x86_64.manylinux_2_28_x86_64.whl.metadata (111 kB)\n"}
,{"stream_name":"stdout","time":31.473947408,"data":"Collecting gitdb\u003c5,\u003e=4.0.1 (from gitpython!=3.1.29,\u003e=1.0.0-\u003ewandb==0.19.10-\u003e-r /tmp/lead_stack_scratch_r1/code/reports/analisi/lead_scientist_2026-09-29/neural/requirements_stack.txt (line 12))\n"}
,{"stream_name":"stdout","time":31.479231641,"data":"  Downloading gitdb-4.0.12-py3-none-any.whl.metadata (1.2 kB)\n"}
,{"stream_name":"stdout","time":31.493512847,"data":"Collecting smmap\u003c6,\u003e=3.0.1 (from gitdb\u003c5,\u003e=4.0.1-\u003egitpython!=3.1.29,\u003e=1.0.0-\u003ewandb==0.19.10-\u003e-r /tmp/lead_stack_scratch_r1/code/reports/analisi/lead_scientist_2026-09-29/neural/requirements_stack.txt (line 12))\n"}
,{"stream_name":"stdout","time":31.498648588000002,"data":"  Downloading smmap-5.0.3-py3-none-any.whl.metadata (4.6 kB)\n"}
,{"stream_name":"stdout","time":31.536447476,"data":"Collecting absl-py (from ml-collections\u003e=0.1.1-\u003escvi-tools==1.2.2-\u003e-r /tmp/lead_stack_scratch_r1/code/reports/analisi/lead_scientist_2026-09-29/neural/requirements_stack.txt (line 10))\n"}
,{"stream_name":"stdout","time":31.54145338,"data":"  Downloading absl_py-2.5.0-py3-none-any.whl.metadata (3.3 kB)\n"}
,{"stream_name":"stdout","time":31.560004196,"data":"Collecting scverse-misc\u003c=0.1.1,\u003e=0.0.3 (from mudata\u003e=0.1.2-\u003escvi-tools==1.2.2-\u003e-r /tmp/lead_stack_scratch_r1/code/reports/analisi/lead_scientist_2026-09-29/neural/requirements_stack.txt (line 10))\n"}
,{"stream_name":"stdout","time":31.569721205,"data":"  Downloading scverse_misc-0.0.3-py3-none-any.whl.metadata (4.4 kB)\n"}
,{"stream_name":"stdout","time":31.58562013,"data":"Collecting session-info2 (from mudata\u003e=0.1.2-\u003escvi-tools==1.2.2-\u003e-r /tmp/lead_stack_scratch_r1/code/reports/analisi/lead_scientist_2026-09-29/neural/requirements_stack.txt (line 10))\n"}
,{"stream_name":"stdout","time":31.591148748,"data":"  Downloading session_info2-0.4.1-py3-none-any.whl.metadata (2.5 kB)\n"}
,{"stream_name":"stdout","time":31.705445818,"data":"Collecting llvmlite\u003c0.50,\u003e=0.49.0dev0 (from numba\u003e=0.60.0-\u003escvi-tools==1.2.2-\u003e-r /tmp/lead_stack_scratch_r1/code/reports/analisi/lead_scientist_2026-09-29/neural/requirements_stack.txt (line 10))\n"}
,{"stream_name":"stdout","time":31.713364764,"data":"  Downloading llvmlite-0.49.0-cp311-cp311-manylinux2014_x86_64.manylinux_2_17_x86_64.whl.metadata (5.0 kB)\n"}
,{"stream_name":"stdout","time":31.728438342,"data":"Collecting multipledispatch (from numpyro\u003e=0.12.1-\u003escvi-tools==1.2.2-\u003e-r /tmp/lead_stack_scratch_r1/code/reports/analisi/lead_scientist_2026-09-29/neural/requirements_stack.txt (line 10))\n"}
,{"stream_name":"stdout","time":31.736005098,"data":"  Downloading multipledispatch-1.0.0-py3-none-any.whl.metadata (3.8 kB)\n"}
,{"stream_name":"stdout","time":31.783601681,"data":"Collecting ml_dtypes\u003e=0.5.0 (from jax-\u003escvi-tools==1.2.2-\u003e-r /tmp/lead_stack_scratch_r1/code/reports/analisi/lead_scientist_2026-09-29/neural/requirements_stack.txt (line 10))\n"}
,{"stream_name":"stdout","time":31.791450927,"data":"  Downloading ml_dtypes-0.6.0-cp311-cp311-manylinux_2_27_x86_64.manylinux_2_28_x86_64.whl.metadata (8.8 kB)\n"}
,{"stream_name":"stdout","time":31.795652237,"data":"INFO: pip is looking at multiple versions of jax to determine which version is compatible with other requirements. This could take a while.\n"}
,{"stream_name":"stdout","time":31.796535344,"data":"Collecting jax (from scvi-tools==1.2.2-\u003e-r /tmp/lead_stack_scratch_r1/code/reports/analisi/lead_scientist_2026-09-29/neural/requirements_stack.txt (line 10))\n"}
,{"stream_name":"stdout","time":31.802923328,"data":"  Downloading jax-0.10.1-py3-none-any.whl.metadata (13 kB)\n"}
,{"stream_name":"stdout","time":31.8085354,"data":"Collecting jaxlib (from scvi-tools==1.2.2-\u003e-r /tmp/lead_stack_scratch_r1/code/reports/analisi/lead_scientist_2026-09-29/neural/requirements_stack.txt (line 10))\n"}
,{"stream_name":"stdout","time":31.81434059,"data":"  Downloading jaxlib-0.10.1-cp311-cp311-manylinux_2_27_x86_64.whl.metadata (1.3 kB)\n"}
,{"stream_name":"stdout","time":31.816953594,"data":"Collecting jax (from scvi-tools==1.2.2-\u003e-r /tmp/lead_stack_scratch_r1/code/reports/analisi/lead_scientist_2026-09-29/neural/requirements_stack.txt (line 10))\n"}
,{"stream_name":"stdout","time":31.822361813,"data":"  Downloading jax-0.10.0-py3-none-any.whl.metadata (13 kB)\n"}
,{"stream_name":"stdout","time":31.827983011,"data":"Collecting jaxlib (from scvi-tools==1.2.2-\u003e-r /tmp/lead_stack_scratch_r1/code/reports/analisi/lead_scientist_2026-09-29/neural/requirements_stack.txt (line 10))\n"}
,{"stream_name":"stdout","time":31.836540804,"data":"  Downloading jaxlib-0.10.0-cp311-cp311-manylinux_2_27_x86_64.whl.metadata (1.3 kB)\n"}
,{"stream_name":"stdout","time":31.839194743,"data":"Collecting jax (from scvi-tools==1.2.2-\u003e-r /tmp/lead_stack_scratch_r1/code/reports/analisi/lead_scientist_2026-09-29/neural/requirements_stack.txt (line 10))\n"}
,{"stream_name":"stdout","time":31.84499448,"data":"  Downloading jax-0.9.2-py3-none-any.whl.metadata (13 kB)\n"}
,{"stream_name":"stdout","time":31.850600979,"data":"Collecting jaxlib (from scvi-tools==1.2.2-\u003e-r /tmp/lead_stack_scratch_r1/code/reports/analisi/lead_scientist_2026-09-29/neural/requirements_stack.txt (line 10))\n"}
,{"stream_name":"stdout","time":31.85681401,"data":"  Downloading jaxlib-0.9.2-cp311-cp311-manylinux_2_27_x86_64.whl.metadata (1.3 kB)\n"}
,{"stream_name":"stdout","time":31.859361411,"data":"Collecting jax (from scvi-tools==1.2.2-\u003e-r /tmp/lead_stack_scratch_r1/code/reports/analisi/lead_scientist_2026-09-29/neural/requirements_stack.txt (line 10))\n"}
,{"stream_name":"stdout","time":31.865940285,"data":"  Downloading jax-0.9.1-py3-none-any.whl.metadata (13 kB)\n"}
,{"stream_name":"stdout","time":31.871474198,"data":"Collecting jaxlib (from scvi-tools==1.2.2-\u003e-r /tmp/lead_stack_scratch_r1/code/reports/analisi/lead_scientist_2026-09-29/neural/requirements_stack.txt (line 10))\n"}
,{"stream_name":"stdout","time":31.877067314,"data":"  Downloading jaxlib-0.9.1-cp311-cp311-manylinux_2_27_x86_64.whl.metadata (1.3 kB)\n"}
,{"stream_name":"stdout","time":31.879616754,"data":"Collecting jax (from scvi-tools==1.2.2-\u003e-r /tmp/lead_stack_scratch_r1/code/reports/analisi/lead_scientist_2026-09-29/neural/requirements_stack.txt (line 10))\n"}
,{"stream_name":"stdout","time":31.886158122,"data":"  Downloading jax-0.9.0.1-py3-none-any.whl.metadata (13 kB)\n"}
,{"stream_name":"stdout","time":31.891653272,"data":"Collecting jaxlib (from scvi-tools==1.2.2-\u003e-r /tmp/lead_stack_scratch_r1/code/reports/analisi/lead_scientist_2026-09-29/neural/requirements_stack.txt (line 10))\n"}
,{"stream_name":"stdout","time":31.898241927,"data":"  Downloading jaxlib-0.9.0.1-cp311-cp311-manylinux_2_27_x86_64.whl.metadata (1.3 kB)\n"}
,{"stream_name":"stdout","time":31.901060107,"data":"Collecting jax (from scvi-tools==1.2.2-\u003e-r /tmp/lead_stack_scratch_r1/code/reports/analisi/lead_scientist_2026-09-29/neural/requirements_stack.txt (line 10))\n"}
,{"stream_name":"stdout","time":31.906805898,"data":"  Downloading jax-0.9.0-py3-none-any.whl.metadata (13 kB)\n"}
,{"stream_name":"stdout","time":31.912397889,"data":"Collecting jaxlib (from scvi-tools==1.2.2-\u003e-r /tmp/lead_stack_scratch_r1/code/reports/analisi/lead_scientist_2026-09-29/neural/requirements_stack.txt (line 10))\n"}
,{"stream_name":"stdout","time":31.922951914,"data":"  Downloading jaxlib-0.9.0-cp311-cp311-manylinux_2_27_x86_64.whl.metadata (1.3 kB)\n"}
,{"stream_name":"stdout","time":31.925657275,"data":"Collecting jax (from scvi-tools==1.2.2-\u003e-r /tmp/lead_stack_scratch_r1/code/reports/analisi/lead_scientist_2026-09-29/neural/requirements_stack.txt (line 10))\n"}
,{"stream_name":"stdout","time":31.931341749,"data":"  Downloading jax-0.8.3-py3-none-any.whl.metadata (13 kB)\n"}
,{"stream_name":"stdout","time":31.937110974,"data":"Collecting jaxlib (from scvi-tools==1.2.2-\u003e-r /tmp/lead_stack_scratch_r1/code/reports/analisi/lead_scientist_2026-09-29/neural/requirements_stack.txt (line 10))\n"}
,{"stream_name":"stdout","time":31.948046937,"data":"  Downloading jaxlib-0.8.3-cp311-cp311-manylinux_2_27_x86_64.whl.metadata (1.3 kB)\n"}
,{"stream_name":"stdout","time":31.950507926,"data":"INFO: pip is still looking at multiple versions of jax to determine which version is compatible with other requirements. This could take a while.\n"}
,{"stream_name":"stdout","time":31.951670735,"data":"Collecting jax (from scvi-tools==1.2.2-\u003e-r /tmp/lead_stack_scratch_r1/code/reports/analisi/lead_scientist_2026-09-29/neural/requirements_stack.txt (line 10))\n"}
,{"stream_name":"stdout","time":31.957434024,"data":"  Downloading jax-0.8.2-py3-none-any.whl.metadata (13 kB)\n"}
,{"stream_name":"stdout","time":31.96291486,"data":"Collecting jaxlib (from scvi-tools==1.2.2-\u003e-r /tmp/lead_stack_scratch_r1/code/reports/analisi/lead_scientist_2026-09-29/neural/requirements_stack.txt (line 10))\n"}
,{"stream_name":"stdout","time":31.968091173,"data":"  Downloading jaxlib-0.8.2-cp311-cp311-manylinux_2_27_x86_64.whl.metadata (1.3 kB)\n"}
,{"stream_name":"stdout","time":31.970531036,"data":"Collecting jax (from scvi-tools==1.2.2-\u003e-r /tmp/lead_stack_scratch_r1/code/reports/analisi/lead_scientist_2026-09-29/neural/requirements_stack.txt (line 10))\n"}
,{"stream_name":"stdout","time":31.979694267,"data":"  Downloading jax-0.8.1-py3-none-any.whl.metadata (13 kB)\n"}
,{"stream_name":"stdout","time":31.985401203,"data":"Collecting jaxlib (from scvi-tools==1.2.2-\u003e-r /tmp/lead_stack_scratch_r1/code/reports/analisi/lead_scientist_2026-09-29/neural/requirements_stack.txt (line 10))\n"}
,{"stream_name":"stdout","time":31.992864442,"data":"  Downloading jaxlib-0.8.1-cp311-cp311-manylinux_2_27_x86_64.whl.metadata (1.3 kB)\n"}
,{"stream_name":"stdout","time":31.99529077,"data":"Collecting jax (from scvi-tools==1.2.2-\u003e-r /tmp/lead_stack_scratch_r1/code/reports/analisi/lead_scientist_2026-09-29/neural/requirements_stack.txt (line 10))\n"}
,{"stream_name":"stdout","time":32.00103935,"data":"  Downloading jax-0.8.0-py3-none-any.whl.metadata (13 kB)\n"}
,{"stream_name":"stdout","time":32.006690719,"data":"Collecting jaxlib (from scvi-tools==1.2.2-\u003e-r /tmp/lead_stack_scratch_r1/code/reports/analisi/lead_scientist_2026-09-29/neural/requirements_stack.txt (line 10))\n"}
,{"stream_name":"stdout","time":32.012326643,"data":"  Downloading jaxlib-0.8.0-cp311-cp311-manylinux_2_27_x86_64.whl.metadata (1.3 kB)\n"}
,{"stream_name":"stdout","time":32.014983542,"data":"Collecting jax (from scvi-tools==1.2.2-\u003e-r /tmp/lead_stack_scratch_r1/code/reports/analisi/lead_scientist_2026-09-29/neural/requirements_stack.txt (line 10))\n"}
,{"stream_name":"stdout","time":32.021939694,"data":"  Downloading jax-0.7.2-py3-none-any.whl.metadata (13 kB)\n"}
,{"stream_name":"stdout","time":32.027557643,"data":"Collecting jaxlib (from scvi-tools==1.2.2-\u003e-r /tmp/lead_stack_scratch_r1/code/reports/analisi/lead_scientist_2026-09-29/neural/requirements_stack.txt (line 10))\n"}
,{"stream_name":"stdout","time":32.035344555,"data":"  Downloading jaxlib-0.7.2-cp311-cp311-manylinux_2_27_x86_64.whl.metadata (1.3 kB)\n"}
,{"stream_name":"stdout","time":32.037780001,"data":"Collecting jax (from scvi-tools==1.2.2-\u003e-r /tmp/lead_stack_scratch_r1/code/reports/analisi/lead_scientist_2026-09-29/neural/requirements_stack.txt (line 10))\n"}
,{"stream_name":"stdout","time":32.044204013,"data":"  Downloading jax-0.7.1-py3-none-any.whl.metadata (13 kB)\n"}
,{"stream_name":"stdout","time":32.049947022,"data":"Collecting jaxlib (from scvi-tools==1.2.2-\u003e-r /tmp/lead_stack_scratch_r1/code/reports/analisi/lead_scientist_2026-09-29/neural/requirements_stack.txt (line 10))\n"}
,{"stream_name":"stdout","time":32.05555611,"data":"  Downloading jaxlib-0.7.1-cp311-cp311-manylinux_2_27_x86_64.whl.metadata (1.3 kB)\n"}
,{"stream_name":"stdout","time":32.06649896,"data":"Collecting opt_einsum (from jax-\u003escvi-tools==1.2.2-\u003e-r /tmp/lead_stack_scratch_r1/code/reports/analisi/lead_scientist_2026-09-29/neural/requirements_stack.txt (line 10))\n"}
,{"stream_name":"stdout","time":32.070764223,"data":"  Downloading opt_einsum-3.4.0-py3-none-any.whl.metadata (6.3 kB)\n"}
,{"stream_name":"stdout","time":32.077281677,"data":"INFO: pip is looking at multiple versions of ml-dtypes to determine which version is compatible with other requirements. This could take a while.\n"}
,{"stream_name":"stdout","time":32.078007677,"data":"Collecting ml_dtypes\u003e=0.5.0 (from jax-\u003escvi-tools==1.2.2-\u003e-r /tmp/lead_stack_scratch_r1/code/reports/analisi/lead_scientist_2026-09-29/neural/requirements_stack.txt (line 10))\n"}
,{"stream_name":"stdout","time":32.086065338,"data":"  Downloading ml_dtypes-0.5.4-cp311-cp311-manylinux_2_27_x86_64.manylinux_2_28_x86_64.whl.metadata (8.9 kB)\n"}
,{"stream_name":"stdout","time":32.108478929,"data":"Collecting pyro-api\u003e=0.1.1 (from pyro-ppl\u003e=1.6.0-\u003escvi-tools==1.2.2-\u003e-r /tmp/lead_stack_scratch_r1/code/reports/analisi/lead_scientist_2026-09-29/neural/requirements_stack.txt (line 10))\n"}
,{"stream_name":"stdout","time":32.116669254,"data":"  Downloading pyro_api-0.1.2-py3-none-any.whl.metadata (2.5 kB)\n"}
,{"stream_name":"stdout","time":32.143627544,"data":"Collecting markdown-it-py\u003e=2.2.0 (from rich\u003e=12.0.0-\u003escvi-tools==1.2.2-\u003e-r /tmp/lead_stack_scratch_r1/code/reports/analisi/lead_scientist_2026-09-29/neural/requirements_stack.txt (line 10))\n"}
,{"stream_name":"stdout","time":32.148044326,"data":"  Downloading markdown_it_py-4.2.0-py3-none-any.whl.metadata (7.4 kB)\n"}
,{"stream_name":"stdout","time":32.175671268,"data":"Collecting pygments\u003c3.0.0,\u003e=2.13.0 (from rich\u003e=12.0.0-\u003escvi-tools==1.2.2-\u003e-r /tmp/lead_stack_scratch_r1/code/reports/analisi/lead_scientist_2026-09-29/neural/requirements_stack.txt (line 10))\n"}
,{"stream_name":"stdout","time":32.182959017,"data":"  Downloading pygments-2.21.0-py3-none-any.whl.metadata (2.5 kB)\n"}
,{"stream_name":"stdout","time":32.194112026,"data":"Collecting mdurl~=0.1 (from markdown-it-py\u003e=2.2.0-\u003erich\u003e=12.0.0-\u003escvi-tools==1.2.2-\u003e-r /tmp/lead_stack_scratch_r1/code/reports/analisi/lead_scientist_2026-09-29/neural/requirements_stack.txt (line 10))\n"}
,{"stream_name":"stdout","time":32.199883044,"data":"  Downloading mdurl-0.1.2-py3-none-any.whl.metadata (1.6 kB)\n"}
,{"stream_name":"stdout","time":32.230391795,"data":"Collecting joblib\u003e=1.4.0 (from scikit-learn\u003e=0.21.2-\u003escvi-tools==1.2.2-\u003e-r /tmp/lead_stack_scratch_r1/code/reports/analisi/lead_scientist_2026-09-29/neural/requirements_stack.txt (line 10))\n"}
,{"stream_name":"stdout","time":32.235341106999996,"data":"  Downloading joblib-1.6.0-py3-none-any.whl.metadata (6.5 kB)\n"}
,{"stream_name":"stdout","time":32.294662731,"data":"Collecting narwhals\u003e=2.0.1 (from scikit-learn\u003e=0.21.2-\u003escvi-tools==1.2.2-\u003e-r /tmp/lead_stack_scratch_r1/code/reports/analisi/lead_scientist_2026-09-29/neural/requirements_stack.txt (line 10))\n"}
,{"stream_name":"stdout","time":32.300797757,"data":"  Downloading narwhals-2.26.0-py3-none-any.whl.metadata (15 kB)\n"}
,{"stream_name":"stdout","time":32.313578165,"data":"Collecting threadpoolctl\u003e=3.5.0 (from scikit-learn\u003e=0.21.2-\u003escvi-tools==1.2.2-\u003e-r /tmp/lead_stack_scratch_r1/code/reports/analisi/lead_scientist_2026-09-29/neural/requirements_stack.txt (line 10))\n"}
,{"stream_name":"stdout","time":32.318345966,"data":"  Downloading threadpoolctl-3.7.0-py3-none-any.whl.metadata (24 kB)\n"}
,{"stream_name":"stdout","time":32.337905895,"data":"Collecting cloudpickle\u003e=3.0 (from joblib\u003e=1.4.0-\u003escikit-learn\u003e=0.21.2-\u003escvi-tools==1.2.2-\u003e-r /tmp/lead_stack_scratch_r1/code/reports/analisi/lead_scientist_2026-09-29/neural/requirements_stack.txt (line 10))\n"}
,{"stream_name":"stdout","time":32.344209207,"data":"  Downloading cloudpickle-3.1.2-py3-none-any.whl.metadata (7.1 kB)\n"}
,{"stream_name":"stdout","time":33.575132543,"data":"Collecting grpcio\u003c2.0,\u003e=1.74.0 (from tensorboard\u003e=2.0-\u003escvi-tools==1.2.2-\u003e-r /tmp/lead_stack_scratch_r1/code/reports/analisi/lead_scientist_2026-09-29/neural/requirements_stack.txt (line 10))\n"}
,{"stream_name":"stdout","time":33.579775584,"data":"  Downloading grpcio-1.84.0-cp311-cp311-manylinux2014_x86_64.manylinux_2_17_x86_64.whl.metadata (3.8 kB)\n"}
,{"stream_name":"stdout","time":33.602392087,"data":"Collecting markdown\u003e=2.6.8 (from tensorboard\u003e=2.0-\u003escvi-tools==1.2.2-\u003e-r /tmp/lead_stack_scratch_r1/code/reports/analisi/lead_scientist_2026-09-29/neural/requirements_stack.txt (line 10))\n"}
,{"stream_name":"stdout","time":33.607709472,"data":"  Downloading markdown-3.11-py3-none-any.whl.metadata (5.1 kB)\n"}
,{"stream_name":"stdout","time":33.993243456,"data":"Collecting pillow (from tensorboard\u003e=2.0-\u003escvi-tools==1.2.2-\u003e-r /tmp/lead_stack_scratch_r1/code/reports/analisi/lead_scientist_2026-09-29/neural/requirements_stack.txt (line 10))\n"}
,{"stream_name":"stdout","time":33.998643218,"data":"  Downloading pillow-12.3.0-cp311-cp311-manylinux_2_27_x86_64.manylinux_2_28_x86_64.whl.metadata (9.1 kB)\n"}
,{"stream_name":"stdout","time":34.017021872,"data":"Collecting tensorboard-data-server\u003c0.8.0,\u003e=0.7.0 (from tensorboard\u003e=2.0-\u003escvi-tools==1.2.2-\u003e-r /tmp/lead_stack_scratch_r1/code/reports/analisi/lead_scientist_2026-09-29/neural/requirements_stack.txt (line 10))\n"}
,{"stream_name":"stdout","time":34.021747849,"data":"  Downloading tensorboard_data_server-0.7.2-py3-none-manylinux_2_31_x86_64.whl.metadata (1.1 kB)\n"}
,{"stream_name":"stdout","time":34.04961088,"data":"Collecting werkzeug\u003e=1.0.1 (from tensorboard\u003e=2.0-\u003escvi-tools==1.2.2-\u003e-r /tmp/lead_stack_scratch_r1/code/reports/analisi/lead_scientist_2026-09-29/neural/requirements_stack.txt (line 10))\n"}
,{"stream_name":"stdout","time":34.055232446,"data":"  Downloading werkzeug-3.1.9-py3-none-any.whl.metadata (4.1 kB)\n"}
,{"stream_name":"stdout","time":34.173891752,"data":"Collecting markupsafe\u003e=2.1.1 (from werkzeug\u003e=1.0.1-\u003etensorboard\u003e=2.0-\u003escvi-tools==1.2.2-\u003e-r /tmp/lead_stack_scratch_r1/code/reports/analisi/lead_scientist_2026-09-29/neural/requirements_stack.txt (line 10))\n"}
,{"stream_name":"stdout","time":34.179155437,"data":"  Downloading markupsafe-3.0.3-cp311-cp311-manylinux2014_x86_64.manylinux_2_17_x86_64.manylinux_2_28_x86_64.whl.metadata (2.7 kB)\n"}
,{"stream_name":"stdout","time":34.443384318,"data":"Collecting msgpack (from flax-\u003escvi-tools==1.2.2-\u003e-r /tmp/lead_stack_scratch_r1/code/reports/analisi/lead_scientist_2026-09-29/neural/requirements_stack.txt (line 10))\n"}
,{"stream_name":"stdout","time":34.449114315,"data":"  Downloading msgpack-1.2.3-cp311-cp311-manylinux2014_x86_64.manylinux_2_17_x86_64.manylinux_2_28_x86_64.whl.metadata (8.3 kB)\n"}
,{"stream_name":"stdout","time":34.486994697,"data":"Collecting orbax-checkpoint (from flax-\u003escvi-tools==1.2.2-\u003e-r /tmp/lead_stack_scratch_r1/code/reports/analisi/lead_scientist_2026-09-29/neural/requirements_stack.txt (line 10))\n"}
,{"stream_name":"stdout","time":34.496568125,"data":"  Downloading orbax_checkpoint-0.12.6-py3-none-any.whl.metadata (3.3 kB)\n"}
,{"stream_name":"stdout","time":34.651958201,"data":"Collecting tensorstore (from flax-\u003escvi-tools==1.2.2-\u003e-r /tmp/lead_stack_scratch_r1/code/reports/analisi/lead_scientist_2026-09-29/neural/requirements_stack.txt (line 10))\n"}
,{"stream_name":"stdout","time":34.657685487,"data":"  Downloading tensorstore-0.1.85-cp311-cp311-manylinux_2_27_x86_64.manylinux_2_28_x86_64.whl.metadata (3.3 kB)\n"}
,{"stream_name":"stdout","time":34.671563249,"data":"Collecting treescope\u003e=0.1.7 (from flax-\u003escvi-tools==1.2.2-\u003e-r /tmp/lead_stack_scratch_r1/code/reports/analisi/lead_scientist_2026-09-29/neural/requirements_stack.txt (line 10))\n"}
,{"stream_name":"stdout","time":34.677176254,"data":"  Downloading treescope-0.1.10-py3-none-any.whl.metadata (6.6 kB)\n"}
,{"stream_name":"stdout","time":34.685069125,"data":"INFO: This is taking longer than usual. You might need to provide the dependency resolver with stricter constraints to reduce runtime. See https://pip.pypa.io/warnings/backtracking for guidance. If you want to abort this run, press Ctrl + C.\n"}
,{"stream_name":"stdout","time":34.689454029,"data":"Collecting flax (from scvi-tools==1.2.2-\u003e-r /tmp/lead_stack_scratch_r1/code/reports/analisi/lead_scientist_2026-09-29/neural/requirements_stack.txt (line 10))\n"}
,{"stream_name":"stdout","time":34.694707485,"data":"  Downloading flax-0.12.7-py3-none-any.whl.metadata (11 kB)\n"}
,{"stream_name":"stdout","time":34.711305128,"data":"  Downloading flax-0.12.6-py3-none-any.whl.metadata (11 kB)\n"}
,{"stream_name":"stdout","time":34.72954569,"data":"Collecting orbax-export\u003e=0.0.8 (from flax-\u003escvi-tools==1.2.2-\u003e-r /tmp/lead_stack_scratch_r1/code/reports/analisi/lead_scientist_2026-09-29/neural/requirements_stack.txt (line 10))\n"}
,{"stream_name":"stdout","time":34.736341813,"data":"  Downloading orbax_export-0.0.8-py3-none-any.whl.metadata (1.8 kB)\n"}
,{"stream_name":"stdout","time":34.749996495,"data":"Collecting flax (from scvi-tools==1.2.2-\u003e-r /tmp/lead_stack_scratch_r1/code/reports/analisi/lead_scientist_2026-09-29/neural/requirements_stack.txt (line 10))\n"}
,{"stream_name":"stdout","time":34.755905886,"data":"  Downloading flax-0.12.5-py3-none-any.whl.metadata (11 kB)\n"}
,{"stream_name":"stdout","time":34.761288786,"data":"Collecting optax (from scvi-tools==1.2.2-\u003e-r /tmp/lead_stack_scratch_r1/code/reports/analisi/lead_scientist_2026-09-29/neural/requirements_stack.txt (line 10))\n"}
,{"stream_name":"stdout","time":34.766942798,"data":"  Downloading optax-0.2.6-py3-none-any.whl.metadata (7.6 kB)\n"}
,{"stream_name":"stdout","time":34.781087157,"data":"Collecting flax (from scvi-tools==1.2.2-\u003e-r /tmp/lead_stack_scratch_r1/code/reports/analisi/lead_scientist_2026-09-29/neural/requirements_stack.txt (line 10))\n"}
,{"stream_name":"stdout","time":34.788172588,"data":"  Downloading flax-0.12.4-py3-none-any.whl.metadata (11 kB)\n"}
,{"stream_name":"stdout","time":34.814013098,"data":"  Downloading flax-0.12.3-py3-none-any.whl.metadata (11 kB)\n"}
,{"stream_name":"stdout","time":34.83993726,"data":"  Downloading flax-0.12.2-py3-none-any.whl.metadata (11 kB)\n"}
,{"stream_name":"stdout","time":34.863502168,"data":"  Downloading flax-0.12.1-py3-none-any.whl.metadata (11 kB)\n"}
,{"stream_name":"stdout","time":34.885192718,"data":"  Downloading flax-0.12.0-py3-none-any.whl.metadata (11 kB)\n"}
,{"stream_name":"stdout","time":34.923403897,"data":"Collecting etils[epath,epy] (from orbax-checkpoint-\u003eflax-\u003escvi-tools==1.2.2-\u003e-r /tmp/lead_stack_scratch_r1/code/reports/analisi/lead_scientist_2026-09-29/neural/requirements_stack.txt (line 10))\n"}
,{"stream_name":"stdout","time":34.929609489,"data":"  Downloading etils-1.14.0-py3-none-any.whl.metadata (6.5 kB)\n"}
,{"stream_name":"stdout","time":34.954505489,"data":"Collecting prometheus-client\u003e=0.20.0 (from orbax-checkpoint-\u003eflax-\u003escvi-tools==1.2.2-\u003e-r /tmp/lead_stack_scratch_r1/code/reports/analisi/lead_scientist_2026-09-29/neural/requirements_stack.txt (line 10))\n"}
,{"stream_name":"stdout","time":34.95963372,"data":"  Downloading prometheus_client-0.26.0-py3-none-any.whl.metadata (2.1 kB)\n"}
,{"stream_name":"stdout","time":34.972262796,"data":"Collecting aiofiles (from orbax-checkpoint-\u003eflax-\u003escvi-tools==1.2.2-\u003e-r /tmp/lead_stack_scratch_r1/code/reports/analisi/lead_scientist_2026-09-29/neural/requirements_stack.txt (line 10))\n"}
,{"stream_name":"stdout","time":34.978875405,"data":"  Downloading aiofiles-25.1.0-py3-none-any.whl.metadata (6.3 kB)\n"}
,{"stream_name":"stdout","time":35.000693633,"data":"Collecting humanize (from orbax-checkpoint-\u003eflax-\u003escvi-tools==1.2.2-\u003e-r /tmp/lead_stack_scratch_r1/code/reports/analisi/lead_scientist_2026-09-29/neural/requirements_stack.txt (line 10))\n"}
,{"stream_name":"stdout","time":35.006311445,"data":"  Downloading humanize-4.16.0-py3-none-any.whl.metadata (8.0 kB)\n"}
,{"stream_name":"stdout","time":35.2090732,"data":"Collecting simplejson\u003e=3.16.0 (from orbax-checkpoint-\u003eflax-\u003escvi-tools==1.2.2-\u003e-r /tmp/lead_stack_scratch_r1/code/reports/analisi/lead_scientist_2026-09-29/neural/requirements_stack.txt (line 10))\n"}
,{"stream_name":"stdout","time":35.213921915,"data":"  Downloading simplejson-4.1.2-cp311-cp311-manylinux1_x86_64.manylinux_2_28_x86_64.manylinux_2_5_x86_64.whl.metadata (3.8 kB)\n"}
,{"stream_name":"stdout","time":35.282383076,"data":"Collecting uvloop (from orbax-checkpoint-\u003eflax-\u003escvi-tools==1.2.2-\u003e-r /tmp/lead_stack_scratch_r1/code/reports/analisi/lead_scientist_2026-09-29/neural/requirements_stack.txt (line 10))\n"}
,{"stream_name":"stdout","time":35.2879853,"data":"  Downloading uvloop-0.22.1-cp311-cp311-manylinux2014_x86_64.manylinux_2_17_x86_64.manylinux_2_28_x86_64.whl.metadata (4.9 kB)\n"}
,{"stream_name":"stdout","time":35.323376122,"data":"Collecting zipp (from etils[epath,epy]-\u003eorbax-checkpoint-\u003eflax-\u003escvi-tools==1.2.2-\u003e-r /tmp/lead_stack_scratch_r1/code/reports/analisi/lead_scientist_2026-09-29/neural/requirements_stack.txt (line 10))\n"}
,{"stream_name":"stdout","time":35.327822276,"data":"  Downloading zipp-4.1.0-py3-none-any.whl.metadata (3.6 kB)\n"}
,{"stream_name":"stdout","time":35.349400921,"data":"Downloading torch-2.5.1-cp311-cp311-manylinux1_x86_64.whl (906.5 MB)\n"}
,{"stream_name":"stdout","time":41.16010621,"data":"   ━━━━━━━━━━━━━━━━━━━━━━━━━━━━━━━━━━━━━━━━ 906.5/906.5 MB 141.1 MB/s  0:00:05\n"}
,{"stream_name":"stdout","time":41.161482103,"data":"Downloading numpy-1.26.4-cp311-cp311-manylinux_2_17_x86_64.manylinux2014_x86_64.whl (18.3 MB)\n"}
,{"stream_name":"stdout","time":41.206564146,"data":"   ━━━━━━━━━━━━━━━━━━━━━━━━━━━━━━━━━━━━━━━━ 18.3/18.3 MB 291.2 MB/s  0:00:00\n"}
,{"stream_name":"stdout","time":41.213233156,"data":"Downloading scipy-1.14.1-cp311-cp311-manylinux_2_17_x86_64.manylinux2014_x86_64.whl (41.2 MB)\n"}
,{"stream_name":"stdout","time":41.495684083,"data":"   ━━━━━━━━━━━━━━━━━━━━━━━━━━━━━━━━━━━━━━━━ 41.2/41.2 MB 145.7 MB/s  0:00:00\n"}
,{"stream_name":"stdout","time":41.500237548,"data":"Downloading pandas-2.2.3-cp311-cp311-manylinux_2_17_x86_64.manylinux2014_x86_64.whl (13.1 MB)\n"}
,{"stream_name":"stdout","time":41.602401876,"data":"   ━━━━━━━━━━━━━━━━━━━━━━━━━━━━━━━━━━━━━━━━ 13.1/13.1 MB 130.8 MB/s  0:00:00\n"}
,{"stream_name":"stdout","time":41.608949332,"data":"Downloading anndata-0.11.4-py3-none-any.whl (144 kB)\n"}
,{"stream_name":"stdout","time":41.619443977,"data":"Downloading h5py-3.12.1-cp311-cp311-manylinux_2_17_x86_64.manylinux2014_x86_64.whl (5.5 MB)\n"}
,{"stream_name":"stdout","time":41.648598862,"data":"   ━━━━━━━━━━━━━━━━━━━━━━━━━━━━━━━━━━━━━━━━ 5.5/5.5 MB 196.4 MB/s  0:00:00\n"}
,{"stream_name":"stdout","time":41.654529602,"data":"Downloading pytorch_lightning-2.5.0-py3-none-any.whl (819 kB)\n"}
,{"stream_name":"stdout","time":41.65814222,"data":"   ━━━━━━━━━━━━━━━━━━━━━━━━━━━━━━━━━━━━━━━━ 819.4/819.4 kB 549.4 MB/s  0:00:00\n"}
,{"stream_name":"stdout","time":41.665333032,"data":"Downloading scvi_tools-1.2.2-py3-none-any.whl (459 kB)\n"}
,{"stream_name":"stdout","time":41.682072607,"data":"Downloading wandb-0.19.10-py3-none-manylinux_2_17_x86_64.manylinux2014_x86_64.whl (21.3 MB)\n"}
,{"stream_name":"stdout","time":41.873231738,"data":"   ━━━━━━━━━━━━━━━━━━━━━━━━━━━━━━━━━━━━━━━━ 21.3/21.3 MB 112.2 MB/s  0:00:00\n"}
,{"stream_name":"stdout","time":41.877952763,"data":"Downloading PyYAML-6.0.2-cp311-cp311-manylinux_2_17_x86_64.manylinux2014_x86_64.whl (762 kB)\n"}
,{"stream_name":"stdout","time":41.881155081,"data":"   ━━━━━━━━━━━━━━━━━━━━━━━━━━━━━━━━━━━━━━━━ 763.0/763.0 kB 566.0 MB/s  0:00:00\n"}
,{"stream_name":"stdout","time":41.886332876,"data":"Downloading psutil-6.1.1-cp36-abi3-manylinux_2_12_x86_64.manylinux2010_x86_64.manylinux_2_17_x86_64.manylinux2014_x86_64.whl (287 kB)\n"}
,{"stream_name":"stdout","time":41.891733698,"data":"Downloading nvidia_cublas_cu12-12.4.5.8-py3-none-manylinux2014_x86_64.whl (363.4 MB)\n"}
,{"stream_name":"stdout","time":44.214802566,"data":"   ━━━━━━━━━━━━━━━━━━━━━━━━━━━━━━━━━━━━━━━━ 363.4/363.4 MB 154.8 MB/s  0:00:02\n"}
,{"stream_name":"stdout","time":44.221113707,"data":"Downloading nvidia_cuda_cupti_cu12-12.4.127-py3-none-manylinux2014_x86_64.whl (13.8 MB)\n"}
,{"stream_name":"stdout","time":44.328386168,"data":"   ━━━━━━━━━━━━━━━━━━━━━━━━━━━━━━━━━━━━━━━━ 13.8/13.8 MB 131.2 MB/s  0:00:00\n"}
,{"stream_name":"stdout","time":44.3345065,"data":"Downloading nvidia_cuda_nvrtc_cu12-12.4.127-py3-none-manylinux2014_x86_64.whl (24.6 MB)\n"}
,{"stream_name":"stdout","time":44.541961092,"data":"   ━━━━━━━━━━━━━━━━━━━━━━━━━━━━━━━━━━━━━━━━ 24.6/24.6 MB 119.7 MB/s  0:00:00\n"}
,{"stream_name":"stdout","time":44.548536684,"data":"Downloading nvidia_cuda_runtime_cu12-12.4.127-py3-none-manylinux2014_x86_64.whl (883 kB)\n"}
,{"stream_name":"stdout","time":44.55347555,"data":"   ━━━━━━━━━━━━━━━━━━━━━━━━━━━━━━━━━━━━━━━━ 883.7/883.7 kB 262.1 MB/s  0:00:00\n"}
,{"stream_name":"stdout","time":44.55954073,"data":"Downloading nvidia_cudnn_cu12-9.1.0.70-py3-none-manylinux2014_x86_64.whl (664.8 MB)\n"}
,{"stream_name":"stdout","time":50.597928929,"data":"   ━━━━━━━━━━━━━━━━━━━━━━━━━━━━━━━━━━━━━━━━ 664.8/664.8 MB 99.2 MB/s  0:00:06\n"}
,{"stream_name":"stdout","time":50.60269031,"data":"Downloading nvidia_cufft_cu12-11.2.1.3-py3-none-manylinux2014_x86_64.whl (211.5 MB)\n"}
,{"stream_name":"stdout","time":51.958204981,"data":"   ━━━━━━━━━━━━━━━━━━━━━━━━━━━━━━━━━━━━━━━━ 211.5/211.5 MB 156.3 MB/s  0:00:01\n"}
,{"stream_name":"stdout","time":51.962396135,"data":"Downloading nvidia_curand_cu12-10.3.5.147-py3-none-manylinux2014_x86_64.whl (56.3 MB)\n"}
,{"stream_name":"stdout","time":52.257592657000004,"data":"   ━━━━━━━━━━━━━━━━━━━━━━━━━━━━━━━━━━━━━━━━ 56.3/56.3 MB 193.2 MB/s  0:00:00\n"}
,{"stream_name":"stdout","time":52.262540005,"data":"Downloading nvidia_cusolver_cu12-11.6.1.9-py3-none-manylinux2014_x86_64.whl (127.9 MB)\n"}
,{"stream_name":"stdout","time":53.06453684,"data":"   ━━━━━━━━━━━━━━━━━━━━━━━━━━━━━━━━━━━━━━━━ 127.9/127.9 MB 160.2 MB/s  0:00:00\n"}
,{"stream_name":"stdout","time":53.074135056,"data":"Downloading nvidia_cusparse_cu12-12.3.1.170-py3-none-manylinux2014_x86_64.whl (207.5 MB)\n"}
,{"stream_name":"stdout","time":54.31426801,"data":"   ━━━━━━━━━━━━━━━━━━━━━━━━━━━━━━━━━━━━━━━━ 207.5/207.5 MB 167.5 MB/s  0:00:01\n"}
,{"stream_name":"stdout","time":58.147930819,"data":"Downloading nvidia_nccl_cu12-2.21.5-py3-none-manylinux2014_x86_64.whl (188.7 MB)\n"}
,{"stream_name":"stdout","time":63.69188199,"data":"   ━━━━━━━━━━━━━━━━━━━━━━━━━━━━━━━━━━━━━━━━ 188.7/188.7 MB 34.0 MB/s  0:00:05\n"}
,{"stream_name":"stdout","time":63.700287652,"data":"Downloading nvidia_nvjitlink_cu12-12.4.127-py3-none-manylinux2014_x86_64.whl (21.1 MB)\n"}
,{"stream_name":"stdout","time":63.854456237,"data":"   ━━━━━━━━━━━━━━━━━━━━━━━━━━━━━━━━━━━━━━━━ 21.1/21.1 MB 138.7 MB/s  0:00:00\n"}
,{"stream_name":"stdout","time":63.862010864,"data":"Downloading nvidia_nvtx_cu12-12.4.127-py3-none-manylinux2014_x86_64.whl (99 kB)\n"}
,{"stream_name":"stdout","time":63.867261364,"data":"Downloading sympy-1.13.1-py3-none-any.whl (6.2 MB)\n"}
,{"stream_name":"stdout","time":63.900807417,"data":"   ━━━━━━━━━━━━━━━━━━━━━━━━━━━━━━━━━━━━━━━━ 6.2/6.2 MB 196.3 MB/s  0:00:00\n"}
,{"stream_name":"stdout","time":63.907582495,"data":"Downloading triton-3.1.0-cp311-cp311-manylinux_2_17_x86_64.manylinux2014_x86_64.whl (209.5 MB)\n"}
,{"stream_name":"stdout","time":65.225409446,"data":"   ━━━━━━━━━━━━━━━━━━━━━━━━━━━━━━━━━━━━━━━━ 209.5/209.5 MB 159.2 MB/s  0:00:01\n"}
,{"stream_name":"stdout","time":65.230003791,"data":"Downloading mpmath-1.3.0-py3-none-any.whl (536 kB)\n"}
,{"stream_name":"stdout","time":65.232746945,"data":"   ━━━━━━━━━━━━━━━━━━━━━━━━━━━━━━━━━━━━━━━━ 536.2/536.2 kB 435.6 MB/s  0:00:00\n"}
,{"stream_name":"stdout","time":65.237914887,"data":"Downloading protobuf-6.33.6-cp39-abi3-manylinux2014_x86_64.whl (323 kB)\n"}
,{"stream_name":"stdout","time":65.243764257,"data":"Downloading pydantic-2.13.5-py3-none-any.whl (472 kB)\n"}
,{"stream_name":"stdout","time":65.253040414,"data":"Downloading pydantic_core-2.46.5-cp311-cp311-manylinux_2_17_x86_64.manylinux2014_x86_64.whl (2.1 MB)\n"}
,{"stream_name":"stdout","time":65.263890381,"data":"   ━━━━━━━━━━━━━━━━━━━━━━━━━━━━━━━━━━━━━━━━ 2.1/2.1 MB 232.6 MB/s  0:00:00\n"}
,{"stream_name":"stdout","time":65.268521152,"data":"Downloading requests-2.34.2-py3-none-any.whl (73 kB)\n"}
,{"stream_name":"stdout","time":65.27435008,"data":"Downloading charset_normalizer-3.5.1-cp311-cp311-manylinux2014_x86_64.manylinux_2_17_x86_64.manylinux_2_28_x86_64.whl (262 kB)\n"}
,{"stream_name":"stdout","time":65.279316843,"data":"Downloading idna-3.20-py3-none-any.whl (69 kB)\n"}
,{"stream_name":"stdout","time":65.289411095,"data":"Downloading typing_extensions-4.16.0-py3-none-any.whl (45 kB)\n"}
,{"stream_name":"stdout","time":65.293858412,"data":"Downloading urllib3-2.8.0-py3-none-any.whl (135 kB)\n"}
,{"stream_name":"stdout","time":65.298789712,"data":"Downloading annotated_types-0.8.0-py3-none-any.whl (13 kB)\n"}
,{"stream_name":"stdout","time":65.307173835,"data":"Downloading array_api_compat-1.15.0-py3-none-any.whl (79 kB)\n"}
,{"stream_name":"stdout","time":65.313587394,"data":"Downloading certifi-2026.7.22-py3-none-any.whl (136 kB)\n"}
,{"stream_name":"stdout","time":65.319197465,"data":"Downloading click-8.5.0-py3-none-any.whl (125 kB)\n"}
,{"stream_name":"stdout","time":65.324027282,"data":"Downloading docker_pycreds-0.4.0-py2.py3-none-any.whl (9.0 kB)\n"}
,{"stream_name":"stdout","time":65.32956608,"data":"Downloading fsspec-2026.9.0-py3-none-any.whl (221 kB)\n"}
,{"stream_name":"stdout","time":65.335426891,"data":"Downloading aiohttp-3.14.3-cp311-cp311-manylinux2014_x86_64.manylinux_2_17_x86_64.manylinux_2_28_x86_64.whl (1.8 MB)\n"}
,{"stream_name":"stdout","time":65.341697743,"data":"   ━━━━━━━━━━━━━━━━━━━━━━━━━━━━━━━━━━━━━━━━ 1.8/1.8 MB 512.3 MB/s  0:00:00\n"}
,{"stream_name":"stdout","time":65.350284058,"data":"Downloading multidict-6.9.1-cp311-cp311-manylinux2014_x86_64.manylinux_2_17_x86_64.manylinux_2_28_x86_64.whl (320 kB)\n"}
,{"stream_name":"stdout","time":65.356399516,"data":"Downloading yarl-1.25.1-cp311-cp311-manylinux2014_x86_64.manylinux_2_17_x86_64.manylinux_2_28_x86_64.whl (117 kB)\n"}
,{"stream_name":"stdout","time":65.361242,"data":"Downloading aiohappyeyeballs-2.7.1-py3-none-any.whl (15 kB)\n"}
,{"stream_name":"stdout","time":65.365551176,"data":"Downloading aiosignal-1.4.0-py3-none-any.whl (7.5 kB)\n"}
,{"stream_name":"stdout","time":65.370272497,"data":"Downloading attrs-26.1.0-py3-none-any.whl (67 kB)\n"}
,{"stream_name":"stdout","time":65.375054817,"data":"Downloading frozenlist-1.8.0-cp311-cp311-manylinux1_x86_64.manylinux_2_28_x86_64.manylinux_2_5_x86_64.whl (231 kB)\n"}
,{"stream_name":"stdout","time":65.380534935,"data":"Downloading gitpython-3.1.62-py3-none-any.whl (222 kB)\n"}
,{"stream_name":"stdout","time":65.385271982,"data":"Downloading gitdb-4.0.12-py3-none-any.whl (62 kB)\n"}
,{"stream_name":"stdout","time":65.389515043,"data":"Downloading smmap-5.0.3-py3-none-any.whl (24 kB)\n"}
,{"stream_name":"stdout","time":65.402176611,"data":"Downloading lightning-2.6.6-py3-none-any.whl (849 kB)\n"}
,{"stream_name":"stdout","time":65.405780161,"data":"   ━━━━━━━━━━━━━━━━━━━━━━━━━━━━━━━━━━━━━━━━ 849.3/849.3 kB 528.4 MB/s  0:00:00\n"}
,{"stream_name":"stdout","time":65.410425693,"data":"Downloading lightning_utilities-0.15.3-py3-none-any.whl (31 kB)\n"}
,{"stream_name":"stdout","time":65.416009605,"data":"Downloading torchmetrics-1.9.0-py3-none-any.whl (983 kB)\n"}
,{"stream_name":"stdout","time":65.419694713,"data":"   ━━━━━━━━━━━━━━━━━━━━━━━━━━━━━━━━━━━━━━━━ 983.4/983.4 kB 536.3 MB/s  0:00:00\n"}
,{"stream_name":"stdout","time":65.424207514,"data":"Downloading tqdm-4.70.1-py3-none-any.whl (80 kB)\n"}
,{"stream_name":"stdout","time":65.428942853,"data":"Downloading ml_collections-1.1.0-py3-none-any.whl (76 kB)\n"}
,{"stream_name":"stdout","time":65.435321784,"data":"Downloading mudata-0.3.10-py3-none-any.whl (43 kB)\n"}
,{"stream_name":"stdout","time":65.442262522,"data":"Downloading scverse_misc-0.0.3-py3-none-any.whl (8.8 kB)\n"}
,{"stream_name":"stdout","time":65.447200609,"data":"Downloading numba-0.67.0-cp311-cp311-manylinux2014_x86_64.manylinux_2_17_x86_64.whl (3.8 MB)\n"}
,{"stream_name":"stdout","time":65.459367601,"data":"   ━━━━━━━━━━━━━━━━━━━━━━━━━━━━━━━━━━━━━━━━ 3.8/3.8 MB 398.5 MB/s  0:00:00\n"}
,{"stream_name":"stdout","time":65.466377154,"data":"Downloading llvmlite-0.49.0-cp311-cp311-manylinux2014_x86_64.manylinux_2_17_x86_64.whl (59.9 MB)\n"}
,{"stream_name":"stdout","time":65.617668547,"data":"   ━━━━━━━━━━━━━━━━━━━━━━━━━━━━━━━━━━━━━━━━ 59.9/59.9 MB 403.1 MB/s  0:00:00\n"}
,{"stream_name":"stdout","time":65.624406445,"data":"Downloading numpyro-0.22.0-py3-none-any.whl (444 kB)\n"}
,{"stream_name":"stdout","time":65.629512884,"data":"Downloading jax-0.7.1-py3-none-any.whl (2.8 MB)\n"}
,{"stream_name":"stdout","time":65.6539202,"data":"   ━━━━━━━━━━━━━━━━━━━━━━━━━━━━━━━━━━━━━━━━ 2.8/2.8 MB 127.8 MB/s  0:00:00\n"}
,{"stream_name":"stdout","time":65.660803832,"data":"Downloading jaxlib-0.7.1-cp311-cp311-manylinux_2_27_x86_64.whl (81.1 MB)\n"}
,{"stream_name":"stdout","time":66.389314008,"data":"   ━━━━━━━━━━━━━━━━━━━━━━━━━━━━━━━━━━━━━━━━ 81.1/81.1 MB 111.6 MB/s  0:00:00\n"}
,{"stream_name":"stdout","time":66.394891997,"data":"Downloading ml_dtypes-0.5.4-cp311-cp311-manylinux_2_27_x86_64.manylinux_2_28_x86_64.whl (5.0 MB)\n"}
,{"stream_name":"stdout","time":66.445770166,"data":"   ━━━━━━━━━━━━━━━━━━━━━━━━━━━━━━━━━━━━━━━━ 5.0/5.0 MB 110.9 MB/s  0:00:00\n"}
,{"stream_name":"stdout","time":66.450886909,"data":"Downloading propcache-0.5.4-cp311-cp311-manylinux2014_x86_64.manylinux_2_17_x86_64.manylinux_2_28_x86_64.whl (235 kB)\n"}
,{"stream_name":"stdout","time":66.45875488,"data":"Downloading pyro_ppl-1.9.1-py3-none-any.whl (755 kB)\n"}
,{"stream_name":"stdout","time":66.46214993,"data":"   ━━━━━━━━━━━━━━━━━━━━━━━━━━━━━━━━━━━━━━━━ 756.0/756.0 kB 481.2 MB/s  0:00:00\n"}
,{"stream_name":"stdout","time":66.4666934,"data":"Downloading opt_einsum-3.4.0-py3-none-any.whl (71 kB)\n"}
,{"stream_name":"stdout","time":66.475545969,"data":"Downloading pyro_api-0.1.2-py3-none-any.whl (11 kB)\n"}
,{"stream_name":"stdout","time":66.479881349,"data":"Downloading python_dateutil-2.9.0.post0-py2.py3-none-any.whl (229 kB)\n"}
,{"stream_name":"stdout","time":66.485164037,"data":"Downloading pytz-2026.4-py2.py3-none-any.whl (506 kB)\n"}
,{"stream_name":"stdout","time":66.490532725,"data":"Downloading rich-15.0.0-py3-none-any.whl (310 kB)\n"}
,{"stream_name":"stdout","time":66.496947591,"data":"Downloading pygments-2.21.0-py3-none-any.whl (1.3 MB)\n"}
,{"stream_name":"stdout","time":66.501421767,"data":"   ━━━━━━━━━━━━━━━━━━━━━━━━━━━━━━━━━━━━━━━━ 1.3/1.3 MB 501.8 MB/s  0:00:00\n"}
,{"stream_name":"stdout","time":66.505478429,"data":"Downloading markdown_it_py-4.2.0-py3-none-any.whl (91 kB)\n"}
,{"stream_name":"stdout","time":66.509900638,"data":"Downloading mdurl-0.1.2-py3-none-any.whl (10.0 kB)\n"}
,{"stream_name":"stdout","time":66.514806104,"data":"Downloading scikit_learn-1.9.1-cp311-cp311-manylinux_2_27_x86_64.manylinux_2_28_x86_64.whl (9.3 MB)\n"}
,{"stream_name":"stdout","time":66.545940517,"data":"   ━━━━━━━━━━━━━━━━━━━━━━━━━━━━━━━━━━━━━━━━ 9.3/9.3 MB 317.5 MB/s  0:00:00\n"}
,{"stream_name":"stdout","time":66.550447346,"data":"Downloading joblib-1.6.0-py3-none-any.whl (306 kB)\n"}
,{"stream_name":"stdout","time":66.556347491,"data":"Downloading cloudpickle-3.1.2-py3-none-any.whl (22 kB)\n"}
,{"stream_name":"stdout","time":66.561602306,"data":"Downloading narwhals-2.26.0-py3-none-any.whl (474 kB)\n"}
,{"stream_name":"stdout","time":66.567172895,"data":"Downloading sentry_sdk-2.71.0-py3-none-any.whl (534 kB)\n"}
,{"stream_name":"stdout","time":66.570477148,"data":"   ━━━━━━━━━━━━━━━━━━━━━━━━━━━━━━━━━━━━━━━━ 534.3/534.3 kB 408.1 MB/s  0:00:00\n"}
,{"stream_name":"stdout","time":66.576002614,"data":"Downloading six-1.17.0-py2.py3-none-any.whl (11 kB)\n"}
,{"stream_name":"stdout","time":66.582393541,"data":"Downloading sparse-0.19.2-py2.py3-none-any.whl (155 kB)\n"}
,{"stream_name":"stdout","time":66.587561791,"data":"Downloading tensorboard-2.21.0-py3-none-any.whl (5.5 MB)\n"}
,{"stream_name":"stdout","time":66.637473808,"data":"   ━━━━━━━━━━━━━━━━━━━━━━━━━━━━━━━━━━━━━━━━ 5.5/5.5 MB 115.4 MB/s  0:00:00\n"}
,{"stream_name":"stdout","time":66.642242166,"data":"Downloading grpcio-1.84.0-cp311-cp311-manylinux2014_x86_64.manylinux_2_17_x86_64.whl (7.2 MB)\n"}
,{"stream_name":"stdout","time":66.658955745,"data":"   ━━━━━━━━━━━━━━━━━━━━━━━━━━━━━━━━━━━━━━━━ 7.2/7.2 MB 507.7 MB/s  0:00:00\n"}
,{"stream_name":"stdout","time":66.663829847,"data":"Downloading tensorboard_data_server-0.7.2-py3-none-manylinux_2_31_x86_64.whl (6.6 MB)\n"}
,{"stream_name":"stdout","time":66.729222705,"data":"   ━━━━━━━━━━━━━━━━━━━━━━━━━━━━━━━━━━━━━━━━ 6.6/6.6 MB 104.6 MB/s  0:00:00\n"}
,{"stream_name":"stdout","time":66.734547112,"data":"Downloading absl_py-2.5.0-py3-none-any.whl (137 kB)\n"}
,{"stream_name":"stdout","time":66.739829853,"data":"Downloading markdown-3.11-py3-none-any.whl (111 kB)\n"}
,{"stream_name":"stdout","time":66.746596099,"data":"Downloading threadpoolctl-3.7.0-py3-none-any.whl (26 kB)\n"}
,{"stream_name":"stdout","time":66.751867033,"data":"Downloading typing_inspection-0.4.4-py3-none-any.whl (14 kB)\n"}
,{"stream_name":"stdout","time":66.757380614,"data":"Downloading tzdata-2026.4-py2.py3-none-any.whl (347 kB)\n"}
,{"stream_name":"stdout","time":66.763468625,"data":"Downloading werkzeug-3.1.9-py3-none-any.whl (228 kB)\n"}
,{"stream_name":"stdout","time":66.769214799,"data":"Downloading markupsafe-3.0.3-cp311-cp311-manylinux2014_x86_64.manylinux_2_17_x86_64.manylinux_2_28_x86_64.whl (22 kB)\n"}
,{"stream_name":"stdout","time":66.774953379,"data":"Downloading xarray-2026.7.0-py3-none-any.whl (1.4 MB)\n"}
,{"stream_name":"stdout","time":66.795348945,"data":"   ━━━━━━━━━━━━━━━━━━━━━━━━━━━━━━━━━━━━━━━━ 1.4/1.4 MB 70.8 MB/s  0:00:00\n"}
,{"stream_name":"stdout","time":66.800124772,"data":"Downloading filelock-4.0.6-py3-none-any.whl (109 kB)\n"}
,{"stream_name":"stdout","time":66.805563955,"data":"Downloading flax-0.12.0-py3-none-any.whl (466 kB)\n"}
,{"stream_name":"stdout","time":66.811745891,"data":"Downloading treescope-0.1.10-py3-none-any.whl (182 kB)\n"}
,{"stream_name":"stdout","time":66.817528856,"data":"Downloading jinja2-3.1.6-py3-none-any.whl (134 kB)\n"}
,{"stream_name":"stdout","time":66.822530235,"data":"Downloading msgpack-1.2.3-cp311-cp311-manylinux2014_x86_64.manylinux_2_17_x86_64.manylinux_2_28_x86_64.whl (477 kB)\n"}
,{"stream_name":"stdout","time":66.827735396,"data":"Downloading multipledispatch-1.0.0-py3-none-any.whl (12 kB)\n"}
,{"stream_name":"stdout","time":66.832393638,"data":"Downloading natsort-8.4.0-py3-none-any.whl (38 kB)\n"}
,{"stream_name":"stdout","time":66.837363797,"data":"Downloading networkx-3.6.1-py3-none-any.whl (2.1 MB)\n"}
,{"stream_name":"stdout","time":66.845022681,"data":"   ━━━━━━━━━━━━━━━━━━━━━━━━━━━━━━━━━━━━━━━━ 2.1/2.1 MB 385.4 MB/s  0:00:00\n"}
,{"stream_name":"stdout","time":66.849973146,"data":"Downloading optax-0.2.8-py3-none-any.whl (402 kB)\n"}
,{"stream_name":"stdout","time":66.866783504,"data":"Downloading orbax_checkpoint-0.12.6-py3-none-any.whl (1.4 MB)\n"}
,{"stream_name":"stdout","time":66.873134436,"data":"   ━━━━━━━━━━━━━━━━━━━━━━━━━━━━━━━━━━━━━━━━ 1.4/1.4 MB 299.2 MB/s  0:00:00\n"}
,{"stream_name":"stdout","time":66.87766866,"data":"Downloading prometheus_client-0.26.0-py3-none-any.whl (64 kB)\n"}
,{"stream_name":"stdout","time":66.88239269,"data":"Downloading simplejson-4.1.2-cp311-cp311-manylinux1_x86_64.manylinux_2_28_x86_64.manylinux_2_5_x86_64.whl (187 kB)\n"}
,{"stream_name":"stdout","time":66.893449673,"data":"Downloading tensorstore-0.1.85-cp311-cp311-manylinux_2_27_x86_64.manylinux_2_28_x86_64.whl (21.6 MB)\n"}
,{"stream_name":"stdout","time":67.035684452,"data":"   ━━━━━━━━━━━━━━━━━━━━━━━━━━━━━━━━━━━━━━━━ 21.6/21.6 MB 153.8 MB/s  0:00:00\n"}
,{"stream_name":"stdout","time":67.040238685,"data":"Downloading aiofiles-25.1.0-py3-none-any.whl (14 kB)\n"}
,{"stream_name":"stdout","time":67.045034792,"data":"Downloading etils-1.14.0-py3-none-any.whl (172 kB)\n"}
,{"stream_name":"stdout","time":67.051718177,"data":"Downloading humanize-4.16.0-py3-none-any.whl (137 kB)\n"}
,{"stream_name":"stdout","time":67.057156919,"data":"Downloading pillow-12.3.0-cp311-cp311-manylinux_2_27_x86_64.manylinux_2_28_x86_64.whl (6.9 MB)\n"}
,{"stream_name":"stdout","time":67.073649338,"data":"   ━━━━━━━━━━━━━━━━━━━━━━━━━━━━━━━━━━━━━━━━ 6.9/6.9 MB 501.8 MB/s  0:00:00\n"}
,{"stream_name":"stdout","time":67.078079066,"data":"Downloading platformdirs-4.12.2-py3-none-any.whl (32 kB)\n"}
,{"stream_name":"stdout","time":67.084803472,"data":"Downloading session_info2-0.4.1-py3-none-any.whl (17 kB)\n"}
,{"stream_name":"stdout","time":67.089065747,"data":"Downloading setproctitle-1.3.7-cp311-cp311-manylinux1_x86_64.manylinux_2_28_x86_64.manylinux_2_5_x86_64.whl (32 kB)\n"}
,{"stream_name":"stdout","time":67.095134974,"data":"Downloading uvloop-0.22.1-cp311-cp311-manylinux2014_x86_64.manylinux_2_17_x86_64.manylinux_2_28_x86_64.whl (3.8 MB)\n"}
,{"stream_name":"stdout","time":67.105056046,"data":"   ━━━━━━━━━━━━━━━━━━━━━━━━━━━━━━━━━━━━━━━━ 3.8/3.8 MB 527.4 MB/s  0:00:00\n"}
,{"stream_name":"stdout","time":67.109924731,"data":"Downloading zipp-4.1.0-py3-none-any.whl (10 kB)\n"}
,{"stream_name":"stdout","time":79.873896128,"data":"Building wheels for collected packages: arc-stack, geomloss, docrep\n"}
,{"stream_name":"stdout","time":79.874947856,"data":"  Building wheel for arc-stack (pyproject.toml): started\n"}
,{"stream_name":"stdout","time":80.134784036,"data":"  Building wheel for arc-stack (pyproject.toml): finished with status 'done'\n"}
,{"stream_name":"stdout","time":80.135630041,"data":"  Created wheel for arc-stack: filename=arc_stack-0.1.3-py3-none-any.whl size=112191 sha256=1c7b8fe162b9fe5fe6ec5784eff041cb2d14fd03284dcde877429eea65261efa\n"}
,{"stream_name":"stdout","time":80.136393209,"data":"  Stored in directory: /tmp/pip-ephem-wheel-cache-h3yly8ir/wheels/de/7e/30/38f151ed37a15f07c24827f95adb2c361d8002b3607b1bfc8e\n"}
,{"stream_name":"stdout","time":80.144468382,"data":"  Building wheel for geomloss (pyproject.toml): started\n"}
,{"stream_name":"stdout","time":80.380202797,"data":"  Building wheel for geomloss (pyproject.toml): finished with status 'done'\n"}
,{"stream_name":"stdout","time":80.381457941,"data":"  Created wheel for geomloss: filename=geomloss-0.2.6-py3-none-any.whl size=32343 sha256=40dc09c3a84fd40afd04a0789ec6a154f20755731facb7ee87630b23fac9fef5\n"}
,{"stream_name":"stdout","time":80.382413291,"data":"  Stored in directory: /tmp/pip-ephem-wheel-cache-h3yly8ir/wheels/f5/cf/07/9d1d883feac2951b968fed8ef676842dc90b9860ea49a4dcac\n"}
,{"stream_name":"stdout","time":80.384234227,"data":"  Building wheel for docrep (pyproject.toml): started\n"}
,{"stream_name":"stdout","time":80.621906007,"data":"  Building wheel for docrep (pyproject.toml): finished with status 'done'\n"}
,{"stream_name":"stdout","time":80.623238117,"data":"  Created wheel for docrep: filename=docrep-0.3.2-py3-none-any.whl size=19972 sha256=0b5d68f54bb5e1b2fb54dbb2245ca921ef10d2765b6e77e368a62079db2ab13d\n"}
,{"stream_name":"stdout","time":80.624552576,"data":"  Stored in directory: /tmp/pip-ephem-wheel-cache-h3yly8ir/wheels/06/76/8f/0ecb7d357c0bff71a2bd1940671be2d07a200752da9189bb55\n"}
,{"stream_name":"stdout","time":80.625499193,"data":"Successfully built arc-stack geomloss docrep\n"}
,{"stream_name":"stdout","time":81.023054711,"data":"Installing collected packages: pytz, pyro-api, multipledispatch, mpmath, zipp, uvloop, urllib3, tzdata, typing-extensions, tqdm, threadpoolctl, tensorboard-data-server, sympy, smmap, six, simplejson, setproctitle, session-info2, PyYAML, pygments, psutil, protobuf, propcache, prometheus-client, platformdirs, pillow, opt_einsum, nvidia-nvtx-cu12, nvidia-nvjitlink-cu12, nvidia-nccl-cu12, nvidia-curand-cu12, nvidia-cufft-cu12, nvidia-cuda-runtime-cu12, nvidia-cuda-nvrtc-cu12, nvidia-cuda-cupti-cu12, nvidia-cublas-cu12, numpy, networkx, natsort, narwhals, multidict, msgpack, mdurl, markupsafe, markdown, llvmlite, idna, humanize, fsspec, frozenlist, filelock, etils, cloudpickle, click, charset_normalizer, certifi, attrs, array-api-compat, annotated-types, aiohappyeyeballs, aiofiles, absl-py, yarl, werkzeug, typing-inspection, triton, treescope, sentry-sdk, scverse-misc, scipy, requests, python-dateutil, pydantic-core, nvidia-cusparse-cu12, nvidia-cudnn-cu12, numba, ml_dtypes, ml-collections, markdown-it-py, lightning-utilities, joblib, jinja2, h5py, grpcio, gitdb, docrep, docker-pycreds, aiosignal, tensorstore, tensorboard, sparse, scikit-learn, rich, pydantic, pandas, nvidia-cusolver-cu12, jaxlib, gitpython, aiohttp, xarray, wandb, torch, jax, anndata, torchmetrics, pyro-ppl, orbax-checkpoint, optax, numpyro, mudata, geomloss, pytorch-lightning, flax, lightning, scvi-tools, arc-stack\n"}
,{"stream_name":"stdout","time":216.040197623,"data":"\n"}
,{"stream_name":"stdout","time":216.04112589,"data":"Successfully installed PyYAML-6.0.2 absl-py-2.5.0 aiofiles-25.1.0 aiohappyeyeballs-2.7.1 aiohttp-3.14.3 aiosignal-1.4.0 anndata-0.11.4 annotated-types-0.8.0 arc-stack-0.1.3 array-api-compat-1.15.0 attrs-26.1.0 certifi-2026.7.22 charset_normalizer-3.5.1 click-8.5.0 cloudpickle-3.1.2 docker-pycreds-0.4.0 docrep-0.3.2 etils-1.14.0 filelock-4.0.6 flax-0.12.0 frozenlist-1.8.0 fsspec-2026.9.0 geomloss-0.2.6 gitdb-4.0.12 gitpython-3.1.62 grpcio-1.84.0 h5py-3.12.1 humanize-4.16.0 idna-3.20 jax-0.7.1 jaxlib-0.7.1 jinja2-3.1.6 joblib-1.6.0 lightning-2.6.6 lightning-utilities-0.15.3 llvmlite-0.49.0 markdown-3.11 markdown-it-py-4.2.0 markupsafe-3.0.3 mdurl-0.1.2 ml-collections-1.1.0 ml_dtypes-0.5.4 mpmath-1.3.0 msgpack-1.2.3 mudata-0.3.10 multidict-6.9.1 multipledispatch-1.0.0 narwhals-2.26.0 natsort-8.4.0 networkx-3.6.1 numba-0.67.0 numpy-1.26.4 numpyro-0.22.0 nvidia-cublas-cu12-12.4.5.8 nvidia-cuda-cupti-cu12-12.4.127 nvidia-cuda-nvrtc-cu12-12.4.127 nvidia-cuda-runtime-cu12-12.4.127 nvidia-cudnn-cu12-9.1.0.70 nvidia-cufft-cu12-11.2.1.3 nvidia-curand-cu12-10.3.5.147 nvidia-cusolver-cu12-11.6.1.9 nvidia-cusparse-cu12-12.3.1.170 nvidia-nccl-cu12-2.21.5 nvidia-nvjitlink-cu12-12.4.127 nvidia-nvtx-cu12-12.4.127 opt_einsum-3.4.0 optax-0.2.8 orbax-checkpoint-0.12.6 pandas-2.2.3 pillow-12.3.0 platformdirs-4.12.2 prometheus-client-0.26.0 propcache-0.5.4 protobuf-6.33.6 psutil-6.1.1 pydantic-2.13.5 pydantic-core-2.46.5 pygments-2.21.0 pyro-api-0.1.2 pyro-ppl-1.9.1 python-dateutil-2.9.0.post0 pytorch-lightning-2.5.0 pytz-2026.4 requests-2.34.2 rich-15.0.0 scikit-learn-1.9.1 scipy-1.14.1 scverse-misc-0.0.3 scvi-tools-1.2.2 sentry-sdk-2.71.0 session-info2-0.4.1 setproctitle-1.3.7 simplejson-4.1.2 six-1.17.0 smmap-5.0.3 sparse-0.19.2 sympy-1.13.1 tensorboard-2.21.0 tensorboard-data-server-0.7.2 tensorstore-0.1.85 threadpoolctl-3.7.0 torch-2.5.1 torchmetrics-1.9.0 tqdm-4.70.1 treescope-0.1.10 triton-3.1.0 typing-extensions-4.16.0 typing-inspection-0.4.4 tzdata-2026.4 urllib3-2.8.0 uvloop-0.22.1 wandb-0.19.10 werkzeug-3.1.9 xarray-2026.7.0 yarl-1.25.1 zipp-4.1.0\n"}
,{"stream_name":"stdout","time":217.404258698,"data":"Collecting pooch==1.8.2\n"}
,{"stream_name":"stdout","time":217.430173881,"data":"  Downloading pooch-1.8.2-py3-none-any.whl.metadata (10 kB)\n"}
,{"stream_name":"stdout","time":217.442715341,"data":"Downloading pooch-1.8.2-py3-none-any.whl (64 kB)\n"}
,{"stream_name":"stdout","time":217.46465441,"data":"Installing collected packages: pooch\n"}
,{"stream_name":"stdout","time":217.545369838,"data":"Successfully installed pooch-1.8.2\n"}
,{"stream_name":"stdout","time":218.117851639,"data":"No broken requirements found.\n"}
,{"stream_name":"stdout","time":218.456907686,"data":"absl-py==2.5.0\n"}
,{"stream_name":"stdout","time":218.457943886,"data":"aiofiles==25.1.0\n"}
,{"stream_name":"stdout","time":218.458877029,"data":"aiohappyeyeballs==2.7.1\n"}
,{"stream_name":"stdout","time":218.459761913,"data":"aiohttp==3.14.3\n"}
,{"stream_name":"stdout","time":218.460771452,"data":"aiosignal==1.4.0\n"}
,{"stream_name":"stdout","time":218.461668918,"data":"anndata==0.11.4\n"}
,{"stream_name":"stdout","time":218.462559941,"data":"annotated-types==0.8.0\n"}
,{"stream_name":"stdout","time":218.46353943,"data":"arc-stack @ git+https://github.com/ArcInstitute/stack.git@cacc2e4b09435c3e536d46237d10b50f222dd144\n"}
,{"stream_name":"stdout","time":218.464573121,"data":"array-api-compat==1.15.0\n"}
,{"stream_name":"stdout","time":218.465610734,"data":"attrs==26.1.0\n"}
,{"stream_name":"stdout","time":218.466459902,"data":"certifi==2026.7.22\n"}
,{"stream_name":"stdout","time":218.467447927,"data":"charset-normalizer==3.5.1\n"}
,{"stream_name":"stdout","time":218.468347226,"data":"click==8.5.0\n"}
,{"stream_name":"stdout","time":218.469269903,"data":"cloudpickle==3.1.2\n"}
,{"stream_name":"stdout","time":218.470207394,"data":"docker-pycreds==0.4.0\n"}
,{"stream_name":"stdout","time":218.471292321,"data":"docrep==0.3.2\n"}
,{"stream_name":"stdout","time":218.472209454,"data":"etils==1.14.0\n"}
,{"stream_name":"stdout","time":218.473093273,"data":"filelock==4.0.6\n"}
,{"stream_name":"stdout","time":218.47399067999999,"data":"flax==0.12.0\n"}
,{"stream_name":"stdout","time":218.474953651,"data":"frozenlist==1.8.0\n"}
,{"stream_name":"stdout","time":218.475932874,"data":"fsspec==2026.9.0\n"}
,{"stream_name":"stdout","time":218.476811755,"data":"geomloss==0.2.6\n"}
,{"stream_name":"stdout","time":218.477750205,"data":"gitdb==4.0.12\n"}
,{"stream_name":"stdout","time":218.478638923,"data":"GitPython==3.1.62\n"}
,{"stream_name":"stdout","time":218.479608288,"data":"grpcio==1.84.0\n"}
,{"stream_name":"stdout","time":218.480654133,"data":"h5py==3.12.1\n"}
,{"stream_name":"stdout","time":218.481508313,"data":"humanize==4.16.0\n"}
,{"stream_name":"stdout","time":218.482423908,"data":"idna==3.20\n"}
,{"stream_name":"stdout","time":218.483391926,"data":"jax==0.7.1\n"}
,{"stream_name":"stdout","time":218.484303935,"data":"jaxlib==0.7.1\n"}
,{"stream_name":"stdout","time":218.485337527,"data":"Jinja2==3.1.6\n"}
,{"stream_name":"stdout","time":218.48618319,"data":"joblib==1.6.0\n"}
,{"stream_name":"stdout","time":218.48711135,"data":"lightning==2.6.6\n"}
,{"stream_name":"stdout","time":218.488107222,"data":"lightning-utilities==0.15.3\n"}
,{"stream_name":"stdout","time":218.48897893,"data":"llvmlite==0.49.0\n"}
,{"stream_name":"stdout","time":218.489907327,"data":"Markdown==3.11\n"}
,{"stream_name":"stdout","time":218.4908691,"data":"markdown-it-py==4.2.0\n"}
,{"stream_name":"stdout","time":218.491717192,"data":"MarkupSafe==3.0.3\n"}
,{"stream_name":"stdout","time":218.492679189,"data":"mdurl==0.1.2\n"}
,{"stream_name":"stdout","time":218.493705898,"data":"ml_collections==1.1.0\n"}
,{"stream_name":"stdout","time":218.494549227,"data":"ml_dtypes==0.5.4\n"}
,{"stream_name":"stdout","time":218.495482106,"data":"mpmath==1.3.0\n"}
,{"stream_name":"stdout","time":218.496406458,"data":"msgpack==1.2.3\n"}
,{"stream_name":"stdout","time":218.497443047,"data":"mudata==0.3.10\n"}
,{"stream_name":"stdout","time":218.498508931,"data":"multidict==6.9.1\n"}
,{"stream_name":"stdout","time":218.499422776,"data":"multipledispatch==1.0.0\n"}
,{"stream_name":"stdout","time":218.50040518,"data":"narwhals==2.26.0\n"}
,{"stream_name":"stdout","time":218.501422987,"data":"natsort==8.4.0\n"}
,{"stream_name":"stdout","time":218.502334807,"data":"networkx==3.6.1\n"}
,{"stream_name":"stdout","time":218.503307882,"data":"numba==0.67.0\n"}
,{"stream_name":"stdout","time":218.504081882,"data":"numpy==1.26.4\n"}
,{"stream_name":"stdout","time":218.505071424,"data":"numpyro==0.22.0\n"}
,{"stream_name":"stdout","time":218.505952346,"data":"nvidia-cublas-cu12==12.4.5.8\n"}
,{"stream_name":"stdout","time":218.50694149,"data":"nvidia-cuda-cupti-cu12==12.4.127\n"}
,{"stream_name":"stdout","time":218.50771157,"data":"nvidia-cuda-nvrtc-cu12==12.4.127\n"}
,{"stream_name":"stdout","time":218.508467234,"data":"nvidia-cuda-runtime-cu12==12.4.127\n"}
,{"stream_name":"stdout","time":218.509241683,"data":"nvidia-cudnn-cu12==9.1.0.70\n"}
,{"stream_name":"stdout","time":218.510048975,"data":"nvidia-cufft-cu12==11.2.1.3\n"}
,{"stream_name":"stdout","time":218.511074628,"data":"nvidia-curand-cu12==10.3.5.147\n"}
,{"stream_name":"stdout","time":218.512045044,"data":"nvidia-cusolver-cu12==11.6.1.9\n"}
,{"stream_name":"stdout","time":218.512924641,"data":"nvidia-cusparse-cu12==12.3.1.170\n"}
,{"stream_name":"stdout","time":218.513863417,"data":"nvidia-nccl-cu12==2.21.5\n"}
,{"stream_name":"stdout","time":218.514724928,"data":"nvidia-nvjitlink-cu12==12.4.127\n"}
,{"stream_name":"stdout","time":218.515674458,"data":"nvidia-nvtx-cu12==12.4.127\n"}
,{"stream_name":"stdout","time":218.516520667,"data":"opt_einsum==3.4.0\n"}
,{"stream_name":"stdout","time":218.517409436,"data":"optax==0.2.8\n"}
,{"stream_name":"stdout","time":218.51827308,"data":"orbax-checkpoint==0.12.6\n"}
,{"stream_name":"stdout","time":218.519192226,"data":"packaging==26.3\n"}
,{"stream_name":"stdout","time":218.520087108,"data":"pandas==2.2.3\n"}
,{"stream_name":"stdout","time":218.520994275,"data":"pillow==12.3.0\n"}
,{"stream_name":"stdout","time":218.52191613,"data":"platformdirs==4.12.2\n"}
,{"stream_name":"stdout","time":218.522803114,"data":"pooch==1.8.2\n"}
,{"stream_name":"stdout","time":218.523675162,"data":"prometheus_client==0.26.0\n"}
,{"stream_name":"stdout","time":218.524579351,"data":"propcache==0.5.4\n"}
,{"stream_name":"stdout","time":218.525502835,"data":"protobuf==6.33.6\n"}
,{"stream_name":"stdout","time":218.526433386,"data":"psutil==6.1.1\n"}
,{"stream_name":"stdout","time":218.527403269,"data":"pydantic==2.13.5\n"}
,{"stream_name":"stdout","time":218.528402401,"data":"pydantic_core==2.46.5\n"}
,{"stream_name":"stdout","time":218.529252256,"data":"Pygments==2.21.0\n"}
,{"stream_name":"stdout","time":218.529949434,"data":"pyro-api==0.1.2\n"}
,{"stream_name":"stdout","time":218.530776253,"data":"pyro-ppl==1.9.1\n"}
,{"stream_name":"stdout","time":218.531571816,"data":"python-dateutil==2.9.0.post0\n"}
,{"stream_name":"stdout","time":218.532369441,"data":"pytorch-lightning==2.5.0\n"}
,{"stream_name":"stdout","time":218.533079688,"data":"pytz==2026.4\n"}
,{"stream_name":"stdout","time":218.533817073,"data":"PyYAML==6.0.2\n"}
,{"stream_name":"stdout","time":218.534607465,"data":"requests==2.34.2\n"}
,{"stream_name":"stdout","time":218.535416445,"data":"rich==15.0.0\n"}
,{"stream_name":"stdout","time":218.53614014,"data":"scikit-learn==1.9.1\n"}
,{"stream_name":"stdout","time":218.536795039,"data":"scipy==1.14.1\n"}
,{"stream_name":"stdout","time":218.537462052,"data":"scverse-misc==0.0.3\n"}
,{"stream_name":"stdout","time":218.53818289,"data":"scvi-tools==1.2.2\n"}
,{"stream_name":"stdout","time":218.538875942,"data":"sentry-sdk==2.71.0\n"}
,{"stream_name":"stdout","time":218.539584824,"data":"session-info2==0.4.1\n"}
,{"stream_name":"stdout","time":218.540308457,"data":"setproctitle==1.3.7\n"}
,{"stream_name":"stdout","time":218.541241334,"data":"simplejson==4.1.2\n"}
,{"stream_name":"stdout","time":218.542237255,"data":"six==1.17.0\n"}
,{"stream_name":"stdout","time":218.543071437,"data":"smmap==5.0.3\n"}
,{"stream_name":"stdout","time":218.543799943,"data":"sparse==0.19.2\n"}
,{"stream_name":"stdout","time":218.544491701,"data":"sympy==1.13.1\n"}
,{"stream_name":"stdout","time":218.545220495,"data":"tensorboard==2.21.0\n"}
,{"stream_name":"stdout","time":218.545909441,"data":"tensorboard-data-server==0.7.2\n"}
,{"stream_name":"stdout","time":218.546576478,"data":"tensorstore==0.1.85\n"}
,{"stream_name":"stdout","time":218.547314898,"data":"threadpoolctl==3.7.0\n"}
,{"stream_name":"stdout","time":218.54807578,"data":"torch==2.5.1\n"}
,{"stream_name":"stdout","time":218.548769644,"data":"torchmetrics==1.9.0\n"}
,{"stream_name":"stdout","time":218.549461331,"data":"tqdm==4.70.1\n"}
,{"stream_name":"stdout","time":218.550168579,"data":"treescope==0.1.10\n"}
,{"stream_name":"stdout","time":218.550903064,"data":"triton==3.1.0\n"}
,{"stream_name":"stdout","time":218.551610039,"data":"typing-inspection==0.4.4\n"}
,{"stream_name":"stdout","time":218.552342596,"data":"typing_extensions==4.16.0\n"}
,{"stream_name":"stdout","time":218.553103549,"data":"tzdata==2026.4\n"}
,{"stream_name":"stdout","time":218.553859056,"data":"urllib3==2.8.0\n"}
,{"stream_name":"stdout","time":218.554622958,"data":"uvloop==0.22.1\n"}
,{"stream_name":"stdout","time":218.555473984,"data":"wandb==0.19.10\n"}
,{"stream_name":"stdout","time":218.5562027,"data":"Werkzeug==3.1.9\n"}
,{"stream_name":"stdout","time":218.556884558,"data":"xarray==2026.7.0\n"}
,{"stream_name":"stdout","time":218.557600137,"data":"yarl==1.25.1\n"}
,{"stream_name":"stdout","time":218.558570157,"data":"zipp==4.1.0\n"}
,{"stream_name":"stdout","time":220.927698637,"data":"...../tmp/lead_stack_scratch_r1/venv/lib/python3.11/site-packages/anndata/_core/aligned_df.py:68: ImplicitModificationWarning: Transforming to str index.\n"}
,{"stream_name":"stdout","time":220.928989352,"data":"  warnings.warn(\"Transforming to str index.\", ImplicitModificationWarning)\n"}
,{"stream_name":"stdout","time":220.941127293,"data":"/tmp/lead_stack_scratch_r1/venv/lib/python3.11/site-packages/anndata/_core/aligned_df.py:68: ImplicitModificationWarning: Transforming to str index.\n"}
,{"stream_name":"stdout","time":220.942988557,"data":"  warnings.warn(\"Transforming to str index.\", ImplicitModificationWarning)\n"}
,{"stream_name":"stdout","time":222.085166354,"data":"{\"bundle\": \"/tmp/tmpj4ibj7cf/bundle\", \"targets\": [\"T00\", \"T01\", \"T02\", \"T03\", \"T04\", \"T05\", \"T06\", \"T07\", \"T08\", \"T09\", \"T10\", \"T11\"], \"destination_truth_rows_read\": 0}\n"}
,{"stream_name":"stdout","time":222.097430123,"data":"..\n"}
,{"stream_name":"stdout","time":222.098709305,"data":"----------------------------------------------------------------------\n"}
,{"stream_name":"stdout","time":222.099459021,"data":"Ran 7 tests in 1.211s\n"}
,{"stream_name":"stdout","time":222.100199725,"data":"\n"}
,{"stream_name":"stdout","time":222.100901404,"data":"OK\n"}
,{"stream_name":"stdout","time":227.892711521,"data":"Stack/scvi imports OK\n"}
,{"stream_name":"stdout","time":230.962214341,"data":"{\"torch\": \"2.5.1+cu124\", \"cuda\": \"12.4\", \"gpu\": \"Tesla T4\", \"vram_bytes\": 15636037632}\n"}
,{"stream_name":"stdout","time":233.329978048,"data":"{\"setting\": \"anndata.settings.allow_write_nullable_strings=True\", \"anndata\": \"0.11.4\", \"roundtrips\": [{\"arm\": \"transfer\", \"counts_exact\": true, \"axis_exact\": true, \"labels_exact\": true}, {\"arm\": \"stack\", \"counts_exact\": true, \"axis_exact\": true, \"labels_exact\": true}]}\n"}
,{"stream_name":"stdout","time":233.729536303,"data":"Downloading pinned public model file: bc_large_aligned.ckpt\n"}
,{"stream_name":"stdout","time":261.298775351,"data":"Downloading pinned public model file: basecount_1000per_15000max.pkl\n"}
,{"stream_name":"stdout","time":274.834730998,"data":"/tmp/lead_stack_scratch_r1/venv/lib/python3.11/site-packages/stack/model_loading.py:47: FutureWarning: You are using `torch.load` with `weights_only=False` (the current default value), which uses the default pickle module implicitly. It is possible to construct malicious pickle data which will execute arbitrary code during unpickling (See https://github.com/pytorch/pytorch/blob/main/SECURITY.md#untrusted-models for more details). In a future release, the default value for `weights_only` will be flipped to `True`. This limits the functions that could be executed during unpickling. Arbitrary objects will no longer be allowed to be loaded via this mode unless they are explicitly allowlisted by the user via `torch.serialization.add_safe_globals`. We recommend you start setting `weights_only=True` for any use case where you don't have full control of the loaded file. Please open an issue on GitHub for any issues related to this experimental feature.\n"}
,{"stream_name":"stdout","time":274.836422569,"data":"  checkpoint = torch.load(checkpoint_path_obj, map_location=device)\n"}
,{"stream_name":"stdout","time":280.492509178,"data":"Masking ratio schedule: [0.8        0.6        0.39999998 0.19999999 0.        ]\n"}
,{"stream_name":"stdout","time":280.494095233,"data":"Context ratio schedule: [0.2  0.25 0.3  0.35 0.4 ]\n"}
,{"stream_name":"stdout","time":280.513574268,"data":"/tmp/lead_stack_scratch_r1/venv/lib/python3.11/site-packages/anndata/_core/anndata.py:1756: UserWarning: Observation names are not unique. To make them unique, call `.obs_names_make_unique`.\n"}
,{"stream_name":"stdout","time":280.514560965,"data":"  utils.warn_names_duplicates(\"obs\")\n"}
,{"stream_name":"stdout","time":280.524953179,"data":"/tmp/lead_stack_scratch_r1/venv/lib/python3.11/site-packages/anndata/_core/anndata.py:1756: UserWarning: Observation names are not unique. To make them unique, call `.obs_names_make_unique`.\n"}
,{"stream_name":"stdout","time":280.525932583,"data":"  utils.warn_names_duplicates(\"obs\")\n"}
,{"stream_name":"stdout","time":280.534315177,"data":"/tmp/lead_stack_scratch_r1/venv/lib/python3.11/site-packages/anndata/_core/anndata.py:1756: UserWarning: Observation names are not unique. To make them unique, call `.obs_names_make_unique`.\n"}
,{"stream_name":"stdout","time":280.535389614,"data":"  utils.warn_names_duplicates(\"obs\")\n"}
,{"stream_name":"stdout","time":280.536931091,"data":"'organism' column not found in obs, assuming all cells are valid\n"}
,{"stream_name":"stdout","time":281.703515707,"data":"Generation Step 1\n"}
,{"stream_name":"stdout","time":281.70478992,"data":"0.201171875\n"}
,{"stream_name":"stdout","time":281.72097135,"data":"/tmp/lead_stack_scratch_r1/venv/lib/python3.11/site-packages/anndata/_core/anndata.py:1756: UserWarning: Observation names are not unique. To make them unique, call `.obs_names_make_unique`.\n"}
,{"stream_name":"stdout","time":281.722214118,"data":"  utils.warn_names_duplicates(\"obs\")\n"}
,{"stream_name":"stdout","time":281.732674109,"data":"/tmp/lead_stack_scratch_r1/venv/lib/python3.11/site-packages/anndata/_core/anndata.py:1756: UserWarning: Observation names are not unique. To make them unique, call `.obs_names_make_unique`.\n"}
,{"stream_name":"stdout","time":281.73399615,"data":"  utils.warn_names_duplicates(\"obs\")\n"}
,{"stream_name":"stdout","time":281.742227193,"data":"/tmp/lead_stack_scratch_r1/venv/lib/python3.11/site-packages/anndata/_core/anndata.py:1756: UserWarning: Observation names are not unique. To make them unique, call `.obs_names_make_unique`.\n"}
,{"stream_name":"stdout","time":281.743108813,"data":"  utils.warn_names_duplicates(\"obs\")\n"}
,{"stream_name":"stdout","time":281.744955039,"data":"'organism' column not found in obs, assuming all cells are valid\n"}
,{"stream_name":"stdout","time":282.561425018,"data":"Generation Step 2\n"}
,{"stream_name":"stdout","time":282.563190881,"data":"0.169921875\n"}
,{"stream_name":"stdout","time":282.578189687,"data":"/tmp/lead_stack_scratch_r1/venv/lib/python3.11/site-packages/anndata/_core/anndata.py:1756: UserWarning: Observation names are not unique. To make them unique, call `.obs_names_make_unique`.\n"}
,{"stream_name":"stdout","time":282.579167115,"data":"  utils.warn_names_duplicates(\"obs\")\n"}
,{"stream_name":"stdout","time":282.590079683,"data":"/tmp/lead_stack_scratch_r1/venv/lib/python3.11/site-packages/anndata/_core/anndata.py:1756: UserWarning: Observation names are not unique. To make them unique, call `.obs_names_make_unique`.\n"}
,{"stream_name":"stdout","time":282.591108604,"data":"  utils.warn_names_duplicates(\"obs\")\n"}
,{"stream_name":"stdout","time":282.60112698,"data":"/tmp/lead_stack_scratch_r1/venv/lib/python3.11/site-packages/anndata/_core/anndata.py:1756: UserWarning: Observation names are not unique. To make them unique, call `.obs_names_make_unique`.\n"}
,{"stream_name":"stdout","time":282.603110424,"data":"  utils.warn_names_duplicates(\"obs\")\n"}
,{"stream_name":"stdout","time":282.613992891,"data":"/tmp/lead_stack_scratch_r1/venv/lib/python3.11/site-packages/anndata/_core/anndata.py:1756: UserWarning: Observation names are not unique. To make them unique, call `.obs_names_make_unique`.\n"}
,{"stream_name":"stdout","time":282.615392001,"data":"  utils.warn_names_duplicates(\"obs\")\n"}
,{"stream_name":"stdout","time":282.616380975,"data":"'organism' column not found in obs, assuming all cells are valid\n"}
,{"stream_name":"stdout","time":283.681009875,"data":"Generation Step 3\n"}
,{"stream_name":"stdout","time":283.681780837,"data":"0.224609375\n"}
,{"stream_name":"stdout","time":283.699081042,"data":"/tmp/lead_stack_scratch_r1/venv/lib/python3.11/site-packages/anndata/_core/anndata.py:1756: UserWarning: Observation names are not unique. To make them unique, call `.obs_names_make_unique`.\n"}
,{"stream_name":"stdout","time":283.699780709,"data":"  utils.warn_names_duplicates(\"obs\")\n"}
,{"stream_name":"stdout","time":283.710430298,"data":"/tmp/lead_stack_scratch_r1/venv/lib/python3.11/site-packages/anndata/_core/anndata.py:1756: UserWarning: Observation names are not unique. To make them unique, call `.obs_names_make_unique`.\n"}
,{"stream_name":"stdout","time":283.711187722,"data":"  utils.warn_names_duplicates(\"obs\")\n"}
,{"stream_name":"stdout","time":283.721642778,"data":"/tmp/lead_stack_scratch_r1/venv/lib/python3.11/site-packages/anndata/_core/anndata.py:1756: UserWarning: Observation names are not unique. To make them unique, call `.obs_names_make_unique`.\n"}
,{"stream_name":"stdout","time":283.722430741,"data":"  utils.warn_names_duplicates(\"obs\")\n"}
,{"stream_name":"stdout","time":283.733659482,"data":"/tmp/lead_stack_scratch_r1/venv/lib/python3.11/site-packages/anndata/_core/anndata.py:1756: UserWarning: Observation names are not unique. To make them unique, call `.obs_names_make_unique`.\n"}
,{"stream_name":"stdout","time":283.734434597,"data":"  utils.warn_names_duplicates(\"obs\")\n"}
,{"stream_name":"stdout","time":283.736189465,"data":"'organism' column not found in obs, assuming all cells are valid\n"}
,{"stream_name":"stdout","time":284.750795702,"data":"Generation Step 4\n"}
,{"stream_name":"stdout","time":284.752754647,"data":"0.34375\n"}
,{"stream_name":"stdout","time":284.769527314,"data":"/tmp/lead_stack_scratch_r1/venv/lib/python3.11/site-packages/anndata/_core/anndata.py:1756: UserWarning: Observation names are not unique. To make them unique, call `.obs_names_make_unique`.\n"}
,{"stream_name":"stdout","time":284.770367484,"data":"  utils.warn_names_duplicates(\"obs\")\n"}
,{"stream_name":"stdout","time":284.780652434,"data":"/tmp/lead_stack_scratch_r1/venv/lib/python3.11/site-packages/anndata/_core/anndata.py:1756: UserWarning: Observation names are not unique. To make them unique, call `.obs_names_make_unique`.\n"}
,{"stream_name":"stdout","time":284.781506768,"data":"  utils.warn_names_duplicates(\"obs\")\n"}
,{"stream_name":"stdout","time":284.793924494,"data":"/tmp/lead_stack_scratch_r1/venv/lib/python3.11/site-packages/anndata/_core/anndata.py:1756: UserWarning: Observation names are not unique. To make them unique, call `.obs_names_make_unique`.\n"}
,{"stream_name":"stdout","time":284.794683789,"data":"  utils.warn_names_duplicates(\"obs\")\n"}
,{"stream_name":"stdout","time":284.805939356,"data":"/tmp/lead_stack_scratch_r1/venv/lib/python3.11/site-packages/anndata/_core/anndata.py:1756: UserWarning: Observation names are not unique. To make them unique, call `.obs_names_make_unique`.\n"}
,{"stream_name":"stdout","time":284.806629334,"data":"  utils.warn_names_duplicates(\"obs\")\n"}
,{"stream_name":"stdout","time":284.808674249,"data":"'organism' column not found in obs, assuming all cells are valid\n"}
,{"stream_name":"stdout","time":285.801320822,"data":"Generation Step 5\n"}
,{"stream_name":"stdout","time":285.802476258,"data":"0.34375\n"}
,{"stream_name":"stdout","time":285.812302901,"data":"Masking ratio schedule: [0.8        0.6        0.39999998 0.19999999 0.        ]\n"}
,{"stream_name":"stdout","time":285.813599105,"data":"Context ratio schedule: [0.2  0.25 0.3  0.35 0.4 ]\n"}
,{"stream_name":"stdout","time":285.830217633,"data":"/tmp/lead_stack_scratch_r1/venv/lib/python3.11/site-packages/anndata/_core/anndata.py:1756: UserWarning: Observation names are not unique. To make them unique, call `.obs_names_make_unique`.\n"}
,{"stream_name":"stdout","time":285.831286588,"data":"  utils.warn_names_duplicates(\"obs\")\n"}
,{"stream_name":"stdout","time":285.84270689,"data":"/tmp/lead_stack_scratch_r1/venv/lib/python3.11/site-packages/anndata/_core/anndata.py:1756: UserWarning: Observation names are not unique. To make them unique, call `.obs_names_make_unique`.\n"}
,{"stream_name":"stdout","time":285.843945183,"data":"  utils.warn_names_duplicates(\"obs\")\n"}
,{"stream_name":"stdout","time":285.851600993,"data":"/tmp/lead_stack_scratch_r1/venv/lib/python3.11/site-packages/anndata/_core/anndata.py:1756: UserWarning: Observation names are not unique. To make them unique, call `.obs_names_make_unique`.\n"}
,{"stream_name":"stdout","time":285.852381516,"data":"  utils.warn_names_duplicates(\"obs\")\n"}
,{"stream_name":"stdout","time":285.854490705,"data":"'organism' column not found in obs, assuming all cells are valid\n"}
,{"stream_name":"stdout","time":286.543213464,"data":"Generation Step 1\n"}
,{"stream_name":"stdout","time":286.543931296,"data":"0.26953125\n"}
,{"stream_name":"stdout","time":286.562213928,"data":"/tmp/lead_stack_scratch_r1/venv/lib/python3.11/site-packages/anndata/_core/anndata.py:1756: UserWarning: Observation names are not unique. To make them unique, call `.obs_names_make_unique`.\n"}
,{"stream_name":"stdout","time":286.563188469,"data":"  utils.warn_names_duplicates(\"obs\")\n"}
,{"stream_name":"stdout","time":286.574473482,"data":"/tmp/lead_stack_scratch_r1/venv/lib/python3.11/site-packages/anndata/_core/anndata.py:1756: UserWarning: Observation names are not unique. To make them unique, call `.obs_names_make_unique`.\n"}
,{"stream_name":"stdout","time":286.575527997,"data":"  utils.warn_names_duplicates(\"obs\")\n"}
,{"stream_name":"stdout","time":286.583985101,"data":"/tmp/lead_stack_scratch_r1/venv/lib/python3.11/site-packages/anndata/_core/anndata.py:1756: UserWarning: Observation names are not unique. To make them unique, call `.obs_names_make_unique`.\n"}
,{"stream_name":"stdout","time":286.584959069,"data":"  utils.warn_names_duplicates(\"obs\")\n"}
,{"stream_name":"stdout","time":286.586553761,"data":"'organism' column not found in obs, assuming all cells are valid\n"}
,{"stream_name":"stdout","time":287.314895647,"data":"Generation Step 2\n"}
,{"stream_name":"stdout","time":287.316058809,"data":"0.1796875\n"}
,{"stream_name":"stdout","time":287.334657561,"data":"/tmp/lead_stack_scratch_r1/venv/lib/python3.11/site-packages/anndata/_core/anndata.py:1756: UserWarning: Observation names are not unique. To make them unique, call `.obs_names_make_unique`.\n"}
,{"stream_name":"stdout","time":287.335903534,"data":"  utils.warn_names_duplicates(\"obs\")\n"}
,{"stream_name":"stdout","time":287.346523361,"data":"/tmp/lead_stack_scratch_r1/venv/lib/python3.11/site-packages/anndata/_core/anndata.py:1756: UserWarning: Observation names are not unique. To make them unique, call `.obs_names_make_unique`.\n"}
,{"stream_name":"stdout","time":287.347561518,"data":"  utils.warn_names_duplicates(\"obs\")\n"}
,{"stream_name":"stdout","time":287.359116729,"data":"/tmp/lead_stack_scratch_r1/venv/lib/python3.11/site-packages/anndata/_core/anndata.py:1756: UserWarning: Observation names are not unique. To make them unique, call `.obs_names_make_unique`.\n"}
,{"stream_name":"stdout","time":287.359857661,"data":"  utils.warn_names_duplicates(\"obs\")\n"}
,{"stream_name":"stdout","time":287.371473857,"data":"/tmp/lead_stack_scratch_r1/venv/lib/python3.11/site-packages/anndata/_core/anndata.py:1756: UserWarning: Observation names are not unique. To make them unique, call `.obs_names_make_unique`.\n"}
,{"stream_name":"stdout","time":287.372261896,"data":"  utils.warn_names_duplicates(\"obs\")\n"}
,{"stream_name":"stdout","time":287.374290146,"data":"'organism' column not found in obs, assuming all cells are valid\n"}
,{"stream_name":"stdout","time":288.400057436,"data":"Generation Step 3\n"}
,{"stream_name":"stdout","time":288.400983499,"data":"0.220703125\n"}
,{"stream_name":"stdout","time":288.418532956,"data":"/tmp/lead_stack_scratch_r1/venv/lib/python3.11/site-packages/anndata/_core/anndata.py:1756: UserWarning: Observation names are not unique. To make them unique, call `.obs_names_make_unique`.\n"}
,{"stream_name":"stdout","time":288.419307949,"data":"  utils.warn_names_duplicates(\"obs\")\n"}
,{"stream_name":"stdout","time":288.430162699,"data":"/tmp/lead_stack_scratch_r1/venv/lib/python3.11/site-packages/anndata/_core/anndata.py:1756: UserWarning: Observation names are not unique. To make them unique, call `.obs_names_make_unique`.\n"}
,{"stream_name":"stdout","time":288.430879023,"data":"  utils.warn_names_duplicates(\"obs\")\n"}
,{"stream_name":"stdout","time":288.441744553,"data":"/tmp/lead_stack_scratch_r1/venv/lib/python3.11/site-packages/anndata/_core/anndata.py:1756: UserWarning: Observation names are not unique. To make them unique, call `.obs_names_make_unique`.\n"}
,{"stream_name":"stdout","time":288.442478536,"data":"  utils.warn_names_duplicates(\"obs\")\n"}
,{"stream_name":"stdout","time":288.453702894,"data":"/tmp/lead_stack_scratch_r1/venv/lib/python3.11/site-packages/anndata/_core/anndata.py:1756: UserWarning: Observation names are not unique. To make them unique, call `.obs_names_make_unique`.\n"}
,{"stream_name":"stdout","time":288.454442947,"data":"  utils.warn_names_duplicates(\"obs\")\n"}
,{"stream_name":"stdout","time":288.456377542,"data":"'organism' column not found in obs, assuming all cells are valid\n"}
,{"stream_name":"stdout","time":289.504269135,"data":"Generation Step 4\n"}
,{"stream_name":"stdout","time":289.505216,"data":"0.337890625\n"}
,{"stream_name":"stdout","time":289.524553706,"data":"/tmp/lead_stack_scratch_r1/venv/lib/python3.11/site-packages/anndata/_core/anndata.py:1756: UserWarning: Observation names are not unique. To make them unique, call `.obs_names_make_unique`.\n"}
,{"stream_name":"stdout","time":289.525519636,"data":"  utils.warn_names_duplicates(\"obs\")\n"}
,{"stream_name":"stdout","time":289.538103716,"data":"/tmp/lead_stack_scratch_r1/venv/lib/python3.11/site-packages/anndata/_core/anndata.py:1756: UserWarning: Observation names are not unique. To make them unique, call `.obs_names_make_unique`.\n"}
,{"stream_name":"stdout","time":289.538956771,"data":"  utils.warn_names_duplicates(\"obs\")\n"}
,{"stream_name":"stdout","time":289.551298575,"data":"/tmp/lead_stack_scratch_r1/venv/lib/python3.11/site-packages/anndata/_core/anndata.py:1756: UserWarning: Observation names are not unique. To make them unique, call `.obs_names_make_unique`.\n"}
,{"stream_name":"stdout","time":289.552161688,"data":"  utils.warn_names_duplicates(\"obs\")\n"}
,{"stream_name":"stdout","time":289.564149787,"data":"/tmp/lead_stack_scratch_r1/venv/lib/python3.11/site-packages/anndata/_core/anndata.py:1756: UserWarning: Observation names are not unique. To make them unique, call `.obs_names_make_unique`.\n"}
,{"stream_name":"stdout","time":289.564956818,"data":"  utils.warn_names_duplicates(\"obs\")\n"}
,{"stream_name":"stdout","time":289.566928892,"data":"'organism' column not found in obs, assuming all cells are valid\n"}
,{"stream_name":"stdout","time":290.650868365,"data":"Generation Step 5\n"}
,{"stream_name":"stdout","time":290.651689846,"data":"0.37109375\n"}
,{"stream_name":"stdout","time":291.215053109,"data":"Finished CCDC130\n"}
,{"stream_name":"stdout","time":291.293552375,"data":"Masking ratio schedule: [0.8        0.6        0.39999998 0.19999999 0.        ]\n"}
,{"stream_name":"stdout","time":291.295016042,"data":"Context ratio schedule: [0.2  0.25 0.3  0.35 0.4 ]\n"}
,{"stream_name":"stdout","time":291.349074806,"data":"/tmp/lead_stack_scratch_r1/venv/lib/python3.11/site-packages/anndata/_core/anndata.py:1756: UserWarning: Observation names are not unique. To make them unique, call `.obs_names_make_unique`.\n"}
,{"stream_name":"stdout","time":291.350095997,"data":"  utils.warn_names_duplicates(\"obs\")\n"}
,{"stream_name":"stdout","time":291.350937624,"data":"/tmp/lead_stack_scratch_r1/venv/lib/python3.11/site-packages/anndata/_core/anndata.py:1756: UserWarning: Observation names are not unique. To make them unique, call `.obs_names_make_unique`.\n"}
,{"stream_name":"stdout","time":291.351659934,"data":"  utils.warn_names_duplicates(\"obs\")\n"}
,{"stream_name":"stdout","time":291.352450104,"data":"/tmp/lead_stack_scratch_r1/venv/lib/python3.11/site-packages/anndata/_core/anndata.py:1756: UserWarning: Observation names are not unique. To make them unique, call `.obs_names_make_unique`.\n"}
,{"stream_name":"stdout","time":291.353251039,"data":"  utils.warn_names_duplicates(\"obs\")\n"}
,{"stream_name":"stdout","time":291.353942224,"data":"'organism' column not found in obs, assuming all cells are valid\n"}
,{"stream_name":"stdout","time":292.106598927,"data":"Generation Step 1\n"}
,{"stream_name":"stdout","time":292.107521114,"data":"0.28515625\n"}
,{"stream_name":"stdout","time":292.124139408,"data":"/tmp/lead_stack_scratch_r1/venv/lib/python3.11/site-packages/anndata/_core/anndata.py:1756: UserWarning: Observation names are not unique. To make them unique, call `.obs_names_make_unique`.\n"}
,{"stream_name":"stdout","time":292.125034286,"data":"  utils.warn_names_duplicates(\"obs\")\n"}
,{"stream_name":"stdout","time":292.135100895,"data":"/tmp/lead_stack_scratch_r1/venv/lib/python3.11/site-packages/anndata/_core/anndata.py:1756: UserWarning: Observation names are not unique. To make them unique, call `.obs_names_make_unique`.\n"}
,{"stream_name":"stdout","time":292.136553384,"data":"  utils.warn_names_duplicates(\"obs\")\n"}
,{"stream_name":"stdout","time":292.144946247,"data":"/tmp/lead_stack_scratch_r1/venv/lib/python3.11/site-packages/anndata/_core/anndata.py:1756: UserWarning: Observation names are not unique. To make them unique, call `.obs_names_make_unique`.\n"}
,{"stream_name":"stdout","time":292.14575215,"data":"  utils.warn_names_duplicates(\"obs\")\n"}
,{"stream_name":"stdout","time":292.147326693,"data":"'organism' column not found in obs, assuming all cells are valid\n"}
,{"stream_name":"stdout","time":292.930405435,"data":"Generation Step 2\n"}
,{"stream_name":"stdout","time":292.931350354,"data":"0.2109375\n"}
,{"stream_name":"stdout","time":292.948614927,"data":"/tmp/lead_stack_scratch_r1/venv/lib/python3.11/site-packages/anndata/_core/anndata.py:1756: UserWarning: Observation names are not unique. To make them unique, call `.obs_names_make_unique`.\n"}
,{"stream_name":"stdout","time":292.949800751,"data":"  utils.warn_names_duplicates(\"obs\")\n"}
,{"stream_name":"stdout","time":292.96011599,"data":"/tmp/lead_stack_scratch_r1/venv/lib/python3.11/site-packages/anndata/_core/anndata.py:1756: UserWarning: Observation names are not unique. To make them unique, call `.obs_names_make_unique`.\n"}
,{"stream_name":"stdout","time":292.961068016,"data":"  utils.warn_names_duplicates(\"obs\")\n"}
,{"stream_name":"stdout","time":292.971261414,"data":"/tmp/lead_stack_scratch_r1/venv/lib/python3.11/site-packages/anndata/_core/anndata.py:1756: UserWarning: Observation names are not unique. To make them unique, call `.obs_names_make_unique`.\n"}
,{"stream_name":"stdout","time":292.972219501,"data":"  utils.warn_names_duplicates(\"obs\")\n"}
,{"stream_name":"stdout","time":292.98314915,"data":"/tmp/lead_stack_scratch_r1/venv/lib/python3.11/site-packages/anndata/_core/anndata.py:1756: UserWarning: Observation names are not unique. To make them unique, call `.obs_names_make_unique`.\n"}
,{"stream_name":"stdout","time":292.984957198,"data":"  utils.warn_names_duplicates(\"obs\")\n"}
,{"stream_name":"stdout","time":292.986693859,"data":"'organism' column not found in obs, assuming all cells are valid\n"}
,{"stream_name":"stdout","time":294.136543985,"data":"Generation Step 3\n"}
,{"stream_name":"stdout","time":294.137513782,"data":"0.2265625\n"}
,{"stream_name":"stdout","time":294.154337369,"data":"/tmp/lead_stack_scratch_r1/venv/lib/python3.11/site-packages/anndata/_core/anndata.py:1756: UserWarning: Observation names are not unique. To make them unique, call `.obs_names_make_unique`.\n"}
,{"stream_name":"stdout","time":294.155495531,"data":"  utils.warn_names_duplicates(\"obs\")\n"}
,{"stream_name":"stdout","time":294.165423592,"data":"/tmp/lead_stack_scratch_r1/venv/lib/python3.11/site-packages/anndata/_core/anndata.py:1756: UserWarning: Observation names are not unique. To make them unique, call `.obs_names_make_unique`.\n"}
,{"stream_name":"stdout","time":294.166430264,"data":"  utils.warn_names_duplicates(\"obs\")\n"}
,{"stream_name":"stdout","time":294.176727442,"data":"/tmp/lead_stack_scratch_r1/venv/lib/python3.11/site-packages/anndata/_core/anndata.py:1756: UserWarning: Observation names are not unique. To make them unique, call `.obs_names_make_unique`.\n"}
,{"stream_name":"stdout","time":294.177482561,"data":"  utils.warn_names_duplicates(\"obs\")\n"}
,{"stream_name":"stdout","time":294.188511252,"data":"/tmp/lead_stack_scratch_r1/venv/lib/python3.11/site-packages/anndata/_core/anndata.py:1756: UserWarning: Observation names are not unique. To make them unique, call `.obs_names_make_unique`.\n"}
,{"stream_name":"stdout","time":294.189284766,"data":"  utils.warn_names_duplicates(\"obs\")\n"}
,{"stream_name":"stdout","time":294.190949936,"data":"'organism' column not found in obs, assuming all cells are valid\n"}
,{"stream_name":"stdout","time":295.314683678,"data":"Generation Step 4\n"}
,{"stream_name":"stdout","time":295.315471871,"data":"0.32421875\n"}
,{"stream_name":"stdout","time":295.333151403,"data":"/tmp/lead_stack_scratch_r1/venv/lib/python3.11/site-packages/anndata/_core/anndata.py:1756: UserWarning: Observation names are not unique. To make them unique, call `.obs_names_make_unique`.\n"}
,{"stream_name":"stdout","time":295.334297547,"data":"  utils.warn_names_duplicates(\"obs\")\n"}
,{"stream_name":"stdout","time":295.345309216,"data":"/tmp/lead_stack_scratch_r1/venv/lib/python3.11/site-packages/anndata/_core/anndata.py:1756: UserWarning: Observation names are not unique. To make them unique, call `.obs_names_make_unique`.\n"}
,{"stream_name":"stdout","time":295.346335202,"data":"  utils.warn_names_duplicates(\"obs\")\n"}
,{"stream_name":"stdout","time":295.356820334,"data":"/tmp/lead_stack_scratch_r1/venv/lib/python3.11/site-packages/anndata/_core/anndata.py:1756: UserWarning: Observation names are not unique. To make them unique, call `.obs_names_make_unique`.\n"}
,{"stream_name":"stdout","time":295.357822046,"data":"  utils.warn_names_duplicates(\"obs\")\n"}
,{"stream_name":"stdout","time":295.368549356,"data":"/tmp/lead_stack_scratch_r1/venv/lib/python3.11/site-packages/anndata/_core/anndata.py:1756: UserWarning: Observation names are not unique. To make them unique, call `.obs_names_make_unique`.\n"}
,{"stream_name":"stdout","time":295.369305282,"data":"  utils.warn_names_duplicates(\"obs\")\n"}
,{"stream_name":"stdout","time":295.37049465,"data":"'organism' column not found in obs, assuming all cells are valid\n"}
,{"stream_name":"stdout","time":296.584932558,"data":"Generation Step 5\n"}
,{"stream_name":"stdout","time":296.586063463,"data":"0.31640625\n"}
,{"stream_name":"stdout","time":296.594904169,"data":"Masking ratio schedule: [0.8        0.6        0.39999998 0.19999999 0.        ]\n"}
,{"stream_name":"stdout","time":296.596606945,"data":"Context ratio schedule: [0.2  0.25 0.3  0.35 0.4 ]\n"}
,{"stream_name":"stdout","time":296.612701551,"data":"/tmp/lead_stack_scratch_r1/venv/lib/python3.11/site-packages/anndata/_core/anndata.py:1756: UserWarning: Observation names are not unique. To make them unique, call `.obs_names_make_unique`.\n"}
,{"stream_name":"stdout","time":296.613505925,"data":"  utils.warn_names_duplicates(\"obs\")\n"}
,{"stream_name":"stdout","time":296.62496998,"data":"/tmp/lead_stack_scratch_r1/venv/lib/python3.11/site-packages/anndata/_core/anndata.py:1756: UserWarning: Observation names are not unique. To make them unique, call `.obs_names_make_unique`.\n"}
,{"stream_name":"stdout","time":296.625670712,"data":"  utils.warn_names_duplicates(\"obs\")\n"}
,{"stream_name":"stdout","time":296.634623359,"data":"/tmp/lead_stack_scratch_r1/venv/lib/python3.11/site-packages/anndata/_core/anndata.py:1756: UserWarning: Observation names are not unique. To make them unique, call `.obs_names_make_unique`.\n"}
,{"stream_name":"stdout","time":296.635658524,"data":"  utils.warn_names_duplicates(\"obs\")\n"}
,{"stream_name":"stdout","time":296.637428898,"data":"'organism' column not found in obs, assuming all cells are valid\n"}
,{"stream_name":"stdout","time":297.473009208,"data":"Generation Step 1\n"}
,{"stream_name":"stdout","time":297.473937733,"data":"0.1875\n"}
,{"stream_name":"stdout","time":297.491668879,"data":"/tmp/lead_stack_scratch_r1/venv/lib/python3.11/site-packages/anndata/_core/anndata.py:1756: UserWarning: Observation names are not unique. To make them unique, call `.obs_names_make_unique`.\n"}
,{"stream_name":"stdout","time":297.492545462,"data":"  utils.warn_names_duplicates(\"obs\")\n"}
,{"stream_name":"stdout","time":297.505013866,"data":"/tmp/lead_stack_scratch_r1/venv/lib/python3.11/site-packages/anndata/_core/anndata.py:1756: UserWarning: Observation names are not unique. To make them unique, call `.obs_names_make_unique`.\n"}
,{"stream_name":"stdout","time":297.506151325,"data":"  utils.warn_names_duplicates(\"obs\")\n"}
,{"stream_name":"stdout","time":297.516549154,"data":"/tmp/lead_stack_scratch_r1/venv/lib/python3.11/site-packages/anndata/_core/anndata.py:1756: UserWarning: Observation names are not unique. To make them unique, call `.obs_names_make_unique`.\n"}
,{"stream_name":"stdout","time":297.51772638,"data":"  utils.warn_names_duplicates(\"obs\")\n"}
,{"stream_name":"stdout","time":297.519259005,"data":"'organism' column not found in obs, assuming all cells are valid\n"}
,{"stream_name":"stdout","time":298.283627393,"data":"Generation Step 2\n"}
,{"stream_name":"stdout","time":298.284479608,"data":"0.123046875\n"}
,{"stream_name":"stdout","time":298.300986372,"data":"/tmp/lead_stack_scratch_r1/venv/lib/python3.11/site-packages/anndata/_core/anndata.py:1756: UserWarning: Observation names are not unique. To make them unique, call `.obs_names_make_unique`.\n"}
,{"stream_name":"stdout","time":298.302011476,"data":"  utils.warn_names_duplicates(\"obs\")\n"}
,{"stream_name":"stdout","time":298.312891071,"data":"/tmp/lead_stack_scratch_r1/venv/lib/python3.11/site-packages/anndata/_core/anndata.py:1756: UserWarning: Observation names are not unique. To make them unique, call `.obs_names_make_unique`.\n"}
,{"stream_name":"stdout","time":298.313876634,"data":"  utils.warn_names_duplicates(\"obs\")\n"}
,{"stream_name":"stdout","time":298.324993561,"data":"/tmp/lead_stack_scratch_r1/venv/lib/python3.11/site-packages/anndata/_core/anndata.py:1756: UserWarning: Observation names are not unique. To make them unique, call `.obs_names_make_unique`.\n"}
,{"stream_name":"stdout","time":298.325937892,"data":"  utils.warn_names_duplicates(\"obs\")\n"}
,{"stream_name":"stdout","time":298.336609068,"data":"/tmp/lead_stack_scratch_r1/venv/lib/python3.11/site-packages/anndata/_core/anndata.py:1756: UserWarning: Observation names are not unique. To make them unique, call `.obs_names_make_unique`.\n"}
,{"stream_name":"stdout","time":298.337563877,"data":"  utils.warn_names_duplicates(\"obs\")\n"}
,{"stream_name":"stdout","time":298.339697289,"data":"'organism' column not found in obs, assuming all cells are valid\n"}
,{"stream_name":"stdout","time":299.421663115,"data":"Generation Step 3\n"}
,{"stream_name":"stdout","time":299.42259572,"data":"0.205078125\n"}
,{"stream_name":"stdout","time":299.440526451,"data":"/tmp/lead_stack_scratch_r1/venv/lib/python3.11/site-packages/anndata/_core/anndata.py:1756: UserWarning: Observation names are not unique. To make them unique, call `.obs_names_make_unique`.\n"}
,{"stream_name":"stdout","time":299.441396874,"data":"  utils.warn_names_duplicates(\"obs\")\n"}
,{"stream_name":"stdout","time":299.452318873,"data":"/tmp/lead_stack_scratch_r1/venv/lib/python3.11/site-packages/anndata/_core/anndata.py:1756: UserWarning: Observation names are not unique. To make them unique, call `.obs_names_make_unique`.\n"}
,{"stream_name":"stdout","time":299.45315419,"data":"  utils.warn_names_duplicates(\"obs\")\n"}
,{"stream_name":"stdout","time":299.465320538,"data":"/tmp/lead_stack_scratch_r1/venv/lib/python3.11/site-packages/anndata/_core/anndata.py:1756: UserWarning: Observation names are not unique. To make them unique, call `.obs_names_make_unique`.\n"}
,{"stream_name":"stdout","time":299.466328374,"data":"  utils.warn_names_duplicates(\"obs\")\n"}
,{"stream_name":"stdout","time":299.477793315,"data":"/tmp/lead_stack_scratch_r1/venv/lib/python3.11/site-packages/anndata/_core/anndata.py:1756: UserWarning: Observation names are not unique. To make them unique, call `.obs_names_make_unique`.\n"}
,{"stream_name":"stdout","time":299.478511209,"data":"  utils.warn_names_duplicates(\"obs\")\n"}
,{"stream_name":"stdout","time":299.480613834,"data":"'organism' column not found in obs, assuming all cells are valid\n"}
,{"stream_name":"stdout","time":300.643555473,"data":"Generation Step 4\n"}
,{"stream_name":"stdout","time":300.645266602,"data":"0.271484375\n"}
,{"stream_name":"stdout","time":300.665006109,"data":"/tmp/lead_stack_scratch_r1/venv/lib/python3.11/site-packages/anndata/_core/anndata.py:1756: UserWarning: Observation names are not unique. To make them unique, call `.obs_names_make_unique`.\n"}
,{"stream_name":"stdout","time":300.665030277,"data":"  utils.warn_names_duplicates(\"obs\")\n"}
,{"stream_name":"stdout","time":300.676770094,"data":"/tmp/lead_stack_scratch_r1/venv/lib/python3.11/site-packages/anndata/_core/anndata.py:1756: UserWarning: Observation names are not unique. To make them unique, call `.obs_names_make_unique`.\n"}
,{"stream_name":"stdout","time":300.677585685,"data":"  utils.warn_names_duplicates(\"obs\")\n"}
,{"stream_name":"stdout","time":300.697273067,"data":"/tmp/lead_stack_scratch_r1/venv/lib/python3.11/site-packages/anndata/_core/anndata.py:1756: UserWarning: Observation names are not unique. To make them unique, call `.obs_names_make_unique`.\n"}
,{"stream_name":"stdout","time":300.698746854,"data":"  utils.warn_names_duplicates(\"obs\")\n"}
,{"stream_name":"stdout","time":300.710289091,"data":"/tmp/lead_stack_scratch_r1/venv/lib/python3.11/site-packages/anndata/_core/anndata.py:1756: UserWarning: Observation names are not unique. To make them unique, call `.obs_names_make_unique`.\n"}
,{"stream_name":"stdout","time":300.711254495,"data":"  utils.warn_names_duplicates(\"obs\")\n"}
,{"stream_name":"stdout","time":300.71320601,"data":"'organism' column not found in obs, assuming all cells are valid\n"}
,{"stream_name":"stdout","time":301.914760579,"data":"Generation Step 5\n"}
,{"stream_name":"stdout","time":306.04759396,"data":"0.275390625\n"}
,{"stream_name":"stdout","time":306.047615743,"data":"Finished NRBP1\n"}
,{"stream_name":"stdout","time":306.047622171,"data":"Masking ratio schedule: [0.8        0.6        0.39999998 0.19999999 0.        ]\n"}
,{"stream_name":"stdout","time":306.04762803,"data":"Context ratio schedule: [0.2  0.25 0.3  0.35 0.4 ]\n"}
,{"stream_name":"stdout","time":306.047633326,"data":"/tmp/lead_stack_scratch_r1/venv/lib/python3.11/site-packages/anndata/_core/anndata.py:1756: UserWarning: Observation names are not unique. To make them unique, call `.obs_names_make_unique`.\n"}
,{"stream_name":"stdout","time":306.047643997,"data":"  utils.warn_names_duplicates(\"obs\")\n"}
,{"stream_name":"stdout","time":306.047647563,"data":"/tmp/lead_stack_scratch_r1/venv/lib/python3.11/site-packages/anndata/_core/anndata.py:1756: UserWarning: Observation names are not unique. To make them unique, call `.obs_names_make_unique`.\n"}
,{"stream_name":"stdout","time":306.047651581,"data":"  utils.warn_names_duplicates(\"obs\")\n"}
,{"stream_name":"stdout","time":306.047655056,"data":"/tmp/lead_stack_scratch_r1/venv/lib/python3.11/site-packages/anndata/_core/anndata.py:1756: UserWarning: Observation names are not unique. To make them unique, call `.obs_names_make_unique`.\n"}
,{"stream_name":"stdout","time":306.047658666,"data":"  utils.warn_names_duplicates(\"obs\")\n"}
,{"stream_name":"stdout","time":306.047661893,"data":"'organism' column not found in obs, assuming all cells are valid\n"}
,{"stream_name":"stdout","time":306.047665178,"data":"Generation Step 1\n"}
,{"stream_name":"stdout","time":306.047668254,"data":"0.220703125\n"}
,{"stream_name":"stdout","time":306.047671332,"data":"/tmp/lead_stack_scratch_r1/venv/lib/python3.11/site-packages/anndata/_core/anndata.py:1756: UserWarning: Observation names are not unique. To make them unique, call `.obs_names_make_unique`.\n"}
,{"stream_name":"stdout","time":306.04767483,"data":"  utils.warn_names_duplicates(\"obs\")\n"}
,{"stream_name":"stdout","time":306.04767797,"data":"/tmp/lead_stack_scratch_r1/venv/lib/python3.11/site-packages/anndata/_core/anndata.py:1756: UserWarning: Observation names are not unique. To make them unique, call `.obs_names_make_unique`.\n"}
,{"stream_name":"stdout","time":306.047681363,"data":"  utils.warn_names_duplicates(\"obs\")\n"}
,{"stream_name":"stdout","time":306.047684502,"data":"/tmp/lead_stack_scratch_r1/venv/lib/python3.11/site-packages/anndata/_core/anndata.py:1756: UserWarning: Observation names are not unique. To make them unique, call `.obs_names_make_unique`.\n"}
,{"stream_name":"stdout","time":306.04769518,"data":"  utils.warn_names_duplicates(\"obs\")\n"}
,{"stream_name":"stdout","time":306.047697794,"data":"'organism' column not found in obs, assuming all cells are valid\n"}
,{"stream_name":"stdout","time":306.047700219,"data":"Generation Step 2\n"}
,{"stream_name":"stdout","time":306.047702648,"data":"0.166015625\n"}
,{"stream_name":"stdout","time":306.047704966,"data":"/tmp/lead_stack_scratch_r1/venv/lib/python3.11/site-packages/anndata/_core/anndata.py:1756: UserWarning: Observation names are not unique. To make them unique, call `.obs_names_make_unique`.\n"}
,{"stream_name":"stdout","time":306.0477076,"data":"  utils.warn_names_duplicates(\"obs\")\n"}
,{"stream_name":"stdout","time":306.047711251,"data":"/tmp/lead_stack_scratch_r1/venv/lib/python3.11/site-packages/anndata/_core/anndata.py:1756: UserWarning: Observation names are not unique. To make them unique, call `.obs_names_make_unique`.\n"}
,{"stream_name":"stdout","time":306.047713976,"data":"  utils.warn_names_duplicates(\"obs\")\n"}
,{"stream_name":"stdout","time":306.047716447,"data":"/tmp/lead_stack_scratch_r1/venv/lib/python3.11/site-packages/anndata/_core/anndata.py:1756: UserWarning: Observation names are not unique. To make them unique, call `.obs_names_make_unique`.\n"}
,{"stream_name":"stdout","time":306.047719074,"data":"  utils.warn_names_duplicates(\"obs\")\n"}
,{"stream_name":"stdout","time":306.04772147,"data":"/tmp/lead_stack_scratch_r1/venv/lib/python3.11/site-packages/anndata/_core/anndata.py:1756: UserWarning: Observation names are not unique. To make them unique, call `.obs_names_make_unique`.\n"}
,{"stream_name":"stdout","time":306.047724163,"data":"  utils.warn_names_duplicates(\"obs\")\n"}
,{"stream_name":"stdout","time":306.047726546,"data":"'organism' column not found in obs, assuming all cells are valid\n"}
,{"stream_name":"stdout","time":306.04772903,"data":"Generation Step 3\n"}
,{"stream_name":"stdout","time":306.047731383,"data":"0.21875\n"}
,{"stream_name":"stdout","time":306.047733762,"data":"/tmp/lead_stack_scratch_r1/venv/lib/python3.11/site-packages/anndata/_core/anndata.py:1756: UserWarning: Observation names are not unique. To make them unique, call `.obs_names_make_unique`.\n"}
,{"stream_name":"stdout","time":306.047736478,"data":"  utils.warn_names_duplicates(\"obs\")\n"}
,{"stream_name":"stdout","time":306.047738896,"data":"/tmp/lead_stack_scratch_r1/venv/lib/python3.11/site-packages/anndata/_core/anndata.py:1756: UserWarning: Observation names are not unique. To make them unique, call `.obs_names_make_unique`.\n"}
,{"stream_name":"stdout","time":306.047741604,"data":"  utils.warn_names_duplicates(\"obs\")\n"}
,{"stream_name":"stdout","time":306.047744139,"data":"/tmp/lead_stack_scratch_r1/venv/lib/python3.11/site-packages/anndata/_core/anndata.py:1756: UserWarning: Observation names are not unique. To make them unique, call `.obs_names_make_unique`.\n"}
,{"stream_name":"stdout","time":306.047746826,"data":"  utils.warn_names_duplicates(\"obs\")\n"}
,{"stream_name":"stdout","time":306.047749223,"data":"/tmp/lead_stack_scratch_r1/venv/lib/python3.11/site-packages/anndata/_core/anndata.py:1756: UserWarning: Observation names are not unique. To make them unique, call `.obs_names_make_unique`.\n"}
,{"stream_name":"stdout","time":306.04775187,"data":"  utils.warn_names_duplicates(\"obs\")\n"}
,{"stream_name":"stdout","time":306.047754334,"data":"'organism' column not found in obs, assuming all cells are valid\n"}
,{"stream_name":"stdout","time":306.963521531,"data":"Generation Step 4\n"}
,{"stream_name":"stdout","time":306.96524309,"data":"0.333984375\n"}
,{"stream_name":"stdout","time":306.981779497,"data":"/tmp/lead_stack_scratch_r1/venv/lib/python3.11/site-packages/anndata/_core/anndata.py:1756: UserWarning: Observation names are not unique. To make them unique, call `.obs_names_make_unique`.\n"}
,{"stream_name":"stdout","time":306.982476897,"data":"  utils.warn_names_duplicates(\"obs\")\n"}
,{"stream_name":"stdout","time":306.993689201,"data":"/tmp/lead_stack_scratch_r1/venv/lib/python3.11/site-packages/anndata/_core/anndata.py:1756: UserWarning: Observation names are not unique. To make them unique, call `.obs_names_make_unique`.\n"}
,{"stream_name":"stdout","time":306.99520036,"data":"  utils.warn_names_duplicates(\"obs\")\n"}
,{"stream_name":"stdout","time":307.00637193,"data":"/tmp/lead_stack_scratch_r1/venv/lib/python3.11/site-packages/anndata/_core/anndata.py:1756: UserWarning: Observation names are not unique. To make them unique, call `.obs_names_make_unique`.\n"}
,{"stream_name":"stdout","time":307.007625281,"data":"  utils.warn_names_duplicates(\"obs\")\n"}
,{"stream_name":"stdout","time":307.01897241,"data":"/tmp/lead_stack_scratch_r1/venv/lib/python3.11/site-packages/anndata/_core/anndata.py:1756: UserWarning: Observation names are not unique. To make them unique, call `.obs_names_make_unique`.\n"}
,{"stream_name":"stdout","time":307.019675248,"data":"  utils.warn_names_duplicates(\"obs\")\n"}
,{"stream_name":"stdout","time":307.021610839,"data":"'organism' column not found in obs, assuming all cells are valid\n"}
,{"stream_name":"stdout","time":308.237090529,"data":"Generation Step 5\n"}
,{"stream_name":"stdout","time":308.237968141,"data":"0.322265625\n"}
,{"stream_name":"stdout","time":308.828738538,"data":"Finished MLLT6\n"}
,{"stream_name":"stdout","time":308.910319035,"data":"Masking ratio schedule: [0.8        0.6        0.39999998 0.19999999 0.        ]\n"}
,{"stream_name":"stdout","time":308.911119616,"data":"Context ratio schedule: [0.2  0.25 0.3  0.35 0.4 ]\n"}
,{"stream_name":"stdout","time":308.928050213,"data":"/tmp/lead_stack_scratch_r1/venv/lib/python3.11/site-packages/anndata/_core/anndata.py:1756: UserWarning: Observation names are not unique. To make them unique, call `.obs_names_make_unique`.\n"}
,{"stream_name":"stdout","time":308.928950399,"data":"  utils.warn_names_duplicates(\"obs\")\n"}
,{"stream_name":"stdout","time":308.940176642,"data":"/tmp/lead_stack_scratch_r1/venv/lib/python3.11/site-packages/anndata/_core/anndata.py:1756: UserWarning: Observation names are not unique. To make them unique, call `.obs_names_make_unique`.\n"}
,{"stream_name":"stdout","time":308.94094477,"data":"  utils.warn_names_duplicates(\"obs\")\n"}
,{"stream_name":"stdout","time":308.949421719,"data":"/tmp/lead_stack_scratch_r1/venv/lib/python3.11/site-packages/anndata/_core/anndata.py:1756: UserWarning: Observation names are not unique. To make them unique, call `.obs_names_make_unique`.\n"}
,{"stream_name":"stdout","time":308.950161497,"data":"  utils.warn_names_duplicates(\"obs\")\n"}
,{"stream_name":"stdout","time":308.952010944,"data":"'organism' column not found in obs, assuming all cells are valid\n"}
,{"stream_name":"stdout","time":309.804191273,"data":"Generation Step 1\n"}
,{"stream_name":"stdout","time":309.804978201,"data":"0.27734375\n"}
,{"stream_name":"stdout","time":309.824076515,"data":"/tmp/lead_stack_scratch_r1/venv/lib/python3.11/site-packages/anndata/_core/anndata.py:1756: UserWarning: Observation names are not unique. To make them unique, call `.obs_names_make_unique`.\n"}
,{"stream_name":"stdout","time":309.82482473,"data":"  utils.warn_names_duplicates(\"obs\")\n"}
,{"stream_name":"stdout","time":309.836346664,"data":"/tmp/lead_stack_scratch_r1/venv/lib/python3.11/site-packages/anndata/_core/anndata.py:1756: UserWarning: Observation names are not unique. To make them unique, call `.obs_names_make_unique`.\n"}
,{"stream_name":"stdout","time":309.837098415,"data":"  utils.warn_names_duplicates(\"obs\")\n"}
,{"stream_name":"stdout","time":309.845347267,"data":"/tmp/lead_stack_scratch_r1/venv/lib/python3.11/site-packages/anndata/_core/anndata.py:1756: UserWarning: Observation names are not unique. To make them unique, call `.obs_names_make_unique`.\n"}
,{"stream_name":"stdout","time":309.84612375,"data":"  utils.warn_names_duplicates(\"obs\")\n"}
,{"stream_name":"stdout","time":309.848145513,"data":"'organism' column not found in obs, assuming all cells are valid\n"}
,{"stream_name":"stdout","time":310.580130173,"data":"Generation Step 2\n"}
,{"stream_name":"stdout","time":310.58119749,"data":"0.22265625\n"}
,{"stream_name":"stdout","time":310.598815682,"data":"/tmp/lead_stack_scratch_r1/venv/lib/python3.11/site-packages/anndata/_core/anndata.py:1756: UserWarning: Observation names are not unique. To make them unique, call `.obs_names_make_unique`.\n"}
,{"stream_name":"stdout","time":310.599559281,"data":"  utils.warn_names_duplicates(\"obs\")\n"}
,{"stream_name":"stdout","time":310.610508102,"data":"/tmp/lead_stack_scratch_r1/venv/lib/python3.11/site-packages/anndata/_core/anndata.py:1756: UserWarning: Observation names are not unique. To make them unique, call `.obs_names_make_unique`.\n"}
,{"stream_name":"stdout","time":310.611338696,"data":"  utils.warn_names_duplicates(\"obs\")\n"}
,{"stream_name":"stdout","time":310.623135629,"data":"/tmp/lead_stack_scratch_r1/venv/lib/python3.11/site-packages/anndata/_core/anndata.py:1756: UserWarning: Observation names are not unique. To make them unique, call `.obs_names_make_unique`.\n"}
,{"stream_name":"stdout","time":310.623901078,"data":"  utils.warn_names_duplicates(\"obs\")\n"}
,{"stream_name":"stdout","time":310.636218028,"data":"/tmp/lead_stack_scratch_r1/venv/lib/python3.11/site-packages/anndata/_core/anndata.py:1756: UserWarning: Observation names are not unique. To make them unique, call `.obs_names_make_unique`.\n"}
,{"stream_name":"stdout","time":310.637096819,"data":"  utils.warn_names_duplicates(\"obs\")\n"}
,{"stream_name":"stdout","time":310.63907392,"data":"'organism' column not found in obs, assuming all cells are valid\n"}
,{"stream_name":"stdout","time":311.722756188,"data":"Generation Step 3\n"}
,{"stream_name":"stdout","time":311.723581218,"data":"0.224609375\n"}
,{"stream_name":"stdout","time":311.740641307,"data":"/tmp/lead_stack_scratch_r1/venv/lib/python3.11/site-packages/anndata/_core/anndata.py:1756: UserWarning: Observation names are not unique. To make them unique, call `.obs_names_make_unique`.\n"}
,{"stream_name":"stdout","time":311.741650922,"data":"  utils.warn_names_duplicates(\"obs\")\n"}
,{"stream_name":"stdout","time":311.752486092,"data":"/tmp/lead_stack_scratch_r1/venv/lib/python3.11/site-packages/anndata/_core/anndata.py:1756: UserWarning: Observation names are not unique. To make them unique, call `.obs_names_make_unique`.\n"}
,{"stream_name":"stdout","time":311.753276906,"data":"  utils.warn_names_duplicates(\"obs\")\n"}
,{"stream_name":"stdout","time":311.766636716,"data":"/tmp/lead_stack_scratch_r1/venv/lib/python3.11/site-packages/anndata/_core/anndata.py:1756: UserWarning: Observation names are not unique. To make them unique, call `.obs_names_make_unique`.\n"}
,{"stream_name":"stdout","time":311.767419976,"data":"  utils.warn_names_duplicates(\"obs\")\n"}
,{"stream_name":"stdout","time":311.778772276,"data":"/tmp/lead_stack_scratch_r1/venv/lib/python3.11/site-packages/anndata/_core/anndata.py:1756: UserWarning: Observation names are not unique. To make them unique, call `.obs_names_make_unique`.\n"}
,{"stream_name":"stdout","time":311.779496402,"data":"  utils.warn_names_duplicates(\"obs\")\n"}
,{"stream_name":"stdout","time":311.781575791,"data":"'organism' column not found in obs, assuming all cells are valid\n"}
,{"stream_name":"stdout","time":312.770533217,"data":"Generation Step 4\n"}
,{"stream_name":"stdout","time":312.772061163,"data":"0.3671875\n"}
,{"stream_name":"stdout","time":312.788057376,"data":"/tmp/lead_stack_scratch_r1/venv/lib/python3.11/site-packages/anndata/_core/anndata.py:1756: UserWarning: Observation names are not unique. To make them unique, call `.obs_names_make_unique`.\n"}
,{"stream_name":"stdout","time":312.788764396,"data":"  utils.warn_names_duplicates(\"obs\")\n"}
,{"stream_name":"stdout","time":312.799984064,"data":"/tmp/lead_stack_scratch_r1/venv/lib/python3.11/site-packages/anndata/_core/anndata.py:1756: UserWarning: Observation names are not unique. To make them unique, call `.obs_names_make_unique`.\n"}
,{"stream_name":"stdout","time":312.800682599,"data":"  utils.warn_names_duplicates(\"obs\")\n"}
,{"stream_name":"stdout","time":312.812650027,"data":"/tmp/lead_stack_scratch_r1/venv/lib/python3.11/site-packages/anndata/_core/anndata.py:1756: UserWarning: Observation names are not unique. To make them unique, call `.obs_names_make_unique`.\n"}
,{"stream_name":"stdout","time":312.813455892,"data":"  utils.warn_names_duplicates(\"obs\")\n"}
,{"stream_name":"stdout","time":312.825421374,"data":"/tmp/lead_stack_scratch_r1/venv/lib/python3.11/site-packages/anndata/_core/anndata.py:1756: UserWarning: Observation names are not unique. To make them unique, call `.obs_names_make_unique`.\n"}
,{"stream_name":"stdout","time":312.826144264,"data":"  utils.warn_names_duplicates(\"obs\")\n"}
,{"stream_name":"stdout","time":312.828624895,"data":"'organism' column not found in obs, assuming all cells are valid\n"}
,{"stream_name":"stdout","time":313.859264961,"data":"Generation Step 5\n"}
,{"stream_name":"stdout","time":313.859984787,"data":"0.40234375\n"}
,{"stream_name":"stdout","time":314.457741347,"data":"Finished WBP11\n"}
,{"stream_name":"stdout","time":314.532596598,"data":"Masking ratio schedule: [0.8        0.6        0.39999998 0.19999999 0.        ]\n"}
,{"stream_name":"stdout","time":314.533438924,"data":"Context ratio schedule: [0.2  0.25 0.3  0.35 0.4 ]\n"}
,{"stream_name":"stdout","time":314.549757475,"data":"/tmp/lead_stack_scratch_r1/venv/lib/python3.11/site-packages/anndata/_core/anndata.py:1756: UserWarning: Observation names are not unique. To make them unique, call `.obs_names_make_unique`.\n"}
,{"stream_name":"stdout","time":314.550580884,"data":"  utils.warn_names_duplicates(\"obs\")\n"}
,{"stream_name":"stdout","time":314.561706876,"data":"/tmp/lead_stack_scratch_r1/venv/lib/python3.11/site-packages/anndata/_core/anndata.py:1756: UserWarning: Observation names are not unique. To make them unique, call `.obs_names_make_unique`.\n"}
,{"stream_name":"stdout","time":314.562491723,"data":"  utils.warn_names_duplicates(\"obs\")\n"}
,{"stream_name":"stdout","time":314.571333311,"data":"/tmp/lead_stack_scratch_r1/venv/lib/python3.11/site-packages/anndata/_core/anndata.py:1756: UserWarning: Observation names are not unique. To make them unique, call `.obs_names_make_unique`.\n"}
,{"stream_name":"stdout","time":314.572117403,"data":"  utils.warn_names_duplicates(\"obs\")\n"}
,{"stream_name":"stdout","time":314.574055004,"data":"'organism' column not found in obs, assuming all cells are valid\n"}
,{"stream_name":"stdout","time":315.268790248,"data":"Generation Step 1\n"}
,{"stream_name":"stdout","time":315.269628851,"data":"0.244140625\n"}
,{"stream_name":"stdout","time":315.28696655,"data":"/tmp/lead_stack_scratch_r1/venv/lib/python3.11/site-packages/anndata/_core/anndata.py:1756: UserWarning: Observation names are not unique. To make them unique, call `.obs_names_make_unique`.\n"}
,{"stream_name":"stdout","time":315.287729311,"data":"  utils.warn_names_duplicates(\"obs\")\n"}
,{"stream_name":"stdout","time":315.2982316,"data":"/tmp/lead_stack_scratch_r1/venv/lib/python3.11/site-packages/anndata/_core/anndata.py:1756: UserWarning: Observation names are not unique. To make them unique, call `.obs_names_make_unique`.\n"}
,{"stream_name":"stdout","time":315.2991049,"data":"  utils.warn_names_duplicates(\"obs\")\n"}
,{"stream_name":"stdout","time":315.30796069,"data":"/tmp/lead_stack_scratch_r1/venv/lib/python3.11/site-packages/anndata/_core/anndata.py:1756: UserWarning: Observation names are not unique. To make them unique, call `.obs_names_make_unique`.\n"}
,{"stream_name":"stdout","time":315.308749802,"data":"  utils.warn_names_duplicates(\"obs\")\n"}
,{"stream_name":"stdout","time":315.310798342,"data":"'organism' column not found in obs, assuming all cells are valid\n"}
,{"stream_name":"stdout","time":316.011031002,"data":"Generation Step 2\n"}
,{"stream_name":"stdout","time":316.011952662,"data":"0.189453125\n"}
,{"stream_name":"stdout","time":316.028934478,"data":"/tmp/lead_stack_scratch_r1/venv/lib/python3.11/site-packages/anndata/_core/anndata.py:1756: UserWarning: Observation names are not unique. To make them unique, call `.obs_names_make_unique`.\n"}
,{"stream_name":"stdout","time":316.029685885,"data":"  utils.warn_names_duplicates(\"obs\")\n"}
,{"stream_name":"stdout","time":316.039889891,"data":"/tmp/lead_stack_scratch_r1/venv/lib/python3.11/site-packages/anndata/_core/anndata.py:1756: UserWarning: Observation names are not unique. To make them unique, call `.obs_names_make_unique`.\n"}
,{"stream_name":"stdout","time":316.040622818,"data":"  utils.warn_names_duplicates(\"obs\")\n"}
,{"stream_name":"stdout","time":316.051339528,"data":"/tmp/lead_stack_scratch_r1/venv/lib/python3.11/site-packages/anndata/_core/anndata.py:1756: UserWarning: Observation names are not unique. To make them unique, call `.obs_names_make_unique`.\n"}
,{"stream_name":"stdout","time":316.052079097,"data":"  utils.warn_names_duplicates(\"obs\")\n"}
,{"stream_name":"stdout","time":316.063551603,"data":"/tmp/lead_stack_scratch_r1/venv/lib/python3.11/site-packages/anndata/_core/anndata.py:1756: UserWarning: Observation names are not unique. To make them unique, call `.obs_names_make_unique`.\n"}
,{"stream_name":"stdout","time":316.064329291,"data":"  utils.warn_names_duplicates(\"obs\")\n"}
,{"stream_name":"stdout","time":316.066201569,"data":"'organism' column not found in obs, assuming all cells are valid\n"}
,{"stream_name":"stdout","time":317.05167746,"data":"Generation Step 3\n"}
,{"stream_name":"stdout","time":317.052575696,"data":"0.234375\n"}
,{"stream_name":"stdout","time":317.070252901,"data":"/tmp/lead_stack_scratch_r1/venv/lib/python3.11/site-packages/anndata/_core/anndata.py:1756: UserWarning: Observation names are not unique. To make them unique, call `.obs_names_make_unique`.\n"}
,{"stream_name":"stdout","time":317.07120797,"data":"  utils.warn_names_duplicates(\"obs\")\n"}
,{"stream_name":"stdout","time":317.081652455,"data":"/tmp/lead_stack_scratch_r1/venv/lib/python3.11/site-packages/anndata/_core/anndata.py:1756: UserWarning: Observation names are not unique. To make them unique, call `.obs_names_make_unique`.\n"}
,{"stream_name":"stdout","time":317.082453752,"data":"  utils.warn_names_duplicates(\"obs\")\n"}
,{"stream_name":"stdout","time":317.093487088,"data":"/tmp/lead_stack_scratch_r1/venv/lib/python3.11/site-packages/anndata/_core/anndata.py:1756: UserWarning: Observation names are not unique. To make them unique, call `.obs_names_make_unique`.\n"}
,{"stream_name":"stdout","time":317.094354527,"data":"  utils.warn_names_duplicates(\"obs\")\n"}
,{"stream_name":"stdout","time":317.105980028,"data":"/tmp/lead_stack_scratch_r1/venv/lib/python3.11/site-packages/anndata/_core/anndata.py:1756: UserWarning: Observation names are not unique. To make them unique, call `.obs_names_make_unique`.\n"}
,{"stream_name":"stdout","time":317.106739272,"data":"  utils.warn_names_duplicates(\"obs\")\n"}
,{"stream_name":"stdout","time":317.108871127,"data":"'organism' column not found in obs, assuming all cells are valid\n"}
,{"stream_name":"stdout","time":318.107318313,"data":"Generation Step 4\n"}
,{"stream_name":"stdout","time":318.108429728,"data":"0.33984375\n"}
,{"stream_name":"stdout","time":318.127368107,"data":"/tmp/lead_stack_scratch_r1/venv/lib/python3.11/site-packages/anndata/_core/anndata.py:1756: UserWarning: Observation names are not unique. To make them unique, call `.obs_names_make_unique`.\n"}
,{"stream_name":"stdout","time":318.128438757,"data":"  utils.warn_names_duplicates(\"obs\")\n"}
,{"stream_name":"stdout","time":318.13898479,"data":"/tmp/lead_stack_scratch_r1/venv/lib/python3.11/site-packages/anndata/_core/anndata.py:1756: UserWarning: Observation names are not unique. To make them unique, call `.obs_names_make_unique`.\n"}
,{"stream_name":"stdout","time":318.139760472,"data":"  utils.warn_names_duplicates(\"obs\")\n"}
,{"stream_name":"stdout","time":318.151018503,"data":"/tmp/lead_stack_scratch_r1/venv/lib/python3.11/site-packages/anndata/_core/anndata.py:1756: UserWarning: Observation names are not unique. To make them unique, call `.obs_names_make_unique`.\n"}
,{"stream_name":"stdout","time":318.152037009,"data":"  utils.warn_names_duplicates(\"obs\")\n"}
,{"stream_name":"stdout","time":318.163563697,"data":"/tmp/lead_stack_scratch_r1/venv/lib/python3.11/site-packages/anndata/_core/anndata.py:1756: UserWarning: Observation names are not unique. To make them unique, call `.obs_names_make_unique`.\n"}
,{"stream_name":"stdout","time":318.16436465,"data":"  utils.warn_names_duplicates(\"obs\")\n"}
,{"stream_name":"stdout","time":318.165944188,"data":"'organism' column not found in obs, assuming all cells are valid\n"}
,{"stream_name":"stdout","time":319.224222137,"data":"Generation Step 5\n"}
,{"stream_name":"stdout","time":319.225373484,"data":"0.34375\n"}
,{"stream_name":"stdout","time":319.234097487,"data":"Masking ratio schedule: [0.8        0.6        0.39999998 0.19999999 0.        ]\n"}
,{"stream_name":"stdout","time":319.235641179,"data":"Context ratio schedule: [0.2  0.25 0.3  0.35 0.4 ]\n"}
,{"stream_name":"stdout","time":319.252152489,"data":"/tmp/lead_stack_scratch_r1/venv/lib/python3.11/site-packages/anndata/_core/anndata.py:1756: UserWarning: Observation names are not unique. To make them unique, call `.obs_names_make_unique`.\n"}
,{"stream_name":"stdout","time":319.253116066,"data":"  utils.warn_names_duplicates(\"obs\")\n"}
,{"stream_name":"stdout","time":319.264285436,"data":"/tmp/lead_stack_scratch_r1/venv/lib/python3.11/site-packages/anndata/_core/anndata.py:1756: UserWarning: Observation names are not unique. To make them unique, call `.obs_names_make_unique`.\n"}
,{"stream_name":"stdout","time":319.265360189,"data":"  utils.warn_names_duplicates(\"obs\")\n"}
,{"stream_name":"stdout","time":319.273402149,"data":"/tmp/lead_stack_scratch_r1/venv/lib/python3.11/site-packages/anndata/_core/anndata.py:1756: UserWarning: Observation names are not unique. To make them unique, call `.obs_names_make_unique`.\n"}
,{"stream_name":"stdout","time":319.2743357,"data":"  utils.warn_names_duplicates(\"obs\")\n"}
,{"stream_name":"stdout","time":319.276447085,"data":"'organism' column not found in obs, assuming all cells are valid\n"}
,{"stream_name":"stdout","time":319.967156462,"data":"Generation Step 1\n"}
,{"stream_name":"stdout","time":319.967942073,"data":"0.263671875\n"}
,{"stream_name":"stdout","time":319.984609718,"data":"/tmp/lead_stack_scratch_r1/venv/lib/python3.11/site-packages/anndata/_core/anndata.py:1756: UserWarning: Observation names are not unique. To make them unique, call `.obs_names_make_unique`.\n"}
,{"stream_name":"stdout","time":319.985471826,"data":"  utils.warn_names_duplicates(\"obs\")\n"}
,{"stream_name":"stdout","time":319.996402863,"data":"/tmp/lead_stack_scratch_r1/venv/lib/python3.11/site-packages/anndata/_core/anndata.py:1756: UserWarning: Observation names are not unique. To make them unique, call `.obs_names_make_unique`.\n"}
,{"stream_name":"stdout","time":319.997155603,"data":"  utils.warn_names_duplicates(\"obs\")\n"}
,{"stream_name":"stdout","time":320.005609317,"data":"/tmp/lead_stack_scratch_r1/venv/lib/python3.11/site-packages/anndata/_core/anndata.py:1756: UserWarning: Observation names are not unique. To make them unique, call `.obs_names_make_unique`.\n"}
,{"stream_name":"stdout","time":320.006460864,"data":"  utils.warn_names_duplicates(\"obs\")\n"}
,{"stream_name":"stdout","time":320.008673715,"data":"'organism' column not found in obs, assuming all cells are valid\n"}
,{"stream_name":"stdout","time":320.710804374,"data":"Generation Step 2\n"}
,{"stream_name":"stdout","time":320.711645313,"data":"0.212890625\n"}
,{"stream_name":"stdout","time":320.729857382,"data":"/tmp/lead_stack_scratch_r1/venv/lib/python3.11/site-packages/anndata/_core/anndata.py:1756: UserWarning: Observation names are not unique. To make them unique, call `.obs_names_make_unique`.\n"}
,{"stream_name":"stdout","time":320.730607299,"data":"  utils.warn_names_duplicates(\"obs\")\n"}
,{"stream_name":"stdout","time":320.741984478,"data":"/tmp/lead_stack_scratch_r1/venv/lib/python3.11/site-packages/anndata/_core/anndata.py:1756: UserWarning: Observation names are not unique. To make them unique, call `.obs_names_make_unique`.\n"}
,{"stream_name":"stdout","time":320.742700401,"data":"  utils.warn_names_duplicates(\"obs\")\n"}
,{"stream_name":"stdout","time":320.755020816,"data":"/tmp/lead_stack_scratch_r1/venv/lib/python3.11/site-packages/anndata/_core/anndata.py:1756: UserWarning: Observation names are not unique. To make them unique, call `.obs_names_make_unique`.\n"}
,{"stream_name":"stdout","time":320.75572581,"data":"  utils.warn_names_duplicates(\"obs\")\n"}
,{"stream_name":"stdout","time":320.767363044,"data":"/tmp/lead_stack_scratch_r1/venv/lib/python3.11/site-packages/anndata/_core/anndata.py:1756: UserWarning: Observation names are not unique. To make them unique, call `.obs_names_make_unique`.\n"}
,{"stream_name":"stdout","time":320.768105346,"data":"  utils.warn_names_duplicates(\"obs\")\n"}
,{"stream_name":"stdout","time":320.770146473,"data":"'organism' column not found in obs, assuming all cells are valid\n"}
,{"stream_name":"stdout","time":321.812867349,"data":"Generation Step 3\n"}
,{"stream_name":"stdout","time":321.81378794,"data":"0.26953125\n"}
,{"stream_name":"stdout","time":321.814599024,"data":"/tmp/lead_stack_scratch_r1/venv/lib/python3.11/site-packages/anndata/_core/anndata.py:1756: UserWarning: Observation names are not unique. To make them unique, call `.obs_names_make_unique`.\n"}
,{"stream_name":"stdout","time":321.815430892,"data":"  utils.warn_names_duplicates(\"obs\")\n"}
,{"stream_name":"stdout","time":321.816248918,"data":"/tmp/lead_stack_scratch_r1/venv/lib/python3.11/site-packages/anndata/_core/anndata.py:1756: UserWarning: Observation names are not unique. To make them unique, call `.obs_names_make_unique`.\n"}
,{"stream_name":"stdout","time":321.817001028,"data":"  utils.warn_names_duplicates(\"obs\")\n"}
,{"stream_name":"stdout","time":321.817723645,"data":"/tmp/lead_stack_scratch_r1/venv/lib/python3.11/site-packages/anndata/_core/anndata.py:1756: UserWarning: Observation names are not unique. To make them unique, call `.obs_names_make_unique`.\n"}
,{"stream_name":"stdout","time":321.818478816,"data":"  utils.warn_names_duplicates(\"obs\")\n"}
,{"stream_name":"stdout","time":321.825665138,"data":"/tmp/lead_stack_scratch_r1/venv/lib/python3.11/site-packages/anndata/_core/anndata.py:1756: UserWarning: Observation names are not unique. To make them unique, call `.obs_names_make_unique`.\n"}
,{"stream_name":"stdout","time":321.826446849,"data":"  utils.warn_names_duplicates(\"obs\")\n"}
,{"stream_name":"stdout","time":321.82849915,"data":"'organism' column not found in obs, assuming all cells are valid\n"}
,{"stream_name":"stdout","time":322.861930994,"data":"Generation Step 4\n"}
,{"stream_name":"stdout","time":322.862668117,"data":"0.392578125\n"}
,{"stream_name":"stdout","time":322.8798883,"data":"/tmp/lead_stack_scratch_r1/venv/lib/python3.11/site-packages/anndata/_core/anndata.py:1756: UserWarning: Observation names are not unique. To make them unique, call `.obs_names_make_unique`.\n"}
,{"stream_name":"stdout","time":322.880636458,"data":"  utils.warn_names_duplicates(\"obs\")\n"}
,{"stream_name":"stdout","time":322.891700273,"data":"/tmp/lead_stack_scratch_r1/venv/lib/python3.11/site-packages/anndata/_core/anndata.py:1756: UserWarning: Observation names are not unique. To make them unique, call `.obs_names_make_unique`.\n"}
,{"stream_name":"stdout","time":322.892447361,"data":"  utils.warn_names_duplicates(\"obs\")\n"}
,{"stream_name":"stdout","time":322.903577886,"data":"/tmp/lead_stack_scratch_r1/venv/lib/python3.11/site-packages/anndata/_core/anndata.py:1756: UserWarning: Observation names are not unique. To make them unique, call `.obs_names_make_unique`.\n"}
,{"stream_name":"stdout","time":322.904364302,"data":"  utils.warn_names_duplicates(\"obs\")\n"}
,{"stream_name":"stdout","time":322.915920322,"data":"/tmp/lead_stack_scratch_r1/venv/lib/python3.11/site-packages/anndata/_core/anndata.py:1756: UserWarning: Observation names are not unique. To make them unique, call `.obs_names_make_unique`.\n"}
,{"stream_name":"stdout","time":322.916628625,"data":"  utils.warn_names_duplicates(\"obs\")\n"}
,{"stream_name":"stdout","time":322.918693576,"data":"'organism' column not found in obs, assuming all cells are valid\n"}
,{"stream_name":"stdout","time":323.930587388,"data":"Generation Step 5\n"}
,{"stream_name":"stdout","time":323.930655748,"data":"0.404296875\n"}
,{"stream_name":"stdout","time":324.551011827,"data":"Finished RPL36A\n"}
,{"stream_name":"stdout","time":324.633261888,"data":"Masking ratio schedule: [0.8        0.6        0.39999998 0.19999999 0.        ]\n"}
,{"stream_name":"stdout","time":324.634291668,"data":"Context ratio schedule: [0.2  0.25 0.3  0.35 0.4 ]\n"}
,{"stream_name":"stdout","time":324.651612094,"data":"/tmp/lead_stack_scratch_r1/venv/lib/python3.11/site-packages/anndata/_core/anndata.py:1756: UserWarning: Observation names are not unique. To make them unique, call `.obs_names_make_unique`.\n"}
,{"stream_name":"stdout","time":324.65241677,"data":"  utils.warn_names_duplicates(\"obs\")\n"}
,{"stream_name":"stdout","time":324.665228785,"data":"/tmp/lead_stack_scratch_r1/venv/lib/python3.11/site-packages/anndata/_core/anndata.py:1756: UserWarning: Observation names are not unique. To make them unique, call `.obs_names_make_unique`.\n"}
,{"stream_name":"stdout","time":324.665968339,"data":"  utils.warn_names_duplicates(\"obs\")\n"}
,{"stream_name":"stdout","time":324.674386432,"data":"/tmp/lead_stack_scratch_r1/venv/lib/python3.11/site-packages/anndata/_core/anndata.py:1756: UserWarning: Observation names are not unique. To make them unique, call `.obs_names_make_unique`.\n"}
,{"stream_name":"stdout","time":324.675148485,"data":"  utils.warn_names_duplicates(\"obs\")\n"}
,{"stream_name":"stdout","time":324.67725184,"data":"'organism' column not found in obs, assuming all cells are valid\n"}
,{"stream_name":"stdout","time":325.369845421,"data":"Generation Step 1\n"}
,{"stream_name":"stdout","time":325.372160361,"data":"0.25390625\n"}
,{"stream_name":"stdout","time":325.388019881,"data":"/tmp/lead_stack_scratch_r1/venv/lib/python3.11/site-packages/anndata/_core/anndata.py:1756: UserWarning: Observation names are not unique. To make them unique, call `.obs_names_make_unique`.\n"}
,{"stream_name":"stdout","time":325.389198257,"data":"  utils.warn_names_duplicates(\"obs\")\n"}
,{"stream_name":"stdout","time":325.399879233,"data":"/tmp/lead_stack_scratch_r1/venv/lib/python3.11/site-packages/anndata/_core/anndata.py:1756: UserWarning: Observation names are not unique. To make them unique, call `.obs_names_make_unique`.\n"}
,{"stream_name":"stdout","time":325.400861534,"data":"  utils.warn_names_duplicates(\"obs\")\n"}
,{"stream_name":"stdout","time":325.409227226,"data":"/tmp/lead_stack_scratch_r1/venv/lib/python3.11/site-packages/anndata/_core/anndata.py:1756: UserWarning: Observation names are not unique. To make them unique, call `.obs_names_make_unique`.\n"}
,{"stream_name":"stdout","time":325.410504287,"data":"  utils.warn_names_duplicates(\"obs\")\n"}
,{"stream_name":"stdout","time":325.412029059,"data":"'organism' column not found in obs, assuming all cells are valid\n"}
,{"stream_name":"stdout","time":326.11507368,"data":"Generation Step 2\n"}
,{"stream_name":"stdout","time":326.117214482,"data":"0.166015625\n"}
,{"stream_name":"stdout","time":326.133659358,"data":"/tmp/lead_stack_scratch_r1/venv/lib/python3.11/site-packages/anndata/_core/anndata.py:1756: UserWarning: Observation names are not unique. To make them unique, call `.obs_names_make_unique`.\n"}
,{"stream_name":"stdout","time":326.134669566,"data":"  utils.warn_names_duplicates(\"obs\")\n"}
,{"stream_name":"stdout","time":326.146152266,"data":"/tmp/lead_stack_scratch_r1/venv/lib/python3.11/site-packages/anndata/_core/anndata.py:1756: UserWarning: Observation names are not unique. To make them unique, call `.obs_names_make_unique`.\n"}
,{"stream_name":"stdout","time":326.146905992,"data":"  utils.warn_names_duplicates(\"obs\")\n"}
,{"stream_name":"stdout","time":326.158878103,"data":"/tmp/lead_stack_scratch_r1/venv/lib/python3.11/site-packages/anndata/_core/anndata.py:1756: UserWarning: Observation names are not unique. To make them unique, call `.obs_names_make_unique`.\n"}
,{"stream_name":"stdout","time":326.159528723,"data":"  utils.warn_names_duplicates(\"obs\")\n"}
,{"stream_name":"stdout","time":326.171502572,"data":"/tmp/lead_stack_scratch_r1/venv/lib/python3.11/site-packages/anndata/_core/anndata.py:1756: UserWarning: Observation names are not unique. To make them unique, call `.obs_names_make_unique`.\n"}
,{"stream_name":"stdout","time":326.172250854,"data":"  utils.warn_names_duplicates(\"obs\")\n"}
,{"stream_name":"stdout","time":326.174310863,"data":"'organism' column not found in obs, assuming all cells are valid\n"}
,{"stream_name":"stdout","time":327.160313126,"data":"Generation Step 3\n"}
,{"stream_name":"stdout","time":327.16127077,"data":"0.22265625\n"}
,{"stream_name":"stdout","time":327.179089865,"data":"/tmp/lead_stack_scratch_r1/venv/lib/python3.11/site-packages/anndata/_core/anndata.py:1756: UserWarning: Observation names are not unique. To make them unique, call `.obs_names_make_unique`.\n"}
,{"stream_name":"stdout","time":327.179822834,"data":"  utils.warn_names_duplicates(\"obs\")\n"}
,{"stream_name":"stdout","time":327.190774127,"data":"/tmp/lead_stack_scratch_r1/venv/lib/python3.11/site-packages/anndata/_core/anndata.py:1756: UserWarning: Observation names are not unique. To make them unique, call `.obs_names_make_unique`.\n"}
,{"stream_name":"stdout","time":327.191479807,"data":"  utils.warn_names_duplicates(\"obs\")\n"}
,{"stream_name":"stdout","time":327.203156488,"data":"/tmp/lead_stack_scratch_r1/venv/lib/python3.11/site-packages/anndata/_core/anndata.py:1756: UserWarning: Observation names are not unique. To make them unique, call `.obs_names_make_unique`.\n"}
,{"stream_name":"stdout","time":327.203877202,"data":"  utils.warn_names_duplicates(\"obs\")\n"}
,{"stream_name":"stdout","time":327.215687023,"data":"/tmp/lead_stack_scratch_r1/venv/lib/python3.11/site-packages/anndata/_core/anndata.py:1756: UserWarning: Observation names are not unique. To make them unique, call `.obs_names_make_unique`.\n"}
,{"stream_name":"stdout","time":327.216463349,"data":"  utils.warn_names_duplicates(\"obs\")\n"}
,{"stream_name":"stdout","time":327.218623662,"data":"'organism' column not found in obs, assuming all cells are valid\n"}
,{"stream_name":"stdout","time":328.207102183,"data":"Generation Step 4\n"}
,{"stream_name":"stdout","time":328.207914382,"data":"0.3203125\n"}
,{"stream_name":"stdout","time":328.226140573,"data":"/tmp/lead_stack_scratch_r1/venv/lib/python3.11/site-packages/anndata/_core/anndata.py:1756: UserWarning: Observation names are not unique. To make them unique, call `.obs_names_make_unique`.\n"}
,{"stream_name":"stdout","time":328.226964412,"data":"  utils.warn_names_duplicates(\"obs\")\n"}
,{"stream_name":"stdout","time":328.238817547,"data":"/tmp/lead_stack_scratch_r1/venv/lib/python3.11/site-packages/anndata/_core/anndata.py:1756: UserWarning: Observation names are not unique. To make them unique, call `.obs_names_make_unique`.\n"}
,{"stream_name":"stdout","time":328.239625581,"data":"  utils.warn_names_duplicates(\"obs\")\n"}
,{"stream_name":"stdout","time":328.251388142,"data":"/tmp/lead_stack_scratch_r1/venv/lib/python3.11/site-packages/anndata/_core/anndata.py:1756: UserWarning: Observation names are not unique. To make them unique, call `.obs_names_make_unique`.\n"}
,{"stream_name":"stdout","time":328.252208391,"data":"  utils.warn_names_duplicates(\"obs\")\n"}
,{"stream_name":"stdout","time":328.263546992,"data":"/tmp/lead_stack_scratch_r1/venv/lib/python3.11/site-packages/anndata/_core/anndata.py:1756: UserWarning: Observation names are not unique. To make them unique, call `.obs_names_make_unique`.\n"}
,{"stream_name":"stdout","time":328.264360426,"data":"  utils.warn_names_duplicates(\"obs\")\n"}
,{"stream_name":"stdout","time":328.266380901,"data":"'organism' column not found in obs, assuming all cells are valid\n"}
,{"stream_name":"stdout","time":329.251927109,"data":"Generation Step 5\n"}
,{"stream_name":"stdout","time":329.252802864,"data":"0.3359375\n"}
,{"stream_name":"stdout","time":329.791140386,"data":"Finished MBTPS1\n"}
,{"stream_name":"stdout","time":329.861097602,"data":"Masking ratio schedule: [0.8        0.6        0.39999998 0.19999999 0.        ]\n"}
,{"stream_name":"stdout","time":329.862528391,"data":"Context ratio schedule: [0.2  0.25 0.3  0.35 0.4 ]\n"}
,{"stream_name":"stdout","time":329.875967478,"data":"/tmp/lead_stack_scratch_r1/venv/lib/python3.11/site-packages/anndata/_core/anndata.py:1756: UserWarning: Observation names are not unique. To make them unique, call `.obs_names_make_unique`.\n"}
,{"stream_name":"stdout","time":329.877501894,"data":"  utils.warn_names_duplicates(\"obs\")\n"}
,{"stream_name":"stdout","time":329.888921141,"data":"/tmp/lead_stack_scratch_r1/venv/lib/python3.11/site-packages/anndata/_core/anndata.py:1756: UserWarning: Observation names are not unique. To make them unique, call `.obs_names_make_unique`.\n"}
,{"stream_name":"stdout","time":329.889696841,"data":"  utils.warn_names_duplicates(\"obs\")\n"}
,{"stream_name":"stdout","time":329.898029737,"data":"/tmp/lead_stack_scratch_r1/venv/lib/python3.11/site-packages/anndata/_core/anndata.py:1756: UserWarning: Observation names are not unique. To make them unique, call `.obs_names_make_unique`.\n"}
,{"stream_name":"stdout","time":329.899042837,"data":"  utils.warn_names_duplicates(\"obs\")\n"}
,{"stream_name":"stdout","time":329.901541424,"data":"'organism' column not found in obs, assuming all cells are valid\n"}
,{"stream_name":"stdout","time":330.602756478,"data":"Generation Step 1\n"}
,{"stream_name":"stdout","time":330.603625857,"data":"0.2421875\n"}
,{"stream_name":"stdout","time":330.620780457,"data":"/tmp/lead_stack_scratch_r1/venv/lib/python3.11/site-packages/anndata/_core/anndata.py:1756: UserWarning: Observation names are not unique. To make them unique, call `.obs_names_make_unique`.\n"}
,{"stream_name":"stdout","time":330.621499056,"data":"  utils.warn_names_duplicates(\"obs\")\n"}
,{"stream_name":"stdout","time":330.632265674,"data":"/tmp/lead_stack_scratch_r1/venv/lib/python3.11/site-packages/anndata/_core/anndata.py:1756: UserWarning: Observation names are not unique. To make them unique, call `.obs_names_make_unique`.\n"}
,{"stream_name":"stdout","time":330.63308698,"data":"  utils.warn_names_duplicates(\"obs\")\n"}
,{"stream_name":"stdout","time":330.642111724,"data":"/tmp/lead_stack_scratch_r1/venv/lib/python3.11/site-packages/anndata/_core/anndata.py:1756: UserWarning: Observation names are not unique. To make them unique, call `.obs_names_make_unique`.\n"}
,{"stream_name":"stdout","time":330.642824117,"data":"  utils.warn_names_duplicates(\"obs\")\n"}
,{"stream_name":"stdout","time":330.645067016,"data":"'organism' column not found in obs, assuming all cells are valid\n"}
,{"stream_name":"stdout","time":331.367623823,"data":"Generation Step 2\n"}
,{"stream_name":"stdout","time":331.368436232,"data":"0.17578125\n"}
,{"stream_name":"stdout","time":331.385688007,"data":"/tmp/lead_stack_scratch_r1/venv/lib/python3.11/site-packages/anndata/_core/anndata.py:1756: UserWarning: Observation names are not unique. To make them unique, call `.obs_names_make_unique`.\n"}
,{"stream_name":"stdout","time":331.386505072,"data":"  utils.warn_names_duplicates(\"obs\")\n"}
,{"stream_name":"stdout","time":331.39731249,"data":"/tmp/lead_stack_scratch_r1/venv/lib/python3.11/site-packages/anndata/_core/anndata.py:1756: UserWarning: Observation names are not unique. To make them unique, call `.obs_names_make_unique`.\n"}
,{"stream_name":"stdout","time":331.398185087,"data":"  utils.warn_names_duplicates(\"obs\")\n"}
,{"stream_name":"stdout","time":331.408951223,"data":"/tmp/lead_stack_scratch_r1/venv/lib/python3.11/site-packages/anndata/_core/anndata.py:1756: UserWarning: Observation names are not unique. To make them unique, call `.obs_names_make_unique`.\n"}
,{"stream_name":"stdout","time":331.409690733,"data":"  utils.warn_names_duplicates(\"obs\")\n"}
,{"stream_name":"stdout","time":331.421476063,"data":"/tmp/lead_stack_scratch_r1/venv/lib/python3.11/site-packages/anndata/_core/anndata.py:1756: UserWarning: Observation names are not unique. To make them unique, call `.obs_names_make_unique`.\n"}
,{"stream_name":"stdout","time":331.422217629,"data":"  utils.warn_names_duplicates(\"obs\")\n"}
,{"stream_name":"stdout","time":331.424306001,"data":"'organism' column not found in obs, assuming all cells are valid\n"}
,{"stream_name":"stdout","time":332.425933432,"data":"Generation Step 3\n"}
,{"stream_name":"stdout","time":332.426815254,"data":"0.224609375\n"}
,{"stream_name":"stdout","time":332.444100576,"data":"/tmp/lead_stack_scratch_r1/venv/lib/python3.11/site-packages/anndata/_core/anndata.py:1756: UserWarning: Observation names are not unique. To make them unique, call `.obs_names_make_unique`.\n"}
,{"stream_name":"stdout","time":332.444856201,"data":"  utils.warn_names_duplicates(\"obs\")\n"}
,{"stream_name":"stdout","time":332.455442276,"data":"/tmp/lead_stack_scratch_r1/venv/lib/python3.11/site-packages/anndata/_core/anndata.py:1756: UserWarning: Observation names are not unique. To make them unique, call `.obs_names_make_unique`.\n"}
,{"stream_name":"stdout","time":332.456173825,"data":"  utils.warn_names_duplicates(\"obs\")\n"}
,{"stream_name":"stdout","time":332.466999861,"data":"/tmp/lead_stack_scratch_r1/venv/lib/python3.11/site-packages/anndata/_core/anndata.py:1756: UserWarning: Observation names are not unique. To make them unique, call `.obs_names_make_unique`.\n"}
,{"stream_name":"stdout","time":332.467712725,"data":"  utils.warn_names_duplicates(\"obs\")\n"}
,{"stream_name":"stdout","time":332.479477862,"data":"/tmp/lead_stack_scratch_r1/venv/lib/python3.11/site-packages/anndata/_core/anndata.py:1756: UserWarning: Observation names are not unique. To make them unique, call `.obs_names_make_unique`.\n"}
,{"stream_name":"stdout","time":332.480267221,"data":"  utils.warn_names_duplicates(\"obs\")\n"}
,{"stream_name":"stdout","time":332.482192584,"data":"'organism' column not found in obs, assuming all cells are valid\n"}
,{"stream_name":"stdout","time":333.502568721,"data":"Generation Step 4\n"}
,{"stream_name":"stdout","time":333.503630415,"data":"0.326171875\n"}
,{"stream_name":"stdout","time":333.5207463,"data":"/tmp/lead_stack_scratch_r1/venv/lib/python3.11/site-packages/anndata/_core/anndata.py:1756: UserWarning: Observation names are not unique. To make them unique, call `.obs_names_make_unique`.\n"}
,{"stream_name":"stdout","time":333.521515058,"data":"  utils.warn_names_duplicates(\"obs\")\n"}
,{"stream_name":"stdout","time":333.53183278,"data":"/tmp/lead_stack_scratch_r1/venv/lib/python3.11/site-packages/anndata/_core/anndata.py:1756: UserWarning: Observation names are not unique. To make them unique, call `.obs_names_make_unique`.\n"}
,{"stream_name":"stdout","time":333.532512712,"data":"  utils.warn_names_duplicates(\"obs\")\n"}
,{"stream_name":"stdout","time":333.543775953,"data":"/tmp/lead_stack_scratch_r1/venv/lib/python3.11/site-packages/anndata/_core/anndata.py:1756: UserWarning: Observation names are not unique. To make them unique, call `.obs_names_make_unique`.\n"}
,{"stream_name":"stdout","time":333.544470689,"data":"  utils.warn_names_duplicates(\"obs\")\n"}
,{"stream_name":"stdout","time":333.556239855,"data":"/tmp/lead_stack_scratch_r1/venv/lib/python3.11/site-packages/anndata/_core/anndata.py:1756: UserWarning: Observation names are not unique. To make them unique, call `.obs_names_make_unique`.\n"}
,{"stream_name":"stdout","time":333.557009561,"data":"  utils.warn_names_duplicates(\"obs\")\n"}
,{"stream_name":"stdout","time":333.55895353,"data":"'organism' column not found in obs, assuming all cells are valid\n"}
,{"stream_name":"stdout","time":334.571304489,"data":"Generation Step 5\n"}
,{"stream_name":"stdout","time":334.572556367,"data":"0.30078125\n"}
,{"stream_name":"stdout","time":334.581577668,"data":"Masking ratio schedule: [0.8        0.6        0.39999998 0.19999999 0.        ]\n"}
,{"stream_name":"stdout","time":334.582380147,"data":"Context ratio schedule: [0.2  0.25 0.3  0.35 0.4 ]\n"}
,{"stream_name":"stdout","time":334.599497776,"data":"/tmp/lead_stack_scratch_r1/venv/lib/python3.11/site-packages/anndata/_core/anndata.py:1756: UserWarning: Observation names are not unique. To make them unique, call `.obs_names_make_unique`.\n"}
,{"stream_name":"stdout","time":334.601053643,"data":"  utils.warn_names_duplicates(\"obs\")\n"}
,{"stream_name":"stdout","time":334.611595194,"data":"/tmp/lead_stack_scratch_r1/venv/lib/python3.11/site-packages/anndata/_core/anndata.py:1756: UserWarning: Observation names are not unique. To make them unique, call `.obs_names_make_unique`.\n"}
,{"stream_name":"stdout","time":334.61257335,"data":"  utils.warn_names_duplicates(\"obs\")\n"}
,{"stream_name":"stdout","time":334.620206712,"data":"/tmp/lead_stack_scratch_r1/venv/lib/python3.11/site-packages/anndata/_core/anndata.py:1756: UserWarning: Observation names are not unique. To make them unique, call `.obs_names_make_unique`.\n"}
,{"stream_name":"stdout","time":334.620916126,"data":"  utils.warn_names_duplicates(\"obs\")\n"}
,{"stream_name":"stdout","time":334.622810029,"data":"'organism' column not found in obs, assuming all cells are valid\n"}
,{"stream_name":"stdout","time":335.333392768,"data":"Generation Step 1\n"}
,{"stream_name":"stdout","time":335.334295848,"data":"0.259765625\n"}
,{"stream_name":"stdout","time":335.352194306,"data":"/tmp/lead_stack_scratch_r1/venv/lib/python3.11/site-packages/anndata/_core/anndata.py:1756: UserWarning: Observation names are not unique. To make them unique, call `.obs_names_make_unique`.\n"}
,{"stream_name":"stdout","time":335.353310946,"data":"  utils.warn_names_duplicates(\"obs\")\n"}
,{"stream_name":"stdout","time":335.364929339,"data":"/tmp/lead_stack_scratch_r1/venv/lib/python3.11/site-packages/anndata/_core/anndata.py:1756: UserWarning: Observation names are not unique. To make them unique, call `.obs_names_make_unique`.\n"}
,{"stream_name":"stdout","time":335.365691327,"data":"  utils.warn_names_duplicates(\"obs\")\n"}
,{"stream_name":"stdout","time":335.37469388,"data":"/tmp/lead_stack_scratch_r1/venv/lib/python3.11/site-packages/anndata/_core/anndata.py:1756: UserWarning: Observation names are not unique. To make them unique, call `.obs_names_make_unique`.\n"}
,{"stream_name":"stdout","time":335.375493804,"data":"  utils.warn_names_duplicates(\"obs\")\n"}
,{"stream_name":"stdout","time":335.377752325,"data":"'organism' column not found in obs, assuming all cells are valid\n"}
,{"stream_name":"stdout","time":336.108023062,"data":"Generation Step 2\n"}
,{"stream_name":"stdout","time":336.10918573,"data":"0.189453125\n"}
,{"stream_name":"stdout","time":336.125888838,"data":"/tmp/lead_stack_scratch_r1/venv/lib/python3.11/site-packages/anndata/_core/anndata.py:1756: UserWarning: Observation names are not unique. To make them unique, call `.obs_names_make_unique`.\n"}
,{"stream_name":"stdout","time":336.126626101,"data":"  utils.warn_names_duplicates(\"obs\")\n"}
,{"stream_name":"stdout","time":336.137577437,"data":"/tmp/lead_stack_scratch_r1/venv/lib/python3.11/site-packages/anndata/_core/anndata.py:1756: UserWarning: Observation names are not unique. To make them unique, call `.obs_names_make_unique`.\n"}
,{"stream_name":"stdout","time":336.139178581,"data":"  utils.warn_names_duplicates(\"obs\")\n"}
,{"stream_name":"stdout","time":336.15067387,"data":"/tmp/lead_stack_scratch_r1/venv/lib/python3.11/site-packages/anndata/_core/anndata.py:1756: UserWarning: Observation names are not unique. To make them unique, call `.obs_names_make_unique`.\n"}
,{"stream_name":"stdout","time":336.151401648,"data":"  utils.warn_names_duplicates(\"obs\")\n"}
,{"stream_name":"stdout","time":336.162868896,"data":"/tmp/lead_stack_scratch_r1/venv/lib/python3.11/site-packages/anndata/_core/anndata.py:1756: UserWarning: Observation names are not unique. To make them unique, call `.obs_names_make_unique`.\n"}
,{"stream_name":"stdout","time":336.163552349,"data":"  utils.warn_names_duplicates(\"obs\")\n"}
,{"stream_name":"stdout","time":336.165572536,"data":"'organism' column not found in obs, assuming all cells are valid\n"}
,{"stream_name":"stdout","time":337.172775343,"data":"Generation Step 3\n"}
,{"stream_name":"stdout","time":337.173543789,"data":"0.224609375\n"}
,{"stream_name":"stdout","time":337.189708382,"data":"/tmp/lead_stack_scratch_r1/venv/lib/python3.11/site-packages/anndata/_core/anndata.py:1756: UserWarning: Observation names are not unique. To make them unique, call `.obs_names_make_unique`.\n"}
,{"stream_name":"stdout","time":337.190681547,"data":"  utils.warn_names_duplicates(\"obs\")\n"}
,{"stream_name":"stdout","time":337.201796762,"data":"/tmp/lead_stack_scratch_r1/venv/lib/python3.11/site-packages/anndata/_core/anndata.py:1756: UserWarning: Observation names are not unique. To make them unique, call `.obs_names_make_unique`.\n"}
,{"stream_name":"stdout","time":337.202700948,"data":"  utils.warn_names_duplicates(\"obs\")\n"}
,{"stream_name":"stdout","time":337.214523536,"data":"/tmp/lead_stack_scratch_r1/venv/lib/python3.11/site-packages/anndata/_core/anndata.py:1756: UserWarning: Observation names are not unique. To make them unique, call `.obs_names_make_unique`.\n"}
,{"stream_name":"stdout","time":337.215387754,"data":"  utils.warn_names_duplicates(\"obs\")\n"}
,{"stream_name":"stdout","time":337.227371213,"data":"/tmp/lead_stack_scratch_r1/venv/lib/python3.11/site-packages/anndata/_core/anndata.py:1756: UserWarning: Observation names are not unique. To make them unique, call `.obs_names_make_unique`.\n"}
,{"stream_name":"stdout","time":337.228125481,"data":"  utils.warn_names_duplicates(\"obs\")\n"}
,{"stream_name":"stdout","time":337.230442913,"data":"'organism' column not found in obs, assuming all cells are valid\n"}
,{"stream_name":"stdout","time":338.231812207,"data":"Generation Step 4\n"}
,{"stream_name":"stdout","time":338.232680965,"data":"0.322265625\n"}
,{"stream_name":"stdout","time":338.250068222,"data":"/tmp/lead_stack_scratch_r1/venv/lib/python3.11/site-packages/anndata/_core/anndata.py:1756: UserWarning: Observation names are not unique. To make them unique, call `.obs_names_make_unique`.\n"}
,{"stream_name":"stdout","time":338.250828609,"data":"  utils.warn_names_duplicates(\"obs\")\n"}
,{"stream_name":"stdout","time":338.261655167,"data":"/tmp/lead_stack_scratch_r1/venv/lib/python3.11/site-packages/anndata/_core/anndata.py:1756: UserWarning: Observation names are not unique. To make them unique, call `.obs_names_make_unique`.\n"}
,{"stream_name":"stdout","time":338.26239218,"data":"  utils.warn_names_duplicates(\"obs\")\n"}
,{"stream_name":"stdout","time":338.274029993,"data":"/tmp/lead_stack_scratch_r1/venv/lib/python3.11/site-packages/anndata/_core/anndata.py:1756: UserWarning: Observation names are not unique. To make them unique, call `.obs_names_make_unique`.\n"}
,{"stream_name":"stdout","time":338.274702971,"data":"  utils.warn_names_duplicates(\"obs\")\n"}
,{"stream_name":"stdout","time":338.286964396,"data":"/tmp/lead_stack_scratch_r1/venv/lib/python3.11/site-packages/anndata/_core/anndata.py:1756: UserWarning: Observation names are not unique. To make them unique, call `.obs_names_make_unique`.\n"}
,{"stream_name":"stdout","time":338.287727213,"data":"  utils.warn_names_duplicates(\"obs\")\n"}
,{"stream_name":"stdout","time":338.289731181,"data":"'organism' column not found in obs, assuming all cells are valid\n"}
,{"stream_name":"stdout","time":339.303295761,"data":"Generation Step 5\n"}
,{"stream_name":"stdout","time":339.304909996,"data":"0.291015625\n"}
,{"stream_name":"stdout","time":339.86002805,"data":"Finished RPL41\n"}
,{"stream_name":"stdout","time":339.943365501,"data":"Masking ratio schedule: [0.8        0.6        0.39999998 0.19999999 0.        ]\n"}
,{"stream_name":"stdout","time":339.945641214,"data":"Context ratio schedule: [0.2  0.25 0.3  0.35 0.4 ]\n"}
,{"stream_name":"stdout","time":339.960870457,"data":"/tmp/lead_stack_scratch_r1/venv/lib/python3.11/site-packages/anndata/_core/anndata.py:1756: UserWarning: Observation names are not unique. To make them unique, call `.obs_names_make_unique`.\n"}
,{"stream_name":"stdout","time":339.961641078,"data":"  utils.warn_names_duplicates(\"obs\")\n"}
,{"stream_name":"stdout","time":339.972949707,"data":"/tmp/lead_stack_scratch_r1/venv/lib/python3.11/site-packages/anndata/_core/anndata.py:1756: UserWarning: Observation names are not unique. To make them unique, call `.obs_names_make_unique`.\n"}
,{"stream_name":"stdout","time":339.973791737,"data":"  utils.warn_names_duplicates(\"obs\")\n"}
,{"stream_name":"stdout","time":339.981679099,"data":"/tmp/lead_stack_scratch_r1/venv/lib/python3.11/site-packages/anndata/_core/anndata.py:1756: UserWarning: Observation names are not unique. To make them unique, call `.obs_names_make_unique`.\n"}
,{"stream_name":"stdout","time":339.982436344,"data":"  utils.warn_names_duplicates(\"obs\")\n"}
,{"stream_name":"stdout","time":339.984508849,"data":"'organism' column not found in obs, assuming all cells are valid\n"}
,{"stream_name":"stdout","time":340.687901982,"data":"Generation Step 1\n"}
,{"stream_name":"stdout","time":340.688589226,"data":"0.21484375\n"}
,{"stream_name":"stdout","time":340.70616679,"data":"/tmp/lead_stack_scratch_r1/venv/lib/python3.11/site-packages/anndata/_core/anndata.py:1756: UserWarning: Observation names are not unique. To make them unique, call `.obs_names_make_unique`.\n"}
,{"stream_name":"stdout","time":340.70690445,"data":"  utils.warn_names_duplicates(\"obs\")\n"}
,{"stream_name":"stdout","time":340.717768843,"data":"/tmp/lead_stack_scratch_r1/venv/lib/python3.11/site-packages/anndata/_core/anndata.py:1756: UserWarning: Observation names are not unique. To make them unique, call `.obs_names_make_unique`.\n"}
,{"stream_name":"stdout","time":340.718473178,"data":"  utils.warn_names_duplicates(\"obs\")\n"}
,{"stream_name":"stdout","time":340.727160502,"data":"/tmp/lead_stack_scratch_r1/venv/lib/python3.11/site-packages/anndata/_core/anndata.py:1756: UserWarning: Observation names are not unique. To make them unique, call `.obs_names_make_unique`.\n"}
,{"stream_name":"stdout","time":340.727861096,"data":"  utils.warn_names_duplicates(\"obs\")\n"}
,{"stream_name":"stdout","time":340.729674893,"data":"'organism' column not found in obs, assuming all cells are valid\n"}
,{"stream_name":"stdout","time":341.447382604,"data":"Generation Step 2\n"}
,{"stream_name":"stdout","time":341.448247899,"data":"0.119140625\n"}
,{"stream_name":"stdout","time":341.466895621,"data":"/tmp/lead_stack_scratch_r1/venv/lib/python3.11/site-packages/anndata/_core/anndata.py:1756: UserWarning: Observation names are not unique. To make them unique, call `.obs_names_make_unique`.\n"}
,{"stream_name":"stdout","time":341.467626856,"data":"  utils.warn_names_duplicates(\"obs\")\n"}
,{"stream_name":"stdout","time":341.479125814,"data":"/tmp/lead_stack_scratch_r1/venv/lib/python3.11/site-packages/anndata/_core/anndata.py:1756: UserWarning: Observation names are not unique. To make them unique, call `.obs_names_make_unique`.\n"}
,{"stream_name":"stdout","time":341.47982012,"data":"  utils.warn_names_duplicates(\"obs\")\n"}
,{"stream_name":"stdout","time":341.491448747,"data":"/tmp/lead_stack_scratch_r1/venv/lib/python3.11/site-packages/anndata/_core/anndata.py:1756: UserWarning: Observation names are not unique. To make them unique, call `.obs_names_make_unique`.\n"}
,{"stream_name":"stdout","time":341.492204024,"data":"  utils.warn_names_duplicates(\"obs\")\n"}
,{"stream_name":"stdout","time":341.504120711,"data":"/tmp/lead_stack_scratch_r1/venv/lib/python3.11/site-packages/anndata/_core/anndata.py:1756: UserWarning: Observation names are not unique. To make them unique, call `.obs_names_make_unique`.\n"}
,{"stream_name":"stdout","time":341.504824484,"data":"  utils.warn_names_duplicates(\"obs\")\n"}
,{"stream_name":"stdout","time":341.507186044,"data":"'organism' column not found in obs, assuming all cells are valid\n"}
,{"stream_name":"stdout","time":342.549421858,"data":"Generation Step 3\n"}
,{"stream_name":"stdout","time":342.550307638,"data":"0.1875\n"}
,{"stream_name":"stdout","time":342.567554866,"data":"/tmp/lead_stack_scratch_r1/venv/lib/python3.11/site-packages/anndata/_core/anndata.py:1756: UserWarning: Observation names are not unique. To make them unique, call `.obs_names_make_unique`.\n"}
,{"stream_name":"stdout","time":342.568353443,"data":"  utils.warn_names_duplicates(\"obs\")\n"}
,{"stream_name":"stdout","time":342.580038198,"data":"/tmp/lead_stack_scratch_r1/venv/lib/python3.11/site-packages/anndata/_core/anndata.py:1756: UserWarning: Observation names are not unique. To make them unique, call `.obs_names_make_unique`.\n"}
,{"stream_name":"stdout","time":342.580860234,"data":"  utils.warn_names_duplicates(\"obs\")\n"}
,{"stream_name":"stdout","time":342.591575245,"data":"/tmp/lead_stack_scratch_r1/venv/lib/python3.11/site-packages/anndata/_core/anndata.py:1756: UserWarning: Observation names are not unique. To make them unique, call `.obs_names_make_unique`.\n"}
,{"stream_name":"stdout","time":342.592320717,"data":"  utils.warn_names_duplicates(\"obs\")\n"}
,{"stream_name":"stdout","time":342.603739296,"data":"/tmp/lead_stack_scratch_r1/venv/lib/python3.11/site-packages/anndata/_core/anndata.py:1756: UserWarning: Observation names are not unique. To make them unique, call `.obs_names_make_unique`.\n"}
,{"stream_name":"stdout","time":342.604410883,"data":"  utils.warn_names_duplicates(\"obs\")\n"}
,{"stream_name":"stdout","time":342.606629993,"data":"'organism' column not found in obs, assuming all cells are valid\n"}
,{"stream_name":"stdout","time":343.610582208,"data":"Generation Step 4\n"}
,{"stream_name":"stdout","time":343.611472055,"data":"0.28125\n"}
,{"stream_name":"stdout","time":343.628719611,"data":"/tmp/lead_stack_scratch_r1/venv/lib/python3.11/site-packages/anndata/_core/anndata.py:1756: UserWarning: Observation names are not unique. To make them unique, call `.obs_names_make_unique`.\n"}
,{"stream_name":"stdout","time":343.62956688,"data":"  utils.warn_names_duplicates(\"obs\")\n"}
,{"stream_name":"stdout","time":343.640659339,"data":"/tmp/lead_stack_scratch_r1/venv/lib/python3.11/site-packages/anndata/_core/anndata.py:1756: UserWarning: Observation names are not unique. To make them unique, call `.obs_names_make_unique`.\n"}
,{"stream_name":"stdout","time":343.641500179,"data":"  utils.warn_names_duplicates(\"obs\")\n"}
,{"stream_name":"stdout","time":343.653257793,"data":"/tmp/lead_stack_scratch_r1/venv/lib/python3.11/site-packages/anndata/_core/anndata.py:1756: UserWarning: Observation names are not unique. To make them unique, call `.obs_names_make_unique`.\n"}
,{"stream_name":"stdout","time":343.654047213,"data":"  utils.warn_names_duplicates(\"obs\")\n"}
,{"stream_name":"stdout","time":343.665499528,"data":"/tmp/lead_stack_scratch_r1/venv/lib/python3.11/site-packages/anndata/_core/anndata.py:1756: UserWarning: Observation names are not unique. To make them unique, call `.obs_names_make_unique`.\n"}
,{"stream_name":"stdout","time":343.666356571,"data":"  utils.warn_names_duplicates(\"obs\")\n"}
,{"stream_name":"stdout","time":343.668510368,"data":"'organism' column not found in obs, assuming all cells are valid\n"}
,{"stream_name":"stdout","time":344.708722663,"data":"Generation Step 5\n"}
,{"stream_name":"stdout","time":344.709451755,"data":"0.28515625\n"}
,{"stream_name":"stdout","time":345.266760788,"data":"Finished COG6\n"}
,{"stream_name":"stdout","time":345.349560602,"data":"Masking ratio schedule: [0.8        0.6        0.39999998 0.19999999 0.        ]\n"}
,{"stream_name":"stdout","time":345.350434884,"data":"Context ratio schedule: [0.2  0.25 0.3  0.35 0.4 ]\n"}
,{"stream_name":"stdout","time":345.367162659,"data":"/tmp/lead_stack_scratch_r1/venv/lib/python3.11/site-packages/anndata/_core/anndata.py:1756: UserWarning: Observation names are not unique. To make them unique, call `.obs_names_make_unique`.\n"}
,{"stream_name":"stdout","time":345.367862576,"data":"  utils.warn_names_duplicates(\"obs\")\n"}
,{"stream_name":"stdout","time":345.379693798,"data":"/tmp/lead_stack_scratch_r1/venv/lib/python3.11/site-packages/anndata/_core/anndata.py:1756: UserWarning: Observation names are not unique. To make them unique, call `.obs_names_make_unique`.\n"}
,{"stream_name":"stdout","time":345.380479344,"data":"  utils.warn_names_duplicates(\"obs\")\n"}
,{"stream_name":"stdout","time":345.388810569,"data":"/tmp/lead_stack_scratch_r1/venv/lib/python3.11/site-packages/anndata/_core/anndata.py:1756: UserWarning: Observation names are not unique. To make them unique, call `.obs_names_make_unique`.\n"}
,{"stream_name":"stdout","time":345.389545265,"data":"  utils.warn_names_duplicates(\"obs\")\n"}
,{"stream_name":"stdout","time":345.391861269,"data":"'organism' column not found in obs, assuming all cells are valid\n"}
,{"stream_name":"stdout","time":346.113478024,"data":"Generation Step 1\n"}
,{"stream_name":"stdout","time":346.114264859,"data":"0.208984375\n"}
,{"stream_name":"stdout","time":346.13229411,"data":"/tmp/lead_stack_scratch_r1/venv/lib/python3.11/site-packages/anndata/_core/anndata.py:1756: UserWarning: Observation names are not unique. To make them unique, call `.obs_names_make_unique`.\n"}
,{"stream_name":"stdout","time":346.133083223,"data":"  utils.warn_names_duplicates(\"obs\")\n"}
,{"stream_name":"stdout","time":346.144824175,"data":"/tmp/lead_stack_scratch_r1/venv/lib/python3.11/site-packages/anndata/_core/anndata.py:1756: UserWarning: Observation names are not unique. To make them unique, call `.obs_names_make_unique`.\n"}
,{"stream_name":"stdout","time":346.145593165,"data":"  utils.warn_names_duplicates(\"obs\")\n"}
,{"stream_name":"stdout","time":346.154031292,"data":"/tmp/lead_stack_scratch_r1/venv/lib/python3.11/site-packages/anndata/_core/anndata.py:1756: UserWarning: Observation names are not unique. To make them unique, call `.obs_names_make_unique`.\n"}
,{"stream_name":"stdout","time":346.154696533,"data":"  utils.warn_names_duplicates(\"obs\")\n"}
,{"stream_name":"stdout","time":346.156674075,"data":"'organism' column not found in obs, assuming all cells are valid\n"}
,{"stream_name":"stdout","time":346.875611911,"data":"Generation Step 2\n"}
,{"stream_name":"stdout","time":346.876446016,"data":"0.12890625\n"}
,{"stream_name":"stdout","time":346.893817892,"data":"/tmp/lead_stack_scratch_r1/venv/lib/python3.11/site-packages/anndata/_core/anndata.py:1756: UserWarning: Observation names are not unique. To make them unique, call `.obs_names_make_unique`.\n"}
,{"stream_name":"stdout","time":346.894633307,"data":"  utils.warn_names_duplicates(\"obs\")\n"}
,{"stream_name":"stdout","time":346.905753874,"data":"/tmp/lead_stack_scratch_r1/venv/lib/python3.11/site-packages/anndata/_core/anndata.py:1756: UserWarning: Observation names are not unique. To make them unique, call `.obs_names_make_unique`.\n"}
,{"stream_name":"stdout","time":346.906496509,"data":"  utils.warn_names_duplicates(\"obs\")\n"}
,{"stream_name":"stdout","time":346.917779348,"data":"/tmp/lead_stack_scratch_r1/venv/lib/python3.11/site-packages/anndata/_core/anndata.py:1756: UserWarning: Observation names are not unique. To make them unique, call `.obs_names_make_unique`.\n"}
,{"stream_name":"stdout","time":346.91845575,"data":"  utils.warn_names_duplicates(\"obs\")\n"}
,{"stream_name":"stdout","time":346.930146856,"data":"/tmp/lead_stack_scratch_r1/venv/lib/python3.11/site-packages/anndata/_core/anndata.py:1756: UserWarning: Observation names are not unique. To make them unique, call `.obs_names_make_unique`.\n"}
,{"stream_name":"stdout","time":346.931088759,"data":"  utils.warn_names_duplicates(\"obs\")\n"}
,{"stream_name":"stdout","time":346.93304741,"data":"'organism' column not found in obs, assuming all cells are valid\n"}
,{"stream_name":"stdout","time":347.987579903,"data":"Generation Step 3\n"}
,{"stream_name":"stdout","time":347.989886743,"data":"0.193359375\n"}
,{"stream_name":"stdout","time":348.005762032,"data":"/tmp/lead_stack_scratch_r1/venv/lib/python3.11/site-packages/anndata/_core/anndata.py:1756: UserWarning: Observation names are not unique. To make them unique, call `.obs_names_make_unique`.\n"}
,{"stream_name":"stdout","time":348.006918923,"data":"  utils.warn_names_duplicates(\"obs\")\n"}
,{"stream_name":"stdout","time":348.0176169,"data":"/tmp/lead_stack_scratch_r1/venv/lib/python3.11/site-packages/anndata/_core/anndata.py:1756: UserWarning: Observation names are not unique. To make them unique, call `.obs_names_make_unique`.\n"}
,{"stream_name":"stdout","time":348.018616647,"data":"  utils.warn_names_duplicates(\"obs\")\n"}
,{"stream_name":"stdout","time":348.029406979,"data":"/tmp/lead_stack_scratch_r1/venv/lib/python3.11/site-packages/anndata/_core/anndata.py:1756: UserWarning: Observation names are not unique. To make them unique, call `.obs_names_make_unique`.\n"}
,{"stream_name":"stdout","time":348.030427943,"data":"  utils.warn_names_duplicates(\"obs\")\n"}
,{"stream_name":"stdout","time":348.04189189,"data":"/tmp/lead_stack_scratch_r1/venv/lib/python3.11/site-packages/anndata/_core/anndata.py:1756: UserWarning: Observation names are not unique. To make them unique, call `.obs_names_make_unique`.\n"}
,{"stream_name":"stdout","time":348.042955043,"data":"  utils.warn_names_duplicates(\"obs\")\n"}
,{"stream_name":"stdout","time":348.044598929,"data":"'organism' column not found in obs, assuming all cells are valid\n"}
,{"stream_name":"stdout","time":349.081526348,"data":"Generation Step 4\n"}
,{"stream_name":"stdout","time":349.082698943,"data":"0.279296875\n"}
,{"stream_name":"stdout","time":349.105689725,"data":"/tmp/lead_stack_scratch_r1/venv/lib/python3.11/site-packages/anndata/_core/anndata.py:1756: UserWarning: Observation names are not unique. To make them unique, call `.obs_names_make_unique`.\n"}
,{"stream_name":"stdout","time":349.106748756,"data":"  utils.warn_names_duplicates(\"obs\")\n"}
,{"stream_name":"stdout","time":349.117901916,"data":"/tmp/lead_stack_scratch_r1/venv/lib/python3.11/site-packages/anndata/_core/anndata.py:1756: UserWarning: Observation names are not unique. To make them unique, call `.obs_names_make_unique`.\n"}
,{"stream_name":"stdout","time":349.118869288,"data":"  utils.warn_names_duplicates(\"obs\")\n"}
,{"stream_name":"stdout","time":349.131575332,"data":"/tmp/lead_stack_scratch_r1/venv/lib/python3.11/site-packages/anndata/_core/anndata.py:1756: UserWarning: Observation names are not unique. To make them unique, call `.obs_names_make_unique`.\n"}
,{"stream_name":"stdout","time":349.132598739,"data":"  utils.warn_names_duplicates(\"obs\")\n"}
,{"stream_name":"stdout","time":349.143367286,"data":"/tmp/lead_stack_scratch_r1/venv/lib/python3.11/site-packages/anndata/_core/anndata.py:1756: UserWarning: Observation names are not unique. To make them unique, call `.obs_names_make_unique`.\n"}
,{"stream_name":"stdout","time":349.14436872,"data":"  utils.warn_names_duplicates(\"obs\")\n"}
,{"stream_name":"stdout","time":349.146022071,"data":"'organism' column not found in obs, assuming all cells are valid\n"}
,{"stream_name":"stdout","time":350.153513516,"data":"Generation Step 5\n"}
,{"stream_name":"stdout","time":350.154702269,"data":"0.296875\n"}
,{"stream_name":"stdout","time":350.739508757,"data":"Finished EEF2\n"}
,{"stream_name":"stdout","time":350.823759063,"data":"Masking ratio schedule: [0.8        0.6        0.39999998 0.19999999 0.        ]\n"}
,{"stream_name":"stdout","time":350.825302385,"data":"Context ratio schedule: [0.2  0.25 0.3  0.35 0.4 ]\n"}
,{"stream_name":"stdout","time":350.841554838,"data":"/tmp/lead_stack_scratch_r1/venv/lib/python3.11/site-packages/anndata/_core/anndata.py:1756: UserWarning: Observation names are not unique. To make them unique, call `.obs_names_make_unique`.\n"}
,{"stream_name":"stdout","time":350.841572293,"data":"  utils.warn_names_duplicates(\"obs\")\n"}
,{"stream_name":"stdout","time":350.853209498,"data":"/tmp/lead_stack_scratch_r1/venv/lib/python3.11/site-packages/anndata/_core/anndata.py:1756: UserWarning: Observation names are not unique. To make them unique, call `.obs_names_make_unique`.\n"}
,{"stream_name":"stdout","time":350.853922482,"data":"  utils.warn_names_duplicates(\"obs\")\n"}
,{"stream_name":"stdout","time":350.862149678,"data":"/tmp/lead_stack_scratch_r1/venv/lib/python3.11/site-packages/anndata/_core/anndata.py:1756: UserWarning: Observation names are not unique. To make them unique, call `.obs_names_make_unique`.\n"}
,{"stream_name":"stdout","time":350.862825092,"data":"  utils.warn_names_duplicates(\"obs\")\n"}
,{"stream_name":"stdout","time":350.864684137,"data":"'organism' column not found in obs, assuming all cells are valid\n"}
,{"stream_name":"stdout","time":351.596887285,"data":"Generation Step 1\n"}
,{"stream_name":"stdout","time":351.597803268,"data":"0.25\n"}
,{"stream_name":"stdout","time":351.615534426,"data":"/tmp/lead_stack_scratch_r1/venv/lib/python3.11/site-packages/anndata/_core/anndata.py:1756: UserWarning: Observation names are not unique. To make them unique, call `.obs_names_make_unique`.\n"}
,{"stream_name":"stdout","time":351.616316396,"data":"  utils.warn_names_duplicates(\"obs\")\n"}
,{"stream_name":"stdout","time":351.627219475,"data":"/tmp/lead_stack_scratch_r1/venv/lib/python3.11/site-packages/anndata/_core/anndata.py:1756: UserWarning: Observation names are not unique. To make them unique, call `.obs_names_make_unique`.\n"}
,{"stream_name":"stdout","time":351.628010242,"data":"  utils.warn_names_duplicates(\"obs\")\n"}
,{"stream_name":"stdout","time":351.636410089,"data":"/tmp/lead_stack_scratch_r1/venv/lib/python3.11/site-packages/anndata/_core/anndata.py:1756: UserWarning: Observation names are not unique. To make them unique, call `.obs_names_make_unique`.\n"}
,{"stream_name":"stdout","time":351.637176441,"data":"  utils.warn_names_duplicates(\"obs\")\n"}
,{"stream_name":"stdout","time":351.639322354,"data":"'organism' column not found in obs, assuming all cells are valid\n"}
,{"stream_name":"stdout","time":352.416794401,"data":"Generation Step 2\n"}
,{"stream_name":"stdout","time":352.417690093,"data":"0.1796875\n"}
,{"stream_name":"stdout","time":352.418601094,"data":"/tmp/lead_stack_scratch_r1/venv/lib/python3.11/site-packages/anndata/_core/anndata.py:1756: UserWarning: Observation names are not unique. To make them unique, call `.obs_names_make_unique`.\n"}
,{"stream_name":"stdout","time":352.419338221,"data":"  utils.warn_names_duplicates(\"obs\")\n"}
,{"stream_name":"stdout","time":352.420156066,"data":"/tmp/lead_stack_scratch_r1/venv/lib/python3.11/site-packages/anndata/_core/anndata.py:1756: UserWarning: Observation names are not unique. To make them unique, call `.obs_names_make_unique`.\n"}
,{"stream_name":"stdout","time":352.420824895,"data":"  utils.warn_names_duplicates(\"obs\")\n"}
,{"stream_name":"stdout","time":352.421527136,"data":"/tmp/lead_stack_scratch_r1/venv/lib/python3.11/site-packages/anndata/_core/anndata.py:1756: UserWarning: Observation names are not unique. To make them unique, call `.obs_names_make_unique`.\n"}
,{"stream_name":"stdout","time":352.422300058,"data":"  utils.warn_names_duplicates(\"obs\")\n"}
,{"stream_name":"stdout","time":352.423058264,"data":"/tmp/lead_stack_scratch_r1/venv/lib/python3.11/site-packages/anndata/_core/anndata.py:1756: UserWarning: Observation names are not unique. To make them unique, call `.obs_names_make_unique`.\n"}
,{"stream_name":"stdout","time":352.423723557,"data":"  utils.warn_names_duplicates(\"obs\")\n"}
,{"stream_name":"stdout","time":352.424482329,"data":"'organism' column not found in obs, assuming all cells are valid\n"}
,{"stream_name":"stdout","time":353.436935867,"data":"Generation Step 3\n"}
,{"stream_name":"stdout","time":353.43766265,"data":"0.22265625\n"}
,{"stream_name":"stdout","time":353.456537103,"data":"/tmp/lead_stack_scratch_r1/venv/lib/python3.11/site-packages/anndata/_core/anndata.py:1756: UserWarning: Observation names are not unique. To make them unique, call `.obs_names_make_unique`.\n"}
,{"stream_name":"stdout","time":353.457491131,"data":"  utils.warn_names_duplicates(\"obs\")\n"}
,{"stream_name":"stdout","time":353.469116839,"data":"/tmp/lead_stack_scratch_r1/venv/lib/python3.11/site-packages/anndata/_core/anndata.py:1756: UserWarning: Observation names are not unique. To make them unique, call `.obs_names_make_unique`.\n"}
,{"stream_name":"stdout","time":353.469877329,"data":"  utils.warn_names_duplicates(\"obs\")\n"}
,{"stream_name":"stdout","time":353.481638522,"data":"/tmp/lead_stack_scratch_r1/venv/lib/python3.11/site-packages/anndata/_core/anndata.py:1756: UserWarning: Observation names are not unique. To make them unique, call `.obs_names_make_unique`.\n"}
,{"stream_name":"stdout","time":353.48259689,"data":"  utils.warn_names_duplicates(\"obs\")\n"}
,{"stream_name":"stdout","time":353.494272968,"data":"/tmp/lead_stack_scratch_r1/venv/lib/python3.11/site-packages/anndata/_core/anndata.py:1756: UserWarning: Observation names are not unique. To make them unique, call `.obs_names_make_unique`.\n"}
,{"stream_name":"stdout","time":353.495130255,"data":"  utils.warn_names_duplicates(\"obs\")\n"}
,{"stream_name":"stdout","time":353.497129422,"data":"'organism' column not found in obs, assuming all cells are valid\n"}
,{"stream_name":"stdout","time":354.556998552,"data":"Generation Step 4\n"}
,{"stream_name":"stdout","time":354.557810563,"data":"0.3125\n"}
,{"stream_name":"stdout","time":354.575574782,"data":"/tmp/lead_stack_scratch_r1/venv/lib/python3.11/site-packages/anndata/_core/anndata.py:1756: UserWarning: Observation names are not unique. To make them unique, call `.obs_names_make_unique`.\n"}
,{"stream_name":"stdout","time":354.576356705,"data":"  utils.warn_names_duplicates(\"obs\")\n"}
,{"stream_name":"stdout","time":354.586900213,"data":"/tmp/lead_stack_scratch_r1/venv/lib/python3.11/site-packages/anndata/_core/anndata.py:1756: UserWarning: Observation names are not unique. To make them unique, call `.obs_names_make_unique`.\n"}
,{"stream_name":"stdout","time":354.587694999,"data":"  utils.warn_names_duplicates(\"obs\")\n"}
,{"stream_name":"stdout","time":354.598926088,"data":"/tmp/lead_stack_scratch_r1/venv/lib/python3.11/site-packages/anndata/_core/anndata.py:1756: UserWarning: Observation names are not unique. To make them unique, call `.obs_names_make_unique`.\n"}
,{"stream_name":"stdout","time":354.599690537,"data":"  utils.warn_names_duplicates(\"obs\")\n"}
,{"stream_name":"stdout","time":354.611552183,"data":"/tmp/lead_stack_scratch_r1/venv/lib/python3.11/site-packages/anndata/_core/anndata.py:1756: UserWarning: Observation names are not unique. To make them unique, call `.obs_names_make_unique`.\n"}
,{"stream_name":"stdout","time":354.612431039,"data":"  utils.warn_names_duplicates(\"obs\")\n"}
,{"stream_name":"stdout","time":354.614234879,"data":"'organism' column not found in obs, assuming all cells are valid\n"}
,{"stream_name":"stdout","time":355.60908589,"data":"Generation Step 5\n"}
,{"stream_name":"stdout","time":355.610153525,"data":"0.3359375\n"}
,{"stream_name":"stdout","time":356.181307143,"data":"Finished DCTN1\n"}
,{"stream_name":"stdout","time":356.264989392,"data":"Masking ratio schedule: [0.8        0.6        0.39999998 0.19999999 0.        ]\n"}
,{"stream_name":"stdout","time":356.2657512,"data":"Context ratio schedule: [0.2  0.25 0.3  0.35 0.4 ]\n"}
,{"stream_name":"stdout","time":356.282360641,"data":"/tmp/lead_stack_scratch_r1/venv/lib/python3.11/site-packages/anndata/_core/anndata.py:1756: UserWarning: Observation names are not unique. To make them unique, call `.obs_names_make_unique`.\n"}
,{"stream_name":"stdout","time":356.283196753,"data":"  utils.warn_names_duplicates(\"obs\")\n"}
,{"stream_name":"stdout","time":356.294992539,"data":"/tmp/lead_stack_scratch_r1/venv/lib/python3.11/site-packages/anndata/_core/anndata.py:1756: UserWarning: Observation names are not unique. To make them unique, call `.obs_names_make_unique`.\n"}
,{"stream_name":"stdout","time":356.295868605,"data":"  utils.warn_names_duplicates(\"obs\")\n"}
,{"stream_name":"stdout","time":356.304586969,"data":"/tmp/lead_stack_scratch_r1/venv/lib/python3.11/site-packages/anndata/_core/anndata.py:1756: UserWarning: Observation names are not unique. To make them unique, call `.obs_names_make_unique`.\n"}
,{"stream_name":"stdout","time":356.305609436,"data":"  utils.warn_names_duplicates(\"obs\")\n"}
,{"stream_name":"stdout","time":356.307941341,"data":"'organism' column not found in obs, assuming all cells are valid\n"}
,{"stream_name":"stdout","time":357.027943218,"data":"Generation Step 1\n"}
,{"stream_name":"stdout","time":357.028794629,"data":"0.35546875\n"}
,{"stream_name":"stdout","time":357.046596141,"data":"/tmp/lead_stack_scratch_r1/venv/lib/python3.11/site-packages/anndata/_core/anndata.py:1756: UserWarning: Observation names are not unique. To make them unique, call `.obs_names_make_unique`.\n"}
,{"stream_name":"stdout","time":357.047385778,"data":"  utils.warn_names_duplicates(\"obs\")\n"}
,{"stream_name":"stdout","time":357.058934518,"data":"/tmp/lead_stack_scratch_r1/venv/lib/python3.11/site-packages/anndata/_core/anndata.py:1756: UserWarning: Observation names are not unique. To make them unique, call `.obs_names_make_unique`.\n"}
,{"stream_name":"stdout","time":357.059667731,"data":"  utils.warn_names_duplicates(\"obs\")\n"}
,{"stream_name":"stdout","time":357.068892044,"data":"/tmp/lead_stack_scratch_r1/venv/lib/python3.11/site-packages/anndata/_core/anndata.py:1756: UserWarning: Observation names are not unique. To make them unique, call `.obs_names_make_unique`.\n"}
,{"stream_name":"stdout","time":357.069745429,"data":"  utils.warn_names_duplicates(\"obs\")\n"}
,{"stream_name":"stdout","time":357.071972928,"data":"'organism' column not found in obs, assuming all cells are valid\n"}
,{"stream_name":"stdout","time":357.806059016,"data":"Generation Step 2\n"}
,{"stream_name":"stdout","time":357.806874975,"data":"0.2890625\n"}
,{"stream_name":"stdout","time":357.824946122,"data":"/tmp/lead_stack_scratch_r1/venv/lib/python3.11/site-packages/anndata/_core/anndata.py:1756: UserWarning: Observation names are not unique. To make them unique, call `.obs_names_make_unique`.\n"}
,{"stream_name":"stdout","time":357.825683613,"data":"  utils.warn_names_duplicates(\"obs\")\n"}
,{"stream_name":"stdout","time":357.837179341,"data":"/tmp/lead_stack_scratch_r1/venv/lib/python3.11/site-packages/anndata/_core/anndata.py:1756: UserWarning: Observation names are not unique. To make them unique, call `.obs_names_make_unique`.\n"}
,{"stream_name":"stdout","time":357.837908849,"data":"  utils.warn_names_duplicates(\"obs\")\n"}
,{"stream_name":"stdout","time":357.849595082,"data":"/tmp/lead_stack_scratch_r1/venv/lib/python3.11/site-packages/anndata/_core/anndata.py:1756: UserWarning: Observation names are not unique. To make them unique, call `.obs_names_make_unique`.\n"}
,{"stream_name":"stdout","time":357.850414695,"data":"  utils.warn_names_duplicates(\"obs\")\n"}
,{"stream_name":"stdout","time":357.86209386,"data":"/tmp/lead_stack_scratch_r1/venv/lib/python3.11/site-packages/anndata/_core/anndata.py:1756: UserWarning: Observation names are not unique. To make them unique, call `.obs_names_make_unique`.\n"}
,{"stream_name":"stdout","time":357.862904754,"data":"  utils.warn_names_duplicates(\"obs\")\n"}
,{"stream_name":"stdout","time":357.864875806,"data":"'organism' column not found in obs, assuming all cells are valid\n"}
,{"stream_name":"stdout","time":358.908509265,"data":"Generation Step 3\n"}
,{"stream_name":"stdout","time":358.909356535,"data":"0.25\n"}
,{"stream_name":"stdout","time":358.929443585,"data":"/tmp/lead_stack_scratch_r1/venv/lib/python3.11/site-packages/anndata/_core/anndata.py:1756: UserWarning: Observation names are not unique. To make them unique, call `.obs_names_make_unique`.\n"}
,{"stream_name":"stdout","time":358.930253178,"data":"  utils.warn_names_duplicates(\"obs\")\n"}
,{"stream_name":"stdout","time":358.941264856,"data":"/tmp/lead_stack_scratch_r1/venv/lib/python3.11/site-packages/anndata/_core/anndata.py:1756: UserWarning: Observation names are not unique. To make them unique, call `.obs_names_make_unique`.\n"}
,{"stream_name":"stdout","time":358.942244745,"data":"  utils.warn_names_duplicates(\"obs\")\n"}
,{"stream_name":"stdout","time":358.953697784,"data":"/tmp/lead_stack_scratch_r1/venv/lib/python3.11/site-packages/anndata/_core/anndata.py:1756: UserWarning: Observation names are not unique. To make them unique, call `.obs_names_make_unique`.\n"}
,{"stream_name":"stdout","time":358.954411266,"data":"  utils.warn_names_duplicates(\"obs\")\n"}
,{"stream_name":"stdout","time":358.966284586,"data":"/tmp/lead_stack_scratch_r1/venv/lib/python3.11/site-packages/anndata/_core/anndata.py:1756: UserWarning: Observation names are not unique. To make them unique, call `.obs_names_make_unique`.\n"}
,{"stream_name":"stdout","time":358.967109312,"data":"  utils.warn_names_duplicates(\"obs\")\n"}
,{"stream_name":"stdout","time":358.969858597,"data":"'organism' column not found in obs, assuming all cells are valid\n"}
,{"stream_name":"stdout","time":360.032290962,"data":"Generation Step 4\n"}
,{"stream_name":"stdout","time":360.033314505,"data":"0.376953125\n"}
,{"stream_name":"stdout","time":360.051363344,"data":"/tmp/lead_stack_scratch_r1/venv/lib/python3.11/site-packages/anndata/_core/anndata.py:1756: UserWarning: Observation names are not unique. To make them unique, call `.obs_names_make_unique`.\n"}
,{"stream_name":"stdout","time":360.052177233,"data":"  utils.warn_names_duplicates(\"obs\")\n"}
,{"stream_name":"stdout","time":360.063471613,"data":"/tmp/lead_stack_scratch_r1/venv/lib/python3.11/site-packages/anndata/_core/anndata.py:1756: UserWarning: Observation names are not unique. To make them unique, call `.obs_names_make_unique`.\n"}
,{"stream_name":"stdout","time":360.064280183,"data":"  utils.warn_names_duplicates(\"obs\")\n"}
,{"stream_name":"stdout","time":360.075961241,"data":"/tmp/lead_stack_scratch_r1/venv/lib/python3.11/site-packages/anndata/_core/anndata.py:1756: UserWarning: Observation names are not unique. To make them unique, call `.obs_names_make_unique`.\n"}
,{"stream_name":"stdout","time":360.076738764,"data":"  utils.warn_names_duplicates(\"obs\")\n"}
,{"stream_name":"stdout","time":360.088712133,"data":"/tmp/lead_stack_scratch_r1/venv/lib/python3.11/site-packages/anndata/_core/anndata.py:1756: UserWarning: Observation names are not unique. To make them unique, call `.obs_names_make_unique`.\n"}
,{"stream_name":"stdout","time":360.089492393,"data":"  utils.warn_names_duplicates(\"obs\")\n"}
,{"stream_name":"stdout","time":360.091515456,"data":"'organism' column not found in obs, assuming all cells are valid\n"}
,{"stream_name":"stdout","time":361.119498865,"data":"Generation Step 5\n"}
,{"stream_name":"stdout","time":361.1203832,"data":"0.435546875\n"}
,{"stream_name":"stdout","time":361.73087153,"data":"Finished HAUS8\n"}
,{"stream_name":"stdout","time":361.798987956,"data":"Masking ratio schedule: [0.8        0.6        0.39999998 0.19999999 0.        ]\n"}
,{"stream_name":"stdout","time":361.800615596,"data":"Context ratio schedule: [0.2  0.25 0.3  0.35 0.4 ]\n"}
,{"stream_name":"stdout","time":361.815276143,"data":"/tmp/lead_stack_scratch_r1/venv/lib/python3.11/site-packages/anndata/_core/anndata.py:1756: UserWarning: Observation names are not unique. To make them unique, call `.obs_names_make_unique`.\n"}
,{"stream_name":"stdout","time":361.81624794,"data":"  utils.warn_names_duplicates(\"obs\")\n"}
,{"stream_name":"stdout","time":361.827121459,"data":"/tmp/lead_stack_scratch_r1/venv/lib/python3.11/site-packages/anndata/_core/anndata.py:1756: UserWarning: Observation names are not unique. To make them unique, call `.obs_names_make_unique`.\n"}
,{"stream_name":"stdout","time":361.827803438,"data":"  utils.warn_names_duplicates(\"obs\")\n"}
,{"stream_name":"stdout","time":361.835767794,"data":"/tmp/lead_stack_scratch_r1/venv/lib/python3.11/site-packages/anndata/_core/anndata.py:1756: UserWarning: Observation names are not unique. To make them unique, call `.obs_names_make_unique`.\n"}
,{"stream_name":"stdout","time":361.836721636,"data":"  utils.warn_names_duplicates(\"obs\")\n"}
,{"stream_name":"stdout","time":361.839337278,"data":"'organism' column not found in obs, assuming all cells are valid\n"}
,{"stream_name":"stdout","time":362.562957209,"data":"Generation Step 1\n"}
,{"stream_name":"stdout","time":362.564094983,"data":"0.19140625\n"}
,{"stream_name":"stdout","time":362.581277561,"data":"/tmp/lead_stack_scratch_r1/venv/lib/python3.11/site-packages/anndata/_core/anndata.py:1756: UserWarning: Observation names are not unique. To make them unique, call `.obs_names_make_unique`.\n"}
,{"stream_name":"stdout","time":362.581955061,"data":"  utils.warn_names_duplicates(\"obs\")\n"}
,{"stream_name":"stdout","time":362.593171648,"data":"/tmp/lead_stack_scratch_r1/venv/lib/python3.11/site-packages/anndata/_core/anndata.py:1756: UserWarning: Observation names are not unique. To make them unique, call `.obs_names_make_unique`.\n"}
,{"stream_name":"stdout","time":362.593194837,"data":"  utils.warn_names_duplicates(\"obs\")\n"}
,{"stream_name":"stdout","time":362.603699634,"data":"/tmp/lead_stack_scratch_r1/venv/lib/python3.11/site-packages/anndata/_core/anndata.py:1756: UserWarning: Observation names are not unique. To make them unique, call `.obs_names_make_unique`.\n"}
,{"stream_name":"stdout","time":362.604507194,"data":"  utils.warn_names_duplicates(\"obs\")\n"}
,{"stream_name":"stdout","time":362.606658817,"data":"'organism' column not found in obs, assuming all cells are valid\n"}
,{"stream_name":"stdout","time":363.330739197,"data":"Generation Step 2\n"}
,{"stream_name":"stdout","time":363.331594756,"data":"0.099609375\n"}
,{"stream_name":"stdout","time":363.348754358,"data":"/tmp/lead_stack_scratch_r1/venv/lib/python3.11/site-packages/anndata/_core/anndata.py:1756: UserWarning: Observation names are not unique. To make them unique, call `.obs_names_make_unique`.\n"}
,{"stream_name":"stdout","time":363.349611074,"data":"  utils.warn_names_duplicates(\"obs\")\n"}
,{"stream_name":"stdout","time":363.36063893,"data":"/tmp/lead_stack_scratch_r1/venv/lib/python3.11/site-packages/anndata/_core/anndata.py:1756: UserWarning: Observation names are not unique. To make them unique, call `.obs_names_make_unique`.\n"}
,{"stream_name":"stdout","time":363.361477258,"data":"  utils.warn_names_duplicates(\"obs\")\n"}
,{"stream_name":"stdout","time":363.372386088,"data":"/tmp/lead_stack_scratch_r1/venv/lib/python3.11/site-packages/anndata/_core/anndata.py:1756: UserWarning: Observation names are not unique. To make them unique, call `.obs_names_make_unique`.\n"}
,{"stream_name":"stdout","time":363.373257402,"data":"  utils.warn_names_duplicates(\"obs\")\n"}
,{"stream_name":"stdout","time":363.385782123,"data":"/tmp/lead_stack_scratch_r1/venv/lib/python3.11/site-packages/anndata/_core/anndata.py:1756: UserWarning: Observation names are not unique. To make them unique, call `.obs_names_make_unique`.\n"}
,{"stream_name":"stdout","time":363.386656246,"data":"  utils.warn_names_duplicates(\"obs\")\n"}
,{"stream_name":"stdout","time":363.388750551,"data":"'organism' column not found in obs, assuming all cells are valid\n"}
,{"stream_name":"stdout","time":364.403984768,"data":"Generation Step 3\n"}
,{"stream_name":"stdout","time":364.404768354,"data":"0.208984375\n"}
,{"stream_name":"stdout","time":364.421467294,"data":"/tmp/lead_stack_scratch_r1/venv/lib/python3.11/site-packages/anndata/_core/anndata.py:1756: UserWarning: Observation names are not unique. To make them unique, call `.obs_names_make_unique`.\n"}
,{"stream_name":"stdout","time":364.422468824,"data":"  utils.warn_names_duplicates(\"obs\")\n"}
,{"stream_name":"stdout","time":364.433018281,"data":"/tmp/lead_stack_scratch_r1/venv/lib/python3.11/site-packages/anndata/_core/anndata.py:1756: UserWarning: Observation names are not unique. To make them unique, call `.obs_names_make_unique`.\n"}
,{"stream_name":"stdout","time":364.433962961,"data":"  utils.warn_names_duplicates(\"obs\")\n"}
,{"stream_name":"stdout","time":364.445089366,"data":"/tmp/lead_stack_scratch_r1/venv/lib/python3.11/site-packages/anndata/_core/anndata.py:1756: UserWarning: Observation names are not unique. To make them unique, call `.obs_names_make_unique`.\n"}
,{"stream_name":"stdout","time":364.446128085,"data":"  utils.warn_names_duplicates(\"obs\")\n"}
,{"stream_name":"stdout","time":364.457772917,"data":"/tmp/lead_stack_scratch_r1/venv/lib/python3.11/site-packages/anndata/_core/anndata.py:1756: UserWarning: Observation names are not unique. To make them unique, call `.obs_names_make_unique`.\n"}
,{"stream_name":"stdout","time":364.458752783,"data":"  utils.warn_names_duplicates(\"obs\")\n"}
,{"stream_name":"stdout","time":364.460916875,"data":"'organism' column not found in obs, assuming all cells are valid\n"}
,{"stream_name":"stdout","time":365.478492419,"data":"Generation Step 4\n"}
,{"stream_name":"stdout","time":365.480007114,"data":"0.28515625\n"}
,{"stream_name":"stdout","time":365.494448103,"data":"/tmp/lead_stack_scratch_r1/venv/lib/python3.11/site-packages/anndata/_core/anndata.py:1756: UserWarning: Observation names are not unique. To make them unique, call `.obs_names_make_unique`.\n"}
,{"stream_name":"stdout","time":365.495739885,"data":"  utils.warn_names_duplicates(\"obs\")\n"}
,{"stream_name":"stdout","time":365.505713836,"data":"/tmp/lead_stack_scratch_r1/venv/lib/python3.11/site-packages/anndata/_core/anndata.py:1756: UserWarning: Observation names are not unique. To make them unique, call `.obs_names_make_unique`.\n"}
,{"stream_name":"stdout","time":365.506626957,"data":"  utils.warn_names_duplicates(\"obs\")\n"}
,{"stream_name":"stdout","time":365.516687782,"data":"/tmp/lead_stack_scratch_r1/venv/lib/python3.11/site-packages/anndata/_core/anndata.py:1756: UserWarning: Observation names are not unique. To make them unique, call `.obs_names_make_unique`.\n"}
,{"stream_name":"stdout","time":365.517553877,"data":"  utils.warn_names_duplicates(\"obs\")\n"}
,{"stream_name":"stdout","time":365.528730173,"data":"/tmp/lead_stack_scratch_r1/venv/lib/python3.11/site-packages/anndata/_core/anndata.py:1756: UserWarning: Observation names are not unique. To make them unique, call `.obs_names_make_unique`.\n"}
,{"stream_name":"stdout","time":365.529481954,"data":"  utils.warn_names_duplicates(\"obs\")\n"}
,{"stream_name":"stdout","time":365.53172005,"data":"'organism' column not found in obs, assuming all cells are valid\n"}
,{"stream_name":"stdout","time":366.563134838,"data":"Generation Step 5\n"}
,{"stream_name":"stdout","time":366.563939858,"data":"0.287109375\n"}
,{"stream_name":"stdout","time":366.573406626,"data":"Masking ratio schedule: [0.8        0.6        0.39999998 0.19999999 0.        ]\n"}
,{"stream_name":"stdout","time":366.574359326,"data":"Context ratio schedule: [0.2  0.25 0.3  0.35 0.4 ]\n"}
,{"stream_name":"stdout","time":366.591040519,"data":"/tmp/lead_stack_scratch_r1/venv/lib/python3.11/site-packages/anndata/_core/anndata.py:1756: UserWarning: Observation names are not unique. To make them unique, call `.obs_names_make_unique`.\n"}
,{"stream_name":"stdout","time":366.591723325,"data":"  utils.warn_names_duplicates(\"obs\")\n"}
,{"stream_name":"stdout","time":366.60289391,"data":"/tmp/lead_stack_scratch_r1/venv/lib/python3.11/site-packages/anndata/_core/anndata.py:1756: UserWarning: Observation names are not unique. To make them unique, call `.obs_names_make_unique`.\n"}
,{"stream_name":"stdout","time":366.603702167,"data":"  utils.warn_names_duplicates(\"obs\")\n"}
,{"stream_name":"stdout","time":366.6129091,"data":"/tmp/lead_stack_scratch_r1/venv/lib/python3.11/site-packages/anndata/_core/anndata.py:1756: UserWarning: Observation names are not unique. To make them unique, call `.obs_names_make_unique`.\n"}
,{"stream_name":"stdout","time":366.613713559,"data":"  utils.warn_names_duplicates(\"obs\")\n"}
,{"stream_name":"stdout","time":366.61587734,"data":"'organism' column not found in obs, assuming all cells are valid\n"}
,{"stream_name":"stdout","time":367.306581399,"data":"Generation Step 1\n"}
,{"stream_name":"stdout","time":367.307621071,"data":"0.220703125\n"}
,{"stream_name":"stdout","time":367.32589733,"data":"/tmp/lead_stack_scratch_r1/venv/lib/python3.11/site-packages/anndata/_core/anndata.py:1756: UserWarning: Observation names are not unique. To make them unique, call `.obs_names_make_unique`.\n"}
,{"stream_name":"stdout","time":367.327585363,"data":"  utils.warn_names_duplicates(\"obs\")\n"}
,{"stream_name":"stdout","time":367.33776301,"data":"/tmp/lead_stack_scratch_r1/venv/lib/python3.11/site-packages/anndata/_core/anndata.py:1756: UserWarning: Observation names are not unique. To make them unique, call `.obs_names_make_unique`.\n"}
,{"stream_name":"stdout","time":367.339207669,"data":"  utils.warn_names_duplicates(\"obs\")\n"}
,{"stream_name":"stdout","time":367.34726819,"data":"/tmp/lead_stack_scratch_r1/venv/lib/python3.11/site-packages/anndata/_core/anndata.py:1756: UserWarning: Observation names are not unique. To make them unique, call `.obs_names_make_unique`.\n"}
,{"stream_name":"stdout","time":367.348467309,"data":"  utils.warn_names_duplicates(\"obs\")\n"}
,{"stream_name":"stdout","time":367.350325572,"data":"'organism' column not found in obs, assuming all cells are valid\n"}
,{"stream_name":"stdout","time":368.055663062,"data":"Generation Step 2\n"}
,{"stream_name":"stdout","time":368.057509923,"data":"0.119140625\n"}
,{"stream_name":"stdout","time":368.073232598,"data":"/tmp/lead_stack_scratch_r1/venv/lib/python3.11/site-packages/anndata/_core/anndata.py:1756: UserWarning: Observation names are not unique. To make them unique, call `.obs_names_make_unique`.\n"}
,{"stream_name":"stdout","time":368.074286427,"data":"  utils.warn_names_duplicates(\"obs\")\n"}
,{"stream_name":"stdout","time":368.084751406,"data":"/tmp/lead_stack_scratch_r1/venv/lib/python3.11/site-packages/anndata/_core/anndata.py:1756: UserWarning: Observation names are not unique. To make them unique, call `.obs_names_make_unique`.\n"}
,{"stream_name":"stdout","time":368.085795291,"data":"  utils.warn_names_duplicates(\"obs\")\n"}
,{"stream_name":"stdout","time":368.096553735,"data":"/tmp/lead_stack_scratch_r1/venv/lib/python3.11/site-packages/anndata/_core/anndata.py:1756: UserWarning: Observation names are not unique. To make them unique, call `.obs_names_make_unique`.\n"}
,{"stream_name":"stdout","time":368.097627988,"data":"  utils.warn_names_duplicates(\"obs\")\n"}
,{"stream_name":"stdout","time":368.109259478,"data":"/tmp/lead_stack_scratch_r1/venv/lib/python3.11/site-packages/anndata/_core/anndata.py:1756: UserWarning: Observation names are not unique. To make them unique, call `.obs_names_make_unique`.\n"}
,{"stream_name":"stdout","time":368.110236718,"data":"  utils.warn_names_duplicates(\"obs\")\n"}
,{"stream_name":"stdout","time":368.111669265,"data":"'organism' column not found in obs, assuming all cells are valid\n"}
,{"stream_name":"stdout","time":369.111281978,"data":"Generation Step 3\n"}
,{"stream_name":"stdout","time":369.113063619,"data":"0.15234375\n"}
,{"stream_name":"stdout","time":369.128536126,"data":"/tmp/lead_stack_scratch_r1/venv/lib/python3.11/site-packages/anndata/_core/anndata.py:1756: UserWarning: Observation names are not unique. To make them unique, call `.obs_names_make_unique`.\n"}
,{"stream_name":"stdout","time":369.129392478,"data":"  utils.warn_names_duplicates(\"obs\")\n"}
,{"stream_name":"stdout","time":369.140483643,"data":"/tmp/lead_stack_scratch_r1/venv/lib/python3.11/site-packages/anndata/_core/anndata.py:1756: UserWarning: Observation names are not unique. To make them unique, call `.obs_names_make_unique`.\n"}
,{"stream_name":"stdout","time":369.141271997,"data":"  utils.warn_names_duplicates(\"obs\")\n"}
,{"stream_name":"stdout","time":369.153082171,"data":"/tmp/lead_stack_scratch_r1/venv/lib/python3.11/site-packages/anndata/_core/anndata.py:1756: UserWarning: Observation names are not unique. To make them unique, call `.obs_names_make_unique`.\n"}
,{"stream_name":"stdout","time":369.153775035,"data":"  utils.warn_names_duplicates(\"obs\")\n"}
,{"stream_name":"stdout","time":369.165217637,"data":"/tmp/lead_stack_scratch_r1/venv/lib/python3.11/site-packages/anndata/_core/anndata.py:1756: UserWarning: Observation names are not unique. To make them unique, call `.obs_names_make_unique`.\n"}
,{"stream_name":"stdout","time":369.165939305,"data":"  utils.warn_names_duplicates(\"obs\")\n"}
,{"stream_name":"stdout","time":369.168045095,"data":"'organism' column not found in obs, assuming all cells are valid\n"}
,{"stream_name":"stdout","time":370.208418821,"data":"Generation Step 4\n"}
,{"stream_name":"stdout","time":370.210137959,"data":"0.248046875\n"}
,{"stream_name":"stdout","time":370.227135008,"data":"/tmp/lead_stack_scratch_r1/venv/lib/python3.11/site-packages/anndata/_core/anndata.py:1756: UserWarning: Observation names are not unique. To make them unique, call `.obs_names_make_unique`.\n"}
,{"stream_name":"stdout","time":370.228196424,"data":"  utils.warn_names_duplicates(\"obs\")\n"}
,{"stream_name":"stdout","time":370.239018778,"data":"/tmp/lead_stack_scratch_r1/venv/lib/python3.11/site-packages/anndata/_core/anndata.py:1756: UserWarning: Observation names are not unique. To make them unique, call `.obs_names_make_unique`.\n"}
,{"stream_name":"stdout","time":370.24011244,"data":"  utils.warn_names_duplicates(\"obs\")\n"}
,{"stream_name":"stdout","time":370.250902263,"data":"/tmp/lead_stack_scratch_r1/venv/lib/python3.11/site-packages/anndata/_core/anndata.py:1756: UserWarning: Observation names are not unique. To make them unique, call `.obs_names_make_unique`.\n"}
,{"stream_name":"stdout","time":370.251938493,"data":"  utils.warn_names_duplicates(\"obs\")\n"}
,{"stream_name":"stdout","time":370.263084526,"data":"/tmp/lead_stack_scratch_r1/venv/lib/python3.11/site-packages/anndata/_core/anndata.py:1756: UserWarning: Observation names are not unique. To make them unique, call `.obs_names_make_unique`.\n"}
,{"stream_name":"stdout","time":370.264112498,"data":"  utils.warn_names_duplicates(\"obs\")\n"}
,{"stream_name":"stdout","time":370.265949084,"data":"'organism' column not found in obs, assuming all cells are valid\n"}
,{"stream_name":"stdout","time":371.312429354,"data":"Generation Step 5\n"}
,{"stream_name":"stdout","time":371.313338012,"data":"0.25390625\n"}
,{"stream_name":"stdout","time":371.840967701,"data":"Finished SETD1A\n"}
,{"stream_name":"stdout","time":371.877471125,"data":"/tmp/lead_stack_scratch_r1/venv/lib/python3.11/site-packages/anndata/_core/aligned_df.py:68: ImplicitModificationWarning: Transforming to str index.\n"}
,{"stream_name":"stdout","time":371.878284324,"data":"  warnings.warn(\"Transforming to str index.\", ImplicitModificationWarning)\n"}
,{"stream_name":"stdout","time":376.06038566,"data":"/tmp/lead_stack_scratch_r1/venv/lib/python3.11/site-packages/anndata/_core/aligned_df.py:68: ImplicitModificationWarning: Transforming to str index.\n"}
,{"stream_name":"stdout","time":376.061206152,"data":"  warnings.warn(\"Transforming to str index.\", ImplicitModificationWarning)\n"}
,{"stream_name":"stderr","time":389.137373877,"data":"/usr/local/lib/python3.12/dist-packages/mistune.py:435: SyntaxWarning: invalid escape sequence '\\|'\n"}
,{"stream_name":"stderr","time":389.137424365,"data":"  cells[i][c] = re.sub('\\\\\\\\\\|', '|', cell)\n"}
,{"stream_name":"stderr","time":389.28403299,"data":"/usr/local/lib/python3.12/dist-packages/nbconvert/filters/filter_links.py:36: SyntaxWarning: invalid escape sequence '\\_'\n"}
,{"stream_name":"stderr","time":389.284072572,"data":"  text = re.sub(r'_', '\\_', text) # Escape underscores in display text\n"}
,{"stream_name":"stderr","time":389.892737937,"data":"[NbConvertApp] Converting notebook __notebook__.ipynb to notebook\n"}
,{"stream_name":"stderr","time":390.385437224,"data":"[NbConvertApp] Writing 227043 bytes to __notebook__.ipynb\n"}
,{"stream_name":"stderr","time":392.82362274,"data":"[NbConvertApp] Converting notebook __notebook__.ipynb to html\n"}
,{"stream_name":"stderr","time":393.706684565,"data":"[NbConvertApp] Writing 551787 bytes to __results__.html\n"}
]