target,class,cosine,corr_corrected,cross,energy_cd4_Rest,energy_cd4_Stim48hr,noise_cd4_Rest,noise_cd4_Stim48hr,cells_cd4_Rest,cells_cd4_Stim48hr
A1BG,other,0.302239,0.719497,14.386,59.0345,38.377,35.6466,21.2836,734,825
A2M,other,0.197166,0.787155,21.4394,122.259,96.7115,83.6325,77.5065,366,236
AAAS,other,0.433393,0.705237,32.3205,89.2168,62.337,38.6432,20.807,677,844
AACS,other,0.422266,0.652737,35.1048,87.5225,78.9664,33.539,25.3871,720,733
AAGAB,other,0.320735,0.726101,24.1146,80.385,70.3223,46.0204,38.226,647,470
AAK1,other,0.558124,0.736035,61.9815,137.384,89.769,32.8815,21.9111,1244,1147
AAMDC,other,0.0515286,0.183266,5.15319,98.3819,101.658,78.4094,62.0704,376,263
AAR2,other,-0.0589398,-0.400996,-30.7216,446.211,608.875,374.922,526.541,53,28
AARS2,other,0.128822,1.79701,47.7205,320.078,428.719,240.139,419.897,126,43
AARSD1,other,0.203937,0.44212,11.1942,73.2671,41.123,38.6196,22.6203,771,767
AASDH,other,0.396733,0.622175,49.3817,176.261,87.8981,51.8304,37.2715,651,515
AASDHPPT,other,0.151333,0.710137,23.4749,188.122,127.91,150.931,98.5276,146,145
AASS,other,0.1495,0.639263,9.76591,65.663,64.9866,54.6315,43.8305,540,416
AATF,other,0.107325,1.16383,27.4372,259.818,251.542,242.668,219.134,134,88
ABAT,other,0.163648,3.55134,22.6343,155.374,123.121,153.541,100.962,184,166
ABCA1,other,0.183412,0.652457,24.0582,157.613,109.164,117.419,75.337,207,227
ABCA2,other,0.169737,1.28019,18.5192,118.027,100.858,113.288,56.6968,278,292
ABCA3,other,0.119788,0.596974,26.7892,176.479,283.4,158.646,170.475,201,112
ABCA5,other,0.437249,0.759153,27.8675,63.7057,63.7616,32.9263,19.9816,860,843
ABCA7,other,0.120852,0.925948,13.2095,146.694,81.4427,130.46,68.9057,205,243
ABCB1,other,0.285704,0.605439,12.1224,50.4648,35.6744,28.7045,17.2508,942,963
ABCB6,other,0.0808006,1.01752,7.96177,111.583,87.0149,105.86,76.316,227,197
ABCB8,other,0.113823,0.349672,8.1521,68.917,74.4309,39.4284,55.9994,767,339
ABCB9,other,0.116158,0.508189,12.8817,127.324,96.5909,104.892,67.9475,251,273
ABCC1,other,0.27713,0.529347,23.3665,100.777,70.5445,43.9032,36.2836,634,540
ABCC10,other,0.152585,0.554894,9.17482,66.4713,54.3922,50.3262,37.4591,642,452
ABCC2,other,0.13698,0.450184,7.23224,65.6042,42.4913,48.485,27.4155,616,601
ABCC3,other,0.107378,1.34296,6.65858,65.2625,58.9213,63.3226,46.2491,465,386
ABCC4,other,0.0863152,3.52087,10.4128,92.8037,156.818,92.5228,125.678,382,165
ABCC5,other,0.148803,0.580535,11.0789,97.6155,56.7872,69.8985,43.6473,349,399
ABCC8,other,0.238425,0.830593,14.3227,77.243,46.7181,55.8201,32.838,440,487
ABCD2,other,0.0596253,0.389437,9.25462,139.891,172.213,65.8752,164.583,469,106
ABCD3,other,0.0660888,0.303083,4.23253,69.8182,58.7457,53.8659,46.5206,514,391
ABCD4,other,0.208692,0.726273,19.9153,107.101,85.0288,86.6806,48.207,335,356
ABCE1,other,0.101841,0.373778,32.0479,285.857,346.419,228.662,217.887,98,98
ABCF2,other,0.0551138,0.159018,7.12591,118.493,141.08,94.0454,58.9419,328,354
ABCF3,other,0.249278,0.616372,25.106,87.618,115.769,63.8504,45.9645,527,423
ABCG1,other,0.0394225,0.992741,3.20295,103.676,63.67,102.37,55.6983,261,288
ABHD10,other,0.209845,0.580053,7.72711,41.5726,32.6161,29.7928,17.5513,996,962
ABHD11,other,0.236159,0.575932,23.2338,181.3,53.3867,104.922,32.0793,189,477
ABHD12,other,0.347053,0.697812,31.1279,123.561,65.107,62.6176,32.4559,362,559
ABHD13,other,0.457051,0.735422,46.3817,128.76,79.9799,47.1842,31.2208,578,706
ABHD14A,other,0.288626,0.593476,26.3818,123.725,67.5272,51.3327,40.2306,591,453
ABHD14B,other,0.361444,0.555427,15.8833,53.111,36.3594,19.9726,11.6821,1573,1480
ABHD15,other,0.126545,,83.1714,625.537,690.571,599.516,721.693,32,20
ABHD16A,other,0.119083,0.891169,10.1948,107.146,68.4034,98.2346,53.7177,288,331
ABHD16B,other,0.107303,0.370203,8.66597,108.662,60.025,65.1805,47.4227,504,364
ABHD17A,other,0.151342,0.60608,11.5653,103.864,56.2252,85.3389,36.5691,385,439
ABHD17B,other,0.116148,0.718586,6.52202,64.7052,48.7308,58.9127,34.5095,534,472
ABHD18,other,0.115578,0.352965,5.2668,54.1567,38.3433,39.1324,23.5236,728,695
ABHD2,other,0.176923,0.582799,13.2464,120.026,46.7034,85.2143,31.8635,289,453
ABHD3,other,0.227046,0.513013,11.0669,68.9417,34.4619,38.4079,19.2209,798,943
ABHD4,other,0.273337,0.589863,14.617,76.7807,37.2451,39.9563,20.5695,750,949
ABHD5,other,0.391696,0.797446,23.7362,68.5752,53.5498,40.003,22.5417,771,864
ABHD6,other,0.193353,0.747372,16.092,112.703,61.4584,84.5561,44.9874,390,389
ABHD8,other,0.129151,1.03554,13.0908,112.162,91.5992,102.668,74.7666,278,249
ABI1,other,0.24757,0.952939,20.0822,95.6277,68.8083,79.3639,41.5016,378,433
ABI2,other,0.0825115,0.493198,7.46819,109.954,74.5061,96.7617,57.1252,277,293
ABI3,other,0.176568,0.691474,45.7166,719.963,93.1136,443.657,77.2937,31,184
ABITRAM,other,0.234195,0.827943,30.5567,158.27,107.562,105.116,81.9362,253,211
ABL1,other,0.204813,0.788905,13.2018,79.2841,52.4043,61.2265,36.8963,444,496
ABL2,other,0.41683,0.712376,30.0495,81.9935,63.3838,39.8855,21.1274,938,1017
ABLIM1,other,0.169259,0.415991,10.7087,80.7596,49.5646,47.7823,29.4696,549,529
ABLIM3,other,0.216238,0.722344,16.192,90.0722,62.2516,64.6928,42.453,364,357
ABR,other,0.109508,,11.8617,137.148,85.5486,141.795,78.9932,186,202
ABRACL,other,0.206576,0.496299,10.1886,66.9009,36.3607,36.5208,22.4884,653,711
ABRAXAS1,other,0.115409,0.436565,5.80225,60.1095,42.0508,45.7931,29.7123,559,518
ABRAXAS2,other,0.240281,0.717957,10.582,47.7351,40.6311,35.8775,22.3105,825,814
ABT1,other,0.194901,0.834263,91.8012,619.693,358.008,495.673,260.375,61,65
ABTB1,other,0.310302,0.56713,18.5178,70.2074,50.7255,34.9633,20.4754,1069,1021
ABTB2,other,0.279932,0.533699,16.3142,65.0936,52.178,34.0365,22.0911,759,761
ABTB3,other,0.345437,0.586232,21.0753,85.4629,43.5545,33.4361,18.7128,797,913
ACAA1,other,0.170848,0.978586,9.82526,67.705,48.8483,61.4976,32.6084,489,532
ACAA2,other,0.426396,0.818935,30.0567,95.9453,51.7884,50.4646,22.1703,724,907
ACACA,other,0.255137,0.505901,14.788,49.2774,68.1747,31.0223,21.3686,984,904
ACACB,other,0.332049,0.551997,16.2837,56.4814,42.5791,25.5497,14.4453,1525,1424
ACAD10,other,0.471647,0.668206,29.0492,74.9325,50.6249,23.6906,13.7423,1439,1458
ACAD11,other,0.322154,0.65398,32.4072,133.754,75.657,57.7394,43.353,501,358
ACAD8,other,0.181521,0.905581,8.91067,60.5997,39.7647,52.2859,28.1189,580,569
ACAD9,other,0.316777,0.547986,22.0932,59.0597,82.3602,29.5957,27.1923,901,688
ACADM,other,0.328649,0.534236,18.3036,73.6538,42.1129,27.9827,16.411,975,1004
ACADS,other,0.227363,1.13975,20.7078,95.2729,87.0679,85.8562,52.013,302,352
ACADSB,other,0.427476,0.741943,28.383,73.0025,60.3886,33.4055,23.4302,921,873
ACADVL,other,0.234616,0.627241,20.0123,105.1,69.2272,68.8017,41.1835,351,382
ACAP1,other,0.203898,0.708007,9.23385,52.4003,39.1388,40.3794,24.989,701,676
ACAP2,other,0.260087,0.72344,17.2942,77.9396,56.7287,49.7067,36.4874,537,484
ACAP3,other,0.177107,0.753865,14.4061,79.8089,82.9023,71.2395,40.2885,411,472
ACAT1,other,0.327291,0.742464,19.6259,92.1268,39.0306,48.6841,22.9467,740,718
ACAT2,other,0.197059,0.604211,13.8756,90.9199,54.5323,66.8685,32.605,466,505
ACBD3,other,0.215442,0.711882,13.6456,78.7037,50.9717,55.5976,35.0701,633,539
ACBD4,other,0.126174,1.08023,23.5086,247.948,140.007,214.996,125.635,103,118
ACBD5,other,0.438577,0.668646,25.7396,68.1884,50.5128,25.7043,15.6323,1186,1302
ACBD6,other,0.2954,0.708382,20.1789,80.608,57.8889,52.008,29.5166,553,616
ACCS,other,0.157853,0.608876,7.60576,59.0448,39.3187,46.9252,26.4439,692,617
ACD,other,0.003258,,2.74592,800.884,886.958,681.248,900.062,25,16
ACE,other,0.0834966,0.871279,6.48747,86.7259,69.6088,83.0191,54.6522,357,356
ACER1,other,0.170408,0.679188,11.2718,82.2649,53.1855,65.4071,36.8472,479,452
ACER2,other,0.583219,0.693252,58.3119,165.823,60.2847,20.2214,11.6924,1128,1330
ACER3,other,0.253819,0.555812,11.5615,60.2412,34.4418,31.6918,19.2861,1054,908
ACIN1,other,0.154827,1.07334,18.1317,133.285,102.896,118.281,83.8779,231,240
ACKR3,other,0.211786,0.693185,9.15316,52.7368,35.4187,39.1311,22.6035,802,837
ACO1,other,0.18975,0.617463,12.1897,78.768,52.3936,53.631,36.8892,550,473
ACO2,other,0.118453,0.585058,15.8621,171.545,104.532,115.242,91.4764,172,185
ACOT13,other,0.207341,0.752997,10.9357,74.0611,37.561,58.6724,23.855,582,779
ACOT2,other,0.164245,0.579036,7.03157,50.9791,35.9523,40.1426,22.3441,779,773
ACOT4,other,0.226401,0.696035,10.3252,50.5145,41.1744,39.0474,21.984,673,763
ACOT7,other,0.266045,0.595789,23.0153,73.6091,101.67,47.464,44.593,612,448
ACOT8,other,0.455989,0.671598,26.9923,65.9615,53.1226,23.3636,15.2022,1241,1134
ACOT9,other,0.171716,0.799327,13.7177,91.0421,70.0963,79.4398,44.7119,410,388
ACOX1,other,0.264525,0.845662,16.2694,77.304,48.9336,58.6148,29.1293,592,605
ACOX3,other,0.347065,0.667114,22.0084,82.6645,48.6446,44.9444,19.7909,628,861
ACP1,other,0.242601,0.576569,11.8208,68.4527,34.683,40.5352,19.6269,694,780
ACP2,other,0.555034,0.703016,48.3476,112.407,67.5022,21.0583,15.7275,986,1051
ACP5,other,0.0978777,0.582993,6.18209,75.1055,53.1167,68.5323,36.0099,439,443
ACP6,other,0.315529,0.715142,16.4622,66.8203,40.7369,36.4722,23.2763,688,716
ACRBP,other,0.08719,0.348374,5.74793,82.0675,52.9564,63.4867,38.3054,445,442
ACSF2,other,0.295763,0.534742,9.54202,40.0325,26.0004,20.0588,10.0588,1269,1537
ACSF3,other,0.152945,0.84821,7.86725,61.5424,42.9931,53.9466,31.6673,652,520
ACSL1,other,0.0944229,0.745015,11.494,117.548,126.058,108.812,98.813,238,182
ACSL3,other,0.199685,0.500437,14.706,80.4428,67.4238,55.993,32.1042,527,585
ACSL4,other,0.190059,0.573853,9.79838,64.302,41.334,42.9186,27.6998,808,664
ACSL5,other,0.614907,0.696375,97.5097,194.817,129.077,25.1776,13.4972,1961,1785
ACSL6,other,0.197576,0.743985,37.415,330.152,108.62,196.626,89.6791,89,160
ACSM3,other,0.511045,0.615442,46.8989,92.6434,90.9063,20.1568,10.795,1817,1823
ACSS1,other,0.436712,0.595059,28.8537,83.5849,52.2257,21.9999,14.0482,964,1188
ACSS2,other,0.345859,0.527802,23.7753,89.0583,53.0616,31.3238,17.9156,751,934
ACTA2,other,0.188095,0.551804,10.3683,75.713,40.1319,54.4951,23.4922,471,683
ACTB,other,0.348124,0.627661,27.3227,114.028,54.022,53.3882,22.7726,535,705
ACTG1,other,0.184367,3.46834,28.5106,214.345,111.566,207.873,101.125,125,153
ACTMAP,other,0.202608,0.404839,20.9406,139.108,76.7919,74.8892,35.1284,360,428
ACTN1,other,0.157072,,11.3117,80.3732,64.5286,85.6295,49.6478,370,314
ACTN4,other,0.0743731,0.287431,5.35688,85.6544,60.5678,70.0501,38.3085,397,500
ACTR1A,other,0.147456,0.363218,8.14822,72.6079,42.0551,40.2343,26.5097,712,685
ACTR1B,other,0.147861,0.489765,12.9088,116.142,65.6261,84.0634,43.97,363,360
ACTR2,other,0.13338,0.37792,27.3654,165.126,254.92,124.381,126.235,234,162
ACTR3,other,0.202307,0.575595,31.3667,144.777,166.042,98.9633,101.222,279,198
ACTR3B,other,0.0749889,,24.3709,455.936,231.657,500.92,197.481,44,71
ACTR3C,other,0.137789,0.510819,10.5637,107.627,54.6116,86.4053,34.4594,418,486
ACTR5,other,0.538463,0.682507,66.076,144.923,103.906,31.1298,21.5376,1373,1097
ACTR8,other,0.290585,0.764663,103.575,303.213,419.002,162.5,288.614,199,85
ACVR1,other,0.194663,0.942082,20.7206,130.692,86.6934,113.618,58.3609,271,288
ACVR1B,other,0.223855,0.782611,11.6714,61.9045,43.9125,47.8196,28.1219,738,572
ACVR1C,other,0.532011,0.716594,58.7926,136.032,89.7763,39.8068,19.8228,1159,1133
ACVR2A,other,0.428879,0.595112,46.8946,99.0018,120.763,37.5468,19.7234,1042,1059
ACVR2B,other,0.16671,0.707925,12.0196,84.6541,61.4051,71.0145,40.2702,466,440
ACY1,other,0.20972,0.574515,10.5317,56.7606,44.4299,40.3402,23.9648,678,754
ACYP1,other,0.146494,,12.3223,109.591,64.5607,112.768,54.5653,271,281
ACYP2,other,0.332161,0.425326,61.4129,199.663,171.208,51.5273,30.4691,708,639
ADA,other,0.107516,0.53209,7.37277,79.4691,59.1718,65.3536,45.5701,533,429
ADA2,other,0.147449,0.884461,14.3552,127.642,74.2576,105.124,62.5592,303,276
ADAM10,other,0.189388,2.36492,88.4913,607.072,359.632,425.99,351.9,38,39
ADAM12,other,0.486133,0.730668,29.3842,76.5238,47.7443,25.9898,15.7403,1351,1317
ADAM15,other,0.134569,1.31675,9.52254,88.4225,56.6311,83.894,45.082,312,327
ADAM17,other,0.358519,0.703379,17.6638,51.2472,47.3669,30.8194,16.4945,1028,1110
ADAM19,other,0.3134,0.575166,81.5416,218.791,309.408,114.254,117.141,272,157
ADAM22,other,0.205079,0.664784,15.4949,83.6268,68.2639,67.0865,35.4186,470,552
ADAM23,other,0.422675,0.740476,36.2665,104.014,70.7791,49.0544,27.1332,628,667
ADAM28,other,0.194799,0.497927,11.132,66.6994,48.9608,42.7329,28.1059,729,650
ADAM8,other,0.112877,0.537624,6.09398,65.8692,44.2497,55.0117,32.4163,583,508
ADAM9,other,0.0808216,0.594415,6.8874,110.502,65.7185,96.5576,56.0903,322,306
ADAMTS1,other,0.182036,1.61058,17.3538,111.613,81.4257,107.096,55.725,210,270
ADAMTS10,other,0.314351,0.639713,18.2415,55.1662,61.0405,33.9351,22.7421,1051,935
ADAMTS17,other,0.415594,0.66804,37.4184,99.4549,81.5093,41.7803,27.1114,661,760
ADAMTS6,other,0.492535,0.613855,31.5228,83.2264,49.2168,14.8924,10.6262,1748,1604
ADAMTSL5,other,0.0873272,0.347391,8.00897,125.362,67.0946,98.9405,46.9778,321,367
ADAP1,other,0.154278,0.459746,9.94315,78.9931,52.5837,60.0065,27.9478,579,622
ADAR,other,0.165247,0.660951,60.7811,503.586,268.656,364.664,207.783,58,105
ADARB1,other,0.189038,0.485062,10.9209,73.5527,45.3753,44.6002,27.8673,641,637
ADARB2,other,0.227989,1.54956,14.9978,80.2577,53.9193,73.5856,39.8789,475,466
ADAT1,other,0.209434,0.624817,13.7944,74.9,57.9204,51.728,36.8856,475,481
ADAT2,other,0.250089,0.487313,33.5985,155.227,116.274,80.1015,52.9988,298,333
ADAT3,other,0.269429,0.504596,38.0344,150.328,132.564,61.6296,68.5094,497,292
ADCK1,other,0.123494,0.747085,5.72722,58.7119,36.6331,52.7524,26.7715,608,642
ADCK2,other,0.0952713,0.364688,4.19389,48.7653,39.7373,40.6901,23.3602,730,717
ADCK5,other,0.304606,0.508902,16.3962,57.5023,50.3877,27.4439,15.8533,1285,1141
ADCY1,other,0.425514,0.817026,35.5578,77.1527,90.509,44.8098,31.9464,737,659
ADCY3,other,0.201132,0.707587,10.7181,62.3272,45.5612,49.0732,28.25,641,567
ADCY4,other,0.0665877,0.330355,6.57607,171.688,56.8074,141.198,43.8114,160,405
ADCY7,other,0.473736,0.692424,39.8404,86.4641,81.7973,34.0121,18.681,1137,1155
ADCY9,other,0.467691,0.730049,38.9108,98.7787,70.0744,41.5476,20.4376,784,925
ADD1,other,0.245507,0.510087,15.9275,91.3501,46.0746,47.3205,23.9302,450,623
ADD2,other,0.0204783,0.15707,1.30343,77.9527,51.9703,72.7977,38.6119,367,424
ADD3,other,0.106544,1.22664,15.2717,173.788,118.222,166.638,96.5445,171,172
ADGRA3,other,0.12033,0.418182,7.48947,84.2363,45.9888,54.3462,35.2577,721,587
ADGRB2,other,0.0779663,3.72638,6.44589,100.99,67.6823,100.425,62.3802,274,281
ADGRE1,other,0.319972,0.688504,13.1386,49.7859,33.8661,27.9961,17.154,1022,1077
ADGRE2,other,0.474003,0.6619,41.803,106.078,73.3207,29.3421,21.3413,953,842
ADGRE5,other,0.271331,0.600505,20.6188,95.8028,60.2764,52.0828,33.3107,586,579
ADGRG1,other,0.181041,2.5102,13.9375,88.984,66.6048,87.4867,46.0155,327,339
ADGRG5,other,0.309105,0.738978,26.7451,100.775,74.2887,66.5283,36.0412,455,440
ADGRL1,other,0.146441,0.690838,8.55418,64.196,53.1523,56.5143,33.1929,544,527
ADGRV1,other,0.280724,0.594431,13.142,62.0311,35.3309,34.4508,17.6086,948,961
ADH1B,other,0.28528,0.559185,17.0157,74.0932,48.0153,37.5752,22.6592,730,716
ADH5,other,0.465227,0.797574,43.3611,120.736,71.9504,55.1427,26.8898,662,805
ADHFE1,other,0.17552,0.892898,40.0068,203.547,255.241,177.66,177.693,132,99
ADI1,other,0.290874,0.67091,15.773,66.6515,44.1171,37.2021,25.3489,760,760
ADIPOR1,other,0.182558,0.46995,8.95595,61.1875,39.3331,42.5014,19.8973,892,886
ADIPOR2,other,0.184332,0.584618,14.1795,90.2873,65.5381,67.2878,39.9606,435,451
ADIRF,other,0.256609,0.611878,8.57989,42.565,26.2642,23.9878,15.6802,1310,1211
ADISSP,other,0.129296,0.524923,7.26846,71.3777,44.2746,59.5636,28.0456,584,577
ADK,other,0.248949,0.751988,9.16856,45.3932,29.8806,32.4247,18.4178,886,956
ADM,other,0.136178,0.77691,8.80898,77.5651,53.9477,67.3213,41.3976,429,371
ADM5,other,0.657711,0.768581,88.3528,140.246,128.671,23.9131,15.0757,2111,1868
ADNP2,other,0.517856,0.682182,35.0281,78.3825,58.3708,21.676,11.8765,1236,1307
ADO,other,0.280156,0.993573,91.2638,385.893,274.999,219.136,224.403,136,84
ADORA2A,other,0.37375,0.6652,25.3086,99.7438,45.9716,37.1087,22.8609,854,820
ADORA2B,other,0.152323,1.0763,8.06359,59.3696,47.2021,55.002,34.3509,555,501
ADPGK,other,0.475616,0.675289,51.2158,128.682,90.1108,42.8188,23.1192,943,928
ADPRH,other,0.090372,0.477984,7.30227,93.835,69.5798,80.9314,51.4922,345,335
ADPRM,other,0.338426,0.529377,31.1244,83.793,100.941,35.7027,29.0596,1023,736
ADPRS,other,0.137183,0.458241,15.1198,136.404,89.0567,97.2963,61.2186,222,297
ADRB2,other,0.250323,0.737348,12.4222,61.8765,39.7992,47.4686,20.0998,632,826
ADRM1,other,0.203125,1.00021,18.8262,107.035,80.2549,92.8147,55.3416,331,332
ADSS2,other,0.1524,,96.9128,534.312,756.834,393.753,774.414,35,23
ADTRP,other,0.240657,0.782349,9.00573,44.2795,31.6254,33.973,18.7689,934,980
AEBP1,other,0.0662072,0.366489,5.89617,102.988,77.0094,86.6727,61.1448,291,258
AEBP2,other,0.541955,0.77393,110.485,191.93,216.539,71.4453,47.3895,574,572
AEN,other,0.184934,0.497715,10.6685,72.8886,45.6579,42.3194,30.6277,611,545
AFAP1,other,0.218333,0.522639,18.0756,84.0041,81.5914,59.2941,33.1844,472,493
AFAP1L2,other,0.384343,0.668764,31.1675,69.2651,94.9407,37.7284,26.0689,920,771
AFDN,other,0.175748,1.66452,13.047,89.5188,61.5643,86.2131,42.9787,337,381
AFF1,other,0.263802,0.678878,18.798,91.0332,55.7782,60.8538,30.3726,550,543
AFF2,other,0.187389,0.840793,11.2816,67.7286,53.5161,56.9891,36.7519,590,538
AFF3,other,0.256857,0.660058,24.7779,97.4716,95.4706,73.2854,37.2067,454,423
AFF4,other,0.170716,0.433496,10.9719,71.8717,57.4722,37.8397,38.6484,837,505
AFG2A,other,0.181171,0.606426,69.8635,458.035,324.656,320.436,228.199,80,82
AFG2B,other,0.219951,0.802108,16.9032,94.9275,62.2144,72.0815,42.776,391,387
AFG3L2,other,0.173832,1.21351,78.7301,519.519,394.84,434.266,345.466,66,36
AFMID,other,0.197305,0.922003,14.9447,99.1447,57.8668,84.3957,40.0532,314,376
AFTPH,other,0.0587772,0.574691,3.78509,83.5224,49.6514,78.7331,40.5938,395,442
AGA,other,0.1531,1.52898,10.4186,75.4946,61.3412,72.7133,44.6469,402,386
AGAP1,other,0.199037,0.529674,11.0724,70.3691,43.9776,48.3329,24.1473,661,733
AGAP2,other,0.325311,0.686806,23.4818,91.2005,57.1306,46.6085,30.9162,592,604
AGAP3,other,0.561492,0.765411,34.1409,80.3222,46.0284,22.5234,11.606,1195,1426
AGAP4,other,0.0888349,1.92044,8.66907,111.372,85.507,108.828,77.4975,259,225
AGAP5,other,0.272106,0.580452,20.3853,84.351,66.5375,51.3394,29.1752,652,667
AGAP6,other,0.111093,0.343861,5.6465,64.9665,39.7642,45.8028,25.6935,565,716
AGAP9,other,0.201563,0.652307,15.7111,87.5001,69.436,68.4899,38.9203,487,468
AGBL2,other,0.328331,0.652965,16.7923,63.2562,41.3519,35.4304,17.5839,764,892
AGBL5,other,0.406623,0.664355,83.9308,285.483,149.238,100.724,62.8528,326,356
AGER,other,0.0772329,0.565658,5.09203,83.8073,51.8675,74.5635,43.1011,412,348
AGFG1,other,0.31816,0.931964,33.5838,107.12,104.015,82.0161,52.2887,334,362
AGFG2,other,0.0713556,0.26898,4.05443,71.5212,45.1407,58.6822,27.4441,621,587
AGGF1,other,0.151249,0.904683,7.25461,62.0127,37.099,55.444,27.3096,595,585
AGK,other,0.142801,0.735092,12.3611,107.459,69.7285,89.2062,54.2365,303,326
AGL,other,0.22449,0.626362,8.35716,45.61,30.3853,29.4607,19.362,911,873
AGMAT,other,0.0755453,0.477788,5.78827,78.7216,74.5743,72.1987,52.074,420,365
AGO2,other,0.141595,1.48081,25.5099,238.34,136.183,222.611,117.315,102,129
AGO3,other,0.129694,0.36369,6.3808,65.0013,37.2379,43.3987,22.989,613,698
AGO4,other,0.155843,,21.8723,273.905,71.9138,275.817,61.6184,113,236
AGPAT1,other,0.141801,0.61888,24.111,234.883,123.09,190.081,89.2115,109,195
AGPAT2,other,0.489781,0.707339,55.8149,133.4,97.3511,46.6936,25.5398,590,685
AGPAT3,other,0.0654978,2.33423,5.6605,117.176,63.7407,105.255,63.2475,262,256
AGPAT4,other,0.124345,0.610617,11.5444,123.187,69.9713,109.003,44.7702,253,363
AGPAT5,other,0.195788,0.932342,10.898,57.9979,53.4202,51.0961,33.6241,593,575
AGPS,other,0.21827,0.646212,13.6695,69.6471,56.3137,49.5188,34.0832,669,551
AGR2,other,0.177131,0.514947,6.36022,41.5011,31.0667,30.0129,17.7877,992,949
AGR3,other,0.186274,0.700121,9.57036,64.1014,41.1797,51.9625,25.7865,628,657
AGRN,other,0.390412,0.811537,62.8325,206.672,125.326,109.247,63.7964,273,300
AGTPBP1,other,0.562452,0.713385,56.0216,104.332,95.0874,27.5763,14.7435,1294,1436
AGTRAP,other,0.114565,0.360459,8.72683,95.561,60.72,70.7631,37.0834,355,437
AHCTF1,other,0.169702,,202.883,1224.8,1166.95,1239.01,1253.39,15,15
AHCYL1,other,0.119278,0.496391,12.6655,125.446,89.8814,103.295,60.4919,255,294
AHCYL2,other,0.0964867,,9.43644,138.319,69.1514,138.605,57.5746,177,295
AHDC1,other,0.265117,0.495658,13.6642,69.3431,38.3079,28.9075,19.5131,1206,943
AHI1,other,0.277988,0.84061,14.2962,58.0181,45.585,42.7338,26.6614,608,719
AHNAK,other,-0.0121913,-0.192486,-1.38445,139.372,92.528,134.925,80.8956,210,194
AHR,other,0.470637,0.515604,88.7135,225.288,157.713,20.3499,13.2611,1214,1260
AHRR,other,0.151353,0.456096,10.1802,70.9494,63.7644,50.5649,39.3245,489,410
AHSA1,other,0.400803,0.510357,34.2871,115.346,63.4452,26.4878,12.6505,1211,1411
AHSP,other,0.138135,0.619926,12.0779,107.106,71.3772,79.9698,57.3893,460,322
AIDA,other,0.28619,0.655152,33.3922,130.541,104.288,82.7713,49.9065,443,441
AIF1,other,0.382172,0.641752,21.5545,70.431,45.1643,30.1289,17.1735,853,950
AIFM1,other,0.164543,0.548165,35.3738,138.794,332.991,108.894,193.718,249,102
AIFM2,other,0.225738,0.736387,9.78922,51.2773,36.6743,39.8685,21.1845,744,783
AIG1,other,0.124893,1.21649,5.84026,55.8825,39.1301,53.5336,29.3175,605,594
AIM2,other,0.268018,0.557791,20.5023,87.5366,66.848,47.8898,32.7715,473,498
AIMP1,other,0.287078,0.796662,17.9953,66.5198,59.0704,46.8205,33.1691,588,507
AIMP2,other,0.166578,0.546465,17.1282,122.527,86.2894,84.0495,60.757,382,276
AIP,other,0.240104,0.572458,19.0742,88.3789,71.4078,55.0095,38.1374,503,504
AIRE,other,0.0749304,0.749596,4.34249,67.0625,50.082,62.8573,42.1014,571,429
AIRIM,other,0.12835,0.418524,11.7849,123.071,68.5015,94.2184,41.021,249,424
AJAP1,other,0.281936,0.687067,16.0141,62.7714,51.3972,40.7896,26.6833,821,716
AK1,other,0.218702,0.548967,12.1519,64.0198,48.2247,41.1714,26.779,756,631
AK2,other,0.130588,1.18951,57.8839,460.691,426.479,422.714,364.126,68,47
AK3,other,0.478424,0.621597,68.8021,236.661,87.388,44.4229,23.6577,1002,752
AK4,other,0.227676,0.595799,12.9521,68.2197,47.4389,42.939,28.7453,725,692
AK5,other,0.0694309,,7.36531,104.217,107.979,115.467,101.394,234,180
AK9,other,0.235666,0.456492,16.524,98.3556,49.9848,41.7501,26.8374,789,598
AKAP10,other,0.206987,0.688799,21.4306,110.245,97.2359,73.202,71.1034,324,252
AKAP11,other,0.102222,0.81696,11.9209,158.206,85.9611,132.729,77.6037,203,185
AKAP12,other,0.42986,0.753109,25.8301,65.3383,55.2624,32.2537,19.7067,1015,1105
AKAP13,other,0.337322,0.656154,14.736,49.9973,38.1703,27.2663,15.9817,1097,1158
AKAP17A,other,0.357919,0.599447,24.054,77.1071,58.5748,32.0882,22.8081,680,881
AKAP5,other,0.227262,0.552658,10.4119,57.5772,36.4546,35.3651,20.4754,679,808
AKAP7,other,0.0253151,,2.19019,118.939,62.9329,131.285,56.7022,209,270
AKAP8,other,0.367162,0.619811,22.1113,62.6784,57.8621,29.7041,19.2668,845,874
AKAP8L,other,0.274366,0.776686,14.8144,63.4512,45.948,42.8224,28.3119,696,645
AKAP9,other,0.168024,0.453897,10.8374,83.7967,49.6461,54.1731,30.4018,493,543
AKIP1,other,0.0998989,0.586448,12.9658,166.642,101.086,147.759,75.2003,197,210
AKIRIN2,other,0.232177,0.718609,35.1824,175.66,130.72,120.856,86.9826,229,185
AKNA,other,0.379804,0.658626,20.6903,64.621,45.9242,30.0337,17.3917,1073,1065
AKR1A1,other,0.166493,1.0921,15.4186,104.22,82.2901,96.0891,57.7756,343,325
AKR1B1,other,0.261288,0.71155,24.5043,113.119,77.7512,71.4745,49.273,367,322
AKR1C1,other,0.33082,0.732213,78.8966,386.697,147.082,169.505,93.6265,72,140
AKR1C3,other,0.460809,0.705812,37.1863,96.0342,67.8105,37.3165,20.5369,1146,1058
AKR1E2,other,0.181902,0.738624,9.50284,67.1486,40.6439,55.6749,26.2176,534,560
AKR7A2,other,0.290947,0.552634,17.9479,75.6945,50.273,39.7743,20.9091,922,811
AKR7A3,other,0.19687,0.555887,10.1327,53.1673,49.825,39.5599,25.4074,644,663
AKT1,other,0.163681,0.488674,7.38246,57.1209,35.6132,38.4567,23.3852,765,675
AKT1S1,other,0.26444,0.591924,13.0186,53.1367,45.6123,35.7294,17.8237,981,887
AKT3,other,0.463532,0.825078,30.9977,77.15,57.9645,36.2793,23.4298,946,936
AKTIP,other,0.101205,,7.72968,80.7218,72.2656,85.8023,60.4027,301,304
ALAD,other,0.139858,0.802113,36.9617,368.471,189.549,291.484,161.968,70,104
ALAS1,other,0.178023,1.24139,44.149,272.579,225.631,207.26,206.267,109,81
ALAS2,other,0.374141,0.777568,25.2312,84.2347,53.9899,46.4819,26.0998,632,680
ALCAM,other,0.126973,0.530475,6.54888,68.3702,38.9088,50.1995,30.5213,467,533
ALDH16A1,other,0.265058,0.55328,17.1072,81.4949,51.1149,43.5741,25.9038,603,715
ALDH18A1,other,0.368054,0.689652,34.9478,113.998,79.0899,50.4687,38.6689,561,513
ALDH1A1,other,0.0826893,,6.3039,94.6214,61.423,95.9972,48.4632,302,334
ALDH1B1,other,0.327846,0.589501,25.4188,70.8246,84.8763,42.7617,18.6228,697,1146
ALDH2,other,0.275164,0.593086,20.6406,91.8561,61.257,55.1676,28.2443,513,609
ALDH3A2,other,0.35236,0.579101,18.6484,57.5486,48.6712,28.0078,13.5678,1374,1347
ALDH5A1,other,0.18512,0.674261,11.0954,74.8103,48.0196,56.8839,32.914,486,504
ALDH6A1,other,0.134886,1.91385,37.7331,308.003,254.072,290.994,231.218,87,80
ALDH7A1,other,0.376759,0.625439,17.6347,61.564,35.5864,23.4589,14.7229,1036,1235
ALDH8A1,other,0.295804,0.545455,22.1914,94.618,59.4822,45.6503,25.6803,900,712
ALDH9A1,other,0.19471,0.640068,10.0539,60.379,44.158,47.5991,24.8519,673,671
ALDOA,other,0.221096,1.2087,45.3517,229.975,182.955,198.31,138.495,131,116
ALDOB,other,0.567271,0.716153,42.4022,98.2931,56.8423,18.8451,12.7176,1153,1331
ALDOC,other,0.146448,0.473543,7.39419,66.3252,38.4355,42.6249,28.1481,613,578
ALG1,other,0.137359,1.29496,42.1347,392.559,239.697,299.556,228.313,68,65
ALG10,other,0.0980886,,8.14318,108.914,63.2803,124.028,41.1702,238,363
ALG10B,other,0.437158,0.697851,25.9415,61.8135,56.9678,25.1425,19.285,1103,980
ALG13,other,0.320083,0.605419,39.2168,159.873,93.8952,60.1218,51.8309,483,349
ALG14,other,0.0742059,1.8164,24.778,379.758,293.595,348.483,287.645,67,49
ALG2,other,0.220984,0.845219,26.9644,133.637,111.413,101.513,79.7306,236,209
ALG3,other,0.168508,0.491096,16.0302,125.268,72.2428,90.3554,41.7246,404,383
ALG5,other,0.158043,0.569574,17.1451,131.316,89.6212,104.549,55.7698,307,303
ALG6,other,0.363262,0.528202,34.9993,98.2307,94.4998,30.5776,29.6021,747,653
ALG8,other,0.232995,0.477439,17.8718,71.1016,82.7488,42.3319,34.0448,706,558
ALG9,other,0.297261,0.514671,25.8533,143.057,52.8746,58.0535,23.1897,512,683
ALKAL2,other,0.10714,0.430829,5.28666,70.0689,34.7483,58.1652,22.0989,548,713
ALKBH1,other,0.262307,0.599709,18.2248,84.1875,57.3401,50.4553,29.9622,485,539
ALKBH2,other,0.292115,0.411901,76.7222,291.403,236.724,92.8451,61.9928,452,344
ALKBH3,other,0.00772046,0.179743,0.670496,114.184,66.0544,113.114,53.0427,233,303
ALKBH4,other,0.528245,0.766119,33.8896,74.6773,55.1156,24.6688,15.9868,989,1083
ALKBH5,other,0.499434,0.741593,33.5637,78.5779,57.4755,28.1215,16.8786,1292,1218
ALKBH6,other,0.472941,0.69193,46.2353,106.274,89.9302,38.9991,23.5609,979,961
ALKBH7,other,0.235458,0.765464,21.0254,106.205,75.0783,81.2751,44.8149,394,407
ALKBH8,other,0.17834,0.656914,13.0816,99.274,54.1982,77.5541,35.9405,409,501
ALMS1,other,0.153174,0.517862,7.57842,65.6694,37.2758,49.3794,24.1294,584,725
ALOX12,other,0.141197,3.01971,11.5607,100.091,66.9773,98.5403,57.5261,285,271
ALOX5,other,0.274674,0.783014,23.226,98.9538,72.2573,66.6514,45.0193,419,383
ALOX5AP,other,0.30592,0.559128,16.4494,55.9385,51.6862,32.6077,14.5884,1018,1298
ALPK1,other,0.367102,0.747098,24.5615,70.2268,63.7431,41.3106,26.3653,857,801
ALPL,other,0.287606,0.712838,16.9882,72.3067,48.2527,48.6066,24.2883,617,726
ALS2,other,0.209722,0.658441,22.0688,150.533,73.5595,83.4799,56.806,316,279
ALS2CL,other,0.490751,0.701986,20.1556,45.8365,36.8007,16.2933,8.89611,1852,2030
ALX1,other,0.126619,0.389357,5.85539,59.0062,36.2426,43.6508,21.5142,812,766
ALX3,other,0.336647,0.570545,13.3271,44.3002,35.3766,20.2338,12.7051,1383,1435
ALX4,other,0.33795,0.941149,20.4957,71.2726,51.6055,49.6449,29.6776,585,593
AMBRA1,other,0.198163,0.400833,16.068,70.7997,92.8641,44.9322,30.7425,734,619
AMD1,other,0.300277,0.65492,33.0196,106.506,113.534,65.3007,51.8442,361,329
AMDHD1,other,0.314323,0.619292,19.3623,81.6466,46.4751,41.4172,22.1767,643,738
AMDHD2,other,0.382592,0.704073,34.182,100.197,79.6647,49.785,32.9103,667,665
AMER1,other,0.26662,0.57968,29.481,165.821,73.7331,92.461,38.4755,202,402
AMFR,other,0.501172,0.739359,52.4409,141.386,77.4391,40.1367,27.7527,828,716
AMH,other,0.213163,0.686587,11.3814,69.6745,40.9165,49.9199,27.0062,649,615
AMIGO1,other,0.245527,0.465162,13.141,68.6935,41.7006,26.5673,22.7556,1234,832
AMIGO2,other,0.25566,0.473355,23.9233,113.423,77.1998,51.1102,36.2087,506,477
AMMECR1,other,0.0957255,0.406133,10.9554,152.452,85.9148,104.868,70.623,211,235
AMN,other,0.381161,0.757298,28.171,88.9658,61.3996,50.1798,25.722,748,764
AMN1,other,0.139747,1.09771,7.93321,71.1562,45.2899,66.043,35.0751,448,437
AMOT,other,0.232648,0.526058,12.8975,73.6281,41.7414,42.3423,22.5283,698,813
AMPD2,other,0.307128,0.52605,13.7989,59.4418,33.9593,24.8403,14.0736,1262,1209
AMPD3,other,0.461281,0.607794,31.3833,73.2095,63.2265,21.5868,11.5797,1264,1490
AMT,other,0.266779,1.14843,28.3277,111.321,101.284,93.9428,66.2732,260,262
AMY2B,other,0.166102,0.531534,11.9576,102.609,50.5071,76.7416,30.9421,438,480
AMZ2,other,0.170557,0.998757,11.194,83.1795,51.7865,73.1057,39.3167,376,417
ANAPC1,other,0.296574,0.729257,96.0923,404.989,259.219,263.629,136.393,102,120
ANAPC10,other,0.414278,0.761013,119.968,295.738,283.556,149.938,113.11,155,173
ANAPC11,other,0.292948,1.51975,90.1326,327.712,288.863,256.242,239.648,86,68
ANAPC13,other,0.208529,0.852781,20.2849,100.193,94.4447,80.9803,64.9946,292,233
ANAPC15,other,0.188739,0.809439,9.72252,66.0129,40.1982,52.0513,29.8646,587,521
ANAPC16,other,0.176621,0.737044,15.5897,118.582,65.701,95.883,45.9913,286,321
ANAPC5,other,0.154425,3.42796,44.1638,316.166,258.691,308.036,238.276,61,56
ANAPC7,other,0.322737,0.684649,25.5838,94.64,66.3986,53.9778,32.0582,600,629
ANGEL1,other,0.239803,0.46977,11.9065,66.8903,36.855,36.708,15.5714,802,997
ANGEL2,other,0.338693,0.613678,16.4359,60.8737,38.6851,28.4474,16.564,973,1037
ANGPT2,other,0.34889,0.591696,14.5825,49.2645,35.4611,20.8696,14.0704,1354,1265
ANGPTL4,other,0.312378,0.707802,20.8246,81.8013,54.3287,49.2315,27.7513,496,563
ANGPTL6,other,0.123207,0.59029,5.11199,50.7203,33.9415,42.9825,24.2491,687,705
ANHX,other,0.196945,0.802225,16.3592,93.3139,73.9418,75.0801,51.1354,446,406
ANK1,other,0.197376,0.77842,16.3036,91.7787,74.3427,72.9412,51.0556,351,388
ANK3,other,0.340227,0.703795,17.8887,66.3806,41.6466,33.5455,21.971,755,816
ANKAR,other,0.20876,0.494558,20.9845,154.132,65.5561,71.4589,43.779,361,396
ANKDD1A,other,0.370976,0.656168,14.5988,50.0541,30.9387,24.2616,11.7472,1431,1622
ANKEF1,other,0.540318,0.718017,35.1919,73.2333,57.9264,20.3235,12.524,1320,1395
ANKFY1,other,0.297259,0.501086,19.1988,73.7739,56.5426,31.1259,22.1214,972,838
ANKH,other,0.141771,0.649098,12.2205,98.3636,75.5392,83.8738,51.0768,278,293
ANKHD1-EIF4EBP3,other,0.46836,0.67814,27.6108,68.2286,50.9369,23.95,13.4977,1367,1441
ANKK1,other,0.210737,0.625593,12.6597,75.3832,47.873,56.3426,26.3658,684,590
ANKLE1,other,0.300497,0.752177,16.1671,67.6644,42.7782,47.9513,19.343,654,802
ANKLE2,other,0.190139,0.752574,32.5999,219.917,133.669,182.853,83.0416,146,169
ANKMY1,other,0.256199,0.697473,17.327,76.1042,60.101,53.326,33.0071,579,578
ANKMY2,other,0.161091,0.496508,16.6955,135.899,79.0384,97.6488,49.4781,255,284
ANKRD10,other,0.143012,0.936899,21.1687,150.541,145.541,102.091,135.004,336,127
ANKRD11,other,0.195125,0.386078,11.3617,64.4846,52.5781,35.6924,22.4992,976,740
ANKRD12,other,0.241011,0.651591,15.1029,71.8893,54.6238,50.8937,29.0356,516,559
ANKRD13A,other,0.545706,0.777199,26.5763,62.0002,38.2542,19.3051,10.8671,1668,1738
ANKRD13B,other,0.172303,0.661073,7.57132,57.8539,33.3751,47.3248,20.917,698,786
ANKRD13C,other,0.252087,0.63584,14.5169,68.4576,48.4422,44.0426,27.0924,787,653
ANKRD13C-DT,other,0.422782,0.669969,17.3517,52.6468,31.995,18.5333,12.332,1830,1557
ANKRD13D,other,0.59543,0.718364,68.7952,126.322,105.676,26.8732,13.4554,1675,1688
ANKRD16,other,0.161687,0.890875,12.5458,93.9372,64.0929,85.993,39.129,299,433
ANKRD17,other,0.203573,0.587718,22.8528,140.766,89.5245,94.1333,57.1014,242,249
ANKRD18A,other,0.00591616,0.0343611,0.438719,85.3151,64.4565,71.7306,52.4562,382,317
ANKRD23,other,0.414793,0.614661,23.7635,71.6762,45.7914,20.3962,16.6438,1169,955
ANKRD26,other,0.253624,0.449308,17.0818,69.9018,64.8929,35.6081,22.7463,809,722
ANKRD27,other,0.156736,0.344179,9.7299,86.6622,44.4685,50.2711,22.5074,663,760
ANKRD28,other,0.11826,0.461234,5.28088,55.2065,36.1196,44.1395,24.2745,688,725
ANKRD31,other,0.281556,0.609412,24.6854,109.004,70.5192,54.7381,40.2828,482,413
ANKRD33B,other,0.235305,0.509329,13.4217,62.5981,51.9747,35.4847,26.3631,952,745
ANKRD36,other,0.378437,0.870728,15.9801,52.4262,34.0111,30.68,18.5226,1028,983
ANKRD36B,other,0.47173,0.670802,26.4853,79.9552,39.4256,19.7577,13.5289,1417,1322
ANKRD36C,other,0.381385,0.586251,26.9345,63.5985,78.4231,29.1624,17.1263,955,998
ANKRD37,other,0.276626,0.728855,16.4171,77.6112,45.3822,53.7746,24.0974,687,745
ANKRD39,other,0.336748,0.675927,25.2927,85.4619,66.0098,50.0557,26.4629,575,643
ANKRD40,other,0.167127,0.535288,17.046,123.192,84.4444,83.4634,58.9192,378,327
ANKRD42,other,0.0706347,,6.14916,93.5773,80.9888,96.1036,68.1843,323,228
ANKRD44,other,0.160359,0.699424,8.4778,62.8236,44.4895,54.39,27.0685,518,621
ANKRD46,other,0.230491,0.759552,13.5242,78.0184,44.1283,57.5545,28.636,452,528
ANKRD49,other,0.322721,0.827643,68.5298,234.847,192.008,136.424,122.35,213,133
ANKRD54,other,0.413714,0.65015,33.0523,83.9612,76.0192,35.3515,22.8509,890,785
ANKRD55,other,0.318523,0.646685,22.5208,84.4599,59.1885,41.1566,31.1818,574,543
ANKRD6,other,0.255958,0.980644,14.086,55.9774,54.1032,47.0814,30.9102,685,565
ANKRD61,other,0.293553,0.686152,12.7656,49.1395,38.4837,32.8179,17.2768,930,1001
ANKRD9,other,0.305993,0.701173,20.7528,83.5315,55.0654,45.1994,32.2127,671,608
ANKS1A,other,0.203941,1.13526,21.9282,136.457,84.7227,115.951,66.5283,211,268
ANKS3,other,0.155693,1.00189,36.6744,184.078,301.432,147.272,265.026,189,62
ANKS6,other,0.1892,0.766987,11.6492,68.6199,55.2461,53.4815,40.0078,527,481
ANLN,other,0.0406607,,43.5786,1737.41,661.141,1651.56,743.854,12,13
ANO10,other,0.387157,0.594245,17.6903,64.5206,32.3593,21.9816,11.5263,1288,1412
ANO6,other,0.385677,0.625226,16.3821,54.1184,33.3387,20.915,12.6618,1302,1407
ANO8,other,0.541773,0.737119,31.0663,69.4843,47.3214,19.8983,11.4999,1305,1548
ANO9,other,0.0873186,,10.241,141.222,97.4021,144.939,79.6225,157,223
ANP32A,other,0.0643259,0.393892,5.64533,94.9918,81.0812,86.0257,58.1715,308,282
ANP32E,other,0.213831,0.564817,9.36235,55.8186,34.3438,37.1131,19.655,793,791
ANPEP,other,0.336862,0.586994,28.4015,99.0947,71.7346,47.4344,26.4179,720,784
ANTKMT,other,0.250779,0.615845,15.5077,67.3208,56.8018,45.6511,27.5401,645,602
ANTXR2,other,0.242239,0.608685,11.0222,52.7093,39.2794,35.7546,19.939,754,795
ANXA1,other,0.122622,0.823356,6.53513,63.3614,44.8279,56.1323,36.1132,532,468
ANXA11,other,0.252503,0.631801,11.2145,53.5484,36.8364,31.7305,22.3959,789,741
ANXA2,other,0.311057,0.627088,28.3941,101.316,82.2434,54.7345,38.2295,487,466
ANXA2R,other,0.159954,0.639396,8.76958,61.1278,49.1729,49.0658,33.5775,548,516
ANXA3,other,0.207011,0.633383,12.8405,77.5118,49.6374,56.3638,30.2035,467,545
ANXA4,other,0.23918,0.610664,12.119,65.1528,39.4048,42.1187,22.3064,789,733
ANXA5,other,0.217136,0.900984,11.2736,62.4308,43.1782,50.0634,30.5187,537,516
ANXA6,other,0.0928964,0.771041,16.3853,153.162,203.123,141.859,163.169,176,110
ANXA7,other,0.0981717,0.981797,11.5584,173.953,79.6871,163.39,66.5659,144,257
ANXA9,other,0.106864,0.2485,5.69344,68.9421,41.1719,40.668,22.6063,671,768
AOAH,other,0.10679,,7.00114,70.7216,60.7748,71.9397,45.5462,399,362
AOC2,other,0.20217,0.781804,10.1009,58.2862,42.8272,48.7225,25.373,597,681
AOC3,other,0.173733,0.57835,6.04334,45.03,26.8713,32.5759,18.1041,946,919
AOPEP,other,0.330194,0.883858,27.0906,98.7459,68.168,76.0007,26.865,424,596
AP1AR,other,0.268425,0.627572,13.1541,52.8538,45.436,35.5407,20.06,688,874
AP1B1,other,0.212633,0.698853,12.9779,77.7529,47.91,55.3689,32.5038,592,534
AP1G1,other,0.157398,0.707786,18.2429,169.993,79.0238,141.636,55.5972,198,266
AP1G2,other,0.221052,0.821824,9.93721,57.7334,35.0037,40.235,26.6482,725,701
AP1M1,other,0.164825,0.815866,20.5172,164.723,94.0674,123.309,78.7969,202,204
AP1S1,other,0.00435002,,0.397588,144.729,57.7203,145.3,28.0326,206,566
AP1S2,other,0.229527,0.35895,31.4599,245.538,76.5118,63.2629,34.3693,328,461
AP1S3,other,0.244916,0.475928,19.4013,91.8612,68.3117,54.1225,24.2773,422,592
AP2A1,other,0.100666,,25.3829,261.831,242.826,271.46,204.805,81,108
AP2B1,other,0.304968,1.01076,30.3123,97.4738,101.355,72.169,65.8128,400,324
AP2S1,other,0.179808,,70.1604,477.308,318.983,491.102,291.047,37,50
AP3B1,other,0.233443,0.568604,23.9276,144.028,72.9438,83.9278,43.4791,407,404
AP3D1,other,0.136536,0.355918,9.28656,100.151,46.1913,67.7849,25.1576,369,683
AP3M1,other,0.218461,0.526074,9.45628,49.9855,37.4843,29.8869,21.4082,1000,851
AP3M2,other,0.262011,0.59593,11.5317,48.9088,39.6057,31.9334,17.5473,978,966
AP3S1,other,0.276774,0.739342,42.0506,215.611,107.059,127.909,70.1743,161,212
AP3S2,other,0.586573,0.71961,59.248,138.353,73.7417,22.0646,15.4489,2159,1500
AP4B1,other,0.228194,0.753688,14.822,74.1403,56.9053,57.6138,33.5034,506,501
AP4E1,other,0.0761249,,7.19455,109.099,81.8715,114.726,68.7339,273,247
AP4M1,other,0.165883,0.622825,26.3394,270.215,93.3036,200.926,67.4923,110,246
AP4S1,other,0.481491,0.682305,28.2186,67.6383,50.781,22.3019,13.0528,1250,1418
AP5B1,other,0.488892,0.716956,29.8818,68.9362,54.1925,23.5166,15.9467,1119,1018
AP5M1,other,0.183472,0.938548,11.4898,83.5239,46.9538,72.963,32.7631,401,522
AP5S1,other,0.185926,0.580822,11.2785,79.1827,46.472,53.601,31.7323,428,494
AP5Z1,other,0.31453,0.6669,15.1905,58.1754,40.0943,31.9506,20.3104,936,949
APAF1,other,0.293479,0.717841,31.734,161.594,72.3555,92.9332,43.8921,346,384
APBA1,other,0.224805,1.16246,14.5695,74.0826,56.6966,65.0024,39.3971,416,428
APBA2,other,0.431357,0.797813,23.8275,70.2021,43.4643,33.8246,18.9442,937,920
APBA3,other,0.0765571,2.74661,9.87594,174.349,95.4482,172.109,89.675,145,176
APBB1,other,0.0671922,0.604114,4.7506,80.4534,62.1318,75.8741,48.6279,465,331
APBB1IP,other,0.49,0.693329,64.4281,195.453,88.4537,53.162,27.7669,475,583
APBB2,other,0.273486,1.22225,28.1234,121.312,87.1686,107.996,47.4087,330,336
APBB3,other,0.471868,0.654608,20.4054,52.1754,35.8415,15.689,9.20987,1563,1807
APC,other,0.167978,1.03927,52.2469,294.761,328.204,179.71,306.237,128,50
APEH,other,0.351223,0.663057,16.6324,49.4214,45.3762,27.5374,16.6234,1011,1160
APEX1,other,0.300984,0.613527,24.3572,82.2267,79.6445,45.2233,37.0507,684,537
APEX2,other,0.298257,0.405297,34.2227,136.489,96.46,41.6562,21.2769,705,799
APH1A,other,0.22502,0.54035,23.7007,111.712,99.3071,69.0709,54.1896,434,395
APH1B,other,0.173742,0.72953,10.8984,71.6035,54.9515,59.2322,36.9122,518,506
APIP,other,0.206543,0.522328,12.5994,71.1042,52.3342,46.5072,28.6788,566,562
APLF,other,0.101638,0.599773,9.31992,97.3738,86.3508,85.0853,66.7013,287,274
APLP1,other,0.233747,0.667916,14.0761,64.8502,55.9193,48.4383,28.8571,678,679
APLP2,other,0.253225,0.630055,11.5889,56.1285,37.3154,35.5496,20.8752,839,901
APMAP,other,0.450273,0.678696,60.5933,137.485,131.717,51.9066,38.5774,690,597
APOA1,other,0.172143,0.525594,8.25941,56.6071,40.6676,39.3917,26.3232,750,704
APOA4,other,0.0634292,0.280367,9.23304,222.348,95.2967,167.988,75.346,138,209
APOBEC2,other,0.465338,0.614113,33.4122,76.9727,66.9784,21.0051,14.0881,1197,1254
APOBEC3A,other,0.322894,0.684793,17.1559,62.8784,44.8957,31.8828,24.6464,892,730
APOBEC3B,other,0.406332,0.72137,21.8417,67.3199,42.9206,26.0443,20.7099,965,837
APOBEC3C,other,0.19304,0.472877,18.4742,111.017,82.4981,73.3678,41.9586,453,405
APOBEC3D,other,0.134215,0.430729,7.328,69.6265,42.8148,52.8142,25.5987,634,630
APOBEC3F,other,0.134164,0.559746,9.4736,88.1966,56.5335,75.4355,34.0863,362,499
APOBEC3G,other,0.148301,0.47131,10.8333,105.966,50.3578,73.1645,34.2509,323,406
APOBEC3H,other,0.355108,0.772879,26.4293,103.09,53.7318,61.5963,25.5505,576,673
APOBR,other,0.246458,0.532481,10.8796,57.4583,33.9148,34.8963,15.4119,808,1101
APOC1,other,0.422017,0.529627,27.9513,67.2154,65.2642,17.7328,8.97689,1972,2029
APOC3,other,0.123544,0.553023,8.38507,91.8307,50.1626,70.3702,39.4502,373,421
APOD,other,0.161848,0.740612,11.8721,95.6585,56.2492,76.8156,42.612,371,418
APOE,other,0.203597,1.15161,12.2307,59.6261,60.5237,52.7661,44.0811,593,453
APOL1,other,0.162802,0.76059,10.4268,74.5635,55.0122,62.068,39.9721,598,465
APOL2,other,0.357165,0.690978,29.9421,111.886,62.8131,57.2197,28.4637,782,649
APOL3,other,0.330505,0.787758,16.9071,59.306,44.1248,36.9696,23.5024,893,758
APOL6,other,0.134725,0.799744,12.9492,114.683,80.5558,104.377,55.1171,236,317
APOLD1,other,0.288332,0.520753,14.9474,58.359,46.0506,29.8721,17.1292,1239,1075
APOM,other,0.0869471,2.69243,39.776,740.778,282.517,708.048,275.849,32,63
APOO,other,0.14965,0.488355,8.0947,64.5383,45.3349,48.4418,28.2663,624,595
APOOL,other,0.14496,0.521376,6.80004,48.5762,45.3005,40.5887,24.004,712,721
APP,other,0.0831071,,7.22455,78.3451,96.457,80.4314,65.9282,396,283
APPBP2,other,0.35398,0.664637,25.1512,92.2337,54.7356,46.104,23.6924,531,657
APPL1,other,0.147129,,84.817,1034.78,321.157,1166.19,216.539,13,63
APPL2,other,0.522852,0.677424,54.6848,124.398,87.9354,33.1579,16.5139,1419,1398
APRT,other,0.134345,0.59979,12.5307,132.023,65.8956,105.506,49.4355,264,311
APTX,other,0.189641,0.944196,10.6921,58.3323,54.4951,50.9175,37.2006,567,490
AQP1,other,0.0939509,0.587611,6.22065,82.7103,53.0041,75.6242,37.1886,390,459
AQP11,other,0.158566,0.818619,10.4483,90.5425,47.9539,80.0461,32.4339,408,556
AQP3,other,0.0802108,0.317096,4.0231,58.6649,42.8822,46.2158,29.9521,594,528
AQP5,other,0.447682,0.743077,26.8071,75.6797,47.3786,34.4605,15.8043,838,1092
AQP9,other,0.308687,0.499033,15.2296,53.4166,45.5684,23.209,14.7364,1326,1248
AR,other,0.266084,0.882244,12.1083,53.9549,38.3791,38.8301,25.9255,675,649
ARAF,other,0.174407,0.790734,12.9203,91.8069,59.7783,76.7825,42.0082,346,364
ARAP1,other,0.16949,1.2472,10.131,66.8523,53.4441,59.4029,44.5867,485,386
ARAP2,other,0.122395,0.497714,15.3183,144.145,108.666,125.532,57.775,169,276
ARAP3,other,0.562628,0.700201,72.3519,120.586,137.139,31.3422,17.4987,1516,1365
ARB2A,other,0.322433,0.655943,16.7059,57.3724,46.7903,31.7309,21.4936,872,802
ARC,other,0.122108,0.494417,9.11319,97.9882,56.843,78.8715,39.0708,350,436
AREG,other,0.161808,1.40719,15.836,122.088,78.4549,115.436,59.4171,225,274
AREL1,other,0.212273,0.662792,24.3686,124.161,106.142,85.0686,71.5629,277,236
ARF1,other,0.402975,0.608536,37.8694,150.066,58.8488,40.6713,23.4484,476,687
ARF3,other,0.0765555,0.383485,5.64773,102.332,53.1845,85.2258,40.5049,308,417
ARF4,other,0.287188,0.841183,36.2429,152.309,104.565,105.618,64.8062,245,285
ARF5,other,0.22137,0.705119,14.8559,94.682,47.5653,66.7035,31.7001,395,565
ARF6,other,0.481449,0.64506,28.9466,73.5071,49.1773,19.5021,11.89,1622,1770
ARFGAP1,other,0.10915,0.802833,8.49545,98.8758,61.2678,88.9642,49.9703,325,335
ARFGAP2,other,0.288544,0.67603,19.4113,84.4394,53.5966,52.6156,27.6893,635,575
ARFGAP3,other,0.12017,0.403256,10.0625,94.1372,74.4829,68.8517,49.8578,371,375
ARFGEF1,other,0.462769,0.671906,43.9285,107.384,83.912,37.7664,22.5139,731,825
ARFGEF2,other,0.323351,0.570735,25.3839,113.532,54.2813,53.8747,21.1235,562,769
ARFIP1,other,0.383267,0.628815,23.0938,68.8502,52.733,26.0195,21.2418,1073,819
ARFIP2,other,0.48763,0.668294,30.0057,72.2648,52.3963,21.9853,12.302,1070,1460
ARFRP1,other,0.0914967,1.20284,22.5715,327.817,185.643,303.339,171.257,64,91
ARG1,other,0.342757,0.609226,37.316,114.925,103.134,57.1046,38.2481,598,610
ARG2,other,0.212847,0.815029,10.0447,51.7721,43.0171,42.7182,26.2411,804,659
ARGFX,other,0.229093,0.445748,9.16472,53.5764,29.8705,26.1037,14.4833,1346,1248
ARGLU1,other,0.225255,0.821165,20.4539,113.83,72.4346,81.8484,53.0349,328,318
ARHGAP1,other,0.199013,0.482721,15.1141,86.3265,66.8128,52.9656,37.427,455,500
ARHGAP10,other,0.290082,0.75129,18.2376,74.7031,52.9124,50.3734,28.6917,601,615
ARHGAP11A,other,0.408086,0.616426,50.1944,124.234,121.777,55.8663,24.794,574,812
ARHGAP11B,other,0.151894,1.19307,8.34328,67.8613,44.4599,62.7141,34.9588,471,508
ARHGAP12,other,0.20656,0.768135,10.335,71.4225,35.0505,57.8403,21.7222,479,733
ARHGAP15,other,0.232996,0.424867,19.7638,100.753,71.4147,52.1137,26.9261,635,650
ARHGAP17,other,0.303437,0.623371,12.7969,55.473,32.0619,27.5979,16.9438,1099,1027
ARHGAP18,other,0.0274732,0.14995,2.25966,105.798,63.9422,90.2518,49.335,268,318
ARHGAP19,other,0.482915,0.746163,35.4025,81.7809,65.7166,32.5966,19.9473,835,982
ARHGAP21,other,0.142872,0.82985,12.6891,108.949,72.4013,99.0486,48.7849,281,362
ARHGAP24,other,0.13029,0.525142,9.31918,91.0402,56.1954,66.2828,43.475,405,380
ARHGAP25,other,0.13935,0.671141,9.5848,87.6767,53.9595,74.4492,38.5404,455,464
ARHGAP26,other,0.159552,0.826173,15.7473,119.787,81.3207,104.102,58.1586,280,293
ARHGAP27,other,-0.0212795,-0.0931793,-2.42133,126.574,102.292,88.4251,84.5912,239,201
ARHGAP30,other,0.321663,0.41096,26.293,97.2482,68.7062,23.8651,12.9252,1107,1248
ARHGAP31,other,0.1558,0.664657,16.4143,117.744,94.27,96.4197,65.6689,315,232
ARHGAP32,other,0.283652,0.637831,14.8717,66.0345,41.6276,37.1823,22.7853,733,724
ARHGAP33,other,0.390068,0.668184,19.5686,66.9072,37.6155,27.1229,16.0571,1014,1160
ARHGAP35,other,0.178087,0.567904,9.62801,62.6393,46.6619,46.2786,29.0939,680,608
ARHGAP45,other,0.168553,0.315644,15.8053,132.565,66.3291,63.7752,29.88,354,563
ARHGAP5,other,0.390721,0.740793,25.1678,79.1076,52.4493,37.3646,24.7981,763,733
ARHGAP6,other,0.12661,,22.1919,245.24,125.274,263.98,93.2356,106,170
ARHGAP9,other,0.280431,0.609698,20.9501,103.195,54.0828,52.2547,30.9047,575,591
ARHGDIA,other,0.231305,0.562662,9.51001,55.7538,30.3193,35.2175,16.4088,890,1040
ARHGDIB,other,0.495496,0.723143,29.3801,69.453,50.6214,23.5452,14.6654,1188,1346
ARHGEF1,other,0.269763,0.541107,21.5077,84.5517,75.1798,48.1866,31.7352,659,626
ARHGEF10,other,0.282432,1.04343,55.0834,284.25,133.818,238.789,72.5143,117,271
ARHGEF11,other,0.39538,0.714049,24.9769,65.8681,60.5858,33.5399,22.7381,669,743
ARHGEF12,other,0.18231,0.444183,9.22728,69.3762,36.9247,38.833,22.7958,753,679
ARHGEF18,other,0.246493,0.525053,18.3289,89.6246,61.6928,54.6342,26.8658,539,599
ARHGEF19,other,0.154198,0.777091,7.43123,57.287,40.5421,48.8215,29.7396,596,543
ARHGEF2,other,0.533932,0.754459,49.6469,98.4431,87.8267,32.9175,21.7418,1127,1067
ARHGEF3,other,0.091646,0.424369,7.13902,108.501,55.9263,88.7173,41.6216,334,370
ARHGEF39,other,0.208011,0.753162,12.8604,73.2058,52.2148,58.8864,31.8534,486,547
ARHGEF40,other,0.312892,0.681267,13.5129,49.4169,37.7429,29.6533,17.8363,913,915
ARHGEF5,other,0.2217,0.772218,18.9991,101.177,72.5857,72.8698,51.2019,315,330
ARHGEF6,other,0.494063,0.74647,28.4423,76.7205,43.197,27.1781,13.8929,1099,1276
ARHGEF7,other,0.249125,0.672781,11.8078,57.8541,38.8303,34.2936,25.7564,700,666
ARHGEF9,other,0.140079,0.719328,8.60965,75.7991,49.8384,62.9288,38.7075,429,448
ARID1A,other,0.222464,0.971616,44.8102,241.366,168.096,191.164,125.729,141,137
ARID1B,other,0.176405,0.463124,8.40364,59.7453,37.985,37.5857,23.1263,958,790
ARID2,other,0.375674,0.499414,45.0873,137.041,105.108,40.3677,20.7975,790,862
ARID3A,other,0.209496,0.786105,20.5812,97.5627,98.9253,82.4204,53.6576,335,307
ARID3B,other,0.248541,0.739086,22.5395,110.272,74.5804,81.1101,42.6886,425,386
ARID3C,other,0.209098,0.676179,9.89666,60.8597,36.8085,44.0746,24.0462,672,685
ARID4A,other,0.230986,0.597187,16.3729,77.5478,64.7902,52.5492,34.7215,625,466
ARID4B,other,0.342193,0.815375,37.9134,136.335,90.0404,89.2235,44.1474,322,374
ARID5A,other,0.287047,0.740915,17.6646,75.2176,50.3478,51.1653,26.7151,601,684
ARID5B,other,0.233391,1.03468,25.7064,117.932,102.869,100.019,68.4085,285,289
ARIH1,other,0.324348,0.517051,48.4971,152.962,146.159,59.0193,52.5099,388,320
ARIH2,other,0.483552,0.666585,37.6204,82.2561,73.5855,27.465,15.4522,1329,1344
ARIH2OS,other,0.206396,0.516003,8.65918,48.765,36.0945,32.9128,18.3297,983,939
ARK2N,other,0.413653,0.562213,36.6609,115.68,67.9009,27.6103,19.6198,1340,929
ARL1,other,0.380308,0.925202,43.3239,116.158,111.721,81.167,49.0563,375,375
ARL10,other,0.116835,1.09556,9.26601,109.293,57.5505,105.769,37.2471,280,442
ARL13A,other,0.111912,1.64457,9.82562,100.941,76.3658,96.6719,68.0042,292,234
ARL13B,other,0.225143,0.456416,9.54085,49.848,36.0255,28.7627,15.3015,1298,1147
ARL14,other,0.138538,0.371374,8.97511,79.3873,52.8673,47.3433,34.6406,675,496
ARL15,other,0.162068,0.904986,12.3593,90.172,64.4952,71.045,54.7439,411,333
ARL16,other,0.279213,0.648329,24.6401,108.479,71.7909,68.1678,35.9589,348,455
ARL17A,other,0.159483,0.567192,37.5957,502.048,110.688,408.983,63.4788,33,210
ARL17B,other,0.262297,0.83668,16.0064,68.9715,53.9922,52.5572,31.6952,566,601
ARL2,other,0.558319,0.754942,153.627,347.372,217.958,88.004,58.3008,215,275
ARL2BP,other,0.129219,2.78703,11.0029,92.2487,78.596,91.2487,63.0094,319,289
ARL3,other,0.106746,,6.85576,82.358,50.0848,82.5971,37.4748,359,445
ARL4A,other,0.208148,0.471384,15.5835,91.6143,61.1814,51.1521,34.1711,468,549
ARL4C,other,0.688415,0.764912,73.3078,125.883,90.081,14.0958,7.9162,1783,2043
ARL4D,other,0.252856,0.59092,24.6067,107.235,88.3126,76.9185,31.1163,326,592
ARL5A,other,0.14193,0.690207,9.92343,86.6683,56.4044,76.5014,36.0725,491,454
ARL5B,other,0.566294,0.706786,74.2592,174.279,98.6671,39.5867,16.7107,1293,1379
ARL6,other,0.0591195,,5.00281,112.647,63.5691,117.619,51.2543,225,323
ARL6IP1,other,0.211826,0.892975,15.1618,74.0539,69.1821,61.6453,45.9495,518,434
ARL6IP4,other,0.232735,0.580469,12.9426,63.4228,48.761,42.9987,24.4198,644,702
ARL6IP5,other,0.221181,0.749389,15.1594,90.7479,51.7643,68.4612,33.4029,456,568
ARL6IP6,other,0.464506,0.77125,31.9727,76.3126,62.0842,35.3813,20.0973,756,884
ARL8A,other,0.243955,0.615165,14.4936,68.6382,51.4246,45.2117,27.7292,642,682
ARL8B,other,0.305804,0.683382,19.8896,85.8457,49.2774,43.2769,29.3784,830,678
ARL9,other,0.300293,0.60956,10.192,49.5674,23.2398,23.3883,12.5608,1123,1401
ARMC1,other,0.160984,1.33695,9.24425,76.7792,42.947,73.4166,28.729,435,559
ARMC10,other,0.167703,0.48084,8.43554,69.8295,36.2329,49.4798,21.1089,593,759
ARMC12,other,0.142486,0.688222,7.48292,62.8874,43.8568,54.9264,29.0071,548,589
ARMC2,other,0.247813,0.545058,11.1872,55.4869,36.7284,30.5642,19.8254,998,871
ARMC5,other,0.163958,0.634236,13.2875,99.9232,65.7284,68.8692,51.5943,337,336
ARMC6,other,0.14381,,14.4804,117.642,86.1824,121.588,59.8603,241,255
ARMC7,other,0.0721437,,35.2116,781.416,304.853,808.296,302.406,31,49
ARMC8,other,0.472542,0.554721,78.9851,193.215,144.601,34.9187,16.5234,1275,1250
ARMCX2,other,0.317205,0.70826,19.7278,72.6415,53.2466,43.9417,26.2138,733,668
ARMCX3,other,0.382965,0.836613,35.8785,92.8263,94.5535,61.4974,35.8488,525,581
ARMCX4,other,0.165545,0.765122,15.9452,105.998,87.5257,92.6123,55.0788,375,308
ARMCX5,other,0.22776,0.794423,11.7552,60.2175,44.2364,46.7373,27.9936,600,612
ARMCX6,other,0.268024,0.614015,22.304,87.893,78.789,54.6046,39.1507,559,541
ARMH1,other,0.190739,0.785485,13.6804,85.2765,60.3238,69.7244,40.8193,434,415
ARMH2,other,0.128498,0.500004,8.13082,68.6512,58.3217,59.6789,28.8493,597,564
ARMH3,other,0.186523,0.627771,24.3779,171.246,99.749,121.919,69.1784,233,238
ARMT1,other,0.1639,0.800832,9.0532,72.5752,42.0397,61.214,30.791,532,548
ARNT,other,0.418268,0.462381,103.109,252.05,241.099,26.222,20.9013,1001,795
ARNT2,other,0.200893,1.15339,12.2214,70.3042,52.6414,63.9835,34.8783,470,536
ARPC1A,other,0.285212,0.647091,17.1525,70.7745,51.1027,41.1783,27.3622,696,635
ARPC1B,other,0.150309,0.550783,13.9657,93.8072,92.0287,76.4304,55.0291,401,372
ARPC2,other,0.334457,0.771688,78.4743,210.689,261.296,130.305,132.649,208,142
ARPC3,other,0.212352,0.597177,40.122,188.052,189.835,123.267,120.158,243,170
ARPC4-TTLL3,other,0.401016,0.475684,42.0518,122.352,89.8741,19.3501,14.001,1523,1290
ARPC5,other,0.425307,0.745677,28.2,74.7889,58.7836,32.3607,25.0748,895,805
ARPC5L,other,0.18903,0.826731,12.2511,69.5884,60.3603,62.5527,29.1489,511,581
ARPP19,other,0.203715,0.853752,27.4322,153.396,118.212,126.327,80.0721,194,216
ARRB1,other,0.232232,0.778737,12.371,62.4356,45.4497,47.8733,28.1198,653,647
ARRB2,other,-0.00447687,-0.0526119,-3.34736,1902.47,293.858,1874.76,147.803,10,127
ARRDC1,other,0.423186,0.679362,33.2661,107.059,57.7186,40.3052,21.7997,532,771
ARRDC2,other,0.268446,0.597173,14.3335,61.1483,46.6237,36.5576,23.1958,838,724
ARRDC3,other,0.241807,0.499148,13.4127,65.0825,47.2748,36.483,22.0274,935,927
ARRDC4,other,0.452383,0.740829,188.456,424.103,409.201,178.822,145.374,124,120
ARRDC5,other,0.174479,0.884865,18.9374,122.417,96.2305,106.076,68.2008,324,299
ARSA,other,0.139122,0.586323,13.506,120.181,78.4198,94.7642,57.5434,362,326
ARSB,other,0.121709,,21.1722,260.272,116.268,263.501,93.6486,85,166
ARSG,other,0.266662,0.736816,17.1412,79.4683,51.9953,49.5414,33.911,587,507
ARSK,other,0.395422,0.715693,28.8419,92.6396,57.4288,40.1347,26.4977,556,571
ARV1,other,0.454575,0.639714,36.6938,93.2465,69.878,32.2608,15.9288,1056,1230
ARX,other,0.247166,1.24164,22.0675,100.806,79.076,85.842,57.9665,267,294
ASAH1,other,0.122651,0.834389,8.0319,89.8137,47.7478,79.7281,38.5603,330,424
ASAH2B,other,0.191748,0.469164,17.8082,113.307,76.1234,66.9289,45.0583,464,429
ASAP1,other,0.0715069,0.501555,9.47745,136.894,128.322,125.549,96.8491,228,210
ASAP2,other,0.225763,0.71059,20.196,98.6551,81.1156,71.5062,51.362,413,326
ASAP3,other,0.277085,0.599591,10.216,47.7843,28.4477,26.8718,14.5661,1235,1300
ASB1,other,0.471874,0.75691,31.0821,70.4268,61.607,32.5558,17.0797,879,1044
ASB13,other,0.169412,0.393733,18.8279,147.879,83.5231,89.2775,44.5027,353,360
ASB14,other,0.103342,0.639414,10.4004,116.228,87.1442,101.714,68.9153,267,222
ASB16,other,0.323266,0.608583,21.6645,90.2555,49.7626,45.6219,21.3706,800,846
ASB2,other,0.231288,0.562131,10.2403,55.9782,35.0182,34.6368,19.4685,793,843
ASB3,other,0.184684,0.332176,9.85056,67.7608,41.9843,29.0718,19.2544,986,838
ASB6,other,-0.0105032,,-10.6275,1716.71,596.38,1932.59,604.81,11,20
ASB7,other,0.257028,0.625422,24.8509,153.626,60.8497,108.377,25.9574,234,576
ASB8,other,0.189501,0.711052,9.50829,57.9463,43.4468,48.7135,24.0794,660,658
ASCC1,other,0.242981,0.887679,19.5413,90.0414,71.8323,61.2626,54.993,388,306
ASCC3,other,0.161641,1.60629,59.6294,632.825,215.049,560.889,195.892,26,81
ASCL1,other,0.274694,0.525277,14.886,70.8156,41.4695,35.6673,18.62,912,847
ASCL2,other,0.167566,0.515346,8.01079,59.5388,38.3864,43.9835,22.8527,747,774
ASCL3,other,0.211529,0.758906,14.9592,103.548,48.2983,83.2924,29.1165,349,524
ASCL4,other,0.316589,0.659111,25.5186,102.393,63.4529,58.6258,29.2037,613,649
ASCL5,other,0.146478,0.297094,8.26367,74.7945,42.5528,38.9868,20.9464,803,813
ASF1A,other,0.298901,0.634457,18.3503,67.2818,56.0187,42.0281,22.8937,827,694
ASF1B,other,0.118394,,33.6959,231.555,349.814,234.959,380.394,96,40
ASH1L,other,0.180648,0.636491,14.9848,93.4872,73.6008,74.797,43.9455,326,394
ASIC1,other,0.36318,0.741439,16.3762,59.4708,34.1883,31.932,16.4738,939,1032
ASIC3,other,0.213501,0.663156,10.6737,61.653,40.539,43.1141,26.5652,750,671
ASL,other,0.0535707,0.535435,3.19723,73.413,48.5199,71.3993,30.813,438,537
ASMTL,other,0.230318,0.590535,12.8517,62.1285,50.1157,43.135,25.1798,730,769
ASNS,other,0.216892,0.736149,13.4534,70.5958,54.5,58.7645,26.2707,517,566
ASNSD1,other,0.058384,0.778476,5.42985,111.412,77.6344,106.192,68.3147,269,237
ASPH,other,0.259011,0.856169,19.5403,78.0533,72.9175,62.5314,39.3594,399,476
ASPHD2,other,0.223875,0.569311,10.7091,59.1483,38.6862,38.9888,21.134,629,792
ASPM,other,0.203497,0.502884,9.07786,60.7159,32.7754,35.357,19.9255,748,873
ASPRV1,other,0.456341,0.723049,28.3814,81.0663,47.7144,28.6949,18.2947,999,971
ASPSCR1,other,0.440881,0.743037,21.9043,59.5781,41.4313,24.1366,16.911,988,1019
ASRGL1,other,0.253692,0.678611,30.0292,142.325,98.4451,91.6812,59.78,316,346
ASTE1,other,0.211975,0.534511,9.45282,56.984,34.898,33.9476,21.3213,790,786
ASTL,other,0.270102,0.654051,13.2755,60.6647,39.8207,38.3824,21.3316,759,809
ASXL1,other,0.367604,0.540187,26.2605,88.4619,57.6882,31.2517,16.3794,950,982
ASXL2,other,0.439002,0.682305,32.7826,96.1494,57.9972,39.3657,17.343,646,914
ATAD1,other,0.323976,0.5524,17.2213,56.5897,49.9308,24.6704,19.482,1023,823
ATAD2,other,0.161818,0.927499,9.13531,69.005,46.1862,61.3896,33.4476,505,495
ATAD2B,other,0.308293,0.83085,21.8191,81.5028,61.4571,53.1369,37.1446,542,510
ATAD3A,other,0.243106,0.583375,23.7242,76.1689,125.029,52.1936,56.0496,571,390
ATAD3B,other,0.264731,0.913781,34.0239,164.501,100.413,129.765,60.5003,207,313
ATAD5,other,0.627946,0.670091,159.179,312.854,205.392,19.4394,13.0735,1342,1182
ATAT1,other,0.133732,0.633825,6.61418,54.4004,44.9658,45.4135,32.8486,631,559
ATE1,other,0.253807,0.548617,12.2793,67.4016,34.7274,37.5428,17.9494,702,903
ATF1,other,0.138453,0.759652,10.9769,93.6258,67.1361,83.9918,45.4629,319,359
ATF2,other,0.450724,0.684764,31.3878,97.1,49.9438,32.7641,17.286,1043,1101
ATF3,other,0.0736338,0.465596,6.8042,116.213,73.4758,98.3628,61.5114,285,265
ATF4,other,0.279638,0.596187,56.9466,180.008,230.384,101.246,114.545,236,151
ATF6,other,0.166216,0.567711,7.6681,56.0821,37.9493,41.2064,25.685,819,611
ATF6B,other,0.203758,1.07221,26.7756,130.932,131.888,111.399,99.9613,246,180
ATF7,other,0.276369,0.688029,18.9355,108.285,43.3515,57.1096,28.5509,440,541
ATF7IP,other,0.5686,0.64564,32.9376,57.632,58.2246,8.68369,5.05485,3512,3791
ATF7IP2,other,0.589522,0.692506,51.474,92.4223,82.4897,16.728,9.49924,2417,2205
ATG10,other,0.0943271,0.734225,9.79222,137.814,78.1979,124.231,65.1032,201,249
ATG101,other,0.135424,0.807721,12.717,104.898,84.0643,96.7117,53.7834,282,304
ATG12,other,0.232569,0.437877,18.6958,132.128,48.9091,44.3807,28.1336,627,636
ATG13,other,0.243454,0.819568,17.8813,91.498,58.9594,70.729,36.0394,414,497
ATG14,other,0.144111,0.495279,15.0333,107.339,101.381,83.9587,61.9754,276,234
ATG16L1,other,0.153484,0.66114,8.21257,63.9045,44.8025,54.7623,27.9245,509,548
ATG16L2,other,0.10302,,9.55319,105.19,81.7479,110.21,68.916,234,231
ATG2A,other,0.371021,0.747023,42.7194,120.018,110.46,64.2269,51.8446,545,428
ATG2B,other,0.355941,0.604932,22.5003,80.2578,49.7889,34.4099,19.6141,592,824
ATG3,other,0.161652,0.521792,12.9842,92.3409,69.867,67.8626,44.5709,455,370
ATG4A,other,0.167108,0.732848,14.3094,91.9551,79.7391,67.2638,64.2982,468,310
ATG4B,other,0.221706,0.717997,8.22712,44.2272,31.1352,32.2956,20.1311,873,882
ATG4C,other,0.1362,0.82692,8.65546,78.5736,51.3987,65.6234,42.9385,405,379
ATG4D,other,0.240772,0.851198,18.1669,86.2219,66.0286,65.6315,43.9059,429,418
ATG5,other,0.150271,0.76713,15.3914,139.456,75.2263,119.842,54.703,198,284
ATG7,other,0.0872612,,9.78739,126.884,99.1481,130.803,84.3774,219,193
ATG9A,other,0.423526,0.629959,75.9584,153.726,209.24,68.9192,37.8055,484,476
ATG9B,other,0.111785,0.624545,8.52585,109.038,53.3496,95.539,39.5441,310,399
ATL1,other,0.215357,0.553886,13.7506,83.3889,48.8892,51.7493,29.4102,615,644
ATL2,other,0.0827193,0.405551,10.0147,157.727,92.9296,124.023,74.8372,185,218
ATL3,other,0.277205,0.719087,17.1343,85.4639,44.7038,54.7488,26.2189,589,638
ATM,other,0.544972,0.741635,47.6727,101.561,75.3466,30.7801,16.9696,744,866
ATMIN,other,0.296534,0.68018,18.5126,68.2571,57.1003,42.8121,27.9873,606,681
ATN1,other,0.495479,0.658152,46.706,114.881,77.3478,32.1137,16.5014,1378,1360
ATOH1,other,0.278127,0.891526,18.5717,73.7576,60.4522,57.8225,33.22,529,552
ATOH7,other,0.187268,0.453604,17.768,114.556,78.5832,75.6344,39.1621,312,412
ATOH8,other,0.201498,0.670508,15.395,86.1113,67.7883,63.0808,44.8983,390,387
ATOSA,other,0.177801,0.903213,12.7224,79.3238,64.5458,64.5832,51.0859,471,382
ATOSB,other,0.134955,0.723291,8.85694,81.7759,52.6701,69.3979,40.5561,400,390
ATOX1,other,0.417629,0.593516,28.1079,64.272,70.4783,25.1023,13.2195,1410,1356
ATP10A,other,0.402846,0.6313,24.9211,76.9667,49.7225,25.7468,19.2979,791,884
ATP10D,other,0.452245,0.777224,25.3809,65.7433,47.9087,33.3101,15.0287,1190,1180
ATP11A,other,0.357727,0.597911,18.2626,68.8559,37.8513,25.01,16.5737,1182,1108
ATP11B,other,0.123939,,138.629,1584.54,789.569,1608.67,849.988,10,14
ATP11C,other,0.1081,0.886399,5.55359,58.6492,45.0025,55.2903,33.3158,549,505
ATP13A1,other,0.105753,0.554446,6.93994,78.5192,54.8468,65.8529,42.4776,405,387
ATP13A2,other,0.124687,0.401327,9.11184,85.5413,62.4299,68.106,32.8642,497,597
ATP13A3,other,0.143456,0.485817,9.46221,68.6552,63.3685,58.9192,24.405,480,609
ATP1A3,other,0.177038,0.460347,11.9708,72.2873,63.2495,51.329,30.9851,682,600
ATP1B1,other,0.434412,0.73222,24.23,60.2983,51.594,27.6699,18.0336,1433,1189
ATP1B3,other,0.279494,0.617798,47.4659,193.482,149.066,85.0074,94.648,206,198
ATP23,other,0.519278,0.651515,72.9957,131.601,150.154,37.1032,17.3153,1014,1061
ATP2A2,other,0.510959,0.733407,283.577,632.683,486.837,118.503,196.075,268,107
ATP2A3,other,0.0838227,0.219694,7.43233,122.547,64.1539,78.2359,38.3254,336,416
ATP2B1,other,0.250504,0.658856,36.8131,203.808,105.963,123.535,67.0714,137,238
ATP2B4,other,0.22823,0.479844,11.9414,68.2614,40.1047,37.1793,20.1794,819,736
ATP2C1,other,0.142394,0.399916,9.32466,78.2431,54.8074,49.5949,35.8302,692,482
ATP5F1A,respiratory chain (NDUF/COX/UQCR/ATP5),0.00744587,0.0145201,1.09175,141.359,152.087,79.4239,60.8083,394,371
ATP5F1B,respiratory chain (NDUF/COX/UQCR/ATP5),0.131856,0.696237,23.6361,303.269,105.955,250.902,83.9469,77,173
ATP5F1C,respiratory chain (NDUF/COX/UQCR/ATP5),0.0768315,,89.2877,1469.44,919.076,1011.19,1040.36,17,11
ATP5F1D,respiratory chain (NDUF/COX/UQCR/ATP5),0.229541,0.484574,30.8254,194.792,92.5815,86.0946,55.3529,243,274
ATP5F1E,respiratory chain (NDUF/COX/UQCR/ATP5),0.171723,0.425794,27.6631,170.011,152.64,113.319,78.1861,221,243
ATP5IF1,respiratory chain (NDUF/COX/UQCR/ATP5),0.158889,0.742277,8.38576,57.1974,48.6994,49.6785,31.7249,681,620
ATP5MC1,respiratory chain (NDUF/COX/UQCR/ATP5),0.306002,0.598297,21.6953,109.903,45.738,45.704,25.256,541,652
ATP5MC2,respiratory chain (NDUF/COX/UQCR/ATP5),0.141807,0.529663,6.19375,52.0537,36.6487,41.1221,24.1396,688,665
ATP5MC3,respiratory chain (NDUF/COX/UQCR/ATP5),0.477123,0.620925,57.4725,167.86,86.4395,38.879,20.017,1097,1112
ATP5ME,respiratory chain (NDUF/COX/UQCR/ATP5),0.0643675,0.131046,12.5288,191.497,197.843,99.9528,97.9954,234,214
ATP5MF,respiratory chain (NDUF/COX/UQCR/ATP5),0.0890958,0.247646,17.9577,163.205,248.915,110.917,148.353,269,160
ATP5MF-PTCD1,respiratory chain (NDUF/COX/UQCR/ATP5),0.154815,0.466754,24.6806,149.421,170.089,106.358,105.161,242,211
ATP5MG,respiratory chain (NDUF/COX/UQCR/ATP5),0.222958,0.558921,16.0286,86.2834,59.899,55.9798,32.7599,519,611
ATP5PB,respiratory chain (NDUF/COX/UQCR/ATP5),0.224089,1.1534,22.429,111.616,89.7529,93.9373,68.3635,278,242
ATP5PD,respiratory chain (NDUF/COX/UQCR/ATP5),0.101823,0.547406,23.31,359.723,145.688,258.599,127.757,81,126
ATP5PF,respiratory chain (NDUF/COX/UQCR/ATP5),0.209391,0.864833,71.0229,278.151,413.619,232.919,264.516,102,66
ATP5PO,respiratory chain (NDUF/COX/UQCR/ATP5),0.193504,0.365198,28.4105,131.18,164.328,67.0518,69.9531,467,302
ATP6AP2,other,0.0850148,,74.6733,809.837,952.673,834.644,812.165,22,14
ATP6V0A1,other,0.131399,0.451677,5.62859,57.0263,32.1765,38.8968,23.6109,748,699
ATP6V0A2,other,0.208609,0.729663,69.4637,435.288,254.725,363.114,129.154,81,111
ATP6V0B,other,0.113565,,49.7386,752.428,254.939,794.851,242.586,23,54
ATP6V0D1,other,0.125604,,53.3397,571.763,315.414,590.27,239.511,50,75
ATP6V0E1,other,0.132458,0.888518,8.47455,70.0866,58.4043,65.7639,37.3596,425,487
ATP6V0E2,other,0.216057,0.474674,14.5475,81.6842,55.5015,48.4367,27.2509,525,689
ATP6V1B2,other,0.249081,0.635502,240.674,1170.04,797.952,772.534,437.142,19,35
ATP6V1C2,other,0.0460634,0.31293,3.61006,90.9327,67.5458,70.6144,60.9957,516,280
ATP6V1D,other,0.126173,,11.8615,108.728,81.2842,117.754,63.0724,203,247
ATP6V1E1,other,0.0485275,0.412412,10.3105,232.567,194.104,210.827,165.354,106,112
ATP6V1E2,other,0.378258,0.640933,22.6693,71.6886,50.1016,35.1402,15.8734,1044,1115
ATP6V1G2,other,0.147475,0.521661,12.4624,103.345,69.0992,79.6069,45.0567,344,382
ATP6V1H,other,0.164011,,114.953,957.342,513.136,968.461,440.672,33,36
ATP7A,other,0.46306,0.677446,52.7791,146.103,88.9184,45.8119,28.3962,658,547
ATP8A1,other,0.351242,0.617637,19.9284,70.5908,45.6022,34.4279,16.814,964,1090
ATP8A2,other,0.389874,0.648697,20.865,58.0732,49.3185,24.625,18.3887,1104,1000
ATP8B1,other,0.105441,0.263179,13.3228,243.841,65.4741,105.079,47.0061,183,311
ATP8B2,other,0.131853,0.855053,19.8969,153.936,147.929,138.878,111.967,189,157
ATP8B3,other,0.380946,0.760621,25.0999,83.4995,51.9917,41.2899,26.1932,850,785
ATP8B4,other,0.127353,0.488239,8.13314,85.7446,47.565,59.2278,37.1002,438,444
ATP9A,other,0.48985,0.660161,22.1517,59.3994,34.4275,15.1212,8.99877,2230,2079
ATP9B,other,0.115862,1.24852,11.396,107.353,90.1177,96.734,82.2721,309,203
ATPAF1,other,0.213219,0.593974,16.4972,89.8506,66.6264,64.193,36.5608,441,453
ATPAF2,other,0.154979,0.289393,15.3697,101.009,97.3712,53.9846,37.3871,617,595
ATRAID,other,0.216819,0.662137,32.0017,238.131,91.4814,165.857,59.1619,181,243
ATRN,other,0.276829,0.567897,16.5755,70.6766,50.7268,43.5237,19.352,894,806
ATRX,other,0.360229,0.65572,39.2153,115.152,102.916,55.3491,43.1086,497,431
ATXN1,other,0.184779,0.718045,12.8358,75.0606,64.2877,56.3682,47.1925,465,372
ATXN1L,other,0.187512,0.448614,14.4796,107.655,55.3881,73.7027,24.7057,378,778
ATXN2,other,0.215823,0.931444,23.9228,113.498,108.253,98.4578,64.3951,311,264
ATXN2L,other,0.251301,0.777789,22.4121,101.939,78.0258,75.8115,46.2461,423,382
ATXN3,other,0.450628,0.835695,28.3537,76.9091,51.4763,36.4696,23.0108,823,828
ATXN7,other,0.154155,0.487142,25.5611,229.879,119.604,163.433,78.1677,107,176
ATXN7L1,other,0.207634,0.634979,10.6401,55.9195,46.9598,41.9452,26.8671,631,617
ATXN7L2,other,0.238235,0.470513,13.3435,67.6145,46.3968,34.1795,22.3424,781,757
ATXN7L3,other,0.405195,0.592705,32.9072,90.5417,72.846,31.1293,20.9626,1294,918
ATXN7L3B,other,0.418382,0.680431,23.0036,65.6499,46.0481,29.0052,14.8584,835,1027
AUH,other,0.257821,0.672111,10.9745,51.6403,35.0867,37.384,16.3851,841,986
AUNIP,other,0.162528,0.671392,24.552,214.679,106.298,190.205,51.658,117,341
AUP1,other,0.272201,0.61142,16.8545,71.9403,53.2942,41.5396,28.2982,732,665
AURKAIP1,other,0.277354,0.653528,19.4651,86.6892,56.8173,52.505,30.8659,641,602
AUTS2,other,0.457391,0.58823,31.5925,85.3085,55.9244,18.7304,12.5989,1362,1437
AVEN,other,0.293158,0.778525,23.2832,87.115,72.4089,51.7005,47.1531,423,331
AVIL,other,0.14563,0.46133,9.90728,86.4268,53.5498,62.4595,34.3071,420,446
AVL9,other,0.134589,0.88847,11.6783,104.955,71.7359,94.1667,55.7209,281,288
AVPI1,other,0.192161,0.71078,19.5858,135.159,76.8611,105.189,51.5256,212,320
AVPR2,other,0.331015,0.706115,19.1432,73.5042,45.5013,38.6779,24.397,717,765
AXIN2,other,0.487823,0.614497,31.16,97.5205,41.8385,19.1837,9.01456,2357,2168
AXL,other,0.27791,0.642638,16.5953,71.2225,50.0662,44.0559,25.5189,743,743
AZGP1,other,0.224262,0.748265,9.63085,54.2205,34.0138,41.7299,20.751,877,920
AZI2,other,0.0532098,0.49216,8.82688,296.619,92.7753,279.68,73.7859,78,205
AZIN1,other,0.301656,0.685557,18.7923,71.995,53.9054,41.7512,29.0606,682,548
AZIN2,other,0.223108,0.764448,9.44396,54.964,32.5986,43.3467,19.4613,804,880
B2M,other,0.170905,1.20041,9.34335,65.0251,45.9639,61.4746,28.9012,539,597
B3GALNT2,other,0.135705,0.413217,8.32105,65.8186,57.1236,48.0715,34.2744,567,500
B3GALT2,other,0.288973,0.613325,14.4576,55.3616,45.2135,32.7161,20.6762,1086,1005
B3GALT4,other,0.178067,0.713799,11.3263,74.9307,53.9944,61.5449,35.1848,508,519
B3GALT6,other,0.155879,0.673357,12.3571,111.54,56.3413,92.5286,38.6268,329,385
B3GAT1,other,0.152203,0.87989,17.9929,146.503,95.3916,110.547,83.7617,268,212
B3GAT2,other,0.120353,0.308212,11.3168,184.958,47.8038,61.9585,36.8428,489,427
B3GAT3,other,0.172914,0.556537,8.74953,56.9647,44.9472,43.8433,26.1107,765,711
B3GLCT,other,0.0993142,,9.95611,140.524,71.5165,152.718,60.7294,172,263
B3GNT2,other,0.235783,0.438085,16.0153,80.0421,57.6409,43.2043,21.3613,816,790
B3GNT5,other,0.120168,0.681713,7.54236,73.3982,53.6722,67.4289,33.1657,366,487
B3GNT9,other,0.118096,0.351402,11.4315,143.188,65.4382,102.391,39.4986,277,378
B3GNTL1,other,0.276076,0.671525,18.4729,84.4959,52.9884,54.581,27.6919,710,649
B4GALNT1,other,0.250407,0.611188,10.1547,46.4803,35.3812,30.6525,17.9405,947,950
B4GALNT3,other,0.13974,0.706067,36.3009,510.933,132.077,421.193,102.622,33,137
B4GALNT4,other,0.323759,0.623285,17.6778,58.2939,51.1431,32.0649,20.4741,1109,1024
B4GALT1,other,0.34898,0.560578,47.6004,137.836,134.977,54.1758,48.7914,561,525
B4GALT2,other,0.226372,0.509926,13.476,90.0813,39.3408,47.3062,23.0133,509,636
B4GALT3,other,0.199059,0.501835,8.4811,55.0117,32.9977,34.7749,18.8841,913,822
B4GALT4,other,0.279876,0.787851,11.4901,45.4128,37.1139,33.2827,19.5794,913,939
B4GALT5,other,0.641554,0.676149,126.648,235.36,165.577,16.3181,5.40466,5773,5814
B4GALT7,other,0.208074,0.527519,14.4934,101.36,47.8672,58.8914,30.0925,666,574
B4GAT1,other,0.582429,0.775629,42.0798,77.5306,67.327,21.9741,14.3478,1213,1329
B9D2,other,0.350437,0.656157,30.8455,128.352,60.3613,60.6014,27.7436,533,747
BABAM1,other,0.244053,0.963432,13.1535,61.0256,47.599,49.5225,31.395,615,604
BABAM2,other,0.33044,0.59082,19.6291,66.0043,53.4616,33.5452,19.4559,880,893
BACE1,other,0.31478,0.688678,15.2873,57.8366,40.7796,34.8172,19.3736,950,931
BACH1,other,-0.0181618,-0.165488,-2.10886,127.433,105.802,121.431,78.7462,196,255
BACH2,other,0.403314,0.674474,34.8513,97.3712,76.6871,49.8628,20.487,783,982
BAD,other,0.363523,0.659291,16.1951,51.3977,38.6152,26.5464,14.3343,1149,1133
BAG1,other,0.251852,0.461555,10.189,49.8541,32.8303,23.1075,14.6102,1461,1295
BAG2,other,0.253494,0.726119,21.2215,107.038,65.4753,71.0886,41.7152,511,457
BAG3,other,0.380651,0.585658,27.2253,92.3918,55.3677,25.2841,23.1656,834,748
BAG4,other,0.372871,0.762019,30.3334,107.052,61.8203,52.2707,32.8948,509,557
BAG5,other,0.118681,0.665165,8.04043,88.9209,51.6166,80.3833,34.5021,378,510
BAHD1,other,0.515179,0.763491,71.9795,138.073,141.382,54.4018,35.1546,389,420
BAIAP2,other,0.415389,0.647536,19.2786,49.9282,43.1417,21.2534,12.2299,1378,1516
BAIAP2L1,other,0.200618,0.970402,10.0772,66.3129,38.0487,57.8369,25.326,518,652
BAIAP2L2,other,0.169848,0.719796,8.95352,63.7414,43.5956,53.4084,28.6215,469,574
BAIAP3,other,0.210634,0.66394,9.67308,61.4632,34.313,45.0718,21.3634,587,734
BAK1,other,0.19269,0.468536,7.49144,52.637,28.7158,31.0817,16.8556,1106,993
BAMBI,other,0.350079,0.537005,42.1857,134.465,107.991,56.3243,29.0149,726,670
BANK1,other,0.212793,1.30077,15.8143,98.9368,55.8249,91.6856,35.4407,282,414
BANP,other,0.334068,0.818831,35.9508,132.671,87.2909,81.3164,49.755,368,400
BAP1,other,0.238142,1.78033,114.525,551.294,419.513,514.146,308.119,48,59
BARHL1,other,0.083055,0.923016,6.32506,104.495,55.5011,98.3161,47.9015,270,342
BARHL2,other,0.0855052,0.839962,4.29329,61.1421,41.234,57.6635,33.7237,491,515
BARX1,other,0.461344,0.715373,44.0479,124.836,73.0232,49.4312,22.7443,491,725
BARX2,other,0.434408,0.696208,65.4631,201.297,112.813,57.6675,51.257,443,398
BASP1,other,0.251047,0.681011,13.8147,70.0916,43.2024,48.2008,24.4044,533,656
BATF,other,0.226429,0.508013,78.0294,391.702,303.178,228.792,158.36,111,115
BATF2,other,0.278081,0.587557,11.6103,49.6799,35.0886,30.4943,14.7363,1172,1090
BATF3,other,0.449018,0.713192,29.2416,70.6022,60.0697,29.6771,18.9926,992,1105
BAX,other,0.212589,0.934451,36.9255,153.826,196.129,132.937,121.376,228,155
BAZ1A,other,0.322795,0.637298,38.939,165.993,87.6648,83.9222,42.1771,274,393
BAZ1B,other,0.33323,0.774643,20.0054,75.4753,47.753,45.9553,25.1601,645,617
BAZ2A,other,0.17301,0.529294,8.28465,57.3152,40.0068,42.164,23.8369,627,713
BAZ2B,other,0.119733,0.895618,12.4042,121.794,88.1222,94.0612,81.2054,262,224
BBC3,other,0.102305,0.288505,6.42986,75.7408,52.1527,52.6849,30.6093,694,552
BBIP1,other,0.148438,7.62264,8.33376,69.4568,45.3815,69.3674,32.0052,470,491
BBLN,other,0.178683,0.602441,8.35284,60.6104,36.054,42.0778,25.681,703,621
BBS1,other,0.139691,0.624176,7.80418,69.1611,45.1291,55.9597,33.2873,460,504
BBS10,other,0.514993,0.662069,45.7749,130.75,60.4241,24.2605,15.535,1630,1276
BBS12,other,0.135737,0.684833,6.98373,66.2828,39.9369,56.4879,29.3198,533,563
BBS2,other,0.186944,0.559702,8.35172,59.1811,33.7246,41.1012,21.4094,698,783
BBS4,other,0.170815,0.774331,7.42118,53.8224,35.0696,44.8298,24.8554,696,683
BBS7,other,0.456794,0.686656,51.2178,127.049,98.9535,51.7324,25.0825,667,724
BBS9,other,0.240521,0.52904,9.47512,43.0764,36.0265,26.418,16.7708,1166,1080
BBX,other,0.355475,0.693878,24.091,69.3698,66.2095,41.39,23.1273,735,737
BCAP29,other,0.186141,0.61308,11.5428,71.5083,53.7757,49.6551,37.5548,568,443
BCAP31,other,0.323876,0.623684,15.475,60.9554,37.4535,31.0488,16.8678,1106,953
BCAS3,other,0.448961,0.813174,34.3082,83.9558,69.555,37.5575,31.1906,713,633
BCAS4,other,0.55482,0.70672,60.5398,115.301,103.263,30.7695,16.4533,1333,1240
BCAT1,other,0.412811,0.690773,28.5106,94.3998,50.5288,35.4581,21.6274,1005,911
BCAT2,other,0.179943,1.03049,33.4276,143.553,240.397,128.469,170.64,212,125
BCDIN3D,other,0.195361,0.629188,15.3214,81.5502,75.4214,67.104,34.3745,397,478
BCKDHA,other,0.249137,,239.841,898.5,1031.46,640.589,1043.32,40,21
BCKDHB,other,0.398912,0.70505,25.4545,77.5152,52.5277,37.4238,20.0161,922,945
BCL10,other,0.388547,0.512959,91.184,160.227,343.729,47.6175,63.1223,870,427
BCL11A,other,0.48181,0.728182,29.7837,67.8963,56.2804,26.8152,15.558,1190,1236
BCL11B,other,0.46348,0.624076,212.389,505.861,415.117,127.44,109.052,263,187
BCL2,other,0.190511,0.575349,7.34357,49.1882,30.2074,33.3343,19.9316,1019,874
BCL2A1,other,0.159564,0.77403,15.4314,112.153,83.3921,95.1212,60.0562,286,307
BCL2L1,other,0.0605781,,6.39515,105.843,105.295,107.058,77.7381,256,211
BCL2L11,other,0.115235,0.351931,5.86354,56.0184,46.2193,43.5002,24.0442,814,737
BCL2L12,other,0.247396,0.526184,10.2843,54.1965,31.8852,30.5213,15.7499,880,1019
BCL2L13,other,0.0610149,,10.6074,241.708,125.041,248.827,100.328,93,172
BCL2L14,other,0.100907,,9.77928,100.94,93.0484,102.056,64.0249,294,234
BCL2L2,other,0.0938059,0.653666,7.81649,79.479,87.3598,71.7404,68.882,442,278
BCL3,other,0.254946,0.904951,55.6884,309.011,154.404,210.998,115.768,130,143
BCL6B,other,0.196481,0.615934,13.8111,83.4288,59.2239,62.0525,35.7031,471,449
BCL7A,other,0.0999236,,6.41389,70.1531,58.7299,71.7561,40.9413,416,457
BCL7B,other,0.210492,0.886467,14.8482,94.0119,52.9287,75.0012,38.171,407,408
BCL9,other,0.604825,0.673331,75.9606,138.949,113.517,19.0321,7.38681,2467,2967
BCL9L,other,0.296453,0.48387,20.3462,78.1836,60.2475,32.4527,21.5842,917,1000
BCLAF1,other,0.228163,0.560045,16.8155,88.6859,61.2452,53.1001,35.9116,654,518
BCLAF3,other,0.183008,0.849231,15.3578,92.6126,76.0412,81.6246,46.2773,362,378
BCOR,other,0.536333,0.753593,27.7488,62.3813,42.9105,19.3624,11.3928,1365,1429
BCORL1,other,0.356636,0.597735,30.1081,93.7206,76.0467,43.615,25.4103,754,840
BCR,other,0.0751192,0.265723,4.58282,75.5305,49.2767,56.5766,33.5836,610,506
BCS1L,other,0.265616,0.499077,66.4219,149.289,418.877,69.4554,197.006,355,101
BDH1,other,0.247445,0.668117,12.8502,57.4345,46.9555,41.7219,23.4124,775,757
BDH2,other,0.263594,0.536169,12.1974,55.0403,38.9029,28.5673,19.3539,895,865
BDP1,other,0.0612669,,47.241,1496.78,397.218,1750.64,382.723,11,38
BEGAIN,other,0.532533,0.673398,109.908,246.585,172.742,52.2329,35.6776,776,762
BEND2,other,0.187184,0.599895,14.6091,103.89,58.6319,79.037,34.7693,388,472
BEND3,other,0.419863,0.59246,44.7277,153.824,73.7758,48.102,19.8658,1070,872
BEND4,other,0.210263,0.633668,12.552,67.1276,53.0886,51.1734,28.4944,593,626
BEND5,other,0.218015,0.982173,16.1984,90.8774,60.7456,77.8775,39.8225,464,426
BEST1,other,0.0970893,0.41693,5.34685,78.2801,38.7437,64.9351,26.4198,470,571
BEST4,other,0.23403,0.630418,14.3892,87.5004,43.2033,52.2867,28.4087,587,619
BET1L,other,0.25204,0.640024,14.5866,74.2071,45.1363,49.1054,24.4438,696,750
BEX1,other,0.270176,0.667114,10.0146,42.3651,32.4317,26.2279,18.4667,1012,993
BEX2,other,0.17884,0.555363,9.55229,69.5012,41.0483,46.74,28.0506,825,610
BEX3,other,0.23512,0.479544,21.5822,142.103,59.2942,65.4034,32.8857,497,485
BEX4,other,0.499836,0.715768,35.7392,75.9656,67.3003,25.686,17.7148,1462,1285
BEX5,other,0.367004,0.660436,26.5393,81.5815,64.0982,38.3664,26.7318,725,711
BFAR,other,0.380062,0.628832,18.4952,58.3973,40.5523,25.8636,13.9626,1254,1236
BHLHA15,other,0.259322,0.501497,7.71591,35.6519,24.8322,17.7788,11.5876,1518,1511
BHLHA9,other,0.164188,0.576812,8.2438,60.5994,41.601,45.8457,27.7563,595,618
BHLHE22,other,0.209696,0.572238,17.9732,103.722,70.8277,70.8579,40.8097,375,411
BHLHE23,other,0.158263,0.5764,5.76501,46.6091,28.4689,34.9013,19.9246,867,848
BHLHE40,other,0.548707,0.668316,111.607,189.341,218.501,46.5763,23.1592,1028,864
BHLHE41,other,0.205005,0.827705,9.7592,57.4079,39.4755,47.5204,25.4153,726,726
BICD1,other,0.236099,0.653028,14.0541,72.9882,48.5473,50.972,27.5095,644,569
BICD2,other,0.224087,0.557648,10.9408,59.8871,39.8044,40.3129,20.1395,888,848
BICDL1,other,0.332603,0.740548,21.7876,70.523,60.8466,43.2405,29.1197,763,680
BICRA,other,0.449892,0.736181,39.1672,111.813,67.7853,47.3979,23.8423,624,761
BICRAL,other,0.512194,0.785848,38.0063,89.9706,61.1986,35.2783,18.4317,979,1119
BID,other,0.105755,0.836939,10.5117,189.014,52.2692,175.878,40.2601,120,404
BIK,other,0.541036,0.766364,89.5649,134.483,203.777,48.0095,45.8265,716,569
BIN1,other,0.235516,0.467984,11.1294,64.4601,34.6425,29.4827,18.4733,1057,952
BIN2,other,0.228519,0.759086,11.863,65.2233,41.3185,46.1451,28.5167,616,625
BIN3,other,0.210615,0.587806,12.6418,83.4886,43.1529,60.0794,23.3941,522,680
BIRC2,other,0.127451,0.534503,8.71251,89.1417,52.4224,77.6027,29.3965,308,566
BIRC3,other,0.197546,0.794585,15.3976,75.156,80.8361,62.2064,51.8381,495,413
BIRC6,other,0.239151,0.550537,27.9109,133.346,102.146,83.408,50.6773,305,344
BIVM,other,0.390018,0.701386,21.6429,63.4248,48.5517,32.708,17.5531,1197,1074
BIVM-ERCC5,other,0.401353,0.678308,25.552,70.0055,57.8982,33.2721,19.2672,903,888
BLCAP,other,0.123856,0.357625,8.64081,79.5323,61.1968,46.9591,43.2745,699,454
BLK,other,0.361262,0.600485,29.1924,130.944,49.8666,43.012,22.9891,717,779
BLM,other,0.087247,,15.0299,195.224,152.012,185.03,155.049,120,103
BLMH,other,0.119165,0.33365,9.18506,100.007,59.4068,71.3431,32.9675,418,473
BLOC1S1,other,0.304394,0.82893,19.6621,69.1079,60.3753,47.477,34.3648,631,616
BLOC1S2,other,0.181982,0.598965,20.3368,126.582,98.6597,92.9335,64.3987,276,299
BLOC1S3,other,0.0890608,,9.56612,158.104,72.9719,162.53,46.7166,173,336
BLOC1S4,other,0.0341499,0.210099,3.60207,137.217,81.0808,123.515,59.6287,207,301
BLOC1S5,other,0.148461,0.87165,8.32363,71.5017,43.963,58.7043,36.8375,446,456
BLOC1S6,other,0.372276,0.802209,24.9084,75.2669,59.4784,45.617,26.9626,750,730
BLTP1,other,0.0946176,0.245083,4.93173,70.5794,38.4926,40.4165,25.068,645,655
BLTP2,other,0.106802,,17.7632,209.135,132.268,210.226,114.114,122,144
BLTP3A,other,0.16888,0.469143,11.7389,85.6736,56.3957,53.4513,36.9652,462,471
BLTP3B,other,0.399932,0.722597,29.7244,91.8064,60.17,40.7837,27.0057,616,645
BLVRA,other,0.141234,0.453642,11.1129,90.7891,68.193,63.7638,45.9879,538,352
BLVRB,other,0.229751,0.850073,13.027,66.2832,48.5035,53.7341,29.7894,693,586
BLZF1,other,0.159522,0.347591,15.0311,115.247,77.039,71.6069,34.1878,360,497
BMAL1,other,0.176708,1.10863,11.5325,72.0977,59.077,66.0998,41.0352,453,390
BMAL2,other,0.44068,0.701539,18.6576,52.9493,33.8535,19.7088,12.575,1490,1327
BMERB1,other,0.368955,0.742191,21.6835,63.7894,54.1456,37.0281,22.2507,868,891
BMF,other,0.492034,0.681558,29.1489,78.4195,44.754,18.4468,14.255,1159,1236
BMI1,other,0.210638,1.09255,41.5706,278.929,139.639,208.923,118.959,117,130
BMP1,other,0.149279,0.690991,16.4305,136.013,89.0692,114.401,62.9072,232,323
BMP2K,other,0.216158,0.575074,10.1828,57.9535,38.2926,37.6531,22.8477,711,758
BMP6,other,0.0645879,0.550062,4.30125,82.4207,53.8085,74.1985,46.3719,426,349
BMP8A,other,0.241268,0.549067,18.0206,88.1563,63.2828,59.3054,25.9468,421,614
BMP8B,other,0.206525,0.79844,13.4409,81.8263,51.7627,64.2266,35.6612,514,444
BMPR1A,other,0.274109,0.607389,11.8134,50.7369,36.6086,29.5261,18.774,957,895
BMPR2,other,0.0442196,,10.6081,303.45,189.653,323.332,165.877,79,94
BNC1,other,0.100546,0.702968,9.92885,131.354,74.2387,115.689,61.5036,246,273
BNC2,other,0.20993,0.661595,7.27537,42.0488,28.5632,29.7048,18.7667,1007,941
BNIP2,other,0.111251,0.456077,8.49991,88.4032,66.0322,70.1277,47.0265,477,396
BNIP3,other,0.263372,0.578632,15.6103,77.7609,45.1772,40.2187,25.7909,774,702
BNIP3L,other,0.241629,0.645485,9.79012,47.2446,34.7477,32.2002,19.4569,1146,911
BNIPL,other,0.283633,0.465516,15.319,68.7169,42.4504,27.398,16.2419,1020,1031
BOD1,other,0.200847,0.649043,10.7389,63.4073,45.0871,47.9104,27.4215,713,669
BOK,other,0.0935758,0.350957,5.28832,73.297,43.5735,58.9318,27.7678,443,621
BOLA1,other,0.3526,0.71632,18.5181,77.0478,35.7988,34.5132,20.0866,1036,857
BOLA2B,other,0.386781,0.771909,23.491,68.4789,53.8661,36.4109,24.986,655,725
BOLA3,other,0.210714,0.763622,16.7559,83.1375,76.0592,65.3822,48.9416,450,364
BORCS5,other,0.115421,0.72299,11.6993,119.844,85.7304,107.908,63.7921,273,266
BORCS6,other,0.137388,0.73068,19.3655,189.073,105.082,155.17,84.3632,168,181
BORCS7,other,0.144284,0.463423,5.69325,52.1777,29.8401,35.7391,20.6589,848,795
BORCS8,other,0.221975,0.756042,15.848,80.2654,63.5059,63.7474,36.9047,500,502
BORCS8-MEF2B,other,0.425113,0.593392,37.6773,104.062,75.4844,32.8965,18.8338,745,921
BPGM,other,0.207307,0.584224,14.3383,102.073,46.866,58.1384,33.1561,423,499
BPHL,other,0.321574,0.555123,14.2052,56.0701,34.8021,22.0169,15.5729,1118,1124
BPIFA2,other,0.392515,0.686998,29.2449,90.0673,61.6343,43.3786,22.8211,576,755
BPNT1,other,0.237001,0.504968,16.1561,100.873,46.0678,57.3435,22.5518,438,683
BPNT2,other,0.0569876,0.197621,21.7096,911.965,159.134,471.18,131.756,25,106
BPTF,other,0.331657,0.708284,79.6468,209.88,274.782,94.143,165.525,342,103
BRAF,other,0.09943,0.694941,4.87159,63.8976,37.5684,51.236,33.6873,587,508
BRAP,other,0.180494,0.853176,19.1969,126.6,89.3514,106.653,63.9696,272,262
BRAT1,other,0.242646,0.791159,32.6033,154.033,117.21,112.535,76.2871,265,280
BRCA1,other,0.127512,1.61279,94.6235,1166.11,472.233,1074.65,434.597,16,37
BRCC3,other,0.248355,0.735319,12.4719,57.5565,43.8151,38.2985,28.8769,732,599
BRD10,other,0.205124,0.532444,17.0635,126.176,54.8434,86.4315,29.0026,266,505
BRD2,other,0.42069,0.72722,43.3572,127.432,83.3528,57.6742,32.3964,662,664
BRD3,other,0.0767516,0.269348,3.8541,60.9892,41.3444,46.6454,27.0701,771,666
BRD4,other,0.623943,0.698002,52.2605,104.621,67.0564,12.4166,6.25922,2658,3111
BRD7,other,0.471839,0.691251,34.5177,96.559,55.4248,32.888,16.2623,1082,1143
BRD8,other,0.447878,0.620518,130.084,296.828,284.201,74.205,86.7899,412,214
BRD9,other,0.31125,1.00353,48.6889,178.218,137.306,126.046,92.1867,208,185
BRF2,other,0.522693,0.752838,33.5483,70.5452,58.3957,22.7741,16.8263,993,1104
BRI3BP,other,0.238761,0.449682,6.38987,30.1088,23.7883,15.8765,9.60101,2061,1849
BRICD5,other,0.191456,0.599039,12.427,87.2035,48.3128,60.8226,31.9998,388,525
BRIP1,other,0.0494617,,24.4677,937.67,260.974,1053.84,252.5,18,49
BRIX1,other,0.0349043,0.769203,15.1199,591.137,317.431,575.735,292.344,42,48
BRK1,other,0.130243,0.222567,19.8772,180.359,129.14,60.0718,62.832,420,277
BRME1,other,0.341065,0.64692,30.9166,117.963,69.6568,58.5825,31.194,491,607
BRMS1,other,0.616126,0.784328,77.8999,121.464,131.609,32.477,20.7554,927,934
BRMS1L,other,0.226274,0.547089,9.22174,50.7045,32.7574,33.8614,15.8884,780,1008
BROX,other,0.286725,1.24191,28.5641,106.049,93.5846,93.2215,52.3455,329,401
BRPF3,other,0.16537,0.592817,11.641,98.1036,50.51,66.4234,38.3384,475,457
BRSK1,other,0.510703,0.70374,41.9946,93.1211,72.611,30.2266,15.9935,1027,1247
BRWD1,other,0.306277,0.720953,14.813,57.5362,40.6552,33.8349,22.8437,909,740
BRWD3,other,0.130761,0.732756,8.80132,87.5295,51.7591,77.026,38.0236,379,470
BSCL2,other,0.116115,,8.79962,93.3112,61.5486,94.0188,52.0026,315,294
BSDC1,other,0.288726,0.631127,11.9905,48.5758,35.5046,28.6498,17.3902,1045,1018
BSG,other,-0.0285938,-0.107783,-3.6026,144.229,110.062,111.155,76.2839,194,223
BSPRY,other,0.207819,0.882501,12.6176,66.0574,55.8036,53.3699,39.6915,543,463
BST1,other,0.215396,0.45082,10.4464,65.0225,36.174,37.5741,16.6121,959,1038
BST2,other,0.399963,0.694867,23.6548,70.4427,49.6549,31.1384,20.1704,901,831
BSX,other,0.278743,0.549528,20.8446,109.598,51.0242,51.0594,26.4452,540,585
BTAF1,other,0.389635,0.556396,48.9998,130.145,121.52,42.0938,33.438,733,541
BTBD1,other,0.125375,0.692219,9.30106,96.6478,56.9447,84.7639,41.7526,328,401
BTBD10,other,0.145329,0.579727,7.52253,60.025,44.6365,48.1248,30.4875,567,588
BTBD19,other,0.272406,0.873578,19.2766,94.2334,53.1398,61.5929,38.2222,493,496
BTBD2,other,0.23192,0.689643,10.2259,53.4342,36.384,38.1307,22.0169,733,790
BTBD3,other,0.145016,0.435822,7.53161,66.0016,40.8685,51.3637,20.4662,522,848
BTBD6,other,0.464745,0.773007,30.8796,71.8913,61.41,32.9434,20.4374,985,970
BTBD7,other,0.430661,0.639891,51.387,152.391,93.4277,53.1423,28.4495,586,596
BTBD8,other,0.183772,0.639129,10.5899,61.2682,54.1988,47.5793,34.1431,603,537
BTD,other,0.321349,0.704524,15.018,65.2501,33.4726,35.3693,18.2657,881,870
BTF3L4,other,0.192052,0.638019,8.75663,58.7966,35.3579,42.4728,23.8184,808,795
BTG1,other,0.217313,0.928108,15.4797,86.6183,58.5795,70.3103,41.5215,426,432
BTG2,other,0.21344,0.783954,10.6283,63.2726,39.1888,48.9594,26.3474,635,617
BTG3,other,0.241657,0.621902,11.5124,52.4909,43.2364,35.1242,23.5044,752,709
BTK,other,0.130507,0.7043,15.3126,149.616,92.0135,132.463,64.4548,186,301
BTLA,other,0.300887,0.576445,23.0169,95.8856,61.0286,53.4901,23.4226,910,720
BTN2A1,other,0.303713,0.564559,17.0559,61.9452,50.9115,32.7194,19.6821,704,915
BTN2A2,other,0.0802469,,6.31746,96.685,64.1017,103.761,52.8013,299,304
BTN3A1,other,0.114666,1.34656,10.1117,118.083,65.8555,112.986,54.7928,241,270
BTN3A2,other,0.343933,0.602077,17.4165,63.075,40.6551,32.0026,13.7249,1255,1358
BTN3A3,other,0.283715,0.710072,22.9814,109.676,59.824,59.8392,38.8057,508,424
BTNL9,other,0.529696,0.703398,46.583,112.883,68.5132,26.2175,17.9064,845,909
BTRC,other,0.177815,0.368215,19.8993,165.493,75.6767,103.159,28.8228,181,598
BUB1,other,0.223302,0.821397,107.327,560.236,412.343,429.9,281.352,45,65
BUB1B,other,0.166137,3.26401,152.761,1315.23,642.827,1290.52,554.171,10,26
BUD13,other,0.130025,2.41806,108.902,1082.38,648.097,993.077,625.384,26,21
BUD31,other,0.167762,3.15955,26.0536,167.622,143.886,163.211,128.47,148,123
BYSL,other,0.125109,0.76373,14.3315,123.791,106.003,116.077,60.3558,225,267
BZW1,other,0.270235,0.694963,9.78652,41.2183,31.8187,27.622,17.2334,1062,1078
BZW2,other,0.312806,0.569416,24.9495,80.2239,79.2993,43.7361,26.6836,695,605
C10orf105,other,0.45988,0.745645,36.7025,93.5813,68.0632,43.8458,19.3485,787,891
C10orf88,other,0.309819,0.79022,18.8078,77.7592,47.3923,42.4198,31.3628,585,590
C10orf95,other,0.278155,0.71429,15.9498,68.2242,48.1947,47.399,24.2521,590,696
C11orf21,other,0.181697,0.765859,9.95769,63.6547,47.1836,54.6575,28.3941,517,551
C11orf24,other,0.203171,0.764715,16.1411,110.399,57.1713,88.3381,36.9767,334,445
C11orf54,other,0.305568,0.732521,21.9376,75.4797,68.2861,50.7584,32.0061,710,612
C11orf58,other,0.269628,0.732128,16.7726,71.4933,54.1256,53.2003,25.435,648,699
C11orf65,other,0.148611,0.605645,10.0043,87.1421,52.0041,66.4449,38.8208,402,414
C11orf68,other,0.605598,0.854245,95.3969,164.693,150.67,52.2161,39.7925,518,468
C11orf71,other,0.203202,0.64469,9.88113,58.6667,40.3058,45.061,23.0398,688,703
C11orf96,other,0.212562,0.556436,12.4872,83.938,41.1152,41.3126,29.3003,502,553
C11orf98,other,0.373233,0.53503,27.7181,98.6349,55.9161,24.4056,19.7588,883,896
C12orf42,other,0.235495,0.605556,13.8516,63.8438,54.1899,43.1373,28.921,589,533
C12orf43,other,0.21174,0.431643,10.3069,58.3692,40.5943,34.3212,16.8847,865,922
C12orf57,other,0.289342,0.626447,15.2989,60.2478,46.4037,36.8866,20.8735,821,833
C12orf75,other,0.0647833,0.426998,6.70095,139.479,76.7078,122.487,62.2142,195,279
C12orf76,other,0.245819,0.481294,12.8647,64.1273,42.7098,32.1032,20.3995,1114,876
C14orf119,other,0.274397,0.628728,14.2854,66.0374,41.0426,39.9622,21.2442,791,870
C14orf132,other,0.431595,0.647328,21.1917,63.5928,37.9116,20.8397,12.8438,1482,1370
C14orf28,other,0.191008,0.672968,10.8859,72.8363,44.5937,54.8313,30.0611,548,629
C14orf93,other,0.415517,0.725677,27.6299,71.777,61.602,31.8819,25.2649,879,663
C15orf39,other,0.158935,0.52755,7.66403,55.5573,41.8539,41.002,27.354,690,620
C15orf40,other,0.367729,0.659693,23.6425,88.9228,46.4857,31.1166,24.2665,772,635
C15orf48,other,0.115255,0.748793,6.0604,64.0227,43.1866,58.5578,31.2001,498,496
C15orf61,other,0.370643,0.630548,26.7561,81.1862,64.1874,37.6981,22.7839,860,927
C15orf62,other,0.139564,0.540129,7.91005,62.1034,51.7247,50.255,33.6237,492,509
C16orf46,other,0.473042,0.744207,26.6786,70.8216,44.912,23.9863,17.4732,1058,1036
C16orf54,other,0.156535,0.789245,12.4609,82.4151,76.8892,71.6664,53.6984,510,339
C16orf74,other,0.142741,0.840748,7.06098,58.347,41.9386,49.8715,33.6165,673,569
C16orf86,other,0.110161,0.377241,8.95762,97.4327,67.8612,74.6841,43.076,347,366
C16orf87,other,0.474059,0.615133,78.6123,230.962,119.063,43.0168,32.1642,661,602
C16orf95,other,0.100989,0.952217,7.17597,86.4953,58.3745,82.8456,42.8137,434,376
C17orf107,other,0.309706,0.525167,23.5908,90.554,64.0733,32.7627,29.1572,755,580
C17orf58,other,0.154843,0.639829,11.0602,92.1617,55.3598,77.5889,34.8548,365,440
C17orf67,other,0.171233,1.05562,54.9293,380.517,270.433,299.775,236.898,72,81
C17orf75,other,0.485434,0.661215,42.7215,132.077,58.6416,27.096,18.8769,817,910
C18orf21,other,0.186495,0.915027,22.2174,138.913,102.167,112.727,79.6532,239,217
C18orf32,other,0.0902389,0.70044,12.4415,152.831,124.379,135.281,106.401,176,172
C18orf54,other,0.405976,0.5593,41.2855,131.27,78.7821,36.5769,21.24,1030,931
C19orf12,other,0.266958,0.674626,12.0243,54.4243,37.2772,35.4255,20.5559,806,805
C19orf18,other,0.178703,0.568884,8.76609,63.4246,37.9393,43.5727,25.9784,597,611
C19orf25,other,0.053189,,28.8514,1408.13,208.952,1697.2,232.332,11,51
C19orf33,other,0.217746,0.667334,12.2948,65.2585,48.855,49.0555,27.9059,634,651
C19orf38,other,0.264302,0.957201,14.6987,67.5917,45.7575,52.5373,30.0941,541,571
C19orf44,other,0.145808,0.581619,10.4478,88.8498,57.7878,73.6418,36.5699,381,410
C19orf47,other,0.623064,0.772212,59.5098,124.968,72.9981,20.973,15.891,1108,1047
C19orf48P,other,0.32271,0.88349,20.5762,61.4524,66.1556,47.3839,27.6009,618,679
C19orf53,other,0.291164,0.75996,23.5264,81.1029,80.5005,58.5814,37.9475,472,452
C19orf73,other,0.188465,0.508323,14.9941,92.7516,68.2433,64.6462,37.2853,505,387
C1D,other,0.355668,0.796747,80.0734,201.583,251.439,118.218,130.281,263,160
C1GALT1,other,0.153391,0.913404,10.5647,80.8531,58.6705,72.8177,42.0217,362,404
C1GALT1C1,other,0.337021,0.580045,24.1146,85.4251,59.9324,39.7321,22.1065,997,866
C1QA,other,0.274434,0.576325,17.2189,78.5767,50.1005,44.9075,23.5885,841,733
C1QB,other,0.169365,0.683588,10.3502,67.7486,55.1257,56.2497,35.1888,587,563
C1QBP,other,0.204514,0.676984,14.3678,67.0638,73.5943,51.9493,43.7934,490,445
C1QC,other,0.265921,0.674019,14.2493,60.7723,47.2468,41.1463,24.4744,812,839
C1QL3,other,0.194553,0.526638,7.80058,49.42,32.5294,33.5242,18.7273,870,837
C1QTNF3,other,0.15613,0.559656,5.15679,43.2922,25.1987,33.8712,16.1867,944,939
C1QTNF6,other,0.0598011,0.210955,4.04797,89.8696,50.9853,66.4828,35.2409,613,472
C1R,other,0.347865,0.600476,17.1781,62.2814,39.1535,28.7983,14.7118,1347,1433
C1RL,other,0.1493,1.04895,11.9072,109.39,58.1467,102.658,39.0049,250,390
C1S,other,0.231323,0.695636,21.8236,100.713,88.3753,79.4037,42.1877,379,384
C1orf115,other,0.301094,0.44827,44.9348,162.495,137.063,61.8029,37.2719,500,625
C1orf122,other,0.210074,0.738558,13.0374,73.0011,52.7601,59.0599,30.4084,543,605
C1orf131,other,0.141523,,134.754,1009.74,897.872,775.377,981.271,21,14
C1orf159,other,0.3241,0.837673,27.0249,96.834,71.8028,68.3383,35.277,451,459
C1orf162,other,0.384254,0.765186,29.2215,85.4565,67.6741,49.1541,27.5011,672,714
C1orf174,other,0.228773,0.792268,10.443,57.029,36.538,43.3902,23.7991,712,752
C1orf198,other,0.292814,0.594302,19.1814,72.8683,58.8895,41.2854,25.9062,834,772
C1orf21,other,0.454853,0.58806,58.0823,189.805,85.9088,44.3203,18.8544,425,797
C1orf216,other,0.0965282,0.312158,9.78531,163.543,62.8362,127.913,35.2568,191,501
C1orf35,other,0.15634,1.43856,16.8013,160.017,72.1735,147.928,60.8901,170,267
C1orf43,other,0.297898,0.556317,14.9316,66.6164,37.7133,30.5998,17.7118,917,971
C1orf50,other,0.122611,0.476864,6.43117,60.4875,45.4838,46.9557,32.0427,558,516
C1orf52,other,0.63745,0.745654,57.3425,122.987,65.7961,16.765,10.1209,1389,1685
C1orf54,other,0.375378,0.731151,23.1724,68.5224,55.6121,37.5988,23.1306,921,900
C1orf56,other,0.0783968,,14.182,228.445,143.25,235.435,109.221,119,148
C1orf74,other,0.462599,0.658373,55.9416,133.68,109.394,47.6459,25.4763,825,841
C20orf202,other,0.256228,0.692693,12.6581,62.2617,39.1982,40.8746,23.5845,764,677
C20orf96,other,0.556405,0.613205,90.1279,191.847,136.767,18.2949,12.2932,2289,1987
C21orf58,other,0.212109,0.466634,14.254,82.1309,54.9853,49.2667,26.5933,636,756
C21orf91,other,0.190077,1.17235,12.9359,87.6359,52.8511,81.9042,31.6094,393,555
C22orf23,other,0.366123,0.571687,20.1186,72.7901,41.483,26.7624,14.5763,1363,1477
C22orf46P,other,0.398061,0.481511,26.6912,100.865,44.5755,15.0845,8.75485,1962,1962
C2CD2,other,0.26055,0.693673,11.9201,51.2596,40.8321,37.8096,18.8773,841,832
C2CD2L,other,0.277305,0.856276,40.553,208.376,102.632,146.318,66.4894,216,310
C2CD3,other,0.255398,0.595367,19.5254,83.5085,69.9891,54.5271,32.8777,508,526
C2CD4D,other,0.145331,1.308,8.84763,73.9401,50.1252,67.4624,43.0618,392,386
C2CD5,other,0.230762,0.560123,10.5112,60.0595,34.5455,37.3915,19.0101,830,891
C2orf15,other,0.254175,0.863417,30.7247,124.859,117.028,101.552,62.6971,252,260
C2orf42,other,0.417154,0.785639,27.0948,77.6011,54.3639,40.5689,22.246,799,963
C2orf49,other,0.231523,0.69955,15.9562,100.521,47.2512,70.6629,29.8268,353,527
C2orf68,other,0.0912123,0.437051,5.36401,71.9469,48.0686,61.741,33.3093,416,458
C2orf69,other,0.213,0.576329,10.512,62.6186,38.8967,37.6167,25.5903,772,705
C2orf74,other,0.16729,0.600493,6.56793,51.5536,29.899,37.6753,21.2791,764,770
C2orf76,other,0.143233,0.565156,10.1839,80.4518,62.8351,63.3052,43.898,401,379
C2orf88,other,0.336357,0.841316,17.2781,66.4487,39.7103,44.7131,20.3058,858,864
C3,other,0.45582,0.620088,34.8584,96.4036,60.6644,25.7993,15.9058,1325,1177
C3AR1,other,0.204837,0.846395,13.6973,85.667,52.1961,70.7467,34.6434,467,491
C3orf18,other,0.153374,0.509104,12.7954,133.109,52.2874,101.928,32.0291,264,474
C3orf33,other,0.313831,0.651714,19.5986,73.3683,53.1557,42.7116,23.6564,664,704
C3orf38,other,0.101421,0.432919,8.24901,98.8466,66.9243,79.2389,48.4076,307,325
C3orf52,other,0.233737,0.610364,10.2614,52.5682,36.6633,35.9555,19.6498,839,799
C3orf62,other,0.37683,0.818804,21.2571,64.161,49.596,39.3255,22.4581,763,831
C4BPB,other,0.202062,0.715041,14.1468,84.6547,57.9023,61.4552,41.03,462,405
C4orf19,other,0.177649,0.613197,8.81895,56.9771,43.2522,42.7928,28.67,739,627
C4orf3,other,0.169063,0.470772,10.0392,69.5134,50.7261,47.4432,30.1213,545,536
C4orf33,other,0.0978009,,11.5705,124.045,112.834,136.202,98.9575,197,154
C4orf46,other,0.242117,0.672922,16.6935,81.4857,58.3395,60.8591,28.5036,535,615
C5,other,0.296364,0.503745,24.1765,160.158,41.5515,50.58,20.5311,488,760
C5AR1,other,0.312365,0.652512,12.3813,46.1974,34.0086,23.9589,17.8185,1038,947
C5orf15,other,0.324126,0.784757,31.8365,98.3987,98.0469,63.9953,50.2081,522,414
C5orf24,other,0.0639951,1.17218,11.5948,275.75,119.047,268.045,106.348,72,134
C5orf34,other,0.254884,0.732015,18.1497,77.1338,65.7363,57.9147,33.7499,548,577
C5orf58,other,0.466124,0.753888,27.1825,73.3404,46.3695,30.9107,15.729,1144,1192
C5orf63,other,0.413376,0.713983,30.1647,92.863,57.3408,41.9844,22.2586,743,790
C6orf120,other,0.532868,0.704127,49.8344,97.1303,90.046,27.42,18.1905,869,989
C6orf136,other,0.449277,0.724832,32.0514,85.6023,59.4537,34.0342,21.5364,1145,932
C6orf163,other,0.163759,0.82245,17.7499,159.163,73.8143,144.534,41.9739,159,461
C6orf226,other,0.450653,0.659221,33.2004,84.3097,64.376,29.5091,18.0913,1164,1163
C6orf47,other,0.225529,0.631699,9.78477,46.7162,40.2929,33.672,21.8995,847,800
C6orf62,other,0.0886355,0.252229,10.7901,214.018,69.2447,110.152,51.6253,181,326
C6orf89,other,0.14279,0.519045,11.4874,110.38,58.6348,72.2935,45.7742,383,391
C7,other,0.344638,0.735951,19.5641,59.7446,53.9383,36.4686,23.5773,757,809
C7orf50,other,0.225566,0.963176,18.6974,88.4264,77.7022,74.5049,50.6334,395,352
C8orf33,other,0.101328,0.191035,8.06052,96.5168,65.5634,45.9208,30.3761,693,567
C8orf44,other,0.146759,0.739294,9.45678,73.4123,56.5597,61.2672,43.0871,419,398
C8orf58,other,0.157461,3.29352,9.60599,69.7725,53.3405,68.876,43.8507,398,380
C8orf76,other,0.329192,0.582134,25.4102,107.943,55.1981,42.1832,26.2241,730,653
C8orf82,other,0.310535,0.882268,77.4297,290.543,213.985,175.87,146.818,145,117
C8orf88,other,0.339411,0.734813,20.0612,77.0343,45.3502,42.7986,23.579,660,759
C9orf40,other,0.246367,0.738056,25.3236,102.847,102.73,72.1453,64.3844,349,300
C9orf72,other,0.153526,0.681594,7.45742,60.0834,39.2699,50.9495,26.1639,556,642
C9orf78,other,0.123263,2.37541,119.686,1188.57,793.234,1147.79,730.973,22,20
C9orf85,other,0.165885,0.828518,11.2989,82.4021,56.3019,72.7935,36.9463,434,405
CA1,other,0.367285,0.719434,12.6822,41.7444,28.5617,23.8899,11.1573,1573,1590
CA10,other,0.410574,0.737051,30.965,84.1811,67.5684,41.6866,26.0335,787,722
CA11,other,0.131582,1.15977,11.8784,126.719,64.3107,119.47,49.8391,212,285
CA13,other,0.250251,0.576161,20.7448,111.446,61.6605,74.7985,26.2858,505,596
CA14,other,0.46057,0.731007,34.764,93.0007,61.2605,37.753,20.3249,570,697
CA2,other,0.383566,0.733481,19.362,64.1246,39.7371,30.2051,19.1936,952,888
CA5B,other,0.308174,0.750988,15.7455,57.8727,45.1074,36.726,24.3198,781,710
CA6,other,0.278585,0.504168,17.045,63.7978,58.678,34.8102,19.2474,1041,946
CA7,other,0.24558,0.691454,14.6037,80.0699,44.164,58.1657,23.7996,539,682
CA9,other,0.159121,1.22463,16.8719,146.223,76.8881,125.426,67.7613,213,250
CAAP1,other,0.0991577,0.719143,11.2351,131.948,97.2973,123.477,68.4868,233,246
CAB39,other,0.322806,0.555327,22.2751,80.3771,59.2413,38.08,21.2021,662,798
CAB39L,other,0.159849,0.59592,13.6744,96.1099,76.1418,77.1665,48.3459,386,413
CABIN1,other,0.3365,0.777518,39.3815,123.094,111.269,78.1915,54.1363,340,309
CABLES1,other,0.216311,0.651146,12.985,80.2973,44.8771,55.5676,28.7963,509,559
CABLES2,other,0.211994,0.609356,21.1118,108.787,91.1647,75.5995,54.9958,393,335
CABP4,other,0.1675,0.403061,13.0797,98.4895,61.9124,61.4028,33.5178,457,541
CABP5,other,0.404699,0.830817,30.1394,77.7892,71.2992,48.4541,26.438,743,717
CACFD1,other,0.416731,0.626202,15.9639,42.3183,34.677,15.8476,10.1251,1752,1690
CACHD1,other,0.215102,0.727752,30.8919,134.529,153.315,102.615,96.8546,316,210
CACNA1A,other,0.318282,0.791338,15.9056,60.2031,41.4816,38.3817,22.9679,817,827
CACNA1C,other,0.266231,0.744535,11.9581,53.2453,37.8903,37.232,21.781,778,783
CACNA1D,other,0.368323,0.724298,20.3822,66.0964,46.3302,34.6728,21.1296,764,838
CACNA1E,other,0.241928,0.582053,15.8818,83.2914,51.7399,49.0064,30.0243,647,595
CACNA1H,other,0.201618,0.520437,12.1818,72.2063,50.5576,46.0554,29.6069,562,584
CACNA1I,other,0.210372,0.678993,10.3755,63.1662,38.5083,44.2509,26.1639,641,660
CACNA2D2,other,0.15065,,17.3571,130.015,102.099,136.164,76.1137,190,223
CACNA2D4,other,0.177935,0.635695,9.22715,66.3824,40.5096,48.8143,28.517,596,569
CACNB1,other,0.0948684,0.429347,6.93668,107.295,49.829,76.1128,41.4579,313,368
CACNB2,other,0.194988,1.03503,22.1716,134.964,95.7991,116.934,70.348,201,243
CACNB3,other,0.173139,0.679862,11.6796,86.2222,52.7773,64.7633,39.0239,409,456
CACNB4,other,0.614164,0.815823,80.985,155.284,111.973,40.0674,26.4462,675,719
CACUL1,other,0.327583,0.680982,17.3302,62.5656,44.7329,32.9965,22.8303,952,800
CACYBP,other,0.199058,0.761443,11.5079,65.4735,51.0463,52.6838,33.1875,623,562
CAD,other,0.107495,0.58803,63.928,366.284,965.583,274.056,837.433,95,14
CADM1,other,0.25774,0.57175,13.0632,55.4429,46.3327,33.5637,22.4736,867,841
CALCB,other,0.285973,0.648137,11.0933,43.7912,34.3625,27.5696,16.3034,1084,1070
CALCOCO1,other,0.675382,0.746997,104.077,203.762,116.542,21.2536,10.1808,2568,2285
CALCOCO2,other,0.176836,0.722334,13.8448,75.5909,81.0889,65.9171,43.1138,476,424
CALD1,other,0.136194,0.682291,7.02096,63.837,41.6295,56.4617,27.2721,516,557
CALHM2,other,0.308158,0.579736,19.01,78.0862,48.7354,39.2983,21.0143,735,780
CALHM6,other,0.449079,0.793385,45.6859,121.763,84.9972,53.2291,36.6144,572,531
CALM1,other,0.206356,0.433662,11.5445,71.5266,43.7569,41.4565,20.1895,886,805
CALM2,other,0.199836,0.576807,13.2056,83.0845,52.5594,58.3882,31.3354,456,534
CALM3,other,0.127443,0.530776,5.71385,50.719,39.6328,42.0614,26.2472,723,597
CALML4,other,0.102815,0.449221,8.39938,102.936,64.8364,76.9596,51.3777,367,336
CALML5,other,0.596361,0.782628,76.6299,139.234,118.586,35.1901,26.4414,1053,942
CALR,other,0.326474,0.693855,29.7535,120.585,68.8784,68.5709,33.5263,472,485
CALU,other,0.243487,0.588054,11.9774,62.6714,38.6107,40.0535,20.269,783,900
CALY,other,0.227003,0.892052,13.1569,63.3865,52.9966,51.4002,34.848,568,464
CAMK1,other,0.189203,0.544491,25.9996,183.797,102.74,125.246,63.7977,178,256
CAMK1D,other,0.165352,0.767235,17.2436,112.544,96.6309,82.2967,79.931,366,241
CAMK2D,other,0.130508,0.642557,5.62146,51.3832,36.1077,44.1178,25.5733,674,643
CAMK2G,other,0.391801,0.752064,17.912,52.3804,39.9016,25.3197,18.9392,1069,1019
CAMK2N1,other,0.157412,0.779076,16.4437,118.324,92.2251,103.957,61.2169,276,337
CAMK4,other,0.355813,0.75673,39.5525,112.157,110.174,70.4364,44.6931,405,457
CAMKK1,other,0.287572,0.769073,19.7486,85.295,55.2911,52.8933,34.9409,682,533
CAMKK2,other,0.251989,0.990848,24.7052,115.302,83.3631,92.6694,55.8957,267,304
CAMKMT,other,0.348875,0.649274,16.9067,55.7083,42.156,27.3488,18.2468,1012,877
CAMLG,other,0.133904,2.1743,89.8723,737.996,610.395,623.675,595.451,28,26
CAMSAP1,other,0.227937,0.799846,51.4189,220.96,230.305,174.126,142.063,149,145
CAMSAP2,other,0.520898,0.701443,29.3707,69.9133,45.4742,16.2117,12.8261,1619,1478
CAMTA1,other,0.279313,0.574587,12.5161,53.5938,37.4666,30.5264,16.8968,1119,1070
CAMTA2,other,0.0856875,,22.372,356.304,191.316,362.437,168.059,47,84
CANT1,other,0.42857,0.578296,29.5437,83.8961,56.6428,22.016,14.4654,1395,1240
CANX,other,0.197759,0.640596,22.1195,115.301,108.504,92.7236,55.695,312,312
CAP1,other,0.218811,0.598948,26.1991,142.431,100.653,93.5001,61.5505,235,291
CAPG,other,0.373155,0.720355,40.3597,113.551,103.021,62.3796,41.6768,557,592
CAPN1,other,0.151974,0.757464,7.42486,58.2832,40.9538,50.2044,29.0604,570,587
CAPN10,other,0.139765,0.408119,8.50281,67.0966,55.1602,50.2051,29.4631,636,572
CAPN12,other,0.243911,0.720432,12.5824,66.6418,39.9317,49.7124,21.914,522,789
CAPN15,other,0.324127,0.863366,20.2038,72.9126,53.2883,51.523,27.6864,569,610
CAPN2,other,0.373617,0.754402,16.5456,54.2297,36.1639,28.1504,17.7194,987,890
CAPN3,other,0.270111,0.526275,11.719,43.087,43.6867,24.8466,16.5023,1107,1064
CAPN5,other,0.262603,0.639746,23.8904,100.477,82.3731,65.0123,43.0505,471,500
CAPN7,other,0.424742,0.751156,43.962,108.029,99.1667,54.5882,35.0716,704,678
CAPNS1,other,0.155068,0.388033,8.34725,67.8181,42.7267,44.8418,22.5862,749,733
CAPRIN1,other,0.193163,0.598795,43.1754,272.156,183.573,164.743,135.171,132,113
CAPS,other,0.340086,0.75018,14.6951,51.1629,36.4934,30.7433,17.7016,1137,1160
CAPZA1,other,0.149426,0.627952,13.8698,89.5403,96.22,74.7477,63.2408,402,298
CAPZA2,other,0.314373,0.637197,14.4717,54.0963,39.1726,29.1034,18.5342,836,910
CARD11,other,0.228148,,223.927,519.84,1853.13,330.196,1969.28,69,12
CARD16,other,0.130772,0.355428,6.01225,63.8807,33.0881,39.0605,21.5598,849,750
CARD17P,other,0.173759,0.885319,16.6257,115.206,79.468,98.9572,57.7633,296,276
CARD19,other,0.683869,0.771255,134.688,214.4,180.92,32.8498,12.9375,1644,1917
CARD6,other,0.29978,0.490407,25.319,99.4583,71.7213,38.3733,28.0853,595,568
CARD8,other,0.387254,0.620013,25.2238,92.9673,45.6353,36.7642,16.187,973,1136
CARD9,other,0.0280691,0.15766,2.34339,134.085,51.9816,119.03,37.3073,184,440
CARF,other,0.148567,12.1694,104.326,843.915,584.317,817.65,581.519,37,27
CARHSP1,other,0.268978,0.6249,12.7591,56.6736,39.703,37.1969,18.2987,886,1000
CARMIL1,other,0.0961395,0.551522,6.74849,101.713,48.4434,88.2905,37.2884,295,431
CARMIL2,other,0.211874,0.44169,22.62,95.6404,119.177,58.1649,49.1918,509,459
CARNMT1,other,0.354269,0.624006,19.3796,65.5442,45.6549,33.061,15.962,878,1155
CARNS1,other,0.15924,0.500575,20.7116,137.744,122.815,101.132,76.0554,281,236
CARS2,other,0.127202,0.85703,20.7086,108.12,245.138,103.419,120.926,302,156
CASC3,other,0.456384,0.769558,74.8202,194.789,137.979,81.5108,54.532,310,290
CASD1,other,0.127704,1.89895,27.6273,303.163,154.381,299.99,87.6652,70,179
CASK,other,0.401402,0.726091,77.538,288.838,129.186,155.471,43.6797,174,418
CASP1,other,0.131477,0.393734,7.35648,61.014,51.3114,48.6592,23.0562,738,679
CASP10,other,0.0976624,1.13169,5.99037,73.0733,51.4866,71.5115,33.5466,389,488
CASP2,other,0.326055,0.525919,19.6489,74.7309,48.5952,33.0864,15.077,953,1106
CASP3,other,0.443952,0.530091,29.2209,74.5911,58.0804,15.7042,6.47822,1480,2357
CASP4,other,0.214432,0.503241,8.95051,56.9787,30.5777,35.9059,15.5664,841,975
CASP6,other,0.0958073,0.49158,5.84976,67.5272,55.2078,58.4111,39.6741,577,451
CASP7,other,0.346436,0.493017,34.0976,137.717,70.3423,39.1109,21.8334,816,766
CASP8,other,0.187665,1.18458,14.2156,113.035,50.7634,103.66,35.4027,300,489
CASP9,other,0.301659,0.42064,36.5438,190.774,76.9268,48.4549,23.8939,876,748
CASS4,other,0.36544,0.650813,14.058,46.1298,32.0797,22.3204,12.483,1437,1461
CAST,other,0.176009,0.743336,16.1411,136.505,61.6097,102.732,47.6487,235,319
CASTOR1,other,0.0729049,0.258885,5.74007,103.412,59.9446,79.9364,39.0034,274,408
CASZ1,other,0.189217,0.563302,11.0821,70.9409,48.3531,50.5608,29.3619,556,534
CATSPER2,other,0.339891,0.776572,37.1046,128.705,92.594,91.3973,31.4015,374,499
CATSPERB,other,0.141673,1.00109,9.54079,83.8943,54.058,76.7692,41.3103,407,423
CATSPERG,other,0.21432,0.553347,18.9862,78.0842,100.506,53.1283,53.331,532,344
CAV1,other,0.384418,0.630427,40.31,122.62,89.6716,48.3655,34.6123,585,554
CAVIN1,other,0.287895,0.956707,16.4876,65.1237,50.3625,50.114,30.5754,676,646
CAVIN2,other,0.0609986,0.195691,7.60406,207.782,74.79,119.185,57.7477,129,256
CAVIN3,other,0.501582,0.678479,50.9311,113.489,90.8504,34.0919,19.8784,1046,880
CBFA2T2,other,0.0947102,0.520976,7.65949,102.964,63.5217,82.3986,53.0109,310,338
CBFB,other,0.294593,0.521132,109.741,475.196,292.023,208.766,125.584,116,115
CBL,other,0.129963,2.02382,10.2877,87.1917,71.8661,85.5433,56.1899,318,279
CBLB,other,0.417178,0.524451,31.4799,80.3649,70.8531,18.6026,12.5173,1218,1198
CBLL1,other,0.423731,0.718848,128.328,293.755,312.233,125.85,122.428,323,208
CBLN3,other,0.144457,0.625142,13.0657,117.756,69.4718,96.3728,49.0431,220,359
CBR1,other,0.261187,0.736969,12.0607,58.1338,36.6786,40.7953,21.2319,884,814
CBR3,other,0.150622,1.83137,9.40384,76.7088,50.8149,72.5868,44.4182,374,382
CBR4,other,0.277003,0.606354,16.1827,61.1569,55.8067,39.067,23.5623,811,773
CBS,other,0.160823,0.444631,7.52766,62.3997,35.111,42.3282,20.8306,817,825
CBX1,other,0.21946,1.00176,17.5946,80.3121,80.0328,71.7939,43.8182,376,390
CBX2,other,0.251565,0.616394,13.0824,66.8668,40.4452,41.4915,22.6931,684,794
CBX3,other,0.420228,0.639267,28.7395,77.9802,59.9797,31.9988,16.0244,891,904
CBX4,other,0.151093,1.82974,16.8952,136.773,91.4195,133.71,63.585,154,250
CBX5,other,0.51867,0.732306,40.7559,84.4833,73.0849,29.4368,16.8164,1378,1243
CBX6,other,0.108357,0.779538,6.73163,80.4725,47.96,73.8359,36.7238,396,439
CBX7,other,0.274626,0.796222,49.2106,212.282,151.258,139.225,98.9721,179,159
CBY1,other,0.172837,0.719166,7.39019,51.9789,35.1732,43.2656,23.0541,726,736
CC2D1A,other,0.131145,1.67906,17.2292,135.61,127.273,118.867,120.984,260,160
CC2D1B,other,0.351049,0.660429,16.021,56.5449,36.8341,29.1237,15.3736,1370,1272
CCAR1,other,0.229154,0.824915,107.486,609.987,360.684,410.12,275.738,57,54
CCAR2,other,0.453388,0.654553,37.3921,91.5246,74.3159,33.7268,17.8536,1274,1250
CCDC102A,other,0.253471,0.644763,9.04806,44.0577,28.9223,27.3742,17.1184,1115,1045
CCDC102B,other,0.410929,0.576754,33.5773,95.9549,69.5813,33.7336,15.1095,783,1246
CCDC106,other,0.294142,0.706758,12.9818,52.3417,37.2142,31.1692,21.279,1050,894
CCDC107,other,0.535015,0.609834,53.2068,107.235,92.2291,17.7687,7.14398,2667,3041
CCDC115,other,0.398582,0.774433,108.077,342.864,214.441,142.972,117.009,150,169
CCDC117,other,0.15318,0.643266,6.92203,51.4453,39.6934,43.8276,24.4928,693,697
CCDC12,other,0.490406,0.677996,266.044,915.523,321.46,209.865,103.257,70,150
CCDC120,other,0.171125,0.536387,8.49505,63.8621,38.5889,43.1107,26.5016,644,665
CCDC122,other,0.0972267,1.10246,11.3086,133.802,101.107,128.383,81.689,221,200
CCDC124,other,0.455217,0.778066,26.8292,78.7825,44.0907,37.7706,15.0991,748,1236
CCDC125,other,0.395128,0.602343,29.8039,91.8304,61.9562,32.4588,20.7199,798,901
CCDC126,other,0.214976,0.976448,10.3287,51.0205,45.2449,44.2365,28.7515,668,623
CCDC127,other,0.313212,0.805258,22.1026,71.9313,69.2301,48.055,37.6763,570,565
CCDC134,other,0.286472,0.651509,21.2179,73.5444,74.5921,48.1187,32.8771,705,632
CCDC136,other,0.224048,0.640538,15.8704,67.6646,74.1531,48.8246,41.5692,677,506
CCDC137,other,0.139767,,54.3282,328.357,460.145,276.19,482.159,85,32
CCDC138,other,0.340107,0.549005,24.9795,124.055,43.4833,34.1013,20.4691,889,889
CCDC14,other,0.217977,0.625507,11.9274,71.4889,41.8826,48.7746,25.8749,535,625
CCDC141,other,0.129941,0.686814,13.3799,115.267,91.982,102.94,61.1955,277,332
CCDC142,other,0.249143,0.60695,15.4506,79.3202,48.4849,54.053,22.8385,573,704
CCDC144A,other,0.314697,0.685162,17.646,67.2946,46.7224,39.645,22.7332,786,751
CCDC146,other,0.178841,0.683988,7.94817,56.0962,35.2102,44.8011,23.2552,678,722
CCDC15,other,0.272613,0.588489,9.5049,41.7943,29.0861,24.4481,14.0472,1196,1231
CCDC150,other,0.130914,0.937892,6.8081,66.6148,40.5983,62.6781,27.2134,517,642
CCDC152,other,0.426279,0.61089,34.9552,85.762,78.4046,32.7248,16.6717,1174,1206
CCDC154,other,0.214791,0.816545,12.83,70.632,50.5154,58.9329,29.4124,555,511
CCDC159,other,0.185796,0.64546,13.1454,87.5595,57.1707,68.5026,35.4059,344,515
CCDC167,other,0.167213,1.01592,11.5505,81.164,58.7892,73.627,41.6384,355,360
CCDC169-SOHLH2,other,0.260987,0.722136,26.739,132.04,79.4966,90.4875,46.5008,280,323
CCDC17,other,0.202182,1.22968,18.6506,121.36,70.1173,103.996,56.8692,276,296
CCDC171,other,0.212388,0.657569,10.2527,58.4419,39.8744,40.1171,26.6078,708,682
CCDC18,other,0.130718,0.56983,8.40861,83.3775,49.6281,69.0894,34.3882,386,485
CCDC180,other,0.17952,0.818641,13.9214,91.0988,66.0122,75.8897,46.9982,382,397
CCDC184,other,0.306325,0.653445,15.9842,60.218,45.2159,36.3617,20.134,846,887
CCDC186,other,0.175596,0.490559,8.2764,56.4085,39.3833,38.2499,23.7079,777,765
CCDC191,other,0.327919,0.683647,14.4547,48.0617,40.4284,26.415,19.7764,1187,929
CCDC22,other,0.262664,0.485647,26.6429,95.7029,107.507,52.6221,37.6455,649,454
CCDC25,other,0.259874,1.00648,24.7957,107.719,84.5153,84.5467,58.3227,313,323
CCDC28A,other,0.0864945,1.60012,23.6198,443.429,168.17,408.492,161.934,59,99
CCDC28B,other,0.198903,0.749536,69.5238,483.267,252.812,422.72,110.713,46,169
CCDC30,other,0.390499,0.570409,26.6152,84.2557,55.1344,28.015,16.423,1441,1344
CCDC32,other,0.198376,0.476329,7.91656,48.5969,32.7708,30.4905,17.5153,1118,1027
CCDC34,other,0.467131,0.76854,24.4155,70.7701,38.6014,28.6051,14.6657,953,1252
CCDC39,other,0.145341,0.652393,7.15467,61.8195,39.1994,50.6518,28.4299,629,601
CCDC43,other,0.150459,0.569575,8.54507,60.5066,53.308,48.9414,33.8465,533,507
CCDC47,other,0.260936,0.623232,9.62787,42.7158,31.8715,27.5152,16.1715,981,1020
CCDC50,other,0.154264,0.969782,15.4177,135.737,73.5882,119.306,58.2063,175,251
CCDC51,other,0.0354089,,3.33689,112.183,79.1648,115.202,46.6359,268,315
CCDC57,other,0.180732,0.677148,12.4571,83.6689,56.781,68.9842,33.7346,397,537
CCDC59,other,0.190276,4.90622,49.2762,240.136,279.285,228.302,270.761,113,70
CCDC6,other,0.262854,0.707837,46.6773,186.729,168.877,110.371,111.926,252,123
CCDC61,other,0.630675,0.743037,45.112,75.9392,67.3761,13.2836,8.54562,2004,2279
CCDC65,other,0.17135,0.394589,13.24,118.294,50.4718,56.0725,32.3773,432,475
CCDC66,other,0.20148,0.592946,10.7,57.7334,48.8511,42.9218,26.8658,728,690
CCDC69,other,0.322339,0.571523,33.2597,128.819,82.6477,56.1183,36.0645,633,579
CCDC7,other,0.183637,0.682017,14.2163,92.0842,65.0831,73.4992,41.7043,372,393
CCDC71,other,0.187301,0.760196,12.9148,81.4466,58.3739,67.7096,37.3637,492,477
CCDC71L,other,0.196807,0.483531,10.4003,75.7177,36.8819,43.9521,22.3177,721,781
CCDC77,other,0.0452116,,4.40876,131.876,72.1056,143.342,64.883,186,230
CCDC78,other,0.374678,0.65087,25.7371,69.8324,67.5685,35.316,22.2678,996,968
CCDC82,other,0.148892,1.57967,11.2779,89.0043,64.4619,86.0105,47.4361,378,351
CCDC85B,other,0.236236,0.863932,17.9771,99.771,58.0421,82.6903,32.6922,318,489
CCDC85C,other,0.119962,0.411127,6.55911,73.3085,40.7801,54.588,27.1838,517,561
CCDC88A,other,0.153243,0.651846,11.7381,93.6704,62.6372,76.64,43.5966,440,396
CCDC88B,other,0.0462216,,6.84905,251.619,87.2626,255.843,73.1414,74,214
CCDC88C,other,0.299659,0.729391,28.3039,126.888,70.3097,64.2915,46.2539,367,364
CCDC9,other,0.131166,0.668851,14.5994,117.414,105.514,105.359,65.9898,238,245
CCDC90B,other,0.13542,0.268085,7.93363,54.554,62.915,32.3203,23.525,886,738
CCDC91,other,0.269749,0.531615,19.5086,88.6094,59.0271,47.1364,26.5566,770,804
CCDC92,other,0.133383,0.666931,10.3843,72.1381,84.0205,58.3614,66.4233,473,273
CCDC93,other,0.300379,0.740126,49.1976,178.149,150.579,114.278,81.4005,295,239
CCDC97,other,0.34759,0.616696,16.3925,58.3561,38.1128,24.3442,17.339,1022,958
CCHCR1,other,0.416954,0.709108,22.8374,63.8893,46.9556,28.2968,17.8143,1127,1067
CCL1,other,0.200396,0.593204,11.9676,72.549,49.1594,51.0628,30.2165,672,615
CCL18,other,0.0163687,0.0453094,2.20809,217.95,83.4927,141.203,52.5475,141,249
CCL2,other,0.0918406,0.692395,7.41704,99.3107,65.6743,90.4634,52.7042,266,324
CCL20,other,0.403193,0.732264,17.2727,54.6238,33.5979,24.7239,14.9893,1154,1206
CCL22,other,0.145797,0.771523,10.8402,90.7663,60.9046,81.0087,40.6729,344,456
CCL25,other,0.16882,0.711838,13.0773,97.5542,61.5099,85.069,34.4778,415,448
CCL28,other,0.253238,0.591206,22.6465,116.477,68.6602,62.5323,41.4599,461,434
CCL3,other,0.172326,0.534696,6.47171,50.0956,28.1538,35.7723,17.9259,831,886
CCL3L3,other,0.415975,0.636455,23.7698,67.8869,48.0985,24.9867,15.5854,1369,1336
CCL4,other,0.224205,0.902138,9.74091,51.7123,36.502,43.7101,21.9325,711,803
CCL4L2,other,0.0303235,0.215201,2.125,85.1434,57.6775,79.117,41.4978,383,358
CCL5,other,0.084655,0.897468,11.8206,179.479,108.633,156.231,101.171,249,168
CCM2,other,0.199153,0.709935,8.50583,56.9693,32.0197,39.9094,23.6053,672,688
CCN1,other,0.542723,0.773376,59.3596,102.328,116.904,36.7497,27.0705,752,685
CCNA1,other,0.356582,0.969799,31.5318,98.4678,79.4115,67.5825,45.1835,415,399
CCNA2,other,0.652603,0.713434,83.8235,148.015,111.462,11.4887,10.3489,1704,1452
CCNB1,other,0.181576,0.456152,8.58764,68.1577,32.8182,41.6977,19.4233,905,810
CCNB1IP1,other,0.218436,1.80628,24.7102,127.201,100.604,119.653,75.8098,264,283
CCNB2,other,0.262928,0.849715,19.2964,90.2171,59.702,68.2445,36.2314,394,450
CCNC,other,0.45174,0.462934,209.652,401.494,536.463,14.5898,6.36708,3530,3051
CCND1,other,0.151438,0.766795,7.99742,67.8596,41.0979,56.251,31.7274,510,547
CCND2,other,0.183714,0.322173,14.8225,150.188,43.3436,47.5291,22.7245,690,629
CCND3,other,0.367743,0.578344,15.1494,46.6364,36.3895,18.8788,11.6702,1443,1404
CCNDBP1,other,0.160476,0.622159,6.43941,47.1306,34.1642,37.3533,23.2077,745,673
CCNE1,other,0.0842631,0.250943,8.97725,99.7333,113.808,45.7757,90.0893,785,206
CCNE2,other,0.0799875,0.444053,13.3279,272.129,102.025,243.759,70.2709,87,201
CCNF,other,0.244265,0.462197,25.5222,134.542,81.1436,59.952,40.2644,574,505
CCNG1,other,0.0784634,0.416557,5.85583,93.534,59.5489,79.9856,44.9628,355,399
CCNG2,other,0.141563,0.81746,14.7615,132.894,81.8189,112.005,66.2091,232,242
CCNH,other,0.0650732,,60.1415,1523.99,560.484,1860.68,597.679,10,21
CCNI,other,0.229797,0.89329,26.0938,122.493,105.263,97.7392,70.7924,274,281
CCNI2,other,0.507559,0.753962,34.3913,67.6383,67.8786,23.4072,20.8381,1228,970
CCNJ,other,0.278109,0.615739,18.0073,75.8012,55.308,47.232,25.3713,562,683
CCNK,other,0.350062,0.842788,76.2294,242.141,195.832,148.189,108.756,226,186
CCNL1,other,0.295115,0.641932,17.7962,73.5474,49.4431,46.0692,21.4733,690,742
CCNL2,other,0.0807639,1.35354,8.89957,151.555,80.1183,148.411,66.3683,164,220
CCNQ,other,0.380138,0.834598,68.5954,241.643,134.751,134.251,71.849,168,213
CCNT1,other,0.15353,0.549982,27.6799,180.056,180.524,135.812,123.274,177,136
CCNT2,other,0.0944178,0.376676,6.48181,94.0447,50.1129,68.3895,38.5709,446,410
CCNY,other,0.115148,1.47668,8.55541,87.0436,63.4212,84.2667,51.3332,317,309
CCNYL1,other,0.345925,0.811846,20.0593,64.6325,52.0257,38.7573,28.4318,653,629
CCP110,other,0.275091,0.774962,29.6615,133.658,86.9841,88.192,54.7629,247,287
CCPG1,other,0.236504,0.598511,11.5428,67.5411,35.2681,45.7716,18.1824,942,851
CCR1,other,0.194865,0.633955,14.6042,88.1905,63.6889,65.6729,40.1213,472,453
CCR10,other,0.376118,0.684319,26.4783,92.3308,53.6765,45.3584,21.8038,504,748
CCR2,other,0.327929,0.647908,20.2548,76.2028,50.064,39.2614,23.6085,736,697
CCR4,other,0.275168,0.553493,30.6174,216.343,57.2265,72.1098,36.0114,301,398
CCR5,other,0.182284,0.400162,8.84862,59.8442,39.3759,32.1166,21.7413,1129,912
CCR6,other,0.396214,0.71218,39.9476,108.37,93.8028,54.3411,35.5683,515,464
CCR7,other,0.371467,0.795418,19.9008,58.5411,49.0276,35.4766,21.8878,948,885
CCR8,other,0.116731,1.48493,10.6933,116.668,71.929,112.756,58.6702,272,285
CCR9,other,0.324681,0.659534,19.0509,66.2096,51.9989,40.2397,19.8708,750,981
CCS,other,0.27726,0.693755,51.4802,206.813,166.697,113.982,107.38,177,140
CCSAP,other,0.151143,2.02394,13.8557,93.9814,89.4209,91.1579,72.8221,301,224
CCSER2,other,0.278891,0.584588,9.24534,37.6232,29.2094,21.9822,13.2182,1447,1346
CCT3,chaperonin (CCT),0.20552,,182.635,1002.84,787.464,1070.82,615.928,17,27
CCT4,chaperonin (CCT),0.430009,0.685843,116.503,276.11,265.849,118.062,83.2777,173,229
CCT6A,chaperonin (CCT),0.0325428,0.0915465,19.7031,811.935,451.482,625.347,203.223,39,117
CCT8,chaperonin (CCT),0.0461287,0.268012,20.4012,675.493,289.567,625.229,174.289,34,78
CCZ1,other,0.246345,0.711849,19.5214,102.173,61.4609,74.5207,34.2643,417,464
CCZ1B,other,0.351011,0.603821,16.4651,53.2999,41.2822,23.5911,16.2541,1096,1086
CD101,other,0.341743,0.56785,23.4046,81.6889,57.4172,38.4742,18.107,920,1046
CD109,other,0.269238,0.581719,31.555,156.048,88.0253,55.786,58.6774,666,329
CD14,other,0.168638,0.843751,8.73458,64.8473,41.3695,56.4351,28.6303,479,526
CD151,other,0.1696,0.891842,12.1586,102.516,50.1322,87.894,37.4216,303,469
CD160,other,0.152966,1.69474,8.98244,83.4282,41.332,80.6464,31.2336,320,495
CD163,other,0.16009,0.604448,13.8939,88.204,85.394,72.5081,51.7319,443,437
CD164,other,0.178327,0.761931,8.66566,58.8121,40.1514,47.7477,28.4606,655,641
CD177,other,0.150274,0.810748,8.93877,70.8648,49.9293,62.0413,36.1527,423,450
CD19,other,0.246812,0.786926,13.4725,72.5899,41.0475,54.4274,24.9094,589,707
CD2,other,0.151126,0.450394,14.7186,91.6725,103.471,75.1759,38.733,405,478
CD200,other,0.423189,0.724146,32.6439,101.859,58.4163,43.436,23.6334,809,927
CD200R1,other,0.248624,0.58328,13.4835,65.7045,44.7634,40.5737,23.4994,717,688
CD22,other,0.307025,0.550695,14.4067,63.5652,34.6388,26.3723,16.2376,1197,1144
CD226,other,0.574696,0.767151,50.5216,86.446,89.3991,26.6624,16.8535,1294,1261
CD24,other,0.179195,0.751227,15.4403,104.814,70.8335,89.654,42.9683,428,379
CD244,other,0.534142,0.581144,53.6295,111.321,90.5555,10.5635,6.03535,2819,3098
CD247,other,0.246082,0.675303,36.0633,118.89,180.645,90.1503,81.4144,318,266
CD248,other,0.153583,0.490611,8.00901,63.5969,42.7599,46.325,27.3306,599,646
CD27,other,0.303488,0.651669,14.2811,59.1152,37.4574,31.5033,20.0645,824,856
CD274,other,0.574477,0.703843,45.0891,85.7362,71.8511,17.1934,11.9782,1432,1514
CD276,other,0.139718,0.674725,9.98612,90.505,56.4435,80.05,35.4919,374,519
CD28,other,0.207341,0.391504,26.1294,81.9333,193.834,49.7202,55.5558,646,514
CD2AP,other,0.513503,0.63749,39.2391,79.7731,73.1974,19.3677,10.4759,1614,1942
CD2BP2,other,0.190392,0.634789,29.1019,191.652,121.909,121.356,92.0098,167,159
CD300A,other,0.129337,0.667527,6.85154,64,43.8484,55.6599,31.2165,546,512
CD300E,other,0.324086,0.658253,19.5526,73.0447,49.8313,36.7383,25.5294,650,620
CD300LF,other,0.281087,0.55974,14.5022,54.6198,48.7345,32.9449,17.7647,963,1074
CD302,other,0.112724,0.407053,5.43645,69.5022,33.4656,51.5025,23.5559,531,637
CD320,other,0.228962,0.760225,9.54841,48.2712,36.0285,38.1079,20.5068,818,898
CD33,other,0.279584,0.703606,15.3071,63.4925,47.2106,41.0315,26.139,711,680
CD36,other,0.177322,0.664401,9.77932,58.1682,52.2885,46.9526,32.9718,695,610
CD37,other,0.164209,0.684985,9.36385,62.429,52.0871,51.1752,35.4818,512,550
CD38,other,0.301306,0.631501,16.477,75.264,39.7334,40.6923,20.0414,955,903
CD3D,other,0.177244,0.807963,74.8803,175.4,1017.57,159.503,477.266,189,74
CD3E,other,0.262889,0.747073,107.855,190.884,881.787,153.191,328.83,215,89
CD3G,other,0.269882,0.849677,80.7899,150.472,595.543,125.696,230.644,211,126
CD4,other,0.213544,0.788519,12.1137,74.1505,43.3975,61.7694,24.3354,391,674
CD40,other,0.4328,0.793066,25.7403,73.5999,48.0591,34.9181,20.8256,793,899
CD40LG,other,0.334058,1.06669,52.4371,169.612,145.27,120.105,96.4574,241,221
CD44,other,0.264262,0.640977,11.7381,49.6117,39.7688,33.8437,18.5003,955,922
CD46,other,0.183122,,12.3571,75.6271,60.2105,75.7417,33.1111,392,560
CD47,other,0.539577,0.734913,35.2564,88.456,48.2659,20.5204,14.3889,1179,1320
CD48,other,0.328467,0.800534,21.6146,76.9445,56.2773,51.8775,27.1948,646,740
CD5,other,0.391937,0.516915,30.2147,71.3398,83.3053,22.9236,12.7374,1114,1112
CD52,other,0.386377,0.665556,16.931,52.5671,36.5285,24.0355,13.8469,1308,1354
CD53,other,0.305812,0.586043,29.0391,108.224,83.3168,50.0089,41.1404,640,480
CD55,other,0.349742,0.621056,16.154,51.6052,41.3399,24.9822,15.9278,1323,1287
CD58,other,0.170649,0.487698,6.63455,46.9531,32.1924,33.9904,17.9157,885,886
CD59,other,0.0689439,0.218065,5.76308,121.412,57.5514,80.5046,40.4774,385,422
CD6,other,0.257374,0.623994,16.6987,77.9208,54.0234,50.2681,28.1254,604,711
CD63,other,0.510086,0.695614,47.7322,107.977,81.0969,28.3617,21.9559,789,849
CD68,other,0.217654,0.576592,17.3951,107.25,59.5558,60.6992,40.0039,436,393
CD69,other,0.63781,0.745982,112.784,174.024,179.68,33.5505,16.96,1191,1405
CD7,other,0.273739,0.647884,15.0148,68.6829,43.8042,40.6923,24.6161,652,641
CD70,other,0.601089,0.731497,35.4787,68.6816,50.7244,13.045,8.44304,2011,2160
CD72,other,0.364159,0.699356,22.6171,89.2089,43.2398,42.2362,20.9744,713,865
CD74,other,0.084306,,6.29482,93.1097,59.8763,93.9214,50.1314,297,338
CD79A,other,0.210958,0.620204,11.3611,65.2107,44.4768,42.03,30.0008,639,584
CD79B,other,0.412942,0.689409,25.523,71.2591,53.61,31.5683,19.0781,781,890
CD80,other,0.13137,0.505345,6.647,66.4416,38.5318,51.5637,26.9029,591,614
CD81,other,0.280124,0.594848,16.8021,82.1192,43.8111,39.7353,24.9869,727,707
CD82,other,0.134622,,90.3796,265.357,1698.54,259.656,2021.68,114,10
CD83,other,0.46155,0.674242,52.4909,160.444,80.6133,50.4015,25.5357,864,826
CD84,other,0.0855864,,5.88779,86.5525,54.6783,87.3464,39.7577,353,391
CD86,other,0.114896,0.503889,8.22205,78.2265,65.4628,63.0009,47.9758,469,384
CD8A,other,0.608198,0.717482,66.1293,157.159,75.2242,23.4125,11.7083,2289,1645
CD8B,other,0.105964,0.534927,5.18758,50.4757,47.4823,43.2631,34.4431,637,556
CD9,other,0.153907,0.526883,10.4776,104.474,44.3603,82.6139,26.2706,288,601
CD93,other,0.180026,0.702198,15.8949,95.1338,81.9426,75.3428,56.0527,396,360
CD96,other,0.359598,0.606075,19.3572,71.4784,40.5391,29.4886,16.2458,1255,1088
CD99,other,0.381376,0.803058,33.1632,82.915,91.1951,56.4386,26.7843,433,670
CD99L2,other,0.481153,0.797854,108.666,297.198,171.624,147.381,47.8065,238,464
CDA,other,0.414601,0.640752,27.2876,73.3975,59.0188,24.4204,21.9885,1059,915
CDADC1,other,0.249047,0.635668,18.9921,97.5415,59.6199,53.9672,39.1341,487,450
CDC123,other,0.205565,0.713406,22.6137,119.475,101.291,79.0284,76.4484,374,259
CDC14A,other,0.191436,0.621544,12.5013,73.1901,58.2656,60.1099,27.3374,430,546
CDC14B,other,0.388325,0.615404,44.6776,149.237,88.6975,46.2832,37.5038,411,464
CDC16,other,0.116244,3.41931,86.2849,738.182,746.386,701.302,729.119,35,28
CDC25A,other,0.627014,0.693564,48.2877,77.4711,76.5557,9.77337,4.95362,4109,3784
CDC25B,other,0.293975,0.442483,34.6897,171.009,81.4255,53.0289,29.3302,428,617
CDC25C,other,0.159634,0.399285,9.13608,59.1395,55.385,40.9784,26.5573,737,709
CDC34,other,0.281742,0.696153,15.8435,73.177,43.2142,43.4967,25.7629,536,625
CDC37,other,0.083966,0.240705,16.8677,305.752,131.988,227.405,69.3094,81,263
CDC37L1,other,0.235896,0.477132,15.3372,69.575,60.7576,41.2574,24.2686,799,735
CDC42,other,0.242289,0.764209,16.9945,80.7571,60.9213,63.3257,32.5512,459,493
CDC42BPA,other,0.230403,0.72632,12.5905,73.8515,40.4341,51.9845,26.6924,690,636
CDC42BPB,other,0.140024,0.469208,7.92793,69.2764,46.2733,50.5684,31.0131,561,551
CDC42BPG,other,0.179801,0.814186,12.218,84.5426,54.6184,72.7653,35.4976,384,474
CDC42EP3,other,0.146961,1.04724,16.3529,138.45,89.4327,127.005,68.1278,206,233
CDC42EP4,other,0.214593,0.79954,13.8286,73.4159,56.5633,57.5897,37.6617,577,504
CDC42EP5,other,0.187392,0.484142,12.1431,89.4586,46.9391,54.4275,28.981,602,519
CDC42SE1,other,0.11985,0.651578,10.0078,105.526,66.0762,89.2635,51.5697,307,315
CDC42SE2,other,0.349062,0.709717,24.0933,79.9265,59.6068,36.5762,33.0222,953,622
CDC6,other,0.327112,0.676915,71.9387,232.281,208.218,142.684,82.1622,220,276
CDCA2,other,0.306839,0.702342,22.6959,81.0654,67.4903,45.7638,37.9098,545,451
CDCA3,other,0.316938,0.54297,54.1801,215.441,135.645,65.2966,69.3288,361,251
CDCA4,other,0.220149,0.826292,13.713,73.8636,52.529,59.9375,32.7518,568,522
CDCA7,other,0.259328,0.482494,17.6738,80.1999,57.9146,40.283,24.3006,785,662
CDCA7L,other,0.283792,0.755556,16.5763,66.8056,51.0697,47.8193,25.7183,576,717
CDCP1,other,0.352184,0.650514,19.5725,58.8792,52.4553,28.7089,22.4499,852,829
CDH1,other,0.177295,0.677141,12.8019,99.6284,52.3325,79.0778,34.9399,361,498
CDH19,other,0.247804,0.502714,12.1302,62.0993,38.5862,36.1705,16.1314,945,1035
CDH23,other,0.38009,0.734989,21.4699,73.7253,43.2784,39.5272,18.3268,887,976
CDH24,other,0.268944,0.50242,11.8771,61.4148,31.7559,27.9069,15.078,862,1036
CDH26,other,0.112454,0.599272,14.2345,168.467,95.1078,127.569,81.3126,207,200
CDH3,other,0.284959,0.742196,22.4449,92.5586,67.0275,62.5621,36.5397,513,512
CDHR3,other,0.294594,0.607548,15.3299,50.5064,53.6147,31.6734,19.8084,1134,1023
CDHR5,other,0.229462,0.508303,12.1659,72.7605,38.6338,31.7332,24.6711,1226,798
CDIP1,other,0.174636,0.517507,10.616,84.93,43.5109,59.2218,27.142,505,585
CDIPT,other,0.24304,0.661056,23.5355,100.942,92.9004,56.858,64.147,446,281
CDK10,other,0.425215,0.709372,27.987,87.7464,49.3703,39.3791,17.1884,1109,1034
CDK11A,other,0.129669,1.10385,8.58076,70.858,61.8003,68.3607,37.6032,443,438
CDK11B,other,0.376089,0.645953,42.5573,133.587,95.8525,62.7581,34.5696,382,511
CDK12,other,0.111766,,118.007,1180.54,944.313,929.715,1071.11,14,12
CDK13,other,0.494238,0.759909,52.4393,115.867,97.1589,50.0397,24.8176,683,752
CDK16,other,0.275838,0.688013,20.418,85.0864,64.3961,50.5995,38.8585,656,515
CDK17,other,0.20362,0.852984,9.2928,49.3164,42.234,41.1215,27.7508,786,617
CDK19,other,0.406242,0.748493,35.7544,106.535,72.7103,43.8898,36.2858,651,531
CDK2,other,0.306228,0.711745,23.835,70.6878,85.7027,51.2705,27.9474,590,598
CDK20,other,0.141865,0.532371,11.4679,95.9306,68.118,71.1122,49.4212,502,385
CDK2AP1,other,0.227777,0.536775,25.2157,120.438,101.755,86.9711,35.8171,267,495
CDK2AP2,other,0.202561,0.819124,16.588,106.481,62.9802,85.5255,43.4105,347,371
CDK4,other,0.215997,0.432396,17.1681,110.546,57.149,54.9821,28.7768,515,574
CDK5,other,0.0959352,0.883291,10.0598,131.077,83.8869,122.18,69.3081,192,243
CDK5R1,other,0.1736,0.554931,12.1429,70.2402,69.6558,56.251,35.4285,569,495
CDK5RAP1,other,0.258383,0.375974,16.758,73.3177,57.3733,22.7059,18.1199,1580,1086
CDK5RAP2,other,0.170403,0.8383,6.28078,44.2011,30.7354,39.0651,19.8057,758,807
CDK5RAP3,other,0.372941,0.503872,51.8875,206.479,93.7497,40.4355,29.8847,793,611
CDK6,other,0.145678,0.534374,7.44305,62.674,41.6509,51.7626,23.8709,626,660
CDK7,other,0.147257,1.19753,44.6323,376.022,244.304,338.951,206.833,72,90
CDK9,other,0.303284,0.645002,43.6338,200.408,103.284,90.113,61.7917,294,254
CDKAL1,other,0.498813,0.794903,29.7507,79.4889,44.7521,30.2405,16.3091,987,1140
CDKL1,other,0.194716,0.753307,16.6874,95.9075,76.5812,74.085,54.0943,430,383
CDKL2,other,0.298877,0.599268,15.0123,58.2322,43.326,33.387,18.0672,860,930
CDKL5,other,0.411569,0.569565,37.5009,145.51,57.0567,30.7211,19.2909,982,961
CDKN1A,other,0.181441,1.04678,16.2837,95.6297,84.2249,86.8086,56.792,394,328
CDKN1B,other,0.283554,0.752837,20.4987,83.918,62.2766,60.6393,30.428,517,527
CDKN1C,other,0.0458683,0.278895,3.10021,77.935,58.6173,70.159,42.7265,479,379
CDKN2A,other,0.266332,0.609315,15.4791,67.9156,49.7365,37.0778,28.8087,713,573
CDKN2AIP,other,0.322959,0.799091,23.7214,93.7736,57.5314,59.0836,32.1284,505,483
CDKN2AIPNL,other,0.310427,0.68516,15.0591,50.2373,46.8439,31.4815,21.0879,903,786
CDKN2C,other,0.423382,0.717116,38.2109,125.812,64.7421,46.5049,28.9422,632,552
CDKN2D,other,0.199908,0.743279,16.6836,102.83,67.7328,79.7422,45.9107,329,366
CDKN3,other,0.276512,0.690661,15.7514,68.9189,47.084,44.3703,25.8963,639,650
CDNF,other,0.329609,0.724584,20.92,70.238,57.3527,41.8903,27.9473,631,639
CDO1,other,0.232792,0.725918,9.17365,48.1093,32.2789,35.8877,19.2119,993,962
CDON,other,0.0941467,0.85241,5.55883,78.1669,44.6,74.2718,33.6817,411,446
CDPF1,other,0.101427,0.82469,8.5075,110.134,63.8814,96.8177,55.8897,316,302
CDR2,other,0.299254,0.717925,15.3715,61.8457,42.662,36.9855,24.2218,747,780
CDRT4,other,0.299827,0.696678,13.3756,51.7143,38.4834,34.6461,16.8873,781,964
CDS1,other,0.328023,0.589305,17.2837,62.0493,44.7433,25.9108,20.9407,1010,776
CDS2,other,0.185097,0.997915,58.8611,203.418,497.129,163.15,410.729,161,38
CDV3,other,0.181052,1.28849,10.3055,66.4185,48.7801,62.4279,32.75,499,508
CDX1,other,0.351868,0.62251,21.697,85.548,44.4458,32.5789,21.5115,902,856
CDX2,other,0.416879,0.897862,27.2919,77.0468,55.628,39.9114,30.7474,691,597
CDX4,other,0.14378,0.519381,10.7877,109.795,51.2714,71.2526,40.0786,467,445
CDYL,other,0.263926,1.1155,47.6369,196.178,166.063,161.587,113.341,163,146
CDYL2,other,0.276719,0.64102,12.6861,53.1439,39.548,33.4383,19.6723,1015,889
CEACAM1,other,0.197093,0.662509,9.70942,56.8655,42.6769,43.5608,26.5334,675,623
CEACAM21,other,0.113054,0.413698,8.50342,90.3117,62.6423,76.6596,31.6952,337,535
CEACAM4,other,0.155032,0.761176,7.62042,63.2623,38.1916,54.1958,27.1369,515,596
CEBPA,other,0.319121,0.82019,25.2468,86.3606,72.4747,60.0316,36.4873,549,571
CEBPB,other,0.302666,0.57273,15.0422,56.0692,44.0525,29.2547,18.3276,946,923
CEBPD,other,0.292181,0.594734,17.508,79.5754,45.122,42.8012,21.5563,666,804
CEBPE,other,-0.00365878,-0.0520453,-0.205512,77.1637,40.8873,75.8766,28.7733,407,518
CELA1,other,0.214997,0.589187,9.73632,50.2642,40.8008,32.1172,25.7528,811,703
CELF1,other,0.524995,0.692673,24.1266,46.9529,44.98,14.0436,8.11471,1980,2241
CELF2,other,0.392978,0.728659,19.3579,61.3256,39.5673,31.0644,16.2445,1027,1100
CELSR2,other,0.0835001,,8.85063,126.814,88.5946,136.836,82.8725,201,212
CELSR3,other,0.446442,0.612295,23.0395,62.6244,42.5278,16.2475,11.9981,1444,1408
CEMIP,other,0.185153,0.632153,13.0005,79.8517,61.7411,59.0396,41.4196,477,476
CEMIP2,other,0.260501,0.899805,13.2412,57.3695,45.0354,43.9393,28.9113,669,563
CENATAC,other,0.105381,,48.2367,741.225,282.669,832.509,268.613,22,59
CENPB,other,0.198487,0.879694,18.7013,114.372,77.6184,97.2972,51.1495,258,284
CENPBD1P,other,0.130813,0.770463,6.45158,62.991,38.6148,57.1418,26.6273,499,527
CENPE,other,0.0911876,,61.2619,1148.97,392.827,1159.82,370.36,20,43
CENPF,other,0.246703,0.570727,17.7931,90.8242,57.2738,60.4286,25.2968,603,628
CENPJ,other,0.131204,3.69141,65.4552,526.661,472.569,494.635,462.752,39,35
CENPK,other,0.105031,2.68825,34.2462,411.677,258.246,410.03,159.755,74,101
CENPM,other,0.136749,,110.17,797.528,813.833,798.613,760.96,29,17
CENPN,other,0.0290878,,20.9954,1089.35,478.251,1228.6,360.683,16,37
CENPO,other,0.0969351,0.560396,5.75508,71.0779,49.5915,65.1261,31.8713,387,562
CENPP,other,0.187303,1.23862,58.8851,390.226,253.282,369.474,144.373,80,96
CENPQ,other,0.158944,1.00625,51.2297,273.784,379.441,232.449,316.734,134,54
CENPS,other,0.127679,0.519034,10.4092,93.9047,70.7798,65.5213,56.6095,379,299
CENPU,other,0.0922968,0.862127,19.709,251.352,181.414,223.967,162.33,108,110
CENPV,other,0.236371,0.786598,12.9513,75.3669,39.8344,54.5926,26.7848,610,605
CENPW,other,0.147753,,97.5369,909.291,479.251,970.708,452.135,26,40
CENPX,other,0.171998,0.589431,17.5077,113.041,91.6591,89.7025,53.8567,285,297
CEP104,other,0.237012,0.718608,16.6519,92.5547,53.332,59.8136,36.9318,398,446
CEP112,other,0.148786,0.550249,10.6974,81.0246,63.7992,61.7289,44.212,455,381
CEP120,other,0.195389,0.739985,33.7166,312.521,95.2812,172.565,80.4474,177,204
CEP126,other,0.207752,0.52357,10.2145,60.4437,39.9934,41.6157,19.7783,781,802
CEP128,other,0.416966,0.830648,16.7951,47.791,33.9481,26.2628,14.9583,1291,1318
CEP131,other,0.277135,0.462772,16.4517,65.7329,53.6114,26.3457,21.5239,1027,806
CEP135,other,0.255231,0.766114,31.9656,133.898,117.146,97.8262,68.8833,327,300
CEP15,other,0.175327,0.996896,8.44631,55.9426,41.4852,50.0659,29.2699,594,564
CEP152,other,0.0760566,,66.5768,880.839,869.913,932.823,894.903,17,15
CEP162,other,0.195637,0.578675,10.4257,68.4596,41.4835,50.412,23.4981,648,727
CEP164,other,0.152969,0.673649,10.7599,67.7153,73.0675,56.5961,50.1232,495,362
CEP170,other,0.266405,1.05157,13.1932,60.4078,40.6,50.0582,25.391,677,646
CEP170B,other,0.129653,1.70795,8.5243,72.1546,59.9089,70.2575,46.7786,384,338
CEP19,other,0.20074,0.548769,14.8076,108.517,50.1424,76.2686,27.5648,317,518
CEP192,other,0.109401,,50.2247,505.093,417.274,517.808,427.481,48,35
CEP20,other,0.173386,0.65584,11.2827,90.179,46.9558,69.2141,32.839,414,506
CEP250,other,0.137741,0.323699,11.9089,130.938,57.0887,85.8234,27.0874,318,509
CEP290,other,0.369876,0.6517,17.3469,48.5723,45.2839,25.5365,14.5267,1221,1242
CEP295,other,0.0965439,4.14378,24.2804,326.142,193.934,308.48,191.99,55,86
CEP350,other,0.207511,0.741807,45.1017,330.85,142.781,254.055,94.6453,100,185
CEP41,other,0.37725,0.744643,28.5139,100.714,56.7237,49.1135,28.3078,652,652
CEP43,other,0.241685,0.443891,46.4803,266.511,138.779,110.681,68.4176,178,248
CEP44,other,0.186679,0.79371,17.9692,110.331,83.9793,82.6415,65.4688,346,259
CEP55,other,0.170238,2.02615,32.1964,162.327,220.348,154.684,187.311,152,88
CEP57,other,0.156192,0.872611,32.0924,307.752,137.177,238.996,117.505,83,140
CEP57L1,other,0.0856132,0.503261,5.45302,82.6015,49.114,75.1058,33.451,436,443
CEP63,other,0.116379,,134.048,862.199,1538.73,905.538,1688.61,20,13
CEP68,other,0.360522,0.550409,20.348,94.5485,33.6919,27.6918,13.2498,816,1143
CEP70,other,0.15024,0.871216,8.03635,63.8433,44.8157,56.744,32.8305,539,586
CEP72,other,0.125294,0.935833,12.9338,109.264,97.5252,101.45,73.0812,306,246
CEP76,other,0.358308,0.601559,38.236,102.813,110.76,51.2149,32.4616,680,602
CEP78,other,0.248028,0.631339,15.88,70.1984,58.3947,47.7589,30.2003,598,616
CEP83,other,0.217314,0.734849,22.2358,124.1,84.3639,92.9979,54.9248,325,337
CEP85,other,0.167287,,97.0909,700.997,480.524,578.292,483.752,44,31
CEP85L,other,0.18302,0.550571,5.56256,36.5252,25.2906,24.8097,16.5778,1120,1028
CEP89,other,0.258908,0.86641,27.9691,113.112,103.171,82.7973,68.7954,365,270
CEP95,other,0.175365,1.08096,21.7898,158.031,97.697,145.007,66.4964,236,260
CEP97,other,0.219518,1.35668,18.4228,91.0282,77.3734,84.3042,49.9496,337,383
CEPT1,other,0.202102,0.746261,31.9064,124.616,200.005,93.0949,142.013,287,135
CERK,other,0.173087,0.610511,11.2233,76.4663,54.9846,57.3572,37.2992,465,467
CERKL,other,0.131443,0.838117,9.61178,81.4368,65.6616,75.4863,43.5591,428,421
CERS2,other,0.248254,0.530185,11.9682,51.3995,45.2173,30.0188,21.3844,857,780
CERS3,other,0.333198,0.591198,33.6395,126.373,80.6565,54.5058,35.6058,526,518
CERS4,other,0.123064,0.435479,14.5039,133.661,103.922,107.013,62.2946,272,241
CERS5,other,0.108956,0.620792,16.3274,175.058,128.277,146.777,103.818,182,165
CERS6,other,0.347165,0.817594,33.9023,107.298,88.8783,68.176,44.9276,344,359
CERT1,other,0.269544,0.929843,37.1306,168.695,112.488,118.278,80.8593,224,193
CES2,other,0.358554,0.821421,18.3763,66.4954,39.5016,39.4146,21.0207,806,862
CES3,other,0.677858,0.724462,136.924,264.053,154.522,21.1355,7.4704,2929,3271
CES4A,other,0.244165,0.522398,12.9679,65.1388,43.3045,38.7336,19.9673,711,839
CETN2,other,0.409501,0.628569,38.4459,118.864,74.1547,44.9251,23.5584,657,721
CETN3,other,0.32163,0.634972,16.6923,69.9393,38.5121,30.7623,20.8724,915,807
CETP,other,0.246636,0.60567,20.5478,100.103,69.3382,69.6248,31.5744,411,515
CFAP126,other,0.209302,0.79809,16.8258,92.642,69.7584,72.538,47.6495,366,359
CFAP141,other,0.277736,0.708777,21.3885,93.18,63.6462,58.2322,37.5894,441,439
CFAP184,other,0.333662,0.795185,23.0567,87.5132,54.5641,48.2233,33.1659,583,590
CFAP20,other,0.347528,0.664642,80.5301,178.313,301.132,98.8632,116.353,301,177
CFAP210,other,0.420306,0.605777,24.6822,80.996,42.5768,23.7845,13.5594,1443,1380
CFAP298,other,0.546285,0.647245,309.137,620.094,516.423,114.945,64.8332,275,313
CFAP36,other,0.29226,0.407941,28.8663,110.446,88.3267,34.2039,22.6532,997,889
CFAP410,other,0.323773,0.774905,20.1578,73.0613,53.0537,47.5996,26.477,715,716
CFAP418,other,0.274772,0.554835,22.1376,99.3832,65.3137,56.5215,28.1717,656,647
CFAP44,other,0.274737,0.649573,12.5717,56.4825,37.0715,33.08,21.066,822,796
CFAP45,other,0.467903,0.651569,31.5276,95.2607,47.6604,20.7398,16.242,1079,1067
CFAP53,other,0.169394,0.485907,10.4626,83.9403,45.4479,55.0526,29.3985,552,548
CFAP68,other,0.330529,0.624209,18.3417,76.6733,40.162,39.9272,16.6653,1013,952
CFAP70,other,0.338384,0.535663,23.8684,82.5455,60.2742,34.822,18.6708,956,1021
CFAP96,other,0.300805,0.514607,18.1901,74.3311,49.1957,31.0536,20.3252,978,931
CFAP97,other,0.32416,0.636654,30.3754,133.907,65.5727,59.8713,34.8261,382,451
CFD,other,0.400052,0.689087,41.5241,119.689,90.0149,47.2386,39.8948,513,458
CFH,other,0.170762,1.30997,14.926,91.238,83.7383,87.6391,47.6643,322,451
CFL2,other,0.401277,0.676077,24.3189,86.9378,42.2464,28.7928,19.9937,789,870
CFLAR,other,0.318615,1.18922,142.293,445.032,448.174,354.73,289.63,67,66
CFP,other,0.223104,0.669133,9.04931,52.401,31.3962,33.8504,21.5369,845,782
CGAS,other,0.192236,0.382328,8.8804,46.9551,45.4477,27.8931,17.1453,975,956
CGGBP1,other,0.0821406,1.79105,7.5431,106.096,79.4847,104.595,67.6721,271,248
CGREF1,other,0.141107,0.696797,6.85162,61.9243,38.0737,54.7936,24.5142,592,685
CGRRF1,other,0.212361,0.772877,14.6012,86.9047,54.3984,69.5467,33.8368,475,483
CH25H,other,0.177717,0.559751,9.03539,56.0226,46.1394,44.6602,23.2079,603,677
CHAC1,other,0.191797,0.639367,7.94805,53.0379,32.3781,39.3013,21.1284,864,851
CHAC2,other,0.103608,6.73447,8.51541,87.9191,76.832,87.8468,54.7153,314,320
CHAMP1,other,0.508271,0.736571,34.5278,85.685,53.857,27.7986,15.8966,960,1099
CHCHD1,other,0.264268,0.490036,25.4186,128.476,72.0098,61.8179,31.6457,431,560
CHCHD10,other,0.188794,0.67725,12.9069,82.1759,56.8757,62.3842,38.5245,480,463
CHCHD2,other,0.166979,0.469789,15.4394,112.976,75.6752,84.3438,37.9522,250,426
CHCHD5,other,0.376783,0.697001,20.7505,63.5579,47.7207,33.2733,18.4543,979,1051
CHCHD6,other,0.0157562,0.110426,1.37071,116.859,64.7632,103.603,53.1395,246,330
CHCHD7,other,0.162634,0.500814,8.8314,60.1861,48.9936,40.4473,33.2399,653,610
CHD1,other,0.393634,0.762203,25.7922,81.8389,52.4602,43.8948,22.2822,724,770
CHD1L,other,0.202546,0.639486,12.2136,67.6614,53.7401,49.0944,34.0937,495,519
CHD2,other,0.0956918,0.26841,5.94162,77.0166,50.0583,51.8406,30.5946,673,625
CHD4,other,0.468543,0.740591,109.516,291.684,187.301,94.946,76.1514,292,233
CHD7,other,0.519849,0.697465,75.9844,166.312,128.461,43.0797,32.1492,697,503
CHD8,other,0.117957,0.670677,9.73964,115.815,58.8666,94.4276,49.0062,257,326
CHD9,other,0.10086,3.61042,21.0989,296.676,147.502,294.846,128.837,96,116
CHDH,other,0.244391,0.60949,8.42868,39.2596,30.2973,26.0096,15.8639,1145,1128
CHEK1,other,0.119888,,221.924,2214.48,1547.35,1765.88,1906.22,13,10
CHEK2,other,0.121991,0.355405,44.8325,412.319,327.565,252.241,228.16,80,83
CHERP,other,0.100605,,82.2708,1367.04,489.18,1689.15,478.285,12,31
CHFR,other,0.248963,0.854352,14.8513,71.9068,49.4873,53.4385,33.1254,530,515
CHI3L2,other,0.0738646,0.351324,4.79793,79.5231,53.057,68.0883,36.7466,464,435
CHIC1,other,0.335024,0.650415,14.3177,47.3806,38.5473,25.5677,16.332,1218,1147
CHIC2,other,0.550665,0.611249,82.76,169.13,133.55,20.5194,10.1964,2539,2350
CHID1,other,0.183765,0.619613,7.71257,48.3487,36.4324,36.2915,23.582,781,743
CHIT1,other,0.202937,0.836714,13.8415,76.6267,60.7106,62.5393,41.2847,422,380
CHKA,other,0.236584,0.708048,20.4344,97.3265,76.6518,66.5386,49.5986,431,401
CHM,other,0.0868644,0.863563,4.84878,68.1244,45.7382,63.3744,39.101,448,462
CHML,other,0.223118,0.936927,17.1769,89.5586,66.1782,72.3181,46.683,419,404
CHMP1A,other,0.29017,0.592371,37.401,240.413,69.1042,81.7785,43.9749,205,364
CHMP1B,other,0.200175,0.583359,12.391,75.103,51.019,50.1562,32.9337,511,535
CHMP2B,other,0.130672,0.862505,7.11825,63.4403,46.7755,57.9946,34.2681,510,532
CHMP4A,other,0.254301,0.510777,19.2838,102.726,55.9768,54.4268,26.4659,546,651
CHMP4B,other,0.10641,0.897072,9.073,79.0436,91.9756,71.8138,77.8267,388,232
CHMP7,other,0.15599,1.59277,13.2972,100.369,72.3991,96.9697,51.8939,278,311
CHN1,other,0.226118,1.09005,13.5417,67.3922,53.2188,59.0133,34.7997,559,548
CHN2,other,0.248174,2.31052,23.4292,97.5152,91.3968,94.9258,51.6879,291,407
CHORDC1,other,0.165146,1.15575,77.8934,448.302,496.24,355.781,447.146,69,35
CHP1,other,0.330735,0.652488,25.1301,74.5427,77.4504,40.6047,33.7427,688,593
CHPF,other,0.104082,0.69483,8.72879,117.733,59.7397,110.127,38.9906,241,454
CHPF2,other,0.230965,0.754371,12.4744,66.9146,43.5939,48.611,28.6545,573,620
CHPT1,other,0.142458,0.496428,13.0703,125.874,66.8744,108.73,26.4409,201,551
CHRAC1,other,0.343481,0.59244,25.6997,100.255,55.8401,42.2111,23.4202,620,711
CHRM4,other,0.126811,0.652264,7.47357,71.58,48.5231,61.3491,35.6911,448,502
CHRNA1,other,0.240194,0.734747,13.3079,66.465,46.185,49.4426,26.9131,649,662
CHRNA10,other,0.194956,0.751055,12.9542,81.8528,53.9408,65.8018,35.4064,545,527
CHRNA5,other,0.156329,1.217,13.6139,84.8356,89.3945,75.5673,75.8931,404,256
CHRNA6,other,0.248004,0.684074,13.1331,66.3562,42.2608,47.4636,22.7516,703,693
CHRNB1,other,0.128085,0.872656,17.905,163.091,119.817,131.366,106.548,183,133
CHRNE,other,0.254555,0.646624,14.6956,70.3294,47.3885,46.0362,26.1276,640,648
CHST10,other,0.463631,0.569034,32.2245,86.0097,56.167,16.0248,10.343,1537,1582
CHST11,other,0.0677334,0.497376,3.8371,72.4853,44.2742,66.0986,34.9554,419,486
CHST12,other,0.210404,0.751706,18.054,112.08,65.6917,83.3056,45.6451,360,385
CHST14,other,0.182457,0.63471,23.1245,184.216,87.1958,136.301,59.4932,270,265
CHST15,other,0.224242,0.432227,10.8802,55.8313,42.1661,30.3386,17.3099,907,899
CHST2,other,0.180564,0.990409,11.061,64.5865,58.1008,52.6994,47.6082,551,397
CHST7,other,0.111724,0.865818,6.52103,66.8522,50.9595,62.3084,38.4754,510,439
CHSY1,other,0.115005,0.9828,4.60337,48.5635,32.9921,46.0374,24.3071,652,644
CHTF18,other,0.380909,0.860245,76.9178,180.216,226.266,113.845,105.809,273,199
CHTOP,other,0.187927,0.619638,23.7652,144.15,110.941,110.727,66.9297,225,236
CHUK,other,0.115646,0.752119,18.7447,196.958,133.39,169.698,110.604,163,150
CHURC1,other,0.139734,0.432828,25.7243,287.579,117.849,149.228,92.3175,186,174
CIAO1,other,0.27809,0.784519,33.1816,161.306,88.2626,108.359,54.4755,238,293
CIAO2A,other,0.134969,0.524779,15.8095,167.341,81.9903,133.22,55.3922,170,281
CIAPIN1,other,0.146877,1.89641,89.1919,494.02,746.45,445.341,701.01,56,23
CIART,other,0.357016,0.566311,14.3757,46.1104,35.1628,18.5425,11.7883,1630,1631
CIB1,other,0.153202,0.521749,12.86,113.323,62.177,86.8355,39.2414,351,396
CIB2,other,0.111852,,102.274,1086.85,769.268,944.639,872.712,22,15
CIBAR1,other,0.478639,0.698608,42.0176,99.8325,77.1925,34.0043,22.2405,660,809
CIC,other,0.172844,0.551283,7.98113,61.9335,34.4267,44.5872,22.3437,665,711
CIDEB,other,0.208982,0.810868,13.1814,70.0213,56.8165,49.8598,43.7096,502,419
CIITA,other,0.185471,0.856668,10.4769,69.1531,46.1427,57.7344,33.0441,526,530
CILK1,other,0.367339,0.63616,43.5931,165.567,85.0606,54.549,42.7636,756,476
CIMAP1B,other,0.202571,0.616968,11.402,59.1948,53.5214,43.8841,31.2143,711,585
CIMIP5,other,0.301543,0.767984,13.3167,46.6594,41.7977,31.8475,21.4986,914,863
CIP2A,other,0.198216,0.833445,46.0311,347.039,155.398,272.37,114.546,65,147
CIPC,other,0.14716,0.5795,8.3022,68.377,46.5472,53.402,32.8411,530,514
CIR1,other,0.271139,0.781384,29.2236,129.369,89.7955,84.4724,58.6405,270,275
CIRBP,other,0.0976719,0.687319,5.11897,65.5367,41.9124,58.4339,34.1029,504,511
CISD1,other,0.178014,0.458932,10.8562,77.631,47.9083,43.1204,31.6938,669,571
CISD2,other,0.278661,0.705821,14.8262,66.2831,42.7078,37.1173,27.5792,628,651
CISD3,other,0.103003,0.736583,6.61811,77.8677,53.016,73.2482,35.5406,371,469
CISH,other,0.344759,0.583706,17.9748,66.8292,40.6754,28.9025,15.6721,936,965
CIT,other,0.0697597,0.266206,7.0988,136.63,75.7906,98.6426,57.0709,228,254
CITED2,other,0.257191,0.557785,23.3389,99.8464,82.4738,55.381,43.1002,564,429
CITED4,other,0.153863,0.581864,7.81737,63.3791,40.7292,51.9545,24.93,634,688
CIZ1,other,0.292719,0.832171,17.6873,73.9189,49.3932,49.9787,30.5232,652,508
CKAP2,other,0.234031,0.762278,20.9635,110.286,72.7545,84.7285,43.1619,389,454
CKAP2L,other,0.322702,0.608314,27.864,128.313,58.1046,52.6854,30.3619,464,496
CKAP4,other,0.468265,0.745462,44.0131,131.153,67.3605,48.3176,25.2782,412,640
CKB,other,0.222354,0.941374,20.3268,88.3428,94.5974,74.4354,61.0725,375,320
CKLF-CMTM1,other,0.161098,0.347329,14.0512,129.394,58.7945,55.4674,36.656,420,481
CKS1B,other,0.0780525,0.360725,11.6426,240.652,92.4559,191.29,71.3525,117,205
CKS2,other,0.209062,0.485265,14.7688,79.4897,62.7809,46.3434,34.8363,632,606
CLASP1,other,0.268069,0.70872,16.2323,66.993,54.7315,45.8061,29.9719,646,614
CLASP2,other,0.157598,1.19375,15.1316,110.777,83.2185,101.669,65.5779,280,274
CLASRP,other,0.274699,0.90447,75.5913,349.406,216.721,278.773,117.831,103,137
CLBA1,other,0.06989,0.599612,17.4912,285.026,219.747,244.992,198.492,75,68
CLC,other,0.247685,0.488665,12.4323,58.9382,42.7476,26.5496,22.7632,1004,764
CLCA1,other,0.273715,0.632342,18.3683,75.4211,59.71,45.0922,31.8887,522,535
CLCC1,other,0.26814,0.363259,28.221,107.99,102.574,31.2081,23.9684,892,911
CLCF1,other,0.163233,0.959483,8.34843,70.7605,36.9661,61.9515,28.3719,463,594
CLCN2,other,0.189877,0.711567,13.5428,86.3304,58.9264,67.4747,39.7156,493,444
CLCN3,other,0.155338,0.434641,6.91421,58.3771,33.9381,40.3356,19.9115,621,792
CLCN5,other,0.113143,0.491006,6.20802,67.9073,44.3339,56.6463,30.1382,561,598
CLCN7,other,0.0909451,0.44419,9.64016,162.751,69.0375,138.575,49.5555,236,335
CLDN1,other,0.285023,0.58482,35.3634,166.403,92.5097,83.2034,48.5616,334,335
CLDN15,other,0.263397,0.831466,14.3478,64.4643,46.0289,48.928,26.8629,654,725
CLDN20,other,0.0694368,0.542128,9.45984,197.122,94.1569,187.599,62.1853,98,223
CLDN3,other,0.134412,0.520999,7.41911,64.2851,47.3932,49.6492,33.5382,553,504
CLDN4,other,0.209211,0.571447,9.889,52.067,42.9114,36.9555,23.0941,816,833
CLDN5,other,0.431867,0.636216,40.8077,87.8273,101.661,39.9624,15.7085,818,907
CLDN7,other,0.426919,0.765116,49.5591,135.958,99.1182,67.9363,37.4378,507,540
CLDND1,other,0.281465,0.647545,20.9357,90.8215,60.9169,50.3556,35.0856,472,452
CLDND2,other,0.249805,0.75621,24.8147,124.404,79.3193,86.5171,50.8982,285,311
CLEC11A,other,0.182836,0.410525,14.1215,88.2535,67.5941,58.4545,27.8855,469,682
CLEC12A,other,0.196152,0.687185,14.8535,89.1412,64.3275,71.4769,37.8781,409,441
CLEC16A,other,0.235305,0.644701,12.7916,69.025,42.8137,40.5917,28.9682,693,622
CLEC1B,other,0.229083,0.545303,13.3936,65.416,52.2548,40.3675,28.1703,613,586
CLEC2B,other,0.0773396,0.518153,7.58011,130.656,73.5223,113.723,60.8834,212,285
CLEC2D,other,0.191737,0.564231,11.0432,66.9849,49.522,49.0234,28.195,560,597
CLEC4A,other,0.0951188,0.923024,7.05471,87.3946,62.9421,79.5347,55.5099,354,307
CLEC4E,other,0.270062,0.416868,17.4555,88.6365,47.133,26.6153,18.8629,1081,871
CLEC7A,other,0.135027,0.591025,8.66212,76.0204,54.135,60.4252,40.3614,518,434
CLECL1P,other,0.17036,0.665784,13.9334,114.151,58.6006,96.5053,33.7797,275,485
CLHC1,other,0.163764,1.12768,9.08944,64.3186,47.8959,59.0189,35.637,526,505
CLIC1,other,0.250541,0.78481,20.1238,88.504,72.8955,67.6479,41.3702,494,508
CLIC2,other,0.155004,0.752236,10.2611,79.3847,55.2032,59.9862,45.6112,473,338
CLIC3,other,0.36977,0.608614,36.9947,112.142,89.2575,54.0631,25.6404,736,713
CLIC4,other,0.210009,0.538456,11.0844,59.1643,47.0861,39.6067,25.4184,820,741
CLIC5,other,0.492661,0.678275,25.0212,86.6926,29.7536,20.6037,9.16253,2342,1975
CLINT1,other,0.414793,0.671764,27.1933,81.9653,52.4364,30.1821,20.7915,834,872
CLIP1,other,0.146529,0.836854,9.68532,81.9837,53.2906,67.4662,44.0641,368,439
CLIP2,other,0.152017,0.579933,15.0115,112.798,86.4502,81.3601,65.1376,391,298
CLIP3,other,0.344146,0.616037,14.8592,52.9538,35.2053,25.0017,14.391,1062,1173
CLIP4,other,0.214014,0.676229,11.9454,65.165,47.8084,49.3766,28.0444,578,642
CLK1,other,0.354543,0.720118,18.3014,56.9968,46.7501,31.2078,21.7046,918,809
CLK2,other,0.311111,0.688651,17.9552,70.591,47.1849,38.6691,25.889,956,814
CLK3,other,0.173887,0.639824,19.4654,148.72,84.2606,111.045,59.6939,185,266
CLK4,other,0.152831,0.637756,8.78451,69.7551,47.3624,55.5955,33.9633,500,505
CLMP,other,0.164287,0.845066,9.72006,72.5049,48.2797,63.1694,34.108,497,437
CLN3,other,0.208218,0.597194,9.19256,54.7034,35.6305,34.2711,24.0341,772,682
CLN5,other,0.184417,0.442309,8.63814,57.4862,38.1658,35.3621,20.9263,872,870
CLN6,other,0.191294,0.448392,16.3675,120.12,60.9463,56.1842,40.1059,512,452
CLN8,other,0.245538,0.718915,24.4778,118.914,83.5754,82.7966,51.4773,399,373
CLNK,other,0.208676,0.615255,14.6825,95.5011,51.8373,60.1921,35.7086,490,526
CLOCK,other,0.234848,0.762553,14.179,66.7255,54.6298,50.5588,33.2437,576,534
CLP1,other,0.385275,0.797183,43.7158,116.571,110.445,67.926,48.6257,334,406
CLPB,other,0.0951033,0.559927,12.7357,120.957,148.26,113.115,82.286,245,241
CLPP,other,0.195469,0.493557,10.6102,65.7877,44.7868,43.4772,24.0728,583,620
CLPTM1,other,0.120128,0.5314,5.6985,52.411,42.9346,44.0402,29.1971,641,608
CLPTM1L,other,0.20965,0.634377,6.60504,37.0207,26.8111,26.282,16.7162,1001,989
CLPX,other,0.169125,0.56616,9.90023,78.4948,43.6553,58.6319,28.2606,548,595
CLSTN1,other,0.234169,0.654758,9.51056,49.0192,33.6501,35.4569,18.0934,904,933
CLSTN3,other,0.570753,0.746701,61.5141,126.879,91.5509,35.1255,17.585,766,1051
CLTA,other,0.091875,0.333358,6.15109,95.0906,47.1381,63.6373,36.3134,473,436
CLTB,other,0.189456,0.773517,20.6346,128.811,92.0924,102.29,65.26,198,230
CLTRN,other,0.11166,0.513386,6.8015,76.6198,48.4254,65.449,32.7133,493,485
CLU,other,0.143632,1.0089,8.83232,79.7625,47.4074,71.1082,38.5518,384,397
CLUAP1,other,0.312231,0.756294,23.3109,76.4458,72.9147,51.7523,34.4417,572,533
CLUH,other,0.259123,0.55579,20.5099,100.181,62.5356,50.1512,35.3166,485,482
CLYBL,other,0.586884,0.805249,67.1432,140.404,93.2225,45.6518,19.8462,781,1025
CMAS,other,0.188442,1.05026,39.8679,273.287,163.784,203.941,143.005,126,108
CMC1,other,0.311096,0.572236,14.0806,54.4377,37.6315,28.6853,14.1204,1061,1458
CMC2,other,0.211455,0.917523,23.6915,117.327,106.992,102.981,60.5159,325,268
CMIP,other,0.2115,1.05739,20.4655,105.456,88.7873,94.8356,53.5159,315,310
CMKLR1,other,0.203156,1.26732,12.3523,70.2471,52.6266,64.3173,36.606,485,491
CMPK2,other,0.518788,0.646564,38.9924,99.7572,56.6287,18.844,11.68,1412,1538
CMSS1,other,0.296381,0.461486,16.5897,67.674,46.2969,25.7822,15.4488,1135,1200
CMTM1,other,0.134656,0.430809,16.6576,132.04,115.896,93.4037,77.2003,272,217
CMTM2,other,0.446577,0.616054,22.9209,66.0351,39.893,19.1189,10.3874,2060,1868
CMTM3,other,0.217647,0.870898,12.6958,64.2167,52.9867,50.629,37.3466,572,517
CMTM5,other,0.154466,0.489737,12.1076,92.2354,66.6117,70.1349,38.9561,380,421
CMTM6,other,0.263298,0.519724,13.6145,61.9782,43.139,31.7137,20.4651,891,816
CMTM7,other,0.49997,0.693313,70.7706,163.614,122.461,51.5885,29.4506,479,575
CMTM8,other,0.13567,0.373325,5.12956,45.5571,31.3787,31.2869,18.1488,1087,981
CMTR1,other,0.267831,0.670486,30.3691,142.364,90.3113,88.0046,52.5704,257,266
CMTR2,other,0.330251,1.23283,285.593,805.862,927.996,606.692,658.556,44,31
CNBD2,other,0.112258,0.503022,9.9831,117.497,67.3082,94.4866,50.191,334,301
CNBP,other,0.369575,0.56454,19.3655,59.8223,45.8977,22.815,14.101,1173,1235
CNDP2,other,0.173244,0.804752,7.957,57.2155,36.8695,48.765,25.3007,661,728
CNEP1R1,other,0.219877,0.73671,15.468,79.7851,62.0277,63.2797,35.3191,416,441
CNIH1,other,0.143679,0.986226,8.73274,72.4014,51.023,67.433,35.2422,385,460
CNIH2,other,0.153641,0.531679,9.14856,71.4827,49.6012,57.7939,27.9721,531,603
CNIH4,other,0.133001,1.01512,15.0144,153.162,83.2069,143.124,61.4112,190,289
CNKSR1,other,0.229782,0.610037,10.3876,64.6797,31.5957,41.2319,19.2302,656,758
CNKSR2,other,0.240782,0.457839,10.5882,55.784,34.6648,29.9565,13.9568,1339,1223
CNKSR3,other,0.30389,0.682615,22.6012,99.3985,55.6482,62.918,25.5977,445,656
CNN2,other,0.194399,0.526789,11.4522,81.401,42.634,50.5038,27.3378,555,595
CNN3,other,0.303798,0.665819,18.0053,55.2215,63.6093,37.0101,23.4541,812,816
CNNM2,other,0.346231,0.669067,25.7313,87.6796,62.9929,43.0605,29.8444,788,688
CNNM3,other,0.471575,0.598568,32.3304,71.6392,65.61,19.2428,9.93063,1707,1885
CNNM4,other,0.153896,0.392345,8.40823,75.8174,39.3719,47.7794,22.9914,562,717
CNOT10,other,0.134416,0.492246,14.5947,139.272,84.6482,103.11,60.3395,262,275
CNOT11,other,0.260765,0.835385,63.0525,259.916,224.943,182.843,151.029,114,104
CNOT2,other,0.191033,0.69427,28.6239,168.305,133.396,140.246,72.8165,185,212
CNOT4,other,0.320295,0.819905,41.5493,121.408,138.605,86.1618,65.7456,351,294
CNOT6,other,0.166157,0.609922,8.44189,58.1341,44.4028,44.0212,30.8286,604,552
CNOT6L,other,0.476751,0.741615,44.2312,88.067,97.7375,39.54,24.4352,915,937
CNOT7,other,0.139476,2.25009,16.3524,112.381,122.312,108.842,107.387,256,182
CNOT8,other,0.179242,2.64801,13.2312,84.9164,64.1696,83.4203,47.4816,349,350
CNOT9,other,0.279363,1.16838,65.9064,234.92,236.918,187.86,169.303,131,90
CNP,other,0.282334,0.94419,26.4465,115.435,76.0102,89.0008,46.3313,312,424
CNPPD1,other,0.177877,0.880582,15.6415,85.3131,90.6364,69.0788,71.2015,405,260
CNPY2,other,0.389569,0.628905,24.8072,83.1234,48.7826,30.9453,18.9633,1093,939
CNPY3,other,0.136601,0.646038,10.432,85.9241,67.8754,69.4877,52.0114,401,327
CNPY4,other,0.0920608,0.754181,5.81266,79.2565,50.2998,75.2219,35.5765,398,456
CNST,other,0.136606,1.00469,16.2068,150.123,93.7581,138.303,71.7439,175,208
CNTD1,other,0.0892365,0.472106,6.49818,111.605,47.5133,91.4465,38.115,249,454
CNTF,other,0.31026,0.675596,14.5948,58.3589,37.9174,34.5645,18.3043,824,940
CNTNAP1,other,0.159008,0.579934,9.82201,79.1195,48.2257,64.1631,29.0471,454,533
CNTRL,other,0.106763,0.664269,8.83199,100.757,67.9209,88.2278,53.8115,265,285
CNTROB,other,0.151331,1.10611,21.5711,169.903,119.587,142.847,105.531,132,143
COA1,other,0.11608,0.665341,12.6922,110.998,107.708,100.082,74.3692,306,265
COA3,other,0.231436,0.611862,43.2385,161.096,216.667,109.097,120.631,275,150
COA4,other,0.348684,0.648581,16.1694,54.757,39.272,26.6783,17.1369,1044,1005
COA5,other,0.205908,0.717101,21.5247,96.6461,113.068,76.5291,68.2815,380,275
COA6,other,0.278556,0.608478,16.8881,80.1338,45.8692,37.2157,27.9206,726,675
COA7,other,0.147216,0.419916,16.3002,106.696,114.901,82.2324,53.3072,464,317
COA8,other,0.070722,0.539505,7.26586,123.517,85.4552,111.046,70.9114,213,212
COASY,other,0.228528,1.1764,181.615,887.895,711.318,665.633,604.086,42,30
COBLL1,other,0.277006,0.738121,11.6845,52.7098,33.7556,35.613,19.0986,847,864
COG4,other,0.062545,0.34831,27.6507,345.458,565.762,163.965,531.039,251,36
COG5,other,0.167058,0.842632,42.5472,287.461,225.646,173.78,203.218,153,76
COG6,other,0.137925,0.251065,50.7799,372.074,364.31,148.486,181.347,152,100
COG7,other,0.111557,1.04584,14.372,166.017,99.9729,154.628,83.3923,162,181
COL11A2,other,0.214539,0.650383,15.6302,86.5702,61.312,65.4632,33.9492,436,469
COL16A1,other,0.175548,0.614501,14.5783,90.2704,76.3974,69.4596,49.3528,386,401
COL18A1,other,0.2906,0.714816,11.4954,45.2036,34.6166,28.0997,19.4961,923,794
COL1A1,other,0.325458,0.886912,18.2109,65.8621,47.5378,45.2836,27.0503,585,640
COL22A1,other,0.163645,1.49854,11.8178,93.7906,55.6036,88.4452,43.9689,407,401
COL27A1,other,0.176765,0.573097,11.1962,76.6036,52.3721,59.4293,30.1492,507,564
COL4A1,other,0.2182,0.45794,23.09,132.469,84.5326,70.6641,43.3977,498,466
COL4A2,other,0.20156,0.539377,6.35521,36.463,27.2645,26.3665,13.5145,1201,1247
COL5A1,other,0.114876,0.497221,10.7126,114.277,76.0986,94.1215,53.0686,341,320
COL5A2,other,0.367752,0.687273,13.7331,40.1462,34.7363,21.1369,13.7317,1399,1425
COL5A3,other,0.119615,1.66365,7.23703,71.3932,51.2737,69.441,41.5801,416,436
COL6A1,other,0.15807,1.5148,23.439,113.031,194.528,108.725,138.925,291,137
COL6A2,other,0.185193,1.1233,10.8686,70.8311,48.6268,63.9526,35.0168,435,452
COL6A3,other,0.314539,0.574559,21.9575,100.839,48.3271,41.0295,23.908,881,786
COL7A1,other,0.265295,0.654889,19.4948,83.2959,64.827,62.8367,21.5142,442,823
COL9A2,other,0.102179,0.645356,7.24215,95.0568,52.8479,82.8619,42.5213,412,355
COLGALT1,other,0.283415,0.885611,21.8,73.3481,80.664,58.2288,40.587,548,446
COLGALT2,other,0.358578,0.740103,21.9464,68.2003,54.9251,38.3336,25.4841,800,729
COLQ,other,0.161394,0.357738,8.92538,68.5919,44.5869,43.465,19.8137,847,866
COMMD1,other,0.410713,0.682174,46.3511,126.151,100.961,52.0993,38.6171,469,460
COMMD10,other,0.206636,0.509385,24.6007,128.897,109.962,86.0576,55.5159,312,291
COMMD2,other,0.21395,0.858506,19.3404,111.907,73.0213,92.6727,46.6361,330,354
COMMD3-BMI1,other,0.109473,1.02236,15.725,154.518,133.534,142.09,114.498,190,167
COMMD4,other,0.362477,0.560675,58.8413,194.685,135.354,73.638,44.3651,495,478
COMMD5,other,0.286271,0.860987,62.7312,186.957,256.845,134.712,155.238,215,142
COMMD6,other,0.138215,0.540578,8.97235,80.8942,52.0938,64.9656,34.7988,473,513
COMMD7,other,0.315399,0.544867,29.9803,97.2006,92.9574,47.151,32.4664,734,610
COMMD9,other,0.298211,0.538354,14.0158,46.5023,47.5026,27.1337,12.5078,1126,1189
COMT,other,0.191222,1.12667,11.2622,68.4606,50.6677,61.9192,35.3926,440,506
COMTD1,other,0.209253,0.885787,12.3117,75.2644,45.9938,63.2343,29.9352,389,577
COP1,other,0.370075,0.730497,38.9309,103.98,106.429,58.2187,44.3626,528,472
COPA,other,0.171929,10.7224,152.595,748.75,1052.07,682.935,1048.99,29,19
COPG1,other,0.202003,0.766362,16.1283,93.9416,67.8583,73.449,46.2455,440,342
COPG2,other,0.465629,0.720439,30.0205,72.0325,57.7069,30.0204,16.3766,793,1019
COPRS,other,0.418812,0.635811,33.0614,80.5329,77.3803,32.4881,21.1021,876,885
COPS3,other,0.0619382,0.362152,63.1836,1808.72,575.334,1588.96,436.821,10,33
COPS4,other,0.272191,0.755429,32.5947,136.258,105.24,97.4595,57.2571,258,286
COPS5,other,0.226695,0.576344,25.2695,149.382,83.1788,84.1701,53.7003,414,332
COPS7A,other,0.247299,0.564032,8.66143,43.0302,28.5075,25.5475,15.0191,1009,1141
COPS7B,other,0.329253,0.802942,23.3539,86.1624,58.3905,54.3147,31.8277,580,609
COPS8,other,0.191273,,136.149,506.499,1000.33,307.915,1054.21,63,13
COPS9,other,0.277345,0.529065,23.2588,87.6851,80.2067,45.5943,34.29,695,551
COQ10A,other,0.088844,0.587247,5.42235,74.2182,50.1889,65.0218,40.9181,423,384
COQ2,other,0.180863,2.08242,148.457,492.206,1368.84,298.526,1342.6,65,18
COQ3,other,0.270426,0.912856,81.4852,281.489,322.551,150.737,261.611,170,81
COQ4,other,0.234811,1.27205,45.6648,149.154,253.566,128.697,190.569,211,99
COQ5,other,0.135913,0.673875,16.6064,119.778,124.638,99.5559,94.608,307,189
COQ6,other,0.214707,0.588939,27.2726,102.879,156.831,75.4833,78.5553,343,256
COQ7,other,0.164028,0.480874,20.3709,139.483,110.576,93.912,71.1975,354,268
COQ8A,other,0.268935,0.579273,17.0152,66.0325,60.6209,36.6305,31.276,652,595
COQ8B,other,0.449037,0.749806,33.448,84.0956,65.9787,35.104,25.3605,862,897
COQ9,other,0.321594,1.34839,33.9145,103.046,107.925,88.0001,65.8802,344,327
CORO1A,other,0.424308,0.693555,26.2848,83.5782,45.9148,32.7739,17.6436,992,1080
CORO1B,other,0.222374,0.555514,12.1415,71.8832,41.4715,41.0304,25.9883,974,686
CORO1C,other,0.188672,0.464749,12.0709,73.6302,55.5913,45.4935,31.6157,556,518
CORO2A,other,0.199103,0.539621,8.1705,48.5247,34.7039,31.344,21.3601,882,821
CORO6,other,0.509971,0.725865,37.6031,93.463,58.1723,28.0814,17.1255,1166,1231
CORO7,other,0.420475,0.585735,23.5813,74.5034,42.2162,20.4341,12.2396,1652,1437
COTL1,other,0.0948979,0.40662,7.14905,95.3113,59.5442,67.0417,48.6096,325,333
COX10,respiratory chain (NDUF/COX/UQCR/ATP5),0.311663,1.33407,159.775,370.977,708.433,284.291,542.968,83,29
COX11,respiratory chain (NDUF/COX/UQCR/ATP5),0.29435,0.768076,128.905,240.125,798.682,167.96,408.38,150,52
COX14,respiratory chain (NDUF/COX/UQCR/ATP5),0.0884363,,22.881,299.813,223.274,244.765,232.596,84,67
COX15,respiratory chain (NDUF/COX/UQCR/ATP5),0.211562,0.439859,16.3363,73.7375,80.8623,41.5574,37.9981,646,482
COX16,respiratory chain (NDUF/COX/UQCR/ATP5),0.219741,0.740046,19.2548,82.8995,92.6202,62.1681,59.9666,448,336
COX17,respiratory chain (NDUF/COX/UQCR/ATP5),0.187236,0.460298,15.8907,89.8759,80.1428,58.9123,41.6518,552,444
COX18,respiratory chain (NDUF/COX/UQCR/ATP5),0.216908,0.511529,15.5854,71.0705,72.6432,48.1532,32.1359,682,599
COX19,respiratory chain (NDUF/COX/UQCR/ATP5),0.157185,0.739281,25.6733,178.112,149.778,150.778,105.656,181,150
COX20,respiratory chain (NDUF/COX/UQCR/ATP5),0.271578,0.543076,48.1272,279.265,112.454,129.934,59.863,308,392
COX4I1,respiratory chain (NDUF/COX/UQCR/ATP5),0.176199,0.947095,53.4275,254.324,361.522,166.48,325.295,145,50
COX5A,respiratory chain (NDUF/COX/UQCR/ATP5),0.314528,0.917462,192.203,377.484,989.247,206.073,733.207,117,27
COX5B,respiratory chain (NDUF/COX/UQCR/ATP5),-0.0416022,-0.178333,-7.4515,250.478,128.081,167.846,106.952,103,153
COX6A1,respiratory chain (NDUF/COX/UQCR/ATP5),0.487559,0.704637,47.1181,113.667,82.1647,38.5744,22.6198,668,865
COX6B1,respiratory chain (NDUF/COX/UQCR/ATP5),0.225179,0.745984,21.4275,91.3302,99.1453,68.0866,63.6491,386,287
COX6C,respiratory chain (NDUF/COX/UQCR/ATP5),0.22451,0.530593,58.3964,225.731,299.716,136.143,164.507,244,121
COX7A2,respiratory chain (NDUF/COX/UQCR/ATP5),0.161296,0.462623,10.1735,75.771,52.5032,51.765,32.3583,446,546
COX7A2L,respiratory chain (NDUF/COX/UQCR/ATP5),0.129426,0.537137,6.92018,69.2537,41.2807,57.6677,26.9545,517,628
COX7B,respiratory chain (NDUF/COX/UQCR/ATP5),0.063856,,19.8362,417.796,230.966,423.071,202.215,55,60
COX7C,respiratory chain (NDUF/COX/UQCR/ATP5),0.151087,0.537627,16.5336,102.737,116.56,79.1719,76.4272,316,230
COX8A,respiratory chain (NDUF/COX/UQCR/ATP5),0.21962,0.680193,13.3025,83.0417,44.1797,63.7898,24.313,558,700
CPA5,other,0.127652,0.438547,8.90382,98.9444,49.1708,71.341,34.2374,450,439
CPD,other,0.195397,0.675184,15.2529,90.8503,67.0722,69.9738,42.6266,377,380
CPEB1,other,0.452725,0.751872,49.8135,138.77,87.243,69.1336,24.2094,399,848
CPEB2,other,0.127878,0.799162,8.36221,81.8269,52.2582,73.3973,39.2695,360,410
CPEB3,other,0.192586,0.54392,7.51043,47.6332,31.9278,31.4336,20.1584,902,849
CPEB4,other,0.269012,0.663793,21.5495,89.5627,71.6475,61.4211,34.1969,484,586
CPLANE1,other,0.135588,0.596621,10.3158,95.1594,60.8293,80.5215,40.4058,402,408
CPLANE2,other,-0.00156138,-0.0066618,-0.226138,159.626,131.409,105.689,110.045,210,136
CPM,other,0.13319,1.15392,20.5974,191.932,124.604,165.232,112.671,190,167
CPNE2,other,0.0881213,0.528655,7.14841,102.077,64.4656,88.9869,50.4979,305,288
CPNE3,other,0.255075,0.722664,9.34392,43.7341,30.6834,30.6402,17.9156,1156,995
CPNE5,other,0.193021,0.533303,16.8901,104.891,72.9991,68.7797,45.2231,384,355
CPNE7,other,0.16134,0.926739,104.502,571.045,734.679,534.719,384.642,45,51
CPNE8,other,0.250545,0.462285,13.2324,52.8507,52.7781,29.6393,17.4796,835,1030
CPOX,other,0.153797,0.403903,21.7454,188.717,105.932,103.179,72.046,289,231
CPPED1,other,0.1546,0.42816,5.68689,45.8036,29.5413,31.4126,17.2825,970,920
CPQ,other,0.246274,0.700705,17.164,99.5445,48.7959,60.3124,33.5017,371,469
CPSF1,other,0.138491,1.22713,78.2817,1163.89,274.514,1081.7,224.998,15,61
CPSF6,other,0.463829,0.731123,156.682,351.835,324.329,97.2502,143.933,234,111
CPSF7,other,0.176894,0.722931,22.2916,154.662,102.677,116.88,77.5117,229,254
CPT1A,other,0.43366,0.692506,38.0129,112.368,68.3786,40.7572,26.3025,605,706
CPT1B,other,0.219081,0.86176,21.9243,120.496,83.1131,91.7944,60.562,298,310
CPT2,other,0.47602,0.760055,39.3146,92.6062,73.6577,39.1409,23.6145,931,895
CPTP,other,0.105789,1.4827,25.0706,278.825,201.427,270.865,165.508,90,92
CPVL,other,0.134607,0.530084,8.31256,77.8886,48.9623,61.964,33.5201,499,498
CPXCR1,other,0.120954,2.03509,8.86947,89.5584,60.0415,87.6882,49.8851,326,336
CPXM1,other,0.581194,0.728524,55.8766,117.302,78.7971,27.13,13.5595,1513,1555
CR1,other,0.273682,0.478629,19.9283,82.777,64.0529,40.1305,23.4031,1054,817
CR2,other,0.164463,0.608296,9.83945,74.4128,48.1015,57.5465,32.5886,448,512
CRABP2,other,0.390172,0.569351,17.5942,56.5408,35.9638,19.3646,10.2768,1851,1823
CRACR2A,other,0.328233,0.687016,17.4061,59.9408,46.9158,33.8638,22.3,738,787
CRADD,other,0.343379,0.617789,18.0611,69.5089,39.8017,30.3558,17.9723,790,986
CRAMP1,other,0.290112,0.707233,38.9262,152.186,118.298,89.19,70.2093,229,223
CRAT,other,0.187106,0.869491,13.3176,100.028,50.6471,88.625,30.0733,299,528
CRB3,other,0.329498,0.764302,14.4159,47.9474,39.9218,30.7636,19.2189,904,910
CRBN,other,0.337283,0.65333,26.5359,115.491,53.5953,49.3395,28.6575,776,621
CREB1,other,0.444368,0.693223,35.8534,81.8198,79.564,35.2403,22.1365,782,797
CREB3,other,0.0952963,0.993041,8.43782,121.571,64.4882,116.522,50.1889,224,305
CREB3L1,other,0.0629008,0.314704,5.15744,90.0535,74.6543,78.8299,50.7248,332,343
CREB3L2,other,0.186147,0.717478,31.8755,170.454,172.027,125.563,128.058,227,147
CREB3L3,other,0.1976,0.811142,15.6343,100.26,62.4386,67.7803,51.0007,308,309
CREB3L4,other,0.346021,0.69622,33.6731,122.671,77.2003,68.3247,34.1575,550,600
CREB5,other,0.24585,0.65977,14.7771,73.1186,49.4095,51.9508,25.7112,516,589
CREBBP,other,0.419072,0.498244,60.5515,169.575,123.115,29.7893,17.4571,1015,1166
CREBL2,other,0.262123,0.920383,29.9066,97.7999,133.103,82.3509,64.7593,339,281
CREBRF,other,0.107091,1.24965,8.14467,79.4858,72.7698,77.1297,54.7406,456,338
CREBZF,other,0.318708,0.812516,14.2145,55.2978,35.9723,37.8316,18.4498,953,951
CREG1,other,0.147267,0.780841,9.64798,76.5911,56.0383,66.7662,40.4994,432,397
CRELD1,other,0.269146,0.646891,16.7525,78.5275,49.3359,47.2332,27.9053,618,629
CRELD2,other,0.213215,0.486372,14.3891,87.2958,52.1723,50.8984,28.1253,559,626
CREM,other,0.130439,0.602618,9.49598,89.9245,58.9371,71.9867,45.0942,399,362
CRIM1,other,0.279306,0.615641,15.4741,65.8646,46.6013,37.1737,24.5815,715,734
CRIP1,other,0.322118,0.544724,22.5731,91.017,53.9551,37.7035,21.7448,804,887
CRIP2,other,0.0948856,0.799349,5.08936,68.6716,41.8938,63.6677,33.7925,498,502
CRIP3,other,0.39573,0.762366,23.9095,58.4659,62.4364,33.715,22.6971,910,826
CRIPT,other,0.302987,0.796418,29.1449,96.6491,95.7372,66.5013,51.3164,499,398
CRISPLD2,other,0.212178,0.901054,12.6934,80.2495,44.5977,64.2376,32.2037,585,522
CRK,other,0.141357,,28.8333,261.038,159.387,289.003,145.031,92,122
CRKL,other,0.274392,0.523814,17.2665,67.1688,58.9519,38.0418,21.6476,743,775
CRLF2,other,0.327963,0.587935,14.2796,48.4623,39.1183,24.1105,14.8944,1390,1399
CRLF3,other,0.103359,0.478002,5.40063,66.5574,41.02,54.977,29.9969,494,531
CRLS1,other,0.258836,0.561904,44.4794,169.39,174.333,99.1744,85.0935,309,277
CROCC,other,0.23893,0.910891,18.1556,95.6715,60.3526,80.7762,33.6818,294,490
CROT,other,0.426188,0.690698,60.0688,168.169,118.127,51.8717,53.0914,475,316
CRTAM,other,0.229955,0.488556,11.5805,69.057,36.7247,35.3989,20.0317,866,869
CRTAP,other,0.199899,0.502525,19.856,135.872,72.6163,78.159,45.5644,388,418
CRTC1,other,0.269235,0.659249,14.945,64.2683,47.944,42.9952,23.7858,625,706
CRTC2,other,0.252268,0.522252,25.8079,136.888,76.4566,78.9826,34.2846,265,487
CRTC3,other,0.142067,2.45784,16.408,161.658,82.5139,159.128,64.9015,220,263
CRX,other,0.102114,,6.26768,73.8206,51.0346,74.348,41.4749,384,400
CRY1,other,0.596554,0.730484,99.3125,216.483,128.022,47.6306,18.556,920,1199
CRY2,other,0.168566,0.614961,7.325,52.6754,35.8483,44.0567,19.3865,652,849
CRYAB,other,0.176127,1.31649,8.31229,55.5024,40.1311,50.6026,31.9947,540,523
CRYBG1,other,0.306426,0.609862,18.1323,77.5442,45.1549,35.6695,24.0447,830,799
CRYBG2,other,0.201617,0.626949,8.20758,53.8253,30.7885,39.7775,18.5886,776,832
CRYBG3,other,0.371324,0.661214,20.4417,64.3387,47.1038,30.1202,19.1727,1088,1146
CRYGS,other,0.134059,,13.536,125.409,81.2945,128.928,54.8185,204,343
CRYL1,other,0.476663,0.738482,26.6085,63.0744,49.4044,23.6237,16.496,1257,1171
CRYZ,other,0.312321,0.765791,13.4702,47.9881,38.7628,31.1321,20.4069,917,867
CRYZL1,other,0.237153,0.409487,24.152,161.492,64.224,53.8994,31.8911,456,559
CS,other,0.221091,0.725298,27.488,112.024,137.985,83.3071,87.9687,339,232
CSAD,other,0.22508,0.627769,12.9126,69.5635,47.3117,50.7767,24.7916,531,634
CSDE1,other,0.386508,0.515435,62.7586,213.618,123.422,45.9077,35.0243,676,530
CSF1,other,0.0333166,,2.54033,103.295,56.2836,105.317,46.2741,240,348
CSF1R,other,0.174471,0.47839,9.59931,76.0684,39.7951,45.4856,26.6295,615,653
CSF2,other,0.180408,0.480154,9.25187,58.5376,44.9278,41.9353,22.5647,770,798
CSF2RA,other,0.112733,0.221232,6.49998,94.3299,35.2429,37.9223,19.9394,763,799
CSF2RB,other,0.038138,0.176093,2.41456,74.2741,53.9662,65.5239,32.4792,451,495
CSF3R,other,0.443661,0.696243,32.698,92.9568,58.4333,36.0951,19.6448,1102,1019
CSGALNACT1,other,0.333174,0.660661,21.653,96.2093,43.9015,44.3899,23.172,750,756
CSGALNACT2,other,0.498266,0.845542,54.2547,141.5,83.7907,50.8911,38.3511,489,470
CSH1,other,0.265413,0.689726,17.8184,73.1379,61.6241,50.8464,31.6846,600,618
CSK,other,0.47424,0.601191,40.1995,118.129,60.8258,22.8775,13.8856,1192,1247
CSKMT,other,0.0565203,1.24876,4.06478,81.7469,63.2694,81.1405,45.7981,374,393
CSMD1,other,0.162505,0.463298,14.0767,92.5048,81.1153,70.3672,39.4139,471,432
CSMD2,other,0.176111,0.419791,10.7326,69.0576,53.7801,43.6229,28.0812,755,770
CSNK1D,other,0.321554,0.572652,21.5163,74.1304,60.3992,37.1378,22.2366,932,901
CSNK1E,other,0.202015,0.610671,8.74701,54.414,34.4542,38.9524,21.1848,654,757
CSNK1G1,other,0.235844,0.637865,14.3649,69.4628,53.4078,48.5799,29.1217,610,638
CSNK1G2,other,0.325153,0.769668,17.7566,58.4335,51.037,38.4523,24.3995,867,804
CSNK1G3,other,0.0923683,1.05898,10.3611,126.997,99.0779,119.918,85.5541,184,194
CSNK2A2,other,0.24983,0.453934,19.7415,92.5622,67.4583,45.1793,27.5417,684,732
CSNK2B,other,0.184204,0.532691,16.4373,119.419,66.6794,84.7548,39.211,319,365
CSPP1,other,0.224412,0.496884,9.03924,52.942,30.6458,28.6392,17.0284,1159,1022
CSRNP1,other,0.206903,0.662535,12.7992,70.8753,53.9931,54.5421,31.1435,603,537
CSRNP2,other,0.272207,0.525769,11.9477,60.9609,31.6021,27.0668,16.3668,881,985
CSRNP3,other,0.122913,0.84997,9.95125,98.4457,66.5824,88.7254,52.4808,310,320
CSRP1,other,0.38714,0.658841,21.9611,58.6349,54.8802,28.9891,17.4016,1065,1107
CST3,other,0.422875,0.798835,24.5725,62.9283,53.657,33.0314,22.0083,866,875
CST7,other,0.156815,0.559671,4.84337,35.4472,26.9115,27.1958,17.8353,991,927
CSTA,other,0.318004,0.653059,12.9133,50.9588,32.3587,27.4605,15.7194,1140,1159
CSTB,other,0.173623,0.566527,16.7992,127.953,73.1663,95.8218,45.8002,258,337
CSTF2,other,0.293833,0.829839,21.0441,76.314,67.213,54.4244,37.8342,490,456
CSTF2T,other,0.208658,0.506703,12.7229,82.1357,45.2661,49.3439,26.0395,741,669
CSTPP1,other,0.204437,0.682195,17.088,107.554,64.9583,80.4275,41.8289,379,429
CTBP1,other,0.728421,0.787957,151.369,253.189,170.554,21.4096,11.3359,1442,1577
CTBP2,other,0.0724726,0.348291,4.12486,72.4819,44.6932,61.3709,32.0697,507,519
CTBS,other,0.230776,0.508548,17.3833,97.9184,57.9452,54.1603,31.2435,505,622
CTC1,other,0.351981,0.648175,66.5797,223.815,159.865,103.245,72.3553,248,196
CTCF,other,0.126809,0.446716,32.5768,350.62,188.227,240.282,140.029,114,106
CTCFL,other,0.185777,0.610073,13.8919,92.5324,60.4289,70.3981,37.0032,616,489
CTDNEP1,other,0.146346,0.890599,17.1123,151.775,90.0847,128.27,74.3781,230,215
CTDSP1,other,0.188568,0.539018,13.4335,78.093,64.9883,55.1079,37.9657,644,523
CTDSP2,other,0.316751,0.894814,38.8393,140.602,106.934,89.0294,70.4034,372,318
CTDSPL,other,0.142854,0.549913,16.8485,132.014,105.37,99.846,76.1892,274,238
CTDSPL2,other,0.520224,0.775462,68.5031,149.704,115.826,52.1449,35.8368,509,478
CTH,other,0.207739,0.401752,12.1821,61.1722,56.2152,34.9782,21.1139,868,753
CTLA4,other,0.154547,0.766943,9.88787,79.4226,51.5394,66.9295,38.2346,474,436
CTNNA1,other,0.231788,0.639466,14.4908,75.3083,51.8989,54.2592,27.5031,573,630
CTNNAL1,other,0.131606,,83.3987,591.218,679.236,439.156,724.191,48,26
CTNNB1,other,0.220922,0.887929,28.265,130.864,125.084,102.303,89.6051,280,208
CTNNBIP1,other,0.176705,0.653031,12.7194,90.7832,57.0734,69.2606,39.4466,469,502
CTNNBL1,other,0.173973,1.47583,68.5708,363.64,427.214,292.273,396.965,73,38
CTNND1,other,0.131874,0.379788,7.95249,76.0713,47.804,52.8641,28.911,597,551
CTNS,other,0.111901,0.438429,9.48378,105.628,68.0011,80.1008,49.6713,346,329
CTPS1,other,0.363257,0.707459,84.2525,229.952,233.937,91.3671,131.597,296,155
CTPS2,other,0.4082,0.638138,19.9679,59.8106,40.0075,22.6064,13.6901,1410,1322
CTR9,other,0.19135,1.03181,31.9116,224.672,123.792,187.195,98.2679,135,157
CTRL,other,0.206491,0.908976,15.7437,99.1414,58.6354,76.9136,45.1391,270,364
CTSA,other,0.0805664,0.567099,7.8302,112.449,84.0005,102.068,65.6362,288,246
CTSB,other,0.246103,0.672224,10.7258,55.1174,34.4619,38.4008,19.2324,957,837
CTSC,other,0.544931,0.750479,38.0444,79.0346,61.6711,24.7974,14.2897,1233,1426
CTSD,other,0.274353,0.614873,14.5818,62.3135,45.334,38.6221,21.595,826,799
CTSF,other,0.314636,0.57653,24.5556,120.193,50.6765,56.1468,22.3518,483,810
CTSH,other,0.0899453,0.219941,5.43446,83.5339,43.7011,46.5102,27.2112,614,581
CTSK,other,0.528603,0.823109,76.9741,187.484,113.101,52.7008,48.2166,536,395
CTSL,other,0.195885,0.65685,11.0374,70.1652,45.2491,52.3638,29.3874,578,630
CTSO,other,0.536124,0.612475,130.249,245.713,240.209,29.3707,31.1688,2034,1133
CTSS,other,0.169542,0.786833,11.9567,81.2391,61.221,65.7313,46.3307,429,416
CTSW,other,0.167758,0.472478,9.79813,86.8392,39.283,58.2627,24.2338,420,638
CTSZ,other,0.147391,1.19302,18.5454,171.622,92.2485,142.878,83.8416,172,186
CTTN,other,0.226029,0.465394,16.2626,97.1157,53.3047,46.4228,29.2171,664,579
CTU1,other,0.262775,0.650726,44.3474,283.158,100.587,149.702,65.7848,149,255
CTU2,other,0.322248,0.659588,29.9727,137.206,63.0522,64.4755,34.6605,469,459
CUBN,other,0.329092,0.574006,90.2899,270.296,278.485,152.217,68.9433,259,301
CUEDC2,other,0.46849,0.682337,22.6114,66.8219,34.8608,18.1455,12.3007,1399,1481
CUL3,other,0.271994,0.464688,50.2676,212.121,161.019,71.3059,77.9179,261,214
CUL4A,other,0.260629,0.627319,22.5908,90.0019,83.4772,59.0705,41.5507,659,569
CUL4B,other,0.147405,0.742094,21.666,162.595,132.87,93.0484,120.614,336,147
CUL5,other,0.111083,0.721353,15.2508,127.953,147.313,117.791,103.326,250,147
CUL7,other,0.125707,0.449173,12.7766,139.729,73.9303,90.7199,57.4212,213,305
CUL9,other,0.249333,0.501604,13.4016,58.7571,49.1693,28.2603,25.7628,1073,791
CUTA,other,0.216828,0.524927,11.4671,64.2975,43.4992,40.6578,23.3124,719,722
CUTC,other,0.145073,0.914563,10.9194,94.4151,60.0053,87.3114,39.9378,357,365
CUX1,other,0.279899,0.461811,16.0531,92.8313,35.4341,27.7143,16.8776,936,979
CUX2,other,0.119722,0.451762,9.33251,90.9418,66.8168,69.2317,47.1599,453,381
CUZD1,other,0.305261,0.690828,25.0447,95.1767,70.7225,61.1014,32.1522,582,648
CWC25,other,0.138196,0.520607,9.73475,92.5533,53.6129,74.9726,33.7248,369,521
CWC27,other,0.492172,0.761824,32.3188,80.3762,53.6474,29.1823,18.4927,835,836
CWF19L1,other,0.164514,0.822553,16.2916,123.898,79.1519,92.9029,66.4954,290,253
CX3CR1,other,0.228253,0.411175,13.6127,75.2275,47.2806,36.6192,18.8911,937,956
CXADR,other,0.35434,0.532605,31.9583,133.386,60.9841,30.0129,26.1546,914,725
CXCL1,other,0.405443,0.565775,28.7611,89.1038,56.4747,26.2657,15.3502,1437,1473
CXCL10,other,0.094184,0.37471,7.1359,102.172,56.1838,84.5062,35.6547,322,422
CXCL11,other,0.164951,0.434955,9.4253,76.7526,42.5389,48.9137,25.6715,580,626
CXCL13,other,0.428422,0.614422,15.9099,47.295,29.1592,14.9218,8.44752,1995,2160
CXCL14,other,0.186191,0.733099,9.27302,63.7225,38.9251,50.6487,26.6871,660,648
CXCL16,other,0.0803206,,11.1227,236.299,81.1525,242.194,65.5555,88,228
CXCL2,other,0.175177,0.804193,19.3251,124.483,97.7636,111.157,54.4326,252,305
CXCL3,other,0.186703,0.489364,13.1637,90.3162,55.0414,55.0194,34.5413,726,529
CXCL5,other,0.176886,0.953383,13.4735,87.1848,66.5475,75.5847,49.3302,352,339
CXCL8,other,0.172487,0.931585,13.5346,92.3843,66.6464,79.4433,50.3356,410,367
CXCL9,other,0.0797541,0.315743,5.66585,69.2738,72.8544,58.235,43.6838,578,361
CXCR2,other,0.112007,1.16425,5.87823,62.9778,43.7336,60.9585,31.1094,474,511
CXCR3,other,0.0863391,,5.65297,71.102,60.2915,75.921,47.8182,399,403
CXCR4,other,0.159534,0.57933,11.2085,92.8546,53.1602,74.789,32.44,379,509
CXCR5,other,0.163563,0.605535,7.27622,56.5331,35.0059,44.6989,22.8049,716,736
CXCR6,other,0.236602,0.762038,15.028,73.7081,54.7334,55.638,33.2111,553,513
CXXC1,other,0.362895,0.751187,145.079,388.578,411.307,202.938,210.38,103,71
CXXC4,other,0.129769,1.40331,8.62968,86.6483,51.0372,82.8636,41.0454,337,398
CXXC5,other,0.333622,0.572164,18.2476,73.5504,40.6738,30.3548,17.1272,1100,996
CXorf38,other,0.359751,0.68778,22.8213,76.4125,52.6637,41.4832,21.1433,853,907
CXorf65,other,0.118981,0.670362,9.06473,116.466,49.8378,102.804,36.4536,308,472
CYB561,other,0.0642217,,4.66151,70.0051,75.2592,70.8806,66.5996,401,257
CYB561A3,other,0.162795,0.649477,17.3701,123.566,92.1346,104.365,54.8823,283,327
CYB561D1,other,0.185004,0.68012,16.1526,89.8797,84.8131,75.0454,46.7898,372,371
CYB561D2,other,0.417395,0.586554,33.1376,105.224,59.9009,30.5205,17.1756,901,999
CYB5A,other,0.11897,0.516894,7.81689,80.4002,53.695,66.6204,37.0982,463,446
CYB5B,other,0.110862,0.502724,8.82177,92.8102,68.2258,79.6685,44.7943,312,360
CYB5D1,other,0.101689,0.340715,10.3641,125.413,82.8285,81.3562,61.8258,270,261
CYB5D2,other,0.541843,0.743836,43.0501,87.1962,72.3942,26.085,17.5825,998,1038
CYB5R1,other,0.339145,0.721563,16.4646,55.8189,42.2232,33.4474,18.9497,1163,1029
CYB5R3,other,0.138513,1.56744,13.996,109.997,92.8214,100.491,84.4343,300,199
CYB5R4,other,0.240527,0.549187,52.5674,183.453,260.364,114.416,127.65,213,145
CYB5RL,other,0.181545,0.469615,18.1382,101.37,98.4712,66.8225,55.2912,399,366
CYBA,other,0.217255,0.665563,14.2459,77.8851,55.2058,47.9362,39.9084,452,416
CYBB,other,0.497445,0.692882,29.6659,66.1301,53.7805,19.149,14.7619,1440,1313
CYBC1,other,0.135424,1.29042,7.84061,71.0218,47.1972,65.2471,40.8042,499,442
CYBRD1,other,0.23326,0.612319,13.1294,72.1546,43.9077,51.5207,21.6259,595,697
CYC1,other,0.24323,0.971793,58.4518,227.141,254.253,177.375,181.556,144,99
CYCS,other,0.0795213,0.396995,15.7905,210.721,187.119,171.905,146.362,146,110
CYFIP1,other,0.329027,0.681757,22.6424,81.3227,58.2331,44.6236,28.1772,482,572
CYFIP2,other,0.260918,0.647221,13.3208,67.2573,38.7539,40.5692,22.8816,748,714
CYGB,other,0.338646,0.579913,17.0117,49.0926,51.4027,24.4527,16.4782,983,1065
CYLD,other,0.196745,0.704426,22.7234,149.43,89.2688,108.843,63.6307,236,259
CYP1B1,other,0.0784071,0.856617,6.44003,89.7183,75.1941,84.652,64.038,320,291
CYP20A1,other,0.534803,0.673402,20.3192,51.2383,28.1729,11.7954,5.08967,3920,3912
CYP27B1,other,0.346353,0.744275,12.0599,40.6498,29.8255,24.0411,14.0174,1255,1204
CYP2D6,other,0.356223,0.580237,26.0854,108.145,49.5844,39.7338,20.0413,569,795
CYP2E1,other,0.0912124,0.351025,6.33353,93.6147,51.5039,59.5859,41.937,373,416
CYP2R1,other,0.0733489,,5.99699,82.1577,81.3639,82.9051,72.2414,360,232
CYP2U1,other,0.393991,0.884781,19.9346,60.0013,42.6661,36.9316,20.6619,718,849
CYP3A5,other,0.200988,0.677648,15.0594,98.7158,56.8707,83.038,25.3698,339,633
CYP46A1,other,0.151135,0.935688,15.0112,121.162,81.4205,109.333,59.6624,246,253
CYP4V2,other,0.156682,0.542349,25.7623,172.022,157.161,110.184,120.673,289,154
CYP51A1,other,0.198991,1.60908,27.1536,161.148,115.548,151.073,87.2827,193,186
CYP7B1,other,0.528406,0.72235,29.858,62.9464,50.7241,20.1526,10.7991,1434,1660
CYREN,other,0.140219,0.734371,10.0076,84.4642,60.3079,71.4876,45.9968,383,349
CYRIA,other,0.179983,0.536631,9.11976,68.0908,37.7063,45.2697,25.0508,714,630
CYRIB,other,0.435195,0.69622,25.4267,68.91,49.537,28.918,16.1857,1239,1265
CYSLTR1,other,0.433607,0.643619,35.3489,103.633,64.1297,36.9864,18.8697,655,955
CYSLTR2,other,0.128832,0.77829,6.2166,49.5422,46.9985,43.6813,36.1127,744,527
CYSTM1,other,0.15071,1.12691,18.3321,177.504,83.3551,132.059,77.5319,193,238
CYTH1,other,0.246246,0.701543,12.3962,69.264,36.5872,44.5342,23.9617,841,683
CYTH3,other,0.111694,2.39511,9.63338,75.4286,98.6195,64.605,97.1249,542,197
CYTH4,other,0.114279,0.499256,17.1186,203.969,110.012,154.93,86.0374,160,171
CYTIP,other,0.273061,0.478432,13.4424,58.9087,41.1392,26.3474,16.8948,1204,1149
CZIB,other,0.108788,0.429343,6.88246,84.8889,47.1496,61.942,35.9512,435,500
D2HGDH,other,0.13419,0.487226,7.45497,64.4796,47.8663,48.5273,33.1902,560,578
DAAM1,other,0.274251,0.426924,18.9816,83.0657,57.6697,32.487,18.5857,990,948
DAB1,other,0.270419,0.809414,13.6142,56.9795,44.483,43.042,24.1847,656,725
DAB2,other,0.313444,1.06408,19.9159,77.9006,51.8252,62.3736,29.264,481,658
DACH1,other,0.18962,0.676556,9.4677,67.7676,36.7874,52.4004,24.0439,589,734
DACH2,other,0.111495,0.820894,6.48143,67.5538,50.0247,62.7169,37.1361,408,451
DACT1,other,0.180923,0.769531,11.7048,78.5819,53.2622,68.3929,30.5561,460,498
DAD1,other,0.0537067,,20.2491,363.653,390.9,385.663,383.63,49,41
DAG1,other,0.331427,0.77719,24.6269,85.0534,64.9163,55.0459,31.4556,533,581
DAGLA,other,0.315065,0.72108,37.8142,141.886,101.524,93.9446,44.1612,252,373
DAGLB,other,0.106094,0.979378,10.1127,98.9541,91.8158,93.8693,70.8478,296,245
DALRD3,other,0.354205,0.664645,26.1277,83.1021,65.4761,47.0297,22.6361,646,829
DAP,other,0.0182111,0.0448917,6.28419,368.334,323.286,285.846,85.7253,66,237
DAP3,other,0.161462,0.967443,11.6125,88.852,58.2166,73.9279,48.5624,333,375
DAPK1,other,0.377237,0.670226,40.4297,122.951,93.4207,61.8859,33.8315,639,729
DAPK2,other,0.108103,0.562784,24.7692,341.471,153.742,282.831,120.71,54,107
DAPK3,other,0.191543,0.497764,10.0904,64.5126,43.0173,38.3768,27.2942,639,630
DAPP1,other,0.188206,1.76226,16.8579,104.119,77.0566,98.7509,60.0108,293,295
DARS1,other,0.125257,0.906866,39.7743,533.543,188.987,428.078,170.748,52,103
DARS2,other,0.176493,1.02382,22.9833,121.755,139.277,111.322,90.9758,267,239
DAXX,other,0.233064,0.77933,24.9397,128.844,88.8724,84.2586,65.9031,278,273
DAZAP1,other,0.220656,1.14424,68.7147,393.311,246.566,275.042,216.073,69,61
DAZAP2,other,0.14485,0.700647,8.7986,82.521,44.7121,70.5906,31.4939,460,514
DBF4,other,0.213123,0.735128,46.8409,248.67,194.253,140.905,156.578,184,93
DBH,other,0.0313723,,3.09272,135.338,71.8072,138.665,55.4911,220,259
DBI,other,0.328274,0.644845,22.507,77.7114,60.4892,42.6026,25.7908,835,807
DBNDD1,other,0.105915,1.44006,8.3018,94.1778,65.2347,91.0857,54.4866,326,319
DBNDD2,other,0.225199,0.712671,9.97849,53.1733,36.9234,37.4517,24.4538,835,770
DBNL,other,0.638395,0.715009,86.2122,166.268,109.686,21.8193,9.0386,2216,2642
DBP,other,0.272904,0.612606,19.8445,84.0003,62.9473,53.7076,28.3072,552,613
DBT,other,0.583716,0.782221,49.1564,75.5654,93.8501,24.6349,16.3104,1178,1249
DBX1,other,0.152141,2.25771,9.52566,72.9948,53.704,70.7846,45.6496,420,376
DBX2,other,0.30947,0.624015,17.1679,65.6011,46.9121,37.6394,19.8425,731,924
DCAF1,other,0.344223,0.744489,38.0828,127.118,96.2879,81.6212,38.7755,456,497
DCAF11,other,0.222654,0.977078,14.1479,67.8512,59.5069,57.6926,38.8678,599,499
DCAF12,other,0.088682,0.443388,6.10089,98.6524,47.9743,82.54,36.2236,393,424
DCAF15,other,0.19352,0.481554,10.8539,71.8028,43.8105,46.907,23.4047,537,660
DCAF17,other,0.208888,0.501306,10.2281,58.8062,40.7702,35.0858,23.2206,855,742
DCAF4,other,0.316673,0.691474,15.9511,48.483,52.3322,32.301,19.4472,1044,931
DCAF5,other,0.325499,0.558038,22.8913,91.0705,54.3081,38.4056,22.3565,752,778
DCAF6,other,0.457877,0.718302,68.4547,166.265,134.433,61.3287,47.8835,440,436
DCAF8,other,0.151182,0.496258,22.6787,173.251,129.885,104.811,99.3703,191,165
DCAKD,other,0.345852,0.439367,55.3922,293.881,87.2863,40.7112,24.5049,610,773
DCBLD1,other,0.295545,0.714389,17.7438,70.1723,51.3663,46.0775,25.7628,613,691
DCBLD2,other,0.0713038,1.40637,8.59118,130.308,111.406,125.918,102.907,209,191
DCHS1,other,0.228282,0.580975,14.6895,88.5441,46.7638,51.6793,29.4224,512,602
DCK,other,0.103175,0.536456,35.9557,631.12,192.43,542.383,141.805,30,96
DCLRE1A,other,0.251508,0.635804,22.9605,85.7587,97.1808,55.4035,54.2189,612,307
DCLRE1B,other,0.235042,0.778436,20.8895,99.5174,79.3721,75.9152,48.861,338,357
DCLRE1C,other,0.141522,0.528991,8.81478,87.562,44.3058,66.9991,30.8024,462,522
DCN,other,0.450487,0.745305,23.4886,58.7796,46.2514,24.4377,17.3298,988,1035
DCP1A,other,0.365648,0.638904,21.7781,67.8774,52.2624,32.8531,19.0882,788,823
DCP1B,other,0.223635,0.50893,11.0223,63.2761,38.3907,36.9962,20.542,813,895
DCST2,other,0.179916,0.9985,12.6556,87.9163,56.2797,76.6717,41.9933,399,367
DCTD,other,0.302393,0.773204,22.0241,84.2858,62.9359,55.1259,35.1116,573,547
DCTN4,other,0.110093,3.35712,15.5478,181.117,110.118,178.514,101.877,141,154
DCTPP1,other,0.236215,0.630201,22.1321,121.237,72.4093,82.1516,40.8542,304,386
DCUN1D1,other,0.194542,0.803035,17.4281,110.606,72.5599,92.2039,46.9642,336,372
DCUN1D2,other,0.158678,1.81764,16.8681,111.673,101.193,107.732,79.341,235,225
DCUN1D3,other,0.233204,0.783982,16.5483,66.0238,76.2666,56.2116,30.8586,660,598
DCUN1D4,other,0.213101,1.21509,18.4997,97.594,77.2206,88.3414,52.1681,376,341
DCUN1D5,other,0.138975,0.414423,15.1422,124.696,95.2038,91.8593,54.5467,330,290
DCXR,other,0.392172,0.63899,30.2104,93.8269,63.2459,35.3292,25.0351,985,863
DDA1,other,0.219525,0.465558,23.5826,140.363,82.2166,80.2489,39.5336,355,416
DDAH2,other,0.151266,0.469512,8.64417,72.1216,45.2792,48.2026,31.1079,673,550
DDB2,other,0.166455,0.90304,16.8159,112.296,90.8822,101.548,58.6204,260,292
DDHD2,other,0.200345,0.897954,12.238,75.4832,49.4326,60.893,36.702,522,470
DDI2,other,0.394685,0.680243,33.7592,96.9324,75.4767,47.2878,25.8649,815,786
DDIAS,other,0.261925,0.633955,17.5974,80.906,55.7905,48.6352,31.9142,664,606
DDIT3,other,0.148869,0.417165,9.47436,65.443,61.8909,49.0114,30.5,502,553
DDIT4,other,0.215376,0.610256,18.6,105.772,70.5114,82.2026,31.0979,289,490
DDR1,other,0.0448979,,4.29074,123.384,74.0211,129.716,56.4613,201,276
DDR2,other,0.214378,0.919218,13.6066,72.3139,55.7074,63.19,31.6925,469,570
DDRGK1,other,0.547656,0.68376,103.457,198.465,179.812,44.1994,31.4094,744,557
DDT,other,0.378617,0.826214,28.0817,70.0852,78.4909,48.8142,24.1817,531,727
DDTL,other,0.336418,0.745185,16.6157,66.772,36.533,34.9273,20.9205,873,813
DDX1,other,0.263224,1.43394,185.231,538.917,918.866,331.533,838.405,72,21
DDX11,other,0.32809,0.571928,21.3016,83.2894,50.6113,36.1873,21.1603,683,755
DDX17,other,0.41145,0.612573,37.6452,118.218,70.8111,37.6997,23.9072,990,797
DDX19A,other,0.238777,0.844068,22.6292,105.582,85.0676,84.0518,51.6832,368,388
DDX19B,other,0.273832,0.756391,13.3686,70.4911,33.8121,46.8572,20.5948,764,782
DDX20,other,0.204682,0.607594,15.1877,86.4259,63.7065,62.938,37.1044,522,533
DDX21,other,0.127352,,62.9457,510.945,478.128,438.546,515.685,40,25
DDX28,other,0.251343,0.589212,15.7227,78.1401,50.0781,44.1664,29.1191,562,592
DDX31,other,0.256209,0.880515,30.8654,108.179,134.157,85.2655,80.5302,359,246
DDX39A,other,0.197884,0.705436,49.3836,215.327,289.232,168.243,185.149,166,131
DDX39B,other,0.173318,0.638946,43.6442,248.351,255.328,200.362,158.101,147,112
DDX3X,other,0.233629,0.86241,17.6681,95.6682,59.7801,72.0321,42.0228,469,458
DDX3Y,other,0.13503,0.341938,9.7796,97.3869,53.8621,65.6514,28.0869,523,581
DDX42,other,0.183957,2.67745,86.7336,747.297,297.473,729.431,238.739,32,57
DDX43,other,0.380468,0.537192,23.5847,94.1051,40.8331,19.2002,15.1,1544,1145
DDX5,other,0.218771,0.631245,40.5207,251.775,136.258,161.837,90.442,168,184
DDX50,other,0.279079,0.750382,17.0463,71.9673,51.8405,48.6417,29.7166,614,569
DDX54,other,0.0990314,0.560634,33.9386,434.76,270.142,394.06,180.103,86,93
DDX55,other,0.0804785,1.5597,16.3179,252.597,162.757,234.211,156.804,104,100
DDX6,other,0.395076,0.704207,78.5568,192.979,204.879,89.4694,84.6554,212,174
DDX60,other,0.194991,0.752092,15.4385,119.995,52.242,86.8422,39.5318,244,385
DDX60L,other,0.251264,0.69144,14.3315,63.4768,51.2517,45.5924,27.2302,682,707
DECR1,other,0.152019,0.531687,10.7465,107.037,46.688,71.1329,35.3097,433,467
DECR2,other,0.293943,0.869887,20.9264,78.6022,64.4803,60.0624,33.2656,496,530
DEDD,other,0.128717,0.77684,9.7625,87.7444,65.559,80.5317,43.6633,329,390
DEDD2,other,0.124408,1.12837,9.81622,80.862,76.993,76.4137,59.9797,371,302
DEF6,other,0.153332,0.427197,11.7081,75.8729,76.8454,57.4632,36.0447,532,524
DEF8,other,0.378718,0.551626,26.193,87.4895,54.6741,30.4915,15.1174,913,1099
DEFA3,other,0.122638,0.408454,11.9835,137.95,69.2145,81.8463,53.8723,274,311
DEFA5,other,0.235647,0.954237,14.3734,71.1747,52.2716,56.8517,36.4311,479,495
DEFA6,other,0.424553,0.484823,55.995,167.265,103.999,22.5988,11.792,1383,1538
DEFB1,other,0.213044,1.40459,15.8702,86.2492,64.3382,79.5159,45.3784,354,355
DEFB131B,other,0.202329,0.837312,15.2273,91.0981,62.176,76.7228,39.1692,395,442
DEGS1,other,0.435938,0.572495,29.8886,79.4631,59.1556,17.986,14.8197,1514,1239
DEGS2,other,0.304692,0.644847,15.0134,60.393,40.202,36.6224,17.3986,766,970
DELE1,other,0.298934,0.568933,20.2521,65.3475,70.2361,35.1614,28.2592,773,529
DENND10,other,0.288421,0.684273,14.4822,63.7695,39.5366,37.1848,22.6876,648,715
DENND11,other,0.256925,0.648166,20.899,94.7083,69.8633,60.4964,39.4755,393,440
DENND1A,other,0.454533,0.738402,39.4645,123.942,60.8225,37.7652,27.676,640,655
DENND1B,other,0.296515,0.522238,15.9219,64.0967,44.9839,26.7837,20.0729,1110,934
DENND1C,other,0.281269,0.854632,16.8419,68.7059,52.1851,55.0449,23.7572,552,758
DENND2B,other,0.107626,0.641552,7.38396,98.3849,47.8424,81.7846,39.8625,387,431
DENND2D,other,0.511802,0.810573,48.8455,123.263,73.8945,45.1772,27.3902,626,583
DENND3,other,0.15086,0.411904,18.6141,170.323,89.3841,115.601,52.0655,234,294
DENND4A,other,0.360931,0.749189,24.5633,85.0224,54.4744,49.0038,24.6298,789,746
DENND4B,other,0.475516,0.756498,41.106,96.9026,77.1159,41.2364,24.076,768,890
DENND4C,other,0.293134,0.723889,20.1567,81.0975,58.3041,47.0262,35.5475,618,475
DENND5A,other,0.129288,0.717957,9.71869,92.837,60.8665,81.411,44.8295,393,381
DENND6A,other,0.207298,5.09209,145.406,350.566,1403.47,286.592,1390.72,92,18
DENND6B,other,0.223772,0.804139,14.0949,78.8406,50.3221,68.5672,20.4169,478,757
DENR,other,0.536527,0.713338,68.0024,142.943,112.383,32.902,29.798,861,703
DEPDC1,other,0.231278,0.739043,14.7224,77.811,52.0773,59.183,30.7738,652,606
DEPDC1B,other,0.215246,0.581506,15.2499,97.4322,51.5184,64.1538,30.852,508,574
DEPDC5,other,0.290405,0.492059,25.1933,104.311,72.1498,41.3191,30.5344,725,596
DEPDC7,other,0.269354,0.749354,12.105,55.648,36.2936,38.7628,20.8394,645,842
DEPTOR,other,0.188448,0.841893,11.1293,70.3444,49.5819,56.5388,36.9238,540,501
DERA,other,0.281998,0.997715,21.2352,84.6485,66.9887,67.8845,39.9663,416,442
DERL1,other,0.295186,0.698776,16.9977,68.3437,48.5167,43.6924,24.5137,767,799
DERL3,other,0.0388542,0.117167,3.15108,102.904,63.9162,78.2758,34.5477,292,508
DESI1,other,0.179539,0.629256,25.4948,271.864,74.1714,166.2,58.636,130,300
DESI2,other,0.421638,0.562432,49.0841,143.296,94.5732,39.5157,21.1849,1048,1050
DET1,other,0.300334,0.573149,35.2287,162.608,84.6138,79.6638,39.0657,289,444
DEXI,other,0.275235,0.548806,19.8233,82.9707,62.5196,41.595,30.9865,729,637
DFFA,other,0.176935,0.541555,9.68434,63.3351,47.3007,49.0536,24.9093,664,620
DFFB,other,0.506926,0.759539,52.6313,132.462,81.3777,47.4878,24.8713,884,901
DGAT1,other,0.351828,0.624193,21.557,77.7104,48.3099,36.5529,19.3305,906,892
DGCR2,other,0.136424,0.622998,8.9523,90.2597,47.7083,75.4416,33.7734,461,470
DGCR6,other,0.120381,0.97013,14.1776,122.814,112.939,114.675,86.6978,214,185
DGCR6L,other,0.405909,0.653558,31.1135,110.349,53.2445,35.7763,22.8529,841,800
DGKA,other,0.513731,0.741064,36.3933,83.0529,60.4248,28.8737,15.9106,891,1091
DGKD,other,0.121796,0.573591,5.94208,57.4914,41.4006,50.038,27.002,558,644
DGKE,other,0.457208,0.835327,29.0461,72.8168,55.4262,36.2127,22.3945,788,787
DGKH,other,0.148171,,24.4687,120.14,226.991,124.988,158.88,188,130
DGKI,other,0.171784,0.540424,9.74248,75.0453,42.8599,55.6238,26.1264,492,624
DGKQ,other,0.322491,0.60691,15.0745,54.2764,40.2569,29.1297,15.7236,1170,1261
DGKZ,other,0.16512,0.424442,27.4026,208.447,132.126,130.793,78.4496,203,193
DGLUCY,other,0.106321,0.277822,5.05737,61.6217,36.7182,38.9167,22.1235,752,781
DGUOK,other,0.116874,0.837495,10.2596,129.987,59.2827,122.128,40.1859,210,404
DHCR24,other,0.176159,0.471783,9.8103,77.7735,39.877,46.7888,25.9219,658,598
DHCR7,other,0.383161,0.632428,24.3883,82.1637,49.3083,34.5913,18.0485,935,1018
DHFR2,other,0.265757,0.570707,9.58303,48.8971,26.5922,27.0377,13.6937,1432,1345
DHODH,other,0.0584402,,32.5285,447.441,692.417,342.98,707.758,68,18
DHPS,other,0.245469,0.747487,55.4603,297.714,171.463,192.973,118.905,132,123
DHRS11,other,0.0744457,0.400152,3.69597,60.7658,40.5619,52.086,30.7332,592,561
DHRS12,other,0.143546,,14.5396,119.523,85.8364,120.652,76.0882,202,217
DHRS13,other,0.346923,0.493155,32.3954,110.368,79.0058,36.7667,20.3763,741,815
DHRS2,other,0.125609,0.531552,4.12262,43.8185,24.5839,36.0073,16.8831,912,955
DHRS3,other,0.134398,0.749596,7.0256,57.636,47.4119,51.5102,33.0721,587,492
DHRS4,other,0.175036,0.543971,16.2469,109.226,78.8795,85.3162,41.5702,399,405
DHRS4L2,other,0.271334,0.628493,17.615,72.0928,58.4606,39.4471,34.3982,643,512
DHRS7,other,0.10341,0.673475,17.1992,151.749,182.291,122.232,160.196,284,128
DHRS7B,other,0.212784,0.449198,10.9006,67.5209,38.8668,34.7189,20.9145,870,845
DHTKD1,other,0.10433,0.407586,4.70893,58.3767,34.8971,45.4941,24.536,663,675
DHX15,other,0.111478,,77.5585,891.931,542.689,995.416,417.078,21,37
DHX16,other,0.161223,,123.961,823.486,717.897,810.847,753.169,23,25
DHX30,other,0.203786,0.577994,18.5212,84.8434,97.3571,62.0529,52.3028,536,348
DHX32,other,0.281294,0.756052,16.0695,69.858,46.716,52.1015,21.2746,546,831
DHX33,other,0.0473656,,27.7948,596.738,577.055,523.618,607.321,40,22
DHX34,other,0.222231,0.511266,11.3743,62.7245,41.764,39.5784,20.3806,801,829
DHX36,other,0.472778,0.71082,196.123,471.716,364.805,166.88,115.075,208,142
DHX38,other,0.103035,,12.3339,114.256,125.415,118.212,100.71,228,166
DHX40,other,0.479552,0.73472,59.5675,134.09,115.067,60.973,25.1675,548,618
DHX57,other,0.125515,1.92719,13.6693,105.404,112.524,103.487,86.2838,254,203
DHX58,other,0.214866,0.613902,13.3187,86.1169,44.6173,60.2411,26.4272,509,673
DHX9,other,0.207699,0.872729,39.5622,218.204,166.276,174.6,119.149,138,133
DIABLO,other,0.474717,0.610414,50.8771,124.792,92.0425,31.3486,17.6983,1402,1218
DIAPH1,other,0.115387,0.634772,11.3475,109.212,88.5558,97.0047,62.3775,276,291
DIAPH2,other,0.247183,0.596485,15.6595,73.4079,54.6736,48.7117,26.7656,592,615
DIAPH3,other,0.146929,0.561071,11.5453,105.001,58.8029,80.0019,41.8656,332,399
DIDO1,other,0.404725,0.601846,29.8228,91.6144,59.267,31.9111,18.14,980,1009
DIP2A,other,0.335162,0.786616,22.3925,70.5465,63.273,44.7406,31.8709,792,710
DIP2B,other,0.189269,0.483177,8.33851,47.9352,40.4914,32.149,21.6251,915,838
DIP2C,other,0.186772,0.591638,9.97106,59.7253,47.72,44.6325,28.9009,734,662
DIPK1A,other,0.156093,0.592002,7.41032,59.6188,37.8029,46.0923,26.2194,632,616
DIPK1B,other,0.172057,0.635317,24.712,197.386,104.509,140.892,77.7279,228,183
DIPK2A,other,0.0907545,1.94962,21.5115,377.026,149.017,347.339,144.916,60,103
DIS3,other,0.167432,0.584476,98.5553,521.957,663.815,365.65,481.909,65,31
DIS3L,other,0.186539,0.919387,18.6789,108.118,92.7394,92.3876,66.4998,283,226
DIS3L2,other,0.442826,0.657906,28.8117,93.8779,45.093,21.5925,18.5616,1181,962
DISC1,other,0.249178,0.705018,23.7604,119.658,75.9882,88.3345,39.7273,259,419
DISP1,other,0.30437,0.793816,19.3707,68.6328,59.014,47.4505,30.903,575,628
DIXDC1,other,0.202283,0.568408,9.35971,55.9029,38.2977,38.3602,22.8413,691,727
DKK3,other,0.312035,0.686024,14.3649,58.3765,36.3044,34.9634,17.5774,898,1042
DLD,other,0.0687865,0.464113,17.2722,265.899,237.123,206.042,213.985,121,65
DLEC1,other,0.107456,0.553138,7.09645,79.1401,55.1094,68.8825,39.0633,399,417
DLG1,other,0.301675,0.565752,10.6871,42.7621,29.3482,20.3445,13.4306,1292,1258
DLG3,other,0.484232,0.622473,66.0057,223.751,83.0404,38.9677,22.1909,1180,955
DLG4,other,0.524438,0.626925,69.4094,214.002,81.8524,32.3944,14.3572,753,1141
DLG5,other,0.159183,1.18291,21.5923,148.404,123.982,139.057,88.3347,183,178
DLGAP4,other,0.224294,0.397205,9.97853,59.8492,33.0703,26.9778,13.871,947,1062
DLGAP5,other,0.241161,0.673262,10.6876,53.5959,36.6452,35.7608,22.5159,765,699
DLK2,other,0.200131,0.813127,13.2257,82.5021,52.9353,65.9408,36.9607,407,451
DLL1,other,0.305717,0.664811,11.0414,47.1913,27.6403,26.5964,14.247,1101,1135
DLX1,other,0.169341,0.421565,10.9178,105.295,39.4761,45.6278,28.2351,455,568
DLX2,other,0.141443,0.719966,11.6113,109.703,61.4303,93.0729,45.7897,295,369
DLX3,other,0.0926178,0.428112,6.92116,80.7661,69.1417,63.267,54.2059,453,284
DLX4,other,0.217257,0.499157,21.0589,111.76,84.069,66.9289,44.3668,313,332
DLX5,other,0.206629,0.518909,10.484,61.8781,41.604,41.1481,21.9127,711,726
DLX6,other,0.466558,0.699846,27.0453,76.5834,43.8771,26.6303,13.9809,960,1195
DMAC1,other,0.072897,0.39537,15.4545,133.448,336.804,116.241,248.007,274,83
DMAC2,other,0.0938376,0.93019,14.3216,154.481,150.784,146.037,122.711,199,140
DMAC2L,other,0.523814,0.765114,34.0929,76.3638,55.4736,26.5347,15.6267,1262,1214
DMBT1,other,0.287225,0.525847,17.6357,69.6988,54.0901,35.1927,21.4934,925,854
DMBX1,other,0.411488,0.690664,37.4133,122.4,67.5393,50.8212,26.5441,455,613
DMC1,other,0.144935,0.516334,9.79319,88.5307,51.5711,64.4835,36.6113,452,430
DMD,other,0.580174,0.706744,63.2398,131.235,90.5346,26.8163,13.8555,1591,1740
DMGDH,other,0.232344,0.781742,15.7495,72.919,63.0132,54.3146,41.1964,577,461
DMPK,other,0.096371,0.426707,4.74382,65.0719,37.2367,56.0733,23.5019,501,637
DMRT1,other,0.324705,0.64785,20.1817,76.1999,50.6971,43.0183,21.4509,917,826
DMRT2,other,0.172019,0.680685,12.0132,95.0642,51.3042,78.3922,32.6215,395,512
DMRT3,other,0.214608,0.630179,19.4989,114.101,72.3499,89.3094,33.7324,411,465
DMRTA1,other,0.270816,0.76168,14.1855,61.7345,44.4444,46.0493,22.3309,580,684
DMRTA2,other,0.424568,0.609725,32.7105,110.463,53.7358,27.6572,18.9784,1495,1086
DMRTB1,other,0.488697,0.575446,30.9897,83.9132,47.9209,13.1673,6.92647,3102,3135
DMRTC2,other,0.225266,0.873731,27.8179,162.431,93.8832,115.346,72.3548,266,240
DMTN,other,0.372005,0.694057,22.5733,78.9371,46.6457,40.3214,19.2529,908,969
DMWD,other,0.071415,0.410896,5.68171,99.6686,63.5068,89.2865,45.0902,318,334
DMXL1,other,0.120594,0.69943,12.4116,111.956,94.6137,99.6512,69.0216,286,253
DMXL2,other,0.405435,0.661206,59.3371,198.345,107.992,70.7839,44.8578,592,488
DNAAF10,other,0.202952,2.03722,81.6002,543.08,297.667,449.717,280.482,56,57
DNAAF11,other,0.323655,0.703166,17.9409,59.0239,52.059,37.6343,21.6243,831,810
DNAAF2,other,0.206229,0.964551,43.6042,238.088,187.767,204.907,126.176,120,145
DNAAF5,other,0.197473,0.756387,16.1752,73.8323,90.8735,62.1853,51.6092,488,374
DNAAF9,other,0.23477,0.691487,15.8099,94.4303,48.0243,64.4312,30.5989,437,524
DNAH1,other,0.163947,0.697267,10.2462,72.6942,53.7307,61.9564,33.6206,505,505
DNAH10,other,0.211926,0.632642,9.77716,54.5325,39.0301,41.7066,20.4084,742,814
DNAH17,other,0.173853,,13.7806,98.1449,64.0183,99.1857,52.7229,277,283
DNAH2,other,0.143962,0.459469,8.01349,75.912,40.8167,52.6691,27.7297,528,559
DNAH3,other,0.251276,0.534178,39.4496,261.797,94.1495,92.4743,61.9389,214,246
DNAH6,other,0.131248,0.374984,6.27433,56.5892,40.3846,40.0265,23.4811,717,652
DNAH9,other,0.186567,0.541945,9.77734,58.8641,46.6573,44.39,24.1698,656,695
DNAI2,other,0.0398758,0.200837,2.13098,70.7117,40.3878,60.0879,29.7906,560,523
DNAJA1,other,0.16791,0.541613,13.9795,107.293,64.6035,83.1771,36.9789,469,437
DNAJA2,other,0.167324,0.46114,12.2903,96.9385,55.6554,60.0726,36.3876,488,471
DNAJA3,other,0.261625,0.782995,82.2732,365.047,270.9,207.446,200.845,157,93
DNAJA4,other,0.183813,0.828502,24.0651,134.655,127.292,104.208,99.5815,264,206
DNAJB1,other,0.475262,0.679139,34.555,107.175,49.3242,26.091,17.3966,877,946
DNAJB11,other,0.42642,0.663942,20.4925,54.3471,42.4951,22.7335,12.3612,1487,1530
DNAJB12,other,0.162408,0.656721,7.63981,56.3963,39.2375,44.5251,27.8374,685,612
DNAJB13,other,0.104429,0.458516,12.0627,133.911,99.6402,108.116,72.8086,279,222
DNAJB14,other,0.399835,0.606477,23.366,67.8536,50.3307,25.8927,14.9558,1333,1286
DNAJB2,other,0.233386,0.461752,10.2047,56.0412,34.115,28.0257,16.6814,889,1138
DNAJB4,other,0.151077,1.78616,10.8818,85.822,60.4519,81.8633,51.0761,352,331
DNAJB5,other,0.135416,0.539963,8.79821,79.9734,52.7839,64.5721,35.5453,526,462
DNAJB6,other,0.391673,0.682353,25.3349,75.7454,55.2376,36.5686,20.0499,1021,1070
DNAJB9,other,0.426062,0.74634,26.3786,72.758,52.6839,36.9645,17.7837,894,1080
DNAJC1,other,0.217594,0.614617,24.0099,133.016,91.5344,93.9597,52.4608,329,363
DNAJC10,other,0.303863,0.51623,24.3302,98.835,64.8671,44.6702,23.8575,596,671
DNAJC11,other,0.390225,0.663018,40.9745,111.302,99.0589,52.0409,34.6114,538,551
DNAJC12,other,0.12971,0.442111,5.61419,50.0304,37.445,38.6047,23.3317,779,714
DNAJC13,other,0.197097,0.506067,12.9546,78.9194,54.7403,44.3451,35.7871,654,499
DNAJC14,other,0.149967,0.981279,11.8117,91.6881,67.6583,80.7731,54.3838,337,305
DNAJC15,other,0.140245,1.08145,9.4021,81.2339,55.3266,75.187,42.8268,421,410
DNAJC16,other,0.415516,0.599473,40.2784,102.6,91.5846,32.7927,26.9143,1218,804
DNAJC18,other,0.42828,0.636683,30.91,83.4876,62.3907,28.4639,19.5554,934,906
DNAJC19,other,0.298217,0.653844,17.4966,67.4417,51.0405,43.2045,21.4959,732,818
DNAJC21,other,0.106102,0.76992,12.9295,144.819,102.54,119.384,91.4522,230,178
DNAJC24,other,0.308089,0.618996,37.6152,109.893,135.645,55.3401,67.9539,506,284
DNAJC25-GNG10,other,0.155818,1.52087,15.7234,117.134,86.93,111.851,66.6999,231,253
DNAJC27,other,0.295721,0.82755,16.7852,65.5132,49.1766,47.0621,26.88,601,732
DNAJC3,other,0.292574,0.548536,31.2325,122.095,93.3349,61.0949,40.1887,589,502
DNAJC30,other,0.257599,0.649045,21.6744,81.8603,86.4834,54.3849,45.8949,531,417
DNAJC4,other,0.137384,0.5812,14.8191,165.758,70.193,130.686,51.6563,166,300
DNAJC5,other,0.26009,0.734075,15.1399,77.8708,43.5135,49.2556,28.6483,634,616
DNAJC6,other,0.143113,,11.6456,90.6282,73.0639,95.387,56.481,325,302
DNAJC7,other,0.186639,0.914996,12.6487,83.8221,54.7931,71.3072,39.5236,382,479
DNAJC8,other,0.371394,0.654244,57.1816,124.221,190.829,67.6867,55.7097,453,421
DNAJC9,other,0.190995,0.619369,25.7056,181.149,99.9948,119.953,71.8475,201,221
DNAL1,other,0.321898,0.755651,20.0537,63.8358,60.7978,39.9917,31.2609,580,521
DNAL4,other,0.264138,0.548482,17.586,70.3064,63.0489,41.3686,27.5231,778,774
DNASE1,other,0.191422,0.601122,10.23,67.6784,42.2005,52.631,22.9534,743,699
DNASE1L1,other,0.224068,0.831238,12.4176,69.5394,44.1659,55.226,28.5745,490,609
DNASE2,other,0.233527,0.433567,26.837,139.515,94.6614,73.5084,36.6158,462,530
DNHD1,other,0.275572,0.654988,17.1402,78.2793,49.4212,47.0343,27.5041,624,669
DNLZ,other,0.121153,0.621501,12.5665,142.252,75.6311,122.192,55.2504,285,283
DNM1L,other,0.402669,0.614005,27.5967,85.4023,54.998,31.6877,17.3904,1287,1227
DNM3,other,0.526519,0.630541,42.0736,129.775,49.2036,14.4137,10.6087,2101,1684
DNMBP,other,0.19698,0.738392,13.5105,86.3538,54.4774,62.286,40.5672,473,463
DNMT3A,other,0.137518,0.438832,9.27638,84.9857,53.5417,56.7525,37.7146,464,436
DNMT3B,other,0.280622,0.67657,34.1458,180.434,82.0565,131.849,29.6306,231,504
DNPEP,other,0.283515,0.675062,15.0406,65.7361,42.8132,37.1884,25.4242,842,750
DNPH1,other,0.182566,0.619911,8.79682,62.8714,36.9282,48.0142,23.3745,597,778
DOCK10,other,0.329888,0.608092,17.4287,58.918,47.375,29.8846,19.081,918,953
DOCK11,other,0.218254,0.796382,10.6622,63.3301,37.6839,49.8525,24.3845,696,664
DOCK2,other,0.223715,0.289592,23.6326,147.309,75.7532,21.7943,22.6949,1015,748
DOCK3,other,0.181666,0.854562,13.2339,78.3849,67.7012,70.4394,37.5181,410,487
DOCK5,other,0.191407,0.642276,11.498,77.2562,46.7082,56.5282,31.2471,545,538
DOCK6,other,0.16605,0.90754,9.47875,68.511,47.5625,59.4117,35.5741,504,489
DOCK7,other,0.177243,0.677963,10.3453,68.2018,49.9522,55.9294,30.9788,566,540
DOCK8,other,0.129629,0.286703,6.30657,64.0601,36.9481,38.2599,18.194,886,952
DOCK9,other,0.301235,0.646024,20.6215,77.5062,60.4632,41.8845,31.8592,605,565
DOHH,other,0.448241,0.734954,117.169,241.296,283.171,99.6439,103.748,409,247
DOK1,other,0.256376,0.711792,12.2931,52.752,43.5844,37.5196,24.0028,738,783
DOK2,other,0.10641,0.739426,7.25329,73.6183,63.1131,66.9164,48.7556,425,367
DOK3,other,0.197396,0.531013,13.4714,94.8694,49.093,61.4233,29.8502,599,523
DOK4,other,0.46089,0.601965,40.343,104.453,73.3535,29.8993,13.1079,1390,1580
DOK5,other,0.495261,0.734859,42.8916,105.149,71.3298,39.073,19.7722,918,966
DOK6,other,0.397966,0.655415,27.3363,83.0355,56.8232,31.7893,22.8774,721,725
DOLK,other,0.150571,0.638772,19.0493,140.414,113.99,113.415,81.0502,224,194
DOLPP1,other,0.281243,0.343204,23.3661,97.2083,71.0079,17.3303,12.9794,2104,1710
DONSON,other,0.0475579,,55.3672,1519.65,891.902,1677.28,755.818,10,13
DOP1A,other,0.375988,0.617061,40.8631,114.292,103.347,49.6353,35.522,668,598
DOP1B,other,0.586983,0.60141,427.854,634.309,837.604,23.2038,9.40813,2501,2517
DOT1L,other,0.144742,0.346538,23.1225,288.851,88.3499,170.03,50.8804,125,278
DPAGT1,other,0.202425,1.79282,115.25,653.75,495.841,598.203,421.445,35,32
DPCD,other,0.137423,0.474304,9.15981,98.3453,45.1754,67.8581,32.9422,363,454
DPEP2,other,0.226743,0.804751,14.9962,80.4135,54.3961,64.1391,33.0589,581,543
DPF1,other,0.350656,0.681356,34.2771,124.782,76.5761,65.6562,33.7724,340,459
DPF2,other,0.0313867,0.397068,7.2931,300.263,179.817,273.685,167.123,85,101
DPF3,other,0.29992,0.657104,14.1653,61.349,36.3609,35.7102,18.2356,1080,908
DPH1,other,0.281639,0.729156,71.4595,288.821,222.898,175.922,137.826,143,108
DPH2,other,0.21839,0.705744,30.345,136.867,141.062,96.3594,95.4222,328,215
DPH3,other,0.153816,0.455443,11.2309,84.2559,63.274,59.3528,38.8563,477,460
DPH5,other,0.352021,0.673877,65.2043,142.199,241.279,72.53,106.893,400,180
DPH6,other,0.132802,0.447864,17.8187,105.824,170.121,85.2839,93.0547,393,209
DPH7,other,0.223985,0.664709,13.223,74.372,46.8612,51.407,29.6294,738,552
DPM1,other,0.233135,0.472712,16.2239,92.9013,52.1287,50.8724,24.102,623,752
DPM2,other,0.19365,0.768248,11.9089,78.8209,47.9807,64.0031,31.7643,423,528
DPM3,other,0.291276,0.604511,19.6708,89.0958,51.1895,48.0849,25.3706,746,716
DPP3,other,0.497037,0.711341,53.2494,107.892,106.38,37.428,26.8549,833,724
DPP4,other,0.362509,0.729138,18.4977,45.1221,57.7044,27.9815,20.1561,1109,970
DPP7,other,0.0689978,,31.1743,646.308,315.851,786.92,284.683,34,52
DPP8,other,0.135973,0.641611,7.58402,60.9342,51.0542,51.9268,35.5427,537,526
DPP9,other,0.116534,1.08935,7.80136,83.459,53.699,75.5779,47.1913,391,376
DPRX,other,0.340574,0.642085,24.6304,98.05,53.3423,47.1177,24.4512,421,670
DPY19L1,other,0.137871,0.632452,13.7161,110.409,89.6421,90.997,65.4133,288,249
DPY19L3,other,0.14962,3.57106,42.3745,364.016,220.347,302.379,218.063,87,75
DPY19L4,other,0.412752,0.731218,20.6785,60.6836,41.3608,27.5265,17.2413,1032,1050
DPYD,other,0.210829,0.524397,10.7218,59.7933,43.2535,38.2162,23.8794,672,743
DPYSL2,other,0.434345,0.681262,23.3765,65.0438,44.5333,24.951,15.1659,1205,1211
DPYSL4,other,0.439829,0.701877,22.5201,66.8622,39.2094,26.7391,13.5514,1146,1343
DR1,other,0.257794,0.577119,23.4794,99.352,83.4932,63.0113,37.9474,445,495
DRAM1,other,0.16505,0.539022,7.62878,56.2062,38.0096,41.9729,23.9365,679,682
DRAM2,other,0.175425,0.470219,11.3262,69.1326,60.2974,49.883,30.1573,600,619
DRAP1,other,0.483694,0.609001,88.9255,246.397,137.175,52.1512,27.4099,564,686
DRC3,other,0.59405,0.681888,71.38,141.742,101.861,21.4965,10.7319,2297,2142
DRG1,other,0.183616,0.540325,14.8561,100.893,64.882,67.0412,42.5509,454,393
DRGX,other,0.331763,0.641444,12.7936,48.0602,30.9418,21.8212,15.7811,1184,1128
DRICH1,other,0.356641,0.758237,14.5782,47.6081,35.0966,28.8661,15.3732,1170,1157
DSC1,other,0.361811,0.748295,22.2098,62.7198,60.0791,37.1956,25.5654,908,731
DSC2,other,0.258584,0.638363,19.2975,90.339,61.6486,63.7025,27.341,423,657
DSCC1,other,0.320787,0.532609,50.077,176.14,138.352,81.9485,44.4987,419,424
DSE,other,0.136572,0.336322,8.11715,70.0073,50.4589,49.3387,22.2761,634,659
DSEL,other,0.0887528,0.27864,8.64235,119.384,79.4245,89.963,46.7263,318,353
DSP,other,0.179783,0.885366,11.2703,68.6464,57.2475,56.1331,44.298,516,439
DST,other,0.199185,0.613117,7.03129,47.1083,26.452,34.3422,16.1499,1152,996
DSTN,other,0.146906,1.24815,6.84494,60.1409,36.0988,56.6933,27.3752,560,630
DSTYK,other,0.220678,0.561865,13.0281,61.4953,56.6761,40.1098,31.5354,680,595
DTD1,other,0.207176,0.535554,10.9699,68.4681,40.9488,43.1169,24.3987,520,689
DTD2,other,0.0827625,0.622614,5.50028,83.2139,53.077,76.4669,41.51,334,406
DTHD1,other,0.132004,1.05514,7.64539,75.5494,44.4009,71.4786,31.5034,475,574
DTL,other,0.220876,1.43083,123.759,632.16,496.624,554.042,400.856,42,53
DTNB,other,0.0740761,0.6992,11.5174,238.072,101.541,229.164,71.0831,115,230
DTWD1,other,0.209866,0.802363,28.381,155.22,117.821,122.91,79.0979,211,216
DTWD2,other,0.132529,0.911851,8.18534,73.8493,51.6541,67.6912,38.5689,463,439
DTX1,other,0.18537,0.394917,7.96091,56.3467,32.7324,32.3029,15.8315,1185,1020
DTX2,other,0.0783592,,5.14346,79.7584,54.0201,82.9342,43.4324,382,369
DTX3,other,0.229796,0.522976,16.0932,80.3423,61.0457,45.0078,34.2466,699,625
DTX3L,other,0.253499,0.68757,14.5069,77.1204,42.4647,52.6637,24.2627,495,703
DTX4,other,0.216205,0.470591,12.1767,80.4158,39.4447,39.4497,23.101,704,736
DTYMK,other,0.114968,0.784336,24.2801,348.459,127.995,316.003,98.4699,54,131
DUS1L,other,0.165495,1.40621,12.3022,90.7237,60.9083,86.9694,40.522,289,356
DUS2,other,0.192576,0.822036,22.2171,151.107,88.0814,121.624,63.3059,174,269
DUS3L,other,0.168137,0.950036,14.5941,110.143,68.4029,93.0499,54.5972,340,324
DUS4L,other,0.0313287,0.225659,3.30644,143.482,77.6316,126.64,64.8838,200,245
DUSP1,other,0.284973,0.591221,14.3465,57.4626,44.1064,33.385,19.6507,1024,972
DUSP10,other,0.304117,0.660005,15.1633,65.2732,38.0863,36.2829,19.8793,734,875
DUSP11,other,0.223321,0.600511,9.57932,54.723,33.6233,36.8041,19.4225,867,874
DUSP12,other,0.26582,0.824433,126.502,456.747,495.844,215.371,398.302,115,51
DUSP14,other,0.324645,0.80322,29.0712,101.618,78.9109,63.2945,44.7294,369,411
DUSP16,other,0.328487,0.647843,28.764,114.413,67.0176,63.8103,28.0604,407,568
DUSP18,other,0.378593,0.543691,40.5011,105.716,108.255,38.5772,25.6024,774,745
DUSP19,other,0.190122,0.50343,7.61569,48.4735,33.1016,32.4198,18.8467,980,913
DUSP2,other,0.189892,0.405439,10.7703,57.3991,56.0451,34.8697,24.7228,850,683
DUSP22,other,0.233946,0.771427,13.7437,69.2757,49.8194,55.0081,27.5725,576,594
DUSP23,other,0.249745,0.61363,16.0707,70.6476,58.6109,45.9044,30.8906,609,610
DUSP3,other,0.166419,0.610737,7.35716,50.337,38.8263,41.0595,23.1847,807,774
DUSP4,other,0.228983,0.935827,13.8091,60.6773,59.9377,51.5325,36.1273,588,470
DUSP5,other,0.374048,0.508496,27.0602,88.4913,59.1434,25.0507,14.5039,1095,1118
DUSP6,other,0.289467,0.711378,26.9788,105.642,82.2261,70.4893,41.3107,476,440
DUSP7,other,0.329431,0.795807,11.8549,43.8119,29.5582,27.0749,16.2993,1259,1186
DUSP8,other,0.42056,0.727552,31.6087,92.6447,60.9728,47.5625,19.105,730,973
DUX4,other,0.166659,0.440345,10.3224,85.6253,44.8023,54.1706,27.3325,483,598
DUXA,other,0.0741785,0.467963,5.18916,92.1652,53.0971,78.5995,44.033,336,347
DVL1,other,0.115079,0.683254,11.9723,146.571,73.8437,125.924,58.9734,165,250
DVL2,other,0.176503,0.519276,10.6498,62.9562,57.828,46.7533,31.8688,610,516
DXO,other,0.136411,0.390858,7.91896,70.2899,47.9455,48.7862,28.8564,637,573
DYM,other,0.372212,0.782596,19.6281,64.261,43.2738,31.4849,24.0818,786,756
DYNC1H1,other,0.112669,,78.6846,1102.32,442.449,1339.06,417.823,14,32
DYNC1LI1,other,0.101103,0.590364,6.49568,80.1935,51.4733,71.6392,37.3209,395,410
DYNC1LI2,other,0.396673,0.612863,24.4338,78.4464,48.3665,26.123,17.9884,851,1003
DYNC2H1,other,0.202942,0.538629,26.4563,185.722,91.5062,106.247,61.1497,162,270
DYNC2I1,other,0.288276,0.54729,16.8437,71.196,47.9512,40.489,17.1052,850,1062
DYNC2I2,other,0.343954,0.589843,16.0821,61.1861,35.7301,27.1111,13.9139,936,1202
DYNC2LI1,other,0.312284,0.705734,26.5837,103.617,69.9357,68.0607,30.0305,502,555
DYNLL1,other,0.274016,0.791306,25.1404,102.762,81.9141,69.7656,51.3237,416,344
DYNLL2,other,0.20083,1.16529,27.3796,140.689,132.11,129.03,84.7606,223,249
DYNLRB1,other,0.253985,1.0939,143.362,605.023,526.6,469.804,399.579,43,46
DYNLT1,other,0.154383,0.642513,10.6169,83.6532,56.535,68.9883,37.9162,362,435
DYNLT2,other,0.350715,0.669878,20.657,67.1576,51.6573,36.5077,20.6321,983,870
DYNLT2B,other,0.169104,0.460305,9.83103,88.5543,38.1663,51.0734,25.9962,478,563
DYNLT3,other,0.502143,0.751631,25.8178,58.2418,45.3889,21.3277,13.4267,1116,1296
DYNLT4,other,0.381151,0.679047,13.6582,38.9388,32.9769,19.6378,12.0162,1867,1803
DYRK1A,other,0.190982,0.702656,7.72243,50.5846,32.3225,40.3475,20.5234,920,880
DYRK1B,other,0.339075,0.773644,16.6512,55.7522,43.255,35.262,20.6472,822,797
DYRK2,other,0.257757,0.616852,17.1188,76.6042,57.5802,46.1584,32.2839,613,596
DYRK3,other,0.407513,0.694706,29.1655,78.8066,64.997,34.2756,25.4172,846,724
DYRK4,other,0.401742,0.725818,40.5706,108.073,94.3648,65.1724,21.5362,467,838
DYSF,other,0.344499,0.601697,17.4503,61.0999,41.9942,26.4951,17.6882,1080,1008
DZANK1,other,0.144782,0.894668,26.6536,245.321,138.148,201.135,118.062,117,140
DZIP1,other,0.369323,0.621408,27.1379,63.2887,85.3127,30.4656,27.207,965,732
DZIP3,other,0.281917,0.678788,22.6097,87.4445,73.555,48.3708,45.1603,542,405
E2F2,other,0.212244,0.783941,16.8807,87.8845,71.9777,72.2682,42.2858,409,454
E2F3,other,0.20814,0.555114,13.8128,76.3202,57.7054,53.5838,30.4734,496,555
E2F5,other,0.114034,1.06445,7.89903,94.8715,50.5762,88.9751,41.2371,345,385
E2F6,other,0.283374,1.35554,27.5144,100.715,93.6057,87.5603,62.287,287,256
E2F7,other,0.178698,0.601053,11.4065,72.8917,55.8973,50.1929,40.0309,451,404
E2F8,other,0.256188,1.1196,18.0366,83.6053,59.2867,69.5283,40.8504,401,422
EAF1,other,0.35187,0.578484,20.8379,73.2011,47.91,29.7308,18.0608,946,1064
EAF2,other,0.424759,0.700854,30.7365,81.8238,63.9947,35.4963,22.4787,971,951
EARS2,other,0.210493,0.672052,26.1437,112.654,136.934,84.3059,83.5517,321,239
EBAG9,other,0.159559,0.844155,12.7756,123.505,51.9086,111.553,32.7458,274,493
EBF1,other,0.0938934,2.46631,7.86627,99.5851,70.4813,99.0331,52.0523,263,345
EBF2,other,0.12239,0.471407,6.29318,61.5614,42.9477,46.6431,31.0015,572,550
EBF3,other,0.408517,0.594832,36.3441,93.2457,84.8826,30.2489,25.6226,978,838
EBF4,other,0.242845,0.628746,28.7568,132.691,105.677,77.6861,67.6468,333,243
EBI3,other,0.278524,0.481619,14.8466,64.7135,43.9071,30.5554,16.0874,1146,1191
EBLN2,other,0.259246,0.621784,11.7594,51.7964,39.7233,33.141,20.5506,944,905
EBP,other,0.315779,0.683356,11.7825,43.2344,32.2019,26.4176,14.5236,1213,1173
EBPL,other,0.507721,0.641686,39.9755,96.1775,64.4561,20.9628,12.8572,1238,1362
ECD,other,0.488551,0.605447,117.446,305.89,188.925,61.3239,35.0652,521,513
ECE1,other,0.20639,0.652174,12.1181,80.7297,42.703,56.5851,28.4035,450,499
ECE2,other,0.345049,0.639226,22.2131,74.5725,55.5746,37.8245,22.7141,843,845
ECH1,other,0.142168,0.501962,8.87196,72.7739,53.5127,51.624,38.7424,477,462
ECHDC1,other,0.19328,0.5257,8.9369,54.0707,39.5399,34.74,24.5896,823,671
ECHDC2,other,0.195004,0.564137,10.1645,58.508,46.4378,43.6123,24.6434,722,730
ECHS1,other,0.524721,0.684468,49.5404,130.614,68.245,27.6026,17.3909,832,950
ECI1,other,0.143136,0.776591,11.4715,71.9605,89.2596,65.3238,56.3811,465,377
ECI2,other,0.121803,0.523289,9.35068,102.536,57.4775,80.9196,42.7061,290,361
ECPAS,other,0.150161,1.57312,8.82089,68.8496,50.1196,66.696,35.5202,456,481
ECRG4,other,0.277495,0.874443,23.2975,83.1684,84.7525,62.1587,50.9666,465,334
ECSIT,other,0.179887,0.395437,15.6084,75.1634,100.164,48.7247,41.2356,545,436
EDA,other,0.185056,0.929111,9.56309,68.5569,38.9529,60.0207,26.5423,499,613
EDAR,other,0.0910834,0.256732,5.98888,76.8377,56.2649,52.8269,33.6015,608,579
EDARADD,other,0.320459,0.643841,18.8683,71.3162,48.6108,36.3528,24.0471,700,692
EDC3,other,0.530013,0.57004,104.469,333.792,116.393,16.0169,10.7005,1398,1645
EDC4,other,0.233477,0.510623,19.148,110.648,60.7875,59.2169,33.4463,342,438
EDEM1,other,0.165271,0.801185,15.0425,106.352,77.8927,91.364,54.3735,299,351
EDEM2,other,0.23578,0.703051,13.2894,64.56,49.2079,47.7438,27.9603,664,627
EDEM3,other,0.196023,0.56473,12.3673,86.2588,46.1462,58.1085,29.1093,504,505
EDF1,other,0.300558,0.497854,13.8659,50.1438,42.4444,23.308,13.5392,1124,1135
EDN1,other,0.241709,0.68945,12.2377,65.2684,39.2743,44.1535,24.3531,578,672
EDN3,other,0.309571,0.602593,21.7902,88.0595,56.2635,43.9565,26.6147,691,704
EDRF1,other,0.151812,1.85705,40.2588,311.403,225.833,276.011,212.554,77,76
EEA1,other,0.578538,0.804151,43.0424,101.72,54.4157,25.2768,16.9374,1024,1101
EED,other,0.113642,0.313965,8.4696,111.413,49.8556,72.831,30.9941,293,506
EEF1A1,other,0.268725,0.690447,26.5405,122.675,79.5139,83.286,42.0012,312,426
EEF1AKMT1,other,0.15772,1.12965,9.60346,74.8681,49.5205,68.6384,37.9193,414,459
EEF1AKMT2,other,0.245381,0.645195,13.6078,65.1903,47.1754,43.496,26.6708,624,624
EEF1AKMT3,other,0.3718,0.524818,14.958,51.0743,31.6901,13.7793,9.90906,1907,1806
EEF1B2,other,0.226989,0.786266,19.1414,89.1989,79.7223,70.571,47.9063,411,408
EEF1D,other,0.0931543,,8.89041,107.251,84.9251,116.236,74.6729,261,225
EEF1E1,other,0.252131,0.605998,17.8022,84.0271,59.3302,50.2051,33.8146,551,496
EEF1G,other,0.104978,,56.1488,867.068,329.937,880.001,293.778,24,42
EEF2K,other,0.214481,1.33714,17.3897,81.7144,80.4462,70.5299,65.324,430,264
EEF2KMT,other,0.116622,,34.4498,241.005,362.068,222.452,364.181,117,53
EEFSEC,other,0.224347,0.755749,38.2687,202.31,143.824,146.203,98.1239,156,196
EEIG1,other,0.233723,0.590594,11.1405,57.7033,39.3735,36.7965,22.3542,782,773
EEIG2,other,0.312588,0.674574,24.3808,97.5987,62.3315,53.1601,32.9362,587,606
EEPD1,other,0.126453,0.998593,8.74991,86.5329,55.3305,81.4505,40.2241,398,424
EFCAB11,other,0.27569,0.669037,17.0537,74.9087,51.0816,47.8321,27.0854,716,687
EFCAB13,other,0.137299,0.443442,8.02841,75.6731,45.1836,43.5833,34.9691,653,490
EFCAB14,other,0.491335,0.778805,28.926,63.3384,54.7209,26.9299,16.8317,1119,1163
EFCAB2,other,0.219504,0.574466,11.2069,68.7595,37.9101,42.5669,23.3802,638,642
EFCAB7,other,0.225348,0.570896,12.3656,74.16,40.6026,43.388,25.3564,591,644
EFEMP2,other,0.131543,1.46062,13.7353,137.675,79.1929,130.265,67.2589,190,227
EFHC1,other,0.226078,0.508436,23.1735,191.067,54.9896,84.0362,35.5807,271,410
EFHC2,other,0.383394,0.763079,25.715,85.6789,52.5062,46.0186,23.8724,544,753
EFHD1,other,0.365152,0.729334,19.7653,85.4387,34.2927,48.6929,14.3059,649,1110
EFHD2,other,0.3865,0.657769,124.489,480.988,215.69,148.293,108.026,157,167
EFNA1,other,0.207682,0.666122,9.21385,58.0754,33.8916,39.5643,23.5558,794,698
EFNA4,other,0.0165527,0.207033,1.73356,154.688,70.9064,137.239,66.8882,195,244
EFNB1,other,0.166811,0.733125,9.72463,76.1812,44.6119,58.9905,34.3766,443,506
EFNB2,other,0.287038,0.520899,12.5181,50.5301,37.6396,24.9259,15.0839,1514,1279
EFR3A,other,0.170249,0.791334,62.026,494.341,268.506,227.319,245.498,70,57
EGF,other,0.156343,0.455319,12.6529,101.553,64.4954,72.0838,38.2908,420,454
EGFL6,other,0.150764,1.12584,7.05164,58.8412,37.1798,55.2502,26.2551,565,611
EGFL7,other,0.148361,0.793332,9.8145,93.0713,47.0198,77.84,36.9716,344,418
EGFL8,other,0.12892,0.460713,21.0475,225.569,118.163,155.177,88.5128,138,191
EGLN1,other,0.210782,0.504511,11.3137,59.2508,48.6243,38.0388,24.9166,765,663
EGLN2,other,0.426803,0.736621,52.5927,155.328,97.7571,64.1038,41.8772,502,443
EGLN3,other,0.216136,0.952329,15.7465,83.0233,63.9312,68.505,45.1,412,420
EGR1,other,0.0869059,0.393221,4.68425,61.2947,47.3979,53.874,28.2747,537,598
EGR2,other,0.151238,0.352216,11.6923,83.8351,71.2938,58.5594,27.6948,595,641
EGR3,other,0.113873,0.320303,7.78739,81.6568,57.2733,54.2194,35.7297,498,470
EGR4,other,0.267156,0.642282,10.5915,47.5599,33.0481,28.6199,18.6904,986,911
EHBP1,other,0.0165395,0.0742477,1.77948,111.367,103.941,95.6202,67.4629,326,254
EHBP1L1,other,0.15753,,13.2753,93.5029,75.9514,96.1612,57.2088,253,299
EHD1,other,0.281039,0.513183,17.0561,62.7254,58.7196,35.956,17.4552,674,1008
EHD3,other,0.22892,0.673377,9.51045,55.5823,31.0527,38.2269,19.5593,781,805
EHD4,other,0.204634,0.835569,13.1811,86.3929,48.0252,70.6654,32.2027,423,570
EHF,other,0.179289,0.388049,7.52814,51.3575,34.3293,33.5318,13.2159,1143,1175
EHMT1,other,0.489736,0.629339,37.0794,100.168,57.2284,26.2791,10.2481,1623,1626
EHMT2,other,0.494174,0.684306,66.5309,163.485,110.868,50.6626,27.0867,673,629
EI24,other,0.216545,0.616508,51.6771,309.204,184.186,200.277,119.682,113,141
EID1,other,0.33355,0.800969,32.0158,104.431,88.2215,68.4525,43.8148,419,398
EID2,other,0.282346,0.876362,22.3675,94.4931,66.4158,69.9881,39.8322,380,412
EID2B,other,0.208609,0.475326,13.1432,84.0478,47.2287,45.651,27.3165,552,599
EID3,other,0.229965,0.705204,12.926,75.7197,41.7249,52.2359,27.4185,691,611
EIF1,translation initiation (EIF),0.207034,0.380773,31.7022,172.221,136.148,83.9736,57.5977,404,330
EIF1AD,translation initiation (EIF),0.141451,0.627077,25.0674,208.585,150.565,149.186,123.663,149,154
EIF1AX,translation initiation (EIF),0.333642,0.418079,83.4539,513.867,121.753,47.4979,36.3163,527,431
EIF1AY,translation initiation (EIF),0.153945,0.827896,10.6544,78.6172,60.9276,70.1483,41.3715,412,422
EIF1B,translation initiation (EIF),0.165931,0.707687,24.9883,156.148,145.239,128.639,99.9157,187,173
EIF2A,translation initiation (EIF),0.171788,0.478063,8.76661,59.1365,44.0376,43.042,23.1438,656,704
EIF2AK1,translation initiation (EIF),0.120402,0.689859,7.70346,67.7812,60.3939,63.1585,33.4196,455,476
EIF2AK2,translation initiation (EIF),0.251698,0.675133,11.2646,52.5948,38.083,35.1748,22.1018,889,820
EIF2AK3,translation initiation (EIF),0.204905,0.660024,14.0321,75.9164,61.7741,56.2369,38.8067,433,450
EIF2AK4,translation initiation (EIF),0.236505,0.684452,20.6104,101.183,75.0553,64.0767,50.619,391,338
EIF2B1,translation initiation (EIF),0.026091,,16.2723,934.538,416.216,803.979,420.846,23,32
EIF2D,translation initiation (EIF),0.147325,0.399593,12.3243,116.057,60.2978,72.3475,38.535,321,431
EIF2S1,translation initiation (EIF),0.218454,0.933538,50.1009,242.713,216.708,201.89,146.155,116,148
EIF2S3,translation initiation (EIF),0.306526,0.735148,25.5706,95.56,72.8236,62.0674,36.7005,467,507
EIF3E,translation initiation (EIF),0.0900573,,86.8076,975.521,952.447,1065.01,1057.34,13,12
EIF3G,translation initiation (EIF),0.0912076,,61.6417,1157.93,394.462,1210.41,370.675,13,46
EIF3H,translation initiation (EIF),0.235167,0.702956,43.247,209.423,161.486,136.719,109.427,184,166
EIF3J,translation initiation (EIF),0.199871,1.2002,109.316,497.29,601.527,327.749,552.595,71,26
EIF3K,translation initiation (EIF),0.385269,0.614778,44.4694,126.645,105.198,56.6686,30.4263,702,625
EIF3L,translation initiation (EIF),0.174236,0.566522,22.5546,160.462,104.43,127.177,56.81,259,288
EIF3M,translation initiation (EIF),0.238025,0.900688,110.992,451.603,481.479,298.494,382.298,74,44
EIF4A1,translation initiation (EIF),0.243675,0.975733,104.654,365.034,505.313,272.728,380.682,77,47
EIF4A2,translation initiation (EIF),0.17911,3.10523,159.884,695.902,1145.04,611.895,1113.48,38,13
EIF4A3,translation initiation (EIF),0.568421,0.898093,182.004,320.581,319.803,127.623,106.962,215,210
EIF4B,translation initiation (EIF),0.363121,0.584621,47.6742,138.086,124.829,57.8097,41.9909,511,417
EIF4E,translation initiation (EIF),0.277013,1.17101,41.9225,169.141,135.408,140.004,91.422,158,167
EIF4E2,translation initiation (EIF),0.206707,0.887575,11.9241,63.5169,52.3906,53.4925,34.3858,674,509
EIF4E3,translation initiation (EIF),0.315046,0.837091,22.2407,76.6745,64.9979,53.8823,34.026,654,546
EIF4EBP1,translation initiation (EIF),0.342912,0.698627,24.6557,79.8482,64.7449,47.143,26.6621,648,656
EIF4EBP2,translation initiation (EIF),0.465157,0.830485,24.221,62.9267,43.0871,31.2688,16.2191,861,1124
EIF4EBP3,translation initiation (EIF),0.212429,0.614857,13.895,97.8577,43.7212,61.4001,29.7131,635,580
EIF4ENIF1,translation initiation (EIF),0.0990013,,14.9602,194.453,117.431,194.612,90.6621,132,156
EIF4G1,translation initiation (EIF),0.297914,1.15242,268.128,595.737,1359.72,308.981,1170.94,65,15
EIF4G2,translation initiation (EIF),0.385689,0.564553,116.069,319.686,283.293,94.5462,95.5458,281,222
EIF4G3,translation initiation (EIF),0.138808,0.442923,11.3926,107.797,62.489,74.9602,42.3416,375,339
EIF4H,translation initiation (EIF),0.197796,0.573951,19.8017,106.15,94.4177,81.4818,46.1652,380,334
EIF5,translation initiation (EIF),0.155805,0.899327,8.73555,61.2397,51.3314,54.3077,37.7207,532,487
EIF5A,translation initiation (EIF),0.267735,0.686636,256.861,565.55,1627.48,372.616,902.149,71,20
EIF5A2,translation initiation (EIF),0.15793,0.719649,8.9937,85.8226,37.7871,63.4538,30.8049,437,511
EIPR1,other,0.207311,0.629282,31.8694,179.48,131.669,103.483,97.9206,265,184
ELAC1,other,0.228675,0.852984,39.999,176.403,173.442,131.229,124.766,228,147
ELAPOR1,other,-0.00903005,,-1.00853,165.434,75.4,174.532,47.8756,128,321
ELAPOR2,other,0.0530192,2.10646,17.9506,388.631,294.955,386.967,251.305,73,60
ELAVL1,other,0.505894,0.584708,88.7113,194.628,157.991,27.8059,20.0081,1235,967
ELF1,other,0.0301159,,4.00142,184.479,95.6952,187.929,83.8569,139,181
ELF2,other,0.31524,0.676629,16.9483,66.2942,43.6009,35.3762,23.3081,792,767
ELF3,other,0.144817,0.767193,8.71665,70.4901,51.3964,63.577,32.7233,469,561
ELF4,other,0.335864,0.638994,40.5274,158.732,91.7285,69.3918,46.7032,393,355
ELF5,other,0.216993,0.431161,10.3886,62.5443,36.6469,28.513,19.5878,994,937
ELK3,other,0.248689,0.54062,14.7843,68.9663,51.2446,42.3652,23.1311,799,788
ELK4,other,0.207129,0.635223,9.91984,57.5727,39.8391,42.9114,23.2055,790,710
ELL,other,0.152428,1.2872,26.4043,181.41,165.409,152.904,150.648,149,89
ELL2,other,0.258553,0.659629,10.6559,53.2447,31.9012,32.5797,19.2728,838,925
ELMO1,other,0.0529093,0.401159,8.43527,233.716,108.754,213.393,86.998,108,174
ELMO2,other,0.165498,1.59246,89.4094,776.668,375.791,687.32,340.51,40,53
ELMO3,other,0.135397,0.762781,12.5551,124.675,68.9675,115.1,40.6723,232,369
ELMOD2,other,0.25236,0.589729,11.1464,47.1496,41.3763,29.8672,20.7052,1005,779
ELMOD3,other,0.0353966,0.198332,3.92875,128.068,96.1937,110.355,74.0403,219,229
ELOA,other,0.248922,0.577648,27.7964,147.283,84.6638,90.0234,44.2245,289,358
ELOB,other,0.440436,0.501694,144.822,303.975,355.684,42.1544,37.4217,975,762
ELOC,other,0.324153,0.595143,25.752,82.9412,76.0941,43.148,29.0429,567,575
ELOF1,other,0.708568,0.751518,162.948,231.127,228.813,12.3277,13.9456,3290,1723
ELOVL1,other,0.26693,0.44359,16.1292,71.2174,51.2681,28.1545,20.5666,911,817
ELOVL4,other,0.176677,0.565533,7.53536,54.7455,33.2275,37.8906,22.6942,831,805
ELOVL5,other,0.228564,0.46597,13.4942,59.1441,58.9343,34.5078,24.8929,865,749
ELOVL6,other,0.398049,0.900688,34.3805,104.887,71.1268,56.7783,40.8397,492,465
ELOVL7,other,0.343892,0.738998,17.3245,66.3238,38.2654,36.018,20.1308,747,868
ELP1,other,0.238252,0.776707,52.721,244.937,199.912,163.53,143.315,151,114
ELP2,other,0.290343,0.582227,64.9934,262.491,190.898,125.22,100.122,217,200
ELP3,other,0.349548,0.620121,49.4034,189.366,105.487,73.003,50.943,427,347
ELP4,other,0.230099,0.786644,51.6565,231.075,218.105,149.398,165.311,182,124
ELP5,other,0.288014,0.635413,41.1653,177.999,114.768,90.2311,66.947,299,294
ELP6,other,0.527025,0.699753,114.877,288.746,164.547,88.3322,30.069,243,573
EMB,other,0.268615,0.849007,15.8417,62.3808,55.7565,47.5918,32.2144,583,541
EMC1,other,0.203725,0.714915,29.5404,148.768,141.33,107.362,100.096,255,209
EMC10,other,0.134604,0.477871,10.5505,95.309,64.4612,77.5738,36.9767,313,394
EMC2,other,0.199272,0.981397,55.1797,243.164,315.332,209.047,222.669,122,63
EMC3,other,0.425654,0.630408,44.3917,121.86,89.2545,42.8482,26.4966,937,721
EMC4,other,0.243808,0.604383,31.0081,113.767,142.18,71.2671,80.2445,372,213
EMC6,other,0.144717,0.455955,15.605,106.486,109.192,71.998,75.2286,385,206
EMC7,other,0.21813,0.477752,12.2505,53.433,59.0289,32.9403,26.944,920,625
EMC8,other,0.0473864,0.0904459,2.28648,63.5987,36.6082,28.4556,18.4231,934,902
EMC9,other,0.257321,0.769638,25.0807,123.996,76.6163,74.9381,54.9694,377,316
EMD,other,0.327354,0.594976,21.4207,75.3689,56.8121,37.2164,22.8381,1043,920
EME1,other,0.194527,0.975788,22.5512,135.488,99.1919,105.665,81.2832,234,204
EME2,other,0.155814,0.663894,18.6585,112.336,127.65,94.0774,84.3898,246,205
EMG1,other,0.10632,0.483067,42.4615,529.817,301.05,447.866,206.769,49,100
EMILIN2,other,0.234432,0.783536,15.3073,70.752,60.2592,55.0616,35.9345,620,557
EML2,other,0.191753,0.391835,19.9143,108.855,99.0832,62.8541,42.9322,397,412
EML3,other,0.187182,2.4229,51.6308,305.404,249.123,290.619,218.409,93,78
EML4,other,0.201724,0.552989,9.42574,53.65,40.6956,34.2064,25.7532,742,611
EML5,other,0.291878,0.587947,15.4402,67.4777,41.4707,37.2783,18.6342,890,904
EMP1,other,0.139676,0.412448,8.05544,83.9416,39.6241,53.2162,27.2093,537,596
EMP3,other,0.163397,0.429808,13.7312,118.206,59.7436,64.7647,40.6455,555,460
EMSY,other,0.0228461,0.238905,4.67505,234.683,178.429,214.824,159.146,113,111
EMX1,other,0.193564,0.648528,14.4619,93.2253,59.8779,71.6168,36.8652,394,447
EMX2,other,0.238997,0.647244,13.2427,71.8183,42.7497,49.2529,24.1985,602,633
EN1,other,0.566201,0.718427,52.8695,111.194,78.4128,24.9197,15.6413,843,1031
EN2,other,0.691216,0.780238,61.7637,98.3747,81.1625,12.3953,8.28089,1879,2039
ENC1,other,0.371035,0.660967,21.3464,70.8931,46.6892,29.8017,21.3064,901,825
ENDOD1,other,0.335854,0.570304,19.974,74.3345,47.5813,31.1991,19.1445,788,850
ENDOG,other,0.329081,0.448423,33.3011,139.636,73.3352,39.995,17.9873,666,956
ENDOV,other,0.502965,0.686414,32.7397,84.5051,50.1409,21.907,13.7983,1110,1234
ENG,other,0.315974,0.585002,18.9532,80.7915,44.5344,39.2467,19.2686,942,1032
ENGASE,other,0.473009,0.644391,33.6074,77.8282,64.8624,25.0052,13.3695,1656,1580
ENKD1,other,0.22908,0.65278,10.896,61.2972,36.9076,40.6995,23.3813,801,773
ENKUR,other,0.395776,0.692052,22.5726,62.4554,52.0827,31.4552,17.7647,998,972
ENO1,other,0.126913,,46.4336,323.889,413.291,356.174,316.087,68,59
ENO2,other,0.161438,0.769021,11.2351,95.4826,50.7248,74.6738,40.4676,380,396
ENO3,other,0.110537,0.595629,20.712,276.858,126.816,214.027,107.571,112,138
ENOPH1,other,0.332185,0.678093,15.2472,46.7127,45.1007,26.9334,19.5391,930,890
ENOSF1,other,0.201007,0.841778,7.42393,46.7772,29.1616,39.7672,18.0659,834,927
ENOX2,other,0.265968,0.799047,17.7833,75.5744,59.155,58.5211,30.1101,569,593
ENPP1,other,0.093622,0.309531,5.477,76.4456,44.769,47.0326,34.1242,590,488
ENPP2,other,0.449721,0.819829,24.7762,61.74,49.1606,31.5765,18.8816,977,997
ENPP3,other,0.237671,0.753735,22.128,109.585,79.1005,80.9789,48.9712,309,362
ENPP4,other,0.125441,0.801747,7.77692,74.6634,51.4783,66.2187,40.3366,469,437
ENPP5,other,0.146954,0.415561,12.6366,122.192,60.5136,85.9417,35.0054,301,432
ENSA,other,0.335883,0.638052,25.8137,91.3908,64.6284,47.8583,27.0295,653,648
ENSG00000275895,other,0.0943782,1.46851,20.7269,300.414,160.548,284.513,148.02,79,101
ENSG00000289731,other,0.121835,0.462079,6.71074,72.716,41.7219,57.8259,27.5571,458,608
ENTPD1,other,0.376517,0.638545,23.9151,72.7802,55.4324,35.2792,18.0282,820,1076
ENTPD4,other,0.199467,0.721513,10.0823,68.5636,37.2634,51.913,25.536,575,735
ENTPD5,other,0.181478,0.46313,8.17858,52.3705,38.7811,35.1716,20.649,766,773
ENTPD6,other,0.167381,1.63766,48.8763,450.041,189.467,408.867,167.833,58,93
ENTPD7,other,0.222557,0.593319,11.5445,61.8332,43.5156,40.6247,25.6646,860,773
ENTR1,other,0.143733,0.761168,20.28,123.727,160.899,110.337,107.885,266,181
ENTREP3,other,0.428923,0.706686,32.0491,103.842,53.7649,42.5763,20.1943,812,989
ENY2,other,0.199019,1.52232,87.4692,491.26,393.196,449.422,314.287,43,43
EOGT,other,0.227054,0.539163,13.2834,68.8463,49.714,40.0396,28.643,685,645
EOLA1,other,0.303025,0.503487,12.678,62.6572,27.9367,21.4021,12.5676,1382,1373
EOLA2,other,0.173298,0.907249,8.26312,57.0784,39.8318,50.7831,26.6547,716,644
EOMES,other,0.289342,0.651062,14.7746,68.8989,37.8441,37.6379,21.3706,913,914
EP300,other,0.533918,0.650938,38.288,80.2881,64.0507,17.0537,9.33749,2044,2172
EPAS1,other,0.335991,0.698897,25.3393,97.4695,58.353,54.5342,27.737,652,611
EPB41,other,0.433974,0.738293,24.2699,65.9892,47.3953,28.297,18.7254,1021,1039
EPB41L2,other,0.334323,0.686779,34.3975,145.84,72.5846,68.2549,40.252,323,414
EPB41L3,other,0.360107,0.55697,46.8595,283.951,59.6331,59.1347,28.1481,310,511
EPB41L5,other,0.100792,,20.6445,163.208,257.051,124.161,258.538,252,84
EPB42,other,0.0729798,0.624502,4.86196,73.416,60.4542,64.8139,53.4081,450,329
EPC1,other,0.426766,0.64012,36.758,107.616,68.936,34.0956,24.085,734,608
EPCAM,other,0.218747,1.03469,13.1112,70.5997,50.8859,61.1236,33.9413,614,502
EPG5,other,0.44003,0.607049,65.5225,148.157,149.656,50.7713,30.0264,752,722
EPGN,other,0.0684026,0.474233,4.33937,74.1429,54.2798,62.5849,47.0357,393,352
EPHA1,other,0.33836,0.826507,22.2485,71.5435,60.4329,46.4654,31.5385,585,648
EPHA4,other,0.436533,0.672869,14.4363,39.1646,27.9245,15.2641,8.66501,2054,2059
EPHB4,other,0.160361,1.22446,72.6119,874.339,234.498,820.888,168.707,27,81
EPHB6,other,0.434193,0.705998,30.9072,83.336,60.8026,36.9985,19.4425,846,936
EPHX1,other,0.108394,,8.68432,90.8974,70.6169,93.4856,62.9755,328,275
EPHX2,other,0.273992,0.554471,16.3403,80.8467,43.993,40.5422,22.4449,1021,812
EPM2A,other,0.242797,0.591923,16.1936,82.563,53.878,52.5427,28.9471,658,626
EPN1,other,0.203477,0.471093,14.2683,74.7279,65.801,47.3925,32.2423,550,526
EPN2,other,0.118288,0.60358,5.45033,62.1481,34.1613,51.3084,26.6388,626,664
EPOP,other,0.08676,1.44059,9.98244,149.563,88.5137,147.647,63.4525,179,282
EPOR,other,0.367182,0.743278,17.306,52.5113,42.3037,29.2901,18.958,905,896
EPPK1,other,0.101893,0.798262,7.03394,88.8246,53.6507,80.3572,44.481,402,418
EPS15,other,0.154354,0.548285,7.0471,47.9462,43.4743,39.2632,24.4487,739,702
EPS15L1,other,0.282329,0.990688,42.7012,207.89,110.037,159.792,71.4106,149,216
EPS8,other,0.0908105,2.05297,7.78185,108.389,67.75,105.775,62.2525,271,261
EPS8L2,other,0.125061,0.444718,7.55881,80.8537,45.1821,56.7669,33.1883,526,525
EPSTI1,other,0.283875,0.598441,13.4973,57.4966,39.3184,31.6707,19.6216,922,930
ERAL1,other,0.200146,0.608689,20.2209,148.034,68.9518,114.573,35.9706,217,478
ERAP1,other,0.238869,1.59056,9.1976,41.2456,35.9462,38.6301,23.1616,885,760
ERAP2,other,0.361406,0.672768,16.5783,53.6597,39.2142,27.2804,16.1951,995,1055
ERBIN,other,0.255833,0.59682,15.7026,70.6342,53.3353,41.7901,29.3361,621,555
ERC1,other,0.235656,1.00667,14.5764,66.3696,57.6468,53.2054,41.7199,523,443
ERCC1,other,0.532761,0.692616,74.9553,159.388,124.19,39.4481,26.5429,737,653
ERCC3,other,0.148936,1.23227,87.298,696.346,493.386,511.254,466.271,22,34
ERCC4,other,0.413409,0.739648,115.597,290.296,269.337,125.232,121.36,129,107
ERCC5,other,0.162134,0.438088,10.7573,77.6733,56.6741,54.1534,31.0382,546,565
ERCC6,other,0.353884,0.787971,26.226,95.3452,57.6029,47.6014,34.4009,536,483
ERCC6L,other,0.34027,0.696651,40.7983,138.739,103.619,74.0628,50.59,434,396
ERCC6L2,other,0.197144,0.592164,13.0808,72.0375,61.1145,51.3347,37.5446,540,486
ERCC8,other,0.335553,0.727911,21.8186,77.7883,54.3521,45.9305,26.1501,768,707
EREG,other,0.255552,0.591737,29.612,140.16,95.797,70.4864,59.8546,427,343
ERF,other,0.0555747,0.298363,7.5368,162.241,113.359,130.243,93.4179,202,180
ERG,other,0.119771,0.762153,9.42785,87.708,70.6447,81.1069,47.4638,347,348
ERG28,other,0.277602,0.699094,23.7715,113.803,64.4339,57.083,44.0491,476,413
ERGIC1,other,0.237972,0.718062,22.3808,125.957,70.2224,82.0645,48.0897,375,371
ERGIC2,other,0.142505,0.471683,7.63668,67.5173,42.5335,51.8407,25.8128,606,550
ERGIC3,other,0.611237,0.635266,245.958,524.157,308.917,21.1136,10.9241,3077,2878
ERI1,other,0.0664627,0.260146,10.4491,304.22,81.248,227.514,60.2153,67,251
ERI2,other,0.329562,0.585751,20.8994,65.8285,61.0911,36.2353,18.0732,862,924
ERI3,other,0.177434,0.595156,7.98807,57.1232,35.4813,42.9011,22.8147,716,724
ERICH1,other,0.43186,0.868796,34.2474,87.141,72.1686,48.719,31.7259,587,614
ERLEC1,other,0.211548,0.701207,25.8207,171.042,87.0996,104.879,66.6054,228,250
ERLIN1,other,0.181858,0.844936,12.5907,83.0618,57.7081,70.6162,39.8663,345,436
ERLIN2,other,0.148027,0.509569,14.1028,114.524,79.2568,94.4655,41.0703,294,358
ERMAP,other,0.235482,0.494699,13.475,60.4677,54.1524,36.5733,23.1012,716,763
ERMARD,other,0.483556,0.672087,66.3207,160.827,116.962,54.7239,25.1886,680,903
ERMN,other,0.241733,0.705311,18.3847,92.5682,62.4856,66.3672,36.5537,393,444
ERMP1,other,0.164853,1.13671,17.5761,110.282,103.073,101.156,76.8765,277,266
ERN1,other,0.356755,0.621565,21.6842,66.5392,55.5228,33.2688,18.9416,1002,946
ERO1A,other,0.507808,0.78141,73.073,184.216,112.405,68.5382,36.8081,546,619
ERO1B,other,0.137689,0.760382,4.89552,44.7337,28.2594,39.7005,20.0237,807,824
ERP27,other,0.394311,0.742987,44.2526,126.71,99.4002,69.0207,37.9085,471,523
ERP29,other,0.203776,0.628943,13.8835,84.7391,54.7778,61.7361,33.5948,530,588
ERP44,other,0.220146,0.557129,17.8152,91.3677,71.6748,63.3257,35.2112,391,486
ERRFI1,other,0.49206,0.788616,46.1342,118.718,74.0445,48.7082,25.1618,563,748
ERV3-1,other,0.373407,0.854159,47.2398,143.555,111.489,84.1712,59.9814,282,296
ESAM,other,0.335556,0.652081,14.1612,50.4544,35.2994,26.3473,15.7357,1320,1179
ESCO1,other,0.349031,0.607894,26.0678,95.792,58.2305,41.2198,24.5343,535,674
ESCO2,other,0.0837597,1.10814,29.7947,476.788,265.389,399.007,256.094,63,60
ESD,other,0.142754,0.821439,8.10132,67.0538,48.0297,60.9339,32.1363,531,490
ESF1,other,0.113668,,79.8576,775.424,636.527,823.63,621.414,24,24
ESM1,other,0.14298,0.481215,7.55011,66.8073,41.738,48.7076,28.1374,535,559
ESPN,other,0.258489,0.939927,18.8955,73.8883,72.3198,59.3785,44.467,542,440
ESR1,other,0.30908,0.68068,20.2783,69.4465,61.9832,39.8448,32.0011,563,526
ESR2,other,0.260586,0.668935,13.809,68.5595,40.9595,44.3031,23.3912,772,699
ESRRA,other,0.221298,0.586253,10.9921,60.7797,40.5925,39.3695,24.1727,857,724
ESRRB,other,0.16764,0.40202,5.66792,42.0581,27.1796,25.6995,15.0288,1097,1218
ESRRG,other,0.261279,0.436355,16.1804,66.1775,57.9507,31.1535,18.6924,1150,1118
ESS2,other,0.166655,1.57699,31.9223,267.638,137.09,218.989,128.667,74,106
ESX1,other,0.354401,0.620482,18.3704,66.121,40.6356,23.5468,20.0467,949,908
ESYT1,other,0.115169,3.95873,19.092,242.196,113.464,240.189,101.876,116,166
ESYT2,other,0.0705894,1.14549,43.7475,808.68,474.952,778.139,427.194,34,28
ETAA1,other,0.229429,0.479121,19.6005,123.947,58.8848,50.648,36.0526,530,494
ETF1,other,0.0974912,,82.3181,950.846,749.808,1041,763.89,21,15
ETFA,other,0.512683,0.683489,61.848,154.267,94.3366,39.4539,23.0191,588,832
ETFB,other,0.653758,0.781876,90.6153,158.609,121.127,30.5181,16.2673,1331,1435
ETFBKMT,other,0.105695,0.921432,10.1539,118.033,78.1903,111.634,59.2112,245,246
ETFDH,other,0.159758,,123.41,591.826,1008.28,401.68,1050.52,61,20
ETFRF1,other,0.133014,0.565695,7.48398,66.0935,47.8973,53.3563,34.1559,480,479
ETHE1,other,0.277084,0.708511,14.0034,59.8364,42.6851,40.6801,22.2932,882,837
ETNK1,other,0.212525,0.453618,17.9728,126.133,56.7,59.6524,33.0866,473,523
ETNK2,other,0.229783,0.871318,16.136,86.4274,57.0563,71.4672,34.1318,452,479
ETS1,other,0.122379,1.35627,10.1878,132.815,52.1788,128.1,40.2143,204,388
ETS2,other,0.512522,0.644524,39.2206,107.229,54.6123,19.5067,12.3999,987,1310
ETV1,other,0.496803,0.716383,53.3022,123.142,93.4792,42.2402,25.0502,990,956
ETV2,other,0.057827,0.257772,5.47313,184.269,48.6137,147.256,36.4336,162,443
ETV3,other,0.165324,0.611332,13.9,103.728,68.1489,77.3209,48.5719,327,305
ETV3L,other,0.423288,0.765283,31.826,86.24,65.5518,42.9115,25.6357,805,786
ETV4,other,0.221227,0.562753,22.8553,121.578,87.7892,78.4937,49.5055,335,393
ETV5,other,0.144415,1.01359,18.5646,171.413,96.4067,145.091,83.6617,134,180
ETV6,other,0.230688,0.537507,10.6279,57.5644,36.8719,35.4737,19.174,766,826
ETV7,other,0.208231,1.22583,10.6906,70.76,37.2498,63.663,26.5329,528,654
EVA1B,other,0.234119,0.852154,12.2586,63.6591,43.0676,51.7003,25.763,624,638
EVA1C,other,0.151961,0.315095,7.06707,55.5858,38.9092,32.1349,17.4588,1006,1058
EVC,other,0.247195,0.870782,24.1974,106.535,89.9431,86.4938,51.4129,308,360
EVC2,other,0.315485,0.696771,25.9903,112.431,60.3644,47.0595,39.0802,558,391
EVI2A,other,0.270003,0.61092,17.0763,72.8093,54.9368,42.1591,29.4458,695,647
EVI2B,other,0.339871,0.768608,21.2414,69.7243,56.0212,44.8057,25.371,850,807
EVI5,other,0.305984,0.521604,16.0567,67.5974,40.7364,30.515,15.1824,1281,1332
EVI5L,other,0.334057,0.640418,23.4565,89.9181,54.8323,45.165,24.8562,531,614
EVL,other,0.22571,0.571276,9.2927,52.9437,32.0161,31.3676,19.7525,876,862
EVX1,other,0.31383,0.606844,18.6837,64.4302,55.0104,38.0611,19.0626,972,970
EVX2,other,0.253655,1.03216,15.512,68.4892,54.6037,56.9385,35.05,541,487
EWSR1,other,0.487879,0.635168,69.0778,154.126,130.07,39.0625,27.2771,892,654
EXD2,other,0.425465,0.61378,31.4944,78.9054,69.4437,28.9352,16.7534,1122,1241
EXD3,other,0.135984,0.526914,11.7473,91.5055,81.5549,78.9102,42.0924,325,443
EXO1,other,0.0863897,,21.2694,238.089,254.593,241.763,259.878,142,63
EXO5,other,0.0953734,0.483782,7.1606,116.268,48.4822,102.623,32.4273,250,501
EXOC1,other,0.214273,1.35282,55.8018,355.862,190.581,302.341,158.791,81,98
EXOC3,other,0.186259,1.56303,48.0218,273.39,243.143,237.586,216.779,90,72
EXOC4,other,0.464732,0.806116,164.373,441.22,283.531,192.237,116.539,117,143
EXOC5,other,0.0879309,,70.641,1481.28,435.706,1661.45,462.16,14,29
EXOC6,other,0.363498,0.485409,37.1113,123.013,84.7342,31.1229,21.1234,1083,776
EXOC6B,other,0.334521,0.698843,23.5366,89.4781,55.325,44.7849,29.9453,551,541
EXOC7,other,0.314936,0.820722,81.006,320.71,206.29,166.647,143.057,150,109
EXOC8,other,0.259482,0.616013,66.7853,245.372,269.974,172.701,108.233,128,188
EXOG,other,0.114323,0.549663,7.72395,80.0974,56.9894,66.818,42.1196,479,394
EXOSC1,exosome (EXOSC),0.241718,1.06133,165.523,577.089,812.562,335.461,711.901,70,27
EXOSC5,exosome (EXOSC),0.147446,,135.515,990.064,853.183,999.19,880.835,23,18
EXOSC8,exosome (EXOSC),0.198668,0.896235,133.324,780.35,577.127,576.976,468.315,37,32
EXOSC9,exosome (EXOSC),0.11432,,26.6023,256.303,211.27,258.373,195.798,93,69
EXPH5,other,0.32037,0.736122,16.6988,68.9446,39.4062,41.1465,20.8942,628,808
EXT1,other,0.247943,0.614791,15.8592,76.9747,53.1514,50.6229,27.8992,748,696
EXT2,other,0.0348892,0.0847304,3.2656,123.822,70.753,67.5332,44.364,458,357
EXTL2,other,0.430626,0.647643,51.5874,133.038,107.873,52.6635,28.9326,624,623
EXTL3,other,0.0597743,,7.265,134.723,109.648,119.311,111.203,222,152
EYA3,other,0.0353319,,3.22461,117.098,71.1327,119.206,57.8903,215,258
EYS,other,0.249929,0.614269,14.0735,67.458,47.0046,44.8418,23.795,738,762
EZH1,other,0.0663677,,5.04878,97.3707,59.4334,98.4388,47.2731,262,316
EZR,other,0.19363,0.762817,29.0855,152.761,147.706,106.155,116.511,316,170
F11R,other,0.0992609,0.656356,5.44523,67.8841,44.3311,62.9723,30.3185,425,490
F12,other,0.335271,0.693436,20.8202,75.5362,51.053,46.472,20.0361,849,1001
F13A1,other,0.351324,0.592222,20.7474,67.0175,52.0381,27.9145,20.6513,906,839
F2R,other,0.263587,0.760307,10.1225,42.74,34.5061,31.0335,19.3645,1036,979
F2RL1,other,0.231713,0.426765,14.278,81.4536,46.6144,34.5609,22.7446,721,728
F3,other,0.226053,0.932963,15.2213,78.1183,58.0406,62.6633,40.8176,457,437
F5,other,0.439141,0.715317,25.2106,76.9123,42.8511,32.2931,15.0126,1012,1098
F8,other,0.368676,0.49999,38.7275,142.632,77.3625,35.3707,21.429,776,794
F8A1,other,0.270772,0.598531,22.0459,96.3378,68.8098,51.6359,38.4601,436,431
F8A3,other,0.158125,0.875939,15.0933,113.9,79.9917,90.5272,67.2884,312,262
FAAH,other,0.183193,0.601591,9.04919,57.2367,42.6311,44.5957,24.7319,671,716
FAAH2,other,0.198761,0.720894,12.2658,69.1557,55.0683,57.2443,30.7637,472,501
FAAP100,other,0.139822,0.516523,17.0312,113.863,130.305,88.9213,86.715,372,228
FAAP20,other,0.0869979,2.7462,14.551,246.653,113.418,241.8,107.633,90,162
FAAP24,other,0.103322,1.37116,27.8103,444.669,162.926,375.43,156.984,55,87
FABP1,other,0.126836,0.441606,5.02219,47.6143,32.9281,38.2116,19.173,893,804
FABP2,other,0.242967,0.593909,9.79978,47.9808,33.9054,31.7756,17.1043,886,1054
FABP3,other,0.236687,0.465356,11.6338,51.9307,46.5231,30.1505,17.8278,1180,1097
FABP4,other,0.155441,0.435715,9.03396,84.7371,39.8616,54.5662,25.6132,524,576
FABP5,other,0.112835,0.558607,7.46814,75.5414,57.9902,60.2765,46.2813,452,376
FABP6,other,0.519436,0.669338,76.4549,155.407,139.404,44.0702,22.2168,1108,1021
FADS1,other,0.390359,0.598323,35.6582,110.925,75.2246,46.0402,20.4849,440,887
FADS2,other,0.274847,0.595234,15.6171,71.2854,45.2914,42.7241,21.1899,602,700
FADS3,other,0.487046,0.72665,44.6205,103.711,80.9287,39.3213,22.3688,718,860
FAF1,other,0.593378,0.728526,38.037,89.0627,46.1375,15.392,9.1352,2061,2223
FAF2,other,0.249891,0.770451,74.4792,354.914,250.291,245.536,164.852,105,109
FAH,other,0.236735,0.65855,10.478,49.9076,39.2521,34.155,23.1818,749,713
FAHD1,other,0.414938,0.587629,26.4909,65.6939,62.0442,23.3911,14.0025,1561,1378
FAHD2A,other,0.10358,,15.813,171.258,136.09,177.112,124.147,134,141
FAHD2B,other,0.298993,0.541974,11.9328,47.2332,33.722,25.2085,11.7122,1251,1448
FAIM,other,0.127431,0.529133,7.86308,78.511,48.4959,59.4551,36.9075,405,470
FAM107B,other,0.299358,0.863142,23.3587,81.7853,74.4456,57.1155,44.7585,494,473
FAM110A,other,0.242959,0.829874,18.4722,101.175,57.1345,72.6151,39.7861,331,411
FAM110C,other,0.0855368,0.274884,3.82079,53.4411,37.3357,40.1423,22.8082,785,784
FAM111A,other,0.199739,0.491213,10.7022,67.3533,42.6248,42.7572,23.3255,764,712
FAM111B,other,0.204821,0.529617,11.9295,66.9912,50.6375,44.7241,27.8523,679,631
FAM114A2,other,0.234537,0.705701,8.70957,45.5395,30.2819,31.4068,19.5041,866,855
FAM117A,other,0.187086,0.970953,10.5515,69.1604,45.9926,60.184,32.8364,502,535
FAM117B,other,0.297832,0.792757,27.8769,113.117,77.4496,75.9392,44.189,494,391
FAM118A,other,0.286077,1.01539,37.1433,145.633,115.754,98.5563,87.3297,300,227
FAM118B,other,0.218472,0.649774,20.4294,83.322,104.945,63.5951,54.8341,489,319
FAM120AOS,other,0.193643,0.644389,8.60735,58.365,33.8518,44.0231,21.4114,629,788
FAM120B,other,0.170071,0.664086,6.98416,51.2833,32.8846,38.8634,23.9791,699,711
FAM120C,other,0.113189,2.52931,12.5706,132.289,93.2339,130.915,75.2648,192,190
FAM124B,other,0.279451,0.618013,19.7078,78.4501,63.3975,49.6214,28.1232,641,641
FAM131A,other,0.195343,1.09936,29.2725,204.954,109.563,186.451,71.2465,120,240
FAM133B,other,0.281731,0.634337,24.1263,83.3161,88.0205,55.3426,36.308,526,524
FAM135A,other,0.13031,0.394827,8.77551,100.418,45.1623,54.3295,34.4437,420,493
FAM136A,other,0.0993715,,13.1122,120.512,144.476,134.302,92.3721,178,195
FAM13A,other,0.264199,0.511384,15.0145,76.5963,42.1651,35.2022,21.3399,761,738
FAM13B,other,0.0631234,0.707184,15.0883,309.783,184.434,282.891,167.507,72,93
FAM149B1,other,0.194005,,106.751,593.629,510.041,435.852,513.96,62,32
FAM153A,other,0.41452,0.656561,26.299,74.1114,54.3127,29.995,17.944,1028,1015
FAM156A,other,0.200575,0.80484,15.1493,88.628,64.3665,70.6078,44.7055,378,379
FAM156B,other,0.224489,0.594322,14.4532,79.1894,52.3449,53.2232,29.5688,614,687
FAM161A,other,0.414124,0.773659,40.6462,121.657,79.1851,47.7502,41.838,632,467
FAM161B,other,0.405708,0.604016,41.8277,121.55,87.447,31.2352,34.3499,833,550
FAM162A,other,0.110054,1.06992,16.0924,157.434,135.81,147.398,113.271,164,141
FAM167B,other,0.512823,0.72048,33.3744,79.5199,53.2619,21.8399,16.0606,1077,1093
FAM168A,other,0.210537,0.602522,8.80032,55.9461,31.2299,34.7577,21.1616,806,813
FAM168B,other,0.221034,0.547398,10.3448,64.2241,34.106,37.8525,20.5633,867,845
FAM169A,other,0.257638,0.528423,21.4128,114.491,60.3332,63.319,28.2444,445,499
FAM170A,other,0.0883962,0.453672,8.73785,116.079,84.1763,102.201,57.4451,314,307
FAM171A1,other,0.18532,0.69568,18.3836,93.3789,105.382,70.9584,74.2368,471,267
FAM174A,other,0.21881,0.725314,18.8582,111.303,66.7366,72.9801,49.0968,371,330
FAM174B,other,0.154014,0.457591,7.02308,62.9762,33.0184,45.3312,19.6685,601,805
FAM174C,other,0.228338,0.609555,17.6879,90.4269,66.3587,60.9287,37.8137,433,427
FAM177A1,other,0.209666,0.651695,18.605,118.783,66.2905,92.447,35.343,272,451
FAM184A,other,0.192473,0.734971,9.06919,59.5067,37.3106,46.1187,25.9375,717,652
FAM184B,other,0.159019,0.963963,8.47619,64.0027,44.3922,57.1069,33.1798,559,553
FAM185A,other,0.294988,0.510823,18.0977,77.2023,48.7538,33.2184,20.2166,1021,895
FAM193A,other,0.430688,0.591573,49.1913,145.118,89.8941,36.6905,26.1232,865,647
FAM193B,other,0.205158,0.616905,16.8819,86.5089,78.2713,62.4747,47.1129,414,348
FAM199X,other,0.199088,0.498735,11.0351,61.6338,49.8479,41.6303,25.3736,713,698
FAM200A,other,0.434218,0.807536,26.9885,68.6818,56.247,36.9227,21.0775,1156,946
FAM200B,other,0.131698,0.508997,11.0254,101.12,69.3104,79.16,47.9438,321,306
FAM204A,other,0.238293,1.13444,72.6876,281.583,330.44,244.969,218.312,95,111
FAM209A,other,0.185533,0.667554,11.1762,72.2928,50.1945,58.156,30.3669,596,577
FAM209B,other,0.169692,1.34326,19.0224,121.174,103.705,96.0532,95.7213,393,185
FAM20B,other,0.277065,0.560701,38.498,159.939,120.714,99.3152,42.9519,373,403
FAM20C,other,0.250953,0.573611,10.4848,60.345,28.9261,31.368,17.3961,809,896
FAM210A,other,0.25098,0.604507,66.8046,299.463,236.587,175.674,137.93,131,104
FAM210B,other,0.515497,0.676639,38.2475,82.1924,66.9763,22.5391,13.4144,1179,1456
FAM216A,other,0.129634,0.428007,9.16965,84.5728,59.1614,66.0643,34.3625,495,494
FAM217B,other,0.237106,0.711585,14.5942,73.1262,51.8088,53.1889,30.7108,510,511
FAM219A,other,0.309101,0.57616,18.2708,67.3417,51.8839,30.501,24.5877,940,769
FAM219B,other,0.446193,0.696621,32.0443,77.6276,66.4414,30.6337,21.4152,824,730
FAM220A,other,0.245746,0.70184,20.1042,105.436,63.4763,64.3104,43.5243,454,432
FAM221A,other,0.217099,0.83162,11.7844,68.3752,43.0925,49.6105,32.3915,558,516
FAM222A,other,0.152831,5.4127,11.8232,85.5184,69.9825,85.1978,55.098,362,366
FAM222B,other,0.249381,0.526063,17.663,88.4506,56.7153,47.472,29.2051,621,642
FAM227B,other,0.246317,0.745624,17.0567,89.1077,53.8128,59.9899,35.8411,497,470
FAM228B,other,0.103714,0.518781,6.30861,68.4795,54.0291,56.2364,41.9508,449,423
FAM229A,other,0.260754,0.540594,10.3336,65.1971,24.0885,26.9307,14.5399,1068,1196
FAM229B,other,0.502813,0.603425,46.9858,126.887,68.8183,23.307,10.2838,1927,1717
FAM234A,other,0.372313,0.547821,33.3935,97.392,82.6011,37.7618,20.2877,734,847
FAM234B,other,0.0519715,0.167864,3.15445,72.5622,50.7698,51.8421,33.7271,489,524
FAM241A,other,0.293219,0.838752,25.019,102.806,70.8174,66.6031,46.2401,522,397
FAM241B,other,0.445474,0.815344,36.4286,73.389,91.119,38.7818,33.4376,853,623
FAM24B,other,0.600835,0.764484,50.3438,131.608,53.3459,21.5547,13.9407,1356,1430
FAM3A,other,0.38909,0.632525,30.3054,91.872,66.0326,37.9189,23.4856,783,814
FAM3C,other,0.316424,0.514218,29.9113,136.782,65.3286,64.2444,18.6827,333,795
FAM3D,other,0.186894,0.584336,12.0986,76.1188,55.0542,54.1178,35.569,570,515
FAM43A,other,0.0701682,0.430151,3.14603,58.1063,34.5957,54.0627,21.367,574,700
FAM50A,other,0.437576,0.641011,30.2081,72.7935,65.4709,26.8129,17.1716,976,1163
FAM50B,other,0.190069,0.587855,9.4044,55.6282,44.0092,42.1706,24.9915,700,651
FAM53B,other,0.439841,0.667328,22.8509,65.7531,41.0487,24.8925,12.3526,1056,1442
FAM53C,other,0.188229,0.563705,8.63458,52.9167,39.7666,39.4688,22.3195,608,680
FAM72C,other,0.427258,0.627195,24.3384,76.4737,42.4318,21.9354,14.8211,1335,1116
FAM76A,other,0.536572,0.749514,36.8631,70.9593,66.5147,25.3268,13.5058,1589,1605
FAM76B,other,0.291879,0.701249,26.0931,112.274,71.1817,72.3442,36.5071,469,526
FAM78A,other,0.464633,0.681793,26.4998,76.5696,42.4823,24.7088,13.3523,1341,1276
FAM78B,other,0.235629,0.871869,22.4637,133.901,67.8769,90.9511,52.4208,299,291
FAM83D,other,0.277423,0.532495,10.4817,40.6447,35.1216,21.9139,14.4356,1417,1388
FAM83F,other,0.201744,0.505535,17.833,166.939,46.8049,85.288,31.5648,238,468
FAM83G,other,0.195641,0.55805,7.46117,47.7755,30.4432,32.1747,18.9849,937,911
FAM83H,other,0.119949,0.50675,8.72609,84.9177,62.3226,64.6146,47.7179,446,358
FAM86C1P,other,0.210668,0.355411,14.2191,62.4948,72.8957,27.7749,26.7953,843,725
FAM89A,other,0.395745,0.778986,19.7871,64.0265,39.046,34.2827,17.3534,959,1074
FAM89B,other,0.196441,0.530917,24.2024,226.154,67.1197,144.388,41.7049,134,350
FAM8A1,other,0.221839,0.891539,10.3876,49.1171,44.64,41.8896,25.8571,666,617
FAM91A1,other,0.20749,0.520288,13.1913,82.6812,48.8849,45.3059,31.6858,649,581
FAM98A,other,0.426202,0.666533,33.1836,89.4618,67.761,36.6383,20.839,919,1002
FAM98B,other,0.392549,0.625526,77.1639,199.18,193.997,67.9271,78.0581,519,284
FAM98C,other,0.254408,0.579939,19.2114,119.71,47.6348,44.8247,32.9808,858,612
FAN1,other,0.106211,0.381638,5.7789,71.1181,41.6268,55.3984,27.0406,538,622
FANCA,other,0.250196,0.670588,22.9011,108.618,77.1346,72.0751,45.2195,384,360
FANCB,other,0.3595,0.596094,47.2431,157.607,109.573,62.0923,43.8107,393,353
FANCC,other,0.217681,0.791063,28.3411,140.502,120.645,109.22,79.6137,237,203
FANCD2,other,0.376101,0.862299,50.0622,150.016,118.106,94.8092,57.0527,304,285
FANCE,other,0.316577,0.847208,41.4317,156.89,109.171,94.7651,70.6753,243,214
FANCF,other,0.340992,0.867358,40.4502,129.163,108.946,82.5378,62.2995,296,277
FANCG,other,0.223744,0.797936,19.6317,103.18,74.6131,70.6305,56.0167,330,286
FANCI,other,0.137964,1.37637,37.8833,319.987,235.63,250.741,224.69,114,70
FANCL,other,0.35539,1.10425,84.8495,240.896,236.623,173.927,148.46,153,127
FANCM,other,0.41198,0.719939,51.785,144.541,109.311,60.216,47.9546,501,397
FANK1,other,0.313022,0.603444,17.7466,63.2331,50.8319,34.6544,20.5686,865,853
FAR1,other,0.194322,0.414347,9.46612,61.5798,38.5354,33.96,19.6383,809,810
FAR2,other,0.296449,0.624791,17.4198,71.6384,48.1995,42.133,21.8533,889,905
FARP1,other,0.137212,0.347677,8.92165,89.3306,47.3268,50.0605,30.559,613,537
FARP2,other,0.215473,0.596075,8.23635,44.5578,32.7914,30.3648,19.3393,1124,962
FARS2,other,0.248598,0.805845,30.6778,91.9178,165.675,73.0202,88.9843,403,239
FARSA,other,0.0719401,0.556717,50.8025,663.165,751.981,472.601,708.283,49,20
FAS,other,0.341864,0.610656,20.2971,77.5334,45.4644,37.5861,17.8087,699,926
FASLG,other,0.11626,0.535557,5.93828,60.6516,43.0145,52.1275,28.5914,572,572
FASTK,other,0.175307,0.789137,11.7624,77.681,57.9535,65.1053,40.2867,469,427
FASTKD1,other,0.0863667,0.891755,6.05458,94.4606,52.0265,89.6955,42.3526,362,397
FASTKD2,other,0.314099,0.729243,16.789,58.944,48.4704,36.1813,25.1852,722,672
FASTKD3,other,0.373325,0.74688,35.3674,106.697,84.1169,54.588,41.0844,488,419
FASTKD5,other,0.214573,0.444283,15.7002,80.3928,66.5955,44.3617,31.9366,591,556
FAXDC2,other,0.0952077,0.355629,5.20861,67.5038,44.3375,53.0136,29.5336,568,548
FBF1,other,0.190633,0.370637,24.4966,271.984,60.7117,83.5776,37.5261,187,389
FBH1,other,0.247493,0.670345,15.6462,75.5912,52.8716,51.0125,30.7067,790,608
FBLIM1,other,0.149394,0.427997,14.1869,128.905,69.9581,89.1454,42.324,305,386
FBLN5,other,0.117556,1.11096,8.0876,80.8733,58.5251,77.6834,41.9114,358,406
FBLN7,other,0.298353,0.596444,16.0864,48.878,59.4763,29.6867,21.5731,1150,986
FBN3,other,0.179834,0.902185,10.3375,65.5811,50.3855,59.045,30.2981,527,563
FBP1,other,0.130811,0.378391,9.58153,82.1879,65.2788,44.3429,48.3362,853,415
FBRS,other,0.324394,0.645623,37.9536,126.499,108.211,66.6851,50.4359,351,351
FBXL12,other,0.128593,0.458782,9.21202,99.3515,51.6533,70.7324,37.5656,407,403
FBXL14,other,0.0988833,0.99827,17.3931,204.857,151.029,180.528,138.551,161,124
FBXL15,other,0.468985,0.497499,106.016,288.716,176.991,17.0018,9.86591,1357,2001
FBXL16,other,0.086594,1.2426,13.4894,259.686,93.4455,245.968,84.8551,92,195
FBXL17,other,0.199329,0.652393,13.0929,74.1737,58.1681,54.0157,38.1875,506,446
FBXL18,other,0.125649,0.712367,12.1809,123.224,76.2696,107.421,57.7676,279,266
FBXL19,other,0.123303,0.658376,13.2156,152.185,75.4833,119.25,63.2495,286,240
FBXL20,other,0.174041,0.67689,17.0487,126.214,76.0278,95.9861,55.0416,281,298
FBXL22,other,0.132371,0.568892,8.05005,68.3243,54.13,54.1194,40.0338,453,398
FBXL3,other,0.398545,0.602855,51.8524,170.411,99.3311,52.9634,36.3416,529,477
FBXL4,other,0.183806,0.938948,10.7666,73.3211,46.7963,61.4535,35.717,480,458
FBXL5,other,0.144011,0.755948,15.9599,125.745,97.6746,95.3533,83.008,267,209
FBXL6,other,0.301251,0.677923,22.0854,118.081,45.5169,68.8232,23.9707,367,642
FBXL8,other,0.141015,0.973809,16.225,132.24,100.11,120.803,75.8372,225,234
FBXL9P,other,0.193655,0.597431,16.3044,131.321,53.9785,86.6655,37.2997,295,429
FBXO10,other,0.0987995,0.573243,8.30002,91.4668,77.1587,83.5164,50.7897,359,312
FBXO11,other,0.490612,0.721126,49.4397,119.603,84.9052,43.3979,23.2247,929,859
FBXO2,other,0.119541,0.93605,14.9718,139.713,112.274,122.312,97.5712,250,185
FBXO21,other,0.429235,0.554238,37.1876,120.434,62.3242,28.0609,13.5873,1439,1312
FBXO22,other,0.349222,0.704685,22.1563,74.4275,54.0828,40.6305,24.8327,1034,792
FBXO25,other,0.315832,0.737253,17.0796,55.0089,53.1629,37.1975,23.0311,735,824
FBXO28,other,0.161465,0.395341,18.6934,127.75,104.92,59.2694,72.2718,553,269
FBXO3,other,0.189914,0.946845,38.5783,209.816,196.667,136.018,174.172,218,106
FBXO30,other,0.113929,0.840715,6.86935,78.3228,46.4168,73.7117,31.9383,415,542
FBXO31,other,0.287629,0.687253,16.4106,67.0133,48.5758,42.7168,25.1081,635,707
FBXO32,other,0.631846,0.706558,178.082,291.367,272.632,38.1017,21.8087,808,1199
FBXO33,other,0.328959,0.75524,30.7565,90.2626,96.8463,64.5926,32.2396,422,557
FBXO34,other,0.100144,,10.648,122.643,92.1812,129.712,72.5817,218,237
FBXO36,other,0.242885,0.597908,19.4328,113.658,56.3212,72.5284,30.6379,331,520
FBXO38,other,0.270254,0.52775,21.6894,122.893,52.4115,49.782,29.3089,438,528
FBXO4,other,0.269117,0.632073,17.8305,70.9871,61.8395,43.5564,32.829,536,510
FBXO40,other,0.133586,2.20211,9.46089,78.9916,63.4979,77.4016,51.8894,360,342
FBXO41,other,0.117157,0.559643,7.33398,78.6442,49.8281,65.091,37.157,440,504
FBXO42,other,0.290072,0.785899,36.8291,117.707,136.952,77.1493,82.8043,376,197
FBXO43,other,0.261713,0.610148,9.05253,42.491,28.1573,27.1858,13.7749,1230,1276
FBXO44,other,0.275185,0.554045,13.1486,65.4425,34.8859,33.705,17.1401,863,1027
FBXO45,other,0.157903,0.73569,7.50312,49.0502,46.0325,42.0814,31.1066,808,591
FBXO46,other,0.478941,0.84327,57.1816,97.5005,146.198,55.4014,36.977,502,517
FBXO48,other,0.395219,0.741015,17.0123,52.6424,35.1976,27.2445,14.4449,1102,1183
FBXO5,other,0.206008,0.838761,114.386,566.203,544.513,486.342,311.63,37,44
FBXO6,other,0.223732,0.838927,16.4813,92.8539,58.4423,73.2417,38.7629,450,470
FBXO7,other,0.275381,0.652698,20.8117,78.3207,72.9244,53.6999,31.6302,501,551
FBXO8,other,0.2774,0.666443,28.934,113,96.2775,74.8309,46.8946,421,451
FBXO9,other,0.546969,0.698381,28.9098,57.6234,48.4803,15.1669,8.1194,2566,2754
FBXW2,other,0.388129,0.719956,30.0738,79.4703,75.5473,43.8579,26.551,727,750
FBXW4,other,0.105466,0.437513,7.53996,89.3683,57.1916,72.4817,39.6036,437,435
FBXW5,other,0.271006,0.558894,17.7813,76.2046,56.492,47.789,20.8706,482,810
FBXW7,other,0.296123,0.621475,18.653,64.8829,61.1538,38.9153,26.4627,930,700
FBXW8,other,0.444177,0.781071,22.8587,55.7882,47.4732,27.4879,17.2089,1276,1190
FBXW9,other,0.345495,0.529252,26.4278,89.8687,65.1074,35.2453,19.4598,1195,1073
FCAR,other,0.507999,0.773914,43.45,99.4701,73.5464,35.4524,24.309,786,746
FCER1A,other,0.245286,0.500035,13.0404,62.8029,45.0046,36.2624,19.3792,729,788
FCER1G,other,0.333718,0.73428,15.5965,52.9551,41.2466,32.6064,19.075,942,879
FCER2,other,0.187692,0.512131,7.07148,43.8256,32.3893,30.6478,17.921,915,996
FCGBP,other,0.470582,0.672819,26.815,65.0565,49.9106,21.1799,13.7092,1250,1209
FCGR2A,other,0.307595,0.636209,18.6134,71.5677,51.1653,45.9631,17.7356,575,907
FCGR2B,other,0.203258,0.568034,8.12373,45.4906,35.1151,29.6678,22.1886,893,788
FCGR3A,other,0.197232,0.394558,11.3565,76.5551,43.3074,41.2571,19.837,608,863
FCGR3B,other,0.198122,0.524772,12.4174,80.7351,48.6556,55.6929,26.2968,461,592
FCHO1,other,0.259565,0.965524,30.3966,102.085,134.336,80.7223,87.9424,413,249
FCHO2,other,0.281933,0.821793,22.5867,97.8017,65.625,69.0041,39.3933,446,486
FCHSD1,other,0.18625,0.668596,7.21726,46.7365,32.129,36.2361,21.0318,812,768
FCHSD2,other,0.400506,0.564639,39.6266,134.556,72.7532,32.3645,24.5567,961,845
FCMR,other,0.160354,0.471255,22.9396,181.632,112.673,115.336,76.931,169,207
FCN1,other,0.265787,0.696797,14.4696,75.6115,39.1971,47.6728,23.7626,644,700
FCRL1,other,0.0910278,0.177584,6.04285,73.8419,59.6806,44.8987,19.6743,571,1019
FCRL3,other,0.0839368,0.24334,4.91588,80.9307,42.3823,51.8825,28.333,680,600
FCRL6,other,0.196976,0.465755,11.1174,93.0028,34.2517,57.2254,18.3266,569,833
FCRLA,other,0.331622,0.698983,28.2184,94.8425,76.344,53.4883,36.9335,650,561
FCSK,other,0.206115,0.560995,7.6494,42.4986,32.4086,30.8597,16.4341,1107,1035
FDCSP,other,0.28989,0.681393,16.4161,70.2034,45.6791,42.8173,24.485,812,785
FDFT1,other,0.199582,0.702528,21.5295,120.828,96.3063,97.5632,55.9381,271,347
FDPS,other,0.100235,,87.574,1181.68,645.976,1260.3,652.451,11,18
FDX1,other,0.212181,1.06829,54.8528,215.096,310.709,173.52,247.296,147,83
FDX2,other,0.0949391,,57.708,436.198,847.027,383.35,884.727,55,17
FDXACB1,other,0.552051,0.690853,47.9866,109.615,68.931,25.9288,11.2784,1578,1773
FDXR,other,0.249972,0.648062,32.4966,188.437,89.6869,119.412,53.2585,205,325
FECH,other,0.107811,0.44423,12.2896,150.577,86.2963,97.1413,71.9735,254,229
FEM1A,other,0.585683,0.723549,136.936,332.219,164.545,62.9595,31.5217,269,514
FEM1B,other,0.165076,1.04844,13.8852,87.3627,80.9862,81.7792,49.573,341,326
FEM1C,other,0.0668572,,5.4505,84.2663,78.8721,85.815,68.8181,366,278
FEN1,other,0.146214,0.487644,22.5838,169.942,140.384,127.071,90.354,208,175
FER,other,0.431627,0.644794,39.782,121.132,70.1291,45.5715,19.7512,807,1043
FERD3L,other,0.102889,0.528406,7.09315,87.7682,54.1508,72.7611,42.1435,357,371
FERMT2,other,0.244524,0.795027,13.4473,75.4321,40.0932,49.4327,29.0894,507,577
FERMT3,other,0.236959,0.638736,11.1227,56.2991,39.1361,39.136,21.4682,724,750
FERRY3,other,0.351116,0.661598,18.0296,62.802,41.9853,30.1651,19.2304,867,848
FES,other,0.142393,0.514254,10.1787,89.8462,56.8729,72.7273,33.988,394,506
FEV,other,0.0793583,0.563171,6.4865,114.553,58.3216,106.898,40.9916,286,387
FEZ1,other,0.428424,0.60816,24.6863,78.2657,42.4221,24.9835,11.4983,1467,1737
FEZ2,other,0.557046,0.664026,59.8769,145.099,79.629,20.2948,14.4783,1155,1305
FEZF1,other,0.292899,0.663277,15.216,62.3457,43.2871,38.8926,20.8478,964,875
FEZF2,other,0.216095,1.00034,19.2829,108.587,73.3297,95.2286,45.5138,322,415
FGD1,other,0.31273,0.750188,15.8761,63.1862,40.7872,41.5591,20.0788,682,857
FGD2,other,0.272713,0.631851,13.7293,57.7425,43.892,34.2839,23.7658,830,775
FGD3,other,0.306392,0.739901,21.3432,85.5952,56.691,45.7757,35.7944,807,558
FGF11,other,0.345652,0.601477,40.5005,144.798,94.8159,64.4625,38.3773,527,595
FGF2,other,0.196701,0.73334,15.503,94.3354,65.8486,67.7113,49.0625,533,386
FGF9,other,-0.00470691,-0.0346314,-0.596562,180.405,89.0415,162.701,72.2805,145,212
FGFBP2,other,0.142434,0.503224,6.87429,58.3108,39.9466,46.5636,24.0612,691,704
FGFBP3,other,0.0796505,0.70131,7.42751,124.194,70.0175,111.951,60.8559,249,278
FGFR1,other,0.081224,,65.2389,669.392,963.75,586.071,1115.55,49,13
FGFR1OP2,other,0.344257,0.864756,40.0154,130.506,103.528,75.3547,64.7031,325,263
FGFR2,other,0.251218,0.870451,13.4373,61.8366,46.2676,50.2575,25.6869,622,657
FGFRL1,other,0.111346,0.983226,10.2028,133.311,62.9835,106.334,58.992,265,277
FGGY,other,0.254637,0.511851,10.5323,50.391,33.9506,27.7485,15.2511,1085,1131
FGL2,other,0.431054,0.622278,27.191,74.8655,53.1502,26.7472,13.4702,1562,1576
FGR,other,0.403383,0.650056,26.1443,77.0722,54.5028,33.202,17.6321,747,950
FHIP1B,other,0.243559,0.514976,18.7972,84.319,70.6405,51.3764,30.1965,688,606
FHIP2A,other,0.182234,1.0344,23.0837,141.824,113.137,125.053,83.4421,233,216
FHIP2B,other,0.132859,0.438053,9.28173,90.3197,54.0375,67.3795,34.4668,596,471
FHIT,other,0.465504,0.661399,83.0902,160.808,198.128,58.6591,43.6241,748,618
FHL1,other,0.485985,0.618436,88.8015,273.083,122.265,40.5842,33.5836,744,636
FHL2,other,0.109853,0.750858,10.2099,122.007,70.801,114.654,45.6553,211,352
FHOD1,other,0.164821,0.910226,8.97961,65.21,45.5174,57.4083,33.0426,514,574
FIBP,other,0.398974,0.714319,18.9692,51.9454,43.5174,26.7239,15.5569,1154,1230
FICD,other,0.258416,0.720939,16.77,67.4612,62.4273,51.8619,27.7405,616,602
FIG4,other,0.154432,0.818606,6.35968,54.748,30.976,48.2736,21.6538,662,760
FIGLA,other,0.10856,0.330644,8.12941,115.036,48.7465,76.4237,33.091,407,457
FIGNL1,other,0.382285,0.799682,54.7802,153.545,133.733,79.4131,70.4316,361,230
FILIP1L,other,0.147606,0.516546,7.61335,63.0736,42.1787,48.3919,27.3823,576,553
FIRRM,other,0.582526,0.699199,87.5427,154.677,146.01,30.5645,19.7047,1348,1214
FIS1,other,0.0844915,,28.218,255.021,437.37,257.665,434.845,97,29
FITM1,other,0.136714,0.542682,30.1495,304.063,159.945,176.71,135.709,201,137
FITM2,other,0.162844,0.382442,13.7545,94.072,75.837,53.8511,43.6779,526,365
FIZ1,other,0.238193,0.581353,12.5431,73.3491,37.8056,44.8793,21.4547,784,829
FKBP11,other,0.16755,0.978737,10.6217,79.7991,50.362,72.9701,33.1154,380,511
FKBP14,other,0.289767,0.683421,15.0315,64.1244,41.9649,42.2955,19.8035,864,853
FKBP15,other,-0.0186479,,-3.225,271.951,109.979,275.741,81.7843,96,187
FKBP1A,other,0.0584941,,5.81948,113.213,87.4273,118.051,67.2303,212,224
FKBP1B,other,0.352077,0.765769,24.0935,89.3289,52.4242,50.8273,26.7129,657,725
FKBP2,other,0.433718,0.619319,82.2964,422.681,85.1793,63.4016,36.0318,210,434
FKBP3,other,0.296028,0.744831,26.2769,88.3708,89.1613,66.1697,33.1005,426,505
FKBP4,other,0.153748,0.668499,17.5708,142.387,91.7264,116.933,64.5858,267,313
FKBP5,other,0.248238,0.583431,14.6087,81.8494,42.3125,39.0019,27.68,595,622
FKBP7,other,0.131507,0.576078,7.07855,61.4879,47.1196,47.0531,36.66,685,494
FKBP8,other,0.50246,0.557802,119.32,244.42,230.722,30.4436,16.8754,1585,1389
FKBPL,other,0.144667,0.813102,13.7923,121.82,74.6126,102.626,59.6223,212,266
FKRP,other,0.152793,0.580578,14.1784,93.3168,92.2758,81.1044,43.4404,372,402
FKTN,other,0.181035,0.438628,7.76045,49.3488,37.2368,32.8749,18.2354,933,886
FLACC1,other,0.362526,0.681032,15.3296,51.5633,34.6772,25.6601,15.1169,1120,1224
FLAD1,other,0.212559,0.772635,61.3796,291.772,285.79,234.088,176.383,116,94
FLCN,other,0.179168,0.509722,19.0958,121.482,93.5073,90.4076,48.3415,301,376
FLI1,other,0.281048,0.664358,37.099,170.415,102.248,91.8748,62.5446,310,268
FLII,other,0.279573,0.758836,27.6234,102.88,94.8932,69.7156,54.9365,429,385
FLNA,other,0.230717,0.710655,18.1389,87.1986,70.8847,65.0948,41.4108,462,475
FLNB,other,0.188209,0.7817,10.5706,68.6697,45.9364,51.8375,35.0727,560,488
FLOT1,other,0.276556,0.651058,18.0793,73.4237,58.2052,39.5969,35.409,644,513
FLOT2,other,0.368451,0.655895,16.1302,49.1257,39.0133,23.9135,15.0249,1452,1348
FLRT2,other,0.0700824,1.31898,6.6483,151.441,59.4236,148.525,50.7121,167,322
FLT1,other,0.134721,0.388114,9.70973,107.608,48.2725,75.5464,28.7509,340,544
FLT3LG,other,0.240692,0.502795,15.781,56.8399,75.6302,37.4466,24.8334,812,681
FLT4,other,0.360514,0.629272,21.8768,81.6985,45.0721,35.1814,19.0898,1014,893
FLVCR1,other,0.115124,0.671254,7.26052,69.2464,57.4392,59.1814,45.8154,488,401
FLVCR2,other,0.106101,0.294636,8.06973,94.7036,61.0819,64.9956,35.8313,427,458
FLYWCH1,other,0.214632,0.557532,14.1488,74.9388,57.9887,47.5785,34.4503,673,557
FLYWCH2,other,0.323857,0.798495,18.2145,67.2174,47.0592,39.2193,28.4743,841,677
FMC1,other,0.163081,0.695584,8.92839,68.1151,44.0047,56.5852,29.715,450,541
FMC1-LUC7L2,other,0.506945,0.78072,44.3551,97.4542,78.5532,39.8747,22.4964,843,725
FMN1,other,0.192881,0.592298,14.2039,76.6109,70.7856,58.0699,39.7686,428,397
FMNL1,other,0.177442,0.483644,12.1793,78.9764,59.6529,50.8062,37.1417,531,432
FMNL2,other,0.353844,0.712964,30.6672,102.24,73.4687,54.4735,34.7351,422,479
FMNL3,other,0.161881,1.25966,21.6905,158.13,113.535,141.668,95.524,189,162
FMO4,other,0.238418,0.768134,14.1937,72.9658,48.5728,48.9471,34.3571,537,566
FMR1,other,0.197619,1.24259,45.8549,267.462,201.305,245.26,139.967,104,135
FN1,other,0.098582,,48.8046,1337.13,183.296,1507.13,166.695,11,80
FN3K,other,0.305872,0.469308,28.4597,88.0135,98.3632,39.1711,23.071,914,828
FN3KRP,other,0.336237,0.543629,15.4186,60.7043,34.6398,23.5715,12.9765,1344,1507
FNBP1,other,0.255874,0.940521,21.0971,106.786,63.6619,83.5827,41.977,346,430
FNBP1L,other,0.669948,0.798708,66.9992,120.99,82.6626,20.9714,12.3093,1271,1450
FNBP4,other,0.349614,0.709086,76.388,226.329,210.927,109.808,111.33,228,132
FNDC10,other,0.375962,0.54649,23.9661,83.8618,48.4556,22.6683,17.0268,1236,1028
FNDC3A,other,0.11266,0.281699,6.57355,88.1761,38.6109,51.5935,23.7257,641,688
FNDC3B,other,0.301786,0.597337,17.9496,83.0362,42.6031,40.1368,21.5548,624,821
FNDC9,other,0.207045,0.484649,13.6367,85.5893,50.6843,46.4988,30.431,644,601
FNIP1,other,0.277109,0.734954,13.8483,58.4825,42.7036,38.3378,25.0794,623,685
FNIP2,other,0.136594,1.37365,19.4119,160.936,125.493,151.384,104.586,185,159
FOCAD,other,0.151354,0.554729,7.74475,56.3231,46.4876,46.0111,27.5856,615,566
FOS,other,0.1413,0.935546,7.80026,68.4731,44.5053,62.9388,31.9441,498,505
FOSB,other,0.269113,0.648504,20.4139,117.825,48.8364,66.4299,29.5567,595,537
FOSL1,other,0.0723765,0.553724,8.61378,176.64,80.187,153.116,69.8998,137,245
FOSL2,other,0.278805,0.501935,18.4524,72.6272,60.3121,35.9169,23.4974,754,729
FOXA1,other,0.150027,0.556677,11.7895,90.8977,67.9358,74.7763,40.1143,409,500
FOXA2,other,0.239737,0.617245,15.674,97.1058,44.0196,58.0093,27.5263,418,593
FOXA3,other,0.199432,0.649272,11.443,66.5777,49.4496,51.3758,29.0167,689,646
FOXB1,other,0.209027,0.724379,10.7239,62.7041,41.9761,45.7821,29.0245,626,665
FOXB2,other,0.123127,0.347028,6.19161,68.9525,36.6733,40.9455,25.3072,656,681
FOXC1,other,0.602791,0.813584,51.3432,83.3472,87.0446,24.948,18.8493,1091,1028
FOXC2,other,0.376076,0.713221,29.3227,96.0337,63.3043,51.9626,24.9507,591,722
FOXD1,other,0.0953146,0.557038,7.204,79.3168,72.0217,69.7216,54.5907,390,339
FOXD2,other,0.511942,0.684626,63.5005,105.495,145.841,35.1373,23.5671,706,824
FOXD3,other,0.192414,0.776345,15.2892,111.189,56.7851,89.6112,38.8107,313,506
FOXD4,other,0.463158,0.65431,36.1408,94.0112,64.7677,29.728,17.3073,1386,1265
FOXD4L1,other,0.363499,0.692849,37.3286,124.544,84.6749,55.8767,42.4026,383,420
FOXD4L3,other,0.0686902,0.415515,6.10737,104.964,75.3143,91.3455,59.4508,241,329
FOXD4L4,other,0.176158,0.581665,9.52809,67.6661,43.2348,49.8319,28.1891,702,630
FOXD4L5,other,0.378654,0.704799,22.4794,74.9349,47.0327,38.7403,18.927,711,850
FOXD4L6,other,0.197803,0.639914,11.6514,67.968,51.0486,53.1661,28.6514,608,601
FOXE1,other,0.175782,0.681004,9.4113,66.4508,43.137,51.9589,29.9583,570,527
FOXE3,other,0.0869285,0.512046,5.58003,71.7059,57.4637,63.4111,43.1468,472,385
FOXF1,other,0.300505,0.678524,12.0846,46.6968,34.6317,28.8394,16.8687,960,1013
FOXF2,other,0.453132,0.752578,28.7339,74.804,53.7545,30.5577,20.808,933,940
FOXG1,other,0.181447,0.732777,12.2552,73.5017,62.064,60.4636,40.6113,444,443
FOXH1,other,0.128279,0.696254,13.0892,136.392,76.3359,120.341,54.3165,254,297
FOXI1,other,0.380823,0.635202,24.3708,94.3392,43.4112,31.2362,20.0838,1097,994
FOXI2,other,0.143921,0.579947,8.16069,64.5655,49.7974,50.128,36.0827,632,484
FOXI3,other,0.143915,1.91465,12.4443,93.1773,80.245,91.0527,60.3616,333,284
FOXJ1,other,0.161224,0.592387,10.4822,84.0007,50.3231,61.273,36.5465,499,464
FOXJ2,other,0.214196,0.405929,18.8498,129.452,59.8246,62.1071,27.8056,418,625
FOXJ3,other,0.193178,0.930439,10.0755,63.349,42.942,54.5036,29.685,557,573
FOXK1,other,0.409492,0.74184,55.6522,168.343,109.718,79.3402,46.4858,264,340
FOXK2,other,0.204949,0.803645,12.2711,64.2561,55.7912,51.5312,37.4686,553,480
FOXL1,other,0.580063,0.775475,53.6665,95.6566,89.483,29.8799,16.6718,1195,1253
FOXL2,other,0.113658,0.526345,8.07469,75.2643,67.0601,61.5673,49.8777,418,341
FOXM1,other,0.2183,1.19419,19.9158,90.1705,92.3046,79.2896,66.7432,374,282
FOXN1,other,0.322041,0.617794,13.4883,46.8183,37.4692,23.4584,17.0634,1339,1135
FOXN3,other,0.212017,0.62501,13.7448,79.4053,52.9284,54.1025,33.815,494,519
FOXN4,other,0.175223,0.921893,29.1288,257.222,107.437,186.373,93.3456,135,180
FOXO1,other,0.555964,0.64886,116.202,262.659,166.319,38.8139,23.042,679,901
FOXO3,other,0.26555,1.13157,31.7669,126.067,113.516,107.804,70.3612,257,251
FOXO6,other,0.234165,0.576263,15.5816,71.5097,61.9176,46.6293,32.5328,691,525
FOXP1,other,0.181004,0.396159,10.2305,66.6597,47.9243,39.0646,23.7573,696,726
FOXP2,other,0.399231,0.737519,18.888,62.6539,35.7251,26.0626,17.8007,1131,1025
FOXP3,other,0.41936,0.568121,25.1637,81.5446,44.1549,17.937,13.3119,1171,1360
FOXP4,other,0.314401,0.678805,18.6942,65.4503,54.0176,38.3963,25.9832,729,726
FOXQ1,other,0.316923,0.573181,27.5529,118.203,63.9435,63.1191,21.9942,528,778
FOXR1,other,0.106842,0.524477,18.0192,241.76,117.653,192.952,93.469,122,168
FOXR2,other,0.129995,0.814111,6.97943,64.1056,44.9669,58.2126,32.4951,499,538
FOXRED1,other,0.211946,0.672977,19.224,92.4593,88.9787,70.4299,51.9376,450,402
FOXRED2,other,0.283266,0.72959,21.4564,88.5541,64.7912,55.7374,38.4364,527,489
FOXS1,other,0.130737,0.337636,7.8112,86.093,41.4642,51.9166,25.8034,452,642
FPGS,other,0.413908,0.644213,62.1614,143.165,157.542,54.9242,52.0274,407,302
FPGT,other,0.157235,0.963479,15.2762,116.605,80.9496,103.859,61.2273,259,251
FPR1,other,0.0733908,0.176668,5.15838,94.2169,52.4342,61.5396,26.3449,547,608
FRA10AC1,other,0.162489,0.856151,16.4814,108.938,94.4412,96.4106,64.8591,307,230
FRAS1,other,0.196346,0.552211,12.5293,85.5736,47.5849,57.5198,29.2343,536,627
FRAT1,other,0.327978,0.609345,15.7753,55.5984,41.6107,27.8726,17.4368,822,1009
FRAT2,other,0.288388,0.86786,19.4459,88.5582,51.3423,60.7961,33.2579,507,587
FRG1,other,0.122607,0.735047,7.56565,72.4555,52.552,65.7795,36.6831,434,463
FRMD3,other,0.379799,0.646881,20.1134,76.2481,36.7819,28.652,16.47,979,1126
FRMD4A,other,0.149825,,15.2222,134.181,76.9311,137.907,53.1864,183,317
FRMD4B,other,0.197951,0.52498,12.047,65.9543,56.1564,48.6363,25.7493,812,657
FRMD6,other,0.239349,0.63528,13.2964,70.5853,43.7211,47.471,24.769,593,763
FRMD8,other,0.251865,0.566053,13.4603,56.6217,50.4416,36.7817,21.9413,860,851
FRS2,other,0.17702,0.491794,7.474,58.6254,30.4069,39.6034,18.2651,853,870
FRS3,other,0.464566,0.594572,88.2651,168.481,214.255,54.1621,21.4807,833,1155
FRY,other,0.177003,0.477915,10.0797,71.6095,45.2863,47.0501,27.1737,602,624
FRYL,other,0.382259,0.689151,17.089,57.1754,34.955,27.067,14.5321,1365,1243
FSBP,other,0.423983,0.67151,19.2487,54.1541,38.0604,20.8331,13.4012,1354,1408
FSCN1,other,0.323882,0.853106,17.6641,77.3033,38.4778,47.7936,23.9496,690,695
FSD1,other,0.206301,0.691901,9.94457,57.4577,40.4411,46.1806,22.1227,856,738
FSD1L,other,0.204743,0.909246,17.9346,105.148,72.973,89.7979,47.6272,376,432
FSIP1,other,0.156723,0.704035,8.60226,75.8034,39.7438,65.3073,25.5203,492,571
FSTL1,other,0.41021,0.679979,17.981,49.8202,38.5663,20.4764,14.7366,1266,1147
FTH1,other,0.22318,0.707443,12.7134,63.4822,51.1162,47.2585,31.21,621,545
FTL,other,0.456484,0.573604,26.2322,80.053,41.2515,12.7509,10.1762,2261,1801
FTO,other,0.166685,0.551352,10.0828,74.8326,48.8966,59.4399,27.1701,453,595
FTSJ1,other,0.375781,0.628799,23.1992,82.054,46.449,37.098,16.1705,919,1115
FTSJ3,other,0.274491,0.732129,115.499,509.349,347.602,217.911,262.207,53,56
FUBP1,other,0.443241,0.74221,67.2152,157.553,145.958,68.3889,53.9789,345,281
FUCA1,other,0.172356,0.636548,7.96371,58.5519,36.4617,46.2262,23.7631,656,718
FUCA2,other,0.160328,1.00389,8.07146,64.7548,39.1396,57.7448,29.9178,481,542
FUNDC1,other,0.180435,0.753461,40.6553,298.364,170.156,251.397,108.166,94,136
FUNDC2,other,0.274256,0.795636,17.9768,87.7568,48.9589,67.2087,24.1147,448,767
FUOM,other,0.105092,0.441175,6.53256,75.3764,51.2611,57.5893,38.9346,550,402
FURIN,other,0.183908,0.605997,11.0099,67.3591,53.2069,51.5745,32.2951,627,539
FUS,other,0.300543,0.64848,22.3887,88.741,62.5342,52.3419,29.7871,622,527
FUT10,other,0.394543,0.843812,27.5853,86.3504,56.6112,48.7689,28.1738,598,634
FUT11,other,0.181542,0.812086,13.4959,100.574,54.9494,81.2539,40.6545,353,395
FUT4,other,0.218911,0.456773,13.1761,64.5642,56.1112,42.2345,18.8468,615,920
FUT7,other,0.219696,1.08132,14.8125,88.8459,51.1651,77.7906,34.1914,303,491
FUT8,other,0.0891147,,4.336,55.8748,42.3706,56.535,30.8149,511,522
FUZ,other,0.191809,0.522301,8.30437,50.583,37.0572,32.7548,22.8777,864,773
FXR1,other,0.213356,0.468115,21.9769,130.315,81.4193,67.3784,46.3988,408,367
FXR2,other,0.288502,1.16098,34.0209,149.329,93.1215,114.1,68.7468,230,275
FXYD1,other,0.244698,0.743128,17.6027,94.3617,54.8406,66.4107,34.7665,375,441
FXYD2,other,0.407313,0.606841,23.1176,56.2987,57.218,23.2348,13.3263,1570,1574
FXYD3,other,0.157786,0.500958,11.7628,87.2355,63.7071,69.2364,33.0758,483,518
FXYD7,other,0.146334,1.60128,13.2575,112.005,73.2817,106.376,61.1044,235,266
FYB1,other,0.128776,0.593766,9.42086,81.5425,65.6335,69.7021,44.3725,465,431
FYCO1,other,0.117102,3.26287,14.7927,116.979,136.415,111.613,132.584,282,136
FYN,other,0.184062,0.786759,16.8977,103.006,81.8212,82.0065,59.8547,313,294
FYTTD1,other,0.369589,0.542531,19.254,69.5884,39,22.232,12.4043,1156,1285
FZD3,other,0.2469,0.798991,15.3928,70.4067,55.2049,52.3712,34.626,520,564
FZD6,other,0.12047,1.57129,65.9953,458.12,655.075,436.426,573.755,56,39
FZR1,other,0.0576228,0.932303,29.4146,693.799,375.579,617.225,362.58,31,45
G0S2,other,0.476028,0.658517,29.6969,76.7463,50.7107,21.3179,14.02,1273,1265
G2E3,other,0.332889,0.856351,17.1549,58.7265,45.2214,41.1759,22.3558,732,785
G3BP1,other,0.291797,0.710749,24.7776,91.5514,78.757,62.4167,37.0438,446,462
G3BP2,other,0.287925,0.592556,16.633,62.3261,53.5444,35.6491,24.0088,979,906
G6PC3,other,0.229616,0.610556,15.2959,73.9979,59.9692,54.879,27.1416,698,678
G6PD,other,0.333762,0.648997,38.0181,134.331,96.5895,65.0411,47.0643,395,412
GAA,other,0.180517,0.606223,11.1376,104.568,36.404,74.4422,25.1999,355,580
GAB2,other,0.199301,0.734953,16.6392,85.5221,81.5022,66.6221,54.3825,387,342
GAB3,other,0.157581,0.498825,8.73229,71.2917,43.0732,51.6673,27.4575,671,624
GABARAP,other,0.125234,0.615833,14.1768,147.012,87.1683,112.181,71.9538,177,228
GABARAPL1,other,0.246693,0.553566,26.2942,192.472,59.0256,110.908,31.3637,179,480
GABARAPL2,other,0.233692,0.59084,9.70116,54.532,31.6015,32.9872,19.0884,831,883
GABBR1,other,0.0776854,0.395206,5.38171,81.6323,58.7896,65.1817,47.5173,430,340
GABPA,other,0.316248,1.07122,56.8402,206.683,156.296,139.362,114.474,190,169
GABPB1,other,0.488558,0.843385,134.077,313.287,240.399,120.283,109.454,240,159
GABPB2,other,0.280808,0.781362,21.3078,86.2331,66.7707,63.6413,33.8535,445,559
GAD1,other,0.109507,0.476483,4.67275,47.7253,38.1515,41.5574,22.5591,723,733
GADD45A,other,0.472539,0.756787,33.6981,77.7919,65.3734,30.7168,23.2549,791,819
GADD45B,other,0.319604,0.64651,12.245,43.291,33.9074,25.5917,13.6394,1294,1260
GADD45G,other,0.115955,,11.8257,125.183,83.0854,128.095,65.2056,212,275
GADD45GIP1,other,0.198409,0.560277,28.3958,114.054,179.588,80.712,102.548,335,203
GAK,other,0.36107,0.609117,94.0269,448.225,151.295,204.807,53.4026,96,252
GAL3ST4,other,0.332076,0.693571,16.233,60.2321,39.6732,35.2725,17.7259,751,855
GALC,other,0.280564,0.463368,14.6856,65.7457,41.6731,26.7438,15.9189,1183,1124
GALE,other,0.0803387,2.26035,7.34116,105.521,79.1298,104.914,61.7514,259,296
GALK1,other,0.390085,0.64743,40.897,140.284,78.3533,44.8385,36.547,439,454
GALK2,other,0.352594,0.549936,21.8672,80.763,47.6239,29.854,16.5664,1161,1212
GALM,other,0.213529,0.657727,8.32051,46.8884,32.3832,34.9165,19.0159,984,891
GALNS,other,0.0231673,,6.7934,662.064,129.874,771.738,98.1795,26,146
GALNT1,other,0.20941,0.468802,10.2064,68.6278,34.614,42.3277,16.5916,743,980
GALNT10,other,0.0611552,0.509167,7.13399,161.499,84.261,150.06,67.0994,195,247
GALNT11,other,0.274725,0.782968,42.2048,204.916,115.173,160.016,50.4619,166,359
GALNT12,other,0.370427,0.828302,27.3092,85.3157,63.7064,50.8697,32.149,703,681
GALNT18,other,0.135967,0.623404,13.8669,120.799,86.1044,105.569,53.6169,283,284
GALNT2,other,0.436851,0.662399,42.7081,115.716,82.5961,46.7648,22.3073,942,1057
GALNT3,other,0.15859,0.730325,29.7264,236.882,148.32,178.952,119.721,109,129
GALNT4,other,0.151736,0.41917,10.5149,85.1827,56.3744,57.23,33.8627,491,461
GALNT6,other,0.289969,0.646062,24.1932,90.841,76.6303,47.0666,44.5959,698,473
GALNT7,other,0.0962739,,5.65449,68.0377,50.7014,69.8296,39.9558,396,394
GALR2,other,0.162789,0.523857,18.0257,140.137,87.495,98.5978,58.9915,326,303
GALT,other,0.375411,0.747432,22.9239,72.6449,51.3284,45.4679,16.7161,698,1045
GAMT,other,0.29441,0.724344,18.1353,75.6032,50.1885,51.1412,24.5633,801,740
GAN,other,0.0859434,0.627474,10.5196,162.643,92.117,145.89,75.34,184,199
GANAB,other,0.168029,0.430419,20.9431,154.853,100.321,101.13,56.2515,287,289
GANC,other,0.143845,0.845069,8.77114,71.8067,51.7795,60.6944,42.085,424,419
GAPVD1,other,0.241167,0.562136,11.2926,54.7386,40.0552,32.3565,22.0248,834,749
GAREM1,other,0.404554,0.688317,33.3493,110.354,61.5794,43.8911,26.2594,682,671
GAREM2,other,0.320101,0.76326,24.0662,93.6377,60.3657,60.3845,30.4681,534,542
GARIN1A,other,0.214289,0.537839,12.3715,71.6892,46.4933,44.316,27.1642,641,593
GARRE1,other,0.129538,,12.0116,98.8305,86.9999,103.458,75.7711,256,225
GARS1,other,0.167242,0.722345,39.7471,228.024,247.707,164.25,200.23,166,103
GART,other,0.239668,1.16324,31.9259,143.751,123.44,126.148,80.6502,224,190
GAS2,other,0.23812,0.811816,12.6146,57.7288,48.6143,46.5042,27.1034,759,650
GAS2L1,other,0.219564,0.488982,28.2727,106.692,155.412,68.5043,67.8673,463,340
GAS6,other,0.169151,0.531649,11.1494,100.719,43.136,67.6993,29.817,347,552
GAS7,other,0.133472,0.78309,10.3272,96.9745,61.7343,81.1512,50.7431,323,330
GAS8,other,0.405303,0.620421,26.2823,65.7357,63.9685,27.144,17.4677,1133,1117
GATA1,other,0.200732,0.597878,10.0993,64.8205,39.0512,44.9961,24.658,683,685
GATA2,other,0.164577,0.742973,54.1644,578.609,187.199,479.963,133.322,36,121
GATA3,other,0.484621,0.608727,82.4384,215.784,134.102,45.8671,26.1632,805,784
GATA4,other,0.0504511,,5.47822,142.314,82.8492,153.864,70.0542,165,227
GATA5,other,0.129821,,9.84222,83.5058,68.8305,84.1027,50.6056,322,313
GATA6,other,0.186787,0.74171,8.76746,56.0724,39.2921,45.9997,25.4202,679,717
GATAD1,other,0.255345,1.19874,67.0539,298.253,231.212,229.956,185.398,136,84
GATAD2A,other,0.171958,0.814697,8.20649,49.5123,45.9999,44.6701,25.0453,693,664
GATAD2B,other,0.307332,0.691173,33.1157,112.423,103.276,77.9469,36.6898,332,459
GATB,other,0.184226,0.475709,29.1075,128.101,194.876,88.5115,100.306,304,176
GATC,other,0.405681,0.82973,31.2282,92.9433,63.7536,49.924,30.8264,480,547
GATD1,other,0.20179,0.940146,8.93362,51.6822,37.9239,44.0612,26.0758,707,646
GBA1,other,0.257557,0.798483,17.1869,93.4893,47.6303,67.9382,29.4981,461,545
GBA2,other,0.280495,0.876673,46.3533,151.314,180.482,121.429,86.9335,191,191
GBE1,other,0.158243,0.984768,8.45529,59.0943,48.3129,52.8,36.6007,531,495
GBGT1,other,0.341903,0.608313,25.1139,86.712,62.222,43.6775,22.6163,553,714
GBP1,other,0.460059,0.689359,42.6475,103.401,83.1066,39.8835,22.8502,920,964
GBP2,other,0.0794322,0.398494,6.11547,104.634,56.6493,92.3938,37.4076,295,422
GBP3,other,0.372863,0.633317,31.0764,105.054,66.123,45.8112,25.4799,688,685
GBP4,other,0.282239,0.683773,9.27754,43.406,24.8933,24.5167,15.1473,1070,1109
GBP5,other,0.334711,0.693782,16.9854,71.2304,36.153,35.4758,19.3893,950,998
GBP7,other,0.165524,0.428871,7.8668,59.5454,37.9338,37.0276,22.9915,752,711
GBX1,other,0.22122,0.527522,9.71984,48.2404,40.0183,32.4444,18.5256,882,912
GBX2,other,0.165535,0.712083,16.7993,104.216,98.8263,87.0867,66.333,333,309
GCA,other,0.333696,0.733216,19.6828,85.6093,40.6396,43.1432,23.6702,858,672
GCAT,other,0.0857133,1.56287,5.39133,78.812,50.1998,77.8035,38.4001,365,428
GCC1,other,0.328963,0.627542,32.153,115.416,82.7722,65.2691,30.4224,534,516
GCC2,other,0.153378,0.848606,7.53222,62.0067,38.8938,54.7765,27.9975,583,588
GCDH,other,0.223829,0.531154,8.48201,47.6836,30.1161,28.7971,16.6138,1156,991
GCFC2,other,0.355934,0.849984,20.3682,68.1038,48.0833,44.5595,23.6942,529,702
GCH1,other,0.119052,0.621705,11.2548,99.2553,90.0431,84.8765,67.251,351,319
GCHFR,other,0.202066,0.482033,9.22601,61.021,34.1635,34.9101,20.1337,760,828
GCLC,other,0.195185,0.702003,44.7405,218.713,240.234,153.086,178.341,142,114
GCLM,other,0.197857,0.569642,13.3852,79.513,57.5586,51.6523,37.7408,571,532
GCM1,other,0.192791,0.812186,10.6051,61.9505,48.844,52.4344,30.9271,524,578
GCM2,other,0.304035,0.6889,13.3323,53.9606,35.6356,29.6964,20.1997,775,813
GCN1,other,0.3141,0.678742,52.4619,182.547,152.818,122.163,53.8827,233,344
GCNA,other,0.454479,0.746978,19.8994,53.767,35.6564,22.9588,12.6208,1645,1496
GCNT1,other,0.31905,0.680706,21.8287,87.3329,53.5996,49.2132,26.623,690,704
GCNT4,other,0.153568,1.22251,9.03338,66.8301,51.7756,62.469,39.2559,482,427
GCNT7,other,0.188553,0.472259,6.84565,44.0259,29.9401,29.4319,15.5423,1071,1048
GCSAM,other,0.212628,0.620806,18.1552,99.1597,73.5237,75.7034,37.0623,387,499
GCSH,other,0.214316,1.39923,75.0673,320.971,382.231,229.23,350.858,108,54
GDAP1,other,0.423942,0.698078,34.843,77.7185,86.9148,40.4878,19.9999,719,797
GDAP2,other,0.458777,0.951994,242.524,401.44,696.12,211.835,353.835,115,56
GDE1,other,0.235434,0.731357,20.8373,97.4419,80.3894,73.5279,46.4447,410,432
GDF11,other,0.108413,0.817538,23.2264,306.558,149.721,286.118,110.234,61,118
GDF15,other,0.25125,0.536961,16.0064,83.3183,48.7117,48.8645,22.9209,650,693
GDF7,other,0.155466,0.757395,12.9077,87.1674,79.0803,73.2002,58.2862,390,322
GDF9,other,0.201104,1.1218,29.786,166.497,131.758,137.258,107.646,192,151
GDI1,other,0.191383,0.873071,18.435,97.4363,95.226,79.8277,69.9062,333,275
GDI2,other,0.109395,0.466059,5.71965,69.7097,39.2151,50.7779,31.2596,538,539
GDPD1,other,0.197829,2.37875,25.5639,138.876,120.24,134.287,95.0762,221,194
GDPD3,other,0.132751,1.47834,13.5237,137.119,75.6865,123.526,69.5297,225,233
GDPD5,other,0.235576,0.496084,19.0051,113.453,57.3674,57.9604,30.9191,440,512
GDPGP1,other,0.272653,0.527592,20.0655,83.5996,64.7855,41.515,30.4153,635,617
GEM,other,0.307704,0.668857,15.2877,62.276,39.6367,36.8788,19.0669,824,873
GEMIN2,other,0.299759,1.43162,132.259,467.429,416.481,400.303,289.333,65,72
GEMIN6,other,0.119299,,158.619,1742.26,1014.66,1780.52,931.961,16,17
GEMIN7,other,0.148648,,51.5553,446.181,269.598,455.57,233.824,51,56
GEMIN8,other,0.0788469,,59.944,1335.34,432.843,1467.49,386.801,14,35
GEN1,other,0.345981,0.547178,44.67,193.615,86.0969,68.2667,32.9283,420,611
GET1,other,0.218584,,388.99,2239.58,1414.09,1856.19,1542.05,14,14
GET3,other,0.182884,1.06348,78.0652,537.629,338.907,418.786,293.566,49,49
GET4,other,0.10098,0.931197,13.1121,138.922,121.367,127.129,104.554,227,169
GFER,other,0.0408039,0.163893,19.3467,909.156,247.272,685.905,184.855,24,74
GFI1,other,0.249489,0.469416,18.6858,112.389,49.9111,50.9202,24.1327,559,685
GFI1B,other,0.37974,0.53836,14.989,50.9979,30.5507,14.8153,9.12665,1932,2031
GFM1,other,0.487674,0.65563,62.5231,155.486,105.713,28.7544,33.954,756,577
GFM2,other,0.446536,0.909576,94.2252,190.856,233.3,115.508,90.8761,314,318
GFOD1,other,0.134617,1.07263,8.78697,74.4642,57.2175,71.2384,36.4135,486,409
GFOD2,other,0.277189,0.620473,15.1463,66.4132,44.9578,39.3866,22.9095,939,730
GFPT2,other,0.341251,0.687687,16.0362,54.6706,40.3923,30.5433,17.8547,1025,1001
GFUS,other,0.241707,0.618512,13.2121,66.118,45.1903,44.58,24.0046,846,864
GGA1,other,0.244454,0.680659,16.1724,80.7051,54.2315,53.8482,33.2114,639,555
GGA2,other,0.104528,0.494879,4.23293,53.5584,30.6188,45.5286,21.5074,706,726
GGA3,other,0.342269,0.631481,42.1183,187.137,80.9185,92.8894,33.7176,195,482
GGACT,other,0.0896753,0.364548,12.3731,222.634,85.5109,184.259,55.4917,106,321
GGCT,other,0.13034,1.01277,9.12214,99.369,49.2932,94.3592,33.0994,381,463
GGCX,other,0.273428,0.642001,16.0993,61.6743,56.211,40.1963,26.9326,632,638
GGH,other,0.339263,0.686814,21.5652,90.4964,44.6483,42.671,24.0338,684,717
GGNBP2,other,0.478698,0.61795,34.5507,111.96,46.5293,17.823,13.321,1657,1478
GGPS1,other,0.141637,2.86329,62.5731,578.955,337.115,553.441,318.396,34,40
GGT1,other,0.21943,0.547341,13.3193,91.1358,40.4282,45.0915,27.5672,482,555
GGT7,other,0.530695,0.644518,115.461,239.25,197.846,46.5006,31.349,1082,972
GHDC,other,0.192685,0.882122,10.8315,77.3329,40.8617,64.3413,29.2564,431,536
GHITM,other,0.178505,0.496595,11.0294,69.7559,54.7292,47.6171,32.4479,538,541
GID4,other,0.243327,0.670434,18.5926,80.8351,72.2272,56.5837,40.5146,581,548
GID8,other,0.342894,0.599863,38.86,140.796,91.2208,53.3288,43.2414,482,402
GIGYF1,other,0.248317,0.869876,28.9728,144.559,94.1715,112.701,59.3507,229,252
GIMAP1-GIMAP5,other,0.249342,0.94122,22.5538,95.906,85.3105,75.5822,57.0584,326,308
GIMAP2,other,0.145428,0.88719,8.05266,74.344,41.2419,62.1056,34.5102,502,504
GIMAP4,other,0.22216,0.451335,11.5418,65.0449,41.4955,38.4759,16.882,699,1001
GIMAP5,other,0.267376,0.576585,14.1062,71.0365,39.1827,39.5087,20.1981,900,874
GIMAP6,other,0.156678,0.685236,7.14067,51.8637,40.0495,43.7002,26.7474,663,658
GIMAP7,other,0.400864,0.655568,22.7166,67.3127,47.7084,28.3097,16.9223,1123,1012
GIMAP8,other,0.226568,0.523795,8.11974,42.6384,30.1222,27.2194,14.5372,1076,1167
GIN1,other,0.525785,0.611039,51.0125,130.942,71.8881,19.8909,9.12685,2165,2404
GINM1,other,0.116156,0.509685,14.7149,151.985,105.591,123.1,76.7346,199,210
GINS1,other,0.30108,0.847813,51.015,196.676,145.976,123.344,96.6014,200,215
GINS2,other,0.160222,1.2715,28.6031,249.185,127.898,239.666,74.7333,119,262
GINS4,other,0.12343,2.41221,102.921,1104.56,629.471,1084.63,538.115,18,33
GIPC1,other,0.166845,0.574162,9.33786,69.7541,44.9055,55.549,26.2855,576,571
GIPC3,other,0.232011,0.449227,24.9979,102.603,113.144,57.6708,44.2282,609,511
GIPR,other,0.294097,0.601954,12.7429,60.9193,30.8175,29.485,16.5613,894,989
GIT1,other,0.268455,0.793892,16.1192,75.229,47.9247,50.3552,31.351,555,572
GIT2,other,0.229843,0.46247,17.9462,106.465,57.2631,61.1133,24.0599,450,639
GJB2,other,0.142825,0.468921,10.5122,83.3907,64.9626,67.5222,33.2922,396,466
GJB6,other,0.347312,0.513556,25.491,81.8491,65.8143,30.7872,17.5639,842,1009
GJC1,other,0.305271,0.52038,95.0142,388.486,249.362,157.431,105.078,184,159
GK,other,0.0454664,0.378599,3.12248,81.0585,58.1862,72.2667,50.4493,424,341
GK5,other,0.135429,1.12706,28.4223,285.941,154.035,227.22,143.206,75,117
GKAP1,other,0.2578,0.720046,31.9154,163.084,93.9773,121.969,46.194,194,384
GLA,other,0.265095,0.5281,14.6982,66.6509,46.123,32.3494,23.5401,908,754
GLB1,other,0.181399,0.774816,15.9474,103.267,74.8424,88.2903,46.5565,346,386
GLB1L,other,0.390318,0.656579,19.9554,59.5725,43.877,26.4503,15.9885,1093,1139
GLB1L2,other,0.0966244,1.0238,6.4745,75.2691,59.6516,71.971,47.5255,389,360
GLB1L3,other,0.244078,0.501784,12.6855,66.6142,40.5503,35.0232,20.3192,738,776
GLCCI1,other,0.140759,1.02749,20.7237,198.619,109.134,169.672,95.0812,159,160
GLCE,other,0.34707,0.692401,24.8905,83.3416,61.7121,48.7041,24.4039,735,818
GLDC,other,0.229659,0.647285,16.8242,95.1724,56.3884,66.9789,32.4262,485,619
GLG1,other,0.220282,0.728116,13.1767,67.6875,52.8626,48.783,35.5387,573,507
GLI1,other,0.0700027,,6.8579,141.946,67.6127,146.407,46.9088,179,318
GLI2,other,0.326178,0.561087,18.822,57.5496,57.8604,30.5024,16.2551,1230,1216
GLI4,other,0.165942,0.747062,7.96136,54.8754,41.9456,47.263,27.0265,643,714
GLIPR1,other,0.0840914,0.903325,5.76009,92.4933,50.7278,89.1314,38.6334,317,405
GLIPR2,other,0.475159,0.556693,60.0386,214.374,74.4751,23.939,13.3973,1375,1377
GLIS1,other,0.453177,0.732318,57.0115,145.82,108.536,45.7865,47.9486,496,379
GLIS2,other,0.510201,0.739248,70.4892,140.853,135.518,51.5568,33.6985,811,845
GLIS3,other,0.133799,0.785683,8.76596,77.6096,55.3066,72.3156,31.7929,434,477
GLMP,other,0.158553,0.979971,19.3704,194.103,76.8946,169.147,61.2386,148,290
GLO1,other,0.142097,0.617724,9.65557,78.5076,58.8134,65.0393,40.6728,452,438
GLOD4,other,0.228537,0.687258,10.8337,58.7449,38.2536,42.196,23.2378,699,716
GLRX,other,0.247625,0.641766,12.3067,59.7368,41.3475,41.051,21.6679,812,828
GLRX2,other,0.289861,0.608218,17.9159,78.8752,48.4347,44.6242,23.1018,904,695
GLRX3,other,0.237114,1.20735,78.5282,372.31,294.6,258.628,257.388,75,55
GLRX5,other,0.22808,0.676713,10.9418,58.2228,39.5284,39.1519,25.8197,842,712
GLS,other,0.264802,0.557744,26.1563,101.729,95.9098,59.35,44.0146,412,372
GLS2,other,0.147743,0.82144,26.7178,271.678,120.374,236.113,90.6281,98,156
GLT8D1,other,0.180815,0.624086,9.22526,63.3443,41.0943,51.8486,22.0864,550,754
GLTP,other,0.169457,0.724444,18.6928,108.306,112.352,86.4406,81.9025,376,232
GLUD1,other,0.20778,0.62212,14.2468,89.5465,52.5026,61.1107,34.06,518,457
GLUL,other,0.334749,0.677211,28.2793,85.8479,83.1322,50.8397,33.3221,474,502
GLYCTK,other,0.11952,0.679607,7.35063,83.299,45.4074,75.8978,29.601,421,503
GM2A,other,0.134129,0.481718,7.44445,67.556,45.5989,53.6643,28.4071,563,570
GMCL1,other,0.214268,0.521817,12.975,73.2934,50.03,47.3876,26.1642,604,628
GMDS,other,0.162253,0.56142,5.83348,39.28,32.9076,30.6629,20.3786,839,841
GMEB1,other,0.59353,0.723749,56.8759,118.586,77.4352,23.9113,12.2052,1618,1642
GMFB,other,0.362651,0.636152,21.5709,70.0787,50.4859,32.9744,19.4982,1048,1076
GMFG,other,0.068534,0.204273,3.55966,73.3308,36.789,49.1287,24.242,717,670
GMNN,other,0.207397,0.629529,12.0263,82.663,40.6768,53.4704,28.1754,449,619
GMPPA,other,0.130728,0.577165,7.78036,68.2524,51.8976,56.0059,37.0591,502,444
GMPPB,other,0.104709,,104.13,1429.66,691.75,1240.72,785.996,15,16
GMPR,other,0.286842,0.854266,16.0321,72.3629,43.1698,53.1182,24.8685,667,766
GMPR2,other,0.292502,0.653178,19.1849,77.8662,55.2475,44.7149,29.2246,696,599
GMPS,other,0.120286,1.44704,57.8938,456.299,507.673,423.46,458.93,56,38
GNA12,other,0.225821,0.783556,17.8545,105.475,59.2673,75.1858,42.125,322,378
GNA13,other,0.25797,0.550135,28.5225,173.776,70.3475,83.5247,40.5636,246,369
GNA15,other,0.32689,0.71151,44.6692,176.827,105.6,105.121,50.6339,345,398
GNAI1,other,0.412595,0.620516,21.6999,68.2434,40.5327,20.5912,14.8686,1305,1161
GNAI2,other,0.388841,0.584192,30.2555,103.148,58.6955,34.1314,19.8318,741,873
GNAI3,other,0.215899,0.509576,10.1383,55.1127,40.0112,35.2886,20.0438,761,807
GNAL,other,0.195461,0.647982,12.6731,83.2581,50.4919,60.4559,33.7168,395,491
GNAO1,other,0.138177,0.457419,7.66802,66.7895,46.1095,49.7644,29.6033,512,590
GNAQ,other,0.244315,0.69472,14.7716,74.8314,48.8507,48.9618,31.3746,606,558
GNAS,other,0.345065,0.434637,46.7763,128.167,143.376,34.9419,19.1345,904,905
GNAZ,other,0.317925,0.757828,22.4403,84.3206,59.085,53.6418,30.5038,550,573
GNB1,other,0.191106,1.22877,16.1936,104.792,68.5189,91.9198,55.0262,339,294
GNB1L,other,0.215607,1.18312,41.6539,238.398,156.56,160.507,140.646,154,113
GNB2,other,0.467022,0.652666,33.8312,92.5639,56.6917,29.8756,13.8302,1448,1430
GNB4,other,0.203183,0.740611,11.612,70.4939,46.3324,52.3266,32.801,603,535
GNB5,other,0.465293,0.824433,44.8573,98.2251,94.6218,53.2335,28.8219,716,709
GNE,other,0.381806,0.645899,44.9515,101.434,136.653,49.8752,42.7116,619,546
GNG10,other,0.150047,1.5874,13.1009,105.36,72.3548,98.404,62.5636,289,281
GNG11,other,0.438496,0.598956,30.7518,90.0911,54.5918,23.5446,14.9799,1546,1225
GNG2,other,0.558805,0.737257,46.8173,85.1319,82.4517,23.9126,16.5819,1168,1115
GNG4,other,0.373421,0.643572,22.8525,58.4104,64.118,29.4176,20.6288,889,954
GNG5,other,0.0996927,1.10816,14.0707,164.205,121.316,134.427,115.902,204,149
GNG7,other,0.382841,0.608951,16.3689,46.3169,39.4694,19.9629,12.052,1646,1562
GNG8,other,0.268413,0.671969,14.1326,63.9267,43.3664,38.8912,25.6983,766,737
GNGT2,other,0.359571,0.767299,24.994,82.7158,58.4136,50.883,25.0812,540,677
GNL1,other,0.165344,0.834922,13.9101,93.5665,75.6424,80.9728,53.6021,379,332
GNLY,other,0.395297,0.657467,29.9042,118.11,48.454,44.8902,20.1996,590,840
GNMT,other,0.560296,0.713351,59.4313,112.097,100.369,28.5341,17.3057,939,1000
GNPAT,other,0.170291,1.31274,34.7832,236.888,176.122,204.05,154.742,117,123
GNPDA1,other,0.282025,0.739083,19.4101,70.8781,66.8293,50.8269,32.4317,632,603
GNPDA2,other,0.369338,0.596191,33.1204,144.528,55.6404,42.8842,25.2778,713,719
GNPNAT1,other,0.269742,1.39151,178.812,507.053,866.648,387.174,728.902,58,25
GNPTAB,other,0.195708,1.22861,13.4724,79.1092,59.9029,72.4577,41.8252,441,434
GNPTG,other,0.162486,0.752032,11.2457,88.1452,54.3428,68.5065,42.9564,428,422
GNRH1,other,0.268311,0.756092,14.8156,64.3333,47.3945,49.04,22.2877,803,813
GNRH2,other,0.127965,0.484632,6.3229,61.0067,40.0195,44.226,29.8758,612,556
GNS,other,0.127904,0.393518,22.3844,256.209,119.544,143.377,90.8671,221,210
GOLGA1,other,0.363744,0.718945,23.3917,68.7739,60.1325,38.6028,25.0458,775,654
GOLGA2,other,0.344585,0.619473,17.569,59.4888,43.6985,29.538,16.8424,849,928
GOLGA3,other,0.0531197,,11.1043,332.916,131.261,264.457,133.626,75,104
GOLGA4,other,0.101413,1.21912,9.2781,91.2544,91.7218,87.2514,77.2525,361,216
GOLGA5,other,0.33456,0.591375,60.1477,296.778,108.908,81.4515,60.8662,388,320
GOLGA7,other,0.245274,0.627761,18.1231,105.707,51.6484,68.4449,29.2815,402,516
GOLGA7B,other,0.0857579,,63.8553,1174.28,472.145,1302.57,505.817,15,25
GOLGA8A,other,0.414189,0.566398,109.899,296.736,237.256,97.6464,48.1557,424,430
GOLGA8B,other,0.34541,0.639385,14.2637,48.5598,35.1168,23.1886,15.5014,1187,1153
GOLGA8N,other,0.30545,0.511804,23.4755,77.2722,76.4409,39.6018,20.5911,806,794
GOLGB1,other,0.208159,0.858356,12.1067,78.2085,43.2523,63.8478,29.3993,473,495
GOLIM4,other,0.450724,0.694334,52.7471,130.961,104.576,52.0928,31.4021,457,585
GOLM1,other,0.171676,0.922329,11.3299,81.6591,53.3377,67.4981,42.6818,442,389
GOLM2,other,0.168376,0.580598,7.68197,58.4471,35.6143,41.6058,25.2194,706,696
GOLPH3,other,0.105824,0.363677,5.53639,68.9926,39.672,48.57,28.3242,536,571
GOLPH3L,other,0.24494,0.594528,14.8937,73.7816,50.1116,50.2479,23.4449,613,636
GOLT1B,other,-0.0277894,,-16.7218,1308.5,276.716,1358.89,188.571,14,63
GON4L,other,0.166076,2.3432,59.9644,436.427,298.719,420.241,258.26,63,72
GON7,other,0.500671,0.716562,36.0299,91.5177,56.587,29.1176,16.0703,1065,1208
GOPC,other,0.216595,0.520029,11.3713,68.0367,40.5115,38.9841,24.0535,868,801
GORAB,other,0.164266,0.580281,8.45041,57.9097,45.6995,43.6515,30.8259,602,498
GORASP1,other,0.293581,0.66918,23.4931,108.798,58.8574,61.9523,32.5474,522,598
GORASP2,other,0.419669,0.741838,42.9402,130.864,80.001,64.2308,29.7183,570,599
GOSR1,other,0.17215,1.34919,15.086,102.755,74.735,97.7813,49.6001,315,324
GOT1,other,0.389201,0.649591,26.0953,77.1413,58.2757,34.4844,20.4442,1044,934
GOT2,other,0.223845,0.5595,9.15906,53.2579,31.4355,32.6777,18.4143,978,950
GP1BA,other,0.281899,0.654624,10.4796,39.7861,34.7353,23.9403,18.5622,1051,956
GP1BB,other,0.322751,0.756303,41.2139,138.655,117.603,91.9107,54.0745,309,344
GP5,other,0.222978,0.457784,11.4049,55.6649,46.9977,33.6624,18.7886,981,910
GP6,other,0.1044,0.459105,5.9892,67.9045,48.4658,56.8773,33.0328,563,539
GP9,other,0.259141,0.471964,21.0757,117.657,56.2175,50.4535,26.5453,611,644
GPA33,other,0.216759,0.589632,11.6129,62.1636,46.1734,43.6499,25.2214,675,670
GPAA1,other,0.307939,0.564628,24.9678,104.264,63.0516,39.7012,32.765,672,506
GPALPP1,other,0.260538,1.20357,120.035,491.521,431.845,399.342,323.942,59,51
GPAM,other,0.179855,0.576249,14.8939,96.6682,70.9397,76.5992,37.6529,396,476
GPANK1,other,0.268104,0.518997,12.7278,50.7531,44.4052,27.2559,18.8101,1055,915
GPAT2,other,0.331374,0.614905,20.0875,73.2256,50.1822,37.9441,19.9349,911,988
GPAT3,other,0.199645,0.74238,8.16914,50.041,33.4589,39.2332,22.2552,822,741
GPAT4,other,0.501489,0.654624,38.5642,93.9968,62.912,24.613,12.894,1676,1745
GPATCH1,other,0.064496,,41.4373,856.953,481.681,939.926,445.451,21,28
GPATCH11,other,0.0601046,0.426714,4.34499,92.1502,56.7107,85.4668,41.1973,289,401
GPATCH2,other,0.193045,0.576473,14.423,89.3494,62.4743,65.3679,36.3722,438,452
GPATCH2L,other,0.151839,0.457219,7.10176,62.6985,34.8905,41.148,23.6955,767,717
GPATCH3,other,0.163273,0.333212,13.4117,121.891,55.3566,43.0525,34.8076,576,541
GPATCH4,other,0.108753,0.404342,7.23425,70.5864,62.688,61.7825,26.3287,463,651
GPBP1,other,0.414394,0.672511,18.9718,55.3509,37.8675,21.8861,14.0864,1317,1295
GPBP1L1,other,0.241581,0.579698,17.3356,88.2375,58.3575,51.3233,34.1316,672,528
GPC1,other,0.381027,0.544171,22.5423,76.5006,45.7528,22.153,14.1778,1059,1165
GPC2,other,0.152873,0.56076,6.01314,48.0741,32.1833,34.0146,24.0048,787,712
GPCPD1,other,0.216859,0.636303,11.4131,68.196,40.6156,46.5389,25.7604,695,677
GPD1L,other,0.249551,0.653717,19.1095,85.4561,68.6175,59.9514,35.1134,443,497
GPD2,other,0.481324,0.664881,47.4019,112.32,86.3496,36.3222,19.4683,842,921
GPHN,other,0.305454,0.59484,14.1091,52.5003,40.6393,25.0454,20.1476,984,881
GPI,other,0.242118,0.461817,38.6526,127.524,199.852,73.5744,70.0069,459,284
GPKOW,other,0.548887,0.719647,130.14,244.669,229.763,53.7349,58.4846,398,322
GPM6A,other,0.308398,0.675902,15.4444,65.9684,38.0175,33.7953,21.7889,675,772
GPM6B,other,0.304467,0.649423,15.8173,59.5751,45.3023,29.2613,25.7332,873,683
GPN1,other,0.0599275,,18.9903,434.933,230.881,467.697,235.147,46,63
GPNMB,other,0.49096,0.69945,50.566,138.914,76.3625,43.184,21.7669,942,917
GPR107,other,0.372245,0.770732,33.8552,111.438,74.2272,62.0602,35.1505,525,600
GPR108,other,0.472272,0.728841,29.8721,76.7518,52.1265,25.0318,19.6472,1008,908
GPR132,other,0.196816,0.516922,12.3694,72.8483,54.2199,49.1364,30.0717,490,533
GPR135,other,0.0161553,0.291089,1.7755,137.462,87.8681,136.018,62.1026,220,246
GPR137,other,0.516793,0.634103,57.4068,125.552,98.2808,27.4661,14.7205,1508,1438
GPR137B,other,0.215837,1.26931,18.3737,105.571,68.6429,94.2334,50.1618,331,332
GPR146,other,0.260598,0.722164,27.5376,109.954,101.554,88.4474,33.9452,309,524
GPR15,other,0.424371,0.631012,30.136,105.162,47.9537,28.2058,18.3154,1447,1099
GPR150,other,0.2273,0.577667,10.5303,53.441,40.1615,33.3826,23.595,854,740
GPR155,other,0.528029,0.700717,58.0476,125.015,96.6701,37.2228,18.5021,1258,1307
GPR157,other,0.378785,0.652468,13.5636,44.7634,28.6444,20.2932,10.9843,1344,1553
GPR160,other,0.0711748,0.262703,6.0912,118.733,61.6853,74.7486,49.4623,390,337
GPR171,other,0.324471,0.86803,16.4433,55.6684,46.1335,39.9276,23.3364,760,827
GPR174,other,0.204438,0.708174,13.3157,72.2549,58.7135,52.4853,40.8301,466,422
GPR18,other,0.404945,0.755913,26.1659,76.9345,54.2697,37.3392,24.0087,705,745
GPR180,other,0.1731,0.685692,10.2685,78.9368,44.5804,59.7506,32.8916,495,542
GPR183,other,0.141995,1.27914,13.8923,112.501,85.0838,107.115,63.1831,352,297
GPR19,other,0.125139,0.736593,11.6083,126.475,68.0367,104.37,56.8012,238,279
GPR25,other,0.379398,0.624137,24.1115,78.4049,51.5128,33.5283,18.2569,966,1026
GPR27,other,0.210269,0.639778,15.4048,70.3365,76.3098,46.4395,52.0489,575,397
GPR3,other,0.184325,0.813568,12.4603,76.8418,59.4696,63.0037,42.5186,507,484
GPR34,other,0.179026,0.790506,8.3726,49.498,44.1875,42.1931,28.8308,648,658
GPR35,other,0.230105,0.580377,16.3111,99.9458,50.2749,59.2715,30.8558,533,549
GPR52,other,0.500787,0.740062,31.4154,72.8811,53.9963,27.2291,14.5243,1058,1277
GPR55,other,0.056235,0.355444,6.33402,171.068,74.1611,153.77,55.8036,144,296
GPR63,other,0.0755701,0.408283,8.83387,146.379,93.352,118.37,76.6381,219,222
GPR65,other,0.183149,0.562952,11.2901,78.4146,48.4606,51.7291,33.3884,501,510
GPR68,other,0.132676,0.596131,6.7243,67.3975,38.1123,57.9186,24.6892,535,662
GPR75,other,0.106083,,14.185,148.736,120.213,160.08,103.901,171,152
GPR82,other,0.457145,0.679849,65.7125,155.875,132.56,61.5037,33.5604,694,648
GPR89A,other,0.167651,1.14748,13.1262,85.7108,71.521,78.5528,53.24,358,338
GPR89B,other,0.0845856,0.589189,15.2844,209.573,155.801,176.571,135.409,132,104
GPRASP1,other,0.140343,4.57848,12.4977,101.746,77.9401,101.187,64.6187,278,262
GPRASP2,other,0.30586,0.690183,27.3745,116.694,68.6437,61.3859,40.2003,398,429
GPRASP3,other,0.0927856,0.937947,5.70387,76.7194,49.2576,73.6174,37.3359,383,421
GPRC5A,other,0.314973,0.524384,31.6201,140.233,71.867,53.2619,30.0596,592,583
GPRC5B,other,0.129969,0.993352,8.35982,79.3821,52.1181,74.0363,38.8694,403,451
GPRIN3,other,0.135199,0.648496,9.33457,80.7274,59.05,71.3124,37.0434,368,474
GPS1,other,0.183332,4.21943,100.676,536.392,562.205,446.777,555.853,44,27
GPS2,other,0.323942,0.583349,34.5898,124.237,91.7724,55.7397,40.4427,697,522
GPSM1,other,0.0475856,,4.19675,93.0872,83.5574,93.2516,54.9506,293,308
GPSM2,other,0.221587,0.629416,30.3948,143.037,131.541,99.3869,78.117,292,247
GPSM3,other,0.136338,0.413154,8.38561,72.4237,52.2343,55.7521,27.5246,713,613
GPT2,other,0.171902,1.58092,24.4241,141.1,143.07,131.103,119.195,216,145
GPX2,other,0.0932242,0.85438,7.89186,87.6657,81.7469,84.898,50.9198,316,298
GPX3,other,0.154739,0.756789,10.0109,82.0068,51.0384,67.5872,38.9033,390,429
GPX4,other,0.240895,0.593248,26.0175,131.364,88.7972,91.2321,40.8715,424,394
GPX7,other,0.103953,,9.94001,116.052,78.785,120.348,69.2927,233,260
GRAMD1B,other,0.191878,0.519762,9.27822,59.5882,39.2391,41.6243,21.5005,852,808
GRAMD2B,other,0.177971,0.551517,8.91077,57.3031,43.7476,39.5092,29.0773,773,639
GRAMD4,other,0.0263881,0.199585,3.7438,205.142,98.1191,179.131,84.5917,148,214
GRAP,other,0.299009,0.479539,18.8374,79.6875,49.8063,31.297,17.9177,1055,1051
GRAP2,other,0.0144342,,3.08021,306.011,148.811,354.03,103.229,75,177
GRAPL,other,0.135052,1.03414,8.89656,78.8802,55.0137,73.6871,40.7623,425,419
GRB10,other,0.312681,0.768462,13.4934,48.8154,38.1493,31.6506,20.187,1027,912
GRB2,other,0.122098,0.380294,7.30832,76.1783,47.0311,53.9257,30.4346,492,497
GREM2,other,0.36221,0.54137,20.415,76.1229,41.7316,26.3963,13.1344,1374,1391
GRHL1,other,0.356932,0.758309,48.8689,194.392,96.4308,115.26,43.9472,183,353
GRHL2,other,0.267605,0.670504,17.9233,82.5266,54.3568,57.5395,25.76,463,639
GRHL3,other,0.280931,0.634786,13.0923,54.4083,39.9179,34.9936,18.0076,783,909
GRHPR,other,0.270765,0.48946,25.6247,89.4678,100.107,51.9095,27.1317,755,723
GRIN2B,other,0.274955,0.767552,10.2196,47.2953,29.2098,33.0425,16.7717,941,1063
GRIN3A,other,0.08678,0.302864,6.62631,85.9387,67.8445,67.9472,41.2386,530,463
GRINA,other,0.719046,0.778549,127.856,182.461,173.286,15.8531,11.4113,1691,1758
GRIP1,other,0.167948,0.440027,7.24044,50.5332,36.7791,34.0922,20.311,912,834
GRIPAP1,other,0.221818,0.883483,30.0733,178.007,103.26,153.292,56.3766,167,299
GRK2,other,0.126413,0.546704,10.0525,88.2755,71.6347,70.4747,52.6412,367,338
GRK3,other,0.169605,1.08742,21.8988,143.02,116.565,133.374,74.5223,210,238
GRK4,other,0.0855862,0.503861,6.87107,96.7851,66.5936,79.2177,56.0079,299,287
GRK5,other,0.238691,0.722062,10.1394,47.0267,38.3713,36.0978,20.3287,890,891
GRK6,other,0.402034,0.573028,18.5927,44.0183,48.5879,15.7859,11.2984,1941,1826
GRM2,other,0.157508,1.05769,13.7982,117.704,65.2001,108.253,47.1918,246,303
GRN,other,0.0516965,,11.02,355.813,127.709,380.208,93.3546,51,152
GRPEL1,other,0.101128,,89.7659,1234.42,638.285,1458.8,605.835,17,18
GRPEL2,other,0.180551,1.19914,23.5536,104.839,162.327,92.348,131.439,312,145
GRSF1,other,0.288213,0.481706,23.3488,58.6725,111.858,31.1412,26.5214,1073,869
GRWD1,other,0.221189,2.79118,282.868,1019.09,1604.82,622.788,1578.9,42,12
GSAP,other,0.309023,0.635808,16.8714,69.7663,42.7243,35.7318,22.0357,671,706
GSC,other,0.17958,0.511132,12.9425,97.7566,53.1345,75.7057,24.0577,329,720
GSC2,other,0.167977,0.48378,15.7336,89.2734,98.2738,68.8317,46.5315,394,458
GSDMA,other,0.133911,0.650806,8.83019,83.395,52.14,68.24,39.9926,385,422
GSDMB,other,0.22328,0.906532,18.3799,101.714,66.6199,80.304,47.4202,306,330
GSDMD,other,0.387384,0.719695,34.3443,110.297,71.2626,48.0419,34.683,594,515
GSDME,other,0.238677,0.616159,10.9244,56.659,36.9744,35.5776,22.0634,829,835
GSE1,other,0.192134,0.637272,9.76491,61.9942,41.6657,46.9841,26.0233,622,666
GSK3A,other,0.392285,0.539405,39.4292,115.425,87.525,37.9449,18.5623,994,1101
GSK3B,other,0.280393,0.646959,19.8363,84.929,58.9292,52.4658,29.9707,646,689
GSKIP,other,0.415176,0.67106,25.3733,73.0538,51.1267,32.5632,15.8183,933,1015
GSN,other,0.5838,0.741289,35.5496,81.341,45.5861,17.2041,9.72802,2173,2243
GSPT1,other,0.145554,0.910209,79.7459,647.764,463.395,577.081,354.798,32,50
GSPT2,other,0.152001,0.475212,7.87373,63.8544,42.0219,44.4875,27.8468,741,649
GSR,other,0.108406,0.53692,10.6717,114.655,84.5225,97.834,61.0367,270,257
GSS,other,0.141867,0.410625,37.5817,284.963,246.264,162.042,178.119,154,99
GSTA1,other,0.411041,0.645221,27.5786,76.5656,58.7949,30.0224,19.5421,878,889
GSTA4,other,-0.0196905,-0.440922,-10.4957,792.357,358.58,533.42,356.392,34,50
GSTCD,other,0.434818,0.726671,33.289,82.6458,70.9194,36.219,25.7175,679,659
GSTK1,other,0.252549,0.837821,12.2531,57.0213,41.2822,38.8871,29.4874,641,606
GSTM1,other,0.0626133,,4.18502,82.6411,54.0587,85.432,41.893,348,409
GSTM2,other,0.214351,0.677169,10.1772,55.0142,40.9765,40.4262,25.493,763,716
GSTM3,other,0.358592,0.668976,28.4781,88.4181,71.3309,45.9891,28.6201,532,658
GSTM4,other,0.101881,0.87212,10.8861,115.865,98.5374,106.458,81.9751,283,226
GSTO1,other,0.372197,0.75445,25.3027,88.663,52.1247,45.0238,26.35,687,678
GSTO2,other,0.154164,0.863092,10.6646,75.0752,63.7424,61.5445,52.4586,454,343
GSTP1,other,0.175062,1.67683,45.619,301.937,224.9,278.729,193.009,65,83
GSTZ1,other,0.201192,0.465644,12.8478,75.5208,53.997,43.8226,29.9802,693,684
GSX1,other,0.252381,0.570729,14.728,72.7135,46.834,47.3995,20.527,715,902
GSX2,other,0.105575,0.685275,5.79397,65.1879,46.2021,58.4194,35.6406,550,514
GTDC1,other,0.0542413,0.489471,8.80568,195.614,134.731,173.218,120.279,122,138
GTF2A1,other,0.160301,0.351759,17.9487,96.7965,129.519,71.7973,25.3715,363,905
GTF2A2,other,0.137418,3.06084,33.9803,356.56,171.488,352.255,142.854,72,127
GTF2E1,other,0.207858,0.907693,96.8909,564.9,384.644,462.151,273.75,81,94
GTF2H1,other,0.124422,0.966888,24.2713,210.246,180.992,192.282,145.915,138,104
GTF2H2C,other,0.613159,0.741369,171.327,344.174,226.844,67.8276,33.59,710,710
GTF2H3,other,0.104108,1.82394,26.1012,449.849,139.73,396.247,135.909,55,113
GTF2H5,other,0.621719,0.772273,140.577,282.09,181.239,60.121,31.9615,1054,925
GTF2I,other,0.259746,0.76882,13.7886,62.4006,45.1597,42.7043,28.829,769,609
GTF2IRD2B,other,0.175624,0.672804,12.3198,88.3496,55.6971,71.4985,35.7996,360,522
GTF3A,other,0.131223,0.544206,9.53189,83.1645,63.4452,72.0805,35.7671,467,466
GTF3C1,other,0.0982357,,108.634,1578.15,774.894,1399.63,865.365,11,14
GTF3C2,other,0.235602,0.88291,55.9991,299.107,188.876,255.722,96.1535,100,138
GTF3C3,other,0.0968316,,62.409,621.152,668.748,662.28,691.743,29,23
GTF3C4,other,0.183411,1.38953,37.4623,180.471,231.169,153.847,203.869,173,78
GTF3C5,other,0.139444,0.811611,44.2763,335.191,300.779,270.542,254.745,89,52
GTF3C6,other,0.141618,0.86237,59.0819,317.285,548.557,258.728,468.4,85,34
GTPBP1,other,0.190337,0.611908,9.94446,66.4795,41.0609,49.0853,25.8769,592,653
GTPBP10,other,0.331379,0.681704,31.4252,84.0299,107.022,52.3854,39.8688,650,513
GTPBP2,other,0.126449,0.310959,5.53886,68.307,28.0896,38.2333,17.5397,770,890
GTPBP3,other,0.191441,1.09329,21.6191,150.513,84.7291,137.472,54.7455,247,296
GTPBP6,other,0.379526,0.649428,24.4118,74.151,55.7955,34.8885,19.8074,835,824
GTPBP8,other,0.200046,0.532909,10.1007,64.7555,39.3704,44.4322,21.6934,688,725
GTSE1,other,0.238388,0.552142,25.9181,120.555,98.0509,51.2129,66.2744,809,339
GTSF1,other,0.60323,0.746753,37.7987,67.2637,58.3723,15.5162,8.8602,2499,2418
GUCA1B,other,0.13103,0.556012,17.6758,180.542,100.794,144.307,72.9034,193,209
GUCA2A,other,0.167707,1.27982,26.6943,244.213,103.745,223.86,82.3692,111,178
GUCA2B,other,0.0450136,,14.479,648.588,159.522,714.499,114.406,35,108
GUCD1,other,0.0567654,1.08037,25.7602,839.459,245.32,779.284,235.872,24,60
GUCY1A1,other,0.107252,0.394193,6.981,91.9154,46.0929,61.0499,35.9317,530,468
GUCY1B1,other,0.462419,0.638805,36.656,87.2802,71.9948,30.6698,13.8306,1502,1707
GUF1,other,0.437828,0.711159,28.0507,65.8689,62.3158,30.2947,18.5818,1031,1011
GUSB,other,0.216147,0.547643,14.874,89.0722,53.1636,55.9857,30.8684,515,624
GVQW3,other,0.282759,0.598367,12.1019,56.8265,32.2349,28.4406,17.8247,1007,943
GXYLT1,other,0.2096,2.21739,18.7438,106.904,74.8067,104.553,44.4196,238,375
GYG1,other,0.134022,1.39968,12.5837,108.031,81.6058,104.918,55.639,274,293
GYPC,other,0.525179,0.677124,88.4586,195.111,145.406,53.3918,24.9817,797,1029
GYPE,other,0.218165,0.753491,8.28265,44.963,32.0563,34.8245,20.1382,813,809
GYS1,other,0.0970625,,80.5036,1138.02,604.475,1168.96,471.387,16,32
GZF1,other,0.0746575,0.505472,6.80529,128.859,64.481,107.458,56.0115,259,285
GZMA,other,0.282026,0.516036,12.7895,59.2549,34.7062,25.1029,16.7202,929,1007
GZMB,other,0.342276,0.697072,42.6763,203.801,76.2808,84.4103,44.8866,337,405
GZMH,other,0.186433,0.580607,10.9848,81.7873,42.4481,56.8026,28.1213,458,574
GZMK,other,0.10315,0.433203,10.1444,132.118,73.2071,105.598,52.53,269,315
GZMM,other,0.208908,0.745556,15.608,88.7269,62.9114,70.1958,39.2612,426,477
H1-0,other,0.468257,0.684872,69.7225,289.516,76.5783,51.0474,33.1177,302,478
H1-1,other,0.12506,0.702398,15.2214,145.678,101.69,128.287,74.6876,223,231
H1-10,other,0.39636,0.629398,17.9985,50.391,40.9205,20.7662,13.3167,1673,1551
H1-2,other,0.336279,0.450087,41.316,144.739,104.292,37.9993,25.3489,633,686
H1-3,other,0.208059,0.660886,9.2929,50.4515,39.5417,38.8002,22.5719,770,703
H1-4,other,0.378493,0.65188,33.1848,93.7566,81.9897,48.0276,25.3199,669,778
H1-5,other,0.343018,0.816885,23.5483,74.5853,63.1874,52.9009,24.8654,475,577
H2AC11,other,0.182739,0.888449,15.6235,98.4187,74.2705,86.2635,48.8299,313,344
H2AC12,other,0.340615,0.665415,36.7716,154.97,75.205,70.6861,38.9731,360,461
H2AC13,other,0.0813232,2.40239,6.82135,103.053,68.2731,102.108,59.7501,265,278
H2AC14,other,0.1287,1.3083,8.61445,77.9622,57.4662,75.5678,39.3598,364,415
H2AC15,other,0.37246,0.70203,15.7876,50.1268,35.8428,25.9525,14.9227,1014,1072
H2AC16,other,0.401182,0.82257,24.9077,71.3206,54.0468,37.2318,27.1495,707,660
H2AC17,other,0.372906,0.491057,44.5775,118.877,120.208,37.307,19.1814,937,923
H2AC18,other,0.289584,0.695708,20.6859,95.4039,53.4849,58.3268,29.6404,491,622
H2AC20,other,0.0962262,5.22882,8.30194,87.4706,85.0961,87.3518,63.8818,308,262
H2AC21,other,0.246845,0.757267,12.8181,63.416,42.5208,44.9921,26.9694,808,681
H2AC25,other,0.283238,0.647473,22.976,99.503,66.1317,61.898,32.6459,551,607
H2AC4,other,0.158794,1.01419,10.2541,73.0958,57.0472,65.2277,44.0549,473,381
H2AC6,other,0.172605,0.653813,11.2965,82.9943,51.6094,68.4036,31.1496,465,494
H2AC8,other,0.352688,0.743805,15.5306,51.9767,37.307,29.6872,17.7473,1061,991
H2AJ,other,0.479432,0.607869,54.7536,121.339,107.491,32.332,16.3357,1173,1093
H2AX,other,0.234788,1.1399,29.0662,131.669,116.398,112.327,82.7827,220,203
H2AZ1,other,0.432611,0.85311,52.7249,114.515,129.71,65.5704,51.6702,380,323
H2AZ2,other,0.355896,0.738568,22.5482,77.7611,51.6197,39.8981,27.0031,624,616
H2BC10,other,0.457107,0.567074,98.6312,265.768,175.182,49.219,35.4828,618,512
H2BC11,other,0.23649,0.759737,16.6981,90.6296,55.0098,67.7557,33.891,480,543
H2BC12,other,0.0883446,1.01551,7.56636,109.066,67.2548,105.825,50.1294,263,307
H2BC13,other,0.205604,0.575139,8.87257,53.7637,34.6375,36.7711,20.6322,760,837
H2BC14,other,0.0383178,0.226655,3.06695,106.522,60.1413,91.8898,47.6277,280,309
H2BC15,other,0.191434,0.713253,13.2896,79.2827,60.7865,64.618,37.113,452,461
H2BC17,other,0.155686,0.85301,7.36982,57.5425,38.9429,51.5148,26.559,577,629
H2BC18,other,0.227403,0.72066,15.5442,77.0907,60.6095,58.7591,35.2304,575,498
H2BC21,other,0.290826,0.711981,16.6058,72.573,44.9237,44.0903,25.8251,849,631
H2BC26,other,0.372982,0.79492,16.5941,53.6153,36.9181,30.0081,18.4589,922,976
H2BC3,other,0.288129,0.720249,13.0282,52.8181,38.7092,36.2502,18.9606,963,958
H2BC4,other,0.271692,0.574639,16.9676,69.247,56.3228,43.8648,21.9733,736,816
H2BC5,other,0.236812,1.0329,19.0828,93.665,69.3263,75.6349,50.3955,348,331
H2BC6,other,0.230671,0.836405,18.0716,92.6313,66.2596,67.7307,47.5118,569,421
H2BC7,other,0.152309,1.44425,7.34326,58.8047,39.529,54.9102,32.8909,584,565
H2BC8,other,0.391085,0.619964,16.6779,50.2282,36.207,21.0412,11.4123,1701,1723
H2BC9,other,0.413912,0.734965,26.9797,75.7743,56.0707,37.2255,21.114,717,815
H3-3A,other,0.498867,0.673181,29.7627,78.4708,45.3592,19.6495,12.1281,1253,1387
H3-3B,other,0.15084,0.667936,9.64589,75.5517,54.1262,63.8274,36.3382,450,449
H3-5,other,0.270993,0.714443,16.8353,82.3331,46.8763,57.001,24.9565,387,631
H3C1,other,0.136468,0.738237,5.19485,46.3567,31.2587,40.9119,22.1643,730,748
H3C10,other,0.229354,0.747114,11.4575,58.8266,42.4224,44.7449,25.721,662,628
H3C11,other,0.284815,0.583371,31.3729,102.362,118.535,72.6138,21.3145,376,767
H3C12,other,0.473787,0.721832,43.0355,89.8587,91.818,34.7755,27.2877,720,683
H3C13,other,0.40867,0.652761,23.0678,70.8662,44.96,28.0463,15.7953,1432,1411
H3C14,other,0.131645,0.794045,29.8915,340.245,151.529,273.388,130.333,99,124
H3C15,other,0.29406,0.596511,16.2671,70.7673,43.2431,37.8045,20.682,844,840
H3C2,other,0.281386,0.952675,17.7063,62.7224,63.1286,52.1347,30.5026,563,549
H3C3,other,0.410749,0.773584,28.8624,76.8922,64.2142,40.6069,25.8506,866,794
H3C4,other,0.441622,0.708828,17.5892,47.1225,33.6638,20.5789,10.4657,1563,1793
H3C6,other,0.0802301,0.454276,7.06498,112.212,69.1051,98.5324,51.4235,270,319
H3C7,other,0.299266,0.595923,19.2251,83.8307,49.2287,43.6603,23.3197,848,711
H3C8,other,0.101189,0.702245,6.8316,88.1993,51.6789,74.9472,44.5375,490,396
H4C1,other,0.212034,0.464453,9.54766,68.1787,29.7395,38.7041,15.4024,664,1082
H4C11,other,0.293517,0.768469,12.5654,55.1774,33.214,33.1046,21.1013,881,823
H4C12,other,0.374919,0.724501,15.4783,50.4576,33.7789,27.9499,13.5003,1111,1192
H4C13,other,0.278928,0.71385,34.483,139.094,109.879,98.6558,52.1757,331,385
H4C15,other,0.207132,0.757639,11.9363,65.202,50.9306,53.048,30.5089,593,570
H4C16,other,0.382598,0.648416,20.4741,65.4791,43.7342,28.9359,16.451,1115,1206
H4C2,other,0.301733,0.92405,46.5977,163.662,145.725,121.515,85.3902,256,238
H4C3,other,0.306708,0.589372,12.8581,51.2837,34.2705,26.8625,14.7808,1168,1182
H4C4,other,0.123078,0.467431,6.36951,60.2979,44.4171,47.2219,30.2166,602,583
H4C5,other,0.431133,0.600859,28.0512,65.4043,64.7252,21.4392,15.1518,1178,1293
H4C6,other,0.548434,0.718761,42.5619,113.297,53.1587,20.4695,15.3845,1436,1202
H4C8,other,0.160134,0.627419,11.6722,77.627,68.442,55.6428,52.6994,675,365
H4C9,other,0.353366,0.578201,8.00589,30.0132,17.1024,11.8728,6.53384,2951,2812
H6PD,other,0.14975,0.457817,8.53254,68.8499,47.1539,48.0134,30.4834,612,541
HABP4,other,0.0634442,2.06419,13.3492,213.498,207.363,209.793,196.076,143,79
HACD1,other,0.614485,0.703552,124.949,285.662,144.74,40.5879,16.0415,1390,1555
HACD2,other,0.294059,0.365805,29.5246,92.9022,108.511,19.3872,19.8988,1193,998
HACD3,other,0.243824,0.722699,17.092,87.6271,56.0782,60.6631,35.3346,537,495
HACD4,other,0.326481,0.716603,20.5095,78.6022,50.2064,41.0301,28.4049,752,718
HACE1,other,0.148724,0.594678,10.5644,82.8108,60.9311,66.3083,41.8073,385,376
HACL1,other,0.314222,0.694714,20.4802,81.9902,51.8123,52.128,22.7097,603,637
HADH,other,0.254035,0.745275,17.9602,86.5643,57.7424,64.6343,31.2605,562,555
HADHA,other,0.263331,0.653663,16.4003,82.7966,46.8474,54.2033,24.8318,608,691
HADHB,other,0.231368,0.658513,17.8066,84.7604,69.8811,64.5294,33.7389,426,546
HAGH,other,0.385108,0.742042,31.4439,91.9984,72.4649,45.3417,33.9791,474,483
HAGHL,other,0.00458334,0.0239367,0.331521,91.6425,57.0901,76.4992,44.4231,295,376
HAND1,other,0.347469,0.686288,24.0107,84.5603,56.4691,46.3958,24.3962,806,903
HAND2,other,0.232402,0.603397,11.4167,58.3925,41.3276,38.8122,23.0444,934,837
HAPLN3,other,0.409414,0.674151,38.8431,119.187,75.522,53.888,24.682,635,673
HAPSTR1,other,0.472449,0.702938,42.629,97.6971,83.3333,35.3768,24.3204,1091,894
HARBI1,other,0.189645,0.759689,12.7585,86.4591,52.3488,73.8139,30.0439,405,532
HARS2,other,0.054386,0.955764,31.1501,887.514,369.633,765.526,360.925,28,51
HAS3,other,0.319848,0.618257,26.3292,105.881,63.9989,49.7968,31.6619,657,615
HASPIN,other,0.0487483,0.30773,5.40548,176.27,69.7542,150.071,57.977,204,266
HAT1,other,0.25949,0.656488,14.9666,73.3252,45.3681,47.2413,25.4422,641,700
HAUS1,other,0.147456,,165.114,1382.25,907.095,1624.69,1019.1,12,11
HAUS2,other,0.102185,,66.1306,1355.77,308.922,1390.45,308.563,14,43
HAUS4,other,0.12047,,81.2312,1195.91,380.181,1282.31,264.629,11,53
HAUS8,other,0.129926,,66.8543,1015.62,260.698,1029.79,235.898,20,65
HAVCR1,other,0.44067,0.648181,42.5429,102.464,90.961,36.1639,25.986,811,724
HAVCR2,other,0.353997,0.647872,18.2177,69.7533,37.9687,32.6011,16.686,1011,1059
HAX1,other,0.152306,0.869993,34.1717,201.088,250.33,185.125,153.68,132,119
HBA2,other,0.38079,0.603259,31.0869,103.137,64.6203,39.6387,22.8001,696,784
HBB,other,0.558547,0.835994,44.0196,78.4556,79.1676,32.5988,18.7058,840,1060
HBD,other,0.204501,0.46654,7.36344,44.5009,29.134,26.4484,15.335,1195,1128
HBEGF,other,0.160533,0.615676,6.2221,50.3714,29.8238,39.1162,20.7495,802,773
HBM,other,0.0126786,0.0875835,1.47132,155.731,86.4761,142.486,65.1704,154,241
HBP1,other,0.143074,0.411382,8.63668,72.411,50.3229,53.9759,26.4141,527,587
HCAR1,other,0.000130359,,0.0080369,67.7362,56.1142,73.2028,49.8837,353,353
HCCS,other,0.344961,0.62562,134.046,270.922,557.349,98.0076,291.852,247,72
HCFC1,other,0.162072,,148.558,857.71,979.573,897.314,1072.1,22,12
HCFC1R1,other,0.2813,0.743991,19.7501,81.84,60.2328,59.1671,29.1517,544,679
HCFC2,other,0.484901,0.63531,56.124,158.057,84.7572,33.0579,22.3238,698,797
HCK,other,0.181239,1.00191,19.5883,115.921,100.769,102.731,71.7897,286,276
HCLS1,other,0.221414,0.904366,20.1678,94.6744,87.6345,61.5267,72.6316,440,259
HCN2,other,0.255939,0.587158,27.1878,137.209,82.2415,76.1702,47.1154,277,352
HCN3,other,0.220772,0.919988,20.0718,93.4769,88.4264,79.8036,53.6138,368,380
HCST,other,0.0631643,,7.71119,197.003,75.6528,197.282,56.3137,160,255
HDAC10,other,0.249173,0.561642,18.9849,98.1117,59.1691,63.1475,26.4896,497,548
HDAC11,other,0.417827,0.723771,29.4355,77.8314,63.7669,38.4952,21.7185,885,919
HDAC2,other,0.178926,0.437389,15.8124,105.21,74.2317,66.6336,40.3519,400,437
HDAC3,other,0.294971,0.508695,81.8529,461.459,166.869,175.46,76.3398,184,209
HDAC4,other,0.329167,0.801627,18.6519,67.9142,47.2775,45.0163,23.6343,782,801
HDAC5,other,0.154671,1.39273,18.5111,126.94,112.837,119.568,88.8724,250,209
HDAC6,other,0.100778,0.621443,6.54599,84.9718,49.6532,74.5689,38.9874,364,405
HDAC7,other,0.0963906,0.363831,19.5609,150.006,274.537,100.704,215.907,328,90
HDAC9,other,0.292558,0.6525,12.1655,50.6167,34.1617,28.7471,18.2668,994,871
HDC,other,0.155764,0.449327,8.50068,70.3529,42.334,41.7265,29.8309,662,602
HDDC2,other,0.462004,0.679422,25.0027,61.5296,47.599,22.364,13.0219,1469,1391
HDDC3,other,0.253813,0.637722,11.4743,53.0887,38.4968,33.7749,21.7348,819,767
HDGF,other,0.159395,0.66364,17.6502,133.088,92.1319,97.0151,72.5228,357,233
HDGFL2,other,0.145271,0.402818,7.87901,62.701,46.915,45.0299,25.2649,627,677
HDGFL3,other,0.350825,0.629848,31.8972,126.116,65.5475,41.8865,35.0986,585,531
HDHD2,other,0.000959352,,0.223335,499.885,108.414,541.223,93.2597,40,161
HDHD3,other,0.337495,0.61716,22.9561,99.1305,46.672,42.6484,22.1762,896,754
HDHD5,other,0.253543,0.797412,12.2305,55.803,41.6989,45.772,18.2471,736,845
HDLBP,other,0.438543,0.744706,36.0596,97.764,69.1575,45.9618,23.8965,795,878
HDX,other,0.181225,0.911314,13.7514,80.7459,71.3078,64.557,57.2428,447,318
HEATR1,other,0.388118,0.660964,180.592,577.075,375.18,191.212,181.711,85,100
HEATR3,other,0.116759,0.982,41.8933,382.509,336.565,229.291,324.687,76,43
HEATR4,other,0.353471,0.729725,27.3014,90.6618,65.8017,47.9592,33.0227,615,600
HEATR5A,other,0.312724,0.697717,11.2515,49.8791,25.9525,25.8481,15.1309,1106,1138
HEATR5B,other,0.247313,0.733235,22.4288,113.493,72.4683,76.3201,47.2976,414,387
HEBP1,other,0.296571,0.685764,19.0935,66.1442,62.6648,44.0045,27.6501,827,641
HEBP2,other,0.324845,0.566589,29.3984,108.584,75.4274,48.4949,30.6236,543,571
HECA,other,0.171139,0.423064,8.14982,61.7491,36.7256,31.235,24.5642,1149,812
HECTD1,other,0.135954,1.12159,12.9218,108.281,83.4289,101.088,64.9757,257,264
HECTD3,other,0.231377,0.655588,26.1915,119.27,107.436,77.3687,69.3437,404,242
HECTD4,other,0.121138,1.68731,21.1317,250.355,121.55,245.286,90.6086,112,170
HECW1,other,0.0096789,0.0437255,0.606299,69.0315,56.8427,56.9612,40.9137,491,452
HECW2,other,0.160603,0.453479,13.9331,99.7847,75.4262,64.785,48.4539,526,376
HEG1,other,0.13588,0.572897,11.7686,89.3757,83.9309,75.185,54.1939,412,375
HELB,other,0.270889,0.57709,16.2591,64.1224,56.1823,40.1643,23.05,815,829
HELLS,other,0.433485,0.742728,26.7942,71.3732,53.5303,32.7692,19.8178,851,916
HELQ,other,0.249608,0.748796,29.8122,175.613,81.2296,99.6506,60.3624,324,294
HELT,other,0.476314,0.588518,115.582,196.73,299.312,48.4984,39.104,1012,960
HELZ,other,0.527857,0.709863,61.7765,136.113,100.627,40.5795,21.351,933,1024
HELZ2,other,0.236526,0.569114,17.0655,87.4786,59.5082,55.6782,31.2329,570,529
HEMGN,other,0.253283,0.616803,10.6646,50.5257,35.0885,32.5085,18.4962,938,918
HEMK1,other,0.176654,0.795311,7.67753,55.5585,33.9972,44.6006,25.4928,726,703
HENMT1,other,0.132427,0.48986,8.24607,73.2414,52.9397,56.7789,35.7268,540,488
HERC1,other,0.28481,0.68004,18.0322,72.8141,55.0519,49.1013,25.4003,558,734
HERC2,other,0.260644,0.653629,22.2355,105.004,69.3095,67.8145,38.1913,415,447
HERC3,other,0.188186,0.428266,9.51218,56.9553,44.8592,36.5846,20.6419,823,841
HERC4,other,0.181147,1.35947,33.9501,229.712,152.911,207.841,124.396,90,132
HERC5,other,0.348452,0.770006,25.5948,92.436,58.3681,58.3679,25.9365,514,565
HERC6,other,0.188695,0.482162,11.0834,80.731,42.7347,44.3123,28.2259,733,617
HERPUD1,other,0.25873,1.09908,18.7101,84.6174,61.8017,71.8052,39.1829,413,448
HERPUD2,other,0.111325,1.17664,11.6258,121.801,89.537,117.821,65.0081,249,253
HES1,other,0.226465,0.594168,12.4952,73.7654,41.27,42.9362,26.9248,649,613
HES2,other,0.395698,0.69723,22.1931,69.7589,45.093,32.1565,18.1485,901,894
HES3,other,0.202045,0.640504,13.176,77.875,54.6101,58.288,33.0049,678,573
HES4,other,0.260288,0.650368,22.4612,137.179,54.2838,75.9164,34.8143,306,461
HES5,other,0.267351,0.726575,17.8247,85.0451,52.2677,64.5309,22.9297,664,728
HES6,other,0.10429,0.270563,6.32934,72.1658,51.0387,49.3258,27.0788,618,602
HES7,other,0.232364,0.704111,11.6129,65.3182,38.2394,47.3684,23.0849,707,734
HESX1,other,0.225493,0.495975,10.3945,54.2811,39.1465,31.4839,19.8799,963,870
HEXA,other,0.235732,0.598715,9.92433,53.9693,32.8411,31.9055,20.3879,847,795
HEXB,other,0.169284,0.567398,12.1112,114.321,44.7736,83.9841,29.7548,319,532
HEXD,other,0.472421,0.656992,47.6022,140.563,72.231,40.0455,20.0044,917,957
HEXIM1,other,0.355483,0.649126,37.2094,95.7439,114.434,50.3719,42.0139,462,370
HEXIM2,other,0.0528704,0.23833,3.14246,78.8946,44.7782,64.8543,32.3958,400,490
HEY1,other,0.237433,0.843251,12.8866,59.7292,49.3181,48.5216,28.4804,558,651
HEY2,other,0.330314,0.788809,13.9598,48.926,36.5058,30.0662,19.8993,1004,864
HEYL,other,0.45653,0.777101,22.619,57.9114,42.3882,24.9241,16.7052,1235,1143
HFE,other,0.323971,0.71599,23.468,81.9919,63.9983,45.9845,34.1619,627,538
HGD,other,0.544797,0.721654,42.201,84.9789,70.6097,24.2993,14.2532,1092,1208
HGH1,other,0.306787,0.667589,19.0266,75.4486,50.9797,44.6512,24.6048,759,645
HGSNAT,other,0.132865,0.584978,19.8573,161.578,138.241,134.492,95.6999,220,213
HHAT,other,0.163471,1.68755,34.4958,232.161,191.805,177.437,184.169,140,84
HHEX,other,0.168454,0.647254,6.88644,47.3789,35.2728,38.2641,22.8536,850,776
HHLA2,other,0.303446,0.761655,14.8736,54.7528,43.8797,36.2158,23.3077,804,841
HIBADH,other,0.162025,0.542132,10.4672,96.1182,43.4205,58.9355,33.3949,411,509
HIBCH,other,0.505338,0.582708,58.1037,126.413,104.581,16.8754,13.8107,1473,1528
HIC1,other,0.241583,0.582797,14.1516,89.4786,38.3495,48.3535,24.0122,587,667
HIC2,other,0.180299,1.66724,19.1374,134.326,83.8724,127.709,63.9604,204,270
HID1,other,0.178189,0.696942,8.11528,54.9138,37.7716,42.8874,26.4977,641,615
HIF1A,other,0.101147,0.526753,8.03543,82.9454,76.088,75.3885,45.2945,393,379
HIF1AN,other,0.120921,0.405652,14.3759,160.184,88.2353,92.731,69.6161,343,238
HIF3A,other,0.349489,0.704638,28.3635,96.6694,68.1338,51.9457,31.9054,658,680
HIGD1A,other,0.100696,0.895726,12.0756,134.497,106.926,127.309,81.6393,211,196
HIGD2A,other,0.20831,0.710252,15.4468,76.4064,71.9659,55.1124,49.7536,531,355
HIKESHI,other,0.203502,0.680872,12.9699,81.082,50.0969,57.0804,34.9787,526,510
HILPDA,other,0.185057,0.579031,10.7776,73.6353,46.0625,50.2044,31.2764,700,555
HINFP,other,0.210342,,195.14,941.352,914.306,855.875,969.019,26,17
HINT1,other,0.0763323,0.395021,5.35596,87.2668,56.4169,76.0086,40.0876,366,380
HINT2,other,0.61192,0.726611,104.648,175.498,166.649,39.2256,14.4358,1240,1587
HINT3,other,0.372965,0.602019,34.0923,110.696,75.4823,46.3686,25.6283,883,920
HIP1,other,0.113763,0.560039,8.19735,95.4046,54.4223,80.4374,40.1081,354,387
HIP1R,other,0.304653,0.452269,17.5776,81.0623,41.0667,22.0498,15.4701,1113,1190
HIPK1,other,0.168174,0.811531,28.9389,226.318,130.836,195.271,89.8779,141,217
HIPK2,other,0.155397,0.811767,8.70737,71.6932,43.7937,64.2188,28.4002,582,578
HIPK3,other,0.264189,0.536381,16.2763,64.6401,58.719,38.0018,24.1523,816,830
HIRA,other,0.111807,0.921851,10.7363,118.359,77.9048,109.76,62.1301,224,267
HIRIP3,other,0.425676,0.723375,30.8427,96.0335,54.6666,37.2921,23.7186,727,775
HIVEP1,other,0.303516,0.598919,21.6263,86.1053,58.9615,44.1688,27.8706,531,606
HIVEP2,other,0.214597,0.962216,15.1492,81.2199,61.3579,67.5711,43.1969,457,487
HIVEP3,other,0.198176,3.88724,17.736,98.0993,81.6482,97.508,46.4428,298,413
HK1,other,0.264591,0.580009,21.9544,84.6282,81.3538,55.5731,32.0419,579,550
HK2,other,0.411859,0.611102,24.1639,56.896,60.5,23.7621,13.3116,1315,1363
HK3,other,0.226724,0.647962,12.3532,66.6713,44.5272,47.2847,25.7791,574,644
HKDC1,other,0.119652,0.660757,6.19856,63.2914,42.403,56.6225,29.207,609,545
HLA-A,other,0.568615,0.706082,64.2869,113.886,112.238,26.9565,16.8774,1559,1405
HLA-B,other,0.116955,0.651639,23.1142,321.221,121.595,274.563,94.629,88,150
HLA-C,other,0.122904,0.835661,6.56933,67.8558,42.1042,62.7142,30.0847,491,540
HLA-DMA,other,0.295578,0.652976,14.1882,58.2835,39.5338,35.3435,18.9526,942,833
HLA-DMB,other,0.175835,0.726453,9.24181,67.2356,41.0869,55.0895,27.7621,534,617
HLA-DOA,other,0.277723,0.537807,16.4069,61.3096,56.9245,33.5189,23.4357,877,887
HLA-DOB,other,0.13359,0.629085,10.3691,103.871,58.0013,83.1048,44.9185,384,346
HLA-DPA1,other,0.355701,0.58071,17.9991,62.0291,41.2795,25.9685,14.6386,1577,1412
HLA-DPB1,other,0.504565,0.71925,35.1612,95.1962,51.0121,27.1894,15.8711,1152,1295
HLA-DQA1,other,0.182336,1.04207,10.6774,64.0046,53.5768,58.7101,33.7471,514,543
HLA-DQA2,other,0.258755,0.755476,9.00889,38.7786,31.259,29.732,15.5403,1128,1083
HLA-DQB1,other,0.315644,0.742245,15.6425,56.9815,43.1006,35.4643,22.4596,710,718
HLA-DRA,other,0.326925,0.603495,14.2819,51.3453,37.1685,26.5314,14.5985,1208,1335
HLA-DRB1,other,0.343631,0.709449,45.4301,163.962,106.601,94.7457,47.3578,284,357
HLA-DRB5,other,0.168089,0.546103,6.67534,47.2038,33.4113,36.0122,20.0605,835,773
HLA-E,other,0.403007,0.739814,29.7838,90.1692,60.5724,45.0907,24.6187,772,825
HLA-F,other,0.181816,0.699465,18.2883,133.595,75.7339,97.8751,56.5957,213,276
HLA-G,other,0.371431,0.585784,29.5901,89.3356,71.0417,34.7589,24.2884,782,798
HLCS,other,0.196416,0.468656,13.0407,88.4038,49.8629,52.0991,28.5359,607,531
HLF,other,0.112914,0.644633,5.87817,59.0633,45.8849,53.5643,30.764,629,598
HLTF,other,0.0489788,0.283168,3.2876,78.2074,57.6094,68.3693,43.9083,408,392
HLX,other,0.147628,2.67463,19.383,147.232,117.086,144.77,95.7578,237,170
HM13,other,0.250451,0.666312,15.0461,74.8908,48.1918,54.0086,23.7733,543,797
HMBOX1,other,0.0931863,1.02022,11.3051,142.533,103.26,135.656,85.4031,149,186
HMBS,other,0.276657,0.564818,41.1246,167.544,131.884,70.0479,77.5085,447,232
HMCES,other,0.16563,0.983492,20.1618,142.267,104.154,123.524,81.7319,275,208
HMCN1,other,0.113502,0.84188,8.85561,99.3135,61.295,92.7068,44.5475,312,425
HMCN2,other,0.232102,0.630956,11.0834,55.8397,40.8361,40.4094,20.8388,743,866
HMG20A,other,0.194988,0.548923,18.1794,116.465,74.6352,78.6292,45.6465,312,391
HMG20B,other,0.402583,0.7445,21.8872,60.3575,48.9711,32.9423,17.4457,1110,1102
HMGA1,other,0.357047,0.718904,38.9154,118.545,100.209,63.0038,47.4516,420,411
HMGA2,other,0.409241,0.63711,26.6349,73.5884,57.5618,33.9101,13.5144,1054,1442
HMGB1,other,0.386717,0.624085,19.8479,65.5788,40.1678,21.6994,17.1173,1473,1110
HMGB2,other,0.420638,0.742664,37.0336,104.705,74.0295,49.7973,28.7429,679,613
HMGB3,other,0.292551,0.780582,18.7568,74.1876,55.4091,55.2323,24.9477,465,685
HMGCL,other,0.330056,0.940835,134.301,441.141,375.321,327.282,196.36,53,89
HMGCR,other,0.0791392,,76.2362,1354.45,685.137,1355.53,686.923,11,21
HMGN1,other,0.158983,0.552758,6.49374,46.5741,35.8215,35.1959,23.692,873,732
HMGN2,other,0.102137,0.507435,5.40407,63.5391,44.0589,55.3427,30.2215,515,549
HMGN5,other,0.587981,0.673593,228.266,331.598,454.512,54.4131,40.2082,718,625
HMGXB4,other,0.297367,0.753937,21.9005,91.927,59.004,62.9056,29.929,422,531
HMMR,other,0.593403,0.671244,73.8676,159.993,96.852,17.8227,11.6717,1711,1640
HMOX1,other,0.161664,0.55032,10.1955,78.3361,50.7726,58.4083,33.5488,592,529
HMOX2,other,0.430506,0.732629,25.2242,70.1757,48.9203,30.4076,19.1125,941,925
HMSD,other,0.109915,1.13851,6.55861,80.2767,44.3524,76.9775,34.2936,345,511
HMX1,other,0.155439,0.601106,10.4139,82.6164,54.3297,62.6318,39.3112,470,449
HMX2,other,0.304404,0.87389,23.4637,95.9257,61.9379,59.2666,42.2727,457,468
HMX3,other,0.139498,1.29827,19.5713,165.827,118.7,154.531,98.5835,153,159
HNF1A,other,0.113318,,11.5819,115.197,90.683,122.385,78.6949,212,203
HNF1B,other,0.0911622,1.11351,5.72279,70.4485,55.9389,68.8101,39.8173,441,415
HNF4A,other,0.235565,0.433673,18.0556,120.455,48.7729,50.4481,24.0125,543,730
HNF4G,other,0.168127,0.981101,17.1139,127.562,81.2271,113.259,59.9531,277,304
HNRNPA0,other,0.30639,0.67342,23.6576,96.6716,61.6731,53.4242,33.1359,467,560
HNRNPA1,other,0.53806,0.726679,55.6122,100.203,106.61,28.519,24.9078,1087,821
HNRNPA1L2,other,0.217559,0.668126,12.8732,61.8567,56.6016,47.6921,30.3926,624,585
HNRNPA2B1,other,0.381732,0.671055,32.0835,97.4793,72.466,47.6348,26.6065,707,683
HNRNPA3,other,0.239643,0.539152,26.3265,208.875,57.779,112.074,33.1479,282,476
HNRNPAB,other,0.203296,0.803457,12.6997,77.9629,50.0544,66.5563,28.1513,445,667
HNRNPC,other,0.127608,,18.2878,168.817,121.661,182.526,87.9127,126,186
HNRNPD,other,0.415947,0.827361,40.5211,86.599,109.591,54.4168,35.0565,542,553
HNRNPDL,other,0.127562,,55.1322,475.797,392.595,477.583,393.726,45,46
HNRNPF,other,0.161742,0.369843,9.58123,79.7966,43.9756,42.5921,25.9365,593,639
HNRNPH1,other,0.190662,0.76315,37.8134,244.014,161.194,162.454,131.091,173,108
HNRNPH2,other,0.298549,1.02594,19.732,87.3292,50.0207,69.0415,29.7932,553,559
HNRNPH3,other,0.187426,0.450339,10.1317,60.4889,48.3096,38.7996,24.9728,713,724
HNRNPK,other,0.0914304,0.704217,33.6645,427.945,316.792,343.332,289.784,55,51
HNRNPL,other,0.124859,,115.979,891.706,967.614,981.284,985.494,19,15
HNRNPLL,other,0.200191,0.577396,15.9144,95.1129,66.4434,60.611,44.4247,440,383
HNRNPM,other,0.282207,1.11988,105.783,357.82,392.676,254.749,306.109,66,46
HNRNPR,other,0.352801,0.694693,31.7577,102.536,79.024,54.8781,35.1736,634,594
HNRNPUL1,other,0.293133,0.706698,26.4357,127.875,63.6015,71.4358,38.8081,561,456
HNRNPUL2,other,0.147539,0.608047,12.1176,103.464,65.1973,82.9712,45.8175,377,368
HOMER1,other,0.183622,0.59484,22.5237,123.088,122.241,76.342,91.5692,322,192
HOMER2,other,0.276705,0.718066,12.562,58.1244,35.4586,35.1537,22.1352,914,820
HOMER3,other,0.174015,1.00116,16.5293,113.046,79.8152,96.2476,63.5879,236,266
HOOK1,other,0.193392,0.540069,9.05317,63.2651,34.6385,41.7268,21.5921,700,765
HOOK2,other,0.248483,0.496789,16.6399,89.0653,50.3501,48.7417,22.5274,802,715
HOOK3,other,0.175124,0.807652,13.3404,106.516,54.4788,88.9246,38.9697,280,403
HOPX,other,0.18235,0.525091,9.40378,58.7408,45.2746,41.938,26.1869,724,642
HOXA1,other,0.309319,0.448605,17.5817,81.5483,39.6182,25.7021,12.114,1355,1392
HOXA10,other,0.0849887,0.472232,6.47002,91.3962,63.4105,80.6077,46.0107,335,364
HOXA11,other,0.351074,0.827514,18.6158,67.9007,41.4089,42.4963,21.4882,780,830
HOXA13,other,0.0915895,0.818776,6.22589,79.8244,57.8862,75.1156,45.6073,417,378
HOXA2,other,0.397687,0.639543,35.01,95.4665,81.1804,44.0815,22.8615,847,834
HOXA3,other,0.204373,0.802031,21.4502,128.519,85.7132,100.902,59.8134,278,299
HOXA4,other,0.55936,0.696606,107.496,231.518,159.52,54.8228,24.7532,1001,1081
HOXA5,other,0.246169,0.811535,17.7659,87.3439,59.6317,64.662,38.5025,521,502
HOXA6,other,0.518224,0.66999,49.7313,97.5035,94.4506,28.8651,14.18,1559,1665
HOXA7,other,0.305662,0.639912,13.618,51.3837,38.6292,27.7986,19.4273,1011,992
HOXA9,other,0.130776,0.372768,8.99791,109.678,43.1624,75.3368,26.1962,427,642
HOXB1,other,0.120017,1.04114,12.6471,125.506,88.4775,119.458,64.0805,233,268
HOXB13,other,0.0788235,0.467477,11.0044,252.994,77.0392,225.001,57.2439,94,239
HOXB2,other,0.511825,0.630382,77.7496,214.846,107.406,39.8829,20.461,756,795
HOXB3,other,0.440801,0.710707,30.4002,84.0591,56.5826,33.7377,20.2229,1021,855
HOXB4,other,0.146091,0.621561,20.2897,235.271,81.9848,201.875,50.0779,97,293
HOXB5,other,0.236043,0.4445,20.0382,145.97,49.3712,31.5008,31.6175,1355,592
HOXB6,other,0.20773,0.6998,11.4347,67.8588,44.6522,54.7065,24.3522,498,669
HOXB7,other,0.129943,1.25564,12.183,111.473,78.8546,106.228,60.9065,270,264
HOXB8,other,0.433021,0.730821,41.0599,109.62,82.0217,50.4095,28.7109,727,721
HOXB9,other,0.182776,0.540977,13.1604,126.459,40.9966,66.3469,31.1516,343,472
HOXC10,other,0.658166,0.732706,90.0407,241.522,77.4909,15.4135,10.7025,1140,1586
HOXC11,other,0.229629,0.456951,9.67105,47.555,37.2991,26.2359,16.2885,1198,1145
HOXC12,other,0.112353,0.806593,9.42615,99.2473,70.9221,82.934,62.5502,331,278
HOXC13,other,0.129031,1.09015,7.09647,66.8852,45.2241,62.638,35.2469,465,462
HOXC4,other,0.119238,2.28991,17.9142,234.614,96.2088,227.637,87.437,91,190
HOXC5,other,0.280469,0.673276,24.1697,88.8028,83.6269,60.7209,37.7357,462,448
HOXC8,other,0.499061,0.780858,47.531,109.615,82.7516,42.7548,27.3349,827,816
HOXC9,other,0.101796,0.376228,4.91579,67.3031,34.6488,47.905,25.8479,628,610
HOXD1,other,0.112704,1.00769,7.67584,84.8612,54.6595,78.2262,45.9146,382,343
HOXD10,other,0.171339,0.873612,7.04971,48.677,34.7783,43.5375,22.108,780,764
HOXD11,other,0.580562,0.705796,106.188,208.632,160.353,38.7049,27.144,730,753
HOXD12,other,0.120996,,11.5771,141.301,64.7905,148.52,48.6355,170,311
HOXD13,other,0.0684809,0.350771,10.3094,201.388,112.536,167.091,87.3498,156,195
HOXD3,other,0.3846,0.731741,30.186,89.8777,68.5393,47.0899,28.7674,574,627
HOXD4,other,0.188571,0.702225,13.7865,93.6338,57.0856,69.2445,41.2819,424,360
HOXD8,other,0.136798,0.372201,8.36706,62.3637,59.9862,42.0596,35.0972,601,499
HOXD9,other,0.356614,0.511667,30.9143,113.66,66.1173,34.7976,19.8285,955,911
HP1BP3,other,0.199698,0.527568,29.8101,267.796,83.2104,84.3961,65.8014,391,278
HPCAL1,other,0.111051,0.497154,6.355,80.9599,40.4499,64.585,30.4713,438,572
HPCAL4,other,0.414843,0.591522,30.1359,72.3026,72.9874,28.2715,14.0396,1369,1478
HPDL,other,0.185393,0.993462,8.31867,52.1316,38.6207,45.668,27.7731,725,641
HPF1,other,0.249675,0.597202,24.6533,141.865,68.7264,69.064,45.3181,463,367
HPGD,other,0.407561,0.682891,22.9532,75.4388,42.0443,32.045,16.0093,925,1082
HPGDS,other,0.188114,0.592232,7.66304,45.2945,36.6367,34.2244,21.5127,845,822
HPRT1,other,0.174978,0.78845,15.6489,108.232,73.9012,87.237,55.1377,331,274
HPS1,other,0.629837,0.661364,241.195,448.73,326.809,22.8815,14.4888,3035,2003
HPS3,other,0.172531,0.611669,13.7333,88.8172,71.3373,73.5276,38.3672,402,447
HPS4,other,0.412212,0.574068,30.2276,82.4492,65.2197,26.5206,15.6466,1091,1266
HPS5,other,0.171577,1.09062,59.4922,381.286,315.32,284.288,284.643,79,49
HPS6,other,0.145653,0.687563,13.3828,133.088,63.4327,116.531,40.5509,230,392
HPSE,other,0.162943,0.457784,8.50089,67.6521,40.2324,44.5405,25.3121,619,719
HRAS,other,0.286796,0.749174,27.9734,86.8023,109.6,64.0069,48.4388,592,468
HRH2,other,0.220605,0.734155,11.9465,66.9644,43.7933,43.8001,32.3622,733,560
HRH4,other,0.410452,0.732156,27.8441,82.7664,55.6017,37.3773,23.7371,732,771
HROB,other,0.187527,1.00183,14.6166,97.9799,62.005,85.5907,44.8234,395,341
HS1BP3,other,0.181679,0.32203,17.3807,91.5956,99.9191,56.1836,17.6583,486,1277
HS2ST1,other,0.391293,0.670753,26.7378,76.4714,61.0589,35.4533,22.3196,991,944
HS3ST3A1,other,0.235165,0.641845,16.2327,85.3498,55.8254,51.9104,36.6978,715,472
HS3ST3B1,other,0.0808733,0.204248,5.54512,58.3837,80.5229,43.5505,30.8331,698,704
HS6ST1,other,0.237892,0.519915,16.5446,83.3095,58.0576,36.6891,36.3369,622,517
HSBP1L1,other,0.121736,0.748875,17.2272,226.36,88.469,194.047,72.0921,104,220
HSD11B1,other,0.054092,0.377587,3.4264,75.8489,52.9006,70.0237,38.7644,396,407
HSD11B2,other,0.170439,0.351277,19.8211,221.061,61.1794,101.091,34.6404,173,440
HSD17B1,other,0.457804,0.781945,29.6355,69.5389,60.261,36.4089,16.9051,1064,1138
HSD17B10,other,0.251012,0.534853,24.4415,101.029,93.8468,46.6567,55.4398,660,359
HSD17B11,other,0.579022,0.702938,61.058,123.371,90.1326,25.8709,12.7495,1494,1687
HSD17B12,other,0.314669,0.96881,76.2495,230.805,254.402,173.97,145.413,174,152
HSD17B13,other,0.347634,0.721521,45.545,151.468,113.322,81.4027,56.4526,470,378
HSD17B14,other,0.195676,0.450287,11.0786,65.3277,49.0681,38.4368,26.5575,788,807
HSD17B4,other,0.295998,0.429771,20.3256,84.3251,55.9179,28.2494,16.0306,1267,1135
HSD17B7,other,0.22839,0.778082,15.3386,81.3328,55.456,64.3875,32.5225,554,587
HSD17B8,other,0.438804,0.729812,30.7167,82.0735,59.7043,34.1407,22.7474,1071,853
HSD3B7,other,0.449158,0.764036,25.7191,75.231,43.583,30.813,18.072,898,873
HSDL1,other,0.271837,0.757884,11.2978,52.3231,33.0125,35.7424,19.6102,841,885
HSDL2,other,0.650935,0.752945,122.12,227.698,154.574,29.9962,21.5184,881,840
HSF1,other,0.230963,1.14036,51.8337,247.908,203.165,221.579,124.695,90,126
HSF2,other,0.309034,0.889199,20.6666,73.8246,60.579,48.5498,39.2067,603,494
HSF4,other,0.420219,0.576686,46.0678,147.39,81.5408,35.3538,24.5825,771,783
HSF5,other,0.0933338,0.495105,4.91246,62.6647,44.2077,55.4729,30.5188,536,517
HSFX1,other,0.234792,0.67653,14.3381,70.0499,53.2367,51.4042,29.147,579,618
HSFX2,other,0.314511,0.763374,30.5883,107.127,88.2962,67.6928,47.5801,456,441
HSFY2,other,0.231249,0.507806,14.1855,88.1476,42.6893,43.7815,25.1002,755,683
HSH2D,other,0.115575,,5.34062,53.072,40.2341,53.1421,25.4644,665,646
HSP90AA1,other,0.153273,1.26344,10.0795,78.6157,55.0087,73.6447,42.2055,357,407
HSP90B1,other,0.16536,1.00889,18.252,113.036,107.781,101.953,78.2522,264,223
HSPA12A,other,0.155473,0.525717,10.6511,75.658,62.0335,56.184,40.9554,463,482
HSPA13,other,0.160008,0.859782,11.0766,89.3441,53.6369,79.1638,37.3336,386,455
HSPA14,other,0.152955,0.736408,27.3861,279.492,114.701,202.927,96.6374,136,168
HSPA1A,other,0.153783,,110.176,1227.51,418.149,1399.52,391.813,13,38
HSPA1B,other,0.210552,0.566743,12.2223,69.9363,48.1821,43.0487,30.8847,621,581
HSPA1L,other,0.168255,0.522231,9.68904,64.589,51.3415,48.8687,29.4449,601,567
HSPA2,other,0.233448,0.766149,12.2988,57.0497,48.6506,46.136,25.0392,733,738
HSPA4,other,0.230298,0.630809,11.5456,60.4925,41.5477,44.7281,20.2978,861,791
HSPA6,other,0.103395,6.43969,9.85723,117.135,77.593,116.974,63.0427,250,237
HSPA8,other,0.20341,1.12258,28.6474,158.04,125.503,132.321,100.183,185,152
HSPA9,other,0.172028,,185.94,1127.16,1036.48,1071.67,1064.8,18,12
HSPB1,other,0.406414,0.720339,39.0811,112.785,81.9873,55.3823,30.7095,563,548
HSPBAP1,other,0.162932,0.632947,15.4933,130.812,69.1234,90.6199,54.2156,239,311
HSPBP1,other,0.167265,0.477549,12.1677,82.9535,63.7921,59.2593,36.3931,432,438
HSPD1,other,0.218041,0.926063,33.0612,177.251,129.71,124.396,105.597,210,149
HSPE1,other,0.217334,1.70101,128.713,613.887,571.348,533.034,500.53,46,25
HSPG2,other,0.0802786,0.326099,4.32558,68.8672,42.1576,54.6809,29.7549,489,569
HSPH1,other,0.466574,0.540648,83.5355,195.372,164.074,34.5533,15.6249,1645,1260
HTATIP2,other,0.276498,0.596902,11.9429,51.9791,35.8928,30.5737,17.1908,982,1030
HTATSF1,other,0.245996,0.681799,18.2692,88.5017,62.321,58.2576,38.5806,431,405
HTN1,other,0.145936,0.450812,9.36789,68.5527,60.1079,52.1607,33.7653,525,494
HTN3,other,0.183469,0.984979,8.62268,56.4644,39.1189,49.9117,27.4236,678,595
HTRA2,other,0.231587,0.842745,20.8845,135.741,59.9111,111.277,34.8084,239,527
HTT,other,0.329463,0.554498,15.6166,47.4418,47.3586,22.5893,15.4428,1360,1211
HUS1B,other,0.171001,0.52062,8.83617,66.0614,40.4188,45.1878,26.6185,579,665
HUWE1,other,0.121707,0.228624,11.2725,117.582,72.9566,53.9766,34.7359,626,428
HVCN1,other,0.234575,0.490879,13.7358,70.3489,48.7406,41.323,21.7647,680,741
HYAL2,other,0.245248,1.08697,17.8238,92.3548,57.1915,79.2349,36.697,400,471
HYAL3,other,0.158278,0.692458,9.62003,72.5369,50.9277,62.0113,32.5911,497,502
HYCC1,other,0.23397,0.525136,15.5667,84.3082,52.5054,46.8282,29.0603,749,719
HYCC2,other,0.316133,0.618646,29.5684,121.648,71.9134,59.2221,35.3198,516,501
HYI,other,0.164766,0.554532,8.11748,57.4515,42.2479,44.2705,25.9909,671,653
HYKK,other,0.171069,0.456276,11.0963,102.446,41.0698,58.3529,27.6565,354,602
HYLS1,other,0.157582,0.790215,19.8389,138.183,114.701,112.869,89.8022,208,213
IAH1,other,0.352583,0.669311,16.2694,57.6641,36.9244,28.9701,16.3326,1096,1055
IARS1,other,0.137411,0.940973,16.8973,146.367,103.312,132.824,79.5012,204,223
IBA57,other,0.297088,0.645713,49.2793,132.044,208.374,81.7019,92.6771,373,224
IBTK,other,0.141817,0.413839,8.08957,72.3332,44.9837,52.082,26.1151,607,686
ICA1,other,0.20004,0.499007,11.5954,89.8709,37.3866,55.858,21.5116,428,787
ICA1L,other,0.22024,0.591765,16.513,86.6184,64.9006,60.1595,35.4711,451,472
ICAM1,other,0.294898,0.508679,19.1027,90.3373,46.4491,39.1008,18.9244,814,992
ICAM2,other,0.160791,,29.8945,202.467,170.728,205.507,145.231,116,110
ICAM3,other,0.149087,0.390935,7.56845,57.1737,45.0755,38.9899,24.4636,813,736
ICE2,other,0.282717,0.747263,21.5945,87.8216,66.4325,59.7825,36.6492,544,534
ICMT,other,0.294932,0.629622,27.7854,142.81,62.1486,76.4315,32.8096,279,490
ICOS,other,0.378232,0.56388,45.017,182.16,77.7648,52.6812,28.5402,521,661
ICOSLG,other,0.408354,0.562839,40.9011,103.969,96.4923,34.4749,20.5028,1187,1203
ID1,other,0.18955,0.626207,9.17119,54.6848,42.8094,40.3434,27.8531,698,631
ID2,other,0.45488,0.804388,134.162,275.307,315.974,138.78,112.217,207,190
ID3,other,0.271826,0.871636,12.4031,50.7669,41.0104,39.085,23.6773,714,756
IDE,other,0.133609,0.574267,7.83595,74.3506,46.2621,58.8181,34.275,567,497
IDH1,other,0.427631,0.669248,27.5314,77.6141,53.4044,30.8259,17.2348,1051,1090
IDH2,other,0.222478,0.494956,8.10191,43.7213,30.3324,27.2635,14.0518,1136,1132
IDH3A,other,0.223711,0.758944,46.1934,230.388,185.065,162.382,130.591,157,137
IDH3B,other,0.280407,0.528858,14.2685,61.2614,42.2662,32.1994,17.2193,1017,1110
IDH3G,other,0.166008,0.487848,7.80798,52.776,41.9161,40.7585,20.6007,776,745
IDNK,other,0.211108,0.738914,12.1664,76.159,43.6108,60.7587,26.0069,594,678
IDS,other,0.200089,0.606654,7.96112,46.1655,34.2915,32.7353,21.4687,838,800
IDUA,other,0.313546,0.745958,18.2815,65.6604,51.7746,42.5593,25.7754,853,785
IER2,other,0.217805,0.582957,9.40081,56.6286,32.8972,35.3389,20.6823,749,764
IER3,other,0.134153,0.917499,10.1568,95.6334,59.9384,85.9199,47.3221,330,345
IER3IP1,other,0.118236,0.368739,6.63476,70.1188,44.9072,50.3846,28.5015,625,611
IER5,other,0.494784,0.744731,31.1188,76.1988,51.9118,28.2013,15.5348,1277,1334
IER5L,other,0.108912,,9.90276,110.903,74.5444,116.929,61.5203,247,250
IFFO1,other,0.222195,0.69589,14.9647,90.5715,50.0815,56.0207,36.6972,456,515
IFFO2,other,0.603633,0.689688,102.659,211.716,136.614,22.9236,19.258,1090,1116
IFI16,other,0.165179,1.19627,11.7079,91.3173,55.0168,85.1404,39.5099,315,406
IFI27,other,0.177932,0.890604,14.0164,89.0845,69.6562,78.4558,46.3526,376,334
IFI27L1,other,0.169912,0.441425,25.4313,190.834,117.39,104.191,79.0824,310,242
IFI30,other,0.540174,0.669992,61.4411,132.832,97.3972,27.1127,17.8506,905,994
IFI35,other,0.178369,0.53298,10.033,64.1226,49.3415,46.4457,29.2953,614,659
IFI44,other,0.304238,0.797873,14.4325,59.6306,37.7386,36.3114,23.7072,659,740
IFI44L,other,0.230193,0.693806,11.7963,59.9871,43.7773,42.9841,26.7757,723,663
IFI6,other,0.412553,0.713038,24.4829,78.9908,44.5853,28.3794,21.2908,1038,818
IFIH1,other,0.607242,0.720434,94.3072,174.754,138.019,34.491,15.8507,1352,1505
IFIT1,other,0.0750194,,5.13832,83.3317,56.297,84.882,46.8191,359,332
IFIT2,other,0.349105,0.543677,24.1966,86.4675,55.5576,29.2224,20.9567,825,906
IFIT3,other,0.128228,0.899155,7.5419,76.0248,45.5027,69.31,35.0252,439,456
IFIT5,other,0.244551,0.460208,5.73214,32.8434,16.7282,14.2271,8.39457,2094,1942
IFITM1,other,0.130854,0.93383,11.5134,99.2933,77.9677,90.3128,61.041,342,265
IFITM2,other,0.246047,0.611288,12.1262,66.1694,36.7079,38.6458,22.4106,687,698
IFITM3,other,0.258883,0.782657,16.5083,86.0058,47.2795,61.0506,29.4515,500,538
IFITM5,other,0.468196,0.751302,29.0923,66.4287,58.1223,27.1718,19.9271,922,877
IFNAR1,other,0.332148,0.567961,16.5218,58.7617,42.1071,28.0555,14.549,1185,1152
IFNG,other,0.230027,0.985158,21.7001,111.989,79.4675,97.0428,47.0056,364,357
IFNGR1,other,0.245114,1.06007,19.7014,92.0049,70.2175,76.8547,47.4189,410,392
IFNLR1,other,0.102089,0.95203,15.369,179.927,125.96,160.925,112.246,173,168
IFRD1,other,0.508627,0.587027,51.6918,138.018,74.8356,15.6086,11.4908,1936,1556
IFRD2,other,0.327476,0.630447,25.9614,101.155,62.131,45.2662,31.7898,632,568
IFT122,other,0.627515,0.769863,42.8769,85.5351,54.5828,16.0189,9.96222,2160,2109
IFT140,other,0.355622,0.63035,24.7919,99.2237,48.981,41.1095,22.363,946,858
IFT172,other,0.521487,0.644919,92.0628,163.704,190.38,42.371,22.4306,978,946
IFT20,other,0.317832,0.539648,18.5439,66.3532,51.3035,33.8147,15.0137,1039,1153
IFT22,other,0.248003,0.696669,15.8291,87.59,46.5094,55.8675,30.2355,563,586
IFT25,other,0.121605,0.562355,13.0941,128.221,90.4247,101.126,70.4148,243,232
IFT27,other,0.392623,0.627359,31.8848,103.314,63.8351,43.0112,20.9999,630,846
IFT43,other,0.405012,0.66067,26.1447,78.3249,53.2023,28.5375,21.7481,899,814
IFT46,other,0.493556,0.799091,32.9421,75.2778,59.1783,31.5582,20.3067,935,909
IFT52,other,0.203705,0.605558,8.84198,49.2884,38.2255,36.0612,22.1072,793,764
IFT56,other,0.153093,0.664927,13.3655,102.124,74.633,82.0214,54.5346,331,332
IFT57,other,0.281266,0.611689,15.0021,63.0289,45.1367,36.4633,22.4943,802,732
IFT70B,other,0.240583,0.807287,11.0095,52.5258,39.8686,40.536,24.3567,725,667
IFT74,other,0.236246,0.633072,12.4419,59.8344,46.3544,40.0719,26.81,662,713
IFT80,other,0.115416,0.604772,7.62649,80.3794,54.3218,72.6427,33.7672,408,469
IFT88,other,0.484735,0.748385,31.3622,71.7703,58.3257,26.807,19.2682,1198,1147
IFTAP,other,0.0971314,0.403169,5.04256,64.0869,42.0546,53.7714,26.8898,518,632
IGBP1,other,0.0878412,,81.4239,1333.96,644.117,1610.31,676.788,10,19
IGF1R,other,0.116476,0.770044,6.47139,70.2146,43.9635,64.6009,31.3825,469,531
IGF2,other,0.228478,0.46728,17.1838,83.5912,67.6685,52.0355,24.8132,634,665
IGF2BP3,other,0.316836,0.808869,18.2183,69.2598,47.7382,44.3104,27.4053,698,640
IGF2R,other,0.194025,0.484328,8.50187,68.1462,28.1756,36.0344,18.5797,922,961
IGFBP2,other,0.50987,0.868317,38.6036,82.3794,69.5852,39.7863,23.1809,707,755
IGFBP3,other,0.458612,0.652545,48.6678,146.277,76.987,39.1958,25.0414,678,666
IGFBP4,other,0.220811,0.495432,15.7465,84.0293,60.5193,48.1303,32.3798,544,495
IGFBP5,other,0.28571,0.72225,17.4733,67.3507,55.5335,42.1411,32.3165,613,528
IGFBP6,other,0.0820098,0.46915,6.44174,89.5775,68.8773,80.1059,48.9724,382,385
IGFBP7,other,0.123784,1.01236,6.71865,66.9899,43.9771,62.9707,33.0184,496,510
IGFLR1,other,0.540693,0.762252,41.9866,96.8584,62.2562,31.7093,15.6853,1172,1349
IGHMBP2,other,0.540899,0.69098,77.1508,164.258,123.857,39.5072,23.9249,1089,856
IGIP,other,0.222219,0.555242,14.3383,82.8009,50.28,53.3289,27.6534,642,650
IGLL5,other,0.311636,0.76253,60.0527,360.831,102.912,192.818,65.9963,87,211
IGSF22,other,0.206659,0.694863,22.5042,164.63,72.0294,100.609,55.6458,258,308
IGSF3,other,0.0695589,,7.30843,121.371,90.9557,122.384,83.2999,228,180
IGSF6,other,0.118144,0.517379,8.69876,106.808,50.7559,82.5435,39.1058,292,384
IGSF8,other,0.151532,0.57403,10.265,99.583,46.0809,77.6754,31.4842,335,484
IGSF9B,other,0.377623,0.662499,18.2439,53.6114,43.5374,25.6086,16.4564,1094,1087
IKBIP,other,0.197848,0.542283,14.41,102.415,51.7962,64.98,32.9338,394,498
IKBKB,other,0.283599,0.615059,17.9296,57.5551,69.4463,37.7695,26.4964,785,724
IKBKE,other,0.162146,0.508354,10.837,76.3687,58.4906,52.888,39.1365,662,456
IKZF1,other,0.29143,0.624915,23.5432,91.8781,71.0315,48.142,38.5789,660,556
IKZF2,other,0.239953,0.528917,12.5225,63.6158,42.8119,31.5667,25.3218,820,735
IKZF3,other,0.427059,0.624492,28.1808,86.2956,50.4592,27.5962,15.7681,891,1046
IKZF4,other,0.242237,0.65647,13.8412,58.3846,55.9201,42.3994,28.1102,716,674
IKZF5,other,0.362541,0.606428,23.8829,70.7917,61.3025,34.6716,18.362,1118,1083
IL10,other,0.0720901,0.55027,5.2857,97.7018,55.024,91.4301,40.312,301,382
IL10RA,other,0.203227,0.766978,10.9647,65.2658,44.601,54.0653,26.354,444,592
IL11RA,other,0.369447,0.529747,30.915,101.836,68.7601,35.7382,17.2352,1126,1105
IL12A,other,0.333655,0.69701,19.1784,68.2604,48.4017,39.2323,22.3204,718,796
IL12RB1,other,0.123241,0.606932,11.0033,121.161,65.7925,104.033,46.6038,263,355
IL12RB2,other,0.580488,0.696815,123.465,242.989,186.172,41.8678,30.0754,1115,838
IL13,other,0.410944,0.73045,22.9181,64.8806,47.9375,33.2908,16.7752,822,995
IL13RA1,other,0.0541693,0.195567,3.69131,91.045,51.0034,69.5585,34.4227,363,484
IL15,other,0.0826692,0.540425,6.42033,101.997,59.1346,93.3093,42.8884,285,350
IL15RA,other,0.289039,0.743666,20.3796,85.1495,58.3845,50.3214,36.8216,614,509
IL16,other,0.245456,0.780008,12.0311,58.6503,40.9633,45.4987,22.8735,725,705
IL17A,other,0.318162,0.590241,20.9674,80.106,54.216,42.4388,20.7144,789,872
IL17D,other,0.17436,0.870027,15.2996,115.461,66.6858,98.2835,48.6833,326,323
IL17F,other,0.48613,0.68396,26.734,71.593,42.2426,21.8664,11.5187,1470,1354
IL17RA,other,0.187493,0.624599,8.86805,57.9924,38.5759,42.645,25.4412,694,687
IL17RB,other,0.326452,0.664349,20.1212,68.1437,55.7499,40.4051,22.6802,835,803
IL17RE,other,0.110338,0.818781,9.29537,102.622,69.1583,95.8241,50.1988,331,358
IL18BP,other,0.229165,0.86925,16.1475,81.183,61.1573,69.8218,30.7838,423,524
IL18R1,other,0.160159,0.551356,7.51849,57.6351,38.2357,43.5779,25.0076,726,664
IL18RAP,other,0.159585,0.778163,7.16959,53.9441,37.416,46.119,26.5679,677,617
IL1A,other,0.272913,0.913476,16.7915,69.8908,54.1644,55.1406,31.2563,547,563
IL1B,other,0.190769,0.630282,11.6671,72.4535,51.624,55.4395,31.4844,557,521
IL1R1,other,0.345227,0.537199,28.4035,85.6181,79.0625,37.4878,20.9787,1034,1059
IL1R2,other,0.186626,0.415801,8.59507,54.9193,38.6214,30.7036,20.9761,881,788
IL1RAP,other,0.188286,0.415914,10.3576,78.1403,38.7266,37.6186,23.4219,726,718
IL1RL1,other,0.0904125,0.777447,5.3388,70.9017,49.1783,67.7975,33.9866,449,471
IL1RN,other,0.164347,0.716987,6.03369,42.8571,31.4497,36.3442,20.5762,891,896
IL2,other,0.187112,0.515003,10.0034,67.0761,42.6118,45.114,25.4325,607,685
IL21,other,0.320422,0.644529,27.0017,126.702,56.0472,70.2247,24.9712,452,651
IL21R,other,0.339287,0.576776,47.196,160.95,120.222,78.3529,39.1575,377,462
IL22,other,0.261009,0.606546,14.4189,67.418,45.2668,42.7798,22.33,540,728
IL23A,other,0.487914,0.597299,59.0809,154.979,94.6095,27.155,18.0678,1047,1004
IL23R,other,0.341114,0.688211,25.935,101.914,56.7206,58.4925,24.0147,435,661
IL24,other,0.254384,0.608672,13.0687,68.9021,38.3047,44.7552,19.2134,681,810
IL26,other,0.064131,0.154543,4.59478,97.8366,52.4677,63.4633,26.7515,616,591
IL2RA,other,0.164101,1.02919,14.7579,115.75,69.8728,105.079,50.6038,237,351
IL2RB,other,0.171148,,104.172,798.659,463.87,842.323,181.186,22,77
IL3,other,0.443745,0.77557,38.9923,90.9118,84.932,44.4983,30.4728,605,594
IL31,other,0.215046,0.654035,20.3211,117.63,75.9129,74.4824,53.5391,424,341
IL32,other,0.26165,0.865199,12.3629,55.7443,40.0499,39.4378,27.5286,734,665
IL36A,other,0.591152,0.778654,84.8697,189.071,109.014,46.0705,25.9373,876,885
IL36RN,other,0.259299,0.495673,8.40714,37.6001,27.9581,20.2257,11.4005,1300,1441
IL3RA,other,0.13294,4.82999,10.782,107.088,61.4249,106.73,47.5088,247,318
IL4,other,0.389815,0.660448,33.5352,78.9528,93.7382,40.5521,26.5976,844,778
IL4I1,other,0.412305,0.557579,55.354,75.4223,238.98,32.0348,11.8259,912,1708
IL4R,other,0.379354,0.503039,37.4219,82.9357,117.334,26.6443,19.0216,1006,911
IL5,other,0.184036,0.489575,10.3278,71.8097,43.8554,47.3235,25.6814,791,693
IL5RA,other,0.428916,0.669694,37.1501,125.697,59.6831,39.0567,24.1651,849,748
IL6R,other,0.203082,0.42664,9.85137,53.4071,44.0605,32.3255,18.7694,1024,1009
IL6ST,other,0.0933207,0.908984,7.29026,110.369,55.2948,104.797,43.7498,202,346
IL7R,other,0.112466,0.355183,18.0503,202.407,127.262,147.242,80.4451,212,241
IL9,other,0.093334,0.220517,8.29232,139.206,56.704,60.546,38.7272,377,414
IL9R,other,0.325217,0.780373,19.1376,71.6069,48.3583,42.9587,27.3655,585,643
ILDR2,other,0.133247,0.603632,7.59998,72.7156,44.7384,56.8056,34.775,574,500
ILF3,other,0.396562,0.679397,39.3021,109.245,89.9103,55.4422,27.7117,396,522
ILK,other,0.182917,,14.2581,105.803,57.4271,106.31,40.4328,237,379
ILKAP,other,0.185714,3.24462,59.6704,301.171,342.782,286.034,320.439,87,45
ILRUN,other,0.144094,1.21407,12.7876,105.26,74.821,94.5976,64.416,275,271
ILVBL,other,0.333676,0.657725,13.5692,44.2619,37.3619,23.795,16.5665,1028,981
IMMP1L,other,0.36643,0.553273,57.9795,229.89,108.905,74.9356,38.0341,458,430
IMMP2L,other,0.439329,0.649365,60.7361,178.816,106.882,54.1983,36.6826,829,623
IMMT,other,0.198646,0.578828,47.3375,357.653,158.778,191.334,118.565,148,137
IMPA1,other,0.186578,0.624106,17.0082,117.539,70.6996,85.7321,47.35,334,355
IMPA2,other,0.104157,0.282645,7.52981,112.313,46.5331,59.1981,33.1713,360,491
IMPACT,other,0.276724,0.729172,23.0185,84.9915,81.4118,60.2204,41.1818,482,497
IMPDH1,other,0.110596,0.620369,9.31505,100.247,70.766,85.7744,55.1873,301,295
IMPDH2,other,0.258321,0.700939,148.611,384.057,861.768,250.01,526.428,87,36
IMPG2,other,0.573512,0.728207,76.3184,194.6,90.9977,32.5704,23.2096,564,711
INAFM1,other,0.191311,0.519435,8.25781,47.7905,38.9858,35.2186,18.8826,819,939
INAFM2,other,0.0587183,,8.68262,199.265,109.73,216.252,108.312,104,163
INCA1,other,0.447095,0.685372,44.631,105.717,94.26,43.7576,25.8197,905,842
INF2,other,0.0862146,0.654911,9.251,125.888,91.4604,120.489,54.5008,220,257
ING1,other,0.244769,1.02584,28.3589,132.307,101.457,101.9,76.3239,286,227
ING2,other,0.244687,1.04508,39.524,162.373,160.689,135.325,107.809,232,198
ING3,other,0.139023,0.539337,17.3533,151.538,102.818,121.638,68.1946,182,239
ING4,other,0.0580483,0.674038,5.67536,145.578,65.6618,141.128,49.7312,172,325
ING5,other,0.26438,0.869892,67.8132,294.852,223.136,203.451,156.647,111,95
INIP,other,0.386033,0.602027,46.2149,149.135,96.1024,66.8076,24.5234,421,788
INO80,other,0.276406,0.768464,63.9008,226.839,235.614,142.897,153.241,193,125
INO80B,other,0.243945,0.816744,38.1973,159.782,153.446,113.123,106.569,204,156
INO80C,other,0.380773,0.712914,41.9315,127.35,95.2246,63.4439,41.0916,502,438
INO80D,other,0.358872,0.623243,30.2547,94.0042,75.6066,41.9217,30.3608,558,613
INO80E,other,0.344068,0.663208,70.4973,236.964,177.163,131.874,69.6444,247,218
INPP1,other,0.111952,,59.4901,1120.72,251.956,1197.11,194.542,13,66
INPP4A,other,0.26261,0.655174,18.0389,75.066,62.857,50.7026,31.7422,648,620
INPP4B,other,0.101734,0.468122,11.3792,139.671,89.5745,128.853,34.9535,245,456
INPP5A,other,0.214884,0.768299,11.7126,62.0535,47.8777,48.4788,30.7573,636,544
INPP5B,other,0.229613,0.897427,12.945,67.2533,47.2603,52.3509,33.2983,502,523
INPP5D,other,0.342996,0.4753,22.2634,56.3259,74.7991,20.5606,13.4531,1563,1557
INPP5E,other,0.248629,0.661073,14.6116,61.3782,56.27,40.4237,32.9559,657,576
INPP5F,other,0.525094,0.694691,62.6043,139.466,101.921,33.534,25.2563,943,805
INPP5K,other,0.226586,0.743107,22.6599,175.428,57.0101,136.076,33.3811,138,490
INPPL1,other,0.15418,0.412927,21.4339,203.475,94.9804,89.2802,71.386,369,254
INSIG1,other,0.268453,0.764477,50.632,179.579,198.088,148.857,55.3056,157,299
INSIG2,other,0.149819,0.397144,11.8636,104.486,60.0126,70.0467,34.1013,351,508
INSL3,other,0.296934,0.471079,17.6249,76.1194,46.2846,28.2002,17.0731,1120,1064
INSM1,other,0.16713,0.375331,11.0492,74.247,58.8674,44.9325,29.304,591,571
INSM2,other,0.166636,0.675293,9.38146,68.4045,46.3362,54.3161,32.637,557,519
INSR,other,0.583585,0.667682,69.8239,167.977,85.2216,24.0951,9.21288,1576,2084
INTS1,other,0.238991,0.749868,67.1232,567.925,138.896,434.726,78.7405,45,228
INTS10,other,0.504341,0.844696,88.3044,163.694,187.277,80.3802,56.1021,320,292
INTS12,other,0.460667,0.68035,52.5597,126.65,102.784,46.7915,28.0497,643,695
INTS13,other,0.536304,0.78787,110.78,225,189.635,67.7531,63.9068,386,268
INTS14,other,0.351418,0.7569,79.4953,263.93,193.886,132.868,109.721,171,168
INTS15,other,0.24749,0.708592,38.7444,192.015,127.635,139.499,70.7051,154,225
INTS2,other,0.367517,0.803784,139.792,361.369,400.369,137.885,265.025,150,80
INTS5,other,0.219881,1.05294,92.9021,602.077,296.5,461.601,241.083,50,60
INTS6,other,0.275369,0.545949,26.9485,112.169,85.3817,62.9322,35.8971,394,487
INTS6L,other,0.178402,0.680073,10.4698,66.5801,51.7292,56.9936,27.0059,615,605
INTS7,other,0.141232,1.07823,19.7873,179.394,109.42,160.678,91.4254,168,192
INTS9,other,0.264932,0.757309,118.212,564.815,352.493,395.005,209.005,51,63
INVS,other,0.187171,0.665517,14.3966,93.6444,63.1774,73.1316,40.3647,404,408
IP6K2,other,0.152764,0.760729,19.4762,185.088,87.8193,162.28,59.0812,170,310
IPCEF1,other,-0.0286395,-0.208039,-2.55375,114.089,69.6917,101.989,57.2385,253,284
IPMK,other,0.225653,1.50444,29.9697,153.209,115.133,137.671,89.5927,245,200
IPO11,other,0.392644,0.637959,50.5258,147.55,112.225,58.9224,41.4514,392,454
IPO4,other,0.31799,0.890431,30.5849,117.054,79.0312,83.1725,44.2097,377,390
IPO5,other,0.209875,0.563825,19.8908,156.621,57.3499,107.158,32.1889,217,444
IPO7,other,0.213605,0.427774,92.2355,396.982,469.679,254.615,143.123,133,127
IPO8,other,0.260861,0.637101,13.7297,62.8544,44.0723,43.1025,20.5601,904,821
IPO9,other,0.26385,0.762892,93.8055,390.532,323.657,229.843,229.566,91,68
IPP,other,0.150528,,18.636,128.041,119.708,134.066,112.018,217,167
IPPK,other,0.144689,1.68314,16.6342,189.186,69.8627,185.224,45.2089,130,346
IQCB1,other,0.0711911,0.274675,3.55254,65.3725,38.0918,51.5356,26.0024,588,593
IQCC,other,0.300524,0.580443,15.4833,53.724,49.4084,31.1233,17.9246,974,975
IQCE,other,0.248124,0.495413,23.7843,169.088,54.3414,86.4733,26.4423,285,524
IQCG,other,0.391325,0.668248,38.4561,91.424,105.632,44.3425,35.2914,468,486
IQCN,other,0.20361,0.533599,9.9254,56.3719,42.1536,40.358,20.5479,915,827
IQGAP1,other,0.0459708,0.182342,4.03647,102.095,75.5158,83.6921,48.8869,380,341
IQGAP2,other,0.135164,1.66401,26.85,170.365,231.628,150.387,218.595,176,75
IQGAP3,other,0.0752265,0.839973,8.88183,121.271,114.95,114.472,98.5046,211,189
IQSEC1,other,0.341683,0.719108,23.4232,72.0502,65.2245,43.656,27.8588,679,621
IRAG2,other,0.154202,0.389905,8.73977,67.8652,47.334,46.4909,23.8274,773,730
IRAK1,other,0.43458,0.648503,29.6603,75.4384,61.7472,26.2545,19.2165,968,921
IRAK1BP1,other,0.205844,0.632919,10.4972,68.9311,37.7274,44.493,26.4714,562,630
IRAK2,other,0.141233,1.11217,9.19618,72.6214,58.3814,69.1605,38.6265,418,462
IRAK3,other,0.109746,0.553882,6.35482,69.963,47.9249,55.4636,38.8463,551,460
IRAK4,other,0.109629,0.498492,7.23965,83.1394,52.4543,67.0524,39.343,373,404
IRF1,other,0.56983,0.735978,62.7869,140.887,86.1739,27.5845,21.9395,760,741
IRF2,other,0.237177,0.866066,41.8501,219.469,141.864,160.858,102.025,160,144
IRF2BP1,other,0.102348,0.462937,11.7466,127.277,103.493,106.076,73.125,272,227
IRF2BP2,other,0.258967,0.590438,21.8539,86.2258,82.5907,62.879,23.9119,547,883
IRF2BPL,other,0.347346,0.739815,20.5938,70.1261,50.1267,41.1195,23.4133,688,766
IRF3,other,0.101654,0.599419,8.70769,108.545,67.6008,102.207,34.3023,289,546
IRF4,other,0.372579,0.611608,30.4461,87.9041,75.9657,39.3293,24.9498,803,758
IRF5,other,0.102392,1.23672,6.73154,75.639,57.1409,73.3117,44.4111,438,395
IRF6,other,0.144725,0.898942,9.15172,97.6338,40.9562,90.0922,27.2133,261,601
IRF7,other,0.217341,0.549151,11.6826,68.993,41.8784,41.401,25.4757,649,640
IRF8,other,0.21405,0.485006,21.2106,117.514,83.5569,70.0247,43.2842,411,417
IRF9,other,0.610985,0.773538,37.6454,72.3623,52.4626,17.1944,9.53138,1962,2007
IRGM,other,0.0882487,0.639893,8.41412,111.058,81.8562,102.659,61.27,272,266
IRGQ,other,0.452434,0.762872,37.3595,87.6208,77.8185,44.8401,21.7589,740,1023
IRS1,other,0.235222,0.616611,21.7938,126.443,67.891,76.3735,42.9412,360,425
IRS2,other,0.171887,1.00293,8.15761,52.5236,42.8832,48.6184,25.9424,607,658
IRX1,other,0.230342,0.632795,24.9346,142.099,82.4645,100.441,45.1927,266,395
IRX2,other,0.256915,1.00803,29.5652,132.439,99.9921,104.42,69.2903,230,261
IRX3,other,0.206545,1.04243,11.1601,64.8183,45.0412,55.2388,33.0764,582,580
IRX4,other,0.308015,0.769137,30.9961,110.106,91.9727,77.2118,42.5999,397,425
IRX5,other,0.0844276,1.28455,7.76433,117.871,71.7514,114.924,59.3569,237,276
IRX6,other,0.238201,0.549792,15.978,81.9169,54.927,49.1937,29.1166,603,626
ISCA1,other,0.235162,0.816315,23.1701,131.295,73.9389,92.0542,53.4084,307,360
ISCA2,other,0.187638,0.43191,61.6958,182.367,592.822,120.675,262.076,260,92
ISCU,other,0.147451,0.650301,46.1352,354.101,276.464,286.198,202.343,107,84
ISG15,other,0.120012,0.232713,11.5434,114.623,80.7132,56.6522,38.2694,552,547
ISG20,other,0.210973,1.07133,12.2211,72.8737,46.0469,63.1302,32.6915,610,516
ISG20L2,other,0.202842,0.665324,54.7956,322.1,226.56,213.693,163.99,88,102
ISL1,other,0.0741053,0.363308,5.5845,89.9603,63.1275,77.4266,44.2762,356,390
ISL2,other,0.136193,0.56722,5.73179,51.1527,34.626,38.6466,26.461,744,684
ISM1,other,0.172637,0.66651,6.36576,40.4109,33.6462,33.399,20.637,949,912
ISOC1,other,0.272844,0.541895,10.9887,45.5517,35.609,24.4932,16.082,1152,1094
ISOC2,other,0.172255,1.16874,11.7983,82.3863,56.9424,75.2178,42.7267,392,405
IST1,other,0.408546,0.624671,55.5622,165.226,111.944,52.187,41.9547,393,366
ISX,other,0.244455,0.627288,11.3639,54.2913,39.8038,36.5648,21.2899,793,744
ISY1,other,0.120043,0.576944,9.905,97.3991,69.9009,84.038,47.8413,353,351
ISYNA1,other,0.13649,0.626074,13.0015,111.971,81.0362,97.8119,50.5792,307,321
ITCH,other,0.349016,0.587133,18.8044,64.5057,45.0018,27.519,17.2685,870,963
ITFG1,other,0.485344,0.813642,37.812,83.0454,73.0877,35.8249,27.3514,758,727
ITFG2,other,0.0719963,1.03535,15.2455,177.284,252.926,158.099,241.624,165,82
ITGA1,other,0.196429,0.663811,12.512,74.8169,54.2306,54.6221,36.6382,465,459
ITGA10,other,0.203374,0.334256,9.21182,60.4335,33.9487,22.367,13.9965,1464,1175
ITGA2,other,0.342923,0.445955,33.4507,152.104,62.5574,27.3111,17.4715,1242,974
ITGA2B,other,0.234588,0.58907,15.4763,72.2816,60.2135,45.5296,34.4121,819,596
ITGA3,other,0.508093,0.691656,42.9348,105.382,67.7586,31.2136,15.8048,1409,1258
ITGA4,other,0.193033,0.538923,10.8282,66.1432,47.5736,45.6657,27.8591,600,597
ITGA5,other,0.243515,0.67083,16.0844,75.2594,57.9696,53.1491,31.9684,563,533
ITGA6,other,0.242376,0.646696,9.77915,52.9856,30.7231,34.6826,18.2297,943,1007
ITGAE,other,0.149522,1.04001,11.3614,84.0484,68.6945,76.7123,52.4268,322,298
ITGAL,other,0.215825,0.603675,14.2554,65.3523,66.757,49.6558,31.2306,639,618
ITGAM,other,0.0665382,0.702586,12.3515,238.785,144.307,196.688,136.965,154,113
ITGAV,other,0.282464,0.712451,16.394,70.0592,48.0817,44.0753,27.704,741,682
ITGAX,other,0.206166,0.95514,16.0622,95.4646,63.5819,83.8115,39.3139,345,416
ITGB1,other,0.093365,0.383378,7.34432,109.618,56.4486,83.9356,42.1592,251,381
ITGB1BP2,other,0.0934827,0.656347,4.43619,59.6627,37.7446,54.2482,29.3075,590,570
ITGB2,other,0.233017,0.584289,21.3334,126.086,66.4776,78.1278,38.6807,431,479
ITGB3,other,0.183359,0.677419,10.7147,71.7511,47.5917,56.4134,31.2804,478,554
ITGB3BP,other,0.222862,0.700131,8.70764,47.8202,31.924,34.9284,19.9254,877,866
ITGB5,other,0.242815,0.674952,14.5236,80.6869,44.3396,58.1794,23.7677,411,705
ITGB7,other,0.241437,0.520104,9.10497,43.625,32.5997,25.1676,15.9959,1065,1066
ITIH4,other,0.00324007,0.0093941,0.316747,145.274,65.7849,103.145,38.7992,267,369
ITK,other,0.30764,0.464638,70.7035,152.324,346.76,63.5995,85.7788,578,361
ITM2A,other,0.222124,0.707637,12.7248,77.3815,42.4103,57.1943,26.3925,492,591
ITM2B,other,0.101057,0.313924,10.1639,123.204,82.1041,65.5508,63.9216,449,280
ITM2C,other,0.195854,0.822786,14.4462,86.2999,63.0421,69.0684,45.1522,402,402
ITPA,other,0.243281,0.567236,27.5858,133.638,96.2106,76.9464,54.4927,395,278
ITPK1,other,0.279987,0.868498,58.5085,276.297,158.047,161.418,118.542,157,117
ITPKB,other,0.200818,0.770042,13.5553,75.7042,60.1862,65.352,30.2525,560,595
ITPKC,other,0.170796,0.583271,9.33459,60.489,49.3808,41.6701,35.7709,769,539
ITPR1,other,0.132754,1.82861,15.4314,117.453,115.04,116.265,55.086,256,272
ITPR2,other,0.174933,0.56948,9.95093,76.8826,42.0879,53.4121,29.0787,487,535
ITPR3,other,0.311792,0.734459,15.052,64.3993,36.1889,40.7184,18.453,804,997
ITPRID2,other,0.275046,0.7036,12.3353,59.7506,33.6626,37.5994,19.787,848,850
ITPRIP,other,0.255766,0.631861,14.7478,82.0722,40.5109,51.4854,22.7004,621,716
ITPRIPL1,other,0.287889,0.621591,22.5969,101.534,60.6783,49.4602,35.2998,686,588
ITPRIPL2,other,0.299044,0.649599,16.3015,55.542,53.5009,33.0734,25.4732,931,751
ITSN1,other,0.24318,0.54737,44.3259,276.492,120.165,135.089,73.7889,221,224
ITSN2,other,0.124978,1.17395,13.802,133.041,91.6714,116.317,83.4062,227,202
IVD,other,0.141838,0.387007,8.23236,82.1889,40.9873,52.3552,25.8201,703,605
IVNS1ABP,other,0.251327,0.47576,12.1991,54.4747,43.2498,27.2921,19.0622,930,879
IWS1,other,0.391844,0.697661,62.8629,178.732,143.999,71.905,67.9985,535,325
IZUMO4,other,0.139091,0.429054,6.93468,61.3362,40.5262,43.9475,25.503,610,646
JADE1,other,0.116875,1.52543,7.20949,73.2117,51.974,71.7811,36.3607,456,415
JADE2,other,0.346642,0.924235,25.1279,78.2944,67.1151,55.1731,35.1455,560,564
JAG1,other,0.101482,0.387225,5.79733,67.4756,48.3645,54.4754,31.1229,561,517
JAGN1,other,0.447566,0.593913,35.2315,101.323,61.1559,25.4526,14.7746,1022,1208
JAK2,other,0.237164,0.467445,10.9042,57.1108,37.0146,27.9169,18.375,956,941
JAKMIP1,other,0.274651,0.688954,11.8615,55.6201,33.5342,34.4229,19.5504,913,947
JAKMIP2,other,0.185427,0.389025,38.7393,407.688,107.06,157.285,67.4592,223,267
JAM3,other,0.0889963,0.609247,5.47609,81.2117,46.6207,73.7513,35.7916,393,422
JAML,other,0.0965692,0.74713,7.90018,108.757,61.5373,88.7667,55.9441,281,263
JARID2,other,0.471821,0.663884,29.204,78.5015,48.8035,24.0339,13.2763,1201,1324
JAZF1,other,0.433558,0.731085,34.0264,84.5585,72.8417,38.3007,26.0133,639,736
JCHAIN,other,0.159632,1.36009,10.0594,73.6009,53.9536,69.3813,40.9896,409,410
JDP2,other,0.414373,0.621483,25.2816,73.1107,50.9147,26.4949,15.4157,840,1003
JHY,other,0.196074,0.535502,15.6571,78.6422,81.0825,56.4578,42.5476,564,467
JKAMP,other,0.556571,0.739409,32.5729,73.3526,46.6934,17.4872,11.9558,1376,1496
JMJD1C,other,0.375079,0.523728,33.5092,105.83,75.4179,35.1211,17.5228,1244,1269
JMJD4,other,0.198077,1.35376,10.3556,61.1845,44.6725,57.9208,26.7435,551,641
JMJD6,other,0.0959902,,10.313,118.562,97.3582,127.705,78.2248,232,234
JMJD7-PLA2G4B,other,0.212968,0.847003,12.3577,66.1676,50.8865,55.4357,31.0516,524,500
JMJD8,other,0.154362,0.452433,7.52976,59.0469,40.2981,42.8739,23.1718,642,714
JMY,other,0.139875,0.468399,8.93587,78.9576,51.689,59.3042,33.1706,508,530
JOSD1,other,0.178824,0.539857,9.67031,65.9084,44.3699,45.2421,28.8438,620,542
JOSD2,other,0.18769,0.526174,15.6697,89.7935,77.6236,65.8643,40.5613,416,399
JPT1,other,0.320002,0.714613,20.4376,81.6784,49.9399,43.1424,28.7148,660,638
JPT2,other,0.156815,0.491516,11.5401,103.152,52.5009,71.288,35.2011,442,522
JRK,other,0.22702,0.918973,29.1321,109.546,150.321,85.7386,108.109,360,196
JRKL,other,0.354444,0.662804,22.5275,68.2569,59.1811,34.7098,24.7461,794,719
JTB,other,0.15745,1.90685,34.4314,209.63,228.123,190.482,211.095,123,77
JUN,other,0.287285,0.857231,17.1544,67.501,52.8221,52.2145,26.6254,651,599
JUNB,other,0.226289,0.500154,23.7911,129.611,85.2831,80.2661,39.4283,353,461
JUND,other,0.246849,0.606544,20.1447,96.7349,68.8456,53.7728,43.1704,657,423
JUP,other,0.314133,0.564362,24.2333,105.645,56.3312,41.4427,27.613,658,627
KALRN,other,0.113241,1.40499,7.857,81.0784,59.3748,78.0446,49.0669,348,329
KANK1,other,0.201149,0.447615,8.32852,49.7806,34.438,27.7538,18.7209,1040,942
KANSL1,other,0.222276,0.633216,33.4966,255.774,88.7896,170.76,55.8736,114,284
KANSL1L,other,0.198727,0.638433,11.2307,72.0669,44.3159,52.6654,28.3665,540,595
KAT14,other,0.238501,0.612735,67.5821,203.173,395.201,129.992,228.967,233,91
KAT2A,other,0.151682,0.595558,13.6283,105.099,76.8097,86.3269,48.9144,326,331
KAT2B,other,0.23389,0.440552,13.9307,63.2775,56.0629,33.2271,22.789,838,786
KAT5,other,0.170475,2.43509,20.4475,150.682,95.4768,146.124,80.0059,163,189
KAT6A,other,0.580833,0.71823,72.6354,157.388,99.3624,18.9124,25.5046,1389,776
KAT6B,other,0.281071,0.699513,13.2991,47.7239,46.911,32.9276,22.4825,890,856
KAT7,other,0.344657,0.549194,151.788,619.104,313.284,204.515,129.034,107,144
KATNA1,other,0.253745,0.721308,14.7343,70.9272,47.5394,46.6555,30.3477,594,502
KATNAL1,other,0.348621,0.578671,18.252,70.322,38.9782,29.2429,14.7604,925,1215
KATNAL2,other,0.311047,0.565162,21.4765,71.9434,66.265,37.9868,23.7387,954,913
KATNB1,other,0.107734,0.897349,11.7742,154.403,77.3566,143.63,61.3755,168,298
KATNBL1,other,0.248432,0.4792,22.2297,113.92,70.2829,61.531,29.2065,458,600
KATNIP,other,0.185696,0.737042,23.8552,136.463,120.933,92.1637,97.286,265,176
KBTBD11,other,0.170872,0.565273,7.89674,52.7001,40.5267,39.0797,26.1987,695,668
KBTBD2,other,0.314563,0.573419,13.6921,55.4971,34.1391,22.4381,16.8925,1148,1161
KBTBD3,other,0.127378,1.24334,31.8664,341.361,183.343,320.883,151.266,90,101
KBTBD4,other,0.246573,0.669784,13.3687,64.8066,45.3597,45.8119,24.3859,788,695
KBTBD6,other,0.213358,0.814448,12.2479,75.7208,43.5205,52.3096,33.8606,516,508
KBTBD7,other,0.184194,0.895325,11.8844,74.3015,56.0277,63.8534,39.1638,432,449
KBTBD8,other,0.145626,0.801663,9.05948,66.1691,58.4886,59.5077,39.3171,443,440
KCMF1,other,0.175794,0.500794,15.1069,107.255,68.854,65.3432,47.1419,493,380
KCNA2,other,0.429935,0.567221,79.6133,252.253,135.934,49.8872,38.5859,911,613
KCNA3,other,0.284377,0.573077,16.2655,73.5884,44.4568,36.2443,22.8849,880,864
KCNA6,other,0.0879918,,23.4884,282.15,252.547,292.23,201.453,66,74
KCNAB1,other,0.465474,0.654048,65.8878,137.656,145.553,52.9224,25.7877,703,749
KCNAB2,other,0.102015,0.513229,5.86463,68.4744,48.2641,58.1662,35.5971,475,476
KCNAB3,other,0.154834,0.883044,9.67017,68.7989,56.6964,60.2938,42.5963,485,418
KCNC3,other,0.229621,0.504222,14.7709,71.8302,57.6078,41.9164,28.9201,830,743
KCNC4,other,0.108506,0.675065,5.88947,61.2212,48.1217,55.4289,34.9813,592,485
KCND1,other,0.206141,2.04015,52.9424,215.863,305.563,197.231,269.42,139,63
KCNG3,other,0.585878,0.713082,48.599,104.502,65.8441,20.2068,10.7411,1903,1979
KCNH2,other,0.141712,1.3515,10.8837,89.9158,65.5991,85.0647,52.2308,327,319
KCNH3,other,0.161576,1.19206,11.0871,79.8899,58.9377,74.5844,42.6331,425,383
KCNH4,other,0.136529,2.77474,21.1049,164.846,144.955,154.188,139.527,164,120
KCNIP2,other,0.339443,0.542962,35.5952,137.205,80.1451,48.2015,31.8577,1130,601
KCNIP3,other,0.313488,0.675497,16.8295,65.5257,43.9835,39.6998,19.9486,669,798
KCNIP4,other,0.111027,0.329046,4.9718,54.1995,36.998,39.2399,21.7366,734,773
KCNJ1,other,0.409885,0.832248,25.4775,70.1653,55.064,39.0212,24.9733,794,846
KCNJ14,other,0.184831,0.506455,9.3094,61.2086,41.4461,42.2131,23.6587,834,743
KCNK12,other,0.523362,0.704357,64.5781,144.915,105.064,42.8546,22.7016,988,1135
KCNK5,other,0.0955433,0.558745,6.52498,82.4934,56.5378,73.5079,41.3607,379,396
KCNK6,other,0.0942594,0.368766,8.10588,111.436,66.3627,89.8108,44.0202,382,346
KCNK7,other,0.13817,0.551611,7.68932,65.8826,47.0085,49.9348,34.824,561,475
KCNMA1,other,0.18461,0.890197,11.4882,84.4453,45.858,69.4044,34.7853,348,429
KCNMB3,other,0.318676,0.719641,14.799,57.5144,37.4967,34.4887,19.1304,946,956
KCNMB4,other,0.0844056,0.382562,4.39165,55.5612,48.7238,47.4567,32.4636,719,559
KCNN4,other,0.363182,0.544628,24.828,80.4538,58.0884,26.0792,19.8686,913,940
KCNQ1,other,0.0745007,0.355208,5.74089,121.085,49.0396,99.785,36.7762,214,435
KCNQ5,other,0.309783,0.651688,19.6766,78.8149,51.189,42.2852,26.233,601,592
KCTD10,other,0.333548,0.547671,33.8064,118.726,86.5237,52.537,28.9566,665,771
KCTD11,other,0.143298,0.638428,7.35652,71.1778,37.0272,56.7199,27.8436,545,591
KCTD12,other,0.111749,0.466312,4.92626,54.6056,35.5886,43.9936,25.0718,630,602
KCTD13,other,0.353501,0.636115,15.4758,63.7729,30.053,26.6057,14.1281,996,1228
KCTD15,other,0.155396,0.50645,14.9279,97.5951,94.5566,74.1763,57.4576,458,366
KCTD17,other,0.121268,0.6335,8.47843,81.558,59.9341,72.694,39.7269,439,403
KCTD18,other,0.149378,1.62062,10.2127,69.0222,67.721,66.5381,51.7347,460,370
KCTD2,other,0.196428,0.405616,18.0146,100.85,83.3999,55.2073,40.184,575,506
KCTD20,other,0.25014,0.815386,17.5666,91.0727,54.153,66.8926,34.9578,464,521
KCTD21,other,0.233656,0.711512,16.5718,87.7484,57.3257,62.4532,35.8801,488,523
KCTD3,other,0.117795,0.979564,31.7229,326.24,222.307,281.822,198.696,67,83
KCTD5,other,0.145511,,54.5147,460.152,305.025,449.114,309.115,53,44
KCTD6,other,0.30434,0.726734,21.0273,76.1261,62.7067,49.4479,31.3263,606,661
KCTD9,other,0.517446,0.750818,31.8287,74.9323,50.4939,25.1082,14.4253,1178,1320
KDELR1,other,0.130509,0.452512,7.66144,72.2903,47.6715,56.0772,29.991,554,608
KDELR2,other,0.465864,0.682006,20.2907,63.943,29.6676,20.6331,9.23001,2017,2133
KDELR3,other,0.57027,0.675917,76.0121,132.751,133.834,23.4432,18.1354,897,984
KDF1,other,0.52057,0.684575,33.9132,74.6041,56.8876,17.915,13.5966,1538,1418
KDM1A,other,0.641382,0.748451,201.979,312.939,316.898,52.671,37.0872,567,559
KDM1B,other,0.196078,0.814499,18.6879,109.854,82.6888,89.7489,56.5048,264,294
KDM2A,other,0.526812,0.801061,75.2948,162.255,125.898,63.5349,36.4049,654,492
KDM2B,other,0.22063,0.56878,9.63259,55.2634,34.492,32.3458,21.9771,883,786
KDM3A,other,0.280861,0.657121,14.913,63.1141,44.6704,35.8941,25.7492,771,726
KDM3B,other,0.258313,0.737252,26.9876,110.814,98.5016,80.9428,53.6425,325,307
KDM4A,other,0.517299,0.598454,71.4925,155.24,123.036,24.6615,13.7446,1456,1472
KDM4B,other,0.0981002,0.436989,4.21043,48.1322,38.2717,39.4725,27.5513,832,613
KDM4C,other,0.209975,0.656296,11.998,72.4034,45.0942,51.8091,28.8661,560,677
KDM5B,other,0.24733,0.899053,11.4864,53.9584,39.9715,42.7512,25.407,722,740
KDM5C,other,0.338383,0.525073,27.8259,97.1403,69.6116,38.7173,21.5414,631,665
KDM5D,other,0.258392,0.572067,17.2197,81.6786,54.3736,47.674,27.7282,707,676
KDM6A,other,0.453165,0.637028,29.131,71.9393,57.4422,24.7251,13.1507,1341,1288
KDM6B,other,0.22541,0.66645,12.7863,63.8293,50.411,47.6077,27.7194,571,647
KDM7A,other,0.343623,0.681646,18.5404,63.6716,45.7224,34.8896,20.0183,682,857
KDM8,other,0.202444,0.555256,30.3327,143.412,156.539,93.9636,96.1889,294,200
KDSR,other,0.596591,0.801372,112.048,228.987,154.045,56.9204,40.427,767,634
KEAP1,other,0.319604,1.05492,73.8837,243.871,219.136,165.341,156.673,145,104
KGD4,other,0.119584,0.294319,12.0486,92.7422,109.459,64.4396,50.2467,431,356
KHDC4,other,0.32992,0.657233,17.4543,59.6787,46.8992,35.0933,18.212,917,947
KHK,other,0.108385,0.363872,6.75756,84.8678,45.8033,60.1249,31.8643,456,546
KHNYN,other,0.257205,0.730824,14.7105,70.483,46.4098,47.461,28.811,626,630
KIAA0040,other,0.29283,0.577106,15.7237,47.5195,60.6748,29.8061,18.7664,1029,903
KIAA0232,other,0.255634,0.64778,20.9471,81.6791,82.2052,50.4616,48.709,623,453
KIAA0319L,other,0.188973,1.93939,15.5099,111.73,60.2905,108.04,42.9605,215,376
KIAA0408,other,0.36848,0.695915,17.5701,55.3297,41.0924,27.7829,17.9524,911,979
KIAA0513,other,0.276688,0.59768,10.2214,42.5237,32.0928,24.3777,15.9752,1138,1175
KIAA0586,other,0.123013,0.727306,24.7048,228.784,176.294,169.033,156.984,144,94
KIAA0753,other,0.266992,0.926123,16.7862,72.2728,54.6934,59.5508,28.87,477,594
KIAA0825,other,0.441984,0.591825,33.0055,88.0315,63.3465,26.3261,12.9426,1124,1315
KIAA0930,other,0.299274,0.562778,17.9767,82.8401,43.5555,32.6167,23.2393,868,697
KIAA1143,other,0.296341,0.656134,16.5468,69.2129,45.0463,38.2059,24.5354,830,800
KIAA1191,other,0.214524,0.716374,9.67202,54.1514,37.5382,40.2773,24.3995,885,706
KIAA1328,other,0.194061,0.636523,11.7745,79.6205,46.2362,58.8403,29.7695,572,556
KIAA1586,other,0.303904,0.614579,20.7008,76.8546,60.3715,45.7461,23.9011,720,815
KIAA1671,other,0.181605,0.460028,9.2762,67.1648,38.8455,42.8509,22.1224,674,764
KIAA1958,other,0.0696434,,23.1175,394.721,279.144,412.711,257.208,49,59
KIAA2013,other,0.297871,0.65395,15.9165,54.2701,52.6111,34.1678,23.1424,838,823
KICS2,other,0.0944341,,47.5667,626.666,404.868,551.747,437.717,43,44
KIDINS220,other,0.11072,1.29184,28.2214,340.339,190.894,317.606,169.901,83,96
KIF13B,other,0.29503,0.744012,21.6903,79.3479,68.1187,56.7879,30.4454,503,553
KIF14,other,0.286267,0.759349,36.1524,127.541,125.05,81.0621,76.2819,323,267
KIF15,other,0.211181,0.704003,12.909,69.4074,53.8353,53.7175,32.4057,517,569
KIF16B,other,0.221238,0.73204,17.5118,84.5679,74.0862,70.103,34.524,401,474
KIF18A,other,0.276833,0.894225,24.4572,112.505,69.3758,82.6954,44.282,437,383
KIF18B,other,0.174875,,195.612,1472.94,849.467,1474.75,805.079,14,23
KIF1A,other,0.117905,0.373465,9.23473,104.916,58.4709,69.0303,41.4327,428,416
KIF1B,other,0.12295,0.490873,6.73518,64.524,46.5075,52.0754,31.3844,571,614
KIF1C,other,0.203373,0.532702,10.9335,64.8458,44.5709,39.2985,28.0814,854,642
KIF20A,other,0.325218,0.741601,90.7181,377.234,206.267,185.961,128.033,114,108
KIF20B,other,0.144376,0.589145,7.4294,61.6669,42.9402,48.4753,30.8852,580,553
KIF21A,other,0.429665,0.659474,40.9537,169.637,53.5556,40.6923,23.6477,768,691
KIF22,other,0.254419,0.612519,25.1504,99.8809,97.8381,68.9764,43.2838,443,373
KIF27,other,0.152606,0.596665,7.4033,55.5614,42.358,44.0752,28.9546,675,608
KIF2C,other,0.152128,0.445404,7.60285,70.4028,35.4768,50.3859,20.9206,863,779
KIF3A,other,0.163983,0.447026,8.03991,54.7268,43.9241,39.9663,22.0094,877,800
KIF3B,other,0.47095,0.708026,80.1913,224.065,129.399,89.5359,34.0444,263,485
KIF3C,other,0.146407,0.775295,7.39141,52.8857,48.1938,47.7336,30.5524,551,543
KIF4A,other,0.0828535,0.891279,9.77679,173.06,80.4589,163.175,68.286,130,244
KIF5B,other,0.121734,0.698312,13.0339,141.797,80.8451,126.198,58.5122,235,317
KIF5C,other,0.141782,0.832247,18.6717,114.885,150.96,104.29,103.455,295,238
KIF9,other,0.344374,0.475201,18.7062,58.8225,50.1613,19.4436,10.8105,1792,1690
KIFAP3,other,0.526939,0.678772,96.5941,230.016,146.091,55.3779,30.1289,797,663
KIFBP,other,0.160857,0.867868,12.8419,104.502,60.9901,82.2042,51.1705,328,314
KIFC1,other,0.21567,0.507913,14.2552,81.9267,53.3261,53.7902,25.3301,728,687
KIFC2,other,0.195126,0.831838,9.30436,61.2553,37.1192,49.7544,26.2408,595,602
KIFC3,other,0.156481,0.47012,8.65028,68.7993,44.4172,50.3487,26.0674,489,671
KIR3DL2,other,0.325064,0.552124,19.8659,71.4353,52.2834,34.7561,16.9876,917,1142
KIRREL2,other,0.414977,0.824748,19.2406,53.0899,40.4926,29.0135,17.8877,1036,1064
KISS1R,other,0.416074,0.790264,27.8302,79.3804,56.361,42.5,22.7336,755,827
KIT,other,0.163505,0.749566,14.2467,140.445,54.058,117.99,37.9703,212,363
KIZ,other,0.2425,0.701233,16.3242,71.5282,63.3524,53.11,33.9292,601,537
KLC1,other,0.167957,1.04097,12.6295,99.9547,56.5682,88.1613,44.0871,310,372
KLC2,other,0.237447,0.47893,12.1707,61.3337,42.8349,34.2508,18.9903,813,946
KLC4,other,0.281998,0.691414,8.52208,37.6934,24.2289,24.1377,13.0218,1226,1306
KLF1,other,0.541884,0.695361,112.299,228.561,187.904,68.8045,24.6468,592,1170
KLF10,other,0.256864,0.687109,18.5763,94.6118,55.2797,60.8064,33.6584,429,494
KLF11,other,0.350527,0.816404,30.0661,110.938,66.318,65.5,36.4692,517,534
KLF12,other,0.49807,0.775965,34.1092,71.6357,65.4683,30.7217,18.2418,1013,999
KLF13,other,0.392214,0.580903,24.8544,77.8227,51.6007,29.5364,13.6887,1196,1154
KLF14,other,0.206655,0.654561,12.4065,75.7929,47.5525,56.2236,29.1947,523,541
KLF15,other,0.37638,0.667888,32.4974,123.516,60.3558,59.9263,23.1252,458,642
KLF16,other,0.218398,0.582314,26.0349,147.328,96.4561,99.9238,54.2881,297,281
KLF17,other,0.316894,0.870811,33.4886,120.801,92.4475,87.1491,48.4999,349,391
KLF2,other,0.389874,0.574224,58.8732,228.568,99.7636,62.3967,36.5054,496,442
KLF3,other,0.112632,1.89525,16.3197,179.123,117.205,157.859,113.718,165,140
KLF4,other,0.0639466,0.236714,7.16872,146.282,85.9128,101.644,65.3663,258,244
KLF5,other,0.244452,0.733036,13.7577,62.0966,51.008,46.3803,28.5954,707,611
KLF6,other,0.440337,0.606737,30.8576,96.9048,50.6765,29.4429,12.3355,1570,1879
KLF7,other,0.441998,0.677271,29.6377,84.5856,53.1562,28.9152,18.7576,845,930
KLF8,other,0.235675,0.836431,14.2055,74.837,48.5477,60.4855,28.4497,600,632
KLF9,other,0.0979015,0.266048,6.96984,94.6143,53.5685,60.9761,33.1656,396,482
KLHDC1,other,0.537002,0.639178,56.7617,126.595,88.2558,24.3913,11.0942,1772,1751
KLHDC10,other,0.379533,0.552462,25.9626,90.9215,51.4675,25.6428,17.6359,1471,1167
KLHDC2,other,0.198441,1.01509,14.6197,85.3022,63.6289,74.4276,44.5545,442,418
KLHDC3,other,0.429368,0.799683,40.3496,120.322,73.3964,58.5248,32.1986,689,680
KLHDC4,other,0.10505,0.685778,11.0226,142.177,77.4357,126.26,61.2052,212,264
KLHDC7B,other,0.260476,0.585562,16.543,89.8208,44.9074,53.3492,23.0232,550,790
KLHDC8B,other,0.199704,0.799016,9.86076,58.6342,41.5812,48.1946,26.992,675,674
KLHL11,other,0.343102,0.686825,29.2691,87.0199,83.6288,48.6605,36.2859,525,480
KLHL12,other,0.0544787,,3.98127,91.5859,58.3124,94.0515,49.4705,281,318
KLHL15,other,0.193123,0.654008,8.70314,53.1695,38.1964,41.737,22.7066,804,737
KLHL17,other,0.267091,0.48073,13.1221,58.2467,41.4395,26.5991,17.8964,1515,1044
KLHL18,other,0.175581,0.512381,8.11163,53.3263,40.0238,36.8108,24.8484,738,703
KLHL2,other,0.113483,2.82482,6.57787,63.1381,53.2133,62.4656,45.1505,420,342
KLHL20,other,0.0880718,0.622602,7.20439,105.432,63.467,93.5172,52.2291,366,323
KLHL21,other,0.191014,0.619387,9.60241,55.1534,45.8205,40.6899,29.2032,711,666
KLHL22,other,0.163923,0.677285,10.0771,79.7263,47.4011,65.2706,32.0871,478,572
KLHL23,other,0.219754,0.767375,20.7445,104.675,85.1321,74.2444,61.117,385,292
KLHL24,other,0.128493,0.378407,8.69516,74.2317,61.6889,50.9701,38.9904,587,425
KLHL25,other,0.139972,0.488943,9.50809,91.047,50.6801,57.999,39.2374,473,381
KLHL26,other,0.210908,0.530566,11.5617,67.6773,44.4037,44.7544,23.688,853,706
KLHL28,other,0.157354,0.811746,11.4941,89.3514,59.7163,77.6323,42.6077,370,444
KLHL29,other,0.434662,0.626173,15.6544,45.9975,28.199,14.8232,8.15026,2264,2377
KLHL3,other,0.103773,0.458693,10.8695,148.519,73.8702,124.799,50.1969,219,301
KLHL31,other,0.402923,0.723623,23.073,63.8189,51.3824,33.0623,18.3269,1045,1095
KLHL32,other,0.205222,0.69444,12.4017,73.7774,49.498,58.8847,28.0831,564,596
KLHL36,other,0.286646,0.727468,13.5876,53.4064,42.0726,36.1617,21.8424,954,850
KLHL42,other,0.195229,0.433801,11.2143,75.4661,43.7225,43.0458,23.1093,880,837
KLHL5,other,0.0620145,0.523906,8.3107,198.011,90.6983,180.473,76.35,122,196
KLHL6,other,0.346126,0.58426,12.7944,45.1,30.2968,19.5658,11.5163,1498,1523
KLHL7,other,0.100081,0.640147,6.53558,78.3262,54.4449,70.1517,41.6937,417,412
KLHL8,other,0.156683,0.689233,10.5001,75.634,59.3783,65.7359,35.9303,418,469
KLHL9,other,0.159671,0.430588,11.4309,111.095,46.1336,74.4404,26.9067,345,627
KLK1,other,0.255915,0.711437,14.6604,71.9613,45.6036,49.4344,26.7533,683,627
KLK14,other,0.2085,0.507532,9.97525,57.5614,39.7652,35.3393,22.3817,887,911
KLKB1,other,0.258294,0.539001,15.3019,79.6637,44.0555,37.6396,24.8771,575,706
KLRB1,other,0.291546,0.5866,26.9049,106.931,79.6425,58.9955,35.7569,490,502
KLRC1,other,0.333354,0.401918,33.6043,150.873,67.3546,20.1222,13.8897,1482,1186
KLRD1,other,0.11681,,7.60635,80.0009,53.003,84.1426,43.4076,376,378
KLRF1,other,0.133055,0.325329,7.85798,76.686,45.4823,45.2792,26.9062,611,620
KLRG1,other,0.372462,0.50593,20.0338,66.4726,43.523,19.888,9.86398,1791,1676
KLRK1,other,0.163192,0.785033,10.5084,73.8362,56.1569,65.4231,34.859,505,469
KMT2B,other,0.433785,0.71177,42.0699,110.666,84.9924,45.8272,31.1119,605,607
KMT2C,other,0.56112,0.664934,80.5251,153.685,134.005,28.2959,17.0423,1252,1137
KMT2D,other,0.284076,0.690036,17.417,75.5996,49.7234,46.9997,27.4472,475,599
KMT2E,other,0.201347,0.52099,31.5246,149.649,163.808,103.926,83.733,264,222
KMT5A,other,0.119041,,16.0413,162.234,111.928,147.159,113.387,166,136
KMT5B,other,0.429885,0.650929,42.8474,115.457,86.0443,44.026,25.3857,687,711
KMT5C,other,0.123157,0.478403,7.90396,72.1501,57.0863,59.7595,35.0565,481,465
KNL1,other,0.137465,,36.3957,275.727,254.234,293.693,230.399,83,65
KNOP1,other,0.290788,0.650623,20.1827,73.702,65.3624,47.3191,28.8886,592,673
KNSTRN,other,0.391919,0.556087,21.511,68.1329,44.2151,20.1258,13.0455,1195,1244
KNTC1,other,0.0964446,0.5762,12.3864,187.864,87.7984,170.187,61.6572,174,275
KPNA1,other,0.536387,0.637148,99.8999,295.499,117.386,43.5941,19.7947,826,1133
KPNA2,other,0.382096,0.610426,27.3529,69.5068,73.7284,35.7221,14.2965,941,1388
KPNA3,other,0.248905,0.761367,15.644,72.7619,54.291,51.9499,34.0051,582,505
KPNA4,other,0.262667,0.943822,13.233,59.4606,42.6849,48.1072,25.3705,699,691
KPNA5,other,0.373352,0.698816,18.1706,50.986,46.4571,26.764,18.5442,1095,1001
KPNA6,other,0.0947035,,27.3532,272.515,306.122,299.319,283.527,87,69
KPNB1,other,0.127007,,158.867,1281.65,1220.78,1226.04,1232.1,13,11
KPTN,other,0.259059,0.547461,13.414,63.318,42.3439,32.4623,22.887,799,738
KRAS,other,0.242326,0.505312,15.3273,75.8667,52.7328,42.9478,24.7838,604,651
KRBA1,other,0.105609,,6.69277,71.2906,56.3348,72.4938,41.4346,396,423
KRBA2,other,0.36503,0.658045,29.178,173.098,36.9116,29.8357,23.188,759,738
KRBOX4,other,0.349114,0.706963,20.0327,66.6327,49.4148,34.4727,24.4476,779,729
KRBOX5,other,0.511807,0.711057,43.3931,100.686,71.3938,28.6159,19.7191,860,824
KRCC1,other,0.0969603,0.201886,6.20059,81.0844,50.436,45.7494,23.7399,604,794
KRI1,other,0.199745,5.51163,124.861,901.839,433.285,657.536,431.185,38,33
KRIT1,other,0.131705,0.906669,40.4224,414.015,227.522,329.312,204.056,49,70
KRR1,other,0.219012,1.51415,106.851,544.35,437.261,438.382,390.267,48,36
KRT1,other,0.329302,0.457574,57.282,238.779,126.722,65.7117,36.1697,552,520
KRT10,other,0.15065,0.437019,6.90967,58.6735,35.8536,41.3251,21.4439,703,731
KRT10-AS1,other,0.217692,0.735706,17.9049,92.5729,73.0759,72.8642,43.0237,412,431
KRT18,other,0.219962,0.565674,14.2136,76.9484,54.2641,48.6956,31.9174,634,595
KRT19,other,0.24944,0.628053,9.73775,47.9552,31.7795,32.2977,16.4263,974,1043
KRT2,other,0.301684,0.641794,18.4404,82.2309,45.4359,44.6976,23.4406,804,823
KRT20,other,0.26055,0.55017,15.9275,59.6364,62.662,38.8412,22.3587,924,786
KRT7,other,0.482937,0.728573,23.6082,54.9454,43.4923,21.0658,12.501,1362,1370
KRT72,other,0.154281,0.712698,15.7275,100.756,103.138,83.7417,74.5174,320,253
KRT73,other,0.0566773,0.369967,4.83608,124.718,58.3769,112.034,44.905,296,358
KRT8,other,0.163997,1.02991,7.13388,48.4287,39.0729,43.215,29.8702,650,569
KRTAP16-1,other,0.166802,0.668231,9.42115,70.7926,45.0625,54.6589,32.7423,572,561
KRTCAP2,other,0.310288,0.643687,12.2793,49.5454,31.6093,30.2229,12.7755,1334,1226
KRTCAP3,other,0.396792,0.605909,29.6329,108.906,51.2118,29.7839,20.982,809,789
KSR1,other,0.372878,0.806599,20.9952,70.6441,44.8778,41.1351,21.9178,600,724
KTI12,other,0.485294,0.636665,89.606,212.622,160.346,54.8734,34.7751,588,594
KTN1,other,0.160407,0.414342,15.151,106.072,84.1073,73.9809,42.4417,439,427
KXD1,other,0.199704,0.827229,17.2284,113.339,65.6649,89.5144,47.4591,456,372
KYAT1,other,0.204218,0.884707,30.6316,208.045,108.141,177.601,68.7646,160,207
KYAT3,other,0.355436,0.682134,16.5934,58.1691,37.4676,29.3458,16.9377,999,919
L2HGDH,other,0.431786,0.70474,28.348,73.4159,58.7109,29.9099,21.5199,1130,952
L3HYPDH,other,0.187892,0.657061,13.3266,92.5708,54.3438,67.185,38.1392,410,431
L3MBTL1,other,0.173747,0.421774,7.35839,55.1057,32.5488,34.2205,17.9753,1015,874
L3MBTL2,other,0.6392,0.762074,57.2511,98.6412,81.3273,17.7678,11.5414,1501,1440
L3MBTL3,other,0.381123,0.746731,24.0764,81.0654,49.2286,44.7588,20.5955,668,784
L3MBTL4,other,0.266118,0.628077,17.1387,79.1577,52.3978,48.0716,28.4447,717,680
LACC1,other,0.486237,0.727571,43.7259,103.163,78.3892,38.9754,22.1197,860,971
LACTB,other,0.347561,0.762967,23.3777,72.2344,62.6324,46.4921,26.1616,699,769
LACTB2,other,0.177081,0.686759,9.74192,63.0817,47.9779,49.6731,32.9709,638,553
LAG3,other,0.297017,0.58613,19.1827,78.7741,52.9508,43.5237,22.5652,698,781
LAGE3,other,0.178631,1.0274,33.6376,211.821,167.403,183.711,129.27,155,170
LAIR1,other,0.642346,0.706514,101.776,210.032,119.528,22.8753,8.64971,2669,2973
LAIR2,other,-0.00425101,-0.032982,-0.459587,90.7595,128.783,84.3376,98.5473,363,200
LAMA1,other,0.144151,0.490644,10.5058,86.5682,61.357,67.1454,37.7514,458,408
LAMA2,other,0.188306,0.663424,9.57827,57.5013,44.9952,44.4878,28.9777,696,646
LAMA3,other,0.224649,0.531646,15.7853,83.7372,58.9623,52.8839,30.3892,549,595
LAMA5,other,0.560448,0.692336,88.9741,167.314,150.635,38.3282,22.5928,1197,1066
LAMB1,other,0.143749,0.887128,8.21552,64.6687,50.5087,56.3975,40.1399,554,461
LAMB3,other,0.211678,0.603843,9.67387,51.7692,40.3438,35.8826,24.1882,792,758
LAMP1,other,0.359912,0.511482,30.8844,127.639,57.6902,34.3709,18.5983,777,910
LAMP2,other,0.168968,0.518118,6.94882,50.0091,33.8193,36.7131,20.2911,784,794
LAMP3,other,0.308531,0.650757,14.8433,59.1618,39.122,33.1708,19.105,882,1022
LAMTOR1,other,0.267118,0.83214,73.4076,422.619,178.701,271.173,127.316,95,140
LAMTOR2,other,0.386581,0.618341,117.45,228.043,404.772,106.872,107.021,239,204
LAMTOR3,other,0.388182,0.634694,71.7237,232.023,147.138,91.7126,56.1243,308,358
LAMTOR4,other,0.234984,0.60722,22.2138,99.2387,90.0507,74.6581,35.6055,432,542
LAMTOR5,other,0.184125,0.50445,44.3334,321.977,180.057,232.259,93.9687,122,177
LANCL1,other,0.0678655,,6.9458,137.109,76.3977,151.45,63.2615,184,238
LANCL2,other,0.310336,0.671739,19.6423,88.6813,45.174,54.9883,19.7968,554,862
LAP3,other,0.160218,0.539398,9.71686,54.8361,67.0755,44.8477,34.5865,704,596
LAPTM4A,other,0.153015,0.522247,9.60842,79.6181,49.5249,56.3671,34.9665,502,489
LAPTM4B,other,0.167666,0.51777,6.89773,46.2017,36.6325,35.328,20.3109,909,868
LAPTM5,other,0.273178,0.493931,20.7161,108.023,53.2364,43.768,25.8599,904,706
LARGE2,other,0.289279,0.60863,19.3785,73.8366,60.7761,42.6282,28.2928,678,621
LARP1,other,0.216251,0.872278,17.4023,99.4695,65.1042,59.4421,55.1605,422,332
LARP1B,other,0.140985,0.779049,6.98015,62.5984,39.1582,54.6908,29.0061,597,604
LARP4,other,0.248459,0.709494,15.6989,69.3577,57.5619,50.1668,32.0498,666,595
LARP4B,other,0.175211,0.387023,10.6041,78.3766,46.7343,42.2975,25.927,676,647
LARP7,other,0.203023,0.626883,13.1979,73.0866,57.8209,55.9211,31.9993,617,482
LARS1,other,0.156883,,55.6935,475.945,264.789,477.48,156.608,58,106
LARS2,other,0.249537,0.583697,32.9534,123.388,141.337,76.4978,73.3638,352,232
LASP1,other,0.185254,0.463001,7.16904,42.9121,34.8983,30.4856,15.6049,998,1042
LAT,other,0.238382,0.42596,64.0819,121.424,595.14,73.5617,122.276,471,295
LAT2,other,0.545903,0.565459,229.881,424.799,417.438,19.6317,9.52312,2900,3101
LATS1,other,0.318558,0.520864,23.9619,81.5102,69.4146,34.397,24.4936,897,756
LATS2,other,0.146808,0.475424,10.9852,91.0399,61.5015,61.4204,43.4765,431,377
LAX1,other,0.250322,0.620195,14.5066,77.4228,43.3775,49.5101,23.7768,749,730
LAYN,other,0.291481,0.701664,12.1223,48.8915,35.3769,29.3984,20.0649,861,805
LBH,other,0.217181,0.602797,51.1177,391.349,141.558,272.667,80.9656,63,185
LBHD1,other,0.281212,0.709743,14.082,66.7855,37.5473,47.6012,17.0272,768,1013
LBR,other,0.109008,0.352829,7.06679,80.3661,52.2944,59.4095,33.1521,544,548
LBX1,other,0.15388,0.750335,11.4622,88.2025,62.9061,73.9663,46.5139,370,361
LBX2,other,0.305378,0.663934,20.6309,77.3827,58.9817,46.758,27.4524,587,681
LCAT,other,0.166297,0.957591,11.4541,75.4876,62.8457,67.5696,44.7762,405,375
LCK,other,0.213969,0.568232,80.3365,387.938,363.379,259.055,208.29,102,100
LCLAT1,other,0.172767,0.689796,9.32068,61.963,46.972,52.5536,27.568,635,637
LCMT1,other,0.154748,0.767134,17.054,133.812,90.762,106.546,72.6365,244,238
LCMT2,other,0.580348,0.763674,50.6352,101.556,74.9585,29.7699,13.7167,1381,1523
LCN1,other,0.124196,0.476092,6.64363,68.8234,41.5776,50.0194,31.222,483,499
LCN2,other,0.237937,0.561577,16.7477,76.5775,64.6974,47.75,33.8453,518,554
LCOR,other,0.213293,0.776202,23.8474,126.926,98.4871,97.0466,66.8968,264,247
LCORL,other,0.439551,0.687538,31.1962,84.8881,59.3384,32.1924,20.2693,1136,1020
LCP1,other,0.298239,0.516916,22.5619,74.579,76.7371,37.1214,25.878,863,729
LCP2,other,0.211345,0.63408,170.089,231.119,2802.41,187.905,1137.33,144,44
LDAF1,other,0.251548,0.626078,29.1207,121.272,110.51,83.5674,53.1315,415,364
LDAH,other,0.230718,0.769662,11.0385,57.692,39.6771,45.0131,23.4539,727,744
LDB1,other,0.310815,0.846527,21.1572,77.1437,60.0639,55.8548,30.7224,570,580
LDHA,other,0.10699,0.406099,8.68463,103.451,63.692,71.0307,49.5854,337,313
LDHB,other,0.277649,0.675321,21.4143,96.731,61.4965,57.7786,35.6826,502,470
LDLRAD4,other,0.13742,0.698549,21.0425,207.975,112.741,172.211,87.3688,186,210
LDLRAP1,other,0.245702,0.615284,20.205,102.999,65.6552,71.8925,30.9882,453,594
LDOC1,other,0.31251,0.759217,20.1754,75.7741,55.0044,48.42,29.1882,692,632
LEAP2,other,0.119538,0.468101,7.10064,64.5556,54.6577,50.8352,37.887,491,438
LEF1,other,0.301657,0.566355,9.74871,39.6883,26.3151,18.8687,12.0838,1419,1432
LEMD2,other,0.10918,1.06267,11.3587,127.256,85.0533,121.6,64.855,241,312
LEMD3,other,0.284011,0.542737,24.994,113.416,68.2855,61.6488,27.3178,629,707
LENG8,other,0.037559,0.202743,4.76122,226.875,70.8308,182.708,58.344,92,294
LENG9,other,0.240989,0.886112,14.6167,75.1462,48.9551,61.7572,28.6328,405,580
LEO1,other,0.460016,0.684628,161.238,370.697,331.414,104.083,123.375,347,169
LEPR,other,0.309855,0.546551,21.659,100.803,48.4714,37.0583,23.8353,849,690
LEPROTL1,other,0.244563,0.653223,16.9758,75.4476,63.8606,54.5989,31.467,487,488
LETM1,other,0.19738,1.15556,105.29,461.57,616.494,359.07,535.498,56,33
LETM2,other,0.415046,0.791258,54.677,148.342,116.991,82.7813,44.1574,421,491
LETMD1,other,0.331053,0.465633,21.3786,75.4212,55.2929,25.6351,12.9517,1286,1387
LEUTX,other,0.134697,0.741382,8.64926,78.9177,52.2478,68.9717,38.5634,456,434
LFNG,other,0.327427,0.571561,31.6716,134.878,69.3694,46.5062,34.6238,548,510
LGALS1,other,0.473465,0.760362,57.5606,112.714,131.128,59.3732,23.6921,460,793
LGALS12,other,0.209998,1.02909,13.1678,75.9424,51.7742,65.6308,35.8961,446,475
LGALS2,other,0.239024,0.779362,12.216,60.3468,43.2835,45.2678,26.9903,677,606
LGALS3,other,0.363124,0.660957,14.2342,47.3037,32.4835,23.649,12.8769,1454,1443
LGALS3BP,other,0.141324,0.356655,7.50103,75.1534,37.485,46.4749,22.0613,762,705
LGALS4,other,0.264272,0.690123,17.0378,71.0011,58.5412,54.9476,20.5744,558,986
LGALS8,other,0.359458,0.640789,16.4097,51.9163,40.1421,25.0848,15.7007,980,965
LGALS9,other,0.371928,0.734969,19.0944,61.5236,42.8404,33.0695,19.1196,1008,956
LGALSL,other,0.171228,0.455277,7.23144,57.2889,31.1335,37.6301,18.3001,786,918
LGMN,other,0.159349,0.434431,9.03989,75.136,42.8333,48.1424,26.7926,637,603
LGR6,other,0.497993,0.655241,43.786,102.862,75.1568,29.5985,14.206,1409,1453
LHFPL5,other,0.328758,0.636402,15.3557,62.2444,35.0497,28.7798,17.6522,851,973
LHPP,other,0.253626,0.568097,16.7021,68.4309,63.3727,43.9034,28.1321,820,668
LHX1,other,0.155248,0.52723,9.23948,70.3918,50.3178,55.2902,29.9815,627,595
LHX2,other,0.128993,0.700753,7.86558,86.5525,42.9586,75.8242,31.215,389,548
LHX3,other,0.115334,0.746677,7.2579,76.5269,51.7477,68.4418,40.0616,419,400
LHX4,other,0.0439099,0.252556,3.27341,101.541,54.7314,88.5021,41.8472,380,359
LHX5,other,0.171126,0.648988,15.8795,93.4316,92.1609,72.0915,64.1062,419,309
LHX6,other,0.206697,0.605908,16.9481,101.95,65.9457,70.2611,41.2555,332,407
LHX8,other,0.404447,0.629482,19.3451,68.1571,33.5665,20.3403,13.8153,1200,1207
LHX9,other,0.0917881,0.773885,10.167,159.307,77.0157,140.754,67.7128,205,218
LIF,other,0.374996,0.715541,20.2268,64.2906,45.2537,32.9413,19.7644,979,947
LIFR,other,0.253983,0.571412,8.24759,44.2821,23.8132,23.4365,13.8192,1233,1192
LIG1,other,0.229434,0.735896,108.534,651.593,343.433,333.926,274.958,74,61
LIG3,other,0.239885,0.465038,31.891,113.334,155.944,63.6616,61.2677,469,300
LIG4,other,0.120942,1.88478,11.5806,107.251,85.4883,105.138,67.6175,300,244
LILRA1,other,0.271791,0.595924,17.3449,78.3151,52.0027,39.085,30.4083,589,569
LILRA2,other,0.575143,0.757185,52.8117,134.237,62.8112,30.4585,15.9352,806,985
LILRA5,other,0.31242,0.550308,23.827,80.3981,72.3463,42.0421,23.4705,826,808
LILRB1,other,0.145226,0.586372,14.0339,112.781,82.8001,88.4312,59.2761,347,277
LILRB2,other,0.609916,0.739212,85.2373,155.512,125.59,34.4773,15.7371,1325,1391
LILRB3,other,0.106319,2.51728,9.16618,90.9763,81.7007,89.6179,71.9403,262,233
LIMA1,other,0.156367,0.533439,9.80105,80.8443,48.5964,64.8792,27.4516,461,619
LIMD1,other,0.140112,0.932295,7.01063,58.8213,42.5627,53.9834,30.8746,585,517
LIMD2,other,0.0489347,0.385353,4.6556,96.95,93.362,92.0824,63.376,297,297
LIME1,other,0.194876,0.893626,14.6437,88.533,63.7794,73.782,45.5754,417,407
LIMK1,other,0.122474,0.394716,4.65981,44.9095,32.2337,32.826,20.6998,939,798
LIMK2,other,0.390473,0.789009,32.769,84.3106,83.5336,50.9065,31.8965,699,664
LIMS1,other,0.335655,0.552314,16.5906,59.4934,41.0646,25.1352,14.803,1017,1155
LIMS2,other,0.200165,1.08199,11.3006,65.4916,48.6679,57.7816,34.5195,519,527
LIN28A,other,0.108121,0.391034,5.16021,66.7762,34.1107,54.48,19.9483,638,798
LIN28B,other,0.341441,0.674985,17.6965,63.6214,42.2219,32.7574,19.9514,1055,986
LIN37,other,0.287228,0.666029,31.4749,134.823,89.0657,72.1974,53.4051,455,298
LIN54,other,0.326238,0.84358,69.0184,254.912,175.579,154.42,108.968,232,206
LIN7B,other,0.254297,0.67719,21.9643,111.698,66.7889,73.5684,39.199,376,385
LIN7C,other,0.275096,0.777706,14.1653,59.5166,44.5493,43.4914,23.8472,826,813
LINC02693,other,0.113429,1.04903,10.7382,146.815,61.0435,113.957,57.8546,239,284
LINC02694,other,0.126823,0.57303,7.36404,73.8768,45.6382,60.1741,33.5858,542,514
LINS1,other,0.167203,0.546589,11.1467,90.3085,49.2121,64.1402,33.3196,476,487
LIPA,other,0.264316,0.52682,20.6226,85.2695,71.3916,43.6111,34.6075,591,463
LIPE,other,0.303203,0.533823,17.1544,57.6463,55.5279,27.0974,21.7245,1042,887
LIPT2,other,0.218122,0.783186,16.5569,86.6785,66.4734,72.347,35.2892,391,458
LITAF,other,0.364296,0.637784,25.8167,83.1214,60.42,39.3717,22.9675,941,913
LIX1L,other,0.22566,0.424853,9.6964,48.8881,37.7667,24.4302,16.4693,1148,1006
LLGL1,other,0.150308,0.725422,9.37931,81.8534,47.5712,71.084,32.0484,415,552
LLGL2,other,0.0981627,0.888478,14.5337,196.706,111.441,183.282,91.5077,123,164
LLPH,other,0.219014,0.683189,9.30008,50.8481,35.4615,36.2882,22.7342,848,783
LMAN2,other,0.199111,0.539946,14.0065,106.955,46.2659,73.0182,26.4379,318,581
LMAN2L,other,0.144144,0.958696,8.70761,71.5618,50.9942,61.7237,42.6088,462,397
LMBR1,other,0.298481,0.570044,15.0499,52.1898,48.713,28.8656,18.8289,1056,929
LMBR1L,other,0.242221,0.843514,21.7389,113.505,70.964,87.1532,45.7593,274,382
LMBRD1,other,0.505078,0.791148,31.3764,70.5402,54.7084,26.1406,19.2831,1141,1063
LMF1,other,0.424828,0.84075,34.2715,103.12,63.11,58.657,25.7392,672,675
LMF2,other,0.105648,0.473193,6.79087,86.8475,47.5741,72.304,33.4127,481,471
LMLN,other,0.122842,3.27599,10.4246,90.1595,79.8747,89.4723,65.1401,371,269
LMNA,other,0.302171,0.55077,33.8524,167.368,74.9894,77.4343,32.9831,560,521
LMNB1,other,0.214113,0.766936,11.5744,63.6492,45.9109,49.5422,29.7658,656,570
LMNB2,other,0.212552,0.462942,8.76206,44.6866,38.0281,27.0579,17.7074,1230,1085
LMNTD2,other,0.363049,0.717677,19.6655,69.3091,42.3339,31.6297,22.4066,1063,847
LMO2,other,0.220109,0.480581,11.0288,60.2232,41.6888,32.2568,22.8572,898,750
LMO7,other,0.271566,0.516503,12.4177,60.9821,34.2871,26.6037,17.4737,1010,975
LMOD3,other,0.192399,0.755774,12.1988,86.4905,46.4796,69.9848,30.6954,458,515
LMTK2,other,0.293747,0.617686,29.8326,126.319,81.6522,68.1082,41.5802,520,482
LMTK3,other,0.120592,0.496887,7.7062,94.7775,43.0865,73.6173,31.7195,369,545
LMX1A,other,-0.0263931,-0.154776,-2.37093,114.634,70.3948,102.436,51.1575,303,297
LMX1B,other,0.227629,1.00778,21.8718,112.879,81.7897,90.6139,60.635,283,294
LNP1,other,0.163052,0.511834,8.29908,53.58,48.3507,40.2048,28.6943,849,608
LNPEP,other,0.0939582,0.515414,7.42486,113.297,55.1175,100.015,39.4927,280,372
LNPK,other,0.150383,0.299621,6.51125,60.403,31.0365,27.4972,16.6845,997,972
LNX1,other,0.213571,0.816418,12.2222,73.5079,44.5535,60.9227,26.7455,593,628
LNX2,other,0.209554,0.9884,17.9896,115.141,64.0063,100.85,40.8256,381,409
LONP2,other,0.486957,0.688063,38.3752,84.4238,73.5623,30.0541,16.3503,1264,1262
LONRF1,other,0.197906,0.695572,17.6167,93.3115,84.9175,78.01,42.9966,301,422
LONRF2,other,0.157898,0.458101,8.8161,75.1366,41.4902,47.9455,27.8694,584,603
LONRF3,other,0.338781,0.92332,19.048,67.2624,46.9989,46.4306,26.5689,560,603
LOXL1,other,0.205606,0.581498,20.4474,91.014,108.666,68.5761,53.5603,435,439
LOXL2,other,0.248119,1.15792,25.9632,131.815,83.0679,108.22,61.7596,280,291
LOXL4,other,0.494418,0.656352,52.4793,144.225,78.1174,34.9495,19.614,669,955
LPAR2,other,0.161392,0.575905,11.9031,96.2854,56.4931,71.6056,39.1839,427,441
LPAR3,other,0.257402,0.683956,12.1961,55.5215,40.4351,35.571,24.4971,737,687
LPAR5,other,0.432919,0.674979,21.022,56.1813,41.9705,23.4243,12.3587,1729,1653
LPAR6,other,0.539545,0.700731,23.4328,53.9077,34.99,12.0558,8.27025,2303,2230
LPCAT1,other,0.0990138,0.3211,4.49015,50.8326,40.4565,39.6584,22.957,773,727
LPCAT2,other,0.094945,1.73285,14.7533,298.483,80.8935,294.633,62.0667,73,228
LPCAT4,other,0.336526,0.621708,17.274,53.0841,49.6349,28.8539,17.774,1109,968
LPGAT1,other,0.0672431,,7.02188,121.379,89.8394,123.377,60.1054,260,249
LPIN1,other,0.113038,0.385344,13.839,157.961,94.8881,123.41,57.5585,241,347
LPIN2,other,0.145918,0.268863,5.15886,42.1837,29.6309,22.2519,11.1596,1512,1475
LPL,other,0.0474035,0.269616,5.64032,173.128,81.775,151.674,61.3757,156,262
LPO,other,0.162509,0.38135,10.3646,88.3451,46.0437,48.6723,27.4242,585,630
LPP,other,0.186424,0.553315,9.11808,58.5657,40.847,37.0757,28.2105,653,574
LPXN,other,0.334345,0.72719,11.5501,41.3462,28.8633,23.5487,14.6886,1134,1173
LRATD2,other,0.139526,1.03198,14.121,113.419,90.3096,108.403,52.985,248,322
LRBA,other,0.213646,0.936082,17.8717,99.4907,70.3325,82.2156,49.2325,329,351
LRCH1,other,0.469655,0.645028,36.1132,90.9571,65.0037,29.2777,14.1837,1148,1233
LRCH3,other,0.308783,0.619595,11.9767,46.8547,32.1082,23.8748,15.8485,1073,1076
LRCH4,other,0.102183,,14.8353,167.022,126.202,177.542,110.345,129,146
LRFN3,other,0.378369,0.688496,20.8712,61.6743,49.3354,32.5776,17.7528,899,1018
LRFN4,other,0.142147,0.6547,12.0491,96.4728,74.479,78.2066,55.9361,349,285
LRG1,other,0.362768,0.587249,27.2931,92.5669,61.1496,40.0792,19.9963,885,1044
LRIF1,other,0.261501,0.704314,12.9669,61.0341,40.2858,42.3072,22.186,748,837
LRIG1,other,0.101362,0.514721,7.2627,81.0335,63.3545,69.019,46.7837,450,397
LRIG2,other,0.161998,0.792114,10.6065,77.8457,55.0669,64.229,41.8996,476,436
LRP1,other,0.182676,0.589546,8.08699,54.8793,35.7112,41.9555,21.1516,821,752
LRP10,other,0.111791,0.40089,11.3416,118.738,86.6865,82.6473,64.5091,383,252
LRP11,other,0.288205,0.350674,32.0712,109.703,112.878,27.398,11.254,1341,1575
LRP12,other,0.331648,0.648238,21.4719,102.738,40.7995,52.7986,18.8297,606,988
LRP2,other,0.350701,0.6621,18.4836,51.8488,53.5746,29.9322,18.0153,1014,1015
LRP2BP,other,0.452297,0.464289,135.699,538.727,167.085,10.4177,5.39332,2389,3209
LRP5,other,0.286107,0.451042,21.2342,77.8403,70.7633,31.1974,23.2459,1208,941
LRP5L,other,0.346522,0.899375,24.0373,77.1414,62.3765,51.9174,34.0577,669,588
LRP6,other,0.446389,0.501661,75.495,280.816,101.856,23.601,13.8082,1298,1199
LRP8,other,0.400766,0.765905,24.378,67.3087,54.9722,36.7599,21.8092,697,791
LRPAP1,other,0.326745,0.931799,24.4534,82.8464,67.6059,61.3114,35.6251,582,524
LRPPRC,other,0.332396,0.588551,67.829,137.483,302.879,67.4458,113.238,485,197
LRR1,other,0.148897,3.99886,68.9903,514.376,417.374,503.607,389.733,42,36
LRRC1,other,0.348326,0.842589,33.3902,117.04,78.5114,76.8538,39.4338,419,448
LRRC14,other,0.0144147,,4.74653,637.613,170.052,695.112,111.535,32,123
LRRC2,other,0.176335,0.498937,12.3024,103.395,47.0762,68.5603,29.6232,357,556
LRRC20,other,0.427852,0.627303,30.6022,84.2633,60.7129,31.1603,15.897,1449,1331
LRRC23,other,0.397618,0.768889,22.2402,81.8151,38.2395,36.1407,19.9215,658,840
LRRC25,other,0.498424,0.717349,35.7718,81.6642,63.0742,29.375,15.5177,1034,1039
LRRC27,other,0.145006,0.683842,9.98392,81.0155,58.5139,66.9417,43.3687,430,358
LRRC28,other,0.181965,0.832283,9.5729,61.6968,44.8588,53.0505,29.558,526,588
LRRC32,other,0.459,0.600886,31.7736,76.2441,62.8493,20.017,13.121,1813,1792
LRRC37A,other,0.185603,0.791515,11.9597,84.9129,48.8985,67.7954,35.5609,412,416
LRRC37A2,other,0.178024,0.705315,8.51205,56.6603,40.3491,45.4524,27.354,693,610
LRRC37A3,other,0.469209,0.668537,10.5726,28.9015,17.5674,8.59566,5.2509,3319,3329
LRRC37B,other,0.196641,0.63388,12.4635,71.8725,55.894,56.8338,30.1871,478,523
LRRC39,other,0.153126,0.508239,8.46113,73.0816,41.7784,53.6145,27.5414,575,616
LRRC4,other,0.174976,0.733314,8.18524,56.8041,38.5237,48.0553,24.2829,658,669
LRRC40,other,0.135333,1.43456,9.22695,82.1704,56.5708,79.4351,41.4467,336,407
LRRC41,other,0.396536,0.735923,23.8836,71.2145,50.9408,33.8397,22.7598,691,718
LRRC42,other,0.226193,2.67612,15.6386,84.4201,56.6227,81.8573,43.2978,390,420
LRRC45,other,0.202428,0.685295,15.019,84.8694,64.8616,68.9302,34.7274,480,483
LRRC46,other,0.261845,0.624278,26.4631,117.801,86.7047,66.1061,51.9449,431,325
LRRC47,other,0.107101,,8.513,98.574,64.0936,104.573,49.6255,276,305
LRRC56,other,0.124571,0.671372,29.1045,213.865,255.237,185.543,188.884,162,114
LRRC57,other,0.192564,0.498248,10.9384,72.4868,44.514,45.9111,26.3784,735,671
LRRC58,other,0.145441,0.813958,18.8141,126.093,132.71,99.252,112.804,336,163
LRRC59,other,0.237157,0.352793,16.5942,95.0755,51.4958,28.4576,18.2848,1216,994
LRRC61,other,0.137816,1.24656,26.2297,234.161,154.693,214.943,131.654,117,109
LRRC69,other,0.184153,1.26077,11.1811,71.8341,51.3192,66.4421,36.733,485,482
LRRC7,other,0.257043,0.689431,13.3195,57.0142,47.0958,38.5908,26.8363,777,687
LRRC70,other,0.162591,0.782218,9.22308,69.0743,46.5848,58.9015,32.9184,511,523
LRRC75A,other,0.220468,0.747044,13.693,68.8252,56.0483,54.9769,31.7871,603,582
LRRC8A,other,0.52953,0.58109,118.634,190.954,262.852,24.5378,12.3911,1611,1553
LRRC8B,other,0.0751354,0.252149,6.10013,77.7085,84.8243,53.3605,60.7862,504,318
LRRC8C,other,0.0421872,0.200849,2.283,68.4537,42.7811,53.5887,34.0894,529,496
LRRC8D,other,0.306101,0.578563,29.4706,100.476,92.2547,50.9796,39.8334,587,541
LRRCC1,other,0.133459,1.51499,11.9056,97.7193,81.4372,94.1796,63.9904,320,290
LRRFIP1,other,0.328993,0.792831,63.0049,145.821,251.508,91.5911,135.057,352,180
LRRFIP2,other,0.31507,0.594375,19.8783,71.9595,55.3163,40.5216,19.7383,761,1016
LRRK2,other,0.263485,0.914143,18.3234,88.2591,54.7951,55.195,42.6437,476,415
LRRN2,other,0.274868,0.529738,11.8855,53.2727,35.0981,26.0085,16.6343,944,1030
LRRN3,other,0.300426,0.728011,14.4561,55.8981,41.4221,36.4594,21.1377,670,823
LRSAM1,other,0.0319891,,7.95232,461.474,133.917,464.382,113.778,39,132
LRTOMT,other,0.204984,0.674686,6.99257,41.3088,28.1703,31.0544,17.6952,1279,1002
LRWD1,other,0.246437,0.599843,16.6117,94.3446,48.1613,58.4323,26.8059,539,699
LSG1,other,0.115818,0.772714,10.7416,111.435,77.1893,91.1062,67.6836,237,226
LSM1,spliceosome (SF3/SNRP/PRPF),0.070419,,5.94514,118.631,60.0823,120.456,50.0975,210,299
LSM10,spliceosome (SF3/SNRP/PRPF),0.154248,0.567494,54.8431,412.834,306.217,268.127,241.677,70,52
LSM11,spliceosome (SF3/SNRP/PRPF),0.133231,0.457653,32.133,466.994,124.562,327.221,89.2916,66,151
LSM12,spliceosome (SF3/SNRP/PRPF),0.334231,0.581877,36.9391,122.717,99.5351,59.3904,35.8957,538,480
LSM14A,spliceosome (SF3/SNRP/PRPF),0.315456,0.797302,32.3034,106.289,98.6572,68.7681,54.9075,402,334
LSM14B,spliceosome (SF3/SNRP/PRPF),0.220532,0.767075,21.4214,114.709,82.2539,84.7184,56.2499,349,315
LSM5,spliceosome (SF3/SNRP/PRPF),0.0744673,0.571378,9.39368,154.042,103.3,132.42,90.8,242,172
LSM7,spliceosome (SF3/SNRP/PRPF),0.242138,1.97283,232.201,750.74,1224.93,648.37,1089.61,33,12
LSM8,spliceosome (SF3/SNRP/PRPF),0.0560526,0.475391,37.2196,710.04,620.969,622.452,550.985,32,38
LSMEM1,spliceosome (SF3/SNRP/PRPF),0.143838,1.24428,11.9112,85.2265,80.4625,80.4388,61.3221,365,295
LSP1,other,0.379391,0.765521,21.3727,61.2718,51.7947,33.85,23.369,951,857
LSR,other,0.111075,3.91191,36.9016,419.265,263.253,393.388,259.814,47,57
LSS,other,0.222284,0.885839,40.6522,237.665,140.73,188.488,97.9052,105,165
LST1,other,0.255654,0.65316,21.2789,102.394,67.6578,64.1066,39.9373,561,505
LTA,other,0.140488,1.78425,18.799,149.01,120.165,133.147,113.167,190,142
LTA4H,other,0.203119,0.527148,10.3319,55.2732,46.8109,39.6614,22.2047,1019,842
LTB,other,0.0994217,0.844766,9.66284,133.827,70.5833,126.004,53.8583,204,289
LTB4R,other,0.596824,0.650768,171.587,262.391,315.013,29.8239,16.0833,1463,1418
LTB4R2,other,0.186757,0.3871,12.571,92.2699,49.1049,43.05,27.6785,641,632
LTBP1,other,0.218582,0.559428,8.61634,49.4932,31.3958,30.5686,18.8606,999,887
LTBP3,other,0.3134,0.774202,20.0276,72.242,56.529,45.8485,31.1746,529,521
LTBP4,other,0.280645,0.79424,19.4601,96.0127,50.0779,58.5221,34.0653,447,521
LTF,other,0.571899,0.652993,53.8417,130.067,68.1449,17.5239,7.73556,2668,2883
LTK,other,0.44854,0.813376,31.6167,71.0468,69.9337,37.1632,25.3413,686,696
LTN1,other,0.33807,0.88837,28.4843,90.5133,78.4307,56.7772,47.9567,497,412
LUC7L,other,0.464417,0.695511,38.7324,98.677,70.4885,38.4451,18.9995,1098,1023
LUC7L3,other,0.199135,1.91066,83.4823,508.545,345.593,449.427,313.3,42,42
LUZP1,other,0.327917,0.747929,31.7931,118.85,79.0931,69.4603,42.5077,311,378
LXN,other,0.374765,0.673792,19.2207,63.6338,41.3363,30.9639,16.4284,1016,1022
LY6E,other,0.101448,0.550101,6.83737,74.7834,60.7411,67.2825,40.1451,475,423
LY6G5B,other,0.446707,0.641044,39.7804,98.557,80.4649,34.5457,20.305,847,897
LY6G5C,other,0.123757,0.388802,8.73592,74.6374,66.7603,56.1043,39.5199,450,474
LY6G6F,other,0.569427,0.744716,40.6188,77.5003,65.6562,20.3742,13.5802,1319,1414
LY75,other,0.337248,0.7438,22.6193,87.6918,51.298,47.786,28.1235,482,629
LY86,other,0.342446,0.840628,15.6776,54.6389,38.3595,35.3981,20.2824,713,796
LY9,other,0.23314,0.493171,14.0852,72.0953,50.6272,44.1963,21.3898,875,730
LY96,other,0.425777,0.704516,25.2661,72.2349,48.7488,34.8161,14.3769,1099,1191
LYAR,other,0.129116,0.758103,15.6241,160.964,90.9705,145.545,63.4225,149,224
LYG1,other,0.216491,0.777701,10.9156,67.853,37.4665,53.1933,24.0283,564,654
LYL1,other,0.164002,0.447149,9.37097,79.7415,40.9435,45.1366,28.2516,777,600
LYN,other,0.0744845,0.42253,5.35441,82.373,62.7345,66.3536,52.7101,469,346
LYPD3,other,0.311208,0.564959,19.3457,81.9533,47.1524,33.8563,22.7733,711,767
LYPLA1,other,0.23467,0.535826,19.0511,88.803,74.216,56.0663,35.601,539,493
LYPLA2,other,0.183022,0.620839,13.1325,97.9178,52.5812,80.7948,26.45,305,624
LYPLAL1,other,0.0840593,,6.3146,89.6674,62.9341,93.4543,48.1058,298,329
LYRM1,other,0.120228,0.34605,9.36302,73.3511,82.6825,57.7482,35.7638,528,477
LYRM2,other,0.319875,0.453301,33.2844,139.149,77.8109,31.5871,27.6863,644,680
LYRM4,other,0.166954,1.14172,34.5417,201.288,212.654,160.508,190.209,172,84
LYRM7,other,0.254827,0.659374,13.9603,80.4808,37.2912,37.5735,26.8441,862,677
LYRM9,other,0.327751,0.570012,21.9231,81.0088,55.231,38.3619,20.5455,980,1052
LYSET,other,0.406554,0.618112,25.2053,78.8469,48.7485,25.311,17.6884,1002,1023
LYSMD1,other,0.27363,0.558897,17.6509,79.6684,52.2296,43.7428,24.4668,681,729
LYSMD2,other,0.378952,0.612777,16.2158,54.4639,33.62,19.5695,13.5515,1408,1351
LYSMD3,other,0.202549,0.522579,10.0337,61.9444,39.6151,34.2171,26.3193,769,631
LYSMD4,other,0.323249,0.621506,19.4572,89.6908,40.3962,44.2476,18.8285,690,860
LYST,other,0.233072,0.433043,5.58707,30.4388,18.8781,15.392,7.81546,2274,2251
LYZ,other,0.214625,0.555923,16.7185,103.948,58.3736,71.8583,30.1898,524,583
LZIC,other,0.127911,,123.453,946.521,984.145,813.41,1216.65,25,10
LZTFL1,other,0.336298,0.597293,17.0163,58.7915,43.5477,30.1357,15.2246,926,1068
LZTR1,other,0.0851088,,11.7351,160.822,118.216,161.937,96.6046,184,180
LZTS1,other,0.464743,0.621925,43.617,109.881,80.1611,31.437,17.46,1390,1138
LZTS2,other,0.212678,0.683372,13.6151,83.2104,49.2519,54.3893,35.4792,490,455
LZTS3,other,0.251106,0.640848,18.1072,91.1625,57.039,53.7012,35.7276,516,485
M6PR,other,0.39104,0.658209,25.4865,76.8412,55.282,36.2257,18.3672,845,1075
MACC1,other,0.240716,0.6164,12.2986,61.7553,42.2697,41.1264,22.9718,811,722
MACF1,other,0.201616,0.637543,13.1454,82.3484,51.6227,63.2309,29.3847,586,512
MACIR,other,0.24492,0.898175,16.6108,86.1183,53.4116,68.3435,34.1694,402,438
MACO1,other,0.0873362,0.380299,8.92191,117.049,89.1577,94.4395,64.8149,267,215
MACROD1,other,0.263593,0.66668,14.6023,64.0229,47.9337,42.463,25.6821,699,659
MACROH2A1,other,0.276217,0.579996,21.291,92.6982,64.0941,52.3409,30.7039,558,601
MACROH2A2,other,0.135796,0.461978,9.27498,82.6438,56.4469,59.2338,39.229,443,379
MAD1L1,other,0.126905,1.38777,83.7098,1169.58,372.017,741.194,363.523,27,42
MAD2L1BP,other,0.206089,1.55368,32.547,198.1,125.9,175.27,106.678,165,148
MADD,other,0.237684,0.954264,13.8327,66.969,50.5751,55.0835,32.8962,563,554
MAEA,other,0.132281,0.249947,21.067,256.931,98.7167,75.9955,59.4536,391,311
MAF,other,0.314352,0.535351,22.8416,75.2159,70.196,33.8507,26.1872,782,726
MAF1,other,0.519621,0.694785,42.7482,92.1826,73.4199,28.3032,14.1581,1564,1486
MAFA,other,0.372393,0.669726,17.1918,50.3243,42.3509,24.3585,16.9735,1364,1190
MAFB,other,0.306763,0.681627,10.8408,40.0978,31.1455,22.7165,16.5928,1071,978
MAFF,other,0.199808,0.811841,15.3317,84.8312,69.4066,75.6618,30.5111,336,558
MAFG,other,0.260084,0.58477,17.2534,71.293,61.7266,39.532,34.3183,711,585
MAFK,other,0.0882221,,8.97115,116.394,88.8404,122.718,77.034,216,201
MAGED1,other,0.267674,0.74615,13.8852,66.0758,40.7239,41.5619,26.5973,735,678
MAGED2,other,0.240444,0.777582,29.6312,147.317,103.09,118.354,52.9517,248,345
MAGED4,other,0.248422,0.624731,14.5808,76.5755,44.9875,52.4323,22.4253,585,741
MAGED4B,other,0.132402,2.93335,21.4046,196.807,132.797,192.816,119.453,122,137
MAGEE1,other,0.168809,0.684532,22.7737,151.466,120.161,126.108,76.513,291,233
MAGEF1,other,0.316163,0.616121,19.8162,81.1605,48.4032,39.7724,23.4093,770,732
MAGEH1,other,0.404616,0.619646,19.1057,68.3213,32.635,19.4872,13.1673,1167,1266
MAGI1,other,0.476832,0.802886,20.6168,49.04,38.1208,21.9956,13.7394,1332,1286
MAGI2,other,0.155913,0.942763,7.30225,52.4899,41.7899,47.5335,29.6854,578,594
MAGI3,other,0.246693,0.459453,17.1228,82.0669,58.704,42.5338,23.5718,864,656
MAGOHB,other,0.117728,0.999936,8.68122,82.8614,65.6222,77.1182,52.4982,361,326
MAGT1,other,0.11479,0.404563,7.67311,75.1433,59.4625,56.6721,39.9876,449,390
MAIP1,other,0.127711,2.86628,10.1075,95.7916,65.3884,94.1512,57.8076,288,275
MAK,other,0.107648,0.675855,7.93352,79.9929,67.8994,66.7341,57.5068,349,274
MAL,other,0.125856,0.454606,4.4695,52.1178,24.1984,38.5623,17.0676,975,960
MALSU1,other,0.157998,0.872816,20.066,157.45,102.441,136.224,77.5411,176,218
MALT1,other,0.102785,0.68331,14.9613,111.43,190.142,107.414,70.744,249,319
MAMDC4,other,0.242758,0.881173,13.1544,69.6468,42.1596,56.2003,25.5862,574,685
MAML1,other,0.560255,0.706244,32.8321,63.6929,53.9181,14.9549,9.57566,1814,1891
MAML2,other,0.233194,0.804399,16.0343,77.3563,61.1178,55.4513,42.9788,459,376
MAML3,other,0.195159,0.573879,8.77011,51.2785,39.3818,36.5572,23.5174,856,684
MAMLD1,other,0.306708,0.481173,17.2458,62.3465,50.7111,25.3124,16.0244,1224,1044
MAN1A1,other,0.191667,0.98266,18.7235,113.898,83.784,96.2921,63.1632,328,288
MAN1A2,other,0.206629,1.0402,16.5005,89.4672,71.2771,77.6383,50.0048,384,338
MAN1B1,other,0.193452,0.461156,11.7949,69.4814,53.5023,44.2244,27.6016,744,649
MAN1C1,other,0.39803,0.663259,22.6654,60.1024,53.9517,27.9084,17.6785,1282,1278
MAN2A2,other,0.254144,0.573616,26.4353,115.822,93.4156,69.5567,47.5092,401,365
MAN2B1,other,0.320606,0.690804,17.0118,68.9836,40.8142,37.8863,21.3127,690,764
MAN2B2,other,0.340331,0.735512,16.4861,65.068,36.0632,33.0815,20.3564,827,814
MAN2C1,other,0.467745,0.650349,36.4267,76.9128,78.8535,30.602,11.1108,945,1807
MANBA,other,0.478142,0.601644,42.5721,103.778,76.3895,20.1337,16.5295,1160,1022
MANBAL,other,0.408367,0.620286,50.824,194.674,79.5664,51.9288,32.5344,736,566
MANEA,other,0.149288,0.540764,15.1466,152.685,67.4193,116.297,45.8589,227,340
MANF,other,0.216655,0.794083,14.7144,83.4836,55.2519,68.6488,32.1061,462,499
MANSC1,other,0.23256,0.764942,18.4287,89.8525,69.8854,67.714,43.6685,491,417
MAOA,other,0.32186,0.631454,16.6039,57.1755,46.5453,32.3271,18.7202,1064,1071
MAOB,other,0.290483,0.858679,21.4637,92.315,59.1418,66.5412,34.8998,355,493
MAP1A,other,0.268727,0.668144,16.1151,72.3903,49.6776,44.5528,28.7801,579,584
MAP1LC3A,other,0.15474,0.318039,7.67349,55.3873,44.3987,33.1842,18.18,1084,941
MAP1LC3B,other,0.217483,0.462922,13.7569,96.1959,41.5944,45.8318,24.0595,601,738
MAP1LC3B2,other,0.283875,0.511856,20.2929,106.771,47.8607,38.0663,24.9833,729,708
MAP1S,other,0.214028,0.786568,15.0046,82.6775,59.4457,68.0915,34.4975,432,482
MAP2K1,other,0.124858,,10.4882,97.0845,72.6797,104.164,47.6353,285,349
MAP2K3,other,0.324077,0.637466,17.8627,55.0014,55.2362,32.1308,20.904,941,881
MAP2K4,other,0.19514,0.649529,12.7253,68.564,62.0218,53.7284,36.1497,515,507
MAP2K5,other,0.292713,0.423773,19.1267,85.1574,50.1389,26.67,15.309,1317,1194
MAP2K6,other,0.105812,0.773054,6.53615,74.2875,51.3644,68.7674,38.4141,458,474
MAP2K7,other,0.126437,,112.694,1292.44,614.673,1186.28,661.066,20,23
MAP3K1,other,0.358552,0.64556,29.988,108.872,64.25,44.7197,30.6137,702,592
MAP3K10,other,-0.0253106,-0.108464,-1.72729,92.0995,50.567,52.5684,44.1516,602,373
MAP3K11,other,0.139698,0.916734,7.42816,64.9559,43.5277,54.577,37.2018,545,458
MAP3K12,other,0.116609,,15.1628,141.432,119.55,141.61,109.058,194,148
MAP3K13,other,0.281875,0.666589,16.2233,63.7336,51.9752,44.2628,21.5539,777,763
MAP3K14,other,0.0570973,0.172461,4.50569,112.398,55.4032,80.7855,33.8113,390,459
MAP3K2,other,0.201078,0.778416,14.2838,92.5322,54.5333,76.7661,33.1764,500,487
MAP3K20,other,0.0681852,0.383211,5.84919,97.4352,75.5258,88.089,50.5984,303,320
MAP3K21,other,0.296547,0.549801,15.0249,59.4025,43.2145,27.7621,19.6115,886,889
MAP3K3,other,0.252932,0.622558,12.229,65.0983,35.9094,39.8736,20.6126,801,807
MAP3K4,other,0.383689,0.614541,43.4269,132.662,96.5637,54.3522,32.7958,547,496
MAP3K5,other,0.279601,0.764955,50.8641,190.975,173.288,122.863,108.375,207,179
MAP3K6,other,0.66751,0.792905,110.844,209.235,131.788,37.4944,17.9962,1387,1470
MAP3K7,other,0.146637,,118.412,739.116,882.253,800.504,964.476,30,14
MAP3K7CL,other,0.411143,0.511497,22.0801,69.2403,41.6539,15.2332,7.15044,1961,2403
MAP3K8,other,0.0953066,0.76612,9.06794,105.803,85.5601,100.96,56.6384,309,279
MAP3K9,other,0.281438,0.545016,8.29792,35.9381,24.1889,18.7636,10.6919,1722,1536
MAP4,other,0.110484,,22.2908,231.179,176.078,236.289,150.678,116,101
MAP4K1,other,0.283424,0.58342,15.7659,72.7407,42.5391,42.004,18.7806,682,870
MAP4K2,other,0.12034,1.57574,16.4827,109.727,170.971,98.8172,160.942,292,104
MAP4K3,other,0.497403,0.774474,27.9219,65.6062,48.0317,24.5863,16.3447,961,1085
MAP4K4,other,0.276643,0.489547,19.0543,80.2948,59.0824,39.5894,21.8652,811,755
MAP4K5,other,0.189933,0.656437,7.62057,44.9145,35.8415,35.3902,21.6916,967,805
MAP6D1,other,0.338334,0.664728,21.8842,71.4942,58.5194,36.0183,27.9673,802,675
MAP7D1,other,0.211443,0.478497,12.3954,80.9647,42.4464,46.2513,23.1147,895,727
MAP7D3,other,0.363175,0.560835,30.9744,104.125,69.8587,37.4002,24.1445,1012,735
MAP9,other,0.183252,0.468648,8.92021,63.4408,37.3494,35.5571,24.3565,709,651
MAPDA,other,0.119582,0.700457,10.7948,113.117,72.0384,95.9181,58.2294,244,277
MAPK1,other,0.401824,0.746267,40.9791,111.267,93.4729,66.0668,26.7622,506,615
MAPK10,other,0.0986104,0.875742,5.89801,80.8674,44.2376,76.1559,34.6105,407,483
MAPK11,other,0.162735,0.616614,27.4904,148.215,192.536,105.965,145.492,255,140
MAPK13,other,0.140099,0.593957,7.81072,69.8559,44.4945,55.9142,32.0906,516,506
MAPK14,other,0.50412,0.581456,93.9955,212.78,163.386,26.2187,23.3122,738,744
MAPK1IP1L,other,0.146154,0.824268,10.523,80.8579,64.1118,73.4375,42.1476,423,368
MAPK3,other,0.436347,0.681984,32.7945,89.7976,62.9033,37.0903,19.0316,980,1068
MAPK6,other,0.218396,0.511769,11.3414,67.9334,39.6974,42.0217,20.7439,722,860
MAPK8,other,0.201425,0.385417,4.21632,26.2745,16.6765,13.7538,7.1183,2505,2358
MAPK8IP3,other,0.352929,0.509031,19.6717,56.7206,54.7731,19.6538,14.4819,1317,1298
MAPK9,other,0.233643,0.727618,19.4733,88.7192,78.2986,58.0647,54.9329,515,376
MAPKAP1,other,0.304349,0.588843,39.5533,143.834,117.426,76.9309,49.9847,412,349
MAPKAPK2,other,0.181857,0.693742,11.4989,65.2684,61.2564,50.6124,42.5107,633,417
MAPKAPK3,other,0.156505,2.31459,22.2351,211.124,95.6061,206.069,77.3499,116,206
MAPKAPK5,other,0.195727,0.690682,12.0694,78.8842,48.2037,62.1543,29.9511,473,606
MAPKBP1,other,0.342065,0.662706,14.6008,52.0252,35.0202,27.6281,15.124,1045,1121
MAPRE1,other,0.233306,0.612211,12.7956,69.0516,43.5606,42.8626,26.8805,626,653
MAPRE2,other,0.303162,0.729145,13.7432,53.7631,38.2244,33.2488,20.9067,895,802
MAPRE3,other,0.179806,0.93638,41.3814,317.725,166.706,284.687,107.591,90,165
MARCHF1,other,0.190679,0.716742,9.17353,53.779,43.0384,43.4171,27.2292,644,638
MARCHF2,other,0.497629,0.653645,39.8419,114.604,55.9332,19.6624,16.8005,944,977
MARCHF3,other,0.166156,0.627124,17.0245,135.526,77.4622,108.052,50.6385,247,311
MARCHF6,other,0.121152,1.35477,14.4717,160.154,89.092,153.783,71.1813,188,207
MARCHF7,other,0.0986591,0.674693,6.90398,85.0494,57.5775,77.4168,43.8588,325,369
MARCHF8,other,0.197469,0.592059,12.428,79.7237,49.6839,60.2451,27.0628,400,603
MARCHF9,other,0.371168,0.648303,35.251,105.196,85.7438,49.4578,32.6999,672,540
MARCKS,other,0.156284,0.491869,9.42365,74.9978,48.48,56.7064,28.4125,640,606
MARF1,other,0.244478,0.550841,9.51609,46.8693,32.3259,28.3835,16.1813,1282,1186
MARK2,other,0.124817,0.436942,8.4931,91.4795,50.613,70.6597,32.4659,391,523
MARK3,other,0.261284,0.679697,16.4892,86.1616,46.2231,48.8176,30.4635,513,584
MARK4,other,0.375732,0.666312,39.3943,98.173,111.974,49.704,39.8555,656,528
MARS1,other,0.195924,0.832202,109.974,770.46,408.937,508.244,342.339,38,42
MARS2,other,0.137631,0.578155,11.27,84.4097,79.4376,67.1456,57.4277,400,311
MASP2,other,0.0966729,0.340468,4.17255,53.5149,34.8112,39.2497,24.2825,754,676
MAST2,other,0.227963,0.902665,22.782,113.335,88.1235,92.4566,57.6134,266,303
MAST3,other,0.16757,0.463485,8.28,59.7727,40.8473,40.9806,23.8644,856,736
MAST4,other,0.190648,0.583974,7.29938,51.8239,28.2863,36.0722,18.3675,969,906
MASTL,other,0.155763,3.02228,44.2832,377.791,213.942,367.344,193.393,67,88
MAT2B,other,0.358825,0.690253,64.5412,287.196,112.65,118.407,60.8519,220,295
MATCAP1,other,0.158395,0.820157,16.1367,114.702,90.4842,97.5083,67.9698,251,242
MATCAP2,other,0.242413,0.515275,13.259,77.3536,38.6749,33.1455,23.6973,1111,775
MATK,other,0.123322,0.560549,8.06829,78.8345,54.296,69.7373,31.5226,384,627
MATN2,other,0.37328,0.65944,22.7951,76.6405,48.6583,35.1453,19.862,960,957
MATR3,other,0.366118,0.748479,57.6581,188.773,131.383,107.98,57.933,328,379
MAU2,other,0.34402,0.476953,27.5459,95.1543,67.3778,26.924,18.4918,978,819
MAVS,other,0.217065,0.789462,12.7227,71.5479,48.0155,55.7976,31.526,584,609
MAX,other,0.497688,0.663355,45.9591,106.893,79.7773,29.0376,18.1231,1352,1208
MAZ,other,0.222159,0.767275,15.3271,81.4336,58.4506,65.3453,33.6474,468,533
MB21D2,other,0.239292,0.526847,16.5319,101.532,47.0095,43.0063,30.1856,528,563
MBD1,other,0.202713,0.549596,17.8958,90.2065,86.3979,67.3322,40.0461,463,439
MBD2,other,0.192452,0.630187,96.0382,619.332,402.085,386.014,302.545,67,45
MBD3,other,0.484298,0.67449,27.603,62.3222,52.1247,19.6803,12.8489,1522,1419
MBD5,other,0.249936,0.801303,33.3398,138.989,128.022,92.1063,91.0978,290,237
MBD6,other,0.24433,0.659372,12.4779,65.5933,39.7621,40.3796,25.5589,669,644
MBIP,other,0.189055,0.550571,26.4147,143.305,136.223,103.89,77.8256,323,239
MBLAC1,other,0.0550754,0.283022,3.72783,78.6788,58.229,68.3645,41.4088,400,385
MBLAC2,other,0.174116,0.661488,8.58146,58.993,41.1762,46.6498,27.5413,673,637
MBNL1,other,0.191198,0.547936,8.54514,58.6661,34.0473,36.632,23.0095,821,804
MBNL2,other,0.127951,1.63047,7.76258,71.1381,51.7394,69.1337,40.4314,405,440
MBNL3,other,0.195722,0.795913,10.6732,70.7916,42.0076,55.4672,30.2728,587,544
MBOAT1,other,0.210785,0.453202,11.2323,70.6504,40.192,38.281,21.2155,645,761
MBOAT2,other,0.331483,0.543217,29.3678,119.248,65.8218,47.7915,24.9188,962,667
MBOAT4,other,0.131046,0.65225,11.1172,111.725,64.4154,88.9578,51.6554,262,330
MBOAT7,other,0.109629,0.25827,10.1764,142.894,60.3002,72.6933,38.1847,321,442
MBP,other,0.30625,0.604096,13.0879,52.9618,34.4843,28.4677,15.3212,1133,1083
MBTD1,other,0.261356,0.547042,12.2437,51.8439,42.3316,29.8588,19.5461,913,834
MBTPS1,other,0.255151,0.619323,61.87,183.759,319.976,122.93,155.911,223,108
MC1R,other,0.236744,0.630715,13.1509,75.6617,40.7826,49.4112,24.2209,776,669
MCAM,other,0.336185,0.936729,25.5557,91.5443,63.1228,63.2492,36.8179,426,481
MCAT,other,0.151527,0.282189,13.0066,84.8761,86.8077,43.9561,34.8908,663,615
MCC,other,0.298456,0.852694,21.6648,86.4824,60.9285,58.6176,37.7617,574,556
MCCC1,other,0.463655,0.715891,43.5753,110.763,79.7434,43.5618,24.6109,812,841
MCCC2,other,0.148108,0.428791,8.21121,64.7734,47.453,47.8753,25.7517,631,677
MCEE,other,0.0964519,,36.2706,354.398,399.022,381.092,322.862,55,58
MCEMP1,other,0.148405,0.88233,8.28913,71.3095,43.7494,63.1521,32.93,502,479
MCF2L,other,0.219537,0.752657,12.3518,72.7048,43.5395,56.5795,26.8379,526,638
MCF2L2,other,0.0842937,1.16236,11.912,161.84,123.393,144.135,117.462,157,143
MCFD2,other,0.0990226,0.48892,16.8592,194.067,149.367,164.635,108.967,202,146
MCHR1,other,0.151715,0.535566,6.21454,51.9102,32.3229,42.1191,18.571,827,935
MCL1,other,0.236064,0.735387,56.2339,288.418,196.751,165.676,149.111,117,114
MCM3,other,0.153462,,198.483,1864.62,897.125,1733.19,941.394,15,19
MCM6,other,0.185425,1.57365,168.126,712.701,1153.52,644.754,985.534,29,18
MCM7,other,0.264314,0.712918,25.1291,117.79,76.7374,73.3995,48.7486,335,335
MCM8,other,0.315592,0.70763,39.401,141.325,110.292,78.2384,61.1487,318,273
MCM9,other,0.308651,0.869637,46.9898,189.948,122.022,133.053,70.7049,194,225
MCMBP,other,0.220242,0.875398,32.6944,154.539,142.596,128.754,88.5007,201,167
MCOLN1,other,0.298984,0.710089,20.7055,82.6246,58.0448,47.6649,33.7241,613,552
MCOLN2,other,0.170282,1.57868,21.6558,148.288,109.07,138.734,89.3743,220,218
MCOLN3,other,0.276467,0.679269,15.4119,74.3175,41.8154,48.345,21.9949,554,717
MCPH1,other,0.212443,0.984111,25.6962,154.116,94.9308,119.285,75.3569,235,225
MCRIP1,other,0.496388,0.685488,48.0834,101.517,92.429,33.3838,20.2133,612,798
MCRIP2,other,0.120552,1.68672,13.1054,169.21,69.8438,164.527,56.9536,135,281
MCRS1,other,0.163266,1.94802,16.4391,136.72,74.1535,118.327,70.2816,260,251
MCTP1,other,0.140701,0.598932,9.57435,84.0028,55.1225,67.4054,39.726,425,486
MCTP2,other,0.167649,0.811434,10.4981,83.2566,47.098,68.2833,35.9191,412,525
MCTS1,other,0.512698,0.720111,42.8504,93.2742,74.8903,30.8388,18.1775,1253,1038
MCU,other,0.0443515,0.663073,4.57577,121.664,87.4882,118.728,71.2698,219,238
MCUB,other,0.239627,0.488381,20.6065,106.402,69.5006,57.5485,33.059,563,484
MCUR1,other,0.162276,0.287628,10.5853,65.0823,65.3786,33.8493,22.0142,1028,898
MDC1,other,0.142984,0.987353,11.6663,106.521,62.4962,88.6562,54.6814,308,279
MDFIC,other,0.373186,0.506544,26.1456,76.4387,64.2142,25.8152,11.5871,1198,1516
MDGA1,other,0.17873,0.782972,11.0304,69.7458,54.6094,57.7044,38.1273,555,490
MDH1,other,0.32804,0.552724,18.123,69.6264,43.8363,29.2133,17.2338,1010,968
MDH2,other,0.341589,0.494652,30.0333,97.2351,79.5016,35.6091,19.6822,996,998
MDK,other,0.0888809,2.09856,10.5312,137.516,102.091,134.266,94.342,216,182
MDM1,other,0.252907,0.632405,11.783,55.9421,38.8021,32.8727,23.7538,746,737
MDM2,other,0.135407,1.79962,49.2809,627.679,211.026,588.472,191.9,33,74
MDM4,other,0.11865,0.413318,29.1214,317.024,190.018,220.207,138.743,133,116
MDP1,other,0.102423,1.58446,9.39474,121.978,68.9748,119.193,56.3484,241,285
ME1,other,0.0981042,0.961723,7.35915,92.3231,60.9495,84.7435,53.2243,343,325
ME2,other,0.158104,0.851649,7.80164,52.2988,46.5578,47.3614,29.5617,695,600
ME3,other,0.156843,2.38413,43.8581,184.024,424.907,171.205,398.507,153,44
MEA1,other,0.308343,0.480765,29.0994,137.07,64.9766,43.5734,25.7927,698,725
MEAF6,other,0.31451,0.92095,152.957,686.688,344.437,491.171,203.351,45,76
MEAK7,other,0.336465,0.853214,20.3051,73.7788,49.3629,50.0826,25.4618,611,709
MECOM,other,0.121534,1.45446,6.041,58.5692,42.1844,56.9401,31.5952,552,525
MECP2,other,0.136403,1.00385,9.85217,91.6049,56.9509,86.8961,36.4952,322,440
MECR,other,0.0681251,0.234029,5.54685,93.0894,71.2161,62.1898,53.0359,407,333
MED1,mediator (MED),0.176001,0.540588,37.3075,263.91,170.257,182.573,111.701,184,141
MED10,mediator (MED),0.193713,,130.545,874.417,519.384,775.936,563.496,29,23
MED12,mediator (MED),0.553411,0.733889,246.517,541.435,366.481,120.212,98.6133,229,191
MED13L,mediator (MED),0.17055,2.63703,27.4966,191.231,135.924,186.764,111.581,143,150
MED14,mediator (MED),0.336139,0.807828,74.4578,246.933,198.702,124.653,129.227,237,140
MED16,mediator (MED),0.0863324,,13.5364,195.767,125.58,221.001,111.313,119,149
MED17,mediator (MED),0.204981,1.33195,190.529,773.847,1116.45,663.62,930.816,31,14
MED19,mediator (MED),0.487713,0.605681,99.9656,316.473,132.75,59.2312,26.8563,877,660
MED20,mediator (MED),0.415703,0.628277,34.1672,101.76,66.3862,36.8429,20.8286,779,906
MED23,mediator (MED),0.316498,0.497057,27.1626,97.2071,75.7712,40.8252,22.8057,729,786
MED24,mediator (MED),0.355311,0.488459,50.3676,144.634,138.936,51.063,25.303,755,669
MED26,mediator (MED),0.246437,1.3336,17.4477,79.8028,62.8127,71.2846,42.718,464,395
MED30,mediator (MED),0.270066,0.580458,36.1243,166.656,107.358,90.8721,56.2517,409,343
MED4,mediator (MED),0.0659572,,54.4823,957.992,712.235,1212.83,771.76,16,15
MED7,mediator (MED),0.594643,0.738761,142.395,300.987,190.514,54.1898,39.9786,416,525
MED8,mediator (MED),0.0784618,,63.6423,696.733,944.299,613.062,1010.15,40,11
MEF2A,other,0.189219,1.59442,19.3249,99.3523,104.985,92.7655,82.6828,295,225
MEF2C,other,0.217094,0.597491,10.2187,52.8458,41.9262,39.2968,20.3379,825,853
MEF2D,other,0.151481,0.347416,8.7741,65.2954,51.3816,42.2481,23.7068,696,665
MEFV,other,0.271122,0.53305,15.1596,86.8337,36.0045,43.6059,17.2944,721,997
MEGF6,other,0.193951,0.466364,8.57361,52.9714,36.8896,33.852,19.2128,829,865
MEGF8,other,0.248932,0.767645,15.5416,82.3722,47.3203,63.0462,26.111,434,633
MEGF9,other,0.167464,0.662056,18.9048,139.352,91.4515,107.669,65.7162,265,270
MEI1,other,0.129362,,18.6311,169.577,122.319,171.271,105.491,144,134
MEIS1,other,0.606241,0.748724,41.6042,76.8987,61.2441,15.8208,10.6911,1577,1722
MEIS2,other,0.320069,0.768531,36.5341,118.633,109.826,79.2101,52.5031,393,409
MEIS3,other,0.212007,0.658591,36.4257,147.577,200.032,110.997,116.405,229,166
MELK,other,0.16962,0.592735,7.85482,50.5852,42.3931,40.7706,24.5004,777,715
MEMO1,other,0.286744,1.11989,125.003,543.369,349.747,344.677,287.041,43,43
MEN1,other,0.430104,0.688205,178.432,392.75,438.21,177.02,126.609,163,128
MEOX1,other,0.426505,0.609158,24.2188,69.4781,46.4095,17.6644,15.9025,1499,1144
MEOX2,other,0.175035,0.763238,10.5703,77.6683,46.955,60.1363,36.0148,541,458
MEPCE,other,0.452963,0.665124,51.4223,135.091,95.4009,46.9996,27.5486,693,750
MESD,other,0.158603,0.446957,8.69807,61.6654,48.7734,42.2027,29.3147,681,597
MESP1,other,0.126501,0.383635,12.8035,143.788,71.2433,94.5341,48.6292,269,321
MESP2,other,0.170432,0.723466,9.01748,63.2101,44.2875,52.6607,29.5608,650,644
MEST,other,0.59171,0.691218,65.6744,165.492,74.4385,14.739,14.5565,2132,1449
METAP1,other,0.374795,0.638584,21.2948,55.7156,57.9406,29.3116,15.825,1305,1219
METAP1D,other,0.178782,0.480524,11.5083,80.7721,51.2992,55.746,28.3801,521,590
METAP2,other,0.372548,0.805552,92.3485,233.564,263.081,119.339,148.024,226,131
METRN,other,0.210543,0.766798,40.6447,221.677,168.115,167.112,116.623,102,157
METRNL,other,0.147738,0.615015,13.4674,95.4106,87.0945,79.7748,56.4269,330,320
METTL1,other,0.299978,0.559,63.3451,189.999,234.692,90.0539,106.21,272,182
METTL13,other,0.114846,0.295496,8.33792,89.7766,58.7108,55.4473,35.5184,508,555
METTL14,other,0.215887,1.33919,79.6931,418.13,325.894,351.079,273.08,66,48
METTL15,other,0.367076,0.513867,39.4255,156.956,73.4962,42.3121,22.1508,721,729
METTL17,other,0.291812,0.560047,23.5937,99.2697,65.8522,55.2084,25.5725,508,647
METTL18,other,0.101111,0.615159,6.42954,77.5528,52.1396,70.0514,37.5768,395,423
METTL21A,other,0.0844028,0.827859,56.639,738.292,609.944,538.375,586.53,44,34
METTL22,other,0.354925,0.902312,26.9955,87.9277,65.7935,61.3612,32.1008,571,588
METTL23,other,0.294717,0.699503,18.2219,64.3693,59.388,43.6317,26.6651,681,709
METTL25,other,0.208463,0.576715,14.794,75.2601,66.9192,49.0989,41.766,614,467
METTL25B,other,0.139413,6.2295,169.855,1325.53,1119.84,1167.74,1115.13,17,20
METTL26,other,0.530082,0.697327,57.8391,151.035,78.8277,28.1947,22.8226,1688,948
METTL2A,other,0.0471043,0.158398,5.50504,189.216,72.184,147.665,43.1146,146,369
METTL2B,other,0.0646822,,38.2956,386.184,907.68,342.751,962.189,74,16
METTL3,other,0.131622,0.544447,27.9329,200.775,224.317,155.098,166.691,131,106
METTL4,other,0.435558,0.67037,55.7074,153.056,106.877,61.3377,31.5863,590,617
METTL5,other,0.330597,0.636076,22.1605,91.5252,49.0931,46.4676,22.1546,596,769
METTL6,other,0.155497,1.20582,22.5629,207.467,101.484,194.582,74.3121,121,200
METTL8,other,0.259795,0.567042,18.0088,78.5165,61.1992,44.8724,31.2192,719,655
METTL9,other,0.0965334,1.36431,6.28573,81.2558,52.1797,78.42,44.6945,341,360
MEX3C,other,0.195903,0.68959,16.6933,130.6,55.5977,100.915,35.8571,278,391
MEX3D,other,0.253326,0.90923,30.1761,131.529,107.881,110.572,55.3228,259,282
MFAP3,other,0.228982,0.636755,11.9814,62.8741,43.5457,44.2142,24.5715,808,687
MFAP3L,other,0.211921,0.542958,11.6371,71.3103,42.2848,39.4931,27.8473,774,633
MFF,other,0.42658,0.562764,26.6408,71.8662,54.271,17.8265,12.8015,1329,1293
MFGE8,other,0.400448,0.651461,29.8376,111.34,49.8634,44.4924,18.4827,1005,997
MFHAS1,other,0.55805,0.733754,89.9668,187.526,138.598,48.5527,30.4219,673,665
MFN1,other,0.294535,0.896421,13.1369,54.6594,36.3957,41.1491,20.4992,874,814
MFN2,other,0.244201,0.632706,58.3321,254.273,224.398,173.791,118.787,160,119
MFNG,other,0.214754,0.560984,14.4531,91.2627,49.63,58.9048,29.1165,446,567
MFSD1,other,0.196428,0.431602,7.90019,51.3374,31.509,28.5296,16.819,1105,1052
MFSD10,other,0.121356,0.463869,11.7619,129.726,72.4105,112.924,34.1451,192,497
MFSD11,other,0.535171,0.655199,62.3595,114.057,119.042,27.6928,14.1538,1312,1377
MFSD12,other,0.219132,0.96034,11.5412,65.5364,42.3259,54.6319,29.0812,505,546
MFSD13A,other,0.380892,0.654611,15.2269,50.8487,31.4297,21.3284,13.1008,1348,1436
MFSD14A,other,0.170601,0.661427,12.687,85.0522,65.024,67.8883,43.5881,363,336
MFSD14B,other,0.235875,0.679983,13.8264,67.1176,51.1934,45.8046,31.7945,667,604
MFSD2A,other,0.392881,0.79009,19.28,55.3474,43.5104,29.8281,20.1762,1004,965
MFSD3,other,0.091925,,16.2642,174.673,179.214,160.472,182.433,163,97
MFSD4A,other,0.123905,0.911719,6.86765,70.5302,43.5572,64.9567,33.3768,464,500
MFSD4B,other,0.368244,0.656013,19.9187,68.0745,42.98,33.6909,16.167,806,985
MFSD5,other,0.168132,1.41715,10.5224,78.7956,49.7088,75.4694,33.134,341,510
MFSD6,other,0.0469553,0.159317,12.5788,259.738,276.297,179.016,199.071,113,111
MFSD8,other,0.292624,0.778079,17.619,74.2465,48.8275,44.2337,31.7429,658,624
MFSD9,other,0.196738,0.790685,9.37845,57.2553,39.6889,47.3796,25.4432,660,680
MGA,other,0.536809,0.766885,32.3808,67.3582,54.0188,24.0409,12.8609,1472,1301
MGAM,other,0.200797,0.399364,9.38825,54.2247,40.3143,29.0346,18.376,1085,957
MGAT1,other,0.254371,0.643201,12.462,56.6367,42.3779,37.7515,22.5007,752,848
MGAT2,other,0.178524,0.700451,9.59584,65.3074,44.2396,48.2488,33.2378,549,478
MGAT4A,other,0.34177,0.613745,11.9118,46.2385,26.2712,20.0274,11.9002,1533,1548
MGAT4B,other,0.183079,1.14159,21.7418,126.567,111.428,115.945,77.2818,240,240
MGAT5,other,0.218135,0.511366,8.96083,50.5736,33.3675,30.6831,17.9296,1029,1003
MGLL,other,0.488566,0.742666,24.434,58.8183,42.5236,22.1034,13.0414,1515,1545
MGME1,other,0.153523,0.71132,7.62082,66.743,36.9189,55.53,26.6824,561,633
MGMT,other,0.235599,0.875955,14.1826,64.9051,55.8322,49.7221,38.5664,669,533
MGP,other,0.146942,0.621481,7.42119,63.7795,39.9918,49.46,30.034,585,550
MGRN1,other,0.284146,0.606174,18.7117,107.625,40.2927,39.4412,26.3179,515,647
MGST1,other,0.101097,,8.40207,106.804,64.6716,106.9,54.6227,264,318
MGST2,other,0.324528,0.730907,17.048,60.2231,45.8225,39.0223,20.1617,844,966
MGST3,other,0.23438,0.571347,13.3872,78.5112,41.5537,46.8406,24.2187,532,629
MIA,other,0.44013,0.653396,29.1885,85.7935,51.2635,25.0435,18.4142,1041,1002
MIA2,other,0.270865,0.55644,25.4573,70.8124,124.741,48.4277,31.2358,608,567
MIA3,other,0.230475,0.571664,27.6751,262.636,54.9008,125.315,37.8336,118,389
MIB1,other,0.415612,0.74292,18.5502,51.8461,38.4241,23.5256,16.4095,1179,1182
MIB2,other,0.212068,0.723488,38.841,260.687,128.679,166.701,98.0135,237,185
MICA,other,0.421781,0.613505,56.1873,131.039,135.425,55.5911,24.2543,792,775
MICAL1,other,0.235439,0.70883,17.1472,81.234,65.2966,57.7513,40.3763,497,469
MICAL2,other,0.209928,0.747578,16.8314,104.741,61.374,79.2668,41.475,349,405
MICAL3,other,0.127134,0.764186,6.95266,60.4425,49.4806,51.9893,39.6883,571,442
MICALL1,other,0.101459,2.04551,10.7422,140.808,79.6113,139.648,55.8476,180,303
MICB,other,0.272525,0.593365,17.808,75.2713,56.7267,46.8493,25.036,687,712
MICOS10,other,0.253877,1.12329,72.1559,213.692,378.015,170.095,283.369,113,58
MICOS13,other,0.286879,0.664077,44.3156,135.161,176.548,83.122,90.9736,320,231
MICU1,other,0.381189,0.675776,23.6269,72.5292,52.9689,27.7022,25.6998,951,794
MICU2,other,0.0821976,0.325842,4.64829,70.3616,45.4498,59.6292,26.4882,492,587
MICU3,other,0.178893,1.05252,16.6081,123.821,69.6082,108.567,53.2859,232,287
MID1IP1,other,0.343558,0.72204,16.9043,62.7691,38.5697,37.4856,16.891,835,1064
MID2,other,0.261675,0.574872,12.2848,59.2496,37.1988,27.0021,23.0377,875,729
MIDEAS,other,0.393412,0.65543,26.0355,74.396,58.8692,34.5914,19.228,1068,1053
MIDN,other,0.183447,0.5144,13.9357,94.9494,60.7778,67.232,34.2987,621,472
MIEF1,other,0.454962,0.678569,64.0787,151.577,130.871,53.7152,39.7483,761,668
MIEF2,other,0.1965,0.767111,12.1827,74.6306,51.5047,57.3561,36.9043,428,432
MIEN1,other,0.169545,0.388182,11.5262,94.8248,48.7396,49.6601,29.2185,620,569
MIER1,other,0.110374,,24.6889,425.205,117.672,425.429,107.58,44,152
MIER2,other,0.125425,0.372381,9.52487,93.0629,61.9689,62.4102,40.6249,556,408
MIER3,other,0.337412,0.772221,20.91,79.5509,48.2773,48.8575,24.3892,510,628
MIF,other,0.217211,1.21848,12.2447,63.6159,49.9538,56.7945,35.1495,583,510
MIF4GD,other,0.287374,0.568375,14.5481,60.8547,42.1138,31.6248,19.7,768,927
MIGA1,other,0.123649,0.685718,10.465,103.861,68.9675,85.9758,55.945,301,287
MIGA2,other,0.396935,0.646487,19.5394,44.0105,55.059,21.0499,15.2738,1569,1365
MIIP,other,0.343888,0.623725,41.6299,151.876,96.4912,62.791,46.4856,463,373
MINDY1,other,0.299906,0.562268,46.0981,210.637,112.166,84.5856,58.841,444,292
MINDY2,other,0.177728,0.523463,7.0644,49.0624,32.2026,36.6241,17.56,788,889
MINDY3,other,0.114373,0.55543,7.64176,80.0083,55.7961,66.3369,41.9504,410,373
MINK1,other,0.311298,0.795822,18.1838,64.4396,52.9497,43.7368,27.7318,709,722
MINPP1,other,0.197615,0.490367,18.3379,101.108,85.167,67.8717,43.0905,471,431
MIOS,other,0.291609,0.603358,197.099,599.419,762.139,311.766,391.161,67,62
MIPEP,other,0.38953,0.59871,42.6599,82.1513,145.997,32.6766,43.379,866,496
MIS18A,other,0.0816108,,59.3369,584.628,904.221,602.104,989.041,30,15
MISP,other,0.121012,0.447354,14.2067,190.31,72.4217,148.962,48.0309,160,290
MITD1,other,0.174146,0.404691,14.2459,82.6428,80.9736,53.4566,38.5163,567,465
MITF,other,0.145634,0.798063,7.46359,70.4586,37.2767,60.9744,28.0548,430,562
MIX23,other,0.162599,0.51232,11.9936,67.9234,80.102,57.6063,26.9815,494,736
MIXL1,other,0.456518,0.655119,29.5335,73.7161,56.7744,23.8829,15.9921,1119,1040
MKI67,other,0.209244,0.584863,12.5893,66.0636,54.7942,46.5302,31.0743,509,557
MKKS,other,0.278412,0.650337,14.6423,64.1722,43.1019,39.3074,22.7147,684,848
MKLN1,other,0.1124,1.61811,8.63991,90.5549,65.2491,88.2992,52.61,297,288
MKNK1,other,0.13713,0.620152,15.2055,116.071,105.928,93.1448,79.7057,293,242
MKNK2,other,0.126528,0.361069,6.85559,68.505,42.8543,44.2386,27.9982,532,591
MKRN1,other,0.160002,0.533068,8.90637,69.7106,44.448,53.9586,26.7265,615,609
MKRN2,other,0.256041,0.797687,18.9244,88.494,61.7322,68.522,33.551,517,473
MKRN3,other,0.258749,0.474177,13.9432,75.7605,38.3288,32.6214,18.2854,840,992
MKS1,other,0.264518,0.547616,19.4599,84.4265,64.105,49.4274,28.0245,680,651
MKX,other,0.0942903,0.6683,7.22171,94.2668,62.2282,83.7145,51.1622,366,341
MLANA,other,0.39294,0.927959,32.877,104.899,66.7361,59.5455,39.0594,556,505
MLEC,other,0.436818,0.602207,24.1993,53.9697,56.8664,16.8836,13.3248,1570,1568
MLF1,other,0.0828919,0.361774,6.02704,104.46,50.6098,91.8207,28.6506,251,575
MLF2,other,0.137013,0.902924,9.8318,72.6955,70.8334,65.2136,54.9861,466,362
MLH1,other,0.148936,0.49279,9.32685,75.8719,51.6878,50.811,37.3939,476,484
MLH3,other,0.46732,0.780474,21.1069,63.6334,32.0578,26.7116,12.2495,1184,1499
MLLT1,other,0.106875,,9.66774,99.4818,82.2539,99.5501,65.9664,259,262
MLLT11,other,0.326559,0.75049,20.0355,64.2133,58.6211,40.0337,29.1456,635,629
MLLT3,other,0.188978,0.801547,72.2241,648.319,225.297,448.096,184.746,46,81
MLLT6,other,0.149865,,67.2529,399.975,503.491,337.275,506.965,61,35
MLN,other,0.255,0.580286,10.5537,46.5378,36.8066,30.2969,16.4401,1079,1106
MLST8,other,0.298242,0.538933,55.9546,183.177,192.16,91.3315,74.7935,369,258
MLX,other,0.138071,0.570435,16.0069,153.348,87.6453,108.808,69.9666,246,246
MLXIP,other,0.171639,0.688753,13.0378,97.619,59.1077,77.3129,41.4613,369,379
MLXIPL,other,0.200997,0.555523,14.1885,75.3664,66.1176,51.2732,39.0422,435,410
MLYCD,other,0.290395,0.754691,58.581,165.221,246.304,92.6588,163.268,352,138
MMAA,other,0.205852,0.662066,9.31775,53.1486,38.5495,40.8215,22.4817,703,772
MMAB,other,0.629699,0.754107,235.373,446.222,313.109,61.9669,59.5802,539,401
MMACHC,other,0.094448,0.272228,6.77411,82.9643,62.0051,59.4615,35.6588,502,440
MMADHC,other,0.449113,0.691897,47.2663,118.731,93.2879,40.7214,33.4648,542,529
MMD,other,0.0687184,,12.0294,263.039,116.499,277.775,91.754,77,164
MME,other,0.311412,0.830346,36.6839,119.593,116.031,88.333,53.5942,286,323
MMGT1,other,0.310751,0.539904,28.4244,83.3212,100.416,34.2239,43.962,599,373
MMP1,other,0.208872,0.658864,8.17348,49.3683,31.0174,36.7214,18.8488,903,841
MMP17,other,0.32813,0.904278,21.3608,74.9811,56.5184,51.7929,32.4548,679,627
MMP24,other,0.144412,2.69925,25.6669,186.864,169.05,174.722,161.603,184,107
MMP25,other,0.136504,0.392393,9.79226,91.0839,56.4982,56.8547,38.3042,482,484
MMP28,other,0.176086,0.469348,11.1821,82.5487,48.8525,55.2269,28.0772,609,600
MMP3,other,0.364567,0.612981,13.2905,42.7711,31.0724,19.478,10.8907,1538,1557
MMP9,other,0.37172,0.510268,35.2521,166.258,54.095,30.6386,18.9022,746,847
MMRN1,other,0.304069,0.665375,13.7909,50.3581,40.8477,31.2409,18.3766,943,992
MMS19,other,-0.0203886,,-19.2767,1290.17,692.856,1321.55,689.657,11,20
MMS22L,other,0.145011,,116.123,1025.55,625.287,1082.23,625.752,17,25
MMUT,other,0.242029,0.635423,16.7864,75.8521,63.4185,51.4658,34.8,603,475
MND1,other,0.124672,,9.517,96.1366,60.6142,98.6301,46.7365,294,353
MNDA,other,0.145042,1.07723,8.10593,61.4149,50.8563,57.0619,37.8486,572,407
MNT,other,0.200968,0.472856,28.8111,210.276,97.7409,93.3493,65.9907,299,232
MNX1,other,0.253125,0.729243,9.78397,46.6607,32.0191,31.8467,19.8681,1015,890
MOAP1,other,0.214491,0.735546,12.5088,72.5123,46.9029,53.6659,31.5573,580,597
MOB1A,other,0.577591,0.688905,83.7831,196.967,106.827,26.7518,19.9313,793,894
MOB1B,other,0.219082,0.691946,16.1561,88.3609,61.5458,67.5282,35.3771,410,465
MOB2,other,0.41243,0.69647,30.156,86.5263,61.7875,44.3805,17.305,637,1018
MOB3A,other,0.126509,0.821025,9.86207,95.4253,63.6844,85.4437,49.2293,271,317
MOB3B,other,0.22495,0.632997,10.6412,55.4376,40.3649,36.6465,25.3256,947,735
MOB3C,other,0.414032,0.720951,23.0925,62.7773,49.5531,29.4508,18.768,1205,1034
MOCS1,other,0.435093,0.649454,30.435,87.742,55.7669,31.0333,17.041,1311,1263
MOCS2,other,0.273323,0.599489,8.17496,36.5005,24.5087,18.7714,14.02,1585,1278
MOCS3,other,0.279463,0.838178,71.1107,359.234,180.236,205.968,133.274,110,125
MOGS,other,0.17767,0.573963,10.7326,79.5962,45.8444,62.6751,25.1806,446,666
MOK,other,0.297682,0.569504,15.3283,54.1541,48.961,31.7529,16.6224,1023,1119
MON1A,other,0.267935,0.523922,17.959,102.565,43.8032,43.0885,24.0478,523,665
MON1B,other,0.192383,0.793891,13.2986,73.1113,65.3572,60.6619,42.8178,435,432
MON2,other,0.0869808,,16.6749,251.429,146.172,206.961,146.411,121,102
MORC2,other,0.262002,0.407903,17.8228,88.0909,52.5305,31.0317,19.0716,1175,957
MORC3,other,0.229689,0.615587,12.1003,76.1394,36.4508,41.9423,25.1521,719,662
MORC4,other,0.160751,0.606102,12.6954,84.1779,74.0949,70.7486,41.4247,440,443
MORF4L1,other,0.644514,0.772887,77.4209,140.059,103.025,24.0223,16.55,1014,1077
MORF4L2,other,0.205582,0.803782,17.8667,87.5248,86.2955,75.2907,45.9089,382,427
MORN1,other,0.235219,0.698289,20.6619,98.1049,78.6509,72.0815,45.0072,441,348
MORN2,other,0.179965,0.83636,8.26933,57.8776,36.4798,49.5289,24.7703,680,721
MORN3,other,0.354146,0.598743,21.8691,65.5144,58.2052,31.5812,18.8902,1126,1112
MORN4,other,0.252744,0.596256,16.8433,88.803,50.011,49.4251,29.7464,613,592
MOSMO,other,0.552583,0.704503,94.3284,201.553,144.577,48.8118,27.2057,1119,711
MOSPD1,other,0.17923,0.543628,19.3251,156.694,74.1939,89.0284,55.5185,342,295
MOSPD2,other,0.459479,0.502573,117.188,262.246,248.041,29.9227,14.0106,1678,1444
MOSPD3,other,0.20553,0.718285,10.3266,56.2667,44.8656,45.4386,25.7772,700,783
MOV10,other,0.460767,0.560393,102.659,237.246,209.233,52.5449,27.5403,499,639
MPC1,other,0.421603,0.752135,35.0235,94.4621,73.0559,48.3176,26.0656,559,706
MPC2,other,0.249678,0.686405,54.2535,256.764,183.892,189.527,90.9757,160,177
MPDU1,other,0.156704,0.517616,14.834,125.599,71.3456,82.3491,52.3563,347,285
MPEG1,other,0.270455,0.542524,17.2375,72.3712,56.1299,42.4921,22.3431,762,785
MPG,other,0.137122,0.405963,41.8189,819.245,113.531,544.328,74.9325,23,193
MPHOSPH6,other,0.168049,0.472383,22.8832,161.265,114.979,85.3673,84.0612,268,201
MPHOSPH8,other,0.0822608,1.37117,4.91946,63.1319,56.6501,62.4561,37.6049,449,456
MPHOSPH9,other,0.253975,2.14492,274.884,1716.08,682.623,1492.49,609.166,10,20
MPI,other,0.153243,0.448874,31.847,219.756,196.534,121.948,145.068,226,127
MPIG6B,other,0.229056,0.375275,13.2915,71.732,46.9411,26.4522,19.2368,953,886
MPL,other,0.277533,0.615589,15.1146,80.9105,36.6575,42.747,20.8608,763,757
MPLKIP,other,0.279736,0.667333,14.8542,65.7398,42.8914,40.3053,23.4114,828,784
MPND,other,0.227859,0.684587,40.7202,192.893,165.565,114.664,120.338,271,172
MPO,other,0.0623095,,10.3123,235.802,116.161,240.526,90.5107,77,148
MPP1,other,0.0591237,0.292046,2.77846,51.0648,43.2477,46.9471,21.2665,735,759
MPP2,other,0.189427,0.928959,25.0168,163.345,106.776,134.835,81.3381,192,226
MPP7,other,0.0303279,0.169571,1.50368,55.865,44.0034,50.1825,30.1656,606,542
MPPE1,other,0.472979,0.702927,23.6835,59.6222,42.0532,22.4821,11.488,1601,1624
MPRIP,other,0.203151,0.686521,12.085,68.1689,51.9118,53.9731,30.0833,619,613
MPST,other,0.317251,0.710688,24.2508,85.324,68.4816,51.4678,34.0897,605,571
MPV17,other,0.145596,0.690102,9.24461,75.8918,53.123,64.0791,37.9314,475,457
MPV17L,other,0.178187,0.652904,9.62807,63.9588,45.6488,42.8486,35.3475,608,464
MPV17L2,other,0.215593,0.856964,14.3661,68.4404,64.8777,57.2774,39.7026,538,503
MPZ,other,0.035036,,2.51584,87.7305,58.7745,90.9208,47.0155,305,350
MPZL1,other,0.128914,1.78498,10.0556,117.546,51.7612,115.187,38.3076,230,385
MPZL2,other,0.191875,0.642175,12.464,78.5935,53.6899,56.3569,36.7488,501,468
MPZL3,other,0.109428,0.53495,6.61005,68.6733,53.1327,55.7381,41.3292,449,418
MR1,other,0.144157,0.458485,7.3306,68.7461,37.6151,49.6155,24.2521,670,690
MRC2,other,0.387636,0.620662,27.0228,76.2161,63.7628,29.9054,22.8302,892,794
MREG,other,0.332031,0.738331,17.7335,62.2951,45.7907,39.3708,20.6261,791,875
MRFAP1,other,0.335062,0.614087,20.1751,71.5745,50.655,39.6472,16.8478,844,1089
MRFAP1L1,other,0.330112,0.800453,16.8797,60.8352,42.9784,38.9488,22.6603,790,755
MRGBP,other,0.215022,0.776845,24.2688,129.592,98.3,95.7429,69.4671,230,230
MRGPRD,other,0.261714,0.859249,11.8323,54.0966,37.7844,41.0331,23.2686,778,769
MRI1,other,0.118165,0.472674,7.02843,67.9189,52.0893,55.1736,34.7415,516,475
MRM1,other,0.130162,0.710925,12.5864,129.339,72.2941,109.316,56.6403,268,303
MRM2,other,0.275658,0.498435,14.5966,57.7335,48.5662,29.1549,18.5578,961,975
MRM3,other,0.261468,0.781554,12.0764,47.1818,45.2133,35.939,23.9768,1003,788
MRNIP,other,0.112738,1.00278,5.84495,62.8194,42.7889,57.9921,35.751,454,473
MROH1,other,0.149797,0.449952,8.49749,80.5857,39.9315,52.3847,27.2847,598,573
MROH6,other,0.145384,1.23544,12.9355,101.001,78.3803,94.9533,60.2523,285,319
MRPL1,mito ribosome,0.519788,0.734747,53.1726,123.625,84.648,34.1626,26.1071,707,742
MRPL10,mito ribosome,0.151576,0.682325,25.6312,181.629,157.432,141.981,121.842,166,164
MRPL11,mito ribosome,0.271106,0.4444,39.6258,126.243,169.226,50.5661,64.1651,512,322
MRPL13,mito ribosome,0.129897,3.27641,53.6689,477.411,357.563,411.025,353.521,43,45
MRPL14,mito ribosome,0.256354,0.943463,105.532,257.119,659.105,196.271,453.481,116,41
MRPL15,mito ribosome,0.145966,0.588878,17.7681,162.976,90.9189,111.656,73.1793,252,238
MRPL16,mito ribosome,0.287724,0.912242,65.5277,190.209,272.689,137.926,174,197,114
MRPL17,mito ribosome,0.209926,0.839772,37.3803,206.582,153.483,157.325,113.257,172,162
MRPL18,mito ribosome,0.24858,0.702664,33.5253,115.63,157.305,81.5684,90.4729,353,241
MRPL19,mito ribosome,0.151922,1.04473,52.9449,465.248,261.05,426.799,194.254,53,98
MRPL2,mito ribosome,0.231765,0.581617,22.7786,94.7502,101.948,55.6427,62.7265,534,313
MRPL20,mito ribosome,0.256162,0.470544,13.628,66.8766,42.3215,27.7798,20.8668,1051,967
MRPL21,mito ribosome,0.202037,0.438961,48.4772,182.835,314.887,105.59,156.998,306,150
MRPL22,mito ribosome,0.284352,0.698265,25.9115,104.399,79.5382,64.2437,45.2454,484,403
MRPL23,mito ribosome,0.287264,0.502753,32.0353,121.506,102.353,47.0724,47.8045,564,388
MRPL24,mito ribosome,0.320182,0.580284,58.5519,196.182,170.463,94.8254,70.0132,397,342
MRPL27,mito ribosome,0.241565,0.538268,30.707,146.627,110.203,95.4667,46.5906,312,409
MRPL28,mito ribosome,0.17404,1.80043,15.0034,102.834,72.2671,98.7574,55.2336,288,287
MRPL3,mito ribosome,0.229344,0.643201,29.2582,107.287,151.695,76.9344,83.5237,401,239
MRPL30,mito ribosome,0.0928423,,16.9947,255.852,130.962,262.886,107.728,87,148
MRPL32,mito ribosome,0.199293,0.802705,36.9844,230.103,149.669,189.933,96.8225,133,161
MRPL33,mito ribosome,0.247249,0.601845,22.5415,87.4959,94.9964,53.3893,53.8667,516,389
MRPL34,mito ribosome,0.168412,0.570296,25.3509,162.229,139.673,130.74,76.922,199,239
MRPL35,mito ribosome,0.203027,1.08603,75.2527,293,468.887,230.086,392.572,98,50
MRPL36,mito ribosome,0.0999918,0.817807,14.9544,153.357,145.849,142.588,114.799,148,153
MRPL37,mito ribosome,0.241826,0.607362,55.9007,166.904,320.156,114.528,158.418,241,126
MRPL38,mito ribosome,0.337221,0.773644,21.3142,70.7318,56.4801,42.3721,29.7158,733,664
MRPL39,mito ribosome,0.282073,0.560872,28.5214,102.913,99.3456,52.9548,47.5838,527,398
MRPL4,mito ribosome,0.240875,0.661115,19.0413,84.1147,74.2909,60.8424,38.6459,527,511
MRPL40,mito ribosome,0.238231,0.817561,11.4426,55.0288,41.9242,41.9891,26.9017,823,742
MRPL41,mito ribosome,0.14064,0.602672,25.1013,248.469,128.205,197.793,93.9733,96,147
MRPL42,mito ribosome,0.272677,0.579958,53.6096,148.913,259.57,84.5252,126.866,372,175
MRPL43,mito ribosome,0.226264,0.735684,36.5308,137.684,189.322,103.786,116.585,288,152
MRPL44,mito ribosome,0.281936,0.56343,21.1367,98.8134,56.8801,51.5425,27.1085,689,769
MRPL45,mito ribosome,0.187918,0.534624,27.8927,120.364,183.04,81.8783,112.313,298,181
MRPL46,mito ribosome,0.282195,0.864116,78.0021,188.086,406.214,130.365,265.049,216,71
MRPL47,mito ribosome,0.244837,0.587562,21.6056,98.2758,79.2374,59.6535,44.2277,414,415
MRPL48,mito ribosome,0.29822,0.692925,14.594,59.2716,40.4043,37.2074,20.3001,828,861
MRPL49,mito ribosome,0.164256,0.642393,23.1237,153.8,128.86,106.337,101.56,252,177
MRPL50,mito ribosome,0.232223,0.406141,26.3793,111.387,115.847,51.5138,45.3869,592,475
MRPL51,mito ribosome,0.138131,0.691063,19.8995,152.535,136.061,114.214,114.423,194,157
MRPL52,mito ribosome,0.280921,0.729108,21.2382,70.784,80.7476,48.8356,42.0888,589,453
MRPL53,mito ribosome,0.169867,0.759493,24.1406,144.343,139.92,117.74,101.943,228,180
MRPL54,mito ribosome,0.220064,0.684537,26.5314,130.435,111.437,91.1053,73.242,313,274
MRPL55,mito ribosome,0.125802,0.909235,26.6895,288.105,156.225,266.599,116.161,103,133
MRPL57,mito ribosome,0.18473,0.438639,26.1636,160.631,124.879,88.215,75.7487,282,228
MRPL58,mito ribosome,0.277153,0.634612,36.1972,137.517,124.038,78.8485,68.5844,414,292
MRPL9,mito ribosome,0.324768,0.638351,22.7196,70.5194,69.398,36.8657,31.7579,740,634
MRPS10,mito ribosome,0.263068,0.777597,34.5934,117.415,147.275,89.1035,77.3685,302,283
MRPS11,mito ribosome,0.171914,0.324751,34.736,150.895,270.558,79.2242,110.927,392,200
MRPS12,mito ribosome,0.188894,0.834968,43.4136,185.669,284.496,152.925,201.934,190,110
MRPS14,mito ribosome,0.15163,0.780454,25.577,148.636,191.427,125.177,145.644,228,138
MRPS15,mito ribosome,0.302483,0.593042,30.7412,79.7278,129.548,41.8124,58.6789,787,367
MRPS16,mito ribosome,0.228844,0.487954,24.6372,86.9262,133.338,47.4035,68.8353,626,300
MRPS17,mito ribosome,0.255089,0.547036,49.815,137.911,276.526,85.507,118.284,349,169
MRPS18A,mito ribosome,0.0663961,0.540082,7.17448,107.23,108.888,96.5429,92.3761,286,193
MRPS18B,mito ribosome,0.33695,0.638881,55.4782,184.789,146.703,83.0686,72.5723,353,276
MRPS18C,mito ribosome,0.248564,1.03346,34.6643,140.15,138.77,108.957,102.702,265,163
MRPS2,mito ribosome,0.236912,0.531115,79.6419,230.729,489.787,120.566,285.675,201,66
MRPS21,mito ribosome,0.167066,0.453758,24.6481,113.881,191.132,71.2325,121.948,405,168
MRPS22,mito ribosome,0.246525,0.482574,18.2168,66.8676,81.6593,36.7609,34.3275,708,543
MRPS23,mito ribosome,0.317528,0.642117,47.1234,141.524,155.625,75.0966,74.5482,409,282
MRPS24,mito ribosome,0.152044,0.467636,34.6332,159.558,325.185,125.909,162.181,255,134
MRPS25,mito ribosome,0.167287,0.400551,20.2187,94.5722,154.462,64.3923,70.0359,500,290
MRPS26,mito ribosome,0.236444,0.53526,19.9453,85.6186,83.111,43.5728,50.0871,634,382
MRPS27,mito ribosome,0.0739423,0.275261,10.8537,158.726,135.744,120.779,94.7727,231,183
MRPS28,mito ribosome,0.361363,0.599413,37.3459,136.234,78.3992,48.0233,34.3932,726,557
MRPS30,mito ribosome,0.182115,0.846554,17.368,119.885,75.8648,101.016,53.5589,247,316
MRPS31,mito ribosome,0.237215,0.690499,47.4587,172.151,232.509,126.648,128.692,207,146
MRPS34,mito ribosome,0.148331,0.506341,30.4146,172.49,243.747,127.922,162.79,208,113
MRPS35,mito ribosome,0.196954,0.467964,33.6278,139.407,209.113,87.7225,109.202,356,193
MRPS5,mito ribosome,0.23619,0.683967,30.136,119.337,136.419,85.9323,78.3037,318,222
MRPS6,mito ribosome,0.246761,1.96588,169.105,481.169,976.035,449.629,741.429,44,27
MRPS7,mito ribosome,0.190523,0.426211,24.1234,116.174,137.999,69.2319,69.755,347,256
MRPS9,mito ribosome,0.21171,0.830088,41.9476,156.014,251.634,122.174,176.17,200,89
MRRF,other,0.203234,0.597419,21.0885,106.369,101.224,83.1306,47.6039,364,371
MRS2,other,0.577208,0.730323,55.7377,107.76,86.5317,26.6609,14.7108,1442,1429
MRTFA,other,0.191251,0.577831,16.6881,83.3845,91.3111,67.148,39.94,457,430
MRTFB,other,0.440391,0.637664,83.9089,319.636,113.575,53.4404,48.5275,750,395
MS4A1,other,0.181962,0.884471,13.4411,88.6129,61.5762,76.9631,41.7525,370,385
MS4A6A,other,0.13391,0.362998,7.29821,75.3932,39.3981,45.0857,26.0606,715,659
MS4A7,other,0.09743,1.61246,6.53222,78.7959,57.0471,77.5811,43.5371,362,359
MSANTD1,other,0.194523,0.662279,19.819,109.703,94.6231,70.7393,71.6397,452,280
MSANTD2,other,0.243756,0.519274,10.9647,57.086,35.4448,33.7981,16.2992,889,940
MSANTD3,other,0.166151,0.42961,17.6832,128.053,88.4558,73.7928,57.2313,379,374
MSC,other,0.433194,0.70742,28.2303,78.7549,53.9246,32.7729,19.2918,1007,1102
MSGN1,other,0.164228,,10.0399,76.4958,48.8569,76.7686,39.9103,395,400
MSH2,other,0.3273,0.764604,18.898,64.9703,51.3126,42.3473,24.3098,629,783
MSH5,other,0.139953,0.928149,13.6651,135.382,70.4205,119.431,56.831,183,261
MSH6,other,0.297689,0.836146,16.6645,63.859,49.0722,44.5743,28.4752,685,654
MSL1,other,0.300294,0.583128,28.8149,92.5872,99.4469,49.7232,42.481,585,506
MSL2,other,0.380703,0.712204,33.9381,123.031,64.5935,50.7442,33.1806,593,565
MSL3,other,0.340672,0.764514,33.3349,110.668,86.5173,68.7194,41.1955,384,397
MSMO1,other,0.110434,0.597476,22.4741,350.152,118.277,310.885,82.2442,78,187
MSN,other,0.406161,0.726821,33.7927,102.184,67.7433,51.2576,25.2963,718,795
MSRA,other,0.177062,0.715297,11.3468,81.6157,50.3181,66.6564,33.4965,489,557
MSRB1,other,0.118478,0.410893,6.572,58.5216,52.5777,46.1156,31.957,623,540
MSRB2,other,0.0518295,,5.1906,109.477,91.6132,111.274,68.7996,290,243
MSS51,other,0.256184,0.616295,15.3749,80.3808,44.8091,51.2215,23.4654,634,678
MST1,other,0.449636,0.566045,44.2023,132.686,72.8357,23.4477,17.0125,1131,1147
MSTO1,other,0.241257,0.801757,21.6461,98.1247,82.0389,76.5989,48.1768,399,355
MSX1,other,0.275862,0.66748,13.5905,55.8726,43.4397,35.4484,23.142,763,754
MSX2,other,0.190731,0.565297,8.74485,59.8047,35.1502,40.3566,22.8454,778,739
MT1E,other,0.477792,0.704006,19.0239,45.1732,35.0945,15.7722,10.2584,1932,1879
MT1F,other,0.196766,0.577289,10.2457,65.1194,41.6366,43.9853,26.7322,699,686
MT1G,other,0.19287,1.15914,16.2294,93.9524,75.3648,87.0997,46.7577,386,354
MT1H,other,0.208329,0.692997,8.96715,46.4978,39.8451,36.8257,22.5342,822,799
MT1M,other,0.171223,0.772375,11.3392,91.3876,47.9908,77.7626,32.1721,363,497
MT1X,other,0.252261,1.05471,14.1715,62.2513,50.6973,53.1712,30.8147,527,522
MT2A,other,0.258532,0.494964,16.8141,82.3205,51.3821,40.611,23.7149,799,790
MT3,other,0.406983,0.808827,23.118,76.9414,41.936,41.9486,18.5901,884,876
MTA2,other,0.500501,0.735409,167.974,416.433,270.477,107.661,101.515,266,172
MTA3,other,0.200771,1.13266,14.8822,71.4353,76.9159,64.9613,50.2498,438,346
MTAP,other,0.32235,0.649667,13.1805,47.2906,35.3537,26.7603,15.305,1262,1245
MTBP,other,0.17987,0.769502,57.2258,309.51,327.032,256.983,221.744,95,94
MTCH1,other,0.352474,1.03368,21.5631,71.4095,52.4097,55.191,25.5788,637,650
MTCH2,other,0.196202,0.568486,29.1059,107.654,204.42,81.5224,104.107,370,231
MTCL3,other,0.187936,0.643747,12.5079,77.1734,57.3961,59.0445,36.5719,491,467
MTCP1,other,0.319307,0.510974,27.958,111.091,69.0109,34.0779,30.1375,757,590
MTDH,other,0.164778,0.783453,9.42698,64.9649,50.3812,56.8796,32.4742,539,540
MTERF1,other,0.314469,0.824518,15.8896,65.9924,38.6882,44.6991,21.2466,713,906
MTERF2,other,0.531616,0.640365,70.5064,197.157,89.2175,33.2823,15.2415,837,1092
MTERF3,other,0.264969,0.58672,54.2434,158.973,263.622,91.8476,136.288,265,145
MTERF4,other,0.194891,1.04721,14.3155,78.8471,68.4298,68.9585,49.532,424,376
MTF2,other,0.382792,0.578543,26.3327,74.1178,63.8473,30.0194,16.8691,1074,1003
MTFMT,other,0.142526,0.754593,14.9394,134.497,81.6893,121.759,50.9195,225,348
MTFP1,other,0.200823,0.43148,10.3543,56.7046,46.8806,32.1282,23.4493,878,757
MTFR1,other,0.230408,0.485368,10.6122,47.1949,44.9495,29.6428,17.7134,1214,1141
MTFR1L,other,0.315064,0.685254,16.3386,58.4319,46.0239,34.9391,21.8252,897,850
MTFR2,other,0.164424,1.14282,31.6978,364.035,102.09,332.634,77.5898,67,204
MTG1,other,0.158093,0.295515,16.6381,73.7979,150.087,41.745,51.1902,678,399
MTG2,other,0.110958,0.56874,10.2084,128.671,65.7831,113.45,44.6176,203,421
MTHFD1,other,0.388244,0.975342,206.846,271.28,1046.33,188.487,503.094,115,34
MTHFD1L,other,0.116861,0.339679,14.7092,104.744,151.254,81.7436,69.725,326,233
MTHFD2,other,0.114503,0.431036,16.0483,114.967,170.863,100.917,72.2002,303,227
MTHFD2L,other,0.175872,0.574709,6.94674,51.3767,30.3672,36.8741,20.2927,707,794
MTHFR,other,0.244143,0.739176,19.9614,110.527,60.4823,81.83,35.0693,368,491
MTHFS,other,0.146147,0.886403,7.20191,60.5306,40.1182,54.8704,28.4554,560,566
MTIF2,other,0.140039,0.557617,12.1337,83.6606,89.7353,72.7186,46.4627,414,391
MTIF3,other,0.103354,0.889098,11.2854,153.964,77.4399,143.275,62.3677,161,282
MTMR1,other,0.269891,0.544874,10.633,54.5417,28.458,24.8127,15.6483,1122,1138
MTMR10,other,0.213361,0.707446,20.043,109.661,80.472,80.0727,53.3438,451,367
MTMR11,other,0.264386,0.676387,10.9,47.6975,35.6355,30.035,20.9323,956,889
MTMR12,other,0.114489,0.404046,7.61686,77.0707,57.4289,58.0634,38.7321,522,430
MTMR14,other,0.043941,0.313305,3.82184,96.9274,78.0475,88.2008,60.9958,313,293
MTMR2,other,0.14142,1.55951,31.5306,347.45,143.07,322.415,126.742,84,135
MTMR3,other,0.240793,0.414991,32.4099,189.435,95.6327,54.653,50.3798,460,396
MTMR4,other,0.270972,0.538453,23.2441,77.061,95.4866,53.0781,17.785,552,1115
MTMR6,other,0.117864,0.865467,10.5077,114.304,69.5325,105.439,52.9055,241,328
MTMR7,other,0.4167,0.606772,27.653,80.1939,54.9157,23.0363,18.5778,964,987
MTMR8,other,0.233673,0.595821,12.8245,61.3873,49.0662,42.0702,25.0831,672,703
MTMR9,other,0.63535,0.740918,90.7773,165.925,123.032,30.1262,12.492,1734,1767
MTNAP1,other,0.10698,,44.6655,715.502,243.63,752.129,228.384,26,59
MTO1,other,0.121949,0.568051,9.95355,100.332,66.3985,83.6269,48.0194,349,379
MTOR,other,0.119298,,84.1091,1168.48,425.401,1253.51,383.984,13,39
MTPAP,other,0.194837,0.581902,51.2051,156.468,441.427,117.691,241.737,205,87
MTPN,other,0.183103,0.651549,13.8444,103.955,54.9931,74.0667,39.8871,372,422
MTR,other,0.278288,0.686506,28.546,95.9172,109.7,66.3339,51.2538,484,374
MTRES1,other,0.266313,0.845991,63.3362,284.054,199.121,190.541,139.183,138,127
MTRF1,other,0.204421,1.26322,9.82356,57.4304,40.2111,53.6104,24.3796,583,708
MTRF1L,other,0.217491,0.513301,15.9754,75.5163,71.4462,46.9831,37.4987,794,577
MTRFR,other,0.324615,0.81922,21.7609,76.1538,59.0101,50.0128,32.0183,676,643
MTRNR2L1,other,0.150127,0.460924,6.45384,51.997,35.5421,38.4275,21.0938,781,806
MTRNR2L4,other,0.142436,0.667209,7.74038,64.3247,45.9103,56.158,29.4304,523,645
MTRNR2L8,other,0.114402,0.348291,14.6676,210.643,78.0373,121.88,58.057,262,261
MTRR,other,0.259481,0.573531,22.1808,94.7523,77.1176,58.8537,35.4535,442,454
MTSS1,other,0.242819,0.638895,15.8834,70.8459,60.3957,50.4958,30.0246,557,584
MTSS2,other,0.211494,0.787289,9.22211,54.3109,35.0087,43.3738,22.4632,737,813
MTURN,other,0.115266,0.826778,9.46116,97.5057,69.0965,91.9949,45.3339,299,360
MTUS1,other,0.246914,0.637994,12.2254,54.5895,44.908,35.9716,25.1854,778,726
MTX1,other,0.15632,,15.7443,113.166,89.6402,115.51,63.8811,222,277
MTX2,other,0.159751,0.868571,36.986,212.927,251.744,181.006,194.938,137,108
MTX3,other,0.151721,0.437455,7.5545,60.7663,40.7995,43.9257,23.0908,797,708
MUC1,other,0.186312,0.676554,14.0017,95.4001,59.2019,63.0944,45.9438,484,390
MUC12,other,0.522364,0.725487,45.0883,97.2619,76.6018,33.0911,16.4109,1088,1281
MUC13,other,0.149804,0.45427,12.2159,108.764,61.1397,76.2776,38.8796,533,450
MUC16,other,0.484284,0.670906,26.9441,61.6136,50.2402,19.5676,11.88,1322,1534
MUC19,other,0.143663,0.427559,8.33122,71.0325,47.3444,52.9432,26.3548,583,566
MUC2,other,0.243374,0.578488,12.6794,72.0184,37.688,45.8218,19.3495,603,860
MUC20,other,0.299945,0.657145,14.0415,58.6471,37.3676,32.9818,19.5785,833,821
MUC3A,other,0.331607,0.785663,30.7187,126.465,67.8561,83.7755,32.0452,306,519
MUC4,other,0.449141,0.711454,52.6915,130.761,105.254,55.676,32.2014,480,559
MUC5AC,other,0.139711,0.736106,14.0542,122.782,82.4172,108.918,56.1252,216,261
MUC5B,other,0.178249,0.441277,8.65242,71.1468,33.118,41.5404,20.1323,613,777
MUCL1,other,0.340006,0.59347,20.6665,72.5346,50.9351,35.9034,17.8307,883,948
MUL1,other,0.232781,0.791739,17.4956,86.1513,65.5696,68.6444,37.6772,465,535
MUS81,other,0.109613,0.898954,26.7094,327.602,181.242,298.728,150.669,63,93
MUSTN1,other,0.272999,0.500447,16.6219,68.0015,54.5153,38.0727,17.6554,801,1007
MUTYH,other,0.343059,0.722802,32.2676,111.272,79.5077,63.6357,37.671,494,507
MVB12A,other,0.235831,0.595568,15.2331,68.834,60.6135,47.1836,30.3969,810,610
MVB12B,other,0.333654,0.591527,39.3364,211.696,65.6577,59.6946,36.5644,371,400
MVD,other,0.152882,1.37438,52.5131,382.168,308.724,348.144,265.815,64,57
MVP,other,0.366053,0.690781,34.8915,105.57,86.0623,52.6788,37.8256,707,535
MX1,other,0.274633,0.654789,23.0574,99.4272,70.8942,61.6546,38.0663,554,470
MX2,other,0.384603,0.570146,21.5076,72.5143,43.1257,25.2027,13.048,1411,1475
MXD1,other,0.205074,0.564662,12.1415,70.3823,49.8036,48.4609,28.7125,598,659
MXD3,other,0.265714,0.63935,13.3864,61.5423,41.2405,34.8696,24.8051,757,729
MXD4,other,0.280658,0.506003,18.7043,98.6821,45.0077,39.2336,22.0233,557,777
MXI1,other,0.284016,0.518978,13.1897,47.6042,45.3039,26.9237,14.0712,1261,1330
MXRA7,other,0.260757,0.526159,14.3679,75.5467,40.1881,29.3589,24.0436,795,734
MXRA8,other,0.164464,0.548558,11.6451,101.793,49.2521,76.0762,31.7285,385,499
MYADM,other,0.170082,0.588838,7.26792,54.7414,33.3569,41.5039,21.8483,716,774
MYB,other,0.60963,0.682474,104.116,210.734,138.41,22.6637,14.6608,1242,1166
MYBBP1A,other,0.164222,,74.439,663.771,309.543,682.665,257.678,42,54
MYBL1,other,0.08089,0.626833,4.77347,63.0247,55.2546,59.3809,39.3392,549,395
MYC,other,0.224062,0.612244,28.6056,142.124,114.683,95.3517,68.01,255,273
MYCBP,other,0.111668,,11.2919,119.037,85.9014,119.695,66.5632,227,255
MYCBP2,other,0.265856,0.680346,18.4797,74.7812,64.6105,51.0157,33.5662,569,552
MYCBPAP,other,0.27476,0.508179,19.354,70.0138,70.8683,35.2201,29.1807,1135,799
MYCL,other,0.139878,0.421917,7.71049,77.5033,39.2054,49.4106,27.3172,692,696
MYCN,other,0.361194,0.585954,29.6418,120.667,55.8136,36.5269,25.3992,924,741
MYDGF,other,0.272264,0.655122,14.0906,59.2182,45.2296,36.5299,24.8398,871,773
MYEF2,other,0.123216,,103.323,1344.95,522.825,1456.91,529.053,14,24
MYF5,other,0.336762,0.840502,21.8115,67.3212,62.3123,45.2314,31.826,688,631
MYF6,other,0.235474,0.539865,17.4494,104.88,52.3581,58.9832,29.596,419,506
MYG1,other,0.216589,0.586595,8.95738,49.4397,34.595,35.0149,18.4299,916,948
MYH10,other,0.221786,0.6688,8.75945,49.8419,31.2963,35.6092,19.2439,764,845
MYH11,other,0.11039,1.20267,7.39331,78.7637,56.9501,77.0297,35.1562,367,439
MYH14,other,-0.00342045,-0.119678,-0.589915,112.702,263.925,99.0589,262.144,347,60
MYH3,other,0.253326,0.613724,11.1488,57.0912,33.9256,35.1385,18.8934,886,956
MYH9,other,0.242391,0.621694,15.1059,84.528,45.9472,49.3711,29.1542,477,596
MYL11,other,0.123359,0.339989,9.14617,85.7641,64.0964,64.084,30.7163,427,569
MYL12A,other,0.23507,0.763753,16.09,81.2663,57.6512,60.4839,36.2956,440,441
MYL12B,other,0.331738,0.534969,20.4513,80.4724,47.2286,29.4106,18.6072,840,912
MYL5,other,0.357665,0.701535,37.6057,112.97,97.8568,67.5824,34.5469,367,518
MYL6,other,0.275127,0.733033,18.4141,90.3761,49.5656,60.9196,28.143,397,543
MYL6B,other,0.195165,0.518512,9.18522,70.9022,31.2402,43.4566,19.8065,653,823
MYL9,other,0.375168,0.61509,30.1248,130.26,49.4978,42.613,22.1304,468,766
MYLIP,other,0.212296,0.807984,15.7651,78.218,70.5024,65.6353,40.246,436,394
MYLK,other,0.139379,0.461828,6.70489,64.833,35.6938,49.5802,21.8749,623,669
MYLK4,other,0.153584,0.383048,10.9157,94.1531,53.6508,52.6213,34.0977,476,498
MYNN,other,0.130399,0.512904,8.18147,81.4109,48.3538,56.6487,38.0784,479,424
MYO15A,other,0.180273,0.711579,11.8709,83.3648,52.0148,70.2164,30.8483,390,500
MYO15B,other,0.596847,0.780697,74.2218,155.49,99.4565,43.247,18.9302,962,1099
MYO16,other,0.270484,0.419644,18.5802,111.352,42.3759,28.9678,18.5804,1125,982
MYO18A,other,0.34807,0.59335,14.971,55.5814,33.2841,23.1554,13.6512,1080,1164
MYO19,other,0.592106,0.724391,71.1541,116.261,124.213,27.5311,15.4742,1600,1372
MYO1B,other,0.397999,0.669674,25.363,75.3586,53.8896,33.4196,19.6872,877,884
MYO1C,other,0.158264,0.738448,10.8633,75.8117,62.1483,63.4965,44.5754,431,384
MYO1D,other,0.182729,0.502336,13.0495,95.0896,53.6339,66.1748,30.2953,545,554
MYO1E,other,0.152863,1.61292,7.87002,55.61,47.6642,54.5332,25.5528,600,723
MYO1F,other,0.400406,0.759807,32.777,97.5106,68.7202,55.6157,24.3012,701,693
MYO1G,other,0.442472,0.679548,39.9775,103.666,78.7449,38.6738,25.494,1029,854
MYO3B,other,0.106554,0.890068,9.09517,111.638,65.2635,106.17,46.1673,280,327
MYO5A,other,0.259404,0.702364,13.8569,64.6871,44.1122,47.86,20.981,618,887
MYO6,other,0.11493,0.415083,12.8249,142.863,87.1606,116.571,50.8518,189,372
MYO9A,other,0.468623,0.634252,45.018,121.006,76.2637,29.0328,21.488,1022,921
MYOD1,other,0.0824833,0.638611,18.6776,313.647,163.481,278.329,139.261,88,124
MYOF,other,0.264489,0.654093,20.0476,107.625,53.3821,54.4278,35.7235,503,514
MYOG,other,0.135076,1.39021,21.0508,139.335,174.309,125.958,157.168,226,119
MYOM1,other,0.534981,0.633692,43.9385,88.0624,76.5989,17.2159,8.73884,2240,2368
MYOM2,other,0.190703,0.622654,13.1737,102.845,46.4003,75.055,30.2926,314,486
MYRFL,other,0.32469,0.649695,21.5369,74.1261,59.3546,38.9073,28.1535,770,642
MYSM1,other,0.221614,0.625456,12.4649,56.6216,55.8724,39.4962,32.6804,766,577
MYT1,other,0.30075,0.56955,17.0715,73.2541,43.9848,39.632,17.2635,592,859
MYT1L,other,0.652695,0.766143,54.1037,94.3487,72.8278,16.148,9.05665,1476,1840
MZB1,other,0.231528,0.492144,17.0501,92.4875,58.6355,49.4231,30.7648,442,608
MZF1,other,0.417286,0.56641,17.1875,52.5724,32.27,14.7747,7.90893,1813,2160
MZT2A,other,0.18578,0.62499,8.1918,54.0649,35.9621,39.5641,24.1147,812,746
MZT2B,other,-0.0452619,-0.192063,-9.48248,272.918,160.823,215.183,118.603,142,115
N4BP1,other,0.22856,0.525335,22.4014,123.055,78.0639,63.1101,47.7302,336,345
N4BP2,other,0.315389,0.599548,12.9642,46.64,36.2276,23.8323,15.7272,1153,1057
N4BP2L1,other,0.315216,0.687877,19.0167,74.9209,48.5792,45.432,22.6619,835,786
N4BP2L2,other,0.238092,0.523837,12.0683,58.2,44.1452,35.5727,20.6884,919,890
N4BP3,other,0.292516,0.651786,22.8678,58.0248,105.326,43.9281,18.0046,585,905
N6AMT1,other,0.314632,0.682305,63.1534,269.189,149.669,136.006,85.3425,165,201
NAA16,other,0.229297,0.633304,11.9642,58.3977,46.6205,40.9105,26.2115,674,674
NAA20,other,0.0583849,,31.97,532.659,562.906,352.89,594.535,56,25
NAA25,other,0.258494,1.22467,170.59,804.907,541.077,578.467,455.389,50,30
NAA30,other,0.388105,0.768696,145.304,395.518,354.397,169.539,196.281,86,71
NAA35,other,0.257309,0.540772,22.27,102.425,73.1351,46.3528,42.8892,483,394
NAA38,other,0.17059,0.584515,23.1675,204.208,90.319,125.369,70.3928,187,223
NAA40,other,0.371438,0.492111,50.7401,191.703,97.3423,43.4686,25.6243,695,745
NAA60,other,0.219211,0.615578,9.82402,48.1079,41.7482,35.4852,21.571,819,733
NAA80,other,0.311148,0.651895,40.2681,163.728,102.298,91.5034,49.4674,338,334
NAAA,other,0.140893,0.64074,9.88456,93.6735,52.5436,80.8737,33.9506,316,537
NAALAD2,other,0.247584,0.568255,12.7322,57.5409,45.9603,38.3461,19.8066,859,827
NAALADL1,other,0.226896,0.508902,13.1443,64.9944,51.6353,40.171,24.7605,805,697
NAB1,other,0.173686,0.552518,9.24402,72.5339,39.0529,52.107,25.3496,777,657
NAB2,other,0.206396,0.487498,11.73,70.1244,46.0601,45.0513,22.969,843,733
NABP1,other,0.234094,0.599002,14.397,76.131,49.6824,46.2963,30.3197,734,656
NACC1,other,0.271026,0.898528,20.4184,98.5602,57.5861,76.9747,33.663,359,483
NACC2,other,0.102934,0.487161,14.1221,192.202,97.9319,139.489,81.99,163,182
NADK,other,0.0286593,0.12455,5.60689,241.797,158.293,207.654,98.9379,138,173
NADK2,other,0.366484,0.681951,42.0672,115.819,113.762,62.4333,42.4836,421,464
NADSYN1,other,0.453694,0.82105,67.5072,162.587,136.171,65.0586,66.8565,564,344
NAE1,other,0.0231519,,16.0957,1276.49,378.643,1383.63,342.622,14,48
NAF1,other,0.342704,1.23054,143.443,425.812,411.439,254.823,331.969,100,57
NAGA,other,0.59457,0.694708,60.5026,117.497,88.1279,20.534,9.90479,2090,2189
NAGK,other,0.156964,0.549762,13.507,106.687,69.4071,85.2999,41.1836,373,408
NAGLU,other,0.217958,0.656908,11.1384,66.2906,39.3958,43.9372,26.5342,659,666
NAGPA,other,0.306796,0.536322,25.3638,86.225,79.2675,41.7365,28.9952,716,663
NAIP,other,0.338137,0.637831,15.319,50.4434,40.6886,28.0557,14.923,1160,1165
NAMPT,other,0.123205,0.421186,24.227,240.215,160.969,161.515,118.928,205,149
NANOG,other,0.383836,0.636828,20.9856,75.9588,39.3525,30.5123,15.458,910,974
NANOGNB,other,0.28322,0.693705,13.2227,60.6854,35.9179,37.5785,20.1943,728,919
NANOS1,other,0.192992,0.786874,14.5755,97.9932,58.2067,77.6598,41.3323,372,368
NANP,other,0.163236,0.600923,13.1362,101.814,63.6071,73.4336,46.7692,399,374
NANS,other,0.245089,1.02239,26.806,127.657,93.707,106.704,60.8989,241,276
NAP1L1,other,0.173082,0.884154,18.562,152.71,75.3143,114.021,63.9224,251,261
NAP1L2,other,0.203685,0.804741,14.5041,87.5519,57.9158,70.0101,39.3979,470,476
NAP1L3,other,0.179554,0.669957,14.1983,81.6203,76.6098,56.8092,58.5074,477,325
NAP1L4,other,0.168112,0.366217,7.50736,58.6307,34.0134,33.0335,17.596,927,995
NAP1L5,other,0.463085,0.581421,29.8936,87.2329,47.7701,16.5084,10.393,2066,1978
NAPB,other,0.317362,0.657277,26.6698,95.9858,73.5737,46.706,40.1639,563,450
NAPEPLD,other,0.257185,0.774502,16.6388,75.1364,55.7063,54.4717,33.3719,517,539
NAPG,other,0.169687,0.499312,13.6463,88.5176,73.0641,66.9501,38.4313,455,464
NAPRT,other,0.181957,0.767817,10.1237,64.2332,48.1931,54.2909,30.7076,552,519
NAPSA,other,0.433627,0.681547,25.163,76.5176,44.008,27.9998,15.9128,1002,1082
NARF,other,0.214611,0.743492,14.2851,93.6037,47.3333,62.8219,35.3406,441,492
NARS1,other,0.153867,,49.5125,385.236,268.79,353.275,291.813,54,53
NARS2,other,0.274015,0.746379,29.2333,96.0341,118.518,71.6976,55.4828,431,377
NASP,other,0.196861,0.509511,18.32,120.238,72.0253,71.6019,45.4438,419,348
NAT1,other,0.360316,0.644384,18.5381,61.1844,43.2636,28.1471,18.212,1016,965
NAT10,other,0.183666,,329.963,2430.46,1327.95,2526.57,1422.92,10,12
NAT14,other,0.184512,0.553233,8.90224,52.0365,44.7345,39.4883,24.0997,763,683
NAT9,other,0.334242,0.644608,18.0135,58.7242,49.4602,34.1204,17.7205,870,976
NATD1,other,0.408633,0.657965,32.3695,87.5888,71.6402,36.6721,24.1059,896,897
NAV1,other,0.0884233,0.309216,5.55381,74.1404,53.21,56.4153,35.01,570,501
NAXD,other,0.161232,1.01347,13.2844,94.5826,71.7745,85.4752,52.9091,371,363
NAXE,other,0.398372,0.660987,25.4319,72.1201,56.5097,32.1616,19.462,1120,1024
NBAS,other,0.221893,2.61093,185.321,1137.34,613.293,1064.73,543.911,21,29
NBEA,other,0.310355,0.718153,20.8027,73.1795,61.395,39.9857,36.1167,852,588
NBEAL1,other,0.191283,0.618777,10.8454,63.558,50.5787,47.0181,32.0053,689,568
NBEAL2,other,0.263909,0.627612,28.4652,152.671,76.2019,92.4705,42.0317,339,425
NBL1,other,0.175598,0.57253,10.2265,60.4981,56.0627,47.9172,30.703,629,542
NBPF1,other,0.292205,0.500675,12.4238,53.3413,33.8897,23.032,13.5746,1289,1219
NBPF11,other,0.195796,0.974242,10.0167,61.7103,42.4115,52.6752,30.7116,517,533
NBPF14,other,0.191456,0.482363,9.27567,61.9226,37.9057,38.0604,22.4093,730,761
NBPF15,other,0.208931,0.621331,11.6293,70.6792,43.8341,47.5102,28.714,681,620
NBPF19,other,0.172074,0.482331,10.643,69.3367,55.1736,50.297,29.6012,615,615
NBPF20,other,0.397209,0.710057,29.8079,81.6172,68.9992,39.7991,26.8574,806,759
NBPF26,other,0.12226,0.689369,8.10564,82.8663,53.0426,75.5145,34.2374,396,505
NBPF3,other,0.286962,0.6737,16.8891,75.9624,45.5999,46.1429,24.5244,781,731
NBPF9,other,0.296044,0.583084,13.3843,59.6641,34.2583,30.9444,15.912,945,1003
NBR1,other,0.132873,0.845646,19.4178,193.899,110.142,165.234,91.748,144,195
NCALD,other,0.197102,0.769153,22.2903,164.046,77.9619,133.921,50.0824,181,306
NCAM1,other,0.166876,0.301569,16.8462,136.8,74.4956,63.2544,32.0652,385,447
NCAPD2,other,0.0633172,,45.1474,1369.54,371.232,1520.91,376.363,11,33
NCAPD3,other,0.0959694,0.395296,22.0468,253.643,208.066,178.649,166.588,126,104
NCAPG2,other,0.339438,0.533923,65.2644,193.609,190.945,65.602,74.2203,354,285
NCAPH2,other,0.0980785,0.451225,22.6781,449.223,119.015,361.665,90.1663,48,167
NCBP3,other,0.516241,0.589885,109.129,174.95,255.426,31.8068,16.3264,1286,1356
NCDN,other,0.313424,0.648644,61.1191,190.919,199.178,114.258,83.3621,273,235
NCEH1,other,0.147817,0.657632,9.97896,78.726,57.8898,64.4432,41.7687,419,403
NCF1,other,0.51877,0.746816,31.2275,76.1627,47.5753,22.0573,15.2602,967,1050
NCF2,other,0.214384,0.55665,10.7073,59.5019,41.9225,42.4523,20.2213,767,810
NCF4,other,0.313769,0.68856,15.6457,55.9589,44.4323,34.5281,20.3407,872,939
NCK1,other,0.508433,0.754424,55.8152,121.436,99.2407,46.829,25.8752,805,892
NCK2,other,0.454534,0.780349,44.8091,120.715,80.5078,55.2943,30.1067,819,788
NCKAP1,other,0.136543,0.633754,8.70625,72.8943,55.7735,63.35,36.0004,522,502
NCKAP1L,other,0.275522,0.35721,34.0585,175.338,87.1487,23.6205,27.2292,867,645
NCKAP5L,other,0.283748,0.623026,14.325,66.1096,38.553,34.9216,21.6023,966,768
NCKIPSD,other,0.0644536,0.282776,14.3481,362.93,136.544,304.09,92.7884,61,180
NCL,other,0.526913,0.993081,241.7,465.358,452.158,193.035,234.637,189,118
NCOA1,other,0.361731,0.802447,33.8651,91.3917,95.9018,52.394,50.2315,617,452
NCOA2,other,0.144802,0.624326,7.16579,64.5223,37.9551,50.0669,28.8418,615,613
NCOA3,other,0.0603671,0.382167,3.726,82.9469,45.9287,72.671,36.6783,397,445
NCOA4,other,0.38664,0.644509,38.2285,104.283,93.7449,50.6709,28.1222,779,791
NCOA5,other,0.111639,0.808071,14.9334,145.839,122.692,135.939,88.195,197,167
NCOA6,other,0.536171,0.778683,46.7332,114.399,66.4085,34.8449,21.1323,740,842
NCOA7,other,0.23437,0.673375,18.7185,104.245,61.1903,76.5033,33.336,300,475
NCOR1,other,0.553444,0.654334,107.885,243.26,156.207,45.4817,18.7582,713,961
NCOR2,other,0.242274,0.586283,11.8231,57.5486,41.3825,36.5863,21.9821,793,738
NCR3,other,0.089486,0.317092,7.06439,103.157,60.4146,76.8304,41.5613,366,372
NCR3LG1,other,0.186882,0.584038,10.4935,68.3615,46.1211,49.0594,29.3964,608,669
NCS1,other,0.3071,0.787888,33.3913,108.434,109.028,67.9523,64.66,465,295
NDC1,other,0.0615645,,5.02295,100.643,66.1417,106.788,42.0953,242,447
NDC80,other,0.203265,,68.4583,427.909,265.08,442.124,213.539,53,70
NDE1,other,0.205846,0.658761,10.9635,64.4645,44.0043,46.6446,28.4612,732,638
NDEL1,other,0.185394,1.79024,63.3906,267.333,437.327,241.871,388.086,118,57
NDFIP1,other,0.330564,0.688612,18.4447,61.3168,50.7755,34.2703,24.2487,817,748
NDFIP2,other,0.16217,0.71237,12.721,87.9894,69.9312,77.3487,39.9628,331,442
NDOR1,other,0.137641,0.568707,33.9282,267.889,226.815,201.443,173.252,119,101
NDRG1,other,0.387336,0.814998,64.5571,193.272,143.729,98.0294,77.8502,303,270
NDRG2,other,0.131257,0.466514,7.07616,70.5358,41.2039,50.7851,29.555,600,551
NDRG3,other,0.0877157,,9.734,148.96,82.6718,151.235,65.0398,180,249
NDST1,other,0.298816,0.577048,8.49557,35.3336,22.8766,19.8574,8.87112,1655,1919
NDST2,other,0.0679326,0.149743,3.73706,84.7436,35.7106,41.9717,21.149,772,769
NDUFA10,respiratory chain (NDUF/COX/UQCR/ATP5),0.487101,0.681272,45.5191,118.557,73.6581,35.2148,20.0932,866,913
NDUFA11,respiratory chain (NDUF/COX/UQCR/ATP5),0.16099,0.723155,11.7617,76.7337,69.5591,65.3501,46.3213,405,378
NDUFA12,respiratory chain (NDUF/COX/UQCR/ATP5),0.245437,0.612163,12.0513,64.3109,37.4893,39.4421,21.9052,639,700
NDUFA13,respiratory chain (NDUF/COX/UQCR/ATP5),0.14946,0.748248,11.4561,90.3784,65.0074,79.6674,43.1218,359,412
NDUFA3,respiratory chain (NDUF/COX/UQCR/ATP5),0.0698548,0.475717,7.56817,104.17,112.68,93.9314,87.9603,319,206
NDUFA4,respiratory chain (NDUF/COX/UQCR/ATP5),0.254023,0.676514,11.9894,50.715,43.9251,34.7107,24.3002,802,722
NDUFA5,respiratory chain (NDUF/COX/UQCR/ATP5),0.0063084,0.0899916,2.80789,536.479,369.291,472.023,354.188,34,49
NDUFA6,respiratory chain (NDUF/COX/UQCR/ATP5),0.237106,0.583146,34.6403,132.047,161.64,92.1236,73.2538,427,336
NDUFA7,respiratory chain (NDUF/COX/UQCR/ATP5),0.185346,0.529135,101.251,467.103,638.885,329.658,372.481,79,56
NDUFA8,respiratory chain (NDUF/COX/UQCR/ATP5),0.137379,0.374231,15.7838,112.445,117.393,83.449,56.044,339,326
NDUFA9,respiratory chain (NDUF/COX/UQCR/ATP5),0.143154,0.559129,18.3011,113.168,144.421,94.3812,87.3925,308,209
NDUFAF1,respiratory chain (NDUF/COX/UQCR/ATP5),0.111604,1.23422,8.99278,105.147,61.7488,101.226,48.2091,284,343
NDUFAF2,respiratory chain (NDUF/COX/UQCR/ATP5),0.196896,1.58661,16.0619,94.0087,70.7875,88.3523,52.6692,332,338
NDUFAF3,respiratory chain (NDUF/COX/UQCR/ATP5),0.251858,0.371253,21.2812,61.6311,115.846,25.7443,24.2831,1102,886
NDUFAF4,respiratory chain (NDUF/COX/UQCR/ATP5),0.128437,0.346616,9.44074,75.7285,71.346,53.8373,37.458,492,435
NDUFAF5,respiratory chain (NDUF/COX/UQCR/ATP5),0.387947,0.661216,79.3669,222.127,188.422,76.8579,89.2438,278,234
NDUFAF6,respiratory chain (NDUF/COX/UQCR/ATP5),0.182082,0.416292,8.61029,48.5448,46.0637,30.9372,21.7675,934,849
NDUFAF8,respiratory chain (NDUF/COX/UQCR/ATP5),0.150283,1.00211,9.04381,86.3943,41.9176,78.0906,32.1091,304,521
NDUFB1,respiratory chain (NDUF/COX/UQCR/ATP5),0.0763541,,9.23767,153.549,95.3264,169.91,82.8972,181,205
NDUFB10,respiratory chain (NDUF/COX/UQCR/ATP5),0.071869,0.361781,11.371,176.992,141.435,135.266,117.76,160,135
NDUFB11,respiratory chain (NDUF/COX/UQCR/ATP5),0.248778,0.523123,18.6869,76.0907,74.1516,39.8562,38.9352,744,495
NDUFB2,respiratory chain (NDUF/COX/UQCR/ATP5),0.255988,0.684559,21.7705,83.5893,86.5262,59.5886,44.3867,583,475
NDUFB3,respiratory chain (NDUF/COX/UQCR/ATP5),0.354715,0.782088,28.5083,108.297,59.644,59.7868,32.2537,437,483
NDUFB4,respiratory chain (NDUF/COX/UQCR/ATP5),0.202824,0.597395,18.764,93.6327,91.4081,69.9785,49.7,431,379
NDUFB5,respiratory chain (NDUF/COX/UQCR/ATP5),0.353552,0.811548,34.3987,121.989,77.5991,71.9928,41.6638,342,422
NDUFB6,respiratory chain (NDUF/COX/UQCR/ATP5),0.194216,0.425867,11.1699,59.4512,55.637,38.1466,23.3464,824,797
NDUFB7,respiratory chain (NDUF/COX/UQCR/ATP5),0.14859,0.926161,23.8902,195.573,132.175,178.766,92.5876,123,171
NDUFB8,respiratory chain (NDUF/COX/UQCR/ATP5),0.416269,0.781633,18.914,49.959,41.3243,23.3754,19.2976,1139,926
NDUFB9,respiratory chain (NDUF/COX/UQCR/ATP5),0.250319,0.552215,20.3892,73.5162,90.2468,44.9783,42.4759,610,453
NDUFC1,respiratory chain (NDUF/COX/UQCR/ATP5),0.193823,0.574386,19.8824,107.211,98.1489,78.81,55.9604,384,361
NDUFC2,respiratory chain (NDUF/COX/UQCR/ATP5),0.0895697,1.11068,11.6947,132.639,128.524,123.874,115.876,205,151
NDUFS1,respiratory chain (NDUF/COX/UQCR/ATP5),0.183422,0.481608,10.9138,75.9826,46.5948,48.0402,28.2167,476,606
NDUFS2,respiratory chain (NDUF/COX/UQCR/ATP5),0.41906,0.575949,30.046,84.3567,60.9399,22.236,17.1301,1488,1249
NDUFS3,respiratory chain (NDUF/COX/UQCR/ATP5),0.233618,0.744721,16.4803,68.4554,72.6959,51.3851,44.0079,580,441
NDUFS4,respiratory chain (NDUF/COX/UQCR/ATP5),0.456587,0.775213,21.8193,55.362,41.2497,24.0305,15.9651,1266,1246
NDUFS5,respiratory chain (NDUF/COX/UQCR/ATP5),0.189787,0.473659,18.7962,97.7639,100.33,64.9075,52.4019,507,386
NDUFS6,respiratory chain (NDUF/COX/UQCR/ATP5),0.506954,0.668802,31.4551,74.2968,51.8174,20.9167,10.3785,1743,1909
NDUFS7,respiratory chain (NDUF/COX/UQCR/ATP5),0.285303,0.496091,31.057,106.426,111.343,52.6757,38.4272,666,544
NDUFS8,respiratory chain (NDUF/COX/UQCR/ATP5),0.160592,0.385282,29.0868,175.607,186.811,113.232,95.4381,242,201
NDUFV1,respiratory chain (NDUF/COX/UQCR/ATP5),0.171448,0.409542,9.12935,66.7999,42.4464,41.6475,22.6902,747,802
NDUFV2,respiratory chain (NDUF/COX/UQCR/ATP5),0.296458,0.553888,20.1788,79.6439,58.1715,39.8829,24.7913,927,779
NDUFV3,respiratory chain (NDUF/COX/UQCR/ATP5),0.3239,0.684387,8.03069,28.4432,21.6125,17.0581,9.51868,1842,1852
NEB,other,0.419418,0.659304,38.4209,122.742,68.3674,52.2645,20.1822,458,903
NECAB3,other,0.130989,,10.7777,118.231,57.2601,119.459,48.898,240,325
NECAP1,other,0.273602,0.663388,20.5292,97.2852,57.8705,58.492,33.1844,501,584
NECAP2,other,0.169835,0.698641,13.7279,96.8294,67.4755,80.024,44.5006,374,357
NECTIN1,other,0.359406,0.73948,13.2922,48.3829,28.2706,23.9108,15.0676,1472,1240
NECTIN2,other,0.112608,0.687249,8.67235,100.464,59.037,90.4661,43.1098,298,387
NECTIN3,other,0.163737,0.64271,7.16235,53.2752,35.9165,43.2525,23.5259,852,784
NEDD4,other,0.0658163,0.55407,7.88751,144.428,99.4398,134.276,79.478,194,260
NEDD4L,other,0.295439,0.800217,20.3785,74.8968,63.5251,55.0136,30.9081,538,606
NEDD8,other,0.126116,,75.8575,604.896,598.105,634.803,617.954,43,27
NEDD9,other,0.215985,0.589173,9.90879,53.9152,39.0378,36.9704,22.3453,909,877
NEFL,other,0.111523,1.17407,11.882,115.421,98.3485,108.856,82.7485,276,207
NEFM,other,0.262475,0.891244,16.5321,68.152,58.2107,56.5559,28.5385,499,555
NEIL1,other,0.374245,0.647919,28.8485,84.1005,70.6538,36.917,28.6379,790,635
NEIL2,other,0.115731,0.702961,6.91359,73.7898,48.3626,63.9815,38.501,419,387
NEIL3,other,0.203325,0.682431,11.8291,69.7299,48.5401,52.687,30.9105,577,570
NEK1,other,0.503959,0.667575,50.0332,175.479,56.1694,30.9411,17.3067,544,892
NEK10,other,0.163998,0.901042,14.2287,130.588,57.6434,110.317,45.342,251,346
NEK11,other,0.22358,0.712609,10.1132,50.3119,40.6669,39.0426,22.7947,724,714
NEK2,other,0.290109,0.629482,10.5596,44.6366,29.6813,23.5549,16.3331,1258,1068
NEK3,other,0.137636,1.15257,12.9994,116.857,76.3355,112.52,46.9986,214,359
NEK4,other,0.185606,1.27013,28.5847,226.269,104.823,183.665,92.935,117,162
NEK6,other,0.228892,0.575982,11.3106,60.978,40.0438,41.2002,20.5466,634,736
NEK7,other,0.420234,0.645651,39.79,99.9981,89.6545,41.7309,24.4725,908,969
NEK8,other,0.309194,0.616906,14.9701,60.3511,38.8424,31.2507,18.6068,995,998
NEK9,other,0.295653,0.749372,13.7684,54.8832,39.5148,39.0912,18.1384,954,951
NELFA,other,0.103744,,74.4701,1148.5,448.649,1130.62,476.787,22,24
NELFCD,other,0.213024,0.749706,56.1127,324.185,214.028,195.055,170.646,135,102
NELFE,other,0.368075,0.714647,38.3509,120.073,90.4136,63.1721,39.8018,505,493
NELL2,other,0.2006,0.906229,16.8671,98.5017,71.7757,83.2528,49.0579,394,370
NEMF,other,0.303388,0.653513,32.0577,113.024,98.7863,71.1075,41.3788,453,419
NEMP1,other,0.32613,0.672038,24.8,99.3206,58.2216,53.6293,28.417,635,697
NEMP2,other,0.308365,0.55513,25.7207,104.826,66.3691,45.0241,30.4718,764,616
NEO1,other,0.246857,1.03136,22.7786,120.649,70.5727,90.0276,54.6433,292,335
NET1,other,0.0726848,,10.1055,179.683,107.578,190.346,86.9072,150,178
NETO2,other,0.189425,0.637392,10.5775,66.5168,46.877,49.6437,30.5556,596,551
NEU1,other,0.163492,0.459017,7.96682,55.6628,42.6593,40.2387,23.1288,825,813
NEU3,other,0.174112,0.589918,8.06726,59.4056,36.1382,42.4115,25.1337,706,642
NEURL1,other,0.641264,0.725948,121.588,200.58,179.233,29.1412,15.6045,1679,1833
NEURL4,other,0.182893,0.384993,10.3355,85.7059,37.2609,44.3376,19.8393,586,841
NEUROD2,other,0.414885,0.462983,41.7391,183.61,55.1233,13.2466,7.41645,3266,2588
NEUROD4,other,0.292411,0.709282,22.336,91.7267,63.6103,57.0263,35.0318,484,486
NEUROD6,other,0.392248,0.680286,26.9932,85.0523,55.6802,38.6789,21.729,817,945
NEUROG1,other,0.233458,0.548438,12.2212,65.5149,41.8281,39.5455,22.7073,653,747
NEUROG2,other,0.452656,0.69138,27.2671,72.5077,50.0446,27.5209,15.4698,1196,1293
NEUROG3,other,0.100243,0.475118,5.56191,75.8167,40.6045,56.7997,33.3984,461,496
NEXN,other,0.186917,0.464883,9.77822,71.904,38.0599,43.5199,22.4731,623,687
NF1,other,0.121112,0.714509,9.20758,105.792,54.6337,92.1756,42.438,294,410
NF2,other,0.33175,0.71321,18.7648,63.4865,50.3949,40.2026,20.6646,728,886
NFAM1,other,0.310093,0.48282,23.7807,81.6629,72.0182,34.3474,20.7467,898,883
NFASC,other,0.28994,0.84991,30.0352,115.348,93.0327,87.3065,48.4963,303,329
NFAT5,other,0.356386,0.747762,30.7841,132.449,56.333,64.4034,31.4256,394,555
NFATC1,other,0.233686,0.672888,12.1035,58.7444,45.6654,42.5649,25.6681,684,647
NFATC2,other,0.152527,0.515803,8.8896,65.8668,51.5708,51.2038,31.3138,627,535
NFATC2IP,other,0.280584,0.791123,33.8651,174.858,83.3093,110.675,54.7599,286,327
NFATC3,other,0.219373,0.400798,8.73454,46.1966,34.3164,24.4234,12.5039,1345,1433
NFATC4,other,0.531559,0.606705,52.14,129.93,74.0505,14.3982,10.1237,2160,1880
NFE2,other,0.0806934,0.500286,5.1009,80.3677,49.7205,71.0811,38.5262,359,413
NFE2L2,other,0.166295,1.90597,32.5052,258.121,148.021,242.935,128.868,99,137
NFE2L3,other,0.187237,0.488453,8.93761,58.8502,38.7178,38.3747,22.3661,713,828
NFE4,other,0.213616,0.857645,20.7649,121.303,77.8971,93.2214,57.0219,299,351
NFIA,other,0.295308,0.511545,14.3863,77.1611,30.7575,22.6498,16.2483,1259,1068
NFIB,other,0.31118,0.626334,15.3593,61.1643,39.8308,35.1158,16.7449,982,1081
NFIC,other,0.136238,0.740281,10.9424,76.2966,84.551,71.4588,39.3882,426,445
NFIL3,other,0.31921,0.820293,33.2633,112.095,96.87,74.5978,53.0181,371,358
NFIX,other,0.139678,0.465155,12.3466,78.0581,100.098,62.7236,54.1537,484,426
NFKB1,other,0.204213,0.489982,26.3086,138.094,120.186,90.0941,60.1243,287,291
NFKB2,other,0.564221,0.637548,89.2125,162.944,153.431,24.1674,12.3372,1881,1843
NFKBIA,other,0.311818,0.779776,26.7046,95.8352,76.5318,66.1501,37.0231,472,532
NFKBIB,other,0.225904,0.583794,14.7787,85.6211,49.9853,60.5548,24.4194,564,660
NFKBID,other,0.0802657,0.211873,13.6699,192.103,150.987,129.585,84.4013,179,218
NFKBIE,other,0.138526,,136.199,1256.87,769.118,1351.55,791.391,15,22
NFKBIL1,other,0.497081,0.534125,89.4964,234.287,138.36,15.3803,10.1065,1805,1903
NFKBIZ,other,0.188891,0.600988,12.1519,71.8658,57.5892,53.7897,34.9715,502,497
NFRKB,other,0.664589,0.747342,114.884,234.208,127.588,21.848,16.3109,1665,1321
NFS1,other,0.246798,0.865455,14.5455,67.8887,51.1655,51.1738,34.2664,476,493
NFU1,other,0.199993,0.793126,20.9529,90.9187,120.728,76.7073,71.6179,345,278
NFX1,other,0.27314,0.596591,13.8983,57.1174,45.3296,36.4014,19.132,832,814
NFXL1,other,0.178856,2.08125,13.9076,91.4642,66.1074,87.2644,55.4751,318,317
NFYB,other,0.114298,0.70045,17.9527,212.224,116.249,169.724,100.792,173,191
NGRN,other,0.21669,0.537196,17.4865,84.346,77.2082,57.3775,37.9182,557,430
NHEJ1,other,0.196861,0.980933,15.5982,95.6235,65.6545,79.411,50.0583,368,340
NHERF1,other,0.381309,0.601936,28.3242,78.6013,70.1991,31.8171,22.8714,938,803
NHERF2,other,0.187053,0.6088,18.1068,122.722,76.3542,85.4924,52.5941,304,312
NHLH1,other,0.37278,0.666142,16.655,54.3904,36.6995,26.2085,14.5183,1020,1174
NHLH2,other,0.104637,,13.8976,160.625,109.825,170.445,92.8778,124,192
NHLRC2,other,0.184637,0.865901,28.4032,168.171,140.716,134.455,108.805,252,135
NHLRC3,other,0.187634,0.5947,11.5198,81.5768,46.2065,58.9086,29.6534,529,593
NIBAN1,other,0.241705,0.420413,12.9009,71.2709,39.972,28.8688,17.7645,979,870
NIBAN2,other,0.206344,0.626424,15.6436,87.8755,65.4062,63.1656,40.1678,432,431
NIBAN3,other,0.175673,0.481175,10.7789,96.015,39.2108,57.6511,26.1303,493,589
NICOL1,other,0.538105,0.679569,42.0629,89.8508,68.0054,23.9122,9.90327,1918,2147
NID2,other,0.118732,0.94146,6.30113,56.0382,50.2595,53.6957,31.1367,630,579
NIF3L1,other,0.20978,0.715172,9.42835,54.4075,37.1266,41.7524,23.393,744,705
NIN,other,0.232749,0.748652,13.8398,60.1094,58.8224,48.0259,30.5407,676,577
NINJ1,other,0.18368,0.88361,23.9524,177.596,95.7508,147.432,71.39,167,244
NINJ2,other,0.113862,0.474038,6.85284,71.3292,50.7826,56.3738,36.8087,488,465
NIP7,other,0.169428,6.21903,73.1439,642.392,290.126,600.782,286.802,30,51
NIPA1,other,0.115668,0.357202,7.23543,70.032,55.8729,52.8628,31.9755,590,583
NIPA2,other,0.505906,0.678388,61.0948,132.937,109.704,43.7744,18.7401,821,985
NIPAL1,other,0.141564,0.437345,7.16536,68.2208,37.5537,51.1126,21.8637,699,723
NIPAL2,other,0.430113,0.690905,38.029,102.783,76.058,42.6578,25.6688,916,891
NIPAL4,other,0.333405,0.599023,26.264,97.8871,63.3946,44.6857,27.2609,728,653
NIPBL,other,0.376257,0.480449,57.7176,208.878,112.656,47.7924,23.0653,740,649
NIPSNAP1,other,0.386419,0.606904,24.5268,73.6405,54.7076,30.0731,17.2208,1115,1242
NIPSNAP2,other,0.390064,0.680003,24.6526,65.4826,60.9999,31.6342,22.1699,994,861
NIPSNAP3B,other,0.153578,0.698422,15.1569,110.733,87.9603,92.3839,62.2934,317,273
NISCH,other,0.37868,0.663186,17.9381,60.5382,37.0663,26.9067,15.3125,1220,1250
NIT1,other,0.0808005,,16.8588,192.792,225.805,201.285,219.134,123,77
NIT2,other,0.103853,,8.76264,109.559,64.9808,117.73,51.1403,266,312
NKAPD1,other,0.363012,0.510949,53.8104,148.263,148.204,42.9612,42.8762,451,461
NKD1,other,0.196602,0.782162,12.9218,75.4507,57.2541,62.7224,35.8113,442,500
NKD2,other,0.112655,0.857297,8.28172,101.179,53.4136,93.9016,40.5905,279,422
NKG7,other,0.21649,0.980974,13.6828,75.7855,52.7097,64.5185,35.4421,496,491
NKIRAS1,other,-0.0151612,,-18.6953,1911.09,795.645,1876.3,891.807,12,13
NKIRAS2,other,0.159041,0.937451,14.2847,96.4404,83.6504,86.0579,61.2866,329,308
NKRF,other,0.197603,1.19257,13.8243,78.4901,62.3572,69.8492,46.8061,421,371
NKTR,other,0.223551,0.966913,16.6412,89.3413,62.0245,76.6228,38.7351,389,427
NKX1-1,other,0.148149,0.492566,8.05341,62.7341,47.1038,46.2904,30.8471,598,545
NKX1-2,other,0.140997,1.03587,10.1104,91.5581,56.1586,85.3254,40.8743,338,405
NKX2-1,other,0.243971,0.70522,10.5952,54.1613,34.8223,38.3927,20.5077,745,741
NKX2-2,other,0.24386,0.56696,29.1709,164.022,87.2402,94.162,49.3466,326,318
NKX2-3,other,0.107174,0.280117,11.5787,103.239,113.056,63.8781,69.6473,639,274
NKX2-4,other,0.146523,0.559082,9.41831,70.5662,58.5512,57.8131,36.2986,500,481
NKX2-5,other,0.649173,0.780634,88.9685,157.671,119.124,30.5559,16.9406,1367,1411
NKX2-6,other,0.539206,0.710047,49.2144,120.585,69.085,30.3567,15.8411,925,1207
NKX2-8,other,0.191126,0.401058,16.6936,139.182,54.8125,56.2923,33.9106,331,493
NKX3-1,other,0.331534,0.60688,33.2971,122.393,82.4135,63.1805,31.5749,544,583
NKX3-2,other,0.124858,0.692273,14.8317,130.233,108.349,108.95,86.7816,212,212
NKX6-1,other,0.090442,0.554103,10.0217,168.309,72.952,49.1982,70.2057,842,282
NKX6-2,other,0.202249,0.705129,15.0157,76.086,72.446,62.2832,39.5922,513,487
NKX6-3,other,0.204606,0.582817,11.5836,81.1324,39.5057,51.5112,26.1697,478,561
NLE1,other,0.222065,1.10717,18.5734,91.3346,76.5926,78.7239,54.2768,358,339
NLGN2,other,0.238307,0.813435,27.1148,108.257,119.587,76.6091,84.4776,349,230
NLGN3,other,0.0832742,1.40633,6.10678,77.908,69.0275,76.8432,51.3193,341,330
NLK,other,0.0989633,1.14569,8.39424,105.953,67.905,95.8021,62.6165,283,280
NLN,other,0.205247,1.10904,19.7096,91.2288,101.081,78.9901,75.2746,382,253
NLRC5,other,0.260892,0.679751,13.8025,60.1476,46.5342,42.2179,23.5389,628,657
NLRP1,other,0.295486,0.575847,19.8404,86.2997,52.242,46.0245,22.7672,868,842
NLRP2,other,0.257094,0.652614,11.9643,54.056,40.0631,35.1303,22.3046,871,846
NLRP3,other,0.072336,0.305196,7.78828,132.221,87.6741,98.178,68.5452,272,242
NLRP6,other,0.236344,0.426735,13.9498,73.5394,47.3725,34.5365,19.9744,712,787
NLRX1,other,0.498663,0.690153,48.8445,140.24,68.4143,44.3829,16.1606,606,1123
NMB,other,0.0982184,0.342948,6.15478,71.5399,54.8897,56.1043,34.0234,473,587
NME1,other,0.381899,0.682034,15.2319,43.7314,36.3763,20.6752,14.7436,1497,1372
NME2,other,0.122282,0.793448,34.3217,371.512,212.052,345.576,139.908,71,143
NME3,other,0.196971,0.656859,21.8884,121.449,101.679,97.5725,55.1731,250,270
NME4,other,0.0933288,0.881814,7.38934,89.4275,70.0985,81.3347,61.4217,313,290
NME6,other,0.12125,0.569458,6.27528,62.3325,42.9722,52.4254,30.7149,539,515
NME7,other,0.214535,0.547195,13.7637,69.1433,59.5288,48.4467,28.9591,620,640
NME9,other,0.107502,0.285921,8.50837,103.133,60.7382,69.4613,34.439,416,461
NMI,other,0.0519707,0.19683,2.81407,68.5504,42.7703,53.2352,29.4239,566,542
NMNAT1,other,0.12692,,72.6335,544.299,601.698,453.725,632.785,57,30
NMNAT3,other,0.312779,0.592698,23.9612,133.207,44.057,49.1117,24.6223,576,628
NMRAL1,other,0.217277,0.608887,18.8034,155.832,48.0603,83.2479,34.9215,317,458
NMRK1,other,0.283095,0.832165,14.9956,56.5597,49.6084,41.3007,28.3279,718,731
NMT1,other,0.160852,0.624983,37.1602,340.868,156.573,240.821,121.237,65,139
NMT2,other,0.537529,0.64159,58.5766,145.7,81.5049,24.5774,12.6861,1666,1472
NMUR1,other,0.333189,0.760795,23.5123,79.94,62.2938,49.5721,30.8425,630,635
NNAT,other,0.424463,0.689986,18.968,57.8585,34.5142,24.8505,11.619,1465,1494
NNMT,other,0.0991988,0.327515,7.30698,95.9225,56.5642,69.4172,37.7849,365,444
NNT,other,0.150677,0.772816,14.0684,117.747,74.0372,100.621,54.6868,320,333
NOA1,other,0.195445,0.787662,16.7308,101.959,71.8711,84.7584,45.6407,358,420
NOBOX,other,0.312299,0.63672,11.5309,43.6433,31.2366,22.3391,15.8423,1209,1071
NOC2L,other,0.129257,1.56874,58.9584,535.51,388.521,516.631,313.704,53,47
NOC4L,other,0.0885792,0.572495,83.0533,1446.59,607.72,1194.04,524.387,19,31
NOCT,other,0.183666,1.06153,10.9785,65.6659,54.4111,58.8362,38.7502,545,487
NOD1,other,0.179188,0.489533,8.07653,52.4728,38.7165,35.621,22.5641,916,760
NOD2,other,0.131498,1.41607,25.5393,211.067,178.715,196.105,156.975,132,103
NODAL,other,0.312533,0.693669,16.0225,63.2975,41.5223,38.0024,20.4302,940,974
NOG,other,0.363127,0.612228,28.543,97.5934,63.3086,44.1016,22.6749,884,839
NOL12,other,0.191181,1.08662,57.6883,278.88,326.49,226.462,272.72,82,63
NOL3,other,0.217054,1.17619,42.4127,272.756,139.985,257.21,56.3429,122,274
NOL4L,other,0.605915,0.732218,67.1684,130.233,94.3594,25.3497,14.1285,1811,1579
NOL6,other,0.161404,,101.677,1060.89,374.07,1140.31,186.134,22,103
NOL7,other,0.107006,,93.8966,671.711,1146.31,587.007,1179.47,37,21
NOLC1,other,0.0500217,,12.2335,299.783,199.515,218.507,215.122,64,58
NOMO1,other,0.190154,0.401327,9.08624,66.0229,34.5831,32.7461,19.1792,853,995
NOMO2,other,0.0615331,0.285885,12.8523,242.687,179.763,156.276,156.374,150,98
NONO,other,0.235854,0.714401,13.591,69.2568,47.9465,51.3103,27.7795,644,648
NOP53,other,0.260824,0.712289,71.7989,357.454,211.993,219.993,138.076,102,141
NOP56,other,0.106619,,21.3323,233.693,171.303,241.965,153.825,117,107
NOP9,other,0.079556,,7.76862,111.747,85.3308,116.341,65.1255,231,218
NOPCHAP1,other,0.125593,1.11485,33.1566,331.87,210.009,298.179,183.755,74,106
NOS1,other,0.0736816,,6.27003,104.421,69.3477,111.792,63.1673,231,242
NOS3,other,0.166214,1.0801,10.0248,68.5389,53.0736,64.2039,33.2021,431,497
NOSIP,other,0.225052,0.639401,18.2371,113.572,57.8199,68.8136,39.6443,432,469
NOTCH1,other,0.094021,0.49377,5.91142,81.6772,48.3987,68.5016,37.5203,545,464
NOTCH2,other,0.263999,0.810927,14.4317,70.8943,42.152,48.5467,27.9797,602,687
NOTCH2NLA,other,0.194998,1.06293,16.221,81.4739,84.9333,68.0271,67.6139,399,258
NOTO,other,0.106692,0.352853,7.27559,86.3971,53.824,61.2139,36.9414,495,454
NOXA1,other,0.202551,0.607519,12.8337,81.5212,49.2453,59.8309,28.6714,391,533
NPAS1,other,0.191508,1.11694,21.1742,127.401,95.9556,114.781,67.479,241,274
NPAS2,other,0.243666,0.558627,39.4097,215.743,121.249,110.514,73.953,166,228
NPAS3,other,0.151335,0.576025,6.88274,56.92,36.3394,41.9546,26.7994,652,611
NPAS4,other,0.222324,0.625442,11.4998,58.7823,45.5153,40.7601,26.7569,698,659
NPAT,other,0.0947857,0.358468,54.8007,720.801,463.736,456.115,375.44,38,38
NPC1,other,0.167727,0.842507,23.3401,192.923,100.373,145.323,84.2496,179,181
NPC2,other,0.159793,0.330174,33.8898,123.395,364.524,80.3811,119.592,336,183
NPDC1,other,0.148459,1.12588,16.0762,135.172,86.7501,124.911,66.8802,214,242
NPEPL1,other,0.340257,0.586645,18.9102,59.99,51.487,30.4267,16.3401,978,1104
NPEPPS,other,0.149746,0.556158,22.8496,225.416,103.29,186.076,60.3836,121,250
NPHP3,other,0.219216,0.527235,14.4401,66.556,65.194,46.1726,28.3935,631,641
NPHP4,other,0.267341,0.583794,13.8449,60.1375,44.5971,34.1354,22.9672,841,817
NPIPA1,other,0.314636,0.776846,14.9427,60.1503,37.4977,36.7209,21.706,875,823
NPIPA5,other,0.316885,1.14542,43.629,175.877,107.78,130.591,75.7427,160,206
NPIPA7,other,0.137664,0.46484,17.4293,160.221,100.046,103.83,75.1146,297,223
NPIPA8,other,0.157447,0.55335,8.47091,74.458,38.8757,51.1731,28.8113,670,604
NPIPB15,other,0.101114,0.52434,9.06877,144.969,55.4881,119.078,43.9341,184,346
NPIPB3,other,0.300605,0.605882,28.4206,97.9731,91.2362,56.8285,37.758,491,490
NPIPB4,other,0.124336,0.351914,6.28182,72.5711,35.1733,41.451,24.9343,679,664
NPIPB5,other,0.250007,0.555225,23.6116,128.061,69.6519,48.1778,47.0128,523,362
NPL,other,0.222898,0.843591,22.3311,108.044,92.8983,85.5803,61.7037,353,333
NPLOC4,other,0.119001,1.104,10.646,124.866,64.0958,117.246,51.8922,225,319
NPM1,other,0.161451,1.68085,36.254,250.305,201.447,210.197,189.848,104,83
NPM3,other,0.314594,0.505082,19.156,72.1896,51.361,33.192,14.4762,1105,1260
NPR2,other,0.281875,0.60279,18.1989,69.4421,60.0282,38.6864,30.3912,722,624
NPRL2,other,0.115239,0.497693,7.88203,82.311,56.8352,70.0135,36.4398,390,485
NPRL3,other,0.442994,0.602561,48.8376,147.021,82.6672,36.8706,23.0297,692,683
NPTN,other,0.193357,0.575634,13.4327,91.1812,52.9299,68.5418,28.8768,491,543
NPTX1,other,0.242719,0.719888,9.67424,45.3875,35.0017,32.241,21.2647,865,855
NPTXR,other,0.126786,1.6536,11.6363,113.65,74.1169,111.637,49.5138,293,330
NQO1,other,0.205464,0.646247,17.9003,124.224,61.1002,83.3954,42.3088,258,376
NQO2,other,0.295663,0.687838,13.0309,53.9565,36.0006,33.1099,18.7843,756,803
NR0B1,other,0.23011,0.393525,11.7142,68.591,37.7824,24.2512,17.7981,1044,946
NR1D1,other,0.197057,0.421191,13.4187,79.37,58.4229,44.5748,29.2523,686,687
NR1D2,other,0.260161,0.570422,18.3002,89.8572,55.0651,46.6137,31.2639,572,515
NR1H2,other,0.431398,0.596315,51.3287,134.003,105.645,43.1915,24.057,892,854
NR1H3,other,0.265336,0.724549,19.0791,80.2235,64.4495,58.6351,32.3307,523,545
NR1H4,other,0.381449,0.765189,33.2817,112.744,67.5219,64.2773,28.4892,672,630
NR1I2,other,0.387822,0.783278,18.9161,51.5505,46.1493,31.3766,17.2398,882,971
NR1I3,other,0.363542,0.540218,26.2334,91.4936,56.9126,28.8288,19.2815,690,872
NR2C1,other,0.0872286,0.46564,10.3435,165.077,85.1791,143.404,62.4121,150,282
NR2C2,other,0.40198,0.873763,48.3962,138.775,104.449,74.5471,56.6835,463,337
NR2C2AP,other,0.440792,0.6646,46.256,131.156,83.9619,47.1472,26.2993,814,750
NR2E1,other,0.573025,0.668026,79.23,184.467,103.636,22.3726,16.8557,871,1084
NR2E3,other,0.173252,0.472356,7.28425,50.311,35.136,34.1268,20.4421,880,907
NR2F1,other,0.175197,0.449258,10.3416,60.2465,57.8349,44.6607,23.837,621,681
NR2F2,other,0.115982,0.397864,7.51028,75.8587,55.2744,57.6248,35.7326,451,432
NR2F6,other,0.169554,0.69814,11.3861,77.5168,58.1752,60.5519,42.4963,493,471
NR3C1,other,0.215985,0.62232,12.0368,65.5585,47.3746,43.974,30.0425,843,666
NR3C2,other,0.37634,0.672872,19.8048,59.4669,46.5702,29.2024,17.9452,980,992
NR4A1,other,0.208992,0.530353,17.7414,119.69,60.2087,58.7484,41.8463,508,390
NR4A2,other,0.170917,0.370931,6.9456,46.8745,35.2298,28.9297,15.6912,995,1083
NR4A3,other,0.0330155,0.141561,4.14655,116.785,135.068,100.337,82.9027,240,216
NR5A1,other,0.266429,0.833299,16.389,80.049,47.27,58.0492,29.6874,512,522
NR5A2,other,0.247594,0.542957,14.6356,85.7987,40.7252,43.2881,23.6332,711,725
NR6A1,other,0.10697,0.816053,6.75159,76.0055,52.4132,68.4284,43.3793,390,430
NRARP,other,0.257903,0.650787,12.7514,61.3659,39.8361,40.328,21.5872,722,745
NRAS,other,0.596448,0.647088,118.532,273.868,144.207,20.6321,11.7053,1751,1660
NRBF2,other,0.255741,0.55561,12.1159,59.1026,37.9753,36.4173,17.0137,900,1029
NRBP1,other,0.366674,0.709097,155.998,595.393,304.001,386.379,72.4459,39,244
NRBP2,other,0.122784,0.570944,5.56733,64.0793,32.0843,50.8302,24.9077,642,668
NRCAM,other,0.467455,0.737964,25.4487,66.2759,44.7195,25.4591,15.584,1168,1145
NRDC,other,0.283725,0.684462,17.8108,77.7699,50.6713,50.2329,26.0817,651,598
NREP,other,0.177264,0.754538,13.4207,94.4768,60.6714,73.0948,45.8757,459,376
NRG2,other,0.311304,0.546587,21.5838,82.4043,58.3362,38.593,22.7442,823,807
NRG4,other,0.131693,,8.12616,69.7923,54.555,71.9159,42.9638,430,372
NRGN,other,0.230898,0.614359,9.85041,54.581,33.3447,35.0358,20.1917,847,795
NRIP1,other,0.108633,1.05035,11.6182,120.161,95.1889,113.125,77.8005,219,214
NRIP2,other,0.177153,1.06656,40.5713,334.316,156.885,307.818,102.278,70,196
NRIP3,other,0.183007,0.540984,13.7058,92.5922,60.5753,65.8999,36.5288,475,528
NRL,other,0.211774,1.14954,22.3239,112.327,98.9252,101.453,64.2451,282,286
NRM,other,0.251694,0.766133,14.3621,67.7998,48.0243,50.2057,28.0505,666,636
NRN1,other,0.0633035,0.460576,4.29349,79.7269,57.698,76.0217,34.2442,420,430
NRP2,other,0.383937,0.750384,18.3418,55.0354,41.4688,30.8667,16.748,1019,1105
NRROS,other,0.299174,0.608612,12.9527,62.289,30.0927,28.5255,16.6776,1031,1062
NSA2,other,0.118243,1.12673,37.2193,323.793,305.997,293.724,269.708,61,67
NSD1,other,0.688807,0.782565,250.514,429.14,308.226,56.5454,33.1928,854,680
NSD2,other,0.29716,0.874053,80.2964,278.625,262.056,147.902,197.496,213,87
NSD3,other,0.144794,0.559032,14.4327,134.976,73.6101,89.0504,59.0969,262,283
NSDHL,other,0.107187,0.427031,9.82231,112.026,74.9591,84.2872,55.8859,318,308
NSF,other,0.493259,0.713532,56.5509,112.68,116.649,41.17,28.8106,595,672
NSFL1C,other,0.136041,0.501204,15.024,132.426,92.0995,106.344,57.6485,214,288
NSG1,other,0.0380807,0.266133,5.53356,217.209,97.2124,197.928,74.7897,131,208
NSL1,other,0.108347,,51.8018,738.034,309.728,819.814,276.878,29,49
NSMAF,other,0.221378,0.698111,28.3683,178.745,91.8677,135.803,53.4142,168,329
NSMCE2,other,0.184853,1.4782,58.2371,459.7,215.91,398.987,190.345,61,74
NSMCE3,other,0.234934,0.73569,241.579,1248.08,847.195,649.237,667.137,61,32
NSMCE4A,other,0.448955,0.805519,106.117,294.498,189.706,142.205,75.7501,168,226
NSMF,other,0.0860075,0.560754,5.50817,81.3603,50.4115,73.562,38.0386,379,435
NSUN2,other,0.497308,0.734412,46.4759,115.593,75.5567,42.3107,20.9083,645,754
NSUN3,other,0.196478,0.890128,14.2931,96.0588,55.092,81.803,37.0053,415,442
NSUN4,other,0.219536,0.510649,27.7551,95.561,167.261,64.098,73.3664,477,248
NSUN5,other,0.149015,0.487666,12.4333,119.722,58.1487,82.2388,40.807,411,396
NSUN6,other,0.501363,0.583744,83.7,200.507,139.001,34.9494,14.8195,1302,1336
NT5C,other,0.185101,0.663567,10.6299,64.9018,50.8142,51.3612,31.8623,608,550
NT5C2,other,0.0460774,0.155349,4.71624,147.066,71.2368,98.2925,52.3399,231,301
NT5C3A,other,0.152265,1.0546,17.4519,151.683,86.606,141.007,60.956,189,248
NT5C3B,other,0.180903,0.999295,12.3123,80.1233,57.8137,71.5868,40.0303,485,436
NT5DC2,other,0.462134,0.731695,32.9745,77.2172,65.9335,32.5877,20.427,817,900
NT5DC3,other,0.207016,1.31988,10.6998,60.7681,43.9611,56.0233,30.1106,626,588
NT5E,other,0.225682,0.573968,11.6867,68.3442,39.2359,44.9129,21.5426,804,919
NT5M,other,0.105928,1.24389,6.72609,74.9092,53.8236,72.9027,39.2514,400,452
NTAN1,other,0.0688478,0.183669,3.17758,56.8649,37.46,38.8325,20.8615,954,835
NTAQ1,other,0.289402,0.452318,14.9372,69.868,38.1291,23.0222,14.8493,1255,1130
NTHL1,other,0.209216,0.599471,40.9475,214.41,178.657,165.459,83.3441,206,185
NTMT1,other,0.0875017,0.552116,4.76256,66.09,44.8242,55.9536,37.4835,524,504
NTN4,other,0.375157,0.533292,31.8622,123.265,58.5173,35.9858,17.6187,1034,1081
NTN5,other,0.126532,2.37331,29.8347,198.447,280.155,172.406,274.087,166,71
NTNG2,other,0.280569,0.698063,16.0948,72.5113,45.3822,45.956,25.3638,749,692
NTPCR,other,0.290661,1.24704,26.1208,116.933,69.0654,103.251,36.9999,318,429
NTRK1,other,0.301055,0.780306,43.645,160.727,130.764,99.8634,79.3618,236,212
NTRK2,other,0.121544,0.38684,6.21537,57.7803,45.2573,45.258,24.6422,709,692
NTRK3,other,0.132874,0.756775,9.49692,86.602,58.987,74.246,46.2416,484,397
NUAK1,other,0.186934,1.04544,17.3784,100.194,86.2582,88.5561,62.5148,301,273
NUAK2,other,0.19173,0.4525,9.85443,63.9502,41.3087,35.927,24.3845,769,749
NUB1,other,0.0993565,1.36056,9.68954,107.754,88.2636,102.645,78.3358,290,252
NUBP2,other,0.185713,1.08357,14.8617,90.5613,70.7149,81.4951,49.9658,308,359
NUBPL,other,0.25529,0.488436,20.3473,71.1459,89.2886,39.5963,34.2835,771,603
NUCB2,other,0.388383,0.583756,21.5415,78.7142,39.0824,25.1181,13.6751,876,1233
NUCKS1,other,0.429508,0.639811,29.9889,84.038,58.0102,30.008,17.3486,1343,1122
NUDC,other,0.194129,0.959096,83.6709,446.33,416.208,381.287,299.198,82,52
NUDCD1,other,0.401876,0.637299,44.446,84.7914,144.254,37.3619,41.7058,848,525
NUDCD2,other,0.483131,0.657291,38.0152,87.299,70.9211,27.8035,14.6979,1348,1348
NUDCD3,other,0.161246,0.530664,64.454,551.709,289.609,400.536,192.023,53,86
NUDT1,other,0.0848999,0.30778,5.82949,91.6656,51.4327,62.1955,39.2597,532,482
NUDT11,other,0.204051,0.56375,10.873,59.1586,47.9958,43.4896,24.2558,699,741
NUDT12,other,0.462966,0.733051,30.2262,75.7604,56.2634,28.4279,20.3433,926,890
NUDT13,other,0.141619,0.586841,17.0571,168.916,85.8807,122.549,67.6602,234,229
NUDT14,other,0.208214,0.738516,19.7381,114.052,78.7933,63.5708,64.6431,518,287
NUDT15,other,0.0930618,,5.89486,72.3217,55.4799,72.5659,41.2173,405,407
NUDT16,other,0.402682,0.756834,17.7726,50.7699,38.3679,27.0519,15.118,1114,1144
NUDT16L1,other,0.299877,0.628349,22.2442,87.1122,63.164,50.3691,29.056,647,711
NUDT17,other,0.108251,0.675705,13.4396,186.273,82.7495,154.66,70.2354,139,223
NUDT18,other,0.150486,0.44952,13.565,118.919,68.3284,85.1677,41.3475,352,393
NUDT19,other,0.308111,0.523889,17.5997,70.8344,46.0626,30.8222,17.8569,1089,1153
NUDT2,other,0.131658,0.423483,6.89417,65.6895,41.7422,47.4954,27.1755,591,605
NUDT22,other,0.346216,0.614841,39.799,117.559,112.407,68.793,26.4858,275,660
NUDT3,other,0.294247,0.791411,17.0135,63.3178,52.8005,42.6659,30.4223,608,567
NUDT4,other,0.357455,0.657264,25.2295,73.5344,67.746,38.9757,25.1095,883,843
NUDT5,other,0.13351,0.736219,41.9501,398.99,247.443,315.03,208.772,57,65
NUDT6,other,0.372203,0.718294,20.0866,72.9863,39.9034,32.3821,20.6443,998,925
NUDT7,other,0.626949,0.763463,54.774,82.5501,92.4628,20.2308,9.8685,1141,1831
NUDT8,other,0.179287,0.849753,9.08001,53.5953,47.8573,47.1081,30.2566,623,563
NUDT9,other,0.226691,0.722985,15.2134,68.7015,65.5567,56.1343,30.3232,592,575
NUFIP2,other,0.172318,0.48541,11.9318,80.8588,59.2952,53.131,37.5042,586,455
NUGGC,other,0.159848,0.488742,10.042,78.9404,49.9945,54.0519,33.0324,457,491
NUMA1,other,0.516625,0.755204,102.638,210.995,187.064,69.3963,56.6197,615,513
NUMB,other,0.173866,0.664585,12.1002,76.5954,63.2348,61.8333,40.7785,483,385
NUMBL,other,0.110495,,7.66171,96.4853,49.8321,99.9423,36.3373,282,441
NUP188,nucleoporins (NUP),0.162681,0.406093,30.5492,196.885,179.108,111.645,112.718,249,173
NUP210,nucleoporins (NUP),0.102534,1.32129,18.0643,175.156,177.209,159.3,165.42,119,85
NUP35,nucleoporins (NUP),0.241992,0.468824,11.7291,56.5602,41.5352,29.7501,18.1893,844,960
NUP42,nucleoporins (NUP),0.319165,0.785227,20.0679,66.3681,59.5682,44.581,29.5894,715,615
NUP50,nucleoporins (NUP),0.208961,0.61008,22.3246,124.655,91.5654,85.8092,57.0943,329,279
NUP54,nucleoporins (NUP),0.433674,1.13256,143.368,375.106,291.357,270.018,138.869,74,131
NUP62CL,nucleoporins (NUP),0.084239,,5.65127,72.8086,61.8135,77.6091,43.8812,372,382
NUPR1,nucleoporins (NUP),0.0429222,0.147738,4.03612,131.424,67.2802,102.126,41.806,257,357
NUS1,other,0.347906,0.773498,30.3486,86.3358,88.1379,59.1745,31.4607,570,583
NUSAP1,other,0.273049,0.863044,21.7927,74.7919,85.1703,56.6743,49.9771,518,410
NVL,other,0.119057,,158.032,1791.62,983.402,1785.96,1058.82,10,12
NXF1,other,0.174305,0.938156,61.3402,454.431,272.523,358.179,228.108,66,85
NXPE3,other,0.304383,0.605412,19.0856,82.8661,47.4454,46.9445,19.7789,591,883
NXT1,other,0.169694,1.34331,19.9954,124.143,111.843,114.789,88.1563,232,202
NXT2,other,0.260293,0.65881,17.2768,84.3253,52.2447,56.7638,27.2928,595,696
OAF,other,0.0735411,0.452838,15.3959,316.105,138.649,270.996,113.024,107,143
OARD1,other,0.155277,0.899275,9.52101,68.1166,55.1945,62.4551,35.3954,411,501
OAS1,other,0.171799,0.486183,13.0923,94.938,61.1714,63.5542,38.0654,415,411
OAS2,other,0.185806,0.493197,12.5371,78.6505,57.8861,60.129,22.9979,477,850
OAS3,other,0.218491,0.667839,15.0417,84.561,56.0477,59.4896,35.814,536,481
OASL,other,0.274979,0.618129,12.8758,50.6233,43.3111,32.7474,19.0382,887,857
OAT,other,0.249968,0.645648,15.5436,71.9779,53.7196,49.0088,28.4868,569,586
OAZ1,other,0.169948,0.8903,12.4868,84.3807,63.9768,75.7717,41.1276,329,402
OAZ2,other,0.172607,0.324303,14.7815,119.941,61.1443,54.4623,29.4167,683,605
OAZ3,other,0.0955989,0.205854,5.89393,63.6613,59.7075,35.4711,30.6275,860,607
OBI1,other,0.154655,0.722656,8.43992,72.384,41.1441,56.9084,32.3302,446,503
OBSCN,other,0.549844,0.731512,59.4392,138.639,84.2912,39.267,17.8498,1127,1196
OCEL1,other,0.218409,0.504716,12.3585,64.652,49.5228,40.6608,24.5319,685,692
OCIAD1,other,0.210725,0.872883,12.062,68.986,47.4945,56.8482,31.7624,518,548
OCIAD2,other,0.179319,,149.886,390.146,1790.78,349.067,1954.75,67,12
OCLM,other,0.139194,0.819436,8.99608,71.9415,58.0611,63.7939,43.2684,490,401
OCLN,other,0.452843,0.760197,58.759,136.478,123.365,54.8759,50.1505,419,376
OCM,other,0.245547,0.651637,12.7495,52.3093,51.5393,39.4592,21.7494,758,790
OCRL,other,0.211156,0.780784,33.4145,229.293,109.212,188.635,64.1662,135,229
ODC1,other,0.354796,0.661704,22.818,75.0608,55.1042,36.9044,23.9397,712,703
ODF2,other,0.182356,0.536338,11.9062,87.3276,48.8155,56.5543,32.8016,507,502
ODF2L,other,0.16486,1.17692,10.2375,73.2927,52.6132,69.3381,33.48,435,528
ODR4,other,0.218268,0.493842,15.501,87.9691,57.3341,56.1854,26.3354,450,597
OFD1,other,0.56348,0.66045,65.9679,164.547,83.2949,22.1642,13.2256,2486,1805
OGA,other,0.158047,2.60651,67.5364,474.599,384.748,423.216,371.682,67,40
OGDH,other,0.1239,,40.0556,375.609,278.259,315.584,280.15,74,56
OGFOD1,other,0.0261343,,13.9703,466.981,611.916,497.418,463.493,50,33
OGFOD2,other,0.211744,0.667318,11.8498,69.5569,45.0258,50.4844,28.4928,526,593
OGFR,other,0.222793,0.630142,11.2748,62.8679,40.7371,42.6329,24.9158,780,741
OGFRL1,other,0.301947,0.80426,27.4111,104.551,78.8244,69.6407,45.5508,444,434
OGG1,other,0.178455,0.716282,11.0245,76.8556,49.6573,64.1829,30.9642,440,612
OGT,other,0.190968,0.939127,28.3142,177.272,124.008,141.371,98.6885,222,168
OIP5,other,0.115333,,60.5216,794.157,346.741,817.855,335.582,25,44
OLA1,other,0.066593,,11.2566,244.445,116.89,249.331,96.448,121,155
OLAH,other,0.219908,0.77646,11.1164,57.5077,44.435,46.3826,26.0106,696,646
OLFM2,other,0.043156,,3.56572,129.841,52.5774,131.722,38.7711,230,362
OLFM4,other,0.225342,0.814005,11.6103,62.3466,42.5786,48.0296,28.369,617,571
OLIG1,other,0.137535,0.442165,8.0396,69.131,49.4279,51.5267,30.6485,582,562
OLIG2,other,0.0869513,0.261765,6.78603,103.371,58.9223,66.395,40.7467,363,355
OLIG3,other,0.249889,0.579129,14.6993,65.1342,53.124,43.4064,23.4738,720,745
OMA1,other,0.153446,0.518965,11.5967,104.159,54.8347,75.9335,37.144,352,408
ONECUT1,other,0.234121,0.404837,11.9096,65.1062,39.7458,27.97,16.4416,944,998
ONECUT2,other,0.275942,0.596372,9.01269,41.2815,25.8414,23.6116,12.9161,1264,1314
ONECUT3,other,0.0356994,,2.566,80.9677,63.8089,84.2179,46.87,330,330
OPA1,other,0.0508495,0.329479,12.1514,275.339,207.401,244.682,163.034,80,92
OPA3,other,0.12989,0.515905,7.2438,57.5828,54.0117,48.505,32.294,525,481
OPN1SW,other,0.24974,0.671898,15.5055,81.4589,47.3212,52.8796,28.687,469,601
OPN3,other,0.228042,0.554505,12.0369,62.9395,44.2668,43.4172,20.1293,721,832
OPRL1,other,0.551541,0.784181,63.1686,137.475,95.4162,42.3438,27.2068,631,724
OPRM1,other,0.209438,0.741637,16.2221,93.0051,64.506,68.8271,44.7175,370,391
OPTN,other,0.369976,0.621389,39.8038,114.323,101.243,60.3741,25.187,717,700
OR4D1,other,0.110045,3.8882,7.15152,78.3324,53.9159,78.0481,42.0154,410,378
OR52N4,other,0.158832,0.683914,8.45721,58.7042,48.2955,49.3254,31.9912,534,563
ORAI1,other,0.20601,0.512421,24.842,106.341,136.74,68.0519,75.3573,443,305
ORAI2,other,0.181018,0.433183,9.99707,68.5012,44.5248,43.025,23.619,647,759
ORAI3,other,0.123427,1.39212,9.28075,107.252,52.7162,104.313,37.5949,277,400
ORC1,other,0.241813,0.768084,116.899,589.933,396.148,408.424,268.532,39,65
ORC2,other,0.136728,,98.8505,980.194,533.249,1019.89,463.298,18,40
ORC3,other,0.110331,1.85687,69.2153,523.743,751.431,475.946,722.362,59,24
ORC4,other,0.165997,2.17962,141.47,1223.02,593.872,1083.14,563.754,21,24
ORC5,other,0.219748,0.779082,46.465,264.817,168.832,193.002,119.303,106,140
ORM2,other,0.272351,0.486825,6.08713,29.5635,16.8971,13.5492,7.13431,2651,2451
ORMDL1,other,0.175054,0.427027,10.1808,101.103,33.4547,54.5082,21.2559,404,751
ORMDL2,other,0.273384,0.531443,27.3094,175.29,56.9276,62.8635,33.4397,270,509
ORMDL3,other,0.172383,1.07704,10.3705,72.4839,49.9311,65.7073,36.2499,446,445
OS9,other,0.434793,0.67558,44.2967,136.417,76.0865,45.5812,28.757,789,661
OSBP2,other,0.286762,0.614869,15.4339,62.0515,46.6825,34.7278,23.6232,900,762
OSBPL10,other,0.15521,0.627571,8.13626,63.9855,42.9467,48.2054,32.2951,544,526
OSBPL11,other,0.158238,0.427312,10.1476,59.4446,69.1823,45.5938,28.4661,775,665
OSBPL1A,other,0.237478,0.64017,9.35377,43.5795,35.5996,29.01,20.9462,931,861
OSBPL2,other,0.136776,1.2539,16.6479,212.841,69.6051,206.096,43.4731,122,346
OSBPL3,other,0.08129,0.942418,13.766,233.943,122.582,225.74,96.5729,102,141
OSBPL5,other,0.168946,3.42858,17.8611,102.001,109.575,100.868,85.6285,284,223
OSBPL7,other,0.159663,0.589319,11.2993,94.543,52.9747,65.8392,40.1672,375,420
OSBPL8,other,0.145863,0.604817,8.22923,61.1016,52.0923,50.3746,34.8343,632,507
OSBPL9,other,0.387562,0.600125,21.1593,68.4116,43.5703,23.6405,15.8038,1179,1036
OSCAR,other,0.205992,0.628673,13.0134,74.2211,53.7721,55.7431,30.5832,503,577
OSER1,other,0.282494,0.600885,16.9832,78.9345,45.7885,43.058,23.5222,712,700
OSGEP,other,0.0799422,0.414068,7.65618,133.894,68.5029,119.237,45.1769,207,344
OSGEPL1,other,0.055496,,3.50444,75.6562,52.7071,77.4356,42.086,384,411
OSGIN2,other,0.416305,0.777618,22.3666,56.0271,51.5204,30.9666,18.508,870,914
OSM,other,0.217175,0.625353,8.00179,46.5462,29.1655,31.8196,18.0477,1057,1021
OSMR,other,0.206387,0.589652,12.4668,69.1954,52.7317,50.512,28.8061,562,605
OSR1,other,0.156419,0.426552,13.2986,121.4,59.5412,57.0765,44.43,736,438
OSR2,other,0.124004,0.481244,6.87901,71.7384,42.8976,52.7456,32.1396,495,500
OST4,other,0.551903,0.732638,53.5179,97.5884,96.3549,30.3477,16.9976,1052,1168
OSTC,other,0.22764,0.494227,12.8468,61.3763,51.8913,31.875,28.988,735,541
OSTF1,other,0.224714,0.563988,13.5306,77.3309,46.8837,45.1092,29.0209,749,635
OSTM1,other,0.201531,0.500999,9.50448,56.4235,39.4195,36.6405,21.227,826,799
OTOF,other,0.156801,0.595405,14.0261,114.009,70.1835,96.5632,38.3737,276,399
OTOG,other,0.08197,0.387856,4.24017,55.3232,48.367,45.3541,36.3783,612,506
OTP,other,0.235546,0.667001,17.2058,89.1384,59.8594,68.3224,27.8928,397,561
OTUB1,other,0.33481,0.719995,38.2385,137.491,94.8701,67.7018,54.4541,403,318
OTUB2,other,0.232546,0.580083,9.56295,51.0319,33.1379,31.2945,19.3685,828,956
OTUD1,other,0.505761,0.630314,70.3104,176.244,109.657,30.8683,24.0644,1209,848
OTUD3,other,0.155718,0.476269,5.30946,42.8866,27.1082,27.9947,18.7628,925,888
OTUD4,other,0.288604,0.659576,42.3795,186.4,115.681,106.725,63.8647,318,288
OTUD5,other,0.401536,0.578909,36.2033,106.561,76.2867,39.354,18.0951,806,1174
OTUD6B,other,0.134343,1.63622,19.3352,160.356,129.176,154.017,107.147,160,151
OTUD7A,other,0.253284,0.76077,19.5717,88.4651,67.4947,61.6461,42.8167,395,379
OTUD7B,other,0.262184,0.70392,17.4137,78.251,56.3741,55.9513,28.9308,590,678
OTULIN,other,0.198686,0.830794,10.9639,65.2654,46.6566,55.0519,29.6048,589,650
OTULINL,other,0.143958,0.399218,8.23262,82.2448,39.7647,49.0004,26.9727,596,590
OTX1,other,0.12016,,12.0304,130.928,76.5615,132.389,67.6474,222,228
OTX2,other,0.186077,0.424819,17.1509,124.471,68.253,69.6898,38.4996,348,387
OVCA2,other,0.328826,0.883548,24.8293,80.4183,70.8991,55.9326,38.6471,613,557
OVGP1,other,0.187178,0.498959,8.07081,60.1799,30.894,37.8573,19.1731,673,914
OVOL1,other,0.156318,0.36431,11.6371,87.1861,63.5663,53.1351,33.601,556,513
OVOL2,other,0.366689,0.640913,15.7047,52.6332,34.8502,25.2176,12.9491,1199,1356
OVOL3,other,0.307398,0.760726,13.9596,54.8816,37.5764,37.189,18.5439,894,1037
OXA1L,other,0.247739,0.461402,37.4161,131.502,173.459,67.7708,70.2756,478,310
OXCT1,other,0.268521,0.757204,18.4659,85.7612,55.1432,58.8924,33.0088,574,580
OXLD1,other,0.159002,0.706444,8.28166,68.535,39.5837,52.6593,30.9271,557,547
OXNAD1,other,0.252018,0.556736,23.1243,95.1467,88.4875,64.3229,32.518,506,593
OXR1,other,0.225386,0.332376,15.2475,80.2893,57.0018,30.1298,15.0465,1039,1165
OXSM,other,0.106842,0.287216,7.47338,74.38,65.7804,45.1831,42.5916,582,464
OXSR1,other,0.407451,0.600333,45.535,124.473,100.338,45.1165,27.8402,586,705
P2RX1,other,0.391794,0.760578,32.0933,88.9869,75.4028,45.0089,34.9168,645,605
P2RX4,other,0.259243,0.411558,33.1096,140.202,116.344,54.968,40.4095,511,425
P2RX5,other,0.196071,0.432929,14.2815,110.923,47.8297,57.6856,27.3891,491,571
P2RX7,other,0.191264,0.944271,10.2664,66.7857,43.1407,57.7291,30.0887,565,555
P2RY10,other,0.215036,0.458907,14.4598,70.5738,64.0703,45.5036,24.4685,785,730
P2RY11,other,0.203479,0.572829,8.60314,50.5517,35.3621,36.5556,19.2462,701,791
P2RY12,other,0.290846,0.906397,17.586,68.6059,53.29,48.9015,34.1857,598,526
P2RY13,other,0.350647,0.767159,42.6949,182.691,81.1507,90.8007,47.4446,301,341
P2RY14,other,0.244223,1.26908,16.7075,84.26,55.5431,72.6128,40.6623,408,420
P2RY8,other,0.407356,0.73942,21.0367,62.0197,43.0011,29.6519,17.994,1113,1075
P3H1,other,0.104182,0.362935,6.51871,84.7577,46.1907,62.5082,31.6915,463,495
P3H3,other,0.299136,0.64254,12,55.2566,29.1235,30.7952,14.8647,1275,1193
P3H4,other,0.192761,0.483068,7.87499,47.6795,35.0049,30.4992,19.5362,874,908
P4HA1,other,0.28783,0.646588,14.6455,55.4732,46.6714,37.1863,18.6163,743,990
P4HA2,other,0.0332726,0.134993,2.33365,104.468,47.0884,79.0151,35.3473,318,448
P4HB,other,0.315703,0.81276,25.1751,92.9616,68.404,61.1547,38.2394,521,516
P4HTM,other,0.249364,0.756516,29.9049,112.268,128.103,86.7896,66.7725,346,328
PA2G4,other,0.203758,1.26921,26.7257,134.486,127.924,120.953,95.1618,214,194
PAAF1,other,0.267998,0.531651,16.2562,68.5588,53.6676,40.1047,20.8096,894,876
PABIR1,other,0.212094,0.700392,29.9296,168.775,117.988,124.618,76.6335,182,212
PABIR2,other,0.385429,0.637347,26.231,103.139,44.9075,35.3978,19.9026,1001,980
PABIR3,other,0.37011,0.601455,23.6295,60.4985,67.3758,25.7426,22.9663,1059,804
PABPC1,other,0.258949,0.638364,45.2032,271.889,112.078,173.44,61.1456,189,354
PABPC1L,other,0.331299,0.530236,15.4877,70.6932,30.9142,25.3921,12.0808,1347,1455
PABPC4,other,0.127955,4.95783,126.727,1628.97,602.16,1626.37,351.193,10,40
PABPN1,other,0.0312554,,3.96931,204.148,79.0015,218.214,60.4475,91,260
PACC1,other,0.120098,0.815082,10.4735,88.5949,85.8431,80.4708,65.5192,376,308
PACRGL,other,0.387064,0.677892,20.3031,57.7791,47.6198,26.2986,19.1253,968,910
PACS1,other,0.127241,0.552848,8.24023,79.8106,52.549,64.9938,37.5551,440,472
PACS2,other,0.267001,0.493133,34.4756,152.145,109.582,68.2224,51.3429,456,326
PACSIN1,other,0.268284,0.509656,18.6977,119.096,40.7841,53.5271,20.2572,558,764
PACSIN2,other,0.219758,0.520454,16.2246,130.534,41.7575,74.3114,24.4725,298,646
PACSIN3,other,0.458066,0.852347,131.595,353.493,233.477,166.568,105.956,179,197
PADI4,other,0.250545,0.602776,16.9188,84.2487,54.1256,49.2009,31.6473,516,491
PAFAH1B1,other,0.0710275,,53.0417,1307.7,426.455,1451.6,408.915,16,38
PAFAH1B2,other,0.22912,0.647131,11.2328,53.3654,45.0387,38.6213,24.6039,803,763
PAFAH1B3,other,0.335367,0.677307,37.0282,148.698,81.9824,59.0136,48.6568,353,375
PAFAH2,other,0.0911979,0.38156,6.15125,93.1966,48.8155,70.5146,37.3572,399,398
PAG1,other,0.387281,0.761847,25.1999,79.0435,53.5645,36.252,27.9961,764,640
PAGE5,other,0.129104,1.17198,7.56808,61.1319,56.2118,59.3048,33.3887,503,484
PAGR1,other,0.408892,0.704825,36.284,117.262,67.1511,51.7867,26.6761,549,548
PAICS,other,0.0787719,0.217031,9.27002,114.852,120.581,79.0317,69.6496,375,260
PAIP1,other,0.226176,0.85435,37.9484,229.476,122.675,165.31,91.9278,151,181
PAIP2,other,0.192276,0.702468,11.0209,66.19,49.6353,51.2088,33.2054,559,513
PAIP2B,other,0.0940765,0.453944,5.07913,57.5882,50.6154,50.3805,33.2464,576,564
PAK1,other,0.225752,0.341381,30.8484,300.784,62.0791,41.7478,30.5563,539,568
PAK2,other,0.337324,0.605721,29.0305,97.7851,75.7432,50.9415,26.7072,567,669
PAK3,other,0.576795,0.728699,27.9954,62.1002,37.9346,13.3993,7.62789,1937,2296
PAK4,other,0.204367,0.732959,10.7118,64.1502,42.826,48.8063,28.9062,712,586
PALD1,other,0.219274,0.842572,41.3801,187.047,190.396,137.015,142.188,175,138
PALLD,other,0.222056,0.591139,13.4364,74.382,49.2233,49.452,28.4999,505,581
PALM2AKAP2,other,0.379694,0.594108,24.6772,74.0498,57.0429,29.9232,17.9443,1188,1187
PALS1,other,0.62383,0.6763,125.716,220.879,183.862,23.5359,8.76488,1991,2274
PALS2,other,0.165837,1.00252,13.0967,94.5741,65.9458,88.7156,36.8149,285,482
PAM,other,0.385821,0.703353,27.3453,82.5695,60.8381,42.1468,23.4447,675,697
PAN3,other,0.363711,0.621001,27.3188,75.4724,74.752,36.7164,24.8175,806,757
PANK1,other,0.45349,0.602097,33.4313,73.9758,73.4651,21.0894,15.1702,992,1128
PANK2,other,0.259527,0.748714,12.4679,53.9392,42.7875,38.9583,24.277,809,754
PANK3,other,0.225854,0.6021,10.5286,54.1121,40.1594,38.083,21.0832,880,878
PANK4,other,0.206034,2.87677,71.6665,449.673,269.065,409.342,253.678,65,68
PANX1,other,0.0723847,,17.603,278.039,212.704,281.94,203.519,78,71
PANX2,other,0.404951,0.781538,49.7292,153.581,98.1933,90.9518,33.5464,367,559
PAOX,other,0.303168,0.593397,15.6324,61.6233,43.1458,27.9969,22.5072,801,758
PAPOLG,other,0.0875067,,10.166,185.173,72.8849,189.108,46.9283,113,324
PAPSS1,other,0.130062,0.399558,10.2204,108.563,56.8788,73.2882,38.3303,432,414
PAPSS2,other,0.276539,0.786378,12.6676,49.0588,42.772,37.1389,21.0023,813,782
PAQR3,other,0.332432,0.621997,19.1958,75.434,44.2015,33.2836,21.6055,1048,867
PAQR4,other,0.361937,0.852187,26.906,84.0663,65.7369,50.3309,36.1879,654,497
PAQR6,other,0.282131,0.818698,16.0859,73.6611,44.132,52.5585,25.838,608,756
PAQR7,other,0.574932,0.725721,89.9892,208.651,117.416,46.9737,22.3134,885,998
PARD6A,other,0.453151,0.651629,57.6815,157.326,102.988,58.2714,23.8844,548,734
PARD6B,other,0.067445,0.198915,4.26547,69.8676,57.2479,52.2863,31.0931,471,507
PARD6G,other,0.441641,0.532824,50.2337,149.045,86.8026,27.1277,13.8975,822,1338
PARG,other,0.120218,0.585721,5.50804,58.6729,35.7781,51.1124,24.0814,654,670
PARK7,other,0.339368,0.399345,37.1742,115.92,103.51,22.1251,11.1239,1821,1534
PARL,other,0.117801,0.445059,7.29962,53.1382,72.259,45.8002,35.5995,632,517
PARN,other,0.144294,0.552302,12.4223,96.5886,76.7327,81.3971,43.4322,314,416
PARP1,other,0.144436,1.04862,13.1521,116.835,70.9685,94.3194,63.9818,320,277
PARP10,other,0.285639,0.564136,13.3808,61.8771,35.4651,30.6377,17.4559,1239,995
PARP11,other,0.147769,0.575295,11.0718,109.277,51.3731,73.8914,40.9061,395,407
PARP12,other,0.309522,0.743643,18.7874,65.3829,56.3489,42.3265,28.6659,733,623
PARP14,other,0.226998,0.245317,42.6788,265.979,132.902,16.179,11.7374,1695,1995
PARP15,other,0.195791,1.19119,14.1805,84.4198,62.1372,73.8765,48.6958,354,324
PARP16,other,0.0354044,0.319533,3.30458,125.883,69.2074,118.278,55.1431,249,256
PARP2,other,0.125766,1.15267,18.0501,117.089,175.921,110.631,137.948,231,155
PARP4,other,0.317276,0.680032,18.7398,69.0815,50.5,40.2268,24.1819,865,846
PARP6,other,0.233774,0.898831,17.6937,90.5357,63.2742,77.6647,33.167,395,447
PARP8,other,0.193528,0.732594,8.7536,54.64,37.4432,45.2179,22.2902,769,743
PARP9,other,0.264124,0.783175,23.0939,128.382,59.549,87.8284,38.1079,260,412
PARPBP,other,0.162417,0.593412,13.9711,111.121,66.5887,86.5072,44.0688,303,358
PARS2,other,0.244721,0.632917,41.906,133.782,219.185,83.0991,132.689,328,162
PARVB,other,0.109412,1.97193,9.34004,104.082,70.0155,102.922,50.6821,254,352
PARVG,other,0.353658,0.73061,22.5152,75.1255,53.9506,42.8552,24.5215,711,739
PASK,other,0.0879449,0.692365,7.44724,96.9064,73.9975,87.1597,62.1272,319,266
PATJ,other,0.178835,1.58984,15.2385,87.52,82.9612,84.5568,51.9564,352,329
PATL2,other,0.246289,0.822791,11.9906,54.6825,43.3458,43.2818,24.7174,665,699
PATZ1,other,0.207945,0.567879,10.3121,56.1309,43.812,40.9468,22.0955,771,752
PAWR,other,0.222055,0.60815,10.0887,52.0212,39.6799,35.3586,23.1638,814,786
PAX1,other,0.179165,0.574683,18.4386,121.366,87.2676,99.6608,39.8387,262,427
PAX2,other,0.220083,0.583322,8.70427,48.6512,32.1512,31.2745,19.3373,974,835
PAX3,other,0.260159,0.717942,18.1679,97.6403,49.9463,62.8958,31.5154,337,488
PAX4,other,0.163162,0.524562,6.08016,51.7118,26.8535,38.8078,16.4421,893,990
PAX5,other,0.108522,,16.684,188.169,125.607,192.308,113.423,144,150
PAX6,other,0.151767,,14.4022,113.854,79.0965,116.427,63.2444,223,268
PAX7,other,0.236994,0.556693,25.1878,92.5492,122.048,61.4843,56.1491,548,420
PAX8,other,0.343751,0.717635,29.0678,118.856,60.1613,62.0432,31.2829,370,477
PAX9,other,0.377064,0.4311,40.365,113.602,100.878,17.3239,9.81808,1770,2044
PAXIP1,other,0.417216,0.571834,63.216,175.51,130.807,52.6205,31.3581,501,472
PAXX,other,0.0977645,0.359995,6.66588,84.9363,54.7343,63.2689,38.9103,435,403
PBDC1,other,0.127148,0.408652,4.11258,38.3805,27.2583,29.2266,16.1942,1087,1018
PBK,other,0.306187,0.706945,18.8522,75.806,50.0089,42.1904,28.854,812,708
PBRM1,other,0.229573,0.749109,18.3432,96.4359,66.2019,69.3683,44.0501,357,353
PBX1,other,0.283254,0.642184,15.3733,60.3997,48.7695,38.6444,22.4273,900,812
PBX2,other,0.206154,0.451887,18.8094,138.855,59.9519,74.3574,33.0894,394,517
PBX3,other,0.287464,0.660617,18.4751,72.437,57.0226,42.3353,31.0399,583,528
PBX4,other,0.147447,0.483503,7.8667,69.7685,40.7991,51.1043,26.6158,633,687
PBXIP1,other,0.314877,0.515762,20.328,69.8052,59.7063,34.4753,15.7372,1010,975
PC,other,0.222995,0.644889,10.3661,48.3284,44.7137,35.8296,24.041,917,874
PCBD1,other,0.164652,0.436893,7.44672,54.6431,37.4337,34.6782,22.882,723,744
PCBD2,other,0.113523,0.638089,6.76438,73.2585,48.4655,65.5574,33.8726,426,452
PCBP1,other,0.264776,0.833268,57.9238,256.01,186.938,196.722,105.434,114,143
PCBP2,other,0.367768,0.664096,91.1085,403.08,152.258,143.352,79.7912,158,200
PCBP3,other,0.366385,0.634506,30.4023,96.2535,71.5352,46.6311,25.2691,793,814
PCBP4,other,0.495602,0.662494,52.0444,130.309,84.6269,40.5431,15.8767,984,1336
PCCA,other,0.223615,0.848396,11.9842,61.3333,46.8292,50.7709,27.9382,686,627
PCCB,other,0.163447,0.671489,9.90519,74.9629,48.992,59.0578,35.3111,457,448
PCDH12,other,0.176289,0.615698,12.0733,91.0208,51.5301,68.6583,34.3354,433,482
PCED1B,other,0.471738,0.69141,42.4907,124.993,64.9082,37.0903,21.9433,987,914
PCF11,other,0.0634866,,44.1126,1133.52,425.923,1396.3,454.931,15,27
PCGF2,other,0.0920253,0.28295,5.11723,61.8838,49.9665,44.8565,30.7575,657,650
PCGF3,other,0.263819,0.837169,27.7562,119.746,92.4369,93.7848,50.0952,270,342
PCGF5,other,0.451533,0.687881,37.2577,115.954,58.7175,33.2804,23.233,717,749
PCID2,other,0.295143,0.822514,69.7677,238.847,233.951,165.953,135.248,135,145
PCIF1,other,0.343968,0.587688,28.2048,91.3884,73.5731,41.1642,27.7124,970,720
PCK1,other,0.168632,0.726028,12.2032,90.1026,58.1206,76.1451,37.8795,360,483
PCK2,other,0.137763,0.457597,8.20119,65.5647,54.0527,49.9624,33.4654,584,468
PCLAF,other,0.233532,0.433595,14.5458,69.1284,56.1213,38.0332,19.9293,858,784
PCM1,other,0.140839,,109.333,683.815,881.287,562.722,902.734,33,16
PCMT1,other,0.209499,0.598254,11.1904,58.0314,49.1664,40.7506,28.9194,658,600
PCMTD1,other,0.210239,0.699658,9.28551,52.664,37.0399,37.1882,25.6587,751,702
PCMTD2,other,0.203504,0.526845,12.4871,75.7259,49.7203,52.4753,25.5587,642,606
PCNP,other,0.255346,0.681419,18.7815,92.6227,58.4097,57.0934,37.0278,394,490
PCNT,other,0.105107,0.346348,8.85677,100.621,70.5661,76.4942,43.4627,407,371
PCNX1,other,0.145731,0.517472,9.39382,89.1336,46.6167,64.8431,33.0501,431,457
PCNX2,other,0.362842,0.720495,35.4688,103.555,92.276,54.4051,42.9688,696,530
PCNX3,other,0.291229,0.734786,23.7757,94.953,70.1923,58.8503,41.1918,462,461
PCNX4,other,0.142933,0.359201,9.45457,92.4495,47.3276,49.9921,31.0101,664,568
PCOLCE,other,0.326006,0.511015,17.3378,75.4814,37.4714,24.8736,14.7253,1193,1172
PCP2,other,0.240347,0.802166,15.6644,80.1436,53.0007,62.832,30.9734,438,570
PCP4L1,other,0.246724,0.579137,10.069,45.308,36.7597,27.9951,19.3001,1083,1010
PCSK1N,other,0.1122,1.52467,14.1534,134.551,118.263,125.318,108.93,219,144
PCSK5,other,0.353075,0.91285,22.5962,75.8131,54.0247,52.6815,27.5357,543,660
PCSK6,other,0.349219,0.773069,31.0975,97.5459,81.2916,55.2687,43.0171,650,518
PCSK7,other,0.28452,0.648924,18.706,73.7222,58.6324,46.0933,28.557,614,658
PCTP,other,0.0898419,1.01229,5.81426,83.4576,50.184,81.1796,35.7021,402,437
PCYOX1,other,0.249645,0.501006,9.97384,49.7229,32.1014,25.4074,15.8026,1062,1051
PCYOX1L,other,0.132907,0.399401,6.30071,51.8013,43.385,36.3995,27.2269,761,660
PCYT1A,other,0.0917974,,9.65174,139.435,79.283,141.572,77.8121,188,205
PCYT2,other,0.264948,0.479138,41.2092,187.209,129.222,70.2385,65.9827,422,303
PDAP1,other,0.324983,0.63935,38.6779,177.116,79.9736,77.4421,43.2566,358,391
PDCD1,other,0.188521,0.793154,18.5919,113.861,85.4185,90.0651,62.3287,267,261
PDCD10,other,0.290049,0.580347,37.7695,144.926,117.003,77.9911,53.7239,319,291
PDCD1LG2,other,0.194012,0.838261,8.68134,53.2684,37.5876,45.0315,24.5664,673,705
PDCD2,other,0.104846,,72.6355,558.997,858.588,491.15,887.547,42,19
PDCD2L,other,0.292338,0.500543,29.3316,132.93,75.7319,45.7834,36.3279,740,542
PDCD5,other,0.349378,0.655278,53.9662,134.251,177.72,74.8852,63.4692,483,385
PDCD6,other,0.229662,0.679104,12.1253,76.9296,36.2336,47.0016,25.5816,587,631
PDCD6IP,other,0.102367,0.388563,6.74897,86.5597,50.2158,68.6606,33.3612,351,443
PDCL,other,0.352619,0.525621,52.4021,137.936,160.107,57.8161,36.0523,576,440
PDCL3,other,0.165678,1.69662,34.0195,192.786,218.701,174.752,196.406,144,95
PDE12,other,0.395367,0.564067,30.4858,95.5876,62.2003,33.2878,15.3139,948,1421
PDE1B,other,0.547871,0.704382,41.9484,104.341,56.185,25.572,11.1593,1576,1882
PDE3B,other,0.266923,0.713483,25.3855,94.4759,95.7369,68.8601,46.3176,413,430
PDE4A,other,0.54752,0.650431,67.097,146.356,102.611,25.6163,14.4751,1235,1319
PDE4B,other,0.237652,0.485021,13.2347,76.1362,40.7335,35.1011,22.5888,895,798
PDE4D,other,0.368725,0.605911,11.29,33.6938,27.825,15.7127,8.5161,1787,2018
PDE4DIP,other,0.13616,0.778533,7.19648,59.9364,46.6067,54.0666,32.05,509,520
PDE5A,other,0.112117,0.533008,10.432,118.877,72.8273,90.63,59.2661,280,273
PDE6B,other,0.335205,0.643181,18.4265,70.6802,42.7528,34.1208,20.3027,1082,965
PDE6C,other,0.338633,0.62767,24.2,100.807,50.6616,37.5218,27.1727,845,677
PDE6G,other,0.162761,0.548429,7.75492,57.2645,39.6429,47.0127,20.1395,692,730
PDE7A,other,0.126107,0.444074,5.47198,53.961,34.8924,42.8205,21.2631,778,838
PDE7B,other,0.302636,0.77073,12.143,49.5292,32.5048,31.433,18.7878,935,909
PDE8A,other,0.123011,0.413275,7.14826,76.6327,44.0654,54.8369,30.3393,507,516
PDE9A,other,0.29598,0.544762,15.7355,64.531,43.7994,28.8841,20.3936,1125,918
PDF,other,0.362645,0.596169,25.7278,99.2556,50.7092,39.9386,19.3123,895,924
PDGFA,other,0.442289,0.709092,31.8428,84.9143,61.0423,33.3626,21.9244,770,811
PDGFB,other,0.18587,0.720954,14.6767,114.282,54.5584,89.4528,37.8676,323,422
PDGFD,other,0.334413,0.645221,17.8428,50.6862,56.1655,31.7002,15.8867,933,1372
PDGFRB,other,0.234481,0.49251,8.93523,51.0645,28.4367,26.3422,15.1232,967,1116
PDHA1,other,0.116224,0.798268,20.1911,183.633,164.352,175.609,84.6226,120,192
PDHB,other,0.191764,0.37886,28.0281,175.465,121.748,85.4439,60.9506,311,303
PDHX,other,0.0970276,0.700263,9.21576,113.502,79.4818,104.089,61.0824,273,280
PDIA3,other,0.304171,0.641227,35.0234,145.941,90.8455,72.1777,50.4018,488,380
PDIA4,other,0.197407,0.853667,10.4657,55.6079,50.5442,46.9912,33.1013,580,549
PDIA5,other,0.142159,0.648605,11.2366,89.4036,69.8822,70.2362,54.2239,535,309
PDIA6,other,0.419343,0.747811,29.6463,81.451,61.3627,38.0702,25.1335,842,776
PDIK1L,other,0.222407,0.66918,13.3711,72.8568,49.6096,51.2892,31.0979,569,600
PDK2,other,0.15502,0.543542,10.2106,85.4829,50.751,66.0155,32.6241,366,530
PDK4,other,0.190654,1.30224,13.436,91.1832,54.4667,85.1493,36.824,327,398
PDLIM1,other,0.590848,0.651956,48.682,98.8537,68.6739,10.4276,5.61892,2218,3068
PDLIM2,other,0.130204,0.47168,14.2425,124.362,96.2133,97.8731,61.7938,258,258
PDLIM5,other,0.31308,0.805955,28.2137,77.343,105,54.7752,50.6989,458,344
PDLIM7,other,0.180862,1.08555,11.4041,70.0167,56.7839,63.857,38.867,499,428
PDP1,other,0.246221,0.73344,15.5411,61.7197,64.5489,47.6669,32.5991,647,633
PDP2,other,0.501281,0.732277,51.1097,127.877,81.2928,40.399,25.6053,673,779
PDPK1,other,0.292661,0.790204,75.6586,259.11,257.931,161.875,163.653,158,111
PDPR,other,0.234168,0.642396,19.424,100.542,68.4342,63.5187,43.74,348,394
PDS5A,other,0.125095,0.70214,6.92573,62.8581,48.7627,57.0366,32.0499,500,563
PDS5B,other,0.29925,0.817983,26.29,88.2055,87.5014,59.7382,51.2149,477,347
PDSS1,other,0.216418,0.589777,22.2832,94.7774,111.857,60.5393,70.1638,409,268
PDSS2,other,0.33193,0.683355,110.154,216.728,508.147,99.9972,285.551,249,76
PDX1,other,0.172448,0.425288,13.9126,92.976,70.0057,62.4038,35.001,542,463
PDXDC1,other,0.229792,1.29311,15.3251,78.1462,56.9154,70.0872,39.4873,387,430
PDXK,other,0.160313,0.994186,8.08838,59.3796,42.8692,53.7644,31.0817,567,564
PDXP,other,0.398375,0.568028,32.9423,77.3404,88.4132,29.7463,17.7465,1427,1405
PDZD11,other,0.286576,0.950257,18.275,72.2199,56.3089,60.8782,23.6988,427,774
PDZD2,other,0.17999,0.722917,13.7341,88.9871,65.43,70.4164,45.9945,423,399
PDZD4,other,0.0601545,0.362089,4.45856,95.9944,57.2277,85.0823,43.333,373,369
PDZD8,other,0.16566,0.630671,16.6213,122.319,82.3002,98.6637,52.937,264,305
PDZK1IP1,other,0.0980136,0.650838,8.95524,126.971,65.7471,113.48,51.7135,260,282
PEA15,other,0.190244,0.886981,18.7704,105.355,92.3992,89.8372,63.5391,329,310
PEAK1,other,0.320026,0.706616,14.7903,56.4432,37.8418,36.11,16.2951,858,1030
PEAK3,other,0.377463,0.54203,23.4488,75.8847,50.8557,24.7109,14.2837,1327,1347
PEAR1,other,0.348391,0.612418,25.2394,106.447,49.305,42.7265,22.6498,529,679
PEBP1,other,0.19735,0.670671,11.7712,86.9025,40.9387,66.0407,26.1724,556,600
PECAM1,other,0.326377,0.626268,18.3278,64.2807,49.0571,36.7208,17.9812,935,965
PECR,other,0.481372,0.651945,32.2605,79.1904,56.7164,21.2134,14.482,1613,1533
PEDS1,other,0.250114,0.800779,17.224,83.2965,56.933,60.461,36.6734,424,426
PEDS1-UBE2V1,other,0.14195,5.37444,17.7598,140.061,111.76,138.512,104.71,205,160
PEF1,other,0.351649,0.566939,12.0129,43.0797,27.0895,17.7271,9.38046,1881,2022
PEG3,other,0.262207,0.565436,16.2944,75.6649,51.0381,48.5243,20.4403,566,776
PELI1,other,0.226441,0.651124,9.79059,46.7367,39.999,35.7042,19.5053,817,843
PELI2,other,0.103411,1.31754,10.7934,123.885,87.9348,115.181,80.2249,218,190
PELI3,other,0.196839,0.565424,10.3144,62.0016,44.2858,42.2519,27.4365,658,660
PELO,other,0.320298,0.755829,28.3592,81.5434,96.1371,58.6531,34.6349,494,556
PEMT,other,0.0719355,0.387327,4.9301,86.7481,54.146,77.7209,36.1984,378,429
PEPD,other,0.230581,0.566949,15.7954,87.4607,53.6536,51.8068,31.8833,616,542
PER1,other,0.00394056,0.0655965,0.288192,96.5624,55.3912,95.3496,39.4751,248,401
PER2,other,0.152729,0.528771,6.99048,56.8561,36.8462,41.7266,25.2943,786,642
PER3,other,0.189996,0.56715,13.021,85.8489,54.7103,56.1829,36.9424,484,465
PERP,other,0.414807,0.785925,25.9894,76.3164,51.4378,37.6088,23.1867,875,845
PES1,other,0.195724,0.721431,93.5073,488.329,467.403,370.961,324.266,68,67
PET100,other,0.0133488,,7.14758,973.178,294.605,1061.91,264.386,24,55
PET117,other,0.198629,1.44859,83.3194,499.561,352.224,457.906,272.803,47,65
PEX1,other,0.147688,1.69785,51.6011,750.708,162.614,719.121,133.371,23,142
PEX10,other,0.317618,0.655772,16.7272,71.655,38.7071,40.5068,17.8186,1085,969
PEX11A,other,0.15114,0.810847,8.22161,65.8741,44.9199,58.9268,30.1214,461,503
PEX11B,other,0.149667,0.717263,10.7082,80.9504,63.2354,72.4166,37.118,367,427
PEX11G,other,0.204876,0.534875,7.13653,39.7026,30.5615,28.4749,14.7061,1129,1214
PEX12,other,0.131838,0.672089,7.52555,67.2117,48.4786,58.8019,33.57,529,521
PEX13,other,0.138722,0.474844,7.54343,57.7934,51.1645,47.8657,25.744,568,630
PEX14,other,0.39798,0.625436,21.7052,66.7739,44.5451,21.9784,17.6589,1008,991
PEX16,other,0.318275,0.553713,23.6733,111.042,49.8223,40.7578,23.8155,814,696
PEX19,other,0.437839,0.747755,27.7772,69.9186,57.5647,34.0257,19.1187,872,954
PEX2,other,0.326294,0.718782,21.093,69.0152,60.5499,43.0979,27.3229,717,641
PEX26,other,0.256148,0.619179,21.4229,96.4576,72.517,67.6345,30.9848,520,662
PEX3,other,0.449775,0.52863,57.9596,138.601,119.81,24.8244,14.154,1760,1318
PEX5,other,0.242051,0.480491,17.4807,78.5071,66.4348,44.3848,27.6458,868,745
PEX5L,other,0.23153,0.508578,14.1932,77.7492,48.3335,41.7745,26.6841,674,610
PEX6,other,0.364304,0.558052,50.232,171.683,110.74,55.6741,40.8978,523,457
PEX7,other,0.194233,0.515972,8.51647,51.5439,37.2989,37.346,18.1102,793,978
PF4,other,0.280677,0.622919,15.4505,54.4114,55.6904,35.1286,23.7861,877,812
PF4V1,other,0.336635,0.623471,18.3856,52.4466,56.8745,30.4744,17.2971,1031,1112
PFAS,other,0.169866,0.737553,111.086,482.962,885.521,351.06,713.538,60,26
PFDN1,other,0.207994,0.749345,13.8228,87.7182,50.3502,52.7175,40.6282,438,407
PFDN4,other,0.136365,0.438207,30.0019,316.311,153.03,243.791,88.393,85,157
PFDN5,other,0.292262,0.524283,37.5279,199.632,82.5912,61.4507,45.5121,481,381
PFDN6,other,0.20564,0.914087,63.6895,474.397,202.198,376.564,152.576,50,88
PFKFB1,other,0.109918,0.600718,6.09532,67.8863,45.2971,60.5342,31.2934,469,493
PFKFB2,other,0.106709,0.580779,6.77113,76.0625,52.936,67.7478,36.5884,551,450
PFKFB3,other,0.296185,0.840105,14.472,57.6008,41.4477,41.0703,23.4961,705,750
PFKFB4,other,0.409365,0.556765,41.7967,131.597,79.2165,37.2815,19.4642,897,992
PFKL,other,0.169887,0.820698,9.07037,64.5398,44.1673,56.5267,28.9238,577,600
PFKM,other,0.0511966,0.225558,3.16049,68.9524,55.2684,56.9436,38.9193,524,460
PFKP,other,0.177564,0.461963,9.74562,69.1526,43.5612,45.7441,24.5491,701,672
PFN1,other,0.155906,,188.015,1189.84,1222.27,962.375,1243.95,12,11
PFN2,other,0.1163,0.615306,7.23339,82.474,46.9039,73.4862,31.5277,407,512
PGAM1,other,0.194151,0.920645,35.1854,200.586,163.736,165.533,122.068,135,126
PGAM5,other,0.314576,0.792804,27.1561,109.993,67.752,66.5536,40.742,520,495
PGAP1,other,0.310922,0.824264,32.0694,124.705,85.3084,86.6384,45.5436,397,398
PGAP2,other,0.177796,1.75297,39.0059,228.474,210.659,219.924,152.748,106,100
PGAP3,other,0.228648,0.724282,15.5154,73.1393,62.9566,59.071,30.3377,488,594
PGAP6,other,0.126524,,10.2038,92.9404,69.98,93.0789,50.5875,361,326
PGBD1,other,0.0988193,0.657805,5.29016,60.1216,47.6676,54.0315,37.0477,587,463
PGBD2,other,0.29791,0.730147,16.4224,62.1371,48.905,40.2348,25.8075,778,709
PGBD4,other,0.0431662,0.3298,6.04365,175.595,111.635,136.81,102.976,161,150
PGC,other,0.327975,0.731051,17.3191,62.2634,44.7855,39.5913,20.0304,951,897
PGGHG,other,0.170661,0.702648,12.8802,102.052,55.8155,85.5812,35.4144,376,444
PGGT1B,other,0.196212,1.57719,79.9596,339.751,488.799,278.179,447.055,73,35
PGK1,other,0.35274,1.02588,157.635,380.272,525.173,227.299,370.825,101,48
PGLYRP1,other,0.193866,0.88635,12.4951,74.7678,55.5598,61.8734,40.1476,470,411
PGM1,other,0.242283,0.744374,22.449,116.988,73.3852,81.8026,47.5356,348,369
PGM2,other,0.285587,0.978655,23.9042,96.7069,72.4457,74.677,45.364,432,486
PGM2L1,other,0.126456,0.595323,9.4715,90.3047,62.1226,78.7636,40.1904,449,416
PGP,other,0.212134,0.504356,15.9208,75.8542,74.256,52.4501,31.6801,522,647
PGPEP1,other,0.246186,0.775374,156.307,835.23,482.642,598.397,311.052,46,62
PGR,other,0.141367,0.3615,11.9586,118.006,60.64,58.3247,42.3041,342,382
PGRMC1,other,0.585122,0.863327,48.0848,100.144,67.4368,35.5504,19.411,733,1017
PGRMC2,other,0.196295,0.433986,18.0162,113.552,74.1846,61.6928,40.9532,399,454
PGS1,other,0.221492,0.602042,59.9607,343.718,213.213,167.45,156.939,165,118
PHACTR1,other,0.219158,0.894861,9.28759,54.7303,32.8143,44.2443,22.5415,655,718
PHACTR2,other,0.18747,0.691797,23.9866,134.152,122.033,89.0134,95.3988,360,225
PHACTR4,other,0.522752,0.664566,42.3926,99.3666,66.1834,23.1786,12.7739,897,1296
PHAF1,other,0.16569,0.484436,13.2847,77.0469,83.4367,50.5605,55.044,569,354
PHB2,other,0.0621384,,51.8571,962.103,723.892,1125.34,777.032,15,19
PHC1,other,0.140377,0.87067,10.8935,105.767,56.9374,98.7731,34.555,276,458
PHC2,other,0.117905,3.74804,9.49435,85.8008,75.5738,85.1907,65.0563,333,276
PHC3,other,0.18319,1.88898,25.5681,123.363,157.909,114.868,136.341,262,132
PHETA1,other,0.403623,0.641334,17.4607,56.8749,32.9039,22.0077,11.6453,1493,1619
PHEX,other,0.239143,0.917825,17.041,90.0276,56.4028,78.0339,27.6606,403,683
PHF1,other,0.179566,1.14911,13.994,89.4522,67.8958,77.2508,55.7409,393,351
PHF10,other,0.210871,,228.419,969.32,1210.5,738.706,1317.12,35,15
PHF12,other,0.302151,0.895005,36.0423,137.332,103.611,95.3158,65.0138,304,266
PHF13,other,0.144845,0.803527,10.7019,102.498,53.2592,86.157,42.404,297,364
PHF14,other,0.274107,0.648795,22.0767,98.6537,65.7532,57.3985,37.6875,477,483
PHF2,other,0.264202,0.660375,20.6569,84.7137,72.1613,58.0588,35.4524,498,584
PHF20,other,0.472625,0.683811,51.605,121.661,97.9943,42.2507,26.2749,636,679
PHF20L1,other,0.204674,0.599393,14.9418,102.478,52.0054,73.6121,30.4779,324,532
PHF21A,other,0.383697,0.629214,43.2035,137.166,92.4308,62.4505,29.3301,520,669
PHF3,other,0.637374,0.679731,161.355,315.211,203.319,22.0493,11.1043,2265,2237
PHF6,other,0.152245,0.501347,24.2237,151.525,167.074,112.795,106.796,235,209
PHF7,other,0.36438,0.808147,18.1048,59.499,41.4926,36.2816,19.8756,834,945
PHGDH,other,0.218443,0.446263,11.4323,73.7027,37.1624,39.2716,18.102,622,937
PHGR1,other,0.218986,0.740267,21.327,143.369,66.1566,107.647,42.9215,229,356
PHIP,other,0.378423,0.743065,46.303,139.935,106.988,75.254,46.9556,399,469
PHKA1,other,0.110967,,11.7214,121.569,91.7804,125.92,78.3571,187,189
PHKA2,other,0.150289,0.370874,12.4627,106.009,64.8676,71.4861,32.1585,400,527
PHKB,other,0.216259,0.440687,12.9168,66.7216,53.4681,36.1998,25.3206,1000,679
PHKG1,other,0.190648,,101.665,1043.33,272.557,1070.78,219.895,17,76
PHKG2,other,0.229636,0.524142,15.1591,81.6319,53.3838,44.6752,30.7499,501,574
PHLDA1,other,0.453049,0.661626,32.2467,79.213,63.9563,29.4257,16.2445,806,1024
PHLDA2,other,0.0654673,,3.3636,56.6994,46.5566,58.2476,38.2052,495,443
PHLDA3,other,0.151072,,11.0705,85.1289,63.0803,86.5262,48.1819,287,349
PHLDB1,other,0.270555,0.591556,12.3941,53.3556,39.3314,34.0071,16.6437,959,1078
PHLDB2,other,0.24365,0.638328,16.1866,86.5534,50.9915,62.8952,23.8118,522,690
PHLDB3,other,0.151541,0.576506,11.889,96.2236,63.9658,70.5382,47.4082,342,318
PHLPP1,other,0.113932,0.28119,5.32827,52.1904,41.9077,34.9176,21.1198,749,781
PHLPP2,other,0.294788,0.630167,27.1159,93.1595,90.824,59.5703,35.7005,468,482
PHOSPHO1,other,0.356425,0.597907,23.1109,70.6602,59.5007,25.5857,26.3545,969,729
PHOSPHO2,other,0.385935,0.62638,24.9264,76.2533,54.7055,25.7473,23.351,1148,763
PHOX2A,other,0.161028,1.23442,9.4043,68.9664,49.4554,65.2928,33.6565,437,490
PHOX2B,other,0.113887,0.542442,6.75848,70.5843,49.8934,61.0461,33.6183,470,460
PHPT1,other,0.189329,0.715969,11.1211,84.0431,41.0545,63.1541,29.5043,467,505
PHRF1,other,0.0983322,,9.05406,121.521,69.7661,131.418,56.3227,217,262
PHTF1,other,0.433352,0.700286,23.8378,56.4502,53.6027,23.2937,18.6555,1092,932
PHTF2,other,0.439449,0.756729,38.4552,106.084,72.1845,47.4477,28.1427,828,745
PHYH,other,0.285634,0.618905,13.8647,49.6994,47.408,31.5031,19.8282,973,907
PHYHD1,other,0.15918,0.754673,7.43971,51.744,42.2155,44.1879,29.3539,627,583
PHYKPL,other,0.170131,0.55927,18.7975,154.414,79.0583,108.063,54.6859,261,280
PI16,other,0.114161,0.536793,46.3972,518.581,318.514,391.68,259.642,58,51
PI4K2A,other,0.335366,0.679557,18.2574,63.9362,46.3543,34.2204,22.0638,798,841
PI4K2B,other,0.388457,0.738338,24.5327,72.1573,55.2745,37.4398,23.4742,946,834
PIANP,other,0.179647,0.884072,14.5894,99.2162,66.474,84.3599,48.143,293,370
PIAS1,other,0.200967,0.84848,19.6083,125.316,75.9675,105.31,49.2723,232,287
PIAS2,other,0.209347,0.525881,12.3535,66.7127,52.196,40.7234,30.963,818,592
PIAS3,other,0.0427952,,6.15038,166.87,123.776,167.97,97.1983,165,165
PIAS4,other,0.28643,1.08009,26.3589,100.385,84.3626,77.4984,58.3399,400,342
PIBF1,other,0.349719,0.743223,55.6111,152.144,166.2,93.9103,70.0575,297,293
PICALM,other,0.172362,0.572537,14.1114,97.875,68.4834,67.2785,48.6289,356,317
PICK1,other,0.191933,0.711302,11.9342,75.7034,51.071,61.3939,31.3986,500,497
PIDD1,other,0.114939,0.478714,5.39186,52.2969,42.0793,43.6096,27.4764,692,582
PIEZO1,other,0.191572,0.626243,14.8489,94.5347,63.5524,67.5658,42.7058,479,393
PIF1,other,0.364911,0.605166,20.8056,74.6556,43.5437,29.1469,17.5709,1026,988
PIGA,other,0.0846626,0.912304,9.17308,140.695,83.4389,117.343,79.1095,213,187
PIGB,other,0.641972,0.745296,65.4143,128.239,80.9642,16.7693,11.8558,1970,1752
PIGBOS1,other,0.0734328,1.51273,6.91615,110.071,80.5889,107.18,73.3593,229,237
PIGC,other,0.489856,0.749181,35.4432,77.878,67.2222,30.992,19.4859,1074,1109
PIGF,other,0.265986,0.5991,42.7305,254.138,101.552,128.03,61.2125,177,255
PIGG,other,0.182508,0.42953,10.4376,66.7548,48.9953,41.2445,25.8482,749,618
PIGH,other,0.127491,0.425021,18.8322,292.999,74.469,144.411,61.2562,124,246
PIGK,other,0.194494,0.48683,11.2871,77.7666,43.3068,46.3946,26.1726,641,735
PIGL,other,0.30128,0.455589,23.0723,85.37,68.6967,33.8057,18.9591,1016,1170
PIGM,other,0.252896,0.721118,16.5118,79.6986,53.4874,58.5494,28.6972,604,545
PIGN,other,0.277615,0.515628,31.4507,129.043,99.4584,67.1745,39.3243,426,401
PIGO,other,0.290564,0.551513,15.0138,55.7788,47.8661,30.827,18.1653,1367,1144
PIGP,other,0.285716,0.992729,27.1568,106.611,84.7404,88.3151,43.8375,394,401
PIGQ,other,0.225951,0.446206,9.66973,67.399,27.1735,31.6854,14.0236,826,1206
PIGR,other,0.149562,0.931638,9.80229,84.0734,51.0921,75.7672,37.7643,360,398
PIGS,other,0.0873913,0.342361,8.4557,137.886,67.8957,101.435,51.1608,278,393
PIGT,other,0.435193,0.66778,17.302,44.8535,35.2397,15.9384,12.023,1564,1544
PIGU,other,0.381599,0.628684,40.657,165.222,68.705,44.8151,33.9709,684,521
PIGV,other,0.495417,0.768546,41.6936,87.0243,81.387,40.1668,18.5785,829,1039
PIGW,other,0.20177,1.04248,14.0868,77.6764,62.7515,67.8519,44.1657,463,383
PIGX,other,0.200538,0.439675,17.2153,113.68,64.8266,56.062,38.2188,469,428
PIGY,other,0.329718,0.726183,27.0513,101.098,66.5808,55.1254,36.3962,597,504
PIH1D1,other,0.204254,0.697736,14.4557,81.005,61.8335,60.9829,40.3954,452,435
PIK3AP1,other,0.224681,0.502992,7.37489,43.4834,24.7772,22.8253,14.3709,1200,1118
PIK3C2A,other,0.271285,0.674528,17.4645,73.3592,56.4944,45.3404,32.5687,533,504
PIK3C2B,other,0.22314,0.641036,22.6339,162.91,63.1561,100.998,43.0198,215,352
PIK3C3,other,0.147356,,13.9015,112.159,79.352,115.181,48.9064,216,295
PIK3CA,other,0.413124,0.663513,15.0365,46.717,28.3567,17.341,10.8743,1757,1692
PIK3CB,other,0.300293,0.625138,13.9092,58.6385,36.5876,33.348,17.0128,918,965
PIK3CD,other,0.174743,0.496604,12.1691,75.4949,64.2396,56.2254,33.0774,499,470
PIK3CG,other,0.210942,0.654805,21.256,114.637,88.5755,83.8688,54.3269,400,319
PIK3IP1,other,0.185843,0.679101,10.4188,60.9816,51.54,50.9216,28.1426,590,533
PIK3R1,other,0.338606,0.552465,15.8837,46.9256,46.8923,22.4938,13.0596,1548,1408
PIK3R2,other,0.350529,0.724731,22.7802,71.4671,59.0964,41.4554,26.1756,696,677
PIK3R4,other,0.362038,0.746886,36.3023,127.442,78.8948,73.1014,35.42,404,487
PIK3R5,other,0.0891216,,10.7895,158.843,92.2723,160.284,80.3714,159,212
PIK3R6,other,0.386857,0.662354,14.7444,48.5804,29.9016,20.5747,12.2075,1490,1453
PIKFYVE,other,0.195708,0.629227,47.1863,299.206,194.288,229.653,113.434,98,141
PILRA,other,0.257685,0.544466,16.6618,76.3264,54.776,46.5051,23.3727,850,834
PILRB,other,0.203083,0.557263,9.51333,75.7757,28.9593,46.3233,19.0641,543,781
PIM1,other,0.315724,0.707145,158.046,562.979,445.101,229.477,295.322,127,66
PIM3,other,0.166395,1.51774,32.9945,298.95,131.524,285.235,97.0661,71,149
PIMREG,other,0.124842,1.01721,6.63782,64.5446,43.7994,60.5079,33.2507,471,508
PIN4,other,0.149605,1.04281,8.21181,61.0538,49.348,55.5251,38.1319,599,479
PIP,other,0.474829,0.55425,56.0938,191.905,72.7225,24.5244,11.5281,1856,1468
PIP4K2A,other,0.0237975,,1.97831,79.9106,86.4814,83.7508,63.9791,352,310
PIP4K2B,other,0.0871315,0.402539,13.5263,186.1,129.498,144.78,102.172,173,169
PIP4K2C,other,0.291534,0.752791,20.806,73.8338,68.9831,51.1293,35.3385,542,509
PIP4P1,other,0.19743,1.28014,36.9774,193.01,181.746,151.853,161.473,183,124
PIP4P2,other,0.311812,0.982265,58.7768,236.365,150.33,156.529,105.48,184,176
PIP5K1A,other,0.440461,0.668429,22.6895,51.9274,51.1019,22.5491,11.8816,1446,1564
PIP5K1B,other,0.173388,0.414749,9.05247,63.7222,42.7765,41.0703,21.7455,595,745
PIP5K1C,other,0.156585,0.915286,9.3959,72.927,49.3727,66.1652,33.788,418,532
PIR,other,0.114916,0.54424,5.69544,55.3633,44.3683,44.0432,34.6939,683,550
PISD,other,0.447525,0.756817,53.3073,153.447,92.4658,71.0014,32.2897,511,611
PITHD1,other,0.0964811,4.22881,7.75877,99.1105,65.2502,98.888,50.1219,251,330
PITPNA,other,0.180738,0.571457,11.6438,80.7161,51.4202,50.9946,37.4516,629,455
PITPNB,other,0.154769,1.11997,33.193,293.18,156.889,236.678,141.343,101,117
PITPNC1,other,0.139875,0.545936,9.04716,77.6975,53.8438,61.9972,36.3521,550,531
PITPNM1,other,0.223453,0.630147,14.7169,84.3399,51.4315,59.7073,29.2883,485,501
PITPNM2,other,0.274847,0.85084,14.6919,60.4585,47.2623,45.2718,27.629,663,652
PITRM1,other,0.158944,0.496005,34.037,179.037,256.138,141.142,131.873,184,183
PITX1,other,0.352503,0.901883,22.4871,74.9217,54.3166,47.9469,31.27,565,586
PITX2,other,0.172817,1.3831,11.4585,74.771,58.7955,70.7623,41.6741,398,408
PITX3,other,0.177427,0.496782,8.20653,58.0127,36.8771,36.999,23.8908,863,786
PIWIL4,other,0.197747,0.374097,11.0334,81.6528,38.1265,31.7331,20.7013,926,899
PJA1,other,0.247974,0.60074,16.7926,67.9763,67.4632,44.7203,33.864,589,516
PJA2,other,0.312788,0.965099,21.309,74.1212,62.6157,54.6657,37.558,567,489
PJVK,other,0.291089,0.815414,15.0117,60.8183,43.7297,41.899,25.8154,716,692
PKD1,other,0.416162,0.608701,31.3413,86.8143,65.3308,28.6355,19.7627,864,937
PKD2,other,0.2195,0.670532,9.1899,48.7471,35.9586,37.0138,19.9497,777,785
PKIA,other,0.325147,0.664984,14.6842,53.2936,38.2705,30.1402,17.2103,1105,1040
PKIG,other,0.138058,0.489957,7.40479,61.3593,46.884,50.1209,26.5601,622,598
PKM,other,0.288241,0.786067,30.5425,102.472,109.57,66.8304,67.2125,487,296
PKN1,other,0.226611,0.544255,40.3818,213.073,149.032,135.501,78.0647,212,239
PKN2,other,0.282757,0.813924,21.0512,101.096,54.8267,64.6273,36.484,551,505
PKNOX1,other,0.428045,0.709652,52.0567,130.612,113.238,56.5392,40.5932,448,463
PKNOX2,other,0.180712,0.637406,14.2743,93.0139,67.0792,74.8274,39.5032,368,376
PKP2,other,0.341078,0.804684,22.4933,68.6556,63.3463,43.9784,31.6829,551,525
PKP4,other,0.332185,0.817263,13.8245,51.492,33.6355,34.3512,16.9423,918,1043
PLA2G10,other,0.4903,0.683462,40.2528,93.1215,72.38,30.028,17.4032,1145,1150
PLA2G12A,other,0.293381,0.762683,14.0176,60.4346,37.7742,42.647,18.7835,696,755
PLA2G15,other,0.124024,0.614281,15.724,168.137,95.599,148.8,61.7139,187,226
PLA2G2A,other,0.0279776,0.166339,1.35155,62.2346,37.4982,51.7639,31.193,550,516
PLA2G4A,other,0.260774,0.701919,11.8782,55.8125,37.1745,35.3803,23.1588,785,742
PLA2G4C,other,0.211827,0.777383,14.5649,74.469,63.4857,61.7726,35.8378,466,493
PLA2G6,other,0.241242,0.886346,14.8513,63.3411,59.8324,53.9542,29.9235,546,575
PLA2G7,other,0.419907,0.82676,31.9366,91.4509,63.2532,44.6425,31.3749,623,613
PLAA,other,0.213968,0.597919,11.3155,59.5102,46.996,42.1945,26.3125,634,644
PLAAT3,other,0.191665,0.428986,10.0034,59.9875,45.4094,36.3429,22.4122,878,764
PLAAT4,other,0.286403,0.729283,41.0054,157.686,129.998,113.439,58.5467,326,353
PLAC8,other,0.0766905,0.371113,5.13952,81.7152,54.9614,65.2704,43.2987,422,385
PLAC9,other,0.258709,0.500187,14.8116,67.7223,48.4007,33.2686,22.9497,754,754
PLAG1,other,0.235968,0.70917,15.2956,93.2481,45.0598,61.0784,30.5992,528,550
PLAGL1,other,0.269292,0.691516,18.212,80.2927,56.963,52.9216,31.6223,507,577
PLAT,other,0.120046,0.349843,9.14003,91.5445,63.3244,67.1334,35.3627,359,498
PLAUR,other,0.306163,0.583564,12.3461,52.8264,30.7825,25.3554,14.4892,1423,1282
PLB1,other,0.269873,0.649765,21.7517,86.8746,74.7781,61.3786,30.8238,552,496
PLBD1,other,0.200509,0.429521,13.216,83.6307,51.9479,55.4028,18.4087,623,916
PLBD2,other,0.197072,0.465425,14.9749,102.014,56.6009,62.3508,30.5006,434,513
PLCB1,other,0.207067,0.619217,13.3928,79.9768,52.3066,57.7253,31.2835,573,617
PLCB2,other,0.220634,0.641889,17.4237,79.9194,78.0343,55.8705,47.3959,484,398
PLCB3,other,0.0930662,0.241473,4.87823,81.2938,33.7973,40.8839,23.6979,704,682
PLCD1,other,0.139789,0.706271,7.75694,69.1321,44.5402,59.2306,32.3577,472,487
PLCD4,other,0.168051,0.602753,10.8863,74.9966,55.9554,59.7529,34.5563,549,505
PLCE1,other,0.20458,0.435822,8.26211,48.6317,33.538,27.6897,16.3769,1157,1112
PLCG2,other,0.155229,0.348586,10.2172,81.7532,52.9931,54.8466,21.064,466,870
PLCH2,other,0.291092,0.614868,16.9197,75.6138,44.6812,43.733,20.9296,766,807
PLCL1,other,0.0689128,0.406752,4.15492,66.2624,54.8603,59.3656,39.731,474,430
PLCL2,other,0.388404,0.648138,28.5659,81.3504,66.492,36.5684,23.1152,650,758
PLCXD1,other,0.15481,0.86542,14.0556,114.341,72.0943,98.7479,55.1776,268,320
PLCXD2,other,0.134179,0.378407,6.83401,66.6662,38.9111,44.727,24.0445,703,694
PLD2,other,0.24212,0.728277,15.075,65.0758,59.5709,50.7756,29.6083,651,561
PLD3,other,0.071171,,8.53374,185.15,77.6514,189.822,64.8299,116,218
PLD4,other,0.486742,0.660197,20.9292,54.7362,33.778,13.9041,9.1654,1971,1876
PLD6,other,0.224992,0.603884,9.40471,51.2664,34.0819,35.9837,18.2117,876,940
PLEC,other,0.384137,0.545107,49.4442,126.567,130.9,49.5792,24.032,800,841
PLEK,other,0.317705,0.561254,21.6401,81.0459,57.245,36.8069,23.6408,834,863
PLEK2,other,0.214679,0.640346,12.1974,69.0528,46.7488,49.2619,28.4157,642,622
PLEKHA1,other,0.425364,0.591352,27.3387,94.76,43.5923,28.3057,11.4303,791,1320
PLEKHA2,other,0.208021,0.493985,7.74998,46.3451,29.949,30.9197,13.9924,1067,1150
PLEKHA3,other,0.479936,0.712921,28.2757,74.3078,46.7117,24.5344,15.1075,953,1062
PLEKHA4,other,0.140326,0.576497,11.9988,112.489,64.9966,89.6592,46.0216,320,351
PLEKHA5,other,0.156921,0.731802,15.9492,95.6598,107.991,85.4767,61.3451,359,286
PLEKHA7,other,0.238566,0.709587,13.5022,66.4688,48.1919,43.8515,32.1832,629,557
PLEKHA8,other,0.510587,0.59711,53.9856,94.2104,118.664,16.7712,13.1068,1606,1589
PLEKHB1,other,0.223836,0.909083,15.1758,92.22,49.8448,73.5638,34.9074,452,534
PLEKHB2,other,0.137136,0.745458,13.1506,120.07,76.5871,101.508,59.822,274,272
PLEKHF1,other,0.169456,1.13157,10.9917,78.4405,53.6378,71.1569,40.6834,323,384
PLEKHF2,other,0.296681,0.50455,21.0504,90.8056,55.441,39.5278,21.4954,767,931
PLEKHG1,other,0.199321,0.899465,47.3199,190.351,296.091,161.065,201.584,165,102
PLEKHG2,other,0.210653,0.542546,11.2632,67.5768,42.305,40.6383,26.3066,714,649
PLEKHG3,other,0.143995,,8.50548,67.7176,51.5229,68.3667,43.1361,434,413
PLEKHG4,other,0.164749,0.76753,14.6606,106.794,74.1504,86.5849,56.0966,298,284
PLEKHG5,other,0.20502,0.896566,13.6956,91.2129,48.9231,70.6588,37.5703,416,436
PLEKHH2,other,0.0846917,0.404117,16.2145,201.071,182.296,164.825,137.882,147,139
PLEKHJ1,other,0.125324,,81.4966,1853.19,228.187,1997.79,213.774,10,62
PLEKHM1,other,0.234368,0.620832,11.8709,61.8084,41.5071,41.3227,23.6601,784,758
PLEKHM2,other,0.11409,0.988488,11.8919,128.771,84.3709,120.19,67.5045,180,252
PLEKHM3,other,0.161639,0.735175,7.09427,51.881,37.1292,46.3744,20.2187,683,944
PLEKHO1,other,0.353371,0.499801,22.9833,88.0179,48.0611,26.7849,13.5272,1140,1324
PLEKHO2,other,0.203978,0.71257,21.6476,118.03,95.4249,90.981,61.3048,318,265
PLGRKT,other,0.395833,0.531654,43.2045,102.032,116.761,29.2376,26.0412,852,813
PLIN2,other,0.115198,,7.79136,70.6972,64.7041,71.7426,49.9934,401,378
PLIN3,other,0.210506,0.763351,12.3337,77.0926,44.5294,54.7557,32.842,495,495
PLIN4,other,0.0926587,0.695183,6.65276,86.3632,59.6902,81.6562,40.2335,363,400
PLK1,other,0.329497,0.644913,35.4071,109.887,105.082,51.1636,53.7529,448,366
PLK2,other,0.11955,0.286029,5.10139,47.8482,38.0552,29.4998,20.7187,971,873
PLK3,other,0.556413,0.755025,31.819,64.8431,50.433,17.0337,13.2849,1872,1732
PLK4,other,0.198378,0.749014,46.7873,252.922,219.929,193.287,154.499,116,100
PLLP,other,0.199769,0.79414,10.1621,62.5839,41.3474,51.6256,26.4046,512,605
PLOD1,other,0.29284,0.681911,26.0442,101.531,77.9039,58.3368,44.1334,441,464
PLOD3,other,0.146937,1.07836,41.8755,494.386,164.283,431.82,140.18,43,96
PLP2,other,0.0795683,0.365879,2.79731,46.6579,26.4897,40.0534,17.6393,843,880
PLPBP,other,0.278405,0.741462,10.2295,45.9599,29.3747,31.582,16.1364,997,971
PLPP1,other,0.366431,0.795043,30.9911,118.479,60.374,58.9887,34.8324,347,487
PLPP5,other,0.203793,0.465544,19.2443,124.304,71.7362,72.6656,38.6456,413,530
PLPP6,other,0.0897043,0.431368,6.11126,79.4478,58.4188,66.6169,42.7763,433,421
PLS1,other,0.239265,0.543392,15.7378,91.0521,47.516,48.3879,27.8554,450,598
PLSCR1,other,0.23192,0.740163,11.487,70.4883,34.8036,48.1537,24.0195,657,725
PLSCR3,other,0.378588,0.725935,119.685,368.742,271.033,226.343,80.1467,201,219
PLTP,other,0.199805,0.496881,7.86449,44.6963,34.6622,30.5703,16.9278,845,1016
PLVAP,other,0.484201,0.639867,30.5604,77.716,51.2572,16.248,14.1474,1586,1378
PLXDC1,other,0.249189,0.538935,24.8161,109.288,90.7481,66.6897,40.9743,584,534
PLXDC2,other,0.12815,,10.9074,95.6496,75.7401,97.3807,63.121,299,278
PLXNA1,other,0.226712,1.48798,17.1229,86.6917,65.8003,81.9351,37.9605,378,422
PLXNA3,other,0.318378,0.700128,13.7825,50.7139,36.9523,30.7544,17.5368,1026,1025
PLXNA4,other,0.193804,1.12764,20.2335,135.399,80.501,116.784,63.2058,249,240
PLXNB2,other,0.107456,0.474876,4.94314,57.5177,36.7911,47.128,26.3621,667,661
PLXNC1,other,0.24946,1.03927,20.7642,107.37,64.5274,87.4181,44.5205,424,367
PLXND1,other,0.198409,1.05237,12.1355,77.1892,48.4662,66.7933,35.6749,450,502
PM20D1,other,0.181636,0.4651,10.3138,71.9446,44.8159,51.7851,20.4232,641,832
PM20D2,other,0.230287,0.498531,23.9558,122.574,88.284,69.3936,44.8646,374,375
PMAIP1,other,0.254348,0.564395,18.0575,78.028,64.596,47.5453,31.015,564,548
PMCH,other,0.393647,0.778179,23.6002,70.5732,50.9305,34.6006,25.3623,661,663
PMEL,other,0.330472,0.529575,23.72,80.13,64.2933,36.0028,18.8291,968,922
PMEPA1,other,0.431439,0.621984,33.3398,108.173,55.2036,28.6405,19.0774,999,873
PML,other,0.151697,0.751982,12.6173,99.325,69.6495,85.9482,48.6037,404,335
PMM1,other,0.246015,0.515536,13.6492,74.3536,41.399,36.6603,22.8024,726,808
PMM2,other,0.176135,0.87193,85.2624,448.884,522.024,340.661,433.668,70,40
PMP22,other,0.176451,0.46724,12.0373,90.2519,51.5649,60.5014,29.2556,526,504
PMPCA,other,0.0348607,,28.4226,1118.92,594.096,1234.31,617.988,20,22
PMPCB,other,0.0345349,0.0990329,14.8539,493.085,375.183,367.77,195.661,81,116
PMS1,other,0.157668,0.874735,10.3007,85.4734,49.9361,75.5958,35.8972,362,436
PMS2,other,0.233365,0.723431,13.6886,55.3948,62.1123,42.8416,33.5911,779,618
PMVK,other,0.300234,0.520473,77.3507,151.458,438.243,88.8355,85.5476,337,212
PNKD,other,0.476615,0.630078,62.4646,121.149,141.78,37.6634,24.0545,1151,1233
PNKP,other,0.122584,1.67268,39.8141,416.657,253.178,378.554,238.309,44,53
PNMA1,other,0.0840258,0.576247,7.88824,118.148,74.5953,107.533,56.9406,226,288
PNMA3,other,0.218338,0.620112,10.7827,53.7798,45.3498,39.5405,24.1162,721,660
PNMA5,other,0.631413,0.773511,59.2998,111.588,79.0432,21.2119,14.0119,1423,1270
PNMT,other,0.180785,0.960843,14.0673,99.6212,60.7776,80.4118,49.6191,380,377
PNPLA2,other,0.224032,0.711905,10.8713,50.9971,46.1738,40.326,24.321,753,640
PNPLA4,other,0.194582,0.737549,9.96195,65.701,39.8945,51.4047,27.1335,651,569
PNPLA6,other,0.16892,1.07453,14.7008,106.672,71.0021,95.9983,53.4657,273,295
PNPLA7,other,0.24396,0.631567,13.5221,70.5086,43.5723,43.1784,26.7995,723,643
PNPLA8,other,0.174554,0.933464,12.5426,80.7929,63.9063,70.9355,45.5908,400,399
PNPO,other,0.228773,0.525833,11.9364,58.1428,46.8208,36.3954,23.1267,938,839
PNPT1,other,0.223128,0.587942,56.8261,177.092,366.259,124.11,189.939,248,98
PNRC1,other,0.368693,0.773224,16.0933,48.5268,39.2625,27.8609,18.3009,1070,1016
PNRC2,other,0.321886,0.533139,15.5447,53.3744,43.6944,23.9973,14.7561,1231,1238
POC1A,other,0.260477,0.830032,19.9428,82.7343,70.8513,64.5031,39.1872,476,513
POC1B,other,0.16674,0.687569,18.8638,138.271,92.5652,109.344,66.5444,238,278
POC5,other,0.218011,0.53049,12.655,69.1244,48.7459,46.8521,23.1951,552,774
PODXL,other,0.25814,0.673294,23.4115,112.979,72.803,79.3037,36.8998,333,526
PODXL2,other,0.336681,0.859618,20.8775,66.8587,57.5125,47.8773,26.437,701,767
POFUT1,other,0.196024,1.32462,20.19,103.808,102.193,96.7347,69.3475,332,267
POFUT2,other,0.164343,0.839246,10.814,89.7259,48.2565,75.8739,36.2702,443,413
POGK,other,0.163662,0.378585,17.2895,113.897,97.984,69.1507,51.3738,496,364
POGLUT1,other,0.378024,0.596493,17.5096,57.4022,37.3754,21.189,13.581,1135,1233
POGLUT2,other,0.131542,0.590885,9.04534,92.4414,51.1509,77.4462,35.5233,369,502
POGLUT3,other,0.348395,0.671171,72.5632,206.809,209.758,105.559,94.3137,316,184
POGZ,other,0.300003,0.702337,64.8861,271.863,172.069,180.026,79.1306,120,211
POLA1,other,0.0370623,,40.5025,1926.74,619.835,1993.26,584.208,12,34
POLB,other,0.361239,0.690678,17.7917,65.5724,36.9933,29.8477,18.4189,974,995
POLDIP2,other,0.287744,0.608937,12.9289,56.2318,35.903,33.4083,16.1516,1061,1078
POLDIP3,other,0.135905,0.493077,37.5255,284.725,267.766,230.122,161.693,109,103
POLE3,other,0.277003,0.824201,36.8052,135.398,130.387,92.7047,83.6793,279,201
POLE4,other,0.217379,0.892648,22.3381,114.588,92.1549,88.0405,68.5657,322,247
POLG,other,0.330164,0.623591,45.7626,112.832,170.268,62.1671,63.9712,549,316
POLG2,other,0.243727,0.838127,62.5866,152.291,432.993,115.555,281.201,253,76
POLH,other,0.0994612,0.588505,5.40586,70.6711,41.8004,62.3274,31.6875,526,533
POLI,other,0.366298,0.712013,43.8549,119.778,119.67,69.2147,44.6429,437,426
POLK,other,0.436796,0.669802,11.6444,32.2779,22.0177,12.3656,6.83951,2373,2509
POLL,other,0.312625,0.703703,22.4107,79.3234,64.7829,48.7795,31.5777,726,675
POLM,other,0.378158,0.963334,16.9277,53.5463,37.4213,35.8066,20.0155,960,954
POLQ,other,0.173046,1.18484,12.3855,89.7803,57.0589,78.9303,46.9878,320,360
POLR1B,RNA pol I/III,0.121919,,152.321,1638.61,952.574,1806.01,1008.52,10,15
POLR1F,RNA pol I/III,0.175094,0.494883,116.968,903.58,493.882,400.41,382.859,87,46
POLR1G,RNA pol I/III,0.107208,1.43099,35.0654,364.905,293.174,357.171,215.53,73,105
POLR2A,RNA pol II (POLR2),0.175202,,254.214,1434.55,1467.59,1555.27,1618.16,15,11
POLR2B,RNA pol II (POLR2),0.198804,1.40189,42.4858,216.288,211.156,198.456,159.649,151,128
POLR2J2,RNA pol II (POLR2),0.213951,0.77876,15.5703,100.587,52.6528,77.0792,35.648,369,480
POLR2K,RNA pol II (POLR2),0.23273,0.561609,71.5189,387.054,243.985,196.15,159.036,113,92
POLR2L,RNA pol II (POLR2),0.122418,1.42131,44.3516,340.609,385.366,295.634,363.715,87,39
POLR2M,RNA pol II (POLR2),0.346126,0.474981,36.7164,103.175,109.064,32.1583,24.9223,858,687
POLR3B,RNA pol I/III,0.16891,5.06407,102.822,584.018,634.506,571.641,601.199,43,26
POLR3E,RNA pol I/III,0.0647402,,32.3706,663.716,376.679,776.538,354.605,26,40
POLR3G,RNA pol I/III,0.121762,0.360651,5.57907,51.353,40.8822,37.7223,23.3259,719,698
POLR3GL,RNA pol I/III,0.165964,0.870304,21.0363,140.81,114.097,116.582,89.9827,245,206
POLR3H,RNA pol I/III,0.163892,,132.002,765.985,846.886,563.251,853.732,36,21
POLRMT,other,0.200155,0.517614,37.1431,166.85,206.394,109.953,115.893,221,165
POM121,other,0.0969964,0.657109,12.1701,109.061,144.346,95.1292,119.725,302,157
POM121C,other,0.0983452,1.16455,7.51172,107.207,54.4189,103.166,44.1232,283,364
POMC,other,0.30491,0.70281,17.8511,66.9234,51.2165,41.464,25.8765,904,801
POMGNT1,other,0.142581,0.548048,30.1522,559.546,79.9238,438.396,54.9389,42,269
POMGNT2,other,0.335955,0.623038,33.2535,130.533,75.0571,55.7832,36.9474,550,541
POMK,other,0.511064,0.640139,32.105,74.905,52.6846,17.1426,9.13823,1918,1992
POMP,other,0.15318,,139.011,883.883,931.752,796.49,992.084,24,15
POMT1,other,0.373383,0.8548,23.6394,72.088,55.6031,44.8575,27.5173,628,686
POMT2,other,0.273159,0.648723,13.3645,62.4421,38.335,35.1647,22.7759,748,727
POMZP3,other,0.104503,0.747243,10.3044,116.28,83.6153,103.684,68.5189,240,247
PON2,other,0.108524,0.543217,10.9627,127.615,79.9605,107.282,59.9305,229,276
POP4,other,0.171434,5.18494,191.588,1206.77,1034.95,1172.88,994.66,18,14
POP7,other,0.140518,2.95788,228.281,2211.59,1193.35,2011.74,1163.55,10,15
POPDC2,other,0.112042,0.655859,8.24645,91.0007,59.5291,82.9321,39.9354,393,396
PORCN,other,0.100456,0.423483,14.5365,168.094,124.57,134.636,89.3533,193,136
POU1F1,other,0.0433701,0.187858,3.59044,102.469,66.884,82.0266,49.0146,350,302
POU2AF1,other,0.541431,0.709133,50.1657,112.664,76.1974,29.4566,16.0531,1344,1351
POU2F1,other,0.0816093,0.896228,10.8073,196.003,89.4737,188.34,70.4969,121,219
POU2F2,other,0.321422,0.505203,16.2886,56.2186,45.6809,22.6837,14.6826,1247,1220
POU2F3,other,0.36784,0.692851,15.6206,52.1447,34.5832,27.6452,13.8362,1364,1204
POU3F1,other,0.361881,0.640344,21.4572,69.6145,50.5025,32.7277,20.0623,858,857
POU3F2,other,0.269774,0.579574,14.8722,62.9333,48.2912,35.712,24.1019,863,810
POU3F3,other,0.123529,1.08805,6.87393,64.3294,48.1354,60.0881,38.7249,457,427
POU3F4,other,0.17302,0.60019,8.085,66.2408,32.9642,47.7893,23.1297,711,712
POU4F1,other,0.235497,0.630846,13.8032,64.5541,53.2193,44.7592,29.0334,576,613
POU4F2,other,0.269997,0.70926,9.01708,37.2761,29.9216,27.4339,13.4994,1113,1215
POU4F3,other,0.00292889,0.0161867,0.184562,72.1097,55.0662,63.8177,39.3876,454,466
POU5F1,other,0.450001,0.666207,30.222,74.349,60.666,28.7187,15.566,1343,1285
POU5F1B,other,0.292304,0.756912,33.6548,127.565,103.919,85.8558,56.5196,396,356
POU5F2,other,0.423735,0.676436,22.3643,66.2046,42.076,24.1112,16.1077,1426,1228
POU6F1,other,0.0156473,0.0952813,2.05159,227.709,75.4956,190.908,62.8973,122,236
POU6F2,other,0.131256,0.905537,10.991,104.032,67.4018,91.3242,55.8086,280,321
PP2D1,other,0.108411,0.705386,6.00432,64.8235,47.3208,59.064,34.7407,536,503
PPA2,other,0.14567,0.829737,55.5862,396.157,367.558,203.615,344.249,167,60
PPAN,other,0.300689,1.51631,147.941,530.067,456.678,462.397,316.005,79,61
PPARA,other,0.43127,0.69802,19.8539,57.9303,36.5837,17.9957,16.3251,1495,1169
PPARD,other,0.0991346,,6.09282,76.396,49.4442,79.1258,37.4459,357,461
PPARG,other,0.256985,0.616531,10.3546,47.8196,33.9505,28.295,19.5035,917,862
PPARGC1B,other,0.0647497,0.655346,7.18612,154.165,79.8966,149.862,51.9521,155,293
PPAT,other,0.249846,1.13198,95.5233,233.962,624.78,188.394,468.51,130,39
PPBP,other,0.136107,0.768782,11.0725,99.6791,66.394,86.9421,50.1077,270,325
PPCDC,other,0.36183,0.555382,65.1112,198.794,162.892,50.9943,69.8981,575,285
PPCS,other,0.256589,0.95811,98.0909,374.363,390.38,201.448,329.763,137,47
PPDPF,other,0.458152,0.540155,65.5079,214.924,95.1224,22.8301,18.5563,1076,929
PPFIA1,other,0.0695968,0.332145,5.31692,100.289,58.1955,85.2107,41.2004,351,381
PPFIA4,other,0.543909,0.641405,42.0366,101.74,58.7099,16.0882,8.56196,1792,2293
PPFIBP1,other,0.0685447,0.297487,7.52671,157.48,76.5662,123.923,57.4899,221,270
PPFIBP2,other,0.29473,0.584107,16.2166,66.7055,45.3849,36.124,20.1804,913,880
PPHLN1,other,0.416859,0.762512,46.3254,124.664,99.0644,54.5008,46.4586,736,445
PPIA,other,0.220282,0.611786,16.0376,91.9031,57.6749,58.6638,37.0008,506,497
PPIB,other,0.189647,0.60091,9.52204,57.5895,43.775,43.593,25.8352,715,681
PPID,other,0.230697,0.676897,16.3944,82.4764,61.2318,58.2205,37.0479,485,491
PPIE,other,0.380303,0.54887,156.575,503.43,336.701,168.133,93.9993,116,185
PPIG,other,0.126882,2.92041,11.0468,104.321,72.6602,103.467,55.8992,307,281
PPIH,other,0.294299,0.736487,28.3304,99.9275,92.7345,67.8827,46.5585,383,336
PPIL1,other,0.273286,0.612041,47.3433,179.942,166.782,78.376,107.87,302,162
PPIL2,other,0.288798,0.636257,49.4044,175.357,166.887,117.455,62.7572,212,383
PPIL3,other,0.239855,1.02332,9.73432,46.5716,35.3666,37.9815,24.8328,805,717
PPIL4,other,0.0406838,,46.0739,1076.06,1191.87,1160.67,1364.92,14,11
PPIP5K1,other,0.0588338,0.181601,4.35707,88.0154,62.3127,64.2027,38.139,396,494
PPM1A,other,0.396336,0.546636,24.2992,81.0006,46.4053,23.2905,12.1654,1004,1310
PPM1B,other,0.174517,0.459064,10.4264,80.4186,44.385,51.1764,26.7444,527,611
PPM1D,other,0.320236,0.567173,29.9182,122.119,71.4742,45.7959,35.0166,726,586
PPM1F,other,0.524654,0.689762,56.0612,121.866,93.6906,30.5858,21.322,1367,997
PPM1G,other,0.225311,0.835601,18.1737,99.7322,65.2359,73.1092,47.4681,469,401
PPM1K,other,0.259693,0.386822,26.2392,109.785,92.9907,44.0321,23.0121,850,806
PPM1L,other,0.16659,0.669767,29.378,338.079,91.9878,229.389,74.2864,73,200
PPM1M,other,0.248025,0.497709,17.8166,81.195,63.5522,48.7454,24.062,754,723
PPM1N,other,0.261584,0.711817,10.7167,41.5382,40.4065,31.4261,17.9913,875,870
PPME1,other,0.259398,0.858432,15.6785,73.4387,49.7452,55.2899,31.3649,534,540
PPOX,other,0.214233,0.541572,11.8739,61.53,49.9261,41.2663,26.2039,699,680
PPP1CA,other,0.256332,0.721744,18.4824,81.87,63.5019,59.0138,34.8106,475,538
PPP1CB,other,0.311275,0.690825,23.2375,86.3555,64.5356,51.101,32.4413,527,479
PPP1CC,other,0.0958535,0.697653,7.01448,85.4083,62.7011,80.6626,41.3992,355,407
PPP1R10,other,0.257344,1.70122,63.591,218.835,279.028,203.313,189.013,124,96
PPP1R11,other,0.338799,0.791861,132.783,448.645,342.375,244.167,204.862,88,83
PPP1R12A,other,0.293975,0.643488,19.5579,85.6364,51.6853,45.9696,28.397,571,611
PPP1R12B,other,0.089429,1.29997,7.34037,93.5275,72.0344,92.0597,50.3111,308,314
PPP1R12C,other,0.545909,0.730941,50.0186,136.144,61.6628,29.4832,17.7599,791,1004
PPP1R13B,other,0.522437,0.742962,46.2759,106.163,73.9043,36.8357,17.9449,1079,1182
PPP1R13L,other,0.240059,0.795652,19.5918,94.6257,70.3887,62.3387,51.6095,523,327
PPP1R14A,other,0.117436,0.920257,6.91335,65.5648,52.857,62.2182,35.993,513,450
PPP1R14B,other,0.163014,2.6081,29.8245,155.723,214.954,153.306,160.854,173,130
PPP1R14C,other,0.207573,1.22971,15.1231,91.0482,58.2999,79.7762,44.8824,413,404
PPP1R15A,other,0.173906,1.31902,16.7093,94.6248,97.5629,89.0663,68.6921,281,260
PPP1R15B,other,0.191853,0.570923,34.1335,206.86,153.02,133.702,104.161,184,188
PPP1R16A,other,0.231965,0.551145,12.0224,56.566,47.4881,35.5311,24.8671,940,796
PPP1R16B,other,0.52109,0.658523,41.7447,96.8574,66.259,19.2662,14.4686,1035,1023
PPP1R18,other,0.376388,0.627601,67.5412,207.237,155.381,96.0119,51.2531,342,444
PPP1R1A,other,0.286515,0.74812,26.6726,153.255,56.5484,92.3357,35.6827,216,459
PPP1R2,other,0.265703,0.418899,23.725,108.489,73.4906,41.5626,25.5619,1001,705
PPP1R21,other,0.224853,1.03474,16.8602,100.75,55.806,92.4803,23.7021,285,707
PPP1R35,other,0.0953388,0.503944,11.7821,163.289,93.5289,138.897,71.1193,169,201
PPP1R37,other,0.217666,0.600579,12.5113,67.6945,48.8057,44.5569,30.0494,583,612
PPP1R3B,other,0.491746,0.603022,56.8477,145.323,91.9621,27.6258,16.454,1585,1448
PPP1R3D,other,0.192736,0.705978,11.7683,77.8813,47.8706,62.1265,30.2332,517,536
PPP1R3E,other,0.287504,0.990893,24.5578,93.9207,77.6835,72.2222,49.3764,421,399
PPP1R3F,other,0.339987,0.695405,27.4975,81.167,80.5903,49.2701,31.5715,634,621
PPP1R7,other,0.252607,0.571112,24.6389,104.932,90.6655,71.2248,35.4488,417,487
PPP1R8,other,0.0893185,0.6377,13.6098,166.32,139.597,144.732,118.498,142,126
PPP1R9B,other,0.125364,0.543886,8.53755,75.9659,61.0528,62.4618,42.806,429,340
PPP2CB,other,0.123978,0.745658,10.3338,130.278,53.3289,112.234,42.685,229,394
PPP2R1A,other,0.209702,,182.112,543.337,1388.04,408.044,1457.8,57,12
PPP2R1B,other,0.197428,0.671899,15.1473,89.2391,65.9628,64.5062,45.4139,387,357
PPP2R2A,other,0.139221,0.694811,12.2399,99.3546,77.7963,84.6888,56.6363,319,316
PPP2R2B,other,0.252926,0.668825,13.8984,65.9902,45.7574,44.5065,25.6576,747,631
PPP2R2D,other,0.184921,0.631705,13.1321,86.0986,58.5737,66.1077,36.956,535,500
PPP2R3B,other,0.279719,0.989577,21.5811,81.9664,72.6222,64.6572,45.145,456,425
PPP2R3C,other,0.192192,0.488338,12.6461,74.5807,58.0513,51.1445,29.4371,655,629
PPP2R5A,other,0.379633,0.730823,16.1184,51.517,34.9916,25.7514,16.1127,1227,1195
PPP2R5B,other,0.179856,1.23619,11.6017,76.3724,54.4823,68.8217,42.8172,444,374
PPP2R5C,other,0.0735737,0.923933,10.3372,132.959,148.47,116.555,140.84,274,126
PPP2R5D,other,0.384749,0.837852,26.08,74.9009,61.3441,45.3294,28.5793,699,786
PPP2R5E,other,0.107725,,7.45872,76.2313,62.8877,76.9481,45.2455,379,405
PPP3CA,other,0.24681,0.870287,21.4168,100.196,75.1507,80.4642,44.4596,357,388
PPP3CB,other,0.0568867,0.855031,3.74906,71.9971,60.3266,70.5175,47.3329,420,320
PPP3CC,other,0.19322,0.480633,9.20803,56.8436,39.9528,37.6521,20.828,843,867
PPP3R1,other,0.323324,0.499111,24.6979,75.5017,77.2839,30.516,22.8521,1062,811
PPP4C,other,0.194202,0.703934,40.2352,210.446,203.969,151.227,148.801,158,117
PPP4R1,other,0.191986,0.780116,14.0156,91.5345,58.2239,73.3033,40.5192,395,391
PPP4R2,other,0.187448,0.694266,17.4489,120.042,72.1843,89.4012,51.569,319,312
PPP4R3A,other,0.295016,0.85873,21.5745,88.8291,60.2053,67.8283,30.1492,482,483
PPP4R3B,other,0.623417,0.726344,41.4547,76.0598,58.1346,10.8623,8.17362,2208,2109
PPP4R4,other,0.485361,0.574971,44.3041,123.46,67.4887,19.9131,10.1486,1760,1886
PPP5C,other,0.15522,1.10595,16.0627,116.683,91.7778,106.666,70.7182,234,239
PPP6C,other,0.195981,0.543696,23.7511,155.261,94.5973,90.7364,65.0218,238,238
PPP6R1,other,0.214098,0.783737,14.1564,70.4055,62.0972,53.8372,42.4055,504,432
PPP6R2,other,0.466922,0.608338,50.0852,173.581,66.2869,35.8351,17.0773,653,941
PPP6R3,other,0.365483,0.496413,22.0604,98.3012,37.0624,18.0189,12.4632,1502,1352
PPRC1,other,0.306456,0.735413,40.6137,149.978,117.107,95.999,60.6054,288,353
PPT1,other,0.254106,0.683182,13.0095,65.7052,39.8926,44.1101,23.1009,882,823
PPT2,other,0.0813191,0.429457,4.33116,64.7266,43.8269,55.8953,32.3097,536,492
PPTC7,other,0.189814,0.588494,10.8793,65.9645,49.8011,45.7138,32.9247,579,498
PRADC1,other,0.04945,,34.6306,929.147,527.842,1081.73,541.188,20,25
PRAF2,other,0.0941216,0.971578,7.06782,89.6583,62.893,83.0469,54.8887,327,321
PRAG1,other,0.299451,0.716583,17.8116,72.2531,48.9662,37.8767,30.9936,585,539
PRAM1,other,0.193799,0.67486,13.49,100.656,48.1378,67.2033,36.1932,450,496
PRAP1,other,0.533976,0.679546,43.8528,97.4812,69.1879,22.6525,13.5348,1593,1591
PRB1,other,0.216381,0.674731,13.3662,77.4,49.2993,59.5873,27.2685,442,548
PRB2,other,0.276822,0.519185,12.2886,48.9416,40.2647,25.5916,16.2722,1137,1103
PRB3,other,0.256271,0.706448,16.3361,76.3977,53.1887,48.585,33.9624,706,593
PRB4,other,0.148673,0.435315,19.7557,188.542,93.6512,121.55,62.9079,299,289
PRC1,other,0.195744,3.97796,276.422,1595.88,1249.6,1457.64,1214.67,15,12
PRCC,other,0.288149,1.56923,78.0413,270.204,271.47,219.872,222.331,114,75
PRCP,other,0.351708,0.608778,27.5487,106.908,57.3887,53.636,18.9485,536,832
PRDM1,other,0.651173,0.707385,66.3352,148.732,69.7734,10.616,6.10395,2581,3238
PRDM11,other,0.199529,0.528091,9.00932,59.7519,34.121,36.5781,21.5616,750,768
PRDM12,other,0.520639,0.641096,59.2521,119.026,108.816,32.7159,9.84663,1000,1960
PRDM13,other,0.338566,0.720315,16.456,64.9423,36.3776,34.4441,19.2644,874,892
PRDM14,other,0.124918,,7.74071,72.8029,52.7428,75.1292,40.4055,404,410
PRDM15,other,0.459249,0.735707,51.3527,144.033,86.8099,57.8061,30.3064,571,596
PRDM16,other,0.204212,0.587391,14.9132,81.5792,65.3735,58.7015,37.1977,516,477
PRDM2,other,0.0739774,0.405169,9.17919,163.966,93.8981,136.988,74.8728,163,206
PRDM4,other,0.240772,1.05166,19.9876,104.151,66.1684,81.5696,50.1717,361,394
PRDM5,other,0.373881,0.684791,20.1835,63.3022,46.0371,30.2229,19.7755,1020,929
PRDM6,other,0.306449,0.683317,11.9969,44.4871,34.45,27.4639,16.3427,1156,1205
PRDM8,other,0.147008,1.10297,11.9568,104.754,63.1503,90.0254,55.1715,283,292
PRDM9,other,0.356201,0.650207,13.2619,49.8405,27.8125,21.1287,13.3231,1224,1311
PRDX1,other,0.147281,0.448474,9.77483,80.7079,54.5766,48.8236,39.6773,499,410
PRDX2,other,0.109468,0.969901,6.91595,78.048,51.1403,72.5471,41.8973,419,384
PRDX4,other,0.478636,0.636536,75.2119,200.515,123.144,56.0035,26.534,846,856
PRDX5,other,0.217065,0.756527,15.1006,73.3283,65.9989,57.748,40.4268,583,497
PRDX6,other,0.277863,0.781722,12.808,54.296,39.1323,37.7092,22.9479,825,767
PRELID1,other,0.19662,0.691458,35.8165,252.083,131.634,174.146,97.2079,149,165
PRELID2,other,0.194453,0.598756,8.59114,47.2508,41.3109,36.2266,22.6361,836,740
PREP,other,0.326609,0.704047,18.9412,64.5175,52.129,37.548,25.2917,737,685
PREPL,other,0.199284,0.51043,11.644,67.115,50.8673,44.873,27.4705,592,631
PREX1,other,0.119571,1.66986,13.3499,126.467,98.5661,123.38,77.8647,208,190
PRF1,other,0.268321,0.589934,17.0032,87.0212,46.1454,44.0831,26.7984,759,681
PRG4,other,0.281386,0.677135,10.6066,42.7464,33.2392,29.4981,14.7191,1160,1203
PRH1,other,0.165913,0.612582,11.0339,72.6303,60.8947,59.0665,36.9752,467,469
PRH2,other,0.240038,0.851656,11.439,62.6335,36.2584,45.3635,25.8124,606,610
PRICKLE3,other,0.124808,0.553715,10.5847,121.522,59.1856,93.8307,45.9898,280,355
PRIM1,other,0.178634,,132.807,842.455,656.096,852.276,557.483,21,29
PRIM2,other,0.148198,,179.791,1537.22,957.45,1502.3,1004.81,10,11
PRIMPOL,other,0.0853163,1.09862,10.0792,138.604,100.696,135.748,71.2229,202,242
PRKAA1,other,0.149622,1.18682,10.9224,90.1754,59.096,84.813,43.3014,351,375
PRKAB1,other,0.196519,0.756437,12.5236,75.563,53.7453,61.6209,34.0852,452,513
PRKACB,other,0.0443765,0.239454,2.48845,70.5103,44.5966,61.6903,32.3519,501,520
PRKAG1,other,0.171338,0.497365,8.44047,55.8292,43.4675,42.9038,21.1864,747,773
PRKAG2,other,0.136575,0.446349,9.81883,75.7142,68.2649,59.2411,38.8888,504,492
PRKAR1A,other,0.389203,0.736543,301.551,958.418,626.348,435.249,305.954,57,55
PRKAR1B,other,0.19047,2.24482,69.7222,326.964,409.816,315.924,322.435,67,52
PRKAR2A,other,0.1279,0.419318,5.86031,52.7694,39.7851,42.1566,21.3807,853,822
PRKAR2B,other,0.114189,,31.6571,236.65,324.778,201.139,343.329,124,47
PRKCA,other,0.448466,0.649716,46.0541,109.966,95.9001,39.0849,25.0145,695,810
PRKCB,other,0.373663,0.599569,23.5298,101.84,38.9367,29.6109,17.6137,984,1016
PRKCD,other,0.257188,0.605158,15.643,74.5027,49.6553,45.636,26.5077,628,615
PRKCE,other,0.0672721,0.574498,6.11459,94.6947,87.2446,90.3576,61.1256,318,270
PRKCH,other,0.177375,0.484645,13.3079,98.6259,57.075,54.9166,39.8246,427,386
PRKCI,other,0.132239,1.14948,7.27898,66.216,45.7573,63.1113,32.8415,504,535
PRKCQ,other,0.0993951,0.556143,14.3428,138.182,150.691,123.996,103.805,213,172
PRKCSH,other,0.138338,0.559649,12.0378,114.767,65.9771,90.2447,47.1105,288,356
PRKCZ,other,0.182462,0.384579,17.705,106.3,88.5761,66.4893,35.338,510,476
PRKD2,other,0.383415,0.575058,30.5269,83.9019,75.554,34.5607,18.4413,966,975
PRKD3,other,0.148321,0.693935,8.67298,77.0841,44.3572,67.3973,28.2315,445,596
PRKDC,other,0.202129,0.802712,57.3252,253.985,316.683,198.694,224.445,113,71
PRKG2,other,0.13774,0.828635,16.8911,191.625,78.476,166.548,61.9065,170,252
PRKN,other,0.110751,0.509979,8.22323,97.4789,56.5555,83.0289,38.5622,379,372
PRKRA,other,0.399444,0.620906,39.6755,125.028,78.909,46.6205,26.8332,553,725
PRKRIP1,other,0.1341,,26.7344,260.486,152.581,265.653,123.944,79,111
PRKX,other,0.0739347,0.307885,11.8667,189.394,136.018,146.396,101.469,278,165
PRMT3,other,0.207033,1.01218,16.8393,97.0789,68.1469,82.9815,48.5134,361,326
PRMT5,other,0.0882228,1.98141,115.455,2483.89,689.498,2382.57,655.988,10,18
PRMT9,other,0.151591,1.02261,17.1333,122.96,103.889,111.292,79.8306,302,260
PROCA1,other,0.199039,0.634577,9.71613,54.1855,43.9773,40.7094,26.5812,681,619
PROCR,other,0.133861,0.49715,7.76844,66.7097,50.4859,57.6345,23.5808,576,811
PROK2,other,0.307053,0.739331,23.2157,104.491,54.7087,63.7548,30.5038,394,502
PROP1,other,0.296565,0.67729,14.5256,65.8613,36.4251,35.4555,21.2977,848,837
PRORP,other,0.167345,0.535838,13.598,82.3366,80.192,57.6485,54.1069,500,343
PROSER1,other,0.347472,0.6521,17.5769,72.6604,35.2168,34.6178,16.1188,1009,1062
PROSER3,other,0.120918,0.6343,9.96869,100.452,67.6602,82.3754,53.9968,362,301
PROX1,other,0.0999039,0.410612,8.14905,112.915,58.9244,83.7685,45.4112,291,340
PROX2,other,0.39479,0.510084,53.0636,204.515,88.3355,39.7378,22.6586,859,789
PROZ,other,0.267438,0.6901,13.1891,59.9184,40.5903,40.4222,21.8553,737,705
PRPF38A,spliceosome (SF3/SNRP/PRPF),0.374354,0.712485,130.668,395.026,308.425,209.578,127.055,137,124
PRPF38B,spliceosome (SF3/SNRP/PRPF),0.188238,2.09703,98.0715,904.52,300.09,854.253,256.579,24,56
PRPF39,spliceosome (SF3/SNRP/PRPF),0.199268,0.358281,14.77,66.8604,82.1712,34.6077,29.4789,740,605
PRPF4,spliceosome (SF3/SNRP/PRPF),0.173426,1.46346,107.781,651.421,592.915,543.337,542.732,38,32
PRPF40B,spliceosome (SF3/SNRP/PRPF),0.163942,0.793996,8.69293,66.8899,42.0329,58.5369,27.6828,530,616
PRPF6,spliceosome (SF3/SNRP/PRPF),0.150592,,141.749,1029.83,860.342,1129.54,935.338,23,22
PRPS1,other,0.149066,0.591932,11.3752,84.6466,68.7948,67.6821,47.0259,475,399
PRPS2,other,0.192458,1.85796,189.383,744.653,1300.35,654.29,1185.37,35,16
PRPSAP1,other,0.353695,0.4428,27.8537,118.791,52.2063,18.468,12.7651,1239,1437
PRPSAP2,other,0.0802018,0.849982,6.1061,95.1072,60.9463,90.62,49.4453,315,301
PRR11,other,0.139494,,9.51928,75.5016,61.6793,77.4436,46.825,381,367
PRR12,other,0.490958,0.607879,37.6232,88.6506,66.2431,18.8285,11.3796,1754,1730
PRR13,other,0.310435,0.673198,12.7805,55.3393,30.628,28.2671,17.3147,1021,1025
PRR14,other,0.212684,1.10459,18.1761,98.2218,74.358,81.1593,58.4886,345,314
PRR14L,other,0.237401,0.512302,20.3793,110.22,66.8585,54.9031,38.2515,428,456
PRR15L,other,0.308558,0.715252,21.1162,79.9437,58.583,45.9781,32.9221,602,524
PRR22,other,0.0547521,,8.92246,164.814,161.129,165.974,29.5826,151,661
PRR27,other,0.318545,0.598335,23.7561,88.9318,62.5394,36.7131,32.3513,714,548
PRR29,other,0.222769,0.550085,13.2609,70.0584,50.5794,46.4758,25.9365,620,602
PRR3,other,0.157665,0.633093,8.09799,64.0571,41.183,50.5015,29.1132,570,574
PRR34,other,0.186598,0.89574,19.2729,158.905,67.1342,135.093,47.6928,170,361
PRR4,other,0.137165,0.706258,9.23318,83.2905,54.403,72.9201,37.9221,357,418
PRR5,other,0.326428,0.69441,20.3501,66.6566,58.3059,42.6882,22.4747,643,719
PRR5L,other,0.165757,0.563844,11.92,81.7031,63.2945,63.4085,38.8654,491,438
PRR7,other,0.266003,0.548664,12.8641,64.5186,36.2495,31.5334,19.5836,808,850
PRRC1,other,0.173606,0.732411,6.26908,44.0178,29.6245,36.6786,19.6418,841,842
PRRC2A,other,0.271582,0.789473,23.949,103.578,75.0772,72.8265,45.1516,392,369
PRRC2B,other,0.0633007,,28.374,502.134,400.132,459.731,416.29,38,39
PRRC2C,other,0.199738,0.631073,12.3371,78.864,48.3755,55.4266,32.0692,600,537
PRRT1,other,0.214043,0.682858,19.1363,93.5319,85.4587,72.8511,47.4846,364,377
PRRT2,other,0.358399,0.658593,27.2172,106.262,54.2715,46.2137,25.8303,688,734
PRRT3,other,0.298959,0.661815,24.5944,88.1235,76.7996,51.9941,38.5753,596,517
PRRX1,other,0.441479,0.854895,42.9686,111.054,85.2997,60.6524,35.1773,517,593
PRRX2,other,0.124705,,9.37369,86.0213,65.6821,88.1452,60.8481,332,276
PRSS21,other,0.309908,0.765945,49.5994,206.82,123.849,126.035,71.9422,154,225
PRSS23,other,0.0851476,,8.78343,100.098,106.306,102.064,94.5382,314,200
PRSS3,other,0.19816,0.852837,14.6655,84.2294,65.0273,73.7772,36.7361,398,426
PRSS53,other,0.303756,0.494061,27.814,112.684,74.4073,48.1443,25.3006,648,655
PRTFDC1,other,0.167578,0.834728,10.863,82.4569,50.9612,69.7186,37.6658,400,423
PRTN3,other,0.283231,0.919709,19.2225,67.3114,68.4306,50.9079,41.7998,647,457
PRUNE1,other,0.493179,0.627186,45.1073,116.751,71.6513,24.0347,15.8628,1730,1385
PRX,other,0.251916,0.442363,13.7143,66.1289,44.8169,31.2386,17.2695,1024,1028
PRXL2A,other,0.210491,0.785769,12.1677,64.8497,51.528,52.5101,32.0957,588,602
PRXL2B,other,0.1366,0.331192,8.4667,82.9089,46.3365,48.5557,27.3125,455,663
PRXL2C,other,0.232966,0.677579,19.1056,87.1822,77.1451,57.7983,50.0874,464,390
PSAP,other,0.307309,0.601636,19.0321,66.821,57.3997,38.9765,21.4608,840,882
PSAT1,other,0.291753,0.547269,19.0811,85.2821,50.1554,41.1849,22.5881,854,893
PSD,other,0.267977,0.668709,9.97465,46.6007,29.7309,29.72,16.5504,1006,996
PSD4,other,0.373836,0.640697,25.5518,85.7967,54.4518,35.5483,22.7987,734,799
PSEN1,other,0.279759,0.615129,13.3729,55.0141,41.5343,31.2043,21.6843,870,766
PSEN2,other,0.135535,0.815806,10.4847,116.622,51.3132,104.593,37.5819,251,435
PSENEN,other,0.347794,0.704179,26.0763,86.3159,65.126,45.6031,31.4443,882,648
PSIP1,other,0.489005,0.782632,65.154,137.157,129.431,60.2084,39.3639,445,395
PSMA4,proteasome (PSM),0.0551961,,46.8058,1228.21,585.474,1441.45,602.12,13,25
PSMA7,proteasome (PSM),0.0619818,,40.2521,1239.46,340.265,1473.46,312.775,15,48
PSMA8,proteasome (PSM),0.482907,0.744168,38.6802,83.9634,76.4121,33.7819,22.5736,973,932
PSMB10,proteasome (PSM),0.259,0.502742,11.7712,54.718,37.7497,30.593,15.0257,1118,1320
PSMB2,proteasome (PSM),0.139816,,120.76,1420.58,525.125,1441.46,537.036,11,26
PSMB4,proteasome (PSM),0.156647,0.995528,25.7603,235.058,115.049,222.138,63.2254,119,273
PSMB5,proteasome (PSM),0.222977,0.752065,16.6763,85.8458,65.157,66.0243,40.3512,440,428
PSMB6,proteasome (PSM),0.126894,,37.9717,306.172,292.462,312.045,291.948,79,55
PSMB7,proteasome (PSM),0.0490331,,17.0119,378.547,317.985,415.747,220.747,49,72
PSMB8,proteasome (PSM),0.276592,0.99285,28.3355,120.113,87.3761,93.0523,57.2768,302,303
PSMC3IP,proteasome (PSM),0.173537,1.05631,17.88,129.221,82.1524,119.394,52.9952,180,310
PSMC5,proteasome (PSM),0.0699724,1.91778,32.3673,555.883,384.924,505.953,379.219,51,38
PSMD1,proteasome (PSM),0.236908,2.65488,143.988,722.271,511.436,678.613,444.061,37,30
PSMD10,proteasome (PSM),0.408451,0.586279,22.6463,67.6145,45.4647,22.3514,12.5006,1565,1418
PSMD14,proteasome (PSM),0.13254,2.3944,197.089,1970.45,1122.18,1813.29,1079.07,13,20
PSMD5,proteasome (PSM),0.252706,0.92793,16.5338,83.7788,51.0954,64.5549,34.5806,488,468
PSMD6,proteasome (PSM),0.321069,0.662784,184.143,554.698,593.001,295.679,294.99,96,63
PSMD9,proteasome (PSM),0.560217,0.731254,91.0019,180.682,146.041,46.2301,30.8551,833,842
PSME1,proteasome (PSM),0.373244,0.714344,24.8326,74.7768,59.1958,38.4457,25.9337,799,801
PSME2,proteasome (PSM),0.303026,0.776371,19.3948,66.8233,61.303,44.2851,33.6137,606,521
PSME3,proteasome (PSM),0.0692893,1.08026,14.3,276.231,154.195,257.37,144.904,89,116
PSME3IP1,proteasome (PSM),0.16867,0.65641,9.93566,61.7791,56.1663,51.5944,33.6708,606,506
PSME4,proteasome (PSM),0.269574,0.490316,11.4001,50.8571,35.1651,26.1029,13.3268,1312,1276
PSMF1,proteasome (PSM),0.426123,0.553489,31.411,98.0351,55.4257,21.1822,13.5189,1589,1383
PSMG2,proteasome (PSM),0.616527,0.766862,134.988,244.741,195.876,57.1227,30.7248,812,839
PSPC1,other,0.350566,0.774336,23.3723,77.004,57.723,48.2721,26.0143,505,664
PSPH,other,0.522061,0.799857,108.031,250.423,170.994,88.0112,58.6744,277,306
PSRC1,other,0.314907,0.757971,17.5663,65.6436,47.403,41.8587,24.8214,753,753
PSTPIP1,other,0.257558,0.613056,16.5269,71.8589,57.2996,48.279,26.4789,617,605
PSTPIP2,other,0.129089,0.737701,13.3292,126.334,84.3932,111.225,62.7848,271,255
PTAFR,other,0.37831,0.651248,23.674,68.0396,57.5553,32.1813,20.7033,879,922
PTAR1,other,0.173889,0.730181,10.1121,72.0198,46.9553,54.4185,36.059,545,484
PTBP1,other,0.235365,0.915401,64.6205,322.743,233.562,241.438,172.269,119,98
PTBP2,other,0.520361,0.742467,47.2669,108.831,75.8144,32.3982,22.7894,718,865
PTBP3,other,0.315648,0.631024,17.9656,69.7243,46.4616,38.0574,20.8648,767,767
PTCD1,other,0.140435,0.87476,23.2796,217.875,126.123,168.861,111.673,118,154
PTCD2,other,0.170012,0.53317,27.2925,139.374,184.904,109.276,97.8446,257,189
PTCH1,other,0.325319,0.686075,29.6993,126.073,66.1075,63.7986,36.0164,368,501
PTCRA,other,0.0414999,,2.73294,78.9819,54.9084,80.4289,38.7136,349,410
PTDSS1,other,0.140329,0.62562,20.7013,154.507,140.848,132.974,89.9993,204,208
PTDSS2,other,0.263205,0.890571,39.1742,146.529,151.178,112.655,94.0562,237,220
PTEN,other,0.617077,0.704122,79.9669,200.618,83.7088,20.9169,11.9339,1624,1741
PTER,other,0.143566,0.605181,8.00739,66.9882,46.4386,57.1545,28.6357,555,603
PTF1A,other,0.391078,0.714775,23.6587,72.6583,50.3699,36.5863,19.9978,1022,1024
PTGDR,other,0.337226,0.73384,26.5252,95.8667,64.5365,57.082,30.8502,636,583
PTGDR2,other,0.136947,0.537671,6.68179,62.4661,38.1095,48.6144,26.9602,610,636
PTGDS,other,0.203727,1.03506,23.9278,132.543,104.077,116.155,71.4661,243,241
PTGER2,other,0.132551,1.3349,16.6025,163.118,96.1788,148.795,85.3786,176,186
PTGER3,other,0.261298,0.862905,31.2642,159.082,89.9909,115.02,60.199,226,228
PTGER4,other,0.146752,0.786251,10.9527,91.7377,60.7192,85.3069,30.5438,286,514
PTGES2,other,0.185645,0.548706,11.4043,81.6002,46.2467,56.5699,28.9886,446,522
PTGES3,other,0.114307,,24.8879,256.195,185.039,248.838,186.183,106,80
PTGFRN,other,0.307648,0.613054,19.149,82.9184,46.7234,42.0032,22.8777,672,742
PTGIR,other,0.114748,0.455644,8.94147,95.5324,63.5586,75.1179,44.6947,371,392
PTGIS,other,0.347174,0.593292,18.745,70.2333,41.5081,31.1829,15.9454,992,1166
PTGR1,other,0.233598,0.532814,14.2771,73.4656,50.8457,45.5322,25.1416,623,635
PTGR2,other,0.306913,0.846861,26.1118,115.18,62.8439,82.3624,33.8747,263,541
PTGR3,other,0.145793,0.693225,6.1644,49.2195,36.3223,42.7729,24.0562,743,704
PTGS1,other,0.158344,0.630529,10.5761,102.452,43.544,76.1441,32.8497,401,468
PTGS2,other,0.190544,0.590343,23.1872,135.085,109.622,103.408,60.9211,324,280
PTK2,other,0.31115,0.638559,12.356,55.7794,28.271,29.1218,14.2257,989,1298
PTK2B,other,0.18507,0.326581,5.92782,34.95,29.3541,18.5509,9.26372,1708,1672
PTK6,other,0.161643,1.0754,13.4706,96.1444,72.2324,76.3271,64.3149,404,279
PTMA,other,0.419907,0.640791,58.2496,124.681,154.34,49.6394,44.2244,575,461
PTP4A1,other,0.153818,0.355957,11.2062,97.2271,54.5906,44.7748,35.6951,864,521
PTP4A2,other,0.134594,1.02571,28.4476,366.516,121.883,345.128,85.9191,47,159
PTP4A3,other,0.101819,0.297106,4.4993,53.7107,36.3555,40.7354,18.681,903,865
PTPA,other,0.333156,0.508165,39.9588,128.195,112.217,47.5202,35.5731,490,442
PTPDC1,other,0.292014,0.601182,18.3186,82.2684,47.8351,48.6527,20.2146,507,749
PTPMT1,other,0.176067,1.33646,28.6309,181.72,145.516,157.001,126.949,170,136
PTPN1,other,0.118358,0.331083,46.2056,399.737,381.256,183.658,291.119,138,72
PTPN11,other,0.22003,0.375828,12.5036,73.0629,44.1987,33.3686,16.314,895,1019
PTPN12,other,0.166044,0.721765,11.5255,79.9373,60.2731,69.6706,35.4362,494,451
PTPN13,other,0.28684,0.695155,15.7521,75.3764,40.0096,45.6009,22.7648,733,717
PTPN14,other,0.0691349,0.727877,5.40322,89.8205,68.004,84.3504,57.9301,351,294
PTPN18,other,0.382783,0.709948,21.3753,71.7926,43.4352,36.6974,17.6051,992,1093
PTPN2,other,0.231544,0.430481,40.558,191.843,159.933,83.7117,77.843,288,217
PTPN22,other,0.170769,0.491357,8.09131,55.5706,40.3993,41.1355,21.6138,707,707
PTPN4,other,0.0934709,0.570555,5.15297,67.6069,44.9543,61.8698,30.7366,504,511
PTPN6,other,0.078784,0.282333,6.84301,116.989,64.487,76.3817,50.0205,350,369
PTPN7,other,0.283945,0.701068,13.4656,55.3097,40.6613,36.8307,20.6971,803,831
PTPN9,other,0.334971,0.489788,19.019,89.6327,35.9662,21.462,13.8473,1405,1191
PTPRA,other,0.215485,0.496515,19.9978,105.844,81.37,56.6935,48.3653,581,429
PTPRC,other,0.378726,0.709513,82.1895,117.127,402.091,74.3825,88.1653,431,301
PTPRCAP,other,0.225356,0.739239,16.2969,86.0727,60.7583,67.583,34.4731,548,470
PTPRE,other,0.0798155,0.651588,4.78121,75.107,47.7771,68.9436,39.0412,473,434
PTPRF,other,0.282794,0.855873,20.2806,89.8263,57.2553,64.82,34.8013,517,452
PTPRJ,other,0.14274,0.641899,36.1772,507.477,126.579,374.107,102.763,59,151
PTPRK,other,0.283951,0.723321,13.2092,48.8919,44.2623,32.9509,23.3414,866,751
PTPRM,other,0.084628,0.657088,5.64177,74.2835,59.8289,67.8458,48.3777,395,345
PTPRN2,other,0.202333,0.730783,26.095,141.772,117.325,115.441,68.9,263,257
PTPRO,other,0.0927826,0.853326,6.2972,83.9636,54.862,78.2808,45.2789,395,354
PTRH1,other,0.102487,0.994757,10.1029,110.73,87.7582,103.889,72.6807,262,248
PTRH2,other,0.201501,0.586791,24.3093,154.573,94.1574,98.4798,63.5613,228,268
PTRHD1,other,0.197867,0.555836,11.2679,63.3646,51.1797,43.7423,30.2363,732,615
PTS,other,0.0776354,0.3593,3.83472,61.2511,39.8321,52.2564,27.1683,499,596
PTTG1,other,0.172654,0.856641,121.503,828.388,597.848,601.881,509.031,42,26
PTTG1IP,other,0.265488,0.776846,15.8738,74.5652,47.9443,53.4421,28.1776,687,644
PUDP,other,0.389408,0.604126,89.8766,347.112,153.467,75.6642,71.9306,339,239
PUF60,other,0.0968683,0.47032,11.3391,144.685,94.7037,117.902,73.0014,189,196
PUM1,other,0.0827199,0.194769,6.77955,93.9455,71.5001,64.2779,30.6607,500,605
PUM2,other,0.289397,0.557304,15.4362,62.9397,45.2029,32.3358,20.135,836,853
PUM3,other,0.181583,0.60417,11.2125,74.2534,51.3499,52.1184,35.79,483,463
PURA,other,0.162717,0.84447,15.172,126.027,68.985,108.566,50.4986,293,321
PURB,other,0.153895,0.574123,11.1059,91.7644,56.7529,77.1711,31.1113,352,476
PURG,other,0.110039,0.589692,25.977,289.471,192.521,246.035,147.845,89,107
PUS1,other,0.443801,0.659016,41.2581,101.002,85.5683,34.7577,26.4015,866,732
PUS10,other,0.0224342,,3.06877,193.66,96.6203,197.167,86.3992,125,198
PUS3,other,0.261061,0.613854,16.7498,82.9305,49.6383,43.2721,30.8646,695,548
PUS7,other,0.200961,0.599582,9.42539,54.5652,40.3142,39.7787,23.602,712,706
PUS7L,other,0.362833,0.701335,32.5347,99.5907,80.7348,53.022,34.5237,576,554
PUSL1,other,0.37923,0.748411,16.7175,47.7088,40.7323,26.7114,16.9696,1160,1032
PVR,other,0.634503,0.701212,89.6691,143.932,138.758,18.3571,8.53699,3088,3361
PVRIG,other,0.234745,0.631052,8.9611,48.2124,30.2254,27.2758,20.5941,1100,812
PWP1,other,0.120685,,150.772,1420.12,1099.03,1522.34,1273.6,16,11
PWP2,other,0.316118,0.522762,27.8257,91.5014,84.6769,38.8074,30.9089,759,614
PWWP2A,other,0.129033,1.55269,11.997,117.556,73.5362,114.333,55.0128,241,312
PWWP2B,other,0.143597,0.426308,9.50915,88.0101,49.8262,60.1652,31.9576,523,509
PXK,other,0.160534,0.392781,18.1416,171.8,74.3355,98.5484,45.2125,246,319
PXMP2,other,0.408716,0.771895,108.773,266.886,265.384,128.531,121.857,275,206
PXMP4,other,0.454992,0.711965,61.5297,133.475,137.013,56.9889,39.3638,563,505
PXN,other,0.233941,0.591287,10.3929,52.5599,37.5495,35.8503,19.0607,750,906
PXYLP1,other,0.38496,0.704329,25.0466,87.7215,48.2572,42.1659,20.4981,808,877
PYCARD,other,0.107252,,16.1299,180.684,125.181,177.019,126.25,152,119
PYCR2,other,0.156965,0.575822,8.19795,65.0533,41.931,47.4301,30.4296,556,549
PYCR3,other,0.250597,0.689945,12.9799,69.4681,38.6192,43.4794,25.0008,583,625
PYGB,other,0.177172,1.04432,14.3822,92.0929,71.5539,84.7987,45.552,363,375
PYGL,other,0.249929,0.77306,19.0378,116.662,49.736,78.9455,33.6565,300,509
PYGM,other,0.14355,0.683358,10.2085,87.7416,57.638,74.8293,40.355,373,456
PYGO2,other,0.141393,1.05006,10.5105,94.5077,58.4689,87.5309,44.1086,331,434
PYHIN1,other,0.211138,0.578732,7.15932,42.6725,26.9441,28.0977,16.4442,1047,1042
PYM1,other,0.394414,0.61795,22.3066,72.6787,44.0104,26.0251,16.0801,941,1037
PYROXD1,other,0.23511,1.20666,61.0729,246.103,274.181,189.641,228.811,133,72
PYROXD2,other,0.225198,0.553045,9.35362,51.1,33.7606,32.0243,18.7652,833,907
PYURF,other,0.466542,0.765961,36.0896,98.72,60.6145,38.0789,24.0059,771,858
PZP,other,0.121486,0.73852,14.9664,158.359,95.8388,141.001,72.1798,272,234
QDPR,other,0.436148,0.725916,44.1537,126.583,80.9637,54.8149,29.4136,418,580
QKI,other,0.147811,0.514246,10.0731,73.3454,63.32,56.247,40.8796,558,494
QNG1,other,0.194177,1.09148,53.8787,290.606,264.931,217.998,231.371,123,75
QPCT,other,0.0884574,2.41811,7.03671,75.2968,84.0417,74.7289,69.1307,401,265
QPCTL,other,0.143537,0.394058,8.96821,77.3701,50.4559,50.7791,30.9774,646,601
QPRT,other,0.150688,0.933742,8.74738,79.1457,42.5766,69.1814,33.7691,416,506
QRICH1,other,0.247166,0.870706,29.3364,146.003,96.488,101.332,71.0759,263,239
QRICH2,other,0.141553,0.567247,7.91222,65.8054,47.4783,55.1039,29.2978,567,567
QRSL1,other,0.364034,0.702379,38.4962,113.346,98.6612,53.9379,48.0965,630,439
QSER1,other,0.187337,0.596019,8.93339,58.2534,39.0358,45.3092,21.6802,696,784
QSOX1,other,0.383606,0.594231,26.3467,88.4682,53.3206,32.8416,17.9811,1127,1111
QSOX2,other,0.247348,0.443729,15.1307,85.6202,43.7047,32.7249,21.7226,1422,892
QTRT1,other,0.172469,,27.6828,161.734,159.293,162.603,116.278,158,159
QTRT2,other,0.237646,0.554853,10.5192,51.682,37.9111,31.0856,20.4601,983,929
R3HCC1,other,0.295155,0.561306,20.7794,76.5299,64.7645,41.2681,25.899,848,757
R3HDM1,other,0.342777,0.663075,15.5099,53.0993,38.5573,27.4732,17.2066,997,937
R3HDM2,other,0.0891612,0.560333,15.2412,212.585,137.453,181.523,113.634,120,156
R3HDM4,other,0.164419,0.750561,8.37068,52.8875,49.008,46.9767,27.9654,651,626
RAB10,other,0.121962,1.30551,15.967,146.652,116.872,137.915,99.7518,229,173
RAB11A,other,0.115218,0.625455,8.85787,93.0607,63.5114,77.7993,50.3691,365,347
RAB11B,other,0.273745,0.63633,13.9836,63.991,40.7782,37.7372,22.3839,939,864
RAB11FIP1,other,0.611963,0.687256,188.445,365.325,259.562,40.002,28.4523,1402,961
RAB11FIP2,other,0.27716,0.699856,21.9798,98.2949,63.9814,61.7574,36.9859,417,482
RAB11FIP3,other,0.113656,,26.9564,330.411,170.249,348.217,148.124,71,141
RAB11FIP4,other,0.349117,0.625924,38.9216,131.593,94.451,53.872,44.7003,635,459
RAB12,other,0.167818,0.375676,11.7469,119.708,40.9302,67.6831,22.1368,346,683
RAB13,other,0.156456,0.483321,12.0455,104.455,56.7457,86.5173,22.1199,379,731
RAB14,other,0.25139,0.924825,15.63,71.4824,54.0779,59.6538,29.9309,562,585
RAB15,other,0.151131,0.592842,9.5897,80.7894,49.8366,66.4165,31.6318,423,479
RAB18,other,0.1778,1.20765,20.4114,148.172,88.9443,125.426,76.3854,256,235
RAB19,other,0.239067,0.775517,23.3017,124.686,76.1938,86.6865,52.4356,383,326
RAB1A,other,0.252402,0.606284,48.1728,220.174,165.445,111.751,107.217,258,180
RAB1B,other,0.124555,0.948434,7.74247,76.6473,50.4129,68.9658,41.7373,391,397
RAB20,other,0.373417,0.650681,35.9697,122.423,75.7916,51.6705,32.6005,505,528
RAB21,other,0.522483,0.644333,81.3824,168.095,144.332,40.7857,19.0236,915,1059
RAB22A,other,0.298346,0.813878,31.6501,113.42,99.2254,77.0986,57.5891,297,280
RAB23,other,0.259602,0.706706,15.6714,58.3574,62.4454,44.9823,25.68,628,657
RAB24,other,0.273979,0.621041,28.1476,129.824,81.3007,72.2648,45.6122,366,409
RAB27A,other,0.297793,0.651622,24.3525,97.4556,68.6202,57.9517,33.2648,544,628
RAB27B,other,0.429192,0.510973,62.3765,206.447,102.313,30.332,17.6973,916,1127
RAB28,other,0.146809,0.519277,6.73227,56.1313,37.4636,43.4595,24.1993,703,755
RAB29,other,0.225819,0.7154,10.8585,66.5422,34.747,44.0402,24.509,672,702
RAB2A,other,0.167635,0.827318,16.873,109.666,92.3818,94.4925,64.9685,308,294
RAB2B,other,0.230307,0.584975,19.0999,98.58,69.769,60.517,41.7607,390,427
RAB30,other,0.422624,0.662557,16.7912,52.0227,30.3433,22.6392,8.48517,2075,2121
RAB31,other,0.256858,0.480294,11.8298,64.2607,33.0081,28.7904,15.905,1142,1103
RAB32,other,0.247838,0.530807,14.0618,73.0116,44.0918,38.6152,23.6885,683,713
RAB33A,other,0.0838637,0.872649,5.92896,95.1444,52.5322,89.658,44.1184,329,348
RAB33B,other,0.17459,0.581942,7.02584,51.0357,31.7308,37.3906,21.0487,671,787
RAB34,other,0.202777,0.683696,9.97334,61.2286,39.5084,46.1721,25.3755,629,668
RAB35,other,0.236745,0.431804,21.1633,131.479,60.7776,58.7937,27.7299,440,530
RAB36,other,0.248283,0.492295,10.813,47.0181,40.3396,27.405,15.7419,1213,1162
RAB37,other,0.0878801,0.422002,7.98781,138.134,59.8099,101.528,50.0223,283,312
RAB39B,other,0.359977,0.644669,34.2314,93.5624,96.6492,51.8438,29.0651,677,645
RAB3A,other,0.179479,0.736397,9.98882,68.1546,45.4473,54.1189,32.3383,519,492
RAB3B,other,0.272571,0.505014,18.2081,85.0107,52.4922,38.4357,24.5816,687,660
RAB3D,other,0.16357,1.25822,13.8216,108.43,65.8508,102.048,46.9431,329,343
RAB3GAP1,other,0.14187,0.86653,8.76656,63.7697,59.8772,55.1083,48.0604,520,407
RAB3GAP2,other,0.186895,0.555729,9.64587,68.3929,38.9472,43.2136,26.9822,596,659
RAB3IP,other,0.462045,0.729548,22.6694,60.5543,39.7527,23.3971,13.7673,1431,1452
RAB40B,other,0.138024,0.866472,9.56357,83.5901,57.4353,71.671,47.2144,378,370
RAB40C,other,0.347189,0.639425,24.9701,82.7579,62.5025,43.3923,23.764,680,733
RAB41,other,0.156802,0.566695,7.61929,60.3617,39.117,46.9853,25.6028,682,650
RAB43,other,0.161142,0.752228,7.4268,57.837,36.7267,46.7005,27.9737,655,599
RAB4A,other,0.438142,0.726914,43.5545,116.25,85.005,43.7653,35.4764,597,535
RAB5B,other,0.436531,0.796991,36.9731,90.6677,79.1204,48.4764,28.112,507,620
RAB5C,other,0.120287,0.424084,9.06679,83.0025,68.4508,65.8615,41.7843,426,404
RAB5IF,other,0.287937,0.64681,25.5093,102.852,76.3115,64.5899,35.6599,330,436
RAB6A,other,0.157637,,159.645,1103.53,929.421,1015.69,1057.29,20,13
RAB6B,other,0.148532,118.693,81.8037,773.245,392.271,773.225,369.267,25,37
RAB7A,other,0.324468,0.522922,22.6981,100.23,48.8246,35.1981,19.8524,881,851
RAB8A,other,0.179404,0.471669,7.85197,53.6432,35.709,35.8615,20.124,929,744
RAB8B,other,0.346368,0.602372,20.7841,80.2524,44.8672,36.7351,17.5102,660,785
RAB9A,other,0.298952,0.522117,19.2862,88.3382,47.113,35.5198,21.2802,907,984
RAB9B,other,0.265086,0.791689,20.4276,73.4125,80.8892,60.684,28.584,523,598
RABAC1,other,0.245437,0.685324,12.7427,66.0217,40.828,49.9602,19.3029,679,805
RABEP1,other,0.294524,0.600283,22.7633,91.3487,65.3923,47.2969,32.7491,512,535
RABEPK,other,0.196177,0.905382,15.8169,90.0004,72.227,60.5419,61.8669,569,320
RABGAP1,other,0.147983,0.29645,7.76581,67.8632,40.5805,36.5629,18.6563,969,935
RABGAP1L,other,0.254349,0.760139,28.9998,124.748,104.206,100.446,44.3153,296,450
RABGEF1,other,0.172056,0.566596,21.9963,145.296,112.488,112.259,66.8684,261,240
RABGGTB,other,0.104675,0.61517,29.7053,336.251,239.507,261.574,208.283,86,85
RABIF,other,0.306882,0.563998,16.6387,62.399,47.1105,28.958,21.0848,863,845
RABL2A,other,0.278217,0.841372,28.0768,118.77,85.7473,83.2159,54.4267,312,293
RABL2B,other,0.451809,0.698775,41.6364,112.864,75.2458,46.7871,21.515,656,834
RABL3,other,0.0675507,0.617482,41.8318,640.036,599.168,575.416,528.145,48,26
RABL6,other,0.424147,0.620418,35.0222,112.206,60.7629,36.3268,18.7681,589,904
RAC1,other,0.128707,0.564479,6.2261,53.2584,43.9379,45.886,27.4363,633,633
RAC2,other,0.131665,0.287891,12.8259,86.7693,109.364,56.5008,43.7901,524,519
RAC3,other,0.28249,0.735315,25.295,95.0938,84.3163,61.2318,49.3692,392,356
RAD1,other,0.111773,4.13401,13.4893,148.573,98.0311,148.061,77.2062,190,227
RAD17,other,0.284667,0.850164,78.068,359.45,209.235,231.107,143.534,71,120
RAD18,other,0.109497,0.480459,10.1942,111.129,77.9967,93.2507,52.8165,422,283
RAD21,other,0.166011,0.615746,33.8708,362.816,114.733,306.144,61.341,73,293
RAD23A,other,0.606799,0.821417,49.5465,81.9806,81.3252,25.2997,17.1361,1158,1109
RAD23B,other,0.278402,0.921994,24.0697,124.518,60.0298,89.4383,40.6016,273,345
RAD50,other,0.440296,0.608072,171.599,308.156,492.911,117.132,76.0119,264,308
RAD51AP1,other,0.0954749,0.417937,7.22179,84.3902,67.7983,68.3404,49.1947,429,363
RAD51B,other,0.255258,0.730263,34.3987,142.936,127.053,98.4675,77.156,269,210
RAD51D,other,0.139931,1.02463,48.5498,452.041,266.298,410.168,212.681,51,69
RAD52,other,0.106821,0.823255,6.66402,87.6272,44.4139,81.4339,33.8341,354,416
RAD54B,other,0.121775,0.582794,12.2787,124.314,81.7847,108.639,53.4661,236,285
RAD54L,other,0.180051,0.50143,10.1424,74.5216,42.5798,49.7802,26.0438,640,676
RAD54L2,other,0.235069,0.388396,19.1512,142.094,46.7115,45.6498,21.502,660,715
RADX,other,0.362963,0.649898,17.258,48.6313,46.4879,25.7606,15.6553,1017,1109
RAF1,other,0.567368,0.631867,126.345,242.414,204.562,36.2547,10.6263,1229,1947
RAG1,other,0.179426,0.694936,9.4741,66.3366,42.0294,52.9128,28.1838,551,587
RAI1,other,0.325531,0.720135,20.6568,74.5244,54.0309,45.0767,26.0896,506,583
RAI14,other,0.401686,0.828809,41.304,105.653,100.076,62.4027,42.6527,419,455
RAI2,other,0.390118,0.552661,26.1623,74.6725,60.2279,23.1255,16.754,909,1020
RALA,other,0.309672,0.72785,34.8779,123.962,102.332,72.2758,57.9048,327,321
RALB,other,0.249417,0.492977,10.3858,53.4172,32.4598,26.7055,15.8439,1050,1084
RALBP1,other,0.46562,0.728963,67.7523,147.307,143.734,62.4318,41.9558,322,428
RALGAPA1,other,0.113786,0.646757,4.92043,46.2462,40.4343,42.2494,25.953,677,666
RALGAPA2,other,0.348839,0.724607,21.1271,64.1659,57.1645,40.9453,20.5543,712,835
RALGAPB,other,0.214561,0.418929,13.9538,72.5652,58.2851,33.7,29.7391,821,652
RALGDS,other,0.0850187,0.750182,18.5925,221.701,215.714,208.211,170.179,98,99
RALGPS1,other,0.201614,0.563868,15.0833,97.7647,57.2487,64.8834,35.4874,445,528
RALGPS2,other,0.364493,0.712219,12.7375,41.0212,29.7701,20.7318,14.0059,1267,1308
RALY,other,0.187012,1.1388,15.4949,92.9349,73.8682,80.5622,58.9053,315,298
RAMAC,other,0.215823,1.10855,21.7606,107.66,94.4257,94.822,64.4115,255,236
RAMP1,other,0.352277,0.663766,13.6268,48.5981,30.7895,26.5493,11.6745,1340,1427
RAMP3,other,0.335324,0.60853,27.8745,113.561,60.8492,49.0894,28.3045,643,619
RAN,other,0.152823,1.82906,70.6869,648.121,330.1,625.758,263.316,35,75
RANBP1,other,0.297683,0.635331,30.0126,126.084,80.6189,73.8138,37.9264,384,404
RANBP10,other,0.389644,0.643175,21.4087,61.8287,48.8262,24.3679,19.2498,975,957
RANBP2,other,0.259156,0.886181,26.2337,118.313,86.6088,96.2486,46.8914,351,371
RANBP3,other,0.262104,0.837718,36.0373,165.987,113.89,115.823,76.9989,224,225
RANBP6,other,0.509924,0.608156,42.8479,89.9791,78.4705,16.7995,10.6379,1686,1667
RANBP9,other,0.0999819,,8.90954,94.4465,84.0778,97.1216,58.2733,304,303
RANGRF,other,0.646089,0.714563,88.7932,172.685,109.376,19.8267,8.35978,2419,2734
RAP1A,other,0.15156,1.24942,22.584,160.412,138.42,145.101,117.08,153,134
RAP1B,other,0.106511,,9.52238,108.919,73.384,111.413,63.2385,216,256
RAP1GAP2,other,0.227157,0.525451,13.4553,67.3131,52.1235,43.0941,25.0489,672,735
RAP1GDS1,other,0.255067,0.687664,15.364,75.2642,48.2069,52.2008,26.5633,602,640
RAP2A,other,0.130679,,17.6848,120.476,152.015,128.208,126.917,211,135
RAP2B,other,0.185563,0.549951,9.4965,57.2631,45.737,42.2748,25.8429,720,671
RAP2C,other,0.358612,0.565514,19.7412,65.8961,45.9873,25.0007,16.1893,1220,1136
RAPGEF1,other,0.232798,1.07953,17.7837,90.2542,64.6575,79.118,40.2886,347,460
RAPGEF2,other,0.172863,0.511392,10.1954,67.0557,51.8762,48.5227,30.4297,599,553
RAPGEF6,other,0.0970568,1.09578,20.9081,254.625,182.253,242.348,152.598,90,111
RAPGEFL1,other,0.394182,0.716108,58.2978,152.619,143.319,83.2731,47.7479,418,500
RAPH1,other,0.203539,0.855134,12.0241,62.4567,55.8768,55.3903,27.8974,631,593
RARA,other,0.2238,0.859464,15.6124,87.0924,55.8777,67.1338,39.3447,440,402
RARB,other,0.172163,0.435759,14.7342,109.326,66.9963,70.3183,37.6869,472,536
RARG,other,0.277155,0.520561,17.6056,84.5662,47.7155,36.8431,23.7476,790,733
RARRES2,other,0.560376,0.688183,57.2036,152.395,68.3781,26.1203,13.6611,1936,1665
RARS2,other,0.3082,0.864952,22.7574,77.8641,70.023,55.4014,39.2055,517,509
RASA1,other,0.119139,1.36266,11.5405,128.11,73.2412,120.418,63.9175,251,266
RASA2,other,0.358833,0.61963,42.9547,156.078,91.811,65.6567,38.6631,416,420
RASA3,other,0.334175,0.569496,30.0544,93.7662,86.2629,49.0887,23.9257,693,849
RASA4,other,0.172082,0.564911,9.66493,81.7383,38.5923,59.5361,25.4085,422,608
RASA4B,other,0.0944201,0.401593,12.3576,195.567,87.5873,154.663,64.4386,155,216
RASAL1,other,0.135359,0.409564,9.86562,93.7195,56.6821,62.5409,38.0719,519,454
RASAL3,other,0.299001,0.338843,19.2448,84.9257,48.78,7.78256,6.96515,3528,2856
RASD1,other,0.268034,0.587291,23.7717,100.646,78.1524,53.3624,43.5027,521,463
RASD2,other,0.348789,0.678819,17.274,67.8204,36.1659,36.7461,15.3269,1136,1178
RASGEF1A,other,0.266346,0.559724,12.535,57.8515,38.2863,35.9864,15.3485,759,967
RASGEF1B,other,0.226116,0.648548,16.5552,95.2414,56.2839,64.027,35.4087,471,454
RASGRF2,other,0.292013,0.659889,32.0676,115.307,104.587,72.9815,48.7918,457,364
RASGRP1,other,0.481034,0.599268,149.693,360.718,268.462,81.1397,45.2818,439,483
RASGRP2,other,0.146322,0.803222,8.66182,69.1792,50.6549,61.307,35.8825,475,468
RASGRP3,other,0.461877,0.737809,32.5995,83.7999,59.4463,34.3767,19.9458,1015,1039
RASGRP4,other,0.174371,0.761284,18.5226,128.233,87.9948,98.6689,67.9712,217,273
RASL11A,other,0.267378,0.795815,26.4259,136.615,71.5006,95.3829,44.7584,204,338
RASSF1,other,0.255497,0.575537,17.5441,117.982,39.9645,63.7059,22.8444,417,739
RASSF2,other,0.107803,2.17008,6.48712,71.7975,50.4353,71.0761,38.0478,457,435
RASSF3,other,0.12075,0.751864,11.8845,121.253,79.8912,102.777,66.3679,247,248
RASSF4,other,0.18866,0.576917,8.80431,54.2034,40.1794,42.8563,19.6546,781,815
RASSF5,other,0.468556,0.747041,31.8338,70.8711,65.1305,27.9373,22.8356,1076,927
RASSF6,other,0.1353,0.611209,10.1578,92.7494,60.7698,68.575,49.3446,462,368
RASSF7,other,0.158507,1.52275,10.3742,70.9081,60.411,67.8403,45.2814,399,402
RASSF8,other,0.155298,0.823253,10.1293,73.9101,57.5607,66.5628,36.956,556,475
RAVER1,other,0.398408,0.629707,26.1309,78.3081,54.9349,28.3013,20.4995,1020,873
RAVER2,other,0.221681,0.685778,15.1209,81.2327,57.2755,57.2481,37.0054,577,465
RAX,other,0.209104,0.518721,7.99241,44.7977,32.6118,27.8379,18.6138,1187,984
RAX2,other,0.253445,0.683342,12.4146,57.6653,41.6083,40.1976,22.7132,817,721
RB1,other,0.264068,0.663531,9.12229,43.4235,27.4822,27.3484,15.7243,1093,1045
RB1CC1,other,0.361914,0.482589,120.177,335.697,328.464,93.84,72.0556,261,271
RBAK,other,0.153233,0.358967,6.24047,52.0471,31.8663,32.9765,16.0188,1035,1065
RBBP4,other,0.0930544,,45.7736,742.591,325.841,819.179,327.632,23,49
RBBP5,other,0.148497,0.937919,44.8683,412.173,221.495,344.321,187.767,78,86
RBBP6,other,0.118034,0.784776,20.4991,196.144,153.773,178.445,115.223,136,168
RBBP7,other,0.372508,0.701549,20.1864,77.547,37.8689,36.5647,17.6664,783,995
RBBP8,other,0.0788921,,92.0278,1496.92,909.017,1159.91,991.652,10,15
RBBP9,other,0.0960416,,9.26441,115.467,80.5861,116.565,72.9268,218,226
RBCK1,other,0.0460495,0.189251,8.59737,187.132,186.266,161.442,105.934,171,163
RBFA,other,0.171699,0.434489,22.6245,90.7812,191.26,65.5917,83.6188,430,224
RBIS,other,0.149732,1.29233,22.2332,166.188,132.671,151.419,112.631,171,151
RBKS,other,0.15183,0.828315,9.01036,68.7669,51.2141,59.5989,38.3072,495,426
RBL1,other,0.119323,1.64183,20.271,199.04,145,190.472,127.206,129,131
RBL2,other,0.225546,0.737942,22.5247,117.971,84.5423,83.0509,57.8616,384,346
RBM10,other,0.171193,0.284722,21.9551,117.971,139.419,53.329,47.4355,644,436
RBM11,other,0.347565,0.591538,11.2469,41.324,25.339,17.7343,10.0148,1768,1759
RBM12,other,0.383503,0.768182,39.5118,111.813,94.9345,69.7832,31.9889,525,539
RBM12B,other,0.212752,0.591137,12.7539,68.4805,52.4778,46.8211,30.9864,767,653
RBM14,other,0.168439,2.47054,125.724,958.493,581.246,921.823,510.625,17,32
RBM15,other,0.224595,0.599352,20.5758,74.0046,113.411,44.1473,73.9382,640,250
RBM15B,other,0.451901,0.659341,45.381,95.0187,106.133,39.46,20.8675,944,974
RBM17,other,0.193823,0.402935,17.4169,122.478,65.9283,54.5468,38.4237,452,442
RBM19,other,0.0958181,,20.6414,297.636,155.918,335.616,134.701,86,111
RBM23,other,0.293293,0.709499,20.8241,89.059,56.6045,52.6103,32.9699,570,590
RBM24,other,0.239301,0.5315,17.7904,93.8919,58.8644,57.1547,28.3674,432,578
RBM25,other,0.433652,0.795015,133.519,397.144,238.702,188.966,103.214,183,225
RBM27,other,0.271739,0.826185,51.073,163.868,215.568,110.974,143.322,250,114
RBM28,other,0.147973,,41.4948,371.17,211.859,374.887,164.518,82,90
RBM3,other,0.0922639,0.895526,11.8436,173.982,94.7117,161.568,80.6214,155,203
RBM33,other,0.255938,0.534346,54.4895,243.528,186.125,113.547,106.123,303,195
RBM34,other,0.246714,0.776688,16.1305,67.6976,63.1447,52.9195,33.9579,538,521
RBM38,other,0.538992,0.692259,105.813,202.692,190.143,58.2011,28.4452,754,718
RBM39,other,0.346671,0.715088,88.3834,285.572,227.61,115.139,137.976,164,146
RBM41,other,0.0951555,0.43955,12.5282,156.564,110.719,136.493,70.2418,190,309
RBM43,other,0.235221,0.772547,8.6533,45.9675,29.4416,35.6562,17.2741,950,947
RBM44,other,0.366252,0.728295,20.9527,65.4487,50.0057,33.4008,24.1791,915,806
RBM45,other,0.348674,0.636805,16.2333,58.0485,37.3406,28.8264,15.103,1360,1334
RBM47,other,0.149024,0.910782,9.0818,69.1019,53.7456,62.3955,38.9195,439,440
RBM6,other,0.168714,0.847996,14.4034,100.552,72.4829,87.7268,49.9885,318,333
RBM7,other,0.1353,0.813049,22.1863,220.252,122.083,193.337,94.4166,135,149
RBM8A,other,0.103863,,74.2048,1192.08,428.188,1379.47,442.172,14,39
RBMS1,other,0.303764,0.731908,14.8726,59.8694,40.0403,40.3957,18.8365,899,869
RBMS2,other,0.263385,0.522236,13.1784,62.5287,40.0368,30.8512,19.9349,908,907
RBMS3,other,0.135799,0.764787,8.90971,86.4247,49.8074,75.2379,37.6751,461,436
RBMX2,other,0.109726,,40.5873,459.43,297.812,413.939,306.053,46,49
RBMXL1,other,0.159246,1.69049,19.8092,155.506,99.5056,141.001,90.0387,170,177
RBP2,other,0.273866,0.664524,11.342,44.3563,38.6675,29.6717,18.8297,964,918
RBP5,other,0.334918,0.58041,25.1428,90.4832,62.2845,39.6412,25.3755,792,662
RBPJ,other,0.356293,0.755171,21.4336,65.7483,55.0418,39.5413,24.3032,727,704
RBPJL,other,0.543486,0.824413,54.5105,125.209,80.3433,41.3902,28.1841,647,641
RBPMS,other,0.0917456,,17.3264,168.273,211.949,176.731,193.086,155,89
RBSN,other,0.233681,1.03448,96.7998,637.97,268.97,507.008,202.11,35,68
RC3H1,other,0.447986,0.640388,42.9539,109.988,83.5858,36.4568,22.4001,756,757
RCAN1,other,0.268204,0.59767,13.5138,65.2251,38.9235,39.5283,19.028,853,970
RCAN2,other,0.320925,0.701425,11.0528,39.2324,30.2338,23.5143,14.4365,1115,1083
RCAN3,other,0.262978,0.647893,15.0793,69.9122,47.0293,44.5357,25.6831,608,658
RCBTB1,other,0.330422,0.566152,14.1726,50.3762,36.5204,25.7516,11.0718,1706,1601
RCBTB2,other,0.266226,0.528884,10.6032,42.7466,37.1083,21.8145,17.9066,1362,1085
RCC1L,other,0.303684,0.529681,28.583,90.9917,97.3577,43.2288,36.3904,687,539
RCC2,other,0.272399,0.705724,13.9347,58.8154,44.4931,39.0365,24.7815,651,634
RCCD1,other,0.364222,0.673172,27.1834,86.3739,64.4897,44.8417,25.2281,498,707
RCE1,other,0.220006,1.09161,14.9243,78.0599,58.9513,67.5851,41.1066,476,436
RCHY1,other,0.291863,0.667191,24.4253,108.418,64.5983,59.6039,37.1423,409,416
RCL1,other,0.133085,,115.913,864.56,877.426,937.858,933.267,26,16
RCN1,other,0.146085,0.743667,22.9029,215.825,113.885,169.835,93.2617,96,161
RCN2,other,0.237436,0.91491,14.7963,66.526,58.3745,54.5258,36.5791,485,446
RCN3,other,0.336683,0.780569,16.9581,56.8824,44.5997,32.4994,25.2425,918,773
RCOR1,other,0.479732,0.691907,37.3737,84.421,71.8928,31.6969,16.5543,999,1105
RCOR3,other,0.104667,0.326141,14.2327,185.849,99.4938,133.077,63.4063,237,320
RCSD1,other,0.137297,0.466134,5.88186,54.5109,33.6684,42.7868,20.0876,715,820
RDH10,other,0.0664208,,5.37465,96.3848,67.9334,98.801,61.5141,267,270
RDH11,other,0.123241,0.583828,15.6763,151.513,106.79,128.675,75.2206,218,203
RDH13,other,0.191504,0.53467,17.7353,108.354,79.1541,66.5918,52.8077,422,344
RDH14,other,0.23505,0.588767,11.4476,65.2403,36.3573,38.2057,22.3736,829,732
RDH5,other,0.147469,0.39337,6.61515,50.9755,39.4743,33.3385,23.4399,879,765
RDM1,other,0.143954,1.01858,11.4321,89.018,70.848,82.4589,51.6429,379,341
RDX,other,0.160677,0.77208,19.185,131.101,108.744,105.962,84.1831,203,190
REC8,other,0.104001,,43.6453,635.132,277.292,619.347,297.412,37,51
RECK,other,0.272025,0.730613,13.415,51.7111,47.0301,35.9989,25.5731,784,671
RECQL,other,0.46763,0.624928,23.4388,59.729,42.0611,15.7665,10.0628,1464,1700
RECQL4,other,0.338684,0.719062,79.3947,237.853,231.039,105.485,138.938,232,165
RECQL5,other,0.318118,0.740738,29.1141,104.858,79.8782,71.1133,34.0984,402,521
REEP2,other,0.0989323,1.60989,8.75515,118.413,66.1382,113.224,60.4381,284,255
REEP3,other,0.199529,0.730858,15.1516,84.979,67.8571,71.2393,36.5765,371,445
REEP4,other,0.0819216,0.406678,5.21317,69.0409,58.6543,61.609,36.5436,432,485
REEP5,other,0.254458,0.491398,22.7698,123.071,65.0625,52.2961,34.7256,462,511
REEP6,other,0.311026,0.629939,14.2314,55.0301,38.0454,30.2737,17.429,933,1028
REG1A,other,0.316652,0.671056,12.1062,49.7313,29.3916,28.4892,14.07,1302,1231
REG3A,other,0.359426,0.77351,19.1555,64.1061,44.3066,37.1665,21.5419,810,917
REG4,other,0.209511,0.391474,11.6305,76.585,40.2387,36.2547,18.3529,967,879
REL,other,0.199513,0.763693,20.2638,115.896,89.009,96.4094,52.8788,354,359
RELA,other,0.13973,1.98913,14.6687,125.166,88.0478,122.813,64.9291,211,270
RELB,other,0.0871896,7.20021,8.90501,125.57,83.0716,125.438,71.4894,221,212
RELCH,other,0.281278,0.790311,21.2239,90.1416,63.1615,52.334,44.0861,629,386
RELL1,other,0.279211,0.591479,33.0141,116.763,119.737,72.028,50.0945,510,474
RELL2,other,0.213753,0.631441,46.3685,324.749,144.902,208.736,98.4207,120,166
RELT,other,0.492977,0.584165,73.6467,145.393,153.5,31.8075,13.5699,1548,1590
REM2,other,0.112447,0.571813,6.80433,78.4482,46.6757,65.6392,35.6209,471,436
RENBP,other,0.237137,0.785783,13.2495,66.144,47.1961,44.8212,33.8625,692,526
REPIN1,other,0.387404,0.620907,30.6335,99.2032,63.0289,43.0531,19.6788,854,1043
REPS1,other,0.429174,0.779463,30.3704,94.3468,53.0771,44.8175,22.4257,577,715
RER1,other,0.277902,0.653347,47.786,180.176,164.105,128.021,61.5356,200,318
RERE,other,0.285453,0.969458,19.864,80.5854,60.0908,62.5088,36.8656,572,467
RESF1,other,0.325573,0.637916,19.0136,70.612,48.3007,35.0903,23.291,920,751
REST,other,0.181201,1.12461,50.2805,311.474,247.204,260.796,207.761,88,86
RETN,other,0.111888,0.294016,10.713,139.146,65.8845,46.9724,51.4809,1079,347
RETREG1,other,0.41205,0.732554,15.9486,46.6721,32.0988,23.2217,11.8865,1701,1691
RETREG2,other,0.135662,1.15664,11.1474,96.4693,69.9905,86.8326,60.3517,276,285
RETREG3,other,0.331357,0.613179,112.715,342.466,337.875,164.45,148.059,176,131
RETSAT,other,0.200083,0.748505,17.4724,108.837,70.0665,89.3137,42.1563,313,337
REV3L,other,0.162564,0.867835,24.3587,134.349,167.118,100.21,144.041,329,137
REX1BD,other,0.294412,0.641792,14.0881,60.2875,37.9808,33.5428,19.964,756,803
REXO1,other,0.612883,0.728694,106.989,195.018,156.26,28.2425,27.003,1434,1041
REXO2,other,0.472541,0.737829,26.5144,64.1192,49.1018,26.35,14.9105,1089,1184
REXO4,other,0.11748,0.508691,12.9161,185.671,65.1018,165.01,33.8988,152,574
REXO5,other,0.150489,0.543044,9.2959,67.113,56.8546,48.8591,40.8015,554,442
RFC1,other,0.112426,2.23567,33.1984,317.583,274.565,310.395,243.89,73,56
RFESD,other,0.0640755,0.273744,4.07858,78.0427,51.916,64.2452,35.827,429,392
RFFL,other,0.171766,0.986092,8.18276,58.1096,39.0552,50.0101,30.5535,535,522
RFLNB,other,0.057961,0.338974,3.52406,74.8089,49.4154,67.1721,35.2627,492,458
RFNG,other,0.264378,0.69556,23.0135,102.156,74.1742,67.7823,42.3266,453,432
RFPL2,other,0.240912,0.606418,10.3994,52.324,35.6118,33.889,19.6594,900,841
RFT1,other,0.156904,0.772128,59.04,338.892,417.796,294.132,287.171,93,94
RFTN1,other,0.11521,0.548422,9.89742,88.0416,83.8259,66.8255,68.4745,458,273
RFWD3,other,0.272811,0.891302,57.4934,268.976,165.12,165.478,124.917,126,105
RFX1,other,0.449484,0.989543,36.3314,98.7497,66.1605,57.0847,33.8069,511,513
RFX2,other,0.462564,0.542366,40.9643,89.7995,87.3364,16.1738,9.85476,1428,1842
RFX3,other,0.165059,,14.0352,83.4157,86.6788,86.9524,55.6784,381,313
RFX4,other,0.15122,0.814782,20.2308,154.509,115.838,129.808,90.8794,215,203
RFX5,other,0.414851,0.53446,13.7469,46.8481,23.4386,9.41166,5.7667,2680,2880
RFX6,other,0.213601,0.719229,12.2418,61.0794,53.7764,47.8101,31.9437,688,567
RFX7,other,0.0602995,,5.69005,119.093,74.7689,125.553,65.0509,207,257
RFX8,other,0.170743,,8.56375,60.8195,41.362,62.9629,29.9357,506,538
RFXANK,other,0.199762,0.959224,11.8004,72.3582,48.2256,62.7565,32.464,502,536
RFXAP,other,0.169918,0.402979,13.9333,108.006,62.2565,68.3144,32.1373,437,461
RGCC,other,0.122036,0.419258,8.12771,90.5486,48.9868,66.6385,33.269,359,525
RGL1,other,0.364,0.78022,42.0448,142.475,93.6441,80.4236,46.8452,434,368
RGL2,other,0.403873,0.746104,24.2925,68.8893,52.5172,33.417,22.6321,831,768
RGL4,other,0.153658,1.44537,8.20941,61.5154,46.4013,59.1799,32.5884,541,541
RGMB,other,0.105778,0.389031,6.7737,77.9443,52.6111,63.2445,31.987,605,539
RGPD2,other,0.590734,0.746688,51.7015,92.8038,82.5385,23.0038,13.8518,1163,1361
RGPD5,other,0.0841386,0.467925,8.19785,116.331,81.6043,107.045,48.5517,310,323
RGPD6,other,0.24649,0.925051,61.312,481.894,128.393,342.37,96.9075,43,162
RGPD8,other,0.303553,0.540751,21.6258,110.967,45.7385,46.1615,21.0589,570,724
RGS1,other,0.237988,0.823083,16.2846,77.1898,60.6577,58.0756,40.1785,481,414
RGS10,other,0.107612,0.608052,5.74696,70.2569,40.5946,61.2169,30.713,501,541
RGS12,other,0.202568,0.856348,11.084,68.0768,43.9796,56.674,29.2875,498,619
RGS14,other,0.318358,0.811358,12.8565,51.9052,31.4201,33.8184,17.5377,1065,1020
RGS16,other,0.287449,1.0164,14.1677,63.828,38.06,51.9788,21.6623,663,743
RGS17,other,0.298636,0.467383,21.3093,98.1398,51.8811,39.9759,16.1423,1056,1043
RGS18,other,0.188301,0.682239,14.3602,87.2153,66.6842,69.3023,41.9511,406,375
RGS19,other,0.28067,0.658865,15.1859,62.1776,47.0823,42.1566,20.5483,648,771
RGS2,other,0.218209,0.353692,12.1565,81.399,38.129,32.5895,13.9263,1260,1191
RGS3,other,0.184845,0.502115,12.6422,84.3145,55.4787,56.7357,32.4928,541,490
RGS5,other,0.114077,0.470225,5.38584,54.2398,41.0956,44.4453,27.7014,593,593
RGS6,other,0.115094,0.78298,8.42738,85.1907,62.9338,75.6754,50.759,330,299
RGS9,other,0.306614,0.720015,25.3267,108.149,63.0882,61.3099,36.6725,621,522
RHBDD1,other,0.30667,0.743578,18.5905,80.8253,45.4668,49.9817,25.2009,664,730
RHBDD2,other,0.16929,0.643296,8.28004,59.0815,40.4903,47.752,25.8674,576,637
RHBDD3,other,0.316617,0.638403,29.7447,117.306,75.2365,62.28,35.7855,419,421
RHBDF2,other,0.585569,0.783343,50.6401,93.5624,79.934,28.8244,15.3795,847,1094
RHBDL1,other,0.3216,0.574687,25.8897,89.7614,72.1992,43.5584,28.2733,700,747
RHEB,other,0.291754,0.543752,30.9798,139.558,80.7919,58.233,40.8775,489,404
RHEBL1,other,0.440997,0.669658,44.8546,130.456,79.3011,50.6816,23.061,682,920
RHNO1,other,0.166052,0.704061,20.139,156.601,93.9283,117.293,73.1134,196,223
RHOA,other,0.301815,0.594126,155.537,418.042,635.282,172.003,356.73,58,39
RHOB,other,0.250038,0.629884,24.8886,114.541,86.502,79.9941,41.3096,414,471
RHOBTB1,other,0.16376,0.513274,13.5762,101.776,67.5296,65.9651,47.9934,324,354
RHOBTB2,other,0.112581,0.813586,17.6181,202.25,121.088,179.717,100.277,112,154
RHOBTB3,other,0.536766,0.766788,29.8008,58.6343,52.5696,20.4801,12.9816,1569,1557
RHOC,other,0.270384,0.925264,25.1733,121.558,71.3073,93.8489,44.5942,275,344
RHOF,other,0.520761,0.710877,108.615,345.433,125.932,64.2725,42.9024,380,401
RHOG,other,0.228771,0.654271,11.6762,61.6496,42.2541,46.5131,21.2133,664,786
RHOH,other,0.178366,1.29492,10.8191,78.575,46.8245,72.7555,34.829,379,523
RHOQ,other,0.161623,1.9308,25.1713,186.21,130.259,168.607,120.603,163,138
RHOT1,other,0.0394223,0.1631,7.42659,217.03,163.522,118.828,142.409,354,131
RHOT2,other,0.151434,0.947597,14.6865,127.883,73.5487,114.97,54.9473,279,331
RHOU,other,0.0972121,0.681303,4.67469,56.6015,40.8542,48.1083,35.3111,569,494
RHOXF1,other,0.483741,0.725305,27.9991,69.622,48.1188,25.8909,14.0423,1155,1270
RHOXF2,other,0.414159,0.592575,26.3499,76.5639,52.8688,26.9943,12.9796,1277,1424
RHPN1,other,0.356007,0.664502,24.6183,104.968,45.5558,45.8041,22.357,469,669
RIBC2,other,0.255223,0.697234,12.8494,58.554,43.2879,43.7538,20.3403,805,863
RIC1,other,0.179083,0.545265,98.6928,701.899,432.702,305.751,350.004,54,52
RIC3,other,0.107659,0.580757,7.85068,87.6826,60.6454,76.6757,44.0435,378,375
RIC8A,other,0.293491,0.664683,20.8581,76.394,66.1151,51.8073,26.0634,629,725
RIC8B,other,0.136264,0.667748,15.767,139.337,96.0884,119.828,67.5096,247,253
RICTOR,other,0.26976,0.41397,31.0756,156.862,84.5989,42.3872,35.3735,781,529
RIDA,other,0.246369,1.18968,63.79,176.908,378.952,159.334,215.352,161,89
RIF1,other,0.272528,0.521119,19.7134,96.0462,54.4775,40.2832,28.8149,517,538
RIGI,other,0.2274,0.428554,9.52979,48.3451,36.3274,25.0986,15.0559,1281,1162
RILP,other,0.116919,0.743181,11.7739,128.919,78.66,118.579,54.3861,220,291
RILPL1,other,0.134298,0.451378,11.2309,110.61,63.2254,84.0415,39.924,429,433
RILPL2,other,0.220367,0.613495,8.36683,48.7064,29.5968,33.2768,17.5423,903,940
RIMKLA,other,0.173753,0.455658,8.029,57.1999,37.3305,37.3797,21.6653,740,784
RIMKLB,other,0.391591,0.524365,29.5598,134.204,42.4594,24.8811,13.3907,891,1230
RIMOC1,other,0.108512,0.503289,5.69809,68.6596,40.1611,58.5607,27.4685,474,576
RIMS3,other,0.164301,1.17591,9.14114,66.4469,46.5848,62.0864,32.726,473,502
RIN1,other,0.0759286,0.60751,12.4239,193.472,138.385,157.466,126.769,194,152
RIN3,other,0.301106,0.854843,29.7345,120.065,81.2206,83.9098,47.7565,413,402
RING1,other,0.408588,0.703147,25.1417,78.877,48.0027,34.4665,19.2149,672,763
RINL,other,0.363038,0.686983,22.2343,69.6847,53.8278,38.0303,20.7359,1001,992
RINT1,other,0.128245,,109.802,936.001,783.178,1005,852.853,20,15
RIOK1,other,0.178741,0.552086,12.4349,76.5349,63.2379,58.6739,34.8348,536,575
RIOK3,other,0.298973,0.651451,17.963,68.6752,52.5649,44.692,20.8628,703,783
RIOX1,other,0.371802,0.627379,18.74,65.2517,38.9335,27.816,15.0997,1143,1241
RIOX2,other,0.190774,0.864016,11.4998,66.4229,54.7045,54.9931,39.2058,526,506
RIPK1,other,0.250462,0.566948,26.36,147.86,74.9124,82.9231,41.6228,312,392
RIPK2,other,0.209698,0.727345,15.2719,88.022,60.257,72.3524,32.1218,413,430
RIPK3,other,0.140066,0.659962,9.00997,76.0087,54.4399,59.2817,43.2972,412,401
RIPOR1,other,0.233032,0.798841,72.0719,274.83,348.044,93.5697,303.138,381,54
RIPOR2,other,0.11909,0.445479,5.48138,54.8214,38.6439,44.0062,24.6451,725,699
RIT1,other,0.158864,0.558636,5.93767,43.9664,31.773,33.4493,21.0311,871,798
RITA1,other,0.0550608,0.675996,30.2228,575.979,523.09,394.654,512.067,66,28
RLF,other,0.256912,0.750749,25.5071,125.993,78.2354,87.7742,48.0324,343,358
RLIG1,other,0.29132,0.755343,17.268,65.4029,53.7213,40.6788,32.5827,679,532
RLIM,other,0.320462,0.697201,14.853,58.1374,36.9507,32.9715,18.9164,869,1009
RLN2,other,0.150494,0.440408,8.15156,65.7301,44.6352,48.295,24.9859,608,635
RMC1,other,0.549584,0.691027,65.0615,131.876,106.271,32.8663,16.7383,1258,1287
RMDN1,other,0.166566,0.803653,9.26401,71.8367,43.0605,60.1303,31.7093,494,508
RMDN2,other,0.290328,0.842332,29.511,118.096,87.4886,88.3101,46.2803,323,319
RMDN3,other,0.111656,0.260207,9.37011,86.9258,81.0164,53.5177,42.2014,476,453
RMI1,other,0.160995,0.615105,15.6367,124.927,75.51,101.561,47.8539,231,300
RMI2,other,0.17939,0.634061,17.4458,107.918,87.6382,80.4085,60.1183,278,292
RMND1,other,0.165673,0.719443,11.7587,91.904,54.813,71.3969,41.7866,437,419
RMND5A,other,0.356669,0.617428,36.1329,144.681,70.9355,50.8197,34.4478,540,532
RMND5B,other,0.0752841,0.257948,5.35571,89.4907,56.5521,69.3662,35.1309,400,453
RNASE1,other,0.378142,0.485553,32.7454,103.612,72.3741,23.5605,15.5593,1368,1177
RNASE6,other,0.209765,0.87706,17.3356,94.0349,72.6314,76.7691,50.0041,427,338
RNASEH1,other,0.166313,0.415608,21.7825,117.296,146.244,74.1406,82.5917,364,241
RNASEH2A,other,0.257531,1.17676,77.7944,301.366,302.79,237.325,234.546,113,75
RNASEH2B,other,0.181218,4.24424,66.2349,413.906,322.752,371.517,317.007,65,55
RNASEK,other,0.174786,7.01452,69.1008,555.082,281.575,553.012,234.692,45,82
RNASEL,other,0.265725,0.622615,15.4756,59.6049,56.9048,40.5771,24.4358,774,746
RNASET2,other,0.231361,0.652164,23.8339,139.258,76.2065,84.9168,51.6282,271,309
RND1,other,0.172927,0.747375,10.2486,77.4575,45.3462,64.6402,30.6753,491,588
RND3,other,0.458855,0.659696,25.1942,66.5979,45.2677,20.6739,13.5082,1204,1279
RNF103,other,0.182626,0.588712,12.8284,86.0976,57.3095,61.0523,38.3506,472,478
RNF11,other,0.0744109,0.419527,3.7403,62.4418,40.4636,53.8887,31.1703,529,521
RNF111,other,0.158218,0.65533,22.0909,164.831,118.271,122.014,91.7312,210,161
RNF113A,other,0.102928,0.426038,59.6455,532.577,630.53,434.658,430.363,53,51
RNF114,other,0.126963,0.405982,8.52074,84.6832,53.1865,60.9747,34.607,550,531
RNF115,other,0.0545356,0.37333,7.52702,159.756,119.242,141.202,97.3329,152,176
RNF121,other,0.273196,0.696237,20.449,92.6434,60.4757,65.6446,28.5248,436,612
RNF122,other,0.252292,0.75796,11.9036,62.0554,35.8734,41.5978,23.8171,753,770
RNF123,other,0.220668,0.701874,19.76,96.1864,83.365,71.3386,51.4665,436,353
RNF125,other,0.312993,0.72512,17.8087,77.5192,41.7623,45.4658,22.9445,750,806
RNF126,other,0.28865,0.705555,15.9541,67.1274,45.5094,41.1562,25.8219,715,655
RNF13,other,0.356207,0.747932,21.1692,74.6218,47.3305,38.5254,25.1371,650,689
RNF130,other,0.259987,0.755833,20.5846,88.7655,70.6214,61.9939,42.9164,553,388
RNF135,other,0.111641,0.425081,5.74341,69.4879,38.0875,49.2479,29.068,557,579
RNF138,other,0.26822,0.588749,18.4228,85.9394,54.8958,44.0861,31.5008,844,596
RNF139,other,0.145935,0.933475,8.55212,70.7215,48.5598,62.6089,38.2135,435,417
RNF14,other,0.340768,0.577428,21.1712,88.1174,43.8039,34.0723,18.9303,787,915
RNF144A,other,0.272987,0.694217,21.0858,87.7521,67.9891,62.3781,31.6308,514,526
RNF144B,other,0.276538,0.717237,10.1901,42.3324,32.0753,28.2652,17.7263,990,928
RNF145,other,0.122486,0.628191,11.447,100.67,86.7591,86.1987,63.8144,337,310
RNF146,other,0.159487,0.421158,6.91687,57.0728,32.9564,37.096,19.4542,776,756
RNF149,other,0.14637,0.649914,10.9195,86.2849,64.5012,71.686,45.1648,372,340
RNF157,other,0.0943769,0.379314,7.21157,88.3489,66.0887,72.8509,42.7655,357,370
RNF166,other,0.32333,0.558704,38.1482,133.908,103.956,66.6046,34.6856,520,565
RNF167,other,0.410362,0.651269,27.8183,89.6865,51.2388,30.9899,20.1555,726,811
RNF168,other,0.24903,0.70248,28.5032,144.792,90.4773,77.8635,65.8788,335,268
RNF169,other,0.209619,0.501763,11.8571,66.4097,48.1795,41.8493,25.443,724,685
RNF170,other,0.0655276,0.80154,8.03083,193.034,77.8105,187.506,59.6509,131,260
RNF175,other,0.2653,0.933541,22.1724,95.1183,73.4327,72.6693,48.3044,334,348
RNF181,other,0.397991,0.621393,29.2934,106.26,50.9829,36.871,18.9556,721,937
RNF185,other,0.206256,0.566819,9.10945,58.3426,33.4337,41.7252,17.8907,719,880
RNF187,other,0.16021,0.525574,11.5104,104.704,49.2991,79.5522,30.2294,287,533
RNF19A,other,0.316255,0.674407,26.0434,84.1211,80.6147,53.2457,32.3155,681,619
RNF19B,other,0.271215,0.632032,17.9998,77.0631,57.1562,46.6676,30.4722,717,612
RNF20,other,0.334267,0.721776,157.474,608.345,364.824,351.896,179.209,54,82
RNF207,other,0.161838,0.653899,8.82459,77.2234,38.5014,59.4178,28.273,522,586
RNF208,other,0.206785,0.768753,14.1069,85.7693,54.2614,68.0006,35.3104,363,487
RNF212,other,0.542928,0.729686,53.6167,117.885,82.7288,34.0436,18.3316,1270,1155
RNF213,other,0.172118,0.76026,10.764,76.2642,51.2834,59.3164,39.4554,501,449
RNF214,other,0.350373,0.599647,20.8456,74.5053,47.5094,30.6462,19.9559,894,921
RNF215,other,0.160267,0.57165,13.9763,129.827,58.5773,99.5253,38.8506,224,461
RNF216,other,0.25991,0.592715,15.318,78.1159,44.465,40.5944,26.6645,634,600
RNF220,other,0.170588,0.51879,8.89349,64.1084,42.3967,48.4113,23.6751,728,685
RNF24,other,0.176816,0.458393,8.13548,54.15,39.0952,35.0792,22.5785,899,880
RNF25,other,0.322537,0.678586,21.5595,74.0018,60.3776,45.5088,24.9512,675,688
RNF26,other,0.141446,0.487323,12.5808,97.195,81.3934,71.9987,54.942,468,324
RNF31,other,0.136205,1.72341,68.0836,916.239,272.701,782.461,261.035,32,62
RNF32,other,0.167396,1.04322,9.05236,69.3993,42.1383,62.8827,30.5838,505,494
RNF34,other,0.579499,0.729272,76.0444,143.779,119.766,35.848,19.0245,1215,1351
RNF38,other,0.227642,0.795554,18.7592,91.7483,74.0162,73.3807,43.7444,438,393
RNF39,other,0.21026,0.49195,11.3415,70.0252,41.5501,42.9281,21.9357,743,755
RNF4,other,0.296377,0.876166,59.6014,320.85,126.044,215.805,81.9922,88,212
RNF40,other,0.207664,0.740572,201.993,1888.69,500.947,1325.64,368.82,11,32
RNF41,other,0.37039,0.722284,31.116,107.473,65.6676,46.0007,35.4768,713,579
RNF43,other,0.187095,0.505068,11.3056,86.4633,42.231,48.7718,28.9374,638,574
RNF44,other,0.182877,0.459757,9.59914,61.7901,44.5889,41.8982,22.6743,820,770
RNF5,other,0.25016,0.436911,13.5889,75.7767,38.9403,29.9115,17.849,897,869
RNF6,other,0.240701,0.872984,18.1556,91.3822,62.2592,74.7313,36.2833,460,517
RNF7,other,0.207308,1.16194,39.22,165.473,216.3,138.402,174.214,204,99
RNF8,other,0.522286,0.749045,75.8361,129.704,162.549,46.0277,40.0488,886,622
RNFT1,other,0.547621,0.684152,49.1402,98.3291,81.8902,22.1662,14.1533,1887,1698
RNFT2,other,0.351228,0.545285,31.8517,81.6318,100.746,36.4997,25.1444,902,775
RNH1,other,0.360821,0.614709,26.318,92.7725,57.3458,41.0326,21.9183,890,769
RNLS,other,0.142155,0.497414,10.9855,86.1949,69.2837,66.8193,44.1099,452,368
RNMT,other,0.114986,,121.374,1599.9,696.421,1495.37,729.509,10,20
RNPEP,other,0.216108,0.68483,12.8954,65.5982,54.2793,46.625,35.5913,571,505
RNPEPL1,other,0.21369,0.88404,13.6812,74.5899,54.9536,59.9639,38.5788,492,433
RNPS1,other,0.373294,0.655157,33.7218,111.997,72.8638,51.6383,28.9716,394,594
RO60,other,0.516857,0.713854,47.1689,116.96,71.2083,33.6336,18.8112,1108,1077
ROBO3,other,0.267418,0.497771,28.2803,88.504,126.365,51.8403,38.3262,675,537
ROCK1,other,0.275386,0.987888,21.8894,91.9017,68.7479,73.0918,42.6466,410,390
ROCK2,other,0.406434,0.615162,33.9413,105.034,66.3968,38.3458,20.7482,978,912
ROGDI,other,0.351908,0.816935,44.205,122.322,128.996,78.9801,61.4418,460,354
ROMO1,other,0.157466,,133.228,883.539,810.205,733.187,904.865,15,16
ROPN1L,other,0.140258,0.753944,8.38358,73.4171,48.6641,65.5012,33.0441,457,573
RORA,other,0.125573,1.23508,23.5585,247.737,142.073,221.092,128.418,102,113
RORB,other,0.374305,0.666495,24.9178,76.9008,57.6283,35.3801,23.9649,738,707
RORC,other,0.473392,0.710504,23.9365,53.3609,47.9134,19.194,14.6946,1310,1352
RP2,other,0.0331702,,3.22288,134.526,70.1757,150.885,56.0288,193,310
RP9,other,0.262177,0.981275,32.7631,161.891,96.4619,132.849,58.0767,219,237
RPAIN,other,0.552524,0.747572,169.743,331.061,285.085,94.2098,67.4132,505,477
RPAP2,other,0.0437407,0.16281,4.06239,150.989,57.1276,104.454,43.7486,261,409
RPE,other,0.328729,0.707966,44.0983,113.202,158.969,63.5683,80.7991,434,249
RPF1,other,0.11188,,153.825,1811.29,1043.66,1997.64,1200.03,14,12
RPGR,other,0.551559,0.67162,79.0266,151.203,135.769,33.3833,18.2579,1276,1278
RPGRIP1L,other,0.161516,0.450166,12.3065,121.643,47.7252,73.7054,32.1352,309,478
RPH3AL,other,0.474951,0.774335,40.9186,111.788,66.3969,49.3864,21.6474,899,806
RPIA,other,0.134752,0.923087,37.7526,332.398,236.137,265.062,211.297,77,72
RPL10,ribosome (RPL/RPS),0.543889,0.674453,166.603,405.717,231.272,78.3448,44.8823,379,342
RPL11,ribosome (RPL/RPS),0.135472,,103.35,691.559,841.575,760.327,810.083,17,13
RPL21,ribosome (RPL/RPS),0.145658,1.99753,46.2362,360.055,279.85,345.297,243.547,89,59
RPL22,ribosome (RPL/RPS),0.141878,0.486157,12.5712,116.089,67.6285,84.9581,46.1498,306,362
RPL22L1,ribosome (RPL/RPS),0.160459,0.436092,10.5379,76.6548,56.2649,57.3832,25.9656,490,585
RPL23A,ribosome (RPL/RPS),0.0855146,,45.3014,1166.04,240.674,1176.86,209.845,22,67
RPL26L1,ribosome (RPL/RPS),0.35791,0.698252,25.0599,78.1928,62.6967,43.3082,25.7733,876,702
RPL27A,ribosome (RPL/RPS),0.0917073,,113.138,1581.19,962.549,1684.81,844.932,10,16
RPL28,ribosome (RPL/RPS),0.0612581,0.535034,13.6995,326.426,153.213,273.428,140.843,66,107
RPL29,ribosome (RPL/RPS),0.137484,0.818947,31.2304,359.664,143.467,326.655,99.4116,60,157
RPL35,ribosome (RPL/RPS),0.397739,0.803048,131.717,395.683,277.166,235.24,109.486,165,152
RPL36,ribosome (RPL/RPS),0.149568,1.63611,151.665,1359.6,756.277,1278.23,650.686,18,23
RPL36A-HNRNPH2,ribosome (RPL/RPS),0.163518,0.683727,27.16,157.898,174.724,136.366,101.441,170,173
RPL36AL,ribosome (RPL/RPS),0.379456,0.651005,25.2739,74.9458,59.1934,30.4014,25.357,866,768
RPL37,ribosome (RPL/RPS),0.380625,0.699818,124.637,410.457,261.237,187.597,118.908,106,154
RPL39L,ribosome (RPL/RPS),0.136771,0.608929,10.8296,91.9521,68.1831,73.8179,50.7411,344,341
RPL41,ribosome (RPL/RPS),0.25901,0.48635,16.7056,91.0606,45.6838,39.3238,22.879,779,764
RPL7A,ribosome (RPL/RPS),0.235952,1.01293,98.0912,420.063,411.431,320.081,317.637,92,80
RPL7L1,ribosome (RPL/RPS),0.122224,0.907709,10.3767,109.564,65.7871,99.587,52.6882,327,311
RPLP0,ribosome (RPL/RPS),0.166895,1.13817,77.5045,1104.42,195.271,891.612,173.481,12,77
RPLP1,ribosome (RPL/RPS),0.153585,,202.403,1662.17,1044.87,1708.82,1210.83,11,11
RPLP2,ribosome (RPL/RPS),0.117426,,82.6438,595.351,831.991,535.637,840.398,38,17
RPN1,other,0.0379832,,14.5171,898.84,162.515,991.074,100.859,19,160
RPN2,other,0.0467636,,59.3244,1068.4,1506.33,866.55,1665.99,14,10
RPP14,other,0.208655,1.51281,33.306,194.694,130.868,163.696,115.231,150,136
RPP25,other,0.223235,0.501517,34.1772,200.421,116.951,120.124,59.1147,214,257
RPP25L,other,0.275536,0.643422,24.452,120.331,65.4477,65.7,39.0115,444,472
RPP30,other,0.137412,,120.904,973.726,795.059,988.334,754.91,18,17
RPP40,other,0.129128,,133.484,1270.01,841.419,1221.39,970.552,12,13
RPRD1B,other,0.336058,0.922802,98.8924,272.822,317.407,168.022,207.823,153,85
RPRD2,other,0.62968,0.741032,137.61,182.117,262.247,32.7963,31.303,849,612
RPS18,ribosome (RPL/RPS),0.132864,0.694958,14.6728,126.559,96.3659,99.5316,79.8726,262,208
RPS19,ribosome (RPL/RPS),0.0511065,,38.1968,516.78,1080.93,342.096,1227.91,93,12
RPS2,ribosome (RPL/RPS),0.0305869,0.332843,17.154,955.96,329.019,864.949,299.835,25,49
RPS21,ribosome (RPL/RPS),0.0411256,0.61729,18.925,490.997,431.288,473.619,377.202,45,38
RPS23,ribosome (RPL/RPS),0.142384,,144.475,922.127,1116.52,686.228,1311.72,30,13
RPS24,ribosome (RPL/RPS),0.266924,0.722885,81.06,342.134,269.552,195.245,183.95,99,93
RPS25,ribosome (RPL/RPS),0.269367,1.02748,72.1191,271.195,264.321,187.521,205.441,127,81
RPS26,ribosome (RPL/RPS),0.268217,0.844909,39.8608,148.041,149.189,119.294,71.7665,192,246
RPS27L,ribosome (RPL/RPS),0.0968343,0.818532,7.47956,95.9173,62.201,90.2174,47.5519,342,340
RPS28,ribosome (RPL/RPS),0.128444,0.871378,159.693,1756.21,880.17,1618.56,636.181,15,31
RPS29,ribosome (RPL/RPS),0.0743674,,46.0375,640.649,598.189,666.4,643.22,33,22
RPS4Y1,ribosome (RPL/RPS),0.261275,0.684336,10.7963,47.8605,35.6762,32.8399,19.1061,959,986
RPS6,ribosome (RPL/RPS),0.197478,1.22293,79.2241,502.602,320.223,447.709,243.771,58,70
RPS6KA1,ribosome (RPL/RPS),0.497658,0.589279,69.5506,144.196,135.452,31.8428,11.4659,1692,1688
RPS6KA2,ribosome (RPL/RPS),0.193399,0.442384,12.5057,69.1646,60.4531,43.8555,28.8786,628,597
RPS6KA3,ribosome (RPL/RPS),0.153106,1.97356,14.8307,100.173,93.6675,97.9211,68.5916,281,252
RPS6KA4,ribosome (RPL/RPS),0.362573,0.604676,26.0718,114.65,45.1,35.0453,21.7461,846,834
RPS6KA5,ribosome (RPL/RPS),0.320073,0.647598,35.2662,130.708,92.8788,74.7759,39.8581,384,405
RPS6KB1,ribosome (RPL/RPS),0.336782,0.713083,37.9555,146.064,86.9575,67.6546,50.8247,420,335
RPS6KB2,ribosome (RPL/RPS),0.172686,0.606436,10.9442,64.9382,61.8525,51.7754,37.1094,491,486
RPS6KC1,ribosome (RPL/RPS),0.265681,0.666441,14.6394,65.4731,46.3731,37.8623,28.8969,729,590
RPS6KL1,ribosome (RPL/RPS),0.130434,0.869858,6.75456,57.0769,46.9845,52.0035,35.0994,580,525
RPTOR,other,0.372316,0.805501,69.9211,239.571,147.217,99.4909,93.4267,283,219
RPUSD1,other,0.337479,0.796036,55.991,202.475,135.948,119.714,76.1692,223,186
RPUSD2,other,0.136752,0.383963,7.5922,77.1595,39.9467,55.1075,22.2166,524,729
RPUSD3,other,0.183818,0.332629,14.2662,62.6683,96.1155,34.3355,31.1915,809,568
RPUSD4,other,0.324684,0.895386,43.0357,156.498,112.261,94.3942,75.0628,289,262
RRAD,other,0.312456,0.596709,21.391,86.6734,54.0752,47.1198,21.5851,503,789
RRAGA,other,0.241739,0.414714,53.3943,181.996,268.061,92.1333,83.5971,280,268
RRAGB,other,0.601786,0.753958,105.254,238.992,128.001,49.9064,24.9323,470,795
RRAGC,other,0.293575,0.720688,39.8776,118.842,155.256,84.4832,66.1477,340,304
RRAGD,other,0.0657441,0.570926,4.50264,87.5435,53.5792,82.3482,41.6073,330,409
RRAS,other,0.409873,0.717949,30.4606,88.2508,62.5832,39.5955,25.5869,732,780
RRAS2,other,0.196923,0.75254,12.3481,72.1099,54.5266,57.8691,35.6205,577,545
RRBP1,other,0.0621709,0.223039,5.05354,84.3534,78.3276,65.3434,51.3225,451,358
RREB1,other,0.357236,0.644407,21.4351,72.2426,49.8363,35.1784,19.9842,882,854
RRM1,other,0.14252,,179.664,1540.53,1031.58,1570.31,1070.08,14,16
RRM2,other,0.0704101,,69.7836,1249.42,786.192,1381.6,873.881,11,20
RRM2B,other,0.467544,0.636233,151.905,306.918,343.937,90.0481,81.0827,323,242
RRN3,other,0.083695,,83.7716,1348.06,743.167,1621.88,799.741,13,15
RRP12,other,0.0609142,,46.6495,967.819,605.987,1100.46,554.222,22,25
RRP1B,other,0.372882,0.698982,22.0494,70.7665,49.4107,36.917,20.0134,784,853
RRP8,other,0.0565151,0.815813,5.869,108.305,99.5752,104.297,86.6621,270,203
RRP9,other,0.121822,,85.3641,741.685,662.032,669.64,668.898,37,23
RSAD1,other,0.200095,0.757947,30.9804,177.905,134.745,143.267,86.5123,179,200
RSAD2,other,0.453037,0.697737,23.423,58.4356,45.7444,22.9536,13.9836,1274,1351
RSBN1,other,0.114957,0.342419,18.8089,213.542,125.363,141.783,83.3166,214,210
RSBN1L,other,0.391511,0.473455,37.0213,111.493,80.1992,23.0029,11.1031,1791,1766
RSF1,other,0.262474,0.62009,25.0492,105.369,86.4377,69.4027,41.066,372,385
RSKR,other,0.293309,0.529094,19.8631,90.0408,50.9337,44.7303,19.8287,644,769
RSPH3,other,0.193629,0.560187,10.4041,68.6252,42.0717,48.3616,25.049,697,740
RSPH4A,other,0.17026,0.556339,17.9962,110.287,101.3,84.6214,60.5317,301,305
RSPRY1,other,0.227084,0.470517,9.8078,51.4248,36.2741,28.8284,17.0452,1028,974
RSRC2,other,0.307192,0.65714,19.7873,80.5647,51.5001,42.1573,27.8931,584,690
RSRP1,other,0.163584,0.406653,8.29524,55.0298,46.7283,37.0276,23.6138,797,731
RSU1,other,0.0959813,0.735436,7.58128,93.6521,66.6184,88.2364,46.9963,288,341
RTCA,other,0.149412,0.564065,7.71812,68.3612,39.0339,52.7515,27.0397,525,566
RTEL1,other,0.24776,2.24008,365.048,1672.13,1298.28,1380.27,1207.29,15,14
RTF2,other,0.0491586,,28.9395,678.372,510.875,666.948,548.753,45,25
RTKN2,other,0.603503,0.710563,46.629,82.689,72.1945,15.7395,7.8727,2014,2308
RTL5,other,0.294349,0.624802,33.6935,165.56,79.1428,83.9727,43.4989,454,451
RTL6,other,0.22589,1.17691,14.5424,78.479,52.8112,66.9577,39.559,399,391
RTL8A,other,0.27937,0.747947,14.1368,58.6147,43.6855,39.6576,24.8408,745,693
RTL8C,other,0.360132,0.602669,15.5651,55.252,33.8089,21.6699,13.9463,1179,1172
RTN3,other,0.25411,0.604165,19.3185,95.3351,60.6252,55.7034,34.8267,538,518
RTN4,other,0.341005,0.534228,19.1788,64.833,48.7894,26.1477,15.4741,1029,1074
RTN4IP1,other,0.36176,0.438275,62.2487,174.051,170.116,31.3962,28.7053,1698,1101
RTP4,other,0.15671,1.15823,9.17814,67.5855,50.7532,63.5365,35.2445,447,449
RTRAF,other,0.342025,0.792165,215.427,469.357,845.247,180.018,589.645,157,50
RTTN,other,0.147213,,70.2544,565.268,402.904,519.314,445.266,56,37
RUBCN,other,0.142981,0.505,9.36946,83.0537,51.7027,56.4115,38.7823,631,460
RUFY1,other,0.446667,0.578681,34.0442,85.6972,67.788,22.1887,13.2905,1861,1699
RUFY2,other,0.204967,0.640824,12.0066,60.1745,57.0241,47.263,29.8356,673,625
RUFY3,other,0.0691409,0.839648,10.2999,173.542,127.877,159.899,116.847,165,143
RUNDC1,other,0.0578189,0.24519,2.59894,55.6794,36.2877,44.4812,26.2545,671,629
RUNX1,other,0.0495028,,3.52992,88.7834,57.2715,89.3118,49.4432,340,329
RUNX2,other,0.116373,,25.3061,238.011,198.676,251.656,128.329,97,176
RUNX3,other,0.136515,0.763175,14.8089,135.479,86.8594,108.653,72.8233,248,214
RUSC1,other,0.402785,0.631627,31.3053,112.227,53.826,35.1684,21.9478,782,834
RUSF1,other,0.158541,0.596638,7.38135,60.5521,35.7982,46.0179,25.2675,633,647
RWDD1,other,0.137975,0.763631,13.7836,130.225,76.6357,105.384,63.5201,264,253
RWDD2A,other,0.176648,2.34038,132.876,579.459,976.461,441.654,953.069,61,19
RWDD2B,other,0.11323,0.277391,7.07127,90.1046,43.2837,43.2568,29.4123,599,624
RWDD3,other,0.328258,0.821886,24.8379,90.9347,62.9607,62.9558,30.3187,544,652
RWDD4,other,0.0947378,,39.493,445.395,390.166,377.303,400.12,55,38
RXRA,other,0.264685,0.618094,16.0828,79.2355,46.5952,41.0584,28.8612,589,601
RXRB,other,0.526746,0.741721,146.59,334.483,231.544,125.502,44.6382,294,470
RXYLT1,other,0.415173,0.635321,19.9485,63.8737,36.1444,24.0097,11.4127,1519,1716
RYBP,other,0.368084,0.606788,30.4453,103.339,66.2033,45.4845,22.6894,577,644
RYK,other,0.322811,0.589818,13.4377,49.3421,35.1184,24.8298,13.9432,1595,1393
RYR1,other,0.226125,0.392999,14.4568,77.4016,52.8074,32.6753,22.5526,788,755
RYR2,other,0.047834,0.130822,3.02436,74.6053,53.5826,48.4499,33.149,599,508
RYR3,other,0.154992,0.584956,9.46401,74.1794,50.2628,59.0227,32.9925,573,554
S100A1,other,0.226521,0.887535,14.4556,79.522,51.2113,63.1079,35.0499,518,513
S100A10,other,0.512361,0.682572,39.1612,106.618,54.7934,25.2319,14.3484,792,1107
S100A12,other,0.223676,0.507055,15.8918,83.8798,60.1799,52.3569,29.0191,586,604
S100A13,other,0.144168,0.971015,8.73532,70.7679,51.8777,63.0873,41.341,499,389
S100A14,other,0.391097,0.699653,18.3226,52.8388,41.5387,27.6117,14.353,1087,1213
S100A16,other,0.409382,0.77923,27.3132,85.5712,52.0188,45.913,21.0389,780,934
S100A2,other,0.229813,0.600742,11.1826,57.1292,41.4458,36.703,24.4819,843,735
S100A4,other,0.430982,0.875655,37.5429,95.8723,79.1488,56.2948,32.7035,476,555
S100A5,other,0.228159,0.785543,13.691,63.2052,56.9699,51.145,31.7828,586,536
S100A6,other,0.0878077,1.20451,11.9405,141.104,131.052,127.169,124,272,147
S100A8,other,0.368631,0.620933,11.3595,47.2029,20.1173,17.0469,9.01894,1427,1746
S100A9,other,0.0220898,0.185596,2.7636,162.705,96.1973,146.995,82.0839,151,196
S100B,other,0.223809,0.570775,16.5407,82.1311,66.5042,53.9967,36.6543,484,471
S100P,other,0.306602,0.738547,14.9733,68.3064,34.9157,40.0229,20.3831,1022,903
S100PBP,other,0.11347,5.1785,17.3101,152.543,152.56,151.51,141.746,168,126
S100Z,other,0.199371,0.595654,9.87797,60.2131,40.7682,42.4713,25.2676,751,723
S1PR1,other,0.217101,0.577699,11.3597,63.828,42.8944,42.9596,24.3657,695,672
S1PR2,other,0.209898,0.565261,8.0969,48.7275,30.5385,32.8216,17.6387,993,962
S1PR4,other,0.23052,0.727213,23.4508,139.757,74.0502,103.101,45.6804,300,375
S1PR5,other,0.248161,0.680093,12.9746,59.9781,45.5747,42.4549,24.8047,758,755
SAA1,other,0.301801,0.730976,41.9514,176.008,109.779,102.471,64.9892,221,259
SAA2,other,0.149614,0.601779,9.34484,82.4721,47.3035,64.1618,34.1339,485,509
SAAL1,other,0.184382,0.618295,17.6459,122,75.0744,85.5645,52.7196,330,305
SAC3D1,other,0.286514,0.573072,15.5273,72.4971,40.5115,38.7735,18.7425,812,857
SACM1L,other,0.133492,0.349077,27.504,371.625,114.229,276.134,49.2186,64,354
SACS,other,0.376826,0.575594,16.8952,58.0736,34.6151,20.8427,11.4736,1162,1465
SAFB,other,0.112008,0.859462,9.99599,116.215,68.5314,98.3091,60.9768,250,266
SAFB2,other,0.277595,0.793805,21.7542,85.23,72.056,64.0088,36.6653,509,487
SALL1,other,0.154148,0.332446,8.09585,71.542,38.5554,37.7993,20.9801,713,694
SALL2,other,0.160508,0.413694,6.96999,53.4317,35.2918,34.7776,20.0747,872,890
SALL3,other,0.183782,0.821206,20.2275,132.376,91.5106,99.4477,73.0854,264,221
SALL4,other,0.19467,0.379921,10.4002,71.8677,39.7147,35.3964,19.1679,845,864
SAMD1,other,0.566503,0.773179,73.4466,143.564,117.083,41.0412,29.0668,667,613
SAMD10,other,0.182387,0.462078,10.8072,66.5629,52.748,46.2725,25.7889,767,677
SAMD12,other,0.244945,0.953635,13.7416,71.7319,43.8755,56.1482,30.5514,522,485
SAMD3,other,0.262616,0.679301,13.7794,67.0429,41.0643,43.0018,23.9491,859,785
SAMD4A,other,0.16108,0.552148,8.83186,60.4266,49.7499,46.2766,31.6683,627,639
SAMD4B,other,0.295675,0.555016,18.1304,103.515,36.3233,42.4464,18.8494,604,838
SAMD8,other,0.566242,0.642368,66.9518,128.63,108.687,17.6856,10.7717,1984,1891
SAMD9,other,0.457359,0.690952,26.9317,60.6604,57.1618,25.6278,13.795,1224,1274
SAMD9L,other,0.392988,0.702011,17.1053,53.8718,35.1678,27.8629,12.3405,1344,1383
SAMHD1,other,0.46268,0.652765,25.545,74.2991,41.0267,22.8669,11.2509,1579,1591
SAMSN1,other,0.329456,0.866636,15.9504,59.3544,39.4906,39.3581,22.5504,832,794
SAMTOR,other,0.32075,0.667766,14.8847,50.3304,42.7875,30.4707,17.7691,929,974
SANBR,other,0.155685,0.373569,8.62486,73.3063,41.8666,49.4532,19.5196,616,771
SAP130,other,0.322963,0.477343,34.127,148.601,75.1399,43.9773,26.285,555,668
SAP18,other,0.0886212,,95.0944,1318.5,873.284,1573.1,883.336,12,15
SAP25,other,0.180903,0.320223,8.40991,68.4719,31.563,30.4162,13.4388,976,1202
SAP30,other,0.373051,0.790337,33.0832,90.0606,87.3259,53.61,39.2547,544,461
SAP30BP,other,0.155127,0.96618,50.7122,849.571,125.792,774.007,89.334,26,159
SAPCD1,other,0.288061,0.744609,15.2418,61.7973,45.3037,41.2595,24.9021,747,676
SAPCD2,other,0.132967,0.667485,10.2745,88.3865,67.5531,76.4659,47.6765,380,366
SAR1A,other,0.0845201,0.409004,5.55733,84.6683,51.0611,66.4753,40.9134,492,389
SAR1B,other,0.244108,0.573988,11.5359,55.9257,39.9323,37.6134,17.8751,916,970
SARAF,other,0.10848,0.303697,12.1497,134.504,93.2602,95.1628,52.5781,278,306
SARDH,other,0.429127,0.565773,22.5093,64.5808,42.6038,18.0611,8.57863,2286,2287
SARM1,other,0.250878,0.874252,14.9591,71.0149,50.065,57.2406,28.8098,508,552
SARNP,other,0.52076,0.654855,65.3803,130.879,120.433,34.1854,17.3461,1338,1397
SARS2,other,0.236037,0.614073,25.5814,109.29,107.475,69.9477,63.3638,450,301
SASH1,other,0.155228,0.692983,8.35796,64.299,45.0877,54.3381,30.4843,528,540
SASH3,other,0.343041,0.496059,34.8972,147.565,70.1301,40.6469,23.8429,890,723
SASS6,other,0.171632,,204.754,1155.38,1231.82,1269.31,1188.79,17,12
SAT1,other,0.517255,0.807876,34.7686,84.216,53.6499,26.4062,21.6106,969,887
SAT2,other,0.523275,0.613297,62.006,146.975,95.5352,24.9402,11.7746,1529,1577
SATB1,other,0.159853,0.446071,27.7049,323.667,92.8052,222.572,54.6477,80,275
SATB2,other,0.488478,0.730898,38.15,79.1181,77.0942,32.8576,18.2011,1105,1140
SATL1,other,0.453354,0.683094,28.5552,88.139,45.0119,28.181,15.8669,1123,1169
SAV1,other,0.409842,0.646712,31.8107,101.904,59.1184,40.3961,19.7821,662,886
SAXO2,other,0.119644,0.417587,12.5789,125.553,88.0393,95.4042,57.9421,291,245
SAXO4,other,0.313316,0.551829,17.9555,66.6357,49.2857,30.2624,20.1785,874,928
SAXO5,other,0.200687,1.09113,33.6528,118.67,236.951,100.62,184.252,272,104
SAYSD1,other,0.217986,0.510943,7.62974,41.242,29.7044,26.0488,15.0278,1178,1157
SBDS,other,0.31938,0.605285,44.1866,216.803,88.2881,95.5366,44.3418,190,304
SBF1,other,0.330795,0.609813,20.5801,82.3573,46.9976,37.5673,21.5691,639,856
SBF2,other,0.132379,0.634118,9.71783,84.7843,63.5605,76.0728,36.6015,470,445
SBK1,other,0.114272,0.351275,5.28366,60.1436,35.5468,41.0474,23.6993,804,802
SBNO1,other,0.179697,1.38523,49.9092,288.222,267.64,242.854,239.027,112,73
SBNO2,other,0.244229,0.529484,24.1015,138.64,70.2429,66.9766,41.3305,304,418
SC5D,other,0.154536,0.452923,12.0574,94.394,64.4916,67.6548,37.9877,383,386
SCAF1,other,0.142777,0.50628,16.461,132.447,100.358,102.13,65.489,342,258
SCAF11,other,0.155908,0.647237,19.2879,154.908,98.8012,117.51,75.0546,261,234
SCAF4,other,0.355665,0.706209,45.9831,152.267,109.776,85.8913,45.9028,353,377
SCAI,other,0.34298,0.719182,20.9882,77.8577,48.0962,45.1622,22.0476,625,778
SCAMP1,other,0.157703,0.649071,7.83565,61.8433,39.9186,52.8627,23.6908,543,661
SCAMP2,other,0.242921,0.659163,14.9348,65.3026,57.8816,45.8792,31.452,723,639
SCAMP3,other,0.320071,0.626588,20.3457,70.8886,57.0004,39.488,23.4232,764,767
SCAMP4,other,0.175851,3.26375,202.341,2276.91,581.474,2226.05,505.908,10,26
SCAND1,other,0.0986574,0.550773,6.15704,75.7981,51.3838,68.3816,34.5338,420,500
SCAND3,other,0.238699,0.556591,10.3679,47.2032,39.9674,31.2973,18.1528,1034,1023
SCAP,other,0.160138,0.698783,22.5011,140.23,140.792,120.655,87.8218,238,176
SCAPER,other,0.353677,0.55965,26.086,74.1868,73.3287,32.8844,20.7263,766,866
SCARB1,other,0.316133,0.657031,21.3744,75.6972,60.3901,40.8436,30.0256,948,737
SCARB2,other,0.190126,0.778987,8.21421,47.1556,39.5835,40.6792,22.4146,755,760
SCARF1,other,0.196517,0.530156,10.5482,68.1633,42.2672,42.5523,26.8104,578,578
SCCPDH,other,0.200492,0.779165,12.7144,74.1482,54.2376,62.6001,31.1793,519,591
SCD,other,0.170195,0.718668,21.4805,125.402,127.025,110.519,67,279,248
SCD5,other,0.371349,0.538333,38.9108,104.883,104.682,39.8192,24.3847,661,738
SCFD2,other,0.164944,0.736205,7.9912,58.8155,39.9082,47.8371,29.176,620,628
SCGB1A1,other,0.283215,0.723385,27.5346,114.63,82.4567,84.157,34.9121,413,453
SCGB2B2,other,0.350888,0.668451,34.8727,103.491,95.4395,55.1175,39.1768,600,544
SCGB3A1,other,0.439199,0.665768,32.7213,84.0263,66.0577,29.7059,21.5892,1153,1063
SCGB3A2,other,0.134419,0.448426,7.61583,64.5388,49.7386,47.2219,33.0821,552,516
SCIMP,other,0.283327,0.612023,12.342,56.4173,33.6342,30.91,17.6912,970,944
SCLT1,other,0.256343,0.610434,10.6107,52.3634,32.7205,30.9282,18.6248,1007,923
SCLY,other,0.140358,0.628435,7.95397,65.1375,49.3017,50.5469,38.3225,519,487
SCMH1,other,0.0831036,0.309676,4.12292,65.7458,37.4372,50.2572,25.993,652,642
SCML1,other,0.347741,0.645748,21.6021,70.6122,54.6512,34.625,23.5542,745,731
SCML2,other,0.226697,0.590983,11.9866,62.7696,44.5405,39.094,27.1647,667,644
SCML4,other,0.26433,0.562576,11.5369,60.5731,31.4489,32.162,16.6467,1065,1017
SCN8A,other,0.328611,0.562185,35.0867,144.083,79.1239,64.6511,30.0859,479,507
SCNM1,other,0.223675,0.699983,13.2913,73.7112,47.9032,51.9712,31.3189,547,525
SCNN1D,other,0.165485,0.523631,5.84752,40.7326,30.6538,31.9776,16.4095,972,1042
SCO1,other,0.142542,0.317984,21.7006,96.9826,238.982,61.5475,107.551,455,220
SCO2,other,0.265396,0.50581,18.7338,76.05,65.5181,38.5122,28.9749,743,600
SCOC,other,0.277334,0.532447,7.94007,34.7071,23.6171,17.5643,10.6448,1801,1627
SCP2,other,0.402786,0.869226,14.7292,44.6786,29.9302,24.4612,15.7275,1161,1130
SCPEP1,other,0.221094,0.611395,11.2221,61.4223,41.944,39.6185,26.4924,815,690
SCRG1,other,0.0535584,0.143311,3.37936,93.0714,42.7757,63.5552,23.9369,386,630
SCRIB,other,0.186708,0.476541,12.3421,73.3041,59.6109,51.6841,28.5852,505,594
SCRN1,other,0.522015,0.788427,42.4433,96.5566,68.4651,35.0116,21.3781,710,803
SCRN2,other,0.345123,0.608939,35.6323,162.253,65.6971,65.4977,30.3084,480,676
SCRN3,other,0.214052,0.606562,11.7145,71.0454,42.1573,44.2779,28.2229,634,595
SCRT1,other,0.131216,,9.13133,101.616,47.6577,108.786,35.3391,276,466
SCRT2,other,0.346901,0.52733,29.8345,83.3903,88.6969,36.7919,20.0059,1068,983
SCX,other,0.198576,0.589044,9.9356,66.9846,37.3731,47.6518,22.6568,628,707
SCYL1,other,0.240212,0.76316,30.6774,161.092,101.245,121.136,60.8039,251,280
SCYL2,other,0.110674,0.721313,5.8638,58.9854,47.5905,52.6032,37.2358,498,463
SCYL3,other,0.394907,0.593307,78.4907,243.03,162.55,81.341,54.3077,268,299
SDC4,other,0.0985911,,12.9588,142.751,121.024,148.127,107.105,212,148
SDCBP,other,0.253367,0.547654,21.7349,110.645,66.5095,74.5353,22.8901,329,710
SDCBP2,other,0.139498,0.822193,7.74395,63.2678,48.7089,56.5853,35.4338,569,547
SDCCAG8,other,0.1969,0.52852,16.3299,119.227,57.6904,81.1875,32.5939,267,473
SDE2,other,0.129416,,155.964,1550.95,936.416,1665.83,1073.93,14,10
SDF2,other,0.227653,0.611539,59.7809,258.275,266.991,190.558,125.875,211,138
SDF2L1,other,0.36364,0.758877,17.2851,54.68,41.3213,29.6068,20.6298,958,889
SDF4,other,0.264846,0.655231,16.3321,73.9905,51.3954,47.2376,28.172,738,710
SDHAF1,respiratory chain (NDUF/COX/UQCR/ATP5),0.177721,0.542669,9.3225,61.8706,44.4735,45.2418,26.7262,708,705
SDHAF2,respiratory chain (NDUF/COX/UQCR/ATP5),0.21059,0.718033,11.2642,63.0822,45.3545,48.5482,28.4217,746,616
SDHAF3,respiratory chain (NDUF/COX/UQCR/ATP5),0.133618,1.74599,15.118,143.192,89.4005,138.647,72.9053,217,220
SDHAF4,respiratory chain (NDUF/COX/UQCR/ATP5),0.128825,0.411516,9.41664,90.2377,59.2113,70.5034,32.6778,522,485
SDHC,respiratory chain (NDUF/COX/UQCR/ATP5),0.0768563,0.318389,11.774,225.013,104.3,179.671,74.1395,123,209
SDHD,respiratory chain (NDUF/COX/UQCR/ATP5),0.0360683,0.101189,3.59662,141.736,70.1545,100.821,39.2777,243,421
SDK2,other,0.361563,0.754057,16.3091,49.745,40.9017,29.8181,17.4265,1044,1019
SDR39U1,other,0.133908,0.35343,10.1678,101.756,56.6609,70.3765,30.2851,392,594
SDR42E1,other,0.137911,0.8431,5.05074,49.506,27.0928,44.4917,19.9355,699,866
SDR42E2,other,0.284872,0.852604,18.5444,81.2051,52.185,61.0053,28.7651,493,637
SEBOX,other,0.163015,0.460851,6.40215,47.2718,32.6285,34.5509,17.4576,931,947
SEC11A,other,0.106894,3.26103,13.0895,137.399,109.133,132.723,105.687,217,177
SEC11C,other,0.323315,0.630715,16.0667,61.0048,40.4799,29.264,20.0357,929,857
SEC14L1,other,0.357598,0.959403,70.5848,260.537,149.542,145.572,102.46,162,152
SEC14L2,other,0.56762,0.77465,86.114,196.585,117.08,49.7133,32.9407,647,604
SEC14L5,other,0.474163,0.715743,24.4952,62.1392,42.948,19.511,15.4721,1359,1105
SEC16A,other,0.304499,0.780651,19.9415,87.1137,49.2332,54.0122,29.5201,452,534
SEC22A,other,0.464526,0.679503,24.849,66.5805,42.9787,21.1654,13.532,1583,1345
SEC22B,other,0.160582,0.649308,17.3632,147.786,79.1113,115.823,56.7382,234,285
SEC22C,other,0.130327,0.646622,7.37841,73.5263,43.5924,62.7106,31.554,478,549
SEC23A,other,0.189787,0.469441,17.834,131.874,66.9582,90.4748,32.0972,308,598
SEC23B,other,0.208364,0.588139,16.1224,92.1622,64.9622,61.9977,40.0505,574,459
SEC23IP,other,0.162742,0.551779,8.63936,70.117,40.192,53.6504,25.3042,590,640
SEC24A,other,0.260314,0.660384,62.6171,477.296,121.228,261.997,79.4692,66,203
SEC24B,other,0.344138,0.727914,26.7962,85.9637,70.5288,51.7644,30.9038,582,560
SEC24C,other,0.0994672,1.06846,14.4468,228.576,92.2902,217.719,75.4509,102,180
SEC24D,other,0.426857,0.734152,25.0891,73.6629,46.8982,30.7379,19.6908,887,881
SEC31A,other,0.183055,0.573701,13.5934,84.2328,65.4655,66.7603,33.334,480,507
SEC31B,other,0.116802,0.347285,9.46624,95.0927,69.073,64.1477,45.063,410,431
SEC61A2,other,0.119133,0.618316,9.12861,88.6324,66.2454,77.1464,47.2688,370,349
SEC61G,other,0.164723,,155.258,934.094,951.069,934.843,1048.19,20,16
SEC62,other,0.165296,0.450991,16.1448,136.249,70.0182,80.0294,47.2228,364,388
SEC63,other,0.349016,0.708481,43.9666,148.77,106.67,91.5652,39.3473,347,550
SECISBP2,other,0.123113,1.42048,32.0822,469.15,144.746,455.569,107.187,65,161
SECISBP2L,other,0.656071,0.769905,147.867,281.251,180.613,44.2293,24.9865,1395,1140
SECTM1,other,0.191452,0.597789,10.5003,64.2984,46.7823,51.128,23.3557,654,827
SEH1L,other,0.125739,1.9375,58.1634,545.311,392.384,423.51,384.986,49,38
SEL1L,other,0.32458,0.8123,117.001,583.151,222.822,214.134,166.601,112,90
SEL1L3,other,0.0778803,1.74077,5.16891,71.7207,61.4184,70.4688,54.3758,402,321
SELENBP1,other,0.213613,0.804588,14.3898,75.3725,60.2063,63.9654,32.1657,498,587
SELENOF,other,0.363491,0.741803,28.0342,82.0349,72.5088,49.1541,29.072,589,682
SELENOH,other,0.100734,,10.7791,138.089,82.919,139.151,50.6643,159,336
SELENOI,other,0.150363,0.566814,13.1471,100.755,75.8781,82.0679,47.0876,388,355
SELENOK,other,0.156124,0.545035,11.8172,80.0929,71.5311,59.1429,49.0925,476,358
SELENOM,other,0.139366,1.00658,6.60921,62.5152,35.9749,57.4335,27.4909,500,582
SELENON,other,0.400644,0.640603,28.1344,103.904,47.46,32.0762,20.6061,772,842
SELENOO,other,0.314876,0.666711,15.4697,57.8536,41.721,34.2411,18.9203,943,987
SELENOP,other,0.571836,0.70638,51.2943,106.53,75.5309,20.2486,14.4161,1119,1158
SELENOS,other,0.252114,0.809363,11.7369,52.1748,41.5382,39.9709,24.307,763,697
SELENOT,other,0.148906,0.859174,9.04116,70.9103,51.9895,59.6941,42.1167,515,440
SELENOW,other,0.197357,0.439295,11.1736,69.6862,45.9974,38.0717,25.5336,743,715
SELL,other,0.250035,0.723797,13.8704,62.2506,49.4348,45.1827,27.9188,692,658
SELP,other,0.190098,0.660052,9.52427,64.4848,38.9269,47.8565,26.4054,621,625
SELPLG,other,0.274607,0.584006,13.0838,63.56,35.716,33.5999,18.963,1083,941
SEM1,other,0.278744,0.606316,19.2926,78.2759,61.1987,50.2534,25.068,578,748
SEMA3E,other,0.363388,0.663458,16.8398,51.8386,41.4266,27.7087,14.7278,1050,1098
SEMA3G,other,0.554442,0.73694,47.5745,111.863,65.8187,24.3659,18.1877,853,839
SEMA4A,other,0.170305,1.31607,13.839,106.067,62.2549,100.583,42.0929,226,402
SEMA4B,other,0.19428,0.64056,12.8587,79.2889,55.2491,55.1732,38.5392,530,478
SEMA4C,other,0.0461265,,3.17097,89.1287,53.0232,92.6243,46.3963,297,383
SEMA4D,other,0.0923433,1.11177,19.9226,326.282,142.655,311.36,121.136,77,123
SEMA5A,other,0.192067,0.779547,8.46296,51.6293,37.6047,39.8303,27.6158,760,626
SEMA6A,other,0.38063,0.641528,28.235,91.2573,60.2976,34.4442,26.2023,720,798
SEMA6C,other,0.103378,0.442342,10.8678,154.309,71.62,129.229,47.5521,204,323
SEMA7A,other,0.2239,0.521517,13.8801,92.2518,41.6582,47.2848,25.9055,584,655
SENP1,other,0.351526,0.561386,30.6632,94.0193,80.9291,40.2274,25.4671,850,840
SENP2,other,0.210909,0.655998,19.3255,108.32,77.5109,72.826,53.0596,405,348
SENP3,other,0.490272,0.643771,63.0451,175.277,94.342,42.9363,21.8737,536,682
SENP5,other,0.618052,0.651992,126.018,277.357,149.892,13.8948,8.09609,2096,2184
SENP7,other,0.206659,0.726703,19.5204,114.792,77.7236,80.4902,56.6885,279,288
SEPSECS,other,0.136793,1.18316,55.6183,448.297,368.756,377.593,337.502,49,42
SEPTIN1,other,0.203135,0.786997,16.9175,97.9585,70.804,76.0732,49.6899,350,320
SEPTIN10,other,0.0803493,0.729683,5.03706,74.5343,52.7272,69.551,43.1646,418,383
SEPTIN11,other,0.182459,0.614015,11.2979,81.4336,47.0825,61.6311,29.9858,529,575
SEPTIN2,other,0.193483,0.626774,10.7524,70.3349,43.9092,47.6898,30.913,592,541
SEPTIN5,other,0.217657,0.750016,12.1807,62.9773,49.7296,52.0564,25.5778,565,670
SEPTIN6,other,0.215405,0.552566,10.3423,50.7755,45.4016,37.8249,18.3509,931,875
SEPTIN7,other,0.250278,1.28638,62.9514,231.643,273.116,203.866,186.901,73,63
SEPTIN8,other,0.198241,0.405579,12.2765,62.8476,61.0198,40.1954,20.573,694,809
SEPTIN9,other,0.563408,0.66266,84.5399,178.582,126.078,37.0874,11.0506,1199,1976
SERAC1,other,0.296306,0.713525,17.2812,67.853,50.13,43.1584,26.3765,695,698
SERBP1,other,0.114096,0.571449,23.1774,311.819,132.338,251.619,105.012,92,135
SERF1B,other,0.167556,,83.0411,589.868,416.401,466.025,429.869,42,37
SERF2,other,0.299834,0.668652,25.308,115.398,61.7388,60.9695,35.4184,480,491
SERGEF,other,0.553387,0.647312,134.5,204.604,288.718,45.0017,18.2104,979,1196
SERHL2,other,0.148283,0.536637,10.0271,78.2886,58.4077,60.655,38.6085,393,429
SERINC1,other,0.301877,0.682478,13.8355,57.0253,36.8351,32.4532,20.1099,1026,942
SERINC3,other,0.125338,0.331096,5.80587,67.0342,32.0089,42.284,19.5852,786,822
SERINC5,other,0.245176,0.617192,23.4836,112.822,81.3171,67.0517,49.6863,310,341
SERP1,other,0.170093,0.706125,11.1178,75.1731,56.833,58.9419,41.5601,450,432
SERPINA1,other,0.245075,0.7224,12.243,60.5684,41.2029,42.9168,24.9312,642,634
SERPINB1,other,0.210484,0.951393,20.3313,95.2647,97.9398,76.1858,74.0033,366,253
SERPINB6,other,0.107594,0.77975,5.83861,66.4162,44.3369,59.5464,36.1754,517,480
SERPINB8,other,0.286196,0.766343,13.2878,57.4521,37.5212,39.4436,20.8262,854,829
SERPINB9,other,0.103106,0.37178,11.5666,106.436,118.237,74.6103,87.8247,494,221
SERPINE1,other,0.289792,0.555855,12.7244,57.8028,33.3543,29.3825,14.9159,1110,1169
SERPINE2,other,0.0947411,0.548654,5.91835,70.8325,55.0924,64.0825,37.8539,473,464
SERPINE3,other,0.309766,0.664611,12.8076,48.0318,35.5912,28.0618,16.995,1095,1088
SERPINF1,other,0.417995,0.707824,33.0991,106.887,58.663,37.6596,27.0764,572,625
SERPING1,other,0.294016,0.875584,17.1031,67.8783,49.8515,53.0856,24.0581,520,813
SERPINH1,other,0.189538,0.488711,15.0906,115.77,54.7549,71.4054,33.2632,352,486
SERPINI1,other,0.522874,0.636771,60.2883,136.93,97.0898,30.3257,13.0034,1546,1598
SERTAD1,other,0.276658,0.580865,17.4969,72.236,55.3712,38.0378,28.8392,735,629
SERTAD2,other,0.274374,0.670718,21.4071,98.3665,61.8846,55.344,38.207,495,523
SERTAD3,other,0.159927,0.552168,8.28706,65.7705,40.8251,51.5635,24.9704,666,687
SESN1,other,0.308254,0.590714,18.3045,84.087,41.9344,34.6003,22.5312,1095,874
SESN2,other,0.132947,0.495694,7.30249,60.532,49.8424,48.7587,31.4087,594,523
SESN3,other,0.19847,0.37672,10.5591,81.9257,34.5497,32.8129,18.5533,866,865
SESTD1,other,0.148989,3.27496,18.7454,185.71,85.2399,107.289,84.8221,299,206
SET,other,0.122423,0.425145,13.561,124.871,98.2638,91.8085,67.4904,309,278
SETBP1,other,0.0975362,,9.814,115.308,87.8012,117.653,76.7871,265,236
SETD1A,other,0.136109,0.994176,57.1223,528.195,333.457,417.526,303.627,38,48
SETD1B,other,0.192842,0.921353,28.9797,205.008,110.157,167.536,83.7563,160,182
SETD2,other,0.414475,0.646966,72.9977,210.099,147.638,71.5016,55.7836,379,293
SETD3,other,0.104714,0.655485,6.51012,75.2292,51.379,69.3256,34.6708,448,473
SETD4,other,0.121356,0.687422,16.1282,131.615,134.198,114.98,101.108,206,169
SETD5,other,0.445737,0.762609,45.0825,122.947,83.2027,55.5599,31.3428,514,622
SETD6,other,0.211763,0.498277,14.0129,81.9607,53.4256,51.4883,27.4714,700,712
SETD7,other,0.150205,0.859475,18.815,128.144,122.446,119.753,65.33,209,221
SETD9,other,0.155675,0.657564,8.12549,58.7483,46.3729,48.4768,31.5069,605,547
SETDB1,other,0.653275,0.702689,76.0482,139.313,97.2737,11.1318,5.89857,4563,3930
SETDB2,other,0.174039,1.13198,16.2344,100.864,86.2664,87.352,71.0444,289,246
SETMAR,other,0.092968,0.374242,7.01844,99.5478,57.251,83.8982,34.7774,287,460
SETX,other,0.093295,0.425967,10.5397,143.82,88.7396,123.537,58.5571,193,254
SF1,other,0.205376,1.17207,37.9135,170.259,200.161,147.117,154.945,166,103
SF3B5,spliceosome (SF3/SNRP/PRPF),0.10241,1.14389,16.6823,187.16,141.781,179.563,113.784,137,141
SFI1,other,0.457226,0.858571,32.8602,87.6729,58.9134,41.7197,27.0368,791,747
SFMBT1,other,0.0884726,0.457617,7.03196,90.3048,69.9559,82.2578,40.6125,352,406
SFMBT2,other,0.390482,0.67668,27.0997,97.9429,49.1762,46.0563,18.2655,809,890
SFN,other,0.395906,0.573593,23.359,85.9612,40.4969,28.6842,11.5421,1477,1737
SFR1,other,0.169787,0.943793,25.9593,154.659,151.148,136.021,110.557,196,176
SFRP1,other,0.234912,0.728041,11.2551,65.5564,35.0164,47.06,22.0953,670,775
SFSWAP,other,0.113721,2.41477,43.7586,559.361,264.701,532.408,252.517,34,64
SFT2D1,other,0.428301,0.636262,21.6925,59.9317,42.8021,21.06,12.8992,1330,1426
SFT2D2,other,0.397231,0.661375,23.7945,70.1421,51.1551,33.832,15.5075,879,1075
SFT2D3,other,0.445024,0.680882,18.9896,49.6735,36.6558,17.5005,12.479,1570,1493
SFTPA1,other,0.391015,0.582907,22.251,64.6333,50.1023,24.5715,13.73,1492,1465
SFTPA2,other,0.376559,0.88932,16.7284,51.6465,38.2124,31.9786,20.2222,948,898
SFTPB,other,0.118701,0.366449,8.97743,103.779,55.1172,77.777,32.0351,338,473
SFTPC,other,0.0946829,0.358765,6.93487,96.1394,55.7998,67.4333,42.7836,450,360
SFXN1,other,0.189371,0.365019,14.2931,69.1573,82.3739,42.8633,24.0605,875,728
SFXN2,other,0.0435827,0.183513,2.4013,54.2363,55.9724,46.9389,32.509,638,515
SFXN3,other,0.226215,0.655893,10.3805,56.3544,37.3655,38.7706,23.1205,917,787
SFXN5,other,0.274992,0.716994,16.6471,73.6364,49.7674,47.2261,29.356,674,624
SGCB,other,0.114441,0.480449,11.116,116.879,80.7226,97.5056,53.0919,290,329
SGF29,other,0.615782,0.667334,145.168,213.062,260.845,20.3163,15.3339,1087,993
SGK1,other,0.205254,0.504707,9.17762,64.2163,31.1338,38.4009,18.3251,746,858
SGK2,other,0.245577,1.23021,18.9171,95.9877,61.8184,86.2236,37.6015,369,417
SGK3,other,0.331002,0.904949,63.296,183.074,199.741,130.941,105.898,229,225
SGMS1,other,0.278782,0.748248,18.6223,72.5409,61.5113,48.386,35.8682,554,529
SGO1,other,0.0476433,0.699701,13.3275,385.93,202.763,361.511,187.905,70,82
SGO2,other,0.146855,0.560811,8.57521,71.5544,47.6515,57.3194,31.2268,483,557
SGPL1,other,0.4744,0.712498,30.948,90.3939,47.08,28.6816,16.5078,874,998
SGPP1,other,0.272222,0.591375,18.6082,84.521,55.2837,52.2864,24.568,632,793
SGPP2,other,0.42891,0.723602,28.4166,82.7148,53.0675,36.0647,20.0083,802,912
SGSH,other,0.361723,0.428246,34.8521,110.2,84.2411,18.9449,11.6617,1843,1658
SGSM1,other,0.263382,0.732112,17.8808,84.4171,54.5976,61.5098,28.5573,559,515
SGSM2,other,0.32588,0.814004,26.9567,92.4755,73.9931,57.8734,42.2991,461,445
SGSM3,other,0.292197,0.492502,21.0976,95.1804,54.773,36.8698,23.3025,593,782
SGTA,other,0.24994,0.719457,20.8141,98.5183,70.3923,63.4853,46.5017,342,366
SGTB,other,0.109035,1.0486,7.18045,75.3347,57.5678,72.1626,42.7853,384,403
SH2B1,other,0.169933,0.551692,9.95685,75.7469,45.3237,54.2779,30.1518,636,624
SH2B3,other,0.310498,0.687864,21.4731,81.32,58.8131,45.7862,31.3883,730,660
SH2D1A,other,0.36912,0.658429,22.079,78.4221,45.6231,34.9042,19.7843,814,954
SH2D2A,other,0.379515,0.65612,24.3625,83.3118,49.4631,37.6346,19.2789,1025,940
SH2D4A,other,0.399264,0.627162,21.4131,58.3548,49.2906,26.7309,12.428,1163,1483
SH3BGR,other,0.128779,,10.4444,92.3226,71.2474,92.9272,57.5556,338,307
SH3BGRL,other,0.26901,0.632319,27.3422,139.226,74.201,86.2197,38.9259,325,449
SH3BGRL2,other,0.371662,0.705745,15.7852,48.359,37.3016,25.9154,15.0113,1173,1227
SH3BGRL3,other,0.189057,1.09281,10.6679,77.1137,41.2896,69.7959,28.2674,420,545
SH3BP1,other,0.155609,0.999022,21.2385,178.661,104.267,158.585,81.755,161,177
SH3BP2,other,0.505629,0.70389,44.6766,112.032,69.6875,35.3585,17.1455,740,1038
SH3BP5,other,0.109441,,15.635,193.329,105.569,164.229,106.33,156,151
SH3BP5L,other,0.026701,0.14582,1.30951,67.5348,35.6153,59.0274,26.1357,598,641
SH3D19,other,0.123365,0.475868,8.06784,66.0728,64.7307,54.9791,38.8209,597,494
SH3D21,other,0.235489,0.610826,21.3245,128.687,63.7212,80.2843,38.5412,351,482
SH3GL1,other,0.211929,1.18224,40.5817,173.371,211.496,135.127,180.686,243,115
SH3GLB1,other,0.235074,0.521288,9.106,45.3042,33.1214,25.8639,17.4251,949,1010
SH3GLB2,other,0.133271,2.97654,29.0711,287.913,165.267,281.276,150.895,84,110
SH3KBP1,other,0.354966,0.658391,16.8127,63.3979,35.3855,33.3476,13.6856,1269,1271
SH3PXD2A,other,0.184502,1.02326,11.2902,67.7943,55.2344,59.7957,40.0144,544,499
SH3RF3,other,0.275835,0.692754,37.0084,156.723,114.86,120.009,37.1261,199,501
SH3TC1,other,0.493879,0.620873,28.1671,81.2704,40.023,14.7902,9.06416,2234,2107
SH3YL1,other,0.219258,0.532521,10.3251,65.345,33.9364,41.9327,17.8791,781,880
SHANK2,other,0.210983,0.982119,13.2103,71.776,54.6198,62.2605,35.6064,491,480
SHARPIN,other,0.196385,0.459743,22.1792,135.321,94.2564,79.641,52.4574,361,337
SHC1,other,0.393195,0.708257,36.6136,100.284,86.4642,45.6919,37.512,570,506
SHC4,other,0.14465,1.0536,7.19357,59.3953,41.6387,54.5519,32.014,555,528
SHCBP1,other,0.185135,0.670727,13.1933,81.8984,62.0088,67.5477,35.0474,398,438
SHF,other,0.174958,1.19567,13.813,98.4808,63.2933,92.5907,40.6347,315,356
SHFL,other,0.361879,0.724441,32.6593,91.086,89.4205,52.2582,37.0766,656,615
SHISA2,other,0.342855,0.738787,26.2887,105.573,55.688,48.9708,33.3181,439,486
SHISA5,other,0.167837,0.754816,8.45296,61.0205,41.5686,49.3052,30.8638,508,545
SHISAL2A,other,0.279451,0.608766,13.1732,55.9353,39.7271,33.5877,18.7739,959,1009
SHKBP1,other,0.391874,0.648669,37.8539,110.842,84.1831,47.1418,30.7224,450,549
SHLD1,other,0.608105,0.68717,48.8396,89.4507,72.1114,11.9854,6.90208,1962,2354
SHLD2,other,0.341758,0.544164,25.5565,76.7506,72.859,33.863,21.4298,925,882
SHMT1,other,0.378112,0.651619,17.3034,48.9224,42.8069,24.0191,14.4917,1332,1367
SHMT2,other,0.270039,0.583566,26.9059,109.162,90.9438,68.1766,39.0769,401,521
SHOC2,other,0.335278,0.574934,37.1214,113.882,107.643,59.1839,31.4281,615,676
SHOX,other,0.114291,1.11861,11.3153,118.23,82.9057,113.855,59.5208,246,281
SHOX2,other,0.375334,0.62512,27.5505,87.837,61.3402,28.7421,28.4715,872,586
SHPK,other,0.178725,0.490338,12.5959,86.6319,57.3335,62.4444,30.0517,559,578
SHQ1,other,0.287335,1.13798,88.4131,267.852,353.477,184.137,281.374,137,75
SHROOM1,other,0.108489,0.56224,4.33667,53.5522,29.8378,46.2622,21.6767,667,707
SIAE,other,0.370051,0.741982,16.7892,54.7651,37.5864,29.3665,17.4277,922,953
SIAH1,other,0.288141,0.487771,17.5143,67.3154,54.886,33.7515,16.4726,1205,1220
SIAH2,other,0.0908403,0.293133,5.88473,72.9572,57.5212,55.3521,34.6292,595,512
SIAH3,other,0.216591,0.446407,11.2017,63.6927,41.9946,33.3537,21.2406,927,935
SIDT1,other,0.214829,0.620148,11.5194,57.1884,50.2765,43.6058,24.8736,709,668
SIDT2,other,0.11406,0.568841,7.13872,91.6284,42.7509,79.8433,29.3872,353,503
SIGIRR,other,0.217695,0.611274,11.7549,66.071,44.1295,49.4367,21.8985,776,828
SIGLEC10,other,0.29466,0.580293,15.349,58.6564,46.2594,29.147,22.5509,843,743
SIGLEC14,other,0.279824,0.722477,26.0978,99.0904,87.7821,69.3242,43.9456,462,446
SIGLEC9,other,0.144926,0.739095,7.67887,58.7711,47.7681,52.0327,31.7491,608,543
SIGMAR1,other,0.113402,0.35374,3.95851,37.023,32.9117,27.9843,19.0573,1066,917
SIK1,other,0.207723,0.795658,8.33508,48.5376,33.172,38.5825,22.1485,851,779
SIK2,other,0.0830097,0.411472,9.10529,111.721,107.694,99.3997,67.9533,299,284
SIK3,other,0.33805,0.505916,75.209,224.03,220.939,82.1006,65.2303,344,324
SIKE1,other,0.352344,0.593706,22.0797,74.6079,52.6342,33.9991,18.5759,1148,945
SIL1,other,0.121641,,14.923,135.019,111.47,132.304,113.097,205,152
SIM1,other,0.0947446,,17.7027,250.975,139.104,266.806,128.121,88,125
SIM2,other,0.163268,0.502778,7.90996,60.458,38.8232,39.1918,27.1844,714,660
SIMC1,other,0.376231,0.684075,26.2583,81.2816,59.9285,38.902,25.1612,653,629
SIN3A,other,0.347118,0.695351,23.6448,97.2685,47.7031,44.9743,25.5919,611,649
SINHCAF,other,0.351659,0.627038,29.272,89.374,77.5265,43.8108,29.6962,639,555
SIPA1,other,0.315997,0.462067,21.2635,71.6555,63.1911,26.4798,16.3146,1024,1044
SIPA1L1,other,0.426978,0.763904,58.5067,160.211,117.195,78.9566,45.0032,477,457
SIPA1L2,other,0.283073,0.83917,19.7501,83.3272,58.4187,58.5446,36.0681,380,414
SIPA1L3,other,0.177714,1.16733,9.90053,64.6631,47.9971,60.2408,31.7307,497,540
SIRPA,other,0.197139,0.749425,11.5745,59.3247,58.106,46.6965,39.2172,650,456
SIRPB1,other,0.239278,0.583253,13.0043,69.9271,42.2396,43.3893,23.5072,686,729
SIRPG,other,0.476758,0.783769,34.6226,87.6157,60.1923,35.8133,22.5226,624,747
SIRT1,other,0.170427,0.666137,33.9993,335.163,118.743,244.059,90.1489,86,177
SIRT2,other,0.269196,0.498526,23.5415,115.469,66.2318,48.309,33.0282,552,534
SIRT3,other,0.24759,0.503711,11.7165,56.4447,39.674,30.179,19.0752,951,879
SIRT4,other,0.377116,0.581933,17.0718,55.9089,36.6546,20.0636,12.6452,1918,1706
SIRT5,other,0.332624,0.649857,25.3392,107.995,53.737,57.2793,23.7588,456,679
SIRT6,other,0.324333,0.59432,20.287,70.1463,55.7764,37.0029,20.6202,832,863
SIRT7,other,0.427822,0.51703,96.0046,266.388,189.035,49.3332,30.1867,512,695
SIT1,other,0.277749,0.492004,10.3074,52.314,26.3256,23.0663,11.3193,1468,1467
SIVA1,other,0.509056,0.682721,50.2066,125.45,77.5392,34.1529,18.3039,1135,1070
SIX1,other,0.11677,0.574639,7.70334,88.8597,48.9769,78.8863,30.9582,365,523
SIX2,other,0.381461,0.718357,22.1992,73.0133,46.3843,36.3967,20.3038,925,837
SIX3,other,0.340709,0.812004,24.4365,83.2867,61.7641,53.6637,31.1914,531,540
SIX4,other,0.0742613,0.431113,5.40398,108.277,48.9067,92.967,38.6435,219,437
SIX5,other,0.0858078,0.486879,8.11047,113.581,78.6563,97.764,61.1121,366,297
SIX6,other,0.102452,0.480685,5.14499,60.2168,41.8799,52.1629,27.6554,532,579
SKA1,other,0.0814832,0.55393,7.75921,104.029,87.1651,89.2451,73.8934,301,213
SKA2,other,0.354417,0.752572,30.2163,80.0717,90.7765,51.2429,34.8576,722,547
SKA3,other,0.249063,0.905557,45.0976,161.626,202.851,124.746,135.602,199,136
SKAP1,other,0.116951,0.714329,8.5678,94.2685,56.9332,75.1281,49.4172,385,337
SKAP2,other,0.359193,0.642134,48.1952,154.884,116.238,83.2551,37.5931,318,443
SKI,other,0.374867,0.718376,17.851,62.3954,36.3429,31.3203,16.4724,1091,1144
SKIC2,other,0.185725,,84.408,426.45,484.35,430.377,331.897,49,48
SKIC3,other,0.324303,0.612129,26.7783,90.4246,75.401,42.3774,35.5708,822,663
SKIC8,other,0.335235,0.679553,203.85,404.873,913.275,228.74,402.379,101,48
SKIL,other,0.288301,0.67012,18.4128,82.6358,49.3605,53.9174,23.0714,608,824
SKOR1,other,0.126576,1.05322,8.50786,81.6689,55.3196,76.4732,42.7604,394,425
SKOR2,other,0.308394,0.645074,15.9259,64.4239,41.3952,34.8039,20.8172,1086,951
SKP2,other,0.267978,0.769218,15.5609,62.9418,53.5714,48.0371,26.1147,576,588
SLA,other,0.315577,0.491054,20.2348,85.7568,47.9422,30.2566,17.3476,1003,995
SLA2,other,0.227052,0.570477,12.2862,73.674,39.744,46.9271,22.4025,533,702
SLAIN1,other,0.238438,0.488485,12.3194,62.8085,42.5019,36.5413,18.2881,731,821
SLAIN2,other,0.216797,0.518214,11.641,70.7224,40.7678,44.439,21.5686,579,741
SLAMF1,other,0.0940364,,6.57065,82.2353,59.3698,86.8418,43.2961,313,409
SLAMF6,other,0.237183,0.502364,14.3243,75.2003,48.502,41.9057,24.0825,869,702
SLAMF7,other,0.323937,0.529953,34.5467,165.812,68.5924,50.0596,31.8805,848,592
SLAMF8,other,0.125795,0.481264,5.51891,62.9587,30.572,46.3112,22.6726,567,730
SLC10A1,other,0.155782,0.843917,11.4726,86.8153,62.4734,78.6118,39.9454,403,459
SLC10A3,other,0.0747968,0.26361,4.05438,82.5623,35.5878,59.6948,25.2433,458,577
SLC10A7,other,0.126432,0.428262,18.5593,208.003,103.595,122.462,81.6406,198,181
SLC11A1,other,0.281753,0.645219,18.1029,75.8733,54.4086,39.9933,32.4691,657,512
SLC11A2,other,0.174411,0.408104,24.3687,155.49,125.549,92.0352,69.3593,299,271
SLC12A2,other,0.421669,0.706143,28.9392,73.0601,64.4689,37.3102,17.4889,878,1072
SLC12A4,other,0.193655,0.561117,12.2253,83.1569,47.9247,55.8911,30.515,588,565
SLC12A6,other,0.319571,0.662365,12.5258,44.9507,34.1774,24.8006,16.4297,1309,1184
SLC12A7,other,0.141747,1.10609,10.3767,77.9483,68.7523,73.036,50.8357,386,326
SLC12A9,other,0.377356,0.598919,29.2504,87.3228,68.8071,35.4583,22.8177,754,808
SLC14A1,other,0.253648,0.811801,16.9045,81.607,54.4274,57.393,36.5197,511,448
SLC15A2,other,0.250814,0.655667,12.3667,61.5721,39.4842,39.1674,23.6059,716,709
SLC15A3,other,0.26923,0.885129,22.2685,86.3023,79.2703,67.2558,46.0386,423,398
SLC15A4,other,0.222327,0.827853,22.9318,128.44,82.8304,98.2523,57.4123,258,270
SLC16A1,other,0.0486749,0.129657,5.53225,125.123,103.241,84.7426,58.1559,286,314
SLC16A10,other,0.144176,0.708071,12.3799,119.465,61.7176,80.7854,53.8144,313,282
SLC16A13,other,0.181143,0.85199,12.7832,90.4085,55.0841,75.2099,40.2723,355,371
SLC16A3,other,0.164868,1.03275,19.5808,137.979,102.228,126.738,70.2505,244,231
SLC16A5,other,0.304159,0.779679,23.6397,92.9157,65.0122,58.9686,37.9321,452,448
SLC16A6,other,0.16013,0.552226,7.24682,54.3007,37.7175,42.9166,22.5902,703,748
SLC16A7,other,0.190002,1.06945,9.51121,55.3816,45.2472,48.7107,33.3903,589,576
SLC17A1,other,0.254192,0.617139,11.8653,53.3045,40.8763,31.7448,23.7308,780,691
SLC17A3,other,0.394764,0.711458,52.8069,140.033,127.784,70.2799,48.8031,505,438
SLC17A5,other,0.0867008,0.172005,8.89236,174.09,60.4247,65.726,35.7605,433,431
SLC17A9,other,0.259954,0.73459,19.4027,83.4959,66.7214,60.4649,36.4299,508,445
SLC18A2,other,0.130493,0.602419,9.74602,91.409,61.0222,69.6671,48.9841,331,334
SLC18B1,other,0.138602,0.313385,13.4284,142.578,65.835,90.9021,30.3042,392,497
SLC19A1,other,0.170183,0.502957,6.3248,44.2804,31.1923,31.9083,18.4107,1055,897
SLC19A2,other,0.574281,0.801879,64.4832,148.147,85.1044,44.2542,22.8615,945,1030
SLC1A2,other,0.245882,0.624871,12.6691,55.6315,47.7216,38.7645,23.3508,719,694
SLC1A4,other,0.112689,,7.37582,64.858,66.0533,67.6057,45.6926,408,400
SLC1A5,other,0.36297,0.585498,19.5605,62.0511,46.8024,28.3582,13.6763,1279,1306
SLC1A6,other,0.505549,0.734882,34.9654,78.2518,61.1304,25.8928,17.8938,1309,1234
SLC20A1,other,0.220671,0.514964,17.9324,109.766,60.1616,67.4678,31.4935,596,459
SLC22A15,other,0.164547,0.500258,9.1521,76.7356,40.3149,54.4182,25.3178,594,644
SLC22A17,other,0.0583803,0.34983,4.20814,100.04,51.937,86.3253,41.386,336,371
SLC22A18,other,0.375126,0.584282,38.6966,106.981,99.468,49.0561,23.744,786,812
SLC22A23,other,0.147331,0.688628,9.99213,76.8826,59.8273,63.3584,44.2593,384,368
SLC22A3,other,0.181601,0.46072,7.31354,52.0037,31.1878,31.8546,18.6817,919,894
SLC22A5,other,0.156401,1.453,18.2266,155.241,87.4825,147.252,67.7875,185,226
SLC23A1,other,0.157893,1.36316,25.0879,230.795,109.389,220.448,76.6546,114,184
SLC23A2,other,0.160739,2.79838,31.327,275.001,138.121,264.686,125.971,98,135
SLC23A3,other,0.104899,0.360932,3.82181,50.8253,26.1166,36.4446,18.3199,929,882
SLC24A1,other,0.539174,0.73059,83.642,178.403,134.893,50.5191,32.4021,658,571
SLC25A1,other,0.318576,0.681959,28.0072,81.3658,94.9888,51.0469,39.3589,659,521
SLC25A10,other,0.172228,0.618384,27.7516,145.964,177.879,106.543,126.789,296,144
SLC25A11,other,0.490039,0.688674,24.6802,62.0205,40.898,17.4345,12.0927,1350,1432
SLC25A12,other,0.152869,0.577082,7.29411,61.0012,37.3221,48.3451,24.6989,615,598
SLC25A14,other,0.253215,0.602604,10.0982,46.6256,34.1104,28.4382,18.6701,1052,970
SLC25A15,other,0.212293,0.741246,16.9423,101.155,62.9631,76.9716,41.3603,398,370
SLC25A16,other,0.280114,0.565361,22.602,92.6063,70.3045,53.5565,29.3762,642,701
SLC25A17,other,0.196629,1.51749,12.2364,69.0771,56.0631,65.4611,38.0818,495,446
SLC25A19,other,0.255579,0.91788,13.2943,65.7098,41.1769,52.8699,24.8389,665,718
SLC25A20,other,0.241975,0.809344,11.3193,57.723,37.9095,43.354,24.2967,694,743
SLC25A22,other,0.209368,1.08189,45.5318,250.942,188.466,186.236,161.094,161,109
SLC25A23,other,0.171899,0.539142,8.05387,54.8565,40.0162,39.2713,25.6978,807,666
SLC25A24,other,0.340072,0.710032,22.9394,81.8389,55.5982,46.4663,26.0901,722,758
SLC25A25,other,0.107704,3.20407,12.9651,132.082,109.709,128.995,104.405,192,151
SLC25A26,other,0.133279,0.475873,7.93445,58.5575,60.5238,43.0181,42.6334,596,424
SLC25A27,other,0.398251,0.489472,67.5172,184.126,156.099,43.7298,20.5747,961,989
SLC25A28,other,0.25402,0.591129,36.879,148.532,141.906,93.6711,70.9598,292,272
SLC25A29,other,0.37748,0.707419,20.2546,70.736,40.7022,36.593,16.6922,996,1180
SLC25A3,other,0.39074,0.662769,32.681,103.401,67.6534,50.3542,21.8175,452,783
SLC25A30,other,0.122808,0.623606,11.0316,109.342,73.7961,97.2721,47.8692,342,317
SLC25A32,other,0.289208,0.707405,44.9465,145.103,166.453,95.5177,85.0388,312,240
SLC25A33,other,0.323945,0.585506,11.9586,44.3232,30.7462,22.8135,11.3522,1722,1650
SLC25A34,other,0.159017,0.520199,6.82156,55.1986,33.3389,41.3342,20.9359,830,792
SLC25A35,other,0.253575,0.923161,15.458,76.2721,48.7225,58.5875,32.8677,425,502
SLC25A36,other,0.07084,,7.41129,121.103,90.3804,128.993,76.0051,207,224
SLC25A37,other,0.424162,0.602361,44.6728,114.974,96.4771,39.4761,23.6253,776,791
SLC25A38,other,0.0935639,0.437042,9.62138,137.524,76.892,125.199,37.5677,194,457
SLC25A39,other,0.175983,0.594873,12.532,74.8336,67.7648,59.8167,38.2109,450,457
SLC25A4,other,0.394139,0.625773,33.6098,115.312,63.0605,38.9766,25.271,945,698
SLC25A40,other,0.260436,0.574644,18.2613,82.4893,59.6023,47.9772,30.3411,645,499
SLC25A42,other,0.403972,0.751135,31.3202,83.2507,72.2033,42.585,29.4487,662,651
SLC25A43,other,0.11023,0.791013,5.35282,61.255,38.4965,54.1268,32.0723,553,533
SLC25A44,other,0.229057,0.528552,10.1566,58.5007,33.6088,35.3654,17.6482,832,896
SLC25A45,other,0.140691,4.64317,9.82577,86.0738,56.6667,85.6917,44.9479,334,373
SLC25A46,other,0.134697,0.802493,7.51613,63.9666,48.6766,57.2823,35.5531,527,474
SLC25A5,other,0.182746,0.882882,9.20026,72.6447,34.8901,62.6171,24.0609,511,706
SLC25A51,other,0.153464,0.325406,11.0546,96.7144,53.6514,51.0224,28.3937,680,626
SLC25A53,other,0.353642,0.617212,22.1724,79.2874,49.5786,38.8666,17.652,948,1019
SLC25A6,other,0.110094,0.3895,7.1568,85.2521,49.5687,69.4879,28.1521,377,574
SLC26A1,other,0.234573,0.498232,11.1043,51.6055,43.4243,29.8132,20.6304,939,815
SLC26A11,other,0.0954644,0.346032,5.73537,79.3486,45.4885,63.4784,28.178,397,613
SLC26A2,other,0.106994,1.7923,7.438,78.4375,61.612,77.3378,45.9512,431,375
SLC26A3,other,0.114673,0.408963,7.3472,76.7364,53.4961,61.6121,32.1558,510,550
SLC26A4,other,0.320884,0.604537,18.9366,78.618,44.2982,31.0274,23.6806,821,711
SLC26A5,other,0.130313,0.441926,9.41346,97.8954,53.3044,73.1245,34.9873,331,415
SLC26A6,other,0.285317,0.689555,12.9244,47.9896,42.7579,32.5562,19.9954,1022,1004
SLC27A1,other,0.183042,0.585242,9.02824,57.8615,42.0449,41.274,27.6982,723,640
SLC27A2,other,0.384602,0.788922,31.4273,101.256,65.9435,56.0895,30.8092,531,592
SLC27A3,other,0.215001,0.434676,12.1629,87.7593,36.4668,38.4417,20.591,682,800
SLC27A4,other,0.297777,0.650847,20.6807,91.4985,52.715,52.1016,27.0874,473,603
SLC27A5,other,0.214194,0.587577,10.1734,58.3628,38.6527,41.0927,21.2945,860,799
SLC29A1,other,0.332786,0.616751,22.0732,86.1881,51.0452,44.47,20.3417,629,813
SLC29A2,other,0.192386,0.750786,9.21322,56.7399,40.4194,43.8271,28.7575,636,571
SLC29A3,other,0.319003,0.778971,27.3299,103.658,70.8082,71.1838,32.9033,421,563
SLC2A1,other,0.404587,0.672542,21.9846,68.4846,43.1143,29.8629,15.447,906,1015
SLC2A11,other,0.348141,0.871267,35.4036,97.0061,106.607,72.9279,38.0316,354,459
SLC2A13,other,0.17084,0.637686,11.7205,89.9446,52.3287,63.8272,39.3941,398,404
SLC2A14,other,0.298435,0.585739,14.475,68.2797,34.4547,31.7751,17.7252,994,917
SLC2A3,other,0.518961,0.627162,31.914,59.4546,63.6073,13.3568,7.43508,2627,2741
SLC2A4RG,other,0.223702,0.652738,9.37899,48.3996,36.3188,35.6422,20.1353,836,896
SLC2A6,other,0.409471,0.647814,22.8948,61.1319,51.1397,26.0193,15.5676,1230,1251
SLC2A8,other,0.240335,0.779148,22.3589,115.749,74.7739,84.9691,48.02,291,362
SLC30A1,other,0.422033,0.755365,25.5163,74.563,49.0249,36.3791,19.1408,792,846
SLC30A4,other,0.113797,0.664536,9.57975,89.4487,79.2267,81.5123,53.0421,374,329
SLC30A5,other,0.289734,0.745957,13.108,53.8904,37.981,35.6855,21.0196,821,818
SLC30A6,other,0.350301,0.63374,23.063,82.9224,52.273,37.3767,23.1952,593,818
SLC30A7,other,0.144659,0.963208,6.89205,50.3169,45.1121,46.8667,30.273,645,621
SLC30A9,other,0.300144,0.652143,17.1294,63.9386,50.9402,41.1978,20.602,684,829
SLC31A1,other,0.219436,0.492389,41.5813,212.431,169.029,112.115,97.9388,273,191
SLC31A2,other,0.53556,0.624558,38.77,73.4995,71.3004,12.2142,8.42364,2002,2160
SLC33A1,other,0.198523,0.933025,22.8336,136.811,96.6956,115.73,68.2857,233,233
SLC35A1,other,0.151132,0.536569,16.3857,113.501,103.566,89.2513,65.1089,312,257
SLC35A2,other,0.218773,0.787421,17.2859,112.919,55.288,83.3875,38.9692,260,388
SLC35A3,other,0.143998,0.514689,9.24277,79.8459,51.5984,58.5837,36.4312,489,497
SLC35A4,other,0.330449,0.516577,14.0796,53.5166,33.9218,20.8277,11.1967,1648,1717
SLC35A5,other,0.266645,0.919041,18.9098,87.3655,57.5663,66.6891,37.0909,517,509
SLC35B1,other,0.0855398,0.252509,28.4843,384.18,288.63,198.825,219.978,126,92
SLC35B2,other,0.217073,0.694694,12.4386,76.5731,42.8799,57.7924,25.8095,570,668
SLC35B3,other,0.217497,0.636436,11.8703,71.0373,41.9307,52.7219,22.9374,569,668
SLC35B4,other,0.350849,0.711376,35.5372,129.542,79.1984,70.6097,36.8522,368,459
SLC35C1,other,0.326437,0.507793,50.3517,158.345,150.254,72.7762,35.3484,333,426
SLC35C2,other,0.260869,0.632659,22.9366,154.796,49.941,72.4129,33.9864,272,454
SLC35D1,other,0.276207,0.936425,15.8092,66.5211,49.248,52.3835,29.0878,514,641
SLC35D2,other,0.166817,0.867811,10.1593,82.5744,44.9158,72.4546,31.3732,332,472
SLC35E1,other,0.198325,0.589053,15.7059,86.7768,72.272,58.8947,46.7748,399,363
SLC35E2A,other,0.218216,0.681439,17.1635,89.6247,69.0256,69.7568,37.0952,523,517
SLC35E2B,other,0.157645,0.711546,11.9314,85.3168,67.1408,66.9815,51.8057,521,358
SLC35E3,other,0.313575,0.764661,19.6058,70.016,55.8328,47.2357,26.9745,612,683
SLC35E4,other,0.199605,0.915703,11.8811,75.3643,47.0114,63.4934,32.8301,471,527
SLC35F2,other,0.175972,0.671435,9.42887,63.9749,44.8771,51.1165,29.5406,647,614
SLC35F5,other,0.135906,0.613632,11.7398,111.224,67.0877,87.1607,51.8768,317,326
SLC35F6,other,0.389692,0.770616,19.8492,63.5646,40.8158,31.1859,20.3253,830,799
SLC35G1,other,0.341688,0.576327,15.3528,54.8042,36.8384,24.0044,13.7981,1342,1348
SLC36A1,other,0.125463,0.609389,7.85213,75.379,51.9632,60.7273,40.6314,543,481
SLC36A4,other,0.242893,0.590133,11.9042,58.4661,41.0831,37.9327,21.2661,729,828
SLC37A1,other,0.283808,0.664802,14.5116,56.6567,46.1454,31.7546,27.0113,938,720
SLC37A3,other,0.0858693,0.612425,11.395,148.501,118.583,130.292,99.5708,210,197
SLC37A4,other,0.109662,1.40739,6.56486,83.2982,43.023,80.8466,34.1481,404,480
SLC38A1,other,0.135229,0.637267,9.98461,97.8064,55.7382,81.882,40.3228,337,394
SLC38A10,other,0.47916,0.660585,33.8348,78.4617,63.5489,24.0771,15.3104,1040,1092
SLC38A2,other,0.52141,0.595052,58.007,122.912,100.695,19.0522,9.1988,2079,2022
SLC38A5,other,0.266614,0.62339,13.1417,57.8705,41.9839,36.1708,21.5038,744,841
SLC38A6,other,0.115827,,74.2583,644.171,638.076,604.13,703.683,38,22
SLC38A7,other,0.334427,0.613148,7.01915,28.7764,15.3084,13.3767,6.79853,2247,2386
SLC38A9,other,0.228247,0.826781,12.0125,64.4305,42.9898,49.2989,29.0389,596,618
SLC39A10,other,0.154898,0.467291,8.46608,69.4901,42.9882,46.416,28.7628,572,557
SLC39A11,other,0.196867,0.743992,10.9184,67.1318,45.8186,53.6265,29.8717,564,520
SLC39A13,other,0.11712,5.70408,12.7991,139.439,85.647,139.111,70.3008,189,235
SLC39A14,other,0.157749,0.424344,8.17601,62.5061,42.9762,42.6111,24.3166,635,692
SLC39A3,other,0.101163,2.04893,6.33454,74.5069,52.6249,73.5414,42.7256,454,384
SLC39A4,other,0.403818,0.623151,21.2367,59.2944,46.6434,24.8023,12.9714,1037,1305
SLC39A6,other,0.48013,0.628542,44.3208,135.43,62.9187,30.683,15.4506,1304,1264
SLC39A7,other,0.169918,0.801862,24.2013,171.512,118.279,138.055,91.0522,197,187
SLC39A8,other,0.311788,0.616793,21.6865,76.4305,63.2987,41.8959,27.5017,735,649
SLC39A9,other,0.510912,0.773322,82.9674,165.954,158.904,67.2194,42.3234,372,411
SLC3A1,other,0.167602,0.879606,8.28934,60.8921,40.1718,53.8428,27.5733,521,567
SLC3A2,other,0.451763,0.589263,41.721,117.461,72.6093,29.1723,15.8309,1243,1336
SLC40A1,other,0.352666,0.795897,17.0824,55.8301,42.0246,34.2065,20.7208,892,873
SLC41A1,other,0.263824,0.516079,23.3257,103.904,75.2323,62.158,26.2978,437,659
SLC41A2,other,0.248942,0.766759,15.7616,78.9394,50.7824,52.749,34.6484,477,513
SLC41A3,other,0.403897,0.700084,26.43,63.5537,67.377,37.4043,12.8726,809,1377
SLC43A1,other,0.016977,0.0721119,1.4015,111.273,61.2456,83.3912,47.6982,465,358
SLC43A2,other,0.228229,0.504467,14.5362,79.0018,51.3478,41.0848,29.4501,654,583
SLC43A3,other,0.336507,0.722515,17.479,60.5483,44.56,36.0727,20.6485,919,857
SLC44A2,other,0.306955,0.63113,24.737,84.218,77.1151,48.1784,34.4891,725,609
SLC44A3,other,0.182279,1.76746,23.498,145.7,114.059,139.17,86.9908,208,211
SLC44A4,other,0.27198,0.870728,18.7896,80.5435,59.2561,59.5413,37.084,418,472
SLC44A5,other,0.083883,0.547193,5.13051,71.5057,52.3158,64.9234,38.9601,427,428
SLC45A4,other,0.482554,0.757695,28.7422,76.2027,46.5561,29.6241,15.6629,1067,1137
SLC46A3,other,0.269858,0.612499,16.2043,65.3352,55.1877,42.4342,24.6247,683,709
SLC48A1,other,0.32893,0.658167,16.1347,58.4482,41.1667,31.1499,19.1518,943,901
SLC49A4,other,0.239704,0.754138,23.5979,138.184,70.1358,96.967,46.3801,269,374
SLC4A10,other,0.200648,0.773181,19.5871,144.436,65.9769,108.271,48.2312,215,312
SLC4A1AP,other,0.313868,0.571482,18.1872,72.4731,46.3298,37.3372,17.5044,952,997
SLC4A2,other,0.163081,0.794808,9.12274,75.1635,41.6331,63.9055,29.9311,554,533
SLC4A4,other,0.246936,0.58624,13.1535,64.2387,44.1688,38.4292,24.6636,843,751
SLC4A5,other,0.382044,0.728208,23.768,75.9232,50.9784,40.3595,21.0235,915,933
SLC4A7,other,0.470574,0.55384,65.0831,155.372,123.114,27.2435,15.3377,1600,1347
SLC4A8,other,0.220752,0.68514,22.4981,110.631,93.8874,81.1772,57.2781,348,302
SLC50A1,other,0.504642,0.732666,37.4481,84.3643,65.2732,30.7751,16.5238,1350,1232
SLC51A,other,0.247761,0.545925,20.7961,84.7321,83.1472,51.6684,39.2592,676,438
SLC52A2,other,0.437116,0.690158,23.8107,61.0992,48.5641,25.9258,14.7239,1114,1133
SLC5A10,other,0.313421,0.475738,27.9294,143.712,55.2553,29.6368,25.0422,1022,752
SLC5A2,other,0.370197,0.657181,18.4649,63.9864,38.881,24.7518,18.7599,1074,996
SLC5A3,other,0.189403,0.688924,26.1822,132.971,143.708,102.846,95.7624,329,203
SLC5A5,other,0.411275,0.683489,29.0326,105.868,47.07,34.121,21.9217,714,850
SLC5A6,other,0.303055,0.480778,36.5161,174.903,83.0099,48.1329,37.5045,543,481
SLC66A1,other,0.223074,0.687048,11.8353,68.6723,40.9902,51.1328,24.0715,614,685
SLC66A2,other,0.330248,0.620182,13.3022,44.3709,36.5654,22.2227,15.7937,1210,1119
SLC66A3,other,0.181254,0.477891,9.38921,59.5443,45.0655,40.7785,24.4956,814,754
SLC6A1,other,0.138573,0.50386,6.93751,64.3452,38.9526,51.8324,23.8018,655,695
SLC6A16,other,0.14888,1.1969,8.63643,66.3807,50.694,61.3122,40.4214,494,445
SLC6A6,other,0.420992,0.60622,29.8635,78.8513,63.8153,29.352,14.79,1196,1238
SLC6A8,other,0.557589,0.692635,97.436,195.517,156.181,43.5441,25.9646,1118,1092
SLC6A9,other,0.102375,0.912984,4.76349,54.5751,39.6703,51.4195,31.0437,550,526
SLC7A1,other,0.0448923,0.151248,10.3813,693.023,77.1634,477.711,55.2829,33,270
SLC7A11,other,0.156991,1.07265,42.6287,331.298,222.555,245.292,204.191,115,70
SLC7A5,other,0.293544,0.541192,17.5784,81.8869,43.7924,34.8211,21.3768,801,793
SLC7A6,other,0.0718765,0.331144,10.5599,222.571,96.9794,168.95,78.0146,124,235
SLC7A6OS,other,0.0824697,,54.9767,1023.12,434.352,1160.05,414.629,16,45
SLC7A7,other,0.38136,0.605747,22.6381,63.6338,55.3759,27.6209,16.5932,884,988
SLC7A8,other,0.245699,0.48816,9.69583,47.4512,32.8182,26.5519,13.942,1019,1105
SLC8B1,other,0.177039,0.580484,7.03746,48.8078,32.3747,36.4134,20.5163,934,815
SLC9A1,other,0.165548,0.606205,18.5085,116.749,107.064,93.5232,66.9275,316,316
SLC9A5,other,0.343555,0.66081,41.4176,122.024,119.106,62.9035,52.658,559,424
SLC9A6,other,0.349174,0.655988,26.0933,75.5836,73.8832,41.91,26.8965,640,762
SLC9A7,other,0.31348,0.687888,14.1077,55.0669,36.779,29.7661,20.1549,833,833
SLC9A8,other,0.0955838,0.444566,5.74712,68.5604,52.7301,58.6131,35.9295,534,455
SLC9A9,other,0.261388,0.714655,14.6876,72.8846,43.321,50.6204,24.3493,719,688
SLC9B1,other,0.129085,0.72938,10.4474,104.672,62.5806,90.163,48.4395,291,302
SLC9B2,other,0.256673,0.70199,27.2777,135.685,83.2382,87.9783,51.5881,278,328
SLCO3A1,other,0.201476,0.70252,10.4307,57.2143,46.8458,46.7735,25.7316,611,714
SLCO4A1,other,0.166237,0.752784,59.4165,735.813,173.617,518.533,144.945,30,89
SLCO4C1,other,0.038321,0.321238,1.83847,66.2056,34.7652,59.0368,30.1964,509,506
SLF1,other,0.12336,0.695362,12.7201,112.201,94.7612,93.916,76.4607,297,218
SLFN11,other,0.366344,0.659,24.2464,82.6826,52.9787,34.419,24.9307,663,731
SLFN12,other,0.0744939,0.55838,5.99515,88.0313,73.5735,84.0984,44.2632,303,390
SLFN12L,other,0.437563,0.630094,24.1862,67.7237,45.1142,23.2457,11.9875,1277,1395
SLFN13,other,0.349304,0.767223,19.7908,70.261,45.6882,39.6026,23.9845,801,787
SLFN14,other,0.280462,0.747236,13.1423,53.3478,41.1599,38.3638,20.5158,848,776
SLFN5,other,0.137756,0.419193,8.45397,85.6376,43.9781,58.1304,29.1923,479,563
SLFNL1,other,0.136816,1.38674,8.89786,85.8837,49.2478,81.9235,38.852,452,424
SLIT3,other,0.241943,0.942875,14.6294,79.6298,45.9149,60.8524,33.0942,566,521
SLK,other,0.212983,0.796383,38.0116,195.36,163.044,137.234,123.85,200,146
SLMAP,other,0.151342,0.3776,10.6734,87.5912,56.7834,50.5035,35.2403,537,509
SLPI,other,0.0613301,,12.847,244.116,179.747,251.293,180.5,84,81
SLTM,other,0.339623,0.566359,63.1054,208.158,165.862,108.994,40.6642,378,563
SLU7,other,0.0306778,,22.5053,979.035,549.697,1123.37,570.55,16,22
SLX1A,other,0.0586079,0.586781,7.1546,154.087,96.7145,139.719,86.3672,194,181
SLX1B,other,0.193662,0.81745,11.2184,70.6357,47.5061,58.1086,32.4715,512,488
SLX4,other,0.150301,,40.847,300.438,245.832,313.803,183.847,57,82
SLX4IP,other,0.238878,0.723786,14.7459,72.5637,52.5136,52.3715,31.9575,516,495
SLX9,other,0.155803,0.94289,10.5122,90.5644,50.2664,74.6188,42.4713,391,440
SMAD1,other,0.312495,0.607994,15.876,69.8381,36.9574,32.6905,18.6025,941,935
SMAD2,other,0.186582,0.543237,8.27235,55.7313,35.2711,37.4284,22.6016,689,787
SMAD3,other,0.602548,0.637064,245.658,495.373,335.543,31.6219,14.9072,1804,1511
SMAD4,other,0.315366,0.794084,23.3605,98.4197,55.7509,60.0723,33.1829,532,540
SMAD5,other,0.243791,0.813349,13.0682,59.7525,48.0884,46.673,28.351,567,589
SMAD7,other,0.543558,0.822801,26.7098,52.8488,45.6894,20.6779,12.9335,1322,1415
SMAD9,other,0.527966,0.723926,48.3993,99.6044,84.37,29.3227,20.7712,1346,1113
SMAGP,other,0.382411,0.61322,26.4278,86.7457,55.0569,30.7482,21.8889,977,843
SMAP1,other,0.290673,0.697924,12.78,50.5541,38.2381,31.8329,20.3274,999,867
SMAP2,other,0.272788,0.497834,14.4849,60.9824,46.2359,25.1501,22.6099,1005,777
SMARCA1,other,0.185092,0.886376,11.3514,64.7234,58.1117,56.1282,39.0304,509,456
SMARCA2,other,0.264194,0.513525,18.6781,87.9329,56.842,44.4305,26.4311,771,700
SMARCA4,other,0.326673,1.01043,63.9643,254.001,150.943,202.445,73.2153,116,213
SMARCAD1,other,0.158074,0.791057,12.9328,97.6361,68.5565,85.5543,46.4339,372,385
SMARCAL1,other,0.101442,0.565714,13.2195,138.549,122.571,115.868,98.4947,226,160
SMARCB1,other,0.527037,0.738769,175.311,456.624,242.314,68.977,97.0473,278,178
SMARCC1,other,0.323861,0.706944,53.3287,171.364,158.229,99.6965,78.8267,265,195
SMARCD1,other,0.256371,0.785022,37.0272,184.4,113.12,110.259,83.1138,259,214
SMARCD2,other,0.296808,0.708814,25.0108,112.931,62.8764,62.3161,38.278,458,443
SMARCD3,other,0.136696,,148.583,942.494,1253.57,996.245,1285.52,19,11
SMARCE1,other,0.56443,0.778265,373.572,730.681,599.514,179.204,181.717,149,106
SMC1A,cohesin/condensin (SMC),0.32236,0.730473,80.8824,294.457,213.799,95.278,152.245,168,123
SMC3,cohesin/condensin (SMC),0.0666898,,70.0328,1300.91,847.691,1555.56,901.226,11,14
SMCHD1,cohesin/condensin (SMC),0.247351,0.59773,20.2742,103.824,64.7085,66.444,33.9306,399,497
SMCO4,cohesin/condensin (SMC),0.0885481,0.400465,5.53834,71.8392,54.4551,58.141,40.4926,523,418
SMCR8,cohesin/condensin (SMC),0.272389,0.662698,15.5479,61.5473,52.9363,38.3343,29.2238,737,558
SMDT1,other,0.131021,1.41389,10.8612,122.143,56.2608,114.462,48.5789,202,318
SMG1,other,0.361215,0.710702,36.2023,120.901,83.0826,59.201,41.0283,484,412
SMG5,other,0.289088,1.36138,126.789,490.014,392.547,324.885,340.02,57,41
SMG6,other,0.171376,1.10645,22.632,147.055,118.594,125.943,98.7759,180,161
SMG7,other,0.357393,0.746221,75.1542,273.429,161.722,118.688,96.1732,206,176
SMG8,other,0.445176,0.668957,29.3898,75.7121,57.5659,27.1284,17.8371,932,996
SMG9,other,0.474631,0.790581,46.2646,103.733,91.5941,50.8012,26.8965,617,610
SMIM1,other,0.414937,0.702278,24.5572,84.9898,41.2122,32.3051,18.0034,833,959
SMIM10L1,other,0.178933,0.623457,7.37177,48.8939,34.7141,38.4754,21.2949,834,830
SMIM11,other,0.520801,0.598939,68.0998,156.137,109.507,25.0901,10.8563,2127,1978
SMIM12,other,0.303242,0.687473,14.0658,48.7894,44.0988,31.4288,19.9856,931,862
SMIM13,other,0.17322,0.509079,6.56124,43.9001,32.6822,32.6473,17.9202,1089,1019
SMIM14,other,0.182603,0.598278,11.1652,70.8018,52.8048,52.8285,33.4271,631,565
SMIM15,other,0.436322,0.628397,35.1645,95.5128,68.0036,30.1497,20.0956,1046,924
SMIM19,other,0.516507,0.722875,33.7406,79.2982,53.8131,21.3097,16.2436,1122,1079
SMIM20,other,0.206694,0.534396,8.05517,41.9817,36.1771,27.5101,20.4769,1066,804
SMIM22,other,0.131491,0.760583,9.5713,81.5646,64.9605,73.5513,45.1982,361,371
SMIM24,other,0.662624,0.760199,107.571,151.827,173.584,28.4722,11.2604,1769,2088
SMIM29,other,0.416371,0.689616,27.4009,73.3651,59.0309,33.9137,19.0131,1175,1151
SMIM3,other,0.189702,0.588298,22.1859,126.363,108.241,80.961,76.9163,369,291
SMIM5,other,0.197974,0.788573,11.3733,66.8832,49.3444,53.7797,33.4699,565,503
SMIM7,other,0.124289,0.429,36.2829,306.857,277.718,271.738,74.0412,85,298
SMKR1,other,0.15275,0.962718,9.93529,83.1187,50.8977,74.0406,39.1658,438,417
SMNDC1,other,0.145927,1.21181,28.4339,262.781,144.48,207.329,134.552,109,121
SMOX,other,0.104728,0.510669,6.18617,69.3217,50.3329,59.3039,35.6845,489,468
SMPD1,other,0.37196,0.621639,39.3918,108.433,103.432,54.5584,28.899,538,646
SMPD2,other,0.0434348,0.146053,2.17294,63.1265,39.6468,40.8369,29.7162,847,568
SMPD3,other,0.159536,0.5779,7.59512,55.5245,40.8197,44.9439,24.4946,762,721
SMPD4,other,0.447066,0.667747,50.0244,126.761,98.7726,49.7891,25.8589,508,708
SMR3B,other,0.631472,0.671635,115.341,204.315,163.29,17.4722,5.44696,3842,4380
SMS,other,0.236807,0.727992,21.6537,112.644,74.2278,75.2863,50.5451,312,329
SMTN,other,0.254808,0.551311,13.2046,72.3257,37.1307,40.8744,18.8908,675,927
SMTNL1,other,0.231705,0.4934,10.1119,66.3548,28.7026,30.6292,16.9459,1039,992
SMUG1,other,0.419555,0.703686,24.7257,72.0762,48.1869,29.0051,19.5217,1133,961
SMURF1,other,0.19125,0.538325,12.2738,78.8107,52.2595,54.1724,31.1608,663,586
SMURF2,other,0.128514,0.818721,6.98478,63.2734,46.686,58.4875,31.4781,510,490
SMYD3,other,0.200933,0.722879,11.1901,71.3712,43.4551,54.9775,28.8381,587,578
SMYD5,other,0.266747,0.738706,14.363,68.3112,42.4423,43.31,27.3211,713,637
SNAI1,other,0.456224,0.630965,61.1453,170.48,105.365,47.4758,29.0175,772,805
SNAI2,other,0.16877,0.779684,13.1066,86.8534,69.4386,78.0702,37.2658,343,534
SNAI3,other,0.246307,0.73841,28.864,163.644,83.9193,111.04,54.8722,280,266
SNAP23,other,0.200908,0.789172,20.5244,112.254,92.9696,95.4205,52.7894,348,323
SNAP25,other,0.290049,0.66257,18.7558,83.2633,50.2197,44.2053,29.7035,845,618
SNAP29,other,0.123441,0.62586,18.7558,209.108,110.403,165.514,89.8022,176,176
SNAP47,other,0.290438,0.591348,22.3134,95.8014,61.61,44.8199,33.6825,497,524
SNAPC1,other,0.109921,,32.6632,437.285,201.925,395.576,204.013,69,89
SNAPC2,other,0.253599,1.17647,103.704,448.533,372.821,368.395,275.862,70,64
SNAPC3,other,0.106951,0.925177,53.434,639.195,390.507,515.618,363.514,38,44
SNAPC4,other,0.130535,0.865078,21.7816,150.371,185.167,120.308,164.079,230,98
SNAPC5,other,0.100381,0.501304,20.6812,425.701,99.7123,339.925,79.8703,71,224
SNAPIN,other,0.22288,0.56294,13.4357,77.5757,46.844,44.3307,29.7095,599,552
SNCA,other,0.0833343,0.296421,3.65017,57.1133,33.5925,44.2561,21.7985,772,753
SNED1,other,0.232897,0.842902,15.6527,92.7545,48.6985,73.604,30.6915,394,482
SNF8,other,0.0879529,,11.6737,198.755,88.6343,213.588,72.9291,107,220
SNHG32,other,0.37166,0.740747,23.9839,69.3504,60.0484,41.1225,22.9099,693,698
SNPH,other,0.484902,0.628375,37.3737,103.42,57.4404,23.7132,13.0594,1046,1595
SNRNP40,other,0.173403,,106.876,777.692,488.468,692.055,501.179,33,25
SNRNP48,other,0.235242,1.11341,70.0244,310.118,285.72,267.553,192.794,131,84
SNRPA,spliceosome (SF3/SNRP/PRPF),0.170359,0.944415,27.4857,229.06,113.641,196.775,87.4055,126,169
SNRPA1,spliceosome (SF3/SNRP/PRPF),0.2327,0.620646,20.5661,124.705,62.6369,76.6555,39.7845,378,383
SNRPB,spliceosome (SF3/SNRP/PRPF),0.269317,0.959568,45.8901,204.663,141.864,156.716,94.1637,142,180
SNRPB2,spliceosome (SF3/SNRP/PRPF),0.214791,0.579009,22.1118,131.569,80.5501,90.8526,44.7312,358,361
SNTA1,other,0.678629,0.733271,126.787,232.495,150.13,17.9869,10.7586,3285,2559
SNTB1,other,0.21416,0.607793,22.8684,127.697,89.2914,87.0436,54.4692,378,317
SNTB2,other,0.299787,0.625479,15.5521,68.1108,39.5129,40.7105,16.9497,833,1051
SNU13,other,0.210359,1.04921,32.478,170.123,140.118,145.405,101.352,184,179
SNUPN,other,0.140168,1.02227,62.1994,701.443,280.726,644.061,216.211,41,81
SNURF,other,0.149542,0.665685,7.91241,65.2295,42.919,54.7867,29.3901,573,569
SNX1,other,0.459744,0.658598,27.5024,89.8361,39.8343,24.3284,13.2143,1091,1355
SNX10,other,0.269847,0.524122,16.887,74.9038,52.2837,37.1042,24.8204,652,673
SNX11,other,0.295409,0.667711,24.3989,94.8759,71.9015,59.3655,34.2998,404,472
SNX12,other,0.246707,0.8886,20.6859,83.5751,84.1219,70.1394,43.7873,371,433
SNX13,other,0.249934,0.421626,19.2238,97.456,60.7044,39.4719,24.8522,799,750
SNX14,other,0.343334,0.687138,30.2027,104.466,74.0767,52.2755,37.0591,607,495
SNX16,other,0.159153,0.325201,9.22683,62.5206,53.7595,36.5535,22.7583,783,724
SNX17,other,0.155334,0.543525,7.29781,52.9911,41.6531,39.2627,28.5213,703,644
SNX18,other,0.208402,0.431542,11.4779,66.2479,45.7873,32.5342,24.8042,922,748
SNX19,other,0.240978,0.706097,11.4229,52.0662,43.1563,39.4227,22.4569,846,725
SNX2,other,0.123516,0.330303,9.78109,81.9907,76.4826,57.9921,39.943,490,487
SNX20,other,0.228682,0.711162,9.50734,51.1044,33.8218,37.2208,20.9488,733,823
SNX24,other,0.414592,0.78499,20.5482,61.0163,40.2588,32.9749,15.8233,980,1062
SNX25,other,0.0684089,0.30331,8.29136,206,71.3114,155.888,56.3993,164,257
SNX27,other,0.210915,1.1724,16.1837,89.3563,65.8889,78.7596,47.9073,368,368
SNX29,other,0.292828,0.638076,15.7853,58.6703,49.5292,35.6252,22.972,879,855
SNX3,other,0.221943,0.460399,12.318,64.0865,48.0651,39.259,19.233,671,924
SNX30,other,0.420988,0.710978,26.8342,87.2938,46.5431,38.5583,17.3137,837,1005
SNX33,other,0.284452,0.626129,22.166,88.4024,68.6901,54.6747,31.5314,646,628
SNX5,other,0.166952,0.53317,8.30706,59.2714,41.77,44.6392,25.1797,745,670
SNX6,other,0.315287,0.818699,19.9798,66.7664,60.1469,45.9834,31.4902,623,577
SNX8,other,0.226352,0.596336,12.7528,81.9783,38.7206,44.051,26.6626,538,575
SNX9,other,0.430779,0.677718,24.5342,77.9792,41.5965,24.4196,17.128,1170,1094
SOAT1,other,0.304322,0.605685,15.0833,55.024,44.6451,29.83,20.03,1169,975
SOAT2,other,0.201603,0.660017,9.11069,51.6244,39.5598,37.8058,25.7708,762,662
SOCS1,other,0.16237,0.866044,21.0809,169.389,99.5141,142.654,77.3517,173,197
SOCS2,other,0.114675,0.643975,8.26045,92.1634,56.3003,84.2827,35.4218,339,424
SOCS3,other,0.216259,1.01382,60.105,282.76,273.184,196.071,232.639,113,60
SOCS4,other,0.353095,0.834995,71.0278,222.29,182.035,125.895,106.97,215,161
SOCS7,other,0.273778,0.678995,24.8417,118.358,69.5613,71.9513,40.7179,503,481
SOD1,other,0.184568,1.10891,133.391,671.815,777.484,472.89,704.744,40,27
SOD2,other,0.221589,0.738168,20.6882,100.141,87.0437,68.4542,62.2546,361,267
SOHLH1,other,0.340025,0.968538,68.9894,292.346,140.814,179.608,95.8088,157,191
SOHLH2,other,0.165817,0.461722,10.4215,83.1385,47.5121,50.1935,32.0484,480,497
SON,other,0.236332,0.981849,136.055,553.946,598.294,309.779,519.653,52,32
SORBS2,other,0.280619,0.544141,10.7319,51.7562,28.2591,24.7335,13.8644,1182,1160
SORBS3,other,0.200685,0.594522,24.6116,138.346,108.714,96.4449,67.8139,325,305
SORCS3,other,0.205721,0.897382,12.9014,79.4939,49.4743,65.4663,34.7399,480,469
SORD,other,0.228654,0.691983,12.5644,65.0313,46.4302,45.7677,29.3161,662,666
SORL1,other,0.534543,0.684111,48.4656,111.943,73.4349,22.9236,17.0546,1488,1119
SOS1,other,0.377602,0.672536,18.6584,58.2073,41.9471,26.896,17.3652,976,958
SOS2,other,0.259719,0.646718,15.1485,64.4713,52.7676,39.6838,30.6326,728,587
SOWAHC,other,0.196459,1.22991,18.4919,111.859,79.2045,99.8071,60.4467,280,331
SOX1,other,0.491262,0.696759,36.3289,88.3552,61.8936,27.5441,17.1886,903,999
SOX10,other,0.261112,0.564867,19.5682,83.8643,66.9683,53.0776,27.9879,522,665
SOX11,other,0.163861,,11.9087,93.345,56.5831,93.9214,35.9956,307,482
SOX12,other,0.125982,0.785196,7.70202,67.5777,55.308,57.7519,45.5157,534,398
SOX13,other,0.16046,0.476417,8.23665,62.3674,42.2485,40.6849,28.4632,612,616
SOX14,other,0.293729,0.557517,17.0697,77.084,43.8118,32.5408,22.7667,832,843
SOX15,other,0.19013,0.545192,7.8165,55.5419,30.43,37.242,19.1975,1033,897
SOX17,other,0.273362,0.844859,18.2765,75.6329,59.1015,57.8611,32.7695,552,581
SOX18,other,0.101089,0.797666,6.67322,77.6375,56.1296,72.383,42.8097,379,400
SOX2,other,0.136883,8.223,10.5988,93.7619,63.9415,93.5951,53.9819,315,357
SOX21,other,0.220697,0.51897,8.3663,43.9588,32.6909,26.4195,17.8735,1040,1025
SOX3,other,0.0860342,0.378859,6.08745,85.5364,58.5299,72.5388,38.6666,439,412
SOX30,other,0.163287,0.730234,9.93683,76.9577,48.1214,65.9261,31.3361,504,542
SOX4,other,0.175737,0.518867,8.55596,54.9283,43.1534,39.1343,25.9373,694,679
SOX5,other,0.396073,0.761106,19.479,63.5013,38.0891,29.3538,18.9075,950,882
SOX6,other,0.283406,0.903124,19.263,87.0223,53.0883,62.4725,34.557,462,493
SOX7,other,0.162976,1.01897,11.4108,74.2953,65.9818,66.1025,50.6754,400,343
SOX8,other,0.124521,0.8198,12.099,97.6771,96.6538,85.1654,79.2451,357,240
SOX9,other,0.137637,0.637837,6.52584,54.643,41.1404,47.9655,25.4643,721,628
SP1,other,0.452355,0.824419,47.4371,116.657,94.2686,62.3854,33.2631,464,505
SP100,other,0.480647,0.612055,68.7882,141.064,145.197,36.6537,24.2204,751,844
SP110,other,0.0780667,0.514588,21.792,339.714,229.376,310.582,167.816,64,119
SP140,other,0.14738,0.44493,5.81194,49.5579,31.3801,36.1635,18.6411,847,817
SP140L,other,0.182739,0.365061,15.2115,166.31,41.6641,68.5741,23.8994,281,663
SP2,other,0.531653,0.822566,78.0375,138.551,155.504,51.4395,52.1825,720,439
SP3,other,0.36574,0.66628,29.3694,95.3865,67.602,51.9782,22.8405,566,781
SP4,other,0.385806,0.774575,26.3432,83.107,56.0997,41.0946,28.5681,618,542
SP5,other,0.2889,0.957408,49.1738,194.269,149.132,146.686,93.6919,147,162
SP6,other,0.249275,0.80295,15.5312,71.7252,54.1226,50.3886,36.5876,541,507
SP7,other,0.198587,0.672637,8.97778,57.9013,35.2978,43.0329,23.3162,722,738
SP8,other,0.218135,0.459633,14.8491,91.2498,50.7831,44.2359,28.5831,593,620
SP9,other,0.577745,0.695376,34.0966,70.6891,49.2716,11.568,8.60488,1908,2128
SPACA6,other,0.256953,0.675126,15.5116,72.6907,50.1334,44.6391,31.3148,714,677
SPACA9,other,0.133008,0.727103,6.97403,60.6066,45.3622,53.7793,31.8872,506,468
SPACDR,other,0.216293,0.551799,9.90127,52.9989,39.5394,38.4835,17.3578,759,1039
SPAG1,other,0.262826,0.623574,16.9949,72.2591,57.8637,45.469,30.1378,658,672
SPAG16,other,0.161068,0.631976,9.5828,67.5885,52.3716,53.7653,35.7384,481,467
SPAG4,other,0.473555,0.751038,24.1116,65.5327,39.5598,23.9857,14.752,918,1135
SPAG5,other,0.25224,0.799526,21.6868,94.8527,77.9313,70.0343,48.2864,375,344
SPAG7,other,0.603311,0.798674,63.0529,125.894,86.7606,34.9034,18.2633,1185,1261
SPAG9,other,0.195053,0.39321,8.65378,58.1647,33.8413,27.0798,18.2597,1005,937
SPARC,other,0.290578,0.814633,16.2414,63.8849,48.9014,44.7633,28.1141,744,690
SPARCL1,other,0.239381,0.652692,10.9005,56.4937,36.7039,38.7503,20.9844,746,799
SPART,other,0.230871,0.814811,13.0667,58.7691,54.5062,49.201,27.6284,609,729
SPAST,other,0.196393,0.637988,9.36328,63.7366,35.6625,47.6991,22.232,673,722
SPATA13,other,0.363735,0.678009,34.2235,129.093,68.5767,65.0146,28.8147,573,734
SPATA2,other,0.313507,0.474049,17.7868,55.1878,58.3255,24.3839,12.6225,1456,1384
SPATA24,other,0.107553,0.512597,8.93283,101.181,68.1769,92.5473,33.0003,244,474
SPATA25,other,0.136026,0.65059,10.7279,94.6148,65.7396,82.0138,44.1617,312,355
SPATA2L,other,0.19041,0.616267,9.21446,66.8372,35.0381,49.921,21.8222,590,732
SPATA32,other,0.16392,0.572334,9.02017,62.2324,48.6577,49.4062,29.2921,617,607
SPATA33,other,0.209349,0.522349,21.2507,113.639,90.6723,69.305,53.3399,390,297
SPATA6,other,0.200561,0.731029,13.9361,91.9508,52.5088,71.3662,34.8536,441,551
SPATA6L,other,0.21857,1.34362,17.2159,83.3645,74.4209,76.5895,50.1883,395,389
SPATA7,other,0.12166,1.2621,8.93082,75.8361,71.0576,72.4924,56.0828,415,338
SPATC1L,other,0.177473,0.418824,9.10309,60.3634,43.5855,38.3243,22.1507,941,786
SPATS2,other,0.198156,1.51002,24.0304,146.049,100.695,129.81,85.0999,200,193
SPATS2L,other,0.322123,0.613584,17.5158,65.3076,45.2742,33.4797,19.6705,734,903
SPCS1,other,0.113758,0.614377,9.20847,88.1638,74.3222,75.7444,56.2336,443,327
SPCS2,other,0.0920455,0.458438,17.2284,209.294,167.389,156.852,140.458,175,145
SPCS3,other,0.184269,1.21562,57.3893,398.861,243.186,373.686,154.654,78,106
SPDEF,other,0.124686,0.620349,6.43728,62.8153,42.4333,54.7795,29.0334,506,558
SPDYA,other,0.397631,0.707887,30.0457,85.2509,66.9737,47.3296,19.4673,789,865
SPDYE2,other,0.265285,0.649105,15.8945,71.8652,49.9515,48.3755,24.4253,655,711
SPDYE3,other,0.0609635,1.08001,3.09879,66.986,38.571,66.2434,27.4858,448,597
SPECC1,other,0.160908,0.703099,9.30902,67.9911,49.2264,57.4696,32.5655,592,582
SPECC1L,other,0.108628,0.297765,7.1796,99.0276,44.1123,64.0995,27.4675,531,548
SPEF2,other,0.211835,0.627017,11.0256,66.2367,40.8991,46.4147,25.3,630,634
SPEG,other,0.351803,0.602379,26.1339,79.0708,69.7901,40.9497,20.4156,808,976
SPEN,other,0.168643,0.588198,17.1031,127.838,80.4558,100.752,49.2404,259,340
SPG11,other,0.342279,0.610078,27.3962,90.7408,70.6019,49.6706,21.5018,802,936
SPG21,other,0.175514,0.361358,12.0045,79.5427,58.8111,42.797,28.7778,720,689
SPG7,other,0.268764,0.925171,20.5295,100.365,58.1344,75.3241,38.4711,419,429
SPHK1,other,0.0630099,0.569654,14.6032,350.534,153.232,334.528,112.174,69,137
SPHK2,other,0.0651223,,7.22782,149.142,82.5955,154.596,71.2067,164,227
SPI1,other,0.386833,0.820332,31.6453,102.522,65.2763,55.8553,33.3878,666,632
SPIB,other,0.179168,0.55673,9.99598,63.3178,49.1589,46.7103,29.7475,633,580
SPIC,other,0.275265,0.601746,18.1492,105.007,41.3994,56.264,22.7367,395,688
SPICE1,other,0.179747,0.665085,10.8778,73.0472,50.1371,55.6081,34.7978,493,431
SPIDR,other,0.170098,,37.2989,208.52,230.591,208.614,202.457,142,74
SPIN1,other,0.486585,0.643001,47.7531,125.49,76.7494,31.9036,17.8154,972,977
SPIN2B,other,0.127429,0.381483,6.74343,68.9612,40.6088,45.9329,27.0397,795,592
SPIN3,other,0.214244,0.736435,21.9831,123.189,85.4646,88.6524,59.6641,259,268
SPIN4,other,0.412507,0.581521,32.7933,105.869,59.6954,26.5479,19.6037,957,939
SPINDOC,other,0.119049,0.676909,14.2042,129.919,109.575,109.26,88.2608,259,179
SPINK1,other,0.24722,0.787839,11.9684,53.3776,43.9079,41.1784,24.9905,765,772
SPINK2,other,0.189328,0.905472,11.5736,66.3144,56.3503,57.8164,37.1251,552,563
SPINK4,other,0.176805,0.880042,19.5233,104.273,116.935,93.8917,69.5289,290,275
SPINT1,other,0.195172,0.455487,20.4494,161.713,67.8867,76.9354,44.1112,407,328
SPINT2,other,0.25601,0.528344,16.7626,68.4608,62.6217,41.3297,25.5212,566,704
SPIRE1,other,0.315548,0.880659,28.6841,96.6585,85.4898,68.695,47.5515,450,415
SPMIP4,other,0.30406,0.595034,28.503,117.587,74.7312,48.0269,41.7448,621,461
SPN,other,0.213832,0.513505,15.7972,74.7139,73.0487,51.4013,32.4533,658,556
SPNS1,other,0.255164,0.857414,12.2799,55.7738,41.5258,45.3254,21.8941,849,822
SPNS3,other,0.456155,0.797583,56.9068,144.747,107.521,73.8783,35.6884,328,478
SPOCK2,other,0.223903,0.749885,13.8452,74.4128,51.384,56.6974,32.1417,565,554
SPON1,other,0.153776,0.760091,10.0588,79.5551,53.7838,69.6414,36.1181,429,452
SPON2,other,0.268173,0.711387,14.6957,66.1049,45.4272,41.4298,28.1326,762,649
SPOP,other,0.193458,0.571895,21.6144,149.84,83.3082,102.367,53.2188,215,308
SPP1,other,0.213367,0.656072,12.4646,68.3516,49.9292,48.9921,31.2844,721,627
SPPL2A,other,0.206758,0.659992,12.5792,72.7773,50.8611,55.7076,29.5797,608,617
SPPL2B,other,0.0989139,0.554697,19.4937,211.218,183.883,169.792,154.07,132,116
SPPL3,other,0.389238,0.688766,18.574,68.1207,33.4274,28.5389,15.0547,932,1074
SPR,other,0.141766,0.712027,21.9537,253.061,94.764,213.239,70.8914,106,219
SPRED2,other,0.366504,0.789598,26.0331,84.1168,59.9806,44.8511,32.2967,596,512
SPRING1,other,0.249357,0.762928,27.1868,108.874,109.182,85.619,54.5767,337,278
SPRN,other,0.187132,1.08766,13.8201,99.7377,54.6842,89.1178,39.4817,314,456
SPRTN,other,0.111992,0.607766,13.4138,187.913,76.3442,127.391,68.2956,182,257
SPRY1,other,0.126343,1.0709,7.56437,70.1931,51.068,67.5818,31.9611,461,492
SPRY2,other,0.202838,0.693163,16.9444,87.732,79.542,62.0764,56.2504,525,357
SPRYD3,other,0.168964,0.607192,8.07182,69.3263,32.9197,47.2364,24.9196,733,653
SPRYD4,other,0.260661,0.789523,16.0575,80.2199,47.307,53.7069,31.7054,626,588
SPRYD7,other,0.244334,0.62778,12.586,58.1487,45.6318,40.0024,23.4818,749,749
SPSB1,other,0.478765,0.764895,52.5456,123.162,97.8033,55.8269,27.7175,697,790
SPSB2,other,0.29884,0.501881,17.5545,94.6773,36.4463,32.0647,16.9068,890,1022
SPSB3,other,0.147007,0.730538,25.4385,264.71,113.12,217.484,87.4446,77,166
SPTAN1,other,0.241712,0.628218,12.0103,65.004,37.9816,32.7439,26.6518,994,695
SPTB,other,0.233719,1.14949,18.9134,101.626,64.4389,89.9105,41.3301,352,395
SPTBN1,other,0.344278,0.499435,38.2883,171.567,72.0909,41.7448,26.8192,590,646
SPTBN5,other,0.136831,0.437869,11.1597,100.313,66.3097,67.9727,46.2249,321,341
SPTLC1,other,0.151976,0.50761,12.5174,103.478,65.5587,71.989,46.2473,352,339
SPTLC2,other,0.194965,0.770767,43.9027,270.882,187.192,216.967,127.016,119,114
SPTSSA,other,0.275612,0.977322,55.3311,198.813,202.72,156.802,126.425,146,110
SPTSSB,other,0.140526,1.33899,46.7753,574.129,192.979,513.07,172.993,36,84
SPTY2D1,other,0.369039,0.599964,32.2129,109.209,69.7683,42.6308,26.4691,533,586
SPZ1,other,0.112598,0.340041,6.20145,75.5124,40.1703,52.7753,25.5421,509,589
SQLE,other,0.097745,0.446635,13.155,210.094,86.2138,158.664,69.3458,165,219
SQOR,other,0.492042,0.731565,35.3439,82.4204,62.6025,30.8175,17.37,1050,1163
SQSTM1,other,0.321075,0.70857,15.6164,57.5182,41.1283,35.0337,19.5255,836,843
SRC,other,0.311964,0.614685,12.1129,49.5286,30.4393,26.5706,13.5247,1041,1250
SRCAP,other,0.166232,0.760067,15.3698,115.291,74.1504,96.9273,51.8828,257,343
SRD5A1,other,0.117373,0.630076,24.161,268.137,158.03,182.392,140.881,136,125
SRD5A3,other,0.239376,0.619107,11.589,79.1308,29.6203,48.646,18.126,518,938
SREBF1,other,0.15924,0.708023,63.1636,529.401,297.196,404.545,233.454,46,56
SREBF2,other,0.203908,1.00893,17.7161,87.4033,86.3656,77.7606,54.3903,368,338
SREK1,other,0.229204,0.557829,17.4444,97.8708,59.1855,58.9727,34.0444,506,491
SREK1IP1,other,0.39673,0.625476,28.7813,86.2612,61.0117,33.7673,20.676,1018,964
SRF,other,0.222515,0.567666,52.2639,417.075,132.273,187.319,95.3798,84,140
SRFBP1,other,0.195971,2.73069,207.7,645.387,1740.48,618.396,1526.14,34,12
SRGAP1,other,0.208503,0.600531,16.0143,88.2052,66.8801,67.4334,32.6449,387,443
SRGAP2,other,0.349156,0.638261,14.8418,53.7626,33.6086,25.1844,14.6878,1113,1139
SRGAP2B,other,0.0297405,0.201857,2.38536,100.262,64.1614,90.8295,49.3569,282,331
SRGAP2C,other,0.153324,,39.1102,228.981,284.157,211.001,289.07,120,60
SRGAP3,other,0.125366,0.527327,5.06472,48.1737,33.8796,39.1361,23.6726,693,720
SRGN,other,0.279225,0.667715,10.2434,48.407,27.8015,28.2589,16.1209,1058,1058
SRI,other,0.483387,0.686587,71.2809,173.994,124.975,58.6456,31.5325,716,774
SRM,other,0.261687,0.75443,21.7803,84.7519,81.7363,63.0374,43.3531,395,396
SRP14,other,0.176321,0.61331,21.4162,139.59,105.687,99.7712,75.0645,271,247
SRP19,other,0.00310828,,2.28708,766.21,706.604,774.416,620.633,18,24
SRP54,other,0.196316,0.843505,10.1134,63.924,41.5167,52.9653,28.3989,527,624
SRP68,other,0.132383,5.44019,26.386,227.581,174.562,216.117,172.51,85,86
SRP72,other,0.152869,6.93872,67.1583,460.318,419.28,430.829,416.103,53,34
SRP9,other,0.147862,0.460068,23.9906,243.195,108.247,101.459,89.0619,264,188
SRPK1,other,0.225133,0.559633,15.4808,90.9991,51.9601,55.4013,30.4642,552,537
SRPK2,other,0.438585,0.760626,35.7854,96.6368,68.8906,36.5873,32.0302,692,598
SRPRB,other,0.110007,,21.3196,209.773,179.049,225.459,147.271,115,111
SRR,other,0.265947,0.683741,30.941,126.459,107.035,76.6514,65.9214,339,273
SRRD,other,0.248475,0.53317,24.8962,103.222,97.258,66.1749,38.404,472,480
SRRM1,other,0.198928,1.28814,44.0905,276.138,177.897,245.365,139.827,111,112
SRSF10,other,0.426935,0.710136,63.3006,151.605,145.004,59.436,58.7955,369,246
SRSF11,other,0.199208,0.493741,14.5314,99.3268,53.5715,56.3205,33.4304,409,531
SRSF2,other,0.282072,0.75047,42.2154,165.011,135.74,120.595,64.4983,272,297
SRSF4,other,0.397588,0.640787,41.4914,125.278,86.9311,46.1753,33.9285,513,531
SRSF6,other,0.348071,0.622419,21.6024,71.8579,53.6036,34.1048,21.6967,717,726
SRSF8,other,0.32262,0.709,27.0022,99.6118,70.3246,56.3322,36.8108,555,569
SRSF9,other,0.247907,0.603207,9.67004,50.0004,30.4302,27.9764,18.7614,1089,914
SRXN1,other,0.0982133,2.66637,9.39236,112.115,81.5728,111.472,62.2825,269,246
SRY,other,0.375577,0.698431,25.7841,83.8506,56.2083,40.5992,24.6976,778,718
SS18,other,0.233208,0.940378,28.2261,145.789,100.482,115.454,70.7828,257,253
SS18L1,other,0.12624,1.75238,48.4861,502.174,293.758,363.358,288.244,66,49
SS18L2,other,0.246328,0.685108,30.0959,125.792,118.668,94.2971,57.3972,282,280
SSB,other,0.287931,0.783617,97.7967,311.085,370.843,155.834,270.519,160,65
SSBP1,other,0.216564,0.369343,45.8482,178.32,251.346,70.3948,108.568,451,205
SSBP2,other,0.251783,0.439255,13.7026,64.5834,45.8599,30.5743,17.2458,918,997
SSBP3,other,0.398359,0.689275,25.3647,75.8476,53.4526,34.4895,20.71,930,897
SSBP4,other,0.326521,0.673996,17.3076,59.0662,47.5676,34.6038,20.6113,1003,901
SSH1,other,0.218372,0.536249,13.3301,74.2834,50.1629,42.2656,30.8636,621,595
SSH2,other,0.340173,0.708361,21.1209,84.6313,45.5506,47.0625,21.8865,537,763
SSH3,other,0.232538,0.663637,13.6092,73.8018,46.4096,52.3712,26.7865,607,716
SSNA1,other,0.379716,0.706345,19.6647,59.6879,44.9333,31.2097,17.7172,894,990
SSR1,other,0.179386,0.572762,14.5505,93.1455,70.6345,69.9893,42.7642,393,394
SSR2,other,0.264629,0.608862,17.9203,74.4588,61.5888,46.6394,30.4497,602,535
SSR3,other,0.439318,0.731836,24.085,60.573,49.6198,25.8802,18.4003,1189,1064
SSRP1,other,0.10814,32.2279,68.0164,756.135,523.186,755.802,509.832,24,38
SSTR3,other,0.347769,0.638035,17.3238,54.8869,45.21,29.2986,16.3994,1249,1234
SSX2IP,other,0.132432,,27.3235,198.781,214.145,202.795,212.604,147,80
ST13,other,0.265381,0.713376,13.1294,60.1543,40.6898,38.8907,24.7598,706,664
ST14,other,0.131619,0.480861,9.27618,87.2437,56.9332,62.1265,42.1173,623,431
ST18,other,0.559611,0.70552,48.4575,103.039,72.7695,23.7529,13.2708,1295,1264
ST20,other,0.279569,0.676216,18.8637,78.9171,57.6908,54.5592,25.7428,562,705
ST20-MTHFS,other,0.216348,0.757749,13.4844,73.9496,52.5322,58.3338,32.2531,526,548
ST3GAL1,other,0.0633596,0.389312,7.41113,171.429,79.8107,156.948,54.7859,130,329
ST3GAL2,other,0.382143,0.686191,27.668,80.5135,65.108,38.0679,26.8049,669,717
ST3GAL3,other,0.0769286,,6.43719,105.022,66.6709,114.715,46.5197,255,335
ST3GAL4,other,0.0593639,0.219697,4.82658,116.179,56.8992,93.3518,35.7556,346,495
ST3GAL5,other,0.167217,0.651019,8.8524,56.3664,49.7212,46.3384,31.2829,687,571
ST6GAL1,other,0.356055,0.613366,25.8974,81.5799,64.848,39.2056,22.778,953,914
ST6GALNAC1,other,0.179197,1.11465,9.50655,81.5398,34.5157,74.9201,23.5274,394,660
ST6GALNAC3,other,0.309683,0.69297,19.014,76.779,49.0986,45.1954,25.2615,567,619
ST6GALNAC4,other,0.432992,0.712218,31.2043,76.1114,68.2369,32.8073,23.9094,825,787
ST6GALNAC6,other,0.0888445,0.771183,26.9678,505.383,182.31,378.75,172.653,42,83
ST7,other,0.42136,0.734259,24.2087,65.5525,50.3555,31.5339,18.4013,841,981
ST7L,other,0.168578,0.485515,20.0707,160.278,88.4402,104.912,57.5746,191,239
ST8SIA1,other,0.188365,0.794748,10.9653,55.406,61.1617,47.4046,37.3707,581,458
ST8SIA4,other,0.246984,0.58937,10.5467,49.0303,37.1904,33.4786,16.5992,860,990
STAB1,other,0.524559,0.718728,29.3887,65.1655,48.1674,19.5802,11.4894,1585,1663
STAC3,other,0.471226,0.723381,38.2432,91.7588,71.7796,34.0238,23.3696,695,716
STAG1,other,0.384534,0.743112,31.3853,95.1332,70.0248,50.7724,29.8138,620,619
STAG2,other,0.411411,0.595995,58.6496,226.549,89.7048,58.4879,32.0842,550,494
STAG3,other,0.189642,0.784656,12.2084,69.7037,59.456,57.7383,39.2242,487,445
STAM,other,0.263516,0.672165,16.0056,66.5436,55.4404,48.4363,24.1261,611,732
STAM2,other,0.338885,0.646146,19.1347,62.2095,51.2484,28.752,25.0371,904,714
STAMBP,other,0.284367,0.543777,18.9497,84.1472,52.7724,47.8627,19.3033,651,877
STAMBPL1,other,0.629181,0.718958,53.9609,89.6449,82.0505,13.4097,8.15873,1887,2452
STAP1,other,0.516524,0.623059,69.9182,194.262,94.3219,32.1038,16.6643,1215,1349
STAP2,other,0.254921,0.726117,14.7461,65.8057,50.8489,46.4052,29.5905,512,508
STARD10,other,0.271257,0.667361,52.7657,250.144,151.27,125.856,100.971,184,189
STARD3,other,0.138184,0.756557,7.59648,69.4,43.5463,60.2507,32.527,477,512
STARD3NL,other,0.297535,0.423731,17.8711,71.9704,50.1272,25.1468,12.1383,1494,1506
STARD4,other,0.207438,0.706819,12.8952,78.9505,48.9472,61.3705,30.0141,490,552
STARD5,other,0.416111,0.557631,29.9887,81.9404,63.3865,25.1499,12.4601,1636,1811
STARD7,other,0.0766821,0.304242,5.57152,68.4026,77.1768,57.9764,45.0119,469,401
STARD9,other,0.241244,0.377006,28.044,116.229,116.266,46.2876,37.1523,705,592
STAT1,other,0.122485,0.574664,7.78985,72.0318,56.1526,60.5007,40.2175,429,432
STAT2,other,0.246168,0.739125,15.7448,77.4761,52.8012,52.1837,34.8601,605,511
STAT3,other,0.307387,0.541047,79.4994,252.869,264.522,133.061,84.3148,239,241
STAT4,other,0.237195,0.616829,11.1067,57.0333,38.4441,37.2327,22.0699,829,793
STAT5A,other,0.340872,0.827674,29.0391,89.9254,80.705,59.2778,40.5398,477,479
STAT5B,other,0.289855,0.55095,150.698,697.79,387.375,328.126,184.987,102,107
STATH,other,0.115377,0.452436,7.60503,85.2008,50.994,69.8554,32.5816,420,467
STAU1,other,0.194473,0.489045,16.0119,102.988,65.8238,70.3733,32.9558,363,524
STAU2,other,0.318836,0.655948,24.2738,89.2417,64.9491,54.4375,25.6029,651,746
STC2,other,0.294192,0.796574,16.5241,58.7871,53.6653,43.3589,25.7738,696,673
STEAP4,other,0.202531,2.56027,9.01535,54.2645,36.5145,53.3895,22.3444,597,731
STEEP1,other,0.181199,0.519927,17.2174,127.187,70.9877,67.4888,52.6185,313,334
STIM1,other,0.375476,0.501453,43.5854,121.153,111.22,35.2959,23.2274,958,852
STIM2,other,0.534122,0.815306,50.0169,100.244,87.4767,41.5754,23.3285,961,976
STIMATE-MUSTN1,other,0.235367,0.956901,26.9473,128.44,102.055,103.883,69.7618,270,232
STING1,other,0.25864,0.517598,16.3848,63.7731,62.9294,37.0194,25.4741,908,840
STIP1,other,0.342625,0.449074,42.57,134.234,115.002,32.6015,26.5845,702,616
STK10,other,0.0562612,0.198056,3.73039,80.8116,54.4023,59.7829,37.5321,467,472
STK11,other,0.337477,0.713294,75.3765,342.715,145.562,146.519,88.6451,196,197
STK11IP,other,0.196874,0.671451,18.6137,118.087,75.6985,89.8185,48.5128,327,372
STK16,other,0.30349,1.26364,18.6371,71.7978,52.5238,58.5546,36.0985,642,510
STK17A,other,0.188579,0.572639,11.5974,86.4088,43.7702,62.912,26.3138,515,669
STK17B,other,0.325243,0.627925,12.9504,48.7556,32.5181,24.8175,14.7492,1285,1304
STK19,other,0.141108,0.437353,14.6845,200.541,54.0019,120.007,40.0035,173,375
STK24,other,0.502202,0.667566,43.9631,106.303,72.0897,27.7596,16.8721,700,950
STK25,other,0.40083,0.552586,48.4967,168.958,86.6414,39.4958,27.1462,827,676
STK26,other,0.283942,0.649649,17.6818,75.0093,51.6985,46.508,25.7072,586,672
STK32C,other,0.628593,0.742122,86.2621,157.484,119.581,29.5277,13.9902,1451,1686
STK35,other,0.421182,0.705663,29.8074,88.8949,56.3418,36.0231,22.5953,838,818
STK36,other,0.39271,0.606622,29.4058,92.8867,60.3627,37.2612,18.1195,738,898
STK38,other,0.133803,0.690739,7.50481,73.6433,42.7182,63.8972,30.6061,466,580
STK38L,other,0.274068,0.57801,13.5956,62.2263,39.5464,31.0289,21.8124,772,757
STK39,other,0.362478,0.629078,18.0152,62.631,39.4392,25.8539,17.1398,978,1066
STK4,other,0.154467,0.963296,13.6127,110.298,70.4113,100.878,49.2132,277,331
STK40,other,0.228143,0.571824,49.69,263.616,179.95,138.645,119.527,145,149
STMN1,other,0.168792,0.634625,28.0903,206.3,134.248,155.869,95.3988,181,194
STMN3,other,0.229763,0.392583,22.1759,125.313,74.3371,54.8682,29.0424,582,615
STMP1,other,0.162778,1.39254,12.9258,112.63,55.9846,107.814,38.0947,251,415
STN1,other,0.163799,1.07135,22.0819,180.212,100.849,143.244,89.3566,137,184
STOM,other,0.532763,0.646971,51.4736,144.835,64.4505,20.6631,13.4734,1083,1288
STOML1,other,0.156599,0.453504,12.2347,82.7743,73.7416,63.543,35.8957,424,474
STOML2,other,0.119582,0.6679,14.5435,204.238,72.4219,177.513,54.68,179,332
STON1,other,0.570664,0.700988,67.4575,164.178,85.1107,25.5062,18.33,735,898
STON2,other,0.296476,0.702282,13.9822,59.2816,37.519,34.9638,21.2185,891,816
STOX1,other,0.207548,0.533218,18.9519,116.485,71.5813,81.7806,35.1806,406,538
STPG1,other,0.149427,0.802534,9.22695,75.995,50.1737,65.5508,37.5172,454,444
STRADA,other,0.140159,0.796712,8.40746,68.6447,52.4181,60.6955,38.4092,430,437
STRADB,other,0.261317,0.51392,14.2361,67.7028,43.8369,34.6108,20.6487,771,830
STRAP,other,0.448264,0.875423,91.1321,240.171,172.09,97.7862,95.9795,242,170
STRBP,other,0.115291,0.632301,12.8737,147.01,84.8131,118.534,70.256,256,238
STRIP1,other,0.27218,0.537556,11.6616,46.5022,39.476,25.7365,16.8126,969,1018
STRIP2,other,0.15987,0.437944,8.32832,56.6592,47.8971,42.1774,22.9249,797,864
STRN,other,0.278656,0.568197,13.0655,54.4403,40.3823,29.1083,19.5095,822,900
STRN3,other,0.0898823,1.2713,10.2727,133.337,97.9649,129.135,82.4242,185,190
STRN4,other,0.150969,0.822683,52.8349,363.848,336.625,296.003,275.832,62,49
STS,other,0.150228,1.19325,11.1123,85.9753,63.6408,81.0776,45.9335,355,353
STUB1,other,0.120682,1.84396,27.0437,244.883,205.064,218.428,196.933,100,106
STUM,other,0.265061,0.906865,13.1376,53.7563,45.6993,42.5486,26.974,714,627
STX10,other,0.172733,0.595169,14.7683,86.8521,84.165,67.7625,51.9107,397,319
STX11,other,0.244128,0.680523,19.2891,106.682,58.5187,66.3577,38.5952,453,444
STX12,other,0.111796,0.568715,15.0634,177.174,102.47,155.051,70.7587,227,222
STX16,other,0.444537,0.608767,52.8605,155.452,90.9598,44.2657,23.1477,852,806
STX17,other,0.252988,0.651218,32.7705,192.054,87.3665,144.681,33.9126,207,536
STX1A,other,0.211238,0.65039,8.55088,48.9854,33.4512,34.9766,21.1124,819,816
STX1B,other,0.325458,0.600721,18.8448,65.9825,50.8117,34.7736,19.2791,924,1021
STX2,other,0.351553,0.606719,22.7454,68.4502,61.1552,29.5995,24.9796,958,797
STX3,other,0.0951882,0.827602,14.9413,216.011,114.06,197.462,96.4882,109,168
STX4,other,0.422184,0.73015,47.4153,171.627,73.4934,61.2878,35.2741,478,497
STX5,other,0.0613659,,8.11613,157.221,111.258,159.888,93.5086,151,154
STX6,other,0.253782,0.708577,12.0885,55.2101,41.0962,40.4043,21.4384,796,839
STX7,other,0.222794,1.01685,26.8697,165.476,87.8987,130.443,67.9675,170,261
STX8,other,0.199994,0.86313,10.6687,58.4908,48.6522,51.2195,27.6405,620,620
STXBP1,other,0.425976,0.735496,29.0216,79.6313,58.2893,37.7316,21.1297,910,974
STXBP2,other,0.172695,0.938953,11.0804,73.2523,56.1994,65.8624,37.3548,415,513
STXBP3,other,0.123906,0.696633,7.91121,70.3432,57.9532,62.2417,42.0342,438,391
STXBP4,other,0.141547,0.394289,38.0592,164.648,439.099,120.611,227.522,256,83
STXBP5,other,0.283307,0.846983,90.4188,518.626,196.404,287.081,147.184,62,106
STYX,other,0.305575,0.831576,35.3366,116.999,114.297,83.0012,61.184,349,344
STYXL1,other,0.475785,0.648573,54.2354,122.498,106.075,33.8971,27.1512,863,753
SUB1,other,0.107226,0.661295,7.52759,83.7127,58.8733,76.1889,41.6514,369,376
SUCLA2,other,0.104434,0.463297,8.41189,101.526,63.9035,84.3421,44.7187,324,313
SUCLG1,other,0.201606,0.372474,11.8928,67.8415,51.2938,32.7659,22.2288,840,755
SUCLG2,other,0.144061,1.15011,40.2953,292.754,267.248,219.535,250.483,122,66
SUCO,other,0.162734,0.741224,11.2662,91.6461,52.2976,75.2009,38.2495,401,419
SUDS3,other,0.123274,0.674145,17.8702,210.352,99.9012,171.431,81.8474,139,185
SUFU,other,0.349751,0.810873,27.7602,87.9286,71.6468,58.5465,31.7576,567,594
SUGP1,other,0.254218,0.816374,29.6289,123.754,109.763,72.8629,83.8807,354,224
SUGP2,other,0.422998,0.752091,24.3246,65.9066,50.1748,31.4616,19.8062,785,826
SUGT1,other,0.0579368,0.241221,32.563,602.024,524.717,420.797,424.164,55,36
SULF2,other,0.236345,0.534883,13.4529,66.1007,49.0152,37.9104,26.5757,753,710
SULT1A1,other,0.460318,0.549709,38.3451,96.466,71.933,19.0837,9.05314,2405,2264
SULT1A3,other,0.344973,0.73012,28.501,120.89,56.4628,63.1999,30.0488,457,516
SULT1A4,other,0.0904528,0.820975,5.71326,81.7415,48.8069,79.1691,29.9801,376,532
SULT1B1,other,0.149759,0.560013,7.10561,53.1161,42.3831,37.4712,32.0926,776,577
SUMF1,other,0.372247,0.671824,13.8535,48.2282,28.718,22.5771,12.1412,1522,1355
SUMF2,other,0.265952,0.624377,18.0839,81.8585,56.4828,51.0612,29.2446,664,656
SUMO1,other,0.441004,0.582571,58.9495,139.488,128.097,40.857,24.2844,978,887
SUMO2,other,0.440903,0.685274,26.9647,80.4493,46.4925,28.0575,16.9396,1119,1058
SUMO3,other,0.303592,0.739882,34.3161,125.471,101.83,79.5242,55.0112,357,311
SUMO4,other,0.0959563,0.351443,7.08532,92.9758,58.641,76.153,34.4803,343,423
SUN1,other,0.127506,,50.9357,461.769,345.588,396.183,347.775,50,43
SUN2,other,0.405512,0.682155,13.7338,40.3534,28.4246,16.6985,11.2892,1528,1574
SUOX,other,0.131603,0.548234,8.72336,76.2499,57.6232,58.2983,43.5195,584,430
SUPT20H,other,0.573183,0.659262,116.845,227.51,182.656,29.6333,23.9071,1104,731
SUPT3H,other,0.252413,0.600363,25.6681,144.808,71.4118,85.1139,40.7904,239,383
SUPT4H1,other,0.212818,1.01113,58.9379,331.552,231.325,199.393,205.617,141,90
SUPV3L1,other,0.139775,0.904481,18.001,137.468,120.651,123.436,92.4234,231,175
SURF1,other,0.551537,0.719688,54.6403,152.331,64.43,24.6684,19.2783,847,924
SURF2,other,0.0966999,0.770115,7.337,91.7441,62.749,83.863,51.2321,335,311
SUSD3,other,0.167801,0.543184,9.87087,69.8426,49.5454,51.1156,31.9116,482,505
SUSD4,other,0.532966,0.709019,42.3186,83.6422,75.3767,24.4985,15.1433,1071,1326
SUSD6,other,0.116729,0.712533,12.0537,109.397,97.4707,93.9811,78.907,305,228
SUV39H1,other,0.159113,1.04993,15.4495,112.681,83.6694,102.951,61.4161,320,310
SUV39H2,other,0.240169,0.829269,17.0501,86.3911,58.338,66.3003,37.2971,384,443
SUZ12,other,-0.00128461,-0.0103727,-0.97804,1134.25,511.043,1036.46,420.128,20,29
SV2A,other,0.175148,1.00888,31.4434,201.425,160.005,175.221,122.937,138,138
SVBP,other,0.138141,0.536169,18.6494,194.023,93.9365,138.045,72.3234,183,211
SVIL,other,0.132498,0.751787,6.99172,58.6962,47.4397,53.6331,30.3568,526,589
SVIP,other,0.20954,0.71486,11.4851,70.0168,42.907,46.6006,31.8838,610,492
SWAP70,other,0.234464,0.624207,19.1992,103.833,64.5777,72.5519,34.3341,439,462
SWI5,other,0.421714,0.616046,52.1147,163.436,93.4405,49.172,30.8104,852,663
SWSAP1,other,0.154586,0.614127,11.1897,75.9112,69.0224,60.9932,46.7684,433,399
SWT1,other,0.0870603,0.449713,7.41914,97.4559,74.5175,85.6348,51.4936,347,323
SYAP1,other,0.181304,0.878909,16.3733,102.705,79.409,83.8617,60.9912,319,304
SYCE1L,other,0.140699,0.679984,10.8884,112.868,53.061,92.5734,40.4265,276,343
SYCE2,other,0.104202,0.957331,6.7744,71.5528,59.0694,69.6693,32.4826,473,466
SYCP2,other,0.252727,0.759133,17.2495,85.8341,54.2737,56.3554,36.7589,471,421
SYDE2,other,0.169578,1.01231,14.3577,118.507,60.4904,107.323,42.5047,274,376
SYF2,other,0.134659,0.919619,12.2063,151.224,54.3348,138.834,40.1155,159,377
SYK,other,0.609216,0.741766,109.769,235.371,137.932,42.2987,24.5073,1002,912
SYMPK,other,-0.00346349,,-3.325,1617.21,569.888,1639.64,516.431,10,30
SYNC,other,0.169178,0.736649,14.1384,128.983,54.1482,108.855,35.8468,287,441
SYNCRIP,other,0.239545,0.569574,24.4374,136.777,76.0891,99.7286,26.4024,250,648
SYNE1,other,0.249568,0.573636,9.95307,49.7073,31.9975,29.4222,17.1565,1296,1057
SYNE2,other,0.56037,0.630852,88.8312,179.238,140.201,24.6804,11.9135,1862,1819
SYNE3,other,0.183486,0.709908,10.5574,71.1149,46.5527,58.489,29.0363,482,609
SYNE4,other,0.0979556,0.734594,4.68845,52.1907,43.8941,48.7722,31.9784,588,533
SYNGAP1,other,0.417057,0.595439,31.4031,83.3661,68.0089,27.6418,18.0945,941,914
SYNGR1,other,0.407193,0.570316,25.3566,88.0006,44.065,23.1812,13.5689,1014,1254
SYNGR2,other,0.403731,0.630315,24.1656,67.7633,52.8708,27.4551,16.405,1236,1308
SYNGR3,other,0.201135,1.57548,23.3494,115.633,116.546,108.483,85.8265,267,210
SYNJ1,other,0.256802,0.578768,12.0503,56.4235,39.0247,31.7879,21.4283,861,823
SYNJ2,other,0.204424,0.727725,15.1488,97.6101,56.2599,74.0929,37.8336,444,462
SYNJ2BP,other,0.307437,0.521776,10.1046,39.3645,27.4422,17.5446,10.2545,1635,1678
SYNJ2BP-COX16,other,0.270708,0.737265,17.8325,80.5914,53.8437,52.952,32.6771,529,543
SYNM,other,0.157013,0.596102,9.43056,70.5563,51.1293,58.36,30.6081,439,516
SYNRG,other,0.135436,2.39037,14.3476,124.999,89.7811,121.533,79.3876,217,196
SYP,other,0.212061,0.876512,14.205,90.0132,49.8492,69.2376,37.2072,415,451
SYPL1,other,0.394637,0.575823,26.8092,74.4436,61.9935,29.662,13.5884,950,1292
SYT11,other,0.594823,0.651406,94.5071,207.432,121.696,22.1342,8.10254,2635,2686
SYTL1,other,0.324592,0.55354,16.8892,62.8845,43.0524,24.7338,18.651,979,894
SYTL2,other,0.118915,0.370312,6.51116,70.6531,42.4341,52.9896,24.9314,661,631
SYTL3,other,0.406749,0.731556,21.4528,61.1472,45.4925,27.4419,19.9786,929,849
SZRD1,other,0.264598,0.662531,23.1857,83.2491,92.2331,54.7868,49.2047,574,413
SZT2,other,0.135182,1.50422,16.9392,161.234,97.3843,151.897,83.8018,145,196
TAB1,other,0.293323,0.725721,12.6878,57.4385,32.5745,36.0303,18.2969,967,891
TAB2,other,0.151683,0.783904,11.7477,76.1397,78.7814,65.8019,57.0567,451,295
TAB3,other,0.229369,0.720653,16.132,81.5657,60.6451,63.4143,33.0386,426,497
TAC4,other,0.14039,0.903174,6.71177,56.3044,40.5941,51.4093,29.3125,593,590
TACC1,other,0.159661,2.46558,18.5803,170.259,79.5417,167.281,60.4679,181,279
TACC2,other,0.14354,2.59273,10.9411,89.5245,64.8987,88.2846,50.5362,334,336
TACO1,other,0.163589,0.646821,44.3302,455.3,161.285,359.281,112.366,51,134
TACR2,other,0.231382,0.695099,18.2433,91.1008,68.238,72.4541,31.2968,437,558
TADA1,other,0.536226,0.642394,147.151,273.421,275.421,46.4372,44.2537,545,372
TADA2A,other,0.209918,0.781068,23.4669,115.166,108.514,93.7368,66.3913,297,300
TADA2B,other,0.648485,0.680873,216.234,341.115,325.947,18.7095,13.1138,1534,1178
TADA3,other,0.181055,0.399186,20.612,161.562,80.2197,91.5309,42.1481,306,371
TAF1,TFIID (TAF),0.181784,0.886179,29.2724,158.071,164.041,131.525,122.937,216,140
TAF11,TFIID (TAF),0.497218,0.623764,67.1659,171.271,106.542,30.622,24.1051,1388,863
TAF12,TFIID (TAF),0.53975,0.683029,57.0462,116.93,95.5308,30.9514,14.3998,1282,1561
TAF13,TFIID (TAF),0.433268,0.633371,90.0869,201.417,214.641,59.3642,72.2263,671,282
TAF1B,TFIID (TAF),0.444302,0.60371,36.0447,96.2299,68.3937,29.5199,14.9574,1275,1340
TAF1D,TFIID (TAF),0.320402,0.626528,32.4585,111.326,92.1867,63.5097,36.0565,507,609
TAF3,TFIID (TAF),0.135951,1.44621,21.4304,207.737,119.615,191.838,105.803,138,147
TAF4B,TFIID (TAF),0.110435,0.692376,25.1629,384.973,134.858,333.28,109.307,55,130
TAF5L,TFIID (TAF),0.366476,0.729278,103.616,370.7,215.648,173.822,113.112,148,153
TAF6,TFIID (TAF),0.109053,,95.6322,884.156,869.769,1036.21,847.228,24,16
TAF6L,TFIID (TAF),0.52609,0.588014,133.036,292.665,218.497,28.0705,25.0414,871,672
TAF7,TFIID (TAF),0.194564,,160.476,885.88,767.93,899.469,644.881,24,25
TAF9,TFIID (TAF),0.10755,3.36796,19.5723,299.745,110.487,281.719,108.614,86,134
TAF9B,TFIID (TAF),0.113503,0.84833,8.40034,97.0436,56.4429,86.0718,47.506,362,355
TAFA1,TFIID (TAF),0.229242,0.726853,19.1103,95.0176,73.138,73.5611,40.9212,368,417
TAFA2,TFIID (TAF),0.191019,0.586192,14.1994,114.538,48.243,82.0435,30.1859,278,558
TAFAZZIN,TFIID (TAF),0.448972,0.808159,36.8886,88.213,76.5265,42.5685,30.8807,688,604
TAGAP,other,0.110373,0.635914,8.09579,101.158,53.1847,87.9692,40.8962,298,383
TAGLN,other,0.121134,1.07239,5.94687,57.6852,41.7812,55.6008,27.0279,574,627
TAGLN2,other,0.282588,0.480984,24.1904,85.0404,86.1698,43.6328,25.0834,650,666
TAGLN3,other,0.242674,0.529685,15.7369,77.6914,54.1275,49.7428,22.5453,546,785
TAL1,other,0.23246,0.63737,15.606,80.5983,55.9195,56.6743,30.8602,540,571
TAL2,other,0.316937,0.58066,19.2569,75.9167,48.6287,36.7539,20.5448,979,1026
TALDO1,other,0.37079,0.766882,26.8467,80.221,65.3491,49.0555,26.0257,667,690
TAMALIN,other,0.187964,0.602878,7.74241,56.5661,29.9949,36.7349,21.6783,769,768
TAMM41,other,0.249115,,431.658,1460.81,2055.35,1417.63,2230.3,15,11
TANC2,other,0.554392,0.645589,121.949,300.967,160.769,44.8786,21.4362,1017,778
TANGO2,other,0.183646,0.742715,14.1628,94.9596,62.6324,82.0214,34.5276,408,496
TANK,other,0.21694,1.11576,18.2995,96.1042,74.0384,86.2409,46.7668,342,356
TAOK1,other,0.466912,0.690181,23.4075,56.1757,44.7396,18.7911,13.972,1370,1287
TAOK2,other,0.175451,0.921921,24.9581,186.073,108.75,153.6,86.1807,123,195
TAOK3,other,0.400123,0.637769,26.0843,83.802,50.7127,29.5183,19.8977,1052,957
TAP1,other,0.475041,0.724042,34.4048,89.6307,58.5222,30.1119,20.5856,711,799
TAP2,other,0.171546,0.563268,11.7687,93.3269,50.4301,67.2463,33.6918,378,481
TAPBP,other,0.34977,0.874118,24.9939,73.054,69.8971,48.7523,36.2543,541,510
TAPBPL,other,0.272025,0.617128,15.7459,59.825,56.0056,38.7203,25.1593,689,691
TAPT1,other,0.173831,0.844859,10.0454,69.8948,47.7783,61.7489,30.4233,432,511
TARBP1,other,0.242705,0.638947,19.6156,101.326,64.4653,69.7574,34.6099,495,542
TARDBP,other,0.220847,1.3446,89.3838,372.192,440.116,288.711,387.181,78,43
TARS2,other,0.242331,0.470659,43.2998,158.257,201.739,69.0167,106.898,402,178
TARS3,other,0.331856,0.590196,24.8544,88.5158,63.3705,49.3424,18.0992,749,1023
TAS2R14,other,0.122484,0.416258,5.54702,55.9666,36.6463,41.4877,24.3815,727,658
TAS2R20,other,0.191569,0.44516,8.31165,57.5131,32.7309,33.6565,18.1181,755,918
TAS2R4,other,0.246647,0.648122,13.7482,64.2592,48.3512,46.3189,23.2699,781,809
TAS2R5,other,0.325182,0.794246,22.6048,85.5459,56.487,55.5196,29.5103,649,699
TASL,other,0.531475,0.699837,65.5571,179.33,84.8438,37.3323,23.0474,957,869
TASOR,other,0.526745,0.65774,55.4473,152.873,72.4821,32.1007,13.6403,1651,1371
TASOR2,other,0.117781,0.6905,15.0365,154.087,105.774,136.652,78.576,196,187
TASP1,other,0.331953,0.809878,21.6978,71.5294,59.7304,47.4647,29.9032,762,609
TATDN1,other,0.392248,0.77176,31.319,88.7974,71.7946,48.4998,30.9279,760,708
TATDN2,other,0.23274,0.608359,23.9028,127.838,82.508,78.4432,51.2545,390,348
TATDN3,other,0.0453774,,4.74277,120.946,90.3221,121.311,71.2078,234,226
TAX1BP1,other,0.394377,0.714546,41.4203,128.663,85.7333,59.4982,37.1508,555,505
TAX1BP3,other,0.286364,0.690946,14.775,62.2498,42.7645,38.9822,23.1121,758,755
TBC1D1,other,0.367923,0.563431,33.3716,95.0586,86.5466,36.1722,26.9725,869,762
TBC1D10A,other,0.198816,0.53001,12.1877,81.6768,46.0089,46.5618,30.9504,597,600
TBC1D10B,other,0.0879678,0.281897,14.2387,220.165,119,161.442,75.5536,184,208
TBC1D10C,other,0.337759,0.484353,24.5509,84.3862,62.611,30.1578,15.2321,1183,1382
TBC1D14,other,0.157559,0.600576,12.6696,107.635,60.074,92.0567,31.5069,301,471
TBC1D15,other,0.31111,0.695785,16.9957,60.0981,49.6579,38.022,22.6305,753,748
TBC1D16,other,0.13762,0.49448,7.37943,68.9931,41.6753,52.8328,27.8937,672,604
TBC1D17,other,0.337172,0.665487,29.1482,92.1703,81.083,54.4312,30.2491,570,663
TBC1D2,other,0.204527,0.72819,13.0635,71.8179,56.8049,60.1677,29.1803,562,619
TBC1D20,other,0.329211,0.532779,23.9351,87.6507,60.307,33.6305,22.9457,728,702
TBC1D22A,other,0.110096,0.600262,10.5344,109.473,83.6309,95.3623,61.8039,249,286
TBC1D22B,other,0.0917031,0.764029,7.30358,105.828,59.938,98.5012,47.4666,270,357
TBC1D23,other,0.238272,0.654323,8.35173,41.0465,29.9316,27.7953,17.6371,1016,991
TBC1D24,other,0.184938,0.635268,9.92581,62.2664,46.2621,51.3949,23.8064,501,687
TBC1D25,other,0.199004,0.600683,8.03201,50.6786,32.1441,36.6965,19.3567,870,937
TBC1D2B,other,0.290547,0.453638,15.9093,60.9244,49.2132,24.9778,14.9972,1234,1244
TBC1D31,other,0.26394,0.651353,21.6162,99.6546,67.3056,52.0179,44.1857,470,408
TBC1D32,other,0.292376,0.619826,13.1121,57.5909,34.9223,32.0566,17.3965,1109,1004
TBC1D3B,other,0.10063,0.530628,11.458,137.665,94.1763,122.948,62.4946,260,238
TBC1D3L,other,0.360477,0.623912,15.8754,57.1772,33.9212,24.1663,14.3082,1141,1245
TBC1D4,other,0.134925,1.51648,10.85,77.6445,83.2842,73.7948,69.9872,399,251
TBC1D5,other,0.243983,0.51893,13.7008,59.6982,52.8216,34.4104,25.2562,877,819
TBC1D7,other,0.153106,0.737861,12.8749,99.9453,70.7525,85.2958,49.9689,374,338
TBC1D8,other,0.35001,0.73313,20.6296,66.9089,51.9204,37.752,24.7635,896,827
TBC1D9B,other,0.617045,0.707009,117.891,223.622,163.235,30.3025,19.4094,873,1068
TBCA,other,0.338033,1.0001,85.4595,295.953,215.963,160.704,161.975,165,103
TBCCD1,other,0.12587,0.71638,12.1132,143.388,64.5893,134.284,33.1874,165,455
TBCEL,other,0.193566,0.709202,23.1332,150.28,95.0416,111.911,67.3114,257,278
TBK1,other,0.145628,0.914232,13.2549,89.9043,92.1466,71.992,80.4115,455,247
TBKBP1,other,0.0817359,1.06361,12.148,195.388,113.055,190.236,87.7348,154,179
TBL1X,other,0.154794,1.43328,16.1987,152.141,71.9792,143.078,57.8847,156,265
TBL1XR1,other,0.452871,0.785264,40.1504,94.4391,83.23,46.404,28.806,766,712
TBL2,other,0.0980694,2.09826,5.85303,70.9444,50.2084,70.2757,38.572,432,442
TBP,other,0.163472,0.997892,38.3269,278.983,197.035,251.507,143.345,88,124
TBPL1,other,0.314476,0.810207,28.345,114.085,71.2111,80.9375,34.2874,446,472
TBPL2,other,0.24242,0.50316,14.2559,69.2763,49.919,38.7758,23.5999,642,637
TBR1,other,0.19309,0.600248,13.3124,80.707,58.8957,59.7424,35.4335,443,485
TBRG1,other,0.277106,0.55358,14.833,57.7495,49.6156,33.6612,19.8103,899,871
TBRG4,other,0.0673791,0.908513,13.9391,269.334,158.902,262.113,126.301,107,139
TBX1,other,0.140196,1.92518,16.3471,132.049,102.962,129.044,78.9667,243,196
TBX10,other,0.145094,1.09067,14.6472,124.347,81.9552,114.153,64.2646,292,276
TBX15,other,0.0894978,,7.67478,109.068,67.4234,112.149,50.031,256,297
TBX18,other,0.141246,0.609606,8.27049,68.4876,50.0605,56.0231,35.2937,506,439
TBX19,other,0.191015,0.757767,10.9977,75.1965,44.0825,61.892,28.2507,463,539
TBX2,other,0.298984,0.673701,19.5859,66.093,64.9284,42.4256,29.2174,705,661
TBX20,other,0.129442,0.636454,6.70495,70.906,37.8408,60.1042,27.5664,418,606
TBX21,other,0.421941,0.724734,77.4419,184.758,182.326,91.2502,60.2161,406,382
TBX22,other,0.205948,0.513678,18.0284,71.8298,106.682,51.4475,46.2487,597,478
TBX3,other,0.397423,0.746515,40.868,99.589,106.182,55.5917,38.0632,569,545
TBX4,other,0.200907,0.590148,13.2941,81.18,53.9358,56.8813,33.0519,510,529
TBX5,other,0.172058,1.60185,10.3759,68.9203,52.7665,65.7216,39.6494,469,459
TBX6,other,0.173274,0.652617,10.192,70.1377,49.3283,57.0579,30.682,533,594
TBXA2R,other,0.220916,0.601529,19.5986,108.184,72.7491,73.7009,41.9652,395,424
TBXAS1,other,0.328462,0.555838,13.2603,48.9654,33.2851,21.3966,12.6411,1399,1437
TC2N,other,0.115865,0.321064,8.43846,88.4572,59.9635,61.7335,34.1144,419,454
TCAF1,other,0.103086,1.08591,13.2044,154.599,106.127,148.169,83.1308,222,194
TCAF2,other,0.0913798,0.25931,4.71877,63.8196,41.7833,45.8313,23.3744,738,704
TCAIM,other,0.329403,0.813871,14.8022,50.9596,39.6253,32.1157,22.0715,901,874
TCAP,other,0.355723,0.658493,19.2388,68.2177,42.8781,33.0284,18.6207,952,995
TCEA1,other,0.296776,0.517657,21.2971,86.8274,59.3095,37.4317,25.0432,982,703
TCEA2,other,0.165414,0.912513,13.5219,95.759,69.7825,77.2578,57.914,312,295
TCEAL1,other,0.343003,0.53119,38.0853,214.732,57.4149,39.3753,28.0996,1005,581
TCEAL2,other,0.446176,0.676277,37.3865,101.007,69.5131,35.434,22.9055,721,782
TCEAL3,other,0.2463,0.79851,26.6105,144.639,80.7032,89.7212,60.4809,333,280
TCEAL4,other,0.130419,0.61972,9.41039,84.5442,61.5816,71.4156,44.0184,336,381
TCEAL8,other,0.179053,1.19417,12.104,73.4905,62.1822,68.3332,42.2611,456,413
TCEAL9,other,0.251123,0.69489,17.7788,79.8569,62.765,57.7067,33.2127,500,511
TCEANC,other,0.167794,1.17971,12.2183,83.4879,63.5104,76.5144,48.1281,405,370
TCEANC2,other,0.330732,0.767731,25.6493,82.1358,73.2263,54.1417,33.3542,527,641
TCF12,other,0.134234,0.58153,9.46156,84.4544,58.8272,69.7174,40.8645,373,405
TCF15,other,0.235711,0.667957,12.5887,63.7667,44.7312,41.6889,28.6428,622,631
TCF19,other,0.309125,0.559552,20.5864,86.141,51.485,36.9237,23.9833,590,647
TCF20,other,0.268518,0.858599,19.4877,82.7924,63.6185,55.3455,44.8492,442,389
TCF21,other,0.200706,0.526961,13.1498,88.9703,48.2477,54.4747,30.196,478,624
TCF23,other,0.186565,0.590719,9.05643,58.2909,40.4254,43.2889,24.7578,748,748
TCF24,other,0.191162,0.846755,11.2623,73.0038,47.5448,59.2658,34.6679,503,520
TCF25,other,0.132454,0.668924,12.419,106.689,82.3988,92.6085,57.9193,272,301
TCF3,other,0.171233,0.506664,15.0868,84.2923,92.0937,61.6996,52.8488,533,398
TCF4,other,0.257763,0.59135,20.9065,113.381,58.0204,56.2781,36.1321,637,503
TCF7,other,0.266744,0.630192,14.4199,58.2388,50.1788,39.8426,21.718,784,815
TCF7L1,other,0.395094,0.65758,20.6086,62.3058,43.6687,25.1377,17.2427,1168,1166
TCF7L2,other,0.16355,1.05855,9.19036,64.9864,48.5893,60.7097,30.9642,510,492
TCFL5,other,0.412012,0.615092,24.4768,77.2181,45.7057,25.0351,15.3597,792,1150
TCHP,other,0.150689,0.501573,5.74727,47.0695,30.9043,34.6469,20.3351,872,844
TCIM,other,0.169822,0.573395,9.44604,66.751,46.3505,49.6908,30.4429,558,621
TCIRG1,other,0.0750997,0.202022,3.78184,64.4348,39.3559,42.6779,23.249,840,676
TCL1A,other,0.218951,0.643029,14.77,74.3212,61.2283,53.3281,36.0967,564,535
TCP11L1,other,0.088174,,9.63005,135.279,88.1752,135.333,76.8242,219,205
TCP11L2,other,0.601543,0.819753,116.005,213.016,174.585,83.0074,20.5516,467,1085
TCTA,other,0.316015,0.666592,20.5631,95.1549,44.4968,57.7255,19.0729,554,966
TCTN1,other,0.493485,0.73598,33.8096,90.0523,52.124,30.304,16.8039,1033,1069
TCTN2,other,0.356727,0.757463,23.8256,76.4564,58.3448,47.2166,24.508,564,671
TCTN3,other,0.284452,0.564033,14.4345,66.3016,38.8387,33.486,18.8807,725,828
TDG,other,0.359325,0.746579,15.3011,53.1713,34.1029,30.7989,15.3279,1269,1292
TDP1,other,0.224285,0.822499,18.1816,93.9488,69.9478,74.0201,45.428,361,360
TDP2,other,0.223484,0.501836,11.648,64.4369,42.1579,38.5268,21.3652,626,746
TDRD3,other,0.354826,0.606406,29.9006,101.372,70.05,43.3797,28.1263,764,661
TDRKH,other,0.0929905,0.340184,6.01613,72.698,57.5752,57.2701,37.3029,534,473
TEAD1,other,0.240341,0.833464,20.7245,91.7768,81.0171,65.7799,57.2338,451,343
TEAD2,other,0.134402,0.977872,11.8233,122.583,63.1307,114.557,44.9154,251,341
TEAD3,other,0.153825,0.412933,10.8446,93.2806,53.2828,60.5498,32.2104,416,496
TEC,other,0.430081,0.689901,23.2752,69.8053,41.9562,24.3478,16.9178,1038,1050
TECPR1,other,0.311252,0.626424,22.1939,83.2165,61.0991,49.7231,23.6213,549,759
TECPR2,other,0.101443,,8.43995,98.6087,70.1975,99.1966,55.7056,234,291
TECR,other,0.327687,0.727385,13.7538,49.5054,35.5854,29.378,17.822,1077,1068
TEDC1,other,0.169204,0.516406,29.8404,246.768,126.037,177.826,77.6033,170,217
TEDC2,other,0.180043,1.21425,45.2271,281.962,223.797,213.359,203.575,126,84
TEF,other,0.164269,0.81932,7.61318,55.6496,38.5973,48.6644,26.2364,597,606
TEFM,other,0.292275,0.771287,38.9051,143.866,123.16,99.5623,65.7299,264,259
TEKTIP1,other,0.103209,0.279132,17.5268,287.032,100.471,192.148,58.9195,114,258
TEN1,other,0.11106,,55.4689,765.128,326.026,835.481,317.988,20,51
TENM1,other,0.0596796,0.377899,5.09061,125.774,57.8492,96.8598,51.5732,299,349
TENM4,other,0.146061,0.416815,8.18058,58.9938,53.1733,38.3581,34.5068,646,544
TENT2,other,0.404503,0.544576,52.8454,220.471,77.4137,36.7354,26.1625,1028,772
TENT4A,other,0.20019,0.723886,11.3465,59.9543,53.5824,47.8352,33.3096,690,537
TENT4B,other,0.17543,0.462982,12.5514,106.373,48.1228,57.0138,33.2328,564,498
TENT5A,other,0.328303,0.726663,16.1943,59.2853,41.042,32.9171,22.2064,832,809
TENT5C,other,0.437371,0.774647,43.8622,104.446,96.2918,50.1908,37.199,468,409
TEP1,other,0.223106,0.49448,28.1087,255.454,62.1363,121.433,38.0255,156,424
TEPSIN,other,0.224235,0.651136,13.0474,69.0765,49.0128,46.0187,31.5994,543,554
TERB1,other,0.342621,0.603622,18.2208,66.2865,42.6662,29.4687,17.9177,966,997
TERF1,other,0.171372,0.805382,10.7479,73.8043,53.2955,65.4674,31.9336,468,541
TERF2IP,other,0.566262,0.822362,45.3899,91.0362,70.5779,28.0579,22.2051,1088,870
TERT,other,0.134158,,16.7454,140.638,110.778,146.475,82.8951,190,186
TES,other,0.374537,0.606034,24.2357,71.8466,58.2794,30.8727,19.2485,1049,1044
TESC,other,0.196387,0.695262,11.1802,63.7103,50.8709,50.1895,31.7458,522,601
TESK1,other,0.387792,0.607633,38.2519,104.464,93.1414,42.9706,28.6951,650,648
TESMIN,other,0.20355,1.1472,14.6112,75.8085,67.9688,69.1746,43.5163,399,359
TESPA1,other,0.486457,0.628382,65.8719,208.55,87.9227,34.2383,24.8812,1156,783
TET1,other,0.383015,0.665841,24.305,78.9807,50.9844,34.7781,20.8403,717,786
TET2,other,0.392589,0.601184,28.1836,78.3793,65.7526,34.1446,16.069,1018,1143
TET3,other,0.212284,0.716733,16.7297,98.3175,63.1705,67.3528,45.5752,492,375
TEX12,other,0.192506,0.492148,11.3369,76.3977,45.3962,51.5119,24.0735,683,647
TEX22,other,0.499877,0.578955,76.6798,141.305,166.525,25.3487,15.2458,1506,1121
TEX261,other,0.229171,0.802507,15.6223,74.4668,62.4036,61.0126,34.2369,426,480
TEX264,other,0.253745,0.72511,12.6131,57.5991,42.8978,40.6106,25.0871,716,717
TEX30,other,0.334597,0.685526,14.9323,49.7109,40.0644,27.4953,18.707,981,906
TEX56P,other,0.300334,0.706069,18.2689,64.0857,57.7368,43.8738,24.6144,758,764
TF,other,0.221669,0.581844,13.1109,77.286,45.2642,50.4864,26.3179,634,640
TFAM,other,0.410559,0.552665,74.078,124.183,262.159,36.1662,58.0376,899,414
TFAP2A,other,0.355206,0.65239,22.8273,79.6414,51.8573,38.2576,22.2727,724,823
TFAP2B,other,0.105432,0.40175,4.93523,54.1711,40.4486,45.209,23.6107,776,689
TFAP2C,other,0.121404,,10.3461,97.5107,74.4783,100.791,64.8286,290,266
TFAP2D,other,0.454089,0.656805,22.556,57.3278,43.0403,20.0148,11.4328,1657,1708
TFAP2E,other,0.285322,0.669074,15.4189,65.8669,44.3371,42.7031,21.4101,597,749
TFAP4,other,0.276629,0.689325,35.6015,137.954,120.062,89.4692,65.0469,334,298
TFB1M,other,0.200845,0.526141,19.0915,76.9105,117.482,56.5807,52.7169,555,367
TFB2M,other,0.0893825,0.270588,6.83575,82.6857,70.7355,60.6867,41.7251,536,430
TFCP2L1,other,0.31836,0.834276,19.2901,66.0393,55.5943,45.3305,29.7779,679,689
TFDP1,other,0.345446,0.720325,58.6326,230.075,125.212,104.727,72.3551,178,201
TFDP2,other,0.214134,0.600268,15.0131,78.9548,62.2571,53.6058,37.5803,513,445
TFDP3,other,0.270024,0.523176,11.8045,50.8042,37.6174,28.8542,14.4242,1165,1139
TFE3,other,0.178378,1.13582,28.8395,156.767,166.739,139.171,130.101,182,121
TFEB,other,0.278833,0.705396,17.3041,67.6997,56.8886,45.6204,29.6334,626,622
TFEC,other,0.22826,0.778588,11.6996,67.9433,38.6664,51.6838,24.7791,566,706
TFF3,other,0.303823,0.653741,12.5129,53.0323,31.9843,28.0934,17.294,941,960
TFG,other,0.119362,0.236946,10.505,89.1027,86.9295,49.8952,36.7966,619,477
TFIP11,other,0.0672537,1.71892,8.50038,169.409,94.2994,166.304,86.4236,163,185
TFPI,other,0.483833,0.686503,35.8684,89.0697,61.7025,29.1701,16.1287,1187,1181
TFR2,other,0.170037,0.820063,12.8505,87.384,65.3617,75.5137,44.6753,441,438
TG,other,0.126756,,17.6502,220.773,87.8244,253.607,78.1451,103,180
TGDS,other,0.339398,0.767075,70.2139,228.436,187.355,105.302,119.31,205,139
TGFA,other,0.202318,0.769381,10.5537,64.8744,41.9438,50.6619,28.7048,577,605
TGFB1,other,0.249604,0.740742,15.3232,69.5358,54.1986,51.1353,30.9425,492,555
TGFB3,other,0.262694,0.645701,15.5722,71.2062,49.3495,45.9634,26.3085,608,613
TGFBI,other,0.263679,1.06043,13.7087,58.8268,45.9482,49.9905,27.0351,632,643
TGFBR2,other,0.172527,0.65559,11.328,75.2438,57.295,61.3731,35.7702,477,470
TGFBR3,other,0.296389,0.722852,10.588,46.6965,27.3288,28.1348,15.77,1073,1087
TGFBRAP1,other,0.110952,0.363133,12.7644,126.175,104.896,89.7193,71.0026,333,239
TGIF1,other,0.192393,0.656761,14.153,84.493,64.0471,68.7709,34.5097,460,483
TGIF2,other,0.271932,0.823927,17.3267,70.5928,57.5112,54.1832,30.5613,566,589
TGIF2-RAB5IF,other,0.175863,0.941646,20.7277,123.428,112.548,102.911,88.9308,228,194
TGIF2LX,other,0.163693,2.05539,23.4123,134.149,152.491,130.4,117.876,192,162
TGIF2LY,other,0.208251,0.50733,13.3435,58.9242,69.6739,40.6111,31.8998,784,589
TGM1,other,0.389868,0.701817,18.2624,62.3976,35.1651,27.9776,15.4927,1251,1221
TGOLN2,other,0.209163,0.672039,8.71985,54.4549,31.9163,39.4755,20.6771,812,814
TGS1,other,0.135804,0.88364,38.9162,380.244,215.959,312.294,187.415,69,77
THADA,other,0.265606,0.787044,15.0241,72.5986,44.0727,52.9704,25.5077,526,613
THAP10,other,0.172127,1.65471,19.4134,164.59,77.2854,158.57,54.4222,187,310
THAP11,other,0.483775,0.759589,55.011,153.145,84.4323,48.3585,34.3787,629,526
THAP12,other,0.502721,0.615309,83.3214,179.481,153.053,34.6625,26.4327,1114,913
THAP2,other,0.397486,0.852392,25.647,75.1254,55.4169,48.2838,21.6893,552,733
THAP4,other,0.194417,0.844245,66.9745,347.657,341.349,273.469,256.519,104,72
THAP5,other,0.220002,0.763562,14.3696,76.9799,55.4191,54.5854,39.6044,469,414
THAP6,other,0.194198,0.947567,27.2719,199.673,98.7699,157.12,79.3034,124,200
THAP8,other,0.14325,0.683295,8.45787,67.0093,52.023,58.0642,34.8946,455,463
THAP9,other,0.151626,0.789964,16.2804,126.082,91.438,95.9638,77.3361,309,192
THBS1,other,0.0745593,0.39873,4.20723,66.8434,47.6355,59.8792,31.6485,506,502
THBS3,other,0.245823,0.709531,20.8884,100.239,72.0329,71.4071,41.9722,362,390
THBS4,other,0.301063,0.704881,19.4325,66.0035,63.1216,47.1205,22.8724,542,766
THEM4,other,0.113067,0.776031,4.9739,58.5416,33.0565,54.1012,23.805,553,721
THEM5,other,0.226014,0.460376,8.05426,44.299,28.6672,21.3698,15.3186,1185,1143
THEM6,other,0.232838,0.457747,9.90019,56.5611,31.9641,28.7363,15.1527,929,1055
THEMIS,other,0.167702,1.30728,9.84939,74.087,46.5585,69.2002,34.9424,438,463
THEMIS2,other,0.130189,0.854324,6.83085,63.2559,43.5212,54.7494,36.0057,541,477
THG1L,other,0.208232,,215.661,1459.33,735.011,1333,743.501,15,22
THNSL1,other,0.346939,0.599387,21.5168,75.3244,51.0638,34.6878,19.3518,1074,1053
THOC1,other,0.268253,1.02584,147.055,529.112,567.968,380.857,429.358,45,40
THOC6,other,0.436337,0.787131,55.3996,110.334,146.103,59.0297,49.5505,530,483
THOC7,other,0.0660659,,29.311,606.624,324.48,509.069,339.86,51,42
THOP1,other,0.252181,0.687476,17.5755,84.2185,57.6747,58.97,31.7886,593,496
THRA,other,0.165099,0.430547,18.5496,179.045,70.5048,118.983,39.5996,154,365
THRAP3,other,0.367359,0.594704,39.1855,136.223,83.5253,45.2412,35.806,609,480
THRB,other,0.287119,0.51698,15.4355,62.479,46.2575,33.7416,15.2373,946,1165
THTPA,other,0.195057,0.553143,19.7873,128.017,80.3861,86.5868,49.4988,291,317
THUMPD1,other,0.396429,0.550499,62.3881,155.746,159.021,56.0738,30.1623,525,656
THUMPD2,other,0.381101,0.697723,18.1004,52.8639,42.6715,29.8956,13.3705,1354,1381
THUMPD3,other,0.190967,0.47416,12.0494,75.1058,53.0078,49.085,28.1903,650,612
THY1,other,0.232554,0.576922,8.92019,48.4131,30.3905,28.8354,18.1795,1101,971
THYN1,other,0.576545,0.730148,32.5757,70.0791,45.5547,17.5106,7.68943,2122,2310
TIA1,other,0.542763,0.649827,56.2703,110.38,97.3751,20.2178,14.2103,1141,1450
TIAL1,other,0.337885,0.642759,23.5623,72.4167,67.1523,40.421,25.1524,629,645
TIAM1,other,0.326699,0.615682,19.1154,74.6442,45.8646,38.2454,19.3816,689,837
TIAM2,other,0.466972,0.623564,49.0121,145.099,75.9205,36.6392,18.9599,810,931
TICAM1,other,0.29292,0.777154,16.7179,63.1039,51.6192,44.3363,26.962,665,694
TIFA,other,0.121175,1.33361,14.1236,135.54,100.23,128.631,83.994,223,213
TIGAR,other,0.27682,0.648098,28.2484,128.012,81.3477,68.3972,49.4796,315,351
TIGD1,other,0.245129,0.475997,24.395,146.123,67.7786,74.7806,30.9617,454,485
TIGD2,other,0.151108,0.755708,14.0922,128.084,67.9031,89.5698,58.8743,306,272
TIGD3,other,0.396812,0.715203,17.3154,60.4869,31.48,26.9964,13.9782,915,1183
TIGD4,other,0.397537,0.567221,30.7761,91.6221,65.4141,30.5432,17.2158,1377,1269
TIGD5,other,0.175317,0.932273,17.9628,134.882,77.8302,122.685,47.3929,253,353
TIGD6,other,0.0933054,0.60862,18.3205,428.235,90.0282,402.032,55.4477,51,281
TIGD7,other,0.190348,0.793884,14.9689,85.7408,72.1268,75.1827,38.454,413,426
TIGIT,other,0.132101,0.796603,5.81588,52.7917,36.7158,47.5812,26.4861,613,618
TIMD4,other,0.0565942,,4.66782,111.172,61.191,111.262,51.8857,254,286
TIMM10,other,0.419483,0.624816,91.0217,303.113,155.331,103.31,49.1158,221,319
TIMM10B,other,0.194726,0.452912,9.40251,57.9648,40.2229,34.1733,22.1079,820,801
TIMM13,other,0.210661,1.24726,47.0455,235.93,211.39,204.516,166.101,109,116
TIMM17A,other,0.165029,0.597992,11.3728,68.444,69.3865,55.5971,41.2323,550,454
TIMM21,other,0.594833,0.733804,33.9611,72.7878,44.7831,11.747,9.69313,2371,1821
TIMM22,other,0.151025,,224.397,1767.9,1248.75,1806.4,1207.1,14,13
TIMM23,other,0.161382,0.627449,17.1639,133.968,84.4347,79.9521,70.5813,293,247
TIMM29,other,0.146794,1.56474,17.9079,146.803,101.377,130.985,93.0966,206,159
TIMM8A,other,0.14143,0.502181,8.26192,66.7277,51.1414,50.9148,34.0243,517,521
TIMM8B,other,0.177017,0.580863,52.5637,232.891,378.608,171.86,244.432,126,75
TIMM9,other,0.105306,0.732596,29.09,306.482,248.987,252.347,219.862,71,69
TIMMDC1,other,0.341294,0.557331,40.9573,149.808,96.1327,53.8288,39.8648,534,492
TIMP1,other,0.204844,1.07863,31.8452,181.26,133.333,155.527,99.4609,122,156
TIMP2,other,0.158501,0.336838,15.65,151.366,64.4079,67.0116,38.8175,402,439
TIMP3,other,0.280688,0.578998,18.1018,79.6204,52.2364,37.8564,28.8325,755,639
TINF2,other,0.0872217,,58.2187,841.411,529.503,854.147,493.67,22,23
TIPARP,other,0.205774,0.636948,32.1773,194.234,125.89,127.435,87.6854,232,219
TIPIN,other,0.147531,1.29249,14.7136,121.338,81.9743,112.413,67.4538,223,237
TIPRL,other,0.313756,0.480648,32.7452,131.127,83.0653,45.3223,28.9737,595,548
TIRAP,other,0.211378,0.547451,9.77023,50.9798,41.9076,33.903,23.2561,743,743
TJAP1,other,0.117668,0.753587,10.1661,103.717,71.9693,92.9795,55.0201,356,335
TJP2,other,0.0683936,0.855616,8.06782,134.013,103.833,130.923,75.0573,227,204
TJP3,other,0.182845,0.693824,11.0979,79.3996,46.398,58.996,33.8585,415,531
TK1,other,0.131727,0.647294,7.22174,69.297,43.3728,57.8817,32.4686,583,516
TK2,other,0.299689,0.662143,20.1992,93.1608,48.7635,57.493,22.6725,446,634
TKFC,other,0.0411422,,33.8064,778.363,867.441,818.813,913.011,25,10
TKT,other,0.0908964,0.336467,17.3396,275.451,132.112,181.368,103.884,105,166
TKTL1,other,0.188734,0.562092,13.9184,93.9423,57.8921,62.1745,38.5911,435,429
TLCD1,other,0.199593,0.892053,11.5942,68.8932,48.9793,57.2915,34.4188,487,485
TLCD3A,other,0.0496274,,3.30495,87.8402,50.4887,88.8121,28.4393,339,579
TLCD5,other,0.302312,0.536947,19.5918,82.6165,50.836,32.7017,24.164,830,766
TLDC2,other,0.191867,0.669502,9.25621,61.6657,37.7416,46.5295,25.1133,692,670
TLE1,other,0.316531,0.693078,18.0695,64.6242,50.4269,37.0611,25.7666,673,649
TLE2,other,0.168681,0.834336,8.47946,64.5,39.178,53.0956,30.1211,657,601
TLE3,other,0.381623,0.846645,34.4905,111.956,72.9593,62.8035,39.1958,503,467
TLE4,other,0.219027,0.424522,23.4374,131.624,86.9937,76.1437,32.0547,391,449
TLE5,other,0.222131,0.523475,13.5096,72.9905,50.6762,42.2843,28.9857,660,584
TLK1,other,0.103081,2.96478,16.3156,175.715,142.574,172.666,132.642,125,121
TLK2,other,0.294508,0.718996,39.327,157.146,113.471,91.4825,67.9084,286,237
TLN1,other,0.233174,0.66636,34.119,148.995,143.702,103.747,85.7619,316,267
TLN2,other,0.296922,0.581354,22.8259,114.431,51.6449,53.9146,26.1707,802,695
TLNRD1,other,0.226711,0.691668,11.2924,68.4454,36.2479,51.6024,20.4223,545,848
TLR1,other,0.217014,0.636744,17.8233,96.6883,69.7635,65.1505,44.9198,445,416
TLR2,other,0.186182,0.578475,8.15336,48.256,39.7415,36.2229,23.2324,785,740
TLR5,other,0.309199,0.804664,26.1241,86.1452,82.8658,62.0028,39.207,579,534
TLR6,other,0.23741,0.443884,12.9884,70.9545,42.1824,33.794,19.1421,815,805
TLX1,other,0.463206,0.736952,41.8288,98.3731,82.8945,41.0182,26.7247,655,692
TLX2,other,0.355913,0.72813,15.5208,48.942,38.8561,28.074,17.0826,888,936
TLX3,other,0.254472,0.713856,13.3134,68.9256,39.7119,46.2617,24.3649,602,725
TM2D1,other,0.42051,0.489976,116.7,243.979,315.671,48.1281,26.0272,717,719
TM2D2,other,0.271471,0.766958,36.361,114.6,156.545,88.8872,69.1323,359,357
TM2D3,other,0.281541,0.781558,19.7434,75.4434,65.1841,56.245,31.9444,628,566
TM4SF1,other,0.674854,0.733922,132.029,244.647,156.452,24.258,9.60963,2539,2784
TM6SF1,other,0.266965,0.566481,13.9004,55.9923,48.4192,34.9187,19.8469,796,842
TM7SF2,other,0.259971,0.638193,9.83394,47.5379,30.1001,27.7837,18.0804,944,944
TM7SF3,other,0.323646,0.746529,16.328,62.0571,41.0144,36.6464,22.1884,888,895
TM9SF2,other,0.265467,0.420727,33.3867,168.973,93.6075,63.1344,34.1095,496,482
TM9SF3,other,0.192123,0.646211,18.2778,123.817,73.0986,86.0352,51.9239,325,327
TM9SF4,other,0.141649,0.796241,10.1056,90.2764,56.3799,78.9068,42.2124,381,374
TMA7,other,0.107161,0.454383,6.46185,69.2682,52.4938,57.7292,34.9672,427,508
TMBIM1,other,0.108952,0.804525,5.852,64.665,44.6139,59.8386,33.6514,503,478
TMBIM4,other,0.129199,1.67896,27.189,156.613,282.775,142.081,264.729,223,81
TMBIM6,other,0.128854,0.456386,6.73207,66.3001,41.1705,49.8587,27.9365,493,616
TMC5,other,0.27922,0.717346,12.198,53.6212,35.5914,36.4744,18.7285,1004,924
TMC6,other,0.12542,0.641613,7.0388,60.6082,51.9678,54.0861,33.5152,549,512
TMC8,other,0.0770757,0.261685,4.75286,59.0586,64.3862,48.7394,32.4191,595,542
TMCC1,other,0.260551,0.542044,28.6654,114.344,105.857,67.6136,46.0091,561,437
TMCC2,other,0.30253,0.762544,13.7889,55.219,37.6213,34.3932,21.9203,934,856
TMCC3,other,0.11305,0.578726,10.6661,122.136,72.8836,108.946,47.1312,305,352
TMCO1,other,0.235521,0.63261,13.6091,69.7388,47.8769,44.1462,29.7939,607,565
TMCO3,other,0.331607,0.813145,26.836,87.2641,75.05,59.9773,35.1341,435,468
TMCO4,other,0.347385,0.510576,15.0173,58.9773,31.6867,18.472,10.3292,1835,1776
TMED1,other,0.298547,0.625555,22.8454,105.604,55.4488,57.1775,27.9074,375,583
TMED10,other,0.279688,0.671947,29.2919,144.59,75.8598,81.666,45.6595,372,377
TMED2,other,0.216665,0.543225,21.7365,129.158,77.9252,82.5712,43.5571,362,449
TMED4,other,0.454117,0.527221,76.4988,251.68,112.752,23.5402,20.4689,836,911
TMED5,other,0.128146,0.773551,6.86015,73.3061,39.0944,62.9465,31.5027,569,534
TMED6,other,0.548513,0.75362,43.8315,107.054,59.648,29.6544,15.9432,1371,1469
TMED7,other,0.15513,1.09157,12.6825,99.6511,67.0712,92.3364,48.6164,333,340
TMED8,other,0.241286,0.669125,11.1047,52.502,40.3435,37.1517,22.4011,952,818
TMED9,other,0.404717,0.71227,150.889,471.601,294.74,163.229,149.21,149,119
TMEM101,other,0.380112,0.688429,21.1009,75.8591,40.6228,35.5534,17.3143,829,973
TMEM102,other,0.147455,0.447468,12.7887,136.78,54.9931,88.9283,37.9233,288,429
TMEM106A,other,0.199982,0.694869,12.897,81.0108,51.3396,55.6814,37.7394,512,478
TMEM106B,other,0.0926117,0.557743,8.63994,129.456,67.2304,107.08,56.5062,271,316
TMEM106C,other,0.249322,0.545255,17.2754,95.9662,50.0287,50.0411,28.1708,554,604
TMEM107,other,0.358126,0.834823,23.7677,73.2637,60.1194,49.1135,26.556,588,639
TMEM109,other,0.117101,0.431556,6.19611,61.7826,45.3161,51.1261,25.9721,611,590
TMEM11,other,0.10984,,9.43139,87.9307,83.8476,88.9176,70.8358,277,260
TMEM115,other,0.295559,0.927245,14.8943,53.678,47.3102,41.3469,26.3862,805,745
TMEM116,other,0.216816,0.763207,11.5481,65.0448,43.6136,49.1808,29.1818,557,560
TMEM117,other,0.0942827,0.619514,10.698,171.891,74.9009,157.218,54.5779,158,278
TMEM119,other,0.195496,0.749169,12.1728,78.5897,49.3335,63.5,31.8373,536,556
TMEM120A,other,0.212929,0.583843,11.1705,57.0003,48.2834,39.4051,27.4788,809,692
TMEM120B,other,0.116625,1.30566,11.2132,95.7075,96.5891,90.5154,82.3835,286,249
TMEM121,other,0.0718172,0.425781,3.08682,54.6911,33.7792,46.4761,27.3811,639,644
TMEM123,other,0.506344,0.58929,41.7625,93.8814,72.4606,16.0765,7.90881,2465,2433
TMEM126A,other,0.243668,0.586874,10.7459,49.0111,39.6817,30.2305,21.8298,1042,922
TMEM126B,other,0.354741,0.590012,45.0933,124.253,130.045,64.0727,32.9832,437,532
TMEM127,other,0.299975,0.7826,21.5818,71.907,71.9838,47.5768,40.7264,620,495
TMEM128,other,0.144276,0.468341,8.58445,72.3027,48.9646,56.4463,27.7762,554,631
TMEM129,other,0.186278,,267.25,1619.81,1270.72,1136.62,1482.09,21,10
TMEM131,other,0.223233,0.492658,15.7907,86.3481,57.9469,48.0328,31.1344,809,567
TMEM131L,other,0.444464,0.644396,23.4095,57.5504,48.2017,20.8042,12.2876,1341,1407
TMEM134,other,0.184075,0.605661,10.6418,63.7617,52.4178,52.0305,26.1013,610,623
TMEM135,other,0.283866,0.788325,18.6412,74.6365,57.779,51.2325,33.8873,547,540
TMEM138,other,0.25348,0.500627,20.6877,86.6465,76.8748,47.9773,32.7148,561,550
TMEM140,other,0.361474,0.586198,31.0538,105.458,69.9831,43.7436,24.5103,739,826
TMEM141,other,0.399611,0.632262,20.4539,62.0026,42.2541,25.1227,13.8769,870,1187
TMEM143,other,0.14888,0.365325,7.84763,64.9382,42.7861,42.9433,21.8065,733,782
TMEM14A,other,0.260222,0.706069,14.332,72.6502,41.7531,51.2365,22.5121,530,795
TMEM14B,other,0.263336,0.649172,14.3659,66.4347,44.7969,42.6215,24.232,662,668
TMEM14C,other,0.176006,0.824558,14.6199,111.151,62.0757,91.6556,45.9501,498,397
TMEM150A,other,0.0726553,0.486661,7.94243,137.588,86.8543,127.296,60.9759,197,307
TMEM154,other,0.3674,0.580497,19.8813,70.1935,41.7172,26.165,15.0759,1047,1131
TMEM156,other,0.305463,0.657014,17.0397,60.3991,51.5202,37.8046,21.7507,882,864
TMEM160,other,0.0824584,1.09491,8.30941,139.013,73.049,133.588,62.4322,224,271
TMEM161A,other,0.237752,0.493455,14.2208,79.9266,44.762,40.7848,23.5436,890,743
TMEM161B,other,0.244912,0.574694,18.6025,94.2462,61.2152,56.5496,33.4201,599,512
TMEM164,other,0.136654,0.793295,9.20716,85.5239,53.0789,75.5563,39.5648,401,457
TMEM165,other,0.424848,0.712166,51.4709,155.792,94.2132,78.5804,26.5612,428,685
TMEM167A,other,0.292718,0.593029,21.4218,75.1759,71.2416,48.9391,21.5084,597,742
TMEM167B,other,0.151819,1.05988,13.9522,106.131,79.5767,93.868,65.4463,312,240
TMEM168,other,0.152005,0.408744,6.98444,59.8074,35.3016,34.55,23.7412,851,762
TMEM169,other,0.428254,0.943884,68.6928,183.876,139.925,110.106,68.1284,318,339
TMEM170A,other,0.154696,0.447265,8.45207,70.2148,42.5146,45.3307,28.1639,558,591
TMEM170B,other,0.43294,0.686064,27.6161,72.3604,56.2298,30.2231,17.777,846,923
TMEM175,other,0.40352,0.787955,38.4527,106.637,85.1562,52.0539,41.5255,679,511
TMEM176B,other,0.222008,0.858515,11.7609,73.6486,38.1052,56.4808,27.1738,468,612
TMEM177,other,0.244454,0.749257,9.50798,48.7691,31.0197,36.2434,18.1635,791,910
TMEM178B,other,0.126737,1.00258,7.59697,69.0851,52.0103,65.7004,35.0464,483,509
TMEM179B,other,0.274572,0.67926,19.8362,80.4404,64.8826,52.5368,34.3206,475,445
TMEM18,other,0.199459,0.757252,7.40376,46.5166,29.6202,36.1418,20.4063,801,820
TMEM181,other,0.325049,0.728391,39.7291,146.638,101.876,72.7035,61.6378,302,253
TMEM182,other,0.234053,0.578789,11.4533,53.8733,44.4488,38.0928,19.6346,878,858
TMEM183A,other,0.177697,0.487944,11.9815,90.051,50.4858,61.8618,29.0965,396,608
TMEM184B,other,0.299559,0.787752,26.6905,110.914,71.5757,69.897,43.5876,311,391
TMEM184C,other,0.270251,0.656784,15.9348,83.5787,41.597,48.4656,24.833,609,674
TMEM185A,other,0.361319,0.488647,20.7119,79.0772,41.5532,18.2826,12.0015,1569,1487
TMEM185B,other,0.0203286,0.198934,2.48389,140.59,106.193,131.502,89.0388,192,173
TMEM187,other,0.300606,0.656304,13.4529,52.7781,37.9476,30.6473,18.962,816,886
TMEM19,other,0.183887,1.50027,13.7507,87.4358,63.9531,81.534,49.7191,356,314
TMEM191B,other,0.208086,0.520268,8.24498,44.7912,35.0511,28.2661,19.8533,943,884
TMEM192,other,0.103894,,7.86354,83.9964,68.2013,85.0997,57.9359,339,324
TMEM199,other,0.184338,0.774455,9.72094,69.178,40.1993,56.901,27.3661,465,616
TMEM200A,other,0.449364,0.7329,19.8658,59.5986,32.793,24.7165,11.73,1328,1560
TMEM201,other,0.216431,0.596212,11.1736,63.7211,41.8272,44.3193,23.7247,766,667
TMEM203,other,0.208396,0.722326,11.3722,66.7111,44.639,51.9696,27.8246,567,665
TMEM204,other,0.157329,0.466449,8.01415,68.7562,37.7387,46.6393,24.3917,609,624
TMEM205,other,0.279739,0.576154,14.2314,68.1336,37.9867,31.0604,21.5293,884,845
TMEM208,other,-0.0298224,-0.128938,-5.07326,216.188,133.861,185.853,82.8272,123,196
TMEM214,other,0.289278,0.547476,35.7415,118.499,128.826,64.4662,49.9471,454,411
TMEM216,other,0.11556,0.696411,9.31691,80.8957,80.3531,69.8088,64.2094,479,331
TMEM217,other,0.193055,0.588255,16.9989,123.828,62.6128,90.4195,37.6177,267,416
TMEM218,other,0.142051,0.593987,5.50746,43.4333,34.6094,36.8821,21.4866,794,803
TMEM219,other,0.140863,1.5485,12.6913,101.624,79.8772,98.2793,59.7934,261,304
TMEM220,other,0.415788,0.684748,26.6852,74.4213,55.3476,31.6529,19.8372,782,929
TMEM222,other,0.253085,0.475996,13.1873,59.6048,45.5509,29.0751,20.41,964,898
TMEM223,other,0.287621,0.669084,11.4981,50.5264,31.6293,30.7994,16.6591,1036,1000
TMEM229B,other,0.267181,0.440598,31.8526,114.282,124.366,63.8025,20.8307,547,929
TMEM230,other,0.458537,0.764693,29.0985,83.3404,48.3212,34.4373,18.7117,854,991
TMEM231,other,0.175482,0.660673,12.0044,71.7251,65.2447,58.7146,39.869,414,387
TMEM234,other,0.156855,2.82262,32.3177,198.692,213.65,191.713,194.868,111,85
TMEM237,other,0.290877,0.878651,19.2693,72.7537,60.3194,53.7516,35.0092,559,545
TMEM238,other,0.125687,,80.6943,1146.72,359.455,1291.2,345.713,18,46
TMEM241,other,0.294529,0.760836,16.632,77.2636,41.2721,48.4729,24.6742,629,684
TMEM242,other,0.0946939,0.395429,14.429,223.368,103.946,152.909,85.0486,127,174
TMEM243,other,0.212501,0.503406,17.5297,115.547,58.893,64.5228,35.1283,578,521
TMEM245,other,0.164063,0.469841,12.92,120.366,51.5222,83.0554,31.2555,288,473
TMEM248,other,0.332384,0.437399,27.5051,93.8355,72.9756,22.9473,17.1935,1005,1062
TMEM25,other,0.385231,0.546367,19.4818,64.5213,39.638,20.7209,10.6104,1761,1864
TMEM250,other,0.476876,0.71877,27.1308,66.6699,48.5494,24.0435,15.1249,1343,1486
TMEM254,other,0.199468,0.657819,17.4612,118.773,64.5183,86.2317,42.8663,347,415
TMEM255A,other,0.283138,0.656345,13.6294,51.8603,44.6812,32.9476,21.8809,1002,868
TMEM256,other,0.351361,0.748372,25.4325,91.8172,57.0618,44.93,32.4304,580,541
TMEM258,other,0.0788207,,26.7924,304.476,379.481,292.934,387.141,72,39
TMEM259,other,0.134384,,45.9745,371.602,314.962,301.714,319.895,83,53
TMEM260,other,0.385118,0.600089,18.7092,64.8876,36.3715,24.2407,12.4575,1272,1469
TMEM263,other,0.490908,0.762786,46.8471,94.4395,96.4296,40.3431,26.7042,949,844
TMEM265,other,0.329079,0.688215,23.1388,84.9762,58.1813,45.9118,29.2444,612,670
TMEM267,other,0.4717,0.709209,42.4037,102.086,79.1605,39.9437,21.6336,657,799
TMEM268,other,0.212038,0.527545,10.6336,60.1444,41.8155,37.3029,24.028,793,718
TMEM273,other,0.191059,0.38842,9.45468,62.0478,39.4668,30.8636,20.4667,997,923
TMEM30A,other,0.392732,0.597889,34.5942,113.37,68.4413,29.3276,28.6058,835,646
TMEM30B,other,0.246466,0.707026,12.3158,65.7482,37.9777,46.3739,22.3163,640,711
TMEM33,other,0.0768965,0.330722,6.51739,90.4099,79.4545,79.082,45.1719,339,351
TMEM35B,other,0.129378,0.414428,7.37083,83.3059,38.9617,49.535,29.5949,590,581
TMEM38B,other,0.0601339,0.52521,4.85755,109.355,59.6701,102.597,47.0132,234,320
TMEM39A,other,0.141751,1.99433,40.8865,285.096,291.821,271.172,261.635,92,55
TMEM39B,other,0.145206,0.379863,9.26182,87.7322,46.3727,50.2076,30.5302,563,573
TMEM40,other,0.186379,0.530681,12.3009,70.866,61.4668,53.0703,31.2748,562,520
TMEM41A,other,0.0134022,0.0587756,0.74504,72.1704,42.8203,56.2633,32.7191,519,474
TMEM42,other,0.116937,0.387174,7.98283,80.9353,57.5799,61.0346,36.2183,460,496
TMEM43,other,0.14321,0.888719,8.55184,78.3492,45.513,70.2698,34.0522,418,501
TMEM44,other,0.256687,0.616619,19.9951,68.6884,88.34,47.6319,38.402,635,568
TMEM45A,other,0.213592,0.712953,15.3703,85.2658,60.7327,64.5298,38.3188,476,460
TMEM45B,other,0.169873,0.337389,14.6275,129.385,57.3064,61.8224,29.4857,496,564
TMEM50A,other,0.20935,0.580502,9.33204,52.972,37.5114,38.1178,20.1136,726,801
TMEM50B,other,0.33096,0.742989,26.803,97.6548,67.1617,56.7972,35.3104,597,575
TMEM53,other,0.0882351,0.355298,5.47227,74.2491,51.8036,62.9096,30.884,495,514
TMEM54,other,0.293029,0.945922,17.8366,71.665,51.7008,54.2576,31.2748,562,593
TMEM59,other,0.135186,0.525295,6.85142,63.9118,40.1899,54.221,22.6349,508,678
TMEM60,other,0.157252,0.967991,11.2077,99.1206,51.2475,90.536,35.6316,339,414
TMEM62,other,0.310257,0.781265,17.1184,61.3676,49.6069,43.7966,22.2838,653,740
TMEM63A,other,0.494802,0.656552,54.3616,165.69,72.8491,36.7945,19.6618,999,957
TMEM63B,other,0.273103,0.878424,35.2,135.201,122.872,104.229,71.0267,287,285
TMEM63C,other,0.282496,0.624409,22.4093,103.619,60.7286,52.1557,35.701,488,441
TMEM64,other,0.20322,0.640449,15.2828,98.1289,57.6333,70.9953,36.6474,415,524
TMEM65,other,0.186754,0.976005,12.1763,79.3339,53.5833,68.3174,39.4552,422,416
TMEM67,other,0.323039,0.707196,14.9662,55.273,38.833,32.0506,19.5473,921,951
TMEM68,other,0.246566,0.6797,11.3192,52.0506,40.4892,37.5404,21.3764,793,827
TMEM69,other,0.365488,0.635548,17.1038,61.149,35.8138,25.4816,15.5081,1250,1234
TMEM70,other,0.297552,0.535275,19.5247,68.734,62.6432,35.1632,23.0103,842,859
TMEM71,other,0.225087,0.682299,10.1035,58.1591,34.6433,41.1527,21.7497,799,763
TMEM80,other,0.220949,0.639172,15.6888,90.8217,55.5146,61.9927,34.616,509,485
TMEM81,other,0.454491,0.733115,31.7834,75.5336,64.7453,35.2404,18.0983,906,960
TMEM86A,other,0.595462,0.754468,155.541,235.872,289.272,63.7694,42.3148,438,520
TMEM86B,other,0.415159,0.584947,35.2511,92.1511,78.2378,33.1242,16.7112,1130,1169
TMEM87A,other,0.280543,1.21195,33.2475,117.652,119.377,100.442,75.648,284,241
TMEM87B,other,0.182118,0.436578,25.3633,211.209,91.8323,107.306,59.3489,206,264
TMEM88,other,0.0376925,0.271329,2.12421,76.259,41.6481,67.1297,34.9343,415,454
TMEM8B,other,0.434892,0.757475,58.9576,124.756,147.317,64.5968,46.6149,463,404
TMEM9,other,0.251576,0.5424,15.5582,75.152,50.8912,41.801,26.221,793,698
TMEM91,other,0.334519,0.732198,21.6762,73.4705,57.1495,44.9955,26.3712,805,815
TMEM94,other,0.236439,0.528854,16.0901,71.0039,65.2223,45.8236,28.4616,676,708
TMEM97,other,0.378771,0.504853,35.8775,99.5495,90.1264,30.9902,16.4635,1176,938
TMEM98,other,0.406352,0.713229,36.7865,98.0561,83.5791,47.4062,31.0573,548,601
TMEM9B,other,0.340389,0.676076,15.151,56.9125,34.8116,30.932,15.481,1093,1244
TMIE,other,0.215045,0.588084,12.9649,91.7777,39.604,59.6558,24.4735,445,590
TMIGD2,other,0.283118,0.500401,11.6117,57.2089,29.4031,24.8986,12.7377,1179,1277
TMLHE,other,0.128981,0.486054,8.16305,69.8617,57.334,52.738,40.8623,478,422
TMOD2,other,0.208912,0.937042,11.9923,80.1746,41.0998,67.0649,28.6061,451,531
TMOD3,other,0.119441,0.741731,8.97626,83.8704,67.3406,77.2403,45.2518,348,370
TMPO,other,0.116785,0.386166,8.40537,97.6991,53.0214,72.1824,34.4545,395,448
TMPPE,other,0.238738,0.630843,15.4067,85.4846,48.7181,55.3489,28.9257,539,569
TMPRSS13,other,0.416981,0.644868,24.6496,91.9718,37.9956,29.0157,14.7875,1023,1181
TMPRSS3,other,0.10843,0.571834,8.32602,87.7041,67.2284,77.1608,47.1208,409,341
TMPRSS5,other,0.289682,0.640464,16.1427,73.5971,42.194,42.6303,21.6792,668,721
TMPRSS6,other,0.439242,0.762598,26.4666,70.9755,51.1538,33.0994,19.353,867,870
TMSB10,other,0.228051,0.482611,9.91909,51.7128,36.5833,30.4372,16.7284,914,907
TMSB15B,other,0.218018,0.492513,15.0168,75.9583,62.4585,52.2228,23.2917,740,761
TMSB4X,other,0.276017,0.64581,15.1793,77.6493,38.9487,44.1905,22.4374,623,708
TMSB4Y,other,0.208764,0.415886,17.5932,133.067,53.3718,61.2184,28.4645,472,543
TMT1A,other,0.363646,0.623528,16.6926,53.1069,39.6769,24.1844,14.8969,1358,1279
TMTC2,other,0.0794476,0.863284,18.0532,330.354,156.303,311.655,132.916,70,114
TMTC3,other,0.316969,0.815324,47.4373,163.264,137.188,102.531,81.4494,240,229
TMTC4,other,0.377639,0.68927,15.3851,52.8955,31.3784,24.6486,13.7402,1306,1399
TMUB1,other,0.157063,0.52416,10.6109,94.9899,48.0484,73.2508,29.1975,444,563
TMUB2,other,0.135306,0.525358,8.3126,72.1908,52.2826,55.0788,37.652,475,460
TMX1,other,0.242876,0.689355,26.1318,80.3095,144.145,67.0087,36.1083,550,538
TMX2,other,0.0921813,0.339488,10.4539,141.841,90.6716,98.5764,68.7549,288,247
TMX3,other,0.126754,0.490193,9.59026,80.6531,70.9767,64.7828,46.8587,397,356
TMX4,other,0.155791,0.598614,10.1186,93.1712,45.2762,60.0034,36.6618,410,445
TNF,other,0.197024,0.57436,13.5431,77.092,61.2899,53.4148,37.8078,502,425
TNFAIP1,other,0.239094,0.559642,25.4519,160.612,70.5546,93.0819,39.9264,275,410
TNFAIP2,other,0.218573,0.391872,10.6965,64.7114,37.009,27.6475,16.9069,969,957
TNFAIP3,other,0.0656011,0.489502,9.42016,193.547,106.539,168.991,91.4569,162,166
TNFAIP6,other,0.254254,1.02943,13.7537,63.2004,46.3001,53.5131,27.8736,589,639
TNFAIP8,other,0.086949,0.353323,6.37593,91.0597,59.0515,75.8478,37.6442,399,415
TNFAIP8L1,other,0.183426,0.779549,9.6182,63.2897,43.4441,51.4153,30.6241,583,571
TNFAIP8L2,other,0.212704,0.467471,9.09784,55.6206,32.892,29.3471,18.4758,947,917
TNFRSF10A,other,0.437666,0.710377,32.6058,91.0441,60.961,36.5757,22.2827,732,845
TNFRSF10B,other,0.291131,0.550252,23.9466,115.85,58.4,54.7751,27.3904,656,620
TNFRSF10D,other,0.423285,0.663631,41.6811,103.66,93.5407,43.5469,27.9178,911,870
TNFRSF11A,other,0.10757,0.390588,7.57343,88.7708,55.8384,69.6191,36.2074,409,431
TNFRSF12A,other,0.256674,0.586865,14.7393,88.0375,37.4563,38.0356,24.8411,821,700
TNFRSF13B,other,0.0110913,0.0514504,0.702504,89.1126,45.0189,67.8821,36.2375,488,475
TNFRSF13C,other,0.201369,1.3016,15.6095,96.6802,62.152,84.4773,50.3662,357,338
TNFRSF14,other,0.235919,0.505004,15.2023,93.9014,44.2199,49.8771,23.6357,504,672
TNFRSF18,other,0.127181,0.754649,7.98088,76.4608,51.5016,69.9898,34.2178,410,500
TNFRSF1A,other,0.130478,0.45527,11.2181,107.308,68.8859,84.1863,42.6268,381,400
TNFRSF1B,other,0.12257,,32.467,321.167,218.469,324.292,196.445,69,74
TNFRSF21,other,0.288522,0.658582,26.7969,106.638,80.8911,66.9301,39.1972,574,423
TNFRSF25,other,0.1115,0.888469,5.93487,65.3442,43.3576,60.9865,33.118,539,487
TNFRSF4,other,0.298379,0.667971,24.6018,110.235,61.6706,64.238,32.1796,498,632
TNFRSF8,other,0.261395,0.900074,16.4242,62.8289,62.8371,51.7186,32.8671,596,600
TNFRSF9,other,0.224706,0.688592,14.3461,78.4261,51.9727,55.2699,33.2282,585,525
TNFSF10,other,0.137741,0.39849,16.0913,172.982,78.8957,55.7895,64.9819,622,272
TNFSF11,other,0.28277,0.764652,26.3499,107.79,80.559,71.8116,47.5535,324,345
TNFSF12-TNFSF13,other,0.219331,0.932282,24.0561,113.489,105.997,91.4539,75.7809,364,246
TNFSF13,other,0.287887,0.691347,12.2692,48.4369,37.4984,30.133,20.2917,1070,967
TNFSF13B,other,0.258998,0.90357,19.3221,79.9016,69.6564,63.4297,41.895,444,470
TNFSF14,other,0.394226,0.62941,19.1557,54.8978,43.0082,22.6488,14.2862,1158,1134
TNFSF4,other,0.456807,0.728604,30.5847,84.2973,53.1777,34.3612,17.891,1105,1165
TNFSF8,other,0.210585,0.571295,10.8396,66.0355,40.123,40.32,26.1235,886,703
TNFSF9,other,0.523415,0.669263,55.8597,106.332,107.112,30.5839,15.1457,1321,1292
TNIK,other,0.429859,0.772342,22.2801,54.5427,49.2544,27.5133,18.4668,1082,1059
TNIP1,other,0.270826,0.544884,11.2741,49.2031,35.22,28.2117,14.8256,962,1027
TNIP2,other,0.293606,0.597019,15.1505,56.6399,47.0114,34.2884,18.1994,960,959
TNIP3,other,0.467669,0.613765,35.4331,98.2814,58.4079,25.7156,12.4794,1857,1876
TNK1,other,0.145961,0.667404,51.9092,259.163,488.024,119.497,444.711,284,42
TNK2,other,0.128294,1.10043,6.98087,60.8872,48.627,57.9478,34.9361,518,465
TNKS,other,0.0464759,,3.93556,99.1433,72.3261,101.933,64.3627,320,273
TNKS1BP1,other,0.200494,1.03632,34.3332,207.737,141.16,159.022,118.629,156,144
TNKS2,other,0.184624,1.18459,16.083,107.755,70.4237,100.378,45.4394,344,389
TNNC1,other,0.537978,0.578511,194.642,399.255,327.864,34.7454,17.3076,1772,1386
TNNC2,other,0.451324,0.681167,28.8759,88.7132,46.1429,30.3286,15.3632,1241,1281
TNNT3,other,0.101284,1.64707,9.47859,105.353,83.1298,99.0569,77.8695,244,196
TNPO1,other,0.477667,0.691025,69.2261,151.873,138.296,54.4791,35.2521,731,557
TNPO2,other,0.578088,0.688644,68.3198,144.915,96.3814,27.3836,12.6378,1893,2028
TNPO3,other,0.0954344,,97.5759,1251.6,835.237,1361.57,932.177,16,13
TNRC18,other,0.231564,1.64591,47.3904,249.625,167.784,212.54,145.429,109,117
TNRC6A,other,0.400551,0.80613,53.2683,110.126,160.594,69.321,53.5876,393,387
TNRC6B,other,0.202083,0.661981,12.1572,70.3074,51.4764,53.1155,31.8583,494,557
TNRC6C,other,0.193768,0.987729,15.6143,100.14,64.8444,87.5662,44.9697,382,398
TNS1,other,0.204005,0.498755,17.9124,126.681,60.8573,88.8193,26.7905,252,645
TNS3,other,0.126257,0.486337,8.62241,95.5051,48.8334,69.6285,36.6863,413,454
TNS4,other,0.123307,0.971013,5.63046,61.2007,34.0688,55.7328,27.9197,570,570
TNXB,other,0.0284868,0.157364,1.91062,84.2077,53.4207,75.8553,35.7713,389,445
TOB1,other,0.21051,1.069,20.1603,117.52,78.0431,95.9286,61.5706,287,262
TOB2,other,0.202499,0.528349,11.6389,78.0715,42.3144,53.5035,22.5621,522,771
TOE1,other,0.192917,0.417071,15.1454,107.888,57.1274,60.3187,29.4059,530,539
TOGARAM1,other,0.106399,0.485563,8.32084,101.881,60.0293,84.866,42.7702,271,412
TOGARAM2,other,0.503752,0.741002,24.7314,56.9615,42.3139,20.7532,11.5493,1306,1528
TOLLIP,other,0.0841914,,6.95923,90.5663,75.4432,92.5185,62.6648,301,284
TOM1,other,0.335678,0.568269,17.3613,68.987,38.7751,26.1711,16.9754,1085,1016
TOM1L2,other,0.418983,0.688123,31.8852,104.414,55.4659,33.5922,25.1496,982,843
TOMM34,other,0.217586,0.73434,13.5763,79.795,48.7893,59.0899,32.2814,550,611
TOMM40L,other,0.283551,0.625469,15.7726,69.0547,44.8078,42.2936,21.0453,799,839
TOMM5,other,0.206535,0.646073,13.803,71.5689,62.4073,53.7545,36.7854,541,490
TOMM6,other,0.116419,0.493515,6.38619,73.6087,40.8795,56.0658,31.3344,544,537
TOMM7,other,0.307267,0.645826,21.094,86.4285,54.5293,49.5577,25.5955,707,806
TOMM70,other,0.134396,0.996347,25.9902,201.036,186.026,178.608,155.687,139,131
TOP1MT,other,0.295172,0.621829,21.1714,92.1462,55.8308,48.5837,29.2208,629,647
TOP2A,other,0.330934,0.552379,43.3109,130.404,131.347,69.8086,29.8909,479,587
TOP2B,other,0.234062,0.491042,15.7347,103.265,43.7624,40.1989,27.4814,724,653
TOP3A,other,0.172661,5.12365,176.39,898.373,1161.73,844.259,1139.83,22,16
TOP3B,other,0.423055,0.745723,27.8838,78.5985,55.2707,39.0002,19.9629,932,1011
TOP6BL,other,0.486037,0.813987,49.9771,111.873,94.51,49.2976,34.2678,623,560
TOPBP1,other,0.218004,1.40777,68.1562,453.091,215.723,376.638,185.064,45,75
TOPORS,other,0.298289,0.800353,40.5525,176.523,104.703,127.016,52.8459,184,342
TOR1A,other,0.538782,0.706394,51.5484,113.708,80.5034,28.9899,17.6452,931,1060
TOR1AIP1,other,0.409229,0.708131,24.5098,64.0311,56.0215,28.7637,22.0529,867,804
TOR1AIP2,other,0.26771,0.650304,11.5674,46.9869,39.7345,30.101,20.9968,1002,837
TOR1B,other,0.207921,0.715282,14.9031,87.5451,58.6846,68.5763,35.7992,474,475
TOR2A,other,0.107764,0.952387,8.17663,109.083,52.7767,101.973,42.4094,244,368
TOR3A,other,0.185977,0.780778,8.62519,54.445,39.5057,46.7328,23.6823,644,789
TOR4A,other,0.119635,1.76803,25.9421,291.157,161.499,280.626,141.055,78,99
TOX,other,0.242292,0.586557,9.55128,44.2545,35.1146,30.5679,15.7411,1069,1014
TOX2,other,0.47109,0.717297,30.2861,65.2286,63.3638,26.4298,17.4153,1347,1275
TP53,other,0.62083,0.68052,53.7648,121.317,61.82,10.1371,5.6779,2839,2976
TP53BP1,other,0.260076,0.688188,23.2577,114.841,69.6358,66.7259,45.8983,400,304
TP53BP2,other,0.126813,0.469239,7.36516,67.9545,49.6385,56.2634,28.5659,498,528
TP53I11,other,0.158774,0.811849,8.70287,68.8054,43.6661,61.8145,27.2283,488,568
TP53I13,other,0.5436,0.829227,54.767,102.351,99.1712,40.8764,28.2145,590,691
TP53INP1,other,0.219418,1.26507,12.7515,67.9606,49.6954,57.9378,39.5585,545,471
TP53INP2,other,0.552771,0.60703,122.977,205.887,240.395,19.7922,19.8536,1140,945
TP53RK,other,0.42209,0.626869,72.3661,194.362,151.234,70.5235,43.6216,615,422
TP53TG5,other,0.360278,0.620803,25.4758,61.6957,81.0447,36.3753,14.5364,846,1211
TP63,other,0.235752,0.476512,28.093,160.064,88.7142,77.676,46.5265,258,359
TP73,other,0.257107,0.785422,48.7433,208.823,172.116,136.032,119.205,229,166
TPBG,other,0.234432,0.558287,14.7645,81.9063,48.4272,48.1709,27.6953,516,599
TPCN1,other,0.20412,1.03207,12.1856,72.791,48.9605,59.3672,38.5757,487,473
TPCN2,other,0.280798,0.673149,11.4281,48.826,33.924,30.0027,18.6121,997,940
TPD52,other,0.320242,0.503689,71.6586,314.473,159.219,105.477,62.3752,281,280
TPD52L1,other,0.238679,0.485296,24.406,147.351,70.96,68.105,39.0444,285,398
TPD52L2,other,0.432406,0.729145,23.7459,67.9301,44.3949,26.9051,18.5425,1026,972
TPGS1,other,0.291606,0.515181,22.0703,83.1552,68.8867,39.6923,26.6608,594,637
TPGS2,other,0.307655,0.497554,42.084,114.035,164.086,52.2268,48.3385,695,553
TPH1,other,0.142846,1.04377,9.11938,79.8968,51.011,74.6295,36.5189,379,433
TPI1,other,0.176439,1.15723,86.7803,372.07,650.175,329.865,516.934,80,39
TPK1,other,0.14989,1.57073,17.1173,143.398,90.9456,136.524,73.6699,189,210
TPM1,other,0.342681,0.618694,20.6275,86.6014,41.8398,31.8784,21.5269,866,786
TPM2,other,0.152058,0.820218,11.654,103.605,56.6964,84.8785,45.9159,318,358
TPM3,other,0.0875641,,9.1044,115.882,93.2895,118.966,75.3262,221,196
TPM4,other,0.291898,0.72298,17.8831,69.536,53.9775,49.597,23.2924,622,753
TPMT,other,0.654135,0.707778,120.925,186.819,182.927,19.7273,8.23011,2925,3039
TPP1,other,0.0949659,0.481298,10.5546,143.93,85.822,122.88,62.9767,233,227
TPP2,other,0.171029,0.767101,21.9231,100.918,162.817,80.4421,122.927,387,180
TPPP,other,0.0868863,2.78111,9.62511,124.606,98.4847,124.12,73.8641,211,238
TPR,other,0.130364,,43.2975,390.988,282.131,392.211,266.146,59,53
TPRA1,other,0.285339,0.602601,10.4465,43.1226,31.0823,23.4161,15.8323,1323,1180
TPRG1,other,0.321027,0.583802,14.0553,57.4196,33.3841,25.6635,15.1315,1031,1085
TPRG1L,other,0.367574,0.703307,27.4478,75.8416,73.5222,42.2284,28.2101,826,727
TPRKB,other,0.156652,0.837659,31.7328,268.149,153.027,232.644,112.607,112,131
TPRN,other,0.106263,0.8085,8.901,107.613,65.1999,97.5043,53.2103,289,326
TPRX1,other,0.183992,0.881153,15.0727,99.8023,67.2428,88.0416,42.3631,417,400
TPST1,other,0.500632,0.771684,39.4697,82.7924,75.0758,33.8681,21.6041,950,905
TPST2,other,0.142042,1.80542,19.87,180.354,108.501,174.073,89.2158,148,180
TPT1,other,0.272456,0.698772,50.2331,197.374,172.225,103.332,117.272,260,152
TRA2A,other,0.12668,0.903124,11.8766,123.604,71.1106,112.077,56.1079,225,284
TRABD,other,0.25934,0.810335,20.3781,101.488,60.8378,67.2437,42.3703,431,418
TRABD2A,other,0.17873,0.63123,10.8119,73.9647,49.4744,57.781,31.3465,653,527
TRADD,other,0.106077,1.2457,19.4578,204.058,164.888,193.05,142.724,138,140
TRAF1,other,0.312876,0.726611,15.2006,58.4083,40.4114,37.3011,19.6772,922,973
TRAF2,other,0.311599,0.685625,31.5136,111.847,91.4492,69.2486,41.8552,414,459
TRAF3,other,0.598215,0.624619,58.0334,137.96,68.2162,4.18909,3.68599,6962,5378
TRAF3IP1,other,0.207173,0.88781,18.9427,116.679,71.6515,93.4586,52.0463,256,323
TRAF3IP2,other,0.149828,0.570445,8.94094,78.4588,45.3875,59.4101,32.491,401,497
TRAF3IP3,other,0.232365,0.668284,22.4594,126.872,73.6363,75.756,51.54,348,347
TRAF4,other,0.187482,0.519109,13.4583,86.9162,59.2872,56.8279,36.948,443,460
TRAF5,other,0.302461,0.690126,15.1336,57.6253,43.4443,36.8611,20.2858,908,944
TRAF6,other,0.176746,2.07361,20.4449,116.064,115.285,113.189,81.4666,206,225
TRAF7,other,0.348152,0.817104,22.7633,81.0703,52.7319,46.3422,30.384,577,560
TRAFD1,other,0.216204,0.71216,14.6453,87.0706,52.6985,67.5926,30.9866,517,507
TRAK1,other,0.429494,0.706347,44.1574,128.533,82.2388,57.4269,27.2769,632,763
TRAK2,other,0.42814,0.58674,53.8654,178.645,88.6049,44.2492,25.894,691,669
TRAM1,other,0.219666,0.465604,13.5281,82.7169,45.8514,38.1597,26.9054,841,690
TRAM2,other,0.360433,0.655131,28.551,115.554,54.3009,40.5562,28.9768,739,628
TRANK1,other,0.559494,0.778115,53.3527,112.417,80.8892,37.0152,18.5381,742,886
TRAP1,other,0.212832,0.368272,12.9032,80.2994,45.7727,38.0341,16.7277,986,994
TRAPPC10,other,0.271508,0.734687,18.6713,79.2652,59.6628,58.5511,28.4826,500,591
TRAPPC11,other,0.0989281,,30.5222,436.872,217.891,480.645,160.312,42,96
TRAPPC12,other,0.154077,0.482542,7.47297,57.5743,40.8584,37.3564,28.9958,674,593
TRAPPC13,other,0.340789,0.697827,25.7458,91.6513,62.2734,48.6713,30.6033,552,561
TRAPPC14,other,0.187283,0.776737,11.5238,68.9649,54.8991,57.91,34.9884,479,455
TRAPPC2,other,0.214729,0.557731,7.40482,44.7942,26.5475,28.5018,15.7284,1190,1039
TRAPPC2L,other,0.136618,1.35661,10.3363,85.7526,66.7534,81.7169,52.3685,348,320
TRAPPC3,other,0.137961,0.720546,27.0142,280.159,136.856,167.434,124.387,119,136
TRAPPC4,other,0.382179,0.702363,52.27,154.966,120.708,71.6123,54.2636,358,341
TRAPPC5,other,0.100501,1.29458,133.394,1821.1,967.383,1686.21,888.675,16,16
TRAPPC6B,other,0.184733,0.569879,19.0469,131.934,80.5756,89.1039,54.4941,450,307
TRAPPC8,other,0.169755,0.579952,12.5344,83.4121,65.3637,62.1395,43.4052,369,390
TRAPPC9,other,0.26168,0.669186,16.452,75.4339,52.4001,48.011,30.3591,661,591
TRAT1,other,0.106399,1.16787,7.79977,91.204,58.9221,88.0296,44.8708,311,366
TRDMT1,other,0.0690834,0.461225,5.15591,88.2178,63.1404,77.4274,51.5594,477,343
TREM1,other,0.203544,0.92278,13.7535,72.9735,62.567,62.5231,41.3102,443,432
TREML1,other,0.123714,0.366854,9.09343,99.5881,54.2514,64.2738,36.8527,408,433
TREML2,other,0.0981101,0.544835,7.22252,77.8216,69.6385,72.1694,38.5477,428,447
TRERF1,other,0.238814,0.633563,14.2285,73.7923,48.1052,47.3935,28.9997,509,564
TREX1,other,0.225635,0.626375,11.5435,59.3394,44.108,41.6254,24.9353,579,595
TRIB1,other,0.211256,0.670669,15.0971,95.0116,53.7522,69.22,34.1053,443,484
TRIB2,other,0.215144,0.553288,19.3171,117.289,68.7336,70.7279,42.5543,360,406
TRIM13,other,0.317429,0.713292,37.2432,166.108,82.8725,93.6262,45.2602,318,386
TRIM14,other,0.0847014,0.73053,7.93643,105.557,83.1729,88.3871,76.299,342,251
TRIM16,other,0.123156,1.48232,12.9559,137.685,80.3785,132.663,65.1682,179,236
TRIM17,other,0.147822,0.981783,13.0717,133.401,58.6173,125.086,37.2993,210,428
TRIM2,other,0.498452,0.724555,56.358,169.309,75.5066,44.8437,26.8971,395,567
TRIM21,other,0.106344,0.411025,10.7679,151.346,67.743,101.006,54.1095,199,317
TRIM22,other,0.226535,0.620521,20.3489,98.4537,81.956,66.6451,48.1477,412,375
TRIM23,other,0.372412,0.627138,22.4815,70.9939,51.3312,30.444,19.6403,842,804
TRIM24,other,0.108144,0.676972,27.207,317.151,199.568,274.567,161.638,77,108
TRIM25,other,0.302843,0.552817,20.6906,83.1961,56.1059,45.4258,19.018,787,952
TRIM26,other,0.20239,1.20157,28.2422,170.904,113.937,151.3,85.7575,178,192
TRIM27,other,0.23312,1.17165,12.1675,63.7374,42.7418,55.5734,29.5317,599,605
TRIM28,other,0.174847,0.754493,14.9789,126.2,58.1542,108.434,35.9696,216,406
TRIM3,other,0.167207,0.557491,10.7461,78.3165,52.7401,58.4028,34.0816,456,459
TRIM32,other,0.318342,0.555245,44.9655,236.453,84.3774,82.2556,41.8458,186,360
TRIM33,other,0.187281,0.465494,12.249,74.1799,57.6668,49.4477,29.6699,555,615
TRIM34,other,0.155261,0.443587,6.62584,57.8405,31.4864,35.8618,21.3351,777,816
TRIM37,other,0.165894,0.982791,16.3466,120.983,80.255,107.257,60.099,295,258
TRIM38,other,0.157065,0.663655,9.05444,58.3682,56.9362,50.86,32.1447,564,533
TRIM39,other,0.583936,0.820298,43.6652,92.5783,60.3991,26.4835,17.5284,973,1061
TRIM4,other,0.0777125,,15.8873,312.714,133.651,323.991,118.999,56,119
TRIM41,other,0.178143,0.627372,8.80189,69.297,35.2288,52.3619,23.6059,701,742
TRIM44,other,0.448495,0.713229,37.0553,102.131,66.8385,44.4019,20.0817,758,895
TRIM46,other,0.092264,0.598998,7.51725,99.7492,66.5494,90.0437,50.3218,268,339
TRIM47,other,0.372503,0.642307,48.6218,128.286,132.807,66.783,39.6371,671,523
TRIM5,other,0.432499,0.642955,42.3651,115.146,83.3293,43.2806,22.9153,937,899
TRIM52,other,0.370868,0.677791,20.5961,60.1086,51.3092,31.9937,18.4662,1026,1138
TRIM56,other,0.193825,0.770418,10.4586,68.7268,42.3643,55.8691,28.0316,540,606
TRIM58,other,0.161635,0.919777,10.5357,70.1593,60.5581,63.368,41.2378,452,446
TRIM59,other,0.36946,0.617348,24.8571,77.598,58.3334,34.9905,20.2833,1082,1020
TRIM61,other,0.158961,0.784554,7.36056,52.7961,40.6106,45.1177,29.1474,622,617
TRIM62,other,0.179364,0.534202,10.4552,81.9084,41.4821,47.7562,30.2663,597,555
TRIM65,other,0.283091,0.568461,15.4915,66.4019,45.0974,33.723,22.3717,713,766
TRIM66,other,0.217418,0.506727,8.18395,49.0942,28.8606,30.0943,15.132,1169,1118
TRIM68,other,0.206109,0.828898,11.2142,64.7038,45.7527,53.0736,30.0147,658,607
TRIM69,other,0.205647,0.633795,10.2175,64.7771,38.109,46.1877,24.1283,619,653
TRIM74,other,0.196036,0.559539,11.6897,81.1975,43.7917,55.3328,26.9169,532,701
TRIM8,other,0.222693,0.777735,16.5277,89.7602,61.3661,70.7121,37.6572,397,494
TRIO,other,0.153508,0.655522,12.5688,97.36,68.8564,71.5564,54.6091,362,341
TRIOBP,other,0.157199,0.859315,44.1346,313.518,251.417,203.151,227.516,123,72
TRIP10,other,0.102913,1.06327,17.1818,217.882,127.931,194.159,116.924,138,150
TRIP11,other,0.139743,0.823108,12.1964,112.351,67.7991,100.688,48.974,308,398
TRIP12,other,0.319259,0.357538,42.691,180.707,98.9495,18.5879,11.0079,1816,1555
TRIP13,other,0.1331,0.985666,15.0154,156.235,81.4585,145.286,60.2645,223,248
TRIP6,other,0.137211,1.03471,18.3616,143.59,124.717,130.883,99.9338,176,160
TRIQK,other,0.204734,0.690144,20.4865,97.259,102.95,71.803,68.3348,346,286
TRIR,other,0.0981587,0.64984,11.1029,149.311,85.6883,128.49,71.6679,231,213
TRIT1,other,0.484586,0.640815,49.9457,140.281,75.7279,39.2436,15.6038,1312,1153
TRMO,other,0.172292,0.586035,13.4056,87.2569,69.382,68.9422,40.8108,491,407
TRMT10A,other,0.400438,0.658201,20.6254,62.066,42.7446,28.1246,13.8138,1450,1347
TRMT10B,other,0.293229,0.6834,12.5896,53.625,34.3752,32.899,18.0009,997,963
TRMT10C,other,0.137846,0.327545,14.4646,95.0418,115.853,58.3326,62.7285,372,299
TRMT11,other,0.22851,0.686711,14.9699,78.1177,54.9387,55.6976,33.7427,561,541
TRMT12,other,0.112605,0.571136,7.64166,86.5363,53.2182,77.302,33.8319,454,512
TRMT13,other,0.131441,0.639769,27.2997,241.07,178.941,213.408,113.115,122,125
TRMT1L,other,0.20389,0.72552,10.9322,66.9242,42.9571,49.8936,29.6255,662,654
TRMT2A,other,0.30938,0.629266,17.7894,63.8516,51.7802,33.9864,25.0202,645,650
TRMT2B,other,0.146156,0.674173,9.0862,81.0038,47.7115,69.7057,31.6341,366,544
TRMT44,other,0.201259,0.722173,24.7834,149.527,101.412,110.972,70.8654,271,280
TRMT5,other,0.147585,2.98029,240.723,1230.29,2162.43,1194.95,1977.82,18,11
TRMT6,other,0.260453,0.966446,41.3835,175.109,144.174,130.932,102.668,174,151
TRMT61A,other,0.220932,0.866621,31.8981,159.827,130.426,110.932,102.718,244,156
TRMT61B,other,0.365456,0.733045,27.2636,81.7408,68.0857,44.7428,30.6983,843,730
TRMU,other,0.187199,0.696247,9.29942,61.9683,39.8232,47.8331,27.2025,569,587
TRNAU1AP,other,0.127699,,75.5714,388.004,902.621,336.267,914.716,83,27
TRNT1,other,0.0961713,0.555878,23.9834,201.475,308.682,172.731,243.92,122,74
TROAP,other,0.115513,1.06047,6.83818,69.3192,50.5552,66.7299,34.4973,436,486
TRPC1,other,0.384091,0.690778,25.54,70.464,62.7491,35.3214,23.8507,680,753
TRPM2,other,0.281533,0.480982,17.5416,95.5355,40.6362,41.4055,16.0642,1071,1006
TRPS1,other,0.259872,0.501098,11.3617,53.31,35.8558,28.7494,14.9241,1059,1195
TRPT1,other,0.200057,,26.476,173.534,100.929,177.263,72.3727,149,211
TRPV2,other,0.550471,0.79483,50.9434,124.706,68.6782,40.1671,20.0856,1161,977
TRRAP,other,0.444252,0.866956,61.3275,154.604,123.262,68.1465,65.3848,398,256
TRUB1,other,0.227172,0.546561,14.9062,97.0741,44.3528,51.6075,27.9935,367,568
TRUB2,other,0.383858,0.642554,24.4106,64.5533,62.6466,28.8474,22.2263,1265,952
TSACC,other,0.32761,0.824268,105.723,502.473,207.259,211.801,150.661,71,108
TSC1,other,0.257213,0.388665,38.5761,179.67,125.192,53.5086,47.1088,492,309
TSC2,other,0.378392,0.607463,39.4541,129.734,83.8003,46.8102,32.9298,631,484
TSC22D1,other,0.31468,0.756963,17.7314,72.0986,44.037,45.7764,23.1915,596,738
TSC22D2,other,0.180656,0.936723,19.1741,154.465,72.9278,125.046,58.6857,176,269
TSC22D3,other,0.27611,0.615118,15.7408,66.0971,49.1707,37.7274,26.0882,691,602
TSC22D4,other,0.234209,0.577915,12.5664,60.75,47.3883,39.5109,25.1264,738,746
TSEN15,other,0.212204,0.593961,20.9596,143.755,67.8636,83.8953,47.061,366,380
TSEN34,other,0.033621,0.199355,2.00126,66.7524,53.0786,59.6105,38.9681,532,453
TSFM,other,0.361096,0.681574,34.4087,92.9259,97.7135,50.0104,38.3256,692,540
TSG101,other,0.260198,3.39622,226.985,1178.74,645.606,1114.98,575.541,24,28
TSGA10,other,0.183627,0.683841,9.28141,63.578,40.1836,50.0593,26.5572,542,610
TSHR,other,0.357753,0.731124,16.8008,57.9516,38.0565,31.7923,17.8704,945,1119
TSHZ1,other,0.184264,0.747406,10.2816,64.7256,48.1026,50.606,34.7,643,541
TSHZ2,other,0.108007,0.566902,19.2793,303.2,105.086,262.881,76.4016,64,200
TSHZ3,other,0.146265,0.611138,8.65241,75.6785,46.2406,59.347,33.9671,429,492
TSKU,other,0.44338,0.667012,41.1276,112.909,76.2055,41.0451,23.3014,941,923
TSLP,other,0.27455,0.627742,11.1525,42.6645,38.6755,28.0356,17.0994,1031,1002
TSN,other,0.241718,0.620058,16.895,91.7927,53.2223,48.5813,36.041,651,483
TSNARE1,other,0.0412019,0.533031,2.49662,79.5083,46.1805,76.3334,39.2708,416,418
TSNAX,other,0.187637,1.21616,18.1369,111.584,83.731,100.019,64.5002,249,248
TSPAN14,other,0.141174,1.12489,7.89705,66.4034,47.1229,61.6198,36.8201,464,457
TSPAN15,other,0.295284,0.705447,25.1032,137.736,52.4723,70.1356,33.7406,267,433
TSPAN17,other,0.120474,1.5006,9.2295,83.312,70.447,81.7072,46.8744,337,411
TSPAN18,other,0.197833,1.03687,22.7246,131.875,100.054,112.753,74.9338,248,225
TSPAN2,other,0.173306,0.870371,24.5148,175.553,113.977,149.864,83.096,176,177
TSPAN3,other,0.305845,0.779013,22.8062,92.3979,60.1785,58.2444,35.0838,575,465
TSPAN31,other,0.105886,,7.33572,81.8804,58.6177,85.2802,48.3738,312,355
TSPAN32,other,0.188139,0.678282,8.49297,57.5923,35.3833,43.7131,24.0871,822,705
TSPAN33,other,0.155496,0.459305,7.49337,60.4669,38.4058,45.2554,20.908,676,774
TSPAN4,other,0.203533,,102.007,490.792,511.791,510.235,470.998,30,30
TSPAN5,other,0.398768,0.763236,19.5194,71.5142,33.5043,31.6462,17.0987,781,928
TSPAN6,other,0.170768,0.608086,7.48999,54.8503,35.073,42.7913,22.4917,686,713
TSPAN8,other,0.289001,0.665907,18.3782,74.7819,54.0766,48.8363,24.7195,763,760
TSPAN9,other,0.123068,,68.3383,616.561,500.103,354.702,541.005,75,23
TSPO,other,0.540255,0.615901,68.2248,182.909,87.1869,19.0376,12.3079,1685,1474
TSPO2,other,0.223218,0.715036,15.861,89.5047,56.4105,65.5796,35.8443,534,512
TSPOAP1,other,0.203209,0.501665,12.0175,71.9696,48.595,41.2521,29.9134,580,586
TSPYL1,other,0.423037,0.903281,44.8513,99.8403,112.587,68.5868,33.7,414,592
TSPYL2,other,0.275973,0.543846,14.9811,54.2297,54.3395,29.9126,23.1348,1266,992
TSPYL4,other,0.124457,0.366796,7.99722,83.3226,49.5534,52.0365,34.3592,426,480
TSPYL5,other,0.419113,0.589081,112.11,302.287,236.703,79.2101,74.342,298,204
TSR2,other,0.144293,,100.119,649.812,740.889,576.718,783.524,45,31
TSR3,other,0.258185,0.766101,17.4649,76.2381,60.02,55.3558,35.1326,522,504
TSSC4,other,0.255232,0.629179,15.2443,75.0646,47.5237,49.6836,24.3945,554,756
TSSK4,other,0.0992156,,10.7034,119.875,97.0863,122.913,80.6814,210,216
TSSK6,other,0.146506,0.409395,10.0011,102.193,45.5997,64.3354,29.836,376,499
TST,other,0.390342,0.745926,23.2419,75.04,47.2454,39.8681,19.6424,890,992
TSTD1,other,0.331008,0.596436,21.5434,72.8611,58.1373,36.7764,21.9817,737,773
TSTD2,other,0.313052,1.18868,67.4004,247.653,187.176,173.816,143.632,144,121
TSTD3,other,0.146805,2.99559,11.2518,100.461,58.4745,99.4318,44.7596,290,345
TTC12,other,0.120475,,16.191,178.266,101.317,178.585,87.8353,122,181
TTC13,other,0.21742,0.709033,29.8226,155.033,121.358,114.144,78.0913,286,250
TTC14,other,0.177229,0.670364,16.1745,110.329,75.4926,85.4864,52.0587,339,367
TTC16,other,0.375253,0.768201,17.2012,50.8316,41.3366,29.6947,17.6159,1106,1022
TTC17,other,0.366577,0.69875,17.1519,55.5638,39.4006,30.2485,15.5993,1242,1390
TTC19,other,0.0923267,,6.38587,76.1936,62.7867,76.9206,47.2339,355,354
TTC21A,other,0.087277,0.912255,5.19365,72.4937,48.8478,69.8876,36.4107,455,451
TTC21B,other,0.313093,0.702957,21.8941,76.3586,64.0396,44.3066,33.7745,618,566
TTC22,other,0.0392729,,3.0005,84.6144,68.9855,86.8538,58.017,345,288
TTC24,other,0.391631,0.659493,21.1417,58.9673,49.4212,27.3952,16.8709,1162,1183
TTC28,other,0.183301,0.986848,13.1365,83.3757,61.6017,71.1545,47.1023,438,422
TTC3,other,0.201417,1.11826,14.2767,80.6565,62.2904,67.2932,50.0933,394,320
TTC31,other,0.168452,1.39305,9.62847,79.4886,41.1016,73.4268,33.2206,391,508
TTC32,other,0.095528,1.02644,7.53783,97.2642,64.0144,84.4692,59.7995,325,290
TTC33,other,0.173353,0.667766,11.1433,73.4266,56.2741,59.6098,36.1197,565,528
TTC34,other,0.263162,0.539578,12.8705,65.7727,36.3662,28.9639,20.909,1006,890
TTC38,other,0.124017,0.978536,8.65573,80.9904,60.1469,74.0447,48.8818,406,344
TTC39B,other,0.25985,0.589089,11.392,53.9848,35.6028,34.1387,16.7592,963,1061
TTC39C,other,0.229033,0.485309,22.2563,135.99,69.4385,69.4815,37.8164,260,409
TTC4,other,0.149908,0.485725,36.5894,225.265,264.463,164.409,171.217,142,91
TTC5,other,0.158174,0.25414,16.7375,120.976,92.5586,48.5954,32.6326,559,525
TTC7A,other,0.0952071,0.542014,12.6766,168.338,105.314,146.58,80.1735,208,202
TTC7B,other,0.089895,1.19569,11.4223,163.59,98.6909,148.534,92.6298,193,185
TTC8,other,0.115089,0.697177,12.8688,112.849,110.793,103.095,75.8599,278,258
TTC9,other,0.130399,0.4405,8.95448,75.6482,62.3355,61.5965,32.9278,411,532
TTC9C,other,0.284325,0.461725,27.9446,146.933,65.7426,50.2091,27.8725,707,685
TTF1,other,0.108085,,23.5132,228.506,207.109,232.462,186.468,105,82
TTI2,other,0.275481,2.23983,328.962,955.072,1493.05,590.399,1433.89,47,13
TTL,other,0.27548,0.514492,18.0206,86.3804,49.5385,39.5138,23.3616,983,805
TTLL1,other,0.143523,0.743901,6.95609,56.6994,41.4297,48.3472,30.9608,604,546
TTLL11,other,0.188074,0.355617,14.2489,81.5733,70.3654,45.8457,25.4292,754,681
TTLL12,other,0.127707,0.656034,6.04595,54.9163,40.8129,46.3677,30.8776,648,565
TTLL2,other,0.281811,0.978901,25.1428,91.644,86.8573,76.3375,43.7576,349,365
TTLL3,other,0.322321,0.782581,14.6313,53.4583,38.5453,33.2165,21.2768,874,959
TTLL4,other,0.344431,0.697861,17.0231,61.0169,40.0333,32.766,18.971,928,1009
TTLL5,other,0.230078,0.57974,12.4579,56.2145,52.1548,39.1581,25.0817,685,678
TTN,other,0.313603,0.526094,18.9988,85.5354,42.9087,32.1806,18.4659,763,896
TTPAL,other,0.141015,0.412618,9.65862,75.3403,62.269,60.3351,25.7524,495,576
TTYH2,other,0.235223,1.12008,14.9951,71.8768,56.5395,60.6807,40.5316,401,432
TTYH3,other,0.0478439,0.225618,17.3161,806.143,162.493,634.156,128.244,25,113
TUB,other,0.2731,0.651008,17.6437,76.2772,54.7196,48.2069,28.5522,663,685
TUBA1A,other,0.248582,0.679581,9.34628,41.4065,34.1404,29.9585,17.6182,922,913
TUBA1B,other,0.106077,,65.7595,662.586,580.008,734.889,532.05,26,32
TUBA1C,other,0.381286,0.918406,24.8541,82.2749,51.645,52.0926,27.3803,681,683
TUBA4A,other,0.0219859,0.098025,1.66987,92.7297,62.21,68.9036,50.0301,428,326
TUBA8,other,0.471957,0.766347,25.914,59.0719,51.0368,26.3422,16.1006,1318,1300
TUBB1,other,0.130129,0.817991,6.67198,66.7848,39.3623,60.9405,27.9788,500,586
TUBB2A,other,0.221933,2.0454,40.2713,204.774,160.794,157.675,152.564,183,116
TUBB4B,other,0.137157,0.545322,9.02479,68.1189,63.5583,50.5649,47.9558,631,389
TUBB6,other,0.123991,1.74892,6.27685,60.4344,42.4054,59.2982,31.0689,549,572
TUBD1,other,0.188458,0.944736,13.1571,88.8899,54.8327,72.7406,42.8226,420,406
TUBE1,other,0.175752,0.954084,23.0686,152.822,112.735,124.284,92.2498,222,213
TUBG2,other,0.212097,0.775929,9.38822,54.288,36.0907,44.435,21.233,674,757
TUBGCP2,other,0.173985,1.47132,98.8602,553.474,583.343,457.98,536.066,34,24
TUBGCP5,other,0.110733,,145.3,1652.51,1041.91,1849.19,1192.38,13,11
TUBGCP6,other,0.163396,1.85128,90.3487,874.273,349.714,776.713,325.3,24,43
TUFM,other,0.205486,0.745375,70.3238,260.718,449.232,203.72,293.061,123,63
TUFT1,other,0.149497,0.692709,13.4409,110.977,72.8378,95.2618,48.8815,307,374
TULP2,other,0.128359,0.706807,6.36175,61.2479,40.1057,54.5752,27.9648,581,592
TULP4,other,0.122829,0.533605,5.85609,52.6787,43.1501,43.4481,30.102,674,577
TUSC2,other,0.252312,0.654528,10.8754,56.0565,33.1428,39.7285,16.2343,857,1097
TUT1,other,0.436454,0.623002,34.8014,97.6789,65.0903,28.6876,19.8609,815,854
TUT4,other,0.259235,0.846884,88.8957,450.438,261.059,332.362,167.745,52,95
TUT7,other,0.260749,0.628592,25.607,136.943,70.4256,81.4702,40.51,300,459
TVP23A,other,0.44765,0.731906,40.4407,105.492,77.364,46.0565,25.9976,590,622
TVP23B,other,0.162184,1.33056,20.1503,122.779,125.725,115.073,95.9633,211,173
TVP23C,other,0.0882248,,10.6615,155.831,93.7127,162.86,78.9556,203,202
TWF1,other,0.435142,0.657609,31.1943,99.0159,51.9021,32.8461,17.8961,724,823
TWIST1,other,0.267562,0.61715,11.4847,52.3593,35.1885,34.6012,15.6872,1113,1030
TWIST2,other,0.161012,1.87391,19.6199,151.165,98.2256,145.306,79.5184,140,195
TWNK,other,0.466486,0.717275,53.9101,118.806,112.415,37.1772,43.212,1148,573
TWSG1,other,0.0480558,1.51119,4.40531,91.5608,91.7807,90.7622,81.1392,330,222
TXK,other,0.236438,0.747306,9.76749,48.7813,34.9848,36.746,20.7906,918,835
TXLNA,other,0.238133,0.602735,10.2949,48.5869,38.4665,32.719,20.0813,936,865
TXLNB,other,0.507836,0.641236,62.953,155.418,98.8747,34.3474,19.2662,999,948
TXLNG,other,0.337362,0.607737,19.623,79.5879,42.5101,32.7723,20.2406,673,820
TXN,other,0.116474,,88.6081,991.279,583.836,1123.21,661.998,19,24
TXN2,other,0.1059,1.70639,9.8294,112.469,76.6006,105.821,71.609,257,248
TXNDC11,other,0.129876,0.51263,5.85447,54.3697,37.3731,41.5406,27.2067,677,639
TXNDC12,other,0.125116,0.925254,8.35058,80.8419,55.1025,73.7962,43.5417,363,399
TXNDC15,other,0.0645883,0.882916,4.80632,83.0152,66.7053,81.1773,50.5818,317,333
TXNDC17,other,0.164759,0.502978,9.63718,70.5001,48.53,50.7262,29.9642,544,532
TXNDC5,other,0.213307,1.54455,12.9127,69.5563,52.6851,65.8442,33.8566,408,489
TXNDC9,other,0.225906,0.532332,19.2548,85.6434,84.8255,54.7576,42.466,502,440
TXNIP,other,0.390925,0.718042,29.2186,77.097,72.4594,37.2552,30.8988,812,637
TXNL1,other,0.422651,0.751253,28.6535,85.5787,53.7063,34.504,25.2239,878,752
TXNL4B,other,0.266933,0.986303,181.936,948.063,490,458.974,420.429,94,55
TXNRD1,other,0.246706,0.490518,21.2225,104.577,70.7615,56.7361,31.6338,462,523
TXNRD2,other,0.479272,0.835057,37.2423,94.6217,63.8144,40.909,26.7834,604,711
TXNRD3,other,0.166033,0.703135,13.6582,98.8038,68.4895,80.3247,48.0707,381,369
TYK2,other,0.64806,0.824877,77.2905,122.714,115.912,31.638,19.5135,800,941
TYMP,other,0.175772,0.659914,12.5943,89.1046,57.6172,73.4179,34.3982,450,491
TYMS,other,0.207897,0.781858,199.549,1008.13,913.877,548.312,772.212,58,34
TYROBP,other,0.0890849,0.27247,3.72811,53.3957,32.7993,38.5424,20.195,804,830
TYSND1,other,0.13507,0.476896,10.0003,85.8424,63.8562,72.0291,32.0233,441,519
TYW1,other,0.289508,0.682798,15.5119,56.6006,50.7207,38.3657,22.4172,795,782
TYW1B,other,0.142084,1.72449,19.8221,174.178,111.741,168.367,89.0048,214,169
TYW3,other,0.19399,1.05649,31.6217,247.305,107.443,209.455,83.7745,124,221
TYW5,other,0.121147,0.459973,7.85814,79.4334,52.9674,63.5442,34.5989,483,518
U2AF1L4,other,0.281521,0.644245,16.6631,69.9384,50.0924,41.3536,26.6893,820,712
U2SURP,other,0.45883,0.592414,125.656,319.942,234.417,69.8656,54.5131,416,361
UACA,other,0.179873,0.495309,9.18863,58.5601,44.5621,38.9421,27.0195,848,649
UAP1,other,0.113083,0.93563,8.69643,91.1358,64.8925,83.8139,53.0933,306,312
UAP1L1,other,0.251065,0.513707,13.2662,60.2094,46.3724,35.4825,19.4017,764,823
UBA2,other,0.326443,0.878741,171.117,646.501,425.012,326.116,306.656,73,50
UBA5,other,0.501831,0.557079,85.8444,212.439,137.745,24.661,11.2871,2147,2072
UBA6,other,0.242714,0.655896,18.7268,89.3277,66.6429,66.4173,31.0613,546,549
UBA7,other,0.165453,0.472224,10.1965,80.103,47.4137,56.8381,27.3734,483,516
UBAC1,other,0.304804,0.728049,17.272,66.3161,48.42,40.9467,26.2352,677,679
UBAC2,other,0.102971,1.3228,9.65397,116.093,75.7141,105.15,70.8466,245,234
UBALD1,other,0.17083,0.872879,8.71688,59.6489,43.6506,52.3303,30.0241,615,620
UBALD2,other,0.282682,0.748849,40.2273,177.395,114.157,107.057,73.1309,241,217
UBAP1L,other,0.485928,0.699248,46.6604,98.495,93.6134,33.858,24.724,767,668
UBAP2,other,0.243964,0.712467,14.0532,62.4205,53.1586,44.977,30.8543,654,582
UBAP2L,other,0.427286,0.656575,47.7518,123.61,101.039,51.5003,27.6859,648,690
UBASH3A,other,0.358692,0.679162,19.9183,62.5169,49.3243,31.7114,21.4036,725,792
UBASH3B,other,0.31711,0.473757,15.9427,52.8532,47.8229,20.6175,12.6931,1242,1271
UBB,other,0.121617,2.67322,7.55168,72.6694,53.0578,72.1273,38.3368,420,439
UBC,other,0.287821,0.606931,50.773,257.401,120.896,93.0868,78.3053,274,186
UBE2A,other,0.107768,0.66947,15.0917,182.44,107.492,157.418,87.1822,162,154
UBE2B,other,0.000170384,0.000625156,0.0253673,147.444,150.336,132.674,38.8578,155,528
UBE2C,other,0.158826,1.04564,24.7759,186.423,130.533,158.611,110.346,138,155
UBE2D1,other,0.156704,0.420868,14.2511,102.186,80.9371,76.4385,36.4054,307,426
UBE2D2,other,0.49113,0.60457,64.0061,160.123,106.071,34.032,17.1783,1587,1502
UBE2D3,other,0.26374,0.835856,21.9966,93.3035,74.5521,66.7507,48.4703,399,397
UBE2D4,other,0.24501,0.63641,11.986,53.8951,44.4051,35.6728,24.9393,915,761
UBE2E1,other,0.411964,0.650145,27.4948,75.7489,58.804,34.2627,15.694,965,1246
UBE2E2,other,0.263482,0.608816,37.0558,146.666,134.86,92.955,65.887,265,312
UBE2E3,other,0.184732,0.623677,10.1499,63.2662,47.7167,48.7568,29.4628,713,634
UBE2F,other,0.244976,1.08623,32.0479,146.781,116.596,117.75,86.612,223,200
UBE2G1,other,0.284256,1.04915,18.8076,77.4686,56.5095,60.6095,37.4479,482,477
UBE2G2,other,0.346366,0.60612,50.1815,178.741,117.434,74.8207,51.4756,338,373
UBE2H,other,0.169937,0.412261,21.4962,160.607,99.629,80.8077,65.5582,261,247
UBE2I,other,0.41799,0.845704,96.7152,256.677,208.578,119.655,113.132,246,164
UBE2J1,other,0.269915,0.72331,19.9525,85.9966,63.5417,53.4454,40.1652,498,431
UBE2J2,other,0.274974,0.67929,20.5239,98.803,56.385,52.6511,36.6054,400,439
UBE2K,other,0.320806,0.73353,17.6439,71.5404,42.2818,40.0715,23.8964,749,774
UBE2L3,other,0.555806,0.625014,70.4115,150.899,106.354,18.3324,10.6183,2136,1866
UBE2L6,other,0.519962,0.687323,37.8357,83.0626,63.7464,21.276,14.7022,1027,1128
UBE2M,other,0.126989,0.451592,8.68072,100.37,46.5561,73.6716,32.7159,338,466
UBE2N,other,0.155529,1.25417,45.9507,310.431,281.188,258.879,255.149,99,58
UBE2O,other,0.430577,0.670707,27.8371,81.2411,51.4482,27.8954,19.1572,1140,1057
UBE2Q1,other,0.287332,0.667006,16.0605,77.1606,40.4907,38.6069,25.4526,677,705
UBE2Q2,other,0.105979,0.373174,6.37368,76.2085,47.4615,59.559,29.9406,552,536
UBE2R2,other,0.236102,0.892811,28.7466,137.684,107.669,114.896,62.176,206,263
UBE2S,other,0.410718,0.778342,48.1538,154.805,88.7949,80.2526,37.4547,496,468
UBE2T,other,0.241426,0.714256,105.734,494.592,387.805,304.109,272.761,65,63
UBE2V1,other,0.188562,0.616132,13.6881,80.9402,65.1048,62.5355,38.2878,469,433
UBE2V2,other,0.563534,0.598842,141.216,253.206,248.001,22.1889,7.28757,2221,2879
UBE2W,other,0.33425,0.671662,19.0933,67.64,48.2407,36.7657,22.0672,694,763
UBE2Z,other,0.435276,0.733977,24.9925,73.0951,45.1024,32.7205,16.3851,1088,1229
UBE3A,other,0.111638,0.646472,5.48466,56.4892,42.728,51.8978,27.0514,494,570
UBE3B,other,0.501247,0.700386,28.966,65.5955,50.9096,19.3271,13.9423,1267,1197
UBE3C,other,0.18308,0.624555,9.53247,70.5783,38.4112,49.3618,27.4314,621,652
UBE3D,other,0.23862,0.655422,55.2175,244.652,218.873,153.569,140.948,171,128
UBE4A,other,0.414897,0.692736,28.1672,73.2857,62.891,30.8647,23.9173,894,784
UBE4B,other,0.188944,0.986754,16.038,110.828,65.0108,83.8335,55.2247,293,285
UBFD1,other,0.180881,1.14761,47.1203,281.369,241.187,256.688,172.88,109,115
UBIAD1,other,0.137299,0.439229,10.1551,79.9264,68.4448,57.7191,44.3742,457,431
UBL3,other,0.352307,0.675989,23.8815,90.7853,50.613,41.1893,25.4481,528,634
UBL4A,other,0.161714,0.65865,6.60741,51.8354,32.2061,41.3391,22.6184,833,741
UBL5,other,0.119979,,121.469,1152.21,889.589,1240.82,880.83,15,25
UBL7,other,0.453893,0.675239,41.0246,93.3775,87.4863,40.1895,18.0862,822,897
UBLCP1,other,0.472186,0.654915,69.6905,139.677,155.954,49.2642,30.7122,874,753
UBN1,other,0.325873,0.673398,26.6663,80.5644,83.116,49.6443,32.4006,515,509
UBN2,other,0.296947,0.678992,20.635,89.2766,54.0898,57.3999,25.1158,666,625
UBOX5,other,0.0828004,0.800062,12.7362,166.82,141.829,155.063,120.275,154,147
UBP1,other,0.0235381,0.0838382,2.67716,132.756,97.4433,93.7598,71.2951,258,206
UBQLN1,other,0.166043,0.939378,11.4119,76.9019,61.4238,70.5236,38.2855,479,410
UBQLN2,other,0.11643,0.752906,8.47843,86.6274,61.2134,80.1162,41.7376,362,411
UBQLN4,other,0.221273,0.599966,21.5756,106.039,89.6606,77.7363,43.9686,335,366
UBQLNL,other,0.330912,0.413722,33.6389,143.487,72.019,22.2442,17.4918,1221,927
UBR1,other,0.314359,0.968702,50.9468,202.603,129.639,143.83,82.5773,164,222
UBR2,other,0.267724,0.655348,15.236,63.8017,50.7618,40.9183,27.1418,830,759
UBR3,other,0.401544,0.717283,19.8477,64.2756,38.0107,30.8621,15.096,1129,1200
UBR4,other,0.314782,0.683885,59.5978,208.992,171.519,100.217,101.701,337,178
UBR5,other,0.45946,0.623462,46.5286,106.263,96.5079,29.9878,23.4885,1225,784
UBR7,other,0.233116,0.556503,16.3648,96.3172,51.1655,58.8041,28.1136,445,519
UBTD1,other,0.144527,0.662409,8.42326,72.801,46.6581,60.8466,33.1318,473,512
UBTD2,other,0.169696,0.720224,18.4604,128.705,91.9483,111.611,53.5149,311,340
UBTF,other,0.443456,0.644485,26.4812,72.2666,49.344,24.2655,14.172,1009,1285
UBXN1,other,0.563998,0.600673,201.525,654.197,195.162,26.0451,15.9702,589,933
UBXN11,other,0.340856,0.777425,21.8827,74.3476,55.4359,44.0943,29.2473,697,687
UBXN2A,other,0.225216,0.675545,13.8841,76.017,49.9951,51.5145,32.7559,485,506
UBXN2B,other,0.078596,4.34314,6.86099,101.077,75.3911,100.9,61.297,273,292
UBXN4,other,0.232362,0.574989,14.0288,66.049,55.1881,41.006,31.4177,574,545
UBXN6,other,0.187066,0.386993,20.6808,119.451,102.319,70.6479,43.8016,520,432
UBXN7,other,0.119002,0.491044,12.9584,134.047,88.458,98.6255,68.7976,226,242
UBXN8,other,0.21949,0.539077,11.3836,69.212,38.8641,40.592,23.2835,712,684
UCHL3,other,0.169821,0.807966,23.2002,209.21,89.2105,177.504,63.2056,134,243
UCHL5,other,0.237154,0.810525,33.9133,178.326,114.674,127.356,80.3263,191,214
UCK1,other,0.555153,0.671732,50.6926,114.108,73.0719,18.595,13.4457,1251,1342
UCK2,other,0.212124,0.46765,17.4938,128.228,53.04,66.7863,30.2648,348,509
UCKL1,other,0.183326,0.61944,11.2666,72.3385,52.2119,53.4055,34.7389,645,539
UCN,other,0.11292,0.400476,5.52976,63.4031,37.8235,48.8031,24.7645,635,710
UCP2,other,0.0196917,0.0817246,2.11034,148.331,77.4298,126.091,47.4473,192,304
UCP3,other,0.164718,0.465423,7.77004,56.6483,39.2807,40.7622,21.7365,797,784
UEVLD,other,0.197206,0.826642,9.10983,48.0656,44.3961,41.3279,26.3711,756,661
UFC1,other,0.261814,0.589962,23.1651,133.335,58.7131,69.3864,34.6037,469,437
UFL1,other,0.343219,0.629369,57.2789,178.232,156.265,80.4761,71.5347,390,251
UFM1,other,0.433797,0.608913,50.2224,138.51,96.7705,39.5353,28.038,843,584
UFSP1,other,0.323996,0.770045,29.571,121.055,68.8126,75.1379,36.6965,545,462
UFSP2,other,0.320403,0.664461,16.6912,57.716,47.0207,30.4392,23.887,819,708
UGCG,other,0.18691,0.803576,14.9339,94.6485,67.4483,72.2355,52.0386,399,358
UGDH,other,0.18483,0.474602,29.2492,287.039,87.245,156.834,58.0747,213,285
UGGT1,other,0.257121,0.516485,16.2038,79.5794,49.9061,44.5786,21.7847,669,753
UGP2,other,0.108033,0.322046,8.31765,99.718,59.4451,72.806,34.6584,315,474
UHMK1,other,0.110244,0.528062,8.83239,114.525,56.0461,95.26,41.5247,284,414
UHRF1,other,0.207569,0.559842,28.5298,171.347,110.254,98.1092,74.7944,215,223
UHRF2,other,0.219018,0.875656,21.162,113.95,81.9287,85.9881,61.0418,275,274
UIMC1,other,0.355607,0.614904,20.9597,65.2019,53.2807,31.7433,18.5552,980,1006
ULBP1,other,0.131026,0.489649,4.60755,42.4873,29.1048,32.5086,20.2314,795,788
ULBP2,other,0.133271,1.91614,7.9356,71.5778,49.5345,70.2605,36.5139,473,457
ULK1,other,0.277198,0.535072,11.2346,55.5798,29.5541,27.6467,13.7718,1130,1189
ULK2,other,0.148687,0.47627,12.9456,99.1266,76.473,67.1923,53.3375,498,324
ULK3,other,0.192808,0.728026,22.0316,156.514,83.4234,111.391,63.1279,273,281
ULK4,other,0.25961,0.44089,21.7905,135.971,51.8139,43.5471,25.3844,662,636
UMAD1,other,0.0753841,,73.404,1050.46,902.613,1235.07,1014.86,14,12
UMPS,other,0.225968,0.984625,142.541,323.647,1229.45,242.063,972.573,114,31
UNC119,other,0.339819,0.753435,23.9128,79.5174,62.2736,48.4502,29.8495,668,690
UNC119B,other,0.0659708,0.296053,6.44743,107.294,89.0215,88.9066,63.2273,298,262
UNC13A,other,0.1052,0.998846,6.50603,76.6824,49.8775,71.4606,41.7527,444,366
UNC13D,other,0.241176,0.563724,13.1415,68.5941,43.2847,41.5007,23.2264,887,903
UNC50,other,0.167952,,70.5184,347.681,507.054,279.87,515.492,85,27
UNC5CL,other,0.344923,0.898794,35.4182,112.108,94.053,81.1052,43.9653,309,416
UNC93B1,other,0.208389,1.02335,17.6219,98.7979,72.3783,87.3051,46.5776,327,358
UNCX,other,0.270893,1.32996,102.062,405.892,349.725,331.9,270.133,71,59
UNG,other,0.269324,0.528857,11.7756,48.3425,39.5445,28.98,13.9394,1049,1243
UNKL,other,0.225605,0.842451,10.4753,60.6161,35.5671,45.8516,25.0952,682,703
UPF2,other,0.348128,0.824569,104.045,369.735,241.59,180.643,157.388,125,109
UPF3A,other,0.270611,0.855086,24.7862,113.295,74.0489,81.6366,47.5083,339,338
UPK3BL1,other,0.301435,0.589851,28.6038,103.353,87.124,62.9996,28.8483,494,568
UPP1,other,0.290462,0.861564,17.6811,75.412,49.1357,58.7645,23.8374,464,683
UPRT,other,0.0259046,0.0692699,1.66584,78.1639,52.9061,51.765,30.9986,493,582
UQCC1,other,0.200351,0.873753,25.5941,118.537,137.671,103.964,78.7929,272,207
UQCC2,other,0.0749434,0.739075,7.9171,141.666,78.7771,128.497,70.0632,237,210
UQCC3,other,0.133115,0.465066,9.72637,119.025,44.8547,71.1558,35.7174,438,468
UQCC4,other,0.436112,0.636809,20.3506,54.7412,39.7779,19.8052,10.5458,1611,1736
UQCC5,other,0.377993,0.754168,27.2307,85.8406,60.4588,44.253,29.1101,730,725
UQCC6,other,0.513629,0.813715,52.1332,113.324,90.9086,46.7998,29.2063,876,843
UQCR10,respiratory chain (NDUF/COX/UQCR/ATP5),0.0939245,0.460334,31.0808,438.612,249.659,399.466,133.206,54,107
UQCR11,respiratory chain (NDUF/COX/UQCR/ATP5),0.233664,0.662528,12.5236,77.1899,37.2145,46.0325,25.7465,789,705
UQCRB,respiratory chain (NDUF/COX/UQCR/ATP5),0.309249,0.729917,70.9872,185.596,283.907,105.959,165.138,254,113
UQCRC1,respiratory chain (NDUF/COX/UQCR/ATP5),0.0875584,0.769565,51.2225,589.18,580.869,387.832,558.866,66,29
UQCRC2,respiratory chain (NDUF/COX/UQCR/ATP5),-0.0136464,-0.0773072,-3.40784,222.722,280.001,196.193,206.752,114,106
UQCRH,respiratory chain (NDUF/COX/UQCR/ATP5),0.172264,0.755942,14.7198,104.869,69.6253,84.9084,50.6297,346,336
UQCRHL,respiratory chain (NDUF/COX/UQCR/ATP5),0.28847,0.625114,16.2142,78.8841,40.0498,45.3084,20.0121,758,931
UQCRQ,respiratory chain (NDUF/COX/UQCR/ATP5),0.217466,0.67491,38.5287,178.665,175.689,127.95,111.43,240,161
URB1,other,0.189091,2.02408,145.145,851.451,691.996,697.83,658.523,38,26
URB2,other,0.110158,3.93663,23.3467,250.962,178.981,249.536,154.318,110,102
URGCP,other,0.0937563,0.304299,6.63112,94.5328,52.9164,66.5657,35.9368,351,429
URI1,other,0.0867189,,23.3871,290.475,250.389,310.942,269.917,78,68
URM1,other,0.259795,0.644176,32.9284,175.749,91.4082,87.7796,61.7054,314,271
UROD,other,0.0652971,,24.9828,678.802,215.65,726.934,201.396,29,63
USB1,other,0.188626,0.675963,11.672,71.1402,53.8237,54.376,36.0382,538,499
USF1,other,0.433619,0.694407,44.7259,115.822,91.8566,54.977,23.6754,572,756
USF2,other,0.20343,0.327656,8.58981,48.1124,37.0578,20.1911,12.4432,1364,1365
USF3,other,0.309649,0.460587,25.4205,115.69,58.2551,30.6978,22.4153,956,777
USO1,other,0.198572,0.614031,72.5096,488.886,272.739,288.851,203.028,82,92
USP1,other,0.305147,0.987998,22.368,88.784,60.5202,67.932,35.9395,512,526
USP10,other,0.135955,0.64709,14.261,99.761,110.294,82.3048,82.4694,321,223
USP11,other,0.268927,0.807184,11.2593,44.5857,39.3151,35.043,18.9255,964,940
USP12,other,0.179557,1.23894,15.6648,96.5892,78.7978,87.4571,61.2921,324,296
USP13,other,0.21981,0.586683,18.2949,150.953,45.8906,87.2557,30.6243,235,614
USP14,other,0.23271,0.751492,22.746,136.091,70.2021,94.6825,48.078,207,321
USP15,other,0.32998,0.724919,25.8456,98.4907,62.2878,52.7195,34.5162,513,479
USP16,other,0.437587,0.698643,47.1957,136.153,85.4375,49.7333,32.6318,486,450
USP18,other,0.243546,0.650476,15.2634,80.4449,48.8247,53.1468,28.6546,547,645
USP19,other,0.305298,0.762582,15.7936,67.1276,39.8666,43.3204,21.8498,609,787
USP20,other,0.14468,0.733063,8.56202,75.3347,46.4876,59.897,37.651,398,414
USP21,other,0.213914,0.549951,7.05118,39.0567,27.8196,26.2201,15.0133,1099,1109
USP22,other,0.569247,0.65601,88.8931,157.858,154.478,22.6477,18.6764,1653,1260
USP24,other,0.194602,0.563154,15.5224,76.1238,83.5803,59.5749,37.6718,482,519
USP25,other,0.156137,0.58572,14.3536,120.43,70.1731,86.214,52.6219,266,309
USP27X,other,0.19838,1.87317,131.7,911.726,483.405,877.072,340.759,24,35
USP3,other,0.54602,0.729865,45.6767,98.3918,71.1237,26.6334,16.5438,1460,1451
USP30,other,0.1945,0.683399,16.2927,97.3964,72.0448,78.1503,42.5127,321,345
USP31,other,0.124218,,21.7042,143.721,212.423,165.877,191.32,191,92
USP32,other,0.0825549,1.06414,8.92542,129.353,90.364,125.987,69.4626,205,216
USP33,other,0.225087,0.642692,13.4512,72.7259,49.1059,51.6246,28.3468,570,615
USP34,other,0.251358,0.489507,14.4112,75.9047,43.3058,39.9558,19.1958,893,998
USP35,other,0.228172,0.648054,15.8166,94.815,50.679,67.275,29.0497,473,636
USP36,other,0.203679,1.51475,124.658,709.938,527.627,569.24,479.49,44,37
USP37,other,0.182611,0.9411,124.883,543.069,861.184,400.35,737.802,34,13
USP38,other,0.292568,0.609555,20.4768,76.9868,63.6287,46.2837,26.8739,643,660
USP39,other,0.0666353,0.521372,10.7525,216.866,120.066,201.202,92.9126,99,192
USP4,other,0.126488,0.542893,9.90916,91.4884,67.0825,74.8575,47.0503,383,363
USP40,other,0.388242,0.588501,22.6904,79.0022,43.2354,27.8505,14.1733,1019,1341
USP41P,other,0.309827,0.719171,22.3858,74.3388,70.2248,50.0826,30.2803,607,597
USP42,other,0.27632,0.74513,14.5028,62.1905,44.2953,42.125,25.4157,683,691
USP44,other,0.19012,0.482736,8.73326,60.1835,35.0606,38.7593,19.7839,931,891
USP45,other,0.282579,0.599952,17.6856,77.4732,50.5602,44.1362,24.4939,839,827
USP46,other,0.141205,0.561536,8.28107,73.382,46.8688,59.9215,30.712,494,462
USP47,other,0.170932,0.532077,15.8366,112.248,76.4719,85.4783,43.3789,359,397
USP48,other,0.221478,0.631826,11.6784,54.0065,51.4829,41.3623,24.463,808,741
USP49,other,0.168179,1.76963,11.19,86.1009,51.4174,83.44,36.3907,382,446
USP5,other,0.137821,,98.3252,848.702,599.714,835.198,609.046,22,31
USP51,other,0.215174,0.721252,13.0986,71.034,52.1681,55.7222,30.6279,451,608
USP53,other,0.211092,0.61462,11.9636,74.1315,43.3285,56.2576,22.1308,476,766
USP54,other,0.154505,0.704344,15.3216,138.854,70.8206,112.698,52.7298,236,296
USP6NL,other,0.339171,0.56924,20.9147,83.9708,45.2833,29.7134,20.4031,905,816
USP7,other,0.475707,0.70395,176.787,385.516,358.244,111.34,128.213,187,153
USP8,other,0.114006,,76.6372,764.209,591.302,886.533,632.508,21,26
USP9X,other,0.254512,0.585681,23.6357,143.858,59.9495,85.5791,32.0048,445,611
USP9Y,other,0.333489,0.591433,46.7845,197.866,99.465,72.0114,49.7458,410,346
USPL1,other,0.0720413,,43.6929,1018.19,361.267,1163.16,330.72,19,41
UST,other,0.127052,0.322556,6.69828,82.1935,33.8166,42.5024,22.9517,679,812
UTP14C,other,0.0999927,,36.4754,490.597,271.23,515.267,200.992,29,75
UTP15,other,0.134032,,172.743,1528.4,1086.79,1691.99,1255.62,10,16
UTP18,other,0.154227,0.602005,37.6764,491.137,121.511,312.95,99.5295,61,155
UTP23,other,0.241783,1.30593,73.2518,404.871,226.709,361.277,154.538,47,88
UTP4,other,0.0599962,,59.5867,1031.15,956.596,1057.46,1078.24,16,15
UTP6,other,0.172375,0.851574,49.6436,360.021,230.385,285.017,185.074,82,102
UTRN,other,0.414567,0.695198,25.896,66.9366,58.2926,31.8587,18.7364,1129,1013
UTS2,other,0.155199,0.956116,9.66793,85.4449,45.4154,67.2923,39.7829,475,449
UTY,other,0.188218,0.497363,14.827,117.925,52.6233,67.1808,35.1098,446,502
UVRAG,other,0.339008,0.738014,241.635,518.13,980.526,244.365,588.955,110,35
UVSSA,other,0.177282,1.18001,103.58,475.442,718.009,348.49,657.316,63,27
UXS1,other,0.344334,0.616282,29.8255,123.275,60.8611,46.8901,30.1985,678,602
UXT,other,0.0439735,0.350928,4.93099,152.705,82.3442,124.015,75.4623,224,197
VAC14,other,0.465558,0.638609,61.5641,145.502,120.182,54.829,17.6856,652,1113
VAMP1,other,0.346088,0.672325,25.6787,84.0427,65.5049,44.8371,28.2967,610,560
VAMP2,other,0.268467,0.56103,14.0326,70.456,38.7774,39.8432,18.3411,925,930
VAMP3,other,0.279695,0.857179,14.6931,62.6268,44.0652,47.6991,24.3823,797,699
VAMP4,other,0.290713,0.713226,13.6044,57.4186,38.1395,37.1554,20.1842,909,921
VAMP5,other,0.135494,,66.7473,520.832,465.936,446.764,476.437,73,31
VAMP7,other,0.472189,0.690828,33.3412,59.3268,84.0391,26.1794,13.7684,1117,1437
VAMP8,other,0.128879,0.550638,7.17128,64.9636,47.6605,52.9834,33.5027,584,511
VANGL1,other,0.181566,0.622867,9.40663,56.8925,47.1784,46.0678,26.1084,591,649
VAPA,other,0.126585,0.328525,10.1413,92.7003,69.2383,62.3957,37.7938,399,443
VARS1,other,0.161987,,284.119,1893.25,1624.92,1957.56,1818.76,10,10
VARS2,other,0.194442,0.437784,40.2109,131.061,326.312,84.3397,145.737,293,146
VASH1,other,0.337132,0.696499,16.1747,63.6971,36.1373,33.5414,18.2533,945,922
VASP,other,0.355879,0.534444,16.1965,61.1175,33.8901,17.2488,12.9546,1422,1246
VAT1,other,0.243635,0.763718,10.2893,56.5443,31.5426,43.3126,17.8248,813,864
VAV1,other,0.262388,0.505499,74.5175,127.921,630.503,85.8472,114.007,407,313
VAV3,other,0.247679,0.851243,23.1589,134.646,64.9329,98.9334,44.2074,269,362
VAX1,other,0.240241,0.655661,13.097,60.25,49.3276,45.7124,21.8809,740,800
VAX2,other,0.432986,0.762269,22.6197,56.6801,48.1501,27.7765,17.6847,1077,1105
VBP1,other,0.20124,0.729544,24.8193,120.481,126.25,98.5242,73.5392,283,229
VCAN,other,0.346597,0.757958,18.377,54.7567,51.3409,35.0863,21.4564,794,807
VCF1,other,0.0968052,0.244278,5.86886,61.296,59.9623,41.9035,30.1973,724,694
VCF2,other,0.40892,0.626875,36.4577,111.459,71.316,47.3652,18.5444,683,921
VCL,other,0.472466,0.653576,44.7427,127.919,70.1078,32.2464,21.1229,1053,951
VCPIP1,other,0.379513,0.731798,22.5668,63.6993,55.5075,36.8443,20.097,729,899
VCPKMT,other,0.256912,0.599536,11.5456,60.1019,33.6025,32.4881,20.1725,869,867
VDAC1,other,-0.0339567,-0.167407,-3.19607,110.571,80.1196,97.4285,52.3863,286,326
VDAC2,other,0.231059,0.653147,15.8847,78.1862,60.4482,54.7123,35.2509,599,618
VDAC3,other,0.223659,0.706201,14.5747,73.9971,57.3868,54.8,35.1994,586,503
VDR,other,0.213504,0.838354,12.3883,70.5587,47.7157,59.6703,27.6616,619,599
VEGFA,other,0.228589,0.575121,15.5977,80.2253,58.0365,50.3491,33.417,572,502
VEGFB,other,0.419654,0.654027,35.4269,99.6811,71.4943,39.93,22.3888,795,877
VENTX,other,0.0731295,0.203361,6.22137,127.108,56.9394,77.5006,38.0729,445,409
VEZF1,other,0.230143,0.72333,22.6366,106.6,90.7551,78.4855,55.9198,403,343
VEZT,other,0.304092,0.924825,95.479,378.306,260.593,249.433,177.887,116,105
VGLL4,other,0.291638,0.55109,27.7731,97.2028,93.3,48.0771,41.5997,654,459
VHL,other,0.382069,0.598613,32.5804,114.269,63.6362,41.3831,22.9937,721,767
VIL1,other,0.390999,0.720973,38.9997,113.384,87.7444,60.0489,32.8823,605,636
VILL,other,0.177439,1.91426,12.6952,85.7551,59.6927,82.453,46.3731,356,379
VIPAS39,other,0.240772,0.624237,15.8747,82.5545,52.6573,54.4152,29.6747,461,629
VIPR1,other,0.398453,0.760274,57.917,157.398,134.233,90.594,47.3631,346,428
VIPR2,other,0.212528,0.471712,30.449,180.422,113.77,84.8822,70.1576,329,246
VKORC1,other,0.634015,0.730244,89.5817,151.545,131.734,25.7458,12.1084,1857,1988
VKORC1L1,other,0.183819,0.804088,15.1223,100.162,67.5699,74.7874,53.6308,368,327
VLDLR,other,0.633146,0.759012,105.305,206.77,133.783,33.7776,22.5144,651,808
VMAC,other,0.122428,0.348654,7.0383,68.7045,48.1051,47.3189,29.0495,681,615
VMP1,other,0.0644645,,34.3945,854.366,333.191,998.2,314.972,23,41
VNN2,other,0.287821,0.522971,13.9789,64.1461,36.7733,30.8215,15.3332,1136,1301
VOPP1,other,0.190684,0.584674,21.4018,148.595,84.774,108.351,51.4799,286,311
VPREB3,other,0.14311,0.285222,9.53343,80.1377,55.376,47.3188,21.3345,800,813
VPS11,other,0.238429,0.841997,22.505,108.866,81.8367,79.6884,57.3521,271,268
VPS13A,other,0.243216,0.681119,15.5153,54.64,74.4771,41.7917,34.0914,775,600
VPS13B,other,0.29324,0.665186,20.2136,93.5954,50.7675,55.7234,26.3847,565,623
VPS13C,other,0.193941,1.21171,17.5132,101.826,80.0808,86.181,66.7288,334,265
VPS13D,other,0.493326,0.702678,115.044,280.936,193.578,89.6565,53.442,358,414
VPS16,other,0.0841396,0.718374,59.8894,868.781,583.161,785.943,499.26,26,22
VPS18,other,0.28448,0.548082,72.9874,281.697,233.674,132.661,114.684,254,206
VPS25,other,0.113164,3.51502,56.6979,527.726,475.673,524.009,405.67,50,42
VPS26A,other,0.189926,0.679114,12.7108,85.7284,52.2465,66.0271,34.465,410,505
VPS26B,other,0.171343,0.682924,19.5258,120.077,108.149,85.0504,84.8109,275,211
VPS26C,other,0.46698,0.660654,26.9123,81.9147,40.5456,20.8264,13.3814,1160,1215
VPS29,other,0.17461,0.487929,37.8824,206.452,227.991,126.874,152.244,202,117
VPS33A,other,0.174424,0.869114,56.3396,365.792,285.22,292.842,227.616,102,103
VPS33B,other,0.238484,0.372773,11.2847,49.1874,45.5206,20.8413,13.1911,1641,1592
VPS35,other,0.2561,0.995278,44.0938,173,171.352,134.308,120.625,178,140
VPS35L,other,0.113192,,61.5597,1214.17,243.602,1215.17,210.99,17,69
VPS36,other,0.122012,,133.928,1478.52,814.909,1779.34,828.2,12,15
VPS37A,other,0.142202,,98.2431,1222.98,390.277,1333.14,385.376,10,35
VPS37B,other,0.2644,0.515632,11.3984,59.2462,31.3693,29.1055,15.1565,1059,1054
VPS37C,other,0.118817,0.85481,11.0466,126.584,68.2841,117.487,49.9266,228,314
VPS39,other,0.140219,0.723404,13.5889,111.881,83.9458,98.787,56.9972,314,343
VPS41,other,0.167824,0.490222,41.673,253.682,243.06,160.889,165.183,126,107
VPS45,other,0.0952039,0.403363,23.695,275.779,224.617,207.304,174.222,116,90
VPS4A,other,0.210467,0.469718,22.7469,123.539,94.5519,70.331,50.4772,397,322
VPS4B,other,0.161761,0.720788,14.5059,126.316,63.6628,103.127,46.1966,246,355
VPS50,other,0.181711,0.841638,12.1831,82.4884,54.4954,68.7314,39.264,372,441
VPS52,other,0.258151,0.705043,14.7511,65.146,50.12,44.1943,29.2272,634,579
VPS53,other,0.163717,1.1507,25.2179,187.785,126.349,173.523,92.674,163,160
VPS54,other,0.0231167,,17.1948,782.148,707.381,720.4,767.956,33,19
VPS72,other,0.179955,,192.649,940.114,1219.06,901.499,1326.94,26,17
VPS8,other,0.153786,0.448984,11.7828,67.6206,86.8128,53.8282,36.879,567,456
VPS9D1,other,0.21685,0.640157,15.6738,93.2672,56.0149,66.1242,33.9287,441,465
VRK1,other,0.148725,0.846457,17.1335,136.723,97.0698,122.846,67.5451,235,207
VRK2,other,0.207075,0.582252,27.5272,153.199,115.349,112.888,59.9013,191,270
VRK3,other,0.541651,0.700549,38.9755,81.7462,63.3399,21.7402,11.7562,1331,1434
VSIG1,other,0.244569,0.890061,12.4632,57.7717,44.951,47.4591,25.9381,565,629
VSIG10,other,0.45788,0.678742,26.4805,71.5138,46.7691,22.5998,15.6512,1411,1154
VSIG10L,other,0.0913972,0.306508,4.76132,68.2691,39.7525,51.9413,24.9735,617,701
VSIG2,other,0.129906,0.315993,9.08735,112.953,43.3228,60.958,27.4167,487,700
VSIR,other,0.201277,0.708842,18.0123,107.432,74.5442,75.9503,54.0334,428,344
VSTM2L,other,0.101083,0.455409,5.93979,76.5332,45.1161,65.8659,29.1688,414,526
VSX1,other,0.306443,0.757244,25.1135,89.6437,74.9198,52.0878,45.6334,590,457
VSX2,other,0.295441,0.657421,10.5892,43.9052,29.2595,25.7662,14.9566,1186,1203
VTA1,other,0.213261,0.736703,20.2461,104.173,86.5184,83.7856,49.4721,319,385
VTI1A,other,0.295269,0.655747,14.5662,61.3145,39.6909,35.0503,20.9041,961,790
VTI1B,other,0.0249146,10.8504,4.12108,225.868,121.132,212.286,121.122,117,132
VWA5A,other,0.275749,0.632091,12.7448,54.3593,39.2978,34.4456,18.8824,812,892
VWA7,other,0.206867,0.416722,13.4807,79.3827,53.4955,43.8104,24.077,668,697
VWA8,other,0.175038,0.576765,8.91483,61.5787,42.1243,46.4312,26.3522,639,637
VWCE,other,0.206243,1.04767,9.41219,53.0176,39.2827,45.6635,28.3077,691,628
VWDE,other,0.179193,0.911812,9.35994,71.3417,38.2438,61.0532,28.0018,558,616
VWF,other,0.668319,0.704783,210.193,339.301,291.53,23.0222,10.304,2813,2590
VXN,other,0.221234,0.722486,18.8857,108.34,67.262,82.939,40.3618,279,389
WAC,other,0.409535,0.634212,60.0513,171.024,125.72,69.0568,37.7945,393,389
WAPL,other,0.12053,0.37238,60.8072,823.102,309.219,475.226,232.569,36,71
WARS1,other,0.229631,0.689921,22.1646,102.995,90.4571,67.239,61.5922,419,343
WARS2,other,0.239367,0.535152,25.409,91.5772,123.044,59.5833,52.5817,600,394
WAS,other,0.413705,0.707768,41.863,114.508,89.4222,52.3772,33.1136,578,583
WASF1,other,0.398966,0.640334,31.8514,96.2121,66.2455,40.3422,21.9595,853,880
WASF2,other,0.370134,0.503444,26.6005,104.732,49.3155,18.1861,17.0578,1070,1014
WASHC1,other,0.367066,0.679447,25.8793,79.7286,62.3449,39.6564,26.1415,667,646
WASHC2A,other,0.15832,,99.5451,264.442,1494.99,270.458,1656.29,111,19
WASHC2C,other,0.114655,0.881948,8.86177,91.7552,65.1065,83.2825,53.1903,349,329
WASHC3,other,0.0792138,2.67371,9.248,182.832,74.5489,181.465,65.7961,144,240
WASHC4,other,0.321768,0.43131,38.1546,191.128,73.5671,37.7548,22.5444,462,651
WASHC5,other,0.195291,0.814034,26.2384,173.059,104.308,141.645,71.2361,182,235
WASL,other,0.400076,0.616421,24.324,67.3625,54.8739,26.5318,16.7386,1172,1248
WBP1,other,0.168951,0.560101,7.44913,56.9194,34.1529,38.368,24.6183,919,753
WBP11,other,0.133879,0.762385,33.3727,353.597,175.733,278.71,150.145,62,113
WBP1L,other,0.243316,0.87223,19.1033,90.5824,68.0505,72.868,40.9718,487,448
WBP2,other,0.109141,0.349467,6.34381,74.6218,45.2748,51.1239,31.2513,618,520
WDFY1,other,0.730747,0.743653,296.639,511.547,322.134,12.729,3.1471,9264,11510
WDFY2,other,0.147962,1.27587,9.24076,81.3171,47.966,73.9692,40.827,377,414
WDFY4,other,0.546612,0.699614,35.2959,73.5231,56.7108,16.2483,12.2715,1772,1569
WDPCP,other,0.403911,0.766399,17.8113,50.8379,38.2502,25.6309,16.8232,1031,1080
WDR11,other,0.224799,0.744274,13.1275,62.7096,54.3798,49.2487,31.2687,673,568
WDR12,other,0.363141,0.714418,61.4259,210.31,136.048,116.1,57.5788,229,283
WDR13,other,0.483533,0.741856,30.8976,69.164,59.0361,28.2885,16.5988,985,1099
WDR18,other,0.180899,1.43302,100.503,704.148,438.347,521.886,411.36,36,37
WDR19,other,0.125927,0.441026,8.15332,95.3818,43.9507,69.7885,30.5966,497,552
WDR20,other,0.249221,0.485933,13.9384,69.7123,44.869,37.5499,19.2878,775,862
WDR24,other,0.261977,0.851743,57.6121,282.194,171.377,179.787,126.7,136,138
WDR25,other,0.186162,0.790469,16.6731,103.955,77.162,87.6862,49.8157,377,347
WDR26,other,0.0867892,0.785143,19.5235,319.584,158.343,292.541,135.479,64,128
WDR27,other,0.354474,0.708971,30.1583,97.3436,74.3597,56.62,29.9261,624,723
WDR3,other,0.069189,,68.8844,883.917,1121.39,655.415,1390.07,27,11
WDR35,other,0.310071,0.520432,19.6018,71.8477,55.6232,31.9878,20.0333,719,710
WDR36,other,0.218582,1.04047,123.399,590.92,539.342,528.924,312.46,52,65
WDR37,other,0.0901074,0.355757,5.90309,77.9111,55.0858,63.5226,35.9505,491,434
WDR4,other,0.245663,0.528053,28.5714,181.9,74.3622,91.2338,42.0727,215,385
WDR41,other,0.245377,0.565648,14.1703,88.5801,37.649,48.2301,22.0957,593,795
WDR43,other,0.0375169,0.924797,16.5484,674.621,288.402,644.275,277.851,29,50
WDR44,other,0.201868,0.671883,32.2083,184.017,138.338,120.633,102.083,193,155
WDR45B,other,0.0977526,,19.1718,273.912,140.429,280.182,140.195,74,108
WDR46,other,0.195695,1.01409,99.7543,636.228,408.405,518.511,326.205,30,45
WDR47,other,0.163262,0.849995,12.6113,93.6393,63.7222,77.7484,49.8693,348,320
WDR48,other,0.148553,0.842305,26.6002,248.433,129.062,205.611,105.773,122,171
WDR53,other,0.365566,0.700405,14.1759,44.8811,33.5046,25.2322,12.6567,1126,1431
WDR54,other,0.530265,0.627693,56.7225,114.891,99.5955,20.7551,12.8472,1433,1428
WDR59,other,0.352662,0.6978,83.0362,235.328,235.583,130.003,101.139,213,214
WDR5B,other,0.227582,0.678726,9.73189,53.1434,34.4087,38.9002,19.9744,902,861
WDR6,other,0.13606,0.500337,7.32064,62.1445,46.5836,47.2226,32.2371,576,517
WDR62,other,0.329614,0.682526,15.5627,54.2832,41.0668,30.8614,18.869,871,856
WDR7,other,0.242162,1.21396,77.6119,355.492,288.944,306.903,204.823,71,58
WDR70,other,0.0998197,,35.68,479.021,266.724,511.857,219.018,48,96
WDR73,other,0.0617003,0.433642,11.4441,209.268,164.394,188.747,130.455,123,118
WDR75,other,0.155147,,142.246,1328.51,632.744,1355.93,605.228,18,22
WDR76,other,0.165721,0.641256,11.4895,79.7889,60.2432,61.1475,43.0219,428,374
WDR77,other,0.133491,0.473327,18.3906,174.459,108.791,114.661,83.5462,166,204
WDR81,other,0.18904,0.53905,11.7361,85.8339,44.9038,54.2708,29.8858,491,577
WDR82,other,0.431198,0.654029,93.2266,240.175,194.625,87.8339,61.2519,373,313
WDR83,other,0.189376,1.51027,18.1479,107.492,85.4326,102.543,56.2598,252,286
WDR83OS,other,0.286347,0.686734,34.6589,146.134,100.252,89.4603,55.3081,416,313
WDR86,other,0.213867,0.421929,10.0217,48.4167,45.352,28.7129,16.7199,1006,1049
WDR88,other,0.230676,0.425222,7.80451,42.1383,27.165,19.7818,12.097,1519,1454
WDR89,other,0.21201,0.890923,16.3537,86.2652,68.9737,69.9632,48.3051,394,353
WDR90,other,0.306676,0.519174,22.7193,106.127,51.7138,32.874,25.5717,679,612
WDR91,other,0.433757,0.649151,37.0509,85.7946,85.0439,36.8628,18.4685,888,916
WDSUB1,other,0.1946,0.679741,8.97329,50.8262,41.834,37.5649,28.693,717,617
WDTC1,other,0.104622,1.59045,104.4,1529.2,651.171,1499.08,508.103,13,20
WEE1,other,0.195181,1.22227,68.3874,648.205,189.394,582.461,141.777,34,115
WFDC2,other,0.174063,0.511807,11.9062,85.9953,54.407,59.2469,34.1753,416,511
WHAMM,other,0.135382,0.388282,6.95274,57.9781,45.4912,39.4533,28.1826,624,608
WHRN,other,0.070257,0.342332,6.1624,98.8498,77.8294,74.0205,64.7786,464,241
WIPF1,other,0.0950294,0.543339,4.29544,53.1303,38.4553,46.3709,29.2091,603,545
WIPF2,other,0.134921,0.45104,8.82268,76.0018,56.2628,61.3526,30.1438,546,547
WIPI1,other,0.494494,0.724934,33.186,76.7265,58.7007,25.6746,17.6519,970,1029
WIPI2,other,0.0133059,0.0413543,1.16706,92.4081,83.2516,71.0414,45.9774,387,353
WIZ,other,0.510983,0.753228,41.3117,101.814,64.1986,37.9876,17.0691,937,1115
WNK1,other,0.31698,0.668499,29.4964,104.904,82.5429,50.4164,46.8125,569,411
WNT1,other,0.267151,0.631544,11.5271,59.4153,31.335,36.6054,16.7297,931,1028
WNT10A,other,0.286474,0.630364,14.405,68.2411,37.052,35.0647,21.3116,756,777
WNT10B,other,0.246728,0.606561,17.0812,96.7375,49.5459,61.0151,27.3461,640,683
WNT16,other,0.189761,1.30495,14.704,86.9243,69.0747,78.7381,53.565,382,344
WNT2B,other,0.230871,0.657153,12.6464,63.7245,47.0859,46.0471,26.1359,778,722
WNT7A,other,0.0648044,0.405174,11.8035,329.252,100.759,292.512,77.6599,74,198
WNT9A,other,0.559241,0.585344,210.272,507.52,278.556,28.2078,9.32655,2181,2181
WRAP53,other,0.380546,0.668966,41.6813,138.776,86.448,64.3741,34.2696,555,520
WRAP73,other,0.123758,0.528502,11.0695,122.098,65.5231,97.7585,47.4995,251,317
WRN,other,0.425904,0.501199,61.3181,180.596,114.774,32.3652,13.7987,1811,1737
WRNIP1,other,0.0854591,0.357531,4.78636,66.2156,47.3734,57.3533,27.1507,545,657
WSB1,other,0.17451,0.470821,12.9114,105.417,51.9265,58.6958,35.8307,494,449
WSB2,other,0.0957256,0.749851,7.79931,110.437,60.1095,105.315,38.9864,248,408
WT1,other,0.579375,0.739473,56.6422,118.301,80.7925,29.6081,14.6401,1642,1635
WTAP,other,0.436274,0.521834,61.8061,197.834,101.448,31.166,17.2801,728,1103
WWC1,other,0.221559,0.547656,14.094,81.4289,49.6947,52.2558,26.9925,508,609
WWC2,other,0.23961,0.792891,13.4172,66.5067,47.1466,51.8216,27.6472,672,618
WWC3,other,0.146376,0.94866,11.9984,105.06,63.9544,91.2913,52.3364,271,307
WWOX,other,0.165927,0.447748,8.07442,64.0817,36.9535,41.3884,22.6231,731,698
WWP1,other,0.120727,,6.96535,63.4505,52.4613,64.0195,41.237,483,408
WWP2,other,0.310056,0.504837,27.3511,94.102,82.6936,41.478,26.9155,937,916
XAF1,other,0.225384,0.510086,14.2849,68.6685,58.4994,41.4336,29.7027,592,585
XBP1,other,0.447003,0.645611,37.1575,92.8436,74.4251,33.2629,18.8288,948,1048
XCL1,other,0.492693,0.7007,34.8714,83.0783,60.2974,28.0636,15.2785,1086,1188
XCL2,other,0.140007,0.518924,7.29432,62.4342,43.4757,52.2744,24.0276,630,744
XIAP,other,0.0990306,,17.6247,151.165,209.533,152.515,167.45,210,99
XIRP1,other,0.200627,0.764328,9.22368,57.5322,36.7385,44.7737,25.3242,716,673
XK,other,0.243506,0.66632,14.8455,74.5705,49.8434,56.6381,22.1619,489,710
XKR6,other,0.246831,0.582785,10.4408,51.1238,34.998,29.7823,19.9588,926,874
XKR8,other,0.344594,0.788165,32.2756,96.277,91.1191,60.8663,43.7626,570,486
XKRX,other,0.243296,0.622065,13.2799,56.8609,52.3971,38.5464,27.5128,695,632
XPA,other,0.17119,0.707517,8.65478,61.7357,41.4019,50.2049,28.4248,545,556
XPNPEP1,other,0.427102,0.684952,14.5541,44.936,25.841,16.1255,10.1701,2041,1804
XPNPEP3,other,0.373325,0.667465,17.3981,46.5078,46.6985,24.8234,15.3657,1182,1185
XPO4,other,0.15318,1.35369,12.8375,89.0573,78.8656,83.5045,62.6695,356,254
XPO5,other,0.353449,0.64488,41.9212,141.233,99.6043,71.2795,39.1954,299,413
XPO6,other,0.233195,0.838328,25.0793,128.191,90.2265,99.4237,59.1162,288,288
XPO7,other,0.20322,0.413718,10.2813,60.1697,42.5387,34.4146,18.5601,946,832
XPOT,other,0.245291,0.894733,19.7491,95.1106,68.1556,79.2841,37.3718,389,415
XPR1,other,0.465072,0.796924,60.8834,159.087,107.726,67.5471,43.9656,547,540
XRCC1,other,0.17294,0.934939,10.7095,74.8466,51.2354,67.7624,32.7139,446,539
XRCC2,other,0.380296,0.933063,132.514,398.683,304.547,241.791,175.988,98,73
XRCC4,other,0.0211945,,2.86777,235.755,77.6571,250.383,38.0962,89,401
XRCC6,other,0.147068,,95.7959,872.406,486.341,945.524,380.169,21,34
XRN1,other,0.180346,0.987843,18.5059,115.249,91.3634,101.708,65.4445,222,238
XRRA1,other,0.121503,0.263869,15.0531,157.024,97.7488,84.188,53.0672,371,360
XXYLT1,other,0.122795,0.913901,7.29116,71.1074,49.581,62.5255,42.1643,453,384
XYLB,other,0.240712,0.751854,12.0044,60.6405,41.013,44.7734,24.9467,743,688
XYLT1,other,0.195286,0.578732,16.3443,106.436,65.812,77.8391,37.9214,377,425
XYLT2,other,0.343513,0.626288,21.7559,78.5534,51.0625,36.6519,22.2637,969,868
YAF2,other,0.272448,0.550025,18.8498,90.7108,52.7701,47.629,25.5083,708,664
YARS1,other,0.494286,0.721487,144.936,330.37,260.251,108.129,78.6705,221,233
YARS2,other,0.507198,0.693849,50.8769,118.131,85.1775,31.269,23.2784,1133,882
YBEY,other,0.0940343,0.453166,47.5117,647.802,394.081,525.458,304.234,41,50
YBX1,other,0.229288,2.06173,100.694,317.848,606.774,244.79,574.125,87,31
YBX2,other,0.224699,0.547044,16.4605,93.9854,57.0981,49.0154,36.9647,472,448
YBX3,other,0.174775,0.86765,15.4276,104.933,74.255,85.2935,58.1565,296,326
YDJC,other,0.215708,0.744535,11.4119,58.7417,47.6474,44.7558,30.8494,656,565
YEATS2,other,0.279623,0.783891,92.6762,243.117,451.83,149.623,302.328,202,59
YES1,other,0.289258,0.947893,35.4381,156.176,96.1071,112.223,64.3069,270,276
YIF1A,other,0.379801,0.670318,36.6136,154.166,60.2816,65.0673,26.7965,611,796
YIF1B,other,0.293027,0.78657,18.1355,76.0399,50.3732,49.9969,29.961,540,561
YIPF1,other,0.527638,0.560728,175.635,363.787,304.581,30.4641,10.2385,2136,2314
YIPF2,other,0.264024,0.752916,23.6068,124.723,64.0972,89.0069,36.5726,301,491
YIPF3,other,0.172146,0.549246,14.7488,89.6218,81.9049,66.6774,50.4776,470,361
YIPF4,other,0.0935372,,7.51837,102.096,63.2805,102.25,53.7964,296,332
YIPF5,other,0.180349,0.828973,15.6438,100.852,74.606,85.2968,51.7117,375,322
YJEFN3,other,0.215501,0.675145,9.07131,49.8429,35.5498,36.9006,21.601,877,814
YJU2,other,0.174392,0.954368,24.8787,214.892,94.7076,190.134,67.2597,105,214
YJU2B,other,0.164254,,143.145,1380.35,550.215,1370.65,558.897,21,23
YLPM1,other,0.0980036,1.29905,20.824,253.059,178.411,237.503,161.892,87,98
YME1L1,other,0.342737,0.71702,39.8011,139.372,96.7593,78.7424,45.9382,392,438
YOD1,other,0.113042,0.710993,9.38954,89.0295,77.4959,79.362,59.4556,325,297
YPEL1,other,0.268017,0.881229,15.97,69.2177,51.2943,54.4121,29.1118,544,628
YPEL2,other,0.504739,0.783376,51.286,101.719,101.499,44.4938,26.601,766,766
YPEL3,other,0.129279,0.442729,9.11838,98.2882,50.6147,62.5959,38.7301,448,459
YPEL4,other,0.268092,0.76627,15.2624,65.8432,49.223,49.734,24.5962,637,704
YPEL5,other,0.266965,0.497341,33.5773,161.504,97.9486,65.4115,50.5143,343,347
YRDC,other,0.24103,0.595428,29.5916,172.541,87.3579,101.103,52.7839,263,306
YTHDC1,other,0.0972632,,32.0939,695.748,156.494,753.257,109.311,22,135
YTHDC2,other,0.467582,0.651552,27.0992,64,52.4826,18.828,14.1875,1245,1348
YTHDF1,other,0.45669,0.829197,27.4031,67.7387,53.1521,34.7539,20.0412,899,942
YTHDF2,other,0.473277,0.623315,70.716,125.777,177.502,35.1075,35.5449,629,434
YTHDF3,other,0.163987,0.333559,16.7028,138.313,75.0065,72.4975,36.908,597,444
YWHAB,other,0.198143,0.889844,11.7347,64.5324,54.3516,52.86,39.4526,466,412
YWHAE,other,0.145268,0.534852,8.99734,74.9679,51.17,57.2711,35.1793,574,536
YWHAG,other,0.280458,0.587381,22.1089,94.0231,66.0941,57.7242,27.0639,774,653
YWHAH,other,0.159176,0.976378,16.5603,105.606,102.493,97.8511,65.3974,318,295
YWHAQ,other,0.25122,0.732042,19.6745,87.144,70.3821,65.9777,36.2558,439,609
YWHAZ,other,0.21714,0.453333,11.1766,54.1267,48.9469,31.3486,22.262,757,812
YY1,other,0.442192,0.64694,53.737,133.531,110.597,41.6274,35.5232,651,531
YY1AP1,other,0.191805,1.04478,31.0345,162.149,161.457,141.038,119.66,202,153
YY2,other,0.432701,0.718888,23.5238,67.5228,43.7714,29.9842,15.2471,1225,1281
ZACN,other,0.176578,0.878319,13.9916,97.316,64.5174,84.5054,44.7085,371,459
ZAP70,other,0.234441,0.545078,198.108,286.819,2489.6,200.131,965.811,141,43
ZBED1,other,0.211048,,44.1885,260.451,168.318,261.478,122.957,81,145
ZBED10P,other,0.12288,0.452683,9.50251,82.9213,72.1188,65.3789,46.9999,384,371
ZBED2,other,0.23364,0.546539,11.2071,58.4521,39.3636,38.3751,18.4202,985,914
ZBED3,other,0.184757,0.770133,17.7627,75.7187,122.071,64.852,73.117,456,308
ZBED4,other,0.176505,0.62108,13.567,98.4265,60.0268,76.224,38.5349,493,434
ZBED5,other,0.121192,0.840747,16.8772,284.354,68.2018,263.479,48.8981,75,305
ZBED6,other,0.0877737,0.512296,10.9259,166.011,93.3361,149.727,65.4029,182,239
ZBP1,other,0.479442,0.670599,28.6609,77.9053,45.8714,21.9317,13.2372,1228,1283
ZBTB1,other,0.40854,0.791812,52.4508,149.253,110.436,84.1732,43.0123,329,450
ZBTB10,other,0.222828,0.645902,16.9283,95.8885,60.1896,61.3826,40.2828,430,427
ZBTB12,other,0.136023,0.584652,6.97194,60.6565,43.3118,49.6472,30.3951,525,519
ZBTB14,other,0.236069,0.879983,46.7539,233.002,168.345,188.548,104.844,132,150
ZBTB16,other,0.164912,0.740886,11.5196,84.0082,58.0826,70.3578,40.3724,447,388
ZBTB17,other,0.218701,1.6076,53.0263,258.654,227.28,226.063,193.898,112,83
ZBTB18,other,0.24937,0.621067,14.1584,65.488,49.2238,43.0758,26.0358,747,705
ZBTB2,other,0.435534,0.703174,33.2775,97.9227,59.6176,31.2334,26.0347,691,678
ZBTB20,other,0.160983,0.857772,13.113,100.083,66.2947,87.1196,48.2675,347,360
ZBTB21,other,0.551179,0.733761,73.2632,152.511,115.847,44.8152,23.2786,754,800
ZBTB22,other,0.256894,0.705743,10.7362,55.5782,31.4256,39.0567,17.4183,904,979
ZBTB24,other,0.158119,1.13465,27.8537,176.282,176.032,153.523,149.553,151,122
ZBTB25,other,0.249923,0.690333,18.0752,82.1246,63.6916,60.3677,32.1811,513,541
ZBTB26,other,0.515601,0.631056,36.2938,71.5371,69.2636,14.41,11.3626,1830,1659
ZBTB3,other,0.0794994,0.593023,6.22326,124.354,49.2774,108.377,42.3845,241,366
ZBTB32,other,0.306168,0.699347,20.5027,68.777,65.2018,46.8166,26.0642,646,612
ZBTB33,other,0.26059,0.756587,27.5848,111.263,100.71,79.7816,58.4858,336,298
ZBTB37,other,0.200106,0.681527,11.515,62.009,53.4014,49.2661,30.9991,661,617
ZBTB38,other,0.181272,1.41164,13.6254,88.0818,64.1438,84.2282,39.9676,420,434
ZBTB39,other,0.213177,0.694637,20.6467,99.1298,94.6267,71.7653,62.3422,360,265
ZBTB4,other,0.143681,,135.523,807.965,1101.12,744.313,1255.56,25,15
ZBTB40,other,0.197152,0.545174,9.38564,56.5134,40.1025,37.4217,24.5782,854,714
ZBTB42,other,0.478472,0.723645,37.4505,82.4866,74.2708,32.6224,20.5582,1176,1076
ZBTB43,other,0.215415,0.574995,17.1848,110.323,57.6858,69.9094,35.5839,348,480
ZBTB44,other,0.255885,1.02264,105.549,491.733,346.013,343.881,273.962,74,60
ZBTB45,other,0.118459,0.691506,5.57661,56.0563,39.5348,50.307,28.2231,642,602
ZBTB46,other,0.390014,0.923032,25.7457,65.0877,66.9497,44.5255,29.1138,653,631
ZBTB47,other,0.139745,0.262591,14.3829,101.127,104.75,60.7972,30.3616,427,513
ZBTB49,other,0.139423,0.529565,8.01545,66.6414,49.5952,52.0279,33.9182,610,522
ZBTB5,other,0.143602,0.477736,5.2116,39.797,33.0959,30.4667,20.3411,929,813
ZBTB6,other,0.10483,0.411735,8.17548,118.222,51.4465,87.1184,38.7705,294,398
ZBTB7A,other,0.435768,0.667987,38.9532,115.326,69.2863,34.2504,27.3434,843,626
ZBTB7B,other,0.534439,0.710747,36.8445,82.08,57.9044,22.5778,12.7415,1432,1627
ZBTB7C,other,0.212351,0.562184,13.1614,67.5161,56.8966,46.8024,30.4368,651,545
ZBTB8A,other,0.202373,0.607406,6.96608,39.3968,30.0755,28.7092,17.7689,1083,979
ZBTB8B,other,0.342847,0.699522,11.8883,36.0002,33.3993,22.0052,12.7614,1452,1458
ZBTB8OS,other,0.0818712,0.348133,13.2613,277.882,94.4171,221.219,68.8085,90,231
ZBTB9,other,0.321354,0.625346,28.9721,137.26,59.2175,47.5283,35.2968,440,472
ZC3H10,other,0.506247,0.749594,50.3417,107.357,92.1086,38.8915,26.2321,869,892
ZC3H11A,other,0.295063,0.890803,26.87,108.475,76.4498,80.5399,43.8791,332,382
ZC3H12A,other,0.282257,0.419103,23.7586,98.9279,71.62,35.0091,21.3426,802,735
ZC3H12B,other,0.371693,0.585511,26.6117,72.4409,70.7608,33.1069,18.243,952,1027
ZC3H12C,other,0.155731,0.387841,12.3005,92.0214,67.7964,59.2532,37.1001,404,436
ZC3H12D,other,0.293694,0.751446,13.917,55.1364,40.7251,37.5106,21.265,875,844
ZC3H13,other,0.260403,1.18837,91.8027,398.845,311.613,307.231,246.474,73,70
ZC3H14,other,0.0544293,0.285371,6.52941,143.489,100.291,130.68,59.4202,194,254
ZC3H15,other,0.206658,0.701932,17.2329,103.811,66.9833,78.3771,43.2854,370,356
ZC3H3,other,0.27059,0.913589,43.9101,196.068,134.307,140.434,92.7842,177,197
ZC3H4,other,0.219234,0.620241,17.8058,78.3169,84.227,53.0414,51.6207,542,352
ZC3H6,other,0.338391,0.531912,20.7381,73.9871,50.7627,29.9418,16.2516,752,1038
ZC3H7A,other,0.129284,1.48102,10.4901,85.5297,76.9758,82.356,61.1678,345,292
ZC3H7B,other,0.231234,0.733312,15.352,83.5809,52.737,60.412,33.8204,555,519
ZC3HAV1L,other,0.48947,0.842914,31.3552,76.3972,53.7142,33.5372,21.4292,800,840
ZC3HC1,other,0.16785,0.452767,18.7223,135.474,91.8379,97.4265,46.8965,309,373
ZC4H2,other,0.122836,1.86209,8.29164,87.2496,52.2239,85.1873,42.6094,362,378
ZCCHC10,other,0.165582,0.843045,9.1056,66.3841,45.554,57.5251,32.3856,499,504
ZCCHC12,other,0.181069,0.766543,9.39722,63.3831,42.4951,54.5661,25.4498,531,642
ZCCHC14,other,0.343522,0.709235,21.0771,79.2202,47.5202,41.1237,24.3378,589,676
ZCCHC17,other,0.272558,0.632987,22.5157,91.8203,74.3214,51.7845,42.7182,483,413
ZCCHC18,other,0.23724,0.947337,34.1951,131.534,157.949,100.39,116.114,285,183
ZCCHC2,other,0.259404,0.776179,16.5638,83.7611,48.6774,60.6838,28.9435,512,682
ZCCHC24,other,0.378789,0.611293,32.2885,104.372,69.6173,40.0932,26.2133,911,764
ZCCHC3,other,0.331773,0.557308,24.4099,93.2502,58.0496,36.9503,23.9749,745,832
ZCCHC4,other,0.10548,0.476936,12.4014,192.299,71.8824,123.927,61.9936,152,249
ZCCHC7,other,0.268778,0.533791,15.1441,58.1219,54.6207,30.7623,25.2013,847,723
ZCCHC8,other,0.216828,0.996703,29.2699,126.33,144.246,106.505,100.746,295,191
ZCRB1,other,0.106977,0.689895,36.9318,363.873,327.544,298.612,283.633,89,52
ZCWPW1,other,0.493033,0.5515,113.801,232.047,229.594,31.0762,17.727,1257,1128
ZCWPW2,other,0.330585,0.581428,20.5946,90.6586,42.8089,32.9243,21.0778,882,784
ZDBF2,other,0.193737,0.617057,10.8436,64.4709,48.5911,48.4489,29.3169,670,570
ZDHHC11,other,0.504272,0.678748,61.8549,159.201,94.5088,36.3074,26.9312,789,736
ZDHHC11B,other,0.129738,0.659805,5.87578,55.9738,36.6447,48.8776,25.469,594,721
ZDHHC13,other,0.0878144,1.53552,5.52642,91.6614,43.2085,90.5522,31.5312,321,440
ZDHHC14,other,0.359374,0.614284,34.9505,106.674,88.6648,49.6377,31.9086,832,686
ZDHHC15,other,0.167893,1.08359,9.17185,69.6578,42.8429,61.0949,34.476,518,475
ZDHHC16,other,0.131031,1.30077,10.4776,85.1334,75.1057,81.5153,57.1733,398,293
ZDHHC17,other,0.219143,0.597447,11.2531,56.3552,46.7905,39.8283,25.3242,750,596
ZDHHC18,other,0.262579,0.639969,13.9409,61.8939,45.5424,36.5969,26.7839,750,710
ZDHHC2,other,0.0988035,0.441957,7.20437,94.9753,55.9805,71.5459,44.639,369,340
ZDHHC20,other,0.233706,0.799802,13.6213,80.8626,42.0096,60.0315,28.0857,537,596
ZDHHC21,other,0.295371,0.571916,14.204,57.2753,40.3755,29.3411,18.2945,834,893
ZDHHC23,other,0.186789,0.802241,10.0883,62.1149,46.9614,53.7804,27.9879,528,581
ZDHHC24,other,0.18715,0.548284,12.9974,88.5665,54.4581,62.49,32.908,467,567
ZDHHC3,other,0.142721,0.697157,15.6796,128.626,93.8359,101.543,75.1586,236,206
ZDHHC5,other,0.29943,0.546948,6.62475,31.4475,15.5654,13.724,7.28796,2355,2349
ZDHHC6,other,0.116154,0.44689,6.94754,76.3093,46.8832,55.8911,35.0462,617,494
ZDHHC7,other,0.295917,0.754068,27.8078,103.476,85.3398,66.2972,48.7624,390,386
ZDHHC8,other,0.374584,0.786106,35.6139,89.7163,100.755,53.007,44.844,438,427
ZDHHC9,other,0.186832,0.676625,9.91248,65.0703,43.2595,52.6744,25.9458,649,703
ZEB1,other,0.655771,0.787821,82.1557,149.375,105.074,27.2786,16.0064,1011,1158
ZEB2,other,0.0437332,,5.18299,175.603,79.9845,188.097,71.4164,161,225
ZER1,other,0.257683,0.665557,17.8745,86.2409,55.7937,62.3896,25.5532,497,749
ZFAND1,other,0.318274,0.669802,12.9034,51.0074,32.2238,28.5051,15.7311,1150,1051
ZFAND2A,other,0.281948,0.647478,13.2049,60.635,36.1751,36.4681,18.9643,1015,972
ZFAND2B,other,0.196034,0.8607,24.5955,116.886,134.675,90.1735,104.105,351,183
ZFAND3,other,0.135344,0.380602,10.6895,85.2978,73.1299,63.0305,37.7055,497,485
ZFAND4,other,0.448702,0.684563,21.3229,57.6921,39.1433,20.1344,13.3109,1504,1438
ZFAND5,other,0.160001,0.481727,12.1299,94.7858,60.6354,67.6285,37.2887,528,558
ZFAND6,other,0.255744,0.69696,13.633,65.639,43.2922,40.2006,28.2511,740,618
ZFAT,other,0.188306,0.386223,13.6055,92.2821,56.5692,43.7447,31.0025,726,525
ZFC3H1,other,0.319313,0.825542,59.1702,251.927,136.3,161.935,79.2153,119,210
ZFHX2,other,0.182849,0.550297,10.1111,79.5446,38.4416,53.4079,25.5248,468,574
ZFHX3,other,0.147234,2.50696,14.7925,101.348,99.5979,98.9537,85.0591,295,220
ZFHX4,other,0.212389,0.89246,9.04841,52.2143,34.7608,43.7081,22.6762,852,774
ZFP1,other,0.28518,0.690678,13.2097,49.1542,43.6502,32.987,21.0246,942,929
ZFP14,other,0.257068,0.470067,18.3193,97.7933,51.9294,50.1873,20.0259,870,832
ZFP2,other,0.282449,0.770349,18.0282,73.3135,55.5699,51.2582,30.7376,589,595
ZFP28,other,0.190198,0.677318,8.80789,54.371,39.4425,42.1349,25.6223,716,727
ZFP3,other,0.109761,0.460981,4.44497,52.1086,31.4723,42.705,21.585,799,719
ZFP30,other,0.340516,0.697803,19.2855,64.4725,49.7521,38.7159,20.0965,941,941
ZFP36,other,0.0771512,0.44895,4.67558,74.4377,49.3393,64.7516,38.1416,435,444
ZFP36L1,other,0.572102,0.755868,60.0813,136.844,80.5946,29.8264,21.5566,740,798
ZFP36L2,other,0.047709,1.30647,7.43677,220.468,110.211,206.367,107.913,134,160
ZFP37,other,0.104891,0.859078,6.35561,60.027,61.1633,57.7122,37.5177,527,468
ZFP41,other,0.230963,0.720736,12.9765,65.0552,48.5231,48.6305,28.7867,663,634
ZFP42,other,0.203429,0.357557,14.6046,78.838,65.376,38.3042,24.2163,824,721
ZFP57,other,0.453369,0.70579,23.3804,66.9627,39.7162,23.1448,14.6723,1025,1209
ZFP64,other,0.419716,0.688057,34.4383,93.3555,72.1164,39.0066,26.0223,627,617
ZFP69,other,0.130858,1.22748,14.1523,127.31,91.8738,122.938,61.4672,193,285
ZFP69B,other,0.44614,0.700727,41.8105,121.227,72.4482,45.7148,25.3012,531,692
ZFP82,other,0.340042,0.625169,26.3761,130.675,46.0429,46.4251,24.9149,812,678
ZFP90,other,0.18819,0.716674,11.442,71.4379,51.7472,58.7185,31.7072,537,537
ZFP91,other,0.206119,1.08484,14.0348,79.0609,58.6429,71.6144,36.1664,422,437
ZFP92,other,0.257305,0.532341,23.7662,105.973,80.5059,66.3566,30.1948,454,591
ZFPL1,other,0.146195,0.704831,10.91,94.4818,58.9441,80.8049,41.4258,347,456
ZFPM1,other,0.528252,0.652853,240.002,499.922,412.899,78.1613,92.4707,239,176
ZFPM2,other,0.169017,0.524189,8.12135,59.4092,38.8636,41.4327,25.5107,759,676
ZFR,other,0.161874,0.674802,26.0523,193.261,134.027,144.507,103.455,174,148
ZFTA,other,0.157592,1.05074,10.2894,87.5699,48.6809,78.4159,38.2054,380,474
ZFTRAF1,other,0.430161,0.778292,66.9001,164.948,146.638,82.9818,56.4943,453,417
ZFX,other,0.23608,1.1765,44.1934,237.742,147.397,201.116,108.873,148,137
ZFY,other,0.19134,0.451842,9.88711,58.9187,45.3184,38.3904,21.9939,928,804
ZFYVE1,other,0.129306,1.20666,13.786,130.873,86.8541,127.421,49.0387,221,358
ZFYVE16,other,0.298174,0.533793,16.1415,57.9939,50.5321,30.5404,17.2242,864,1063
ZFYVE19,other,0.336279,0.668349,38.8856,153.652,87.0242,77.6615,42.4779,488,465
ZFYVE21,other,0.290879,0.82315,62.0246,231.361,196.523,150.737,126.102,156,118
ZFYVE26,other,0.245848,0.696609,14.3272,61.807,54.9478,47.7291,24.9006,579,662
ZFYVE27,other,0.138658,0.550316,9.474,79.7938,58.5066,67.2373,34.9033,394,529
ZFYVE28,other,0.166258,0.713307,7.15555,50.0718,36.9939,41.003,25.8974,745,683
ZFYVE9,other,0.226401,0.745002,10.8488,56.353,40.7468,45.258,21.6341,756,891
ZG16,other,0.302971,0.692275,22.7473,93.3617,60.3795,57.892,29.9395,461,565
ZG16B,other,0.286776,0.508586,12.4257,55.6355,33.7448,22.677,15.6335,1284,1257
ZGLP1,other,0.406057,0.64505,21.3364,72.7568,37.9486,28.359,13.3055,1236,1201
ZGPAT,other,0.460494,0.795322,43.8677,109.746,82.6906,54.9731,27.146,664,821
ZGRF1,other,0.209742,0.650977,12.5816,71.9486,50.0123,55.1774,27.7395,561,624
ZHX1,other,0.660152,0.783967,53.8548,96.9139,68.6712,16.3321,10.1091,1398,1602
ZHX1-C8orf76,other,0.242253,0.568381,40.1063,308.667,88.7967,147.154,57.9692,108,276
ZHX2,other,0.142388,0.540358,13.5647,99.8637,90.8799,80.537,58.2735,367,316
ZIC1,other,0.0864794,0.774494,13.6956,190.022,131.988,167.771,117.935,126,141
ZIC2,other,0.195368,1.5668,21.617,114.882,106.569,109.008,74.1618,300,248
ZIC3,other,0.25508,0.531544,11.7682,64.1402,33.1849,32.2918,17.7942,1040,1020
ZIC4,other,0.180035,0.43781,10.5547,66.255,51.8746,45.3468,24.0776,556,674
ZIC5,other,0.293245,0.671735,13.3248,55.9906,36.8758,33.285,19.5461,973,935
ZIK1,other,0.236561,0.990862,15.8649,81.3841,55.2648,69.2233,34.1839,421,479
ZIM3,other,0.0409323,0.284021,3.97437,107.945,87.3377,100.798,59.9385,304,256
ZKSCAN4,other,0.228125,0.685736,10.1007,50.4794,38.8364,35.3071,24.5365,873,778
ZKSCAN5,other,0.425041,0.764772,19.2062,54.8706,37.2121,24.6001,16.3767,1216,1200
ZKSCAN7,other,0.185321,0.755829,9.22594,60.2413,41.1415,50.4124,25.9825,677,661
ZKSCAN8,other,0.209515,0.499439,15.059,97.0027,53.2574,63.3725,26.224,418,570
ZMAT1,other,0.537561,0.607734,109.762,276.097,151.004,29.6711,18.6332,1041,944
ZMAT3,other,0.201854,0.679549,9.20164,55.3652,37.5334,43.6671,21.8596,685,763
ZMAT4,other,0.43651,0.676468,18.7133,47.5453,38.6549,18.5814,12.2338,1260,1322
ZMAT5,other,0.149347,2.99788,194.71,2002.96,848.615,1811.12,826.626,10,16
ZMIZ1,other,0.345908,0.656628,28.5759,110.509,61.7565,52.4555,29.1326,513,561
ZMIZ2,other,0.370445,0.525456,41.349,130.637,95.3712,37.843,28.6383,872,676
ZMPSTE24,other,0.382734,0.6668,27.3345,81.8969,62.2816,40.2728,21.9091,867,956
ZMYM1,other,0.196476,1.25758,15.3471,91.0272,67.0289,83.6964,46.7134,316,332
ZMYM2,other,0.592249,0.659523,201.798,407.777,284.71,52.7885,20.9801,580,1070
ZMYM3,other,0.276522,0.706645,23.8261,98.6415,75.2641,65.0155,41.4554,431,394
ZMYM4,other,0.149405,1.17731,26.3321,184.283,168.559,165.488,141.944,147,116
ZMYM5,other,0.293139,0.828018,15.8012,63.4272,45.8101,46.9628,23.6916,601,770
ZMYM6,other,0.260856,1.03298,16.7537,79.6219,51.8067,65.3586,33.3644,509,497
ZMYND11,other,0.125689,0.622213,10.3557,92.7104,73.221,70.1606,60.9372,482,342
ZMYND19,other,0.28887,0.619371,27.3407,90.5472,98.9322,52.7217,47.4175,661,420
ZMYND8,other,0.413592,0.782157,26.0159,77.9874,50.7351,39.8795,21.7033,909,895
ZNF10,other,0.325743,0.647598,15.9092,54.8796,43.4645,30.1996,19.0112,1045,875
ZNF100,other,0.41652,0.610323,26.6055,79.9933,51.0056,27.662,14.6925,840,1140
ZNF101,other,0.180984,1.70126,52.1129,265.873,311.843,230.655,285.199,118,63
ZNF106,other,0.417633,0.714422,29.4168,88.0975,56.3168,39.2595,21.6012,892,939
ZNF107,other,0.0979755,0.744823,7.2989,94.6103,58.6599,84.6083,49.0587,305,339
ZNF112,other,0.179976,0.606654,13.7327,107.958,53.9299,80.2285,35.4502,321,454
ZNF114,other,0.0678982,0.433382,5.21678,83.9117,70.3502,71.5349,58.643,437,310
ZNF117,other,0.203998,0.76328,21.4965,130.988,84.7726,94.5586,62.9995,297,265
ZNF12,other,0.309633,0.608052,22.1991,96.9633,53.0116,47.8266,25.8856,632,627
ZNF121,other,0.145044,0.563268,9.78439,85.0105,53.53,68.2792,35.4953,414,467
ZNF124,other,0.221055,0.482447,10.3449,57.0686,38.3754,34.1734,18.2935,840,950
ZNF131,other,0.149482,,56.7198,389.724,369.431,406.087,340.154,62,46
ZNF132,other,0.154819,0.554393,10.0538,75.8708,55.5819,58.6108,36.5282,407,450
ZNF133,other,0.166081,0.715382,7.19477,49.2582,38.0994,37.2285,29.6911,839,602
ZNF134,other,0.164032,0.678906,7.10661,54.2977,34.5688,44.7313,23.1148,669,734
ZNF135,other,0.163487,1.53938,15.368,124.745,70.8345,115.925,59.5347,254,252
ZNF136,other,0.189463,0.78887,14.1801,89.8794,62.3231,73.9477,42.0424,514,468
ZNF138,other,0.27509,0.640804,9.39787,43.3901,26.8979,23.4018,16.1373,1527,1087
ZNF14,other,0.417684,0.687873,18.2758,56.9101,33.6408,21.5866,13.6573,1328,1302
ZNF140,other,0.133071,0.723846,12.3658,115.259,74.9201,95.5076,60.144,299,279
ZNF141,other,0.4993,0.743019,35.2737,82.9291,60.1828,28.8332,18.5209,1064,1082
ZNF142,other,0.22726,0.747785,25.154,106.164,115.396,82.3467,67.8873,345,275
ZNF143,other,0.168163,1.21771,28.558,268.857,107.269,246.712,82.4322,81,170
ZNF146,other,0.289993,0.57674,17.3769,74.3073,48.3214,38.9372,22.6559,852,781
ZNF148,other,0.67771,0.776207,106.707,175.893,140.944,27.7783,13.3505,996,1224
ZNF154,other,0.328698,0.55935,29.7013,108.857,75.0069,41.3948,33.2121,624,532
ZNF155,other,0.216646,0.702334,14.2304,84.4468,51.0919,56.732,36.2791,513,499
ZNF157,other,0.139973,0.513892,11.1322,125.878,50.249,99.3743,32.543,264,543
ZNF160,other,0.384342,0.568126,25.8703,74.3524,60.9358,28.9079,15.3078,895,1091
ZNF165,other,0.254639,0.444612,23.4906,146.118,58.2417,47.2515,30.0075,529,533
ZNF169,other,0.138876,0.64302,8.72188,84.4738,46.6924,72.0061,31.9358,428,494
ZNF17,other,0.510422,0.743901,31.6508,71.0362,54.1291,25.3591,14.4976,1112,1175
ZNF175,other,0.24249,0.602884,19.5721,102.508,63.5517,56.7425,40.5233,550,450
ZNF177,other,0.317378,0.466686,24.1133,95.2772,60.5858,30.6981,19.2456,891,913
ZNF18,other,0.435501,0.657236,35.354,146.886,44.8663,47.216,15.8347,427,993
ZNF180,other,0.151259,0.524621,10.4121,72.6717,65.2033,51.2966,46.7752,580,392
ZNF181,other,0.307254,0.713421,15.5664,64.0779,40.0567,39.7577,20.4809,690,829
ZNF182,other,0.243973,0.569521,15.0705,68.043,56.0769,45.7814,24.6229,658,650
ZNF184,other,0.235245,0.764753,14.6559,77.957,49.7888,57.6015,31.7459,570,511
ZNF185,other,0.163593,0.737703,15.3693,104.262,84.6546,87.0601,59.4218,384,251
ZNF189,other,0.19313,0.68553,19.401,125.283,80.5481,95.8167,53.3668,267,337
ZNF19,other,0.171807,2.3393,11.9422,82.0061,58.9176,79.8943,46.577,387,380
ZNF195,other,0.135131,0.960704,11.3141,109.851,63.815,96.1059,53.7247,286,284
ZNF197,other,0.0950587,0.371339,6.83122,81.4402,63.4124,68.6002,37.0556,381,435
ZNF2,other,0.2455,0.667742,29.1435,140.802,100.085,91.6131,61.36,297,296
ZNF20,other,0.227012,0.84411,11.1018,55.0349,43.4558,46.2689,23.7233,708,717
ZNF200,other,0.351424,0.705998,18.9245,69.6259,41.65,37.2389,19.4644,989,948
ZNF202,other,0.448221,0.686859,40.8445,108.182,76.759,36.544,27.3972,1001,856
ZNF205,other,0.246387,0.671781,13.8165,68.3455,46.0101,45.6701,27.3554,683,654
ZNF207,other,0.172772,,169.357,1596.44,601.879,1711.94,580.359,12,23
ZNF208,other,0.176746,0.549898,7.29535,47.2281,36.0738,35.2722,21.3525,877,818
ZNF211,other,0.210948,0.833323,13.4704,72.387,56.3312,58.3072,37.7729,471,465
ZNF212,other,0.192016,0.749487,9.57769,55.5711,44.771,44.8553,29.5315,720,583
ZNF213,other,0.29899,0.523066,17.3738,66.83,50.525,31.5078,19.2907,1144,990
ZNF214,other,0.311553,0.6537,28.1758,91.0671,89.8102,55.27,37.9127,619,596
ZNF215,other,0.157655,0.861957,9.82079,66.827,58.0667,59.0449,41.3856,478,403
ZNF217,other,0.0997651,0.379809,11.6126,148.214,91.4146,103.868,70.3341,268,231
ZNF221,other,0.227862,0.53147,21.529,143.557,62.184,65.4637,41.1715,319,422
ZNF222,other,0.223854,0.703811,18.516,87.1603,78.4957,67.2195,43.7868,461,444
ZNF223,other,0.1095,0.440931,8.08291,73.4923,74.1429,60.0121,49.2142,446,358
ZNF224,other,0.190578,0.948261,9.99683,61.0871,45.0433,54.2079,28.8875,509,567
ZNF225,other,0.167474,0.66276,11.1831,82.0147,54.3667,67.0733,35.3114,489,486
ZNF226,other,0.157103,0.56594,8.26567,63.2825,43.7426,48.5064,29.3062,628,628
ZNF227,other,0.185991,0.599589,13.5492,88.9367,59.6707,61.8568,40.8137,422,437
ZNF229,other,0.279447,0.575761,12.9054,59.829,35.6476,30.0457,18.7789,1098,935
ZNF23,other,0.130766,0.521215,19.8591,229.266,100.599,190.986,62.6746,133,240
ZNF230,other,0.188261,0.643285,9.74426,66.1661,40.4894,49.8075,26.463,645,622
ZNF232,other,0.413048,0.672706,32.5712,97.7853,63.5906,42.4266,21.2428,731,832
ZNF233,other,0.121166,0.858461,7.92991,66.1107,64.7893,61.3486,46.8709,487,385
ZNF235,other,0.314235,0.734116,15.5732,55.9949,43.8628,37.8629,19.0441,913,929
ZNF236,other,0.340007,0.702823,71.9977,242.786,184.688,147.331,74.7502,170,196
ZNF239,other,0.09,0.462107,6.72235,89.4531,62.368,80.4904,38.7568,318,367
ZNF24,other,0.0732512,0.55804,9.08772,164.753,93.4214,152.614,71.5745,182,193
ZNF248,other,0.12985,0.689993,8.5524,73.7692,58.8052,63.3615,44.0437,508,382
ZNF250,other,0.281782,0.651303,15.3114,55.7927,52.9208,35.3167,25.93,810,711
ZNF253,other,0.32627,0.664265,21.6398,64.7834,67.903,38.3417,27.767,825,772
ZNF254,other,0.304089,0.750608,58.2576,258.749,141.849,107.996,101.89,271,164
ZNF256,other,0.407497,0.527953,36.1996,80.5465,97.9743,27.3004,9.68081,887,2432
ZNF257,other,0.141869,0.444859,6.58207,55.0276,39.1172,41.9187,22.4174,837,773
ZNF26,other,0.0944121,0.684075,6.28825,82.1935,53.9717,77.7346,35.0208,344,457
ZNF260,other,0.138171,0.744377,13.3358,115.524,80.6356,97.9786,62.3428,281,304
ZNF263,other,0.157966,0.768159,15.1055,139.054,65.76,120.658,44.739,182,342
ZNF264,other,0.270035,0.680042,19.5061,72.4274,72.0441,55.8523,22.4062,637,932
ZNF266,other,0.200529,0.416277,13.5187,85.5928,53.0978,48.7508,24.4719,724,604
ZNF267,other,0.198114,0.684629,9.10592,57.1507,36.9654,45.2345,22.1198,801,750
ZNF268,other,0.312523,0.644367,24.3951,93.3197,65.293,46.8804,34.429,606,530
ZNF273,other,0.224435,0.613728,14.7115,71.0646,60.4619,48.5099,34.9862,556,555
ZNF274,other,0.342269,0.748593,21.669,74.1279,54.0706,43.4861,26.726,615,579
ZNF275,other,0.272227,0.697488,15.321,69.3589,45.6678,46.8773,24.2056,723,778
ZNF276,other,0.415077,0.66824,23.3554,66.0915,47.904,27.0919,16.5819,912,934
ZNF277,other,0.202591,0.575777,11.8863,72.5718,47.434,52.0954,26.6211,526,578
ZNF28,other,0.114782,0.572127,10.5256,105.384,79.7948,87.861,60.4793,328,330
ZNF280A,other,0.174448,0.521682,6.81002,46.9359,32.4685,34.7901,18.4385,886,899
ZNF280B,other,0.425245,0.703504,20.5381,53.877,43.2951,24.3379,14.442,1326,1182
ZNF280D,other,0.587681,0.675059,76.2284,147.926,113.738,19.5998,14.3727,1180,1097
ZNF281,other,0.119745,0.271229,21.4466,143.041,224.253,85.4977,115.598,340,220
ZNF283,other,0.368618,0.536624,12.3595,43.4682,25.863,13.8333,7.96271,2178,2144
ZNF284,other,0.679194,0.76781,89.6468,144.643,120.444,21.9431,9.343,2867,2874
ZNF285,other,0.509275,0.814514,34.3776,86.1553,52.8888,38.6924,15.3571,917,1148
ZNF286A,other,0.176159,0.767255,7.78362,53.2283,36.6783,45.768,22.8832,737,683
ZNF286B,other,0.159846,0.571407,8.67106,68.1015,43.2099,50.9075,29.8169,563,567
ZNF287,other,0.453911,0.688221,48.5319,146.506,78.0294,40.2549,31.2272,1139,637
ZNF292,other,0.224826,0.967902,21.303,100.995,88.8967,81.6264,63.8866,336,251
ZNF296,other,0.299365,0.691704,24.5121,83.7238,80.0778,57.4259,32.3248,567,509
ZNF3,other,0.22405,0.469895,9.56956,56.4604,32.3109,30.8324,16.1276,1086,1093
ZNF30,other,0.233725,1.0687,13.487,62.1798,53.5518,54.2084,33.5723,517,578
ZNF300,other,0.0253987,0.402713,1.72962,87.3365,53.0982,85.8083,41.0277,357,384
ZNF302,other,0.26161,0.606022,8.69535,40.3033,27.411,24.3391,14.5152,1303,1264
ZNF304,other,0.53846,0.739083,54.8007,154.632,66.9835,29.787,22.9466,705,716
ZNF311,other,0.117506,0.335402,9.98009,87.6416,82.3075,71.286,28.1731,369,715
ZNF316,other,0.411169,0.588228,24.5706,72.9157,48.9743,24.4076,13.0056,1393,1398
ZNF317,other,0.43516,0.614068,33.4651,90.9019,65.0597,28.604,17.3862,1160,1061
ZNF318,other,0.274158,0.470716,27.3168,118.531,83.7578,53.0667,32.3137,756,552
ZNF319,other,0.149442,0.429938,5.49142,43.6483,30.9354,31.5342,17.4684,931,969
ZNF320,other,0.382065,0.820727,43.9757,118.094,112.181,75.4009,44.9353,362,421
ZNF322,other,0.175755,0.502744,7.9424,51.6206,39.5606,38.4713,20.5801,845,886
ZNF324B,other,0.168316,0.437329,9.52044,77.8007,41.1223,48.0482,25.1938,520,623
ZNF326,other,0.411761,0.783843,31.1922,89.7789,63.9185,46.4255,27.3917,623,703
ZNF329,other,0.503564,0.668098,46.0146,115.033,72.587,26.6756,18.9003,937,900
ZNF330,other,0.530454,0.693089,44.0702,83.1172,83.0432,22.7619,16.0552,1156,1273
ZNF331,other,0.228071,0.542205,10.7088,61.7003,35.7315,32.1696,22.5223,830,735
ZNF333,other,0.0761851,0.436106,5.59928,106.55,50.6955,90.4592,40.4509,323,403
ZNF334,other,0.36716,0.766552,24.836,70.3591,65.0329,40.9541,29.3337,654,639
ZNF337,other,0.151623,0.721647,9.11474,70.3871,51.3413,60.3455,35.4545,559,533
ZNF33A,other,0.293125,0.635105,26.647,112.582,73.4041,62.5352,38.2299,471,414
ZNF33B,other,0.11413,1.2649,9.81382,103.444,71.4781,100.043,53.7798,302,309
ZNF34,other,0.113098,,53.1785,366.9,602.581,341.281,677.263,74,19
ZNF343,other,0.249873,0.623,15.7351,77.5696,51.1216,48.9613,28.8236,555,561
ZNF345,other,0.522025,0.692915,64.9306,150.589,102.737,43.2655,20.9191,913,1046
ZNF346,other,0.132984,0.601076,7.98783,77.4796,46.5664,62.5854,34.7091,576,470
ZNF347,other,0.286012,0.69184,18.6037,66.9749,63.1715,41.2421,35.0719,611,492
ZNF35,other,0.116416,0.399587,9.78272,95.9279,73.6126,71.5918,48.9837,458,389
ZNF350,other,0.151658,0.672063,9.21983,69.2158,53.3959,57.6931,37.0627,460,452
ZNF354A,other,0.167528,0.809985,8.65493,61.0954,43.6859,51.7673,31.446,586,509
ZNF354B,other,0.145934,0.973118,13.9869,113.227,81.1291,104.474,57.5264,300,317
ZNF354C,other,0.203729,0.963948,12.0562,68.5881,51.0584,58.8966,34.9177,478,464
ZNF358,other,0.234325,1.21603,27.1066,127.582,104.888,110.281,76.1664,251,203
ZNF362,other,0.157916,1.52106,12.2392,98.4077,61.0417,93.6758,47.3588,359,369
ZNF365,other,0.195763,0.566179,9.08255,50.0974,42.9674,36.1189,24.5576,854,770
ZNF366,other,0.266739,0.710851,22.366,94.1291,74.6926,66.8016,38.4667,420,393
ZNF367,other,0.0903523,1.21904,6.89252,100.2,58.0779,98.5004,39.2666,250,433
ZNF37A,other,0.160666,0.481053,8.19057,64.9383,40.0202,44.6299,25.7455,648,609
ZNF382,other,0.145098,0.513785,7.76898,66.7654,42.9394,51.0347,28.4043,497,572
ZNF383,other,0.245689,0.636197,10.7705,52.2232,36.7986,34.5718,20.5616,986,936
ZNF384,other,0.270724,0.535169,17.0065,75.1655,52.5001,43.4292,20.6807,884,880
ZNF385A,other,0.169692,0.530436,8.40119,62.6652,39.1142,46.3913,23.6999,547,676
ZNF385B,other,0.509598,0.742122,26.1325,59.8068,43.97,19.3301,13.3358,1354,1290
ZNF385C,other,0.221972,0.515194,9.59267,51.1255,36.5295,32.951,17.4541,950,1051
ZNF385D,other,0.15104,0.606649,7.45722,62.0297,39.2982,51.6282,24.771,629,624
ZNF391,other,0.203509,1.3538,25.0894,153.476,99.0313,132.839,82.3888,174,211
ZNF394,other,0.323498,0.539434,22.5706,109.104,44.617,41.0485,18.8927,773,909
ZNF395,other,0.183106,0.951697,9.31895,62.8989,41.1801,55.2406,28.6601,525,626
ZNF396,other,0.110233,0.939883,23.0526,204.892,213.446,189.267,174.946,130,90
ZNF398,other,0.211057,0.615257,16.9473,90.467,71.2705,60.1468,46.2467,527,388
ZNF404,other,0.322109,0.670448,34.938,158.76,74.1055,71.9696,42.8161,312,372
ZNF407,other,0.210834,0.528328,10.029,60.7473,37.2482,35.5685,22.9371,843,732
ZNF408,other,0.252935,0.845076,18.9355,81.282,68.9508,58.6983,46.7194,515,407
ZNF41,other,0.434397,0.660766,27.0178,72.0909,53.6595,24.7332,18.3563,1013,955
ZNF414,other,0.110828,0.318474,15.776,199.689,101.471,132.312,65.051,159,228
ZNF415,other,0.370413,0.692295,13.0918,42.9093,29.112,21.771,12.1942,1295,1427
ZNF416,other,0.0969226,0.231645,6.28688,74.4902,56.4833,48.2801,28.3802,601,528
ZNF417,other,0.229523,0.714372,16.5014,77.8747,66.3735,59.1202,37.923,456,449
ZNF418,other,0.351457,0.634592,14.5191,53.1145,32.1307,25.0426,13.4833,1064,1263
ZNF419,other,0.251597,0.618255,10.8369,48.8381,37.9874,31.1693,20.5988,1170,974
ZNF420,other,0.251613,0.668209,12.8198,56.9299,45.5989,40.7065,22.911,783,779
ZNF423,other,0.150986,0.988029,10.4781,93.6936,51.4023,86.6544,35.4251,330,476
ZNF425,other,0.119368,0.906998,9.47068,98.9696,63.6041,89.3743,52.2411,264,308
ZNF426,other,0.469878,0.667872,37.9266,89.1043,73.1172,34.2365,14.3434,1013,1269
ZNF428,other,0.17004,0.591557,12.8327,100.937,56.4264,77.9307,35.9714,335,419
ZNF429,other,0.238815,0.588773,10.7796,55.9622,36.4073,36.576,19.1165,1000,984
ZNF43,other,0.201912,0.504288,15.4264,115.728,50.4395,60.9579,33.3537,459,502
ZNF430,other,0.724095,0.79354,77.0142,139.253,81.2357,12.7449,6.78194,3456,3505
ZNF431,other,0.536812,0.754484,50.3276,109.538,80.2424,32.919,22.169,805,853
ZNF432,other,0.18497,0.766624,16.7627,142.388,57.6777,115.303,40.0255,285,439
ZNF433,other,0.0591196,0.248529,2.73342,62.9149,33.9779,51.6821,23.209,726,679
ZNF436,other,0.376554,0.585006,21.4706,68.5482,47.4284,26.8341,15.1371,1292,1219
ZNF438,other,0.214825,0.566976,10.8484,66.2566,38.4889,41.1869,23.8854,789,738
ZNF439,other,0.168731,0.687975,7.22924,45.0082,40.7852,37.917,25.2141,798,669
ZNF44,other,0.220603,0.669849,11.5248,61.4237,44.433,43.2988,28.1012,652,628
ZNF440,other,0.370843,0.693738,23.952,86.5338,48.2077,41.8576,21.5259,872,887
ZNF441,other,0.316192,0.638345,22.1994,91.806,53.6918,47.6778,26.2853,684,712
ZNF442,other,0.154551,0.787969,13.0689,104.833,68.2084,91.6949,47.2704,324,375
ZNF443,other,0.290403,0.733376,20.2909,77.1545,63.2759,52.8906,31.7267,577,589
ZNF445,other,0.238495,0.871292,11.336,49.7352,45.4254,41.4596,24.9708,722,749
ZNF446,other,0.157962,0.371717,17.3736,190.409,63.5314,82.1646,43.3501,322,392
ZNF449,other,0.157562,1.22447,13.501,100.696,72.9156,93.4666,56.0991,322,315
ZNF45,other,0.260335,0.583197,20.6854,102.159,61.7993,57.4237,33.6775,427,513
ZNF451,other,0.213119,0.546229,11.0469,60.5938,44.3415,37.7632,26.4265,674,649
ZNF454,other,0.071215,0.196217,4.58692,93.2701,44.4793,57.4879,29.207,480,634
ZNF460,other,0.309475,0.631176,23.8564,107.498,55.2789,55.7504,27.6719,533,586
ZNF461,other,0.10182,0.350878,5.01328,58.3099,41.5752,46.5071,24.2791,619,605
ZNF467,other,0.166838,0.709307,8.48014,59.852,43.1655,51.9311,25.1202,541,632
ZNF468,other,0.175238,1.86074,17.2205,101.666,94.9856,94.7329,82.6328,306,212
ZNF469,other,0.285019,0.727024,18.7976,65.3415,66.5688,49.1966,25.1616,624,860
ZNF470,other,0.228024,0.368891,21.1809,160.373,53.802,49.099,24.1741,362,641
ZNF471,other,0.118921,0.687556,8.71486,86.1707,62.3225,77.0765,44.6562,352,331
ZNF473,other,0.322719,0.676296,22.0063,81.8944,56.7792,50.9469,22.5659,728,772
ZNF474,other,0.2327,0.531577,11.6859,62.0949,40.6139,35.9176,22.1524,754,765
ZNF479,other,0.384251,0.703827,24.5427,66.2116,61.6143,34.9663,22.6982,779,792
ZNF48,other,0.0894457,,9.83146,114.984,105.07,121.217,78.1985,222,234
ZNF480,other,0.127847,0.856936,7.65655,67.8096,52.8926,61.6281,39.9782,492,437
ZNF483,other,0.315424,0.526593,7.69437,30.6991,19.3835,13.0768,7.26818,2509,2396
ZNF484,other,0.308506,0.575604,16.131,75.4747,36.2237,34.5364,17.0395,699,957
ZNF485,other,0.257904,0.516103,10.3875,45.5984,35.576,25.7723,15.144,1080,1098
ZNF486,other,0.462946,0.629775,35.2813,95.4951,60.8203,28.9484,13.6582,1269,1411
ZNF488,other,0.276194,0.768697,12.9862,61.6619,35.8523,40.9383,22.0806,599,760
ZNF490,other,0.153418,0.610663,9.33658,73.2789,50.541,62.9132,27.9896,487,558
ZNF491,other,0.265607,0.623947,11.0942,59.7646,29.1921,32.7411,17.493,836,906
ZNF492,other,0.622042,0.768951,59.6413,105.148,87.4281,23.8691,13.4138,1088,1224
ZNF493,other,0.207974,1.20397,14.6165,83.8941,58.8759,73.5224,44.6655,403,389
ZNF497,other,0.148021,0.862656,15.2584,115.26,92.1907,104.411,63.3556,256,247
ZNF500,other,0.14331,0.714577,14.2435,130.256,75.8376,113.856,51.6111,218,312
ZNF501,other,0.263823,0.688491,14.3455,63.922,46.2547,40.2185,27.9391,706,595
ZNF502,other,0.203638,0.749387,14.7828,92.3633,57.0551,67.6061,41.3371,436,443
ZNF503,other,0.216709,0.91556,12.5653,69.362,48.4695,60.4879,27.2444,554,585
ZNF506,other,0.28147,0.676188,8.69337,36.6502,26.0278,23.741,13.2239,1291,1339
ZNF510,other,0.301018,0.601084,18.9777,89.1917,44.5636,44.3404,22.3386,622,706
ZNF512,other,0.117072,0.811138,9.10671,99.8746,60.5843,91.5775,45.3925,343,379
ZNF512B,other,0.440927,0.65004,64.9889,182.918,118.766,68.3158,31.5474,358,585
ZNF513,other,0.355011,0.727237,20.2841,63.7823,51.1833,37.2834,21.8251,786,841
ZNF516,other,0.173295,0.6366,6.27304,47.3396,27.6796,36.1922,18.969,806,855
ZNF517,other,0.307784,0.631739,28.2029,93.4234,89.8749,58.163,33.3522,450,525
ZNF518A,other,0.364754,0.608099,48.8162,292.502,61.2349,57.7496,33.7832,389,478
ZNF518B,other,0.140111,0.502373,15.889,154.42,83.2798,129.342,43.3914,224,357
ZNF519,other,0.331712,0.736148,17.1222,63.0205,42.2782,37.7091,20.9047,778,836
ZNF521,other,0.358173,0.729329,16.6027,57,37.6961,31.0682,17.7123,1152,1084
ZNF524,other,0.27061,0.658915,27.0482,129.395,77.2099,80.4974,42.7486,439,389
ZNF527,other,0.246879,0.651972,14.5107,72.6166,47.5741,48.2072,27.2805,502,672
ZNF528,other,0.360013,0.73309,16.7701,57.4514,37.769,30.1756,18.5832,1084,993
ZNF529,other,0.156685,0.795758,13.8927,94.1761,83.4787,83.1697,55.7861,329,285
ZNF532,other,0.17888,1.17015,8.38056,58.6444,37.4281,54.0381,26.2925,612,632
ZNF534,other,0.36495,0.602712,25.3717,100.889,47.9059,44.9168,16.2462,737,1024
ZNF536,other,0.182295,0.841871,12.7766,81.1021,60.5686,66.784,44.4824,451,412
ZNF540,other,0.0835732,,4.93616,68.7189,50.7654,70.9571,32.502,476,481
ZNF541,other,0.129881,0.427803,7.24711,66.5829,46.7604,47.7241,31.5434,554,504
ZNF544,other,0.461561,0.688327,33.2247,90.9679,56.9608,31.7106,17.6428,1152,1195
ZNF546,other,0.270125,0.565158,15.8821,81.5951,42.3666,36.2743,24.9414,888,736
ZNF547,other,0.404803,0.664517,21.611,71.6727,39.7655,31.6307,13.3523,848,1211
ZNF548,other,0.289612,0.704383,14.8342,63.917,41.0467,40.7014,21.9424,685,767
ZNF549,other,0.316562,0.641964,22.4928,93.755,53.8486,41.7318,30.2509,545,573
ZNF550,other,0.244218,0.86736,19.8485,102.56,64.4057,79.5707,41.6264,371,481
ZNF551,other,0.124319,1.0954,9.57529,98.3627,60.3116,93.1224,45.7303,316,364
ZNF552,other,0.236648,0.546678,11.4708,72.5108,32.4028,36.4922,20.1792,803,808
ZNF554,other,0.312291,0.655863,28.519,89.8909,92.7754,51.0156,44.1382,648,430
ZNF555,other,0.187766,0.670968,10.6045,75.2563,42.384,55.4824,29.7516,574,592
ZNF556,other,0.550335,0.662604,76.3864,140.641,136.983,29.659,17.234,1438,1572
ZNF557,other,0.207229,0.470832,15.4775,95.5301,58.3927,60.3361,27.6885,502,543
ZNF558,other,0.250879,0.853779,10.9724,52.4002,36.5043,42.1016,20.4669,817,838
ZNF559,other,0.079993,0.693451,13.7273,180.552,163.103,159.454,144.529,185,111
ZNF560,other,0.23134,0.776551,27.0241,126.676,107.723,102.996,56.5819,364,358
ZNF561,other,0.228769,0.613352,21.9446,148.278,62.0558,96.2945,37.431,277,442
ZNF562,other,0.299991,0.663546,21.7951,80.7699,65.3514,51.7734,28.1438,561,651
ZNF563,other,0.138557,0.541933,6.8651,60.2892,40.7191,46.3012,29.2469,621,570
ZNF564,other,0.256247,0.889296,25.4848,117.371,84.2722,90.2609,53.9793,275,319
ZNF565,other,0.243414,0.67843,11.1096,56.3059,36.9954,38.0565,22.3016,769,753
ZNF566,other,0.10952,0.57815,8.88813,86.0343,76.5526,74.2991,56.4132,412,282
ZNF567,other,0.250473,0.50446,22.4184,95.5409,83.8495,58.586,30.4072,395,595
ZNF568,other,0.297973,0.51483,11.5849,49.9616,30.2546,20.6764,12.9642,1174,1271
ZNF569,other,0.157604,0.703713,5.50356,42.3837,28.7708,35.1464,20.3196,859,884
ZNF57,other,0.113895,0.735749,8.84996,90.6245,66.6231,80.2459,52.6824,355,300
ZNF570,other,0.308083,0.551945,16.7148,78.8967,37.3088,31.592,17.9219,773,856
ZNF571,other,0.435914,0.523862,26.6706,63.3623,59.0792,12.9413,7.6722,2044,2259
ZNF572,other,0.0731798,0.312916,7.73197,120.795,92.4165,83.9269,75.8559,267,230
ZNF573,other,0.253301,0.612847,16.094,76.3861,52.8495,46.0383,30.1249,570,507
ZNF574,other,0.177226,0.620436,78.5884,363.813,540.486,303.47,274.601,86,82
ZNF575,other,0.206527,0.582367,14.6224,88.0243,56.9485,56.5236,36.935,484,495
ZNF576,other,0.16695,0.532048,10.9049,90.9375,46.9169,64.9596,30.7458,360,529
ZNF577,other,0.469018,0.676359,34.6133,90.461,60.2069,31.3658,15.8889,873,1093
ZNF578,other,0.266031,0.916106,18.811,98.9611,50.5238,70.2132,35.8573,411,425
ZNF579,other,0.361755,0.792006,19.6132,67.8178,43.3432,39.7373,21.5042,676,838
ZNF580,other,0.256842,0.502634,11.9133,80.7752,26.6353,36.6073,13.9161,640,1091
ZNF581,other,0.117514,0.345896,9.61641,98.5273,67.9651,68.6697,42.0783,360,367
ZNF582,other,0.204011,0.671388,10.6239,74.4253,36.437,54.2079,24.052,524,729
ZNF583,other,0.356687,0.589608,21.1072,62.1108,56.3792,32.8911,12.5202,908,1509
ZNF584,other,0.163925,0.473632,12.0437,96.9797,55.6605,56.1833,39.811,497,400
ZNF585A,other,0.0371056,0.131906,2.98883,101.828,63.7171,80.0263,40.1681,401,353
ZNF585B,other,0.217464,0.72774,13.1204,76.2552,47.7366,57.4762,30.4276,484,566
ZNF586,other,0.177318,0.848257,10.6708,75.7818,47.7882,65.1755,32.8682,484,525
ZNF587,other,0.108865,0.369136,8.43045,104.011,57.6559,72.9585,40.8588,445,391
ZNF587B,other,0.178761,0.613194,14.2504,93.8785,67.6928,73.163,41.6215,462,465
ZNF589,other,0.260754,0.539842,14.0154,68.8783,41.9438,36.3085,21.2489,667,786
ZNF592,other,0.182718,0.74665,15.7649,101.054,73.6665,84.6913,46.4206,293,399
ZNF593,other,0.132369,0.645358,8.7281,78.6683,55.2672,67.263,39.2299,407,423
ZNF594,other,0.196293,0.634065,14.4448,87.967,61.5587,68.0952,35.4422,482,510
ZNF595,other,0.052911,0.472204,3.07378,73.9122,45.6601,67.7165,38.8211,438,411
ZNF596,other,0.171461,1.28693,9.92245,78.6229,42.5949,73.3923,31.2296,409,506
ZNF597,other,0.697743,0.80537,96.5648,177.489,107.914,23.4852,14.5631,961,1243
ZNF598,other,0.208611,0.617093,29.5379,176.168,113.804,120.246,72.8338,156,214
ZNF599,other,0.166222,0.54801,8.93226,61.377,47.0476,47.8382,27.4246,606,652
ZNF600,other,0.668192,0.728234,136.242,221.34,187.828,24.4251,10.0809,2167,2201
ZNF605,other,0.217866,0.416903,12.7769,68.7076,50.0572,35.6831,21.6162,906,868
ZNF606,other,0.379421,0.727913,20.0825,70.0253,40.0074,34.4021,18.6403,966,1019
ZNF607,other,0.238535,0.689074,10.8468,53.5293,38.6283,37.3562,23.3077,811,781
ZNF608,other,0.488812,0.684594,77.9237,265.157,95.8409,64.0356,31.422,661,689
ZNF609,other,0.246253,0.445227,16.6443,83.6865,54.5897,40.7914,22.0091,791,813
ZNF610,other,0.335896,0.647677,16.0076,64.5713,35.1727,33.8113,15.314,1093,1237
ZNF611,other,0.0843022,0.291876,3.50695,57.2468,30.2294,41.2846,21.1852,782,799
ZNF613,other,0.574177,0.616982,180.317,395.247,249.523,29.1753,16.1991,749,991
ZNF614,other,0.10546,0.24585,7.28028,77.1261,61.79,44.4262,34.9732,780,578
ZNF615,other,0.163276,0.618797,8.00081,55.898,42.9562,44.9139,27.7364,630,629
ZNF616,other,0.252685,0.654244,21.5593,107.657,67.6189,72.3779,36.8389,465,520
ZNF618,other,0.342523,0.645658,23.4874,89.7913,52.3666,44.7767,22.9691,744,783
ZNF619,other,0.171862,3.8595,16.8528,104.098,92.3726,103.423,64.0931,282,282
ZNF620,other,0.539332,0.733217,40.4892,89.2292,63.1625,26.6914,14.4018,1568,1570
ZNF621,other,0.306241,0.560268,21.2196,78.5682,61.1087,39.6883,24.2145,933,875
ZNF622,other,0.216625,0.745192,25.1024,127.144,105.614,94.4917,70.8611,312,256
ZNF623,other,0.0987308,0.874938,7.77613,110.363,56.208,106.152,37.4503,236,478
ZNF624,other,0.110773,0.601062,8.10911,87.7859,61.0457,78.7179,40.9734,349,432
ZNF625,other,0.278378,0.700667,35.3934,138.646,116.592,86.2342,67.9074,321,297
ZNF626,other,0.384514,0.726368,26.9267,98.3419,49.8659,45.4065,23.9057,568,682
ZNF629,other,0.142409,0.432714,8.71992,85.2489,43.9808,55.5402,30.3118,631,567
ZNF630,other,0.145714,0.37851,10.6036,93.8794,56.407,59.2801,33.7247,455,522
ZNF638,other,0.131022,1.43626,19.433,141.137,155.866,130.459,138.721,245,129
ZNF639,other,0.308023,0.652712,29.0276,98.9104,89.7871,58.8693,40.3931,487,402
ZNF644,other,0.402893,0.631204,42.1653,119.688,91.5121,50.3804,27.1264,669,591
ZNF646,other,0.141052,0.535386,11.6381,115.323,59.0324,77.3555,46.5866,238,348
ZNF648,other,0.215407,0.724773,13.8501,85.0184,48.6264,62.4246,32.4638,445,493
ZNF649,other,0.461734,0.553611,136.931,273.25,321.854,68.506,23.0529,509,798
ZNF652,other,0.40391,0.730783,21.5316,72.1921,39.3636,31.613,17.9705,1008,969
ZNF653,other,0.408703,0.708427,31.6811,115.007,52.247,42.5124,24.6598,554,663
ZNF654,other,0.17372,0.780216,10.9458,80.0731,49.5799,64.5756,36.88,465,484
ZNF655,other,0.356652,0.774473,35.7049,108.874,92.0541,70.7475,36.3073,420,458
ZNF658,other,0.388466,0.527492,38.3993,126.209,77.4194,32.3471,20.9614,1075,772
ZNF660,other,0.0858291,0.31924,4.47642,67.3244,40.4036,54.7,24.829,662,754
ZNF662,other,0.214875,0.528928,18.9156,156.503,49.516,87.8014,30.9003,202,498
ZNF664,other,0.309123,0.71612,18.2908,66.5818,52.5828,43.4797,24.3445,647,827
ZNF665,other,0.17234,0.75097,12.462,88.0754,59.3672,71.9687,42.2701,409,400
ZNF667,other,0.318744,0.851267,22.3444,95.4069,51.5075,56.2429,33.9154,414,528
ZNF668,other,0.195125,0.758849,14.6633,90.3317,62.5168,72.881,41.1205,465,437
ZNF669,other,0.436891,0.77653,22.8575,65.3895,41.8603,30.6092,16.9484,839,967
ZNF671,other,0.331186,0.697698,37.011,123.589,101.051,66.4636,51.7903,379,335
ZNF672,other,0.112397,0.678785,7.80792,86.2577,55.9457,72.4401,46.37,357,363
ZNF674,other,0.105634,1.36157,9.41936,94.6722,83.9871,81.4874,80.3573,379,208
ZNF675,other,0.229932,0.771942,13.1984,66.0045,49.9197,50.8119,30.678,649,602
ZNF676,other,0.24048,0.555308,15.939,69.5123,63.1983,44.6336,30.0832,764,675
ZNF677,other,0.208767,0.614882,8.96496,53.4346,34.5106,36.4193,22.0174,764,743
ZNF678,other,0.177218,0.557265,10.1316,64.5344,50.647,48.2059,30.4034,588,545
ZNF679,other,0.147777,0.663248,8.89473,73.3977,49.3593,58.671,37.1467,456,430
ZNF680,other,0.353688,0.687164,27.8509,79.2421,78.2496,47.1682,27.0336,642,643
ZNF681,other,0.172365,0.752749,8.25935,62.2012,36.9144,47.445,28.7558,708,649
ZNF682,other,0.146792,0.41259,8.59874,81.5505,42.076,50.8085,27.9474,639,565
ZNF683,other,0.189419,0.542835,11.7966,80.5136,48.1718,50.9363,32.205,590,525
ZNF684,other,0.282598,0.64255,20.8689,91.1544,59.8252,51.7383,33.0637,538,533
ZNF687,other,0.495985,0.706413,22.1264,51.8215,38.404,17.8236,9.54685,1812,1772
ZNF688,other,0.146284,1.01441,13.5824,116.819,73.7984,103.919,59.9006,222,256
ZNF689,other,0.1783,0.617213,9.34261,64.8657,42.3272,48.3125,28.4856,554,634
ZNF69,other,0.208702,0.608722,8.26241,51.363,30.5147,37.0513,17.6416,938,936
ZNF691,other,0.264221,0.651976,13.3773,62.8702,40.7712,39.2762,22.9282,725,732
ZNF692,other,0.335256,0.790675,18.4091,64.1541,46.9992,42.6233,21.8217,691,827
ZNF695,other,0.320836,0.778188,37.9076,148.613,93.9357,90.139,53.3546,286,340
ZNF696,other,0.299982,0.609393,15.4348,60.623,43.669,33.9334,19.6329,943,942
ZNF697,other,0.416173,0.737713,20.2637,63.2216,37.4995,30.4595,14.4696,1017,1291
ZNF699,other,0.154754,0.851228,15.9714,116.47,91.4509,93.3159,76.2467,295,218
ZNF7,other,0.210561,0.415314,27.5537,213.024,80.3847,86.0827,45.7108,210,376
ZNF70,other,0.616412,0.65395,125.773,320.421,129.931,12.9396,9.63055,1411,1942
ZNF700,other,0.0898189,1.88542,15.0119,233.77,119.494,227.72,109.015,106,145
ZNF701,other,0.122669,,8.06928,71.6646,60.3806,71.7498,55.0335,404,327
ZNF703,other,0.242691,0.76794,101.651,424.472,413.301,245.543,315.377,80,55
ZNF704,other,0.266095,0.798993,13.412,65.8819,38.5611,46.8862,23.7274,672,720
ZNF705A,other,0.137459,0.725279,10.8239,90.4925,68.5183,79.0437,49.065,354,354
ZNF705B,other,0.17572,0.828402,9.21695,61.5306,44.714,51.6471,32.1888,523,526
ZNF705D,other,0.246799,0.69176,16.2773,72.4081,60.0746,53.4847,30.816,450,549
ZNF705EP,other,0.225704,0.634605,18.3967,91.5407,72.575,65.9542,39.7306,557,551
ZNF705G,other,0.262208,0.646317,25.9807,117.733,83.3895,72.9169,47.3339,408,389
ZNF706,other,0.403461,0.575318,21.3789,71.5974,39.2166,18.3572,13.2799,1656,1306
ZNF707,other,0.252833,0.49843,12.4681,64.5937,37.6483,32.47,18.1692,890,853
ZNF708,other,0.399511,0.649749,24.8128,70.8334,54.4571,31.3714,17.5015,1084,1103
ZNF709,other,0.0687346,,24.1871,823.567,150.355,836.801,134.862,23,126
ZNF71,other,0.182706,1.08082,103.659,513.049,627.411,347.237,571.937,82,31
ZNF710,other,0.22337,1.21123,59.0075,213.299,327.172,160.458,282.257,189,69
ZNF711,other,0.207141,0.967292,9.32339,51.2176,39.5547,44.803,25.0715,690,682
ZNF713,other,0.567841,0.729752,72.922,159.704,103.263,40.7582,19.3142,985,1123
ZNF716,other,0.280019,0.783291,16.1769,77.0715,43.3036,50.2566,27.3973,527,579
ZNF717,other,0.164138,1.63002,20.9872,146.851,111.331,140.078,86.852,196,211
ZNF718,other,0.465744,0.621591,56.7194,149.659,99.0986,43.0531,20.9946,855,943
ZNF721,other,0.119181,0.615187,8.51541,82.2029,62.1026,67.0687,49.4425,458,382
ZNF726,other,0.230583,1.0684,27.7719,120.593,120.291,111.049,49.4976,257,300
ZNF727,other,0.292295,0.603287,19.5288,83.9299,53.1851,45.5513,25.8819,675,727
ZNF728,other,0.0870231,0.436561,5.44412,81.4405,48.0558,71.6457,32.1787,412,485
ZNF729,other,0.0769241,,8.39738,121.765,97.868,123.133,86.6173,207,203
ZNF730,other,0.171893,1.32574,11.5696,84.2764,53.7542,77.9738,41.6706,360,412
ZNF732,other,0.0585664,0.94736,5.09778,99.1985,76.3766,96.1014,67.0273,307,274
ZNF735,other,0.440091,0.709338,38.1175,112.856,66.4718,42.8718,25.2107,570,706
ZNF736,other,0.234766,0.539743,15.6001,63.8419,69.1636,42.9013,29.2713,710,607
ZNF737,other,0.22471,0.654301,10.9953,61.4628,38.9544,41.9564,24.4773,812,741
ZNF74,other,0.382707,0.720244,19.9115,53.3609,50.7284,29.8575,18.2108,959,1058
ZNF746,other,0.0777541,0.705431,6.28333,74.9926,87.0793,73.6702,27.0862,348,643
ZNF747,other,0.100205,0.972723,6.25083,77.8472,49.9868,74.4703,37.7582,438,430
ZNF749,other,0.267282,0.78994,13.0146,59.213,40.041,43.214,23.075,828,795
ZNF750,other,0.168289,0.48434,6.50484,46.279,32.2832,33.9704,17.629,1102,1041
ZNF75A,other,0.253126,0.752981,21.6703,123.05,59.5626,84.7045,37.9628,217,440
ZNF75D,other,0.305171,0.593828,27.9515,108.288,77.472,63.9186,27.5369,501,560
ZNF76,other,0.386684,0.555464,38.3011,107.695,91.0993,39.0056,21.8811,733,831
ZNF761,other,0.249637,0.563507,11.8663,55.4734,40.731,31.7559,22.0345,833,808
ZNF764,other,0.403775,0.783812,33.3542,98.3865,69.3562,50.2396,31.7458,775,727
ZNF765,other,0.325578,0.680397,16.825,54.735,48.7906,33.3409,20.2085,990,983
ZNF766,other,0.405156,0.651531,29.9719,88.3908,61.9122,33.0831,23.6497,818,825
ZNF77,other,0.213247,0.897017,17.3979,90.5899,73.4759,71.9007,53.3479,364,336
ZNF770,other,0.377791,0.634688,18.3083,54.4741,43.1128,23.8322,15.957,1355,1222
ZNF771,other,0.432787,0.64146,21.1883,54.4874,43.9895,20.2788,12.0947,1614,1534
ZNF772,other,0.439286,0.659187,29.9536,78.6665,59.1034,29.4744,17.1291,941,946
ZNF773,other,0.0940144,0.918332,7.92993,97.8234,72.7289,91.798,60.3538,316,281
ZNF774,other,0.36556,0.607951,24.7156,73.4571,62.2286,35.8035,18.3353,759,925
ZNF775,other,0.0841794,0.433961,13.5336,247.47,104.446,216.997,72.5299,101,192
ZNF776,other,0.214998,1.45248,60.088,264.321,295.513,208.53,264.838,142,57
ZNF778,other,0.140694,0.498559,7.06544,63.6344,39.6308,48.7165,26.168,693,659
ZNF780A,other,0.454389,0.759011,29.7822,79.4181,54.0924,37.3387,17.5037,868,1027
ZNF780B,other,0.0818946,0.492021,6.78324,113.415,60.4911,102.37,43.2825,324,352
ZNF781,other,0.367013,0.660129,35.77,106.912,88.8483,54.2551,33.088,745,673
ZNF782,other,0.373564,0.670943,54.1251,158.222,132.679,79.7808,49.7164,399,397
ZNF785,other,0.297524,0.657794,28.2828,104.675,86.3293,67.4394,36.6807,321,395
ZNF787,other,0.179079,0.82874,20.1652,131.649,96.3155,104.002,74.9004,283,238
ZNF789,other,0.107312,0.633543,6.37721,84.3171,41.8843,71.1542,34.1866,425,463
ZNF79,other,0.147987,0.726004,6.77597,54.0415,38.7942,46.4639,27.2985,617,611
ZNF790,other,0.148428,0.563097,9.05652,69.2616,53.7523,56.3277,33.7524,546,544
ZNF791,other,0.477789,0.67542,43.4333,98.5968,83.8127,30.4541,23.1282,1081,1040
ZNF792,other,0.103554,0.429356,5.53067,59.3274,48.08,50.0662,30.1636,644,648
ZNF793,other,0.0925178,0.781317,5.59679,71.6435,51.08,67.113,39.7538,434,395
ZNF799,other,0.131303,,13.6078,124.116,86.5364,115.793,88.1525,192,177
ZNF8,other,0.0918538,0.303861,6.66343,89.5246,58.7839,64.9923,39.1816,399,422
ZNF80,other,0.234683,0.99853,26.4962,128.571,99.1426,110.053,61.1188,265,291
ZNF800,other,0.51121,0.679676,36.5453,82.3812,62.0349,22.2261,13.9747,998,1162
ZNF804A,other,0.154824,0.703508,9.82345,69.1725,58.1991,57.9126,40.8826,513,465
ZNF804B,other,0.203426,0.58951,10.8455,63.4255,44.815,46.9849,24.2277,693,647
ZNF805,other,0.186982,0.426302,10.8087,80.1616,41.6852,46.6925,22.4777,562,758
ZNF808,other,0.121612,1.00219,23.8748,235.117,163.922,214.766,136.036,97,100
ZNF81,other,0.455302,0.693513,32.3719,94.0168,53.7691,30.3234,19.5607,849,878
ZNF813,other,0.224095,0.557408,14.1577,88.9466,44.8737,57.603,24.2916,695,729
ZNF814,other,0.237079,0.524699,18.0655,101.46,57.2291,63.1467,26.2888,709,661
ZNF816,other,0.216444,0.500291,8.9304,47.5927,35.7692,29.2173,18.4288,1021,904
ZNF823,other,0.147014,0.573719,7.55824,63.9335,41.3425,49.7192,29.1324,589,582
ZNF827,other,0.365291,0.758288,29.4445,109.724,59.2148,58.132,29.9895,447,552
ZNF829,other,0.533051,0.662071,56.8675,113.135,100.599,28.0749,13.8643,1402,1440
ZNF83,other,0.168391,0.754128,9.90527,77.5273,44.6315,63.5163,32.3183,396,474
ZNF830,other,0.152377,7.10567,170.025,1094.37,1137.68,1069.95,1114.24,22,21
ZNF831,other,0.212046,0.65215,13.3786,75.7725,52.5356,55.8138,31.4495,476,520
ZNF835,other,0.117836,0.802338,6.99313,68.0516,51.755,62.4846,38.1089,468,441
ZNF836,other,0.215469,0.414947,13.7302,71.2328,57.0041,40.8989,20.9096,798,797
ZNF837,other,0.259726,0.814608,23.7876,83.267,100.739,66.7695,49.0517,473,389
ZNF839,other,0.189631,0.701699,10.7266,74.6733,42.8487,60.2066,26.6957,466,586
ZNF84,other,0.253171,0.53306,31.7505,236.241,66.576,124.112,34.9364,166,437
ZNF841,other,0.194881,0.373361,10.4322,66.6369,43.0027,33.4269,19.4944,888,825
ZNF843,other,0.173339,0.612302,9.65063,70.3422,44.0658,50.31,31.6649,598,568
ZNF844,other,0.150962,1.24632,8.29817,67.9316,44.479,63.4866,34.5058,577,509
ZNF845,other,0.134388,0.542449,7.47685,77.2735,40.0578,57.5367,30.4319,554,606
ZNF846,other,0.340641,0.759788,19.3394,66.7139,48.3145,37.4953,26.1405,678,627
ZNF85,other,0.161913,0.743271,12.5638,102.376,58.8135,82.6129,44.3563,316,356
ZNF850,other,0.159928,0.590441,11.1105,77.3799,62.3724,60.724,41.1132,546,375
ZNF852,other,0.230252,0.668687,14.4205,82.2348,47.6978,63.3602,23.058,461,794
ZNF853,other,0.359148,0.603901,24.7168,96.4517,49.1053,40.2493,19.2996,830,935
ZNF860,other,0.225364,0.541248,15.244,81.4431,56.1788,49.1146,31.6419,620,530
ZNF862,other,0.266012,0.627607,18.4518,83.1653,57.8536,54.4559,27.746,630,648
ZNF865,other,0.188913,0.696566,8.84492,60.9357,35.9742,45.9017,25.2495,602,632
ZNF875,other,0.206594,0.38185,12.7026,72.3698,52.2391,35.3537,22.3432,882,740
ZNF878,other,0.188677,0.496823,9.53202,51.6333,49.4313,37.9852,22.4605,770,743
ZNF879,other,0.2546,0.779377,11.908,54.2362,40.3342,39.0859,24.9257,713,701
ZNF880,other,0.340737,0.547705,19.2427,83.4944,38.1978,33.6018,13.4575,1218,1128
ZNF883,other,0.092359,0.365967,6.35494,104.312,45.3868,71.9697,36.0637,309,463
ZNF888,other,0.232186,0.521767,10.9202,51.8209,42.6864,32.7481,19.7197,938,943
ZNF891,other,0.332382,0.543135,25.4386,82.6255,70.892,34.1919,25.5998,790,750
ZNF90,other,0.518677,0.778173,55.9721,136.184,85.5115,48.6641,26.3981,789,862
ZNF91,other,0.390419,0.659339,16.6295,57.1494,31.7457,21.2025,14.0495,1294,1219
ZNF92,other,0.376844,0.490917,44.4946,122.451,113.849,29.7235,25.2578,971,730
ZNF93,other,0.135962,0.380256,21.9729,290.37,89.947,123.958,69.8822,199,240
ZNF98,other,0.384027,0.701809,25.6312,92.8837,47.9594,41.725,21.887,1026,906
ZNF99,other,0.087268,0.463076,7.31247,119.903,58.5581,109.603,34.3497,231,438
ZNFX1,other,0.276046,0.523877,26.6496,95.4958,97.5969,51.1136,39.2908,494,375
ZNG1A,other,0.216408,0.489669,10.1475,51.4466,42.7384,32.7649,19.7504,839,839
ZNG1B,other,0.281724,0.627742,16.3496,78.8607,42.7077,44.1094,23.1875,582,684
ZNG1C,other,0.192017,0.72456,10.7817,67.9728,46.3831,54.5472,29.8903,518,537
ZNG1E,other,0.0279713,0.134893,2.06243,97.8943,55.5362,84.1187,38.5668,302,398
ZNHIT3,other,0.359902,1.93556,312.055,692.646,1085.38,465.281,971.063,49,22
ZNHIT6,other,0.0761817,,57.6189,870.704,656.987,939.492,691.056,23,19
ZNRD2,other,0.105656,0.431195,7.16458,75.0347,61.2815,61.1087,41.4567,434,413
ZNRF1,other,0.262836,0.535463,23.3769,112.205,70.5007,58.5017,35.01,358,475
ZNRF2,other,0.249597,0.705382,21.3874,101.049,72.6616,74.7172,37.7487,366,440
ZNRF3,other,0.233261,0.603408,14.4906,71.9055,53.669,49.7111,27.6851,595,644
ZP3,other,0.185409,1.03387,20.6497,125.9,98.524,115.138,61.4537,282,288
ZPR1,other,0.122834,2.20223,51.7793,411.63,431.685,366.945,419.314,49,44
ZRANB1,other,0.145869,0.448786,12.5013,94.6732,77.5816,73.415,41.0805,434,386
ZRANB2,other,0.207222,0.739117,28.9164,149.011,130.676,113.813,87.1913,286,207
ZRSR2,other,0.198829,0.75391,25.544,152.05,108.551,100.345,86.3481,262,198
ZSCAN1,other,0.0557901,2.4956,6.34322,146.102,88.4811,144.715,83.8232,178,219
ZSCAN10,other,0.17981,0.602757,16.1819,116.834,69.3209,81.2878,49.0447,336,352
ZSCAN12,other,0.190169,0.655578,10.435,70.861,42.4914,53.163,28.1755,520,640
ZSCAN16,other,0.260003,0.520081,8.23112,40.9728,24.4605,19.3983,12.8504,1405,1354
ZSCAN18,other,0.231325,0.603223,20.5079,133.907,58.6942,86.2288,34.4521,269,485
ZSCAN2,other,0.309572,0.471919,27.6311,117.401,67.8581,40.9504,23.0167,732,813
ZSCAN20,other,0.137604,0.597251,9.8403,88.1095,58.0404,73.037,40.0304,504,499
ZSCAN21,other,0.233852,0.86359,15.3115,81.3299,52.7111,66.4489,31.5865,420,495
ZSCAN22,other,0.406678,0.802465,26.4571,74.9,56.5067,41.5415,23.9211,684,791
ZSCAN23,other,0.439032,0.671433,39.124,109.421,72.5759,32.2312,28.5893,1027,684
ZSCAN25,other,0.33184,0.663641,28.831,128.156,58.901,63.8118,29.5687,394,610
ZSCAN26,other,0.239336,0.458308,16.5316,82.4811,57.8439,45.7498,22.4215,800,759
ZSCAN29,other,0.291637,0.540079,20.6373,71.2915,70.2396,39.8865,23.7461,876,759
ZSCAN30,other,0.123894,0.463652,11.0622,141.16,56.4768,94.4153,44.299,272,379
ZSCAN31,other,0.321167,0.716136,17.8812,65.9171,47.0256,39.1236,23.7568,851,761
ZSCAN32,other,0.300773,0.72811,24.056,95.611,66.9054,59.9922,36.2594,543,516
ZSCAN4,other,0.263708,0.746554,13.9648,61.2959,45.7501,44.5053,24.911,657,670
ZSCAN5A,other,0.380789,0.821802,32.4273,76.5601,94.7218,50.4939,34.9896,543,566
ZSCAN5B,other,0.31835,0.665566,18.0301,78.4465,40.8896,42.1908,20.6483,574,758
ZSCAN9,other,0.203466,0.485797,17.8828,87.6571,88.1256,58.2955,41.9744,547,549
ZSWIM1,other,0.123391,,9.26975,92.9628,60.7095,94.2395,54.0188,291,281
ZSWIM3,other,0.107343,,8.84705,103.018,65.9375,103.664,52.78,278,331
ZSWIM4,other,0.396545,0.581367,25.0486,93.4809,42.6833,26.7383,14.8694,904,1178
ZSWIM5,other,0.153603,0.889587,12.2966,88.199,72.6619,74.9005,58.294,321,293
ZSWIM6,other,0.1044,0.666647,5.29583,53.38,48.2044,49.1866,33.1556,607,516
ZSWIM7,other,0.303326,0.605128,14.5908,59.6846,38.7685,32.735,17.1953,1082,1008
ZSWIM8,other,0.0879562,,5.88779,82.9718,54.0059,83.2465,43.7,307,375
ZSWIM9,other,0.189274,0.450983,13.165,71.0299,68.1114,51.6812,24.0691,611,667
ZUP1,other,0.397222,0.741616,25.4484,72.9754,56.2441,37.4681,23.0819,886,933
ZW10,other,0.200754,0.63724,30.8469,277.436,85.101,100.533,71.855,149,238
ZWINT,other,0.105308,0.838347,51.828,506.796,477.939,359.377,452.013,63,42
ZXDA,other,0.397745,0.639591,20.3375,67.3533,38.8173,26.5054,14.0648,1428,1396
ZXDB,other,0.0721786,1.26925,4.60252,89.2074,45.5799,86.3052,41.0491,348,390
ZXDC,other,0.294114,0.53094,11.6852,55.9051,28.2353,24.4339,12.8442,1086,1281
ZYG11B,other,0.168857,0.454434,13.3735,90.5389,69.281,63.8047,36.8858,478,481
ZYX,other,0.490065,0.682014,42.0614,91.9562,80.1085,33.9671,14.5192,1269,1404
ZZEF1,other,0.518345,0.702377,36.0041,79.8891,60.3917,24.9642,12.5515,1381,1463
