target,cosine,sig_a,sig_b,genes,energy_ratio_a_over_b
AAAS,0.02351913849068165,21,38,7638,1.5450317738562283
AAMP,0.3361963651918107,225,264,7637,1.218110974617549
AARS,0.5185060974048096,549,632,7637,0.8128853618617623
AARS2,0.1344698090130077,40,268,7638,0.7905929505412292
AASDHPPT,-0.0032236284404095275,33,31,7638,3.149319333236191
AATF,0.7125585363014647,2033,1523,7638,0.8190020245381532
ABCB10,0.24455909201092071,114,97,7638,0.6361904655864723
ABCB7,0.17977066971461111,165,209,7638,0.7937383161238323
ABCE1,0.5725860054408659,1774,395,7637,2.1505566311808213
ABCF1,0.30433021016683054,257,323,7638,1.0799190590295218
ABCG1,0.2009778991417273,70,77,7639,1.5218831688387666
ABHD11,0.06585172718476937,20,41,7638,2.7049562739255575
ABHD17A,-0.03193694579772236,18,23,7638,2.2288630038105657
ABT1,0.36060874735424436,241,410,7638,1.0856434999434652
ACD,0.006994225305057099,19,25,7638,1.63672558453396
ACIN1,0.12292875431700083,26,99,7637,1.2148072058676709
ACOT12,0.06696962876837331,39,40,7639,2.2134439484053443
ACTB,0.560437393599764,133,190,7638,1.2687191965840383
ACTL6A,0.5042272584121278,470,393,7638,1.041427014646381
ACTR10,0.08549332767298443,70,238,7638,0.43224493804923014
ACTR1A,0.053791282777465206,26,29,7638,2.7369663971020715
ACTR1B,0.1533719032938517,29,29,7638,2.0184702751768158
ACTR2,0.05286983581646038,26,47,7638,1.7838419455475694
ACTR3,0.16436500303536272,31,58,7638,1.5051276509649059
ACTR6,0.5082576797470116,247,678,7638,0.6647900168393589
ACTR8,0.6335665009658544,619,1010,7638,0.9922457927834205
ADAT2,0.011617659521785433,20,32,7637,1.654734095242611
ADAT3,0.11012936189050204,60,112,7638,2.137747468846477
ADRM1,0.05441638104527779,27,102,7638,2.4116824550622304
ADSL,0.1675740711658025,59,243,7638,1.0387328392228337
AFG3L2,0.1762503271190028,86,94,7638,1.04168163409366
AHCTF1,0.26995502294861323,70,137,7638,1.1983136347967644
AHCY,0.3631044619634902,194,833,7638,0.24365721470478335
AIFM1,0.0320621063722363,25,28,7638,2.0827417452492263
AKIRIN2,0.35268453333650673,107,145,7638,1.315757711370991
ALDOA,0.41315160023061015,416,399,7639,1.1573723193558454
ALG1,0.003407375280975958,21,38,7637,1.8711022652169182
ALG11,0.08925488331079522,31,80,7637,1.6401803895960352
ALG13,0.5395095503630968,130,298,7638,1.0959474654651544
ALG14,0.11921186812728196,28,134,7638,0.5493835086575307
ALG1L,0.031265263292658746,29,24,7639,1.4044452615160758
ALG2,0.37662220526475093,107,198,7637,0.8139975949381366
ALYREF,0.20654717143555498,187,86,7637,1.1719826336631805
ANAPC1,0.07068785939902722,66,41,7638,0.8293687392424292
ANAPC10,0.04375242043493002,37,27,7637,0.5503787767149846
ANAPC11,0.021447137610528775,50,21,7637,2.4559291845076325
ANAPC13,0.035474762667185224,27,44,7637,1.7453662071209137
ANAPC15,0.0013840225769719834,21,48,7638,1.8589181314901753
ANAPC2,0.053371996205953266,101,30,7638,0.7215027636162706
ANAPC4,0.0646353879465737,69,19,7638,0.40060512210886956
ANAPC5,0.03620928212207903,28,22,7637,0.6866557817865366
ANKLE2,0.021143307619283624,23,32,7638,1.5813554916094
ANKRD11,0.5600139416153391,316,609,7637,1.290262027061268
ANKRD49,0.1730540550715925,38,53,7638,1.4257208764036613
ANKS6,0.02694421620808911,54,35,7638,2.0268432503827176
ANLN,0.009730468305322811,14,34,7638,1.4196556524222494
AP2M1,0.0528183092614466,44,29,7638,2.2251696246811212
AP2S1,0.298984899178937,205,295,7638,0.8135447623374801
AQP7,0.07262627571479144,26,23,7639,1.922184915350404
AQR,0.15676132739782797,2740,47,7638,6.049441837737041
ARCN1,0.12813182027791048,333,34,7637,2.747883537124789
ARF4,0.006657500477943162,20,22,7638,1.8319667366295722
ARFRP1,0.0001347957488003915,21,32,7637,2.424553614101469
ARGFX,-0.013283751077238087,28,35,7639,1.8911576867571331
ARGLU1,0.5890297040173026,562,807,7638,0.715120371380078
ARHGAP11B,0.36273887206865674,28,33,7639,1.6550552288592104
ARID3A,0.10979005957557557,65,83,7638,1.2307816756712786
ARIH1,0.19345297290273417,101,171,7638,1.2254004529547038
ARL2,0.10554271400013865,97,55,7638,0.4592466109890054
ARL4D,0.0752441704560389,26,40,7639,2.2390250277406207
ARMC6,0.002022995004128494,14,24,7638,1.3082851133069202
ARMC7,0.3433638747832281,140,315,7639,0.8610405075828185
ARPC2,0.04119984565085067,31,46,7638,1.8994307719043408
ARPC3,0.013145790408013171,29,25,7638,2.049660200707067
ARPC4,0.3870973014132663,121,337,7637,0.7770571022634406
ASF1B,0.029864779642006147,31,48,7638,1.106371537921357
ATF4,0.20574509724875895,74,113,7638,1.082652615721421
ATF5,0.5452530434797904,1501,336,7638,1.5795612522179372
ATL2,0.00728927636785337,34,49,7638,0.9520161666286148
ATP1A1,0.4929114011568866,526,606,7638,1.0745051193857469
ATP2A2,0.049211688500993576,38,53,7638,1.447790418331711
ATP6AP1,0.3295054174991128,221,256,7638,0.9636388096690005
ATP6AP2,0.19270653502754273,97,146,7638,1.284418413963795
ATP6V0B,0.22783946545361894,150,78,7636,2.175623369473803
ATP6V0C,0.06510940598159039,254,28,7638,1.5581565471720693
ATP6V0D1,0.020384307997208747,24,58,7638,1.3265506704150134
ATP6V1A,0.31662072147973364,167,207,7637,0.2381986316305472
ATP6V1B2,0.4360869899191448,1475,309,7638,1.1058743668376743
ATP6V1C1,0.04452849195849621,31,163,7638,0.5569319718627104
ATP6V1D,0.040308299635084394,47,41,7637,2.212296782499999
ATP6V1E1,0.10247353282027977,51,96,7637,0.9071122137522982
ATP6V1F,0.011099588086236636,27,119,7638,0.6288652120890365
ATP6V1G1,0.16986408776407602,44,162,7638,1.2955430652490925
ATP6V1H,0.23179087749661978,84,139,7638,1.138468141162513
ATR,0.3074955702414698,168,216,7638,0.28889449104228926
ATRIP,0.33597432837358987,131,419,7638,0.34734422613769605
AURKA,0.03565975841133252,101,60,7637,0.45412361904541565
AURKAIP1,0.05570742794737039,59,71,7638,1.474707526074197
AURKB,0.017320876644779406,74,34,7638,1.0525853173078248
BANF1,0.05105926395752193,29,28,7637,1.3772332736873474
BANP,0.4021913376209147,159,187,7638,2.0896235945336663
BAP1,0.7445088806168241,629,1264,7638,0.7948319173352948
BARD1,0.07980521971085014,26,33,7638,1.979377446033322
BCAR1,0.07542524653706668,20,42,7638,1.4847974904916705
BCAS2,0.5767697423722316,1427,471,7638,1.473928786407354
BCL2L1,0.0944629145650643,44,52,7638,1.9289035665551741
BCLAF1,0.07450258155608991,31,58,7638,1.8978121831053913
BCR,0.6245686487512125,1491,183,7638,3.003117774328619
BCS1L,0.04501866611051153,23,42,7638,2.183938038004324
BDP1,0.46794391857321277,771,282,7638,1.0842906928569453
BET1,0.15504654086114636,66,172,7638,0.37834545771999084
BGLAP,0.36799246347216785,345,328,7639,0.3364871755656434
BIRC5,0.03957957900212001,41,29,7638,0.857043346210237
BMS1,0.19379081160578085,219,154,7638,0.7562845429098702
BNIP1,0.3887241208469797,292,386,7638,1.0541533325823502
BOP1,0.1179376687845604,68,108,7637,1.6048672239785307
BORA,0.12092231795929942,106,96,7637,0.8209313832110795
BPTF,0.07849920942519191,46,54,7638,1.785136049238111
BRCA1,0.13903984871975705,53,80,7637,1.2614093923043646
BRCA2,0.10124990416376828,58,77,7638,1.8994842262758835
BRD4,0.059163236159400584,48,68,7638,1.6046238940901618
BRD8,0.5092756609851745,321,576,7637,0.8453561842541512
BRF1,0.12048872544324199,70,63,7639,1.4943480300371734
BRF2,0.05014033371461415,21,22,7638,1.932110943155035
BRIP1,0.04825156855588026,48,28,7638,2.138139749773316
BRIX1,0.4381633645534854,376,345,7638,0.8537377734156578
BRK1,0.0003555312696105599,24,25,7638,1.94739845388113
BTF3,0.30056697225964046,148,258,7638,0.6182667079753037
BTF3L4,-0.01461006839079148,22,37,7637,1.7911541312460741
BUB1,0.3730471636453095,76,92,7638,1.0590674157176958
BUB1B,0.07761545102796229,37,184,7638,0.7351130750557943
BUB3,0.5556400191888398,768,492,7638,0.898735455578586
BUD13,0.2504968788914121,748,45,7638,3.1056797500579387
BUD31,0.07988564188352167,60,21,7638,1.609748948327397
BYSL,0.4952360482015656,650,799,7637,0.7898752826067346
C12orf45,0.395661769564598,339,689,7638,0.552099441636494
C12orf60,0.4016078188117284,623,219,7638,0.6439266184406706
C14orf178,0.29968323033628175,771,81,7638,2.4070144392420314
C16orf86,0.010912132836910653,27,23,7638,2.2064133059768736
C17orf58,0.02834620947277456,22,23,7638,1.5785595485453374
C19orf25,0.30319741044607684,35,56,7638,1.1489564417092764
C19orf53,0.05247764630920691,35,50,7638,1.8310668258925165
C1D,0.1271955679069817,53,120,7638,1.4817528408501712
C1QBP,0.3165923172332334,236,344,7638,0.8931893602835225
C1QTNF4,0.07703252192855575,26,33,7639,2.0652228195259617
C1orf109,0.10648962506558096,31,48,7637,1.6430041418628056
C6orf15,0.0052752324108084935,29,28,7639,1.969894392463055
C7orf26,0.3986980890716304,199,434,7638,1.2402223798179475
C7orf50,0.012641266056553071,21,39,7638,1.500638829568093
C9orf16,0.1337879950553638,64,65,7638,1.849545597874134
C9orf78,0.03234646994251187,19,29,7637,1.7897317829132724
CA5A,0.01199969166657209,28,24,7639,2.396452717836046
CACNB3,0.023755561808520436,27,34,7639,2.0722670472777422
CACTIN,0.058068495498623654,88,44,7638,1.1217389428011126
CADM4,0.017377089305221572,38,23,7639,1.804911614189325
CAMLG,0.19904726569214531,57,203,7638,0.8319267462419313
CAP1,0.0042461058489864,41,25,7638,2.07806346829542
CAPZB,0.32994025408852273,154,122,7637,0.8713199651374635
CARS,0.3018203882482827,163,287,7638,0.9988051160603382
CASP8AP2,0.7581623416127703,1617,1124,7638,1.2856475270397374
CBLL1,0.41336018593433077,231,418,7638,1.2217101557001857
CBLN1,0.25026176179151605,65,86,7639,1.1754547098044859
CBX1,0.2522842441528852,33,66,7638,1.205950179496746
CCAR1,0.18815276305147424,47,200,7638,1.4640463056256983
CCDC115,0.05159730161586013,29,164,7637,0.5555591491459747
CCDC130,0.11746815211603663,43,96,7638,1.5427165289392466
CCDC137,0.09119658094827818,46,64,7637,0.986496862062009
CCDC144A,0.006140528418757471,23,27,7639,2.1965789656055104
CCDC144NL,-0.006578122635568509,24,24,7639,1.194974242433486
CCDC174,0.39224387481702966,449,229,7638,1.263359020841065
CCDC59,0.22090754909705224,187,235,7638,1.1085904523679264
CCDC78,0.29554083678947524,158,152,7638,1.211267027646288
CCDC84,0.34356500892807523,262,249,7638,0.6120535882062477
CCDC86,0.5555514886738203,1033,1012,7638,0.60015663932408
CCNA2,0.0800073505091562,22,52,7638,1.7449819078896993
CCNB1,0.03231803339558366,32,44,7638,2.150667084666289
CCND1,-0.0016772009756456394,19,12,7639,1.8396781542829568
CCNH,0.32625671078440216,215,371,7638,0.7463828229116253
CCNK,0.4728804273072505,197,488,7637,0.9819450247262311
CCNL1,0.30060649005620005,65,111,7638,1.7169439364554462
CCP110,0.004195848296416328,15,24,7637,1.1672932788974044
CCT2,0.46717731991603717,1162,228,7638,1.1577267016670971
CCT3,0.39356140326559436,1351,157,7638,1.7092442568456963
CCT4,0.5713726993317798,1223,556,7637,0.8563992991497441
CCT5,0.4045073640538609,378,352,7637,0.7164856225709685
CCT6A,0.15769714253534495,534,39,7637,2.6434784024055853
CCT7,0.4626933502055422,1139,313,7639,0.98335770594926
CCT8,0.4128942549103445,404,243,7638,0.8472199294020708
CD2BP2,0.1745204370689121,41,123,7638,1.6218734556931285
CD3EAP,0.4888970406577916,370,767,7638,0.567358966749005
CD8B,0.008403996789806797,15,24,7639,1.5138675343535473
CDAN1,0.1974723909739455,119,123,7639,0.9241881384938185
CDC123,0.25731302224958474,90,146,7637,1.355930230456376
CDC16,0.06854867740370817,131,31,7638,0.5567464136541143
CDC20,-0.004397803158878355,124,21,7638,1.5407607930241713
CDC23,0.11813396555679427,270,39,7638,0.3645806132210183
CDC26,0.04501764442117746,94,19,7637,0.6230710499503834
CDC27,0.0438299663872582,135,32,7637,1.3459783169008086
CDC37,0.036935145228405526,25,26,7637,1.9344852550520308
CDC40,0.033867172573508866,66,22,7637,0.5623003072292667
CDC42,0.1887850965780699,30,62,7639,1.1076046582886876
CDC45,0.044605813810131165,22,32,7637,1.2601299114855302
CDC5L,0.4271919326478646,1031,240,7638,1.220698563778447
CDC6,0.2056365457583621,647,63,7638,2.6472272720221364
CDC7,0.1770852428775221,78,103,7638,1.8367583144659483
CDC73,0.29651514824492176,1046,76,7638,4.05574613358529
CDCA5,0.01663591179746434,42,21,7637,1.8427918744877245
CDCA8,-0.010879337951892911,31,22,7637,0.837696999665714
CDIPT,0.21036268314095521,48,518,7638,0.2528018402407083
CDK1,0.47660234859157724,1278,148,7638,3.508046115848427
CDK11A,0.14747862947839224,13,20,7638,1.3209851899455223
CDK2,0.11455628299354013,33,120,7638,1.2457845537888916
CDK7,0.027369340120251776,50,44,7638,1.2808640221177128
CDK9,0.43144490284456366,191,414,7638,1.2836297602944169
CDT1,0.05532338516479423,116,27,7638,0.9270350160360313
CEBPZ,0.4127165807030368,526,474,7637,0.7729057089036164
CENPA,-0.018954568161245963,52,53,7637,0.8078996118129659
CENPC,0.17213621100488913,174,94,7638,1.0095164456518557
CENPE,0.17456404106047319,185,117,7638,0.8045892878008047
CENPH,0.03570943927938822,12,45,7638,2.0452823409574923
CENPI,0.028736460695347257,43,74,7639,0.6644528363795252
CENPJ,0.5355294658021583,1247,429,7638,1.536281331410024
CENPK,0.2723175370372021,354,167,7637,1.0357099488457469
CENPN,0.12821589738244843,39,93,7638,0.9629606958988224
CENPT,0.04751938353205021,35,82,7637,0.8339643754710719
CENPW,0.07871901079073378,24,53,7638,0.9931849995714279
CEP152,0.12420441237405577,48,90,7638,1.2741286524291717
CEP192,0.07643709330482394,87,39,7638,0.783972715304177
CEP68,0.0032420691565848724,29,15,7638,1.5406863239217223
CEP85,0.14334422525425417,70,72,7638,1.9609201278328174
CEP97,0.016935563767815392,19,28,7638,1.909817505638755
CFDP1,0.12057982487133731,31,238,7638,0.649895688972669
CFL1,0.039202600752071874,50,34,7637,0.8507447729751968
CHAF1A,0.4752196447930924,387,208,7637,1.2977560317096077
CHAF1B,0.6794245219509972,793,753,7638,0.9886563481620158
CHCHD1,0.028803745329982377,34,57,7637,1.9848453215106456
CHCHD2,-0.023655608625245454,30,27,7638,1.4962654348835287
CHCHD4,0.3538455655161462,203,355,7637,0.6415898585957049
CHD4,0.36771168397682635,116,278,7638,1.0708341635332852
CHEK1,0.2158784207853082,325,35,7638,1.816607706510407
CHERP,0.3848100131230251,228,362,7638,0.985676029172323
CHMP1A,0.17567562020508878,139,76,7637,1.9965737183883017
CHMP2A,0.38435925034500423,309,51,7637,2.6737563573583376
CHMP3,0.6436978968848746,1734,312,7638,2.6588886953384763
CHMP4B,0.03244062454885131,48,37,7638,2.864000873927429
CHMP5,0.033764034795343685,26,19,7637,1.6600988494171087
CHMP6,0.7953674340000791,1587,1616,7638,0.2861546806549692
CHMP7,0.08694528094696298,23,69,7638,1.149972452721419
CHORDC1,0.0953219427679323,33,312,7638,0.5502981210959714
CHTF18,0.07549115452315608,29,57,7637,1.6797692882869437
CHTF8,0.06928798610753668,49,36,7638,1.1533544655230974
CHTOP,0.11649592668052626,37,61,7637,1.4192906454364018
CIAO1,0.4256451074748244,107,192,7638,1.1269753520588444
CIAPIN1,0.47573468781380224,337,1237,7637,0.38481854032907475
CINP,0.15087724391817361,93,553,7638,0.47851808002181234
CKAP5,0.04280438478186393,47,24,7638,1.3091253553413948
CLASRP,0.16780210861960584,48,81,7638,1.187116141780965
CLCC1,0.04384424982284975,29,30,7638,1.989786722209526
CLK2,0.025874594274012147,19,45,7638,2.178558838794012
CLNS1A,0.3340670387933666,199,331,7638,0.5549688177295972
CLP1,0.10142422080131586,53,59,7639,1.420358051951328
CLSPN,0.26016973444378444,207,52,7638,1.0930787371469597
CLTC,0.35245539644054075,212,324,7638,0.5807862899100884
CMPK1,-0.00926902041973404,29,32,7638,2.0885374410543847
CMTR1,0.5853669640076034,756,2357,7638,0.4897722658371823
CNIH4,0.17593731409500468,140,85,7638,1.2205723800274046
CNN2,0.06685099209446173,23,32,7637,1.8035702827844937
CNOT1,0.694211609638826,3340,671,7638,5.415304298860227
CNOT2,0.4641855366665081,497,358,7638,1.4379266308446494
CNOT3,0.7854448765958518,2451,984,7638,2.378982472254948
COA5,0.11900287342764053,36,183,7637,1.2468158418283988
COASY,0.2232043230036359,37,52,7638,1.8749793793093634
COG1,0.046940511213937115,35,28,7638,1.1862687819219422
COG2,0.15170796362736347,117,201,7638,0.5551052982316136
COG3,0.13093916465546346,153,65,7638,0.804936688952931
COG4,0.016909543491870196,26,61,7637,1.07524852049759
COG6,0.2792819222174949,64,218,7638,0.7773855023595859
COG8,0.13060066470828965,60,154,7637,0.7754911677505085
COPA,0.31914769612435995,306,100,7637,1.4162961468905115
COPB1,0.10710278608219942,365,31,7638,2.1367901010163766
COPB2,0.2479686897321618,249,79,7638,1.639849739448965
COPE,0.2345786370474253,86,155,7637,0.663237209420933
COPG1,0.08987438844320285,20,25,7638,1.8250359586335176
COPS2,0.24713715279255305,122,180,7637,1.2010695342986684
COPS3,0.3342760412484939,169,267,7638,0.9215129906086507
COPS4,0.6296140937379422,745,820,7638,0.6895722779085857
COPS5,0.27198928517316134,119,224,7638,1.0736878290798528
COPS6,0.514912858013781,524,527,7638,0.7850255164062175
COPS8,0.38207619089016703,183,425,7638,0.8224708573996781
COPZ1,0.13457177518051966,269,52,7637,3.5613459514634678
COQ2,0.020180344680027065,15,88,7638,1.3227491110029423
COQ4,0.04672728899086828,22,25,7637,1.8191081580992257
COQ5,0.03977660662173196,25,55,7637,2.017242076617105
COX10,0.1463781708014837,82,101,7638,1.8038290234271157
COX11,0.24520293852339145,111,209,7637,0.9973200664962867
COX15,0.45840126749414883,251,547,7638,1.0786718755727074
COX17,0.12988481431104248,90,384,7638,0.9727236760120912
COX5A,0.08884181354016372,54,115,7639,1.1384168784208497
COX5B,0.08096099683818493,51,83,7638,1.5370176482411309
COX6C,0.1287123980387071,45,148,7638,0.9109539057857307
COX7B,0.09124247166949707,55,167,7637,0.8998202551059586
COX7C,0.16127570919284248,84,246,7638,0.8434049608577162
CPAMD8,0.07645148432432049,22,26,7639,1.640703039653303
CPNE7,0.14645941243028943,40,36,7638,1.9597176508846947
CPOX,0.021356329168697192,13,23,7638,1.8950578071869544
CPSF1,0.17825638678013678,165,95,7638,1.173430096940668
CPSF2,0.2344015977213863,66,199,7637,0.53620748192707
CPSF3,0.7831478769927953,2172,1282,7637,1.3628488482666756
CPSF4,0.20454301852544443,356,73,7638,3.1982369887823996
CPSF6,0.6545308999362379,660,1029,7638,0.8596457206727389
CRCP,0.03633538895635088,28,26,7638,1.6177471707548083
CRKL,0.03218190858181647,18,31,7638,1.751136479340683
CRLS1,0.04632064235684891,18,43,7638,1.5613014585173834
CRNKL1,0.0711730154246983,197,12,7638,1.6156266940684814
CS,0.19825075709748957,69,103,7638,1.4899622999549786
CSE1L,0.7721086363325954,3547,1470,7638,1.3364365466634491
CSH2,0.024598888814740365,34,25,7639,2.217006017708448
CSNK1A1,0.345357154375938,147,190,7638,1.2350186958912366
CSNK2B,0.4306554522425838,240,457,7636,0.8555498739070936
CSTF1,0.30810835223140576,433,103,7637,1.5801090964521851
CSTF3,0.3866681779810276,247,299,7638,1.3394083018376224
CTBP2,0.23965107829797178,27,40,7639,1.627510899834136
CTCF,0.11117686561844502,76,102,7638,1.326530359546307
CTDP1,0.3417060142925342,259,271,7639,0.9299573154467161
CTNNBL1,0.3457570886858936,227,277,7638,1.0054894945248944
CTPS1,0.07907730062646487,37,108,7638,0.6906521511572699
CTR9,0.561844464137899,1727,319,7638,2.612020060208152
CTU2,0.11798821712740971,31,203,7637,1.2890417950105064
CUL1,0.2391414473067921,101,322,7638,0.9695819753897996
CUL2,0.3025442793190504,216,219,7637,0.8704356688276778
CUL3,0.1873316884121586,52,161,7638,1.2410298157261215
CUL7,0.043718357175288915,58,33,7639,1.6067589478844988
CWC15,0.2720291129626245,1869,44,7638,3.4990561941286082
CWC22,0.026421890115734387,78,28,7638,0.9536409737761739
CWC25,0.023521295992057024,33,28,7638,1.9651282830768821
CWF19L2,0.5487250212668866,1203,384,7638,1.7947494537023905
CXXC1,0.6025317835227212,629,814,7638,0.9305270068244356
CYC1,0.15366331677275635,50,94,7638,1.8777680776005297
CYCS,0.14389508798726358,82,267,7638,0.7576659370502199
CYFIP1,0.014009814310780565,34,30,7638,2.290248368755808
CYP2A13,0.04219852764569011,31,39,7639,1.713049035381909
CYP4F11,-0.0416510356284606,15,30,7639,1.6590284448582342
CYS1,0.22251118941919962,37,42,7639,1.63483335244329
DAD1,0.20800230134861258,72,219,7638,0.9874176286696053
DAP3,0.21217798314841363,123,192,7637,1.2892699033378205
DARS,0.28944087079836195,377,116,7638,1.2993443865533072
DBF4,0.15999642480576562,62,101,7638,1.179935889861628
DBR1,0.5623647660072719,348,981,7638,0.44723871023647266
DCAF6,0.061455367284966374,22,48,7637,2.1149191166188355
DCLRE1B,0.03845251361254351,30,27,7639,2.6855138106353125
DCTN1,0.0604151766928158,42,80,7638,1.1428939248997503
DCTN2,0.11126029874992972,72,151,7638,0.5111090393732689
DCTN3,0.09171749285379258,34,124,7638,0.5914952593957505
DCTN4,0.05974496049889292,46,96,7638,0.7195384136791168
DCTN5,0.18365279023537281,59,92,7637,0.7527268438709557
DCTN6,0.054062951463260435,35,47,7638,1.165919714408727
DCUN1D5,0.3067823871346824,763,86,7638,3.188246161657693
DDB1,0.14255402606045625,122,84,7638,1.0955358028316218
DDN,0.0030992357758938757,36,56,7639,1.8209294425404619
DDOST,0.26445388306174356,92,285,7638,0.9147043991425806
DDX1,-0.0016063242843189084,46,38,7638,2.838628185972536
DDX10,0.49925974943767853,461,1331,7638,0.42202836958317735
DDX11,0.008914742234789113,14,32,7638,1.5554790141116868
DDX18,0.626886663654067,1910,742,7638,1.34244881503465
DDX19A,0.021529649368373774,21,28,7638,1.7437266631720385
DDX19B,-0.0011823626878313229,17,23,7637,1.990224969925773
DDX20,0.31898314370549075,143,491,7638,0.38417231250529854
DDX21,0.3775009676618966,261,850,7638,0.5744048782931332
DDX23,0.20201593570702162,1059,46,7638,3.3665900734128322
DDX24,0.6132262491266309,1602,710,7637,0.9466537027879003
DDX27,0.17938532062943854,165,155,7638,0.8882188696954751
DDX3X,0.1284249986671076,50,94,7638,2.2116557589837353
DDX41,0.42185041501092846,2622,207,7638,5.317995617053645
DDX42,0.013825103209592812,44,34,7637,2.3752762407279278
DDX46,0.44844484317718325,630,297,7638,2.0417169495020615
DDX47,0.7988123254175675,3283,2015,7639,1.1491631759932293
DDX49,0.12168475209624104,66,185,7637,1.3845231477014408
DDX5,0.3092639487697313,134,244,7637,1.1472176403893344
DDX51,0.4641126564132676,424,1020,7637,0.521739882235304
DDX52,0.5431233301163034,595,1404,7638,0.4798457742479618
DDX54,0.18535718873786566,151,76,7637,2.084288557467634
DDX55,0.32704483265755957,201,450,7638,0.708662988755992
DDX56,0.6552025828452728,1355,1219,7638,0.527151641936489
DDX59,0.4341888968348832,100,173,7638,1.3297503634446588
DDX6,0.5548631540310003,594,717,7638,1.0720317021674453
DENR,0.4644143402752028,253,645,7638,0.67048768437464
DERL2,0.29634620422462726,179,363,7637,0.4455889179161282
DHDDS,0.4766754053568776,307,566,7638,0.5051275794085618
DHFR,-0.005474990561386152,13,27,7637,2.0685704424962377
DHODH,0.2455931521150473,155,386,7638,0.8712236799196871
DHPS,0.0999392698777494,41,178,7638,0.8302975937738933
DHX15,0.7440730404624705,3039,1086,7638,1.1687828003362477
DHX16,0.14680885030847787,1546,35,7638,7.7866660172840865
DHX33,0.32231667489229404,123,473,7638,0.8500349233490817
DHX36,0.6345787427723371,666,1122,7638,0.6999801964629404
DHX37,0.4840872583320346,819,620,7637,0.9921844002079379
DHX8,0.03356514173453726,84,26,7638,1.4982293955370989
DHX9,0.11185086013374392,52,88,7638,1.6176945124089306
DICER1,0.49538377938221106,223,1593,7638,0.22903007880733053
DIMT1,0.42898815800239837,610,424,7637,1.6280900072876159
DIS3,0.43560747910728614,252,329,7637,0.7231616142478671
DKC1,0.2786788616985093,109,538,7638,0.52121180377992
DLD,0.7395935347002806,2313,1151,7638,1.3822570988676974
DMAP1,0.604628327954369,791,566,7638,1.5212781275867224
DMRTA2,0.021855423446481094,31,27,7639,1.8406776313228674
DNAJA1,0.1029511748901694,57,81,7637,1.43716475459967
DNAJA3,0.5076160052120579,351,551,7637,0.7849826068260558
DNAJC11,0.02392987425192319,30,50,7638,2.776211844345366
DNAJC17,0.4136644667427847,345,227,7639,0.6007419978554296
DNAJC19,0.7189734485262304,2072,726,7638,2.0171539231751794
DNAJC8,0.3942739775451014,171,378,7637,0.890598069423088
DNAJC9,0.03602040984012679,21,32,7638,1.8832233186865088
DNLZ,0.06634335808073244,37,50,7639,2.0098742319310205
DNM1,-0.0019397756499121507,24,33,7638,1.2367848050958763
DNM1L,0.24271859568272938,144,160,7638,1.2342868015205284
DNM2,0.024246111593304902,43,34,7638,1.3905856823039173
DNMT1,0.4171243866066252,145,1230,7638,0.38600896338366825
DNTTIP2,0.7235992345652487,2622,1342,7638,1.1327032642444979
DOHH,0.3543652800377495,257,1499,7637,0.3124990810929376
DOLK,0.1906252566025169,56,187,7637,0.8403954010250146
DONSON,0.7457765875792849,2040,693,7638,1.8531242626690925
DPAGT1,0.02465656175280825,20,35,7638,1.5947708143480523
DPH1,0.2295421870924727,53,111,7639,1.4406084348797439
DPH2,0.3182014791460921,150,348,7637,0.7435951405819423
DPH3,0.06777743238285219,14,15,7637,1.5828609865595293
DPH6,0.11604701388040034,19,77,7638,1.3002934787754363
DPM2,0.05996025584395313,25,43,7638,1.604639392502226
DPPA2,0.0694609877927362,24,18,7639,1.7372774991710567
DPY19L2,0.023878896846487165,24,35,7639,1.0870575031954903
DR1,0.33426825166237945,85,154,7638,1.4820703509862938
DRAP1,0.3239970114260219,104,262,7637,1.0487172494049555
DRG1,0.08886704054328363,33,53,7638,1.036180580710549
DSN1,0.37286765604342315,834,176,7638,0.9867109587676969
DTL,0.19300632277631924,679,47,7637,3.061058916256661
DTYMK,0.3825377662898884,248,271,7637,1.3621601854303929
DUT,0.27555532044256703,174,203,7638,0.7680494827183716
DYNC1H1,0.3767910538765214,390,174,7638,0.8727084413090062
DYNC1I2,0.054512973922768534,345,39,7638,1.3783723788091715
DYNLL1,0.24247299715377982,100,151,7638,1.2540004290343658
DYNLRB1,0.15845668496851573,214,42,7638,2.444483818854931
E2F6,0.09006453776512155,39,53,7638,1.5437556997073933
E4F1,0.4106219623670134,255,198,7638,2.201369681435828
EARS2,0.2608764875046018,87,226,7637,0.9502362805622193
EBNA1BP2,0.3622404455951154,375,348,7638,1.203563472906038
ECD,0.33228916776257145,293,192,7638,2.244242235595655
ECT2,0.025331589863335873,109,26,7638,0.7668889062246865
EDC4,0.25438202610296684,64,128,7638,1.6856190265798978
EEF1A1,0.0024293347582339513,34,35,7639,1.596113733920096
EEF1B2,-0.003770228529493247,9,16,7637,1.5659863243233667
EEF1G,0.484104732505131,358,872,7638,0.47599805616837243
EEF2,0.31515121836887683,839,131,7638,4.19910607702841
EFTUD2,0.12186358423286699,515,30,7638,3.319960816105898
EGLN2,-0.03524897554007542,97,29,7638,1.2326466489064851
EIF1,0.1599290556223312,59,122,7638,1.4503216702838078
EIF1AD,0.026010103784027447,28,61,7637,2.5206858777984933
EIF1AX,0.39073429815948835,361,355,7638,1.606991312939983
EIF2B1,0.5287062043271026,400,637,7637,0.6545495935139908
EIF2B2,0.7013314520724502,1719,745,7638,1.055060844663174
EIF2B3,0.6059176651854588,701,1033,7638,0.512513472837019
EIF2B4,0.7033525081518658,1770,769,7637,1.4760742222330479
EIF2B5,0.7513630370714618,2038,1076,7638,1.2944444711333365
EIF2S1,0.6987591721798515,2507,614,7637,2.5800652057290967
EIF2S2,0.5551428133954728,297,321,7638,1.9992619230981605
EIF2S3,0.5391027674903692,807,309,7638,2.4581817993229356
EIF3A,0.6948898895160758,2603,830,7638,2.1212770971566877
EIF3B,0.26212780362702265,349,117,7637,2.0800083061120183
EIF3D,0.5949468161224457,1472,627,7638,1.1371621428438445
EIF3E,0.5565651785205254,1485,528,7637,1.188129617029697
EIF3F,0.2814098952220224,153,269,7638,0.6929777847802036
EIF3G,0.370284085087052,471,232,7638,1.0484826584565148
EIF3H,0.6540640406287217,1232,1173,7637,0.7648362756255108
EIF3I,0.2900563063648626,321,176,7638,1.3302809407473948
EIF3J,0.23822074941544674,86,247,7638,0.9110462044154601
EIF3L,0.11737858102377438,70,88,7637,2.2192068602256523
EIF3M,0.47912935204273305,1159,306,7638,1.5649408790558825
EIF4A1,0.1524545414558404,83,73,7638,1.032783988985848
EIF4A3,0.012429471414569846,49,35,7638,1.879499685484994
EIF4B,0.07864829996389842,25,38,7638,1.9109473603911302
EIF4E,0.7204999716036645,1823,1503,7638,0.6055820825489143
EIF4G1,0.5732743203699199,1224,791,7638,0.7659949861791963
EIF4G2,0.32801809486940675,412,167,7638,1.691833609777086
EIF5,0.23465273782997156,148,177,7638,1.6287215249492344
EIF5A,0.45041145727386106,397,342,7639,1.3169351688167454
EIF6,0.5358676272293718,575,1134,7638,0.45175447340059094
ELAC2,0.09767278507398287,28,56,7638,1.320045583414865
ELL,0.19259590905424828,57,150,7638,0.9250068343830377
ELOVL1,0.11750091093980645,39,36,7638,1.6346765391044302
ELP2,0.2524850170457786,60,97,7637,1.3846481244582838
ELP3,0.22052378427367786,97,185,7638,1.095651164483147
ELP5,0.23256140374694897,115,318,7637,0.8315263407430596
ELP6,0.009192440273888713,24,19,7638,1.5334600153508693
EMC1,0.05109442144394865,17,63,7637,1.4715695304475807
EMC3,0.027780743164790928,28,50,7638,1.9240846441966204
EMC4,0.03293980262256566,25,36,7638,1.7230634316004934
EMC7,0.20452734013385468,34,117,7638,1.1361880782009346
ENO1,0.12432779058359722,49,172,7638,0.8994306760841732
EP400,0.6685635350325133,1093,540,7638,1.504127463269851
EPRS,0.3048396842486429,220,237,7638,1.3548322096377834
ERAL1,0.09749565189773841,35,107,7637,1.1939522783857772
ERCC2,0.33101947440365653,297,662,7638,0.5123252889068364
ERCC3,0.24183927074038913,140,282,7638,0.9770351910135361
ERH,0.12772170895511703,409,43,7637,1.1923876058191825
ERVW-1,0.0523592684610575,20,20,7639,1.812937502111008
ESF1,0.36702884529143137,410,308,7637,1.5886648535020431
ESPL1,-0.015365825863166536,128,27,7638,1.0623464321830054
ESPN,0.11719460748317896,27,32,7639,1.0641322193855531
ETF1,0.32564618232973547,336,131,7638,2.2677320126391787
EWSR1,0.05707472748964475,31,90,7637,2.2481732980122944
EXOC1,0.08644320267283069,32,167,7638,0.9330973559542796
EXOC2,0.047989064242330556,29,42,7638,2.0468633473015125
EXOC3,0.10704438217568092,31,50,7638,1.4193521927470085
EXOC4,0.09140198242002454,33,612,7638,0.36984397732863916
EXOC5,0.39568044267744384,95,193,7637,1.362391968480984
EXOC7,0.10249207225572733,91,59,7638,2.0514895044897226
EXOC8,0.01772921628609248,14,29,7637,1.9068656022060793
EXOSC1,0.06560767987090733,39,76,7637,1.5951439542039056
EXOSC10,0.19743585175457976,71,225,7638,1.2939892681981595
EXOSC2,0.7707999153598842,1498,1263,7638,0.8348855705893525
EXOSC3,0.5376178577207678,464,424,7638,1.0294655223609699
EXOSC4,0.6984208403015205,790,1271,7637,0.736271594197881
EXOSC5,0.44907689845416743,293,406,7637,0.9332270267548247
EXOSC6,0.5049987968999824,394,510,7638,0.5546205677579576
EXOSC7,0.3781122944771644,149,275,7637,1.1910850199663428
EXOSC8,0.6456064842125004,715,883,7637,0.7339214556996306
EXOSC9,0.4222281458694841,264,457,7638,0.9683939889288978
F8A1,0.011977907990531028,32,18,7639,1.7633269366414739
FAF2,0.0771884879617528,31,76,7638,1.3503586978024007
FAM133B,0.05695106394291059,60,47,7638,2.516539745664626
FAM136A,0.33219853068808874,383,156,7638,2.540864006456971
FAM207A,0.023461394855973806,23,42,7638,2.148359056684364
FAM229A,4.910502193617184e-05,35,25,7639,2.7753672376929392
FAM32A,0.4598633847702413,1544,150,7638,4.958230770609777
FAM50A,0.367302014817423,712,284,7638,2.1171127744829503
FAM72D,0.019753281052809133,14,25,7639,3.0793713586665787
FARS2,0.07795474589424806,25,46,7637,1.6234627682072955
FARSA,0.5445860722020189,639,710,7637,0.8467529710577846
FARSB,0.4332061050493677,510,398,7638,1.1183800390216856
FASTKD5,0.2647390733844565,68,208,7638,0.9141765610827332
FAU,0.2795613035617945,371,198,7639,1.6283411751194625
FBL,0.6512947727438957,1825,1158,7638,0.6829167603204519
FBLIM1,0.1978864475990681,26,30,7639,1.6647670108155224
FBXO5,0.32333931113416,193,103,7638,1.1382369157178738
FCF1,0.7199485659454627,2012,1552,7638,0.9082704314301496
FDPS,0.10207133877911434,48,136,7638,0.991568057078303
FDXR,0.11212449594843818,19,46,7638,1.9927532324068706
FEN1,0.02614810101670583,22,70,7637,1.5869651627859989
FGFR1OP,0.12472885529990822,36,153,7638,1.0621875323389918
FIP1L1,0.14197234421663976,54,54,7638,0.882309218656771
FNBP4,0.2543304118444022,100,297,7638,1.0279862592690328
FNTA,0.07905770772671653,138,57,7638,1.4670772922841218
FOLR3,0.5342193347415194,238,158,7638,1.835666055181055
FOXD4,0.09814138309074125,23,34,7639,1.9867647821752616
FOXL2,0.10468511713768455,43,51,7638,1.6789145170030482
FRG2,-0.023569016021738182,18,35,7639,1.727435361136182
FTSJ3,0.39204886567327435,703,135,7637,1.0837518484124813
FXN,0.09305021731735681,64,77,7638,1.2292981312901488
GAB2,0.8539526263844737,2020,1429,7638,1.0226611231670497
GABPA,0.08749044144192752,48,56,7637,1.5834728633220232
GAK,0.07393907907711303,22,25,7638,2.1588962810447034
GAPDH,0.08140751670939343,35,57,7639,1.6786588978128467
GAR1,0.16852455826981336,65,152,7638,1.1822087075935999
GARS,0.27953635487146217,172,111,7638,2.2943426593156966
GATA1,0.5125692537654987,1781,256,7638,3.6326667590997763
GBF1,0.397859073192064,776,194,7638,1.109399662380308
GCOM1,0.018744529226671136,14,27,7639,2.7122902906416084
GEMIN4,0.23391177896608636,74,454,7638,0.36719288919313003
GEMIN5,0.484067552839744,372,1255,7638,0.21285907798700993
GEMIN6,0.028955260688062406,17,155,7637,1.3113193965273557
GEMIN7,0.10316924526364454,33,35,7637,2.3228054064267223
GEMIN8,0.04101299841380871,25,187,7638,0.7762117609287846
GET1,0.04330552260607032,33,82,7638,1.0585687700802833
GET3,0.10690620644816498,46,252,7637,0.44999254169497793
GFER,0.4984868154307628,297,1152,7638,0.4999973772324923
GFM1,0.3967748011887538,307,952,7638,0.6904460976341793
GGPS1,0.048326041951200834,17,95,7637,0.7198592381054916
GINS1,0.6330282715787365,1842,561,7637,1.3727744921416305
GINS2,0.5133262329068647,952,324,7638,0.8874628638283124
GINS3,0.3626371385052023,272,273,7638,1.015834994873354
GINS4,0.4441293993293212,413,585,7638,0.6363428849314293
GIT2,0.06744850892025976,123,32,7637,1.2820211207509453
GJA3,0.034944267556926,22,48,7639,2.7015811853593936
GLE1,0.12031353959695056,135,43,7638,1.3079192259113612
GLI4,0.25019687986647926,17,20,7638,1.508111024205853
GLMN,0.06553503006950301,40,89,7637,1.2904249919295452
GLRX3,0.26910128616280266,45,158,7638,0.9909357652066104
GLRX5,0.02684378709183896,36,59,7638,1.4029452101263566
GMPPB,0.16301599221614124,43,74,7639,1.1681442214518327
GMPS,0.2918655320661871,131,368,7638,0.540535996212679
GNB1L,0.0336831094022221,18,158,7637,1.0206138448969755
GNL2,0.6644408560619774,1801,1028,7638,1.1553694351901316
GNL3,0.12855224365912862,113,203,7637,0.5124600119394851
GNL3L,0.2656420684272639,131,297,7638,0.9541609877040416
GNPNAT1,0.07168908788220242,24,77,7638,1.4603442584113495
GOLGA6L1,0.021419971789013375,26,34,7639,1.7719204576580987
GOLT1B,0.1479776375601116,228,109,7637,0.4108282228489595
GON4L,0.07904237920279163,38,39,7638,1.5192301141576314
GOSR2,0.011653153905733573,21,73,7638,1.0168122519578253
GPKOW,0.20370676109114683,244,45,7638,1.3812472082108127
GPN1,0.351428613840979,651,223,7638,1.6198915437155037
GPN2,0.2177124182114539,246,171,7638,0.814574406223055
GPN3,0.6451117281861835,1882,885,7637,1.1382212044762907
GPR61,0.007919210996282147,16,20,7639,1.7760732086021074
GPS1,0.6412981625714147,689,883,7637,0.9810512102339309
GRB2,0.29237507806227836,99,164,7638,1.458653588758317
GRPEL1,0.49938323442847277,422,340,7638,1.733486107821002
GRSF1,0.29925352610012756,141,183,7638,0.9823700005844848
GRWD1,0.040090851871792815,17,29,7638,1.7679067876786148
GSDMA,0.02985288016316194,26,32,7639,2.1440910183485657
GSPT1,0.4704915895061346,857,250,7638,1.0388673059519309
GTF2A1,0.45335600795841785,435,456,7638,1.102571087199406
GTF2A2,0.5165213427012061,397,587,7638,0.8341319149521034
GTF2B,0.04989491174326341,93,45,7638,1.0790064645041095
GTF2E1,0.42788972234466066,319,621,7637,0.6063501505209817
GTF2E2,0.28000368618601384,137,355,7638,0.8175102311539204
GTF2F1,0.03379149938612033,35,45,7638,1.45250821816924
GTF2F2,0.2335850281716986,221,159,7638,1.059816478849375
GTF2H1,0.6735788780357606,1764,1091,7637,0.7950238307382455
GTF2H2,0.32639666301803877,44,84,7638,1.4023135434023402
GTF2H2C,0.188245482397019,47,57,7638,0.9722209395348373
GTF2H3,0.13199546241692786,64,169,7637,1.1027476195368737
GTF2H4,0.29547506684918307,153,505,7638,0.5068035836992831
GTF3A,0.0924648305743154,47,70,7638,1.216672514028435
GTF3C1,0.2108574109180461,67,153,7638,1.1912378836037756
GTF3C2,0.176884458397795,79,488,7638,0.5758371228472501
GTF3C3,0.21589288645221072,124,454,7638,0.4850233794996897
GTF3C4,0.031224030183751642,39,32,7637,2.2449657512614483
GTF3C5,0.13273859416753617,44,68,7638,1.6138273603313873
GTF3C6,0.14679289079034177,41,325,7638,0.7986450973088557
GTPBP4,0.2478417289261237,197,218,7638,1.3427028897819842
GUCD1,0.18430760445243727,798,44,7637,3.1534359119919273
GUK1,0.024295642529334652,20,33,7638,2.0202436892452424
H2AFX,-0.005393123769253946,20,22,7638,1.8025410518580303
H2AFZ,0.24582545029364222,57,164,7637,1.605214109379123
H3F3A,0.11436547234560689,43,59,7638,1.768374769737079
HAMP,0.019945781067224992,19,22,7639,1.8638221569529272
HAPLN2,0.021109175260609108,35,27,7639,1.4685910148668886
HARS,0.690879606499621,1955,851,7637,1.4813605157740182
HARS2,0.23115535892768296,119,180,7637,1.0955860776972743
HAUS1,0.06763691729772082,56,97,7637,0.4270816493891683
HAUS3,0.03474486081267613,37,45,7638,0.921576726327851
HAUS4,0.29845636851461516,342,152,7638,0.6486329149016195
HAUS5,0.078222655834029,131,47,7638,0.5056625109153003
HAUS6,0.03684137018141921,93,35,7638,1.3646584826263055
HAUS7,0.03738005489926602,25,150,7639,0.6959334231970555
HAUS8,0.09303422406110617,78,94,7637,0.8585555926480993
HBS1L,0.5366512682287415,1248,346,7638,1.656661961263757
HCFC1,0.1385097437766681,149,54,7638,2.705776050622673
HCRTR1,-0.01587072918997509,18,25,7639,2.2335562150355637
HDAC3,0.19663055020119508,59,64,7638,2.1276380975655167
HDAC7,0.3666080100327091,1090,83,7638,1.7832640503546446
HEATR1,0.7602454773359187,2097,1587,7638,0.6382159847109653
HECTD1,0.06903742804866819,34,40,7638,1.6933874470606203
HGS,0.36028544970801846,417,139,7637,1.7474758943074065
HINFP,0.6023899150526443,658,407,7638,0.9582065652936718
HIRA,0.3701903467083107,88,268,7637,0.7789333570727572
HIST1H2AB,0.04118978074666891,32,34,7639,2.2852286870201604
HIST1H2AE,0.007476968154802464,22,23,7638,1.629661079734019
HIST1H2AI,-0.012205306272945993,14,18,7638,1.5394223392828843
HIST1H2BB,0.0025266615015231988,19,30,7639,1.845723107990216
HIST1H2BC,0.025646199535920264,33,26,7639,1.7832615143276491
HIST1H2BE,0.023737229052926228,16,15,7639,2.7176529193123415
HIST1H2BJ,0.01739899562557325,31,19,7639,2.1790561152817056
HIST1H2BL,0.07627731206867777,25,31,7639,1.8210796474797448
HIST1H2BM,-0.010239437294106197,26,25,7638,1.8512244749811726
HIST1H2BN,0.01725851224799393,31,22,7638,2.030074498387362
HIST2H2AA3,0.08495185685782611,28,45,7639,1.8904371757858631
HIST2H2AC,0.033432782894246414,31,27,7639,1.710041379965812
HIST2H2BE,0.01763907043900526,35,20,7639,1.7245938616501943
HIST2H2BF,0.01511940875378977,19,19,7639,1.3438550398638482
HIST2H3A,0.25055820656654904,120,135,7639,1.7825971572379196
HIST2H3D,-0.015957399951114885,38,18,7639,1.7351274996311057
HJURP,0.05409222500751086,26,266,7638,0.5750948868517266
HLA-C,0.013356090265693616,58,15,7639,2.996519844568492
HMGA1,0.1055776171024135,39,49,7638,1.3316209422746026
HMGB1,0.01311833435035628,29,25,7639,1.8905731842210665
HMGCR,0.2456875213137172,65,82,7638,1.2681630256472025
HMGCS1,0.26152791939629005,381,94,7638,0.6032469387927318
HMGN2,-0.006958620732486689,25,42,7639,1.8689942743328594
HNRNPC,0.6628725977143999,2215,536,7638,2.027124445303944
HNRNPH1,0.43457568444482236,283,289,7639,1.5141346252741512
HNRNPK,0.2717409156596813,116,101,7637,1.1307430851228433
HNRNPL,0.3730899603679213,216,417,7638,1.3557652511318774
HNRNPM,0.24644015390225,204,106,7638,1.9625454779582254
HNRNPR,0.11163236270833327,28,48,7638,1.336978281128336
HNRNPU,0.42004027908635694,276,323,7638,1.4540674633045283
HOXC10,0.00013931237579384976,20,24,7638,1.4998082988932
HS6ST1,0.004163112531237055,14,25,7639,1.878518962009562
HSCB,0.1649089436503087,80,200,7637,1.0620740545001295
HSD17B10,0.028832213497900855,39,93,7638,1.5093944383223556
HSD17B12,0.5549025735447606,432,664,7638,0.6090274759302324
HSF1,0.33177068956791317,113,116,7637,1.59747337880722
HSP90B1,0.053096922296773964,33,67,7638,1.4964632686146253
HSPA14,0.21355562631005678,42,137,7638,1.2770860412942937
HSPA5,0.6941605843647878,1823,264,7637,4.59563258549098
HSPA8,0.48389991749618005,468,160,7638,1.660077846029718
HSPA9,0.7634211267310292,2886,1035,7638,2.4510278889906085
HSPD1,0.13900427680483718,53,149,7637,0.7845849866869716
HSPE1,0.3105531859122378,149,404,7638,0.524538695064356
HTATSF1,0.12774672066481552,28,74,7638,1.3210536737089438
HUS1,0.2831458952548144,46,169,7638,0.9105319936008044
HUWE1,0.3691392868042194,148,285,7638,1.4690630605734627
HYOU1,0.026874496046843253,29,36,7638,1.4436414917095803
HYPK,0.23857143754309662,111,229,7639,0.8580010050567446
IARS,0.25034677957062795,223,138,7638,1.8792999421378898
IARS2,0.5252617605292956,689,437,7638,0.7225186278804124
ICE1,0.37376006989347643,1071,125,7639,2.0160979438847826
IFITM2,0.03262279712774292,18,29,7638,1.55852327237998
IFITM3,-0.013698968414811805,28,20,7639,2.1622606734066867
IGBP1,0.3324032262199028,936,122,7638,2.2313470658054535
IK,0.10865855553498645,225,34,7637,2.0131996809510313
ILF2,0.28967590044648045,155,245,7638,1.1035356744832354
ILF3,0.4537059644864906,244,577,7638,0.7102458264506739
IMP3,0.0485610826299061,50,61,7638,0.6451987860155893
IMP4,0.6672788248951238,1918,1212,7637,0.9752499320187559
IMPDH2,0.46720900112250197,247,470,7638,0.9679297964900151
INCENP,0.06262685937666851,152,24,7638,0.5988588862483154
ING3,0.1926619459432927,33,121,7638,1.8212320170872347
INO80,0.5517068680077055,422,687,7638,1.1304115369061072
INO80B,0.3906101388554753,188,404,7637,0.8918722012673124
INTS1,0.3701986218219198,123,291,7638,0.9445874693231823
INTS2,0.7306357839050893,3497,822,7638,1.5835809304100246
INTS3,0.49688995234111677,380,1148,7638,0.38160220765596853
INTS4,0.33649266190255483,534,186,7638,1.3413291926148272
INTS5,0.5835289714381723,758,498,7638,1.173333488251237
INTS6,0.29326746375993107,100,194,7638,1.1407711819545583
INTS7,0.6020294305617881,612,595,7637,0.7049223958539579
INTS8,0.7588057338690318,2510,787,7638,1.6375427181674842
INTS9,0.5332430637462543,2257,344,7637,2.502046218517138
IPO11,0.07801355697639663,45,65,7637,1.722121876252893
IPO13,0.306817376256863,221,349,7638,0.7809621884509818
IPO7,0.13424944836263486,75,91,7639,1.7835997717020327
IPO9,0.22433089379305357,68,309,7638,0.7713936509762346
ISCA2,0.2074063671330174,61,252,7637,1.0525423607198332
ISCU,0.18262652421480732,135,70,7637,2.249348428577946
ISG20L2,0.32230606471703205,313,356,7637,0.6862452304150203
ISY1,0.03048325187918532,29,23,7638,1.587521162731782
JAZF1,0.5544222475483411,110,123,7639,1.4706866324780192
JMJD6,0.15576494101891458,63,78,7637,1.5655364178914153
KANSL1,0.3206984367723357,223,71,7638,1.6967427108904858
KANSL2,0.7120655947106083,1091,1021,7638,0.8432500713661972
KANSL3,0.6808838750207791,876,633,7638,1.7687799105624307
KARS,0.18765789954776255,119,162,7637,1.5410105677588986
KAT5,0.09484533234853065,41,39,7638,1.5329930546675699
KAT8,0.7034731344656678,1444,1091,7638,2.1737895407914136
KATNB1,-0.05759336524761835,24,23,7638,2.4734600626853425
KCMF1,0.22822382972019303,89,144,7638,1.0885528727735603
KCNA10,-0.014791101540437704,28,27,7639,2.0841518032781075
KCTD10,0.1706603811274559,112,58,7637,0.797188566514208
KDM2A,0.016839776984876702,21,31,7638,2.3845166544369607
KDM8,0.047391991610630735,26,114,7639,1.4227213390061577
KIAA1143,-0.010037843119527603,24,17,7637,2.0831264207154616
KIF11,0.0784476881200588,45,38,7637,0.7283365048598227
KIF14,0.08585746984933684,27,37,7638,1.0285431451249494
KIF18A,0.014519857514770685,30,25,7637,2.7701153871438753
KIF18B,0.19761493663514842,75,171,7638,0.75711066176866
KIF20A,0.5199120790075739,390,449,7637,1.087842313717993
KIF23,0.011076797791573018,76,24,7638,0.5076216349734237
KIF4A,0.065319635113552,23,39,7637,1.8616269157575367
KIN,0.38024305352578835,335,204,7637,2.010142247631296
KLC2,-0.012454704547087683,14,26,7639,1.5144696777258586
KLF7,0.11305974598054522,22,44,7639,2.176751799938031
KLHL11,0.05053417239312893,22,27,7639,1.6637246315403489
KPNA6,0.22013915135591913,73,100,7638,0.976842560712808
KPNB1,0.43752192555230707,1477,108,7638,4.7305527102430815
KRI1,0.33942366352110875,309,512,7637,0.6251288508694319
KRR1,0.794259717813114,2772,2721,7638,0.6404688523162405
KRT10,-0.01493965182122106,25,25,7637,1.9253404884911625
KRT17,0.03314538184924711,22,22,7639,1.9796592409677234
KRT8,0.004632381022641262,20,23,7637,1.8114852296691244
KRTAP4-2,-0.009608125762912643,34,34,7639,2.1268319388317782
KRTAP4-7,0.0026670671676041276,34,22,7639,2.2608916197397013
KTI12,0.053592129826960426,13,49,7638,2.087703261371965
KXD1,0.07224150929361775,56,46,7638,1.5250057312931113
LAMTOR2,0.20969396004542568,98,99,7637,1.6040230176675547
LAMTOR3,0.17343789594401843,55,165,7638,1.3022678155937537
LAMTOR4,0.25963821415418653,112,172,7638,1.3341945118312526
LARS,0.3962723905506864,346,211,7638,1.0527194648462617
LARS2,0.044612108058219205,26,84,7638,1.0527409352281418
LAS1L,0.2685833904310253,136,527,7638,0.5153912262540599
LCE1C,-0.0012409281125305446,22,20,7639,1.9147681916456782
LCE1E,-0.002694922277544341,28,32,7639,2.3768119413539766
LCN10,-0.0017975300543834874,15,18,7639,2.5346845721637434
LENG8,0.24121991773859136,77,117,7638,1.2942459510566484
LETM1,0.3608718193937855,160,321,7638,0.7333002664306303
LIMS1,0.006687268978740184,34,22,7638,1.7398795819889912
LIN52,0.047693529183335276,31,45,7638,0.9948531281326398
LIN54,0.21114195375635766,64,138,7638,1.2400314899944354
LONP1,0.3172872250452945,124,300,7638,0.684325985678813
LPA,-0.08813855315642116,39,24,7639,1.9043419067135603
LRPPRC,0.3983285492795537,212,234,7638,1.0824120674053939
LRR1,0.11174426327187378,51,56,7638,1.5180585401927649
LRRC37A3,-0.003809985999822257,19,24,7639,1.6338775111141561
LRRC37B,0.07556458071911652,18,32,7639,2.0677361546815427
LSG1,0.47045718735747205,611,755,7638,0.5455608109705149
LSM10,0.46867300597273354,131,316,7638,0.9910851380274553
LSM11,0.5338808781478724,221,444,7639,0.7253501731162528
LSM12,0.09282229595841784,44,44,7637,0.6225004945386082
LSM2,0.427559958583283,2787,294,7638,4.701527211197631
LSM3,0.34623011687935656,423,217,7637,1.156658047500163
LSM4,0.25559717538001364,600,69,7638,1.8002267685054896
LSM5,0.47974394148632515,279,568,7637,0.8867837743561788
LSM6,0.7717145172119436,3289,1281,7638,0.8610390141108082
LSM7,0.3695135613170964,851,268,7637,2.860710538380826
LST1,-0.019239350638922913,36,34,7638,1.7805163659939693
LTB4R2,0.006315083443882986,22,22,7639,1.6130849359857058
LTBP3,0.013362745829599459,25,27,7639,2.4583938891576773
LTV1,0.6619893133369058,2411,884,7638,1.6182469802747688
LUC7L3,0.4170318531683439,231,388,7638,1.0014874748252218
LURAP1,0.017973295075759982,18,19,7639,1.4028747823408112
LYRM4,0.07678567509070282,31,47,7637,1.8193700511978035
MAD2L1,0.2888435232461237,155,306,7638,0.7168816975662166
MAD2L2,0.10607915890314223,26,37,7638,1.405662216577637
MAGOH,0.39642622376846737,1034,171,7638,2.7102112062048658
MAK16,0.5114269110457451,1102,471,7638,1.029934409054905
MANF,-0.0003772266036208043,33,28,7638,2.55961658816629
MARS,0.4212035000124903,295,287,7638,1.6869043863308688
MARS2,0.06943498656452231,30,97,7639,1.2880667416819935
MASTL,0.09361831372594732,64,49,7637,1.2494482139656906
MAT2A,0.23864467437170356,247,181,7638,1.671131699264484
MAU2,0.3605017864422989,140,357,7637,0.7911473020049189
MAX,0.668597202580254,1207,607,7638,2.174121790528257
MBTPS1,0.12486544406923247,42,75,7638,1.5616136208272458
MBTPS2,0.3628579695000423,74,660,7638,0.3298627244833874
MCL1,0.08503472182486436,27,36,7638,2.1504595332683643
MCM10,0.6224233512998332,976,441,7638,1.3164092900176005
MCM2,0.5566597913380018,311,851,7637,0.36541699529958965
MCM3,0.3972805080987228,129,861,7638,0.33175864377686504
MCM3AP,0.5146943042145828,342,421,7637,1.0058975731024147
MCM4,0.46740548437855445,206,372,7637,0.9519710695083466
MCM5,0.30782361202342545,116,282,7638,0.8608535802707192
MCM6,0.43023793770293817,156,593,7638,0.45170631367893965
MCM7,0.36108217407966736,106,279,7638,0.8189604632662129
MCMBP,0.500716570200378,242,204,7637,1.582870850682825
MCRS1,0.18213921229075597,38,78,7638,1.6152800802022718
MDN1,0.29169527261547945,164,614,7638,0.43813328263893936
MED1,0.5484433182597892,2038,235,7638,6.4101866512368995
MED10,0.7764028025409655,2259,1239,7638,1.5069301023079782
MED11,0.6915996321838698,1383,801,7638,1.1549271730411814
MED12,0.8406458052657484,3797,2106,7638,0.9164916650643217
MED14,0.6171124017894225,825,917,7638,0.7687972098458358
MED17,0.4632490043100921,1563,225,7637,3.0964540361531108
MED18,0.29894840413646884,178,442,7639,1.113262546571328
MED19,0.8236437299920412,3138,2029,7637,0.9458714938772276
MED20,0.4917363670955889,618,328,7637,1.90221301426257
MED21,0.45485468206827445,731,324,7638,0.9098375848838052
MED22,0.6841554679119201,2356,715,7638,3.0105917784508867
MED26,0.1270536498929892,66,109,7638,1.7295813784942753
MED27,0.10856461386635112,160,63,7638,1.6801793734552835
MED28,0.5371751767645269,711,666,7638,1.0301616541980276
MED29,0.3585325544872329,405,204,7637,1.8040843896955507
MED30,0.7730004647242131,3060,1477,7638,1.084719587643509
MED31,0.14778344940172378,68,109,7638,1.2603112061420751
MED4,0.18887246809092298,672,65,7638,3.8770558133219
MED6,0.6788135868872527,1788,791,7638,1.3347115452246194
MED7,0.6100779621530233,2251,452,7638,2.962172221182299
MED8,0.3375558564274204,448,179,7637,1.11902785939302
MED9,0.5529414624406241,1849,531,7639,1.5047675399850124
MEPCE,0.017579853364802226,23,33,7638,1.9612054288790415
METAP1,0.11760088161618852,36,115,7639,1.5933150644351928
METAP2,0.5252726901647464,358,1101,7638,0.4528835690719865
METTL1,0.21672543817293136,58,115,7638,1.0741896100341908
METTL14,0.4448491293608664,241,752,7638,0.7897071195684757
METTL16,0.1672919283585097,91,435,7638,0.3755523329256547
METTL17,0.20226268320955104,58,166,7638,1.2991511107654714
METTL23,-0.015195689189180841,27,31,7637,1.7536699703713308
METTL3,0.4204506399985113,296,546,7638,1.0818164842854952
MEX3A,0.2270549361212038,102,68,7637,1.9724110441077194
MFAP1,0.38357838510002734,1398,115,7637,3.1232011802124764
MFN2,0.0668431031471426,47,52,7638,1.9267713382095193
MICOS10,0.23776235176588215,123,176,7637,1.211748792864796
MIOS,0.287768898527797,118,354,7638,0.7007039749346817
MIPEP,0.07112395877519358,25,83,7638,1.1241456751391972
MIS12,0.1387168074387491,46,200,7637,0.7072120920059679
MIS18A,0.010061580639718352,21,125,7638,0.8151857242961364
MIS18BP1,0.043784981009737586,33,94,7638,0.844785260398096
MKRN1,0.022837988313823387,23,37,7638,1.4837503574198232
MLST8,0.07136622529033768,26,70,7638,1.3053433287796095
MMGT1,0.03635000059815604,27,30,7638,1.6143335643053935
MMS19,0.06691792007804641,52,59,7638,1.7776811133057375
MMS22L,0.43859775341965307,363,362,7638,1.057269213097925
MNAT1,0.29370944455233877,254,249,7638,1.148700054312716
MOB4,0.4068455080127457,123,331,7637,0.645054466759951
MOCS3,0.03347981005030128,22,27,7637,1.35428631649236
MOG,0.03269060925549431,21,27,7639,2.0914573521888093
MOK,0.03464031840803975,29,25,7639,2.031574916636409
MPHOSPH10,0.3724263775130225,407,440,7637,1.2202952111414016
MRGBP,0.37711595400072123,184,266,7638,1.1745104316690103
MRPL1,0.20954291505239736,57,147,7639,1.179984802617387
MRPL10,0.2556909332000682,95,240,7639,1.0212134251062326
MRPL13,0.20587263730357577,84,211,7639,0.9175152331018439
MRPL14,0.28748905971987726,114,155,7639,1.0533213170330298
MRPL15,0.11819632402388845,41,105,7639,1.0785224443736223
MRPL16,0.08495644348379333,73,127,7639,1.1026294019789349
MRPL17,0.2438306014343154,126,262,7639,1.0428601910884576
MRPL18,0.3618514353399708,282,472,7639,0.924194335102196
MRPL19,0.4973394087959038,329,637,7639,0.6684847569696278
MRPL2,0.2849296578809773,167,336,7639,1.111800038805522
MRPL20,0.2956057004505183,80,238,7639,1.306010248394544
MRPL21,0.02136985100671068,38,50,7639,1.3182842604043368
MRPL22,0.2021096635364859,119,151,7639,1.2654716497229954
MRPL24,0.33100569184534767,179,463,7639,0.7581988234313424
MRPL27,0.2812014489129639,126,355,7639,0.7569629737274213
MRPL28,0.050824182528197454,34,56,7639,1.5845434879409794
MRPL3,0.34706027332323264,207,481,7639,1.028874834700023
MRPL32,0.12629411930166978,77,79,7639,0.9621610420605359
MRPL33,0.31432666579920693,176,345,7639,1.160110832877766
MRPL34,0.0745346481283755,52,104,7639,0.9938198351014275
MRPL35,0.37723846969026853,288,549,7639,0.7970033271267842
MRPL36,0.3764315068791893,195,615,7639,0.8752254723306371
MRPL37,0.2766653553911602,110,312,7639,1.196380774846918
MRPL38,0.2772590416936872,147,259,7639,1.0334292201335114
MRPL39,0.37638528978396585,274,455,7639,0.9203994358737873
MRPL4,0.19969910113825842,85,277,7639,0.8524573901702679
MRPL41,0.13333840130704014,73,111,7639,1.1762447192002536
MRPL43,0.26864028174443955,111,326,7639,0.8294669307634974
MRPL44,0.15490421091171566,48,117,7639,0.9546865337903389
MRPL45,0.0750762550316667,41,59,7639,1.1982290378658222
MRPL49,0.0933049161791944,116,73,7639,0.8234878827196982
MRPL50,0.26417335803155545,159,230,7639,0.9929440837989542
MRPL51,0.2238423866304672,169,150,7639,1.024623063299123
MRPL53,0.2615390000097694,126,162,7639,1.0197060985889652
MRPL54,0.10309598978507373,82,99,7639,1.2060276746304819
MRPL55,0.2807099502508036,149,333,7639,0.8326686558755942
MRPL9,0.16920804924172653,56,183,7639,1.1255046389810692
MRPS10,0.10937013371329361,91,91,7639,0.8162792362672098
MRPS11,0.20770602080601286,110,189,7639,0.9788930897786827
MRPS12,0.08304881527595027,65,56,7639,1.0294446090639537
MRPS14,0.3674802353622281,251,243,7639,1.4128259457587642
MRPS16,0.04704961053512647,32,42,7639,1.3740781480903306
MRPS18A,0.2612438543830783,114,325,7639,0.8581901222732521
MRPS18B,0.07089919778187835,79,63,7639,1.5598050238281225
MRPS2,0.16625394727219112,62,155,7639,0.9972391727510009
MRPS21,0.28217108922272677,140,280,7639,0.9794265167649894
MRPS22,0.1364017148732742,70,173,7639,0.7958659712983661
MRPS23,0.1933594245463746,72,216,7639,0.981086320726188
MRPS24,0.1775247584222813,76,160,7639,1.0248733294473558
MRPS25,0.11533173120277367,52,102,7639,0.8315390482571453
MRPS26,0.16215216885875197,115,152,7639,1.113124490549465
MRPS27,0.21624862813868428,94,215,7639,1.0061615311611602
MRPS28,0.2725362613574238,93,341,7639,0.7269154749538657
MRPS31,0.1138661570759752,59,118,7639,0.8737599765091981
MRPS34,0.4173284290323771,289,274,7639,1.224131924070347
MRPS35,0.3518200039235568,159,445,7639,0.772539720580786
MRPS5,0.13155170723065454,59,151,7639,1.1520427352357563
MRPS6,0.239869424248741,54,149,7639,1.2861007382930005
MRPS7,0.12404270316056348,61,102,7639,1.2514949450718158
MRPS9,0.12518276117012012,73,123,7639,1.0322628102380997
MRTO4,0.0726565474753392,38,67,7637,1.746540991327281
MSRB1,0.038398159143192945,23,19,7638,1.6915915724218127
MST1,-0.020297540081275444,23,16,7638,1.3713387185879466
MSTO1,0.04000247735309258,24,17,7637,1.822909114787254
MT2A,0.0049875186947852205,24,26,7638,1.5432253346405993
MTBP,0.5013822078773943,396,391,7639,0.7252676187014581
MTG2,0.08090870479168094,18,31,7638,2.2791924893465865
MTOR,0.4217690753685241,335,605,7638,0.5973923235899874
MTPAP,0.40701788969809966,225,180,7638,1.7479995515643718
MTRNR2L1,0.010836819604806836,35,27,7639,2.492567780530697
MVD,0.4473334381916803,491,424,7638,1.0921260276795217
MVK,0.3539245755814076,68,154,7637,1.2388470876658983
MYBBP1A,0.39771030653456446,373,525,7638,0.8267125328857912
MYBL2,0.1925239036882468,284,61,7638,1.0457975501241976
MYC,0.18872119012870942,102,102,7638,1.132771164103836
MYCBP,0.010840421715845722,27,23,7638,1.5522728117477698
MYO1H,0.029885306645325377,22,20,7639,2.028722405917451
MZF1,0.062375225992467406,29,34,7639,1.9621471486834892
MZT1,0.4559573229417667,270,211,7637,1.0471925178299824
N6AMT1,0.3476011206431139,83,716,7638,0.5308010215458236
NAA10,0.20097838979794116,77,164,7638,0.90753654442416
NAA15,0.3142690583653884,155,319,7637,0.8965644123142613
NAA20,0.4152637154607195,166,797,7638,0.3141955255633856
NAA25,0.5662577383247464,369,798,7638,0.4798292642088832
NAA35,0.14467316213970627,53,138,7638,1.6785551032298958
NAA38,0.5850752824746441,2846,469,7637,3.877696458844845
NAA50,0.10797174149560743,69,68,7637,0.9514458554558192
NACA,0.6141717095839381,2370,452,7639,2.739274008517732
NAE1,0.44058702893436824,159,670,7638,0.49509563610118335
NAF1,0.08556243811461602,30,388,7638,0.7457861480538608
NAGLU,0.10221698534497997,30,19,7638,1.6386435298735096
NANOG,-0.00042204985525029465,20,22,7639,1.6115310081766032
NAPA,-0.009789547958818428,27,33,7638,0.9413279059265989
NAPG,0.04044307525229128,34,35,7638,2.458094068742277
NARS,0.606481396013689,937,506,7638,1.2743884415726292
NASP,0.020497172034825713,24,32,7638,1.7087410600015716
NAT10,0.259570982868061,249,254,7638,0.6464569698625804
NBAS,0.3008117636321611,140,419,7638,0.6973401071349854
NBEAL1,0.012706521424558725,20,25,7637,2.586687561117961
NBPF12,0.0697575295087896,23,34,7639,1.8194853329013219
NBPF15,0.001436496830771881,22,33,7639,2.3178557718501756
NBPF3,0.03198015369919835,37,26,7639,1.7801275456213297
NCAPD2,0.028462440325696392,46,25,7638,0.7902158769718168
NCAPD3,0.06970416585119359,30,27,7637,2.570603393023161
NCAPG,0.08222202763412187,42,67,7637,1.2105657101765652
NCAPG2,-0.0016192411011695228,23,29,7638,1.8499040001072256
NCAPH,0.1547604444703801,141,78,7638,1.6416118546934548
NCAPH2,0.1886101415300231,37,59,7637,1.8445092404279904
NCBP1,0.41617931354845566,412,234,7637,2.099649266746205
NCBP2,0.7844946766220307,3380,1190,7637,2.748174747944749
NCKAP1,0.18096665820738805,90,125,7638,1.360564208116229
NCL,0.23291088953440628,98,199,7638,0.8489335581040206
NCOA4,0.09481279156384662,29,33,7638,1.9031036097224232
NDC1,0.019497490384609694,22,32,7638,1.911383600360848
NDC80,0.2076886821691738,342,62,7637,1.1333090726809951
NDOR1,0.034079122299955425,19,26,7637,1.4646583546520466
NDUFA11,0.020301426924843238,26,26,7638,2.2955294553134684
NDUFA2,0.08593726660922887,1183,34,7637,5.907080055110512
NDUFA4,0.04627425894820652,30,37,7638,1.569985509952653
NDUFA6,0.15357984839016098,57,155,7638,1.088507314880479
NDUFA8,0.1332403812456902,72,97,7638,1.2746579109111051
NDUFAB1,0.2917798887125699,221,283,7638,1.0695673652970963
NDUFAF3,0.037338379367927825,31,34,7637,1.7539048890053894
NDUFAF7,0.04319019221462299,31,45,7637,1.2859300423521873
NDUFB10,0.3166064132955976,59,191,7638,1.143466381911043
NDUFB3,0.030729695349342,26,61,7637,1.334745024085426
NDUFB4,0.22405429187494397,94,280,7638,1.1316447468445163
NDUFB6,0.11012761268002796,39,63,7638,1.5563398972827898
NDUFB7,0.04535874489649873,31,36,7638,1.449126115975348
NDUFB8,0.15057619861522256,91,189,7637,1.1894095736328096
NDUFS3,0.06450760319268667,36,39,7636,1.363379597665097
NDUFS5,0.023528296543755937,16,33,7638,1.467530185943624
NEDD1,0.31019204102687065,202,122,7638,0.394411232585045
NEDD8,0.6359492083824243,919,1186,7637,0.4605140922054128
NELFA,0.48190440258836215,325,584,7637,0.9393398606777279
NELFB,0.5105520640991674,361,589,7638,1.0071015155860905
NELFCD,0.49152888694027064,367,925,7638,0.672934963633894
NELFE,0.26607797357318763,131,240,7637,1.1524410516138073
NEMF,0.09172929534216658,59,67,7638,1.169278197243477
NEPRO,0.3062910002947791,412,226,7638,0.7111952974033383
NFATC2IP,-0.02096606838732812,21,21,7638,2.5036248805692494
NFKBIE,0.17506472481526883,57,114,7639,1.2949818923934258
NFRKB,0.6116379893250979,489,943,7638,0.935718771300254
NFS1,0.09966173818533255,170,67,7637,2.151216318695351
NFYB,0.09634620633470102,31,55,7638,1.861374877975733
NFYC,0.25319660737004235,230,108,7638,1.2866179186791833
NHLRC2,0.05930761879766963,25,76,7637,1.7704854042094589
NHP2,0.1345848308512596,69,301,7638,0.789316433607559
NIFK,0.6086433488863323,1567,764,7637,0.7218841615066617
NIP7,0.6200967041345574,982,922,7637,0.6426164937198724
NISCH,0.0766256113474743,33,38,7638,1.9365017666824802
NKAP,0.25037875930421616,734,70,7638,1.6237522500298172
NLE1,0.6769082247823027,1851,1207,7638,0.9917296279247875
NMD3,0.24462442007797044,176,571,7638,0.737994051747578
NMT1,0.016829758594567507,11,54,7638,1.8079871640493053
NOB1,0.1817382882894264,86,181,7638,1.668893438250905
NOC2L,0.04166968572363409,71,30,7637,0.9982614307337906
NOC3L,0.26855825619667967,201,452,7638,0.5809899863931747
NOC4L,0.3325842283847508,248,519,7637,0.7931656249382418
NOL10,0.16790465287926815,170,146,7638,1.5063481794207068
NOL11,0.7119272426777524,1919,1050,7638,1.182673673119135
NOL12,0.30892358738789766,215,322,7638,0.8593823084127417
NOL6,0.6840312955449649,1715,1330,7638,0.6078718483964285
NOL7,0.05252436696923515,47,91,7638,1.8546440577749748
NOL8,0.3796979276550431,277,544,7637,0.7331730929274125
NOL9,0.11909850908572325,55,223,7638,0.6200638433944824
NOLC1,0.27999028743676907,113,352,7638,0.9199558281270751
NOM1,0.21609205010529078,183,162,7638,1.3986861010696043
NOMO3,0.45077038557211224,79,127,7639,0.9378848593914517
NOP10,0.3730894694443228,273,862,7638,0.39841654220075157
NOP14,0.28581020503569926,257,330,7638,0.7938658219884625
NOP16,0.5289501679423508,849,625,7637,0.7124629270290997
NOP2,0.47188076108865495,552,584,7638,0.6128981924712652
NOP56,0.03965026587966824,26,29,7638,1.3437863439947142
NOP58,0.2594759700284295,285,247,7638,1.3730995090755593
NOP9,0.027231432736754956,28,28,7637,1.6414375813794841
NOS1AP,-0.027467039918280364,17,40,7639,2.420644153160525
NPAT,0.38975403727550684,311,151,7637,1.1684947610586214
NPB,-0.014413484216267144,32,28,7639,2.258652563374995
NPEPPS,0.3186513095769044,64,114,7638,1.4726573667266056
NPLOC4,0.1965707378411709,411,78,7638,3.407339570548956
NPM1,0.019674282538222215,17,46,7639,2.009585622193206
NPM3,0.005170945970414696,34,30,7638,2.0291358695254624
NR2C2AP,0.08637944271270839,22,69,7638,1.6021103753936794
NRBP1,0.36276768267438675,246,374,7638,0.9348837867893534
NRDE2,0.6333101883343945,2416,453,7638,2.71845743389798
NRF1,0.4983310782387899,291,310,7639,1.438814499568194
NSA2,0.18411003265972292,103,225,7637,1.1746367175160404
NSF,0.062011171504668,36,34,7638,2.575117644581481
NSL1,0.05728173813376129,36,110,7637,0.8920928395359775
NSMCE1,0.03875584212944521,19,40,7638,1.8404020942975186
NSMCE2,-0.004634939638309721,27,36,7637,2.323499711899549
NSRP1,0.1373012241682781,829,39,7638,2.4817930446186875
NSUN4,0.054776517339969445,31,124,7638,1.0477912663156446
NUBP1,0.28301244772780687,175,327,7638,0.8389629710970479
NUBP2,0.06323038738299838,46,44,7638,2.0463015372645126
NUDC,0.22644796923550362,115,359,7637,0.25160157308452047
NUDCD3,0.48986180529456275,403,505,7638,0.7637603640242491
NUDT21,0.6581953524540953,881,863,7637,0.6971386351144957
NUF2,0.22880528338644873,361,67,7638,1.6851239886646137
NUFIP1,0.11962689854736842,63,185,7637,0.7896385336007362
NUMA1,0.4638286975963804,518,485,7638,1.0673682151580175
NUP107,0.3294284519917783,1213,79,7638,4.049168132619536
NUP133,0.19834024011444026,109,151,7638,1.0617528817998962
NUP153,0.20618837684844057,55,124,7638,1.4607145485878836
NUP155,0.0012798070320034572,56,21,7638,1.4360081660290351
NUP160,0.17863446716607764,646,41,7638,2.049635592990595
NUP205,0.03936225348798248,71,47,7638,1.299146114245176
NUP214,0.26969020489619566,65,124,7638,1.6557932615451418
NUP35,0.13394816371481252,54,91,7638,1.918434273326821
NUP43,0.08343588581271574,30,93,7637,1.8010629497093764
NUP54,0.7005056449318896,1306,823,7638,1.0982653609749462
NUP62,0.5525659979084749,1290,442,7638,1.1960980604927995
NUP85,0.28445920335096625,329,82,7638,0.6836048842343135
NUP88,0.2950305834161519,251,163,7637,0.9650620466226856
NUP93,0.026961806278954968,42,22,7638,0.76410434815147
NUP98,0.20358649340087198,1612,35,7637,11.309746132549876
NUS1,0.012841307783188689,36,32,7638,1.9323910010007224
NUTF2,0.07270731406820795,650,15,7636,3.108207729674543
NVL,0.39180943174971594,262,712,7638,0.5807665058523981
NXF1,0.02219350005836093,36,31,7638,1.978133774754254
OGFOD1,0.6871499575353054,784,825,7637,1.0706439554957017
OGT,0.3530461072470639,244,282,7638,0.8753836272375883
OIP5,0.09884756765290571,16,58,7638,1.3179785085410245
OLFML3,0.09868210315955114,33,49,7639,2.0574300986299217
OPA1,0.1838767758973578,98,114,7638,2.398517383017259
OR1D2,-0.0023221587320339365,24,28,7639,1.8198676278059975
OR1E2,0.036917500554226906,13,22,7639,2.1648729992653744
OR2A1,-0.0010821095190439636,26,21,7639,1.674064328881384
OR2T29,0.025870605445263213,23,21,7639,2.54087793840008
OR2T5,0.061340137652428045,32,23,7639,2.159587800097165
OR4F4,0.02719792039990156,22,16,7639,1.58341817894983
OR4K1,0.002955748990183992,27,22,7639,2.023517947997608
OR4N2,0.0007859349835743637,12,18,7639,1.972683459119342
OR7A10,0.013982629176795984,24,39,7639,2.262767990056573
OR7A17,0.03485137159187479,22,20,7639,1.7680100261249012
ORC1,0.5884608421857126,1326,226,7637,2.810814968156267
ORC3,0.046750963926459284,30,71,7637,1.1364513156991944
ORC4,0.14012108617435745,32,142,7637,0.7025548823015575
ORC5,0.40396568141987876,98,291,7638,0.6214676426973008
ORC6,0.2925061865735571,101,194,7637,1.1392635084009926
OSBP,0.03400219729620726,23,37,7638,2.6047456527190733
OSGEP,0.036363091747909075,19,55,7637,1.057683310166991
OSTC,0.18294157103316536,37,53,7638,1.9078452567932491
OTOP1,-0.02436455666544774,14,19,7639,2.170385040335556
OTX1,0.041888639474340995,35,52,7639,2.32333342735687
OVCA2,0.009519700978726819,30,17,7639,2.9571196278507577
OXA1L,0.60759223078721,949,806,7638,0.7902052839447886
PABPC1,0.09330125288651318,155,42,7639,2.1389803029024264
PABPN1,0.4793759737062906,649,356,7639,1.7495878863003873
PAF1,0.31182345021074,1970,57,7637,6.161007754167
PAFAH1B1,0.06985946599621076,40,71,7638,0.9088506667080061
PAK1IP1,0.09513055303377288,49,92,7637,1.298297638763518
PALB2,0.022352862413299077,29,25,7637,2.0303301829760096
PAM16,0.49977110431124544,305,561,7638,0.8305070597965918
PARN,0.032849119099773026,35,69,7637,1.6246291486027333
PARS2,0.05993334197557017,28,66,7638,1.1389484156351368
PAXBP1,0.4765181265789527,640,398,7638,1.4787955824804875
PC,0.035511393058927816,32,34,7639,2.0664920371739055
PCBP1,0.4055484713447576,216,226,7638,1.155451207348152
PCBP2,0.18053711244348608,52,130,7638,1.7510450760160639
PCF11,0.4281662895293312,1151,136,7638,3.6538165995825995
PCID2,0.18106830731500373,74,84,7637,1.0135822703007749
PCNA,0.36677598482014145,1350,117,7637,3.5428151137095742
PDAP1,0.17990585832212463,95,126,7639,1.3786146217114892
PDCD11,0.6091281247205159,1481,858,7637,0.5586598540855582
PDCD2,0.14197637459355705,86,146,7638,1.1345855258276543
PDCD5,0.14481548726720117,43,83,7638,1.7075536718302373
PDCD6,0.016748958820759486,24,27,7638,2.0143080547602343
PDCD6IP,0.019166995589779558,24,23,7638,2.182632811190862
PDCD7,0.17201451292955597,149,55,7638,1.641580390643843
PDPK1,0.17103157210211514,35,47,7638,1.2364881618585537
PDRG1,0.2795056777565267,165,279,7638,1.1491889241650899
PEF1,0.020188576389592785,29,17,7638,2.4612933718312906
PELO,0.3731537306297299,466,116,7638,4.182085445806308
PELP1,0.3760931595378615,276,416,7638,0.577145461354377
PES1,0.37359823531125,355,688,7638,0.4901738573391274
PET117,0.08897623673190708,46,210,7638,1.1636985993569264
PEX1,0.14986013933834316,72,119,7637,1.4254841719450464
PFDN1,0.021868897014851577,16,32,7638,3.1771123298469868
PFDN2,0.46402942837746247,562,585,7637,0.7731921418048666
PFDN4,-0.06446065687662847,75,35,7638,3.28488921954002
PFDN5,-0.0047450582038448446,17,44,7638,1.2358208018339523
PFDN6,0.022583887309335623,41,47,7637,1.398405653903399
PFN1,0.17442820290586633,58,334,7638,0.38993380540842465
PGAM1,0.30959058016962754,122,496,7637,0.6875346834296744
PGD,0.41986263639955956,259,440,7638,1.0759041295548135
PGK1,0.060279229862739134,42,180,7637,1.4268478062669434
PGPEP1,0.2638679408987536,137,90,7638,1.750738578060857
PGS1,0.07693325572240736,23,378,7638,0.6146271606985012
PHAX,0.32354190334799343,1523,90,7638,8.304696908029495
PHB,0.6363335393206246,2180,468,7638,2.8183298619836172
PHB2,0.6024802490877031,2420,350,7637,4.90416606096666
PHF12,0.3130485722199218,77,194,7638,1.4114860853653721
PHF5A,0.5380172578039341,1763,332,7638,2.5823898006022765
PI4KA,0.05413966279900994,41,81,7637,1.8014934833042655
PIAS4,0.4721045199766528,878,184,7638,1.77834363910725
PIGH,0.08214430368786449,23,31,7638,2.179897844198863
PIK3C3,-0.02489028892049733,24,40,7638,1.0509630260521985
PIK3R4,0.037932383990332275,30,27,7638,1.5105498290075745
PKM,0.04736703174346155,33,38,7638,1.8484896045098067
PKMYT1,0.03984378831577623,24,38,7638,1.0733986138394003
PLA2G10,0.008381921585525792,21,43,7639,0.997433907194394
PLEKHN1,0.014951382997553195,15,24,7639,2.0340333131848647
PLK1,-0.0004690989308411292,50,28,7638,0.4876358735324193
PLK4,-0.002976751731744687,34,42,7638,0.9927372903902151
PLRG1,0.05563798856434435,797,26,7638,3.7228291831653157
PMF1,0.36895416374244544,375,251,7638,0.4004041444786681
PMPCA,0.4387547835336983,337,358,7637,1.0311773418507153
PMPCB,0.6648203722333587,1719,721,7638,2.1398351457709466
PNISR,0.395339073151058,178,271,7638,0.8821581212484303
PNKP,0.053488886426709535,25,85,7639,1.280639469583758
PNN,0.20109900511845086,288,88,7637,1.487520147210056
PNO1,0.5238458512104225,1183,601,7637,0.8437988931431321
PNPT1,0.4669469787861564,291,348,7638,0.9097440024767077
POGZ,0.04355062181342906,33,36,7638,1.3498630114549952
POLA1,0.35545921482504705,950,113,7638,3.6717096132252536
POLA2,0.5481328498421922,1233,247,7638,2.118653633594989
POLD1,0.6336218234659382,1459,566,7638,1.1861164851188672
POLD2,0.4356800615331903,362,326,7638,0.9090298336959725
POLD3,0.5610747184915846,419,540,7638,0.8028053700874137
POLE,0.4266258019265695,1041,142,7637,3.2293045081535183
POLE2,0.11807149293564839,51,150,7638,1.4780573843982483
POLG2,0.15788555266683307,21,205,7638,0.9286603569601812
POLR1A,0.5747271644334687,821,575,7637,1.2603168857191123
POLR1B,0.7554974876574817,2020,1516,7638,0.8533450058883612
POLR1C,0.5237229737548417,409,583,7638,1.0461367504396215
POLR1E,0.577667538338879,627,835,7638,0.7338020976606243
POLR2A,0.4699914238054015,1184,254,7638,2.125258251676213
POLR2B,0.5305800221980866,1455,346,7637,2.5041372731777995
POLR2C,0.30174226443475394,953,88,7638,2.3395327611457666
POLR2D,0.07412230051638553,283,38,7638,2.999860668367524
POLR2E,0.12961422659864966,74,67,7638,1.6540582857538526
POLR2F,0.40751344762879904,1039,160,7638,2.0693355360587433
POLR2G,0.4838664050935088,1480,388,7638,1.0450018377408057
POLR2H,0.2815036079128453,1140,92,7638,2.632737751945052
POLR2I,0.36128555540109947,1673,142,7637,4.224380146533893
POLR2K,0.11432045443915614,327,67,7638,1.803270365938781
POLR2L,0.10733570600624823,124,50,7637,1.3696123018523763
POLR3A,0.041470617745944266,29,38,7638,0.7198051016585841
POLR3B,0.17549828711737703,123,174,7638,1.1192597401145081
POLR3C,0.19631606157443945,84,123,7637,0.9340624327297506
POLR3D,0.1286969299336914,109,89,7638,1.730307662106637
POLR3E,0.38831515651740023,109,187,7638,1.3865951895300253
POLR3F,0.23424858056457123,162,179,7638,1.2070966943507917
POLR3H,0.031581262157825515,18,32,7638,1.7786520105882861
POLR3K,0.13363784008562535,70,85,7637,1.2249478034962942
POLRMT,0.5672128941664134,264,600,7638,0.6010998997979667
POP1,0.4304547956554677,381,897,7637,0.5168089153291247
POP4,0.40220964158045214,334,769,7638,0.5141434342585741
POP5,0.2695435921851437,193,468,7638,0.593373793494951
POP7,0.38906392106933807,61,241,7637,0.9107615018803237
POT1,0.021689877000257724,82,42,7638,2.2688647939186333
POTEI,0.1879374683367439,57,59,7639,1.1550129999770824
POU5F1B,0.07304741093102071,75,34,7639,2.08749223488458
PPA1,0.31158299486659824,80,958,7638,0.19116368746309653
PPA2,0.01536726930886094,24,32,7638,1.998068331539598
PPAN,0.4467626930679287,420,640,7638,0.5031261928505947
PPARGC1B,0.21664704027486267,84,123,7638,1.707009325640985
PPIA,0.08807719436457136,25,29,7638,1.5382411258651754
PPIE,0.3391011583878662,467,248,7638,2.411913555533181
PPIH,0.2731801372909603,123,275,7638,0.9166723289800535
PPIL1,0.03005181070255847,28,35,7638,1.4164275974369802
PPIL2,0.18066682378231613,36,85,7638,1.603592856754629
PPIL4,0.2847987673857898,614,205,7638,2.414529980210462
PPME1,0.13778430531401226,37,29,7638,1.581926107370531
PPP1CA,0.23157165601704927,98,60,7638,1.965053788057069
PPP1CB,0.035407485635974324,26,109,7638,0.9609419412180858
PPP1R10,0.05984313951205312,95,87,7638,1.635421508972825
PPP1R11,0.3879173020896344,108,298,7638,0.7563725474395161
PPP1R12A,0.029602246143424465,15,22,7638,2.4220888572229256
PPP1R15B,0.14747370914856694,95,100,7638,1.9009309255525202
PPP1R2,0.08542422041363947,31,44,7638,1.198409206798757
PPP1R7,0.03479716196342302,21,33,7638,2.6601781560025883
PPP1R8,0.2599892780204525,116,251,7638,1.0314852581160572
PPP2CA,0.1522508531288153,59,127,7638,1.4808659667352337
PPP2R1A,0.2782935481017215,92,149,7638,1.7007969788179231
PPP2R3C,0.019358921896770742,18,43,7637,1.906258673964382
PPP4C,0.3611381545622698,157,203,7638,1.2025959101829524
PPP4R2,0.4515216290719438,182,340,7638,1.14303246265932
PPP6C,0.16950659457642167,50,91,7637,1.3557850999338585
PPRC1,0.42126622664778146,381,999,7638,0.8944141620763351
PPWD1,0.014348169363383782,173,24,7637,1.6978911474256124
PPY,-0.0008046626106218823,35,23,7639,1.927758251326658
PRC1,0.015945185460461905,22,25,7638,1.3984727549692824
PRDM10,0.05680098275287289,23,25,7639,1.6491283725847172
PREB,0.014591315776765687,25,26,7638,2.4894138228117995
PRELID1,0.3167131249649106,120,154,7638,1.3890965833590627
PRELID3B,0.545131868322783,899,379,7638,0.9903468322854005
PRIM1,0.393795849928136,1298,148,7638,2.40037260703947
PRIM2,0.6213828057568893,1492,509,7638,1.0779047161807853
PRKRA,0.1555211598753827,37,120,7638,2.1373346067255103
PRKRIP1,0.011539224517373966,20,40,7639,1.8044156495336674
PRMT1,0.336004159639479,121,256,7638,1.2533309934191932
PRMT5,0.2522767863666161,129,215,7638,1.0458782974861724
PRODH,0.02894563429802918,18,32,7639,1.9329226092870533
PRORP,0.026820367051294137,29,45,7637,0.6163438098922615
PRPF18,0.3901113846283518,1436,78,7638,4.508597629917785
PRPF19,0.41601727589618903,892,190,7638,1.764573724820835
PRPF3,0.2923118092918127,1372,58,7638,2.243330106611558
PRPF31,0.10143489048963193,230,37,7637,2.2500416447104814
PRPF38A,0.07254123630932265,34,53,7637,0.9113980252559613
PRPF38B,0.12975415504886273,76,131,7638,0.8887167748324377
PRPF4,0.33191396293897046,1212,93,7637,1.3652373239773843
PRPF40A,0.5616463018092577,741,532,7637,1.6666253155992596
PRPF4B,0.5047929534483966,436,645,7638,0.838640092970956
PRPF6,0.33792339517973385,1284,82,7638,3.1080494191859422
PRPF8,0.30520950969712124,436,83,7638,0.9622986795493448
PRRC2A,0.286261437539189,87,181,7638,1.3315962686868417
PSAT1,0.01720119949579159,29,34,7638,1.444768443156844
PSMA1,0.185124927342978,367,51,7638,1.3891366621478118
PSMA2,0.2075817918037687,93,81,7638,1.1670379045285793
PSMA3,0.3038037595732126,1804,72,7638,6.5633030730434125
PSMA4,0.49392512471033684,1827,184,7638,3.64996732352596
PSMA5,-0.031499427699117594,268,32,7638,1.2464482643506323
PSMA6,0.16278708920730878,134,84,7639,1.7094516694324886
PSMA7,0.10917570255212529,111,61,7637,1.5562991480264594
PSMB1,0.24941539850744576,233,97,7637,1.2126145979044536
PSMB2,0.15935437493595972,260,70,7638,1.6448833404159207
PSMB3,0.0998214501506426,92,48,7637,0.9761847724194133
PSMB4,0.11354564438174748,52,59,7638,1.3628686480091348
PSMB5,0.22240137981600938,922,60,7638,4.869663521946657
PSMB6,0.23010380444159642,653,93,7638,3.2903432075675245
PSMB7,0.6048374073594355,748,386,7638,1.2655874781060406
PSMC1,0.5456200582627261,1545,223,7638,2.7412677248187536
PSMC2,0.5817599086447672,1581,287,7638,3.2079594273711023
PSMC3,0.226786282229398,172,109,7638,2.4629282515541484
PSMC4,0.39553236736266206,1484,121,7638,4.738045036565215
PSMC5,0.06299195652998467,109,25,7637,1.5731546743927605
PSMC6,0.3722592194427413,434,102,7638,1.124878567878682
PSMD1,0.18128069446371695,325,45,7638,1.794543381426034
PSMD11,0.32311857114298503,354,98,7638,2.8462511732261686
PSMD12,0.5142862467063584,979,179,7638,3.179891086780626
PSMD13,0.6396926167238125,772,733,7638,1.0994992510285606
PSMD14,0.12819753139087156,138,43,7638,2.110054480117956
PSMD2,0.37391256389156025,721,186,7638,1.2618669096760158
PSMD3,0.2360462479233592,169,68,7637,1.9124868316690762
PSMD4,0.7202423450271433,1351,990,7638,0.8176334246136733
PSMD6,0.6672957431652948,2612,389,7638,3.598225411042582
PSMD7,0.5792540393920677,1551,243,7638,2.734680262117817
PSMD8,0.01932737437011555,83,43,7638,1.980085998872243
PSMD9,-0.0008055711483353471,16,33,7638,1.836074868686043
PSME1,0.2429259660592021,98,176,7638,1.3231983193950432
PSME2,0.03386892891899579,30,20,7637,2.2212103874117037
PSMG1,0.2087136528098321,45,163,7638,1.5423304236388116
PSMG2,0.002810315399517274,29,23,7638,2.051878845537319
PSMG3,0.30211311084808307,84,841,7638,0.2849993836301914
PSMG4,0.3311639955326946,269,456,7637,0.763806797527543
PSTK,0.07888670485332243,32,42,7638,1.460598611996536
PTBP1,0.31465726417440915,464,109,7638,1.0996645164492331
PTCD1,0.30601992078025375,262,263,7637,0.6786921005307971
PTCD3,0.10382199196348858,54,144,7637,0.9162800098647698
PTK2,0.058649403866380075,41,22,7638,2.4587824761815837
PTMA,0.34219810536038897,70,127,7639,1.398206050756456
PTPMT1,0.10510527573761504,32,177,7636,0.6947499924723267
PTPN23,0.36794159344547084,31,42,7638,1.580566134488824
PUF60,0.24637417957595523,240,107,7638,1.4473932051747396
PWP1,0.13165341604557132,58,115,7638,0.7185677105764702
PWP2,0.2834430345661692,258,345,7639,0.601091892416806
PXN,0.3627101118107315,58,69,7638,1.7021610354027508
PYROXD1,0.14339499092880884,21,56,7639,1.593599311593481
QARS,0.665986952697793,2204,812,7638,1.7568829347460966
QRSL1,0.08329810492436439,24,120,7637,1.418848704614709
RAB18,0.13638841197321722,56,35,7638,1.270331682765568
RAB4A,0.15429526363844234,46,57,7638,1.1932460993325342
RAB6A,0.024974401178610984,23,50,7638,1.9385975717067851
RABGGTA,0.15390498061851657,150,260,7638,0.5517978235308554
RABGGTB,0.10851082928455005,51,169,7638,0.36869179067681135
RAC1,0.16500934243535662,32,62,7638,1.5870356929888925
RAC3,0.330648974484629,70,227,7638,0.9783149943147414
RACGAP1,0.06498996226713524,618,35,7638,1.480622095873539
RAD17,0.11305024876825787,26,82,7636,1.4649418411167878
RAD21,0.6061491633567406,342,814,7638,0.8617615475002827
RAD51,0.6039208032443975,501,398,7638,0.9813862057431906
RAD51C,0.28703307446917414,135,168,7638,1.0027552096462689
RAD51D,-0.008787479497823382,36,22,7638,2.641089612802204
RAD9A,0.08931872497495648,22,55,7638,1.8650704627205017
RAE1,0.3090504847923878,322,188,7638,1.5245947470958878
RAN,0.17881850139991834,223,35,7639,1.5124927081699517
RANBP2,0.044074277690492124,18,52,7639,1.5420451492127396
RANGAP1,0.36155878825249244,704,136,7637,2.465206091537115
RARS,0.6486227035754931,1430,674,7638,1.5722729066137975
RARS2,0.3089722025127316,168,506,7637,0.5939173951731492
RBBP4,0.2946874892080894,116,217,7637,0.9418625471643928
RBBP5,0.4183535036933181,248,264,7638,1.6875847540927615
RBBP6,0.28697417717995705,245,211,7638,0.8477810364088173
RBBP8,0.3224251738858588,125,180,7638,0.8688843947083237
RBM10,0.3136401837014504,68,184,7637,1.073688757227885
RBM17,0.36886679339100553,192,393,7638,1.0218840356723091
RBM19,0.17983049565910694,83,249,7638,0.914846146637034
RBM22,0.06820507853769676,31,12,7638,1.5456005581109264
RBM25,0.49168244600943506,829,294,7638,1.6671493254184526
RBM28,0.3845636226054164,340,563,7638,0.34869486990501086
RBM39,0.29427509235337135,273,120,7638,2.015494102881048
RBM4,0.3381310505868011,142,348,7638,0.543545903597486
RBM42,0.31102285797461254,240,172,7638,1.1486213307290523
RBM48,0.19779588523292552,146,113,7637,1.4368589140674226
RBM8A,0.022463465422122852,180,42,7638,1.0887782323901043
RBMX,0.3682178364656306,356,134,7638,1.1519594813508807
RBMX2,0.46737554454083124,1814,410,7638,2.3915125113069493
RBMXL1,0.02196538262939016,14,22,7637,1.9055092067439467
RBX1,0.2587936145213362,369,76,7638,2.072156245969062
RCC1,-0.0031673134016154884,78,73,7638,0.8140466004196429
RCL1,0.579326123156918,913,1052,7638,0.7683385445904979
RCOR1,0.04823222551719733,31,53,7638,1.329693224039809
REV3L,-0.00826850927498521,29,19,7638,1.8936522119114738
REXO2,0.29708846308742715,163,340,7638,0.6824330927470834
RFC1,0.46035488476598696,560,148,7638,2.0216720726689847
RFC2,0.5265834911845134,373,561,7638,0.7521491973473717
RFC3,0.5795734965117274,897,593,7638,0.5891904293964283
RFC4,0.3666014667599776,200,334,7638,0.8791541078578587
RFC5,0.36607435659313414,144,474,7638,0.504308471543354
RFFL,0.008629613095981153,46,22,7639,2.2597022099936774
RFT1,0.037655902439029325,39,84,7638,1.4229671314222245
RGP1,0.06341553293787516,34,57,7637,1.3291604213435373
RGPD6,0.24762359666019915,31,76,7639,1.4806561833069378
RHOQ,0.12756744381928578,24,74,7638,1.9445018717818279
RHPN1,0.051453058756857115,18,21,7639,2.1118089132555387
RINT1,0.303558984533716,139,405,7638,0.7143875421529847
RIOK1,0.7037011493927893,1941,1554,7638,0.9907637156094091
RIOK2,0.6482747373637165,1329,1402,7638,0.5240061368888792
RMI1,0.22342279822713546,88,135,7637,1.1447974682570405
RNASEH2C,0.2797221518286785,79,95,7638,1.5198914510076502
RNF103,0.01515048418238228,26,25,7639,1.5776753107105748
RNF113A,0.20241823354945426,682,72,7637,1.734459118261684
RNF123,0.06401311235479944,29,37,7638,2.4833411852655827
RNF14,0.09502433981299517,32,66,7638,1.44240471917931
RNF168,-0.0196937207032018,9,24,7638,1.8943901535887522
RNF20,0.5736478955328572,940,649,7638,1.0340061387898425
RNF4,0.07659268361843861,91,49,7638,1.228004923940703
RNF40,0.5104614479345054,379,645,7638,0.6892832703296928
RNF8,0.004751208522613429,36,25,7638,1.910129868856746
RNGTT,0.26737566372196725,93,252,7638,0.8543096382853884
RNMT,0.47867335001303135,306,758,7637,0.7069876995926644
RNPC3,0.2080476293879266,154,134,7638,1.1722417444715523
RNPS1,0.3911834101622131,169,323,7638,0.9202444428746147
ROMO1,0.5517964666013443,397,494,7637,1.184402217077115
RPA1,0.17678405830160948,574,36,7637,2.671071747838765
RPA2,0.3691045082167773,1463,117,7638,4.445439063350127
RPA3,0.4143112833729721,1060,136,7638,2.178373641444515
RPAIN,0.08598128591219008,44,146,7637,0.7097486328385547
RPAP1,0.3579609874669814,577,258,7638,1.1476122317207158
RPAP2,0.6056949343860776,2287,566,7637,1.9831984414844155
RPAP3,0.17516831099492042,96,525,7638,0.3783987906581157
RPE,0.06791568479066425,28,30,7638,1.5131240524928238
RPF1,0.4137909018796037,434,331,7638,0.5639684906700682
RPF2,0.20334505908982206,233,118,7638,0.695485682097248
RPL10,0.7156848981449067,1926,988,7639,1.2187997679280602
RPL10A,0.7085162545688378,1614,1159,7639,0.7028051288996222
RPL11,0.5831989085264045,2311,500,7639,2.9610451684490218
RPL12,0.5340168673165455,1033,244,7639,2.196095328345842
RPL13,0.636917989049849,2251,484,7639,2.3883264010853735
RPL13A,0.17137340554774422,104,118,7639,1.3273620144407685
RPL14,0.6877060206633788,2693,877,7639,1.2596165042587613
RPL15,0.48360775047345683,1568,180,7639,3.773802902300776
RPL17,0.697022939973601,2586,800,7639,1.2043376812080715
RPL18,0.5606862847101352,2615,277,7639,5.05792621517746
RPL18A,0.3357240370211397,282,221,7639,0.8176805981012374
RPL19,0.7237815273899496,2666,1074,7639,1.6832969333418244
RPL21,0.6588359315101064,1937,689,7639,1.4806517305380893
RPL23,0.7800798032093147,3466,1391,7639,1.5741074346954045
RPL23A,0.5687917815940627,1819,506,7639,1.86868948630312
RPL24,0.8177408825388557,3088,2050,7639,0.8607795558606094
RPL26,0.6993523728389893,2175,1068,7639,1.0441530762017592
RPL26L1,0.14964680337224992,30,36,7639,1.307131594840837
RPL27,0.516215589485604,989,542,7639,0.734945437123749
RPL27A,0.7187998711880791,2557,985,7639,0.7617505055795678
RPL28,0.13793415693050337,97,121,7639,1.5273054318564505
RPL29,0.17554250167092758,51,184,7639,0.8543039494640239
RPL3,0.4647593821879505,412,452,7639,1.0724363837533708
RPL30,0.7160219540409338,2554,894,7639,1.8406990189021595
RPL31,0.7131920668736393,3218,871,7639,2.6134888470827704
RPL32,0.5949882808523149,1219,544,7639,1.566043703973986
RPL34,0.7251657207372156,2781,942,7639,1.9968938022614142
RPL35,0.30685545431142813,542,156,7639,2.047587830155168
RPL35A,0.31976067800203345,1105,90,7639,3.4109722280862322
RPL36,0.770086557416061,2674,1553,7639,1.02739149013516
RPL36A,0.18261916821129187,121,143,7639,0.8442972754677447
RPL36AL,0.1283834177107768,30,49,7639,1.2587813159659413
RPL37,0.6267988025841176,1151,835,7639,0.9434711445880124
RPL37A,0.6781410966150869,2499,707,7639,3.2130103480044125
RPL38,0.6693655414605422,2111,875,7639,1.3494475586241323
RPL39,0.22722860189541377,197,119,7639,1.9683824726763697
RPL4,0.6710516904520055,2634,664,7639,3.1375813258297196
RPL41,0.03683672647955782,30,42,7639,1.4095411499150488
RPL5,0.6070930797175673,1612,634,7639,1.4910312399467052
RPL6,0.6828505959995247,3192,753,7639,2.227947478778074
RPL7,0.6849534431011951,2615,823,7639,2.033107020188869
RPL7A,0.32734661152099265,289,216,7639,1.0758830957921477
RPL7L1,0.2384477873972138,184,263,7639,0.8467973371875247
RPL8,0.7368471609301481,2747,1125,7639,2.2192548090217485
RPL9,0.6111652384064825,2089,484,7639,2.5117269513542237
RPLP0,0.4393361838219472,1543,220,7639,2.535424918143738
RPLP1,0.31461571413601835,353,240,7639,0.93987139544007
RPLP2,0.5465396346184642,1035,588,7639,1.3043724534421355
RPN1,0.06040561961575224,24,84,7638,1.3580005748003297
RPN2,0.019191957832345983,29,48,7638,1.713092848984299
RPP14,0.3364902360743792,245,536,7638,0.7898382837686656
RPP21,0.06934622978210139,30,108,7638,0.9745477726602194
RPP30,0.5101038237072962,520,1066,7638,0.4499448204578859
RPP38,0.1343767940320874,92,146,7638,0.7573812243869178
RPP40,0.35833238527892974,431,402,7638,0.6466688807778254
RPS10,0.4792014790728282,808,682,7639,0.8473243786155915
RPS10-NUDT3,0.6355116396374204,1601,1098,7639,1.0143725101872347
RPS11,0.7352374178480497,2675,1359,7639,1.2164784865384395
RPS12,0.7843254717077662,3291,1672,7639,1.7024547179376883
RPS13,0.6513779283431376,2349,793,7639,0.9942822830858838
RPS14,0.4774162366165448,1361,309,7639,1.6921380424532442
RPS15,0.2513924359056572,266,178,7639,0.8032481005922986
RPS15A,0.6816943922152664,2709,818,7639,2.3985184203749075
RPS16,0.3877018863982788,742,286,7639,0.6391626153387843
RPS17,0.4183212974937485,1423,161,7639,2.7673008096885936
RPS18,0.6180199168393411,2040,798,7639,1.073282238856819
RPS19,0.8007331227836172,3649,1943,7639,1.1896296155376558
RPS19BP1,0.4077794148233936,451,640,7639,0.7358476996587051
RPS2,0.43764955426253466,396,678,7639,0.8456668772845801
RPS20,0.5173217838323257,1767,338,7639,2.126354498972998
RPS21,0.2816360531554936,234,244,7639,1.0278052874885046
RPS23,0.5086339632357714,1668,398,7639,2.116302330060464
RPS24,0.7518159939445812,2923,1442,7639,1.1432253762979723
RPS25,0.05465758575635098,42,40,7639,1.7056874217377402
RPS26,0.5071275611286116,1477,452,7639,1.1870346927676614
RPS27,0.5139118634082953,1537,418,7639,1.5126370532336242
RPS27A,0.5593167803853594,1653,563,7639,0.8638247041790171
RPS28,0.6396363488637683,2101,794,7639,1.9050659853373961
RPS29,0.37708784480696106,1606,122,7639,6.370154125385141
RPS3,0.725338364381851,3190,954,7639,3.1361259016289784
RPS3A,0.5146050327813919,1317,394,7639,2.0427041746815675
RPS4X,0.7458090170653356,3049,1344,7639,1.2555989089190824
RPS5,0.6129124735517478,1960,766,7639,0.8601343156936745
RPS6,0.7412242036886352,2764,1625,7639,0.8189552300591706
RPS7,0.636717169079779,3129,665,7639,3.529112055352498
RPS8,0.2735480836971395,471,139,7639,1.8538919253845008
RPS9,0.6606150881767464,2388,708,7639,2.527369420287635
RPSA,0.541205130918697,1443,440,7639,1.363895312553858
RPTOR,0.31875936253950843,145,340,7638,0.6857231230964393
RPUSD3,0.0952188913963748,43,71,7638,1.1527144999376318
RPUSD4,0.20571181209357486,79,131,7637,1.0269641559071583
RRM1,0.3071412907007348,668,94,7638,2.516755806314694
RRM2,0.26391458613987745,757,59,7638,5.519653760799238
RRN3,0.20870038046682826,423,54,7638,3.218587936842133
RRP1,0.34925660108658274,201,242,7638,0.7759020826471598
RRP12,0.6849167618134099,1778,1373,7637,0.5638315414038141
RRP15,0.08001215316545833,48,100,7638,0.7281876899081856
RRP7A,0.3477526435269458,293,634,7638,0.843812771874596
RRP9,0.31111850266732965,203,531,7638,0.7136684976977309
RRS1,0.4620576574533025,422,829,7638,0.5195867472385443
RSL1D1,0.2185348365835859,215,167,7638,1.9926650461001842
RSL24D1,0.501285533577798,960,370,7638,0.8589755382349985
RSRC2,0.15445732110681729,56,127,7637,1.1147652337544227
RTCB,0.3300564955279063,90,793,7638,0.29661854632518647
RTEL1,0.1962566822268687,58,138,7638,1.9198551498185579
RTF1,0.21800953996116465,621,52,7637,4.00363277211135
RTTN,0.06609212462574159,39,53,7638,1.4306971807935336
RUVBL1,0.5175689355362032,2448,279,7637,2.861061989683694
RUVBL2,0.0035578309143239123,91,26,7638,1.1991696176724806
SACM1L,0.06498740396154645,38,257,7638,0.41607654555856144
SAE1,0.5267435366381179,295,404,7637,0.6787294321898891
SAMM50,0.4885807460866758,424,546,7638,0.7950363756937003
SAP130,0.250146698716776,145,153,7638,1.8771438017410231
SAP18,0.31097810914197305,191,325,7638,0.9517735321457664
SAP30BP,0.10123720337928337,61,57,7637,2.3791839787503184
SARNP,0.08620864615608091,49,61,7637,1.5168910984886088
SARS,0.2433993279665084,248,185,7638,0.819943643001135
SARS2,0.33116451762970867,81,151,7638,1.1910522017322758
SART1,0.31519530923330696,1284,56,7638,5.967534154586171
SART3,0.45419978037784337,601,428,7637,1.2879524314383535
SASS6,0.07104732669951486,23,46,7637,1.3699191665632096
SBDS,0.010298055535336487,28,30,7637,2.491954355638716
SBNO1,0.2629337648288527,123,295,7638,1.1947772197475721
SCAF1,0.18798139934886168,348,65,7638,1.8739318322977692
SCAP,0.2750506326668136,55,176,7638,1.2886332515046977
SCD,0.04678726700403797,33,36,7638,0.679570308871373
SCFD1,0.1844629564244427,145,79,7638,0.8902105480888178
SCNM1,0.022475143878412967,36,17,7638,3.0614310515990133
SDAD1,0.5495103158849548,1067,978,7638,0.672216989430693
SDC1,0.32375022300266587,109,243,7639,0.8564750790016078
SDE2,0.25708220021109046,150,123,7638,1.2509487339671983
SDHA,0.09198996180374076,42,122,7637,1.2740108148638642
SDHAF2,0.04681225354457949,35,33,7637,1.7902291877720404
SDHC,0.26245416417430517,120,342,7638,0.9666643909332315
SDHD,0.020046537442354313,27,27,7639,2.0740850155070976
SEC13,0.1977903178793706,193,73,7638,0.5489046237567121
SEC16A,0.015338421196289228,32,26,7638,2.08535582881111
SEC61A1,0.21338744500517334,451,80,7638,2.6039762646811937
SEC61B,0.19239768454333842,52,173,7637,1.3957631767867535
SEC61G,0.36716685851235753,520,225,7638,0.8592614846756995
SEC62,0.020805997361879203,25,31,7638,1.1295946267615198
SEC63,0.04674685705576734,55,77,7638,1.2887952595010497
SEH1L,0.21754850326330333,155,163,7638,1.3248362233178845
SEM1,0.468441060102178,746,349,7638,0.49471367120399207
SENP6,0.06340251529766167,23,44,7638,1.3232635661686558
SEPHS2,0.07413910023130728,21,43,7638,0.9480636677661615
SEPSECS,0.016051446965952596,28,44,7637,2.4922964569306063
SERBP1,0.3018380866855953,82,373,7638,1.1384400104229067
SET,0.03851759250013544,48,21,7638,1.9860609819326505
SETD1A,0.3933678745648479,352,172,7638,1.952861409374774
SETD2,0.23937764050594723,40,135,7639,1.708263155534324
SETDB1,0.5248029315071515,188,487,7638,1.0137723081745575
SF1,0.12580822429251168,82,223,7638,1.1819707502362642
SF3A1,0.025638234268002467,60,36,7638,1.5754042128177927
SF3A2,0.4619187847886787,1664,148,7637,6.9377345584103125
SF3A3,0.05730441820772775,52,18,7638,0.9541920061761644
SF3B1,0.05531471433097362,161,27,7638,0.9022304889088113
SF3B2,0.20161239580561563,1238,42,7638,6.835167200417335
SF3B3,0.17103622782845676,970,41,7637,5.858678737088429
SF3B4,0.0889689986755868,952,30,7638,3.927889335715692
SF3B5,0.03884774350055973,479,41,7638,2.1903923024817873
SFPQ,0.5086803791844436,1588,193,7638,3.728909873375377
SFSWAP,0.4197677791844262,386,540,7638,0.7355934610271784
SGPP1,0.02277850358710412,23,31,7639,1.6832703059306695
SHQ1,0.0028687161121204205,32,17,7638,2.608039398819372
SIGLEC14,0.22151324186487414,55,89,7639,1.545722470317668
SIN3A,0.4818625792177574,203,358,7638,0.9719194147887625
SKA1,0.04619229879664992,40,76,7638,1.0980820432164144
SKA3,0.18440989176857625,71,109,7638,0.8573494518408123
SKP1,0.20025927839719163,266,94,7638,1.7512021336309518
SKP2,0.24082150074774009,111,131,7637,1.3172720185567393
SLBP,0.6808024105560665,614,579,7637,0.8512293378647224
SLC16A5,0.23310692041858888,103,92,7639,1.8634256420953317
SLC1A5,-0.015026116354079327,24,196,7638,0.6853509239664961
SLC25A10,0.4202075311536696,241,533,7638,0.8409897761539584
SLC25A26,-0.0056444074900183884,25,25,7638,1.7760756332599914
SLC25A3,0.04990883713823025,26,46,7638,1.1384690499450063
SLC35B1,0.07946143526416957,31,54,7638,1.2314482072809396
SLC35G6,0.18389768722269845,25,35,7638,2.2008717299559253
SLC39A10,0.3006887181694409,51,100,7638,1.0763578042151776
SLC39A7,0.22067832077875096,97,163,7637,1.2963943486114637
SLC39A9,0.6264808791845845,642,744,7637,0.8231153567462801
SLC4A5,0.03108695186140585,36,35,7639,1.679155365576557
SLC7A5,0.4085365384645492,282,291,7638,1.5573367574786345
SLC7A6OS,0.08625396272058308,64,44,7637,1.6637250435470259
SLC9B1,0.009348155719816337,20,29,7639,2.0767340342574285
SLU7,0.12842794901949559,1963,25,7637,4.26108811858513
SMAGP,0.1597062535704558,42,62,7638,1.6034152625977327
SMARCB1,0.2959014022317614,89,198,7638,1.27044299026967
SMARCE1,0.25612003361122077,84,140,7638,0.951402376145345
SMC1A,0.6603803833446814,1551,950,7638,0.7212751264732772
SMC2,0.11129994793691801,314,48,7638,0.382147816393123
SMC3,0.43680854651871903,538,283,7638,0.794307376594765
SMC4,0.14385551190550752,257,35,7637,1.2660605413388968
SMC5,0.057423543773577945,36,57,7638,1.5235291531060746
SMC6,0.2136028169118744,75,118,7638,0.6063931142534446
SMG1,-0.006456880282390861,18,42,7638,1.647586104597348
SMG5,0.6367507909816669,567,809,7638,1.0541196819465286
SMG6,0.029348734062621833,46,28,7638,3.292361723514653
SMN2,0.6229395928185815,2964,573,7639,3.018224048976321
SMNDC1,0.10381573014359252,48,56,7638,1.412239539963855
SMU1,0.0434929452571621,1284,50,7638,3.1507018418982145
SMUG1,0.17958002706759302,85,78,7638,1.2285123333153822
SNAPC1,0.37519025868111805,745,193,7639,2.7490619464284425
SNAPC2,0.21561913892138215,96,97,7638,1.3246750272563312
SNAPC3,0.43280853647703815,228,267,7638,1.5385704941722784
SNAPC4,0.19495147266411453,51,164,7638,1.4752437229344435
SNAPC5,0.20449115303420898,87,105,7638,2.006294760650711
SNF8,0.05877855118648907,31,41,7638,1.6012569835570156
SNIP1,0.1563695722276928,128,57,7638,1.4400312236559094
SNRNP200,0.19830311774630427,992,40,7638,5.7401032663657325
SNRNP25,0.31524119278857565,137,174,7637,1.1077346810215158
SNRNP27,0.34590832078932643,240,477,7637,0.6068624219439281
SNRNP35,0.17944307914495314,361,43,7638,1.6995935660846142
SNRNP40,0.21004223342030603,69,160,7637,1.2680204070957914
SNRNP48,0.3319418907478663,684,95,7638,1.5273032691017618
SNRNP70,0.4340826363601663,1454,191,7638,2.634631034323331
SNRPA1,0.1476207080170483,807,39,7638,3.7107959518927767
SNRPB,0.16886590386307854,493,33,7638,2.0197481912693176
SNRPC,0.3111230653809921,303,207,7638,1.326117113140974
SNRPD1,0.27852798543205326,1623,83,7638,3.7596435697566726
SNRPD2,0.20437165718390365,454,65,7638,2.2218019729547773
SNRPD3,0.38379806115972925,1711,157,7637,2.6224176888261743
SNRPE,0.25961657992139053,1495,51,7638,4.339232000896842
SNRPF,0.19333375428858235,1451,50,7638,4.399632380780803
SNRPG,0.5122775362888817,2205,180,7638,5.009007547761332
SNUPN,-0.008743675716588625,33,59,7638,2.1178897151277543
SNW1,0.08098999515805032,97,32,7638,2.083306973996014
SNX15,0.047881745616715765,216,37,7638,2.167238811715742
SOD1,0.19664449269400286,50,253,7638,0.9697998298274186
SOD2,0.056531719471225185,38,125,7637,1.0538410683958603
SON,0.5262479557304222,1911,181,7637,5.714959239252252
SP2,0.2885893830806047,70,203,7638,1.0226259326156046
SPATA5,0.054997703151476625,24,130,7638,1.1574356792191538
SPATA5L1,0.18312581297215472,81,477,7638,0.3502576098539949
SPC24,0.23215880851174567,905,106,7638,1.2230991302227334
SPC25,0.37996094671936037,1682,174,7638,1.5294659746024257
SPCS2,0.22732493917332602,76,237,7637,0.8147105702069631
SPCS3,0.26856311092156326,92,209,7638,0.8685303136446603
SPDL1,0.08249888734677498,33,33,7638,0.6420209788641935
SPDYE2,0.06039646845831819,24,36,7639,1.5187289555370764
SPRTN,-0.008716665639756501,33,29,7637,2.011219579626515
SPTLC1,0.07796613339121174,22,31,7638,1.486804706643272
SPTSSA,-0.04050901757408992,30,42,7637,1.7014140706919585
SRBD1,0.09483859134336417,226,125,7638,0.4251291216858023
SRCAP,0.26223230808099374,72,99,7638,1.4185676178521514
SRF,0.1787849821102339,38,66,7638,2.4767509198460003
SRFBP1,0.36619438215667977,318,380,7638,0.9535405144311826
SRP14,0.274027386860767,55,209,7639,1.1770139279858667
SRP19,0.18521256071781614,67,346,7638,0.6077619744003099
SRP54,0.07928803309772571,123,26,7638,2.522229656235381
SRP68,0.5036190053363263,615,830,7638,0.3788318648627776
SRP72,0.28853785588827974,130,833,7638,0.2612918853717821
SRP9,0.3106999883539844,91,639,7638,0.580067234053034
SRPRB,0.33453644577741726,172,702,7638,0.5196904925260594
SRRM1,0.6075623985830761,491,765,7638,0.9829262297042707
SRRM2,0.53845869377673,248,453,7638,1.0066989635840042
SRRT,0.6969009120939442,2055,528,7638,2.284557414325126
SRSF1,0.5920023917013354,1604,697,7638,1.548431159565405
SRSF10,0.4428720919401109,216,386,7638,1.163068706311697
SRSF11,0.2109404746362305,65,131,7637,1.2109908863657661
SRSF2,0.31460717989995196,181,195,7637,1.5432796973354603
SRSF3,0.07731704905222592,234,41,7638,2.097046545784308
SRSF6,0.0931217823747256,62,68,7638,1.7842719496655073
SRSF7,0.5366597835028722,568,499,7637,0.8169793044001709
SS18L2,0.23988781050774585,115,174,7638,1.7254125569005834
SSBP1,0.38190107585376426,192,272,7638,1.329622013336112
SSBP3,0.06321084987058197,31,54,7638,1.8246133883429103
SSRP1,0.6649802008957628,2038,722,7638,1.8735927632798837
SSU72,0.31733579974470555,206,218,7638,1.5076721928951269
SSX4,0.02046602031125003,21,18,7639,1.8700790069385411
STARD7,0.09843905723310509,70,69,7638,1.925526048137271
STAT5A,0.24426377666106008,74,98,7637,1.604535173870409
STIL,0.2305459460739595,77,100,7638,1.2597484759495001
STRAP,0.40704315835326255,158,552,7638,0.8400500204263285
STRIP1,0.18055102324250924,41,172,7638,0.8824398819439432
STX18,0.1879156414432773,80,186,7638,0.6756722853232142
STX5,-0.04304690045914285,18,127,7638,0.8456197063268254
SUGP1,0.5334747699128052,335,839,7637,0.6628566085334489
SUGT1,0.38011152960523864,157,379,7638,0.3878036696637294
SUMO2,0.3611004420778317,87,264,7638,1.2116586366476678
SUPT16H,0.45765285377366327,1113,332,7638,2.738292173282809
SUPT4H1,0.2976169575056104,202,226,7638,1.5853379659444369
SUPT5H,0.5990016180766659,2294,444,7638,2.926969818420942
SUPT6H,0.7288491490820258,2351,849,7637,1.48545746178704
SUPV3L1,0.2917754396845212,136,188,7638,1.4905807057548155
SURF6,0.31172548793303567,223,498,7638,0.7269402636068204
SYF2,0.35901077109020024,346,187,7638,1.7067040352977008
SYMPK,0.2339241690702249,676,96,7638,3.4520574791157776
SYS1,0.1328042135426974,39,97,7638,1.725253653648214
TACC3,0.048107156622644476,55,26,7637,1.7588703634093845
TADA2A,0.036583394247980974,35,48,7637,2.0378117954744646
TADA3,0.5076842937047651,242,775,7637,0.8011554668289209
TAF1,0.44634874662362906,702,337,7638,1.4307248802980672
TAF10,0.3688411705671707,389,396,7638,1.1484312061840798
TAF12,0.4626393095056488,633,399,7638,1.0282443699443298
TAF1B,0.18883321729248975,70,179,7638,0.8027649283781797
TAF1C,0.4286396239055038,174,919,7639,0.3972208678780121
TAF1D,0.43065013503670246,267,666,7637,0.5999015462004232
TAF2,0.568910142030648,816,790,7638,0.9054023841672958
TAF5,0.2528677015959825,220,164,7638,1.0534156154823278
TAF6,0.46260284901177723,457,516,7638,1.0610426312112589
TAF7,0.42877664040905716,451,197,7638,1.617627881819126
TAF8,0.47109295302240706,506,463,7637,0.7873334933305197
TAMM41,0.054099456249504546,22,285,7638,0.5241915941384746
TANGO6,0.40841279619001797,458,639,7639,0.528691654271496
TARDBP,0.3872928039054129,98,351,7638,0.8248262825514887
TARS,0.5808311154405832,545,746,7638,0.9321672415665753
TARS2,0.20635027420930852,72,369,7638,1.0224920757953706
TBC1D28,-0.003083670453068605,22,23,7639,2.384062429676571
TBC1D3,0.00016424434153422033,20,19,7639,2.150847450680976
TBCA,0.018178883677251803,26,69,7639,1.1351246253714522
TBCB,0.2866113676206063,219,289,7637,1.334095054780463
TBCC,0.023842675252919162,30,28,7638,1.8419883554783056
TBCD,0.03611337149823786,42,51,7638,1.047033172945341
TBCE,0.059997143691385826,34,79,7638,0.554561558236662
TBL3,0.44137497086690497,373,822,7638,0.5650214922947023
TBP,0.3010177857286664,170,342,7637,1.1832877877376131
TCERG1,0.4084501118714779,248,595,7638,0.5729978288048007
TCOF1,0.3320994250384748,141,434,7638,0.7503891390841981
TCP1,0.3307941923610751,508,151,7638,0.9734325959078206
TDGF1,0.001990676933932333,17,11,7639,1.7862685131308573
TEAD3,0.03356040376473107,33,31,7639,2.3316765986215797
TEFM,0.46481244649974396,197,428,7638,0.8531079643252824
TELO2,0.44243600853919607,347,666,7638,0.4621246938769459
TEN1,0.14012174102093228,30,53,7637,1.519270002734076
TERF1,0.010515034623424034,22,40,7638,2.1911402513278584
TERF2,0.24750504010264168,242,86,7638,1.3284669062351238
TEX10,0.5129390078625135,574,935,7638,0.5393587303260566
TFAM,0.2348522686808656,49,172,7638,0.8337235205917897
TFB2M,0.014349184997872156,28,38,7637,2.2448716330491174
TFDP1,0.6469195624070563,314,748,7638,0.7668341904215022
TFIP11,0.08830022192407055,100,55,7638,2.2556812146500036
TFRC,0.1151809758084011,68,119,7638,1.8656298178764834
TGS1,0.05265507173032201,32,38,7637,1.4214025973639965
THAP1,0.3202808362430813,313,139,7638,2.0583776805999485
THAP11,0.4287346596586864,96,164,7637,1.3374881643757832
THG1L,0.28708280196542263,180,182,7638,1.067507978079522
THOC1,0.2136915291150448,163,120,7638,1.4044488916915574
THOC2,0.21943626754571885,1812,70,7638,3.2277264567214146
THOC3,0.5909944830660137,455,931,7638,0.7272874740351587
THOC5,0.053070040042515414,291,28,7638,1.4854956489498086
THOC6,0.22731133669901507,83,158,7635,1.5182054541826608
THOC7,0.33108530057895447,511,264,7637,1.6183811703852655
TICRR,0.4567841209387153,851,207,7638,2.3001622716198433
TIGD1,0.026387336005871016,31,26,7638,1.7667753136565634
TIMELESS,0.2568816029133286,109,172,7638,1.25191918767854
TIMM10,0.03044519846981727,17,23,7638,1.9312700501364386
TIMM13,0.4641361714054984,266,373,7638,1.0942444673065452
TIMM22,0.06898285235934792,44,40,7638,1.0750174474262488
TIMM23B,0.7934333417706412,2584,1204,7639,1.0339287554156844
TIMM44,0.4172465639917089,198,328,7638,0.9731976258928956
TIMM8A,0.11044356029263713,32,52,7638,1.6156069129240425
TIMM9,0.21525534880734432,91,235,7637,0.8262867792670717
TINF2,0.12441644793445963,73,78,7638,1.3009582345462931
TIPIN,0.250620986989401,58,190,7637,0.8503194357583732
TKT,0.012883176676726095,21,37,7638,1.8529429043811059
TLCD1,0.08763278380218861,23,29,7638,1.5147977033693087
TLN1,-0.004313817778002487,18,24,7637,2.4709085856780146
TM7SF2,-0.01771741126641866,18,27,7638,2.4715086445922503
TMA16,0.32255892270268965,130,534,7638,0.5769290917317498
TMED2,0.22053087056075837,93,177,7638,1.3343554900873034
TMEM127,0.03546149500729138,33,29,7638,2.3288468768127664
TMEM199,0.0472313267969375,24,28,7637,1.6960189795036449
TMEM240,0.11109128357082494,24,34,7639,1.7739228112005299
TMEM258,0.1524065120580043,60,121,7637,0.9115807943881379
TMSB10,0.4915518753691549,116,217,7638,1.173497898368546
TMX2,0.40773152933302265,411,363,7637,0.9385726339787822
TNNT2,-0.013840057213521117,29,47,7639,1.0771474394042866
TNPO3,0.4488276000628873,230,699,7638,0.9344800513460887
TOE1,0.29703706786571343,88,326,7637,0.9339382940203881
TOMM20,0.10046707889467452,58,172,7638,0.9276045844157379
TOMM22,0.3676046133952352,192,546,7638,0.45376336689358987
TOMM40,0.21394684318168625,92,166,7638,1.2031687767262342
TONSL,0.22562026987611677,98,152,7638,0.7727047045837026
TOP1,0.44981933572808297,292,715,7638,0.6707416998594453
TOP2A,0.03099345053711512,48,19,7638,0.665978864410596
TOP3A,0.0372976088526102,25,61,7638,1.3209314039479116
TOPBP1,0.08145448814759577,72,94,7638,1.5161558192636964
TOR2A,-0.005466533039887322,25,26,7638,2.6035523447305366
TP53RK,0.14596597557752541,30,358,7638,0.8744808914231625
TPI1,0.0799448268826159,35,66,7639,1.5007406269294579
TPR,0.5541411033746432,488,545,7637,0.9020068095811969
TPRKB,0.05228398569878899,50,66,7638,0.800242632033725
TPT1,0.13626347183379608,55,63,7639,1.8169751873961035
TPX2,0.5034526460223655,612,270,7638,0.9093993105572428
TRA2B,0.5754601842980042,490,604,7638,1.3257766558010458
TRAIP,0.05600173908974873,26,40,7638,1.7704316858158795
TRAPPC1,0.04260680345712423,15,20,7638,1.6523787768722693
TRAPPC11,0.21564366290698164,111,361,7637,0.34585339944724897
TRAPPC3,0.0546517841052162,30,53,7637,1.286676175055889
TRAPPC4,0.005352848804973145,34,24,7638,1.8736116295625915
TRAPPC5,0.1172912567196096,68,96,7638,0.5602922995576071
TRAPPC8,0.053050219433278416,59,35,7638,1.8184612573159742
TREML2,-0.00027137365545376585,20,25,7639,2.2878907144722147
TRIAP1,0.10424840894007334,30,99,7637,1.6152208391245517
TRIM49C,-0.004334638176286976,12,24,7639,1.9043669525937463
TRMT10C,0.19903678777710113,109,205,7638,1.2585311070460115
TRMT112,0.5696842592827929,840,962,7637,0.6397174028251915
TRMT5,0.31210070160535935,258,198,7637,1.1953702747023507
TRMT6,0.029509834805052333,32,58,7637,1.36153644357114
TRNP1,0.12508737355906582,25,30,7639,2.110204210442317
TRNT1,0.22799384774428125,60,525,7638,0.5465967782551593
TRPM7,0.17616126021324557,235,100,7638,0.5104542038210831
TRRAP,0.7912555381645496,2544,1544,7638,1.389872461986946
TSEN2,0.4523920381573456,197,625,7638,0.6156286191148694
TSEN34,-0.016416252503151398,21,28,7637,1.651147955096312
TSEN54,0.0665225684290086,31,59,7638,1.7968364874278948
TSFM,0.027005025893794898,39,83,7638,1.0789400141919978
TSG101,0.5334060236959552,666,132,7638,2.361901436709813
TSPYL5,0.134833336839471,47,96,7638,1.7297258303141718
TSR1,0.22825622499764814,200,138,7638,1.4303422386307991
TSR2,0.8414755738661889,4098,2479,7638,1.1609438944717332
TSSK3,0.038397209246715795,21,45,7639,1.4195747991503527
TTC1,0.1571875368924389,53,294,7638,0.4398704600806316
TTC27,0.431606472167718,412,815,7638,0.46663319318771956
TTC4,0.2052431563934524,52,697,7638,0.39259067350891236
TTF2,-0.003644621963364,32,49,7638,0.5912090318593103
TTI1,0.6316876914976026,852,1433,7637,0.626981794179331
TTI2,0.11913448063351022,83,128,7638,1.3032130878106043
TTK,0.3385350759101134,1111,148,7638,1.4634078440666554
TUBA1B,0.1704497050470389,88,88,7638,1.3641400733797022
TUBA1C,-0.04001281932981915,15,24,7637,1.8116574179238005
TUBA3D,0.018759461540527645,17,24,7639,2.0203119101559213
TUBB,0.11086778545206445,122,52,7637,1.4162750354187155
TUBD1,0.005271375981860007,19,29,7638,1.638544542030432
TUBE1,0.006648465477741067,18,34,7637,1.4578727355543348
TUBG1,0.024729912112987817,25,31,7637,1.4246566156256038
TUBGCP2,0.11762738259489297,220,26,7638,1.197571781615805
TUBGCP3,-0.010279936234758931,31,64,7638,0.4941659398740475
TUBGCP4,0.05378246070019574,50,49,7638,1.3392010930199103
TUBGCP5,0.007525181654512753,38,40,7638,0.7232852252219856
TUBGCP6,0.04012969102830106,21,23,7639,1.9696606888227026
TULP1,0.04205776841139385,14,33,7639,1.3338597794015992
TUT1,0.01769827061603745,63,31,7638,2.7076766436278694
TVP23C,0.017260036609594135,25,20,7639,1.6848333832014581
TWF1,-0.011224915860670944,20,25,7638,1.422665780502438
TWISTNB,0.7208103492155026,2130,1020,7638,0.9403668420791579
TXN,0.4072771218814984,460,235,7639,1.2724915122982359
TXNL4A,0.3275567092837807,115,211,7637,1.1094161672860696
TXNL4B,0.057857872166583627,26,58,7637,1.3978971205701438
U2AF1,0.09829319773474665,1907,37,7639,4.225919338064178
U2AF2,0.36207093140898683,202,266,7638,1.3643163594434813
U2SURP,0.6600339037528845,1808,639,7638,1.338016987430998
UBA1,0.3330820557258764,2856,103,7638,9.923729626821855
UBA2,0.6020095766287844,343,475,7638,0.7879586479793659
UBA3,0.44282589759321805,196,518,7637,0.547141328343103
UBA5,0.12343674709097015,46,161,7638,1.2145933016402268
UBA52,0.16198005363386062,122,79,7638,2.4741838663756948
UBAP1,0.35614104077163017,305,98,7638,2.492387271439237
UBC,0.0635091777486757,41,44,7638,1.4617667402657344
UBE2D3,0.14324034528854918,46,152,7637,1.5033942303219012
UBE2H,0.08697839995819227,45,56,7638,1.6090383585449424
UBE2I,0.41692871351034455,170,240,7638,0.9912281683511606
UBE2L3,0.15757808472052748,49,147,7638,1.4138759184897114
UBE2M,0.036136980120571184,20,93,7637,1.481919738328021
UBE2N,0.30672416195482294,37,110,7638,1.117105996309119
UBE2Z,0.0121303347766313,12,19,7638,1.5423049197316379
UBL5,0.3719941342063093,1505,90,7637,3.87761347591623
UBQLN4,0.3500381048570748,174,177,7637,1.7200355605524018
UBR4,0.03233642383243842,34,32,7638,1.4680674229278698
UBR5,0.1688098076244454,26,73,7638,1.287888197723163
UBTF,0.2223843756544296,31,48,7638,1.8529263906237554
UFL1,0.30930867883857716,105,455,7638,0.9855458369106107
UFM1,0.26313844433139694,94,315,7638,0.8805885177916711
UNC45A,0.1554577820693192,38,27,7638,1.7157088434414143
UNC50,0.15418536327269994,31,68,7637,0.9789281432919089
UPF1,0.7107636370065262,716,970,7638,1.2676752686424189
UPF2,0.7205456788130372,651,1152,7638,0.9301244414982064
UPF3A,0.06583324900305909,41,35,7638,1.830985191080371
UQCC2,0.25914426801749735,128,139,7638,1.251550455103379
UQCRB,0.11909897781898182,53,239,7638,1.092595060006653
UQCRC1,0.07143525494287663,34,45,7638,1.8509927580621557
UQCRC2,0.15014594035669263,53,162,7638,1.1425649809559661
UQCRFS1,0.2527014578970593,205,446,7638,0.6993240163236044
UQCRH,0.04682343392461975,28,30,7637,2.4077522059990404
UQCRQ,0.15597240155991196,121,306,7638,0.6432237950594077
URB1,0.03742220002402001,21,74,7638,2.1852700867550445
URB2,0.31980564587320404,229,601,7637,0.5681744180108169
URI1,0.12600846808665214,69,68,7638,1.3477791341630345
URM1,0.0928377208099684,33,61,7638,1.4467652279501497
UROD,0.041658653027465575,23,46,7637,1.4695110344722488
USF2,0.16177483239447774,22,28,7638,1.7424268976856854
USP10,0.03379379222891911,16,40,7638,2.3021449572965653
USP19,0.04895386146103967,21,26,7638,2.431769347625638
USP36,0.10481736411209079,44,170,7638,0.919636713023058
USP37,0.25405376139982844,99,179,7637,0.795748362459588
USP39,0.19537607748387906,1467,42,7637,5.470389362529854
USP5,0.2318752506015057,109,81,7637,1.6007078996656368
USP7,0.11203040255452158,35,70,7638,1.4867493992578686
USP8,0.03315357260882167,23,43,7638,1.2209058552959642
USP9X,0.04193868307510227,16,31,7638,1.7866478510773245
USPL1,0.2927971685262992,132,190,7638,0.9029120595570878
UTP15,0.5848250034836897,1536,434,7638,1.797617707931714
UTP18,0.24665588611593572,170,243,7637,1.3184885556937687
UTP20,0.5546104018509733,838,1076,7638,0.7898143721497408
UTP23,0.5569273319372745,746,1116,7637,0.6376220275378663
UTP3,0.25002737556862253,249,197,7638,0.7934940828678299
UTP6,0.4538219219470772,666,638,7638,0.7630180506374319
UXS1,0.172236589873965,32,68,7638,1.4079485831675618
UXT,0.4297050779066211,641,695,7638,0.6881016706854859
VARS,0.586905002312403,1210,569,7638,1.2380094651562854
VARS2,0.1642799840197279,64,286,7638,0.8644216262340534
VBP1,0.023512380546614874,32,36,7638,1.7371854163279998
VCP,0.06008405581329778,60,37,7638,1.1794385023420015
VEZT,0.19367588653208867,36,56,7637,1.6944536553712566
VHL,0.03056832679814503,34,27,7638,1.9937241385853737
VMP1,0.2699937106885994,88,189,7637,0.8299229721434671
VPS13D,0.08420426514237977,39,165,7638,1.1911097994806237
VPS18,0.09352609100305921,25,67,7639,1.5260909554266848
VPS25,0.006735150870664051,17,22,7638,1.7637551851948794
VPS28,0.5539305641292848,674,202,7638,1.8234608950520357
VPS29,0.46435467619434223,259,332,7638,0.8183437138683093
VPS33A,0.006932643859022134,50,45,7638,1.4406378254251986
VPS35,0.26294399670108576,138,125,7637,0.9571119575644419
VPS37A,0.0674142705520596,23,85,7637,2.740349292805537
VPS37C,0.03430003678377165,17,29,7639,1.5139844374221127
VPS41,0.2433859424943955,71,115,7638,1.4281929532107762
VPS51,0.015275130725607097,39,132,7638,0.746366823872757
VPS54,0.31122309769134565,205,76,7638,0.9207053345900647
VPS72,0.5866771857781672,450,1229,7637,0.5969276076581581
WAC,0.253481941395993,89,158,7638,1.4218733570473168
WARS,0.009216670262729801,15,29,7638,2.0100352095266842
WBP1,-0.00033322218866575044,8,29,7637,1.840475980817289
WBP11,0.5296676916284441,1170,293,7638,3.6071131535731538
WBP1L,-0.015908810559146988,21,33,7638,2.305978060157033
WDHD1,0.3790113335879154,122,295,7637,0.9929054322521794
WDR1,0.08175466663709705,27,66,7638,1.3779435450128255
WDR12,0.5829937834323429,916,1248,7637,0.25956819487737226
WDR18,0.3343365318116697,67,78,7638,1.1718005898230885
WDR24,0.17713218482226448,204,51,7639,2.2743128613904418
WDR25,0.07938938266174042,31,24,7638,2.2354211412776235
WDR26,0.3939604805674265,88,258,7638,0.9123329947661779
WDR3,0.7360126758571848,2121,1916,7637,0.6678177306772937
WDR33,0.11009971332907585,373,31,7638,2.0094654436916213
WDR36,0.6954613062570406,1821,1344,7638,0.7881524071887351
WDR4,0.1625609435407213,58,62,7637,1.8527442544388042
WDR43,0.44598145554742563,618,293,7638,2.1789456851357336
WDR46,0.3026329332768664,246,347,7637,1.188322060338754
WDR5,0.5678738449845535,575,712,7638,0.8583211797810611
WDR54,-0.052904551911336105,26,15,7638,2.234306372625148
WDR55,0.13862043659157497,63,126,7638,0.9767486933722946
WDR61,0.457801598465839,334,531,7638,1.0023741635238896
WDR7,0.1710025873766258,76,346,7638,0.42162862260441214
WDR70,0.2115308954406274,142,99,7638,1.0261266783186116
WDR74,0.150145645706461,100,86,7638,1.5386686043463593
WDR75,0.5819418717890877,1472,444,7638,1.5194299610122004
WDR77,0.19410617908943736,56,254,7637,0.5896390847508834
WDR82,0.6747145963318923,924,952,7638,1.197775339795419
WDR83OS,0.02824765199642636,40,36,7636,1.8659214711350285
WDR92,0.0254771590412129,28,63,7637,1.3714262619678128
WDTC1,0.6244869901468947,481,547,7638,1.324156237905618
WEE1,0.14581767671946874,53,41,7638,1.8335631626654345
WNK1,0.29647663714148287,84,182,7638,1.3180460916706955
WTAP,0.2526812340377718,67,69,7638,1.072368922354273
XAB2,0.12796882777696478,451,32,7637,3.804087395724244
XPO1,0.6481258392497878,1402,513,7638,1.6811620722561134
XPO5,0.3348531261829816,102,432,7638,0.707625864149324
XRCC1,0.11260562387788367,33,71,7638,1.4932468595341286
XRCC2,0.05961390962068056,29,39,7638,1.8721840550136426
XRCC3,0.20163143215565538,93,68,7638,1.3915616243028628
XRCC5,0.42426502480550016,361,421,7638,0.6772178400954704
XRCC6,0.20185366027076876,184,325,7637,0.7773088543898907
XRN1,0.1783183987684952,97,131,7638,1.475583247447157
XRN2,0.30695053937178274,132,397,7638,0.6506554215980451
YARS,0.10573055335722156,68,77,7637,1.528100424131224
YARS2,0.20922729584732022,83,322,7638,0.713813325591076
YBX1,0.10830873102120815,44,41,7638,1.413015794437253
YEATS2,0.4198495289295726,198,624,7638,0.5828812084039349
YEATS4,0.7133842963127993,716,1218,7638,1.0543752730703215
YJEFN3,0.01790329167515243,25,24,7639,1.1209056193250502
YKT6,0.0723363491183111,72,51,7638,1.3206555536481008
YPEL1,0.006426759279161133,20,25,7639,2.614171754266729
YPEL5,0.13608428444773263,64,90,7638,1.8941815499103112
YRDC,0.09582155751359887,32,38,7637,1.895460250970517
YTHDC1,0.2797374221840744,544,78,7638,1.7691421116998953
YY1,0.2025329303537317,49,62,7638,1.6507077665930374
ZBTB11,0.1523056453993487,56,71,7638,1.5679314164305425
ZBTB17,0.5278716976855845,241,351,7638,1.2196932738055049
ZC3H18,0.28610182044023424,113,125,7638,1.8618982379251705
ZC3H8,0.1839239166629585,39,151,7638,0.4840283000859466
ZCCHC9,0.38602388861284226,293,691,7638,0.7225375402961054
ZCRB1,0.453649244150975,199,589,7638,0.8137521105514557
ZFC3H1,0.7145859590552972,346,411,7638,1.1759863491991016
ZFP69B,0.009315667084139747,29,30,7639,2.4525466956241893
ZMAT2,0.512204385812353,1654,267,7638,4.244511390351819
ZMAT5,0.30931746308563873,200,216,7637,0.8583769138318644
ZNF100,0.13250883289890739,42,45,7638,1.532963523688048
ZNF131,0.14849364657028274,64,52,7638,2.104289641137448
ZNF133,-0.005201001192575035,26,26,7639,1.98051236506953
ZNF207,0.2812592561978118,207,130,7637,1.7179957433054949
ZNF236,0.4328038222323586,477,412,7639,0.9631938887923989
ZNF24,-0.012391406259118234,22,29,7638,2.380405571488264
ZNF253,0.03789217408232417,25,48,7639,1.245195438171653
ZNF284,0.05086877155108364,19,19,7639,1.4463866645002157
ZNF317,0.22878226300522247,42,81,7638,1.5740450566455082
ZNF335,0.29818868633274814,121,105,7639,1.74090807484205
ZNF407,0.020349554350859608,25,27,7639,1.9376605334595918
ZNF468,0.007806255218248291,19,31,7638,1.5004008447196688
ZNF492,0.02896133845830552,25,24,7639,1.8093040914367273
ZNF506,0.04287680836440689,27,21,7639,1.7794077812338018
ZNF559,0.27415469144731297,67,114,7639,1.2885466410939155
ZNF574,0.13300437872996898,82,113,7638,1.6317319001126798
ZNF658,0.03510569087182776,28,20,7639,2.226114866118209
ZNF674,0.010001679846568155,20,42,7639,2.409312313577961
ZNF676,0.052973791243599654,24,30,7639,1.6028935871393264
ZNF687,0.31269573243105275,83,146,7639,1.1777978838484473
ZNF718,0.04229255356973625,38,39,7639,2.0674800287297987
ZNF720,0.012069232304693709,18,20,7638,2.508432986735434
ZNF763,0.22931603026513958,24,34,7639,1.6674166918621052
ZNF830,0.10912869194226618,131,46,7638,0.7116164571060332
ZNHIT2,0.11348136233877883,34,41,7638,1.4353755488017292
ZNHIT3,0.00349491292977768,15,154,7639,0.8928784164424032
ZNHIT6,0.4127862932105921,282,906,7638,0.37473607819260785
ZNRD1,0.44767753694148976,412,620,7638,0.5984455066383532
ZRANB2,0.11744113144642046,21,75,7638,1.6812584176664709
ZRSR2,0.17568355137440142,76,106,7639,1.0814194712114622
ZW10,0.18279850663861755,51,200,7638,0.6867023385758324
ZWINT,0.04186324788575006,52,46,7638,0.5551215257960697
