[{"stream_name":"stderr","time":6.646030931,"data":"0.00s - Debugger warning: It seems that frozen modules are being used, which may\n"}
,{"stream_name":"stderr","time":6.646110752,"data":"0.00s - make the debugger miss breakpoints. Please pass -Xfrozen_modules=off\n"}
,{"stream_name":"stderr","time":6.646132725,"data":"0.00s - to python to disable frozen modules.\n"}
,{"stream_name":"stderr","time":6.646137266,"data":"0.00s - Note: Debugging will proceed. Set PYDEVD_DISABLE_FILE_VALIDATION=1 to disable this validation.\n"}
,{"stream_name":"stderr","time":7.233126716,"data":"0.00s - Debugger warning: It seems that frozen modules are being used, which may\n"}
,{"stream_name":"stderr","time":7.23316106,"data":"0.00s - make the debugger miss breakpoints. Please pass -Xfrozen_modules=off\n"}
,{"stream_name":"stderr","time":7.233171569,"data":"0.00s - to python to disable frozen modules.\n"}
,{"stream_name":"stderr","time":7.23317457,"data":"0.00s - Note: Debugging will proceed. Set PYDEVD_DISABLE_FILE_VALIDATION=1 to disable this validation.\n"}
,{"stream_name":"stdout","time":13.865535412,"data":"{\n"}
,{"stream_name":"stdout","time":13.865599707,"data":"  \"utc\": \"2026-09-29T19:26:16.874134+00:00\",\n"}
,{"stream_name":"stdout","time":13.865605732,"data":"  \"python\": \"3.12.13 (main, Mar  4 2026, 09:23:07) [GCC 11.4.0]\",\n"}
,{"stream_name":"stdout","time":13.865610456,"data":"  \"platform\": \"Linux-6.12.90+-x86_64-with-glibc2.35\",\n"}
,{"stream_name":"stdout","time":13.865616764,"data":"  \"cuda_visible_devices\": \"0\",\n"}
,{"stream_name":"stdout","time":13.865623639,"data":"  \"torch_cuda\": \"12.8\",\n"}
,{"stream_name":"stdout","time":13.865627041,"data":"  \"cuda_device_count_visible\": 1,\n"}
,{"stream_name":"stdout","time":13.865630154,"data":"  \"gpu_name\": \"Tesla T4\",\n"}
,{"stream_name":"stdout","time":13.865633064,"data":"  \"versions\": {\n"}
,{"stream_name":"stdout","time":13.865635901,"data":"    \"torch\": \"2.10.0+cu128\",\n"}
,{"stream_name":"stdout","time":13.865639137,"data":"    \"numpy\": \"2.0.2\",\n"}
,{"stream_name":"stdout","time":13.86564197,"data":"    \"pandas\": \"2.3.3\",\n"}
,{"stream_name":"stdout","time":13.865644811,"data":"    \"scipy\": \"1.16.3\",\n"}
,{"stream_name":"stdout","time":13.865647699,"data":"    \"kaggle\": \"2.0.2\"\n"}
,{"stream_name":"stdout","time":13.865650691,"data":"  }\n"}
,{"stream_name":"stdout","time":13.865653459,"data":"}\n"}
,{"stream_name":"stdout","time":16.34888043,"data":"[0.0s] data 109586 rows; outer k562; inner orion; regime C\n"}
,{"stream_name":"stdout","time":93.409967896,"data":"[77.1s] true step=0 validation_rank=0.553134\n"}
,{"stream_name":"stdout","time":100.115236425,"data":"[83.8s] true {\"step\": 50, \"loss\": 1.5875530242919922, \"usable_rows\": 16, \"skipped_batches\": 0, \"validation_rank\": 0.5531957431102362}\n"}
,{"stream_name":"stdout","time":106.160127792,"data":"[89.8s] true {\"step\": 100, \"loss\": 1.6675629615783691, \"usable_rows\": 15, \"skipped_batches\": 0, \"validation_rank\": 0.5537801427165354}\n"}
,{"stream_name":"stdout","time":111.808087068,"data":"[95.5s] true {\"step\": 150, \"loss\": 1.6452715396881104, \"usable_rows\": 12, \"skipped_batches\": 0, \"validation_rank\": 0.5549489419291338}\n"}
,{"stream_name":"stdout","time":117.620803128,"data":"[101.3s] true {\"step\": 200, \"loss\": 1.6460784673690796, \"usable_rows\": 15, \"skipped_batches\": 0, \"validation_rank\": 0.5586091289370079}\n"}
,{"stream_name":"stdout","time":123.448748567,"data":"[107.1s] true {\"step\": 250, \"loss\": 1.684781789779663, \"usable_rows\": 16, \"skipped_batches\": 0, \"validation_rank\": 0.5580554872047244}\n"}
,{"stream_name":"stdout","time":129.436649466,"data":"[113.1s] true {\"step\": 300, \"loss\": 1.680030345916748, \"usable_rows\": 16, \"skipped_batches\": 0, \"validation_rank\": 0.560669906496063}\n"}
,{"stream_name":"stdout","time":135.257128918,"data":"[118.9s] true {\"step\": 350, \"loss\": 1.6647297143936157, \"usable_rows\": 15, \"skipped_batches\": 0, \"validation_rank\": 0.5619617372047244}\n"}
,{"stream_name":"stdout","time":141.054143797,"data":"[124.7s] true {\"step\": 400, \"loss\": 1.6879498958587646, \"usable_rows\": 16, \"skipped_batches\": 0, \"validation_rank\": 0.5631305364173229}\n"}
,{"stream_name":"stdout","time":146.726020307,"data":"[130.4s] true {\"step\": 450, \"loss\": 1.6291923522949219, \"usable_rows\": 16, \"skipped_batches\": 0, \"validation_rank\": 0.5612235482283465}\n"}
,{"stream_name":"stdout","time":152.561055307,"data":"[136.2s] true {\"step\": 500, \"loss\": 1.77361261844635, \"usable_rows\": 16, \"skipped_batches\": 0, \"validation_rank\": 0.5647299458661417}\n"}
,{"stream_name":"stdout","time":158.293578487,"data":"[141.9s] true {\"step\": 550, \"loss\": 1.6180543899536133, \"usable_rows\": 15, \"skipped_batches\": 0, \"validation_rank\": 0.5600855068897639}\n"}
,{"stream_name":"stdout","time":164.085130606,"data":"[147.7s] true {\"step\": 600, \"loss\": 1.655036449432373, \"usable_rows\": 15, \"skipped_batches\": 0, \"validation_rank\": 0.5622693159448819}\n"}
,{"stream_name":"stdout","time":170.003079628,"data":"[153.7s] true {\"step\": 650, \"loss\": 1.681968092918396, \"usable_rows\": 16, \"skipped_batches\": 0, \"validation_rank\": 0.5613465797244094}\n"}
,{"stream_name":"stdout","time":175.710423368,"data":"[159.4s] true {\"step\": 700, \"loss\": 1.6515400409698486, \"usable_rows\": 16, \"skipped_batches\": 0, \"validation_rank\": 0.5635303887795275}\n"}
,{"stream_name":"stdout","time":181.434019273,"data":"[165.1s] true {\"step\": 750, \"loss\": 1.636094331741333, \"usable_rows\": 16, \"skipped_batches\": 0, \"validation_rank\": 0.5617156742125984}\n"}
,{"stream_name":"stdout","time":183.930580238,"data":"[167.6s] blind step=0 validation_rank=0.553134\n"}
,{"stream_name":"stdout","time":190.043720889,"data":"[173.7s] blind {\"step\": 50, \"loss\": 1.5875530242919922, \"usable_rows\": 16, \"skipped_batches\": 0, \"validation_rank\": 0.5532572588582677}\n"}
,{"stream_name":"stdout","time":196.446320836,"data":"[180.1s] blind {\"step\": 100, \"loss\": 1.667563796043396, \"usable_rows\": 15, \"skipped_batches\": 0, \"validation_rank\": 0.5537801427165354}\n"}
,{"stream_name":"stdout","time":202.39152722,"data":"[186.0s] blind {\"step\": 150, \"loss\": 1.645308256149292, \"usable_rows\": 12, \"skipped_batches\": 0, \"validation_rank\": 0.5549796998031495}\n"}
,{"stream_name":"stdout","time":208.439431395,"data":"[192.1s] blind {\"step\": 200, \"loss\": 1.6462510824203491, \"usable_rows\": 15, \"skipped_batches\": 0, \"validation_rank\": 0.5587629183070866}\n"}
,{"stream_name":"stdout","time":214.379729888,"data":"[198.0s] blind {\"step\": 250, \"loss\": 1.687209129333496, \"usable_rows\": 16, \"skipped_batches\": 0, \"validation_rank\": 0.5574710875984252}\n"}
,{"stream_name":"stdout","time":220.371284694,"data":"[204.0s] blind {\"step\": 300, \"loss\": 1.6807337999343872, \"usable_rows\": 16, \"skipped_batches\": 0, \"validation_rank\": 0.5603008120078741}\n"}
,{"stream_name":"stdout","time":226.216854866,"data":"[209.9s] blind {\"step\": 350, \"loss\": 1.665218710899353, \"usable_rows\": 15, \"skipped_batches\": 0, \"validation_rank\": 0.562023252952756}\n"}
,{"stream_name":"stdout","time":232.025541774,"data":"[215.7s] blind {\"step\": 400, \"loss\": 1.6884599924087524, \"usable_rows\": 16, \"skipped_batches\": 0, \"validation_rank\": 0.5629152312992127}\n"}
,{"stream_name":"stdout","time":237.742926867,"data":"[221.4s] blind {\"step\": 450, \"loss\": 1.6331086158752441, \"usable_rows\": 16, \"skipped_batches\": 0, \"validation_rank\": 0.5595318651574803}\n"}
,{"stream_name":"stdout","time":243.648546515,"data":"[227.3s] blind {\"step\": 500, \"loss\": 1.7748944759368896, \"usable_rows\": 16, \"skipped_batches\": 0, \"validation_rank\": 0.5633458415354331}\n"}
,{"stream_name":"stdout","time":249.433907064,"data":"[233.1s] blind {\"step\": 550, \"loss\": 1.6177550554275513, \"usable_rows\": 15, \"skipped_batches\": 0, \"validation_rank\": 0.5612235482283465}\n"}
,{"stream_name":"stdout","time":255.112153316,"data":"[238.8s] blind {\"step\": 600, \"loss\": 1.6527166366577148, \"usable_rows\": 15, \"skipped_batches\": 0, \"validation_rank\": 0.5634073572834646}\n"}
,{"stream_name":"stdout","time":261.098713414,"data":"[244.7s] blind {\"step\": 650, \"loss\": 1.682326078414917, \"usable_rows\": 16, \"skipped_batches\": 0, \"validation_rank\": 0.5615618848425197}\n"}
,{"stream_name":"stdout","time":266.894322679,"data":"[250.5s] blind {\"step\": 700, \"loss\": 1.6515742540359497, \"usable_rows\": 16, \"skipped_batches\": 0, \"validation_rank\": 0.5636534202755905}\n"}
,{"stream_name":"stdout","time":272.708480873,"data":"[256.4s] blind {\"step\": 750, \"loss\": 1.6353306770324707, \"usable_rows\": 16, \"skipped_batches\": 0, \"validation_rank\": 0.5615618848425197}\n"}
,{"stream_name":"stdout","time":278.474980986,"data":"[262.1s] blind {\"step\": 800, \"loss\": 1.6688846349716187, \"usable_rows\": 15, \"skipped_batches\": 0, \"validation_rank\": 0.562146284448819}\n"}
,{"stream_name":"stdout","time":284.484074208,"data":"[268.1s] blind {\"step\": 850, \"loss\": 1.6594487428665161, \"usable_rows\": 15, \"skipped_batches\": 0, \"validation_rank\": 0.56177718996063}\n"}
,{"stream_name":"stdout","time":290.267736232,"data":"[273.9s] blind {\"step\": 900, \"loss\": 1.6913650035858154, \"usable_rows\": 16, \"skipped_batches\": 0, \"validation_rank\": 0.5623923474409449}\n"}
,{"stream_name":"stdout","time":296.067441175,"data":"[279.7s] blind {\"step\": 950, \"loss\": 1.6791656017303467, \"usable_rows\": 15, \"skipped_batches\": 0, \"validation_rank\": 0.564453125}\n"}
,{"stream_name":"stdout","time":301.958190587,"data":"[285.6s] blind {\"step\": 1000, \"loss\": 1.6955885887145996, \"usable_rows\": 16, \"skipped_batches\": 0, \"validation_rank\": 0.5637764517716535}\n"}
,{"stream_name":"stdout","time":345.905372944,"data":"[329.6s] true {\"step\": 50, \"loss\": 1.6958339214324951, \"usable_rows\": 16, \"skipped_batches\": 0}\n"}
,{"stream_name":"stdout","time":350.443031836,"data":"[334.1s] true {\"step\": 100, \"loss\": 1.705912709236145, \"usable_rows\": 16, \"skipped_batches\": 0}\n"}
,{"stream_name":"stdout","time":354.96557165,"data":"[338.6s] true {\"step\": 150, \"loss\": 1.647570252418518, \"usable_rows\": 16, \"skipped_batches\": 0}\n"}
,{"stream_name":"stdout","time":359.572829592,"data":"[343.2s] true {\"step\": 200, \"loss\": 1.6987980604171753, \"usable_rows\": 16, \"skipped_batches\": 0}\n"}
,{"stream_name":"stdout","time":364.202209133,"data":"[347.9s] true {\"step\": 250, \"loss\": 1.5402101278305054, \"usable_rows\": 16, \"skipped_batches\": 0}\n"}
,{"stream_name":"stdout","time":368.524310703,"data":"[352.2s] true {\"step\": 300, \"loss\": 1.6024935245513916, \"usable_rows\": 13, \"skipped_batches\": 0}\n"}
,{"stream_name":"stdout","time":373.110900544,"data":"[356.8s] true {\"step\": 350, \"loss\": 1.6801730394363403, \"usable_rows\": 16, \"skipped_batches\": 0}\n"}
,{"stream_name":"stdout","time":377.525745382,"data":"[361.2s] true {\"step\": 400, \"loss\": 1.6583949327468872, \"usable_rows\": 16, \"skipped_batches\": 0}\n"}
,{"stream_name":"stdout","time":382.237207766,"data":"[365.9s] true {\"step\": 450, \"loss\": 1.5910108089447021, \"usable_rows\": 16, \"skipped_batches\": 0}\n"}
,{"stream_name":"stdout","time":386.739895401,"data":"[370.4s] true {\"step\": 500, \"loss\": 1.5753997564315796, \"usable_rows\": 13, \"skipped_batches\": 0}\n"}
,{"stream_name":"stdout","time":391.264628346,"data":"[374.9s] blind {\"step\": 50, \"loss\": 1.6958303451538086, \"usable_rows\": 16, \"skipped_batches\": 0}\n"}
,{"stream_name":"stdout","time":395.73542642,"data":"[379.4s] blind {\"step\": 100, \"loss\": 1.7058844566345215, \"usable_rows\": 16, \"skipped_batches\": 0}\n"}
,{"stream_name":"stdout","time":400.096651265,"data":"[383.7s] blind {\"step\": 150, \"loss\": 1.6467684507369995, \"usable_rows\": 16, \"skipped_batches\": 0}\n"}
,{"stream_name":"stdout","time":404.67658391,"data":"[388.3s] blind {\"step\": 200, \"loss\": 1.6982977390289307, \"usable_rows\": 16, \"skipped_batches\": 0}\n"}
,{"stream_name":"stdout","time":409.246827131,"data":"[392.9s] blind {\"step\": 250, \"loss\": 1.53865647315979, \"usable_rows\": 16, \"skipped_batches\": 0}\n"}
,{"stream_name":"stdout","time":413.62183956,"data":"[397.3s] blind {\"step\": 300, \"loss\": 1.5993744134902954, \"usable_rows\": 13, \"skipped_batches\": 0}\n"}
,{"stream_name":"stdout","time":418.156018759,"data":"[401.8s] blind {\"step\": 350, \"loss\": 1.6803098917007446, \"usable_rows\": 16, \"skipped_batches\": 0}\n"}
,{"stream_name":"stdout","time":422.654381145,"data":"[406.3s] blind {\"step\": 400, \"loss\": 1.6627392768859863, \"usable_rows\": 16, \"skipped_batches\": 0}\n"}
,{"stream_name":"stdout","time":427.336260069,"data":"[411.0s] blind {\"step\": 450, \"loss\": 1.5859308242797852, \"usable_rows\": 16, \"skipped_batches\": 0}\n"}
,{"stream_name":"stdout","time":431.835779034,"data":"[415.5s] blind {\"step\": 500, \"loss\": 1.5755001306533813, \"usable_rows\": 13, \"skipped_batches\": 0}\n"}
,{"stream_name":"stdout","time":436.343149962,"data":"[420.0s] blind {\"step\": 550, \"loss\": 1.6700685024261475, \"usable_rows\": 14, \"skipped_batches\": 0}\n"}
,{"stream_name":"stdout","time":441.003775138,"data":"[424.7s] blind {\"step\": 600, \"loss\": 1.6587432622909546, \"usable_rows\": 16, \"skipped_batches\": 0}\n"}
,{"stream_name":"stdout","time":445.4107997,"data":"[429.1s] blind {\"step\": 650, \"loss\": 1.637550711631775, \"usable_rows\": 15, \"skipped_batches\": 0}\n"}
,{"stream_name":"stdout","time":450.025972696,"data":"[433.7s] blind {\"step\": 700, \"loss\": 1.537883996963501, \"usable_rows\": 16, \"skipped_batches\": 0}\n"}
,{"stream_name":"stdout","time":454.46421408,"data":"[438.1s] blind {\"step\": 750, \"loss\": 1.6992690563201904, \"usable_rows\": 15, \"skipped_batches\": 0}\n"}
,{"stream_name":"stdout","time":459.111263781,"data":"[442.8s] blind {\"step\": 800, \"loss\": 1.6491825580596924, \"usable_rows\": 16, \"skipped_batches\": 0}\n"}
,{"stream_name":"stdout","time":463.702047033,"data":"[447.4s] blind {\"step\": 850, \"loss\": 1.576051115989685, \"usable_rows\": 16, \"skipped_batches\": 0}\n"}
,{"stream_name":"stdout","time":468.024684029,"data":"[451.7s] blind {\"step\": 900, \"loss\": 1.6480385065078735, \"usable_rows\": 13, \"skipped_batches\": 0}\n"}
,{"stream_name":"stdout","time":472.63932586,"data":"[456.3s] blind {\"step\": 950, \"loss\": 1.544332504272461, \"usable_rows\": 16, \"skipped_batches\": 0}\n"}
,{"stream_name":"stdout","time":1202.704851524,"data":"[1186.4s] complete {\"scope\": \"one outer family; not the cross-family promotion verdict\", \"contexts\": {\"k562\": {\"transfer\": {\"mean\": -0.0066887842465753414, \"ci95\": [-0.01470978320694716, 0.0015141496453033258], \"targets\": 512}, \"blind\": {\"mean\": 0.00021404109589041268, \"ci95\": [-0.0033334989603718166, 0.0036157656555773], \"targets\": 512}, \"swap\": {\"mean\": 5.351027397260447e-05, \"ci95\": [-0.00040142260885518504, 0.0004892367906066549], \"targets\": 512}, \"prior_permuted\": {\"mean\": 0.00038221624266144964, \"ci95\": [-0.0006309434625733834, 0.0013035484955968679], \"targets\": 512}, \"null\": {\"mean\": 0.144139478351272, \"ci95\": [0.11805441421538652, 0.17091549389982877], \"targets\": 512}}, \"k562ess\": {\"transfer\": {\"mean\": -0.015861974070450095, \"ci95\": [-0.0220507239175636, -0.009860032411937383], \"targets\": 512}, \"blind\": {\"mean\": 0.006921936154598825, \"ci95\": [0.0046703958231408965, 0.009383504311399216], \"targets\": 512}, \"swap\": {\"mean\": 0.00018346379647749445, \"ci95\": [-0.00015298205112524696, 0.0005121697651663392], \"targets\": 512}, \"prior_permuted\": {\"mean\": 0.00034781678082192007, \"ci95\": [-0.0004242600293542039, 0.00118487035225049], \"targets\": 512}, \"null\": {\"mean\": 0.3364649584148728, \"ci95\": [0.3184125986117906, 0.35436901831580236], \"targets\": 512}}, \"viperturb\": {\"transfer\": {\"mean\": 0.0013759784735812106, \"ci95\": [-0.004537097908512719, 0.00723965340631115], \"targets\": 512}, \"blind\": {\"mean\": -0.00025608488258317057, \"ci95\": [-0.003734539352984344, 0.0030665209148727935], \"targets\": 512}, \"swap\": {\"mean\": 0.0004548373287671214, \"ci95\": [-8.418312744618603e-05, 0.0009975843933463775], \"targets\": 512}, \"prior_permuted\": {\"mean\": -6.879892367906218e-05, \"ci95\": [-0.0009632804855675154, 0.0007570748226516624], \"targets\": 512}, \"null\": {\"mean\": 0.08641335922211352, \"ci95\": [0.06100510449792076, 0.110692786050636], \"targets\": 512}}}, \"rank_delta_macro_context\": -0.007058259947814743, \"ci95_stratified_targets\": [-0.011260281616927591, -0.0030724771179876063], \"not_vcc_score\": true, \"seconds_measured\": 1186.3515129089355, \"best_steps\": {\"true\": 500, \"blind\": 950}, \"parameters\": 3314}\n"}
,{"stream_name":"stdout","time":1204.901779555,"data":"{\"family\": \"k562\", \"returncode\": 0, \"started_utc\": \"2026-09-29T19:26:17.028723+00:00\", \"finished_utc\": \"2026-09-29T19:46:07.967967+00:00\", \"out\": \"/kaggle/working/neural_seed1_r1/folds/C_k562_s1\", \"complete\": true}\n"}
,{"stream_name":"stdout","time":1207.324927989,"data":"[0.0s] data 109586 rows; outer cd4; inner k562; regime C\n"}
,{"stream_name":"stdout","time":1239.295065078,"data":"[32.0s] true step=0 validation_rank=0.665078\n"}
,{"stream_name":"stdout","time":1246.156474522,"data":"[38.8s] true {\"step\": 50, \"loss\": 1.561566948890686, \"usable_rows\": 16, \"skipped_batches\": 0, \"validation_rank\": 0.6651390255905513}\n"}
,{"stream_name":"stdout","time":1252.72479106,"data":"[45.4s] true {\"step\": 100, \"loss\": 1.6127278804779053, \"usable_rows\": 11, \"skipped_batches\": 0, \"validation_rank\": 0.6654876148293963}\n"}
,{"stream_name":"stdout","time":1258.967538291,"data":"[51.6s] true {\"step\": 150, \"loss\": 1.642553448677063, \"usable_rows\": 15, \"skipped_batches\": 0, \"validation_rank\": 0.6644008366141733}\n"}
,{"stream_name":"stdout","time":1265.40097843,"data":"[58.1s] true {\"step\": 200, \"loss\": 1.5658084154129028, \"usable_rows\": 16, \"skipped_batches\": 0, \"validation_rank\": 0.665528625328084}\n"}
,{"stream_name":"stdout","time":1271.916037689,"data":"[64.6s] true {\"step\": 250, \"loss\": 1.5938273668289185, \"usable_rows\": 16, \"skipped_batches\": 0, \"validation_rank\": 0.6630474901574804}\n"}
,{"stream_name":"stdout","time":1278.423331945,"data":"[71.1s] true {\"step\": 300, \"loss\": 1.6070903539657593, \"usable_rows\": 16, \"skipped_batches\": 0, \"validation_rank\": 0.6664923720472441}\n"}
,{"stream_name":"stdout","time":1284.954499799,"data":"[77.6s] true {\"step\": 350, \"loss\": 1.6572028398513794, \"usable_rows\": 15, \"skipped_batches\": 0, \"validation_rank\": 0.6648929625984252}\n"}
,{"stream_name":"stdout","time":1291.278288612,"data":"[84.0s] true {\"step\": 400, \"loss\": 1.582525372505188, \"usable_rows\": 16, \"skipped_batches\": 0, \"validation_rank\": 0.6657541830708661}\n"}
,{"stream_name":"stdout","time":1297.515485159,"data":"[90.2s] true {\"step\": 450, \"loss\": 1.7027097940444946, \"usable_rows\": 16, \"skipped_batches\": 0, \"validation_rank\": 0.6633755741469817}\n"}
,{"stream_name":"stdout","time":1303.995207381,"data":"[96.7s] true {\"step\": 500, \"loss\": 1.685957670211792, \"usable_rows\": 16, \"skipped_batches\": 0, \"validation_rank\": 0.6650775098425198}\n"}
,{"stream_name":"stdout","time":1310.385618142,"data":"[103.1s] true {\"step\": 550, \"loss\": 1.6567950248718262, \"usable_rows\": 15, \"skipped_batches\": 0, \"validation_rank\": 0.6636421423884515}\n"}
,{"stream_name":"stdout","time":1314.016541727,"data":"[106.7s] blind step=0 validation_rank=0.665078\n"}
,{"stream_name":"stdout","time":1320.430449731,"data":"[113.1s] blind {\"step\": 50, \"loss\": 1.5615642070770264, \"usable_rows\": 16, \"skipped_batches\": 0, \"validation_rank\": 0.6651595308398951}\n"}
,{"stream_name":"stdout","time":1327.04953376,"data":"[119.7s] blind {\"step\": 100, \"loss\": 1.6126841306686401, \"usable_rows\": 11, \"skipped_batches\": 0, \"validation_rank\": 0.6655491305774278}\n"}
,{"stream_name":"stdout","time":1333.316943472,"data":"[126.0s] blind {\"step\": 150, \"loss\": 1.6424667835235596, \"usable_rows\": 15, \"skipped_batches\": 0, \"validation_rank\": 0.6644418471128609}\n"}
,{"stream_name":"stdout","time":1339.622042128,"data":"[132.3s] blind {\"step\": 200, \"loss\": 1.5667004585266113, \"usable_rows\": 16, \"skipped_batches\": 0, \"validation_rank\": 0.6658567093175852}\n"}
,{"stream_name":"stdout","time":1346.12366359,"data":"[138.8s] blind {\"step\": 250, \"loss\": 1.5937846899032593, \"usable_rows\": 16, \"skipped_batches\": 0, \"validation_rank\": 0.66358062664042}\n"}
,{"stream_name":"stdout","time":1352.641972704,"data":"[145.3s] blind {\"step\": 300, \"loss\": 1.6056866645812988, \"usable_rows\": 16, \"skipped_batches\": 0, \"validation_rank\": 0.6671690452755906}\n"}
,{"stream_name":"stdout","time":1358.984665483,"data":"[151.7s] blind {\"step\": 350, \"loss\": 1.6581603288650513, \"usable_rows\": 15, \"skipped_batches\": 0, \"validation_rank\": 0.6659797408136483}\n"}
,{"stream_name":"stdout","time":1365.370118713,"data":"[158.0s] blind {\"step\": 400, \"loss\": 1.5788798332214355, \"usable_rows\": 16, \"skipped_batches\": 0, \"validation_rank\": 0.6650364993438321}\n"}
,{"stream_name":"stdout","time":1371.56832119,"data":"[164.2s] blind {\"step\": 450, \"loss\": 1.7016304731369019, \"usable_rows\": 16, \"skipped_batches\": 0, \"validation_rank\": 0.6637241633858267}\n"}
,{"stream_name":"stdout","time":1377.9191354,"data":"[170.6s] blind {\"step\": 500, \"loss\": 1.681355595588684, \"usable_rows\": 16, \"skipped_batches\": 0, \"validation_rank\": 0.6651390255905512}\n"}
,{"stream_name":"stdout","time":1384.355583863,"data":"[177.0s] blind {\"step\": 550, \"loss\": 1.65651273727417, \"usable_rows\": 15, \"skipped_batches\": 0, \"validation_rank\": 0.6643598261154856}\n"}
,{"stream_name":"stdout","time":1409.989164028,"data":"[202.7s] true {\"step\": 50, \"loss\": 1.780286431312561, \"usable_rows\": 16, \"skipped_batches\": 0}\n"}
,{"stream_name":"stdout","time":1414.57949213,"data":"[207.3s] true {\"step\": 100, \"loss\": 1.639518141746521, \"usable_rows\": 16, \"skipped_batches\": 0}\n"}
,{"stream_name":"stdout","time":1418.971418429,"data":"[211.6s] true {\"step\": 150, \"loss\": 1.5788075923919678, \"usable_rows\": 16, \"skipped_batches\": 0}\n"}
,{"stream_name":"stdout","time":1423.552382827,"data":"[216.2s] true {\"step\": 200, \"loss\": 1.7261435985565186, \"usable_rows\": 16, \"skipped_batches\": 0}\n"}
,{"stream_name":"stdout","time":1428.029340437,"data":"[220.7s] true {\"step\": 250, \"loss\": 1.4737979173660278, \"usable_rows\": 16, \"skipped_batches\": 0}\n"}
,{"stream_name":"stdout","time":1432.460532145,"data":"[225.1s] true {\"step\": 300, \"loss\": 1.626437783241272, \"usable_rows\": 14, \"skipped_batches\": 0}\n"}
,{"stream_name":"stdout","time":1436.821277895,"data":"[229.5s] blind {\"step\": 50, \"loss\": 1.7802928686141968, \"usable_rows\": 16, \"skipped_batches\": 0}\n"}
,{"stream_name":"stdout","time":1441.404597715,"data":"[234.1s] blind {\"step\": 100, \"loss\": 1.6393862962722778, \"usable_rows\": 16, \"skipped_batches\": 0}\n"}
,{"stream_name":"stdout","time":1445.841145185,"data":"[238.5s] blind {\"step\": 150, \"loss\": 1.5796680450439453, \"usable_rows\": 16, \"skipped_batches\": 0}\n"}
,{"stream_name":"stdout","time":1450.396039853,"data":"[243.1s] blind {\"step\": 200, \"loss\": 1.7259602546691895, \"usable_rows\": 16, \"skipped_batches\": 0}\n"}
,{"stream_name":"stdout","time":1454.928079573,"data":"[247.6s] blind {\"step\": 250, \"loss\": 1.4725807905197144, \"usable_rows\": 16, \"skipped_batches\": 0}\n"}
,{"stream_name":"stdout","time":1459.327680115,"data":"[252.0s] blind {\"step\": 300, \"loss\": 1.6230605840682983, \"usable_rows\": 14, \"skipped_batches\": 0}\n"}
,{"stream_name":"stdout","time":2126.491905899,"data":"[919.2s] complete {\"scope\": \"one outer family; not the cross-family promotion verdict\", \"contexts\": {\"cd4_Rest\": {\"transfer\": {\"mean\": 0.004468107876712327, \"ci95\": [0.000870210830479452, 0.008141588184931506], \"targets\": 512}, \"blind\": {\"mean\": 3.0577299412915416e-05, \"ci95\": [-0.0014984787793542078, 0.001521316199853226], \"targets\": 512}, \"swap\": {\"mean\": -0.00021021893346379874, \"ci95\": [-0.0007264019691780866, 0.0003479123348825801], \"targets\": 512}, \"prior_permuted\": {\"mean\": 0.0005198140900195688, \"ci95\": [-0.000160626375978477, 0.0011619373776908025], \"targets\": 512}, \"null\": {\"mean\": 0.05280699608610569, \"ci95\": [0.025906282488380644, 0.07803097480430529], \"targets\": 512}}, \"cd4_Stim8hr\": {\"transfer\": {\"mean\": 0.005660622553816048, \"ci95\": [0.0015551423373287672, 0.009647233518835615], \"targets\": 512}, \"blind\": {\"mean\": 0.0002599070450097869, \"ci95\": [-0.0011318378485812091, 0.001632254464285715], \"targets\": 512}, \"swap\": {\"mean\": 0.000126131360078278, \"ci95\": [-0.00029440206090998043, 0.0005580357142857143], \"targets\": 512}, \"prior_permuted\": {\"mean\": 0.00042426002935420557, \"ci95\": [-0.000359665484344426, 0.001188788068737767], \"targets\": 512}, \"null\": {\"mean\": 0.07501184870352252, \"ci95\": [0.05066438738380627, 0.09960641282411938], \"targets\": 512}}, \"cd4_Stim48hr\": {\"transfer\": {\"mean\": 0.00579057607632094, \"ci95\": [0.0013363235384050906, 0.010507220064823873], \"targets\": 512}, \"blind\": {\"mean\": -3.439946183953087e-05, \"ci95\": [-0.0014639837634540106, 0.0014638882093933432], \"targets\": 512}, \"swap\": {\"mean\": 8.790973581213448e-05, \"ci95\": [-0.0003669275929549857, 0.0005466647810665379], \"targets\": 512}, \"prior_permuted\": {\"mean\": 9.17318982387495e-05, \"ci95\": [-0.0006310390166340522, 0.0008256826382093915], \"targets\": 512}, \"null\": {\"mean\": 0.067457344667319, \"ci95\": [0.040536469162793555, 0.09249504074425147], \"targets\": 512}}}, \"rank_delta_macro_context\": 0.005306435502283106, \"ci95_stratified_targets\": [0.00293615332477169, 0.007653275083577951], \"not_vcc_score\": true, \"seconds_measured\": 919.150426864624, \"best_steps\": {\"true\": 300, \"blind\": 300}, \"parameters\": 3314}\n"}
,{"stream_name":"stdout","time":2127.454286145,"data":"{\"family\": \"cd4\", \"returncode\": 0, \"started_utc\": \"2026-09-29T19:46:07.969057+00:00\", \"finished_utc\": \"2026-09-29T20:01:30.520797+00:00\", \"out\": \"/kaggle/working/neural_seed1_r1/folds/C_cd4_s1\", \"complete\": true}\n"}
,{"stream_name":"stdout","time":2129.86091122,"data":"[0.0s] data 109586 rows; outer orion; inner k562; regime C\n"}
,{"stream_name":"stdout","time":2164.457096669,"data":"[34.6s] true step=0 validation_rank=0.639425\n"}
,{"stream_name":"stdout","time":2172.477172192,"data":"[42.6s] true {\"step\": 50, \"loss\": 1.5875530242919922, \"usable_rows\": 16, \"skipped_batches\": 0, \"validation_rank\": 0.6393844324146981}\n"}
,{"stream_name":"stdout","time":2180.149274351,"data":"[50.3s] true {\"step\": 100, \"loss\": 1.6675629615783691, \"usable_rows\": 15, \"skipped_batches\": 0, \"validation_rank\": 0.6391998851706037}\n"}
,{"stream_name":"stdout","time":2187.538190422,"data":"[57.7s] true {\"step\": 150, \"loss\": 1.6452715396881104, \"usable_rows\": 12, \"skipped_batches\": 0, \"validation_rank\": 0.6395894849081364}\n"}
,{"stream_name":"stdout","time":2195.100079576,"data":"[65.2s] true {\"step\": 200, \"loss\": 1.6460784673690796, \"usable_rows\": 15, \"skipped_batches\": 0, \"validation_rank\": 0.638072096456693}\n"}
,{"stream_name":"stdout","time":2202.64968595,"data":"[72.8s] true {\"step\": 250, \"loss\": 1.684781789779663, \"usable_rows\": 16, \"skipped_batches\": 0, \"validation_rank\": 0.6404302001312335}\n"}
,{"stream_name":"stdout","time":2210.314083691,"data":"[80.5s] true {\"step\": 300, \"loss\": 1.680030345916748, \"usable_rows\": 16, \"skipped_batches\": 0, \"validation_rank\": 0.639158874671916}\n"}
,{"stream_name":"stdout","time":2217.815544723,"data":"[88.0s] true {\"step\": 350, \"loss\": 1.6647297143936157, \"usable_rows\": 15, \"skipped_batches\": 0, \"validation_rank\": 0.6370263287401575}\n"}
,{"stream_name":"stdout","time":2225.255547086,"data":"[95.4s] true {\"step\": 400, \"loss\": 1.6879498958587646, \"usable_rows\": 16, \"skipped_batches\": 0, \"validation_rank\": 0.6381541174540682}\n"}
,{"stream_name":"stdout","time":2232.635264,"data":"[102.8s] true {\"step\": 450, \"loss\": 1.6291923522949219, \"usable_rows\": 16, \"skipped_batches\": 0, \"validation_rank\": 0.6402456528871391}\n"}
,{"stream_name":"stdout","time":2240.162194568,"data":"[110.3s] true {\"step\": 500, \"loss\": 1.77361261844635, \"usable_rows\": 16, \"skipped_batches\": 0, \"validation_rank\": 0.638789780183727}\n"}
,{"stream_name":"stdout","time":2244.399613314,"data":"[114.5s] blind step=0 validation_rank=0.639425\n"}
,{"stream_name":"stdout","time":2251.985592463,"data":"[122.1s] blind {\"step\": 50, \"loss\": 1.5875530242919922, \"usable_rows\": 16, \"skipped_batches\": 0, \"validation_rank\": 0.6393639271653543}\n"}
,{"stream_name":"stdout","time":2259.660704032,"data":"[129.8s] blind {\"step\": 100, \"loss\": 1.667563796043396, \"usable_rows\": 15, \"skipped_batches\": 0, \"validation_rank\": 0.639158874671916}\n"}
,{"stream_name":"stdout","time":2266.965717255,"data":"[137.1s] blind {\"step\": 150, \"loss\": 1.645308256149292, \"usable_rows\": 12, \"skipped_batches\": 0, \"validation_rank\": 0.639651000656168}\n"}
,{"stream_name":"stdout","time":2274.547622267,"data":"[144.7s] blind {\"step\": 200, \"loss\": 1.6462510824203491, \"usable_rows\": 15, \"skipped_batches\": 0, \"validation_rank\": 0.6380105807086615}\n"}
,{"stream_name":"stdout","time":2281.939144829,"data":"[152.1s] blind {\"step\": 250, \"loss\": 1.687209129333496, \"usable_rows\": 16, \"skipped_batches\": 0, \"validation_rank\": 0.6403891896325459}\n"}
,{"stream_name":"stdout","time":2289.364829494,"data":"[159.5s] blind {\"step\": 300, \"loss\": 1.6807337999343872, \"usable_rows\": 16, \"skipped_batches\": 0, \"validation_rank\": 0.6393434219160105}\n"}
,{"stream_name":"stdout","time":2296.712284417,"data":"[166.8s] blind {\"step\": 350, \"loss\": 1.665218710899353, \"usable_rows\": 15, \"skipped_batches\": 0, \"validation_rank\": 0.6377645177165354}\n"}
,{"stream_name":"stdout","time":2304.121446587,"data":"[174.3s] blind {\"step\": 400, \"loss\": 1.6884599924087524, \"usable_rows\": 16, \"skipped_batches\": 0, \"validation_rank\": 0.6383386646981627}\n"}
,{"stream_name":"stdout","time":2311.440687018,"data":"[181.6s] blind {\"step\": 450, \"loss\": 1.6331086158752441, \"usable_rows\": 16, \"skipped_batches\": 0, \"validation_rank\": 0.6412709153543307}\n"}
,{"stream_name":"stdout","time":2318.924858869,"data":"[189.1s] blind {\"step\": 500, \"loss\": 1.7748944759368896, \"usable_rows\": 16, \"skipped_batches\": 0, \"validation_rank\": 0.6387282644356955}\n"}
,{"stream_name":"stdout","time":2326.384889879,"data":"[196.5s] blind {\"step\": 550, \"loss\": 1.6177550554275513, \"usable_rows\": 15, \"skipped_batches\": 0, \"validation_rank\": 0.6359395505249344}\n"}
,{"stream_name":"stdout","time":2333.851443213,"data":"[204.0s] blind {\"step\": 600, \"loss\": 1.6527166366577148, \"usable_rows\": 15, \"skipped_batches\": 0, \"validation_rank\": 0.6357139927821522}\n"}
,{"stream_name":"stdout","time":2341.54410918,"data":"[211.7s] blind {\"step\": 650, \"loss\": 1.682326078414917, \"usable_rows\": 16, \"skipped_batches\": 0, \"validation_rank\": 0.6336634678477691}\n"}
,{"stream_name":"stdout","time":2349.01617927,"data":"[219.2s] blind {\"step\": 700, \"loss\": 1.6515742540359497, \"usable_rows\": 16, \"skipped_batches\": 0, \"validation_rank\": 0.6339710465879266}\n"}
,{"stream_name":"stdout","time":2364.976776879,"data":"[235.1s] true {\"step\": 50, \"loss\": 1.68631911277771, \"usable_rows\": 16, \"skipped_batches\": 0}\n"}
,{"stream_name":"stdout","time":2369.988613948,"data":"[240.1s] true {\"step\": 100, \"loss\": 1.711471438407898, \"usable_rows\": 16, \"skipped_batches\": 0}\n"}
,{"stream_name":"stdout","time":2374.99058376,"data":"[245.1s] true {\"step\": 150, \"loss\": 1.5969538688659668, \"usable_rows\": 16, \"skipped_batches\": 0}\n"}
,{"stream_name":"stdout","time":2380.017207859,"data":"[250.2s] true {\"step\": 200, \"loss\": 1.6543684005737305, \"usable_rows\": 15, \"skipped_batches\": 0}\n"}
,{"stream_name":"stdout","time":2385.151885452,"data":"[255.3s] true {\"step\": 250, \"loss\": 1.506295919418335, \"usable_rows\": 16, \"skipped_batches\": 0}\n"}
,{"stream_name":"stdout","time":2390.154223033,"data":"[260.3s] blind {\"step\": 50, \"loss\": 1.686298131942749, \"usable_rows\": 16, \"skipped_batches\": 0}\n"}
,{"stream_name":"stdout","time":2395.29845033,"data":"[265.4s] blind {\"step\": 100, \"loss\": 1.7114698886871338, \"usable_rows\": 16, \"skipped_batches\": 0}\n"}
,{"stream_name":"stdout","time":2400.469601473,"data":"[270.6s] blind {\"step\": 150, \"loss\": 1.5970685482025146, \"usable_rows\": 16, \"skipped_batches\": 0}\n"}
,{"stream_name":"stdout","time":2405.632620504,"data":"[275.8s] blind {\"step\": 200, \"loss\": 1.654511570930481, \"usable_rows\": 15, \"skipped_batches\": 0}\n"}
,{"stream_name":"stdout","time":2410.871040951,"data":"[281.0s] blind {\"step\": 250, \"loss\": 1.5044447183609009, \"usable_rows\": 16, \"skipped_batches\": 0}\n"}
,{"stream_name":"stdout","time":2415.907831944,"data":"[286.0s] blind {\"step\": 300, \"loss\": 1.5244340896606445, \"usable_rows\": 16, \"skipped_batches\": 0}\n"}
,{"stream_name":"stdout","time":2421.195693984,"data":"[291.3s] blind {\"step\": 350, \"loss\": 1.6570111513137817, \"usable_rows\": 15, \"skipped_batches\": 0}\n"}
,{"stream_name":"stdout","time":2426.279279864,"data":"[296.4s] blind {\"step\": 400, \"loss\": 1.6263052225112915, \"usable_rows\": 15, \"skipped_batches\": 0}\n"}
,{"stream_name":"stdout","time":2431.649605977,"data":"[301.8s] blind {\"step\": 450, \"loss\": 1.5942641496658325, \"usable_rows\": 16, \"skipped_batches\": 0}\n"}
,{"stream_name":"stdout","time":2898.691296931,"data":"[768.8s] complete {\"scope\": \"one outer family; not the cross-family promotion verdict\", \"contexts\": {\"orion_hct116\": {\"transfer\": {\"mean\": -0.0012230919765166333, \"ci95\": [-0.0065211824241682955, 0.003995115276418784], \"targets\": 512}, \"blind\": {\"mean\": -0.003776296477495108, \"ci95\": [-0.0062878394080234865, -0.0012995352250489225], \"targets\": 512}, \"swap\": {\"mean\": 0.00030195083170254564, \"ci95\": [-0.0005543091059197647, 0.0011314556323385532], \"targets\": 512}, \"prior_permuted\": {\"mean\": -0.0007223886986301371, \"ci95\": [-0.0017506459454500983, 0.0003058685481898244], \"targets\": 512}, \"null\": {\"mean\": 0.048654216609589046, \"ci95\": [0.02345890410958905, 0.07364700227800881], \"targets\": 512}}, \"orion_hek293t\": {\"transfer\": {\"mean\": -0.0032526602250489297, \"ci95\": [-0.009597640961350299, 0.002803365031800376], \"targets\": 512}, \"blind\": {\"mean\": -0.002278008806262232, \"ci95\": [-0.004254353443003916, -0.00017524614726027653], \"targets\": 512}, \"swap\": {\"mean\": 0.000558035714285714, \"ci95\": [-0.00046639937010763285, 0.0016894913466242657], \"targets\": 512}, \"prior_permuted\": {\"mean\": 0.00017199730919764808, \"ci95\": [-0.0006421232876712346, 0.0009899400684931484], \"targets\": 512}, \"null\": {\"mean\": 0.04588123776908024, \"ci95\": [0.021736685497186894, 0.07055143292869372], \"targets\": 512}}}, \"rank_delta_macro_context\": -0.0022378761007827816, \"ci95_stratified_targets\": [-0.0063757013668052885, 0.0018633041829745564], \"not_vcc_score\": true, \"seconds_measured\": 768.8222987651825, \"best_steps\": {\"true\": 250, \"blind\": 450}, \"parameters\": 3314}\n"}
,{"stream_name":"stdout","time":2899.596122363,"data":"{\"family\": \"orion\", \"returncode\": 0, \"started_utc\": \"2026-09-29T20:01:30.522189+00:00\", \"finished_utc\": \"2026-09-29T20:14:22.662380+00:00\", \"out\": \"/kaggle/working/neural_seed1_r1/folds/C_orion_s1\", \"complete\": true}\n"}
,{"stream_name":"stdout","time":2902.075519752,"data":"[0.0s] data 109586 rows; outer ipsc; inner orion; regime C\n"}
,{"stream_name":"stdout","time":2937.208036039,"data":"[35.1s] true step=0 validation_rank=0.542231\n"}
,{"stream_name":"stdout","time":2943.537640115,"data":"[41.5s] true {\"step\": 50, \"loss\": 1.49628484249115, \"usable_rows\": 16, \"skipped_batches\": 0, \"validation_rank\": 0.5423228346456692}\n"}
,{"stream_name":"stdout","time":2949.581923211,"data":"[47.5s] true {\"step\": 100, \"loss\": 1.557573676109314, \"usable_rows\": 16, \"skipped_batches\": 0, \"validation_rank\": 0.5418614665354331}\n"}
,{"stream_name":"stdout","time":2955.297138588,"data":"[53.2s] true {\"step\": 150, \"loss\": 1.6521649360656738, \"usable_rows\": 12, \"skipped_batches\": 0, \"validation_rank\": 0.5439530019685039}\n"}
,{"stream_name":"stdout","time":2961.178933483,"data":"[59.1s] true {\"step\": 200, \"loss\": 1.5502021312713623, \"usable_rows\": 16, \"skipped_batches\": 0, \"validation_rank\": 0.546013779527559}\n"}
,{"stream_name":"stdout","time":2967.006886488,"data":"[64.9s] true {\"step\": 250, \"loss\": 1.6105914115905762, \"usable_rows\": 16, \"skipped_batches\": 0, \"validation_rank\": 0.542107529527559}\n"}
,{"stream_name":"stdout","time":2972.85565828,"data":"[70.8s] true {\"step\": 300, \"loss\": 1.6106690168380737, \"usable_rows\": 16, \"skipped_batches\": 0, \"validation_rank\": 0.5451833169291338}\n"}
,{"stream_name":"stdout","time":2978.550058767,"data":"[76.5s] true {\"step\": 350, \"loss\": 1.6148663759231567, \"usable_rows\": 13, \"skipped_batches\": 0, \"validation_rank\": 0.5453678641732284}\n"}
,{"stream_name":"stdout","time":2984.348866402,"data":"[82.3s] true {\"step\": 400, \"loss\": 1.53306245803833, \"usable_rows\": 16, \"skipped_batches\": 0, \"validation_rank\": 0.5470287893700787}\n"}
,{"stream_name":"stdout","time":2990.004157629,"data":"[87.9s] true {\"step\": 450, \"loss\": 1.5386477708816528, \"usable_rows\": 16, \"skipped_batches\": 0, \"validation_rank\": 0.546136811023622}\n"}
,{"stream_name":"stdout","time":2995.861258167,"data":"[93.8s] true {\"step\": 500, \"loss\": 1.7356423139572144, \"usable_rows\": 16, \"skipped_batches\": 0, \"validation_rank\": 0.5483206200787402}\n"}
,{"stream_name":"stdout","time":3001.544338342,"data":"[99.5s] true {\"step\": 550, \"loss\": 1.502596378326416, \"usable_rows\": 16, \"skipped_batches\": 0, \"validation_rank\": 0.5477977362204725}\n"}
,{"stream_name":"stdout","time":3007.153199474,"data":"[105.1s] true {\"step\": 600, \"loss\": 1.6200976371765137, \"usable_rows\": 16, \"skipped_batches\": 0, \"validation_rank\": 0.546628937007874}\n"}
,{"stream_name":"stdout","time":3013.085368819,"data":"[111.0s] true {\"step\": 650, \"loss\": 1.6328407526016235, \"usable_rows\": 14, \"skipped_batches\": 0, \"validation_rank\": 0.5471210629921259}\n"}
,{"stream_name":"stdout","time":3018.87547585,"data":"[116.8s] true {\"step\": 700, \"loss\": 1.6308504343032837, \"usable_rows\": 12, \"skipped_batches\": 0, \"validation_rank\": 0.5470903051181103}\n"}
,{"stream_name":"stdout","time":3024.706769588,"data":"[122.6s] true {\"step\": 750, \"loss\": 1.4645081758499146, \"usable_rows\": 16, \"skipped_batches\": 0, \"validation_rank\": 0.5470287893700788}\n"}
,{"stream_name":"stdout","time":3027.166353421,"data":"[125.1s] blind step=0 validation_rank=0.542231\n"}
,{"stream_name":"stdout","time":3033.016167513,"data":"[130.9s] blind {\"step\": 50, \"loss\": 1.4962273836135864, \"usable_rows\": 16, \"skipped_batches\": 0, \"validation_rank\": 0.5423228346456692}\n"}
,{"stream_name":"stdout","time":3039.036173587,"data":"[136.9s] blind {\"step\": 100, \"loss\": 1.5573437213897705, \"usable_rows\": 16, \"skipped_batches\": 0, \"validation_rank\": 0.5424458661417323}\n"}
,{"stream_name":"stdout","time":3044.717194783,"data":"[142.6s] blind {\"step\": 150, \"loss\": 1.6516951322555542, \"usable_rows\": 12, \"skipped_batches\": 0, \"validation_rank\": 0.5457369586614174}\n"}
,{"stream_name":"stdout","time":3050.46955151,"data":"[148.4s] blind {\"step\": 200, \"loss\": 1.5546338558197021, \"usable_rows\": 16, \"skipped_batches\": 0, \"validation_rank\": 0.5453986220472442}\n"}
,{"stream_name":"stdout","time":3056.175839912,"data":"[154.1s] blind {\"step\": 250, \"loss\": 1.6111243963241577, \"usable_rows\": 16, \"skipped_batches\": 0, \"validation_rank\": 0.5446604330708662}\n"}
,{"stream_name":"stdout","time":3062.053028558,"data":"[160.0s] blind {\"step\": 300, \"loss\": 1.6126880645751953, \"usable_rows\": 16, \"skipped_batches\": 0, \"validation_rank\": 0.5459522637795275}\n"}
,{"stream_name":"stdout","time":3067.761631338,"data":"[165.7s] blind {\"step\": 350, \"loss\": 1.615208387374878, \"usable_rows\": 13, \"skipped_batches\": 0, \"validation_rank\": 0.5465366633858267}\n"}
,{"stream_name":"stdout","time":3073.537410455,"data":"[171.4s] blind {\"step\": 400, \"loss\": 1.5346242189407349, \"usable_rows\": 16, \"skipped_batches\": 0, \"validation_rank\": 0.546875}\n"}
,{"stream_name":"stdout","time":3079.143369292,"data":"[177.1s] blind {\"step\": 450, \"loss\": 1.5361756086349487, \"usable_rows\": 16, \"skipped_batches\": 0, \"validation_rank\": 0.5484128937007874}\n"}
,{"stream_name":"stdout","time":3084.975608934,"data":"[182.9s] blind {\"step\": 500, \"loss\": 1.7382837533950806, \"usable_rows\": 16, \"skipped_batches\": 0, \"validation_rank\": 0.5487512303149606}\n"}
,{"stream_name":"stdout","time":3090.675499983,"data":"[188.6s] blind {\"step\": 550, \"loss\": 1.5042661428451538, \"usable_rows\": 16, \"skipped_batches\": 0, \"validation_rank\": 0.5492741141732284}\n"}
,{"stream_name":"stdout","time":3096.33486364,"data":"[194.3s] blind {\"step\": 600, \"loss\": 1.6210217475891113, \"usable_rows\": 16, \"skipped_batches\": 0, \"validation_rank\": 0.5487819881889764}\n"}
,{"stream_name":"stdout","time":3102.285657151,"data":"[200.2s] blind {\"step\": 650, \"loss\": 1.6363158226013184, \"usable_rows\": 14, \"skipped_batches\": 0, \"validation_rank\": 0.5487512303149606}\n"}
,{"stream_name":"stdout","time":3107.973080483,"data":"[205.9s] blind {\"step\": 700, \"loss\": 1.631598711013794, \"usable_rows\": 12, \"skipped_batches\": 0, \"validation_rank\": 0.547613188976378}\n"}
,{"stream_name":"stdout","time":3113.756557138,"data":"[211.7s] blind {\"step\": 750, \"loss\": 1.4695487022399902, \"usable_rows\": 16, \"skipped_batches\": 0, \"validation_rank\": 0.5476131889763779}\n"}
,{"stream_name":"stdout","time":3119.503072987,"data":"[217.4s] blind {\"step\": 800, \"loss\": 1.612305998802185, \"usable_rows\": 12, \"skipped_batches\": 0, \"validation_rank\": 0.5488742618110236}\n"}
,{"stream_name":"stdout","time":3139.681533138,"data":"[237.6s] true {\"step\": 50, \"loss\": 1.6755363941192627, \"usable_rows\": 16, \"skipped_batches\": 0}\n"}
,{"stream_name":"stdout","time":3144.291692275,"data":"[242.2s] true {\"step\": 100, \"loss\": 1.6799371242523193, \"usable_rows\": 16, \"skipped_batches\": 0}\n"}
,{"stream_name":"stdout","time":3148.779082909,"data":"[246.7s] true {\"step\": 150, \"loss\": 1.5991016626358032, \"usable_rows\": 16, \"skipped_batches\": 0}\n"}
,{"stream_name":"stdout","time":3153.412080741,"data":"[251.3s] true {\"step\": 200, \"loss\": 1.7147809267044067, \"usable_rows\": 16, \"skipped_batches\": 0}\n"}
,{"stream_name":"stdout","time":3157.992652887,"data":"[255.9s] true {\"step\": 250, \"loss\": 1.4716283082962036, \"usable_rows\": 16, \"skipped_batches\": 0}\n"}
,{"stream_name":"stdout","time":3162.485428707,"data":"[260.4s] true {\"step\": 300, \"loss\": 1.6128495931625366, \"usable_rows\": 14, \"skipped_batches\": 0}\n"}
,{"stream_name":"stdout","time":3167.113525861,"data":"[265.0s] true {\"step\": 350, \"loss\": 1.6750707626342773, \"usable_rows\": 16, \"skipped_batches\": 0}\n"}
,{"stream_name":"stdout","time":3171.656473772,"data":"[269.6s] true {\"step\": 400, \"loss\": 1.4873123168945312, \"usable_rows\": 16, \"skipped_batches\": 0}\n"}
,{"stream_name":"stdout","time":3176.259224975,"data":"[274.2s] true {\"step\": 450, \"loss\": 1.5051629543304443, \"usable_rows\": 16, \"skipped_batches\": 0}\n"}
,{"stream_name":"stdout","time":3180.689423501,"data":"[278.6s] true {\"step\": 500, \"loss\": 1.5765312910079956, \"usable_rows\": 12, \"skipped_batches\": 0}\n"}
,{"stream_name":"stdout","time":3185.11417682,"data":"[283.0s] blind {\"step\": 50, \"loss\": 1.6755239963531494, \"usable_rows\": 16, \"skipped_batches\": 0}\n"}
,{"stream_name":"stdout","time":3189.638646573,"data":"[287.6s] blind {\"step\": 100, \"loss\": 1.6809362173080444, \"usable_rows\": 16, \"skipped_batches\": 0}\n"}
,{"stream_name":"stdout","time":3194.228554852,"data":"[292.2s] blind {\"step\": 150, \"loss\": 1.6010853052139282, \"usable_rows\": 16, \"skipped_batches\": 0}\n"}
,{"stream_name":"stdout","time":3198.928497147,"data":"[296.9s] blind {\"step\": 200, \"loss\": 1.718017578125, \"usable_rows\": 16, \"skipped_batches\": 0}\n"}
,{"stream_name":"stdout","time":3203.651507476,"data":"[301.6s] blind {\"step\": 250, \"loss\": 1.470458745956421, \"usable_rows\": 16, \"skipped_batches\": 0}\n"}
,{"stream_name":"stdout","time":3208.115710827,"data":"[306.0s] blind {\"step\": 300, \"loss\": 1.613279938697815, \"usable_rows\": 14, \"skipped_batches\": 0}\n"}
,{"stream_name":"stdout","time":3212.831044634,"data":"[310.8s] blind {\"step\": 350, \"loss\": 1.6742874383926392, \"usable_rows\": 16, \"skipped_batches\": 0}\n"}
,{"stream_name":"stdout","time":3217.49978306,"data":"[315.4s] blind {\"step\": 400, \"loss\": 1.4764635562896729, \"usable_rows\": 16, \"skipped_batches\": 0}\n"}
,{"stream_name":"stdout","time":3222.227041722,"data":"[320.2s] blind {\"step\": 450, \"loss\": 1.5066777467727661, \"usable_rows\": 16, \"skipped_batches\": 0}\n"}
,{"stream_name":"stdout","time":3226.77069995,"data":"[324.7s] blind {\"step\": 500, \"loss\": 1.569756269454956, \"usable_rows\": 12, \"skipped_batches\": 0}\n"}
,{"stream_name":"stdout","time":3231.456107033,"data":"[329.4s] blind {\"step\": 550, \"loss\": 1.6570158004760742, \"usable_rows\": 14, \"skipped_batches\": 0}\n"}
,{"stream_name":"stdout","time":3949.816202098,"data":"[1047.7s] complete {\"scope\": \"one outer family; not the cross-family promotion verdict\", \"contexts\": {\"kolf\": {\"transfer\": {\"mean\": 0.00027901785714285875, \"ci95\": [-0.007174294428816045, 0.00774828767123288], \"targets\": 512}, \"blind\": {\"mean\": -0.0009478962818003898, \"ci95\": [-0.0035552799351761277, 0.001583139677103713], \"targets\": 512}, \"swap\": {\"mean\": 0.0003095951565557757, \"ci95\": [-0.0016935046171722094, 0.0022023299902152634], \"targets\": 512}, \"prior_permuted\": {\"mean\": 7.644324853229613e-06, \"ci95\": [-0.00048159246575342506, 0.00047022153253424695], \"targets\": 512}, \"null\": {\"mean\": 0.05179221196183954, \"ci95\": [0.02737791057668788, 0.07724919925697163], \"targets\": 512}}, \"hipsci_fit\": {\"transfer\": {\"mean\": 0.006795804794520544, \"ci95\": [0.001516729604941286, 0.01205567361790606], \"targets\": 512}, \"blind\": {\"mean\": 0.0008408757338551843, \"ci95\": [-0.0013759784735812174, 0.002897294673434442], \"targets\": 512}, \"swap\": {\"mean\": 0.0001261313600782756, \"ci95\": [-0.001165759540117418, 0.0014258576932485304], \"targets\": 512}, \"prior_permuted\": {\"mean\": 0.00012995352250489258, \"ci95\": [-0.0002676469239236804, 0.000523636252446184], \"targets\": 512}, \"null\": {\"mean\": 0.18772741866438358, \"ci95\": [0.16183594705540605, 0.21359973168419766], \"targets\": 512}}, \"hipsci_nonfit\": {\"transfer\": {\"mean\": 0.0025455601761252464, \"ci95\": [-0.005018881482387473, 0.010014734436154598], \"targets\": 512}, \"blind\": {\"mean\": -0.0008026541095890402, \"ci95\": [-0.003661727158757341, 0.001797371881115452], \"targets\": 512}, \"swap\": {\"mean\": -0.0005389249021526422, \"ci95\": [-0.0023469032840019535, 0.0012656135335127165], \"targets\": 512}, \"prior_permuted\": {\"mean\": 0.00010702054794520981, \"ci95\": [-0.0003707497553815971, 0.0006383966793052846], \"targets\": 512}, \"null\": {\"mean\": 0.06720699302837574, \"ci95\": [0.041534961319716256, 0.09222940045560177], \"targets\": 512}}}, \"rank_delta_macro_context\": 0.0032067942759295494, \"ci95_stratified_targets\": [-0.0006715220870026092, 0.007039340243802992], \"not_vcc_score\": true, \"seconds_measured\": 1047.7306435108185, \"best_steps\": {\"true\": 500, \"blind\": 550}, \"parameters\": 3314}\n"}
,{"stream_name":"stdout","time":3950.677728904,"data":"{\"family\": \"ipsc\", \"returncode\": 0, \"started_utc\": \"2026-09-29T20:14:22.663524+00:00\", \"finished_utc\": \"2026-09-29T20:31:53.743936+00:00\", \"out\": \"/kaggle/working/neural_seed1_r1/folds/C_ipsc_s1\", \"complete\": true}\n"}
,{"stream_name":"stdout","time":3953.156238083,"data":"[0.0s] data 109586 rows; outer rpe1; inner orion; regime C\n"}
,{"stream_name":"stdout","time":3996.113816846,"data":"[42.9s] true step=0 validation_rank=0.536879\n"}
,{"stream_name":"stdout","time":4003.727391699,"data":"[50.6s] true {\"step\": 50, \"loss\": 1.646841287612915, \"usable_rows\": 15, \"skipped_batches\": 0, \"validation_rank\": 0.5369094488188977}\n"}
,{"stream_name":"stdout","time":4011.020594483,"data":"[57.9s] true {\"step\": 100, \"loss\": 1.692341923713684, \"usable_rows\": 16, \"skipped_batches\": 0, \"validation_rank\": 0.5370324803149606}\n"}
,{"stream_name":"stdout","time":4018.397458112,"data":"[65.2s] true {\"step\": 150, \"loss\": 1.6724069118499756, \"usable_rows\": 14, \"skipped_batches\": 0, \"validation_rank\": 0.5374323326771653}\n"}
,{"stream_name":"stdout","time":4025.518364838,"data":"[72.4s] true {\"step\": 200, \"loss\": 1.6307780742645264, \"usable_rows\": 16, \"skipped_batches\": 0, \"validation_rank\": 0.5415846456692913}\n"}
,{"stream_name":"stdout","time":4032.800109796,"data":"[79.6s] true {\"step\": 250, \"loss\": 1.5909717082977295, \"usable_rows\": 14, \"skipped_batches\": 0, \"validation_rank\": 0.5490280511811024}\n"}
,{"stream_name":"stdout","time":4040.15995411,"data":"[87.0s] true {\"step\": 300, \"loss\": 1.5931332111358643, \"usable_rows\": 15, \"skipped_batches\": 0, \"validation_rank\": 0.5505659448818898}\n"}
,{"stream_name":"stdout","time":4047.459957515,"data":"[94.3s] true {\"step\": 350, \"loss\": 1.5613523721694946, \"usable_rows\": 15, \"skipped_batches\": 0, \"validation_rank\": 0.5493663877952756}\n"}
,{"stream_name":"stdout","time":4054.698171031,"data":"[101.5s] true {\"step\": 400, \"loss\": 1.6489673852920532, \"usable_rows\": 14, \"skipped_batches\": 0, \"validation_rank\": 0.5481975885826772}\n"}
,{"stream_name":"stdout","time":4061.841673269,"data":"[108.7s] true {\"step\": 450, \"loss\": 1.678214192390442, \"usable_rows\": 16, \"skipped_batches\": 0, \"validation_rank\": 0.5442298228346456}\n"}
,{"stream_name":"stdout","time":4069.141754813,"data":"[116.0s] true {\"step\": 500, \"loss\": 1.6266719102859497, \"usable_rows\": 13, \"skipped_batches\": 0, \"validation_rank\": 0.5509965551181103}\n"}
,{"stream_name":"stdout","time":4076.2468153,"data":"[123.1s] true {\"step\": 550, \"loss\": 1.6819785833358765, \"usable_rows\": 16, \"skipped_batches\": 0, \"validation_rank\": 0.5509350393700787}\n"}
,{"stream_name":"stdout","time":4083.51074686,"data":"[130.4s] true {\"step\": 600, \"loss\": 1.624505877494812, \"usable_rows\": 13, \"skipped_batches\": 0, \"validation_rank\": 0.5506889763779528}\n"}
,{"stream_name":"stdout","time":4090.752685906,"data":"[137.6s] true {\"step\": 650, \"loss\": 1.5412843227386475, \"usable_rows\": 15, \"skipped_batches\": 0, \"validation_rank\": 0.5506889763779528}\n"}
,{"stream_name":"stdout","time":4098.004353993,"data":"[144.8s] true {\"step\": 700, \"loss\": 1.7198445796966553, \"usable_rows\": 14, \"skipped_batches\": 0, \"validation_rank\": 0.547613188976378}\n"}
,{"stream_name":"stdout","time":4105.439591819,"data":"[152.3s] true {\"step\": 750, \"loss\": 1.7317403554916382, \"usable_rows\": 16, \"skipped_batches\": 0, \"validation_rank\": 0.5498585137795275}\n"}
,{"stream_name":"stdout","time":4108.628087353,"data":"[155.5s] blind step=0 validation_rank=0.536879\n"}
,{"stream_name":"stdout","time":4115.84715569,"data":"[162.7s] blind {\"step\": 50, \"loss\": 1.6468379497528076, \"usable_rows\": 15, \"skipped_batches\": 0, \"validation_rank\": 0.5369094488188977}\n"}
,{"stream_name":"stdout","time":4123.207729804,"data":"[170.1s] blind {\"step\": 100, \"loss\": 1.692379117012024, \"usable_rows\": 16, \"skipped_batches\": 0, \"validation_rank\": 0.5371247539370079}\n"}
,{"stream_name":"stdout","time":4130.620942599,"data":"[177.5s] blind {\"step\": 150, \"loss\": 1.6725550889968872, \"usable_rows\": 14, \"skipped_batches\": 0, \"validation_rank\": 0.5395238681102362}\n"}
,{"stream_name":"stdout","time":4137.844129666,"data":"[184.7s] blind {\"step\": 200, \"loss\": 1.6303443908691406, \"usable_rows\": 16, \"skipped_batches\": 0, \"validation_rank\": 0.5451525590551181}\n"}
,{"stream_name":"stdout","time":4145.100502384,"data":"[191.9s] blind {\"step\": 250, \"loss\": 1.5866727828979492, \"usable_rows\": 14, \"skipped_batches\": 0, \"validation_rank\": 0.550166092519685}\n"}
,{"stream_name":"stdout","time":4152.469021406,"data":"[199.3s] blind {\"step\": 300, \"loss\": 1.5914546251296997, \"usable_rows\": 15, \"skipped_batches\": 0, \"validation_rank\": 0.5500123031496063}\n"}
,{"stream_name":"stdout","time":4159.647686775,"data":"[206.5s] blind {\"step\": 350, \"loss\": 1.5610566139221191, \"usable_rows\": 15, \"skipped_batches\": 0, \"validation_rank\": 0.5501353346456692}\n"}
,{"stream_name":"stdout","time":4166.913390585,"data":"[213.8s] blind {\"step\": 400, \"loss\": 1.6486507654190063, \"usable_rows\": 14, \"skipped_batches\": 0, \"validation_rank\": 0.5482898622047244}\n"}
,{"stream_name":"stdout","time":4174.164081447,"data":"[221.0s] blind {\"step\": 450, \"loss\": 1.6790573596954346, \"usable_rows\": 16, \"skipped_batches\": 0, \"validation_rank\": 0.5442605807086615}\n"}
,{"stream_name":"stdout","time":4181.477007777,"data":"[228.3s] blind {\"step\": 500, \"loss\": 1.6267889738082886, \"usable_rows\": 13, \"skipped_batches\": 0, \"validation_rank\": 0.5513964074803149}\n"}
,{"stream_name":"stdout","time":4188.518241651,"data":"[235.4s] blind {\"step\": 550, \"loss\": 1.6817660331726074, \"usable_rows\": 16, \"skipped_batches\": 0, \"validation_rank\": 0.5495201771653544}\n"}
,{"stream_name":"stdout","time":4195.677716643,"data":"[242.5s] blind {\"step\": 600, \"loss\": 1.62226402759552, \"usable_rows\": 13, \"skipped_batches\": 0, \"validation_rank\": 0.549920029527559}\n"}
,{"stream_name":"stdout","time":4202.995943455,"data":"[249.8s] blind {\"step\": 650, \"loss\": 1.5428049564361572, \"usable_rows\": 15, \"skipped_batches\": 0, \"validation_rank\": 0.551273375984252}\n"}
,{"stream_name":"stdout","time":4210.308100027,"data":"[257.1s] blind {\"step\": 700, \"loss\": 1.7213979959487915, \"usable_rows\": 14, \"skipped_batches\": 0, \"validation_rank\": 0.5465674212598426}\n"}
,{"stream_name":"stdout","time":4217.687669597,"data":"[264.5s] blind {\"step\": 750, \"loss\": 1.730826735496521, \"usable_rows\": 16, \"skipped_batches\": 0, \"validation_rank\": 0.5495816929133859}\n"}
,{"stream_name":"stdout","time":4239.036140664,"data":"[285.9s] true {\"step\": 50, \"loss\": 1.7208127975463867, \"usable_rows\": 16, \"skipped_batches\": 0}\n"}
,{"stream_name":"stdout","time":4244.452452588,"data":"[291.3s] true {\"step\": 100, \"loss\": 1.7294608354568481, \"usable_rows\": 16, \"skipped_batches\": 0}\n"}
,{"stream_name":"stdout","time":4249.78323454,"data":"[296.6s] true {\"step\": 150, \"loss\": 1.7223219871520996, \"usable_rows\": 16, \"skipped_batches\": 0}\n"}
,{"stream_name":"stdout","time":4255.109692041,"data":"[302.0s] true {\"step\": 200, \"loss\": 1.6041918992996216, \"usable_rows\": 14, \"skipped_batches\": 0}\n"}
,{"stream_name":"stdout","time":4260.521752891,"data":"[307.4s] true {\"step\": 250, \"loss\": 1.504087209701538, \"usable_rows\": 15, \"skipped_batches\": 0}\n"}
,{"stream_name":"stdout","time":4265.94670661,"data":"[312.8s] true {\"step\": 300, \"loss\": 1.6189944744110107, \"usable_rows\": 16, \"skipped_batches\": 0}\n"}
,{"stream_name":"stdout","time":4271.272309192,"data":"[318.1s] true {\"step\": 350, \"loss\": 1.4906494617462158, \"usable_rows\": 16, \"skipped_batches\": 0}\n"}
,{"stream_name":"stdout","time":4276.709546461,"data":"[323.5s] true {\"step\": 400, \"loss\": 1.6846864223480225, \"usable_rows\": 16, \"skipped_batches\": 0}\n"}
,{"stream_name":"stdout","time":4282.147456862,"data":"[329.0s] true {\"step\": 450, \"loss\": 1.7261074781417847, \"usable_rows\": 13, \"skipped_batches\": 0}\n"}
,{"stream_name":"stdout","time":4287.643713313,"data":"[334.5s] true {\"step\": 500, \"loss\": 1.7086175680160522, \"usable_rows\": 16, \"skipped_batches\": 0}\n"}
,{"stream_name":"stdout","time":4293.034786505,"data":"[339.9s] blind {\"step\": 50, \"loss\": 1.7208096981048584, \"usable_rows\": 16, \"skipped_batches\": 0}\n"}
,{"stream_name":"stdout","time":4298.395841781,"data":"[345.2s] blind {\"step\": 100, \"loss\": 1.7294700145721436, \"usable_rows\": 16, \"skipped_batches\": 0}\n"}
,{"stream_name":"stdout","time":4303.906754984,"data":"[350.8s] blind {\"step\": 150, \"loss\": 1.7221331596374512, \"usable_rows\": 16, \"skipped_batches\": 0}\n"}
,{"stream_name":"stdout","time":4309.311125226,"data":"[356.1s] blind {\"step\": 200, \"loss\": 1.6023709774017334, \"usable_rows\": 14, \"skipped_batches\": 0}\n"}
,{"stream_name":"stdout","time":4314.79143086,"data":"[361.6s] blind {\"step\": 250, \"loss\": 1.4995750188827515, \"usable_rows\": 15, \"skipped_batches\": 0}\n"}
,{"stream_name":"stdout","time":4320.287311595,"data":"[367.1s] blind {\"step\": 300, \"loss\": 1.616572380065918, \"usable_rows\": 16, \"skipped_batches\": 0}\n"}
,{"stream_name":"stdout","time":4325.686768676,"data":"[372.5s] blind {\"step\": 350, \"loss\": 1.4866551160812378, \"usable_rows\": 16, \"skipped_batches\": 0}\n"}
,{"stream_name":"stdout","time":4331.099634918,"data":"[377.9s] blind {\"step\": 400, \"loss\": 1.6834017038345337, \"usable_rows\": 16, \"skipped_batches\": 0}\n"}
,{"stream_name":"stdout","time":4336.560456212,"data":"[383.4s] blind {\"step\": 450, \"loss\": 1.723732829093933, \"usable_rows\": 13, \"skipped_batches\": 0}\n"}
,{"stream_name":"stdout","time":4342.172283791,"data":"[389.0s] blind {\"step\": 500, \"loss\": 1.7075214385986328, \"usable_rows\": 16, \"skipped_batches\": 0}\n"}
,{"stream_name":"stdout","time":4661.256314739,"data":"[708.1s] complete {\"scope\": \"one outer family; not the cross-family promotion verdict\", \"contexts\": {\"rpe1\": {\"transfer\": {\"mean\": 0.013075617661448142, \"ci95\": [0.007112948721868885, 0.01910698997064579], \"targets\": 512}, \"blind\": {\"mean\": 0.004663038160469666, \"ci95\": [0.0020447613441780814, 0.007334729696673186], \"targets\": 512}, \"swap\": {\"mean\": 0.00037457191780822, \"ci95\": [-0.00012230919765166296, 0.0008752751956947148], \"targets\": 512}, \"prior_permuted\": {\"mean\": 0.001349223336594915, \"ci95\": [-0.00042808219178081615, 0.0030348925207925636], \"targets\": 512}, \"null\": {\"mean\": 0.2858557057240705, \"ci95\": [0.2628559388759785, 0.30934681155210375], \"targets\": 512}}}, \"rank_delta_macro_context\": 0.013075617661448142, \"ci95_stratified_targets\": [0.006856768285225047, 0.019670281158268098], \"not_vcc_score\": true, \"seconds_measured\": 708.0887289047241, \"best_steps\": {\"true\": 500, \"blind\": 500}, \"parameters\": 3314}\n"}
,{"stream_name":"stdout","time":4662.099010479,"data":"{\"family\": \"rpe1\", \"returncode\": 0, \"started_utc\": \"2026-09-29T20:31:53.745145+00:00\", \"finished_utc\": \"2026-09-29T20:43:45.165154+00:00\", \"out\": \"/kaggle/working/neural_seed1_r1/folds/C_rpe1_s1\", \"complete\": true}\n"}
,{"stream_name":"stdout","time":4663.950115199,"data":"{\n"}
,{"stream_name":"stdout","time":4663.950788528,"data":"  \"not_vcc_score\": true,\n"}
,{"stream_name":"stdout","time":4663.951737665,"data":"  \"families\": {},\n"}
,{"stream_name":"stdout","time":4663.952737579,"data":"  \"contrasts\": {\n"}
,{"stream_name":"stdout","time":4663.953611516,"data":"    \"transfer\": {\n"}
,{"stream_name":"stdout","time":4663.954584603,"data":"      \"macro_family_delta\": 0.0024585422782126545,\n"}
,{"stream_name":"stdout","time":4663.955477273,"data":"      \"ci95\": [\n"}
,{"stream_name":"stdout","time":4663.956413696,"data":"        0.0006812494903783425,\n"}
,{"stream_name":"stdout","time":4663.95723843,"data":"        0.004396506033920416\n"}
,{"stream_name":"stdout","time":4663.95806158,"data":"      ],\n"}
,{"stream_name":"stdout","time":4663.959093595,"data":"      \"per_family\": {\n"}
,{"stream_name":"stdout","time":4663.960068339,"data":"        \"cd4\": 0.005306435502283105,\n"}
,{"stream_name":"stdout","time":4663.960915329,"data":"        \"ipsc\": 0.0032067942759295503,\n"}
,{"stream_name":"stdout","time":4663.96183467,"data":"        \"k562\": -0.0070582599478147415,\n"}
,{"stream_name":"stdout","time":4663.962786772,"data":"        \"orion\": -0.002237876100782782,\n"}
,{"stream_name":"stdout","time":4663.963776503,"data":"        \"rpe1\": 0.01307561766144814\n"}
,{"stream_name":"stdout","time":4663.964681728,"data":"      }\n"}
,{"stream_name":"stdout","time":4663.965518644,"data":"    },\n"}
,{"stream_name":"stdout","time":4663.96634345,"data":"    \"blind\": {\n"}
,{"stream_name":"stdout","time":4663.967388532,"data":"      \"macro_family_delta\": 0.0007422639432485313,\n"}
,{"stream_name":"stdout","time":4663.968232136,"data":"      \"ci95\": [\n"}
,{"stream_name":"stdout","time":4663.969202524,"data":"        -4.817198711676625e-05,\n"}
,{"stream_name":"stdout","time":4663.970243375,"data":"        0.0015553716670743626\n"}
,{"stream_name":"stdout","time":4663.9709664,"data":"      ],\n"}
,{"stream_name":"stdout","time":4663.97163003,"data":"      \"per_family\": {\n"}
,{"stream_name":"stdout","time":4663.973064449,"data":"        \"cd4\": 8.536162752772283e-05,\n"}
,{"stream_name":"stdout","time":4663.973383146,"data":"        \"ipsc\": -0.0003032248858447471,\n"}
,{"stream_name":"stdout","time":4663.974258611,"data":"        \"k562\": 0.0022932974559686883,\n"}
,{"stream_name":"stdout","time":4663.975239517,"data":"        \"orion\": -0.003027152641878672,\n"}
,{"stream_name":"stdout","time":4663.976039678,"data":"        \"rpe1\": 0.004663038160469665\n"}
,{"stream_name":"stdout","time":4663.976952688,"data":"      }\n"}
,{"stream_name":"stdout","time":4663.977858144,"data":"    },\n"}
,{"stream_name":"stdout","time":4663.978849702,"data":"    \"swap\": {\n"}
,{"stream_name":"stdout","time":4663.97977284,"data":"      \"macro_family_delta\": 0.00020040871656881978,\n"}
,{"stream_name":"stdout","time":4663.980861134,"data":"      \"ci95\": [\n"}
,{"stream_name":"stdout","time":4663.981728968,"data":"        -8.245996921885196e-05,\n"}
,{"stream_name":"stdout","time":4663.982666531,"data":"        0.0004532097246004562\n"}
,{"stream_name":"stdout","time":4663.983602298,"data":"      ],\n"}
,{"stream_name":"stdout","time":4663.98452942,"data":"      \"per_family\": {\n"}
,{"stream_name":"stdout","time":4663.985448137,"data":"        \"cd4\": 1.274054142203752e-06,\n"}
,{"stream_name":"stdout","time":4663.986365855,"data":"        \"ipsc\": -3.4399461839530636e-05,\n"}
,{"stream_name":"stdout","time":4663.987238911,"data":"        \"k562\": 0.0002306037997390725,\n"}
,{"stream_name":"stdout","time":4663.988177676,"data":"        \"orion\": 0.0004299932729941308,\n"}
,{"stream_name":"stdout","time":4663.989099745,"data":"        \"rpe1\": 0.00037457191780822246\n"}
,{"stream_name":"stdout","time":4663.989970508,"data":"      }\n"}
,{"stream_name":"stdout","time":4663.990959198,"data":"    },\n"}
,{"stream_name":"stdout","time":4663.991790625,"data":"    \"prior_permuted\": {\n"}
,{"stream_name":"stdout","time":4663.992749456,"data":"      \"macro_family_delta\": 0.0003442494292237444,\n"}
,{"stream_name":"stdout","time":4663.993618424,"data":"      \"ci95\": [\n"}
,{"stream_name":"stdout","time":4663.994504644,"data":"        -6.412314497716932e-05,\n"}
,{"stream_name":"stdout","time":4663.995378707,"data":"        0.0007415536580642535\n"}
,{"stream_name":"stdout","time":4663.996312736,"data":"      ],\n"}
,{"stream_name":"stdout","time":4663.997092737,"data":"      \"per_family\": {\n"}
,{"stream_name":"stdout","time":4663.998169641,"data":"        \"cd4\": 0.0003452686725375078,\n"}
,{"stream_name":"stdout","time":4663.999142833,"data":"        \"ipsc\": 8.153946510111246e-05,\n"}
,{"stream_name":"stdout","time":4664.000022178,"data":"        \"k562\": 0.00022041136660143278,\n"}
,{"stream_name":"stdout","time":4664.000847248,"data":"        \"orion\": -0.0002751956947162465,\n"}
,{"stream_name":"stdout","time":4664.00171542,"data":"        \"rpe1\": 0.0013492233365949157\n"}
,{"stream_name":"stdout","time":4664.002620176,"data":"      }\n"}
,{"stream_name":"stdout","time":4664.00354445,"data":"    },\n"}
,{"stream_name":"stdout","time":4664.004427475,"data":"    \"null\": {\n"}
,{"stream_name":"stdout","time":4664.005152933,"data":"      \"macro_family_delta\": 0.13789272718933465,\n"}
,{"stream_name":"stdout","time":4664.005835576,"data":"      \"ci95\": [\n"}
,{"stream_name":"stdout","time":4664.006531716,"data":"        0.12982736407116358,\n"}
,{"stream_name":"stdout","time":4664.007209201,"data":"        0.14548338251182324\n"}
,{"stream_name":"stdout","time":4664.00793191,"data":"      ],\n"}
,{"stream_name":"stdout","time":4664.008706982,"data":"      \"per_family\": {\n"}
,{"stream_name":"stdout","time":4664.009483501,"data":"        \"cd4\": 0.06509206315231572,\n"}
,{"stream_name":"stdout","time":4664.010153952,"data":"        \"ipsc\": 0.10224220788486628,\n"}
,{"stream_name":"stdout","time":4664.010837895,"data":"        \"k562\": 0.1890059319960861,\n"}
,{"stream_name":"stdout","time":4664.011559098,"data":"        \"orion\": 0.04726772718933464,\n"}
,{"stream_name":"stdout","time":4664.012288002,"data":"        \"rpe1\": 0.2858557057240705\n"}
,{"stream_name":"stdout","time":4664.012915458,"data":"      }\n"}
,{"stream_name":"stdout","time":4664.013575101,"data":"    }\n"}
,{"stream_name":"stdout","time":4664.014260664,"data":"  },\n"}
,{"stream_name":"stdout","time":4664.015017616,"data":"  \"regime\": \"C\",\n"}
,{"stream_name":"stdout","time":4664.015707249,"data":"  \"training_seed\": 1,\n"}
,{"stream_name":"stdout","time":4664.016478898,"data":"  \"bootstrap_scope\": \"targets within each observed context; equal families then contexts, conditional on these five families\",\n"}
,{"stream_name":"stdout","time":4664.01718615,"data":"  \"eligible_for_cell_scorer\": false,\n"}
,{"stream_name":"stdout","time":4664.017895694,"data":"  \"evidence_for_context_use\": true,\n"}
,{"stream_name":"stdout","time":4664.018623295,"data":"  \"robust_across_seeds\": false,\n"}
,{"stream_name":"stdout","time":4664.019383638,"data":"  \"next_requirement\": \"A separate seed and an independent cell-level benchmark; this readout never authorizes submission.\",\n"}
,{"stream_name":"stdout","time":4664.020060428,"data":"  \"reader_provenance\": {\n"}
,{"stream_name":"stdout","time":4664.020725421,"data":"    \"original_reader\": \"95f0f37610778d26b09806cfed5614d054c8f6fa181a6844480f5277f47c8f22\",\n"}
,{"stream_name":"stdout","time":4664.02149451,"data":"    \"corrected_reader\": \"21b936b387ec734e0aaeb4b85f982f127a465a84fb3a77dc89917190881a8243\",\n"}
,{"stream_name":"stdout","time":4664.022220026,"data":"    \"amendment\": \"eb318d4e79a73ade2d72e489be2e7a65bc37ee0f9210f71aa500a3d0497bec70\",\n"}
,{"stream_name":"stdout","time":4664.023336626,"data":"    \"guard\": \"e90e095c25f7e4e17c0cc0e4cfad71f87b57eababf49765db9c5ec624ff0e3b4\"\n"}
,{"stream_name":"stdout","time":4664.024154294,"data":"  }\n"}
,{"stream_name":"stdout","time":4664.024863648,"data":"}\n"}
,{"stream_name":"stdout","time":4685.865285258,"data":"{\n"}
,{"stream_name":"stdout","time":4685.866556976,"data":"  \"created_utc\": \"2026-09-29T20:44:08.404531+00:00\",\n"}
,{"stream_name":"stdout","time":4685.867421911,"data":"  \"not_vcc_score\": true,\n"}
,{"stream_name":"stdout","time":4685.868436904,"data":"  \"claim_type\": \"additive sensitivity diagnostic; frozen promotion rule unchanged\",\n"}
,{"stream_name":"stdout","time":4685.869336943,"data":"  \"bootstrap\": {\n"}
,{"stream_name":"stdout","time":4685.870423887,"data":"    \"draws\": 2000,\n"}
,{"stream_name":"stdout","time":4685.871613448,"data":"    \"seed\": 20260929,\n"}
,{"stream_name":"stdout","time":4685.872633966,"data":"    \"unit\": \"same target across all contexts/families\",\n"}
,{"stream_name":"stdout","time":4685.873636377,"data":"    \"conditional\": \"fixed learned predictions, measured gene support and original truth centring; these five observed families\"\n"}
,{"stream_name":"stdout","time":4685.874655879,"data":"  },\n"}
,{"stream_name":"stdout","time":4685.875579468,"data":"  \"unique_targets\": 5049,\n"}
,{"stream_name":"stdout","time":4685.876595915,"data":"  \"target_occurrences\": 6144,\n"}
,{"stream_name":"stdout","time":4685.877561263,"data":"  \"targets_in_multiple_contexts\": 936,\n"}
,{"stream_name":"stdout","time":4685.878568755,"data":"  \"target_overlap_by_context\": {\n"}
,{"stream_name":"stdout","time":4685.879572515,"data":"    \"k562\": {\n"}
,{"stream_name":"stdout","time":4685.880584443,"data":"      \"k562\": 512,\n"}
,{"stream_name":"stdout","time":4685.881561786,"data":"      \"k562ess\": 27,\n"}
,{"stream_name":"stdout","time":4685.882600648,"data":"      \"viperturb\": 18,\n"}
,{"stream_name":"stdout","time":4685.883534912,"data":"      \"cd4_Rest\": 19,\n"}
,{"stream_name":"stdout","time":4685.884439986,"data":"      \"cd4_Stim8hr\": 32,\n"}
,{"stream_name":"stdout","time":4685.885492484,"data":"      \"cd4_Stim48hr\": 14,\n"}
,{"stream_name":"stdout","time":4685.886302434,"data":"      \"orion_hct116\": 6,\n"}
,{"stream_name":"stdout","time":4685.887343827,"data":"      \"orion_hek293t\": 22,\n"}
,{"stream_name":"stdout","time":4685.888279125,"data":"      \"kolf\": 13,\n"}
,{"stream_name":"stdout","time":4685.889085323,"data":"      \"hipsci_fit\": 22,\n"}
,{"stream_name":"stdout","time":4685.890181468,"data":"      \"hipsci_nonfit\": 21,\n"}
,{"stream_name":"stdout","time":4685.891143584,"data":"      \"rpe1\": 22\n"}
,{"stream_name":"stdout","time":4685.892017568,"data":"    },\n"}
,{"stream_name":"stdout","time":4685.893040454,"data":"    \"k562ess\": {\n"}
,{"stream_name":"stdout","time":4685.894011941,"data":"      \"k562\": 27,\n"}
,{"stream_name":"stdout","time":4685.895024734,"data":"      \"k562ess\": 512,\n"}
,{"stream_name":"stdout","time":4685.895889563,"data":"      \"viperturb\": 18,\n"}
,{"stream_name":"stdout","time":4685.896883497,"data":"      \"cd4_Rest\": 16,\n"}
,{"stream_name":"stdout","time":4685.897797438,"data":"      \"cd4_Stim8hr\": 13,\n"}
,{"stream_name":"stdout","time":4685.898882938,"data":"      \"cd4_Stim48hr\": 16,\n"}
,{"stream_name":"stdout","time":4685.899781246,"data":"      \"orion_hct116\": 10,\n"}
,{"stream_name":"stdout","time":4685.900977189,"data":"      \"orion_hek293t\": 12,\n"}
,{"stream_name":"stdout","time":4685.901763585,"data":"      \"kolf\": 11,\n"}
,{"stream_name":"stdout","time":4685.902799336,"data":"      \"hipsci_fit\": 72,\n"}
,{"stream_name":"stdout","time":4685.903860489,"data":"      \"hipsci_nonfit\": 15,\n"}
,{"stream_name":"stdout","time":4685.904886392,"data":"      \"rpe1\": 107\n"}
,{"stream_name":"stdout","time":4685.905896564,"data":"    },\n"}
,{"stream_name":"stdout","time":4685.906861577,"data":"    \"viperturb\": {\n"}
,{"stream_name":"stdout","time":4685.90777085,"data":"      \"k562\": 18,\n"}
,{"stream_name":"stdout","time":4685.908817209,"data":"      \"k562ess\": 18,\n"}
,{"stream_name":"stdout","time":4685.909674646,"data":"      \"viperturb\": 512,\n"}
,{"stream_name":"stdout","time":4685.910765286,"data":"      \"cd4_Rest\": 13,\n"}
,{"stream_name":"stdout","time":4685.911894522,"data":"      \"cd4_Stim8hr\": 12,\n"}
,{"stream_name":"stdout","time":4685.91270035,"data":"      \"cd4_Stim48hr\": 12,\n"}
,{"stream_name":"stdout","time":4685.913851172,"data":"      \"orion_hct116\": 16,\n"}
,{"stream_name":"stdout","time":4685.914782454,"data":"      \"orion_hek293t\": 15,\n"}
,{"stream_name":"stdout","time":4685.915819394,"data":"      \"kolf\": 14,\n"}
,{"stream_name":"stdout","time":4685.916780468,"data":"      \"hipsci_fit\": 15,\n"}
,{"stream_name":"stdout","time":4685.918048445,"data":"      \"hipsci_nonfit\": 12,\n"}
,{"stream_name":"stdout","time":4685.918787141,"data":"      \"rpe1\": 18\n"}
,{"stream_name":"stdout","time":4685.920022945,"data":"    },\n"}
,{"stream_name":"stdout","time":4685.920934555,"data":"    \"cd4_Rest\": {\n"}
,{"stream_name":"stdout","time":4685.921806518,"data":"      \"k562\": 19,\n"}
,{"stream_name":"stdout","time":4685.923081437,"data":"      \"k562ess\": 16,\n"}
,{"stream_name":"stdout","time":4685.923748962,"data":"      \"viperturb\": 13,\n"}
,{"stream_name":"stdout","time":4685.924951408,"data":"      \"cd4_Rest\": 512,\n"}
,{"stream_name":"stdout","time":4685.925766738,"data":"      \"cd4_Stim8hr\": 22,\n"}
,{"stream_name":"stdout","time":4685.926945418,"data":"      \"cd4_Stim48hr\": 23,\n"}
,{"stream_name":"stdout","time":4685.927819303,"data":"      \"orion_hct116\": 17,\n"}
,{"stream_name":"stdout","time":4685.9288928,"data":"      \"orion_hek293t\": 17,\n"}
,{"stream_name":"stdout","time":4685.929924685,"data":"      \"kolf\": 19,\n"}
,{"stream_name":"stdout","time":4685.930968581,"data":"      \"hipsci_fit\": 16,\n"}
,{"stream_name":"stdout","time":4685.93185697,"data":"      \"hipsci_nonfit\": 17,\n"}
,{"stream_name":"stdout","time":4685.933126956,"data":"      \"rpe1\": 29\n"}
,{"stream_name":"stdout","time":4685.933755925,"data":"    },\n"}
,{"stream_name":"stdout","time":4685.934922097,"data":"    \"cd4_Stim8hr\": {\n"}
,{"stream_name":"stdout","time":4685.935910599,"data":"      \"k562\": 32,\n"}
,{"stream_name":"stdout","time":4685.937018907,"data":"      \"k562ess\": 13,\n"}
,{"stream_name":"stdout","time":4685.938071629,"data":"      \"viperturb\": 12,\n"}
,{"stream_name":"stdout","time":4685.939021682,"data":"      \"cd4_Rest\": 22,\n"}
,{"stream_name":"stdout","time":4685.940218693,"data":"      \"cd4_Stim8hr\": 512,\n"}
,{"stream_name":"stdout","time":4685.941233337,"data":"      \"cd4_Stim48hr\": 19,\n"}
,{"stream_name":"stdout","time":4685.942065284,"data":"      \"orion_hct116\": 15,\n"}
,{"stream_name":"stdout","time":4685.943159146,"data":"      \"orion_hek293t\": 18,\n"}
,{"stream_name":"stdout","time":4685.944171062,"data":"      \"kolf\": 15,\n"}
,{"stream_name":"stdout","time":4685.945046859,"data":"      \"hipsci_fit\": 13,\n"}
,{"stream_name":"stdout","time":4685.946202422,"data":"      \"hipsci_nonfit\": 14,\n"}
,{"stream_name":"stdout","time":4685.947106853,"data":"      \"rpe1\": 19\n"}
,{"stream_name":"stdout","time":4685.948203917,"data":"    },\n"}
,{"stream_name":"stdout","time":4685.949134715,"data":"    \"cd4_Stim48hr\": {\n"}
,{"stream_name":"stdout","time":4685.950284223,"data":"      \"k562\": 14,\n"}
,{"stream_name":"stdout","time":4685.951326364,"data":"      \"k562ess\": 16,\n"}
,{"stream_name":"stdout","time":4685.952272634,"data":"      \"viperturb\": 12,\n"}
,{"stream_name":"stdout","time":4685.953254121,"data":"      \"cd4_Rest\": 23,\n"}
,{"stream_name":"stdout","time":4685.95425976,"data":"      \"cd4_Stim8hr\": 19,\n"}
,{"stream_name":"stdout","time":4685.955250132,"data":"      \"cd4_Stim48hr\": 512,\n"}
,{"stream_name":"stdout","time":4685.95625588,"data":"      \"orion_hct116\": 9,\n"}
,{"stream_name":"stdout","time":4685.957240505,"data":"      \"orion_hek293t\": 19,\n"}
,{"stream_name":"stdout","time":4685.958071502,"data":"      \"kolf\": 22,\n"}
,{"stream_name":"stdout","time":4685.959137315,"data":"      \"hipsci_fit\": 15,\n"}
,{"stream_name":"stdout","time":4685.960353822,"data":"      \"hipsci_nonfit\": 17,\n"}
,{"stream_name":"stdout","time":4685.961385497,"data":"      \"rpe1\": 21\n"}
,{"stream_name":"stdout","time":4685.962410793,"data":"    },\n"}
,{"stream_name":"stdout","time":4685.96332285,"data":"    \"orion_hct116\": {\n"}
,{"stream_name":"stdout","time":4685.964259674,"data":"      \"k562\": 6,\n"}
,{"stream_name":"stdout","time":4685.965046864,"data":"      \"k562ess\": 10,\n"}
,{"stream_name":"stdout","time":4685.966142228,"data":"      \"viperturb\": 16,\n"}
,{"stream_name":"stdout","time":4685.967131415,"data":"      \"cd4_Rest\": 17,\n"}
,{"stream_name":"stdout","time":4685.968149686,"data":"      \"cd4_Stim8hr\": 15,\n"}
,{"stream_name":"stdout","time":4685.968904588,"data":"      \"cd4_Stim48hr\": 9,\n"}
,{"stream_name":"stdout","time":4685.969863166,"data":"      \"orion_hct116\": 512,\n"}
,{"stream_name":"stdout","time":4685.971032869,"data":"      \"orion_hek293t\": 17,\n"}
,{"stream_name":"stdout","time":4685.971847573,"data":"      \"kolf\": 16,\n"}
,{"stream_name":"stdout","time":4685.97289214,"data":"      \"hipsci_fit\": 13,\n"}
,{"stream_name":"stdout","time":4685.974022026,"data":"      \"hipsci_nonfit\": 13,\n"}
,{"stream_name":"stdout","time":4685.975003182,"data":"      \"rpe1\": 10\n"}
,{"stream_name":"stdout","time":4685.975842304,"data":"    },\n"}
,{"stream_name":"stdout","time":4685.976928589,"data":"    \"orion_hek293t\": {\n"}
,{"stream_name":"stdout","time":4685.977907617,"data":"      \"k562\": 22,\n"}
,{"stream_name":"stdout","time":4685.978899205,"data":"      \"k562ess\": 12,\n"}
,{"stream_name":"stdout","time":4685.979942614,"data":"      \"viperturb\": 15,\n"}
,{"stream_name":"stdout","time":4685.980929683,"data":"      \"cd4_Rest\": 17,\n"}
,{"stream_name":"stdout","time":4685.981776722,"data":"      \"cd4_Stim8hr\": 18,\n"}
,{"stream_name":"stdout","time":4685.982626789,"data":"      \"cd4_Stim48hr\": 19,\n"}
,{"stream_name":"stdout","time":4685.983643377,"data":"      \"orion_hct116\": 17,\n"}
,{"stream_name":"stdout","time":4685.984540728,"data":"      \"orion_hek293t\": 512,\n"}
,{"stream_name":"stdout","time":4685.985412814,"data":"      \"kolf\": 15,\n"}
,{"stream_name":"stdout","time":4685.986377541,"data":"      \"hipsci_fit\": 11,\n"}
,{"stream_name":"stdout","time":4685.987124205,"data":"      \"hipsci_nonfit\": 14,\n"}
,{"stream_name":"stdout","time":4685.98799115,"data":"      \"rpe1\": 15\n"}
,{"stream_name":"stdout","time":4685.988968723,"data":"    },\n"}
,{"stream_name":"stdout","time":4685.989812175,"data":"    \"kolf\": {\n"}
,{"stream_name":"stdout","time":4685.99075416,"data":"      \"k562\": 13,\n"}
,{"stream_name":"stdout","time":4685.991477436,"data":"      \"k562ess\": 11,\n"}
,{"stream_name":"stdout","time":4685.992362914,"data":"      \"viperturb\": 14,\n"}
,{"stream_name":"stdout","time":4685.9933091,"data":"      \"cd4_Rest\": 19,\n"}
,{"stream_name":"stdout","time":4685.994209714,"data":"      \"cd4_Stim8hr\": 15,\n"}
,{"stream_name":"stdout","time":4685.99512297,"data":"      \"cd4_Stim48hr\": 22,\n"}
,{"stream_name":"stdout","time":4685.995900881,"data":"      \"orion_hct116\": 16,\n"}
,{"stream_name":"stdout","time":4685.996805679,"data":"      \"orion_hek293t\": 15,\n"}
,{"stream_name":"stdout","time":4685.998176983,"data":"      \"kolf\": 512,\n"}
,{"stream_name":"stdout","time":4685.998518421,"data":"      \"hipsci_fit\": 22,\n"}
,{"stream_name":"stdout","time":4685.9992958,"data":"      \"hipsci_nonfit\": 8,\n"}
,{"stream_name":"stdout","time":4686.000227713,"data":"      \"rpe1\": 20\n"}
,{"stream_name":"stdout","time":4686.001290156,"data":"    },\n"}
,{"stream_name":"stdout","time":4686.002218149,"data":"    \"hipsci_fit\": {\n"}
,{"stream_name":"stdout","time":4686.00319341,"data":"      \"k562\": 22,\n"}
,{"stream_name":"stdout","time":4686.004238535,"data":"      \"k562ess\": 72,\n"}
,{"stream_name":"stdout","time":4686.005093194,"data":"      \"viperturb\": 15,\n"}
,{"stream_name":"stdout","time":4686.006013713,"data":"      \"cd4_Rest\": 16,\n"}
,{"stream_name":"stdout","time":4686.007011211,"data":"      \"cd4_Stim8hr\": 13,\n"}
,{"stream_name":"stdout","time":4686.00774232,"data":"      \"cd4_Stim48hr\": 15,\n"}
,{"stream_name":"stdout","time":4686.008742774,"data":"      \"orion_hct116\": 13,\n"}
,{"stream_name":"stdout","time":4686.009645678,"data":"      \"orion_hek293t\": 11,\n"}
,{"stream_name":"stdout","time":4686.010663547,"data":"      \"kolf\": 22,\n"}
,{"stream_name":"stdout","time":4686.01156483,"data":"      \"hipsci_fit\": 512,\n"}
,{"stream_name":"stdout","time":4686.01226278,"data":"      \"hipsci_nonfit\": 0,\n"}
,{"stream_name":"stdout","time":4686.01293398,"data":"      \"rpe1\": 70\n"}
,{"stream_name":"stdout","time":4686.01361664,"data":"    },\n"}
,{"stream_name":"stdout","time":4686.014329903,"data":"    \"hipsci_nonfit\": {\n"}
,{"stream_name":"stdout","time":4686.014973171,"data":"      \"k562\": 21,\n"}
,{"stream_name":"stdout","time":4686.015629925,"data":"      \"k562ess\": 15,\n"}
,{"stream_name":"stdout","time":4686.016325685,"data":"      \"viperturb\": 12,\n"}
,{"stream_name":"stdout","time":4686.017032395,"data":"      \"cd4_Rest\": 17,\n"}
,{"stream_name":"stdout","time":4686.01779946,"data":"      \"cd4_Stim8hr\": 14,\n"}
,{"stream_name":"stdout","time":4686.018499352,"data":"      \"cd4_Stim48hr\": 17,\n"}
,{"stream_name":"stdout","time":4686.019224629,"data":"      \"orion_hct116\": 13,\n"}
,{"stream_name":"stdout","time":4686.02002678,"data":"      \"orion_hek293t\": 14,\n"}
,{"stream_name":"stdout","time":4686.020778097,"data":"      \"kolf\": 8,\n"}
,{"stream_name":"stdout","time":4686.021581032,"data":"      \"hipsci_fit\": 0,\n"}
,{"stream_name":"stdout","time":4686.022291761,"data":"      \"hipsci_nonfit\": 512,\n"}
,{"stream_name":"stdout","time":4686.022978912,"data":"      \"rpe1\": 18\n"}
,{"stream_name":"stdout","time":4686.023714408,"data":"    },\n"}
,{"stream_name":"stdout","time":4686.024505493,"data":"    \"rpe1\": {\n"}
,{"stream_name":"stdout","time":4686.02520835,"data":"      \"k562\": 22,\n"}
,{"stream_name":"stdout","time":4686.025971666,"data":"      \"k562ess\": 107,\n"}
,{"stream_name":"stdout","time":4686.026946905,"data":"      \"viperturb\": 18,\n"}
,{"stream_name":"stdout","time":4686.027887338,"data":"      \"cd4_Rest\": 29,\n"}
,{"stream_name":"stdout","time":4686.028826976,"data":"      \"cd4_Stim8hr\": 19,\n"}
,{"stream_name":"stdout","time":4686.029821994,"data":"      \"cd4_Stim48hr\": 21,\n"}
,{"stream_name":"stdout","time":4686.030796569,"data":"      \"orion_hct116\": 10,\n"}
,{"stream_name":"stdout","time":4686.031509065,"data":"      \"orion_hek293t\": 15,\n"}
,{"stream_name":"stdout","time":4686.032236849,"data":"      \"kolf\": 20,\n"}
,{"stream_name":"stdout","time":4686.032928444,"data":"      \"hipsci_fit\": 70,\n"}
,{"stream_name":"stdout","time":4686.033706891,"data":"      \"hipsci_nonfit\": 18,\n"}
,{"stream_name":"stdout","time":4686.034434591,"data":"      \"rpe1\": 512\n"}
,{"stream_name":"stdout","time":4686.035135244,"data":"    }\n"}
,{"stream_name":"stdout","time":4686.035948553,"data":"  },\n"}
,{"stream_name":"stdout","time":4686.036725904,"data":"  \"contexts\": {\n"}
,{"stream_name":"stdout","time":4686.037509217,"data":"    \"k562\": {\n"}
,{"stream_name":"stdout","time":4686.038218881,"data":"      \"prediction_sha256\": \"495279c8d680c9ee9faa5bfd343cac90b45f23ef3373357624c2dde6551acfac\",\n"}
,{"stream_name":"stdout","time":4686.038905406,"data":"      \"common_genes\": 7069,\n"}
,{"stream_name":"stdout","time":4686.039972832,"data":"      \"targets\": 512,\n"}
,{"stream_name":"stdout","time":4686.041022303,"data":"      \"original_rank_reproduced\": true\n"}
,{"stream_name":"stdout","time":4686.041908932,"data":"    },\n"}
,{"stream_name":"stdout","time":4686.04290797,"data":"    \"k562ess\": {\n"}
,{"stream_name":"stdout","time":4686.043974696,"data":"      \"prediction_sha256\": \"b021b2cb64c8f21e949fb5b981a2506d7c98fe49174fc97a2c21d24975acf143\",\n"}
,{"stream_name":"stdout","time":4686.044905089,"data":"      \"common_genes\": 7282,\n"}
,{"stream_name":"stdout","time":4686.045814386,"data":"      \"targets\": 512,\n"}
,{"stream_name":"stdout","time":4686.046711232,"data":"      \"original_rank_reproduced\": true\n"}
,{"stream_name":"stdout","time":4686.047602071,"data":"    },\n"}
,{"stream_name":"stdout","time":4686.048493538,"data":"    \"viperturb\": {\n"}
,{"stream_name":"stdout","time":4686.049421778,"data":"      \"prediction_sha256\": \"49a4b6e5726bb42de3b7f177ee9a339ac9a71c0dcfaea5d095e0ea56df2944f0\",\n"}
,{"stream_name":"stdout","time":4686.050420036,"data":"      \"common_genes\": 7906,\n"}
,{"stream_name":"stdout","time":4686.051393399,"data":"      \"targets\": 512,\n"}
,{"stream_name":"stdout","time":4686.052297545,"data":"      \"original_rank_reproduced\": true\n"}
,{"stream_name":"stdout","time":4686.053129762,"data":"    },\n"}
,{"stream_name":"stdout","time":4686.053822385,"data":"    \"cd4_Rest\": {\n"}
,{"stream_name":"stdout","time":4686.054579416,"data":"      \"prediction_sha256\": \"17d9d167ac1c608140553b8924cbeda1230bad508a121d2e7b79603d93ce03c4\",\n"}
,{"stream_name":"stdout","time":4686.055406837,"data":"      \"common_genes\": 7119,\n"}
,{"stream_name":"stdout","time":4686.056210537,"data":"      \"targets\": 512,\n"}
,{"stream_name":"stdout","time":4686.056901358,"data":"      \"original_rank_reproduced\": true\n"}
,{"stream_name":"stdout","time":4686.057635903,"data":"    },\n"}
,{"stream_name":"stdout","time":4686.058423601,"data":"    \"cd4_Stim8hr\": {\n"}
,{"stream_name":"stdout","time":4686.059154166,"data":"      \"prediction_sha256\": \"2ef7fc99ae4d2486347e014f78316d0256b057041b3207ac45aa29b129596aac\",\n"}
,{"stream_name":"stdout","time":4686.059968441,"data":"      \"common_genes\": 7562,\n"}
,{"stream_name":"stdout","time":4686.060850058,"data":"      \"targets\": 512,\n"}
,{"stream_name":"stdout","time":4686.061666702,"data":"      \"original_rank_reproduced\": true\n"}
,{"stream_name":"stdout","time":4686.062442001,"data":"    },\n"}
,{"stream_name":"stdout","time":4686.063331119,"data":"    \"cd4_Stim48hr\": {\n"}
,{"stream_name":"stdout","time":4686.064320553,"data":"      \"prediction_sha256\": \"c76e2f6e70876d0a902bedd4453012dfe49f6e95628992fa5c2492e15db34ca8\",\n"}
,{"stream_name":"stdout","time":4686.065262558,"data":"      \"common_genes\": 7956,\n"}
,{"stream_name":"stdout","time":4686.066158652,"data":"      \"targets\": 512,\n"}
,{"stream_name":"stdout","time":4686.067059189,"data":"      \"original_rank_reproduced\": true\n"}
,{"stream_name":"stdout","time":4686.067934548,"data":"    },\n"}
,{"stream_name":"stdout","time":4686.068795604,"data":"    \"orion_hct116\": {\n"}
,{"stream_name":"stdout","time":4686.069787886,"data":"      \"prediction_sha256\": \"771e60635e021ec769bdd1ad6d49085b9d220e0245004d754c876aeb94819efc\",\n"}
,{"stream_name":"stdout","time":4686.070814653,"data":"      \"common_genes\": 8869,\n"}
,{"stream_name":"stdout","time":4686.071784369,"data":"      \"targets\": 512,\n"}
,{"stream_name":"stdout","time":4686.072605958,"data":"      \"original_rank_reproduced\": true\n"}
,{"stream_name":"stdout","time":4686.073575918,"data":"    },\n"}
,{"stream_name":"stdout","time":4686.074447474,"data":"    \"orion_hek293t\": {\n"}
,{"stream_name":"stdout","time":4686.07518134,"data":"      \"prediction_sha256\": \"ba505ef56e039347f183842f36bafee8abed4f4a9e0f8f2d225c60d3e97da940\",\n"}
,{"stream_name":"stdout","time":4686.075844073,"data":"      \"common_genes\": 9115,\n"}
,{"stream_name":"stdout","time":4686.076630212,"data":"      \"targets\": 512,\n"}
,{"stream_name":"stdout","time":4686.077514248,"data":"      \"original_rank_reproduced\": true\n"}
,{"stream_name":"stdout","time":4686.078323775,"data":"    },\n"}
,{"stream_name":"stdout","time":4686.079190734,"data":"    \"kolf\": {\n"}
,{"stream_name":"stdout","time":4686.079958479,"data":"      \"prediction_sha256\": \"85044409121582c1dfc4c491fb2b5a6781ee91723a1dfac9db601a04459167fa\",\n"}
,{"stream_name":"stdout","time":4686.080739275,"data":"      \"common_genes\": 6530,\n"}
,{"stream_name":"stdout","time":4686.081621921,"data":"      \"targets\": 512,\n"}
,{"stream_name":"stdout","time":4686.082430178,"data":"      \"original_rank_reproduced\": true\n"}
,{"stream_name":"stdout","time":4686.083366042,"data":"    },\n"}
,{"stream_name":"stdout","time":4686.084215963,"data":"    \"hipsci_fit\": {\n"}
,{"stream_name":"stdout","time":4686.085171329,"data":"      \"prediction_sha256\": \"38c04b6c47b746cd2d13556679db17709ade341d3bd6af69596f785d2edafedc\",\n"}
,{"stream_name":"stdout","time":4686.08593353,"data":"      \"common_genes\": 9066,\n"}
,{"stream_name":"stdout","time":4686.086766398,"data":"      \"targets\": 512,\n"}
,{"stream_name":"stdout","time":4686.087944761,"data":"      \"original_rank_reproduced\": true\n"}
,{"stream_name":"stdout","time":4686.088590129,"data":"    },\n"}
,{"stream_name":"stdout","time":4686.089390264,"data":"    \"hipsci_nonfit\": {\n"}
,{"stream_name":"stdout","time":4686.090306834,"data":"      \"prediction_sha256\": \"6a47372bcd9a92da972edc9ed03887ce2298a510a7eb8d489e34a2fb0c8e4205\",\n"}
,{"stream_name":"stdout","time":4686.091128907,"data":"      \"common_genes\": 9072,\n"}
,{"stream_name":"stdout","time":4686.09182996,"data":"      \"targets\": 512,\n"}
,{"stream_name":"stdout","time":4686.092704895,"data":"      \"original_rank_reproduced\": true\n"}
,{"stream_name":"stdout","time":4686.093568684,"data":"    },\n"}
,{"stream_name":"stdout","time":4686.094507687,"data":"    \"rpe1\": {\n"}
,{"stream_name":"stdout","time":4686.095241524,"data":"      \"prediction_sha256\": \"9abf54066027f2711fa4613984c5fa71c89620ef26f1d86eed6ba6863770ce8f\",\n"}
,{"stream_name":"stdout","time":4686.096056819,"data":"      \"common_genes\": 7631,\n"}
,{"stream_name":"stdout","time":4686.096746719,"data":"      \"targets\": 512,\n"}
,{"stream_name":"stdout","time":4686.097454794,"data":"      \"original_rank_reproduced\": true\n"}
,{"stream_name":"stdout","time":4686.098245655,"data":"    }\n"}
,{"stream_name":"stdout","time":4686.098892509,"data":"  },\n"}
,{"stream_name":"stdout","time":4686.099716747,"data":"  \"contrasts\": {\n"}
,{"stream_name":"stdout","time":4686.100604208,"data":"    \"transfer\": {\n"}
,{"stream_name":"stdout","time":4686.101293832,"data":"      \"macro_family_delta\": 0.002458542278212655,\n"}
,{"stream_name":"stdout","time":4686.102027385,"data":"      \"per_context\": {\n"}
,{"stream_name":"stdout","time":4686.102685882,"data":"        \"k562\": -0.0066887842465753414,\n"}
,{"stream_name":"stdout","time":4686.103556742,"data":"        \"k562ess\": -0.015861974070450095,\n"}
,{"stream_name":"stdout","time":4686.104360241,"data":"        \"viperturb\": 0.0013759784735812106,\n"}
,{"stream_name":"stdout","time":4686.105032849,"data":"        \"cd4_Rest\": 0.004468107876712327,\n"}
,{"stream_name":"stdout","time":4686.105722314,"data":"        \"cd4_Stim8hr\": 0.005660622553816048,\n"}
,{"stream_name":"stdout","time":4686.106580611,"data":"        \"cd4_Stim48hr\": 0.00579057607632094,\n"}
,{"stream_name":"stdout","time":4686.107391006,"data":"        \"orion_hct116\": -0.0012230919765166333,\n"}
,{"stream_name":"stdout","time":4686.108261606,"data":"        \"orion_hek293t\": -0.0032526602250489297,\n"}
,{"stream_name":"stdout","time":4686.108943383,"data":"        \"kolf\": 0.00027901785714285875,\n"}
,{"stream_name":"stdout","time":4686.109651567,"data":"        \"hipsci_fit\": 0.006795804794520544,\n"}
,{"stream_name":"stdout","time":4686.11046377,"data":"        \"hipsci_nonfit\": 0.0025455601761252464,\n"}
,{"stream_name":"stdout","time":4686.111273882,"data":"        \"rpe1\": 0.013075617661448142\n"}
,{"stream_name":"stdout","time":4686.112200238,"data":"      },\n"}
,{"stream_name":"stdout","time":4686.113444945,"data":"      \"cluster_recalculated_pds_ci95\": [\n"}
,{"stream_name":"stdout","time":4686.114252239,"data":"        0.0005636737218134404,\n"}
,{"stream_name":"stdout","time":4686.11500353,"data":"        0.0042940765575794\n"}
,{"stream_name":"stdout","time":4686.115728124,"data":"      ],\n"}
,{"stream_name":"stdout","time":4686.116497602,"data":"      \"cluster_fixed_rank_ci95\": [\n"}
,{"stream_name":"stdout","time":4686.117416207,"data":"        0.0004493983006194192,\n"}
,{"stream_name":"stdout","time":4686.118244004,"data":"        0.0043861849163588235\n"}
,{"stream_name":"stdout","time":4686.119021972,"data":"      ]\n"}
,{"stream_name":"stdout","time":4686.119906479,"data":"    },\n"}
,{"stream_name":"stdout","time":4686.120714504,"data":"    \"blind\": {\n"}
,{"stream_name":"stdout","time":4686.121526327,"data":"      \"macro_family_delta\": 0.0007422639432485322,\n"}
,{"stream_name":"stdout","time":4686.122429406,"data":"      \"per_context\": {\n"}
,{"stream_name":"stdout","time":4686.123225535,"data":"        \"k562\": 0.00021404109589041268,\n"}
,{"stream_name":"stdout","time":4686.124036019,"data":"        \"k562ess\": 0.006921936154598825,\n"}
,{"stream_name":"stdout","time":4686.124845778,"data":"        \"viperturb\": -0.00025608488258317057,\n"}
,{"stream_name":"stdout","time":4686.125616497,"data":"        \"cd4_Rest\": 3.0577299412915416e-05,\n"}
,{"stream_name":"stdout","time":4686.126391203,"data":"        \"cd4_Stim8hr\": 0.0002599070450097869,\n"}
,{"stream_name":"stdout","time":4686.127173792,"data":"        \"cd4_Stim48hr\": -3.439946183953087e-05,\n"}
,{"stream_name":"stdout","time":4686.127891326,"data":"        \"orion_hct116\": -0.003776296477495108,\n"}
,{"stream_name":"stdout","time":4686.128613806,"data":"        \"orion_hek293t\": -0.002278008806262232,\n"}
,{"stream_name":"stdout","time":4686.129388783,"data":"        \"kolf\": -0.0009478962818003898,\n"}
,{"stream_name":"stdout","time":4686.130172051,"data":"        \"hipsci_fit\": 0.0008408757338551843,\n"}
,{"stream_name":"stdout","time":4686.130922852,"data":"        \"hipsci_nonfit\": -0.0008026541095890402,\n"}
,{"stream_name":"stdout","time":4686.131611368,"data":"        \"rpe1\": 0.004663038160469666\n"}
,{"stream_name":"stdout","time":4686.132334402,"data":"      },\n"}
,{"stream_name":"stdout","time":4686.133006019,"data":"      \"cluster_recalculated_pds_ci95\": [\n"}
,{"stream_name":"stdout","time":4686.133694662,"data":"        -8.975925866012281e-05,\n"}
,{"stream_name":"stdout","time":4686.134444229,"data":"        0.0015300284359326276\n"}
,{"stream_name":"stdout","time":4686.135176892,"data":"      ],\n"}
,{"stream_name":"stdout","time":4686.135854107,"data":"      \"cluster_fixed_rank_ci95\": [\n"}
,{"stream_name":"stdout","time":4686.136666402,"data":"        -7.370531448482411e-05,\n"}
,{"stream_name":"stdout","time":4686.137422487,"data":"        0.0015341986572657601\n"}
,{"stream_name":"stdout","time":4686.138131335,"data":"      ]\n"}
,{"stream_name":"stdout","time":4686.138917424,"data":"    }\n"}
,{"stream_name":"stdout","time":4686.139685008,"data":"  },\n"}
,{"stream_name":"stdout","time":4686.140544337,"data":"  \"provenance_guard\": {\n"}
,{"stream_name":"stdout","time":4686.141333361,"data":"    \"verified\": true,\n"}
,{"stream_name":"stdout","time":4686.141977064,"data":"    \"families\": {\n"}
,{"stream_name":"stdout","time":4686.142783723,"data":"      \"k562\": {\n"}
,{"stream_name":"stdout","time":4686.143506765,"data":"        \"targets_per_context\": {\n"}
,{"stream_name":"stdout","time":4686.144302767,"data":"          \"k562\": 512,\n"}
,{"stream_name":"stdout","time":4686.145192212,"data":"          \"k562ess\": 512,\n"}
,{"stream_name":"stdout","time":4686.146035333,"data":"          \"viperturb\": 512\n"}
,{"stream_name":"stdout","time":4686.14682337,"data":"        },\n"}
,{"stream_name":"stdout","time":4686.147511628,"data":"        \"test_rows\": 1536,\n"}
,{"stream_name":"stdout","time":4686.148233815,"data":"        \"validation_family\": \"orion\"\n"}
,{"stream_name":"stdout","time":4686.148968655,"data":"      },\n"}
,{"stream_name":"stdout","time":4686.14970574,"data":"      \"cd4\": {\n"}
,{"stream_name":"stdout","time":4686.150542534,"data":"        \"targets_per_context\": {\n"}
,{"stream_name":"stdout","time":4686.151262793,"data":"          \"cd4_Rest\": 512,\n"}
,{"stream_name":"stdout","time":4686.151943295,"data":"          \"cd4_Stim8hr\": 512,\n"}
,{"stream_name":"stdout","time":4686.15263303,"data":"          \"cd4_Stim48hr\": 512\n"}
,{"stream_name":"stdout","time":4686.15334405,"data":"        },\n"}
,{"stream_name":"stdout","time":4686.154025252,"data":"        \"test_rows\": 1536,\n"}
,{"stream_name":"stdout","time":4686.154716581,"data":"        \"validation_family\": \"k562\"\n"}
,{"stream_name":"stdout","time":4686.155470159,"data":"      },\n"}
,{"stream_name":"stdout","time":4686.156167108,"data":"      \"orion\": {\n"}
,{"stream_name":"stdout","time":4686.156857152,"data":"        \"targets_per_context\": {\n"}
,{"stream_name":"stdout","time":4686.15755476,"data":"          \"orion_hct116\": 512,\n"}
,{"stream_name":"stdout","time":4686.158259837,"data":"          \"orion_hek293t\": 512\n"}
,{"stream_name":"stdout","time":4686.159005847,"data":"        },\n"}
,{"stream_name":"stdout","time":4686.159708773,"data":"        \"test_rows\": 1024,\n"}
,{"stream_name":"stdout","time":4686.160555959,"data":"        \"validation_family\": \"k562\"\n"}
,{"stream_name":"stdout","time":4686.161296258,"data":"      },\n"}
,{"stream_name":"stdout","time":4686.161956222,"data":"      \"ipsc\": {\n"}
,{"stream_name":"stdout","time":4686.162653601,"data":"        \"targets_per_context\": {\n"}
,{"stream_name":"stdout","time":4686.163499885,"data":"          \"kolf\": 512,\n"}
,{"stream_name":"stdout","time":4686.164296156,"data":"          \"hipsci_fit\": 512,\n"}
,{"stream_name":"stdout","time":4686.164947139,"data":"          \"hipsci_nonfit\": 512\n"}
,{"stream_name":"stdout","time":4686.165641128,"data":"        },\n"}
,{"stream_name":"stdout","time":4686.166365951,"data":"        \"test_rows\": 1536,\n"}
,{"stream_name":"stdout","time":4686.167039199,"data":"        \"validation_family\": \"orion\"\n"}
,{"stream_name":"stdout","time":4686.16768644,"data":"      },\n"}
,{"stream_name":"stdout","time":4686.168377833,"data":"      \"rpe1\": {\n"}
,{"stream_name":"stdout","time":4686.169058095,"data":"        \"targets_per_context\": {\n"}
,{"stream_name":"stdout","time":4686.169742257,"data":"          \"rpe1\": 512\n"}
,{"stream_name":"stdout","time":4686.1705503,"data":"        },\n"}
,{"stream_name":"stdout","time":4686.171259779,"data":"        \"test_rows\": 512,\n"}
,{"stream_name":"stdout","time":4686.171900879,"data":"        \"validation_family\": \"orion\"\n"}
,{"stream_name":"stdout","time":4686.172576721,"data":"      }\n"}
,{"stream_name":"stdout","time":4686.173241668,"data":"    },\n"}
,{"stream_name":"stdout","time":4686.173868165,"data":"    \"large_arrays_rehashed\": false,\n"}
,{"stream_name":"stdout","time":4686.174622743,"data":"    \"limitation\": \"Compares recorded input identities and row disjointness. Large effect arrays remain identified by size and their dataset manifest, not independently rehashed here.\",\n"}
,{"stream_name":"stdout","time":4686.175312628,"data":"    \"outcomes_read_for_model_selection\": false,\n"}
,{"stream_name":"stdout","time":4686.176042951,"data":"    \"scientific_verdict\": \"Use the frozen readout next; provenance alone proves no improvement.\"\n"}
,{"stream_name":"stdout","time":4686.176710325,"data":"  },\n"}
,{"stream_name":"stdout","time":4686.177430919,"data":"  \"code_sha256\": \"4413ad2662b6315c9f08c396a766ba6d9d4fa066d22ad5661b06226eb416c1e9\",\n"}
,{"stream_name":"stdout","time":4686.178121038,"data":"  \"large_arrays_rehashed\": false\n"}
,{"stream_name":"stdout","time":4686.178756231,"data":"}\n"}
,{"stream_name":"stderr","time":4689.135394483,"data":"/usr/local/lib/python3.12/dist-packages/mistune.py:435: SyntaxWarning: invalid escape sequence '\\|'\n"}
,{"stream_name":"stderr","time":4689.135426333,"data":"  cells[i][c] = re.sub('\\\\\\\\\\|', '|', cell)\n"}
,{"stream_name":"stderr","time":4689.286892993,"data":"/usr/local/lib/python3.12/dist-packages/nbconvert/filters/filter_links.py:36: SyntaxWarning: invalid escape sequence '\\_'\n"}
,{"stream_name":"stderr","time":4689.286916317,"data":"  text = re.sub(r'_', '\\_', text) # Escape underscores in display text\n"}
,{"stream_name":"stderr","time":4689.881162699,"data":"[NbConvertApp] Converting notebook __notebook__.ipynb to notebook\n"}
,{"stream_name":"stderr","time":4690.250517556,"data":"[NbConvertApp] Writing 137559 bytes to __notebook__.ipynb\n"}
,{"stream_name":"stderr","time":4692.639090888,"data":"[NbConvertApp] Converting notebook __notebook__.ipynb to html\n"}
,{"stream_name":"stderr","time":4693.46178218,"data":"[NbConvertApp] Writing 465356 bytes to __results__.html\n"}
]