{"t": 93.0, "utc": "2026-10-01T04:07:01.096036+00:00", "msg": "indexed 426 shards, 6781331 cells in 93s"}
{"t": 161.3, "utc": "2026-10-01T04:08:09.405329+00:00", "msg": "first read", "shard": "hepg2_nadig__shard_00000.h5ad", "study": "hepg2_nadig", "cells": 20000}
{"t": 161.3, "utc": "2026-10-01T04:08:09.414651+00:00", "msg": "first read", "shard": "hepg2_nadig__shard_00001.h5ad", "study": "hepg2_nadig", "cells": 20000}
{"t": 161.3, "utc": "2026-10-01T04:08:09.418556+00:00", "msg": "first read", "shard": "hepg2_nadig__shard_00002.h5ad", "study": "hepg2_nadig", "cells": 20000}
{"t": 161.3, "utc": "2026-10-01T04:08:09.419901+00:00", "msg": "first read", "shard": "hepg2_nadig__shard_00003.h5ad", "study": "hepg2_nadig", "cells": 20000}
{"t": 189.7, "utc": "2026-10-01T04:08:37.741335+00:00", "msg": "first read", "shard": "hepg2_nadig__shard_00004.h5ad", "study": "hepg2_nadig", "cells": 20000}
{"t": 189.8, "utc": "2026-10-01T04:08:37.903895+00:00", "msg": "first read", "shard": "hepg2_nadig__shard_00005.h5ad", "study": "hepg2_nadig", "cells": 20000}
{"t": 189.8, "utc": "2026-10-01T04:08:37.909159+00:00", "msg": "first read", "shard": "hepg2_nadig__shard_00006.h5ad", "study": "hepg2_nadig", "cells": 20000}
{"t": 189.8, "utc": "2026-10-01T04:08:37.910522+00:00", "msg": "first read", "shard": "hepg2_nadig__shard_00007.h5ad", "study": "hepg2_nadig", "cells": 5473}
{"t": 193.8, "utc": "2026-10-01T04:08:41.864065+00:00", "msg": "first read", "shard": "jurkat_nadig__shard_00000.h5ad", "study": "jurkat_nadig", "cells": 20000}
{"t": 212.8, "utc": "2026-10-01T04:09:00.886708+00:00", "msg": "first read", "shard": "jurkat_nadig__shard_00001.h5ad", "study": "jurkat_nadig", "cells": 20000}
{"t": 213.6, "utc": "2026-10-01T04:09:01.668485+00:00", "msg": "first read", "shard": "jurkat_nadig__shard_00002.h5ad", "study": "jurkat_nadig", "cells": 20000}
{"t": 214.2, "utc": "2026-10-01T04:09:02.319878+00:00", "msg": "first read", "shard": "jurkat_nadig__shard_00003.h5ad", "study": "jurkat_nadig", "cells": 20000}
{"t": 217.2, "utc": "2026-10-01T04:09:05.231478+00:00", "msg": "first read", "shard": "jurkat_nadig__shard_00004.h5ad", "study": "jurkat_nadig", "cells": 20000}
{"t": 236.7, "utc": "2026-10-01T04:09:24.729901+00:00", "msg": "first read", "shard": "jurkat_nadig__shard_00005.h5ad", "study": "jurkat_nadig", "cells": 20000}
{"t": 238.0, "utc": "2026-10-01T04:09:26.107397+00:00", "msg": "first read", "shard": "jurkat_nadig__shard_00006.h5ad", "study": "jurkat_nadig", "cells": 20000}
{"t": 238.5, "utc": "2026-10-01T04:09:26.590282+00:00", "msg": "first read", "shard": "jurkat_nadig__shard_00007.h5ad", "study": "jurkat_nadig", "cells": 20000}
{"t": 239.7, "utc": "2026-10-01T04:09:27.749354+00:00", "msg": "first read", "shard": "jurkat_nadig__shard_00008.h5ad", "study": "jurkat_nadig", "cells": 20000}
{"t": 260.9, "utc": "2026-10-01T04:09:48.944633+00:00", "msg": "first read", "shard": "jurkat_nadig__shard_00009.h5ad", "study": "jurkat_nadig", "cells": 20000}
{"t": 262.6, "utc": "2026-10-01T04:09:50.642337+00:00", "msg": "first read", "shard": "jurkat_nadig__shard_00010.h5ad", "study": "jurkat_nadig", "cells": 20000}
{"t": 264.0, "utc": "2026-10-01T04:09:52.125235+00:00", "msg": "first read", "shard": "jurkat_nadig__shard_00011.h5ad", "study": "jurkat_nadig", "cells": 20000}
{"t": 264.1, "utc": "2026-10-01T04:09:52.130797+00:00", "msg": "first read", "shard": "jurkat_nadig__shard_00012.h5ad", "study": "jurkat_nadig", "cells": 20000}
{"t": 264.2, "utc": "2026-10-01T04:09:52.294396+00:00", "msg": "first read", "shard": "jurkat_nadig__shard_00013.h5ad", "study": "jurkat_nadig", "cells": 2956}
{"t": 278.8, "utc": "2026-10-01T04:10:06.909928+00:00", "msg": "first read", "shard": "h1_train__shard_00000.h5ad", "study": "h1_vcc2025", "cells": 5000}
{"t": 278.8, "utc": "2026-10-01T04:10:06.910794+00:00", "msg": "first read", "shard": "h1_train__shard_00001.h5ad", "study": "h1_vcc2025", "cells": 5000}
{"t": 279.7, "utc": "2026-10-01T04:10:07.730044+00:00", "msg": "first read", "shard": "h1_train__shard_00002.h5ad", "study": "h1_vcc2025", "cells": 5000}
{"t": 279.7, "utc": "2026-10-01T04:10:07.731440+00:00", "msg": "first read", "shard": "h1_train__shard_00003.h5ad", "study": "h1_vcc2025", "cells": 5000}
{"t": 294.3, "utc": "2026-10-01T04:10:22.413311+00:00", "msg": "first read", "shard": "h1_train__shard_00004.h5ad", "study": "h1_vcc2025", "cells": 5000}
{"t": 294.9, "utc": "2026-10-01T04:10:22.977536+00:00", "msg": "first read", "shard": "h1_train__shard_00005.h5ad", "study": "h1_vcc2025", "cells": 5000}
{"t": 295.1, "utc": "2026-10-01T04:10:23.154021+00:00", "msg": "first read", "shard": "h1_train__shard_00006.h5ad", "study": "h1_vcc2025", "cells": 5000}
{"t": 295.4, "utc": "2026-10-01T04:10:23.484055+00:00", "msg": "first read", "shard": "h1_train__shard_00007.h5ad", "study": "h1_vcc2025", "cells": 5000}
{"t": 311.5, "utc": "2026-10-01T04:10:39.592320+00:00", "msg": "first read", "shard": "h1_train__shard_00008.h5ad", "study": "h1_vcc2025", "cells": 5000}
{"t": 312.4, "utc": "2026-10-01T04:10:40.455126+00:00", "msg": "first read", "shard": "h1_train__shard_00009.h5ad", "study": "h1_vcc2025", "cells": 5000}
{"t": 312.4, "utc": "2026-10-01T04:10:40.456019+00:00", "msg": "first read", "shard": "h1_train__shard_00010.h5ad", "study": "h1_vcc2025", "cells": 5000}
{"t": 312.8, "utc": "2026-10-01T04:10:40.916175+00:00", "msg": "first read", "shard": "h1_train__shard_00011.h5ad", "study": "h1_vcc2025", "cells": 5000}
{"t": 329.7, "utc": "2026-10-01T04:10:57.759961+00:00", "msg": "first read", "shard": "h1_train__shard_00012.h5ad", "study": "h1_vcc2025", "cells": 5000}
{"t": 330.3, "utc": "2026-10-01T04:10:58.404479+00:00", "msg": "first read", "shard": "h1_train__shard_00013.h5ad", "study": "h1_vcc2025", "cells": 5000}
{"t": 331.0, "utc": "2026-10-01T04:10:59.046529+00:00", "msg": "first read", "shard": "h1_train__shard_00014.h5ad", "study": "h1_vcc2025", "cells": 5000}
{"t": 331.0, "utc": "2026-10-01T04:10:59.052195+00:00", "msg": "first read", "shard": "h1_train__shard_00015.h5ad", "study": "h1_vcc2025", "cells": 5000}
{"t": 348.4, "utc": "2026-10-01T04:11:16.458585+00:00", "msg": "first read", "shard": "h1_train__shard_00016.h5ad", "study": "h1_vcc2025", "cells": 5000}
{"t": 348.8, "utc": "2026-10-01T04:11:16.846629+00:00", "msg": "first read", "shard": "h1_train__shard_00017.h5ad", "study": "h1_vcc2025", "cells": 5000}
{"t": 349.5, "utc": "2026-10-01T04:11:17.585326+00:00", "msg": "first read", "shard": "h1_train__shard_00018.h5ad", "study": "h1_vcc2025", "cells": 5000}
{"t": 349.5, "utc": "2026-10-01T04:11:17.593419+00:00", "msg": "first read", "shard": "h1_train__shard_00019.h5ad", "study": "h1_vcc2025", "cells": 5000}
{"t": 366.4, "utc": "2026-10-01T04:11:34.525666+00:00", "msg": "first read", "shard": "h1_train__shard_00020.h5ad", "study": "h1_vcc2025", "cells": 5000}
{"t": 366.7, "utc": "2026-10-01T04:11:34.794306+00:00", "msg": "first read", "shard": "h1_train__shard_00021.h5ad", "study": "h1_vcc2025", "cells": 5000}
{"t": 367.2, "utc": "2026-10-01T04:11:35.249489+00:00", "msg": "first read", "shard": "h1_train__shard_00022.h5ad", "study": "h1_vcc2025", "cells": 5000}
{"t": 367.3, "utc": "2026-10-01T04:11:35.348987+00:00", "msg": "first read", "shard": "h1_train__shard_00023.h5ad", "study": "h1_vcc2025", "cells": 5000}
{"t": 384.3, "utc": "2026-10-01T04:11:52.398228+00:00", "msg": "first read", "shard": "h1_train__shard_00024.h5ad", "study": "h1_vcc2025", "cells": 5000}
{"t": 384.7, "utc": "2026-10-01T04:11:52.742354+00:00", "msg": "first read", "shard": "h1_train__shard_00025.h5ad", "study": "h1_vcc2025", "cells": 5000}
{"t": 385.0, "utc": "2026-10-01T04:11:53.044147+00:00", "msg": "first read", "shard": "h1_train__shard_00026.h5ad", "study": "h1_vcc2025", "cells": 5000}
{"t": 385.4, "utc": "2026-10-01T04:11:53.447505+00:00", "msg": "first read", "shard": "h1_train__shard_00027.h5ad", "study": "h1_vcc2025", "cells": 5000}
{"t": 402.4, "utc": "2026-10-01T04:12:10.452190+00:00", "msg": "first read", "shard": "h1_train__shard_00028.h5ad", "study": "h1_vcc2025", "cells": 5000}
{"t": 402.4, "utc": "2026-10-01T04:12:10.488135+00:00", "msg": "first read", "shard": "h1_train__shard_00029.h5ad", "study": "h1_vcc2025", "cells": 5000}
{"t": 402.7, "utc": "2026-10-01T04:12:10.760162+00:00", "msg": "first read", "shard": "h1_train__shard_00030.h5ad", "study": "h1_vcc2025", "cells": 5000}
{"t": 402.8, "utc": "2026-10-01T04:12:10.907720+00:00", "msg": "first read", "shard": "h1_train__shard_00031.h5ad", "study": "h1_vcc2025", "cells": 5000}
{"t": 420.3, "utc": "2026-10-01T04:12:28.342150+00:00", "msg": "first read", "shard": "h1_train__shard_00032.h5ad", "study": "h1_vcc2025", "cells": 5000}
{"t": 420.4, "utc": "2026-10-01T04:12:28.493459+00:00", "msg": "first read", "shard": "h1_train__shard_00033.h5ad", "study": "h1_vcc2025", "cells": 5000}
{"t": 420.6, "utc": "2026-10-01T04:12:28.692116+00:00", "msg": "first read", "shard": "h1_train__shard_00034.h5ad", "study": "h1_vcc2025", "cells": 5000}
{"t": 420.6, "utc": "2026-10-01T04:12:28.693387+00:00", "msg": "first read", "shard": "h1_train__shard_00035.h5ad", "study": "h1_vcc2025", "cells": 5000}
{"t": 437.6, "utc": "2026-10-01T04:12:45.668005+00:00", "msg": "first read", "shard": "h1_train__shard_00036.h5ad", "study": "h1_vcc2025", "cells": 5000}
{"t": 437.6, "utc": "2026-10-01T04:12:45.682284+00:00", "msg": "first read", "shard": "h1_train__shard_00037.h5ad", "study": "h1_vcc2025", "cells": 5000}
{"t": 437.8, "utc": "2026-10-01T04:12:45.916949+00:00", "msg": "first read", "shard": "h1_train__shard_00038.h5ad", "study": "h1_vcc2025", "cells": 5000}
{"t": 438.1, "utc": "2026-10-01T04:12:46.179099+00:00", "msg": "first read", "shard": "h1_train__shard_00039.h5ad", "study": "h1_vcc2025", "cells": 5000}
{"t": 455.1, "utc": "2026-10-01T04:13:03.155963+00:00", "msg": "first read", "shard": "h1_train__shard_00040.h5ad", "study": "h1_vcc2025", "cells": 5000}
{"t": 455.1, "utc": "2026-10-01T04:13:03.157815+00:00", "msg": "first read", "shard": "h1_train__shard_00041.h5ad", "study": "h1_vcc2025", "cells": 5000}
{"t": 455.2, "utc": "2026-10-01T04:13:03.304292+00:00", "msg": "first read", "shard": "h1_train__shard_00042.h5ad", "study": "h1_vcc2025", "cells": 5000}
{"t": 455.2, "utc": "2026-10-01T04:13:03.310414+00:00", "msg": "first read", "shard": "h1_train__shard_00043.h5ad", "study": "h1_vcc2025", "cells": 5000}
{"t": 458.6, "utc": "2026-10-01T04:13:06.699653+00:00", "msg": "first read", "shard": "h1_train__shard_00044.h5ad", "study": "h1_vcc2025", "cells": 1273}
{"t": 470.8, "utc": "2026-10-01T04:13:18.861044+00:00", "msg": "first read", "shard": "h1_val__shard_00000.h5ad", "study": "h1_vcc2025", "cells": 5000}
{"t": 471.2, "utc": "2026-10-01T04:13:19.262249+00:00", "msg": "first read", "shard": "h1_val__shard_00001.h5ad", "study": "h1_vcc2025", "cells": 5000}
{"t": 471.2, "utc": "2026-10-01T04:13:19.263756+00:00", "msg": "first read", "shard": "h1_val__shard_00002.h5ad", "study": "h1_vcc2025", "cells": 5000}
{"t": 473.8, "utc": "2026-10-01T04:13:21.907395+00:00", "msg": "first read", "shard": "h1_val__shard_00003.h5ad", "study": "h1_vcc2025", "cells": 5000}
{"t": 486.6, "utc": "2026-10-01T04:13:34.653037+00:00", "msg": "first read", "shard": "h1_val__shard_00004.h5ad", "study": "h1_vcc2025", "cells": 5000}
{"t": 486.8, "utc": "2026-10-01T04:13:34.889125+00:00", "msg": "first read", "shard": "h1_val__shard_00005.h5ad", "study": "h1_vcc2025", "cells": 5000}
{"t": 487.1, "utc": "2026-10-01T04:13:35.178525+00:00", "msg": "first read", "shard": "h1_val__shard_00006.h5ad", "study": "h1_vcc2025", "cells": 5000}
{"t": 489.8, "utc": "2026-10-01T04:13:37.887614+00:00", "msg": "first read", "shard": "h1_val__shard_00007.h5ad", "study": "h1_vcc2025", "cells": 5000}
{"t": 503.4, "utc": "2026-10-01T04:13:51.498580+00:00", "msg": "first read", "shard": "h1_val__shard_00008.h5ad", "study": "h1_vcc2025", "cells": 5000}
{"t": 503.4, "utc": "2026-10-01T04:13:51.500105+00:00", "msg": "first read", "shard": "h1_val__shard_00009.h5ad", "study": "h1_vcc2025", "cells": 5000}
{"t": 504.0, "utc": "2026-10-01T04:13:52.123380+00:00", "msg": "first read", "shard": "h1_val__shard_00010.h5ad", "study": "h1_vcc2025", "cells": 5000}
{"t": 505.8, "utc": "2026-10-01T04:13:53.844938+00:00", "msg": "first read", "shard": "h1_val__shard_00011.h5ad", "study": "h1_vcc2025", "cells": 5000}
{"t": 519.5, "utc": "2026-10-01T04:14:07.590324+00:00", "msg": "first read", "shard": "h1_val__shard_00012.h5ad", "study": "h1_vcc2025", "cells": 5000}
{"t": 519.8, "utc": "2026-10-01T04:14:07.899282+00:00", "msg": "first read", "shard": "h1_val__shard_00013.h5ad", "study": "h1_vcc2025", "cells": 5000}
{"t": 520.5, "utc": "2026-10-01T04:14:08.602633+00:00", "msg": "first read", "shard": "h1_val__shard_00014.h5ad", "study": "h1_vcc2025", "cells": 5000}
{"t": 521.6, "utc": "2026-10-01T04:14:09.632574+00:00", "msg": "first read", "shard": "h1_val__shard_00015.h5ad", "study": "h1_vcc2025", "cells": 5000}
{"t": 535.7, "utc": "2026-10-01T04:14:23.792430+00:00", "msg": "first read", "shard": "h1_val__shard_00016.h5ad", "study": "h1_vcc2025", "cells": 5000}
{"t": 536.6, "utc": "2026-10-01T04:14:24.654557+00:00", "msg": "first read", "shard": "h1_val__shard_00017.h5ad", "study": "h1_vcc2025", "cells": 5000}
{"t": 537.0, "utc": "2026-10-01T04:14:25.096025+00:00", "msg": "first read", "shard": "h1_val__shard_00018.h5ad", "study": "h1_vcc2025", "cells": 5000}
{"t": 537.0, "utc": "2026-10-01T04:14:25.099054+00:00", "msg": "first read", "shard": "h1_val__shard_00019.h5ad", "study": "h1_vcc2025", "cells": 3927}
{"t": 577.6, "utc": "2026-10-01T04:15:05.653249+00:00", "msg": "first read", "shard": "hipsci_gw_fitness__shard_00000.h5ad", "study": "hipsci_gw_fitness", "cells": 20000}
{"t": 579.5, "utc": "2026-10-01T04:15:07.591975+00:00", "msg": "first read", "shard": "hipsci_gw_fitness__shard_00001.h5ad", "study": "hipsci_gw_fitness", "cells": 20000}
{"t": 579.5, "utc": "2026-10-01T04:15:07.592323+00:00", "msg": "first read", "shard": "hipsci_gw_fitness__shard_00002.h5ad", "study": "hipsci_gw_fitness", "cells": 20000}
{"t": 581.0, "utc": "2026-10-01T04:15:09.082089+00:00", "msg": "first read", "shard": "hipsci_gw_fitness__shard_00003.h5ad", "study": "hipsci_gw_fitness", "cells": 20000}
{"t": 619.3, "utc": "2026-10-01T04:15:47.365088+00:00", "msg": "first read", "shard": "hipsci_gw_fitness__shard_00004.h5ad", "study": "hipsci_gw_fitness", "cells": 20000}
{"t": 620.9, "utc": "2026-10-01T04:15:49.013057+00:00", "msg": "first read", "shard": "hipsci_gw_fitness__shard_00005.h5ad", "study": "hipsci_gw_fitness", "cells": 20000}
{"t": 622.5, "utc": "2026-10-01T04:15:50.597576+00:00", "msg": "first read", "shard": "hipsci_gw_fitness__shard_00006.h5ad", "study": "hipsci_gw_fitness", "cells": 20000}
{"t": 624.4, "utc": "2026-10-01T04:15:52.507041+00:00", "msg": "first read", "shard": "hipsci_gw_fitness__shard_00007.h5ad", "study": "hipsci_gw_fitness", "cells": 20000}
{"t": 678.2, "utc": "2026-10-01T04:16:46.247459+00:00", "msg": "first read", "shard": "hipsci_gw_fitness__shard_00008.h5ad", "study": "hipsci_gw_fitness", "cells": 20000}
{"t": 684.7, "utc": "2026-10-01T04:16:52.801353+00:00", "msg": "first read", "shard": "hipsci_gw_fitness__shard_00009.h5ad", "study": "hipsci_gw_fitness", "cells": 20000}
{"t": 684.7, "utc": "2026-10-01T04:16:52.801654+00:00", "msg": "first read", "shard": "hipsci_gw_fitness__shard_00010.h5ad", "study": "hipsci_gw_fitness", "cells": 20000}
{"t": 688.7, "utc": "2026-10-01T04:16:56.749071+00:00", "msg": "first read", "shard": "hipsci_gw_fitness__shard_00011.h5ad", "study": "hipsci_gw_fitness", "cells": 20000}
{"t": 725.8, "utc": "2026-10-01T04:17:33.882934+00:00", "msg": "first read", "shard": "hipsci_gw_fitness__shard_00012.h5ad", "study": "hipsci_gw_fitness", "cells": 20000}
{"t": 731.1, "utc": "2026-10-01T04:17:39.214861+00:00", "msg": "first read", "shard": "hipsci_gw_fitness__shard_00013.h5ad", "study": "hipsci_gw_fitness", "cells": 20000}
{"t": 731.6, "utc": "2026-10-01T04:17:39.637577+00:00", "msg": "first read", "shard": "hipsci_gw_fitness__shard_00014.h5ad", "study": "hipsci_gw_fitness", "cells": 20000}
{"t": 731.6, "utc": "2026-10-01T04:17:39.638001+00:00", "msg": "first read", "shard": "hipsci_gw_fitness__shard_00015.h5ad", "study": "hipsci_gw_fitness", "cells": 20000}
{"t": 731.6, "utc": "2026-10-01T04:17:39.640830+00:00", "msg": "first read", "shard": "hipsci_gw_fitness__shard_00016.h5ad", "study": "hipsci_gw_fitness", "cells": 2746}
{"t": 765.5, "utc": "2026-10-01T04:18:13.583277+00:00", "msg": "first read", "shard": "hipsci_gw_nonfitness__shard_00000.h5ad", "study": "hipsci_gw_nonfitness", "cells": 20000}
{"t": 766.3, "utc": "2026-10-01T04:18:14.359608+00:00", "msg": "first read", "shard": "hipsci_gw_nonfitness__shard_00001.h5ad", "study": "hipsci_gw_nonfitness", "cells": 20000}
{"t": 766.3, "utc": "2026-10-01T04:18:14.360044+00:00", "msg": "first read", "shard": "hipsci_gw_nonfitness__shard_00002.h5ad", "study": "hipsci_gw_nonfitness", "cells": 20000}
{"t": 766.3, "utc": "2026-10-01T04:18:14.426314+00:00", "msg": "first read", "shard": "hipsci_gw_nonfitness__shard_00003.h5ad", "study": "hipsci_gw_nonfitness", "cells": 20000}
{"t": 800.7, "utc": "2026-10-01T04:18:48.816029+00:00", "msg": "first read", "shard": "hipsci_gw_nonfitness__shard_00004.h5ad", "study": "hipsci_gw_nonfitness", "cells": 20000}
{"t": 802.3, "utc": "2026-10-01T04:18:50.334215+00:00", "msg": "first read", "shard": "hipsci_gw_nonfitness__shard_00005.h5ad", "study": "hipsci_gw_nonfitness", "cells": 20000}
{"t": 807.9, "utc": "2026-10-01T04:18:55.954739+00:00", "msg": "first read", "shard": "hipsci_gw_nonfitness__shard_00006.h5ad", "study": "hipsci_gw_nonfitness", "cells": 20000}
{"t": 818.6, "utc": "2026-10-01T04:19:06.655787+00:00", "msg": "first read", "shard": "hipsci_gw_nonfitness__shard_00007.h5ad", "study": "hipsci_gw_nonfitness", "cells": 20000}
{"t": 856.7, "utc": "2026-10-01T04:19:44.738711+00:00", "msg": "first read", "shard": "hipsci_gw_nonfitness__shard_00008.h5ad", "study": "hipsci_gw_nonfitness", "cells": 20000}
{"t": 858.9, "utc": "2026-10-01T04:19:47.020132+00:00", "msg": "first read", "shard": "hipsci_gw_nonfitness__shard_00009.h5ad", "study": "hipsci_gw_nonfitness", "cells": 20000}
{"t": 858.9, "utc": "2026-10-01T04:19:47.020461+00:00", "msg": "first read", "shard": "hipsci_gw_nonfitness__shard_00010.h5ad", "study": "hipsci_gw_nonfitness", "cells": 20000}
{"t": 858.9, "utc": "2026-10-01T04:19:47.020747+00:00", "msg": "first read", "shard": "hipsci_gw_nonfitness__shard_00011.h5ad", "study": "hipsci_gw_nonfitness", "cells": 20000}
{"t": 883.5, "utc": "2026-10-01T04:20:11.569192+00:00", "msg": "first read", "shard": "hipsci_gw_nonfitness__shard_00012.h5ad", "study": "hipsci_gw_nonfitness", "cells": 20000}
{"t": 892.0, "utc": "2026-10-01T04:20:20.081527+00:00", "msg": "first read", "shard": "hipsci_gw_nonfitness__shard_00013.h5ad", "study": "hipsci_gw_nonfitness", "cells": 20000}
{"t": 892.8, "utc": "2026-10-01T04:20:20.869620+00:00", "msg": "first read", "shard": "hipsci_gw_nonfitness__shard_00014.h5ad", "study": "hipsci_gw_nonfitness", "cells": 20000}
{"t": 898.6, "utc": "2026-10-01T04:20:26.661984+00:00", "msg": "first read", "shard": "hipsci_gw_nonfitness__shard_00015.h5ad", "study": "hipsci_gw_nonfitness", "cells": 20000}
{"t": 922.1, "utc": "2026-10-01T04:20:50.173072+00:00", "msg": "first read", "shard": "hipsci_gw_nonfitness__shard_00016.h5ad", "study": "hipsci_gw_nonfitness", "cells": 20000}
{"t": 939.6, "utc": "2026-10-01T04:21:07.710685+00:00", "msg": "first read", "shard": "hipsci_gw_nonfitness__shard_00017.h5ad", "study": "hipsci_gw_nonfitness", "cells": 20000}
{"t": 939.6, "utc": "2026-10-01T04:21:07.711122+00:00", "msg": "first read", "shard": "hipsci_gw_nonfitness__shard_00018.h5ad", "study": "hipsci_gw_nonfitness", "cells": 20000}
{"t": 939.6, "utc": "2026-10-01T04:21:07.711493+00:00", "msg": "first read", "shard": "hipsci_gw_nonfitness__shard_00019.h5ad", "study": "hipsci_gw_nonfitness", "cells": 16458}
{"t": 961.9, "utc": "2026-10-01T04:21:29.978621+00:00", "msg": "first read", "shard": "hipsci_targeted_19__shard_00000.h5ad", "study": "hipsci_targeted_19", "cells": 20000}
{"t": 976.0, "utc": "2026-10-01T04:21:44.047687+00:00", "msg": "first read", "shard": "hipsci_targeted_19__shard_00001.h5ad", "study": "hipsci_targeted_19", "cells": 20000}
{"t": 983.3, "utc": "2026-10-01T04:21:51.359688+00:00", "msg": "first read", "shard": "hipsci_targeted_19__shard_00002.h5ad", "study": "hipsci_targeted_19", "cells": 20000}
{"t": 983.3, "utc": "2026-10-01T04:21:51.362144+00:00", "msg": "first read", "shard": "hipsci_targeted_19__shard_00003.h5ad", "study": "hipsci_targeted_19", "cells": 20000}
{"t": 998.9, "utc": "2026-10-01T04:22:06.975361+00:00", "msg": "first read", "shard": "hipsci_targeted_19__shard_00004.h5ad", "study": "hipsci_targeted_19", "cells": 20000}
{"t": 1014.0, "utc": "2026-10-01T04:22:22.032076+00:00", "msg": "first read", "shard": "hipsci_targeted_19__shard_00005.h5ad", "study": "hipsci_targeted_19", "cells": 20000}
{"t": 1020.2, "utc": "2026-10-01T04:22:28.309690+00:00", "msg": "first read", "shard": "hipsci_targeted_19__shard_00006.h5ad", "study": "hipsci_targeted_19", "cells": 20000}
{"t": 1020.2, "utc": "2026-10-01T04:22:28.314485+00:00", "msg": "first read", "shard": "hipsci_targeted_19__shard_00007.h5ad", "study": "hipsci_targeted_19", "cells": 20000}
{"t": 1028.3, "utc": "2026-10-01T04:22:36.339458+00:00", "msg": "first read", "shard": "hipsci_targeted_19__shard_00008.h5ad", "study": "hipsci_targeted_19", "cells": 20000}
{"t": 1046.7, "utc": "2026-10-01T04:22:54.786924+00:00", "msg": "first read", "shard": "hipsci_targeted_19__shard_00009.h5ad", "study": "hipsci_targeted_19", "cells": 20000}
{"t": 1058.9, "utc": "2026-10-01T04:23:07.022771+00:00", "msg": "first read", "shard": "hipsci_targeted_19__shard_00010.h5ad", "study": "hipsci_targeted_19", "cells": 20000}
{"t": 1059.0, "utc": "2026-10-01T04:23:07.089910+00:00", "msg": "first read", "shard": "hipsci_targeted_19__shard_00011.h5ad", "study": "hipsci_targeted_19", "cells": 20000}
{"t": 1067.6, "utc": "2026-10-01T04:23:15.701453+00:00", "msg": "first read", "shard": "hipsci_targeted_19__shard_00012.h5ad", "study": "hipsci_targeted_19", "cells": 20000}
{"t": 1078.7, "utc": "2026-10-01T04:23:26.767765+00:00", "msg": "first read", "shard": "hipsci_targeted_19__shard_00013.h5ad", "study": "hipsci_targeted_19", "cells": 20000}
{"t": 1094.2, "utc": "2026-10-01T04:23:42.272110+00:00", "msg": "first read", "shard": "hipsci_targeted_19__shard_00014.h5ad", "study": "hipsci_targeted_19", "cells": 20000}
{"t": 1098.4, "utc": "2026-10-01T04:23:46.438476+00:00", "msg": "first read", "shard": "hipsci_targeted_19__shard_00015.h5ad", "study": "hipsci_targeted_19", "cells": 20000}
{"t": 1105.4, "utc": "2026-10-01T04:23:53.429461+00:00", "msg": "first read", "shard": "hipsci_targeted_19__shard_00016.h5ad", "study": "hipsci_targeted_19", "cells": 20000}
{"t": 1114.2, "utc": "2026-10-01T04:24:02.242035+00:00", "msg": "first read", "shard": "hipsci_targeted_19__shard_00017.h5ad", "study": "hipsci_targeted_19", "cells": 20000}
{"t": 1127.3, "utc": "2026-10-01T04:24:15.398902+00:00", "msg": "first read", "shard": "hipsci_targeted_19__shard_00018.h5ad", "study": "hipsci_targeted_19", "cells": 20000}
{"t": 1134.4, "utc": "2026-10-01T04:24:22.524122+00:00", "msg": "first read", "shard": "hipsci_targeted_19__shard_00019.h5ad", "study": "hipsci_targeted_19", "cells": 20000}
{"t": 1138.0, "utc": "2026-10-01T04:24:26.059762+00:00", "msg": "first read", "shard": "hipsci_targeted_19__shard_00020.h5ad", "study": "hipsci_targeted_19", "cells": 20000}
{"t": 1149.5, "utc": "2026-10-01T04:24:37.560030+00:00", "msg": "first read", "shard": "hipsci_targeted_19__shard_00021.h5ad", "study": "hipsci_targeted_19", "cells": 20000}
{"t": 1165.9, "utc": "2026-10-01T04:24:54.001340+00:00", "msg": "first read", "shard": "hipsci_targeted_19__shard_00022.h5ad", "study": "hipsci_targeted_19", "cells": 20000}
{"t": 1172.0, "utc": "2026-10-01T04:25:00.124415+00:00", "msg": "first read", "shard": "hipsci_targeted_19__shard_00023.h5ad", "study": "hipsci_targeted_19", "cells": 20000}
{"t": 1172.7, "utc": "2026-10-01T04:25:00.776794+00:00", "msg": "first read", "shard": "hipsci_targeted_19__shard_00024.h5ad", "study": "hipsci_targeted_19", "cells": 20000}
{"t": 1183.1, "utc": "2026-10-01T04:25:11.224362+00:00", "msg": "first read", "shard": "hipsci_targeted_19__shard_00025.h5ad", "study": "hipsci_targeted_19", "cells": 20000}
{"t": 1194.6, "utc": "2026-10-01T04:25:22.658606+00:00", "msg": "first read", "shard": "hipsci_targeted_19__shard_00026.h5ad", "study": "hipsci_targeted_19", "cells": 20000}
{"t": 1203.6, "utc": "2026-10-01T04:25:31.722948+00:00", "msg": "first read", "shard": "hipsci_targeted_19__shard_00027.h5ad", "study": "hipsci_targeted_19", "cells": 20000}
{"t": 1210.4, "utc": "2026-10-01T04:25:38.430004+00:00", "msg": "first read", "shard": "hipsci_targeted_19__shard_00028.h5ad", "study": "hipsci_targeted_19", "cells": 20000}
{"t": 1222.4, "utc": "2026-10-01T04:25:50.465612+00:00", "msg": "first read", "shard": "hipsci_targeted_19__shard_00029.h5ad", "study": "hipsci_targeted_19", "cells": 20000}
{"t": 1227.4, "utc": "2026-10-01T04:25:55.513820+00:00", "msg": "first read", "shard": "hipsci_targeted_19__shard_00030.h5ad", "study": "hipsci_targeted_19", "cells": 20000}
{"t": 1244.6, "utc": "2026-10-01T04:26:12.697394+00:00", "msg": "first read", "shard": "hipsci_targeted_19__shard_00031.h5ad", "study": "hipsci_targeted_19", "cells": 20000}
{"t": 1248.4, "utc": "2026-10-01T04:26:16.452513+00:00", "msg": "first read", "shard": "hipsci_targeted_19__shard_00032.h5ad", "study": "hipsci_targeted_19", "cells": 20000}
{"t": 1261.6, "utc": "2026-10-01T04:26:29.685244+00:00", "msg": "first read", "shard": "hipsci_targeted_19__shard_00033.h5ad", "study": "hipsci_targeted_19", "cells": 20000}
{"t": 1265.3, "utc": "2026-10-01T04:26:33.367447+00:00", "msg": "first read", "shard": "hipsci_targeted_19__shard_00034.h5ad", "study": "hipsci_targeted_19", "cells": 20000}
{"t": 1291.4, "utc": "2026-10-01T04:26:59.500989+00:00", "msg": "first read", "shard": "hipsci_targeted_19__shard_00035.h5ad", "study": "hipsci_targeted_19", "cells": 20000}
{"t": 1299.2, "utc": "2026-10-01T04:27:07.298233+00:00", "msg": "first read", "shard": "hipsci_targeted_19__shard_00036.h5ad", "study": "hipsci_targeted_19", "cells": 20000}
{"t": 1308.3, "utc": "2026-10-01T04:27:16.370346+00:00", "msg": "first read", "shard": "hipsci_targeted_19__shard_00037.h5ad", "study": "hipsci_targeted_19", "cells": 20000}
{"t": 1308.6, "utc": "2026-10-01T04:27:16.659431+00:00", "msg": "first read", "shard": "hipsci_targeted_19__shard_00038.h5ad", "study": "hipsci_targeted_19", "cells": 20000}
{"t": 1325.0, "utc": "2026-10-01T04:27:33.098355+00:00", "msg": "first read", "shard": "hipsci_targeted_19__shard_00039.h5ad", "study": "hipsci_targeted_19", "cells": 20000}
{"t": 1339.6, "utc": "2026-10-01T04:27:47.660468+00:00", "msg": "first read", "shard": "hipsci_targeted_19__shard_00040.h5ad", "study": "hipsci_targeted_19", "cells": 20000}
{"t": 1342.8, "utc": "2026-10-01T04:27:50.835072+00:00", "msg": "first read", "shard": "hipsci_targeted_19__shard_00041.h5ad", "study": "hipsci_targeted_19", "cells": 20000}
{"t": 1342.8, "utc": "2026-10-01T04:27:50.838423+00:00", "msg": "first read", "shard": "hipsci_targeted_19__shard_00042.h5ad", "study": "hipsci_targeted_19", "cells": 20000}
{"t": 1368.2, "utc": "2026-10-01T04:28:16.242715+00:00", "msg": "first read", "shard": "hipsci_targeted_19__shard_00043.h5ad", "study": "hipsci_targeted_19", "cells": 20000}
{"t": 1373.4, "utc": "2026-10-01T04:28:21.512568+00:00", "msg": "first read", "shard": "hipsci_targeted_19__shard_00044.h5ad", "study": "hipsci_targeted_19", "cells": 20000}
{"t": 1377.1, "utc": "2026-10-01T04:28:25.205427+00:00", "msg": "first read", "shard": "hipsci_targeted_19__shard_00045.h5ad", "study": "hipsci_targeted_19", "cells": 20000}
{"t": 1382.3, "utc": "2026-10-01T04:28:30.363291+00:00", "msg": "first read", "shard": "hipsci_targeted_19__shard_00046.h5ad", "study": "hipsci_targeted_19", "cells": 20000}
{"t": 1401.9, "utc": "2026-10-01T04:28:50.009173+00:00", "msg": "first read", "shard": "hipsci_targeted_19__shard_00047.h5ad", "study": "hipsci_targeted_19", "cells": 20000}
{"t": 1404.2, "utc": "2026-10-01T04:28:52.248092+00:00", "msg": "first read", "shard": "hipsci_targeted_19__shard_00048.h5ad", "study": "hipsci_targeted_19", "cells": 20000}
{"t": 1412.1, "utc": "2026-10-01T04:29:00.198456+00:00", "msg": "first read", "shard": "hipsci_targeted_19__shard_00049.h5ad", "study": "hipsci_targeted_19", "cells": 20000}
{"t": 1416.2, "utc": "2026-10-01T04:29:04.285946+00:00", "msg": "first read", "shard": "hipsci_targeted_19__shard_00050.h5ad", "study": "hipsci_targeted_19", "cells": 20000}
{"t": 1436.4, "utc": "2026-10-01T04:29:24.459525+00:00", "msg": "first read", "shard": "hipsci_targeted_19__shard_00051.h5ad", "study": "hipsci_targeted_19", "cells": 20000}
{"t": 1451.8, "utc": "2026-10-01T04:29:39.896553+00:00", "msg": "first read", "shard": "hipsci_targeted_19__shard_00052.h5ad", "study": "hipsci_targeted_19", "cells": 20000}
{"t": 1462.9, "utc": "2026-10-01T04:29:51.013005+00:00", "msg": "first read", "shard": "hipsci_targeted_19__shard_00053.h5ad", "study": "hipsci_targeted_19", "cells": 20000}
{"t": 1465.5, "utc": "2026-10-01T04:29:53.574963+00:00", "msg": "first read", "shard": "hipsci_targeted_19__shard_00054.h5ad", "study": "hipsci_targeted_19", "cells": 20000}
{"t": 1485.3, "utc": "2026-10-01T04:30:13.395309+00:00", "msg": "first read", "shard": "hipsci_targeted_19__shard_00055.h5ad", "study": "hipsci_targeted_19", "cells": 20000}
{"t": 1496.2, "utc": "2026-10-01T04:30:24.242194+00:00", "msg": "first read", "shard": "hipsci_targeted_19__shard_00056.h5ad", "study": "hipsci_targeted_19", "cells": 20000}
{"t": 1517.3, "utc": "2026-10-01T04:30:45.355479+00:00", "msg": "first read", "shard": "hipsci_targeted_19__shard_00057.h5ad", "study": "hipsci_targeted_19", "cells": 20000}
{"t": 1517.3, "utc": "2026-10-01T04:30:45.374755+00:00", "msg": "first read", "shard": "hipsci_targeted_19__shard_00058.h5ad", "study": "hipsci_targeted_19", "cells": 1865}
{"t": 1517.3, "utc": "2026-10-01T04:30:45.375589+00:00", "msg": "first read", "shard": "k562_gwps_a__shard_00000.h5ad", "study": "replogle_k562_gwps", "cells": 20000}
{"t": 1517.3, "utc": "2026-10-01T04:30:45.377441+00:00", "msg": "first read", "shard": "k562_gwps_a__shard_00001.h5ad", "study": "replogle_k562_gwps", "cells": 20000}
{"t": 1523.9, "utc": "2026-10-01T04:30:51.950260+00:00", "msg": "first read", "shard": "k562_gwps_a__shard_00002.h5ad", "study": "replogle_k562_gwps", "cells": 20000}
{"t": 1526.1, "utc": "2026-10-01T04:30:54.216577+00:00", "msg": "first read", "shard": "k562_gwps_a__shard_00003.h5ad", "study": "replogle_k562_gwps", "cells": 20000}
{"t": 1539.7, "utc": "2026-10-01T04:31:07.781204+00:00", "msg": "first read", "shard": "k562_gwps_a__shard_00004.h5ad", "study": "replogle_k562_gwps", "cells": 20000}
{"t": 1545.2, "utc": "2026-10-01T04:31:13.315803+00:00", "msg": "first read", "shard": "k562_gwps_a__shard_00005.h5ad", "study": "replogle_k562_gwps", "cells": 20000}
{"t": 1553.1, "utc": "2026-10-01T04:31:21.190207+00:00", "msg": "first read", "shard": "k562_gwps_a__shard_00006.h5ad", "study": "replogle_k562_gwps", "cells": 20000}
{"t": 1555.1, "utc": "2026-10-01T04:31:23.183434+00:00", "msg": "first read", "shard": "k562_gwps_a__shard_00007.h5ad", "study": "replogle_k562_gwps", "cells": 20000}
{"t": 1566.6, "utc": "2026-10-01T04:31:34.695806+00:00", "msg": "first read", "shard": "k562_gwps_a__shard_00008.h5ad", "study": "replogle_k562_gwps", "cells": 20000}
{"t": 1574.9, "utc": "2026-10-01T04:31:42.931156+00:00", "msg": "first read", "shard": "k562_gwps_a__shard_00009.h5ad", "study": "replogle_k562_gwps", "cells": 20000}
{"t": 1580.7, "utc": "2026-10-01T04:31:48.739458+00:00", "msg": "first read", "shard": "k562_gwps_a__shard_00010.h5ad", "study": "replogle_k562_gwps", "cells": 20000}
{"t": 1582.6, "utc": "2026-10-01T04:31:50.650918+00:00", "msg": "first read", "shard": "k562_gwps_a__shard_00011.h5ad", "study": "replogle_k562_gwps", "cells": 20000}
{"t": 1595.2, "utc": "2026-10-01T04:32:03.311903+00:00", "msg": "first read", "shard": "k562_gwps_a__shard_00012.h5ad", "study": "replogle_k562_gwps", "cells": 20000}
{"t": 1602.3, "utc": "2026-10-01T04:32:10.376806+00:00", "msg": "first read", "shard": "k562_gwps_a__shard_00013.h5ad", "study": "replogle_k562_gwps", "cells": 20000}
{"t": 1608.5, "utc": "2026-10-01T04:32:16.588928+00:00", "msg": "first read", "shard": "k562_gwps_a__shard_00014.h5ad", "study": "replogle_k562_gwps", "cells": 20000}
{"t": 1610.1, "utc": "2026-10-01T04:32:18.156462+00:00", "msg": "first read", "shard": "k562_gwps_a__shard_00015.h5ad", "study": "replogle_k562_gwps", "cells": 20000}
{"t": 1623.2, "utc": "2026-10-01T04:32:31.231099+00:00", "msg": "first read", "shard": "k562_gwps_a__shard_00016.h5ad", "study": "replogle_k562_gwps", "cells": 20000}
{"t": 1630.0, "utc": "2026-10-01T04:32:38.111254+00:00", "msg": "first read", "shard": "k562_gwps_a__shard_00017.h5ad", "study": "replogle_k562_gwps", "cells": 20000}
{"t": 1636.4, "utc": "2026-10-01T04:32:44.469757+00:00", "msg": "first read", "shard": "k562_gwps_a__shard_00018.h5ad", "study": "replogle_k562_gwps", "cells": 20000}
{"t": 1636.4, "utc": "2026-10-01T04:32:44.500335+00:00", "msg": "first read", "shard": "k562_gwps_a__shard_00019.h5ad", "study": "replogle_k562_gwps", "cells": 20000}
{"t": 1650.0, "utc": "2026-10-01T04:32:58.057594+00:00", "msg": "first read", "shard": "k562_gwps_a__shard_00020.h5ad", "study": "replogle_k562_gwps", "cells": 20000}
{"t": 1658.4, "utc": "2026-10-01T04:33:06.461642+00:00", "msg": "first read", "shard": "k562_gwps_a__shard_00021.h5ad", "study": "replogle_k562_gwps", "cells": 20000}
{"t": 1664.5, "utc": "2026-10-01T04:33:12.602291+00:00", "msg": "first read", "shard": "k562_gwps_a__shard_00022.h5ad", "study": "replogle_k562_gwps", "cells": 20000}
{"t": 1664.6, "utc": "2026-10-01T04:33:12.634289+00:00", "msg": "first read", "shard": "k562_gwps_a__shard_00023.h5ad", "study": "replogle_k562_gwps", "cells": 20000}
{"t": 1674.5, "utc": "2026-10-01T04:33:22.611722+00:00", "msg": "first read", "shard": "k562_gwps_a__shard_00024.h5ad", "study": "replogle_k562_gwps", "cells": 20000}
{"t": 1682.9, "utc": "2026-10-01T04:33:30.957054+00:00", "msg": "first read", "shard": "k562_gwps_a__shard_00025.h5ad", "study": "replogle_k562_gwps", "cells": 20000}
{"t": 1686.4, "utc": "2026-10-01T04:33:34.469716+00:00", "msg": "first read", "shard": "k562_gwps_a__shard_00026.h5ad", "study": "replogle_k562_gwps", "cells": 20000}
{"t": 1686.9, "utc": "2026-10-01T04:33:35.021936+00:00", "msg": "first read", "shard": "k562_gwps_a__shard_00027.h5ad", "study": "replogle_k562_gwps", "cells": 20000}
{"t": 1695.7, "utc": "2026-10-01T04:33:43.828466+00:00", "msg": "first read", "shard": "k562_gwps_a__shard_00028.h5ad", "study": "replogle_k562_gwps", "cells": 20000}
{"t": 1705.0, "utc": "2026-10-01T04:33:53.088737+00:00", "msg": "first read", "shard": "k562_gwps_a__shard_00029.h5ad", "study": "replogle_k562_gwps", "cells": 20000}
{"t": 1707.9, "utc": "2026-10-01T04:33:55.935113+00:00", "msg": "first read", "shard": "k562_gwps_a__shard_00030.h5ad", "study": "replogle_k562_gwps", "cells": 20000}
{"t": 1708.1, "utc": "2026-10-01T04:33:56.206884+00:00", "msg": "first read", "shard": "k562_gwps_a__shard_00031.h5ad", "study": "replogle_k562_gwps", "cells": 20000}
{"t": 1717.2, "utc": "2026-10-01T04:34:05.315706+00:00", "msg": "first read", "shard": "k562_gwps_a__shard_00032.h5ad", "study": "replogle_k562_gwps", "cells": 20000}
{"t": 1726.1, "utc": "2026-10-01T04:34:14.209309+00:00", "msg": "first read", "shard": "k562_gwps_a__shard_00033.h5ad", "study": "replogle_k562_gwps", "cells": 20000}
{"t": 1729.8, "utc": "2026-10-01T04:34:17.842242+00:00", "msg": "first read", "shard": "k562_gwps_a__shard_00034.h5ad", "study": "replogle_k562_gwps", "cells": 20000}
{"t": 1730.5, "utc": "2026-10-01T04:34:18.605298+00:00", "msg": "first read", "shard": "k562_gwps_a__shard_00035.h5ad", "study": "replogle_k562_gwps", "cells": 20000}
{"t": 1737.7, "utc": "2026-10-01T04:34:25.795331+00:00", "msg": "first read", "shard": "k562_gwps_a__shard_00036.h5ad", "study": "replogle_k562_gwps", "cells": 20000}
{"t": 1746.8, "utc": "2026-10-01T04:34:34.850091+00:00", "msg": "first read", "shard": "k562_gwps_a__shard_00037.h5ad", "study": "replogle_k562_gwps", "cells": 20000}
{"t": 1751.6, "utc": "2026-10-01T04:34:39.696154+00:00", "msg": "first read", "shard": "k562_gwps_a__shard_00038.h5ad", "study": "replogle_k562_gwps", "cells": 20000}
{"t": 1751.6, "utc": "2026-10-01T04:34:39.702487+00:00", "msg": "first read", "shard": "k562_gwps_a__shard_00039.h5ad", "study": "replogle_k562_gwps", "cells": 20000}
{"t": 1757.2, "utc": "2026-10-01T04:34:45.327066+00:00", "msg": "first read", "shard": "k562_gwps_a__shard_00040.h5ad", "study": "replogle_k562_gwps", "cells": 20000}
{"t": 1768.3, "utc": "2026-10-01T04:34:56.333045+00:00", "msg": "first read", "shard": "k562_gwps_a__shard_00041.h5ad", "study": "replogle_k562_gwps", "cells": 20000}
{"t": 1773.5, "utc": "2026-10-01T04:35:01.574765+00:00", "msg": "first read", "shard": "k562_gwps_a__shard_00042.h5ad", "study": "replogle_k562_gwps", "cells": 20000}
{"t": 1773.6, "utc": "2026-10-01T04:35:01.638313+00:00", "msg": "first read", "shard": "k562_gwps_a__shard_00043.h5ad", "study": "replogle_k562_gwps", "cells": 20000}
{"t": 1778.0, "utc": "2026-10-01T04:35:06.099738+00:00", "msg": "first read", "shard": "k562_gwps_a__shard_00044.h5ad", "study": "replogle_k562_gwps", "cells": 20000}
{"t": 1789.7, "utc": "2026-10-01T04:35:17.827386+00:00", "msg": "first read", "shard": "k562_gwps_a__shard_00045.h5ad", "study": "replogle_k562_gwps", "cells": 20000}
{"t": 1794.9, "utc": "2026-10-01T04:35:22.954506+00:00", "msg": "first read", "shard": "k562_gwps_a__shard_00046.h5ad", "study": "replogle_k562_gwps", "cells": 20000}
{"t": 1795.3, "utc": "2026-10-01T04:35:23.388158+00:00", "msg": "first read", "shard": "k562_gwps_a__shard_00047.h5ad", "study": "replogle_k562_gwps", "cells": 20000}
{"t": 1799.7, "utc": "2026-10-01T04:35:27.760830+00:00", "msg": "first read", "shard": "k562_gwps_a__shard_00048.h5ad", "study": "replogle_k562_gwps", "cells": 20000}
{"t": 1811.7, "utc": "2026-10-01T04:35:39.820448+00:00", "msg": "first read", "shard": "k562_gwps_a__shard_00049.h5ad", "study": "replogle_k562_gwps", "cells": 20000}
{"t": 1817.0, "utc": "2026-10-01T04:35:45.049565+00:00", "msg": "first read", "shard": "k562_gwps_b__shard_00050.h5ad", "study": "replogle_k562_gwps", "cells": 20000}
{"t": 1817.0, "utc": "2026-10-01T04:35:45.052769+00:00", "msg": "first read", "shard": "k562_gwps_b__shard_00051.h5ad", "study": "replogle_k562_gwps", "cells": 20000}
{"t": 1821.5, "utc": "2026-10-01T04:35:49.539196+00:00", "msg": "first read", "shard": "k562_gwps_b__shard_00052.h5ad", "study": "replogle_k562_gwps", "cells": 20000}
{"t": 1834.4, "utc": "2026-10-01T04:36:02.441971+00:00", "msg": "first read", "shard": "k562_gwps_b__shard_00053.h5ad", "study": "replogle_k562_gwps", "cells": 20000}
{"t": 1840.2, "utc": "2026-10-01T04:36:08.314459+00:00", "msg": "first read", "shard": "k562_gwps_b__shard_00054.h5ad", "study": "replogle_k562_gwps", "cells": 20000}
{"t": 1840.2, "utc": "2026-10-01T04:36:08.317958+00:00", "msg": "first read", "shard": "k562_gwps_b__shard_00055.h5ad", "study": "replogle_k562_gwps", "cells": 20000}
{"t": 1842.2, "utc": "2026-10-01T04:36:10.236448+00:00", "msg": "first read", "shard": "k562_gwps_b__shard_00056.h5ad", "study": "replogle_k562_gwps", "cells": 20000}
{"t": 1856.9, "utc": "2026-10-01T04:36:24.998611+00:00", "msg": "first read", "shard": "k562_gwps_b__shard_00057.h5ad", "study": "replogle_k562_gwps", "cells": 20000}
{"t": 1862.6, "utc": "2026-10-01T04:36:30.703254+00:00", "msg": "first read", "shard": "k562_gwps_b__shard_00058.h5ad", "study": "replogle_k562_gwps", "cells": 20000}
{"t": 1863.1, "utc": "2026-10-01T04:36:31.153896+00:00", "msg": "first read", "shard": "k562_gwps_b__shard_00059.h5ad", "study": "replogle_k562_gwps", "cells": 20000}
{"t": 1864.7, "utc": "2026-10-01T04:36:32.745515+00:00", "msg": "first read", "shard": "k562_gwps_b__shard_00060.h5ad", "study": "replogle_k562_gwps", "cells": 20000}
{"t": 1896.3, "utc": "2026-10-01T04:37:04.383497+00:00", "msg": "first read", "shard": "k562_gwps_b__shard_00061.h5ad", "study": "replogle_k562_gwps", "cells": 20000}
{"t": 1902.9, "utc": "2026-10-01T04:37:10.958028+00:00", "msg": "first read", "shard": "k562_gwps_b__shard_00062.h5ad", "study": "replogle_k562_gwps", "cells": 20000}
{"t": 1903.3, "utc": "2026-10-01T04:37:11.363704+00:00", "msg": "first read", "shard": "k562_gwps_b__shard_00063.h5ad", "study": "replogle_k562_gwps", "cells": 20000}
{"t": 1903.3, "utc": "2026-10-01T04:37:11.366789+00:00", "msg": "first read", "shard": "k562_gwps_b__shard_00064.h5ad", "study": "replogle_k562_gwps", "cells": 20000}
{"t": 1919.1, "utc": "2026-10-01T04:37:27.170016+00:00", "msg": "first read", "shard": "k562_gwps_b__shard_00065.h5ad", "study": "replogle_k562_gwps", "cells": 20000}
{"t": 1923.4, "utc": "2026-10-01T04:37:31.488921+00:00", "msg": "first read", "shard": "k562_gwps_b__shard_00066.h5ad", "study": "replogle_k562_gwps", "cells": 20000}
{"t": 1924.8, "utc": "2026-10-01T04:37:32.853796+00:00", "msg": "first read", "shard": "k562_gwps_b__shard_00067.h5ad", "study": "replogle_k562_gwps", "cells": 20000}
{"t": 1925.7, "utc": "2026-10-01T04:37:33.746314+00:00", "msg": "first read", "shard": "k562_gwps_b__shard_00068.h5ad", "study": "replogle_k562_gwps", "cells": 20000}
{"t": 1940.2, "utc": "2026-10-01T04:37:48.230834+00:00", "msg": "first read", "shard": "k562_gwps_b__shard_00069.h5ad", "study": "replogle_k562_gwps", "cells": 20000}
{"t": 1944.5, "utc": "2026-10-01T04:37:52.554812+00:00", "msg": "first read", "shard": "k562_gwps_b__shard_00070.h5ad", "study": "replogle_k562_gwps", "cells": 20000}
{"t": 1946.7, "utc": "2026-10-01T04:37:54.731904+00:00", "msg": "first read", "shard": "k562_gwps_b__shard_00071.h5ad", "study": "replogle_k562_gwps", "cells": 20000}
{"t": 1948.4, "utc": "2026-10-01T04:37:56.436182+00:00", "msg": "first read", "shard": "k562_gwps_b__shard_00072.h5ad", "study": "replogle_k562_gwps", "cells": 20000}
{"t": 1961.3, "utc": "2026-10-01T04:38:09.411840+00:00", "msg": "first read", "shard": "k562_gwps_b__shard_00073.h5ad", "study": "replogle_k562_gwps", "cells": 20000}
{"t": 1966.3, "utc": "2026-10-01T04:38:14.374958+00:00", "msg": "first read", "shard": "k562_gwps_b__shard_00074.h5ad", "study": "replogle_k562_gwps", "cells": 20000}
{"t": 1968.3, "utc": "2026-10-01T04:38:16.399598+00:00", "msg": "first read", "shard": "k562_gwps_b__shard_00075.h5ad", "study": "replogle_k562_gwps", "cells": 20000}
{"t": 1970.0, "utc": "2026-10-01T04:38:18.113142+00:00", "msg": "first read", "shard": "k562_gwps_b__shard_00076.h5ad", "study": "replogle_k562_gwps", "cells": 20000}
{"t": 1983.4, "utc": "2026-10-01T04:38:31.478806+00:00", "msg": "first read", "shard": "k562_gwps_b__shard_00077.h5ad", "study": "replogle_k562_gwps", "cells": 20000}
{"t": 1988.5, "utc": "2026-10-01T04:38:36.585290+00:00", "msg": "first read", "shard": "k562_gwps_b__shard_00078.h5ad", "study": "replogle_k562_gwps", "cells": 20000}
{"t": 1990.8, "utc": "2026-10-01T04:38:38.906115+00:00", "msg": "first read", "shard": "k562_gwps_b__shard_00079.h5ad", "study": "replogle_k562_gwps", "cells": 20000}
{"t": 1992.0, "utc": "2026-10-01T04:38:40.040475+00:00", "msg": "first read", "shard": "k562_gwps_b__shard_00080.h5ad", "study": "replogle_k562_gwps", "cells": 20000}
{"t": 2005.2, "utc": "2026-10-01T04:38:53.272988+00:00", "msg": "first read", "shard": "k562_gwps_b__shard_00081.h5ad", "study": "replogle_k562_gwps", "cells": 20000}
{"t": 2008.9, "utc": "2026-10-01T04:38:56.963382+00:00", "msg": "first read", "shard": "k562_gwps_b__shard_00082.h5ad", "study": "replogle_k562_gwps", "cells": 20000}
{"t": 2010.5, "utc": "2026-10-01T04:38:58.607907+00:00", "msg": "first read", "shard": "k562_gwps_b__shard_00083.h5ad", "study": "replogle_k562_gwps", "cells": 20000}
{"t": 2013.1, "utc": "2026-10-01T04:39:01.152369+00:00", "msg": "first read", "shard": "k562_gwps_b__shard_00084.h5ad", "study": "replogle_k562_gwps", "cells": 20000}
{"t": 2026.3, "utc": "2026-10-01T04:39:14.426253+00:00", "msg": "first read", "shard": "k562_gwps_b__shard_00085.h5ad", "study": "replogle_k562_gwps", "cells": 20000}
{"t": 2030.6, "utc": "2026-10-01T04:39:18.668970+00:00", "msg": "first read", "shard": "k562_gwps_b__shard_00086.h5ad", "study": "replogle_k562_gwps", "cells": 20000}
{"t": 2032.0, "utc": "2026-10-01T04:39:20.104806+00:00", "msg": "first read", "shard": "k562_gwps_b__shard_00087.h5ad", "study": "replogle_k562_gwps", "cells": 20000}
{"t": 2034.2, "utc": "2026-10-01T04:39:22.246989+00:00", "msg": "first read", "shard": "k562_gwps_b__shard_00088.h5ad", "study": "replogle_k562_gwps", "cells": 20000}
{"t": 2047.2, "utc": "2026-10-01T04:39:35.330898+00:00", "msg": "first read", "shard": "k562_gwps_b__shard_00089.h5ad", "study": "replogle_k562_gwps", "cells": 20000}
{"t": 2051.6, "utc": "2026-10-01T04:39:39.690208+00:00", "msg": "first read", "shard": "k562_gwps_b__shard_00090.h5ad", "study": "replogle_k562_gwps", "cells": 20000}
{"t": 2053.2, "utc": "2026-10-01T04:39:41.271428+00:00", "msg": "first read", "shard": "k562_gwps_b__shard_00091.h5ad", "study": "replogle_k562_gwps", "cells": 20000}
{"t": 2054.3, "utc": "2026-10-01T04:39:42.341961+00:00", "msg": "first read", "shard": "k562_gwps_b__shard_00092.h5ad", "study": "replogle_k562_gwps", "cells": 20000}
{"t": 2068.8, "utc": "2026-10-01T04:39:56.882239+00:00", "msg": "first read", "shard": "k562_gwps_b__shard_00093.h5ad", "study": "replogle_k562_gwps", "cells": 20000}
{"t": 2072.5, "utc": "2026-10-01T04:40:00.628251+00:00", "msg": "first read", "shard": "k562_gwps_b__shard_00094.h5ad", "study": "replogle_k562_gwps", "cells": 20000}
{"t": 2074.5, "utc": "2026-10-01T04:40:02.531340+00:00", "msg": "first read", "shard": "k562_gwps_b__shard_00095.h5ad", "study": "replogle_k562_gwps", "cells": 20000}
{"t": 2076.0, "utc": "2026-10-01T04:40:04.102505+00:00", "msg": "first read", "shard": "k562_gwps_b__shard_00096.h5ad", "study": "replogle_k562_gwps", "cells": 20000}
{"t": 2089.8, "utc": "2026-10-01T04:40:17.835516+00:00", "msg": "first read", "shard": "k562_gwps_b__shard_00097.h5ad", "study": "replogle_k562_gwps", "cells": 20000}
{"t": 2092.9, "utc": "2026-10-01T04:40:20.960142+00:00", "msg": "first read", "shard": "k562_gwps_b__shard_00098.h5ad", "study": "replogle_k562_gwps", "cells": 20000}
{"t": 2092.9, "utc": "2026-10-01T04:40:20.963217+00:00", "msg": "first read", "shard": "k562_gwps_b__shard_00099.h5ad", "study": "replogle_k562_gwps", "cells": 9578}
{"t": 2092.9, "utc": "2026-10-01T04:40:20.974667+00:00", "msg": "first read", "shard": "k562_essential__shard_00000.h5ad", "study": "replogle_k562_essential", "cells": 10000}
{"t": 2096.9, "utc": "2026-10-01T04:40:24.989288+00:00", "msg": "first read", "shard": "k562_essential__shard_00001.h5ad", "study": "replogle_k562_essential", "cells": 10000}
{"t": 2101.7, "utc": "2026-10-01T04:40:29.771151+00:00", "msg": "first read", "shard": "k562_essential__shard_00002.h5ad", "study": "replogle_k562_essential", "cells": 10000}
{"t": 2102.3, "utc": "2026-10-01T04:40:30.353836+00:00", "msg": "first read", "shard": "k562_essential__shard_00003.h5ad", "study": "replogle_k562_essential", "cells": 10000}
{"t": 2105.2, "utc": "2026-10-01T04:40:33.241088+00:00", "msg": "first read", "shard": "k562_essential__shard_00004.h5ad", "study": "replogle_k562_essential", "cells": 10000}
{"t": 2109.2, "utc": "2026-10-01T04:40:37.237348+00:00", "msg": "first read", "shard": "k562_essential__shard_00005.h5ad", "study": "replogle_k562_essential", "cells": 10000}
{"t": 2114.1, "utc": "2026-10-01T04:40:42.196602+00:00", "msg": "first read", "shard": "k562_essential__shard_00006.h5ad", "study": "replogle_k562_essential", "cells": 10000}
{"t": 2114.7, "utc": "2026-10-01T04:40:42.781483+00:00", "msg": "first read", "shard": "k562_essential__shard_00007.h5ad", "study": "replogle_k562_essential", "cells": 10000}
{"t": 2117.7, "utc": "2026-10-01T04:40:45.752528+00:00", "msg": "first read", "shard": "k562_essential__shard_00008.h5ad", "study": "replogle_k562_essential", "cells": 10000}
{"t": 2121.6, "utc": "2026-10-01T04:40:49.640801+00:00", "msg": "first read", "shard": "k562_essential__shard_00009.h5ad", "study": "replogle_k562_essential", "cells": 10000}
{"t": 2126.2, "utc": "2026-10-01T04:40:54.279525+00:00", "msg": "first read", "shard": "k562_essential__shard_00010.h5ad", "study": "replogle_k562_essential", "cells": 10000}
{"t": 2127.4, "utc": "2026-10-01T04:40:55.477424+00:00", "msg": "first read", "shard": "k562_essential__shard_00011.h5ad", "study": "replogle_k562_essential", "cells": 10000}
{"t": 2129.6, "utc": "2026-10-01T04:40:57.655074+00:00", "msg": "first read", "shard": "k562_essential__shard_00012.h5ad", "study": "replogle_k562_essential", "cells": 10000}
{"t": 2133.6, "utc": "2026-10-01T04:41:01.708142+00:00", "msg": "first read", "shard": "k562_essential__shard_00013.h5ad", "study": "replogle_k562_essential", "cells": 10000}
{"t": 2138.7, "utc": "2026-10-01T04:41:06.791356+00:00", "msg": "first read", "shard": "k562_essential__shard_00014.h5ad", "study": "replogle_k562_essential", "cells": 10000}
{"t": 2139.6, "utc": "2026-10-01T04:41:07.664341+00:00", "msg": "first read", "shard": "k562_essential__shard_00015.h5ad", "study": "replogle_k562_essential", "cells": 10000}
{"t": 2141.7, "utc": "2026-10-01T04:41:09.744169+00:00", "msg": "first read", "shard": "k562_essential__shard_00016.h5ad", "study": "replogle_k562_essential", "cells": 10000}
{"t": 2145.5, "utc": "2026-10-01T04:41:13.585008+00:00", "msg": "first read", "shard": "k562_essential__shard_00017.h5ad", "study": "replogle_k562_essential", "cells": 10000}
{"t": 2151.3, "utc": "2026-10-01T04:41:19.421082+00:00", "msg": "first read", "shard": "k562_essential__shard_00018.h5ad", "study": "replogle_k562_essential", "cells": 10000}
{"t": 2151.9, "utc": "2026-10-01T04:41:20.015668+00:00", "msg": "first read", "shard": "k562_essential__shard_00019.h5ad", "study": "replogle_k562_essential", "cells": 10000}
{"t": 2153.1, "utc": "2026-10-01T04:41:21.188650+00:00", "msg": "first read", "shard": "k562_essential__shard_00020.h5ad", "study": "replogle_k562_essential", "cells": 10000}
{"t": 2157.4, "utc": "2026-10-01T04:41:25.457684+00:00", "msg": "first read", "shard": "k562_essential__shard_00021.h5ad", "study": "replogle_k562_essential", "cells": 10000}
{"t": 2163.8, "utc": "2026-10-01T04:41:31.882244+00:00", "msg": "first read", "shard": "k562_essential__shard_00022.h5ad", "study": "replogle_k562_essential", "cells": 10000}
{"t": 2164.3, "utc": "2026-10-01T04:41:32.330673+00:00", "msg": "first read", "shard": "k562_essential__shard_00023.h5ad", "study": "replogle_k562_essential", "cells": 10000}
{"t": 2165.5, "utc": "2026-10-01T04:41:33.578214+00:00", "msg": "first read", "shard": "k562_essential__shard_00024.h5ad", "study": "replogle_k562_essential", "cells": 10000}
{"t": 2169.5, "utc": "2026-10-01T04:41:37.529425+00:00", "msg": "first read", "shard": "k562_essential__shard_00025.h5ad", "study": "replogle_k562_essential", "cells": 10000}
{"t": 2176.3, "utc": "2026-10-01T04:41:44.422629+00:00", "msg": "first read", "shard": "k562_essential__shard_00026.h5ad", "study": "replogle_k562_essential", "cells": 10000}
{"t": 2176.3, "utc": "2026-10-01T04:41:44.424458+00:00", "msg": "first read", "shard": "k562_essential__shard_00027.h5ad", "study": "replogle_k562_essential", "cells": 10000}
{"t": 2177.5, "utc": "2026-10-01T04:41:45.549435+00:00", "msg": "first read", "shard": "k562_essential__shard_00028.h5ad", "study": "replogle_k562_essential", "cells": 10000}
{"t": 2181.4, "utc": "2026-10-01T04:41:49.486481+00:00", "msg": "first read", "shard": "k562_essential__shard_00029.h5ad", "study": "replogle_k562_essential", "cells": 10000}
{"t": 2188.4, "utc": "2026-10-01T04:41:56.471649+00:00", "msg": "first read", "shard": "k562_essential__shard_00030.h5ad", "study": "replogle_k562_essential", "cells": 10000}
{"t": 2188.4, "utc": "2026-10-01T04:41:56.472449+00:00", "msg": "first read", "shard": "k562_essential__shard_00031.h5ad", "study": "replogle_k562_essential", "cells": 385}
{"t": 2189.0, "utc": "2026-10-01T04:41:57.118562+00:00", "msg": "first read", "shard": "rpe1__shard_00000.h5ad", "study": "replogle_rpe1", "cells": 10000}
{"t": 2190.0, "utc": "2026-10-01T04:41:58.110739+00:00", "msg": "first read", "shard": "rpe1__shard_00001.h5ad", "study": "replogle_rpe1", "cells": 10000}
{"t": 2193.3, "utc": "2026-10-01T04:42:01.337521+00:00", "msg": "first read", "shard": "rpe1__shard_00002.h5ad", "study": "replogle_rpe1", "cells": 10000}
{"t": 2200.5, "utc": "2026-10-01T04:42:08.564227+00:00", "msg": "first read", "shard": "rpe1__shard_00003.h5ad", "study": "replogle_rpe1", "cells": 10000}
{"t": 2201.1, "utc": "2026-10-01T04:42:09.217242+00:00", "msg": "first read", "shard": "rpe1__shard_00004.h5ad", "study": "replogle_rpe1", "cells": 10000}
{"t": 2201.7, "utc": "2026-10-01T04:42:09.756906+00:00", "msg": "first read", "shard": "rpe1__shard_00005.h5ad", "study": "replogle_rpe1", "cells": 10000}
{"t": 2205.4, "utc": "2026-10-01T04:42:13.485812+00:00", "msg": "first read", "shard": "rpe1__shard_00006.h5ad", "study": "replogle_rpe1", "cells": 10000}
{"t": 2212.6, "utc": "2026-10-01T04:42:20.700404+00:00", "msg": "first read", "shard": "rpe1__shard_00007.h5ad", "study": "replogle_rpe1", "cells": 10000}
{"t": 2213.5, "utc": "2026-10-01T04:42:21.530458+00:00", "msg": "first read", "shard": "rpe1__shard_00008.h5ad", "study": "replogle_rpe1", "cells": 10000}
{"t": 2213.6, "utc": "2026-10-01T04:42:21.657998+00:00", "msg": "first read", "shard": "rpe1__shard_00009.h5ad", "study": "replogle_rpe1", "cells": 10000}
{"t": 2217.9, "utc": "2026-10-01T04:42:25.980523+00:00", "msg": "first read", "shard": "rpe1__shard_00010.h5ad", "study": "replogle_rpe1", "cells": 10000}
{"t": 2226.2, "utc": "2026-10-01T04:42:34.263577+00:00", "msg": "first read", "shard": "rpe1__shard_00011.h5ad", "study": "replogle_rpe1", "cells": 10000}
{"t": 2227.6, "utc": "2026-10-01T04:42:35.649156+00:00", "msg": "first read", "shard": "rpe1__shard_00012.h5ad", "study": "replogle_rpe1", "cells": 10000}
{"t": 2228.0, "utc": "2026-10-01T04:42:36.039461+00:00", "msg": "first read", "shard": "rpe1__shard_00013.h5ad", "study": "replogle_rpe1", "cells": 10000}
{"t": 2230.7, "utc": "2026-10-01T04:42:38.774369+00:00", "msg": "first read", "shard": "rpe1__shard_00014.h5ad", "study": "replogle_rpe1", "cells": 10000}
{"t": 2238.1, "utc": "2026-10-01T04:42:46.155198+00:00", "msg": "first read", "shard": "rpe1__shard_00015.h5ad", "study": "replogle_rpe1", "cells": 10000}
{"t": 2239.3, "utc": "2026-10-01T04:42:47.403864+00:00", "msg": "first read", "shard": "rpe1__shard_00016.h5ad", "study": "replogle_rpe1", "cells": 10000}
{"t": 2239.9, "utc": "2026-10-01T04:42:47.980590+00:00", "msg": "first read", "shard": "rpe1__shard_00017.h5ad", "study": "replogle_rpe1", "cells": 10000}
{"t": 2242.6, "utc": "2026-10-01T04:42:50.649919+00:00", "msg": "first read", "shard": "rpe1__shard_00018.h5ad", "study": "replogle_rpe1", "cells": 10000}
{"t": 2250.0, "utc": "2026-10-01T04:42:58.052221+00:00", "msg": "first read", "shard": "rpe1__shard_00019.h5ad", "study": "replogle_rpe1", "cells": 10000}
{"t": 2251.3, "utc": "2026-10-01T04:42:59.363655+00:00", "msg": "first read", "shard": "rpe1__shard_00020.h5ad", "study": "replogle_rpe1", "cells": 10000}
{"t": 2252.1, "utc": "2026-10-01T04:43:00.163033+00:00", "msg": "first read", "shard": "rpe1__shard_00021.h5ad", "study": "replogle_rpe1", "cells": 10000}
{"t": 2254.3, "utc": "2026-10-01T04:43:02.407571+00:00", "msg": "first read", "shard": "rpe1__shard_00022.h5ad", "study": "replogle_rpe1", "cells": 10000}
{"t": 2261.5, "utc": "2026-10-01T04:43:09.592296+00:00", "msg": "first read", "shard": "rpe1__shard_00023.h5ad", "study": "replogle_rpe1", "cells": 10000}
{"t": 2261.5, "utc": "2026-10-01T04:43:09.595757+00:00", "msg": "first read", "shard": "rpe1__shard_00024.h5ad", "study": "replogle_rpe1", "cells": 7914}
{"t": 2315.9, "utc": "2026-10-01T04:44:03.949451+00:00", "msg": "first read", "shard": "a549_ko__shard_00000.h5ad", "study": "a549_liu_hillsley2026", "cells": 20000}
{"t": 2315.9, "utc": "2026-10-01T04:44:03.950517+00:00", "msg": "first read", "shard": "a549_ko__shard_00001.h5ad", "study": "a549_liu_hillsley2026", "cells": 20000}
{"t": 2315.9, "utc": "2026-10-01T04:44:03.950926+00:00", "msg": "first read", "shard": "a549_ko__shard_00002.h5ad", "study": "a549_liu_hillsley2026", "cells": 20000}
{"t": 2315.9, "utc": "2026-10-01T04:44:03.951101+00:00", "msg": "first read", "shard": "a549_ko__shard_00003.h5ad", "study": "a549_liu_hillsley2026", "cells": 20000}
{"t": 2342.4, "utc": "2026-10-01T04:44:30.455887+00:00", "msg": "first read", "shard": "a549_ko__shard_00004.h5ad", "study": "a549_liu_hillsley2026", "cells": 20000}
{"t": 2345.5, "utc": "2026-10-01T04:44:33.529001+00:00", "msg": "first read", "shard": "a549_ko__shard_00005.h5ad", "study": "a549_liu_hillsley2026", "cells": 20000}
{"t": 2348.4, "utc": "2026-10-01T04:44:36.470300+00:00", "msg": "first read", "shard": "a549_ko__shard_00006.h5ad", "study": "a549_liu_hillsley2026", "cells": 20000}
{"t": 2361.3, "utc": "2026-10-01T04:44:49.381092+00:00", "msg": "first read", "shard": "a549_ko__shard_00007.h5ad", "study": "a549_liu_hillsley2026", "cells": 20000}
{"t": 2386.7, "utc": "2026-10-01T04:45:14.750447+00:00", "msg": "first read", "shard": "a549_ko__shard_00008.h5ad", "study": "a549_liu_hillsley2026", "cells": 20000}
{"t": 2386.7, "utc": "2026-10-01T04:45:14.750688+00:00", "msg": "first read", "shard": "a549_ko__shard_00009.h5ad", "study": "a549_liu_hillsley2026", "cells": 20000}
{"t": 2388.5, "utc": "2026-10-01T04:45:16.561157+00:00", "msg": "first read", "shard": "a549_ko__shard_00010.h5ad", "study": "a549_liu_hillsley2026", "cells": 20000}
{"t": 2400.0, "utc": "2026-10-01T04:45:28.042605+00:00", "msg": "first read", "shard": "a549_ko__shard_00011.h5ad", "study": "a549_liu_hillsley2026", "cells": 20000}
{"t": 2429.1, "utc": "2026-10-01T04:45:57.163334+00:00", "msg": "first read", "shard": "a549_ko__shard_00012.h5ad", "study": "a549_liu_hillsley2026", "cells": 20000}
{"t": 2430.9, "utc": "2026-10-01T04:45:58.954733+00:00", "msg": "first read", "shard": "a549_ko__shard_00013.h5ad", "study": "a549_liu_hillsley2026", "cells": 20000}
{"t": 2431.6, "utc": "2026-10-01T04:45:59.678776+00:00", "msg": "first read", "shard": "a549_ko__shard_00014.h5ad", "study": "a549_liu_hillsley2026", "cells": 20000}
{"t": 2456.6, "utc": "2026-10-01T04:46:24.657879+00:00", "msg": "first read", "shard": "a549_ko__shard_00015.h5ad", "study": "a549_liu_hillsley2026", "cells": 20000}
{"t": 2479.3, "utc": "2026-10-01T04:46:47.333676+00:00", "msg": "first read", "shard": "a549_ko__shard_00016.h5ad", "study": "a549_liu_hillsley2026", "cells": 20000}
{"t": 2496.5, "utc": "2026-10-01T04:47:04.625535+00:00", "msg": "first read", "shard": "a549_ko__shard_00017.h5ad", "study": "a549_liu_hillsley2026", "cells": 20000}
{"t": 2496.5, "utc": "2026-10-01T04:47:04.627426+00:00", "msg": "first read", "shard": "a549_ko__shard_00018.h5ad", "study": "a549_liu_hillsley2026", "cells": 20000}
{"t": 2502.6, "utc": "2026-10-01T04:47:10.629730+00:00", "msg": "first read", "shard": "a549_ko__shard_00019.h5ad", "study": "a549_liu_hillsley2026", "cells": 20000}
{"t": 2545.2, "utc": "2026-10-01T04:47:53.239562+00:00", "msg": "first read", "shard": "a549_ko__shard_00020.h5ad", "study": "a549_liu_hillsley2026", "cells": 20000}
{"t": 2557.7, "utc": "2026-10-01T04:48:05.825788+00:00", "msg": "first read", "shard": "a549_ko__shard_00021.h5ad", "study": "a549_liu_hillsley2026", "cells": 20000}
{"t": 2557.7, "utc": "2026-10-01T04:48:05.826101+00:00", "msg": "first read", "shard": "a549_ko__shard_00022.h5ad", "study": "a549_liu_hillsley2026", "cells": 20000}
{"t": 2565.3, "utc": "2026-10-01T04:48:13.390089+00:00", "msg": "first read", "shard": "a549_ko__shard_00023.h5ad", "study": "a549_liu_hillsley2026", "cells": 20000}
{"t": 2592.3, "utc": "2026-10-01T04:48:40.361285+00:00", "msg": "first read", "shard": "a549_ko__shard_00024.h5ad", "study": "a549_liu_hillsley2026", "cells": 20000}
{"t": 2599.4, "utc": "2026-10-01T04:48:47.513774+00:00", "msg": "first read", "shard": "a549_ko__shard_00025.h5ad", "study": "a549_liu_hillsley2026", "cells": 20000}
{"t": 2605.5, "utc": "2026-10-01T04:48:53.562164+00:00", "msg": "first read", "shard": "a549_ko__shard_00026.h5ad", "study": "a549_liu_hillsley2026", "cells": 20000}
{"t": 2613.3, "utc": "2026-10-01T04:49:01.355790+00:00", "msg": "first read", "shard": "a549_ko__shard_00027.h5ad", "study": "a549_liu_hillsley2026", "cells": 20000}
{"t": 2632.2, "utc": "2026-10-01T04:49:20.318193+00:00", "msg": "first read", "shard": "a549_ko__shard_00028.h5ad", "study": "a549_liu_hillsley2026", "cells": 20000}
{"t": 2643.7, "utc": "2026-10-01T04:49:31.792325+00:00", "msg": "first read", "shard": "a549_ko__shard_00029.h5ad", "study": "a549_liu_hillsley2026", "cells": 20000}
{"t": 2643.7, "utc": "2026-10-01T04:49:31.792608+00:00", "msg": "first read", "shard": "a549_ko__shard_00030.h5ad", "study": "a549_liu_hillsley2026", "cells": 6075}
{"t": 2645.9, "utc": "2026-10-01T04:49:33.971106+00:00", "msg": "first read", "shard": "tian2021_crispri__shard_00000.h5ad", "study": "tian2021_crispri", "cells": 20000}
{"t": 2645.9, "utc": "2026-10-01T04:49:33.972956+00:00", "msg": "first read", "shard": "tian2021_crispri__shard_00001.h5ad", "study": "tian2021_crispri", "cells": 12300}
{"t": 2657.6, "utc": "2026-10-01T04:49:45.656677+00:00", "msg": "first read", "shard": "tian2021_crispra__shard_00000.h5ad", "study": "tian2021_crispra", "cells": 20000}
{"t": 2657.6, "utc": "2026-10-01T04:49:45.658060+00:00", "msg": "first read", "shard": "tian2021_crispra__shard_00001.h5ad", "study": "tian2021_crispra", "cells": 1193}
{"t": 2657.6, "utc": "2026-10-01T04:49:45.670579+00:00", "msg": "first read", "shard": "tian2019_ipsc__shard_00000.h5ad", "study": "tian2019_ipsc", "cells": 20000}
{"t": 2657.6, "utc": "2026-10-01T04:49:45.673968+00:00", "msg": "first read", "shard": "tian2019_ipsc__shard_00001.h5ad", "study": "tian2019_ipsc", "cells": 20000}
{"t": 2657.6, "utc": "2026-10-01T04:49:45.676828+00:00", "msg": "first read", "shard": "tian2019_ipsc__shard_00002.h5ad", "study": "tian2019_ipsc", "cells": 20000}
{"t": 2657.6, "utc": "2026-10-01T04:49:45.685130+00:00", "msg": "first read", "shard": "tian2019_ipsc__shard_00003.h5ad", "study": "tian2019_ipsc", "cells": 20000}
{"t": 2657.6, "utc": "2026-10-01T04:49:45.687775+00:00", "msg": "first read", "shard": "tian2019_ipsc__shard_00004.h5ad", "study": "tian2019_ipsc", "cells": 20000}
{"t": 2657.6, "utc": "2026-10-01T04:49:45.690546+00:00", "msg": "first read", "shard": "tian2019_ipsc__shard_00005.h5ad", "study": "tian2019_ipsc", "cells": 20000}
{"t": 2657.6, "utc": "2026-10-01T04:49:45.693516+00:00", "msg": "first read", "shard": "tian2019_ipsc__shard_00006.h5ad", "study": "tian2019_ipsc", "cells": 20000}
{"t": 2657.6, "utc": "2026-10-01T04:49:45.709235+00:00", "msg": "first read", "shard": "tian2019_ipsc__shard_00007.h5ad", "study": "tian2019_ipsc", "cells": 20000}
{"t": 2658.8, "utc": "2026-10-01T04:49:46.913574+00:00", "msg": "first read", "shard": "tian2019_ipsc__shard_00008.h5ad", "study": "tian2019_ipsc", "cells": 20000}
{"t": 2659.7, "utc": "2026-10-01T04:49:47.808351+00:00", "msg": "first read", "shard": "tian2019_ipsc__shard_00009.h5ad", "study": "tian2019_ipsc", "cells": 20000}
{"t": 2659.8, "utc": "2026-10-01T04:49:47.859071+00:00", "msg": "first read", "shard": "tian2019_ipsc__shard_00010.h5ad", "study": "tian2019_ipsc", "cells": 20000}
{"t": 2661.5, "utc": "2026-10-01T04:49:49.547058+00:00", "msg": "first read", "shard": "tian2019_ipsc__shard_00011.h5ad", "study": "tian2019_ipsc", "cells": 20000}
{"t": 2662.9, "utc": "2026-10-01T04:49:50.967862+00:00", "msg": "first read", "shard": "tian2019_ipsc__shard_00012.h5ad", "study": "tian2019_ipsc", "cells": 20000}
{"t": 2662.9, "utc": "2026-10-01T04:49:50.980780+00:00", "msg": "first read", "shard": "tian2019_ipsc__shard_00013.h5ad", "study": "tian2019_ipsc", "cells": 15708}
{"t": 2664.2, "utc": "2026-10-01T04:49:52.273247+00:00", "msg": "first read", "shard": "tian2019_neuron__shard_00000.h5ad", "study": "tian2019_neuron_day7", "cells": 20000}
{"t": 2666.1, "utc": "2026-10-01T04:49:54.221967+00:00", "msg": "first read", "shard": "tian2019_neuron__shard_00001.h5ad", "study": "tian2019_neuron_day7", "cells": 20000}
{"t": 2667.6, "utc": "2026-10-01T04:49:55.665188+00:00", "msg": "first read", "shard": "tian2019_neuron__shard_00002.h5ad", "study": "tian2019_neuron_day7", "cells": 20000}
{"t": 2667.6, "utc": "2026-10-01T04:49:55.727254+00:00", "msg": "first read", "shard": "tian2019_neuron__shard_00003.h5ad", "study": "tian2019_neuron_day7", "cells": 20000}
{"t": 2668.9, "utc": "2026-10-01T04:49:56.980674+00:00", "msg": "first read", "shard": "tian2019_neuron__shard_00004.h5ad", "study": "tian2019_neuron_day7", "cells": 20000}
{"t": 2671.0, "utc": "2026-10-01T04:49:59.107926+00:00", "msg": "first read", "shard": "tian2019_neuron__shard_00005.h5ad", "study": "tian2019_neuron_day7", "cells": 20000}
{"t": 2672.5, "utc": "2026-10-01T04:50:00.558194+00:00", "msg": "first read", "shard": "tian2019_neuron__shard_00006.h5ad", "study": "tian2019_neuron_day7", "cells": 20000}
{"t": 2672.5, "utc": "2026-10-01T04:50:00.562498+00:00", "msg": "first read", "shard": "tian2019_neuron__shard_00007.h5ad", "study": "tian2019_neuron_day7", "cells": 20000}
{"t": 2673.5, "utc": "2026-10-01T04:50:01.593872+00:00", "msg": "first read", "shard": "tian2019_neuron__shard_00008.h5ad", "study": "tian2019_neuron_day7", "cells": 20000}
{"t": 2673.5, "utc": "2026-10-01T04:50:01.600239+00:00", "msg": "first read", "shard": "tian2019_neuron__shard_00009.h5ad", "study": "tian2019_neuron_day7", "cells": 2790}
{"t": 2697.6, "utc": "2026-10-01T04:50:25.714135+00:00", "msg": "first read", "shard": "norman2019__shard_00000.h5ad", "study": "norman2019_crispra", "cells": 20000}
{"t": 2697.9, "utc": "2026-10-01T04:50:26.027489+00:00", "msg": "first read", "shard": "norman2019__shard_00001.h5ad", "study": "norman2019_crispra", "cells": 20000}
{"t": 2698.0, "utc": "2026-10-01T04:50:26.043803+00:00", "msg": "first read", "shard": "norman2019__shard_00002.h5ad", "study": "norman2019_crispra", "cells": 20000}
{"t": 2698.0, "utc": "2026-10-01T04:50:26.049210+00:00", "msg": "first read", "shard": "norman2019__shard_00003.h5ad", "study": "norman2019_crispra", "cells": 20000}
{"t": 2716.3, "utc": "2026-10-01T04:50:44.333270+00:00", "msg": "first read", "shard": "norman2019__shard_00004.h5ad", "study": "norman2019_crispra", "cells": 20000}
{"t": 2716.3, "utc": "2026-10-01T04:50:44.382467+00:00", "msg": "first read", "shard": "norman2019__shard_00005.h5ad", "study": "norman2019_crispra", "cells": 11445}
{"t": 2744.6, "utc": "2026-10-01T04:51:12.703820+00:00", "msg": "first read", "shard": "kolf_chromatin__shard_00000.h5ad", "study": "kolf_chromatin_modifiers", "cells": 20000}
{"t": 2745.0, "utc": "2026-10-01T04:51:13.069054+00:00", "msg": "first read", "shard": "kolf_chromatin__shard_00001.h5ad", "study": "kolf_chromatin_modifiers", "cells": 20000}
{"t": 2745.0, "utc": "2026-10-01T04:51:13.071121+00:00", "msg": "first read", "shard": "kolf_chromatin__shard_00002.h5ad", "study": "kolf_chromatin_modifiers", "cells": 4039}
{"t": 2745.0, "utc": "2026-10-01T04:51:13.100370+00:00", "msg": "first read", "shard": "kolf_metabolic__shard_00000.h5ad", "study": "kolf_metabolic_enzymes", "cells": 20000}
{"t": 2746.3, "utc": "2026-10-01T04:51:14.349560+00:00", "msg": "first read", "shard": "kolf_metabolic__shard_00001.h5ad", "study": "kolf_metabolic_enzymes", "cells": 20000}
{"t": 2773.6, "utc": "2026-10-01T04:51:41.712381+00:00", "msg": "first read", "shard": "kolf_metabolic__shard_00002.h5ad", "study": "kolf_metabolic_enzymes", "cells": 20000}
{"t": 2774.3, "utc": "2026-10-01T04:51:42.359879+00:00", "msg": "first read", "shard": "kolf_metabolic__shard_00003.h5ad", "study": "kolf_metabolic_enzymes", "cells": 20000}
{"t": 2774.5, "utc": "2026-10-01T04:51:42.535956+00:00", "msg": "first read", "shard": "kolf_metabolic__shard_00004.h5ad", "study": "kolf_metabolic_enzymes", "cells": 20000}
{"t": 2774.5, "utc": "2026-10-01T04:51:42.539985+00:00", "msg": "first read", "shard": "kolf_metabolic__shard_00005.h5ad", "study": "kolf_metabolic_enzymes", "cells": 17768}
{"t": 2795.9, "utc": "2026-10-01T04:52:03.929737+00:00", "msg": "first read", "shard": "kolf_strong__shard_00000.h5ad", "study": "kolf_strong_perturbations", "cells": 20000}
{"t": 2796.3, "utc": "2026-10-01T04:52:04.426152+00:00", "msg": "first read", "shard": "kolf_strong__shard_00001.h5ad", "study": "kolf_strong_perturbations", "cells": 20000}
{"t": 2796.4, "utc": "2026-10-01T04:52:04.505568+00:00", "msg": "first read", "shard": "kolf_strong__shard_00002.h5ad", "study": "kolf_strong_perturbations", "cells": 20000}
{"t": 2797.1, "utc": "2026-10-01T04:52:05.216408+00:00", "msg": "first read", "shard": "kolf_strong__shard_00003.h5ad", "study": "kolf_strong_perturbations", "cells": 20000}
{"t": 2817.6, "utc": "2026-10-01T04:52:25.699747+00:00", "msg": "first read", "shard": "kolf_strong__shard_00004.h5ad", "study": "kolf_strong_perturbations", "cells": 20000}
{"t": 2817.8, "utc": "2026-10-01T04:52:25.898908+00:00", "msg": "first read", "shard": "kolf_strong__shard_00005.h5ad", "study": "kolf_strong_perturbations", "cells": 20000}
{"t": 2818.5, "utc": "2026-10-01T04:52:26.567985+00:00", "msg": "first read", "shard": "kolf_strong__shard_00006.h5ad", "study": "kolf_strong_perturbations", "cells": 20000}
{"t": 2818.6, "utc": "2026-10-01T04:52:26.636147+00:00", "msg": "first read", "shard": "kolf_strong__shard_00007.h5ad", "study": "kolf_strong_perturbations", "cells": 20000}
{"t": 2839.9, "utc": "2026-10-01T04:52:47.963267+00:00", "msg": "first read", "shard": "kolf_strong__shard_00008.h5ad", "study": "kolf_strong_perturbations", "cells": 20000}
{"t": 2839.9, "utc": "2026-10-01T04:52:47.966557+00:00", "msg": "first read", "shard": "kolf_strong__shard_00009.h5ad", "study": "kolf_strong_perturbations", "cells": 20000}
{"t": 2839.9, "utc": "2026-10-01T04:52:47.969220+00:00", "msg": "first read", "shard": "kolf_strong__shard_00010.h5ad", "study": "kolf_strong_perturbations", "cells": 20000}
{"t": 2839.9, "utc": "2026-10-01T04:52:47.971277+00:00", "msg": "first read", "shard": "kolf_strong__shard_00011.h5ad", "study": "kolf_strong_perturbations", "cells": 12438}
{"t": 2920.8, "utc": "2026-10-01T04:54:08.889206+00:00", "msg": "second read", "shard": "hepg2_nadig__shard_00000.h5ad", "training_cells": 0}
{"t": 2920.8, "utc": "2026-10-01T04:54:08.914376+00:00", "msg": "second read", "shard": "hepg2_nadig__shard_00001.h5ad", "training_cells": 0}
{"t": 2920.9, "utc": "2026-10-01T04:54:08.980496+00:00", "msg": "second read", "shard": "hepg2_nadig__shard_00002.h5ad", "training_cells": 0}
{"t": 2921.0, "utc": "2026-10-01T04:54:09.057113+00:00", "msg": "second read", "shard": "hepg2_nadig__shard_00003.h5ad", "training_cells": 0}
{"t": 2930.3, "utc": "2026-10-01T04:54:18.371972+00:00", "msg": "second read", "shard": "hepg2_nadig__shard_00004.h5ad", "training_cells": 0}
{"t": 2930.9, "utc": "2026-10-01T04:54:18.985825+00:00", "msg": "second read", "shard": "hepg2_nadig__shard_00005.h5ad", "training_cells": 0}
{"t": 2931.3, "utc": "2026-10-01T04:54:19.424734+00:00", "msg": "second read", "shard": "hepg2_nadig__shard_00006.h5ad", "training_cells": 0}
{"t": 2931.4, "utc": "2026-10-01T04:54:19.510166+00:00", "msg": "second read", "shard": "hepg2_nadig__shard_00007.h5ad", "training_cells": 0}
{"t": 2941.3, "utc": "2026-10-01T04:54:29.405262+00:00", "msg": "second read", "shard": "jurkat_nadig__shard_00000.h5ad", "training_cells": 18341}
{"t": 2948.1, "utc": "2026-10-01T04:54:36.178937+00:00", "msg": "second read", "shard": "jurkat_nadig__shard_00001.h5ad", "training_cells": 18333}
{"t": 2949.2, "utc": "2026-10-01T04:54:37.256923+00:00", "msg": "second read", "shard": "jurkat_nadig__shard_00002.h5ad", "training_cells": 18326}
{"t": 2949.3, "utc": "2026-10-01T04:54:37.366860+00:00", "msg": "second read", "shard": "jurkat_nadig__shard_00003.h5ad", "training_cells": 18387}
{"t": 2959.0, "utc": "2026-10-01T04:54:47.082829+00:00", "msg": "second read", "shard": "jurkat_nadig__shard_00004.h5ad", "training_cells": 18353}
{"t": 2966.6, "utc": "2026-10-01T04:54:54.643699+00:00", "msg": "second read", "shard": "jurkat_nadig__shard_00005.h5ad", "training_cells": 18337}
{"t": 2967.2, "utc": "2026-10-01T04:54:55.306954+00:00", "msg": "second read", "shard": "jurkat_nadig__shard_00006.h5ad", "training_cells": 18356}
{"t": 2967.4, "utc": "2026-10-01T04:54:55.475131+00:00", "msg": "second read", "shard": "jurkat_nadig__shard_00007.h5ad", "training_cells": 18301}
{"t": 2975.5, "utc": "2026-10-01T04:55:03.596188+00:00", "msg": "second read", "shard": "jurkat_nadig__shard_00008.h5ad", "training_cells": 18349}
{"t": 2983.9, "utc": "2026-10-01T04:55:11.980294+00:00", "msg": "second read", "shard": "jurkat_nadig__shard_00009.h5ad", "training_cells": 18322}
{"t": 2984.0, "utc": "2026-10-01T04:55:12.112439+00:00", "msg": "second read", "shard": "jurkat_nadig__shard_00010.h5ad", "training_cells": 18371}
{"t": 2984.9, "utc": "2026-10-01T04:55:12.978200+00:00", "msg": "second read", "shard": "jurkat_nadig__shard_00011.h5ad", "training_cells": 18337}
{"t": 2993.0, "utc": "2026-10-01T04:55:21.087631+00:00", "msg": "second read", "shard": "jurkat_nadig__shard_00012.h5ad", "training_cells": 18301}
{"t": 2993.1, "utc": "2026-10-01T04:55:21.173097+00:00", "msg": "second read", "shard": "jurkat_nadig__shard_00013.h5ad", "training_cells": 2740}
{"t": 2994.4, "utc": "2026-10-01T04:55:22.520149+00:00", "msg": "second read", "shard": "h1_train__shard_00000.h5ad", "training_cells": 4569}
{"t": 2995.1, "utc": "2026-10-01T04:55:23.172517+00:00", "msg": "second read", "shard": "h1_train__shard_00001.h5ad", "training_cells": 4620}
{"t": 2996.7, "utc": "2026-10-01T04:55:24.782660+00:00", "msg": "second read", "shard": "h1_train__shard_00002.h5ad", "training_cells": 4638}
{"t": 3003.4, "utc": "2026-10-01T04:55:31.461123+00:00", "msg": "second read", "shard": "h1_train__shard_00003.h5ad", "training_cells": 4626}
{"t": 3004.9, "utc": "2026-10-01T04:55:32.941135+00:00", "msg": "second read", "shard": "h1_train__shard_00004.h5ad", "training_cells": 4622}
{"t": 3005.5, "utc": "2026-10-01T04:55:33.603118+00:00", "msg": "second read", "shard": "h1_train__shard_00005.h5ad", "training_cells": 4645}
{"t": 3006.8, "utc": "2026-10-01T04:55:34.849342+00:00", "msg": "second read", "shard": "h1_train__shard_00006.h5ad", "training_cells": 4617}
{"t": 3013.6, "utc": "2026-10-01T04:55:41.643207+00:00", "msg": "second read", "shard": "h1_train__shard_00007.h5ad", "training_cells": 4641}
{"t": 3015.5, "utc": "2026-10-01T04:55:43.568778+00:00", "msg": "second read", "shard": "h1_train__shard_00008.h5ad", "training_cells": 4640}
{"t": 3015.6, "utc": "2026-10-01T04:55:43.695266+00:00", "msg": "second read", "shard": "h1_train__shard_00009.h5ad", "training_cells": 4614}
{"t": 3017.6, "utc": "2026-10-01T04:55:45.693960+00:00", "msg": "second read", "shard": "h1_train__shard_00010.h5ad", "training_cells": 4603}
{"t": 3025.1, "utc": "2026-10-01T04:55:53.154432+00:00", "msg": "second read", "shard": "h1_train__shard_00011.h5ad", "training_cells": 4606}
{"t": 3027.6, "utc": "2026-10-01T04:55:55.646235+00:00", "msg": "second read", "shard": "h1_train__shard_00012.h5ad", "training_cells": 4618}
{"t": 3027.7, "utc": "2026-10-01T04:55:55.805650+00:00", "msg": "second read", "shard": "h1_train__shard_00013.h5ad", "training_cells": 4617}
{"t": 3029.5, "utc": "2026-10-01T04:55:57.586534+00:00", "msg": "second read", "shard": "h1_train__shard_00014.h5ad", "training_cells": 4658}
{"t": 3036.8, "utc": "2026-10-01T04:56:04.855340+00:00", "msg": "second read", "shard": "h1_train__shard_00015.h5ad", "training_cells": 4622}
{"t": 3040.0, "utc": "2026-10-01T04:56:08.082760+00:00", "msg": "second read", "shard": "h1_train__shard_00016.h5ad", "training_cells": 4634}
{"t": 3040.3, "utc": "2026-10-01T04:56:08.419611+00:00", "msg": "second read", "shard": "h1_train__shard_00017.h5ad", "training_cells": 4623}
{"t": 3041.5, "utc": "2026-10-01T04:56:09.598915+00:00", "msg": "second read", "shard": "h1_train__shard_00018.h5ad", "training_cells": 4649}
{"t": 3049.0, "utc": "2026-10-01T04:56:17.125151+00:00", "msg": "second read", "shard": "h1_train__shard_00019.h5ad", "training_cells": 4615}
{"t": 3051.6, "utc": "2026-10-01T04:56:19.671116+00:00", "msg": "second read", "shard": "h1_train__shard_00020.h5ad", "training_cells": 4633}
{"t": 3052.5, "utc": "2026-10-01T04:56:20.538152+00:00", "msg": "second read", "shard": "h1_train__shard_00021.h5ad", "training_cells": 4635}
{"t": 3053.3, "utc": "2026-10-01T04:56:21.427620+00:00", "msg": "second read", "shard": "h1_train__shard_00022.h5ad", "training_cells": 4635}
{"t": 3060.5, "utc": "2026-10-01T04:56:28.583565+00:00", "msg": "second read", "shard": "h1_train__shard_00023.h5ad", "training_cells": 4629}
{"t": 3063.1, "utc": "2026-10-01T04:56:31.204036+00:00", "msg": "second read", "shard": "h1_train__shard_00024.h5ad", "training_cells": 4621}
{"t": 3064.2, "utc": "2026-10-01T04:56:32.278163+00:00", "msg": "second read", "shard": "h1_train__shard_00025.h5ad", "training_cells": 4629}
{"t": 3065.2, "utc": "2026-10-01T04:56:33.229292+00:00", "msg": "second read", "shard": "h1_train__shard_00026.h5ad", "training_cells": 4626}
{"t": 3071.9, "utc": "2026-10-01T04:56:39.939597+00:00", "msg": "second read", "shard": "h1_train__shard_00027.h5ad", "training_cells": 4614}
{"t": 3074.2, "utc": "2026-10-01T04:56:42.307696+00:00", "msg": "second read", "shard": "h1_train__shard_00028.h5ad", "training_cells": 4628}
{"t": 3075.2, "utc": "2026-10-01T04:56:43.306936+00:00", "msg": "second read", "shard": "h1_train__shard_00029.h5ad", "training_cells": 4617}
{"t": 3076.0, "utc": "2026-10-01T04:56:44.050099+00:00", "msg": "second read", "shard": "h1_train__shard_00030.h5ad", "training_cells": 4577}
{"t": 3082.3, "utc": "2026-10-01T04:56:50.422454+00:00", "msg": "second read", "shard": "h1_train__shard_00031.h5ad", "training_cells": 4605}
{"t": 3085.5, "utc": "2026-10-01T04:56:53.568151+00:00", "msg": "second read", "shard": "h1_train__shard_00032.h5ad", "training_cells": 4624}
{"t": 3086.7, "utc": "2026-10-01T04:56:54.771547+00:00", "msg": "second read", "shard": "h1_train__shard_00033.h5ad", "training_cells": 4601}
{"t": 3086.9, "utc": "2026-10-01T04:56:54.969605+00:00", "msg": "second read", "shard": "h1_train__shard_00034.h5ad", "training_cells": 4623}
{"t": 3093.5, "utc": "2026-10-01T04:57:01.544474+00:00", "msg": "second read", "shard": "h1_train__shard_00035.h5ad", "training_cells": 4618}
{"t": 3096.1, "utc": "2026-10-01T04:57:04.223937+00:00", "msg": "second read", "shard": "h1_train__shard_00036.h5ad", "training_cells": 4647}
{"t": 3097.6, "utc": "2026-10-01T04:57:05.702041+00:00", "msg": "second read", "shard": "h1_train__shard_00037.h5ad", "training_cells": 4635}
{"t": 3098.1, "utc": "2026-10-01T04:57:06.209078+00:00", "msg": "second read", "shard": "h1_train__shard_00038.h5ad", "training_cells": 4621}
{"t": 3104.6, "utc": "2026-10-01T04:57:12.694270+00:00", "msg": "second read", "shard": "h1_train__shard_00039.h5ad", "training_cells": 4635}
{"t": 3107.5, "utc": "2026-10-01T04:57:15.593736+00:00", "msg": "second read", "shard": "h1_train__shard_00040.h5ad", "training_cells": 4632}
{"t": 3109.9, "utc": "2026-10-01T04:57:17.985207+00:00", "msg": "second read", "shard": "h1_train__shard_00041.h5ad", "training_cells": 4614}
{"t": 3110.0, "utc": "2026-10-01T04:57:18.070228+00:00", "msg": "second read", "shard": "h1_train__shard_00042.h5ad", "training_cells": 4595}
{"t": 3115.5, "utc": "2026-10-01T04:57:23.551283+00:00", "msg": "second read", "shard": "h1_train__shard_00043.h5ad", "training_cells": 4623}
{"t": 3115.6, "utc": "2026-10-01T04:57:23.658413+00:00", "msg": "second read", "shard": "h1_train__shard_00044.h5ad", "training_cells": 1187}
{"t": 3117.7, "utc": "2026-10-01T04:57:25.743953+00:00", "msg": "second read", "shard": "h1_val__shard_00000.h5ad", "training_cells": 2854}
{"t": 3118.0, "utc": "2026-10-01T04:57:26.083488+00:00", "msg": "second read", "shard": "h1_val__shard_00001.h5ad", "training_cells": 2794}
{"t": 3118.6, "utc": "2026-10-01T04:57:26.684385+00:00", "msg": "second read", "shard": "h1_val__shard_00002.h5ad", "training_cells": 2888}
{"t": 3123.4, "utc": "2026-10-01T04:57:31.442307+00:00", "msg": "second read", "shard": "h1_val__shard_00003.h5ad", "training_cells": 2856}
{"t": 3126.6, "utc": "2026-10-01T04:57:34.696317+00:00", "msg": "second read", "shard": "h1_val__shard_00004.h5ad", "training_cells": 2827}
{"t": 3126.6, "utc": "2026-10-01T04:57:34.700511+00:00", "msg": "second read", "shard": "h1_val__shard_00005.h5ad", "training_cells": 2793}
{"t": 3128.8, "utc": "2026-10-01T04:57:36.921077+00:00", "msg": "second read", "shard": "h1_val__shard_00006.h5ad", "training_cells": 2905}
{"t": 3153.3, "utc": "2026-10-01T04:58:01.372216+00:00", "msg": "second read", "shard": "h1_val__shard_00007.h5ad", "training_cells": 2863}
{"t": 3156.0, "utc": "2026-10-01T04:58:04.118724+00:00", "msg": "second read", "shard": "h1_val__shard_00008.h5ad", "training_cells": 2895}
{"t": 3156.1, "utc": "2026-10-01T04:58:04.178016+00:00", "msg": "second read", "shard": "h1_val__shard_00009.h5ad", "training_cells": 2792}
{"t": 3156.4, "utc": "2026-10-01T04:58:04.439236+00:00", "msg": "second read", "shard": "h1_val__shard_00010.h5ad", "training_cells": 2890}
{"t": 3162.3, "utc": "2026-10-01T04:58:10.373666+00:00", "msg": "second read", "shard": "h1_val__shard_00011.h5ad", "training_cells": 2834}
{"t": 3166.2, "utc": "2026-10-01T04:58:14.260501+00:00", "msg": "second read", "shard": "h1_val__shard_00012.h5ad", "training_cells": 2889}
{"t": 3166.2, "utc": "2026-10-01T04:58:14.261625+00:00", "msg": "second read", "shard": "h1_val__shard_00013.h5ad", "training_cells": 2868}
{"t": 3166.2, "utc": "2026-10-01T04:58:14.274720+00:00", "msg": "second read", "shard": "h1_val__shard_00014.h5ad", "training_cells": 2844}
{"t": 3170.5, "utc": "2026-10-01T04:58:18.585472+00:00", "msg": "second read", "shard": "h1_val__shard_00015.h5ad", "training_cells": 2889}
{"t": 3174.2, "utc": "2026-10-01T04:58:22.249627+00:00", "msg": "second read", "shard": "h1_val__shard_00016.h5ad", "training_cells": 2841}
{"t": 3175.0, "utc": "2026-10-01T04:58:23.063205+00:00", "msg": "second read", "shard": "h1_val__shard_00017.h5ad", "training_cells": 2887}
{"t": 3175.1, "utc": "2026-10-01T04:58:23.148424+00:00", "msg": "second read", "shard": "h1_val__shard_00018.h5ad", "training_cells": 2900}
{"t": 3177.0, "utc": "2026-10-01T04:58:25.030231+00:00", "msg": "second read", "shard": "h1_val__shard_00019.h5ad", "training_cells": 2260}
{"t": 3195.4, "utc": "2026-10-01T04:58:43.463053+00:00", "msg": "second read", "shard": "hipsci_gw_fitness__shard_00000.h5ad", "training_cells": 0}
{"t": 3196.2, "utc": "2026-10-01T04:58:44.261035+00:00", "msg": "second read", "shard": "hipsci_gw_fitness__shard_00001.h5ad", "training_cells": 0}
{"t": 3196.2, "utc": "2026-10-01T04:58:44.261298+00:00", "msg": "second read", "shard": "hipsci_gw_fitness__shard_00002.h5ad", "training_cells": 0}
{"t": 3197.7, "utc": "2026-10-01T04:58:45.822429+00:00", "msg": "second read", "shard": "hipsci_gw_fitness__shard_00003.h5ad", "training_cells": 0}
{"t": 3210.5, "utc": "2026-10-01T04:58:58.592142+00:00", "msg": "second read", "shard": "hipsci_gw_fitness__shard_00004.h5ad", "training_cells": 0}
{"t": 3211.2, "utc": "2026-10-01T04:58:59.324127+00:00", "msg": "second read", "shard": "hipsci_gw_fitness__shard_00005.h5ad", "training_cells": 0}
{"t": 3211.7, "utc": "2026-10-01T04:58:59.782633+00:00", "msg": "second read", "shard": "hipsci_gw_fitness__shard_00006.h5ad", "training_cells": 0}
{"t": 3213.5, "utc": "2026-10-01T04:59:01.608034+00:00", "msg": "second read", "shard": "hipsci_gw_fitness__shard_00007.h5ad", "training_cells": 0}
{"t": 3223.9, "utc": "2026-10-01T04:59:12.004431+00:00", "msg": "second read", "shard": "hipsci_gw_fitness__shard_00008.h5ad", "training_cells": 0}
{"t": 3225.4, "utc": "2026-10-01T04:59:13.444059+00:00", "msg": "second read", "shard": "hipsci_gw_fitness__shard_00009.h5ad", "training_cells": 0}
{"t": 3225.4, "utc": "2026-10-01T04:59:13.444372+00:00", "msg": "second read", "shard": "hipsci_gw_fitness__shard_00010.h5ad", "training_cells": 0}
{"t": 3227.9, "utc": "2026-10-01T04:59:15.942816+00:00", "msg": "second read", "shard": "hipsci_gw_fitness__shard_00011.h5ad", "training_cells": 0}
{"t": 3240.4, "utc": "2026-10-01T04:59:28.461088+00:00", "msg": "second read", "shard": "hipsci_gw_fitness__shard_00012.h5ad", "training_cells": 0}
{"t": 3240.7, "utc": "2026-10-01T04:59:28.749062+00:00", "msg": "second read", "shard": "hipsci_gw_fitness__shard_00013.h5ad", "training_cells": 0}
{"t": 3241.3, "utc": "2026-10-01T04:59:29.341873+00:00", "msg": "second read", "shard": "hipsci_gw_fitness__shard_00014.h5ad", "training_cells": 0}
{"t": 3242.5, "utc": "2026-10-01T04:59:30.577822+00:00", "msg": "second read", "shard": "hipsci_gw_fitness__shard_00015.h5ad", "training_cells": 0}
{"t": 3242.5, "utc": "2026-10-01T04:59:30.578062+00:00", "msg": "second read", "shard": "hipsci_gw_fitness__shard_00016.h5ad", "training_cells": 0}
{"t": 3252.6, "utc": "2026-10-01T04:59:40.696689+00:00", "msg": "second read", "shard": "hipsci_gw_nonfitness__shard_00000.h5ad", "training_cells": 0}
{"t": 3253.0, "utc": "2026-10-01T04:59:41.077901+00:00", "msg": "second read", "shard": "hipsci_gw_nonfitness__shard_00001.h5ad", "training_cells": 0}
{"t": 3253.9, "utc": "2026-10-01T04:59:41.948224+00:00", "msg": "second read", "shard": "hipsci_gw_nonfitness__shard_00002.h5ad", "training_cells": 0}
{"t": 3254.1, "utc": "2026-10-01T04:59:42.192363+00:00", "msg": "second read", "shard": "hipsci_gw_nonfitness__shard_00003.h5ad", "training_cells": 0}
{"t": 3264.3, "utc": "2026-10-01T04:59:52.356480+00:00", "msg": "second read", "shard": "hipsci_gw_nonfitness__shard_00004.h5ad", "training_cells": 0}
{"t": 3265.1, "utc": "2026-10-01T04:59:53.156360+00:00", "msg": "second read", "shard": "hipsci_gw_nonfitness__shard_00005.h5ad", "training_cells": 0}
{"t": 3267.0, "utc": "2026-10-01T04:59:55.051885+00:00", "msg": "second read", "shard": "hipsci_gw_nonfitness__shard_00006.h5ad", "training_cells": 0}
{"t": 3270.8, "utc": "2026-10-01T04:59:58.903463+00:00", "msg": "second read", "shard": "hipsci_gw_nonfitness__shard_00007.h5ad", "training_cells": 0}
{"t": 3285.4, "utc": "2026-10-01T05:00:13.459429+00:00", "msg": "second read", "shard": "hipsci_gw_nonfitness__shard_00008.h5ad", "training_cells": 0}
{"t": 3286.5, "utc": "2026-10-01T05:00:14.561419+00:00", "msg": "second read", "shard": "hipsci_gw_nonfitness__shard_00009.h5ad", "training_cells": 0}
{"t": 3286.5, "utc": "2026-10-01T05:00:14.561650+00:00", "msg": "second read", "shard": "hipsci_gw_nonfitness__shard_00010.h5ad", "training_cells": 0}
{"t": 3286.5, "utc": "2026-10-01T05:00:14.561753+00:00", "msg": "second read", "shard": "hipsci_gw_nonfitness__shard_00011.h5ad", "training_cells": 0}
{"t": 3294.6, "utc": "2026-10-01T05:00:22.703185+00:00", "msg": "second read", "shard": "hipsci_gw_nonfitness__shard_00012.h5ad", "training_cells": 0}
{"t": 3298.4, "utc": "2026-10-01T05:00:26.480023+00:00", "msg": "second read", "shard": "hipsci_gw_nonfitness__shard_00013.h5ad", "training_cells": 0}
{"t": 3298.4, "utc": "2026-10-01T05:00:26.480246+00:00", "msg": "second read", "shard": "hipsci_gw_nonfitness__shard_00014.h5ad", "training_cells": 0}
{"t": 3299.7, "utc": "2026-10-01T05:00:27.785166+00:00", "msg": "second read", "shard": "hipsci_gw_nonfitness__shard_00015.h5ad", "training_cells": 0}
{"t": 3307.1, "utc": "2026-10-01T05:00:35.221061+00:00", "msg": "second read", "shard": "hipsci_gw_nonfitness__shard_00016.h5ad", "training_cells": 0}
{"t": 3312.6, "utc": "2026-10-01T05:00:40.709999+00:00", "msg": "second read", "shard": "hipsci_gw_nonfitness__shard_00017.h5ad", "training_cells": 0}
{"t": 3312.6, "utc": "2026-10-01T05:00:40.710334+00:00", "msg": "second read", "shard": "hipsci_gw_nonfitness__shard_00018.h5ad", "training_cells": 0}
{"t": 3312.6, "utc": "2026-10-01T05:00:40.710506+00:00", "msg": "second read", "shard": "hipsci_gw_nonfitness__shard_00019.h5ad", "training_cells": 0}
{"t": 3327.0, "utc": "2026-10-01T05:00:55.111642+00:00", "msg": "second read", "shard": "hipsci_targeted_19__shard_00000.h5ad", "training_cells": 10510}
{"t": 3330.4, "utc": "2026-10-01T05:00:58.460773+00:00", "msg": "second read", "shard": "hipsci_targeted_19__shard_00001.h5ad", "training_cells": 10081}
{"t": 3332.2, "utc": "2026-10-01T05:01:00.321936+00:00", "msg": "second read", "shard": "hipsci_targeted_19__shard_00002.h5ad", "training_cells": 10262}
{"t": 3332.3, "utc": "2026-10-01T05:01:00.361041+00:00", "msg": "second read", "shard": "hipsci_targeted_19__shard_00003.h5ad", "training_cells": 9633}
{"t": 3345.3, "utc": "2026-10-01T05:01:13.364674+00:00", "msg": "second read", "shard": "hipsci_targeted_19__shard_00004.h5ad", "training_cells": 9572}
{"t": 3349.6, "utc": "2026-10-01T05:01:17.712988+00:00", "msg": "second read", "shard": "hipsci_targeted_19__shard_00005.h5ad", "training_cells": 10843}
{"t": 3352.2, "utc": "2026-10-01T05:01:20.246090+00:00", "msg": "second read", "shard": "hipsci_targeted_19__shard_00006.h5ad", "training_cells": 10434}
{"t": 3352.2, "utc": "2026-10-01T05:01:20.301694+00:00", "msg": "second read", "shard": "hipsci_targeted_19__shard_00007.h5ad", "training_cells": 10646}
{"t": 3361.3, "utc": "2026-10-01T05:01:29.391393+00:00", "msg": "second read", "shard": "hipsci_targeted_19__shard_00008.h5ad", "training_cells": 10637}
{"t": 3367.2, "utc": "2026-10-01T05:01:35.235617+00:00", "msg": "second read", "shard": "hipsci_targeted_19__shard_00009.h5ad", "training_cells": 11229}
{"t": 3371.0, "utc": "2026-10-01T05:01:39.101557+00:00", "msg": "second read", "shard": "hipsci_targeted_19__shard_00010.h5ad", "training_cells": 10730}
{"t": 3372.2, "utc": "2026-10-01T05:01:40.258290+00:00", "msg": "second read", "shard": "hipsci_targeted_19__shard_00011.h5ad", "training_cells": 10515}
{"t": 3383.2, "utc": "2026-10-01T05:01:51.238499+00:00", "msg": "second read", "shard": "hipsci_targeted_19__shard_00012.h5ad", "training_cells": 11245}
{"t": 3385.6, "utc": "2026-10-01T05:01:53.724819+00:00", "msg": "second read", "shard": "hipsci_targeted_19__shard_00013.h5ad", "training_cells": 11009}
{"t": 3389.9, "utc": "2026-10-01T05:01:57.942390+00:00", "msg": "second read", "shard": "hipsci_targeted_19__shard_00014.h5ad", "training_cells": 10822}
{"t": 3392.5, "utc": "2026-10-01T05:02:00.568079+00:00", "msg": "second read", "shard": "hipsci_targeted_19__shard_00015.h5ad", "training_cells": 10474}
{"t": 3403.9, "utc": "2026-10-01T05:02:11.999907+00:00", "msg": "second read", "shard": "hipsci_targeted_19__shard_00016.h5ad", "training_cells": 10507}
{"t": 3406.0, "utc": "2026-10-01T05:02:14.068761+00:00", "msg": "second read", "shard": "hipsci_targeted_19__shard_00017.h5ad", "training_cells": 11738}
{"t": 3408.2, "utc": "2026-10-01T05:02:16.309397+00:00", "msg": "second read", "shard": "hipsci_targeted_19__shard_00018.h5ad", "training_cells": 10038}
{"t": 3411.1, "utc": "2026-10-01T05:02:19.140007+00:00", "msg": "second read", "shard": "hipsci_targeted_19__shard_00019.h5ad", "training_cells": 9984}
{"t": 3421.1, "utc": "2026-10-01T05:02:29.132657+00:00", "msg": "second read", "shard": "hipsci_targeted_19__shard_00020.h5ad", "training_cells": 10457}
{"t": 3425.4, "utc": "2026-10-01T05:02:33.527202+00:00", "msg": "second read", "shard": "hipsci_targeted_19__shard_00021.h5ad", "training_cells": 9770}
{"t": 3428.6, "utc": "2026-10-01T05:02:36.659019+00:00", "msg": "second read", "shard": "hipsci_targeted_19__shard_00022.h5ad", "training_cells": 10302}
{"t": 3431.6, "utc": "2026-10-01T05:02:39.630085+00:00", "msg": "second read", "shard": "hipsci_targeted_19__shard_00023.h5ad", "training_cells": 10504}
{"t": 3440.5, "utc": "2026-10-01T05:02:48.626422+00:00", "msg": "second read", "shard": "hipsci_targeted_19__shard_00024.h5ad", "training_cells": 10967}
{"t": 3444.8, "utc": "2026-10-01T05:02:52.851200+00:00", "msg": "second read", "shard": "hipsci_targeted_19__shard_00025.h5ad", "training_cells": 9650}
{"t": 3444.8, "utc": "2026-10-01T05:02:52.912032+00:00", "msg": "second read", "shard": "hipsci_targeted_19__shard_00026.h5ad", "training_cells": 9746}
{"t": 3448.5, "utc": "2026-10-01T05:02:56.556961+00:00", "msg": "second read", "shard": "hipsci_targeted_19__shard_00027.h5ad", "training_cells": 9641}
{"t": 3462.6, "utc": "2026-10-01T05:03:10.643268+00:00", "msg": "second read", "shard": "hipsci_targeted_19__shard_00028.h5ad", "training_cells": 10464}
{"t": 3465.9, "utc": "2026-10-01T05:03:13.982880+00:00", "msg": "second read", "shard": "hipsci_targeted_19__shard_00029.h5ad", "training_cells": 9344}
{"t": 3465.9, "utc": "2026-10-01T05:03:14.013569+00:00", "msg": "second read", "shard": "hipsci_targeted_19__shard_00030.h5ad", "training_cells": 8269}
{"t": 3468.7, "utc": "2026-10-01T05:03:16.777576+00:00", "msg": "second read", "shard": "hipsci_targeted_19__shard_00031.h5ad", "training_cells": 8614}
{"t": 3477.2, "utc": "2026-10-01T05:03:25.274701+00:00", "msg": "second read", "shard": "hipsci_targeted_19__shard_00032.h5ad", "training_cells": 7984}
{"t": 3480.7, "utc": "2026-10-01T05:03:28.794656+00:00", "msg": "second read", "shard": "hipsci_targeted_19__shard_00033.h5ad", "training_cells": 8003}
{"t": 3482.1, "utc": "2026-10-01T05:03:30.163633+00:00", "msg": "second read", "shard": "hipsci_targeted_19__shard_00034.h5ad", "training_cells": 8001}
{"t": 3484.5, "utc": "2026-10-01T05:03:32.602067+00:00", "msg": "second read", "shard": "hipsci_targeted_19__shard_00035.h5ad", "training_cells": 7764}
{"t": 3494.0, "utc": "2026-10-01T05:03:42.110068+00:00", "msg": "second read", "shard": "hipsci_targeted_19__shard_00036.h5ad", "training_cells": 7337}
{"t": 3499.5, "utc": "2026-10-01T05:03:47.559080+00:00", "msg": "second read", "shard": "hipsci_targeted_19__shard_00037.h5ad", "training_cells": 7735}
{"t": 3500.4, "utc": "2026-10-01T05:03:48.477282+00:00", "msg": "second read", "shard": "hipsci_targeted_19__shard_00038.h5ad", "training_cells": 8053}
{"t": 3502.3, "utc": "2026-10-01T05:03:50.379449+00:00", "msg": "second read", "shard": "hipsci_targeted_19__shard_00039.h5ad", "training_cells": 9489}
{"t": 3514.5, "utc": "2026-10-01T05:04:02.532177+00:00", "msg": "second read", "shard": "hipsci_targeted_19__shard_00040.h5ad", "training_cells": 9483}
{"t": 3517.2, "utc": "2026-10-01T05:04:05.260332+00:00", "msg": "second read", "shard": "hipsci_targeted_19__shard_00041.h5ad", "training_cells": 8666}
{"t": 3517.2, "utc": "2026-10-01T05:04:05.306890+00:00", "msg": "second read", "shard": "hipsci_targeted_19__shard_00042.h5ad", "training_cells": 9774}
{"t": 3523.1, "utc": "2026-10-01T05:04:11.129379+00:00", "msg": "second read", "shard": "hipsci_targeted_19__shard_00043.h5ad", "training_cells": 8727}
{"t": 3534.7, "utc": "2026-10-01T05:04:22.729490+00:00", "msg": "second read", "shard": "hipsci_targeted_19__shard_00044.h5ad", "training_cells": 9614}
{"t": 3534.7, "utc": "2026-10-01T05:04:22.771977+00:00", "msg": "second read", "shard": "hipsci_targeted_19__shard_00045.h5ad", "training_cells": 7794}
{"t": 3537.9, "utc": "2026-10-01T05:04:25.995860+00:00", "msg": "second read", "shard": "hipsci_targeted_19__shard_00046.h5ad", "training_cells": 8290}
{"t": 3540.0, "utc": "2026-10-01T05:04:28.127126+00:00", "msg": "second read", "shard": "hipsci_targeted_19__shard_00047.h5ad", "training_cells": 8595}
{"t": 3548.7, "utc": "2026-10-01T05:04:36.801190+00:00", "msg": "second read", "shard": "hipsci_targeted_19__shard_00048.h5ad", "training_cells": 8325}
{"t": 3551.7, "utc": "2026-10-01T05:04:39.750111+00:00", "msg": "second read", "shard": "hipsci_targeted_19__shard_00049.h5ad", "training_cells": 9486}
{"t": 3554.3, "utc": "2026-10-01T05:04:42.349285+00:00", "msg": "second read", "shard": "hipsci_targeted_19__shard_00050.h5ad", "training_cells": 8653}
{"t": 3556.8, "utc": "2026-10-01T05:04:44.835676+00:00", "msg": "second read", "shard": "hipsci_targeted_19__shard_00051.h5ad", "training_cells": 8884}
{"t": 3569.5, "utc": "2026-10-01T05:04:57.555495+00:00", "msg": "second read", "shard": "hipsci_targeted_19__shard_00052.h5ad", "training_cells": 10186}
{"t": 3573.7, "utc": "2026-10-01T05:05:01.748705+00:00", "msg": "second read", "shard": "hipsci_targeted_19__shard_00053.h5ad", "training_cells": 9207}
{"t": 3577.9, "utc": "2026-10-01T05:05:06.009011+00:00", "msg": "second read", "shard": "hipsci_targeted_19__shard_00054.h5ad", "training_cells": 10059}
{"t": 3578.1, "utc": "2026-10-01T05:05:06.205729+00:00", "msg": "second read", "shard": "hipsci_targeted_19__shard_00055.h5ad", "training_cells": 9277}
{"t": 3587.8, "utc": "2026-10-01T05:05:15.884727+00:00", "msg": "second read", "shard": "hipsci_targeted_19__shard_00056.h5ad", "training_cells": 9718}
{"t": 3595.4, "utc": "2026-10-01T05:05:23.442715+00:00", "msg": "second read", "shard": "hipsci_targeted_19__shard_00057.h5ad", "training_cells": 10333}
{"t": 3595.4, "utc": "2026-10-01T05:05:23.501433+00:00", "msg": "second read", "shard": "hipsci_targeted_19__shard_00058.h5ad", "training_cells": 987}
{"t": 3595.5, "utc": "2026-10-01T05:05:23.572421+00:00", "msg": "second read", "shard": "k562_gwps_a__shard_00000.h5ad", "training_cells": 17966}
{"t": 3595.8, "utc": "2026-10-01T05:05:23.875444+00:00", "msg": "second read", "shard": "k562_gwps_a__shard_00001.h5ad", "training_cells": 17986}
{"t": 3603.0, "utc": "2026-10-01T05:05:31.062260+00:00", "msg": "second read", "shard": "k562_gwps_a__shard_00002.h5ad", "training_cells": 18029}
{"t": 3608.6, "utc": "2026-10-01T05:05:36.699019+00:00", "msg": "second read", "shard": "k562_gwps_a__shard_00003.h5ad", "training_cells": 18101}
{"t": 3610.1, "utc": "2026-10-01T05:05:38.194653+00:00", "msg": "second read", "shard": "k562_gwps_a__shard_00004.h5ad", "training_cells": 18103}
{"t": 3611.0, "utc": "2026-10-01T05:05:39.038727+00:00", "msg": "second read", "shard": "k562_gwps_a__shard_00005.h5ad", "training_cells": 18024}
{"t": 3618.4, "utc": "2026-10-01T05:05:46.441548+00:00", "msg": "second read", "shard": "k562_gwps_a__shard_00006.h5ad", "training_cells": 18072}
{"t": 3623.6, "utc": "2026-10-01T05:05:51.667056+00:00", "msg": "second read", "shard": "k562_gwps_a__shard_00007.h5ad", "training_cells": 18085}
{"t": 3625.3, "utc": "2026-10-01T05:05:53.333035+00:00", "msg": "second read", "shard": "k562_gwps_a__shard_00008.h5ad", "training_cells": 18063}
{"t": 3626.1, "utc": "2026-10-01T05:05:54.141409+00:00", "msg": "second read", "shard": "k562_gwps_a__shard_00009.h5ad", "training_cells": 18098}
{"t": 3633.4, "utc": "2026-10-01T05:06:01.449030+00:00", "msg": "second read", "shard": "k562_gwps_a__shard_00010.h5ad", "training_cells": 18024}
{"t": 3639.0, "utc": "2026-10-01T05:06:07.083254+00:00", "msg": "second read", "shard": "k562_gwps_a__shard_00011.h5ad", "training_cells": 17949}
{"t": 3640.5, "utc": "2026-10-01T05:06:08.615649+00:00", "msg": "second read", "shard": "k562_gwps_a__shard_00012.h5ad", "training_cells": 18058}
{"t": 3640.8, "utc": "2026-10-01T05:06:08.901972+00:00", "msg": "second read", "shard": "k562_gwps_a__shard_00013.h5ad", "training_cells": 18031}
{"t": 3648.4, "utc": "2026-10-01T05:06:16.511589+00:00", "msg": "second read", "shard": "k562_gwps_a__shard_00014.h5ad", "training_cells": 17983}
{"t": 3653.5, "utc": "2026-10-01T05:06:21.620441+00:00", "msg": "second read", "shard": "k562_gwps_a__shard_00015.h5ad", "training_cells": 18024}
{"t": 3655.6, "utc": "2026-10-01T05:06:23.727119+00:00", "msg": "second read", "shard": "k562_gwps_a__shard_00016.h5ad", "training_cells": 17993}
{"t": 3656.0, "utc": "2026-10-01T05:06:24.095664+00:00", "msg": "second read", "shard": "k562_gwps_a__shard_00017.h5ad", "training_cells": 17989}
{"t": 3663.7, "utc": "2026-10-01T05:06:31.786799+00:00", "msg": "second read", "shard": "k562_gwps_a__shard_00018.h5ad", "training_cells": 18040}
{"t": 3668.9, "utc": "2026-10-01T05:06:37.012910+00:00", "msg": "second read", "shard": "k562_gwps_a__shard_00019.h5ad", "training_cells": 18041}
{"t": 3670.9, "utc": "2026-10-01T05:06:38.996667+00:00", "msg": "second read", "shard": "k562_gwps_a__shard_00020.h5ad", "training_cells": 18083}
{"t": 3671.2, "utc": "2026-10-01T05:06:39.311383+00:00", "msg": "second read", "shard": "k562_gwps_a__shard_00021.h5ad", "training_cells": 18026}
{"t": 3678.3, "utc": "2026-10-01T05:06:46.339958+00:00", "msg": "second read", "shard": "k562_gwps_a__shard_00022.h5ad", "training_cells": 18093}
{"t": 3685.3, "utc": "2026-10-01T05:06:53.392357+00:00", "msg": "second read", "shard": "k562_gwps_a__shard_00023.h5ad", "training_cells": 18125}
{"t": 3688.5, "utc": "2026-10-01T05:06:56.531764+00:00", "msg": "second read", "shard": "k562_gwps_a__shard_00024.h5ad", "training_cells": 18077}
{"t": 3688.6, "utc": "2026-10-01T05:06:56.635810+00:00", "msg": "second read", "shard": "k562_gwps_a__shard_00025.h5ad", "training_cells": 18026}
{"t": 3694.6, "utc": "2026-10-01T05:07:02.644951+00:00", "msg": "second read", "shard": "k562_gwps_a__shard_00026.h5ad", "training_cells": 18068}
{"t": 3702.6, "utc": "2026-10-01T05:07:10.663254+00:00", "msg": "second read", "shard": "k562_gwps_a__shard_00027.h5ad", "training_cells": 17920}
{"t": 3704.5, "utc": "2026-10-01T05:07:12.579806+00:00", "msg": "second read", "shard": "k562_gwps_a__shard_00028.h5ad", "training_cells": 18060}
{"t": 3705.9, "utc": "2026-10-01T05:07:13.980663+00:00", "msg": "second read", "shard": "k562_gwps_a__shard_00029.h5ad", "training_cells": 18051}
{"t": 3711.3, "utc": "2026-10-01T05:07:19.359257+00:00", "msg": "second read", "shard": "k562_gwps_a__shard_00030.h5ad", "training_cells": 18045}
{"t": 3719.9, "utc": "2026-10-01T05:07:27.966150+00:00", "msg": "second read", "shard": "k562_gwps_a__shard_00031.h5ad", "training_cells": 18056}
{"t": 3720.8, "utc": "2026-10-01T05:07:28.830931+00:00", "msg": "second read", "shard": "k562_gwps_a__shard_00032.h5ad", "training_cells": 18087}
{"t": 3722.9, "utc": "2026-10-01T05:07:31.005722+00:00", "msg": "second read", "shard": "k562_gwps_a__shard_00033.h5ad", "training_cells": 18010}
{"t": 3727.5, "utc": "2026-10-01T05:07:35.543920+00:00", "msg": "second read", "shard": "k562_gwps_a__shard_00034.h5ad", "training_cells": 18040}
{"t": 3735.4, "utc": "2026-10-01T05:07:43.434339+00:00", "msg": "second read", "shard": "k562_gwps_a__shard_00035.h5ad", "training_cells": 18029}
{"t": 3736.0, "utc": "2026-10-01T05:07:44.066835+00:00", "msg": "second read", "shard": "k562_gwps_a__shard_00036.h5ad", "training_cells": 18089}
{"t": 3737.9, "utc": "2026-10-01T05:07:46.009194+00:00", "msg": "second read", "shard": "k562_gwps_a__shard_00037.h5ad", "training_cells": 17965}
{"t": 3743.3, "utc": "2026-10-01T05:07:51.414899+00:00", "msg": "second read", "shard": "k562_gwps_a__shard_00038.h5ad", "training_cells": 18043}
{"t": 3750.8, "utc": "2026-10-01T05:07:58.910297+00:00", "msg": "second read", "shard": "k562_gwps_a__shard_00039.h5ad", "training_cells": 18040}
{"t": 3751.1, "utc": "2026-10-01T05:07:59.205019+00:00", "msg": "second read", "shard": "k562_gwps_a__shard_00040.h5ad", "training_cells": 17993}
{"t": 3759.6, "utc": "2026-10-01T05:08:07.719640+00:00", "msg": "second read", "shard": "k562_gwps_a__shard_00041.h5ad", "training_cells": 18020}
{"t": 3769.3, "utc": "2026-10-01T05:08:17.422304+00:00", "msg": "second read", "shard": "k562_gwps_a__shard_00042.h5ad", "training_cells": 18042}
{"t": 3779.5, "utc": "2026-10-01T05:08:27.595213+00:00", "msg": "second read", "shard": "k562_gwps_a__shard_00043.h5ad", "training_cells": 18030}
{"t": 3779.7, "utc": "2026-10-01T05:08:27.739657+00:00", "msg": "second read", "shard": "k562_gwps_a__shard_00044.h5ad", "training_cells": 18013}
{"t": 3782.1, "utc": "2026-10-01T05:08:30.202285+00:00", "msg": "second read", "shard": "k562_gwps_a__shard_00045.h5ad", "training_cells": 18086}
{"t": 3785.4, "utc": "2026-10-01T05:08:33.524025+00:00", "msg": "second read", "shard": "k562_gwps_a__shard_00046.h5ad", "training_cells": 18041}
{"t": 3795.0, "utc": "2026-10-01T05:08:43.107525+00:00", "msg": "second read", "shard": "k562_gwps_a__shard_00047.h5ad", "training_cells": 18021}
{"t": 3795.2, "utc": "2026-10-01T05:08:43.248184+00:00", "msg": "second read", "shard": "k562_gwps_a__shard_00048.h5ad", "training_cells": 17995}
{"t": 3798.0, "utc": "2026-10-01T05:08:46.057063+00:00", "msg": "second read", "shard": "k562_gwps_a__shard_00049.h5ad", "training_cells": 18057}
{"t": 3801.3, "utc": "2026-10-01T05:08:49.378424+00:00", "msg": "second read", "shard": "k562_gwps_b__shard_00050.h5ad", "training_cells": 18051}
{"t": 3811.6, "utc": "2026-10-01T05:08:59.638251+00:00", "msg": "second read", "shard": "k562_gwps_b__shard_00051.h5ad", "training_cells": 17990}
{"t": 3811.9, "utc": "2026-10-01T05:08:59.954258+00:00", "msg": "second read", "shard": "k562_gwps_b__shard_00052.h5ad", "training_cells": 17998}
{"t": 3814.2, "utc": "2026-10-01T05:09:02.309983+00:00", "msg": "second read", "shard": "k562_gwps_b__shard_00053.h5ad", "training_cells": 18001}
{"t": 3817.9, "utc": "2026-10-01T05:09:06.004822+00:00", "msg": "second read", "shard": "k562_gwps_b__shard_00054.h5ad", "training_cells": 18037}
{"t": 3827.3, "utc": "2026-10-01T05:09:15.395613+00:00", "msg": "second read", "shard": "k562_gwps_b__shard_00055.h5ad", "training_cells": 18042}
{"t": 3827.5, "utc": "2026-10-01T05:09:15.541470+00:00", "msg": "second read", "shard": "k562_gwps_b__shard_00056.h5ad", "training_cells": 17996}
{"t": 3828.4, "utc": "2026-10-01T05:09:16.516000+00:00", "msg": "second read", "shard": "k562_gwps_b__shard_00057.h5ad", "training_cells": 18010}
{"t": 3833.6, "utc": "2026-10-01T05:09:21.709090+00:00", "msg": "second read", "shard": "k562_gwps_b__shard_00058.h5ad", "training_cells": 18029}
{"t": 3841.8, "utc": "2026-10-01T05:09:29.926828+00:00", "msg": "second read", "shard": "k562_gwps_b__shard_00059.h5ad", "training_cells": 18101}
{"t": 3842.1, "utc": "2026-10-01T05:09:30.189653+00:00", "msg": "second read", "shard": "k562_gwps_b__shard_00060.h5ad", "training_cells": 18067}
{"t": 3843.2, "utc": "2026-10-01T05:09:31.323334+00:00", "msg": "second read", "shard": "k562_gwps_b__shard_00061.h5ad", "training_cells": 18088}
{"t": 3849.2, "utc": "2026-10-01T05:09:37.320812+00:00", "msg": "second read", "shard": "k562_gwps_b__shard_00062.h5ad", "training_cells": 17936}
{"t": 3856.7, "utc": "2026-10-01T05:09:44.819046+00:00", "msg": "second read", "shard": "k562_gwps_b__shard_00063.h5ad", "training_cells": 18046}
{"t": 3856.9, "utc": "2026-10-01T05:09:44.951697+00:00", "msg": "second read", "shard": "k562_gwps_b__shard_00064.h5ad", "training_cells": 18000}
{"t": 3858.2, "utc": "2026-10-01T05:09:46.301263+00:00", "msg": "second read", "shard": "k562_gwps_b__shard_00065.h5ad", "training_cells": 18017}
{"t": 3863.1, "utc": "2026-10-01T05:09:51.174996+00:00", "msg": "second read", "shard": "k562_gwps_b__shard_00066.h5ad", "training_cells": 18024}
{"t": 3870.7, "utc": "2026-10-01T05:09:58.800952+00:00", "msg": "second read", "shard": "k562_gwps_b__shard_00067.h5ad", "training_cells": 18014}
{"t": 3871.3, "utc": "2026-10-01T05:09:59.404291+00:00", "msg": "second read", "shard": "k562_gwps_b__shard_00068.h5ad", "training_cells": 18037}
{"t": 3872.8, "utc": "2026-10-01T05:10:00.838330+00:00", "msg": "second read", "shard": "k562_gwps_b__shard_00069.h5ad", "training_cells": 18047}
{"t": 3878.7, "utc": "2026-10-01T05:10:06.749673+00:00", "msg": "second read", "shard": "k562_gwps_b__shard_00070.h5ad", "training_cells": 18081}
{"t": 3886.7, "utc": "2026-10-01T05:10:14.825325+00:00", "msg": "second read", "shard": "k562_gwps_b__shard_00071.h5ad", "training_cells": 18004}
{"t": 3886.9, "utc": "2026-10-01T05:10:14.980279+00:00", "msg": "second read", "shard": "k562_gwps_b__shard_00072.h5ad", "training_cells": 18071}
{"t": 3888.3, "utc": "2026-10-01T05:10:16.383037+00:00", "msg": "second read", "shard": "k562_gwps_b__shard_00073.h5ad", "training_cells": 18013}
{"t": 3894.4, "utc": "2026-10-01T05:10:22.477871+00:00", "msg": "second read", "shard": "k562_gwps_b__shard_00074.h5ad", "training_cells": 18050}
{"t": 3901.8, "utc": "2026-10-01T05:10:29.852752+00:00", "msg": "second read", "shard": "k562_gwps_b__shard_00075.h5ad", "training_cells": 17988}
{"t": 3902.2, "utc": "2026-10-01T05:10:30.291240+00:00", "msg": "second read", "shard": "k562_gwps_b__shard_00076.h5ad", "training_cells": 17992}
{"t": 3903.5, "utc": "2026-10-01T05:10:31.586201+00:00", "msg": "second read", "shard": "k562_gwps_b__shard_00077.h5ad", "training_cells": 17925}
{"t": 3909.9, "utc": "2026-10-01T05:10:37.954894+00:00", "msg": "second read", "shard": "k562_gwps_b__shard_00078.h5ad", "training_cells": 18060}
{"t": 3917.5, "utc": "2026-10-01T05:10:45.615525+00:00", "msg": "second read", "shard": "k562_gwps_b__shard_00079.h5ad", "training_cells": 18027}
{"t": 3917.7, "utc": "2026-10-01T05:10:45.729830+00:00", "msg": "second read", "shard": "k562_gwps_b__shard_00080.h5ad", "training_cells": 18054}
{"t": 3918.3, "utc": "2026-10-01T05:10:46.421663+00:00", "msg": "second read", "shard": "k562_gwps_b__shard_00081.h5ad", "training_cells": 18071}
{"t": 3924.6, "utc": "2026-10-01T05:10:52.651133+00:00", "msg": "second read", "shard": "k562_gwps_b__shard_00082.h5ad", "training_cells": 18137}
{"t": 3931.0, "utc": "2026-10-01T05:10:59.089237+00:00", "msg": "second read", "shard": "k562_gwps_b__shard_00083.h5ad", "training_cells": 18115}
{"t": 3932.6, "utc": "2026-10-01T05:11:00.661795+00:00", "msg": "second read", "shard": "k562_gwps_b__shard_00084.h5ad", "training_cells": 18071}
{"t": 3933.3, "utc": "2026-10-01T05:11:01.337444+00:00", "msg": "second read", "shard": "k562_gwps_b__shard_00085.h5ad", "training_cells": 18085}
{"t": 3939.5, "utc": "2026-10-01T05:11:07.537210+00:00", "msg": "second read", "shard": "k562_gwps_b__shard_00086.h5ad", "training_cells": 18072}
{"t": 3946.7, "utc": "2026-10-01T05:11:14.753651+00:00", "msg": "second read", "shard": "k562_gwps_b__shard_00087.h5ad", "training_cells": 18024}
{"t": 3948.8, "utc": "2026-10-01T05:11:16.897982+00:00", "msg": "second read", "shard": "k562_gwps_b__shard_00088.h5ad", "training_cells": 18006}
{"t": 3949.1, "utc": "2026-10-01T05:11:17.202660+00:00", "msg": "second read", "shard": "k562_gwps_b__shard_00089.h5ad", "training_cells": 18040}
{"t": 3954.6, "utc": "2026-10-01T05:11:22.635609+00:00", "msg": "second read", "shard": "k562_gwps_b__shard_00090.h5ad", "training_cells": 18043}
{"t": 3961.1, "utc": "2026-10-01T05:11:29.195307+00:00", "msg": "second read", "shard": "k562_gwps_b__shard_00091.h5ad", "training_cells": 18031}
{"t": 3963.5, "utc": "2026-10-01T05:11:31.564780+00:00", "msg": "second read", "shard": "k562_gwps_b__shard_00092.h5ad", "training_cells": 18031}
{"t": 3964.3, "utc": "2026-10-01T05:11:32.338511+00:00", "msg": "second read", "shard": "k562_gwps_b__shard_00093.h5ad", "training_cells": 18123}
{"t": 3969.4, "utc": "2026-10-01T05:11:37.429406+00:00", "msg": "second read", "shard": "k562_gwps_b__shard_00094.h5ad", "training_cells": 17991}
{"t": 3975.3, "utc": "2026-10-01T05:11:43.365826+00:00", "msg": "second read", "shard": "k562_gwps_b__shard_00095.h5ad", "training_cells": 17986}
{"t": 3978.4, "utc": "2026-10-01T05:11:46.465687+00:00", "msg": "second read", "shard": "k562_gwps_b__shard_00096.h5ad", "training_cells": 17977}
{"t": 3979.3, "utc": "2026-10-01T05:11:47.377782+00:00", "msg": "second read", "shard": "k562_gwps_b__shard_00097.h5ad", "training_cells": 18017}
{"t": 3983.9, "utc": "2026-10-01T05:11:52.004523+00:00", "msg": "second read", "shard": "k562_gwps_b__shard_00098.h5ad", "training_cells": 18060}
{"t": 3984.1, "utc": "2026-10-01T05:11:52.158680+00:00", "msg": "second read", "shard": "k562_gwps_b__shard_00099.h5ad", "training_cells": 8642}
{"t": 3987.4, "utc": "2026-10-01T05:11:55.524523+00:00", "msg": "second read", "shard": "k562_essential__shard_00000.h5ad", "training_cells": 9075}
{"t": 3988.1, "utc": "2026-10-01T05:11:56.186120+00:00", "msg": "second read", "shard": "k562_essential__shard_00001.h5ad", "training_cells": 9084}
{"t": 3991.3, "utc": "2026-10-01T05:11:59.373759+00:00", "msg": "second read", "shard": "k562_essential__shard_00002.h5ad", "training_cells": 9098}
{"t": 3992.8, "utc": "2026-10-01T05:12:00.876022+00:00", "msg": "second read", "shard": "k562_essential__shard_00003.h5ad", "training_cells": 9073}
{"t": 3996.0, "utc": "2026-10-01T05:12:04.044082+00:00", "msg": "second read", "shard": "k562_essential__shard_00004.h5ad", "training_cells": 9071}
{"t": 3996.7, "utc": "2026-10-01T05:12:04.745975+00:00", "msg": "second read", "shard": "k562_essential__shard_00005.h5ad", "training_cells": 9036}
{"t": 4000.1, "utc": "2026-10-01T05:12:08.141557+00:00", "msg": "second read", "shard": "k562_essential__shard_00006.h5ad", "training_cells": 9088}
{"t": 4001.7, "utc": "2026-10-01T05:12:09.745186+00:00", "msg": "second read", "shard": "k562_essential__shard_00007.h5ad", "training_cells": 9042}
{"t": 4004.8, "utc": "2026-10-01T05:12:12.919823+00:00", "msg": "second read", "shard": "k562_essential__shard_00008.h5ad", "training_cells": 9049}
{"t": 4005.7, "utc": "2026-10-01T05:12:13.730748+00:00", "msg": "second read", "shard": "k562_essential__shard_00009.h5ad", "training_cells": 9092}
{"t": 4009.0, "utc": "2026-10-01T05:12:17.048004+00:00", "msg": "second read", "shard": "k562_essential__shard_00010.h5ad", "training_cells": 9047}
{"t": 4010.3, "utc": "2026-10-01T05:12:18.395174+00:00", "msg": "second read", "shard": "k562_essential__shard_00011.h5ad", "training_cells": 9050}
{"t": 4013.7, "utc": "2026-10-01T05:12:21.751508+00:00", "msg": "second read", "shard": "k562_essential__shard_00012.h5ad", "training_cells": 9091}
{"t": 4014.5, "utc": "2026-10-01T05:12:22.571910+00:00", "msg": "second read", "shard": "k562_essential__shard_00013.h5ad", "training_cells": 9076}
{"t": 4017.8, "utc": "2026-10-01T05:12:25.858523+00:00", "msg": "second read", "shard": "k562_essential__shard_00014.h5ad", "training_cells": 9045}
{"t": 4019.2, "utc": "2026-10-01T05:12:27.318697+00:00", "msg": "second read", "shard": "k562_essential__shard_00015.h5ad", "training_cells": 9079}
{"t": 4022.7, "utc": "2026-10-01T05:12:30.739313+00:00", "msg": "second read", "shard": "k562_essential__shard_00016.h5ad", "training_cells": 9045}
{"t": 4023.2, "utc": "2026-10-01T05:12:31.277497+00:00", "msg": "second read", "shard": "k562_essential__shard_00017.h5ad", "training_cells": 9040}
{"t": 4026.6, "utc": "2026-10-01T05:12:34.689609+00:00", "msg": "second read", "shard": "k562_essential__shard_00018.h5ad", "training_cells": 9058}
{"t": 4027.9, "utc": "2026-10-01T05:12:36.002630+00:00", "msg": "second read", "shard": "k562_essential__shard_00019.h5ad", "training_cells": 9028}
{"t": 4031.1, "utc": "2026-10-01T05:12:39.152945+00:00", "msg": "second read", "shard": "k562_essential__shard_00020.h5ad", "training_cells": 9073}
{"t": 4031.9, "utc": "2026-10-01T05:12:39.979194+00:00", "msg": "second read", "shard": "k562_essential__shard_00021.h5ad", "training_cells": 9116}
{"t": 4035.5, "utc": "2026-10-01T05:12:43.572456+00:00", "msg": "second read", "shard": "k562_essential__shard_00022.h5ad", "training_cells": 9042}
{"t": 4036.7, "utc": "2026-10-01T05:12:44.765665+00:00", "msg": "second read", "shard": "k562_essential__shard_00023.h5ad", "training_cells": 9024}
{"t": 4039.8, "utc": "2026-10-01T05:12:47.881949+00:00", "msg": "second read", "shard": "k562_essential__shard_00024.h5ad", "training_cells": 9108}
{"t": 4040.6, "utc": "2026-10-01T05:12:48.641737+00:00", "msg": "second read", "shard": "k562_essential__shard_00025.h5ad", "training_cells": 9103}
{"t": 4044.0, "utc": "2026-10-01T05:12:52.036632+00:00", "msg": "second read", "shard": "k562_essential__shard_00026.h5ad", "training_cells": 9055}
{"t": 4045.4, "utc": "2026-10-01T05:12:53.479581+00:00", "msg": "second read", "shard": "k562_essential__shard_00027.h5ad", "training_cells": 9091}
{"t": 4048.5, "utc": "2026-10-01T05:12:56.611421+00:00", "msg": "second read", "shard": "k562_essential__shard_00028.h5ad", "training_cells": 9042}
{"t": 4049.2, "utc": "2026-10-01T05:12:57.297580+00:00", "msg": "second read", "shard": "k562_essential__shard_00029.h5ad", "training_cells": 9027}
{"t": 4052.7, "utc": "2026-10-01T05:13:00.751272+00:00", "msg": "second read", "shard": "k562_essential__shard_00030.h5ad", "training_cells": 9047}
{"t": 4052.8, "utc": "2026-10-01T05:13:00.884730+00:00", "msg": "second read", "shard": "k562_essential__shard_00031.h5ad", "training_cells": 367}
{"t": 4054.9, "utc": "2026-10-01T05:13:02.939774+00:00", "msg": "second read", "shard": "rpe1__shard_00000.h5ad", "training_cells": 9125}
{"t": 4059.4, "utc": "2026-10-01T05:13:07.445324+00:00", "msg": "second read", "shard": "rpe1__shard_00001.h5ad", "training_cells": 9112}
{"t": 4059.5, "utc": "2026-10-01T05:13:07.574751+00:00", "msg": "second read", "shard": "rpe1__shard_00002.h5ad", "training_cells": 9176}
{"t": 4062.5, "utc": "2026-10-01T05:13:10.557053+00:00", "msg": "second read", "shard": "rpe1__shard_00003.h5ad", "training_cells": 9049}
{"t": 4065.0, "utc": "2026-10-01T05:13:13.049605+00:00", "msg": "second read", "shard": "rpe1__shard_00004.h5ad", "training_cells": 9135}
{"t": 4068.6, "utc": "2026-10-01T05:13:16.679969+00:00", "msg": "second read", "shard": "rpe1__shard_00005.h5ad", "training_cells": 9111}
{"t": 4068.8, "utc": "2026-10-01T05:13:16.838773+00:00", "msg": "second read", "shard": "rpe1__shard_00006.h5ad", "training_cells": 9095}
{"t": 4071.4, "utc": "2026-10-01T05:13:19.479419+00:00", "msg": "second read", "shard": "rpe1__shard_00007.h5ad", "training_cells": 9116}
{"t": 4073.7, "utc": "2026-10-01T05:13:21.753726+00:00", "msg": "second read", "shard": "rpe1__shard_00008.h5ad", "training_cells": 9109}
{"t": 4077.3, "utc": "2026-10-01T05:13:25.407373+00:00", "msg": "second read", "shard": "rpe1__shard_00009.h5ad", "training_cells": 9119}
{"t": 4077.5, "utc": "2026-10-01T05:13:25.583942+00:00", "msg": "second read", "shard": "rpe1__shard_00010.h5ad", "training_cells": 9094}
{"t": 4080.3, "utc": "2026-10-01T05:13:28.350933+00:00", "msg": "second read", "shard": "rpe1__shard_00011.h5ad", "training_cells": 9131}
{"t": 4082.4, "utc": "2026-10-01T05:13:30.448643+00:00", "msg": "second read", "shard": "rpe1__shard_00012.h5ad", "training_cells": 9093}
{"t": 4086.4, "utc": "2026-10-01T05:13:34.512306+00:00", "msg": "second read", "shard": "rpe1__shard_00013.h5ad", "training_cells": 9113}
{"t": 4086.6, "utc": "2026-10-01T05:13:34.641830+00:00", "msg": "second read", "shard": "rpe1__shard_00014.h5ad", "training_cells": 9114}
{"t": 4088.9, "utc": "2026-10-01T05:13:37.026526+00:00", "msg": "second read", "shard": "rpe1__shard_00015.h5ad", "training_cells": 9136}
{"t": 4090.9, "utc": "2026-10-01T05:13:38.936190+00:00", "msg": "second read", "shard": "rpe1__shard_00016.h5ad", "training_cells": 9118}
{"t": 4094.8, "utc": "2026-10-01T05:13:42.922911+00:00", "msg": "second read", "shard": "rpe1__shard_00017.h5ad", "training_cells": 9140}
{"t": 4095.3, "utc": "2026-10-01T05:13:43.417364+00:00", "msg": "second read", "shard": "rpe1__shard_00018.h5ad", "training_cells": 9095}
{"t": 4098.2, "utc": "2026-10-01T05:13:46.306159+00:00", "msg": "second read", "shard": "rpe1__shard_00019.h5ad", "training_cells": 9133}
{"t": 4099.6, "utc": "2026-10-01T05:13:47.672133+00:00", "msg": "second read", "shard": "rpe1__shard_00020.h5ad", "training_cells": 9084}
{"t": 4103.6, "utc": "2026-10-01T05:13:51.631958+00:00", "msg": "second read", "shard": "rpe1__shard_00021.h5ad", "training_cells": 9134}
{"t": 4104.1, "utc": "2026-10-01T05:13:52.180377+00:00", "msg": "second read", "shard": "rpe1__shard_00022.h5ad", "training_cells": 9134}
{"t": 4107.2, "utc": "2026-10-01T05:13:55.289384+00:00", "msg": "second read", "shard": "rpe1__shard_00023.h5ad", "training_cells": 9082}
{"t": 4107.3, "utc": "2026-10-01T05:13:55.383613+00:00", "msg": "second read", "shard": "rpe1__shard_00024.h5ad", "training_cells": 7179}
{"t": 4149.4, "utc": "2026-10-01T05:14:37.487128+00:00", "msg": "second read", "shard": "a549_ko__shard_00000.h5ad", "training_cells": 18168}
{"t": 4149.5, "utc": "2026-10-01T05:14:37.584176+00:00", "msg": "second read", "shard": "a549_ko__shard_00001.h5ad", "training_cells": 18018}
{"t": 4149.6, "utc": "2026-10-01T05:14:37.690053+00:00", "msg": "second read", "shard": "a549_ko__shard_00002.h5ad", "training_cells": 18102}
{"t": 4149.7, "utc": "2026-10-01T05:14:37.796502+00:00", "msg": "second read", "shard": "a549_ko__shard_00003.h5ad", "training_cells": 18126}
{"t": 4165.2, "utc": "2026-10-01T05:14:53.258971+00:00", "msg": "second read", "shard": "a549_ko__shard_00004.h5ad", "training_cells": 18031}
{"t": 4169.0, "utc": "2026-10-01T05:14:57.039248+00:00", "msg": "second read", "shard": "a549_ko__shard_00005.h5ad", "training_cells": 18127}
{"t": 4170.4, "utc": "2026-10-01T05:14:58.489869+00:00", "msg": "second read", "shard": "a549_ko__shard_00006.h5ad", "training_cells": 18053}
{"t": 4180.1, "utc": "2026-10-01T05:15:08.162619+00:00", "msg": "second read", "shard": "a549_ko__shard_00007.h5ad", "training_cells": 18059}
{"t": 4193.5, "utc": "2026-10-01T05:15:21.549989+00:00", "msg": "second read", "shard": "a549_ko__shard_00008.h5ad", "training_cells": 18102}
{"t": 4195.2, "utc": "2026-10-01T05:15:23.254477+00:00", "msg": "second read", "shard": "a549_ko__shard_00009.h5ad", "training_cells": 18124}
{"t": 4200.2, "utc": "2026-10-01T05:15:28.296887+00:00", "msg": "second read", "shard": "a549_ko__shard_00010.h5ad", "training_cells": 18123}
{"t": 4208.0, "utc": "2026-10-01T05:15:36.054621+00:00", "msg": "second read", "shard": "a549_ko__shard_00011.h5ad", "training_cells": 18110}
{"t": 4222.6, "utc": "2026-10-01T05:15:50.652087+00:00", "msg": "second read", "shard": "a549_ko__shard_00012.h5ad", "training_cells": 18095}
{"t": 4222.7, "utc": "2026-10-01T05:15:50.783364+00:00", "msg": "second read", "shard": "a549_ko__shard_00013.h5ad", "training_cells": 18135}
{"t": 4226.3, "utc": "2026-10-01T05:15:54.390412+00:00", "msg": "second read", "shard": "a549_ko__shard_00014.h5ad", "training_cells": 18198}
{"t": 4239.8, "utc": "2026-10-01T05:16:07.899287+00:00", "msg": "second read", "shard": "a549_ko__shard_00015.h5ad", "training_cells": 18110}
{"t": 4249.1, "utc": "2026-10-01T05:16:17.132473+00:00", "msg": "second read", "shard": "a549_ko__shard_00016.h5ad", "training_cells": 18139}
{"t": 4257.1, "utc": "2026-10-01T05:16:25.222652+00:00", "msg": "second read", "shard": "a549_ko__shard_00017.h5ad", "training_cells": 18051}
{"t": 4257.3, "utc": "2026-10-01T05:16:25.353577+00:00", "msg": "second read", "shard": "a549_ko__shard_00018.h5ad", "training_cells": 18143}
{"t": 4265.7, "utc": "2026-10-01T05:16:33.750946+00:00", "msg": "second read", "shard": "a549_ko__shard_00019.h5ad", "training_cells": 18100}
{"t": 4277.7, "utc": "2026-10-01T05:16:45.751068+00:00", "msg": "second read", "shard": "a549_ko__shard_00020.h5ad", "training_cells": 18155}
{"t": 4282.3, "utc": "2026-10-01T05:16:50.419005+00:00", "msg": "second read", "shard": "a549_ko__shard_00021.h5ad", "training_cells": 18067}
{"t": 4284.4, "utc": "2026-10-01T05:16:52.459022+00:00", "msg": "second read", "shard": "a549_ko__shard_00022.h5ad", "training_cells": 18077}
{"t": 4294.4, "utc": "2026-10-01T05:17:02.477081+00:00", "msg": "second read", "shard": "a549_ko__shard_00023.h5ad", "training_cells": 18052}
{"t": 4304.7, "utc": "2026-10-01T05:17:12.763322+00:00", "msg": "second read", "shard": "a549_ko__shard_00024.h5ad", "training_cells": 18118}
{"t": 4308.0, "utc": "2026-10-01T05:17:16.047974+00:00", "msg": "second read", "shard": "a549_ko__shard_00025.h5ad", "training_cells": 18106}
{"t": 4317.0, "utc": "2026-10-01T05:17:25.052654+00:00", "msg": "second read", "shard": "a549_ko__shard_00026.h5ad", "training_cells": 18049}
{"t": 4324.9, "utc": "2026-10-01T05:17:32.930683+00:00", "msg": "second read", "shard": "a549_ko__shard_00027.h5ad", "training_cells": 18186}
{"t": 4333.0, "utc": "2026-10-01T05:17:41.080174+00:00", "msg": "second read", "shard": "a549_ko__shard_00028.h5ad", "training_cells": 18151}
{"t": 4337.9, "utc": "2026-10-01T05:17:45.983415+00:00", "msg": "second read", "shard": "a549_ko__shard_00029.h5ad", "training_cells": 18093}
{"t": 4338.0, "utc": "2026-10-01T05:17:46.076539+00:00", "msg": "second read", "shard": "a549_ko__shard_00030.h5ad", "training_cells": 5503}
{"t": 4344.4, "utc": "2026-10-01T05:17:52.511315+00:00", "msg": "second read", "shard": "tian2021_crispri__shard_00000.h5ad", "training_cells": 17431}
{"t": 4344.4, "utc": "2026-10-01T05:17:52.520068+00:00", "msg": "second read", "shard": "tian2021_crispri__shard_00001.h5ad", "training_cells": 10715}
{"t": 4348.7, "utc": "2026-10-01T05:17:56.736295+00:00", "msg": "second read", "shard": "tian2021_crispra__shard_00000.h5ad", "training_cells": 18320}
{"t": 4348.7, "utc": "2026-10-01T05:17:56.745768+00:00", "msg": "second read", "shard": "tian2021_crispra__shard_00001.h5ad", "training_cells": 1107}
{"t": 4348.7, "utc": "2026-10-01T05:17:56.750351+00:00", "msg": "second read", "shard": "tian2019_ipsc__shard_00000.h5ad", "training_cells": 4878}
{"t": 4348.7, "utc": "2026-10-01T05:17:56.778776+00:00", "msg": "second read", "shard": "tian2019_ipsc__shard_00001.h5ad", "training_cells": 4727}
{"t": 4348.8, "utc": "2026-10-01T05:17:56.858785+00:00", "msg": "second read", "shard": "tian2019_ipsc__shard_00002.h5ad", "training_cells": 4956}
{"t": 4348.8, "utc": "2026-10-01T05:17:56.887291+00:00", "msg": "second read", "shard": "tian2019_ipsc__shard_00003.h5ad", "training_cells": 4834}
{"t": 4348.8, "utc": "2026-10-01T05:17:56.920912+00:00", "msg": "second read", "shard": "tian2019_ipsc__shard_00004.h5ad", "training_cells": 4771}
{"t": 4348.9, "utc": "2026-10-01T05:17:56.993935+00:00", "msg": "second read", "shard": "tian2019_ipsc__shard_00005.h5ad", "training_cells": 4919}
{"t": 4349.0, "utc": "2026-10-01T05:17:57.067193+00:00", "msg": "second read", "shard": "tian2019_ipsc__shard_00006.h5ad", "training_cells": 4860}
{"t": 4349.1, "utc": "2026-10-01T05:17:57.140078+00:00", "msg": "second read", "shard": "tian2019_ipsc__shard_00007.h5ad", "training_cells": 4579}
{"t": 4349.1, "utc": "2026-10-01T05:17:57.214445+00:00", "msg": "second read", "shard": "tian2019_ipsc__shard_00008.h5ad", "training_cells": 4461}
{"t": 4349.2, "utc": "2026-10-01T05:17:57.300008+00:00", "msg": "second read", "shard": "tian2019_ipsc__shard_00009.h5ad", "training_cells": 4556}
{"t": 4349.3, "utc": "2026-10-01T05:17:57.371242+00:00", "msg": "second read", "shard": "tian2019_ipsc__shard_00010.h5ad", "training_cells": 4605}
{"t": 4349.4, "utc": "2026-10-01T05:17:57.442809+00:00", "msg": "second read", "shard": "tian2019_ipsc__shard_00011.h5ad", "training_cells": 4410}
{"t": 4349.4, "utc": "2026-10-01T05:17:57.514320+00:00", "msg": "second read", "shard": "tian2019_ipsc__shard_00012.h5ad", "training_cells": 4744}
{"t": 4349.5, "utc": "2026-10-01T05:17:57.587078+00:00", "msg": "second read", "shard": "tian2019_ipsc__shard_00013.h5ad", "training_cells": 3646}
{"t": 4349.8, "utc": "2026-10-01T05:17:57.873747+00:00", "msg": "second read", "shard": "tian2019_neuron__shard_00000.h5ad", "training_cells": 5050}
{"t": 4350.9, "utc": "2026-10-01T05:17:59.017387+00:00", "msg": "second read", "shard": "tian2019_neuron__shard_00001.h5ad", "training_cells": 4965}
{"t": 4351.4, "utc": "2026-10-01T05:17:59.452336+00:00", "msg": "second read", "shard": "tian2019_neuron__shard_00002.h5ad", "training_cells": 4900}
{"t": 4351.5, "utc": "2026-10-01T05:17:59.544838+00:00", "msg": "second read", "shard": "tian2019_neuron__shard_00003.h5ad", "training_cells": 4934}
{"t": 4352.1, "utc": "2026-10-01T05:18:00.168407+00:00", "msg": "second read", "shard": "tian2019_neuron__shard_00004.h5ad", "training_cells": 4767}
{"t": 4353.2, "utc": "2026-10-01T05:18:01.315756+00:00", "msg": "second read", "shard": "tian2019_neuron__shard_00005.h5ad", "training_cells": 4147}
{"t": 4353.4, "utc": "2026-10-01T05:18:01.483160+00:00", "msg": "second read", "shard": "tian2019_neuron__shard_00006.h5ad", "training_cells": 4293}
{"t": 4353.8, "utc": "2026-10-01T05:18:01.892965+00:00", "msg": "second read", "shard": "tian2019_neuron__shard_00007.h5ad", "training_cells": 4307}
{"t": 4354.4, "utc": "2026-10-01T05:18:02.509995+00:00", "msg": "second read", "shard": "tian2019_neuron__shard_00008.h5ad", "training_cells": 4271}
{"t": 4354.5, "utc": "2026-10-01T05:18:02.580770+00:00", "msg": "second read", "shard": "tian2019_neuron__shard_00009.h5ad", "training_cells": 617}
{"t": 4372.0, "utc": "2026-10-01T05:18:20.055912+00:00", "msg": "second read", "shard": "norman2019__shard_00000.h5ad", "training_cells": 12033}
{"t": 4373.6, "utc": "2026-10-01T05:18:21.687831+00:00", "msg": "second read", "shard": "norman2019__shard_00001.h5ad", "training_cells": 12349}
{"t": 4373.9, "utc": "2026-10-01T05:18:21.958446+00:00", "msg": "second read", "shard": "norman2019__shard_00002.h5ad", "training_cells": 12139}
{"t": 4374.2, "utc": "2026-10-01T05:18:22.236017+00:00", "msg": "second read", "shard": "norman2019__shard_00003.h5ad", "training_cells": 11730}
{"t": 4395.4, "utc": "2026-10-01T05:18:43.433144+00:00", "msg": "second read", "shard": "norman2019__shard_00004.h5ad", "training_cells": 11400}
{"t": 4395.7, "utc": "2026-10-01T05:18:43.742546+00:00", "msg": "second read", "shard": "norman2019__shard_00005.h5ad", "training_cells": 6594}
{"t": 4423.4, "utc": "2026-10-01T05:19:11.510389+00:00", "msg": "second read", "shard": "kolf_chromatin__shard_00000.h5ad", "training_cells": 18224}
{"t": 4423.6, "utc": "2026-10-01T05:19:11.646806+00:00", "msg": "second read", "shard": "kolf_chromatin__shard_00001.h5ad", "training_cells": 18226}
{"t": 4423.7, "utc": "2026-10-01T05:19:11.757940+00:00", "msg": "second read", "shard": "kolf_chromatin__shard_00002.h5ad", "training_cells": 3699}
{"t": 4423.7, "utc": "2026-10-01T05:19:11.764249+00:00", "msg": "second read", "shard": "kolf_metabolic__shard_00000.h5ad", "training_cells": 17908}
{"t": 4423.8, "utc": "2026-10-01T05:19:11.892429+00:00", "msg": "second read", "shard": "kolf_metabolic__shard_00001.h5ad", "training_cells": 17849}
{"t": 4437.2, "utc": "2026-10-01T05:19:25.252982+00:00", "msg": "second read", "shard": "kolf_metabolic__shard_00002.h5ad", "training_cells": 17885}
{"t": 4437.6, "utc": "2026-10-01T05:19:25.650358+00:00", "msg": "second read", "shard": "kolf_metabolic__shard_00003.h5ad", "training_cells": 17856}
{"t": 4441.2, "utc": "2026-10-01T05:19:29.285730+00:00", "msg": "second read", "shard": "kolf_metabolic__shard_00004.h5ad", "training_cells": 17829}
{"t": 4441.3, "utc": "2026-10-01T05:19:29.399632+00:00", "msg": "second read", "shard": "kolf_metabolic__shard_00005.h5ad", "training_cells": 15828}
{"t": 4451.2, "utc": "2026-10-01T05:19:39.317486+00:00", "msg": "second read", "shard": "kolf_strong__shard_00000.h5ad", "training_cells": 18447}
{"t": 4452.1, "utc": "2026-10-01T05:19:40.155646+00:00", "msg": "second read", "shard": "kolf_strong__shard_00001.h5ad", "training_cells": 18443}
{"t": 4453.3, "utc": "2026-10-01T05:19:41.386597+00:00", "msg": "second read", "shard": "kolf_strong__shard_00002.h5ad", "training_cells": 18441}
{"t": 4455.0, "utc": "2026-10-01T05:19:43.087462+00:00", "msg": "second read", "shard": "kolf_strong__shard_00003.h5ad", "training_cells": 18301}
{"t": 4465.3, "utc": "2026-10-01T05:19:53.400927+00:00", "msg": "second read", "shard": "kolf_strong__shard_00004.h5ad", "training_cells": 18156}
{"t": 4466.2, "utc": "2026-10-01T05:19:54.256321+00:00", "msg": "second read", "shard": "kolf_strong__shard_00005.h5ad", "training_cells": 18289}
{"t": 4467.4, "utc": "2026-10-01T05:19:55.453771+00:00", "msg": "second read", "shard": "kolf_strong__shard_00006.h5ad", "training_cells": 18321}
{"t": 4468.7, "utc": "2026-10-01T05:19:56.826145+00:00", "msg": "second read", "shard": "kolf_strong__shard_00007.h5ad", "training_cells": 18218}
{"t": 4478.9, "utc": "2026-10-01T05:20:06.964423+00:00", "msg": "second read", "shard": "kolf_strong__shard_00008.h5ad", "training_cells": 18184}
{"t": 4479.7, "utc": "2026-10-01T05:20:07.771516+00:00", "msg": "second read", "shard": "kolf_strong__shard_00009.h5ad", "training_cells": 18141}
{"t": 4480.4, "utc": "2026-10-01T05:20:08.521340+00:00", "msg": "second read", "shard": "kolf_strong__shard_00010.h5ad", "training_cells": 17838}
{"t": 4480.5, "utc": "2026-10-01T05:20:08.623003+00:00", "msg": "second read", "shard": "kolf_strong__shard_00011.h5ad", "training_cells": 10980}
{"t": 4508.5, "utc": "2026-10-01T05:20:36.596690+00:00", "msg": "prepass done", "state": "prepass.pkl", "sha256": "a55e26b3b4f29f2f634a091f221bd4c90ac3b806d25f0788b2a251f455e1d792", "bytes": 1245802810, "shards": 426, "cells": 6781331, "admitted_training_cells": 4489611, "evaluation_groups": 1007}
