target,chunk,n_cells,cells_total,pools_with_cells,pools_min_cells,in_panel,on_official_axis
A1CF,viperturb_00.npz,52,52,1,1,False,True
A3GALT2,viperturb_00.npz,28,28,1,1,False,True
AAGAB,viperturb_00.npz,31,31,1,1,False,True
AANAT,viperturb_00.npz,47,47,1,1,False,True
AARS,viperturb_00.npz,21,21,1,1,False,True
AARS2,viperturb_00.npz,22,22,1,1,False,True
AASS,viperturb_00.npz,79,79,1,1,False,True
AATF,viperturb_00.npz,20,20,1,1,False,True
AATK,viperturb_00.npz,65,65,1,1,False,True
ABAT,viperturb_00.npz,35,35,1,1,False,True
ABCA1,viperturb_00.npz,45,45,1,1,False,True
ABCA10,viperturb_00.npz,57,57,1,1,False,True
ABCA4,viperturb_00.npz,57,57,1,1,False,True
ABCA7,viperturb_00.npz,88,88,1,1,False,True
ABCA9,viperturb_00.npz,25,25,1,1,False,True
ABCC1,viperturb_00.npz,66,66,1,1,False,True
ABCC12,viperturb_00.npz,55,55,1,1,False,True
ABCC4,viperturb_00.npz,36,36,1,1,False,True
ABCC8,viperturb_00.npz,27,27,1,1,False,True
ABCC9,viperturb_00.npz,57,57,1,1,False,True
ABCE1,,0,9,1,0,False,True
ABCF2,viperturb_00.npz,52,52,1,1,False,True
ABCF3,viperturb_00.npz,43,43,1,1,False,True
ABCG2,viperturb_00.npz,18,18,1,1,False,True
ABHD11,viperturb_00.npz,24,24,1,1,False,True
ABHD12,viperturb_00.npz,70,70,1,1,False,True
ABHD13,viperturb_00.npz,66,66,1,1,False,True
ABHD17B,viperturb_00.npz,25,25,1,1,False,True
ABHD17C,viperturb_00.npz,69,69,1,1,False,True
ABHD8,viperturb_00.npz,43,43,1,1,False,True
ABI1,viperturb_00.npz,37,37,1,1,False,True
ABI3BP,viperturb_00.npz,66,66,1,1,False,True
ABL1,viperturb_00.npz,59,59,1,1,False,True
ABL2,viperturb_00.npz,22,22,1,1,False,True
ABLIM1,viperturb_00.npz,41,41,1,1,False,True
ABRA,viperturb_00.npz,65,65,1,1,False,True
ABT1,viperturb_00.npz,26,26,1,1,False,True
ABTB1,viperturb_00.npz,30,30,1,1,False,True
ACAA2,viperturb_00.npz,59,59,1,1,False,True
ACACA,viperturb_00.npz,39,39,1,1,False,True
ACACB,viperturb_00.npz,35,35,1,1,False,True
ACAD11,viperturb_00.npz,98,98,1,1,False,True
ACAD9,viperturb_00.npz,46,46,1,1,False,True
ACADL,viperturb_00.npz,27,27,1,1,False,True
ACAN,viperturb_00.npz,33,33,1,1,False,True
ACAP1,viperturb_00.npz,38,38,1,1,False,True
ACAP3,viperturb_00.npz,65,65,1,1,False,True
ACAT1,viperturb_00.npz,49,49,1,1,False,True
ACAT2,viperturb_00.npz,59,59,1,1,False,True
ACBD4,viperturb_00.npz,67,67,1,1,False,True
ACD,viperturb_00.npz,33,33,1,1,False,True
ACER3,viperturb_00.npz,76,76,1,1,False,True
ACIN1,viperturb_00.npz,68,68,1,1,False,True
ACKR1,viperturb_00.npz,57,57,1,1,False,True
ACLY,viperturb_00.npz,58,58,1,1,True,True
ACO1,viperturb_00.npz,34,34,1,1,False,True
ACO2,viperturb_00.npz,15,15,1,1,False,True
ACOD1,viperturb_00.npz,83,83,1,1,False,True
ACOT13,viperturb_00.npz,18,18,1,1,False,True
ACOT8,viperturb_00.npz,40,40,1,1,False,True
ACOT9,viperturb_00.npz,28,28,1,1,False,True
ACOX2,viperturb_00.npz,52,52,1,1,False,True
ACP2,viperturb_00.npz,52,52,1,1,False,True
ACP6,viperturb_00.npz,63,63,1,1,False,True
ACPT,viperturb_00.npz,48,48,1,1,False,False
ACSBG2,viperturb_00.npz,40,40,1,1,False,True
ACSL1,viperturb_00.npz,44,44,1,1,False,True
ACSL3,viperturb_00.npz,55,55,1,1,False,True
ACSM2B,viperturb_00.npz,64,64,1,1,False,True
ACSS3,viperturb_00.npz,35,35,1,1,False,True
ACTA1,viperturb_00.npz,34,34,1,1,False,True
ACTB,viperturb_00.npz,81,81,1,1,False,True
ACTBL2,viperturb_00.npz,57,57,1,1,False,True
ACTG1,viperturb_00.npz,50,50,1,1,False,True
ACTL6A,viperturb_00.npz,28,28,1,1,False,True
ACTL8,viperturb_00.npz,60,60,1,1,False,True
ACTL9,viperturb_00.npz,27,27,1,1,False,True
ACTN1,viperturb_00.npz,50,50,1,1,False,True
ACTN3,viperturb_00.npz,44,44,1,1,False,True
ACTN4,viperturb_00.npz,53,53,1,1,False,True
ACTR3,viperturb_00.npz,40,40,1,1,False,True
ACTR3B,viperturb_00.npz,22,22,1,1,False,True
ACTR5,viperturb_00.npz,77,77,1,1,False,True
ACTR6,viperturb_00.npz,81,81,1,1,False,True
ACTR8,viperturb_00.npz,102,102,1,1,False,True
ACVR1,viperturb_00.npz,17,17,1,1,False,True
ACVR2B,viperturb_00.npz,67,67,1,1,False,True
ACVRL1,viperturb_00.npz,43,43,1,1,False,True
ACY3,viperturb_00.npz,27,27,1,1,False,True
ADA,viperturb_00.npz,34,34,1,1,False,True
ADA2,viperturb_00.npz,73,73,1,1,False,True
ADAM10,viperturb_00.npz,39,39,1,1,False,True
ADAM11,viperturb_00.npz,41,41,1,1,False,True
ADAM18,viperturb_00.npz,39,39,1,1,False,True
ADAM2,viperturb_00.npz,63,63,1,1,False,True
ADAM21,viperturb_00.npz,25,25,1,1,False,True
ADAM8,viperturb_00.npz,58,58,1,1,False,True
ADAMTS10,viperturb_00.npz,86,86,1,1,False,True
ADAMTS18,viperturb_00.npz,78,78,1,1,False,True
ADAMTS20,viperturb_00.npz,94,94,1,1,False,True
ADAMTS4,viperturb_00.npz,39,39,1,1,False,True
ADAMTS8,viperturb_00.npz,72,72,1,1,False,True
ADAMTSL2,viperturb_00.npz,32,32,1,1,False,True
ADAMTSL4,viperturb_00.npz,79,79,1,1,False,True
ADAP1,viperturb_00.npz,31,31,1,1,False,True
ADCY10,viperturb_00.npz,99,99,1,1,False,True
ADCY5,viperturb_00.npz,34,34,1,1,False,True
ADCY6,viperturb_00.npz,20,20,1,1,False,True
ADCYAP1,viperturb_00.npz,58,58,1,1,False,True
ADD2,viperturb_00.npz,70,70,1,1,False,True
ADD3,viperturb_00.npz,13,13,1,1,False,True
ADGRA2,viperturb_00.npz,46,46,1,1,False,True
ADGRB1,viperturb_00.npz,24,24,1,1,False,True
ADGRB2,viperturb_00.npz,46,46,1,1,False,True
ADGRE1,viperturb_00.npz,22,22,1,1,False,True
ADGRF3,viperturb_00.npz,29,29,1,1,False,True
ADGRG4,viperturb_00.npz,72,72,1,1,False,True
ADGRL3,viperturb_00.npz,62,62,1,1,False,True
ADGRL4,viperturb_00.npz,74,74,1,1,False,True
ADH5,viperturb_00.npz,82,82,1,1,False,True
ADI1,viperturb_00.npz,47,47,1,1,False,True
ADIPOQ,viperturb_00.npz,32,32,1,1,False,True
ADIPOR2,viperturb_00.npz,16,16,1,1,False,True
ADK,viperturb_00.npz,35,35,1,1,False,True
ADM5,viperturb_00.npz,34,34,1,1,False,True
ADNP2,viperturb_00.npz,62,62,1,1,False,True
ADPRHL1,viperturb_00.npz,35,35,1,1,False,True
ADPRHL2,viperturb_00.npz,82,82,1,1,False,True
ADRA1D,viperturb_00.npz,44,44,1,1,False,True
ADRA2B,viperturb_00.npz,61,61,1,1,False,True
ADRM1,viperturb_00.npz,63,63,1,1,False,True
ADSL,viperturb_00.npz,44,44,1,1,False,True
ADSS,viperturb_00.npz,18,18,1,1,False,True
ADTRP,viperturb_00.npz,49,49,1,1,False,True
AFAP1,viperturb_00.npz,45,45,1,1,False,True
AFAP1L1,viperturb_00.npz,37,37,1,1,False,True
AFF1,viperturb_00.npz,46,46,1,1,False,True
AFG1L,viperturb_00.npz,60,60,1,1,False,True
AFG3L2,viperturb_00.npz,33,33,1,1,False,True
AGAP1,viperturb_00.npz,33,33,1,1,False,True
AGAP5,viperturb_00.npz,28,28,1,1,False,True
AGBL1,viperturb_00.npz,40,40,1,1,False,True
AGBL3,viperturb_00.npz,52,52,1,1,False,True
AGBL5,viperturb_00.npz,47,47,1,1,False,True
AGFG2,viperturb_00.npz,42,42,1,1,False,True
AGK,viperturb_00.npz,23,23,1,1,False,True
AGL,viperturb_00.npz,74,74,1,1,False,True
AGMAT,viperturb_00.npz,52,52,1,1,False,True
AGO4,viperturb_00.npz,52,52,1,1,False,True
AGPAT2,viperturb_00.npz,24,24,1,1,False,True
AGPAT3,viperturb_00.npz,34,34,1,1,False,True
AGPAT4,viperturb_00.npz,32,32,1,1,False,True
AGPAT5,viperturb_00.npz,48,48,1,1,False,True
AGR2,viperturb_00.npz,38,38,1,1,False,True
AGRN,viperturb_00.npz,42,42,1,1,False,True
AGT,viperturb_00.npz,27,27,1,1,False,True
AGTR1,viperturb_00.npz,51,51,1,1,False,True
AGTR2,viperturb_00.npz,47,47,1,1,False,True
AGTRAP,viperturb_00.npz,65,65,1,1,False,True
AGXT2,viperturb_00.npz,77,77,1,1,False,True
AHCTF1,viperturb_00.npz,30,30,1,1,False,True
AHCY,viperturb_00.npz,41,41,1,1,False,True
AHCYL1,viperturb_00.npz,32,32,1,1,False,True
AHNAK,viperturb_00.npz,81,81,1,1,False,True
AHNAK2,viperturb_00.npz,92,92,1,1,False,True
AHSG,viperturb_00.npz,39,39,1,1,False,True
AHSP,viperturb_00.npz,28,28,1,1,False,True
AIF1,viperturb_00.npz,72,72,1,1,False,True
AIFM1,viperturb_00.npz,57,57,1,1,False,True
AIFM2,viperturb_00.npz,14,14,1,1,False,True
AIFM3,viperturb_00.npz,33,33,1,1,False,True
AIG1,viperturb_00.npz,38,38,1,1,False,True
AIM2,viperturb_00.npz,56,56,1,1,False,True
AIMP2,viperturb_00.npz,65,65,1,1,False,True
AIP,viperturb_00.npz,58,58,1,1,False,True
AJAP1,viperturb_00.npz,61,61,1,1,False,True
AKAP1,viperturb_00.npz,51,51,1,1,True,True
AKAP12,viperturb_00.npz,92,92,1,1,False,True
AKAP17A,viperturb_00.npz,67,67,1,1,False,True
AKAP5,viperturb_00.npz,20,20,1,1,False,True
AKAP6,viperturb_00.npz,38,38,1,1,False,True
AKAP9,viperturb_00.npz,107,107,1,1,False,True
AKIRIN1,viperturb_00.npz,13,13,1,1,True,True
AKIRIN2,viperturb_00.npz,11,11,1,1,False,True
AKR1C3,viperturb_00.npz,22,22,1,1,False,True
AKR7A2,viperturb_00.npz,50,50,1,1,False,True
AKR7A3,viperturb_00.npz,23,23,1,1,False,False
AKT2,viperturb_00.npz,91,91,1,1,True,True
AKT3,viperturb_00.npz,50,50,1,1,False,True
AKTIP,viperturb_00.npz,36,36,1,1,False,True
ALAS1,viperturb_00.npz,44,44,1,1,False,True
ALDH18A1,viperturb_00.npz,22,22,1,1,False,True
ALDH1A2,viperturb_00.npz,95,95,1,1,False,True
ALDH1L2,viperturb_00.npz,62,62,1,1,False,True
ALDH3A2,viperturb_00.npz,50,50,1,1,False,True
ALDH4A1,viperturb_00.npz,51,51,1,1,False,True
ALDH9A1,viperturb_00.npz,78,78,1,1,False,True
ALG1,viperturb_00.npz,54,54,1,1,False,True
ALG14,viperturb_00.npz,84,84,1,1,False,True
ALG1L,viperturb_00.npz,44,44,1,1,False,True
ALG2,viperturb_00.npz,23,23,1,1,False,True
ALK,viperturb_00.npz,51,51,1,1,False,True
ALKBH1,viperturb_00.npz,23,23,1,1,False,True
ALKBH2,viperturb_00.npz,46,46,1,1,False,True
ALKBH3,viperturb_00.npz,26,26,1,1,False,True
ALKBH7,viperturb_00.npz,50,50,1,1,False,True
ALKBH8,viperturb_00.npz,64,64,1,1,False,True
ALLC,viperturb_00.npz,14,14,1,1,False,True
ALOX15B,viperturb_00.npz,50,50,1,1,False,True
ALOX5,viperturb_00.npz,34,34,1,1,False,True
ALOX5AP,viperturb_00.npz,43,43,1,1,False,True
ALPI,viperturb_00.npz,57,57,1,1,False,True
ALPL,viperturb_00.npz,41,41,1,1,False,True
ALS2,viperturb_00.npz,31,31,1,1,False,True
ALS2CL,viperturb_00.npz,74,74,1,1,False,True
ALX1,viperturb_00.npz,84,84,1,1,False,True
ALX3,viperturb_00.npz,49,49,1,1,False,True
AMBRA1,viperturb_00.npz,35,35,1,1,False,True
AMDHD1,viperturb_00.npz,12,12,1,1,False,True
AMER1,viperturb_00.npz,77,77,1,1,False,True
AMHR2,viperturb_00.npz,30,30,1,1,False,True
AMIGO1,viperturb_00.npz,70,70,1,1,False,True
AMN,viperturb_00.npz,80,80,1,1,False,True
AMN1,viperturb_00.npz,77,77,1,1,False,True
AMOTL2,viperturb_00.npz,101,101,1,1,False,True
AMPD3,viperturb_00.npz,17,17,1,1,False,True
AMTN,viperturb_00.npz,37,37,1,1,False,True
AMY2B,viperturb_00.npz,31,31,1,1,False,True
ANAPC15,viperturb_00.npz,36,36,1,1,False,True
ANGPT1,viperturb_00.npz,66,66,1,1,False,True
ANGPTL5,viperturb_00.npz,68,68,1,1,False,True
ANK1,viperturb_00.npz,60,60,1,1,False,True
ANK2,viperturb_00.npz,61,61,1,1,False,True
ANKDD1A,viperturb_00.npz,70,70,1,1,False,True
ANKFY1,viperturb_00.npz,67,67,1,1,False,True
ANKHD1,viperturb_00.npz,32,32,1,1,False,True
ANKMY2,viperturb_00.npz,42,42,1,1,False,True
ANKRA2,viperturb_00.npz,55,55,1,1,False,True
ANKRD10,viperturb_00.npz,100,100,1,1,False,True
ANKRD11,viperturb_00.npz,79,79,1,1,False,True
ANKRD17,viperturb_00.npz,62,62,1,1,False,True
ANKRD22,viperturb_00.npz,29,29,1,1,False,True
ANKRD27,viperturb_00.npz,72,72,1,1,False,True
ANKRD28,,0,9,1,0,False,True
ANKRD29,viperturb_00.npz,51,51,1,1,False,True
ANKRD30A,viperturb_00.npz,38,38,1,1,False,True
ANKRD31,viperturb_00.npz,33,33,1,1,False,True
ANKRD37,viperturb_00.npz,46,46,1,1,False,True
ANKRD40,viperturb_00.npz,41,41,1,1,False,True
ANKRD42,viperturb_00.npz,44,44,1,1,False,True
ANKRD44,viperturb_00.npz,24,24,1,1,False,True
ANKRD49,viperturb_00.npz,68,68,1,1,False,True
ANKRD50,viperturb_00.npz,43,43,1,1,False,True
ANKRD52,viperturb_00.npz,43,43,1,1,True,True
ANKRD53,viperturb_00.npz,79,79,1,1,False,True
ANKS1A,viperturb_00.npz,48,48,1,1,False,True
ANKS1B,viperturb_00.npz,73,73,1,1,False,True
ANKS4B,viperturb_00.npz,44,44,1,1,False,True
ANO1,viperturb_00.npz,37,37,1,1,False,True
ANO5,viperturb_00.npz,25,25,1,1,False,True
ANO6,viperturb_00.npz,44,44,1,1,False,True
ANO7,viperturb_00.npz,56,56,1,1,False,False
ANO8,viperturb_00.npz,39,39,1,1,False,True
ANOS1,viperturb_00.npz,72,72,1,1,False,True
ANP32B,viperturb_00.npz,49,49,1,1,True,True
ANP32C,viperturb_00.npz,82,82,1,1,False,False
ANP32D,viperturb_00.npz,27,27,1,1,False,True
ANP32E,viperturb_00.npz,69,69,1,1,False,True
ANTXR1,viperturb_00.npz,49,49,1,1,False,True
ANTXRL,viperturb_00.npz,72,72,1,1,False,True
ANXA10,viperturb_00.npz,47,47,1,1,False,True
ANXA11,viperturb_00.npz,86,86,1,1,False,True
ANXA13,viperturb_00.npz,39,39,1,1,False,True
ANXA2R,viperturb_00.npz,30,30,1,1,False,True
ANXA6,viperturb_00.npz,39,39,1,1,False,True
AOAH,viperturb_00.npz,20,20,1,1,False,True
AOX1,viperturb_00.npz,28,28,1,1,False,True
AP1S3,viperturb_00.npz,71,71,1,1,False,True
AP2A1,viperturb_00.npz,45,45,1,1,False,True
AP2A2,viperturb_00.npz,29,29,1,1,True,True
AP2B1,viperturb_00.npz,48,48,1,1,False,True
AP2M1,viperturb_00.npz,49,49,1,1,False,True
AP2S1,viperturb_00.npz,45,45,1,1,False,True
AP3B1,viperturb_00.npz,27,27,1,1,False,True
AP4B1,viperturb_00.npz,21,21,1,1,False,True
AP4S1,viperturb_00.npz,37,37,1,1,False,True
APC,viperturb_00.npz,28,28,1,1,False,True
APCS,viperturb_00.npz,24,24,1,1,False,True
APELA,viperturb_00.npz,39,39,1,1,False,True
API5,viperturb_00.npz,74,74,1,1,True,True
APIP,viperturb_00.npz,52,52,1,1,False,True
APLF,viperturb_00.npz,22,22,1,1,False,True
APLNR,viperturb_00.npz,40,40,1,1,False,True
APLP2,viperturb_00.npz,30,30,1,1,False,True
APOA4,viperturb_00.npz,18,18,1,1,False,True
APOA5,viperturb_00.npz,47,47,1,1,False,True
APOBEC3D,viperturb_00.npz,51,51,1,1,False,True
APOBEC3G,viperturb_00.npz,62,62,1,1,False,True
APOC3,viperturb_00.npz,36,36,1,1,False,True
APOD,viperturb_00.npz,65,65,1,1,False,True
APOL5,viperturb_00.npz,11,11,1,1,False,True
APOOL,viperturb_00.npz,71,71,1,1,False,True
APOPT1,viperturb_00.npz,25,25,1,1,False,False
APPL2,viperturb_00.npz,21,21,1,1,False,True
AQP10,viperturb_00.npz,40,40,1,1,False,True
AQP5,viperturb_00.npz,47,47,1,1,False,True
AQP6,viperturb_00.npz,22,22,1,1,False,True
AQP7,viperturb_00.npz,40,40,1,1,False,True
AR,viperturb_00.npz,31,31,1,1,False,True
ARAF,viperturb_00.npz,58,58,1,1,False,True
ARAP1,viperturb_00.npz,72,72,1,1,False,True
ARCN1,,0,7,1,0,False,True
AREL1,viperturb_00.npz,30,30,1,1,False,True
ARF1,viperturb_00.npz,22,22,1,1,False,True
ARF4,viperturb_00.npz,25,25,1,1,False,True
ARF5,viperturb_00.npz,56,56,1,1,False,True
ARFIP1,viperturb_00.npz,40,40,1,1,False,True
ARFIP2,viperturb_00.npz,54,54,1,1,False,True
ARG1,viperturb_00.npz,39,39,1,1,False,True
ARG2,viperturb_00.npz,71,71,1,1,False,True
ARGLU1,viperturb_00.npz,44,44,1,1,False,True
ARHGAP18,viperturb_00.npz,55,55,1,1,False,True
ARHGAP22,viperturb_00.npz,35,35,1,1,False,True
ARHGAP23,viperturb_00.npz,42,42,1,1,False,True
ARHGAP26,viperturb_00.npz,77,77,1,1,False,True
ARHGAP30,viperturb_00.npz,28,28,1,1,False,True
ARHGAP36,viperturb_00.npz,52,52,1,1,False,True
ARHGAP40,viperturb_00.npz,70,70,1,1,False,True
ARHGAP42,viperturb_00.npz,50,50,1,1,False,True
ARHGAP6,viperturb_00.npz,72,72,1,1,False,True
ARHGAP8,viperturb_00.npz,29,29,1,1,False,True
ARHGDIG,viperturb_00.npz,30,30,1,1,False,True
ARHGEF10L,viperturb_00.npz,50,50,1,1,False,True
ARHGEF11,viperturb_00.npz,35,35,1,1,False,True
ARHGEF15,viperturb_00.npz,34,34,1,1,False,True
ARHGEF26,viperturb_00.npz,64,64,1,1,False,True
ARHGEF28,viperturb_00.npz,55,55,1,1,False,True
ARHGEF33,viperturb_00.npz,34,34,1,1,False,True
ARHGEF40,viperturb_00.npz,40,40,1,1,False,True
ARHGEF5,viperturb_00.npz,56,56,1,1,False,True
ARHGEF9,viperturb_00.npz,15,15,1,1,False,True
ARID1A,viperturb_00.npz,116,116,1,1,False,True
ARID1B,viperturb_00.npz,37,37,1,1,False,True
ARID2,viperturb_00.npz,30,30,1,1,False,True
ARID3A,viperturb_00.npz,29,29,1,1,False,True
ARID3B,,0,6,1,0,False,True
ARID4B,viperturb_00.npz,47,47,1,1,False,True
ARID5A,viperturb_00.npz,48,48,1,1,False,True
ARIH1,viperturb_00.npz,25,25,1,1,False,True
ARIH2OS,viperturb_00.npz,40,40,1,1,False,True
ARL14EP,viperturb_00.npz,68,68,1,1,True,True
ARL14EPL,viperturb_00.npz,50,50,1,1,False,True
ARL17A,viperturb_00.npz,54,54,1,1,False,True
ARL4A,viperturb_00.npz,70,70,1,1,False,True
ARL6IP4,viperturb_00.npz,34,34,1,1,False,True
ARL6IP5,viperturb_00.npz,33,33,1,1,False,True
ARL6IP6,viperturb_00.npz,78,78,1,1,False,True
ARL8A,viperturb_00.npz,11,11,1,1,False,True
ARL9,viperturb_00.npz,47,47,1,1,False,True
ARMC10,viperturb_00.npz,58,58,1,1,False,True
ARMC5,viperturb_00.npz,37,37,1,1,False,True
ARMC7,viperturb_00.npz,18,18,1,1,False,True
ARMC8,viperturb_00.npz,63,63,1,1,False,True
ARMCX1,viperturb_00.npz,54,54,1,1,False,True
ARMCX3,viperturb_00.npz,19,19,1,1,False,True
ARMCX5,viperturb_00.npz,19,19,1,1,False,True
ARMCX6,viperturb_00.npz,64,64,1,1,False,True
ARMT1,viperturb_00.npz,39,39,1,1,False,True
ARNT2,viperturb_00.npz,69,69,1,1,False,True
ARPC1A,viperturb_00.npz,29,29,1,1,False,True
ARPC4,viperturb_00.npz,26,26,1,1,False,True
ARPP19,viperturb_00.npz,71,71,1,1,False,True
ARRB1,viperturb_00.npz,80,80,1,1,False,True
ARRB2,viperturb_00.npz,35,35,1,1,False,True
ARRDC2,viperturb_00.npz,32,32,1,1,False,True
ARRDC3,viperturb_00.npz,19,19,1,1,False,True
ARRDC4,viperturb_00.npz,70,70,1,1,False,True
ARRDC5,viperturb_00.npz,98,98,1,1,False,True
ARSD,viperturb_00.npz,44,44,1,1,False,True
ARSK,viperturb_00.npz,51,51,1,1,False,True
ART4,viperturb_00.npz,12,12,1,1,False,True
ARVCF,viperturb_00.npz,27,27,1,1,False,True
ARX,viperturb_00.npz,50,50,1,1,False,True
ASAH2,viperturb_00.npz,29,29,1,1,False,True
ASAP3,viperturb_00.npz,59,59,1,1,False,True
ASB13,viperturb_00.npz,56,56,1,1,False,True
ASB2,viperturb_00.npz,71,71,1,1,False,True
ASB9,viperturb_00.npz,31,31,1,1,False,True
ASCC2,viperturb_00.npz,99,99,1,1,True,True
ASCC3,viperturb_00.npz,57,57,1,1,False,True
ASCL2,viperturb_00.npz,32,32,1,1,False,True
ASCL4,viperturb_00.npz,28,28,1,1,False,True
ASCL5,viperturb_00.npz,84,84,1,1,False,True
ASF1B,viperturb_00.npz,45,45,1,1,False,True
ASGR1,viperturb_00.npz,48,48,1,1,False,True
ASH2L,viperturb_00.npz,32,32,1,1,False,True
ASIC2,viperturb_00.npz,46,46,1,1,False,True
ASIC3,viperturb_00.npz,50,50,1,1,False,True
ASIP,,0,8,1,0,False,True
ASNA1,viperturb_00.npz,31,31,1,1,False,False
ASPDH,viperturb_00.npz,87,87,1,1,False,True
ASPH,viperturb_00.npz,118,118,1,1,False,True
ASPHD2,viperturb_00.npz,47,47,1,1,False,True
ASPM,viperturb_00.npz,40,40,1,1,False,True
ASTE1,viperturb_00.npz,30,30,1,1,False,True
ASTL,viperturb_00.npz,17,17,1,1,False,True
ASTN2,viperturb_00.npz,32,32,1,1,False,True
ASXL1,viperturb_00.npz,60,60,1,1,False,True
ASXL2,viperturb_00.npz,46,46,1,1,False,True
ATAD3B,viperturb_00.npz,40,40,1,1,False,True
ATAD5,viperturb_00.npz,23,23,1,1,False,True
ATF1,viperturb_00.npz,81,81,1,1,False,True
ATF4,viperturb_00.npz,30,30,1,1,False,True
ATF7,viperturb_00.npz,17,17,1,1,False,True
ATF7IP,viperturb_00.npz,78,78,1,1,False,True
ATF7IP2,viperturb_00.npz,97,97,1,1,False,True
ATG16L2,viperturb_00.npz,38,38,1,1,False,True
ATG2A,viperturb_00.npz,45,45,1,1,False,True
ATG3,viperturb_00.npz,46,46,1,1,False,True
ATG4B,viperturb_00.npz,79,79,1,1,False,True
ATG5,viperturb_00.npz,38,38,1,1,False,True
ATG9B,viperturb_00.npz,28,28,1,1,False,True
ATOH7,viperturb_00.npz,61,61,1,1,False,True
ATOX1,viperturb_00.npz,73,73,1,1,False,True
ATP10B,viperturb_00.npz,65,65,1,1,False,True
ATP11AUN,viperturb_00.npz,41,41,1,1,False,False
ATP11C,viperturb_00.npz,29,29,1,1,False,True
ATP12A,viperturb_00.npz,32,32,1,1,False,True
ATP13A4,viperturb_00.npz,46,46,1,1,False,True
ATP2A2,viperturb_00.npz,78,78,1,1,False,True
ATP2A3,viperturb_00.npz,60,60,1,1,False,True
ATP2B1,viperturb_00.npz,38,38,1,1,False,True
ATP5A1,viperturb_00.npz,35,35,1,1,False,False
ATP5B,viperturb_00.npz,67,67,1,1,False,False
ATP5E,viperturb_00.npz,41,41,1,1,False,False
ATP5F1,viperturb_00.npz,25,25,1,1,False,False
ATP5G2,viperturb_00.npz,59,59,1,1,False,False
ATP5H,viperturb_00.npz,17,17,1,1,False,False
ATP5J2,viperturb_00.npz,38,38,1,1,False,False
ATP5L,viperturb_00.npz,43,43,1,1,False,False
ATP5L2,viperturb_00.npz,31,31,1,1,False,False
ATP5O,viperturb_00.npz,27,27,1,1,False,False
ATP6AP1L,viperturb_00.npz,57,57,1,1,False,True
ATP6AP2,viperturb_00.npz,37,37,1,1,False,True
ATP6V0A1,viperturb_00.npz,54,54,1,1,False,True
ATP6V0C,viperturb_00.npz,32,32,1,1,False,True
ATP6V0D1,viperturb_00.npz,24,24,1,1,False,True
ATP6V1B2,,0,7,1,0,False,True
ATP6V1C1,viperturb_00.npz,39,39,1,1,False,True
ATP6V1E2,viperturb_00.npz,17,17,1,1,False,True
ATP6V1F,viperturb_00.npz,37,37,1,1,False,True
ATP6V1H,viperturb_00.npz,25,25,1,1,False,True
ATP7B,viperturb_00.npz,29,29,1,1,False,True
ATP8B3,viperturb_00.npz,68,68,1,1,False,True
ATP9A,viperturb_00.npz,73,73,1,1,False,True
ATPAF1,viperturb_00.npz,10,10,1,1,False,True
ATRIP,viperturb_00.npz,47,47,1,1,False,True
ATRNL1,viperturb_00.npz,48,48,1,1,False,True
ATRX,viperturb_00.npz,22,22,1,1,False,True
ATXN1,viperturb_00.npz,63,63,1,1,False,True
ATXN10,viperturb_00.npz,18,18,1,1,False,True
ATXN2L,viperturb_00.npz,32,32,1,1,False,True
ATXN7L2,viperturb_00.npz,69,69,1,1,False,True
ATXN7L3,viperturb_00.npz,41,41,1,1,False,True
AUH,viperturb_00.npz,42,42,1,1,False,True
AURKA,,0,3,1,0,False,True
AURKAIP1,viperturb_00.npz,44,44,1,1,False,True
AVIL,viperturb_00.npz,67,67,1,1,False,True
AVL9,viperturb_00.npz,40,40,1,1,False,True
AVPR1A,viperturb_00.npz,44,44,1,1,False,True
AVPR2,viperturb_00.npz,61,61,1,1,False,True
AWAT1,viperturb_00.npz,90,90,1,1,False,True
AXIN2,viperturb_00.npz,71,71,1,1,False,True
AXL,viperturb_00.npz,21,21,1,1,False,True
AZIN2,viperturb_00.npz,78,78,1,1,False,True
B3GALNT1,viperturb_00.npz,44,44,1,1,False,True
B3GALNT2,viperturb_00.npz,37,37,1,1,False,True
B3GALT1,viperturb_00.npz,35,35,1,1,False,True
B3GALT2,viperturb_00.npz,73,73,1,1,False,True
B3GALT4,viperturb_00.npz,49,49,1,1,False,True
B3GLCT,viperturb_00.npz,34,34,1,1,False,True
B3GNT6,viperturb_00.npz,63,63,1,1,False,True
B3GNT8,viperturb_00.npz,40,40,1,1,False,True
B3GNTL1,viperturb_00.npz,72,72,1,1,False,True
B4GALT1,viperturb_00.npz,41,41,1,1,False,True
B4GALT2,viperturb_00.npz,53,53,1,1,False,True
B4GALT3,viperturb_00.npz,35,35,1,1,False,True
BACH1,viperturb_00.npz,56,56,1,1,False,True
BAG1,viperturb_00.npz,56,56,1,1,False,True
BAG6,viperturb_00.npz,27,27,1,1,False,True
BAGE2,,0,5,1,0,False,False
BAHCC1,viperturb_00.npz,42,42,1,1,False,True
BAIAP2,viperturb_00.npz,48,48,1,1,False,True
BANF2,viperturb_00.npz,32,32,1,1,False,True
BANP,viperturb_00.npz,24,24,1,1,False,True
BAP1,viperturb_00.npz,65,65,1,1,False,True
BARD1,viperturb_00.npz,39,39,1,1,False,True
BARX1,viperturb_00.npz,52,52,1,1,False,True
BATF3,viperturb_00.npz,58,58,1,1,False,True
BAZ1A,viperturb_00.npz,49,49,1,1,False,True
BAZ1B,viperturb_00.npz,46,46,1,1,False,True
BAZ2A,viperturb_00.npz,46,46,1,1,False,True
BAZ2B,viperturb_00.npz,49,49,1,1,False,True
BBC3,viperturb_00.npz,91,91,1,1,False,True
BBIP1,viperturb_00.npz,75,75,1,1,False,True
BBS1,viperturb_00.npz,78,78,1,1,False,True
BBS4,viperturb_00.npz,19,19,1,1,False,True
BBS7,viperturb_00.npz,61,61,1,1,False,True
BCAM,viperturb_00.npz,57,57,1,1,False,True
BCAP29,viperturb_00.npz,25,25,1,1,False,True
BCAR1,viperturb_00.npz,57,57,1,1,False,True
BCAS1,viperturb_00.npz,43,43,1,1,False,False
BCAS2,,0,3,1,0,False,True
BCCIP,viperturb_00.npz,34,34,1,1,False,True
BCHE,viperturb_00.npz,41,41,1,1,False,True
BCKDHA,viperturb_00.npz,49,49,1,1,False,True
BCL10,viperturb_00.npz,62,62,1,1,False,True
BCL2L10,viperturb_00.npz,97,97,1,1,False,True
BCL2L12,viperturb_00.npz,55,55,1,1,False,True
BCL2L14,viperturb_00.npz,28,28,1,1,False,False
BCL7C,viperturb_00.npz,40,40,1,1,True,True
BCO2,viperturb_00.npz,74,74,1,1,False,True
BCS1L,viperturb_00.npz,28,28,1,1,False,True
BDH1,viperturb_00.npz,71,71,1,1,False,True
BDH2,viperturb_00.npz,58,58,1,1,False,True
BDKRB1,viperturb_00.npz,25,25,1,1,False,True
BDKRB2,viperturb_00.npz,41,41,1,1,False,True
BDNF,viperturb_00.npz,13,13,1,1,False,True
BECN1,viperturb_00.npz,27,27,1,1,False,True
BEND3,viperturb_00.npz,86,86,1,1,False,True
BEND4,viperturb_00.npz,39,39,1,1,False,True
BEND6,viperturb_00.npz,62,62,1,1,False,True
BEST4,viperturb_00.npz,29,29,1,1,False,True
BEX4,viperturb_00.npz,36,36,1,1,False,True
BEX5,viperturb_00.npz,40,40,1,1,False,True
BGN,viperturb_00.npz,46,46,1,1,False,True
BHLHE41,viperturb_00.npz,86,86,1,1,False,True
BHMT2,viperturb_00.npz,53,53,1,1,False,True
BICC1,viperturb_00.npz,40,40,1,1,False,True
BICD1,viperturb_00.npz,73,73,1,1,False,True
BICRA,viperturb_00.npz,28,28,1,1,False,True
BID,viperturb_00.npz,43,43,1,1,False,True
BIK,viperturb_00.npz,59,59,1,1,False,True
BIN2,viperturb_00.npz,47,47,1,1,False,True
BIRC6,viperturb_00.npz,28,28,1,1,False,True
BIRC7,viperturb_00.npz,45,45,1,1,False,True
BLCAP,viperturb_00.npz,85,85,1,1,False,True
BLNK,viperturb_00.npz,50,50,1,1,False,True
BLOC1S2,viperturb_00.npz,25,25,1,1,False,True
BLOC1S4,viperturb_00.npz,55,55,1,1,False,True
BLOC1S6,viperturb_00.npz,64,64,1,1,False,True
BLVRA,viperturb_00.npz,44,44,1,1,False,True
BLZF1,viperturb_00.npz,43,43,1,1,False,True
BMF,viperturb_00.npz,16,16,1,1,False,True
BMP1,viperturb_00.npz,72,72,1,1,False,True
BMP15,viperturb_00.npz,39,39,1,1,False,True
BMP4,viperturb_00.npz,44,44,1,1,False,True
BMP8B,viperturb_00.npz,67,67,1,1,False,True
BMPR1A,viperturb_00.npz,50,50,1,1,False,True
BMPR1B,viperturb_00.npz,29,29,1,1,False,True
BNC2,viperturb_00.npz,103,103,1,1,False,True
BNIP2,viperturb_00.npz,45,45,1,1,False,True
BOD1L1,viperturb_00.npz,21,21,1,1,False,True
BOD1L2,viperturb_00.npz,33,33,1,1,False,True
BOLA3,viperturb_00.npz,18,18,1,1,False,True
BOP1,viperturb_00.npz,19,19,1,1,False,True
BORCS8-MEF2B,viperturb_00.npz,73,73,1,1,False,False
BPIFA3,,0,7,1,0,False,True
BPIFB3,viperturb_00.npz,40,40,1,1,False,True
BPNT1,viperturb_00.npz,70,70,1,1,False,True
BPTF,viperturb_00.npz,50,50,1,1,False,True
BRCA1,viperturb_00.npz,52,52,1,1,False,True
BRD1,viperturb_00.npz,75,75,1,1,True,True
BRD4,viperturb_00.npz,84,84,1,1,False,True
BRD8,viperturb_00.npz,12,12,1,1,False,True
BRD9,viperturb_00.npz,46,46,1,1,False,True
BRDT,viperturb_00.npz,48,48,1,1,False,True
BRI3,viperturb_00.npz,32,32,1,1,False,True
BRINP1,viperturb_00.npz,25,25,1,1,False,True
BRINP3,viperturb_00.npz,39,39,1,1,False,True
BRIP1,viperturb_00.npz,14,14,1,1,False,True
BRPF1,viperturb_00.npz,72,72,1,1,True,True
BSG,viperturb_00.npz,29,29,1,1,False,True
BSND,viperturb_00.npz,61,61,1,1,False,True
BST2,viperturb_00.npz,56,56,1,1,False,True
BTAF1,viperturb_00.npz,38,38,1,1,False,True
BTBD1,viperturb_00.npz,32,32,1,1,False,True
BTBD3,viperturb_00.npz,100,100,1,1,False,True
BTBD8,viperturb_00.npz,55,55,1,1,False,True
BTF3,viperturb_00.npz,74,74,1,1,False,True
BTG3,viperturb_00.npz,64,64,1,1,False,True
BTN1A1,viperturb_00.npz,45,45,1,1,False,True
BTNL2,viperturb_00.npz,42,42,1,1,False,True
BTRC,viperturb_00.npz,74,74,1,1,False,True
BUB3,viperturb_00.npz,11,11,1,1,False,True
BUD23,viperturb_00.npz,16,16,1,1,False,True
BUD31,viperturb_00.npz,14,14,1,1,False,True
BYSL,viperturb_00.npz,30,30,1,1,False,True
BZW2,viperturb_00.npz,75,75,1,1,False,True
C10orf111,viperturb_00.npz,29,29,1,1,False,False
C10orf12,viperturb_01.npz,27,27,1,1,False,False
C10orf128,viperturb_01.npz,47,47,1,1,False,False
C10orf131,viperturb_01.npz,33,33,1,1,False,False
C10orf25,viperturb_01.npz,58,58,1,1,False,False
C10orf90,viperturb_01.npz,48,48,1,1,False,True
C10orf95,viperturb_01.npz,70,70,1,1,False,True
C10orf99,viperturb_01.npz,77,77,1,1,False,True
C11orf21,viperturb_01.npz,17,17,1,1,False,True
C11orf42,viperturb_01.npz,46,46,1,1,False,True
C11orf44,viperturb_01.npz,77,77,1,1,False,False
C11orf45,viperturb_01.npz,17,17,1,1,False,True
C11orf52,viperturb_01.npz,48,48,1,1,False,True
C11orf54,viperturb_01.npz,30,30,1,1,False,True
C11orf57,viperturb_01.npz,58,58,1,1,False,False
C11orf70,viperturb_01.npz,47,47,1,1,False,False
C11orf95,viperturb_01.npz,33,33,1,1,False,True
C11orf98,viperturb_01.npz,77,77,1,1,False,True
C12orf42,viperturb_01.npz,84,84,1,1,False,True
C12orf56,viperturb_01.npz,81,81,1,1,False,True
C12orf60,,0,7,1,0,False,True
C12orf66,viperturb_01.npz,46,46,1,1,False,True
C12orf74,viperturb_01.npz,61,61,1,1,False,True
C12orf75,viperturb_01.npz,86,86,1,1,False,True
C12orf80,viperturb_01.npz,52,52,1,1,False,False
C14orf132,viperturb_01.npz,53,53,1,1,False,True
C14orf159,viperturb_01.npz,50,50,1,1,False,False
C14orf166,viperturb_01.npz,26,26,1,1,False,False
C14orf37,viperturb_01.npz,63,63,1,1,False,False
C14orf39,viperturb_01.npz,81,81,1,1,False,True
C15orf38-AP3S2,viperturb_01.npz,37,37,1,1,False,False
C15orf52,viperturb_01.npz,19,19,1,1,False,False
C15orf53,viperturb_01.npz,60,60,1,1,False,False
C15orf61,viperturb_01.npz,52,52,1,1,False,True
C15orf62,viperturb_01.npz,39,39,1,1,False,True
C15orf65,viperturb_01.npz,40,40,1,1,False,True
C16orf54,viperturb_01.npz,76,76,1,1,False,True
C16orf59,viperturb_01.npz,33,33,1,1,False,False
C16orf71,viperturb_01.npz,48,48,1,1,False,True
C16orf72,viperturb_01.npz,50,50,1,1,False,True
C16orf78,viperturb_01.npz,31,31,1,1,False,True
C16orf97,viperturb_01.npz,62,62,1,1,False,False
C17orf100,viperturb_01.npz,45,45,1,1,False,True
C17orf107,viperturb_01.npz,79,79,1,1,False,True
C17orf67,viperturb_01.npz,41,41,1,1,False,True
C17orf75,viperturb_01.npz,65,65,1,1,False,True
C17orf80,viperturb_01.npz,49,49,1,1,False,True
C17orf82,viperturb_01.npz,53,53,1,1,False,False
C18orf21,viperturb_01.npz,47,47,1,1,False,True
C18orf65,viperturb_01.npz,67,67,1,1,False,False
C19orf24,viperturb_01.npz,42,42,1,1,False,False
C19orf25,viperturb_01.npz,17,17,1,1,False,True
C19orf33,viperturb_01.npz,48,48,1,1,False,True
C19orf35,viperturb_01.npz,40,40,1,1,False,False
C19orf38,viperturb_01.npz,45,45,1,1,False,True
C19orf43,viperturb_01.npz,52,52,1,1,False,False
C19orf48,viperturb_01.npz,65,65,1,1,False,True
C19orf53,viperturb_01.npz,52,52,1,1,False,True
C19orf57,viperturb_01.npz,92,92,1,1,False,True
C19orf60,viperturb_01.npz,20,20,1,1,False,False
C19orf68,viperturb_01.npz,34,34,1,1,False,False
C19orf71,viperturb_01.npz,54,54,1,1,False,True
C19orf84,viperturb_01.npz,11,11,1,1,False,True
C1D,viperturb_01.npz,95,95,1,1,False,True
C1QB,viperturb_01.npz,42,42,1,1,False,True
C1QBP,viperturb_01.npz,61,61,1,1,False,True
C1QTNF8,viperturb_01.npz,76,76,1,1,False,True
C1R,viperturb_01.npz,79,79,1,1,False,True
C1orf100,viperturb_01.npz,44,44,1,1,False,True
C1orf131,viperturb_01.npz,39,39,1,1,False,True
C1orf137,viperturb_01.npz,36,36,1,1,False,False
C1orf159,viperturb_01.npz,65,65,1,1,False,True
C1orf168,viperturb_01.npz,58,58,1,1,False,False
C1orf174,viperturb_01.npz,58,58,1,1,False,True
C1orf185,viperturb_01.npz,37,37,1,1,False,True
C1orf194,viperturb_01.npz,63,63,1,1,False,True
C1orf226,viperturb_01.npz,107,107,1,1,False,True
C1orf229,,0,7,1,0,False,False
C1orf27,viperturb_01.npz,69,69,1,1,False,False
C1orf52,viperturb_01.npz,30,30,1,1,False,True
C1orf53,viperturb_01.npz,78,78,1,1,False,True
C1orf64,viperturb_01.npz,31,31,1,1,False,False
C1orf87,viperturb_01.npz,58,58,1,1,False,True
C20orf141,viperturb_01.npz,80,80,1,1,False,True
C20orf144,viperturb_01.npz,68,68,1,1,False,True
C20orf173,viperturb_01.npz,46,46,1,1,False,True
C20orf196,viperturb_01.npz,63,63,1,1,False,False
C20orf197,viperturb_01.npz,42,42,1,1,False,False
C20orf78,viperturb_01.npz,61,61,1,1,False,False
C21orf33,viperturb_01.npz,57,57,1,1,False,False
C21orf59,viperturb_01.npz,63,63,1,1,False,False
C21orf62,viperturb_01.npz,84,84,1,1,False,False
C2CD2,viperturb_01.npz,23,23,1,1,False,True
C2CD2L,viperturb_01.npz,35,35,1,1,False,True
C2CD4B,viperturb_01.npz,66,66,1,1,False,True
C2orf16,viperturb_01.npz,67,67,1,1,False,True
C2orf27A,viperturb_01.npz,59,59,1,1,False,False
C2orf27B,viperturb_01.npz,44,44,1,1,False,False
C2orf40,viperturb_01.npz,20,20,1,1,False,False
C2orf66,viperturb_01.npz,33,33,1,1,False,True
C2orf76,viperturb_01.npz,80,80,1,1,False,True
C2orf81,viperturb_01.npz,91,91,1,1,False,True
C3AR1,viperturb_01.npz,66,66,1,1,False,True
C3orf18,viperturb_01.npz,37,37,1,1,False,True
C3orf22,viperturb_01.npz,43,43,1,1,False,True
C3orf33,viperturb_01.npz,66,66,1,1,False,True
C3orf58,viperturb_01.npz,70,70,1,1,False,False
C3orf79,viperturb_01.npz,52,52,1,1,False,False
C4BPB,viperturb_01.npz,65,65,1,1,False,True
C4orf22,viperturb_01.npz,15,15,1,1,False,False
C4orf32,viperturb_01.npz,28,28,1,1,False,False
C5orf22,viperturb_01.npz,21,21,1,1,True,True
C5orf67,viperturb_01.npz,100,100,1,1,False,True
C6orf201,viperturb_01.npz,67,67,1,1,False,True
C6orf203,viperturb_01.npz,39,39,1,1,False,False
C6orf223,viperturb_01.npz,35,35,1,1,False,True
C6orf47,viperturb_01.npz,79,79,1,1,False,True
C6orf48,viperturb_01.npz,59,59,1,1,False,False
C6orf52,viperturb_01.npz,73,73,1,1,False,True
C6orf58,viperturb_01.npz,55,55,1,1,False,True
C6orf89,viperturb_01.npz,39,39,1,1,False,True
C6orf99,viperturb_01.npz,26,26,1,1,False,False
C7orf33,viperturb_01.npz,41,41,1,1,False,True
C7orf61,viperturb_01.npz,68,68,1,1,False,True
C7orf65,viperturb_01.npz,43,43,1,1,False,False
C7orf76,viperturb_01.npz,33,33,1,1,False,False
C8orf31,viperturb_01.npz,45,45,1,1,False,False
C8orf4,viperturb_01.npz,52,52,1,1,False,False
C8orf44,viperturb_01.npz,45,45,1,1,False,False
C8orf46,viperturb_01.npz,55,55,1,1,False,False
C8orf48,viperturb_01.npz,23,23,1,1,False,True
C8orf82,viperturb_01.npz,46,46,1,1,False,True
C9,viperturb_01.npz,54,54,1,1,False,True
C9orf116,viperturb_01.npz,51,51,1,1,False,True
C9orf129,viperturb_01.npz,67,67,1,1,False,True
C9orf153,viperturb_01.npz,52,52,1,1,False,True
C9orf47,viperturb_01.npz,54,54,1,1,False,False
C9orf50,viperturb_01.npz,54,54,1,1,False,True
C9orf64,viperturb_01.npz,38,38,1,1,False,True
C9orf66,viperturb_01.npz,68,68,1,1,False,False
C9orf85,viperturb_01.npz,24,24,1,1,False,True
C9orf92,viperturb_01.npz,50,50,1,1,False,True
CA10,viperturb_01.npz,45,45,1,1,False,True
CA11,viperturb_01.npz,27,27,1,1,False,True
CA13,viperturb_01.npz,40,40,1,1,False,True
CA8,viperturb_01.npz,43,43,1,1,False,True
CAAP1,viperturb_01.npz,74,74,1,1,False,True
CAB39,viperturb_01.npz,53,53,1,1,False,True
CAB39L,viperturb_01.npz,102,102,1,1,False,True
CABIN1,viperturb_01.npz,91,91,1,1,False,True
CABP1,viperturb_01.npz,46,46,1,1,False,True
CABS1,viperturb_01.npz,40,40,1,1,False,True
CACNA1E,viperturb_01.npz,31,31,1,1,False,True
CACNA1G,viperturb_01.npz,65,65,1,1,False,True
CACNB2,viperturb_01.npz,20,20,1,1,False,True
CACNG1,viperturb_01.npz,88,88,1,1,False,True
CACNG2,viperturb_01.npz,15,15,1,1,False,True
CACNG4,viperturb_01.npz,24,24,1,1,False,True
CACNG7,viperturb_01.npz,51,51,1,1,False,True
CACNG8,viperturb_01.npz,63,63,1,1,False,True
CACYBP,viperturb_01.npz,35,35,1,1,False,False
CADM4,viperturb_01.npz,101,101,1,1,False,True
CADPS,viperturb_01.npz,86,86,1,1,False,True
CADPS2,viperturb_01.npz,41,41,1,1,False,True
CAGE1,viperturb_01.npz,21,21,1,1,False,True
CALCOCO1,viperturb_01.npz,75,75,1,1,False,True
CALM2,viperturb_01.npz,66,66,1,1,False,True
CALM3,viperturb_01.npz,60,60,1,1,False,True
CALML4,viperturb_01.npz,48,48,1,1,False,True
CALR,viperturb_01.npz,49,49,1,1,False,True
CALR3,viperturb_01.npz,72,72,1,1,False,True
CAMK1,viperturb_01.npz,55,55,1,1,False,True
CAMK2A,viperturb_01.npz,80,80,1,1,False,True
CAMK2N2,viperturb_01.npz,28,28,1,1,False,True
CAMLG,viperturb_01.npz,39,39,1,1,False,True
CAMP,viperturb_01.npz,86,86,1,1,False,True
CAMSAP2,viperturb_01.npz,50,50,1,1,False,True
CAND1,viperturb_01.npz,95,95,1,1,True,True
CANX,viperturb_01.npz,21,21,1,1,False,True
CAP1,viperturb_01.npz,64,64,1,1,False,True
CAPG,viperturb_01.npz,44,44,1,1,False,True
CAPN11,viperturb_01.npz,86,86,1,1,False,True
CAPN14,viperturb_01.npz,18,18,1,1,False,True
CAPN15,viperturb_01.npz,44,44,1,1,False,True
CAPN5,viperturb_01.npz,44,44,1,1,False,True
CAPN7,viperturb_01.npz,50,50,1,1,False,True
CAPS,viperturb_01.npz,43,43,1,1,False,True
CAPS2,viperturb_01.npz,97,97,1,1,False,True
CAPZA2,viperturb_01.npz,23,23,1,1,False,True
CARD9,viperturb_01.npz,35,35,1,1,False,True
CARM1,viperturb_01.npz,24,24,1,1,True,True
CARMIL2,viperturb_01.npz,50,50,1,1,False,True
CASC3,viperturb_01.npz,50,50,1,1,False,True
CASKIN1,viperturb_01.npz,58,58,1,1,False,True
CASP14,viperturb_01.npz,42,42,1,1,False,True
CASP5,viperturb_01.npz,80,80,1,1,False,True
CASP9,viperturb_01.npz,97,97,1,1,False,True
CAST,viperturb_01.npz,68,68,1,1,False,True
CASTOR2,viperturb_01.npz,39,39,1,1,False,True
CAT,viperturb_01.npz,57,57,1,1,True,True
CATSPER2,viperturb_01.npz,96,96,1,1,False,True
CATSPER4,viperturb_01.npz,59,59,1,1,False,True
CATSPERB,viperturb_01.npz,50,50,1,1,False,True
CATSPERD,viperturb_01.npz,89,89,1,1,False,True
CATSPERZ,viperturb_01.npz,37,37,1,1,False,True
CAV1,viperturb_01.npz,21,21,1,1,False,True
CAV3,viperturb_01.npz,27,27,1,1,False,False
CAVIN2,viperturb_01.npz,49,49,1,1,False,True
CBFB,viperturb_01.npz,56,56,1,1,False,True
CBL,viperturb_01.npz,46,46,1,1,False,True
CBLB,viperturb_01.npz,45,45,1,1,False,True
CBLL1,viperturb_01.npz,58,58,1,1,False,True
CBLN2,viperturb_01.npz,30,30,1,1,False,True
CBR1,viperturb_01.npz,22,22,1,1,False,True
CBS,viperturb_01.npz,73,73,1,1,False,True
CBWD7,viperturb_01.npz,22,22,1,1,False,False
CBX1,viperturb_01.npz,64,64,1,1,False,True
CBX2,viperturb_01.npz,31,31,1,1,False,True
CBX3,viperturb_01.npz,51,51,1,1,False,True
CBX5,viperturb_01.npz,42,42,1,1,False,True
CC2D2A,viperturb_01.npz,59,59,1,1,False,True
CCAR1,viperturb_01.npz,26,26,1,1,False,True
CCAR2,viperturb_01.npz,54,54,1,1,False,True
CCDC102A,viperturb_01.npz,48,48,1,1,False,True
CCDC102B,viperturb_01.npz,34,34,1,1,False,True
CCDC105,viperturb_01.npz,79,79,1,1,False,True
CCDC112,viperturb_01.npz,44,44,1,1,True,True
CCDC115,viperturb_01.npz,55,55,1,1,False,True
CCDC121,viperturb_01.npz,30,30,1,1,False,True
CCDC126,viperturb_01.npz,59,59,1,1,False,True
CCDC134,viperturb_01.npz,22,22,1,1,False,True
CCDC137,viperturb_01.npz,63,63,1,1,False,True
CCDC138,viperturb_01.npz,80,80,1,1,False,True
CCDC140,viperturb_01.npz,21,21,1,1,False,True
CCDC142,viperturb_01.npz,32,32,1,1,False,True
CCDC144A,viperturb_01.npz,74,74,1,1,False,True
CCDC146,viperturb_01.npz,60,60,1,1,False,True
CCDC148,viperturb_01.npz,93,93,1,1,False,True
CCDC152,viperturb_01.npz,55,55,1,1,False,True
CCDC166,viperturb_01.npz,31,31,1,1,False,True
CCDC169,viperturb_01.npz,20,20,1,1,False,True
CCDC171,viperturb_01.npz,73,73,1,1,False,True
CCDC173,viperturb_01.npz,20,20,1,1,False,True
CCDC174,viperturb_01.npz,25,25,1,1,False,True
CCDC22,viperturb_01.npz,94,94,1,1,False,True
CCDC24,viperturb_01.npz,30,30,1,1,False,True
CCDC28A,viperturb_01.npz,69,69,1,1,False,True
CCDC3,viperturb_01.npz,34,34,1,1,False,True
CCDC33,viperturb_01.npz,22,22,1,1,False,True
CCDC39,viperturb_01.npz,60,60,1,1,False,True
CCDC42,viperturb_01.npz,81,81,1,1,False,True
CCDC43,viperturb_01.npz,19,19,1,1,False,True
CCDC6,viperturb_01.npz,44,44,1,1,False,True
CCDC60,viperturb_01.npz,23,23,1,1,False,True
CCDC61,viperturb_01.npz,49,49,1,1,False,True
CCDC63,viperturb_01.npz,41,41,1,1,False,True
CCDC65,viperturb_01.npz,55,55,1,1,False,True
CCDC66,viperturb_01.npz,38,38,1,1,False,True
CCDC70,viperturb_01.npz,53,53,1,1,False,True
CCDC71L,viperturb_01.npz,60,60,1,1,False,True
CCDC73,viperturb_01.npz,45,45,1,1,False,True
CCDC8,viperturb_01.npz,56,56,1,1,False,True
CCDC83,viperturb_01.npz,19,19,1,1,False,True
CCDC84,viperturb_01.npz,16,16,1,1,False,True
CCDC87,viperturb_01.npz,44,44,1,1,False,True
CCDC88A,viperturb_01.npz,20,20,1,1,False,True
CCDC92,viperturb_01.npz,48,48,1,1,False,True
CCER2,viperturb_01.npz,55,55,1,1,False,True
CCL11,viperturb_01.npz,47,47,1,1,False,True
CCL14,viperturb_01.npz,20,20,1,1,False,True
CCL20,viperturb_01.npz,24,24,1,1,False,True
CCL26,viperturb_01.npz,22,22,1,1,False,True
CCL27,viperturb_01.npz,35,35,1,1,False,True
CCL3L3,viperturb_01.npz,29,29,1,1,False,False
CCNA1,viperturb_01.npz,39,39,1,1,False,True
CCNC,viperturb_01.npz,60,60,1,1,False,True
CCND1,viperturb_01.npz,64,64,1,1,False,True
CCND3,viperturb_01.npz,34,34,1,1,False,True
CCNF,viperturb_01.npz,47,47,1,1,False,True
CCNG2,viperturb_01.npz,38,38,1,1,False,True
CCNI,viperturb_01.npz,38,38,1,1,False,True
CCNI2,viperturb_01.npz,21,21,1,1,False,True
CCNJ,viperturb_01.npz,45,45,1,1,False,True
CCNK,viperturb_01.npz,43,43,1,1,False,True
CCNL1,viperturb_01.npz,27,27,1,1,False,True
CCNL2,viperturb_01.npz,58,58,1,1,False,True
CCNT1,viperturb_01.npz,55,55,1,1,False,True
CCNT2,viperturb_01.npz,23,23,1,1,False,True
CCNY,viperturb_01.npz,13,13,1,1,False,True
CCPG1,viperturb_01.npz,43,43,1,1,False,True
CCR1,viperturb_01.npz,107,107,1,1,False,True
CCR3,viperturb_01.npz,50,50,1,1,False,True
CCR5,viperturb_01.npz,45,45,1,1,False,True
CCR6,viperturb_01.npz,67,67,1,1,False,True
CCR7,viperturb_01.npz,34,34,1,1,False,True
CCR8,viperturb_01.npz,45,45,1,1,False,True
CCRL2,viperturb_01.npz,32,32,1,1,False,True
CCT5,viperturb_01.npz,20,20,1,1,False,True
CCT6A,viperturb_01.npz,17,17,1,1,False,True
CCT7,,0,8,1,0,False,False
CCT8,,0,8,1,0,False,True
CCZ1,viperturb_01.npz,89,89,1,1,False,True
CD101,viperturb_01.npz,45,45,1,1,False,True
CD109,viperturb_01.npz,39,39,1,1,False,True
CD151,viperturb_01.npz,91,91,1,1,False,True
CD163L1,viperturb_01.npz,37,37,1,1,False,True
CD177,viperturb_01.npz,13,13,1,1,False,True
CD19,viperturb_01.npz,42,42,1,1,False,True
CD200,viperturb_01.npz,35,35,1,1,False,True
CD247,viperturb_01.npz,43,43,1,1,False,True
CD27,viperturb_01.npz,84,84,1,1,False,True
CD2BP2,viperturb_01.npz,49,49,1,1,False,True
CD36,viperturb_01.npz,29,29,1,1,False,True
CD3D,viperturb_01.npz,44,44,1,1,False,True
CD3EAP,viperturb_01.npz,39,39,1,1,False,True
CD4,viperturb_01.npz,74,74,1,1,False,True
CD44,viperturb_01.npz,52,52,1,1,False,True
CD55,viperturb_01.npz,83,83,1,1,False,True
CD59,viperturb_01.npz,35,35,1,1,False,True
CD6,viperturb_01.npz,26,26,1,1,False,True
CD63,viperturb_01.npz,69,69,1,1,False,True
CD69,viperturb_01.npz,36,36,1,1,False,True
CD70,viperturb_01.npz,71,71,1,1,False,True
CD74,viperturb_01.npz,40,40,1,1,False,True
CD79B,viperturb_01.npz,82,82,1,1,False,True
CD82,viperturb_01.npz,40,40,1,1,False,True
CD84,viperturb_01.npz,61,61,1,1,False,True
CD96,viperturb_01.npz,38,38,1,1,False,True
CDA,viperturb_01.npz,77,77,1,1,False,True
CDC123,viperturb_01.npz,48,48,1,1,False,True
CDC14A,viperturb_01.npz,70,70,1,1,False,True
CDC14B,viperturb_01.npz,41,41,1,1,False,True
CDC16,viperturb_01.npz,14,14,1,1,False,True
CDC20,viperturb_01.npz,14,14,1,1,False,True
CDC20B,viperturb_01.npz,69,69,1,1,False,True
CDC25B,viperturb_01.npz,49,49,1,1,False,True
CDC27,viperturb_01.npz,20,20,1,1,False,True
CDC42,viperturb_01.npz,19,19,1,1,False,False
CDC42EP2,viperturb_01.npz,73,73,1,1,False,True
CDC42EP3,viperturb_01.npz,28,28,1,1,False,True
CDC6,viperturb_01.npz,24,24,1,1,False,True
CDC7,viperturb_01.npz,11,11,1,1,False,True
CDC73,viperturb_01.npz,18,18,1,1,False,True
CDCA7L,viperturb_01.npz,37,37,1,1,False,True
CDH12,viperturb_01.npz,39,39,1,1,False,True
CDH16,viperturb_01.npz,62,62,1,1,False,True
CDH2,viperturb_01.npz,22,22,1,1,False,True
CDH22,viperturb_01.npz,76,76,1,1,False,True
CDH26,viperturb_01.npz,71,71,1,1,False,True
CDH3,viperturb_01.npz,72,72,1,1,False,True
CDH6,viperturb_01.npz,79,79,1,1,False,True
CDHR2,viperturb_01.npz,54,54,1,1,False,True
CDK1,viperturb_01.npz,20,20,1,1,False,True
CDK11B,viperturb_01.npz,58,58,1,1,False,True
CDK12,viperturb_01.npz,37,37,1,1,False,True
CDK13,viperturb_01.npz,41,41,1,1,False,True
CDK14,viperturb_01.npz,30,30,1,1,False,True
CDK18,viperturb_01.npz,43,43,1,1,False,True
CDK2,viperturb_01.npz,35,35,1,1,False,True
CDK2AP2,viperturb_01.npz,39,39,1,1,False,True
CDK3,viperturb_01.npz,44,44,1,1,False,True
CDK4,viperturb_01.npz,58,58,1,1,False,True
CDK5R2,viperturb_01.npz,77,77,1,1,False,True
CDK5RAP1,viperturb_01.npz,46,46,1,1,False,True
CDK6,viperturb_01.npz,49,49,1,1,False,True
CDK7,viperturb_01.npz,21,21,1,1,False,True
CDK8,viperturb_01.npz,31,31,1,1,True,True
CDK9,viperturb_01.npz,25,25,1,1,False,True
CDKL2,viperturb_01.npz,55,55,1,1,False,True
CDKN2AIP,viperturb_01.npz,48,48,1,1,False,True
CDKN2AIPNL,viperturb_01.npz,64,64,1,1,False,True
CDNF,viperturb_01.npz,65,65,1,1,False,True
CDO1,viperturb_01.npz,76,76,1,1,False,True
CDON,viperturb_01.npz,57,57,1,1,False,True
CDR1,viperturb_01.npz,59,59,1,1,False,True
CDR2L,viperturb_01.npz,69,69,1,1,False,True
CDRT15L2,viperturb_01.npz,68,68,1,1,False,True
CDS1,viperturb_01.npz,51,51,1,1,False,True
CDS2,viperturb_01.npz,39,39,1,1,False,True
CDX1,viperturb_01.npz,43,43,1,1,False,True
CDX2,viperturb_01.npz,65,65,1,1,False,True
CDY1,viperturb_01.npz,42,42,1,1,False,False
CDYL,viperturb_01.npz,57,57,1,1,False,True
CEACAM4,viperturb_01.npz,60,60,1,1,False,True
CEACAM5,viperturb_01.npz,105,105,1,1,False,True
CEACAM8,viperturb_01.npz,26,26,1,1,False,True
CEBPA,viperturb_01.npz,34,34,1,1,False,True
CEBPB,viperturb_01.npz,67,67,1,1,False,True
CEBPD,viperturb_01.npz,29,29,1,1,False,True
CEBPG,viperturb_01.npz,119,119,1,1,False,True
CEBPZ,viperturb_01.npz,13,13,1,1,False,True
CEL,viperturb_01.npz,73,73,1,1,False,True
CELA2A,viperturb_01.npz,22,22,1,1,False,True
CELA2B,viperturb_01.npz,26,26,1,1,False,True
CELA3B,viperturb_01.npz,61,61,1,1,False,True
CELF3,viperturb_01.npz,50,50,1,1,False,True
CELSR3,viperturb_01.npz,39,39,1,1,False,True
CEND1,viperturb_01.npz,59,59,1,1,False,True
CENPBD1,viperturb_01.npz,66,66,1,1,False,True
CENPC,viperturb_01.npz,37,37,1,1,False,True
CENPF,viperturb_01.npz,59,59,1,1,False,True
CENPM,viperturb_01.npz,34,34,1,1,False,True
CENPP,viperturb_01.npz,77,77,1,1,False,True
CENPQ,viperturb_01.npz,48,48,1,1,False,True
CENPV,viperturb_01.npz,39,39,1,1,False,True
CEP120,viperturb_01.npz,37,37,1,1,False,True
CEP126,viperturb_01.npz,63,63,1,1,False,True
CEP19,viperturb_01.npz,60,60,1,1,False,True
CEP192,viperturb_01.npz,30,30,1,1,False,True
CEP295NL,viperturb_01.npz,63,63,1,1,False,True
CEP350,viperturb_01.npz,41,41,1,1,False,True
CEP41,viperturb_01.npz,50,50,1,1,False,True
CEP44,viperturb_01.npz,19,19,1,1,False,True
CEP57,viperturb_01.npz,40,40,1,1,False,True
CEP68,viperturb_01.npz,56,56,1,1,False,True
CEP76,viperturb_01.npz,58,58,1,1,False,True
CEP83,viperturb_01.npz,66,66,1,1,False,True
CEP95,viperturb_01.npz,24,24,1,1,False,True
CERS2,viperturb_01.npz,51,51,1,1,False,True
CERS4,viperturb_01.npz,64,64,1,1,False,True
CERS6,viperturb_01.npz,34,34,1,1,False,True
CES2,viperturb_01.npz,43,43,1,1,False,True
CES5A,viperturb_01.npz,78,78,1,1,False,True
CETN1,viperturb_01.npz,63,63,1,1,False,True
CETN2,viperturb_01.npz,82,82,1,1,False,True
CETN3,viperturb_01.npz,114,114,1,1,False,True
CFAP126,viperturb_01.npz,42,42,1,1,False,True
CFAP20,viperturb_01.npz,28,28,1,1,False,True
CFAP43,viperturb_01.npz,41,41,1,1,False,True
CFAP44,viperturb_01.npz,63,63,1,1,False,True
CFAP52,viperturb_01.npz,50,50,1,1,False,True
CFAP53,viperturb_01.npz,35,35,1,1,False,True
CFAP57,viperturb_01.npz,16,16,1,1,False,True
CFAP58,viperturb_01.npz,56,56,1,1,False,True
CFAP70,viperturb_01.npz,18,18,1,1,False,True
CFB,viperturb_01.npz,52,52,1,1,False,True
CFC1,viperturb_01.npz,43,43,1,1,False,True
CFDP1,viperturb_01.npz,31,31,1,1,False,True
CFHR4,viperturb_01.npz,117,117,1,1,False,True
CFL1,viperturb_01.npz,36,36,1,1,False,True
CFLAR,viperturb_01.npz,115,115,1,1,False,True
CFTR,viperturb_01.npz,33,33,1,1,False,True
CGB5,viperturb_01.npz,57,57,1,1,False,True
CGB7,viperturb_01.npz,53,53,1,1,False,True
CGB8,viperturb_01.npz,20,20,1,1,False,False
CGGBP1,viperturb_01.npz,52,52,1,1,False,True
CGREF1,viperturb_01.npz,28,28,1,1,False,True
CHAC2,viperturb_01.npz,33,33,1,1,False,True
CHAF1A,viperturb_01.npz,10,10,1,1,False,True
CHAF1B,,0,4,1,0,False,True
CHAMP1,viperturb_01.npz,70,70,1,1,False,True
CHCHD1,viperturb_01.npz,53,53,1,1,False,True
CHCHD10,viperturb_01.npz,63,63,1,1,False,True
CHCHD5,viperturb_01.npz,89,89,1,1,False,True
CHCHD6,viperturb_01.npz,56,56,1,1,False,True
CHCHD7,viperturb_01.npz,36,36,1,1,False,True
CHD1,viperturb_01.npz,56,56,1,1,False,True
CHD1L,viperturb_01.npz,45,45,1,1,False,False
CHD3,viperturb_01.npz,34,34,1,1,True,True
CHD4,viperturb_01.npz,36,36,1,1,False,True
CHD5,viperturb_01.npz,46,46,1,1,False,True
CHD8,viperturb_01.npz,12,12,1,1,False,True
CHDH,viperturb_01.npz,68,68,1,1,False,True
CHEK2,viperturb_01.npz,37,37,1,1,False,True
CHERP,viperturb_01.npz,60,60,1,1,False,True
CHI3L2,viperturb_01.npz,29,29,1,1,False,True
CHIC2,viperturb_01.npz,36,36,1,1,False,True
CHKA,viperturb_01.npz,17,17,1,1,False,True
CHKB,viperturb_01.npz,82,82,1,1,True,True
CHML,viperturb_01.npz,41,41,1,1,False,True
CHMP2A,viperturb_01.npz,24,24,1,1,False,True
CHMP3,viperturb_01.npz,18,18,1,1,False,True
CHMP4A,viperturb_01.npz,54,54,1,1,False,True
CHMP4B,viperturb_01.npz,34,34,1,1,False,True
CHMP5,viperturb_01.npz,33,33,1,1,False,True
CHMP6,viperturb_01.npz,41,41,1,1,False,True
CHN1,viperturb_01.npz,41,41,1,1,False,True
CHODL,viperturb_01.npz,53,53,1,1,False,True
CHORDC1,viperturb_01.npz,24,24,1,1,False,True
CHP2,viperturb_01.npz,16,16,1,1,False,True
CHPF,viperturb_01.npz,62,62,1,1,False,True
CHPF2,viperturb_01.npz,51,51,1,1,False,True
CHPT1,viperturb_01.npz,57,57,1,1,False,True
CHRFAM7A,viperturb_01.npz,46,46,1,1,False,True
CHRM4,viperturb_01.npz,60,60,1,1,False,False
CHRM5,viperturb_01.npz,47,47,1,1,False,True
CHRNA1,viperturb_01.npz,28,28,1,1,False,True
CHRNA7,viperturb_01.npz,68,68,1,1,False,True
CHST1,viperturb_01.npz,53,53,1,1,False,True
CHST12,viperturb_01.npz,44,44,1,1,False,True
CHST15,viperturb_01.npz,36,36,1,1,False,True
CHST5,viperturb_01.npz,10,10,1,1,False,True
CHST9,viperturb_01.npz,62,62,1,1,False,True
CHSY1,viperturb_01.npz,48,48,1,1,False,True
CHTF18,viperturb_01.npz,13,13,1,1,False,True
CHTF8,viperturb_01.npz,30,30,1,1,False,True
CHTOP,viperturb_01.npz,47,47,1,1,False,True
CIAPIN1,viperturb_01.npz,13,13,1,1,False,True
CIB4,viperturb_01.npz,69,69,1,1,False,True
CIC,viperturb_01.npz,67,67,1,1,False,True
CIDEA,viperturb_01.npz,61,61,1,1,False,True
CIDEC,viperturb_01.npz,68,68,1,1,False,True
CILP2,viperturb_01.npz,54,54,1,1,False,True
CINP,viperturb_01.npz,25,25,1,1,False,True
CIR1,viperturb_01.npz,80,80,1,1,False,True
CIRBP,viperturb_01.npz,41,41,1,1,False,True
CISD2,viperturb_01.npz,49,49,1,1,False,True
CIZ1,viperturb_01.npz,34,34,1,1,False,True
CKS1B,viperturb_01.npz,32,32,1,1,False,True
CLASP1,viperturb_01.npz,42,42,1,1,False,True
CLASRP,viperturb_01.npz,16,16,1,1,False,True
CLC,viperturb_01.npz,55,55,1,1,False,True
CLCA1,viperturb_01.npz,73,73,1,1,False,True
CLCF1,viperturb_01.npz,57,57,1,1,False,True
CLCN3,viperturb_01.npz,59,59,1,1,False,True
CLCN4,viperturb_01.npz,35,35,1,1,False,True
CLCN6,viperturb_01.npz,47,47,1,1,True,True
CLDN1,viperturb_01.npz,28,28,1,1,False,True
CLDN14,viperturb_01.npz,43,43,1,1,False,True
CLDN17,viperturb_01.npz,78,78,1,1,False,True
CLDN25,viperturb_01.npz,31,31,1,1,False,True
CLDN34,viperturb_01.npz,64,64,1,1,False,True
CLDN4,viperturb_01.npz,49,49,1,1,False,True
CLDN5,viperturb_01.npz,30,30,1,1,False,True
CLDN6,viperturb_01.npz,29,29,1,1,False,True
CLDN9,viperturb_01.npz,93,93,1,1,False,True
CLDND1,viperturb_01.npz,66,66,1,1,False,True
CLEC12B,viperturb_01.npz,46,46,1,1,False,True
CLEC14A,viperturb_01.npz,40,40,1,1,False,True
CLEC18C,viperturb_01.npz,27,27,1,1,False,True
CLEC19A,viperturb_01.npz,44,44,1,1,False,True
CLEC1A,viperturb_01.npz,66,66,1,1,False,True
CLEC2A,viperturb_01.npz,19,19,1,1,False,True
CLEC3A,viperturb_01.npz,73,73,1,1,False,True
CLEC9A,viperturb_01.npz,79,79,1,1,False,True
CLECL1,viperturb_01.npz,55,55,1,1,False,True
CLIC1,viperturb_01.npz,15,15,1,1,False,True
CLIC5,viperturb_01.npz,64,64,1,1,False,True
CLIP1,viperturb_01.npz,58,58,1,1,False,True
CLIP2,viperturb_01.npz,81,81,1,1,False,True
CLIP3,viperturb_01.npz,63,63,1,1,False,True
CLK3,viperturb_01.npz,44,44,1,1,False,True
CLLU1OS,viperturb_01.npz,41,41,1,1,False,True
CLMP,viperturb_01.npz,103,103,1,1,False,True
CLN5,viperturb_01.npz,50,50,1,1,False,True
CLNK,viperturb_01.npz,93,93,1,1,False,True
CLNS1A,viperturb_01.npz,49,49,1,1,False,True
CLSPN,viperturb_01.npz,18,18,1,1,False,True
CLSTN2,viperturb_01.npz,52,52,1,1,False,True
CLTA,viperturb_01.npz,34,34,1,1,False,True
CLU,viperturb_01.npz,53,53,1,1,False,True
CLUL1,viperturb_01.npz,49,49,1,1,False,True
CMC2,viperturb_01.npz,29,29,1,1,False,True
CMIP,viperturb_01.npz,13,13,1,1,False,True
CMPK1,viperturb_01.npz,39,39,1,1,False,True
CMTM1,viperturb_01.npz,32,32,1,1,False,True
CMTM2,viperturb_01.npz,88,88,1,1,False,True
CMTM3,viperturb_01.npz,64,64,1,1,False,True
CMTM7,viperturb_01.npz,41,41,1,1,False,True
CMTR1,viperturb_01.npz,40,40,1,1,False,True
CMTR2,viperturb_01.npz,37,37,1,1,False,True
CMYA5,viperturb_01.npz,40,40,1,1,False,True
CNBP,viperturb_01.npz,52,52,1,1,False,True
CNDP1,viperturb_01.npz,36,36,1,1,False,True
CNEP1R1,viperturb_01.npz,95,95,1,1,False,True
CNIH1,viperturb_01.npz,45,45,1,1,False,True
CNIH4,viperturb_01.npz,28,28,1,1,False,True
CNKSR2,viperturb_01.npz,93,93,1,1,False,True
CNKSR3,viperturb_01.npz,35,35,1,1,False,True
CNN2,viperturb_01.npz,55,55,1,1,False,True
CNNM1,viperturb_01.npz,26,26,1,1,False,True
CNNM3,viperturb_01.npz,17,17,1,1,False,True
CNNM4,viperturb_01.npz,27,27,1,1,False,True
CNOT1,,0,8,1,0,False,True
CNOT10,viperturb_01.npz,41,41,1,1,False,True
CNOT11,viperturb_01.npz,34,34,1,1,False,True
CNOT2,viperturb_01.npz,52,52,1,1,False,True
CNOT3,viperturb_01.npz,27,27,1,1,False,True
CNOT4,viperturb_01.npz,53,53,1,1,False,True
CNOT9,viperturb_01.npz,29,29,1,1,False,True
CNP,viperturb_01.npz,37,37,1,1,False,True
CNST,viperturb_01.npz,41,41,1,1,False,True
CNTD1,viperturb_01.npz,46,46,1,1,False,True
CNTFR,viperturb_01.npz,38,38,1,1,False,True
CNTLN,viperturb_01.npz,60,60,1,1,False,True
CNTN1,viperturb_01.npz,66,66,1,1,False,True
CNTN5,viperturb_01.npz,63,63,1,1,False,True
CNTN6,viperturb_01.npz,37,37,1,1,False,True
CNTNAP1,viperturb_01.npz,107,107,1,1,False,True
CNTNAP5,viperturb_01.npz,41,41,1,1,False,True
COA1,viperturb_01.npz,73,73,1,1,False,True
COA4,viperturb_01.npz,35,35,1,1,False,True
COA5,viperturb_01.npz,37,37,1,1,False,True
COA7,viperturb_01.npz,32,32,1,1,False,True
COBLL1,viperturb_01.npz,33,33,1,1,False,True
COCH,viperturb_01.npz,72,72,1,1,False,True
COG4,viperturb_01.npz,22,22,1,1,False,True
COG7,viperturb_01.npz,44,44,1,1,False,True
COG8,viperturb_01.npz,16,16,1,1,False,True
COIL,viperturb_01.npz,43,43,1,1,True,True
COL12A1,viperturb_01.npz,40,40,1,1,False,True
COL16A1,viperturb_02.npz,68,68,1,1,False,True
COL1A1,viperturb_02.npz,52,52,1,1,False,True
COL20A1,viperturb_02.npz,43,43,1,1,False,True
COL25A1,viperturb_02.npz,26,26,1,1,False,True
COL26A1,viperturb_02.npz,41,41,1,1,False,True
COL28A1,viperturb_02.npz,40,40,1,1,False,True
COL2A1,viperturb_02.npz,54,54,1,1,False,True
COL4A1,viperturb_02.npz,36,36,1,1,False,True
COL4A2-AS2,viperturb_02.npz,60,60,1,1,False,False
COL4A3BP,viperturb_02.npz,56,56,1,1,False,False
COL6A1,viperturb_02.npz,83,83,1,1,False,True
COL6A2,viperturb_02.npz,71,71,1,1,False,True
COL6A5,viperturb_02.npz,34,34,1,1,False,True
COL6A6,viperturb_02.npz,27,27,1,1,False,True
COL8A1,viperturb_02.npz,63,63,1,1,False,True
COL9A2,viperturb_02.npz,50,50,1,1,False,True
COLEC12,viperturb_02.npz,63,63,1,1,False,True
COLGALT2,viperturb_02.npz,28,28,1,1,False,True
COMMD2,viperturb_02.npz,37,37,1,1,False,True
COMMD3,viperturb_02.npz,76,76,1,1,False,True
COMMD8,viperturb_02.npz,94,94,1,1,True,True
COPB2,viperturb_02.npz,20,20,1,1,False,True
COPG1,viperturb_02.npz,62,62,1,1,False,True
COPS4,,0,9,1,0,False,True
COPS5,viperturb_02.npz,43,43,1,1,False,True
COPS8,viperturb_02.npz,25,25,1,1,False,True
COPS9,viperturb_02.npz,123,123,1,1,False,True
COPZ2,viperturb_02.npz,63,63,1,1,False,True
COQ2,viperturb_02.npz,66,66,1,1,False,True
COQ4,viperturb_02.npz,116,116,1,1,False,True
COQ9,viperturb_02.npz,63,63,1,1,False,True
CORIN,viperturb_02.npz,49,49,1,1,False,True
CORO1B,viperturb_02.npz,30,30,1,1,False,True
COX17,viperturb_02.npz,54,54,1,1,False,True
COX19,viperturb_02.npz,54,54,1,1,False,True
COX20,viperturb_02.npz,68,68,1,1,False,True
COX4I1,viperturb_02.npz,33,33,1,1,False,True
COX4I2,viperturb_02.npz,20,20,1,1,False,True
COX5A,viperturb_02.npz,19,19,1,1,False,False
COX6A1,viperturb_02.npz,36,36,1,1,False,True
COX6A2,viperturb_02.npz,72,72,1,1,False,True
COX6C,viperturb_02.npz,28,28,1,1,False,True
COX7A2,viperturb_02.npz,41,41,1,1,False,True
COX7A2L,viperturb_02.npz,120,120,1,1,False,True
COX7B,viperturb_02.npz,26,26,1,1,False,True
COX7C,viperturb_02.npz,41,41,1,1,False,True
COX8A,viperturb_02.npz,74,74,1,1,False,True
CPB1,viperturb_02.npz,58,58,1,1,False,True
CPB2,viperturb_02.npz,52,52,1,1,False,True
CPEB1,viperturb_02.npz,48,48,1,1,False,True
CPEB4,viperturb_02.npz,71,71,1,1,False,True
CPED1,viperturb_02.npz,32,32,1,1,False,True
CPLX2,viperturb_02.npz,36,36,1,1,False,True
CPN1,viperturb_02.npz,29,29,1,1,False,True
CPNE1,viperturb_02.npz,51,51,1,1,False,True
CPNE4,viperturb_02.npz,37,37,1,1,False,True
CPNE6,viperturb_02.npz,77,77,1,1,False,True
CPOX,viperturb_02.npz,54,54,1,1,False,True
CPQ,viperturb_02.npz,48,48,1,1,False,True
CPSF1,viperturb_02.npz,26,26,1,1,False,True
CPSF2,,0,5,1,0,False,True
CPSF3,viperturb_02.npz,15,15,1,1,False,True
CPSF4,viperturb_02.npz,15,15,1,1,False,True
CPSF4L,viperturb_02.npz,88,88,1,1,False,True
CPSF6,viperturb_02.npz,56,56,1,1,False,True
CPSF7,viperturb_02.npz,34,34,1,1,False,True
CPT1A,viperturb_02.npz,44,44,1,1,False,True
CPT1B,viperturb_02.npz,32,32,1,1,False,True
CPZ,viperturb_02.npz,47,47,1,1,False,True
CR1L,viperturb_02.npz,56,56,1,1,False,True
CR2,viperturb_02.npz,41,41,1,1,False,True
CRACR2A,viperturb_02.npz,34,34,1,1,False,True
CRAMP1,viperturb_02.npz,60,60,1,1,False,True
CREB5,viperturb_02.npz,43,43,1,1,False,True
CREG1,viperturb_02.npz,38,38,1,1,False,True
CREG2,viperturb_02.npz,64,64,1,1,False,True
CRELD1,viperturb_02.npz,57,57,1,1,False,True
CRELD2,viperturb_02.npz,119,119,1,1,False,True
CRIM1,viperturb_02.npz,13,13,1,1,False,True
CRISPLD2,viperturb_02.npz,35,35,1,1,False,True
CRLS1,viperturb_02.npz,36,36,1,1,False,True
CROCC,viperturb_02.npz,21,21,1,1,False,True
CROT,viperturb_02.npz,53,53,1,1,False,True
CRTAC1,viperturb_02.npz,112,112,1,1,False,True
CRTC2,viperturb_02.npz,40,40,1,1,False,True
CRY1,viperturb_02.npz,38,38,1,1,False,True
CRYAB,viperturb_02.npz,74,74,1,1,False,True
CRYBA4,viperturb_02.npz,62,62,1,1,False,True
CRYBB3,viperturb_02.npz,69,69,1,1,False,True
CRYBG2,viperturb_02.npz,34,34,1,1,False,True
CRYGA,viperturb_02.npz,52,52,1,1,False,True
CRYL1,viperturb_02.npz,63,63,1,1,False,True
CRYZL1,viperturb_02.npz,47,47,1,1,False,True
CSAD,viperturb_02.npz,50,50,1,1,False,True
CSDC2,viperturb_02.npz,38,38,1,1,False,True
CSDE1,viperturb_02.npz,90,90,1,1,False,True
CSF1,viperturb_02.npz,41,41,1,1,False,True
CSF2RA,viperturb_02.npz,55,55,1,1,False,True
CSF3R,viperturb_02.npz,40,40,1,1,False,True
CSH1,viperturb_02.npz,24,24,1,1,False,True
CSHL1,viperturb_02.npz,52,52,1,1,False,True
CSNK1A1,viperturb_02.npz,19,19,1,1,False,True
CSNK1D,viperturb_02.npz,78,78,1,1,False,True
CSNK1E,viperturb_02.npz,66,66,1,1,False,True
CSNK1G1,viperturb_02.npz,15,15,1,1,False,True
CSNK1G3,viperturb_02.npz,62,62,1,1,False,True
CSNK2B,viperturb_02.npz,39,39,1,1,False,True
CSPG5,viperturb_02.npz,21,21,1,1,False,True
CSRNP1,viperturb_02.npz,26,26,1,1,False,True
CSRNP2,viperturb_02.npz,42,42,1,1,False,True
CSRP1,viperturb_02.npz,17,17,1,1,False,True
CSRP2,viperturb_02.npz,26,26,1,1,False,True
CST1,viperturb_02.npz,62,62,1,1,False,True
CST11,viperturb_02.npz,28,28,1,1,False,True
CSTA,viperturb_02.npz,27,27,1,1,False,True
CSTF2,viperturb_02.npz,47,47,1,1,False,True
CSTF2T,viperturb_02.npz,90,90,1,1,False,True
CSTF3,viperturb_02.npz,32,32,1,1,False,True
CT45A1,viperturb_02.npz,37,37,1,1,False,False
CT47A11,viperturb_02.npz,77,77,1,1,False,False
CT47B1,viperturb_02.npz,38,38,1,1,False,True
CT55,viperturb_02.npz,68,68,1,1,False,True
CT83,viperturb_02.npz,69,69,1,1,False,True
CTAG1B,viperturb_02.npz,35,35,1,1,False,False
CTAGE1,viperturb_02.npz,47,47,1,1,False,True
CTAGE8,viperturb_02.npz,55,55,1,1,False,False
CTBP1,viperturb_02.npz,60,60,1,1,False,False
CTC1,viperturb_02.npz,67,67,1,1,False,True
CTCF,viperturb_02.npz,73,73,1,1,False,True
CTDP1,viperturb_02.npz,37,37,1,1,False,True
CTDSP2,viperturb_02.npz,79,79,1,1,False,True
CTDSPL,viperturb_02.npz,42,42,1,1,False,True
CTDSPL2,viperturb_02.npz,24,24,1,1,False,True
CTGF,viperturb_02.npz,53,53,1,1,False,False
CTHRC1,viperturb_02.npz,41,41,1,1,False,True
CTNNA3,viperturb_02.npz,87,87,1,1,False,True
CTNNAL1,viperturb_02.npz,22,22,1,1,False,True
CTNNB1,viperturb_02.npz,30,30,1,1,False,True
CTNNBL1,viperturb_02.npz,38,38,1,1,False,True
CTNND1,viperturb_02.npz,53,53,1,1,False,True
CTPS1,viperturb_02.npz,21,21,1,1,False,True
CTPS2,viperturb_02.npz,36,36,1,1,False,True
CTRB1,viperturb_02.npz,63,63,1,1,False,True
CTRB2,viperturb_02.npz,50,50,1,1,False,True
CTRL,viperturb_02.npz,66,66,1,1,False,True
CTSE,viperturb_02.npz,26,26,1,1,False,True
CTSF,viperturb_02.npz,74,74,1,1,False,True
CTSG,viperturb_02.npz,26,26,1,1,False,True
CTSH,viperturb_02.npz,30,30,1,1,False,True
CTTNBP2NL,viperturb_02.npz,59,59,1,1,False,True
CTU2,viperturb_02.npz,33,33,1,1,False,True
CTXN2,viperturb_02.npz,32,32,1,1,False,True
CUBN,viperturb_02.npz,28,28,1,1,False,True
CUL1,viperturb_02.npz,53,53,1,1,False,True
CUL2,viperturb_02.npz,63,63,1,1,False,True
CUL3,viperturb_02.npz,45,45,1,1,False,True
CUL4B,viperturb_02.npz,17,17,1,1,False,True
CUX2,viperturb_02.npz,54,54,1,1,False,True
CUZD1,viperturb_02.npz,42,42,1,1,False,True
CWC25,viperturb_02.npz,40,40,1,1,False,True
CWF19L1,viperturb_02.npz,19,19,1,1,False,True
CXCL12,viperturb_02.npz,77,77,1,1,False,True
CXCL14,viperturb_02.npz,49,49,1,1,False,True
CXCL16,viperturb_02.npz,59,59,1,1,False,True
CXCL3,viperturb_02.npz,45,45,1,1,False,True
CXCL5,viperturb_02.npz,35,35,1,1,False,True
CXCL8,viperturb_02.npz,27,27,1,1,False,True
CXCR1,viperturb_02.npz,40,40,1,1,False,True
CXXC1,viperturb_02.npz,20,20,1,1,False,True
CXXC5,viperturb_02.npz,77,77,1,1,False,True
CYB5A,viperturb_02.npz,84,84,1,1,False,True
CYB5B,viperturb_02.npz,37,37,1,1,False,True
CYB5R4,viperturb_02.npz,39,39,1,1,False,True
CYB5RL,viperturb_02.npz,33,33,1,1,False,True
CYBB,viperturb_02.npz,72,72,1,1,False,True
CYC1,viperturb_02.npz,44,44,1,1,False,True
CYCS,viperturb_02.npz,60,60,1,1,False,True
CYFIP1,viperturb_02.npz,78,78,1,1,False,True
CYLC2,viperturb_02.npz,11,11,1,1,False,True
CYP11B1,viperturb_02.npz,49,49,1,1,False,True
CYP19A1,viperturb_02.npz,51,51,1,1,False,True
CYP1A1,viperturb_02.npz,44,44,1,1,False,True
CYP1A2,viperturb_02.npz,23,23,1,1,False,True
CYP21A2,viperturb_02.npz,58,58,1,1,False,True
CYP24A1,viperturb_02.npz,53,53,1,1,False,True
CYP2A13,viperturb_02.npz,61,61,1,1,False,True
CYP2C18,viperturb_02.npz,51,51,1,1,False,True
CYP2C9,viperturb_02.npz,43,43,1,1,False,True
CYP2E1,viperturb_02.npz,95,95,1,1,False,True
CYP2S1,viperturb_02.npz,34,34,1,1,False,True
CYP2W1,viperturb_02.npz,62,62,1,1,False,True
CYP4A22,viperturb_02.npz,55,55,1,1,False,True
CYP4F12,viperturb_02.npz,59,59,1,1,False,True
CYP4V2,viperturb_02.npz,53,53,1,1,False,True
CYP4X1,viperturb_02.npz,30,30,1,1,False,True
CYP7B1,viperturb_02.npz,87,87,1,1,False,True
CYP8B1,viperturb_02.npz,92,92,1,1,False,True
CYS1,viperturb_02.npz,40,40,1,1,False,True
CYSLTR1,viperturb_02.npz,72,72,1,1,False,True
CYSLTR2,viperturb_02.npz,56,56,1,1,False,True
CYTIP,viperturb_02.npz,73,73,1,1,False,True
DAB2,viperturb_02.npz,56,56,1,1,False,True
DACT1,,0,6,1,0,False,True
DAD1,viperturb_02.npz,28,28,1,1,False,True
DAOA,viperturb_02.npz,51,51,1,1,False,True
DAP3,viperturb_02.npz,58,58,1,1,False,True
DARS,viperturb_02.npz,22,22,1,1,False,True
DAXX,viperturb_02.npz,57,57,1,1,False,True
DAZAP1,viperturb_02.npz,18,18,1,1,False,True
DBF4,viperturb_02.npz,36,36,1,1,False,True
DBNDD2,viperturb_02.npz,79,79,1,1,False,True
DCAF1,viperturb_02.npz,16,16,1,1,False,True
DCAF10,viperturb_02.npz,23,23,1,1,False,True
DCAF12,viperturb_02.npz,62,62,1,1,False,True
DCAF12L1,viperturb_02.npz,35,35,1,1,False,True
DCAF12L2,viperturb_02.npz,26,26,1,1,False,True
DCAF15,viperturb_02.npz,54,54,1,1,False,True
DCAF16,viperturb_02.npz,81,81,1,1,True,True
DCAF4,viperturb_02.npz,88,88,1,1,False,True
DCAF7,viperturb_02.npz,33,33,1,1,False,True
DCAKD,viperturb_02.npz,39,39,1,1,False,True
DCBLD2,viperturb_02.npz,19,19,1,1,False,True
DCC,viperturb_02.npz,99,99,1,1,False,True
DCDC1,viperturb_02.npz,52,52,1,1,False,True
DCDC2C,viperturb_02.npz,84,84,1,1,False,True
DCDC5,viperturb_02.npz,39,39,1,1,False,False
DCHS1,viperturb_02.npz,64,64,1,1,False,True
DCHS2,viperturb_02.npz,77,77,1,1,False,True
DCLK2,viperturb_02.npz,46,46,1,1,False,True
DCN,viperturb_02.npz,67,67,1,1,False,True
DCP1A,viperturb_02.npz,43,43,1,1,False,True
DCP2,viperturb_02.npz,40,40,1,1,True,True
DCPS,viperturb_02.npz,89,89,1,1,False,True
DCT,viperturb_02.npz,58,58,1,1,False,True
DCTN2,viperturb_02.npz,26,26,1,1,False,True
DCTN4,viperturb_02.npz,17,17,1,1,False,True
DCUN1D3,viperturb_02.npz,37,37,1,1,False,True
DCUN1D4,viperturb_02.npz,63,63,1,1,False,True
DCUN1D5,viperturb_02.npz,36,36,1,1,False,True
DDA1,viperturb_02.npz,41,41,1,1,False,True
DDAH2,viperturb_02.npz,40,40,1,1,False,True
DDB1,,0,5,1,0,False,True
DDB2,viperturb_02.npz,32,32,1,1,False,True
DDC,viperturb_02.npz,88,88,1,1,False,True
DDHD1,viperturb_02.npz,72,72,1,1,True,True
DDI1,viperturb_02.npz,58,58,1,1,False,True
DDIT4,viperturb_02.npz,77,77,1,1,False,True
DDIT4L,viperturb_02.npz,37,37,1,1,False,True
DDN,viperturb_02.npz,15,15,1,1,False,True
DDO,viperturb_02.npz,42,42,1,1,False,True
DDRGK1,viperturb_02.npz,43,43,1,1,False,True
DDT,viperturb_02.npz,66,66,1,1,False,True
DDX1,viperturb_02.npz,58,58,1,1,False,True
DDX17,viperturb_02.npz,77,77,1,1,False,True
DDX19A,viperturb_02.npz,30,30,1,1,False,True
DDX20,viperturb_02.npz,18,18,1,1,False,True
DDX21,viperturb_02.npz,14,14,1,1,False,True
DDX23,viperturb_02.npz,18,18,1,1,False,True
DDX24,viperturb_02.npz,10,10,1,1,False,True
DDX27,viperturb_02.npz,12,12,1,1,False,True
DDX41,viperturb_02.npz,15,15,1,1,False,True
DDX42,viperturb_02.npz,26,26,1,1,False,True
DDX5,viperturb_02.npz,33,33,1,1,False,True
DDX51,viperturb_02.npz,22,22,1,1,False,True
DDX53,viperturb_02.npz,20,20,1,1,False,True
DDX54,viperturb_02.npz,24,24,1,1,False,True
DDX55,viperturb_02.npz,39,39,1,1,False,True
DDX56,viperturb_02.npz,35,35,1,1,False,True
DDX58,viperturb_02.npz,39,39,1,1,False,True
DDX59,viperturb_02.npz,12,12,1,1,False,True
DDX6,,0,9,1,0,False,True
DDX60,viperturb_02.npz,62,62,1,1,False,True
DEF8,viperturb_02.npz,110,110,1,1,False,True
DEFA3,viperturb_02.npz,29,29,1,1,False,True
DEFA4,viperturb_02.npz,21,21,1,1,False,True
DEFA5,viperturb_02.npz,62,62,1,1,False,True
DEFA6,viperturb_02.npz,52,52,1,1,False,True
DEFB103B,viperturb_02.npz,51,51,1,1,False,False
DEFB104B,viperturb_02.npz,37,37,1,1,False,False
DEFB118,viperturb_02.npz,60,60,1,1,False,True
DEFB123,viperturb_02.npz,43,43,1,1,False,True
DEFB124,viperturb_02.npz,59,59,1,1,False,True
DEFB125,viperturb_02.npz,75,75,1,1,False,True
DEFB126,viperturb_02.npz,34,34,1,1,False,True
DEFB128,viperturb_02.npz,44,44,1,1,False,True
DEFB130,viperturb_02.npz,71,71,1,1,False,False
DEFB132,viperturb_02.npz,66,66,1,1,False,True
DEFB135,viperturb_02.npz,55,55,1,1,False,True
DENND1A,viperturb_02.npz,45,45,1,1,False,True
DENND2A,viperturb_02.npz,30,30,1,1,False,True
DENND4A,viperturb_02.npz,32,32,1,1,False,True
DENND6A,viperturb_02.npz,39,39,1,1,False,True
DENND6B,viperturb_02.npz,53,53,1,1,False,True
DENR,viperturb_02.npz,41,41,1,1,False,True
DEPDC4,viperturb_02.npz,55,55,1,1,False,True
DEPDC7,viperturb_02.npz,45,45,1,1,False,True
DES,viperturb_02.npz,29,29,1,1,False,True
DESI1,viperturb_02.npz,52,52,1,1,False,True
DET1,viperturb_02.npz,50,50,1,1,False,True
DEXI,viperturb_02.npz,46,46,1,1,False,True
DFFB,viperturb_02.npz,76,76,1,1,False,True
DGAT1,viperturb_02.npz,57,57,1,1,False,True
DGAT2,viperturb_02.npz,40,40,1,1,False,True
DGCR6,viperturb_02.npz,42,42,1,1,False,True
DGCR8,viperturb_02.npz,25,25,1,1,False,True
DGKH,viperturb_02.npz,56,56,1,1,False,True
DGKZ,viperturb_02.npz,26,26,1,1,False,True
DHCR7,viperturb_02.npz,46,46,1,1,False,True
DHDDS,viperturb_02.npz,16,16,1,1,False,True
DHFR,viperturb_02.npz,38,38,1,1,False,True
DHFR2,viperturb_02.npz,64,64,1,1,False,True
DHH,viperturb_02.npz,39,39,1,1,False,True
DHODH,viperturb_02.npz,13,13,1,1,False,True
DHRS1,viperturb_02.npz,36,36,1,1,True,True
DHRS2,viperturb_02.npz,31,31,1,1,False,True
DHRS4L1,viperturb_02.npz,32,32,1,1,False,False
DHX15,viperturb_02.npz,15,15,1,1,False,True
DHX29,viperturb_02.npz,48,48,1,1,False,True
DHX30,viperturb_02.npz,43,43,1,1,False,True
DHX32,viperturb_02.npz,79,79,1,1,False,True
DHX36,viperturb_02.npz,39,39,1,1,False,True
DHX38,viperturb_02.npz,46,46,1,1,False,True
DHX40,viperturb_02.npz,79,79,1,1,False,True
DHX8,viperturb_02.npz,15,15,1,1,False,True
DIABLO,viperturb_02.npz,45,45,1,1,False,False
DIAPH1,viperturb_02.npz,48,48,1,1,False,True
DIAPH3,viperturb_02.npz,48,48,1,1,False,True
DICER1,viperturb_02.npz,32,32,1,1,False,True
DIDO1,viperturb_02.npz,54,54,1,1,False,True
DIP2C,viperturb_02.npz,36,36,1,1,False,True
DIRAS1,viperturb_02.npz,45,45,1,1,False,True
DIRAS3,viperturb_02.npz,55,55,1,1,False,True
DIS3,,0,5,1,0,False,True
DIS3L2,viperturb_02.npz,36,36,1,1,False,True
DKC1,viperturb_02.npz,17,17,1,1,False,True
DKK1,viperturb_02.npz,51,51,1,1,False,True
DKK2,viperturb_02.npz,30,30,1,1,False,True
DKK3,viperturb_02.npz,88,88,1,1,False,True
DLAT,viperturb_02.npz,64,64,1,1,True,True
DLD,viperturb_02.npz,41,41,1,1,False,True
DLG1,viperturb_02.npz,68,68,1,1,False,True
DLG5,viperturb_02.npz,37,37,1,1,False,True
DLGAP2,viperturb_02.npz,46,46,1,1,False,True
DLK2,viperturb_02.npz,51,51,1,1,False,True
DLL1,viperturb_02.npz,55,55,1,1,False,True
DLL3,viperturb_02.npz,26,26,1,1,False,True
DLST,viperturb_02.npz,14,14,1,1,False,True
DLX1,viperturb_02.npz,79,79,1,1,False,True
DLX2,viperturb_02.npz,33,33,1,1,False,True
DLX6,viperturb_02.npz,40,40,1,1,False,True
DMGDH,viperturb_02.npz,62,62,1,1,False,True
DMRT3,viperturb_02.npz,32,32,1,1,False,True
DMRTA2,viperturb_02.npz,44,44,1,1,False,True
DMXL2,viperturb_02.npz,42,42,1,1,False,True
DNAAF2,viperturb_02.npz,53,53,1,1,False,True
DNAH12,viperturb_02.npz,43,43,1,1,False,True
DNAH3,viperturb_02.npz,49,49,1,1,False,True
DNAI1,viperturb_02.npz,86,86,1,1,False,True
DNAJA1,viperturb_02.npz,34,34,1,1,False,True
DNAJA2,viperturb_02.npz,29,29,1,1,False,True
DNAJB1,viperturb_02.npz,33,33,1,1,False,True
DNAJB11,viperturb_02.npz,43,43,1,1,False,True
DNAJB4,viperturb_02.npz,28,28,1,1,False,True
DNAJC1,viperturb_02.npz,22,22,1,1,False,True
DNAJC12,viperturb_02.npz,59,59,1,1,False,True
DNAJC13,viperturb_02.npz,37,37,1,1,False,True
DNAJC15,viperturb_02.npz,32,32,1,1,False,True
DNAJC18,viperturb_02.npz,91,91,1,1,False,True
DNAJC2,viperturb_02.npz,30,30,1,1,False,True
DNAJC22,viperturb_02.npz,31,31,1,1,False,True
DNAJC24,viperturb_02.npz,68,68,1,1,False,True
DNAJC28,viperturb_02.npz,23,23,1,1,False,True
DNAJC5G,viperturb_02.npz,60,60,1,1,False,True
DNAJC7,viperturb_02.npz,69,69,1,1,False,True
DNAJC8,viperturb_02.npz,30,30,1,1,False,True
DNAJC9,viperturb_02.npz,40,40,1,1,False,True
DNAL1,viperturb_02.npz,72,72,1,1,False,True
DNASE1,viperturb_02.npz,57,57,1,1,False,True
DNASE1L1,viperturb_02.npz,20,20,1,1,False,True
DNASE1L2,viperturb_02.npz,22,22,1,1,False,True
DNER,viperturb_02.npz,59,59,1,1,False,True
DNHD1,viperturb_02.npz,40,40,1,1,False,True
DNLZ,viperturb_02.npz,76,76,1,1,False,True
DNMT1,viperturb_02.npz,53,53,1,1,False,True
DNMT3L,viperturb_02.npz,70,70,1,1,False,True
DNTTIP1,viperturb_02.npz,31,31,1,1,True,True
DOC2A,viperturb_02.npz,62,62,1,1,False,True
DOC2B,viperturb_02.npz,56,56,1,1,False,True
DOCK1,viperturb_02.npz,29,29,1,1,False,True
DOCK6,viperturb_02.npz,46,46,1,1,False,True
DOHH,viperturb_02.npz,30,30,1,1,False,True
DOK2,viperturb_02.npz,80,80,1,1,False,True
DOK6,viperturb_02.npz,54,54,1,1,False,True
DOLK,viperturb_02.npz,53,53,1,1,False,True
DOPEY1,viperturb_02.npz,53,53,1,1,False,False
DPEP2,viperturb_02.npz,40,40,1,1,False,True
DPF2,viperturb_02.npz,28,28,1,1,False,True
DPF3,viperturb_02.npz,39,39,1,1,False,True
DPH1,viperturb_02.npz,31,31,1,1,False,True
DPH2,viperturb_02.npz,69,69,1,1,False,True
DPH5,viperturb_02.npz,46,46,1,1,False,True
DPH6,viperturb_02.npz,65,65,1,1,False,True
DPM1,viperturb_02.npz,33,33,1,1,False,True
DPM3,viperturb_02.npz,47,47,1,1,False,True
DPP6,viperturb_02.npz,76,76,1,1,False,True
DPP7,viperturb_02.npz,63,63,1,1,False,True
DPRX,viperturb_02.npz,23,23,1,1,False,True
DPT,viperturb_02.npz,50,50,1,1,False,True
DPYS,viperturb_02.npz,52,52,1,1,False,True
DPYSL2,viperturb_02.npz,56,56,1,1,False,True
DPYSL4,viperturb_02.npz,54,54,1,1,False,True
DQX1,viperturb_02.npz,33,33,1,1,False,True
DR1,viperturb_02.npz,45,45,1,1,False,True
DRAP1,viperturb_02.npz,39,39,1,1,False,True
DRICH1,viperturb_02.npz,48,48,1,1,False,True
DROSHA,viperturb_02.npz,68,68,1,1,False,True
DSCC1,viperturb_02.npz,19,19,1,1,False,True
DSCR3,viperturb_02.npz,38,38,1,1,False,False
DSG4,viperturb_02.npz,37,37,1,1,False,True
DSPP,viperturb_02.npz,72,72,1,1,False,True
DSTN,viperturb_02.npz,29,29,1,1,False,True
DTL,viperturb_02.npz,31,31,1,1,False,True
DTNA,viperturb_02.npz,28,28,1,1,False,True
DTNB,viperturb_02.npz,85,85,1,1,False,True
DTX1,viperturb_02.npz,32,32,1,1,False,True
DTX3,viperturb_02.npz,31,31,1,1,False,True
DTX3L,viperturb_02.npz,35,35,1,1,False,True
DTYMK,,0,5,1,0,False,True
DUOXA1,viperturb_02.npz,49,49,1,1,False,True
DUS3L,viperturb_02.npz,64,64,1,1,False,True
DUSP1,viperturb_02.npz,87,87,1,1,False,True
DUSP12,viperturb_02.npz,49,49,1,1,False,True
DUSP15,viperturb_02.npz,57,57,1,1,False,True
DUSP16,viperturb_02.npz,52,52,1,1,False,True
DUSP21,viperturb_02.npz,60,60,1,1,False,True
DUSP6,viperturb_02.npz,38,38,1,1,False,True
DVL2,viperturb_02.npz,73,73,1,1,False,True
DYM,viperturb_02.npz,38,38,1,1,False,True
DYNC1I2,viperturb_02.npz,15,15,1,1,False,True
DYNLL1,viperturb_02.npz,84,84,1,1,False,True
DYNLT1,viperturb_02.npz,17,17,1,1,False,True
DYRK1A,viperturb_02.npz,92,92,1,1,False,True
DYRK4,viperturb_02.npz,70,70,1,1,False,True
DZANK1,viperturb_02.npz,33,33,1,1,False,True
DZIP1,viperturb_02.npz,37,37,1,1,False,True
E2F4,viperturb_02.npz,44,44,1,1,True,True
E2F5,viperturb_02.npz,46,46,1,1,False,True
E2F6,viperturb_02.npz,59,59,1,1,False,True
E2F7,viperturb_02.npz,83,83,1,1,False,True
E2F8,viperturb_02.npz,46,46,1,1,False,True
EAF2,viperturb_02.npz,17,17,1,1,False,True
EAPP,viperturb_02.npz,39,39,1,1,True,True
EARS2,viperturb_02.npz,24,24,1,1,False,True
EBF2,viperturb_02.npz,21,21,1,1,False,True
EBNA1BP2,viperturb_02.npz,33,33,1,1,False,True
EBP,viperturb_02.npz,20,20,1,1,False,True
ECEL1,viperturb_02.npz,36,36,1,1,False,True
ECH1,viperturb_02.npz,17,17,1,1,False,True
ECHDC2,viperturb_02.npz,33,33,1,1,False,True
ECHDC3,viperturb_02.npz,26,26,1,1,False,True
ECHS1,viperturb_02.npz,92,92,1,1,False,True
ECI2,viperturb_02.npz,44,44,1,1,False,True
ECM2,viperturb_02.npz,48,48,1,1,False,True
ECSIT,viperturb_02.npz,45,45,1,1,False,True
ECT2,viperturb_02.npz,13,13,1,1,False,True
ECT2L,viperturb_02.npz,42,42,1,1,False,True
EDC3,viperturb_02.npz,85,85,1,1,False,True
EDC4,viperturb_02.npz,26,26,1,1,False,True
EDEM1,viperturb_02.npz,32,32,1,1,False,True
EDIL3,viperturb_02.npz,38,38,1,1,False,True
EDRF1,viperturb_02.npz,41,41,1,1,False,True
EEF1B2,viperturb_02.npz,73,73,1,1,False,True
EEF1D,viperturb_02.npz,13,13,1,1,False,False
EEF1G,viperturb_02.npz,20,20,1,1,False,True
EEF2,viperturb_02.npz,39,39,1,1,False,True
EFCAB14,viperturb_02.npz,44,44,1,1,False,True
EFCAB6,viperturb_02.npz,21,21,1,1,False,True
EFEMP1,viperturb_02.npz,68,68,1,1,False,True
EFEMP2,viperturb_02.npz,60,60,1,1,False,True
EFHB,viperturb_02.npz,45,45,1,1,False,True
EFHC2,viperturb_02.npz,103,103,1,1,False,True
EFHD1,viperturb_02.npz,30,30,1,1,False,True
EFNA2,viperturb_02.npz,37,37,1,1,False,True
EFNA3,viperturb_02.npz,58,58,1,1,False,True
EFNB1,viperturb_02.npz,54,54,1,1,False,True
EFNB3,viperturb_02.npz,80,80,1,1,False,True
EFR3A,viperturb_02.npz,18,18,1,1,False,True
EFTUD2,,0,7,1,0,False,True
EGLN1,viperturb_02.npz,50,50,1,1,False,True
EGLN3,viperturb_02.npz,60,60,1,1,False,True
EGR1,viperturb_02.npz,72,72,1,1,False,True
EHBP1L1,viperturb_02.npz,74,74,1,1,False,True
EHD2,viperturb_02.npz,42,42,1,1,False,True
EHD3,viperturb_02.npz,29,29,1,1,False,True
EHD4,viperturb_02.npz,15,15,1,1,False,True
EHF,viperturb_02.npz,70,70,1,1,False,True
EHMT1,viperturb_02.npz,40,40,1,1,False,True
EI24,viperturb_02.npz,61,61,1,1,False,True
EID1,viperturb_02.npz,30,30,1,1,False,True
EID2,viperturb_02.npz,43,43,1,1,False,True
EIF1,viperturb_02.npz,71,71,1,1,False,True
EIF1AD,viperturb_02.npz,29,29,1,1,False,True
EIF1AX,viperturb_02.npz,14,14,1,1,False,True
EIF1B,viperturb_02.npz,42,42,1,1,False,True
EIF2AK1,viperturb_02.npz,19,19,1,1,False,True
EIF2AK4,viperturb_02.npz,68,68,1,1,False,True
EIF2B1,viperturb_02.npz,28,28,1,1,False,True
EIF2B3,viperturb_02.npz,24,24,1,1,False,True
EIF2S2,viperturb_02.npz,15,15,1,1,False,True
EIF3A,viperturb_02.npz,21,21,1,1,False,True
EIF3B,,0,4,1,0,False,True
EIF3F,viperturb_02.npz,29,29,1,1,False,True
EIF3H,viperturb_02.npz,37,37,1,1,False,True
EIF3J,viperturb_02.npz,43,43,1,1,False,True
EIF3L,viperturb_02.npz,22,22,1,1,False,True
EIF3M,viperturb_02.npz,28,28,1,1,False,True
EIF4A1,viperturb_02.npz,41,41,1,1,False,True
EIF4A2,viperturb_02.npz,35,35,1,1,False,True
EIF4E,viperturb_02.npz,11,11,1,1,False,True
EIF4EBP1,viperturb_02.npz,56,56,1,1,False,True
EIF4EBP3,viperturb_02.npz,53,53,1,1,False,True
EIF4ENIF1,viperturb_02.npz,50,50,1,1,False,True
EIF4G1,viperturb_02.npz,60,60,1,1,False,True
EIF4G2,viperturb_02.npz,31,31,1,1,False,True
EIF4H,viperturb_02.npz,71,71,1,1,False,True
EIF5,viperturb_02.npz,21,21,1,1,False,True
EIF5A,viperturb_02.npz,17,17,1,1,False,False
EIF5B,,0,8,1,0,False,True
EIF6,viperturb_02.npz,29,29,1,1,False,True
ELAC2,viperturb_02.npz,47,47,1,1,False,True
ELAVL1,viperturb_02.npz,49,49,1,1,False,True
ELAVL2,viperturb_02.npz,75,75,1,1,False,True
ELF4,viperturb_02.npz,31,31,1,1,False,True
ELF5,viperturb_02.npz,43,43,1,1,False,True
ELFN1,viperturb_02.npz,29,29,1,1,False,True
ELFN2,viperturb_02.npz,63,63,1,1,False,True
ELL2,viperturb_02.npz,47,47,1,1,False,True
ELMO2,viperturb_02.npz,32,32,1,1,False,True
ELMOD1,viperturb_02.npz,69,69,1,1,False,True
ELN,viperturb_02.npz,50,50,1,1,False,True
ELOA2,viperturb_02.npz,61,61,1,1,False,True
ELOB,viperturb_02.npz,59,59,1,1,False,True
ELOC,viperturb_02.npz,31,31,1,1,False,True
ELOF1,viperturb_02.npz,24,24,1,1,False,True
ELOVL2,viperturb_02.npz,69,69,1,1,False,True
ELOVL6,viperturb_02.npz,42,42,1,1,False,True
ELOVL7,viperturb_02.npz,52,52,1,1,False,True
ELP2,viperturb_02.npz,47,47,1,1,False,True
ELP3,viperturb_02.npz,50,50,1,1,False,True
ELP4,viperturb_02.npz,15,15,1,1,False,True
ELP5,viperturb_02.npz,69,69,1,1,False,True
ELP6,viperturb_02.npz,52,52,1,1,False,True
EMC2,viperturb_02.npz,45,45,1,1,False,True
EMC3,viperturb_02.npz,65,65,1,1,False,True
EMC4,viperturb_02.npz,42,42,1,1,False,True
EMC8,viperturb_02.npz,53,53,1,1,False,True
EMC9,viperturb_02.npz,41,41,1,1,False,True
EME1,viperturb_02.npz,47,47,1,1,False,True
EME2,viperturb_02.npz,44,44,1,1,False,True
EMG1,viperturb_02.npz,22,22,1,1,False,True
EML5,viperturb_02.npz,27,27,1,1,False,True
EML6,viperturb_02.npz,39,39,1,1,False,True
ENAH,viperturb_02.npz,71,71,1,1,False,True
ENC1,viperturb_02.npz,31,31,1,1,False,True
ENDOD1,viperturb_02.npz,58,58,1,1,False,True
ENO1,viperturb_02.npz,29,29,1,1,False,True
ENO2,viperturb_02.npz,60,60,1,1,False,True
ENO4,viperturb_02.npz,69,69,1,1,False,True
ENOPH1,viperturb_02.npz,61,61,1,1,False,True
ENPP1,viperturb_02.npz,73,73,1,1,False,True
ENPP3,viperturb_02.npz,26,26,1,1,False,True
ENPP5,viperturb_02.npz,61,61,1,1,False,True
ENSA,viperturb_02.npz,32,32,1,1,False,True
ENTHD1,viperturb_02.npz,68,68,1,1,False,True
ENTPD3,viperturb_02.npz,19,19,1,1,False,True
ENY2,viperturb_02.npz,58,58,1,1,False,True
EOGT,viperturb_02.npz,68,68,1,1,False,True
EP400,viperturb_02.npz,16,16,1,1,False,True
EPB41,viperturb_02.npz,36,36,1,1,False,True
EPB41L1,viperturb_02.npz,50,50,1,1,False,True
EPB41L3,viperturb_02.npz,87,87,1,1,False,True
EPC2,viperturb_02.npz,10,10,1,1,True,True
EPG5,viperturb_02.npz,94,94,1,1,False,True
EPGN,viperturb_02.npz,91,91,1,1,False,True
EPHA5,viperturb_02.npz,50,50,1,1,False,True
EPHX4,viperturb_02.npz,75,75,1,1,False,True
EPM2A,viperturb_02.npz,33,33,1,1,False,True
EPPK1,viperturb_02.npz,47,47,1,1,False,True
EPRS,viperturb_02.npz,48,48,1,1,False,True
EPS15,viperturb_02.npz,44,44,1,1,False,True
EPYC,viperturb_02.npz,54,54,1,1,False,True
ERAL1,viperturb_02.npz,51,51,1,1,False,True
ERBB4,viperturb_02.npz,52,52,1,1,False,True
ERCC1,viperturb_02.npz,30,30,1,1,False,True
ERCC2,viperturb_02.npz,50,50,1,1,False,True
ERCC3,viperturb_02.npz,18,18,1,1,False,True
ERCC6L2,viperturb_02.npz,96,96,1,1,False,True
ERFE,viperturb_02.npz,25,25,1,1,False,True
ERGIC1,viperturb_02.npz,47,47,1,1,False,True
ERI2,viperturb_02.npz,65,65,1,1,False,True
ERICH1,viperturb_03.npz,89,89,1,1,False,True
ERICH2,viperturb_03.npz,43,43,1,1,False,True
ERICH4,viperturb_03.npz,38,38,1,1,False,True
ERICH6B,viperturb_03.npz,35,35,1,1,False,True
ERLIN2,viperturb_03.npz,32,32,1,1,False,True
ERVV-1,viperturb_03.npz,98,98,1,1,False,True
ESAM,viperturb_03.npz,62,62,1,1,False,True
ESCO1,viperturb_03.npz,94,94,1,1,False,True
ESD,viperturb_03.npz,50,50,1,1,False,True
ESF1,,0,9,1,0,False,True
ESPL1,,0,4,1,0,False,True
ESRP1,viperturb_03.npz,73,73,1,1,False,True
ESRRA,viperturb_03.npz,42,42,1,1,False,True
ESRRB,viperturb_03.npz,28,28,1,1,False,True
ESX1,viperturb_03.npz,45,45,1,1,False,True
ESYT1,viperturb_03.npz,52,52,1,1,False,True
ESYT2,viperturb_03.npz,52,52,1,1,False,True
ETAA1,viperturb_03.npz,48,48,1,1,False,True
ETF1,viperturb_03.npz,23,23,1,1,False,True
ETFA,viperturb_03.npz,42,42,1,1,False,True
ETFRF1,viperturb_03.npz,46,46,1,1,False,False
ETNPPL,viperturb_03.npz,78,78,1,1,False,True
ETS2,viperturb_03.npz,69,69,1,1,False,True
ETV3,viperturb_03.npz,60,60,1,1,False,True
ETV5,viperturb_03.npz,27,27,1,1,False,True
EVA1C,viperturb_03.npz,51,51,1,1,False,True
EVI2A,viperturb_03.npz,56,56,1,1,False,True
EVI2B,viperturb_03.npz,15,15,1,1,False,True
EVI5,viperturb_03.npz,55,55,1,1,False,True
EVL,viperturb_03.npz,12,12,1,1,False,True
EWSR1,viperturb_03.npz,67,67,1,1,False,True
EXOC1,viperturb_03.npz,87,87,1,1,False,True
EXOC2,viperturb_03.npz,42,42,1,1,False,True
EXOC4,viperturb_03.npz,73,73,1,1,False,True
EXOC5,viperturb_03.npz,50,50,1,1,False,True
EXOC6B,viperturb_03.npz,47,47,1,1,False,True
EXOC7,viperturb_03.npz,36,36,1,1,False,True
EXOSC1,viperturb_03.npz,21,21,1,1,False,True
EXOSC10,viperturb_03.npz,22,22,1,1,False,True
EXOSC2,viperturb_03.npz,21,21,1,1,False,True
EXOSC4,viperturb_03.npz,71,71,1,1,False,True
EXOSC5,viperturb_03.npz,30,30,1,1,False,True
EXOSC6,viperturb_03.npz,71,71,1,1,False,True
EXOSC7,viperturb_03.npz,90,90,1,1,False,True
EXOSC8,viperturb_03.npz,21,21,1,1,False,True
EXOSC9,viperturb_03.npz,23,23,1,1,False,True
EXPH5,viperturb_03.npz,26,26,1,1,False,True
EXT2,viperturb_03.npz,58,58,1,1,False,True
EXTL1,viperturb_03.npz,55,55,1,1,False,True
EXTL2,viperturb_03.npz,59,59,1,1,False,True
EYA1,viperturb_03.npz,70,70,1,1,False,True
EYS,viperturb_03.npz,17,17,1,1,False,True
EZH2,viperturb_03.npz,67,67,1,1,True,True
F11,viperturb_03.npz,30,30,1,1,False,True
F2R,viperturb_03.npz,79,79,1,1,False,True
F3,viperturb_03.npz,55,55,1,1,False,True
FA2H,,0,7,1,0,False,True
FAAP100,viperturb_03.npz,44,44,1,1,False,True
FABP12,viperturb_03.npz,29,29,1,1,False,True
FAF2,viperturb_03.npz,43,43,1,1,False,True
FAM102B,viperturb_03.npz,78,78,1,1,False,True
FAM103A1,,0,6,1,0,False,False
FAM104B,viperturb_03.npz,39,39,1,1,False,True
FAM105A,viperturb_03.npz,64,64,1,1,False,False
FAM109A,viperturb_03.npz,63,63,1,1,False,False
FAM110B,viperturb_03.npz,70,70,1,1,False,True
FAM111A,viperturb_03.npz,69,69,1,1,False,True
FAM118A,viperturb_03.npz,21,21,1,1,False,True
FAM118B,viperturb_03.npz,74,74,1,1,False,True
FAM122A,viperturb_03.npz,32,32,1,1,False,True
FAM124B,viperturb_03.npz,13,13,1,1,False,True
FAM129B,viperturb_03.npz,34,34,1,1,False,False
FAM135A,viperturb_03.npz,20,20,1,1,False,True
FAM13B,viperturb_03.npz,66,66,1,1,False,True
FAM149B1,,0,3,1,0,False,True
FAM155B,viperturb_03.npz,51,51,1,1,False,True
FAM156A,viperturb_03.npz,12,12,1,1,False,False
FAM157A,viperturb_03.npz,63,63,1,1,False,False
FAM160A2,viperturb_03.npz,35,35,1,1,False,True
FAM166B,viperturb_03.npz,60,60,1,1,False,True
FAM168A,viperturb_03.npz,22,22,1,1,False,True
FAM168B,viperturb_03.npz,58,58,1,1,False,True
FAM169A,viperturb_03.npz,31,31,1,1,False,True
FAM173B,viperturb_03.npz,56,56,1,1,False,False
FAM174A,viperturb_03.npz,31,31,1,1,False,True
FAM174B,viperturb_03.npz,86,86,1,1,False,True
FAM175B,viperturb_03.npz,38,38,1,1,False,False
FAM177A1,viperturb_03.npz,49,49,1,1,False,True
FAM181A,viperturb_03.npz,39,39,1,1,False,True
FAM181B,viperturb_03.npz,60,60,1,1,False,True
FAM186A,viperturb_03.npz,49,49,1,1,False,True
FAM186B,viperturb_03.npz,44,44,1,1,False,True
FAM187A,viperturb_03.npz,37,37,1,1,False,False
FAM187B,viperturb_03.npz,53,53,1,1,False,True
FAM189A1,viperturb_03.npz,38,38,1,1,False,True
FAM198B,viperturb_03.npz,10,10,1,1,False,False
FAM199X,viperturb_03.npz,67,67,1,1,False,True
FAM19A1,viperturb_03.npz,38,38,1,1,False,False
FAM19A2,viperturb_03.npz,42,42,1,1,False,False
FAM19A3,viperturb_03.npz,32,32,1,1,False,False
FAM19A4,viperturb_03.npz,99,99,1,1,False,False
FAM200B,viperturb_03.npz,80,80,1,1,False,True
FAM204A,viperturb_03.npz,49,49,1,1,False,True
FAM205A,viperturb_03.npz,30,30,1,1,False,True
FAM205C,viperturb_03.npz,39,39,1,1,False,True
FAM206A,viperturb_03.npz,38,38,1,1,False,False
FAM208A,viperturb_03.npz,49,49,1,1,False,False
FAM20A,viperturb_03.npz,34,34,1,1,False,True
FAM20B,viperturb_03.npz,77,77,1,1,False,True
FAM20C,viperturb_03.npz,74,74,1,1,False,True
FAM210A,viperturb_03.npz,34,34,1,1,False,True
FAM214A,viperturb_03.npz,93,93,1,1,False,True
FAM217A,viperturb_03.npz,43,43,1,1,False,True
FAM218A,viperturb_03.npz,42,42,1,1,False,True
FAM219A,viperturb_03.npz,32,32,1,1,False,True
FAM219B,viperturb_03.npz,62,62,1,1,False,True
FAM221B,viperturb_03.npz,59,59,1,1,False,True
FAM227A,viperturb_03.npz,14,14,1,1,False,True
FAM228B,viperturb_03.npz,60,60,1,1,False,True
FAM229A,viperturb_03.npz,31,31,1,1,False,True
FAM231C,viperturb_03.npz,27,27,1,1,False,False
FAM240A,viperturb_03.npz,49,49,1,1,False,True
FAM24B,viperturb_03.npz,93,93,1,1,False,True
FAM26D,viperturb_03.npz,75,75,1,1,False,False
FAM3B,viperturb_03.npz,20,20,1,1,False,True
FAM3C,viperturb_03.npz,53,53,1,1,False,True
FAM43B,viperturb_03.npz,51,51,1,1,False,True
FAM46A,viperturb_03.npz,77,77,1,1,False,False
FAM46C,viperturb_03.npz,73,73,1,1,False,False
FAM46D,viperturb_03.npz,40,40,1,1,False,False
FAM47A,viperturb_03.npz,59,59,1,1,False,True
FAM47B,viperturb_03.npz,35,35,1,1,False,True
FAM47C,viperturb_03.npz,52,52,1,1,False,True
FAM53B,viperturb_03.npz,51,51,1,1,False,True
FAM53C,viperturb_03.npz,44,44,1,1,False,True
FAM60A,viperturb_03.npz,67,67,1,1,False,False
FAM69A,viperturb_03.npz,50,50,1,1,False,False
FAM69C,viperturb_03.npz,64,64,1,1,False,False
FAM71C,viperturb_03.npz,78,78,1,1,False,True
FAM72B,viperturb_03.npz,91,91,1,1,False,True
FAM72C,viperturb_03.npz,36,36,1,1,False,True
FAM76A,viperturb_03.npz,51,51,1,1,False,True
FAM78B,viperturb_03.npz,41,41,1,1,False,True
FAM81B,viperturb_03.npz,31,31,1,1,False,True
FAM83C,viperturb_03.npz,81,81,1,1,False,True
FAM83H,viperturb_03.npz,73,73,1,1,False,True
FAM84A,viperturb_03.npz,47,47,1,1,False,False
FAM86B2,viperturb_03.npz,13,13,1,1,False,False
FAM89A,viperturb_03.npz,79,79,1,1,False,True
FAM89B,viperturb_03.npz,63,63,1,1,False,True
FAM8A1,viperturb_03.npz,46,46,1,1,False,True
FAM92A,viperturb_03.npz,74,74,1,1,False,True
FAM96B,viperturb_03.npz,22,22,1,1,False,False
FAM98A,viperturb_03.npz,33,33,1,1,False,True
FAM98B,viperturb_03.npz,40,40,1,1,False,True
FAM98C,viperturb_03.npz,19,19,1,1,False,True
FAN1,viperturb_03.npz,66,66,1,1,False,True
FANCD2,,0,6,1,0,False,True
FANCF,viperturb_03.npz,54,54,1,1,False,True
FANCL,viperturb_03.npz,31,31,1,1,False,True
FAR1,viperturb_03.npz,37,37,1,1,False,True
FARS2,viperturb_03.npz,88,88,1,1,False,True
FARSA,viperturb_03.npz,34,34,1,1,False,True
FAS,viperturb_03.npz,43,43,1,1,False,True
FASN,viperturb_03.npz,62,62,1,1,False,True
FASTKD1,viperturb_03.npz,52,52,1,1,False,True
FASTKD2,viperturb_03.npz,52,52,1,1,False,True
FASTKD3,viperturb_03.npz,109,109,1,1,False,True
FAT2,viperturb_03.npz,49,49,1,1,False,True
FAT4,viperturb_03.npz,51,51,1,1,False,True
FBLIM1,viperturb_03.npz,18,18,1,1,False,True
FBLN1,viperturb_03.npz,91,91,1,1,False,True
FBLN2,viperturb_03.npz,77,77,1,1,False,True
FBLN7,viperturb_03.npz,57,57,1,1,False,True
FBP1,viperturb_03.npz,79,79,1,1,False,True
FBXL16,viperturb_03.npz,90,90,1,1,False,True
FBXL17,viperturb_03.npz,48,48,1,1,False,True
FBXL19,viperturb_03.npz,69,69,1,1,False,True
FBXL22,viperturb_03.npz,80,80,1,1,False,True
FBXL4,viperturb_03.npz,60,60,1,1,False,True
FBXL5,viperturb_03.npz,56,56,1,1,False,True
FBXL6,viperturb_03.npz,61,61,1,1,False,True
FBXO11,viperturb_03.npz,26,26,1,1,False,True
FBXO16,viperturb_03.npz,61,61,1,1,False,True
FBXO18,viperturb_03.npz,25,25,1,1,False,False
FBXO21,viperturb_03.npz,53,53,1,1,False,True
FBXO25,viperturb_03.npz,29,29,1,1,False,True
FBXO28,viperturb_03.npz,11,11,1,1,False,True
FBXO3,viperturb_03.npz,66,66,1,1,False,True
FBXO31,viperturb_03.npz,37,37,1,1,False,True
FBXO38,viperturb_03.npz,17,17,1,1,False,True
FBXO39,viperturb_03.npz,46,46,1,1,False,True
FBXO42,viperturb_03.npz,21,21,1,1,False,True
FBXO44,viperturb_03.npz,69,69,1,1,False,True
FBXO47,viperturb_03.npz,27,27,1,1,False,True
FBXO6,viperturb_03.npz,25,25,1,1,False,True
FBXO7,viperturb_03.npz,28,28,1,1,False,True
FBXW4,viperturb_03.npz,34,34,1,1,False,True
FBXW9,viperturb_03.npz,56,56,1,1,False,True
FCGR1B,viperturb_03.npz,51,51,1,1,False,True
FCGR2A,viperturb_03.npz,72,72,1,1,False,True
FCGR3A,viperturb_03.npz,36,36,1,1,False,True
FCGRT,viperturb_03.npz,21,21,1,1,True,True
FCHO1,viperturb_03.npz,54,54,1,1,False,True
FCHSD2,viperturb_03.npz,59,59,1,1,False,True
FCMR,viperturb_03.npz,42,42,1,1,False,True
FCN1,viperturb_03.npz,82,82,1,1,False,False
FCN3,viperturb_03.npz,34,34,1,1,False,True
FCRL3,viperturb_03.npz,32,32,1,1,False,True
FDFT1,viperturb_03.npz,58,58,1,1,False,True
FDPS,viperturb_03.npz,24,24,1,1,False,True
FDX1,viperturb_03.npz,71,71,1,1,False,True
FDX1L,viperturb_03.npz,20,20,1,1,False,False
FDXR,viperturb_03.npz,62,62,1,1,False,True
FECH,viperturb_03.npz,97,97,1,1,False,True
FEM1C,viperturb_03.npz,41,41,1,1,False,True
FEN1,viperturb_03.npz,26,26,1,1,False,True
FER,viperturb_03.npz,22,22,1,1,False,True
FER1L5,viperturb_03.npz,36,36,1,1,False,True
FERMT3,viperturb_03.npz,102,102,1,1,False,True
FETUB,viperturb_03.npz,34,34,1,1,False,True
FEV,viperturb_03.npz,64,64,1,1,False,True
FEZ1,viperturb_03.npz,46,46,1,1,False,True
FFAR1,viperturb_03.npz,58,58,1,1,False,True
FGA,viperturb_03.npz,54,54,1,1,False,True
FGB,viperturb_03.npz,73,73,1,1,False,True
FGF12,viperturb_03.npz,93,93,1,1,False,True
FGF13,viperturb_03.npz,61,61,1,1,False,True
FGF20,viperturb_03.npz,44,44,1,1,False,True
FGF3,viperturb_03.npz,51,51,1,1,False,True
FGF8,viperturb_03.npz,40,40,1,1,False,True
FGF9,viperturb_03.npz,17,17,1,1,False,True
FGFBP1,viperturb_03.npz,47,47,1,1,False,True
FGFBP2,viperturb_03.npz,54,54,1,1,False,True
FGFR1OP2,viperturb_03.npz,57,57,1,1,False,True
FGGY,viperturb_03.npz,48,48,1,1,False,True
FGL1,viperturb_03.npz,113,113,1,1,False,True
FGR,,0,8,1,0,False,True
FH,viperturb_03.npz,37,37,1,1,False,True
FHDC1,viperturb_03.npz,45,45,1,1,False,True
FHIT,viperturb_03.npz,85,85,1,1,False,True
FHL2,viperturb_03.npz,18,18,1,1,False,True
FHOD1,viperturb_03.npz,58,58,1,1,False,True
FIBIN,viperturb_03.npz,38,38,1,1,False,True
FIBP,viperturb_03.npz,68,68,1,1,False,True
FICD,viperturb_03.npz,47,47,1,1,False,True
FIGNL2,viperturb_03.npz,37,37,1,1,False,True
FITM1,viperturb_03.npz,33,33,1,1,False,True
FITM2,viperturb_03.npz,52,52,1,1,False,True
FJX1,viperturb_03.npz,40,40,1,1,False,True
FKBP14,viperturb_03.npz,67,67,1,1,False,True
FKBP1B,viperturb_03.npz,64,64,1,1,False,True
FKBP3,viperturb_03.npz,37,37,1,1,False,True
FKBP4,viperturb_03.npz,46,46,1,1,False,True
FKBP6,viperturb_03.npz,101,101,1,1,False,True
FKBP8,viperturb_03.npz,21,21,1,1,False,True
FKBP9,viperturb_03.npz,41,41,1,1,False,True
FKBPL,viperturb_03.npz,43,43,1,1,False,True
FLCN,viperturb_03.npz,17,17,1,1,False,True
FLNA,viperturb_03.npz,34,34,1,1,False,True
FLOT2,viperturb_03.npz,69,69,1,1,False,True
FLRT3,viperturb_03.npz,64,64,1,1,False,True
FLT3,viperturb_03.npz,32,32,1,1,False,True
FLT3LG,viperturb_03.npz,34,34,1,1,False,True
FLVCR2,viperturb_03.npz,44,44,1,1,False,True
FMNL1,viperturb_03.npz,79,79,1,1,False,True
FN3K,viperturb_03.npz,52,52,1,1,False,True
FNBP1,viperturb_03.npz,51,51,1,1,False,True
FNBP4,viperturb_03.npz,33,33,1,1,False,True
FNDC3A,viperturb_03.npz,31,31,1,1,False,True
FNIP1,viperturb_03.npz,17,17,1,1,False,True
FNIP2,viperturb_03.npz,44,44,1,1,False,True
FOLR3,viperturb_03.npz,66,66,1,1,False,True
FOS,viperturb_03.npz,58,58,1,1,False,True
FOSL1,viperturb_03.npz,58,58,1,1,False,True
FOXA1,viperturb_03.npz,46,46,1,1,False,True
FOXA2,viperturb_03.npz,31,31,1,1,False,True
FOXA3,viperturb_03.npz,51,51,1,1,False,True
FOXD2,viperturb_03.npz,70,70,1,1,False,True
FOXD3,viperturb_03.npz,42,42,1,1,False,True
FOXD4L4,viperturb_03.npz,23,23,1,1,False,True
FOXE3,viperturb_03.npz,58,58,1,1,False,True
FOXF1,viperturb_03.npz,25,25,1,1,False,True
FOXJ2,viperturb_03.npz,69,69,1,1,False,True
FOXJ3,viperturb_03.npz,42,42,1,1,False,True
FOXL2,viperturb_03.npz,58,58,1,1,False,True
FOXL2NB,viperturb_03.npz,24,24,1,1,False,True
FOXN2,viperturb_03.npz,36,36,1,1,True,True
FOXP3,viperturb_03.npz,88,88,1,1,False,True
FOXP4,viperturb_03.npz,38,38,1,1,False,True
FOXQ1,viperturb_03.npz,44,44,1,1,False,True
FOXR1,viperturb_03.npz,78,78,1,1,False,True
FOXS1,viperturb_03.npz,37,37,1,1,False,True
FPGS,viperturb_03.npz,47,47,1,1,False,True
FRAT2,viperturb_03.npz,41,41,1,1,False,True
FREM3,viperturb_03.npz,41,41,1,1,False,True
FRG2B,viperturb_03.npz,45,45,1,1,False,True
FRMD4B,viperturb_03.npz,40,40,1,1,False,True
FRMD7,viperturb_03.npz,87,87,1,1,False,True
FRMD8,viperturb_03.npz,36,36,1,1,False,True
FRMPD1,viperturb_03.npz,78,78,1,1,False,True
FRS2,viperturb_03.npz,47,47,1,1,False,True
FSBP,viperturb_03.npz,41,41,1,1,False,True
FSD1,viperturb_03.npz,69,69,1,1,False,True
FSHB,viperturb_03.npz,53,53,1,1,False,True
FSHR,viperturb_03.npz,44,44,1,1,False,True
FSTL4,viperturb_03.npz,26,26,1,1,False,True
FSTL5,viperturb_03.npz,61,61,1,1,False,True
FTMT,viperturb_03.npz,43,43,1,1,False,True
FUBP1,viperturb_03.npz,37,37,1,1,False,True
FUBP3,viperturb_03.npz,34,34,1,1,True,True
FUCA1,viperturb_03.npz,70,70,1,1,False,True
FUK,viperturb_03.npz,51,51,1,1,False,False
FUNDC2,viperturb_03.npz,22,22,1,1,False,True
FUS,viperturb_03.npz,86,86,1,1,False,True
FUT10,viperturb_03.npz,33,33,1,1,False,True
FUT2,viperturb_03.npz,60,60,1,1,False,False
FUT4,viperturb_03.npz,14,14,1,1,False,True
FUT5,viperturb_03.npz,10,10,1,1,False,True
FXN,viperturb_03.npz,15,15,1,1,False,True
FXR2,viperturb_03.npz,55,55,1,1,False,True
FXYD2,viperturb_03.npz,52,52,1,1,False,True
FXYD3,viperturb_03.npz,56,56,1,1,False,True
FXYD4,viperturb_03.npz,21,21,1,1,False,True
FZD2,viperturb_03.npz,58,58,1,1,True,True
FZD3,viperturb_03.npz,23,23,1,1,False,True
FZD6,viperturb_03.npz,32,32,1,1,False,True
FZD9,viperturb_03.npz,83,83,1,1,False,True
FZR1,viperturb_03.npz,30,30,1,1,False,True
G2E3,viperturb_03.npz,39,39,1,1,False,True
G3BP1,viperturb_03.npz,55,55,1,1,False,False
GABARAPL1,viperturb_03.npz,75,75,1,1,False,True
GABARAPL2,viperturb_03.npz,57,57,1,1,False,True
GABPA,viperturb_03.npz,31,31,1,1,False,True
GABPB1,viperturb_03.npz,39,39,1,1,False,True
GABPB2,viperturb_03.npz,60,60,1,1,False,True
GABRA3,viperturb_03.npz,59,59,1,1,False,True
GABRE,viperturb_03.npz,52,52,1,1,False,True
GABRG3,viperturb_03.npz,29,29,1,1,False,True
GABRR3,viperturb_03.npz,55,55,1,1,False,True
GADD45A,viperturb_03.npz,34,34,1,1,False,True
GADD45B,viperturb_03.npz,50,50,1,1,False,True
GADD45GIP1,viperturb_03.npz,67,67,1,1,False,True
GAGE1,viperturb_03.npz,75,75,1,1,False,True
GAGE10,viperturb_03.npz,13,13,1,1,False,True
GAL,viperturb_03.npz,39,39,1,1,False,True
GAL3ST2,viperturb_03.npz,73,73,1,1,False,False
GAL3ST3,viperturb_03.npz,63,63,1,1,False,True
GALM,viperturb_03.npz,22,22,1,1,False,True
GALNT18,viperturb_03.npz,71,71,1,1,False,True
GALNT6,viperturb_03.npz,34,34,1,1,False,True
GALNT7,viperturb_03.npz,37,37,1,1,False,True
GALNT8,viperturb_03.npz,37,37,1,1,False,True
GALNT9,viperturb_03.npz,27,27,1,1,False,True
GALNTL6,viperturb_03.npz,61,61,1,1,False,True
GAN,viperturb_03.npz,55,55,1,1,False,True
GAPDH,viperturb_03.npz,41,41,1,1,False,False
GAPVD1,viperturb_03.npz,83,83,1,1,False,True
GAR1,viperturb_03.npz,29,29,1,1,False,True
GART,viperturb_03.npz,35,35,1,1,False,True
GAS2,viperturb_03.npz,41,41,1,1,False,True
GAS2L1,viperturb_03.npz,62,62,1,1,False,True
GAST,viperturb_03.npz,33,33,1,1,False,True
GATA2,viperturb_03.npz,68,68,1,1,False,True
GATA3,viperturb_03.npz,15,15,1,1,False,True
GATB,viperturb_03.npz,37,37,1,1,False,True
GATC,viperturb_03.npz,78,78,1,1,False,True
GBGT1,viperturb_03.npz,64,64,1,1,False,True
GBP2,viperturb_03.npz,59,59,1,1,False,True
GBP4,viperturb_03.npz,59,59,1,1,False,True
GBP6,viperturb_03.npz,62,62,1,1,False,True
GBX2,viperturb_03.npz,38,38,1,1,False,True
GCA,viperturb_03.npz,80,80,1,1,False,True
GCDH,viperturb_03.npz,46,46,1,1,False,True
GCHFR,viperturb_03.npz,77,77,1,1,False,True
GCKR,viperturb_03.npz,48,48,1,1,False,True
GCLC,viperturb_03.npz,33,33,1,1,False,True
GCN1,viperturb_03.npz,30,30,1,1,False,True
GCNA,viperturb_03.npz,49,49,1,1,False,True
GCNT1,viperturb_03.npz,42,42,1,1,False,True
GCNT3,viperturb_03.npz,44,44,1,1,False,True
GCNT7,viperturb_03.npz,63,63,1,1,False,True
GDA,viperturb_03.npz,46,46,1,1,False,True
GDAP2,viperturb_03.npz,56,56,1,1,False,True
GDF1,viperturb_03.npz,20,20,1,1,False,True
GDF10,viperturb_03.npz,36,36,1,1,False,True
GDI2,viperturb_03.npz,57,57,1,1,False,True
GDPGP1,viperturb_03.npz,27,27,1,1,False,True
GEMIN5,viperturb_03.npz,21,21,1,1,False,True
GEMIN6,viperturb_03.npz,59,59,1,1,False,True
GEMIN7,viperturb_03.npz,53,53,1,1,False,True
GFAP,viperturb_03.npz,36,36,1,1,False,True
GFI1B,viperturb_03.npz,29,29,1,1,False,True
GFPT2,viperturb_03.npz,54,54,1,1,False,True
GFRA2,viperturb_03.npz,86,86,1,1,False,True
GFRA4,viperturb_03.npz,22,22,1,1,False,True
GFRAL,viperturb_03.npz,58,58,1,1,False,True
GGACT,viperturb_03.npz,80,80,1,1,False,True
GGCT,viperturb_03.npz,79,79,1,1,False,True
GGH,viperturb_03.npz,42,42,1,1,False,True
GGNBP2,viperturb_03.npz,58,58,1,1,False,True
GGPS1,viperturb_03.npz,35,35,1,1,False,True
GGT7,viperturb_03.npz,89,89,1,1,False,True
GHITM,viperturb_03.npz,36,36,1,1,False,True
GHR,viperturb_03.npz,48,48,1,1,False,True
GHRH,viperturb_03.npz,46,46,1,1,False,True
GHRHR,viperturb_03.npz,69,69,1,1,False,False
GHSR,viperturb_03.npz,43,43,1,1,False,True
GID4,viperturb_03.npz,70,70,1,1,False,True
GID8,viperturb_03.npz,43,43,1,1,False,True
GIGYF2,viperturb_03.npz,57,57,1,1,True,True
GIMAP2,viperturb_03.npz,91,91,1,1,False,True
GIMAP7,viperturb_03.npz,61,61,1,1,False,True
GIMAP8,viperturb_03.npz,66,66,1,1,False,True
GIN1,viperturb_03.npz,67,67,1,1,False,True
GIP,viperturb_03.npz,27,27,1,1,False,True
GIPC1,viperturb_03.npz,30,30,1,1,False,True
GIT2,viperturb_03.npz,55,55,1,1,False,True
GJA10,viperturb_03.npz,54,54,1,1,False,True
GJA4,viperturb_03.npz,57,57,1,1,False,True
GJB1,viperturb_03.npz,83,83,1,1,False,True
GJB2,viperturb_03.npz,42,42,1,1,False,True
GJB3,viperturb_03.npz,25,25,1,1,False,True
GJB4,viperturb_03.npz,73,73,1,1,False,True
GJB7,viperturb_03.npz,78,78,1,1,False,True
GJC1,viperturb_03.npz,57,57,1,1,False,True
GJD3,viperturb_03.npz,59,59,1,1,False,True
GK,viperturb_03.npz,89,89,1,1,False,True
GKN2,viperturb_03.npz,21,21,1,1,False,True
GLB1L,viperturb_03.npz,24,24,1,1,False,True
GLDC,viperturb_03.npz,72,72,1,1,False,True
GLI4,viperturb_03.npz,20,20,1,1,False,True
GLIPR1L1,viperturb_03.npz,20,20,1,1,False,True
GLIS2,viperturb_03.npz,49,49,1,1,False,True
GLIS3,viperturb_03.npz,21,21,1,1,False,True
GLMN,viperturb_03.npz,20,20,1,1,False,True
GLP2R,viperturb_03.npz,35,35,1,1,False,True
GLRX2,viperturb_03.npz,89,89,1,1,False,True
GLRX3,viperturb_03.npz,16,16,1,1,False,True
GLS,viperturb_03.npz,26,26,1,1,False,True
GLS2,viperturb_03.npz,54,54,1,1,False,True
GLUD1,viperturb_03.npz,66,66,1,1,False,True
GLUD2,viperturb_03.npz,51,51,1,1,False,True
GLUL,viperturb_03.npz,31,31,1,1,False,True
GLYR1,viperturb_03.npz,25,25,1,1,True,True
GMPPB,viperturb_03.npz,47,47,1,1,False,True
GMPR2,viperturb_03.npz,36,36,1,1,False,True
GMPS,viperturb_03.npz,32,32,1,1,False,True
GNA11,viperturb_03.npz,67,67,1,1,False,True
GNA12,viperturb_03.npz,51,51,1,1,False,True
GNA13,viperturb_03.npz,32,32,1,1,False,True
GNA15,viperturb_03.npz,49,49,1,1,False,True
GNAI1,viperturb_03.npz,51,51,1,1,False,True
GNAI3,viperturb_03.npz,28,28,1,1,False,True
GNAO1,viperturb_03.npz,49,49,1,1,False,True
GNAZ,viperturb_03.npz,46,46,1,1,False,True
GNB1,viperturb_03.npz,42,42,1,1,False,True
GNB1L,viperturb_03.npz,13,13,1,1,False,True
GNB2,viperturb_03.npz,63,63,1,1,False,True
GNB3,viperturb_03.npz,26,26,1,1,False,True
GNB4,viperturb_03.npz,58,58,1,1,False,True
GNG12,viperturb_03.npz,52,52,1,1,False,True
GNG13,viperturb_03.npz,48,48,1,1,False,True
GNG2,viperturb_03.npz,19,19,1,1,False,True
GNG5,viperturb_03.npz,60,60,1,1,False,True
GNMT,viperturb_03.npz,46,46,1,1,False,True
GNPAT,viperturb_03.npz,39,39,1,1,False,True
GNPTG,viperturb_03.npz,33,33,1,1,False,True
GNRH2,viperturb_03.npz,47,47,1,1,False,True
GOLGA1,viperturb_03.npz,74,74,1,1,False,True
GOLGA2,viperturb_03.npz,89,89,1,1,False,True
GOLGA3,viperturb_03.npz,38,38,1,1,False,True
GOLGA6L22,viperturb_03.npz,11,11,1,1,False,True
GOLGA6L4,viperturb_03.npz,44,44,1,1,False,True
GOLGA7,viperturb_03.npz,62,62,1,1,False,True
GOLGA8N,viperturb_03.npz,58,58,1,1,False,True
GOLM1,viperturb_03.npz,77,77,1,1,False,True
GOLT1A,viperturb_03.npz,31,31,1,1,False,True
GOLT1B,viperturb_03.npz,48,48,1,1,False,True
GON4L,viperturb_03.npz,20,20,1,1,False,True
GOPC,viperturb_03.npz,46,46,1,1,False,True
GORASP2,viperturb_03.npz,53,53,1,1,False,True
GOSR2,viperturb_03.npz,55,55,1,1,False,True
GOT1,viperturb_03.npz,81,81,1,1,False,True
GP1BB,viperturb_03.npz,58,58,1,1,False,True
GPAA1,viperturb_03.npz,35,35,1,1,False,True
GPALPP1,viperturb_03.npz,43,43,1,1,False,True
GPATCH1,,0,5,1,0,False,True
GPATCH2,viperturb_03.npz,119,119,1,1,False,True
GPATCH2L,viperturb_03.npz,53,53,1,1,False,True
GPBP1L1,viperturb_03.npz,97,97,1,1,False,True
GPC3,viperturb_03.npz,81,81,1,1,False,True
GPC4,viperturb_03.npz,38,38,1,1,False,True
GPC5,viperturb_03.npz,53,53,1,1,False,True
GPCPD1,viperturb_03.npz,43,43,1,1,False,True
GPD2,viperturb_03.npz,27,27,1,1,False,True
GPHN,viperturb_03.npz,29,29,1,1,False,True
GPIHBP1,viperturb_03.npz,74,74,1,1,False,True
GPKOW,viperturb_03.npz,30,30,1,1,False,True
GPLD1,viperturb_03.npz,55,55,1,1,False,True
GPN1,viperturb_03.npz,11,11,1,1,False,True
GPN2,viperturb_03.npz,15,15,1,1,False,True
GPN3,,0,5,1,0,False,True
GPR108,viperturb_03.npz,45,45,1,1,False,True
GPR135,viperturb_03.npz,47,47,1,1,False,True
GPR137,viperturb_03.npz,58,58,1,1,False,True
GPR137B,viperturb_03.npz,44,44,1,1,False,True
GPR137C,viperturb_03.npz,23,23,1,1,False,True
GPR146,viperturb_03.npz,59,59,1,1,False,True
GPR160,viperturb_03.npz,20,20,1,1,False,True
GPR161,viperturb_03.npz,45,45,1,1,False,True
GPR162,viperturb_03.npz,62,62,1,1,False,True
GPR179,viperturb_03.npz,59,59,1,1,False,True
GPR183,viperturb_03.npz,33,33,1,1,False,True
GPR22,viperturb_03.npz,96,96,1,1,False,False
GPR26,viperturb_03.npz,88,88,1,1,False,True
GPR3,viperturb_03.npz,20,20,1,1,False,True
GPR35,viperturb_03.npz,62,62,1,1,False,True
GPR45,viperturb_03.npz,34,34,1,1,False,True
GPR50,viperturb_03.npz,41,41,1,1,False,False
GPR61,viperturb_03.npz,71,71,1,1,False,True
GPR62,viperturb_03.npz,74,74,1,1,False,True
GPR78,viperturb_03.npz,48,48,1,1,False,True
GPR83,viperturb_03.npz,59,59,1,1,False,True
GPR85,viperturb_03.npz,58,58,1,1,False,True
GPR87,viperturb_03.npz,17,17,1,1,False,True
GPR88,viperturb_03.npz,77,77,1,1,False,True
GPRASP1,viperturb_03.npz,26,26,1,1,False,True
GPRASP2,viperturb_03.npz,57,57,1,1,False,True
GPRC5A,viperturb_03.npz,44,44,1,1,False,True
GPRC5D,viperturb_03.npz,57,57,1,1,False,True
GPRIN2,viperturb_03.npz,33,33,1,1,False,True
GPRIN3,viperturb_03.npz,61,61,1,1,False,True
GPS1,viperturb_03.npz,32,32,1,1,False,True
GPSM2,viperturb_03.npz,73,73,1,1,False,True
GPX1,viperturb_03.npz,38,38,1,1,False,False
GPX2,viperturb_03.npz,22,22,1,1,False,True
GPX3,viperturb_03.npz,58,58,1,1,False,True
GPX8,viperturb_03.npz,68,68,1,1,False,True
GRAMD1B,viperturb_03.npz,52,52,1,1,False,True
GRB14,viperturb_03.npz,92,92,1,1,False,True
GRB2,viperturb_03.npz,112,112,1,1,False,True
GRIA2,viperturb_03.npz,51,51,1,1,False,True
GRIA4,viperturb_03.npz,73,73,1,1,False,True
GRID2,viperturb_03.npz,55,55,1,1,False,True
GRIFIN,viperturb_03.npz,58,58,1,1,False,True
GRIK3,viperturb_03.npz,63,63,1,1,False,True
GRIN2B,viperturb_03.npz,56,56,1,1,False,True
GRINA,viperturb_03.npz,47,47,1,1,False,True
GRIPAP1,viperturb_03.npz,58,58,1,1,False,True
GRK3,viperturb_03.npz,31,31,1,1,False,True
GRK6,viperturb_03.npz,46,46,1,1,False,True
GRK7,viperturb_03.npz,68,68,1,1,False,True
GRM4,viperturb_03.npz,39,39,1,1,False,True
GRM7,viperturb_03.npz,51,51,1,1,False,True
GRN,viperturb_03.npz,18,18,1,1,False,True
GRSF1,viperturb_03.npz,46,46,1,1,False,True
GRWD1,viperturb_03.npz,44,44,1,1,False,True
GRXCR2,viperturb_03.npz,28,28,1,1,False,True
GSAP,viperturb_03.npz,23,23,1,1,False,True
GSC,viperturb_03.npz,28,28,1,1,False,True
GSC2,viperturb_03.npz,123,123,1,1,False,True
GSDMB,viperturb_03.npz,40,40,1,1,False,True
GSK3A,viperturb_03.npz,48,48,1,1,False,True
GSK3B,viperturb_03.npz,57,57,1,1,False,True
GSKIP,viperturb_03.npz,57,57,1,1,False,True
GSPT1,viperturb_03.npz,44,44,1,1,False,True
GSR,viperturb_03.npz,25,25,1,1,False,True
GSTA4,viperturb_03.npz,64,64,1,1,False,True
GSTCD,viperturb_03.npz,39,39,1,1,False,True
GSTM1,viperturb_03.npz,31,31,1,1,False,True
GSTO1,viperturb_03.npz,66,66,1,1,False,True
GSTP1,viperturb_03.npz,22,22,1,1,False,True
GSTT2B,viperturb_03.npz,25,25,1,1,False,True
GTDC1,viperturb_03.npz,50,50,1,1,False,True
GTF2A1,viperturb_03.npz,10,10,1,1,False,True
GTF2A2,viperturb_03.npz,25,25,1,1,False,True
GTF2E2,viperturb_03.npz,25,25,1,1,False,True
GTF2F2,viperturb_03.npz,15,15,1,1,False,True
GTF2H1,viperturb_03.npz,15,15,1,1,False,True
GTF2H2,viperturb_03.npz,76,76,1,1,False,True
GTF2H2C,viperturb_03.npz,57,57,1,1,False,True
GTF2H3,viperturb_03.npz,31,31,1,1,False,True
GTF2H4,viperturb_03.npz,32,32,1,1,False,True
GTF2H5,viperturb_03.npz,43,43,1,1,False,True
GTF2IRD2,viperturb_03.npz,66,66,1,1,False,True
GTF2IRD2B,viperturb_03.npz,43,43,1,1,False,True
GTF3C1,viperturb_03.npz,13,13,1,1,False,True
GTF3C3,viperturb_03.npz,39,39,1,1,False,True
GTF3C6,viperturb_03.npz,21,21,1,1,False,True
GTPBP1,viperturb_03.npz,26,26,1,1,False,True
GTPBP8,viperturb_03.npz,58,58,1,1,False,True
GTSF1,viperturb_03.npz,28,28,1,1,False,True
GTSF1L,viperturb_03.npz,21,21,1,1,False,True
GUCA2A,viperturb_03.npz,56,56,1,1,False,True
GUCY2C,viperturb_03.npz,54,54,1,1,False,True
GUCY2D,viperturb_03.npz,58,58,1,1,False,False
GUK1,viperturb_03.npz,42,42,1,1,False,True
GULP1,viperturb_03.npz,24,24,1,1,False,True
GUSB,viperturb_03.npz,46,46,1,1,False,True
GVQW1,viperturb_04.npz,28,28,1,1,False,False
GYG1,viperturb_04.npz,27,27,1,1,False,True
GYPE,viperturb_04.npz,48,48,1,1,False,True
GZF1,viperturb_04.npz,53,53,1,1,False,True
GZMB,viperturb_04.npz,28,28,1,1,False,True
H1FX,viperturb_04.npz,92,92,1,1,False,True
H2AFX,viperturb_04.npz,24,24,1,1,False,True
H2AFZ,viperturb_04.npz,69,69,1,1,False,True
H6PD,viperturb_04.npz,54,54,1,1,False,True
HABP2,viperturb_04.npz,36,36,1,1,False,True
HACD2,viperturb_04.npz,69,69,1,1,False,True
HACE1,viperturb_04.npz,31,31,1,1,False,True
HADHA,viperturb_04.npz,30,30,1,1,False,True
HAND1,viperturb_04.npz,53,53,1,1,False,True
HAO1,viperturb_04.npz,41,41,1,1,False,True
HARBI1,viperturb_04.npz,44,44,1,1,False,True
HARS2,viperturb_04.npz,27,27,1,1,False,True
HAS3,viperturb_04.npz,43,43,1,1,False,True
HAT1,viperturb_04.npz,61,61,1,1,False,True
HAUS2,viperturb_04.npz,40,40,1,1,False,True
HAUS6,viperturb_04.npz,10,10,1,1,False,True
HAX1,viperturb_04.npz,40,40,1,1,False,True
HBE1,viperturb_04.npz,72,72,1,1,False,True
HBG1,viperturb_04.npz,127,127,1,1,False,True
HBM,viperturb_04.npz,24,24,1,1,False,True
HBP1,viperturb_04.npz,29,29,1,1,False,True
HBZ,viperturb_04.npz,45,45,1,1,False,True
HCAR3,viperturb_04.npz,31,31,1,1,False,True
HCCS,viperturb_04.npz,80,80,1,1,False,True
HCN1,viperturb_04.npz,50,50,1,1,False,True
HCN4,viperturb_04.npz,23,23,1,1,False,True
HCRT,viperturb_04.npz,41,41,1,1,False,False
HCRTR2,viperturb_04.npz,64,64,1,1,False,True
HDAC1,viperturb_04.npz,65,65,1,1,True,True
HDAC2,,0,9,1,0,False,True
HDAC3,viperturb_04.npz,50,50,1,1,False,True
HDAC6,viperturb_04.npz,37,37,1,1,False,True
HDGFL1,viperturb_04.npz,84,84,1,1,False,True
HDGFRP2,viperturb_04.npz,64,64,1,1,False,False
HEATR1,viperturb_04.npz,14,14,1,1,False,True
HEATR3,viperturb_04.npz,70,70,1,1,False,True
HEATR5B,viperturb_04.npz,23,23,1,1,False,True
HEBP2,viperturb_04.npz,32,32,1,1,False,True
HEG1,viperturb_04.npz,24,24,1,1,False,True
HELB,viperturb_04.npz,27,27,1,1,False,True
HELLS,viperturb_04.npz,64,64,1,1,False,True
HELQ,viperturb_04.npz,37,37,1,1,False,True
HELZ,viperturb_04.npz,41,41,1,1,False,True
HEMK1,viperturb_04.npz,13,13,1,1,False,True
HEPACAM2,viperturb_04.npz,61,61,1,1,False,True
HEPH,viperturb_04.npz,63,63,1,1,False,True
HEPHL1,viperturb_04.npz,55,55,1,1,False,True
HERC2,viperturb_04.npz,77,77,1,1,False,True
HERC3,viperturb_04.npz,43,43,1,1,False,True
HERPUD2,viperturb_04.npz,47,47,1,1,False,True
HES2,viperturb_04.npz,52,52,1,1,False,True
HES6,viperturb_04.npz,39,39,1,1,False,True
HES7,viperturb_04.npz,69,69,1,1,False,True
HESX1,viperturb_04.npz,59,59,1,1,False,True
HEXIM1,viperturb_04.npz,46,46,1,1,False,True
HEY2,viperturb_04.npz,34,34,1,1,False,True
HFE2,viperturb_04.npz,74,74,1,1,False,False
HGH1,viperturb_04.npz,56,56,1,1,False,True
HGS,viperturb_04.npz,60,60,1,1,False,True
HHAT,viperturb_04.npz,37,37,1,1,False,True
HHATL,viperturb_04.npz,67,67,1,1,False,True
HHEX,viperturb_04.npz,33,33,1,1,False,True
HHIPL2,viperturb_04.npz,41,41,1,1,False,True
HHLA1,viperturb_04.npz,64,64,1,1,False,True
HIC1,viperturb_04.npz,65,65,1,1,False,True
HIC2,viperturb_04.npz,36,36,1,1,False,True
HIF1AN,viperturb_04.npz,27,27,1,1,False,True
HIKESHI,viperturb_04.npz,41,41,1,1,False,True
HINFP,viperturb_04.npz,17,17,1,1,False,True
HINT1,viperturb_04.npz,57,57,1,1,False,True
HINT2,viperturb_04.npz,41,41,1,1,False,True
HIRA,viperturb_04.npz,45,45,1,1,False,True
HIST1H1B,viperturb_04.npz,58,58,1,1,False,True
HIST1H1C,viperturb_04.npz,96,96,1,1,False,True
HIST1H1D,viperturb_04.npz,52,52,1,1,False,True
HIST1H2AD,viperturb_04.npz,71,71,1,1,False,False
HIST1H2AH,viperturb_04.npz,42,42,1,1,False,True
HIST1H2AJ,viperturb_04.npz,79,79,1,1,False,False
HIST1H2AK,viperturb_04.npz,62,62,1,1,False,True
HIST1H2BM,viperturb_04.npz,59,59,1,1,False,True
HIST1H2BN,viperturb_04.npz,70,70,1,1,False,True
HIST1H3A,viperturb_04.npz,74,74,1,1,False,False
HIST1H3G,viperturb_04.npz,18,18,1,1,False,True
HIST1H3I,viperturb_04.npz,58,58,1,1,False,True
HIST1H3J,viperturb_04.npz,78,78,1,1,False,True
HIST1H4I,viperturb_04.npz,38,38,1,1,False,True
HIST2H2AA3,viperturb_04.npz,63,63,1,1,False,False
HIST2H3C,viperturb_04.npz,29,29,1,1,False,False
HIST3H2A,viperturb_04.npz,74,74,1,1,False,True
HIST3H3,viperturb_04.npz,83,83,1,1,False,True
HIST4H4,viperturb_04.npz,65,65,1,1,False,True
HIVEP3,viperturb_04.npz,46,46,1,1,False,True
HK1,viperturb_04.npz,72,72,1,1,False,True
HK2,viperturb_04.npz,27,27,1,1,False,True
HKDC1,viperturb_04.npz,82,82,1,1,False,True
HLA-DQA1,viperturb_04.npz,31,31,1,1,False,False
HLA-DRB5,viperturb_04.npz,87,87,1,1,False,False
HLA-E,viperturb_04.npz,66,66,1,1,False,False
HLCS,viperturb_04.npz,29,29,1,1,False,True
HLX,viperturb_04.npz,45,45,1,1,False,True
HM13,viperturb_04.npz,68,68,1,1,False,True
HMG20B,viperturb_04.npz,104,104,1,1,False,True
HMGA1,viperturb_04.npz,47,47,1,1,False,True
HMGCL,viperturb_04.npz,35,35,1,1,False,True
HMGCLL1,viperturb_04.npz,54,54,1,1,False,True
HMGCS1,,0,7,1,0,False,True
HMGN4,viperturb_04.npz,55,55,1,1,True,True
HMGXB3,viperturb_04.npz,66,66,1,1,True,True
HMHB1,viperturb_04.npz,36,36,1,1,False,True
HMOX2,viperturb_04.npz,37,37,1,1,False,True
HMP19,viperturb_04.npz,26,26,1,1,False,False
HMSD,viperturb_04.npz,60,60,1,1,False,True
HMX3,viperturb_04.npz,58,58,1,1,False,True
HNF1B,viperturb_04.npz,69,69,1,1,False,True
HNRNPA1,viperturb_04.npz,89,89,1,1,False,False
HNRNPA1L2,viperturb_04.npz,54,54,1,1,False,False
HNRNPA2B1,viperturb_04.npz,41,41,1,1,False,True
HNRNPAB,viperturb_04.npz,49,49,1,1,False,True
HNRNPCL1,viperturb_04.npz,60,60,1,1,False,True
HNRNPD,viperturb_04.npz,66,66,1,1,False,True
HNRNPH1,viperturb_04.npz,18,18,1,1,False,False
HNRNPH3,viperturb_04.npz,51,51,1,1,False,True
HNRNPL,viperturb_04.npz,29,29,1,1,False,True
HNRNPM,viperturb_04.npz,38,38,1,1,False,True
HNRNPR,viperturb_04.npz,63,63,1,1,False,True
HNRNPU,viperturb_04.npz,23,23,1,1,False,True
HNRNPUL2,viperturb_04.npz,49,49,1,1,False,True
HOMER1,viperturb_04.npz,28,28,1,1,False,True
HOMER3,viperturb_04.npz,49,49,1,1,False,True
HOPX,viperturb_04.npz,44,44,1,1,False,True
HORMAD1,viperturb_04.npz,77,77,1,1,False,True
HOXA6,viperturb_04.npz,47,47,1,1,False,True
HOXB1,viperturb_04.npz,67,67,1,1,False,True
HOXB13,viperturb_04.npz,58,58,1,1,False,True
HOXB2,viperturb_04.npz,50,50,1,1,False,True
HOXB3,viperturb_04.npz,44,44,1,1,False,True
HOXB4,viperturb_04.npz,55,55,1,1,False,True
HOXB6,viperturb_04.npz,65,65,1,1,False,True
HOXB7,viperturb_04.npz,10,10,1,1,False,True
HOXB9,viperturb_04.npz,46,46,1,1,False,True
HPGD,viperturb_04.npz,52,52,1,1,False,True
HPGDS,viperturb_04.npz,36,36,1,1,False,True
HPR,viperturb_04.npz,30,30,1,1,False,True
HPS5,viperturb_04.npz,46,46,1,1,False,True
HRASLS2,viperturb_04.npz,49,49,1,1,False,False
HRASLS5,viperturb_04.npz,41,41,1,1,False,False
HRH3,viperturb_04.npz,41,41,1,1,False,True
HRK,viperturb_04.npz,35,35,1,1,False,True
HS3ST1,viperturb_04.npz,50,50,1,1,False,True
HS3ST2,viperturb_04.npz,47,47,1,1,False,True
HS6ST1,viperturb_04.npz,74,74,1,1,False,True
HS6ST2,viperturb_04.npz,54,54,1,1,False,True
HSBP1,viperturb_04.npz,68,68,1,1,True,True
HSD11B1,viperturb_04.npz,48,48,1,1,False,True
HSD17B10,viperturb_04.npz,49,49,1,1,False,True
HSD17B3,viperturb_04.npz,75,75,1,1,False,True
HSD17B4,viperturb_04.npz,34,34,1,1,False,True
HSF2BP,viperturb_04.npz,67,67,1,1,False,True
HSFX2,viperturb_04.npz,54,54,1,1,False,False
HSFY1,viperturb_04.npz,25,25,1,1,False,False
HSP90AB1,viperturb_04.npz,69,69,1,1,True,True
HSPA1A,viperturb_04.npz,55,55,1,1,False,True
HSPA1L,viperturb_04.npz,49,49,1,1,False,True
HSPA4,viperturb_04.npz,70,70,1,1,False,True
HSPA8,viperturb_04.npz,60,60,1,1,False,True
HSPB7,viperturb_04.npz,51,51,1,1,False,True
HSPB8,viperturb_04.npz,36,36,1,1,False,True
HSPD1,viperturb_04.npz,23,23,1,1,False,True
HSPE1,viperturb_04.npz,27,27,1,1,False,True
HSPG2,viperturb_04.npz,28,28,1,1,False,True
HTATSF1,viperturb_04.npz,61,61,1,1,False,True
HTN1,viperturb_04.npz,23,23,1,1,False,True
HTR1B,viperturb_04.npz,77,77,1,1,False,False
HTR3C,viperturb_04.npz,31,31,1,1,False,True
HTR3D,viperturb_04.npz,66,66,1,1,False,True
HTR3E,viperturb_04.npz,44,44,1,1,False,True
HTT,viperturb_04.npz,35,35,1,1,False,True
HUWE1,viperturb_04.npz,38,38,1,1,False,True
HYAL1,viperturb_04.npz,35,35,1,1,False,True
HYAL2,viperturb_04.npz,36,36,1,1,False,True
HYAL4,viperturb_04.npz,45,45,1,1,False,True
HYDIN,viperturb_04.npz,43,43,1,1,False,True
HYKK,viperturb_04.npz,29,29,1,1,False,True
HYOU1,viperturb_04.npz,77,77,1,1,False,True
HYPK,viperturb_04.npz,30,30,1,1,False,True
IAH1,viperturb_04.npz,56,56,1,1,False,True
IBTK,viperturb_04.npz,39,39,1,1,False,True
ICA1,viperturb_04.npz,40,40,1,1,False,True
ICA1L,viperturb_04.npz,72,72,1,1,False,True
ICOSLG,viperturb_04.npz,33,33,1,1,False,False
IDO1,viperturb_04.npz,34,34,1,1,False,True
IDS,viperturb_04.npz,68,68,1,1,False,True
IER2,viperturb_04.npz,48,48,1,1,False,True
IER3IP1,viperturb_04.npz,36,36,1,1,False,True
IFFO1,viperturb_04.npz,55,55,1,1,False,True
IFI27,viperturb_04.npz,79,79,1,1,False,True
IFI30,viperturb_04.npz,66,66,1,1,False,True
IFI6,viperturb_04.npz,14,14,1,1,False,True
IFIT1,viperturb_04.npz,46,46,1,1,False,True
IFIT2,viperturb_04.npz,39,39,1,1,False,True
IFIT3,viperturb_04.npz,77,77,1,1,False,True
IFIT5,viperturb_04.npz,34,34,1,1,False,True
IFITM10,viperturb_04.npz,97,97,1,1,False,True
IFNA16,viperturb_04.npz,78,78,1,1,False,True
IFNA17,viperturb_04.npz,57,57,1,1,False,True
IFNA21,viperturb_04.npz,27,27,1,1,False,True
IFNA6,viperturb_04.npz,46,46,1,1,False,True
IFNA7,viperturb_04.npz,30,30,1,1,False,True
IFNAR2,viperturb_04.npz,21,21,1,1,True,True
IFNE,viperturb_04.npz,21,21,1,1,False,True
IFNGR1,viperturb_04.npz,24,24,1,1,False,True
IFNK,viperturb_04.npz,65,65,1,1,False,True
IFNL3,viperturb_04.npz,88,88,1,1,False,True
IFNL4,viperturb_04.npz,76,76,1,1,False,False
IFNLR1,viperturb_04.npz,27,27,1,1,False,True
IFT122,viperturb_04.npz,31,31,1,1,False,True
IFT140,viperturb_04.npz,44,44,1,1,False,True
IFT46,viperturb_04.npz,106,106,1,1,False,True
IFT57,viperturb_04.npz,65,65,1,1,False,True
IGBP1,viperturb_04.npz,25,25,1,1,False,True
IGDCC4,viperturb_04.npz,85,85,1,1,False,True
IGF2BP3,viperturb_04.npz,57,57,1,1,False,True
IGF2R,viperturb_04.npz,37,37,1,1,False,True
IGFBP1,viperturb_04.npz,38,38,1,1,False,True
IGFBP2,viperturb_04.npz,11,11,1,1,False,True
IGFBP4,viperturb_04.npz,74,74,1,1,False,True
IGFBP7,viperturb_04.npz,52,52,1,1,False,True
IGFL4,viperturb_04.npz,71,71,1,1,False,True
IGHMBP2,viperturb_04.npz,27,27,1,1,False,False
IGLL1,viperturb_04.npz,45,45,1,1,False,True
IGLL5,viperturb_04.npz,57,57,1,1,False,False
IGSF11,viperturb_04.npz,44,44,1,1,False,True
IGSF23,viperturb_04.npz,41,41,1,1,False,True
IGSF6,viperturb_04.npz,51,51,1,1,False,True
IGSF9,viperturb_04.npz,38,38,1,1,False,True
IKBKAP,viperturb_04.npz,80,80,1,1,False,False
IKBKE,viperturb_04.npz,54,54,1,1,False,True
IKZF1,viperturb_04.npz,44,44,1,1,False,True
IKZF5,viperturb_04.npz,74,74,1,1,False,True
IL11RA,viperturb_04.npz,44,44,1,1,False,True
IL12RB2,viperturb_04.npz,43,43,1,1,False,True
IL15RA,viperturb_04.npz,26,26,1,1,False,True
IL16,viperturb_04.npz,34,34,1,1,False,True
IL17RA,viperturb_04.npz,49,49,1,1,False,True
IL17RC,viperturb_04.npz,33,33,1,1,False,True
IL18R1,viperturb_04.npz,49,49,1,1,False,True
IL19,viperturb_04.npz,61,61,1,1,False,True
IL1RAPL1,viperturb_04.npz,25,25,1,1,False,True
IL1RL2,viperturb_04.npz,19,19,1,1,False,True
IL21R,viperturb_04.npz,89,89,1,1,False,True
IL23R,viperturb_04.npz,40,40,1,1,False,True
IL26,viperturb_04.npz,25,25,1,1,False,True
IL27,viperturb_04.npz,75,75,1,1,False,True
IL33,viperturb_04.npz,16,16,1,1,False,True
IL36A,viperturb_04.npz,37,37,1,1,False,True
IL36G,viperturb_04.npz,55,55,1,1,False,True
IL36RN,viperturb_04.npz,56,56,1,1,False,True
IL4,viperturb_04.npz,35,35,1,1,False,True
IL9R,viperturb_04.npz,75,75,1,1,False,True
ILDR1,viperturb_04.npz,20,20,1,1,False,True
ILF2,viperturb_04.npz,45,45,1,1,False,True
ILF3,viperturb_04.npz,20,20,1,1,False,True
ILKAP,viperturb_04.npz,111,111,1,1,False,True
ILVBL,viperturb_04.npz,39,39,1,1,False,True
IMMP2L,viperturb_04.npz,47,47,1,1,False,True
IMP3,viperturb_04.npz,11,11,1,1,False,True
IMP4,,0,6,1,0,False,True
IMPA1,viperturb_04.npz,45,45,1,1,False,True
IMPAD1,viperturb_04.npz,43,43,1,1,False,True
IMPDH2,viperturb_04.npz,73,73,1,1,False,True
INAFM2,viperturb_04.npz,16,16,1,1,False,True
ING1,viperturb_04.npz,47,47,1,1,False,True
ING2,viperturb_04.npz,23,23,1,1,False,True
ING3,viperturb_04.npz,45,45,1,1,False,True
INHBE,viperturb_04.npz,64,64,1,1,False,True
INO80,viperturb_04.npz,47,47,1,1,False,True
INO80B,viperturb_04.npz,23,23,1,1,False,True
INO80C,viperturb_04.npz,31,31,1,1,False,True
INPP4A,viperturb_04.npz,115,115,1,1,False,True
INPP5A,viperturb_04.npz,28,28,1,1,False,True
INPP5D,viperturb_04.npz,29,29,1,1,False,True
INPP5E,viperturb_04.npz,69,69,1,1,False,True
INPP5F,viperturb_04.npz,48,48,1,1,False,True
INPP5J,viperturb_04.npz,58,58,1,1,False,True
INPP5K,viperturb_04.npz,51,51,1,1,False,True
INPPL1,viperturb_04.npz,40,40,1,1,False,True
INS,viperturb_04.npz,52,52,1,1,False,True
INSIG2,viperturb_04.npz,14,14,1,1,False,True
INTS1,viperturb_04.npz,51,51,1,1,False,True
INTS10,viperturb_04.npz,49,49,1,1,False,True
INTS12,viperturb_04.npz,18,18,1,1,False,True
INTS14,viperturb_04.npz,42,42,1,1,False,True
INTS3,viperturb_04.npz,22,22,1,1,False,True
INTS4,,0,4,1,0,False,True
INTS5,,0,4,1,0,False,True
INTS8,viperturb_04.npz,22,22,1,1,False,True
INVS,viperturb_04.npz,70,70,1,1,False,True
IP6K2,viperturb_04.npz,26,26,1,1,False,True
IPMK,viperturb_04.npz,51,51,1,1,False,True
IPO13,viperturb_04.npz,48,48,1,1,False,True
IPO4,viperturb_04.npz,61,61,1,1,False,True
IPO9,viperturb_04.npz,63,63,1,1,False,True
IPPK,viperturb_04.npz,23,23,1,1,False,True
IQCA1L,viperturb_04.npz,59,59,1,1,False,True
IQCF5,viperturb_04.npz,25,25,1,1,False,True
IQCJ-SCHIP1,viperturb_04.npz,64,64,1,1,False,False
IQGAP2,viperturb_04.npz,33,33,1,1,False,True
IQSEC3,viperturb_04.npz,53,53,1,1,False,True
IREB2,viperturb_04.npz,60,60,1,1,True,True
IRF1,,0,9,1,0,False,True
IRF2BP1,viperturb_04.npz,33,33,1,1,False,True
IRF2BP2,viperturb_04.npz,32,32,1,1,False,True
IRF3,viperturb_04.npz,42,42,1,1,False,True
IRF6,viperturb_04.npz,31,31,1,1,False,True
IRS1,viperturb_04.npz,50,50,1,1,False,True
ISG15,viperturb_04.npz,38,38,1,1,False,True
ISG20,viperturb_04.npz,29,29,1,1,False,True
ISG20L2,viperturb_04.npz,57,57,1,1,False,True
ISL1,viperturb_04.npz,47,47,1,1,False,True
ISL2,viperturb_04.npz,45,45,1,1,False,True
ISM2,viperturb_04.npz,48,48,1,1,False,True
ISOC2,viperturb_04.npz,38,38,1,1,False,True
ISYNA1,viperturb_04.npz,47,47,1,1,False,True
ITGA4,viperturb_04.npz,44,44,1,1,False,True
ITGAD,viperturb_04.npz,41,41,1,1,False,True
ITGAE,viperturb_04.npz,42,42,1,1,False,False
ITGAV,viperturb_04.npz,35,35,1,1,False,True
ITGAX,viperturb_04.npz,39,39,1,1,False,True
ITGB1BP1,viperturb_04.npz,40,40,1,1,False,True
ITGB8,viperturb_04.npz,11,11,1,1,False,True
ITIH4,viperturb_04.npz,40,40,1,1,False,True
ITIH6,viperturb_04.npz,56,56,1,1,False,True
ITK,viperturb_04.npz,23,23,1,1,False,True
ITLN1,viperturb_04.npz,26,26,1,1,False,True
ITM2B,viperturb_04.npz,48,48,1,1,False,True
ITPK1,viperturb_04.npz,30,30,1,1,False,True
ITPKB,viperturb_04.npz,34,34,1,1,False,True
ITPR2,viperturb_04.npz,60,60,1,1,False,True
ITPRIP,viperturb_04.npz,33,33,1,1,False,True
ITSN1,viperturb_04.npz,31,31,1,1,False,True
ITSN2,viperturb_04.npz,56,56,1,1,False,True
IVD,viperturb_04.npz,41,41,1,1,False,True
IVL,viperturb_04.npz,28,28,1,1,False,True
IWS1,viperturb_04.npz,32,32,1,1,False,True
IYD,viperturb_04.npz,15,15,1,1,False,True
IZUMO3,viperturb_04.npz,51,51,1,1,False,True
JADE2,viperturb_04.npz,68,68,1,1,False,True
JAK1,viperturb_04.npz,64,64,1,1,False,True
JAK2,viperturb_04.npz,70,70,1,1,False,True
JAM3,viperturb_04.npz,50,50,1,1,False,True
JAZF1,viperturb_04.npz,38,38,1,1,False,True
JDP2,viperturb_04.npz,53,53,1,1,False,True
JMJD4,viperturb_04.npz,29,29,1,1,False,True
JMJD6,viperturb_04.npz,34,34,1,1,False,True
JMJD8,viperturb_04.npz,100,100,1,1,False,True
JPH1,viperturb_04.npz,52,52,1,1,False,True
JPT2,viperturb_04.npz,48,48,1,1,False,True
JRK,viperturb_04.npz,53,53,1,1,False,True
JUN,viperturb_04.npz,45,45,1,1,False,True
JUND,viperturb_04.npz,32,32,1,1,False,True
JUP,viperturb_04.npz,45,45,1,1,False,True
KANK2,viperturb_04.npz,69,69,1,1,False,True
KANSL1,viperturb_04.npz,38,38,1,1,False,True
KANSL2,viperturb_04.npz,40,40,1,1,False,True
KAT14,viperturb_04.npz,17,17,1,1,False,True
KAT5,viperturb_04.npz,45,45,1,1,False,True
KAT6A,viperturb_04.npz,45,45,1,1,False,True
KAT7,viperturb_04.npz,30,30,1,1,False,True
KAT8,viperturb_04.npz,39,39,1,1,False,True
KATNAL2,viperturb_04.npz,32,32,1,1,False,True
KAZN,viperturb_04.npz,45,45,1,1,False,True
KBTBD3,viperturb_04.npz,34,34,1,1,False,True
KBTBD8,viperturb_04.npz,71,71,1,1,False,True
KCMF1,,0,9,1,0,False,True
KCNA2,viperturb_04.npz,12,12,1,1,False,True
KCNA5,viperturb_04.npz,32,32,1,1,False,True
KCNB2,viperturb_04.npz,44,44,1,1,False,True
KCND3,viperturb_04.npz,23,23,1,1,False,True
KCNE2,viperturb_04.npz,16,16,1,1,False,True
KCNE3,viperturb_04.npz,57,57,1,1,False,True
KCNE4,viperturb_04.npz,50,50,1,1,False,True
KCNF1,viperturb_04.npz,58,58,1,1,False,True
KCNG1,viperturb_04.npz,51,51,1,1,False,True
KCNH1,viperturb_04.npz,74,74,1,1,False,True
KCNH5,viperturb_04.npz,30,30,1,1,False,True
KCNIP2,viperturb_04.npz,16,16,1,1,False,True
KCNIP3,viperturb_04.npz,58,58,1,1,False,True
KCNJ1,viperturb_04.npz,23,23,1,1,False,True
KCNJ12,viperturb_04.npz,40,40,1,1,False,True
KCNJ3,viperturb_04.npz,77,77,1,1,False,True
KCNJ4,viperturb_04.npz,45,45,1,1,False,True
KCNJ6,viperturb_04.npz,53,53,1,1,False,True
KCNK15,viperturb_04.npz,63,63,1,1,False,True
KCNK4,viperturb_04.npz,72,72,1,1,False,True
KCNK5,viperturb_04.npz,46,46,1,1,False,True
KCNK7,viperturb_04.npz,49,49,1,1,False,True
KCNK9,viperturb_04.npz,56,56,1,1,False,False
KCNMB2,viperturb_04.npz,34,34,1,1,False,True
KCNN2,viperturb_04.npz,63,63,1,1,False,True
KCNV2,viperturb_04.npz,63,63,1,1,False,True
KCTD10,viperturb_04.npz,54,54,1,1,False,True
KCTD13,viperturb_04.npz,28,28,1,1,False,True
KCTD14,viperturb_04.npz,57,57,1,1,False,True
KCTD17,viperturb_04.npz,43,43,1,1,False,True
KCTD2,viperturb_04.npz,27,27,1,1,False,True
KCTD20,viperturb_04.npz,20,20,1,1,False,True
KCTD5,viperturb_04.npz,34,34,1,1,False,True
KDELC1,viperturb_04.npz,21,21,1,1,False,False
KDELC2,viperturb_04.npz,25,25,1,1,False,False
KDELR1,viperturb_04.npz,49,49,1,1,False,True
KDELR3,viperturb_04.npz,59,59,1,1,False,True
KDM1A,viperturb_04.npz,47,47,1,1,False,True
KDM2A,viperturb_04.npz,45,45,1,1,False,True
KDM2B,viperturb_04.npz,59,59,1,1,False,True
KDM3A,viperturb_04.npz,106,106,1,1,False,True
KDM3B,viperturb_04.npz,22,22,1,1,False,True
KDM4D,viperturb_04.npz,43,43,1,1,False,True
KDM5A,viperturb_04.npz,37,37,1,1,True,True
KDM5B,viperturb_04.npz,33,33,1,1,False,True
KDM5C,viperturb_04.npz,15,15,1,1,False,True
KDM8,viperturb_04.npz,54,54,1,1,False,True
KDSR,viperturb_04.npz,47,47,1,1,False,True
KEL,viperturb_04.npz,91,91,1,1,False,True
KERA,viperturb_04.npz,66,66,1,1,False,True
KHDRBS1,viperturb_04.npz,37,37,1,1,True,True
KHDRBS2,viperturb_04.npz,49,49,1,1,False,True
KHK,viperturb_04.npz,47,47,1,1,False,True
KIAA0100,viperturb_04.npz,59,59,1,1,False,True
KIAA0232,viperturb_04.npz,30,30,1,1,False,True
KIAA0319,viperturb_04.npz,63,63,1,1,False,True
KIAA0355,viperturb_04.npz,13,13,1,1,False,True
KIAA0556,viperturb_04.npz,33,33,1,1,False,True
KIAA0586,viperturb_04.npz,53,53,1,1,False,True
KIAA0754,viperturb_04.npz,39,39,1,1,False,False
KIAA0895L,viperturb_04.npz,21,21,1,1,False,True
KIAA0907,viperturb_04.npz,59,59,1,1,False,False
KIAA0930,viperturb_04.npz,48,48,1,1,False,True
KIAA1024L,viperturb_04.npz,78,78,1,1,False,False
KIAA1109,viperturb_04.npz,54,54,1,1,False,True
KIAA1143,viperturb_04.npz,54,54,1,1,False,True
KIAA1217,viperturb_04.npz,50,50,1,1,False,True
KIAA1328,viperturb_04.npz,20,20,1,1,False,True
KIAA1429,viperturb_04.npz,34,34,1,1,False,False
KIAA1524,viperturb_04.npz,27,27,1,1,False,False
KIAA1549L,viperturb_04.npz,65,65,1,1,False,True
KIAA1551,viperturb_04.npz,43,43,1,1,False,False
KIAA1755,viperturb_04.npz,84,84,1,1,False,True
KIAA1841,viperturb_04.npz,70,70,1,1,False,True
KIAA2022,viperturb_04.npz,62,62,1,1,False,False
KIAA2026,viperturb_04.npz,34,34,1,1,False,True
KIF13A,viperturb_04.npz,61,61,1,1,False,True
KIF13B,viperturb_04.npz,32,32,1,1,False,True
KIF15,viperturb_04.npz,33,33,1,1,False,True
KIF16B,viperturb_04.npz,89,89,1,1,False,True
KIF17,viperturb_04.npz,44,44,1,1,False,True
KIF1C,viperturb_04.npz,90,90,1,1,False,True
KIF20A,viperturb_04.npz,26,26,1,1,False,True
KIF20B,viperturb_04.npz,56,56,1,1,False,True
KIF21B,viperturb_04.npz,62,62,1,1,True,True
KIF27,viperturb_04.npz,47,47,1,1,False,True
KIF3B,viperturb_04.npz,64,64,1,1,False,True
KIF5A,viperturb_04.npz,45,45,1,1,False,True
KIF5B,viperturb_04.npz,10,10,1,1,False,True
KIF6,viperturb_04.npz,51,51,1,1,False,True
KIRREL,viperturb_04.npz,21,21,1,1,False,False
KIRREL2,viperturb_04.npz,71,71,1,1,False,True
KL,viperturb_04.npz,50,50,1,1,False,True
KLC2,viperturb_04.npz,60,60,1,1,False,True
KLF1,viperturb_04.npz,48,48,1,1,False,True
KLF16,viperturb_04.npz,30,30,1,1,False,True
KLF3,viperturb_04.npz,50,50,1,1,False,True
KLF4,viperturb_04.npz,52,52,1,1,False,True
KLF6,viperturb_04.npz,85,85,1,1,False,True
KLF9,viperturb_04.npz,60,60,1,1,False,True
KLHDC1,viperturb_04.npz,40,40,1,1,False,True
KLHDC3,viperturb_04.npz,81,81,1,1,False,True
KLHDC8A,viperturb_04.npz,44,44,1,1,False,True
KLHDC8B,viperturb_04.npz,54,54,1,1,False,True
KLHDC9,viperturb_04.npz,72,72,1,1,False,True
KLHL12,viperturb_04.npz,25,25,1,1,False,True
KLHL13,viperturb_04.npz,28,28,1,1,False,True
KLHL14,viperturb_04.npz,58,58,1,1,False,True
KLHL18,viperturb_04.npz,56,56,1,1,False,True
KLHL22,viperturb_04.npz,59,59,1,1,False,True
KLHL24,viperturb_04.npz,64,64,1,1,False,True
KLHL26,viperturb_04.npz,38,38,1,1,False,True
KLHL33,viperturb_04.npz,69,69,1,1,False,True
KLHL36,viperturb_04.npz,32,32,1,1,False,True
KLHL38,viperturb_04.npz,45,45,1,1,False,True
KLHL6,viperturb_04.npz,33,33,1,1,False,True
KLHL7,viperturb_04.npz,53,53,1,1,False,True
KLK1,viperturb_04.npz,88,88,1,1,False,True
KLK13,viperturb_04.npz,57,57,1,1,False,True
KLK3,viperturb_04.npz,31,31,1,1,False,True
KLK5,viperturb_04.npz,66,66,1,1,False,True
KLK7,viperturb_04.npz,89,89,1,1,False,True
KLK8,viperturb_04.npz,27,27,1,1,False,True
KLLN,viperturb_04.npz,44,44,1,1,False,True
KLRC4,viperturb_04.npz,85,85,1,1,False,True
KLRF1,viperturb_04.npz,52,52,1,1,False,True
KLRK1,viperturb_04.npz,46,46,1,1,False,True
KMT2A,viperturb_04.npz,27,27,1,1,True,True
KMT2D,viperturb_04.npz,102,102,1,1,False,True
KMT2E,viperturb_04.npz,47,47,1,1,False,True
KNDC1,viperturb_04.npz,33,33,1,1,False,True
KNG1,viperturb_04.npz,21,21,1,1,False,True
KPNA2,viperturb_04.npz,36,36,1,1,False,True
KPNB1,viperturb_04.npz,31,31,1,1,False,True
KPRP,viperturb_04.npz,73,73,1,1,False,True
KRAS,viperturb_04.npz,63,63,1,1,False,True
KRBA2,viperturb_04.npz,42,42,1,1,False,True
KRBOX4,viperturb_04.npz,46,46,1,1,False,True
KREMEN1,viperturb_04.npz,41,41,1,1,False,True
KRI1,viperturb_04.npz,34,34,1,1,False,True
KRIT1,viperturb_04.npz,75,75,1,1,False,True
KRR1,viperturb_04.npz,11,11,1,1,False,True
KRT1,viperturb_04.npz,11,11,1,1,False,True
KRT14,viperturb_04.npz,44,44,1,1,False,True
KRT17,viperturb_04.npz,51,51,1,1,False,True
KRT2,viperturb_04.npz,67,67,1,1,False,True
KRT24,viperturb_04.npz,37,37,1,1,False,True
KRT32,viperturb_04.npz,52,52,1,1,False,True
KRT33B,viperturb_04.npz,37,37,1,1,False,True
KRT36,viperturb_04.npz,53,53,1,1,False,True
KRT38,viperturb_04.npz,34,34,1,1,False,True
KRT39,viperturb_04.npz,68,68,1,1,False,True
KRT5,viperturb_04.npz,77,77,1,1,False,True
KRT7,viperturb_04.npz,60,60,1,1,False,True
KRT72,viperturb_04.npz,26,26,1,1,False,True
KRT73,viperturb_04.npz,58,58,1,1,False,True
KRT74,viperturb_04.npz,78,78,1,1,False,True
KRT78,viperturb_04.npz,52,52,1,1,False,True
KRT79,viperturb_04.npz,38,38,1,1,False,True
KRT83,viperturb_04.npz,46,46,1,1,False,True
KRT84,viperturb_04.npz,30,30,1,1,False,True
KRTAP1-3,viperturb_04.npz,58,58,1,1,False,True
KRTAP1-4,viperturb_04.npz,48,48,1,1,False,True
KRTAP10-11,viperturb_04.npz,26,26,1,1,False,True
KRTAP12-2,viperturb_04.npz,72,72,1,1,False,True
KRTAP12-4,viperturb_04.npz,86,86,1,1,False,True
KRTAP13-2,viperturb_04.npz,60,60,1,1,False,True
KRTAP13-3,viperturb_04.npz,28,28,1,1,False,True
KRTAP2-1,viperturb_04.npz,20,20,1,1,False,False
KRTAP2-3,viperturb_04.npz,18,18,1,1,False,True
KRTAP24-1,viperturb_04.npz,25,25,1,1,False,True
KRTAP26-1,viperturb_04.npz,65,65,1,1,False,True
KRTAP27-1,viperturb_04.npz,16,16,1,1,False,True
KRTAP3-2,viperturb_04.npz,77,77,1,1,False,True
KRTAP4-4,viperturb_04.npz,43,43,1,1,False,True
KRTAP4-5,viperturb_04.npz,53,53,1,1,False,True
KRTAP4-8,viperturb_04.npz,40,40,1,1,False,True
KRTAP5-11,viperturb_04.npz,30,30,1,1,False,True
KRTAP5-7,viperturb_04.npz,11,11,1,1,False,True
KRTAP5-8,viperturb_04.npz,57,57,1,1,False,True
KRTAP5-9,viperturb_04.npz,55,55,1,1,False,True
KRTAP9-4,viperturb_04.npz,18,18,1,1,False,True
KSR1,viperturb_04.npz,37,37,1,1,False,True
KSR2,viperturb_04.npz,37,37,1,1,False,True
KTI12,viperturb_04.npz,40,40,1,1,False,True
KYAT3,viperturb_04.npz,37,37,1,1,False,True
L1CAM,viperturb_04.npz,71,71,1,1,False,True
L2HGDH,viperturb_04.npz,54,54,1,1,False,True
L3MBTL1,viperturb_04.npz,32,32,1,1,False,True
L3MBTL2,viperturb_04.npz,53,53,1,1,False,True
LACRT,viperturb_04.npz,46,46,1,1,False,True
LACTBL1,viperturb_04.npz,61,61,1,1,False,True
LAGE3,viperturb_04.npz,81,81,1,1,False,True
LAMA1,viperturb_04.npz,30,30,1,1,False,True
LAMA2,viperturb_04.npz,39,39,1,1,False,True
LAMA3,viperturb_04.npz,51,51,1,1,False,True
LAMB2,viperturb_04.npz,55,55,1,1,False,True
LAMC3,viperturb_04.npz,24,24,1,1,False,True
LAMTOR1,viperturb_04.npz,26,26,1,1,False,True
LAMTOR2,viperturb_04.npz,31,31,1,1,False,True
LAMTOR3,viperturb_04.npz,27,27,1,1,False,True
LAMTOR4,viperturb_04.npz,35,35,1,1,False,True
LAMTOR5,viperturb_04.npz,59,59,1,1,False,True
LANCL2,viperturb_04.npz,21,21,1,1,False,True
LAP3,viperturb_04.npz,32,32,1,1,False,True
LAPTM4B,viperturb_04.npz,83,83,1,1,False,True
LARGE2,viperturb_04.npz,46,46,1,1,False,True
LARP4,viperturb_04.npz,48,48,1,1,False,True
LARP6,viperturb_04.npz,35,35,1,1,False,True
LARS,viperturb_04.npz,34,34,1,1,False,True
LARS2,viperturb_04.npz,16,16,1,1,False,True
LAS1L,viperturb_04.npz,41,41,1,1,False,True
LASP1,viperturb_04.npz,39,39,1,1,False,True
LAT,viperturb_04.npz,55,55,1,1,False,True
LAYN,viperturb_04.npz,12,12,1,1,False,True
LBR,viperturb_04.npz,93,93,1,1,False,True
LBX2,viperturb_04.npz,44,44,1,1,False,True
LCA5,viperturb_04.npz,85,85,1,1,False,True
LCA5L,viperturb_04.npz,49,49,1,1,False,True
LCE2B,viperturb_04.npz,31,31,1,1,False,True
LCE2D,viperturb_04.npz,66,66,1,1,False,True
LCE3A,viperturb_05.npz,56,56,1,1,False,True
LCE3E,viperturb_05.npz,18,18,1,1,False,True
LCMT1,viperturb_05.npz,92,92,1,1,False,True
LCN8,viperturb_05.npz,70,70,1,1,False,True
LCN9,viperturb_05.npz,30,30,1,1,False,True
LCORL,viperturb_05.npz,50,50,1,1,False,True
LCP2,viperturb_05.npz,20,20,1,1,False,True
LDB1,viperturb_05.npz,115,115,1,1,False,True
LDB2,viperturb_05.npz,100,100,1,1,False,True
LDB3,viperturb_05.npz,47,47,1,1,False,True
LDHB,viperturb_05.npz,32,32,1,1,False,True
LDHC,viperturb_05.npz,41,41,1,1,False,True
LDLRAD1,viperturb_05.npz,17,17,1,1,False,True
LDLRAD2,viperturb_05.npz,11,11,1,1,False,False
LEMD3,viperturb_05.npz,65,65,1,1,False,True
LENG8,viperturb_05.npz,13,13,1,1,False,True
LENG9,viperturb_05.npz,63,63,1,1,False,True
LEO1,viperturb_05.npz,22,22,1,1,False,True
LETM1,viperturb_05.npz,45,45,1,1,False,True
LGALS1,viperturb_05.npz,45,45,1,1,False,True
LGALS2,viperturb_05.npz,28,28,1,1,False,True
LGALS3,viperturb_05.npz,45,45,1,1,False,True
LGALS3BP,viperturb_05.npz,68,68,1,1,False,True
LGALS7,viperturb_05.npz,15,15,1,1,False,True
LGI3,viperturb_05.npz,43,43,1,1,False,True
LGR6,viperturb_05.npz,43,43,1,1,False,True
LHFP,viperturb_05.npz,46,46,1,1,False,False
LHFPL1,viperturb_05.npz,51,51,1,1,False,True
LHFPL4,viperturb_05.npz,33,33,1,1,False,True
LHFPL5,viperturb_05.npz,23,23,1,1,False,False
LHX5,viperturb_05.npz,30,30,1,1,False,True
LHX6,viperturb_05.npz,100,100,1,1,False,True
LIFR,viperturb_05.npz,40,40,1,1,False,True
LIG4,viperturb_05.npz,27,27,1,1,False,True
LILRA1,viperturb_05.npz,58,58,1,1,False,True
LILRA4,viperturb_05.npz,88,88,1,1,False,True
LILRA6,viperturb_05.npz,61,61,1,1,False,True
LILRB1,viperturb_05.npz,36,36,1,1,False,True
LILRB3,viperturb_05.npz,70,70,1,1,False,False
LILRB4,viperturb_05.npz,20,20,1,1,False,True
LIMD1,viperturb_05.npz,32,32,1,1,False,True
LIMK1,viperturb_05.npz,81,81,1,1,False,True
LIMK2,viperturb_05.npz,36,36,1,1,False,True
LIMS3,viperturb_05.npz,96,96,1,1,False,False
LIN37,viperturb_05.npz,47,47,1,1,False,True
LIN52,viperturb_05.npz,24,24,1,1,False,True
LIN54,viperturb_05.npz,63,63,1,1,False,True
LIN7B,viperturb_05.npz,36,36,1,1,False,True
LIN7C,viperturb_05.npz,48,48,1,1,False,True
LINC01750,viperturb_05.npz,51,51,1,1,False,False
LINC02210-CRHR1,viperturb_05.npz,45,45,1,1,False,False
LINGO2,viperturb_05.npz,91,91,1,1,False,True
LIPE,viperturb_05.npz,65,65,1,1,False,True
LIPI,viperturb_05.npz,42,42,1,1,False,True
LIPN,viperturb_05.npz,52,52,1,1,False,True
LIPT1,viperturb_05.npz,79,79,1,1,False,True
LMBR1,viperturb_05.npz,70,70,1,1,False,True
LMBRD1,viperturb_05.npz,32,32,1,1,False,True
LMBRD2,viperturb_05.npz,44,44,1,1,True,True
LMF1,viperturb_05.npz,13,13,1,1,False,True
LMLN,viperturb_05.npz,96,96,1,1,False,True
LMNA,viperturb_05.npz,69,69,1,1,False,True
LMNB1,viperturb_05.npz,77,77,1,1,False,True
LMNB2,viperturb_05.npz,46,46,1,1,False,True
LMNTD2,viperturb_05.npz,76,76,1,1,False,True
LMO2,viperturb_05.npz,15,15,1,1,False,True
LMO7,viperturb_05.npz,38,38,1,1,False,True
LMOD2,viperturb_05.npz,58,58,1,1,False,True
LMTK3,viperturb_05.npz,44,44,1,1,False,True
LOC100128988,viperturb_05.npz,43,43,1,1,False,False
LOC100130370,viperturb_05.npz,30,30,1,1,False,False
LOC100130597,viperturb_05.npz,46,46,1,1,False,False
LOC100132813,viperturb_05.npz,61,61,1,1,False,False
LOC100134391,viperturb_05.npz,54,54,1,1,False,False
LOC100144595,viperturb_05.npz,39,39,1,1,False,False
LOC100506127,viperturb_05.npz,36,36,1,1,False,False
LOC100506388,viperturb_05.npz,39,39,1,1,False,False
LOC100996693,viperturb_05.npz,72,72,1,1,False,False
LOC101927572,viperturb_05.npz,65,65,1,1,False,False
LOC101927844,viperturb_05.npz,42,42,1,1,False,False
LOC101928436,viperturb_05.npz,63,63,1,1,False,False
LOC101928841,viperturb_05.npz,62,62,1,1,False,False
LOC101929372,viperturb_05.npz,47,47,1,1,False,False
LOC102724265,viperturb_05.npz,54,54,1,1,False,False
LOC105377134,viperturb_05.npz,48,48,1,1,False,False
LOC157860,viperturb_05.npz,52,52,1,1,False,False
LOC283454,viperturb_05.npz,26,26,1,1,False,False
LOC284108,viperturb_05.npz,20,20,1,1,False,False
LOC285423,viperturb_05.npz,14,14,1,1,False,False
LOC388780,viperturb_05.npz,31,31,1,1,False,False
LOC389895,viperturb_05.npz,60,60,1,1,False,False
LOC400927-CSNK1E,viperturb_05.npz,81,81,1,1,False,False
LOC403312,viperturb_05.npz,53,53,1,1,False,False
LOC643802,viperturb_05.npz,76,76,1,1,False,False
LOC650293,viperturb_05.npz,61,61,1,1,False,False
LONRF1,viperturb_05.npz,24,24,1,1,False,True
LPAR1,viperturb_05.npz,11,11,1,1,False,True
LPAR2,viperturb_05.npz,52,52,1,1,False,True
LPAR3,viperturb_05.npz,56,56,1,1,False,True
LPGAT1,viperturb_05.npz,48,48,1,1,False,True
LPIN2,viperturb_05.npz,53,53,1,1,False,True
LRAT,viperturb_05.npz,100,100,1,1,False,True
LRCH2,viperturb_05.npz,44,44,1,1,False,True
LRFN1,,0,8,1,0,False,True
LRIF1,viperturb_05.npz,28,28,1,1,False,True
LRIT1,viperturb_05.npz,28,28,1,1,False,True
LRIT3,viperturb_05.npz,41,41,1,1,False,True
LRMDA,viperturb_05.npz,10,10,1,1,False,True
LRMP,viperturb_05.npz,33,33,1,1,False,True
LRP2,viperturb_05.npz,49,49,1,1,False,True
LRP2BP,viperturb_05.npz,51,51,1,1,False,True
LRP4,viperturb_05.npz,28,28,1,1,False,True
LRP5,viperturb_05.npz,91,91,1,1,False,True
LRPAP1,viperturb_05.npz,36,36,1,1,False,True
LRRC10,viperturb_05.npz,36,36,1,1,False,True
LRRC17,viperturb_05.npz,70,70,1,1,False,True
LRRC23,viperturb_05.npz,32,32,1,1,False,True
LRRC26,viperturb_05.npz,52,52,1,1,False,True
LRRC29,viperturb_05.npz,56,56,1,1,False,True
LRRC30,viperturb_05.npz,91,91,1,1,False,True
LRRC31,viperturb_05.npz,43,43,1,1,False,True
LRRC37A2,viperturb_05.npz,74,74,1,1,False,True
LRRC37A3,viperturb_05.npz,31,31,1,1,False,True
LRRC43,viperturb_05.npz,75,75,1,1,False,True
LRRC47,viperturb_05.npz,65,65,1,1,False,True
LRRC52,viperturb_05.npz,48,48,1,1,False,True
LRRC57,viperturb_05.npz,67,67,1,1,False,True
LRRC63,viperturb_05.npz,69,69,1,1,False,True
LRRC70,viperturb_05.npz,35,35,1,1,False,True
LRRC72,viperturb_05.npz,37,37,1,1,False,True
LRRC73,viperturb_05.npz,48,48,1,1,False,True
LRRC74B,viperturb_05.npz,57,57,1,1,False,True
LRRFIP2,viperturb_05.npz,37,37,1,1,False,True
LRRN2,viperturb_05.npz,60,60,1,1,False,True
LRRN3,viperturb_05.npz,80,80,1,1,False,True
LRRN4,viperturb_05.npz,27,27,1,1,False,True
LRRN4CL,viperturb_05.npz,45,45,1,1,False,True
LRRTM1,viperturb_05.npz,78,78,1,1,False,True
LRRTM4,viperturb_05.npz,67,67,1,1,False,True
LSAMP,viperturb_05.npz,45,45,1,1,False,True
LSG1,viperturb_05.npz,25,25,1,1,False,True
LSM10,viperturb_05.npz,21,21,1,1,False,True
LSM12,viperturb_05.npz,39,39,1,1,False,True
LSM14A,viperturb_05.npz,12,12,1,1,False,True
LSM2,viperturb_05.npz,40,40,1,1,False,True
LSM3,viperturb_05.npz,26,26,1,1,False,True
LSM5,,0,3,1,0,False,True
LSM6,viperturb_05.npz,20,20,1,1,False,True
LSM8,viperturb_05.npz,34,34,1,1,False,True
LSMEM1,viperturb_05.npz,20,20,1,1,False,True
LTB,viperturb_05.npz,26,26,1,1,False,True
LTB4R2,viperturb_05.npz,74,74,1,1,False,True
LTBP4,viperturb_05.npz,28,28,1,1,False,True
LUC7L2,viperturb_05.npz,27,27,1,1,False,True
LUC7L3,viperturb_05.npz,20,20,1,1,False,True
LUM,viperturb_05.npz,66,66,1,1,False,True
LURAP1L,viperturb_05.npz,55,55,1,1,False,True
LY6D,viperturb_05.npz,23,23,1,1,False,True
LY6E,viperturb_05.npz,55,55,1,1,False,True
LY6G6C,viperturb_05.npz,36,36,1,1,False,True
LY86,viperturb_05.npz,54,54,1,1,False,True
LY96,viperturb_05.npz,35,35,1,1,False,True
LYAR,viperturb_05.npz,52,52,1,1,False,True
LYG2,viperturb_05.npz,40,40,1,1,False,False
LYL1,viperturb_05.npz,72,72,1,1,False,True
LYPD2,viperturb_05.npz,42,42,1,1,False,True
LYPD4,viperturb_05.npz,25,25,1,1,False,True
LYPD5,viperturb_05.npz,46,46,1,1,False,True
LYRM1,viperturb_05.npz,82,82,1,1,False,True
LYRM2,viperturb_05.npz,52,52,1,1,False,True
LYSMD2,viperturb_05.npz,53,53,1,1,False,True
LYST,viperturb_05.npz,40,40,1,1,False,True
LZTS1,viperturb_05.npz,47,47,1,1,False,True
LZTS2,viperturb_05.npz,49,49,1,1,False,True
M1AP,viperturb_05.npz,54,54,1,1,False,True
M6PR,viperturb_05.npz,80,80,1,1,False,True
MAATS1,viperturb_05.npz,49,49,1,1,False,True
MAB21L1,viperturb_05.npz,97,97,1,1,False,True
MACC1,viperturb_05.npz,45,45,1,1,False,True
MADD,viperturb_05.npz,58,58,1,1,False,True
MAEL,viperturb_05.npz,78,78,1,1,False,True
MAFA,viperturb_05.npz,70,70,1,1,False,True
MAFF,viperturb_05.npz,32,32,1,1,False,True
MAFK,viperturb_05.npz,63,63,1,1,False,True
MAGEA1,viperturb_05.npz,74,74,1,1,False,True
MAGEA12,viperturb_05.npz,21,21,1,1,False,True
MAGEA2,viperturb_05.npz,68,68,1,1,False,False
MAGEA5,viperturb_05.npz,33,33,1,1,False,False
MAGEA6,viperturb_05.npz,22,22,1,1,False,True
MAGEA8,viperturb_05.npz,48,48,1,1,False,True
MAGEA9,viperturb_05.npz,32,32,1,1,False,False
MAGEB10,viperturb_05.npz,38,38,1,1,False,True
MAGEB2,viperturb_05.npz,55,55,1,1,False,True
MAGEB4,viperturb_05.npz,43,43,1,1,False,True
MAGEB5,viperturb_05.npz,56,56,1,1,False,True
MAGED4,viperturb_05.npz,22,22,1,1,False,False
MAGED4B,viperturb_05.npz,78,78,1,1,False,False
MAGEE1,viperturb_05.npz,45,45,1,1,False,True
MAGEF1,viperturb_05.npz,39,39,1,1,False,True
MAGEH1,viperturb_05.npz,26,26,1,1,False,True
MAGI1,viperturb_05.npz,23,23,1,1,False,True
MAGIX,viperturb_05.npz,68,68,1,1,False,True
MAGOHB,viperturb_05.npz,37,37,1,1,False,True
MAGT1,viperturb_05.npz,21,21,1,1,False,True
MAJIN,viperturb_05.npz,57,57,1,1,False,True
MAK,viperturb_05.npz,44,44,1,1,False,True
MALRD1,viperturb_05.npz,37,37,1,1,False,True
MALSU1,viperturb_05.npz,54,54,1,1,False,True
MALT1,viperturb_05.npz,92,92,1,1,False,True
MAMSTR,viperturb_05.npz,59,59,1,1,False,True
MAN2B2,viperturb_05.npz,62,62,1,1,False,True
MANBA,viperturb_05.npz,48,48,1,1,False,True
MANEAL,viperturb_05.npz,65,65,1,1,False,True
MANF,viperturb_05.npz,48,48,1,1,False,True
MANSC1,viperturb_05.npz,55,55,1,1,False,True
MANSC4,viperturb_05.npz,61,61,1,1,False,True
MAP1LC3B,viperturb_05.npz,54,54,1,1,False,True
MAP2K1,viperturb_05.npz,53,53,1,1,False,True
MAP2K3,viperturb_05.npz,42,42,1,1,False,True
MAP2K7,viperturb_05.npz,50,50,1,1,False,True
MAP3K10,viperturb_05.npz,59,59,1,1,False,True
MAP3K20,viperturb_05.npz,52,52,1,1,False,True
MAP3K4,viperturb_05.npz,39,39,1,1,False,True
MAP3K9,viperturb_05.npz,71,71,1,1,False,True
MAP4,viperturb_05.npz,72,72,1,1,False,True
MAP4K5,viperturb_05.npz,60,60,1,1,False,True
MAP6,viperturb_05.npz,53,53,1,1,False,True
MAP6D1,viperturb_05.npz,90,90,1,1,False,True
MAP7D3,viperturb_05.npz,54,54,1,1,False,True
MAPK1,viperturb_05.npz,106,106,1,1,False,True
MAPK11,viperturb_05.npz,24,24,1,1,False,True
MAPK14,viperturb_05.npz,28,28,1,1,False,True
MAPK1IP1L,viperturb_05.npz,52,52,1,1,False,True
MAPK6,viperturb_05.npz,31,31,1,1,False,True
MAPK8IP2,viperturb_05.npz,66,66,1,1,False,True
MAPK9,viperturb_05.npz,25,25,1,1,False,True
MAPKBP1,viperturb_05.npz,23,23,1,1,False,True
MARCH2,viperturb_05.npz,62,62,1,1,False,True
MARCH6,viperturb_05.npz,17,17,1,1,False,True
MARCH9,viperturb_05.npz,27,27,1,1,False,True
MARK1,viperturb_05.npz,48,48,1,1,False,True
MARK2,viperturb_05.npz,26,26,1,1,False,True
MARK3,viperturb_05.npz,97,97,1,1,False,True
MARS,,0,7,1,0,False,True
MARS2,viperturb_05.npz,30,30,1,1,False,True
MARVELD3,viperturb_05.npz,50,50,1,1,False,True
MASP2,viperturb_05.npz,32,32,1,1,False,True
MAST4,viperturb_05.npz,48,48,1,1,False,True
MAT1A,viperturb_05.npz,64,64,1,1,False,True
MAT2B,viperturb_05.npz,59,59,1,1,False,True
MATK,viperturb_05.npz,38,38,1,1,False,True
MATN1,viperturb_05.npz,45,45,1,1,False,True
MATN2,viperturb_05.npz,64,64,1,1,False,True
MATR3,viperturb_05.npz,17,17,1,1,False,False
MBD1,viperturb_05.npz,47,47,1,1,False,True
MBD2,viperturb_05.npz,40,40,1,1,False,True
MBD3,viperturb_05.npz,42,42,1,1,False,True
MBD3L3,viperturb_05.npz,65,65,1,1,False,False
MBD4,viperturb_05.npz,33,33,1,1,True,True
MBD6,viperturb_05.npz,29,29,1,1,False,True
MBIP,viperturb_05.npz,27,27,1,1,False,True
MBLAC1,viperturb_05.npz,38,38,1,1,False,False
MBLAC2,viperturb_05.npz,15,15,1,1,False,True
MBNL1,viperturb_05.npz,28,28,1,1,False,True
MBNL2,viperturb_05.npz,87,87,1,1,False,True
MBOAT1,,0,8,1,0,False,True
MBTD1,viperturb_05.npz,33,33,1,1,False,True
MBTPS1,viperturb_05.npz,57,57,1,1,False,True
MBTPS2,viperturb_05.npz,74,74,1,1,False,True
MC5R,viperturb_05.npz,100,100,1,1,False,True
MCC,viperturb_05.npz,75,75,1,1,False,True
MCEE,viperturb_05.npz,39,39,1,1,False,True
MCEMP1,viperturb_05.npz,63,63,1,1,False,True
MCF2L2,viperturb_05.npz,54,54,1,1,False,True
MCFD2,viperturb_05.npz,96,96,1,1,False,True
MCM3,viperturb_05.npz,35,35,1,1,False,True
MCM3AP,viperturb_05.npz,17,17,1,1,False,True
MCM4,viperturb_05.npz,53,53,1,1,False,True
MCM6,viperturb_05.npz,30,30,1,1,False,True
MCM8,viperturb_05.npz,35,35,1,1,False,True
MCOLN3,viperturb_05.npz,20,20,1,1,False,True
MCPH1,viperturb_05.npz,45,45,1,1,False,True
MCRIP1,viperturb_05.npz,39,39,1,1,False,True
MCRIP2,viperturb_05.npz,28,28,1,1,False,True
MCTP1,viperturb_05.npz,66,66,1,1,False,True
MCTS1,viperturb_05.npz,40,40,1,1,False,True
MCU,viperturb_05.npz,29,29,1,1,False,True
MCUR1,viperturb_05.npz,49,49,1,1,False,True
MDFIC,viperturb_05.npz,48,48,1,1,False,True
MDGA1,viperturb_05.npz,65,65,1,1,False,True
MDGA2,viperturb_05.npz,82,82,1,1,False,True
MDH2,viperturb_05.npz,82,82,1,1,False,True
MDK,viperturb_05.npz,42,42,1,1,False,True
MDM2,viperturb_05.npz,19,19,1,1,False,True
MDN1,viperturb_05.npz,23,23,1,1,False,True
MDP1,viperturb_05.npz,29,29,1,1,False,True
ME2,viperturb_05.npz,78,78,1,1,False,True
ME3,viperturb_05.npz,69,69,1,1,False,True
MEAF6,viperturb_05.npz,34,34,1,1,False,True
MED1,viperturb_05.npz,41,41,1,1,False,True
MED10,viperturb_05.npz,53,53,1,1,False,True
MED13L,viperturb_05.npz,42,42,1,1,False,True
MED14,viperturb_05.npz,31,31,1,1,False,True
MED14OS,viperturb_05.npz,19,19,1,1,False,False
MED15,viperturb_05.npz,20,20,1,1,True,True
MED16,viperturb_05.npz,33,33,1,1,False,True
MED18,viperturb_05.npz,26,26,1,1,False,True
MED19,viperturb_05.npz,25,25,1,1,False,True
MED21,viperturb_05.npz,17,17,1,1,False,True
MED23,viperturb_05.npz,34,34,1,1,False,True
MED24,viperturb_05.npz,28,28,1,1,False,True
MED25,viperturb_05.npz,66,66,1,1,True,True
MED29,,0,3,1,0,False,True
MED30,viperturb_05.npz,23,23,1,1,False,True
MED31,viperturb_05.npz,35,35,1,1,False,True
MED4,viperturb_05.npz,24,24,1,1,False,True
MED7,viperturb_05.npz,10,10,1,1,False,True
MED8,viperturb_05.npz,15,15,1,1,False,True
MED9,viperturb_05.npz,15,15,1,1,False,True
MEF2B,viperturb_05.npz,44,44,1,1,False,True
MEF2C,viperturb_05.npz,49,49,1,1,False,True
MEF2D,viperturb_05.npz,32,32,1,1,False,True
MEGF6,viperturb_05.npz,45,45,1,1,False,True
MEGF8,viperturb_05.npz,63,63,1,1,False,True
MEGF9,viperturb_05.npz,44,44,1,1,False,True
MEI1,viperturb_05.npz,44,44,1,1,False,True
MEIS1,viperturb_05.npz,48,48,1,1,False,True
MEIS2,viperturb_05.npz,19,19,1,1,False,True
MEIS3,viperturb_05.npz,67,67,1,1,False,True
MELK,,0,6,1,0,False,True
MEMO1,viperturb_05.npz,21,21,1,1,False,True
MEN1,viperturb_05.npz,46,46,1,1,False,True
MEOX1,viperturb_05.npz,20,20,1,1,False,True
MEOX2,viperturb_05.npz,51,51,1,1,False,True
MEP1B,viperturb_05.npz,57,57,1,1,False,True
MEPCE,viperturb_05.npz,85,85,1,1,False,True
MERTK,viperturb_05.npz,34,34,1,1,False,True
MESDC2,viperturb_05.npz,39,39,1,1,False,False
MESP2,viperturb_05.npz,32,32,1,1,False,True
MEST,viperturb_05.npz,92,92,1,1,False,True
MET,viperturb_05.npz,32,32,1,1,False,True
METAP1,viperturb_05.npz,27,27,1,1,False,False
METAP2,,0,8,1,0,False,True
METRN,viperturb_05.npz,62,62,1,1,False,True
METTL11B,viperturb_05.npz,68,68,1,1,False,True
METTL13,viperturb_05.npz,45,45,1,1,False,False
METTL14,viperturb_05.npz,103,103,1,1,False,True
METTL16,viperturb_05.npz,23,23,1,1,False,True
METTL17,viperturb_05.npz,69,69,1,1,False,True
METTL18,viperturb_05.npz,36,36,1,1,False,True
METTL21A,viperturb_05.npz,22,22,1,1,False,True
METTL21C,viperturb_05.npz,25,25,1,1,False,True
METTL22,viperturb_05.npz,46,46,1,1,False,True
METTL23,viperturb_05.npz,60,60,1,1,False,True
METTL25,viperturb_05.npz,66,66,1,1,False,True
METTL26,viperturb_05.npz,53,53,1,1,False,True
METTL3,viperturb_05.npz,38,38,1,1,False,True
METTL4,viperturb_05.npz,24,24,1,1,False,True
METTL5,viperturb_05.npz,55,55,1,1,False,True
METTL8,viperturb_05.npz,77,77,1,1,False,True
MEX3B,viperturb_05.npz,46,46,1,1,False,True
MEX3D,viperturb_05.npz,37,37,1,1,False,True
MFAP5,viperturb_05.npz,48,48,1,1,False,True
MFF,viperturb_05.npz,62,62,1,1,False,True
MFNG,viperturb_05.npz,120,120,1,1,False,True
MFSD10,viperturb_05.npz,81,81,1,1,False,True
MFSD8,viperturb_05.npz,93,93,1,1,False,True
MGA,viperturb_05.npz,46,46,1,1,False,True
MGARP,viperturb_05.npz,35,35,1,1,False,True
MGAT3,viperturb_05.npz,87,87,1,1,False,True
MGEA5,viperturb_05.npz,67,67,1,1,False,False
MGST1,viperturb_05.npz,69,69,1,1,False,True
MIB2,viperturb_05.npz,25,25,1,1,False,True
MICAL3,viperturb_05.npz,55,55,1,1,False,True
MICALL1,viperturb_05.npz,71,71,1,1,False,True
MICU1,viperturb_05.npz,40,40,1,1,False,True
MICU3,viperturb_05.npz,54,54,1,1,False,True
MIER2,viperturb_05.npz,65,65,1,1,False,True
MIGA2,viperturb_05.npz,40,40,1,1,False,True
MILR1,viperturb_05.npz,34,34,1,1,False,True
MIOS,viperturb_05.npz,76,76,1,1,False,True
MIOX,viperturb_05.npz,25,25,1,1,False,True
MIPEP,viperturb_05.npz,33,33,1,1,False,True
MIPOL1,viperturb_05.npz,44,44,1,1,False,True
MIR1-1HG,viperturb_05.npz,90,90,1,1,False,False
MIR205HG,viperturb_05.npz,43,43,1,1,False,False
MIS18A,viperturb_05.npz,44,44,1,1,False,True
MIS18BP1,viperturb_05.npz,26,26,1,1,False,True
MKI67,viperturb_05.npz,49,49,1,1,False,True
MKLN1,viperturb_05.npz,47,47,1,1,False,True
MKNK1,viperturb_05.npz,99,99,1,1,False,True
MKRN2OS,viperturb_05.npz,40,40,1,1,False,True
MKS1,viperturb_05.npz,65,65,1,1,False,True
MLC1,viperturb_05.npz,44,44,1,1,False,True
MLEC,viperturb_05.npz,37,37,1,1,False,True
MLIP,viperturb_05.npz,70,70,1,1,False,True
MLKL,viperturb_05.npz,50,50,1,1,True,True
MLLT1,viperturb_05.npz,35,35,1,1,False,True
MLLT11,viperturb_05.npz,54,54,1,1,False,True
MLLT6,viperturb_05.npz,92,92,1,1,False,True
MLNR,viperturb_05.npz,49,49,1,1,False,True
MLPH,viperturb_05.npz,45,45,1,1,False,True
MLYCD,viperturb_05.npz,62,62,1,1,False,True
MMAB,viperturb_05.npz,33,33,1,1,False,True
MMACHC,viperturb_05.npz,46,46,1,1,False,True
MME,viperturb_05.npz,29,29,1,1,False,True
MMP14,viperturb_05.npz,60,60,1,1,False,True
MMP15,viperturb_05.npz,44,44,1,1,False,True
MMP17,viperturb_05.npz,56,56,1,1,False,True
MMP19,viperturb_05.npz,42,42,1,1,False,True
MMP24,viperturb_05.npz,52,52,1,1,False,True
MMP25,viperturb_05.npz,54,54,1,1,False,True
MMRN1,viperturb_05.npz,22,22,1,1,False,True
MMS19,viperturb_05.npz,23,23,1,1,False,True
MMS22L,,0,9,1,0,False,True
MNAT1,viperturb_05.npz,18,18,1,1,False,True
MOB1A,viperturb_05.npz,19,19,1,1,False,True
MOBP,viperturb_05.npz,37,37,1,1,False,True
MOCOS,viperturb_05.npz,58,58,1,1,False,True
MOCS2,viperturb_05.npz,58,58,1,1,False,True
MOGAT1,viperturb_05.npz,41,41,1,1,False,True
MOGAT3,viperturb_05.npz,93,93,1,1,False,True
MON1B,viperturb_05.npz,50,50,1,1,False,True
MORC1,viperturb_05.npz,36,36,1,1,False,True
MORC4,viperturb_05.npz,71,71,1,1,False,True
MORF4L1,viperturb_05.npz,32,32,1,1,False,True
MORF4L2,viperturb_05.npz,76,76,1,1,False,True
MORN2,viperturb_05.npz,65,65,1,1,False,True
MOSPD3,viperturb_05.npz,75,75,1,1,False,True
MPC1,viperturb_05.npz,85,85,1,1,False,True
MPC1L,viperturb_05.npz,33,33,1,1,False,True
MPDU1,viperturb_05.npz,11,11,1,1,False,True
MPND,viperturb_05.npz,58,58,1,1,False,True
MPP1,viperturb_05.npz,73,73,1,1,False,True
MPP3,viperturb_05.npz,38,38,1,1,False,True
MPP5,viperturb_05.npz,81,81,1,1,False,True
MPPE1,viperturb_05.npz,59,59,1,1,False,True
MPPED1,viperturb_05.npz,52,52,1,1,False,True
MPPED2,viperturb_05.npz,50,50,1,1,False,True
MPV17,viperturb_05.npz,35,35,1,1,False,True
MPZL3,viperturb_05.npz,36,36,1,1,False,True
MRC2,viperturb_05.npz,35,35,1,1,False,True
MREG,viperturb_05.npz,52,52,1,1,False,True
MRGBP,viperturb_05.npz,30,30,1,1,False,True
MRGPRD,viperturb_05.npz,67,67,1,1,False,True
MRM2,viperturb_05.npz,60,60,1,1,False,True
MRM3,viperturb_05.npz,21,21,1,1,False,True
MRNIP,viperturb_05.npz,65,65,1,1,False,True
MRO,viperturb_05.npz,69,69,1,1,False,True
MROH2B,viperturb_05.npz,27,27,1,1,False,True
MRPL11,viperturb_05.npz,25,25,1,1,False,False
MRPL12,viperturb_05.npz,60,60,1,1,False,False
MRPL14,viperturb_05.npz,38,38,1,1,False,False
MRPL15,viperturb_05.npz,69,69,1,1,False,False
MRPL16,viperturb_05.npz,53,53,1,1,False,False
MRPL17,viperturb_05.npz,57,57,1,1,False,False
MRPL19,viperturb_05.npz,82,82,1,1,False,False
MRPL2,viperturb_05.npz,50,50,1,1,False,False
MRPL22,viperturb_05.npz,77,77,1,1,False,False
MRPL24,viperturb_05.npz,27,27,1,1,False,False
MRPL27,viperturb_05.npz,28,28,1,1,False,False
MRPL28,viperturb_05.npz,16,16,1,1,False,False
MRPL3,viperturb_05.npz,42,42,1,1,False,False
MRPL30,viperturb_05.npz,32,32,1,1,False,False
MRPL32,viperturb_05.npz,38,38,1,1,False,False
MRPL33,viperturb_05.npz,46,46,1,1,False,False
MRPL34,viperturb_05.npz,47,47,1,1,False,False
MRPL36,viperturb_05.npz,33,33,1,1,False,False
MRPL37,viperturb_05.npz,55,55,1,1,False,False
MRPL38,viperturb_05.npz,37,37,1,1,False,False
MRPL39,viperturb_05.npz,71,71,1,1,False,False
MRPL40,viperturb_05.npz,32,32,1,1,False,False
MRPL41,viperturb_05.npz,49,49,1,1,False,False
MRPL43,viperturb_05.npz,58,58,1,1,False,False
MRPL44,viperturb_05.npz,15,15,1,1,False,False
MRPL45,viperturb_05.npz,28,28,1,1,False,False
MRPL46,viperturb_05.npz,35,35,1,1,False,False
MRPL48,viperturb_05.npz,77,77,1,1,False,False
MRPL51,viperturb_05.npz,53,53,1,1,False,False
MRPL53,viperturb_05.npz,26,26,1,1,False,False
MRPL54,viperturb_05.npz,46,46,1,1,False,False
MRPL55,viperturb_05.npz,31,31,1,1,False,False
MRPL58,viperturb_05.npz,34,34,1,1,False,False
MRPL9,viperturb_05.npz,36,36,1,1,False,False
MRPS10,viperturb_05.npz,47,47,1,1,False,False
MRPS14,viperturb_05.npz,29,29,1,1,False,False
MRPS15,viperturb_05.npz,43,43,1,1,False,False
MRPS17,viperturb_05.npz,19,19,1,1,False,False
MRPS18A,viperturb_05.npz,24,24,1,1,False,False
MRPS18C,viperturb_05.npz,69,69,1,1,False,False
MRPS2,viperturb_05.npz,25,25,1,1,False,False
MRPS21,viperturb_05.npz,61,61,1,1,False,False
MRPS22,viperturb_05.npz,67,67,1,1,False,False
MRPS23,viperturb_05.npz,40,40,1,1,False,False
MRPS24,viperturb_05.npz,54,54,1,1,False,False
MRPS25,viperturb_05.npz,21,21,1,1,False,False
MRPS26,viperturb_05.npz,48,48,1,1,False,False
MRPS27,viperturb_05.npz,69,69,1,1,False,False
MRPS30,viperturb_05.npz,37,37,1,1,False,False
MRPS31,viperturb_05.npz,37,37,1,1,False,False
MRPS33,viperturb_05.npz,106,106,1,1,False,False
MRPS34,viperturb_05.npz,60,60,1,1,False,False
MRPS35,viperturb_05.npz,36,36,1,1,False,False
MRPS36,viperturb_05.npz,67,67,1,1,False,False
MRPS5,viperturb_05.npz,52,52,1,1,False,False
MRPS9,viperturb_05.npz,53,53,1,1,False,False
MRTO4,viperturb_05.npz,36,36,1,1,False,True
MRVI1,viperturb_05.npz,22,22,1,1,False,True
MS4A12,viperturb_05.npz,67,67,1,1,False,True
MS4A13,viperturb_05.npz,61,61,1,1,False,True
MS4A4E,viperturb_05.npz,32,32,1,1,False,True
MSANTD2,viperturb_05.npz,49,49,1,1,False,True
MSANTD3-TMEFF1,viperturb_05.npz,58,58,1,1,False,False
MSH2,viperturb_05.npz,31,31,1,1,False,True
MSH3,viperturb_05.npz,18,18,1,1,False,True
MSH6,viperturb_05.npz,36,36,1,1,False,True
MSL2,viperturb_05.npz,32,32,1,1,False,True
MSL3,viperturb_05.npz,54,54,1,1,False,True
MSLN,viperturb_05.npz,72,72,1,1,False,True
MSRB1,viperturb_05.npz,84,84,1,1,False,True
MSTN,viperturb_05.npz,54,54,1,1,False,True
MT1B,viperturb_05.npz,93,93,1,1,False,True
MT1E,viperturb_05.npz,27,27,1,1,False,True
MT1X,viperturb_05.npz,26,26,1,1,False,True
MT3,viperturb_05.npz,71,71,1,1,False,True
MTA1,viperturb_05.npz,53,53,1,1,True,True
MTA2,viperturb_05.npz,25,25,1,1,False,True
MTA3,viperturb_05.npz,62,62,1,1,False,True
MTAP,viperturb_05.npz,30,30,1,1,False,True
MTBP,,0,5,1,0,False,True
MTCL1,viperturb_05.npz,33,33,1,1,False,True
MTCP1,viperturb_05.npz,73,73,1,1,False,True
MTDH,viperturb_05.npz,47,47,1,1,False,True
MTERF2,viperturb_05.npz,35,35,1,1,False,True
MTERF4,viperturb_05.npz,47,47,1,1,False,True
MTF1,viperturb_05.npz,21,21,1,1,True,True
MTF2,viperturb_05.npz,34,34,1,1,False,True
MTFMT,viperturb_05.npz,36,36,1,1,False,True
MTFR2,viperturb_05.npz,61,61,1,1,False,True
MTG1,viperturb_05.npz,56,56,1,1,False,True
MTHFD1,viperturb_05.npz,17,17,1,1,False,True
MTIF2,viperturb_05.npz,81,81,1,1,False,True
MTMR11,viperturb_05.npz,109,109,1,1,False,True
MTMR12,viperturb_05.npz,60,60,1,1,False,True
MTMR4,viperturb_05.npz,55,55,1,1,False,True
MTOR,viperturb_05.npz,26,26,1,1,False,True
MTPAP,viperturb_05.npz,39,39,1,1,False,True
MTR,viperturb_05.npz,90,90,1,1,False,True
MTRF1L,viperturb_05.npz,66,66,1,1,False,True
MTRNR2L2,viperturb_05.npz,42,42,1,1,False,False
MTRNR2L5,viperturb_05.npz,27,27,1,1,False,False
MTRNR2L6,viperturb_05.npz,20,20,1,1,False,False
MTRNR2L7,viperturb_05.npz,48,48,1,1,False,False
MTRNR2L8,viperturb_05.npz,33,33,1,1,False,False
MTRR,viperturb_05.npz,46,46,1,1,False,True
MTUS2,viperturb_05.npz,50,50,1,1,False,True
MTX3,viperturb_05.npz,32,32,1,1,False,True
MUC1,viperturb_05.npz,89,89,1,1,False,True
MUC15,viperturb_05.npz,16,16,1,1,False,True
MUC16,viperturb_05.npz,63,63,1,1,False,True
MUC22,viperturb_05.npz,63,63,1,1,False,True
MUC4,viperturb_05.npz,59,59,1,1,False,True
MUM1,viperturb_05.npz,53,53,1,1,False,False
MUSK,viperturb_05.npz,61,61,1,1,False,True
MUSTN1,viperturb_05.npz,26,26,1,1,False,True
MVB12A,viperturb_05.npz,58,58,1,1,False,True
MVD,viperturb_05.npz,14,14,1,1,False,True
MVK,viperturb_05.npz,76,76,1,1,False,True
MXI1,viperturb_05.npz,36,36,1,1,False,True
MXRA7,viperturb_05.npz,24,24,1,1,False,True
MYADML2,viperturb_05.npz,58,58,1,1,False,True
MYB,viperturb_05.npz,39,39,1,1,False,True
MYBBP1A,viperturb_05.npz,16,16,1,1,False,True
MYBPC1,viperturb_05.npz,49,49,1,1,False,True
MYCBP,viperturb_05.npz,43,43,1,1,False,True
MYCBP2,viperturb_05.npz,35,35,1,1,False,True
MYD88,viperturb_05.npz,38,38,1,1,True,True
MYDGF,viperturb_05.npz,35,35,1,1,False,True
MYF5,viperturb_05.npz,22,22,1,1,False,True
MYH10,viperturb_05.npz,58,58,1,1,False,True
MYH14,viperturb_05.npz,35,35,1,1,False,True
MYH3,viperturb_05.npz,64,64,1,1,False,True
MYH8,viperturb_05.npz,39,39,1,1,False,True
MYL10,viperturb_05.npz,38,38,1,1,False,True
MYL4,viperturb_05.npz,41,41,1,1,False,True
MYLK,viperturb_05.npz,55,55,1,1,False,True
MYNN,viperturb_05.npz,41,41,1,1,False,True
MYO18A,viperturb_05.npz,32,32,1,1,False,True
MYO18B,viperturb_05.npz,63,63,1,1,False,True
MYO1E,viperturb_05.npz,75,75,1,1,False,True
MYO1H,viperturb_05.npz,43,43,1,1,False,True
MYO3B,viperturb_05.npz,74,74,1,1,False,True
MYO5B,viperturb_05.npz,58,58,1,1,False,True
MYO5C,viperturb_05.npz,34,34,1,1,False,True
MYO6,viperturb_05.npz,68,68,1,1,False,True
MYO7A,viperturb_05.npz,56,56,1,1,False,False
MYOCD,viperturb_05.npz,51,51,1,1,False,True
MYOF,viperturb_05.npz,67,67,1,1,False,True
MYOT,viperturb_05.npz,57,57,1,1,False,True
MYOZ2,viperturb_05.npz,116,116,1,1,False,True
MYPOP,viperturb_06.npz,46,46,1,1,True,True
MZF1,viperturb_06.npz,56,56,1,1,False,True
MZT2B,viperturb_06.npz,34,34,1,1,False,True
N4BP2,viperturb_06.npz,39,39,1,1,False,True
N4BP2L2,viperturb_06.npz,78,78,1,1,False,True
N6AMT1,viperturb_06.npz,48,48,1,1,False,True
NAA15,viperturb_06.npz,24,24,1,1,False,True
NAA25,viperturb_06.npz,37,37,1,1,False,True
NAA30,viperturb_06.npz,15,15,1,1,False,True
NAA38,viperturb_06.npz,56,56,1,1,False,True
NAA40,viperturb_06.npz,48,48,1,1,False,True
NAAA,viperturb_06.npz,72,72,1,1,False,True
NAALADL1,viperturb_06.npz,39,39,1,1,False,True
NACA2,viperturb_06.npz,20,20,1,1,False,True
NACAD,viperturb_06.npz,62,62,1,1,False,True
NAGA,viperturb_06.npz,62,62,1,1,False,True
NAGLU,viperturb_06.npz,50,50,1,1,False,True
NAGS,viperturb_06.npz,55,55,1,1,False,True
NALCN,viperturb_06.npz,49,49,1,1,False,True
NAMPT,viperturb_06.npz,39,39,1,1,False,True
NANOG,viperturb_06.npz,89,89,1,1,False,True
NAP1L3,viperturb_06.npz,13,13,1,1,False,True
NAP1L4,viperturb_06.npz,48,48,1,1,False,True
NAP1L5,viperturb_06.npz,37,37,1,1,False,True
NAPG,viperturb_06.npz,70,70,1,1,False,True
NAPRT,viperturb_06.npz,71,71,1,1,False,True
NASP,viperturb_06.npz,60,60,1,1,False,True
NAT10,viperturb_06.npz,16,16,1,1,False,True
NAT8,viperturb_06.npz,19,19,1,1,False,True
NAT8L,viperturb_06.npz,22,22,1,1,False,True
NAV1,viperturb_06.npz,34,34,1,1,False,True
NAXD,viperturb_06.npz,26,26,1,1,False,True
NAXE,viperturb_06.npz,51,51,1,1,False,True
NBEA,viperturb_06.npz,55,55,1,1,False,True
NBEAL1,viperturb_06.npz,55,55,1,1,False,True
NBN,viperturb_06.npz,45,45,1,1,False,True
NBPF3,viperturb_06.npz,50,50,1,1,False,True
NCALD,viperturb_06.npz,44,44,1,1,False,True
NCAM1,viperturb_06.npz,79,79,1,1,False,True
NCAM2,viperturb_06.npz,42,42,1,1,False,True
NCAPD3,viperturb_06.npz,60,60,1,1,False,True
NCDN,viperturb_06.npz,42,42,1,1,False,True
NCK1,viperturb_06.npz,54,54,1,1,False,True
NCK2,,0,5,1,0,False,True
NCKAP5,viperturb_06.npz,42,42,1,1,False,True
NCL,viperturb_06.npz,27,27,1,1,False,True
NCLN,viperturb_06.npz,53,53,1,1,True,True
NCMAP,viperturb_06.npz,69,69,1,1,False,True
NCOA6,viperturb_06.npz,55,55,1,1,False,True
NCS1,viperturb_06.npz,20,20,1,1,False,True
NDC1,viperturb_06.npz,77,77,1,1,False,True
NDE1,viperturb_06.npz,64,64,1,1,False,True
NDOR1,viperturb_06.npz,31,31,1,1,False,True
NDP,viperturb_06.npz,40,40,1,1,False,True
NDRG2,viperturb_06.npz,29,29,1,1,False,True
NDRG3,viperturb_06.npz,25,25,1,1,False,True
NDUFA10,viperturb_06.npz,56,56,1,1,False,True
NDUFA11,viperturb_06.npz,69,69,1,1,False,True
NDUFA13,viperturb_06.npz,27,27,1,1,False,True
NDUFA3,viperturb_06.npz,70,70,1,1,False,True
NDUFA4,viperturb_06.npz,68,68,1,1,False,True
NDUFA5,viperturb_06.npz,60,60,1,1,False,True
NDUFA7,viperturb_06.npz,14,14,1,1,False,True
NDUFA8,viperturb_06.npz,64,64,1,1,False,True
NDUFA9,viperturb_06.npz,30,30,1,1,False,True
NDUFAB1,viperturb_06.npz,36,36,1,1,False,True
NDUFAF2,viperturb_06.npz,70,70,1,1,False,True
NDUFAF3,viperturb_06.npz,56,56,1,1,False,True
NDUFAF5,viperturb_06.npz,21,21,1,1,False,True
NDUFAF7,viperturb_06.npz,41,41,1,1,False,True
NDUFB1,,0,7,1,0,False,True
NDUFB10,viperturb_06.npz,68,68,1,1,False,True
NDUFB11,viperturb_06.npz,60,60,1,1,False,True
NDUFB2,viperturb_06.npz,38,38,1,1,False,True
NDUFB3,viperturb_06.npz,50,50,1,1,False,True
NDUFB4,viperturb_06.npz,43,43,1,1,False,True
NDUFB5,viperturb_06.npz,58,58,1,1,False,True
NDUFB6,viperturb_06.npz,67,67,1,1,False,True
NDUFB8,viperturb_06.npz,54,54,1,1,False,True
NDUFC1,viperturb_06.npz,66,66,1,1,False,True
NDUFC2,viperturb_06.npz,61,61,1,1,False,True
NDUFS1,viperturb_06.npz,53,53,1,1,False,True
NDUFS2,viperturb_06.npz,65,65,1,1,False,True
NDUFS4,viperturb_06.npz,41,41,1,1,False,True
NDUFS5,viperturb_06.npz,44,44,1,1,False,True
NDUFS6,viperturb_06.npz,33,33,1,1,False,True
NDUFS7,viperturb_06.npz,41,41,1,1,False,True
NDUFS8,viperturb_06.npz,77,77,1,1,False,True
NDUFV1,viperturb_06.npz,68,68,1,1,False,True
NEB,viperturb_06.npz,43,43,1,1,False,True
NEFH,viperturb_06.npz,59,59,1,1,False,True
NEFL,viperturb_06.npz,80,80,1,1,False,True
NEGR1,viperturb_06.npz,33,33,1,1,False,True
NEIL1,viperturb_06.npz,70,70,1,1,False,True
NEIL3,viperturb_06.npz,66,66,1,1,False,True
NEK3,viperturb_06.npz,37,37,1,1,False,True
NEK9,viperturb_06.npz,95,95,1,1,False,True
NELFCD,viperturb_06.npz,54,54,1,1,False,True
NELFE,viperturb_06.npz,21,21,1,1,False,True
NEMF,viperturb_06.npz,34,34,1,1,False,True
NEPRO,viperturb_06.npz,30,30,1,1,False,True
NETO1,viperturb_06.npz,60,60,1,1,False,True
NEU1,viperturb_06.npz,45,45,1,1,False,True
NEURL1,viperturb_06.npz,23,23,1,1,False,True
NEURL2,viperturb_06.npz,40,40,1,1,False,True
NEUROG1,viperturb_06.npz,33,33,1,1,False,True
NEUROG2,viperturb_06.npz,87,87,1,1,False,True
NF1,,0,6,1,0,False,True
NFASC,viperturb_06.npz,49,49,1,1,False,True
NFATC3,viperturb_06.npz,53,53,1,1,False,True
NFE2L1,viperturb_06.npz,55,55,1,1,True,True
NFIL3,viperturb_06.npz,55,55,1,1,False,True
NFKB1,viperturb_06.npz,36,36,1,1,False,True
NFKBID,viperturb_06.npz,101,101,1,1,False,True
NFRKB,viperturb_06.npz,78,78,1,1,False,True
NFU1,viperturb_06.npz,25,25,1,1,False,True
NFYA,viperturb_06.npz,59,59,1,1,False,True
NFYC,viperturb_06.npz,28,28,1,1,False,True
NGB,viperturb_06.npz,61,61,1,1,False,True
NGDN,viperturb_06.npz,16,16,1,1,False,True
NGEF,viperturb_06.npz,30,30,1,1,False,True
NGRN,viperturb_06.npz,42,42,1,1,False,True
NHLRC1,viperturb_06.npz,78,78,1,1,False,True
NHLRC3,viperturb_06.npz,46,46,1,1,False,True
NHP2,viperturb_06.npz,24,24,1,1,False,True
NHSL2,viperturb_06.npz,46,46,1,1,False,True
NIM1K,viperturb_06.npz,55,55,1,1,False,True
NIN,viperturb_06.npz,47,47,1,1,False,True
NINJ1,viperturb_06.npz,85,85,1,1,False,True
NINJ2,viperturb_06.npz,121,121,1,1,False,True
NIPA1,viperturb_06.npz,94,94,1,1,False,True
NIPAL1,viperturb_06.npz,36,36,1,1,False,True
NIPBL,viperturb_06.npz,24,24,1,1,False,True
NIPSNAP1,viperturb_06.npz,61,61,1,1,False,True
NIPSNAP3A,viperturb_06.npz,53,53,1,1,True,True
NIT1,viperturb_06.npz,29,29,1,1,False,True
NKIRAS2,viperturb_06.npz,35,35,1,1,False,True
NKTR,viperturb_06.npz,85,85,1,1,False,True
NKX1-2,viperturb_06.npz,43,43,1,1,False,True
NKX2-5,viperturb_06.npz,35,35,1,1,False,True
NKX2-8,viperturb_06.npz,16,16,1,1,False,True
NKX3-2,viperturb_06.npz,79,79,1,1,False,True
NKX6-1,viperturb_06.npz,52,52,1,1,False,True
NKX6-2,viperturb_06.npz,28,28,1,1,False,True
NKX6-3,viperturb_06.npz,40,40,1,1,False,True
NLGN1,viperturb_06.npz,53,53,1,1,False,True
NLGN2,viperturb_06.npz,65,65,1,1,False,True
NLGN4X,viperturb_06.npz,32,32,1,1,False,True
NLN,viperturb_06.npz,59,59,1,1,False,True
NLRP12,viperturb_06.npz,42,42,1,1,False,True
NLRP3,viperturb_06.npz,44,44,1,1,False,True
NLRX1,viperturb_06.npz,57,57,1,1,False,True
NMD3,viperturb_06.npz,17,17,1,1,False,True
NME2,viperturb_06.npz,59,59,1,1,False,True
NME7,viperturb_06.npz,83,83,1,1,False,True
NMS,viperturb_06.npz,54,54,1,1,False,True
NMT1,viperturb_06.npz,36,36,1,1,False,True
NMT2,viperturb_06.npz,35,35,1,1,False,True
NMU,viperturb_06.npz,78,78,1,1,False,True
NMUR1,viperturb_06.npz,63,63,1,1,False,True
NNMT,viperturb_06.npz,50,50,1,1,False,True
NOA1,viperturb_06.npz,44,44,1,1,False,True
NOC3L,viperturb_06.npz,37,37,1,1,False,True
NOC4L,viperturb_06.npz,28,28,1,1,False,True
NOD1,viperturb_06.npz,44,44,1,1,False,True
NODAL,viperturb_06.npz,33,33,1,1,False,True
NOL10,viperturb_06.npz,43,43,1,1,False,True
NOL12,viperturb_06.npz,31,31,1,1,False,True
NOL4L,viperturb_06.npz,60,60,1,1,False,True
NOL6,,0,8,1,0,False,True
NOL8,viperturb_06.npz,20,20,1,1,False,True
NOL9,viperturb_06.npz,47,47,1,1,False,True
NOMO3,,0,5,1,0,False,False
NONO,viperturb_06.npz,95,95,1,1,False,True
NOP10,viperturb_06.npz,72,72,1,1,False,True
NOP14,viperturb_06.npz,34,34,1,1,False,True
NOP16,viperturb_06.npz,22,22,1,1,False,True
NOP53,viperturb_06.npz,10,10,1,1,False,True
NOS1AP,viperturb_06.npz,43,43,1,1,False,True
NOS2,viperturb_06.npz,54,54,1,1,False,True
NOSTRIN,viperturb_06.npz,41,41,1,1,False,True
NOTCH2,viperturb_06.npz,80,80,1,1,False,True
NOTCH3,viperturb_06.npz,40,40,1,1,False,True
NOTCH4,viperturb_06.npz,40,40,1,1,False,False
NOXO1,viperturb_06.npz,87,87,1,1,False,True
NOXRED1,viperturb_06.npz,58,58,1,1,False,True
NPAP1,viperturb_06.npz,57,57,1,1,False,True
NPAS2,viperturb_06.npz,49,49,1,1,False,True
NPAT,viperturb_06.npz,74,74,1,1,False,True
NPDC1,viperturb_06.npz,93,93,1,1,False,True
NPFFR2,viperturb_06.npz,59,59,1,1,False,True
NPHP3,viperturb_06.npz,36,36,1,1,False,True
NPHP4,viperturb_06.npz,87,87,1,1,False,True
NPIPA1,viperturb_06.npz,41,41,1,1,False,False
NPIPA7,viperturb_06.npz,16,16,1,1,False,False
NPIPB4,viperturb_06.npz,33,33,1,1,False,False
NPIPB5,viperturb_06.npz,67,67,1,1,False,False
NPL,viperturb_06.npz,32,32,1,1,False,True
NPLOC4,viperturb_06.npz,52,52,1,1,False,True
NPM1,viperturb_06.npz,30,30,1,1,False,False
NPM2,viperturb_06.npz,52,52,1,1,False,True
NPPC,viperturb_06.npz,72,72,1,1,False,True
NPR1,viperturb_06.npz,41,41,1,1,False,True
NPRL2,viperturb_06.npz,50,50,1,1,False,True
NPRL3,viperturb_06.npz,31,31,1,1,False,True
NPSR1,viperturb_06.npz,35,35,1,1,False,True
NPTN,viperturb_06.npz,65,65,1,1,False,True
NPTXR,viperturb_06.npz,64,64,1,1,False,True
NPY1R,viperturb_06.npz,64,64,1,1,False,True
NPY2R,viperturb_06.npz,66,66,1,1,False,True
NQO1,viperturb_06.npz,50,50,1,1,False,True
NQO2,viperturb_06.npz,40,40,1,1,False,True
NR2C1,viperturb_06.npz,27,27,1,1,False,True
NR2C2,viperturb_06.npz,46,46,1,1,False,True
NR2C2AP,viperturb_06.npz,44,44,1,1,False,True
NR2E3,viperturb_06.npz,29,29,1,1,False,True
NR2F2,viperturb_06.npz,27,27,1,1,False,True
NR2F6,viperturb_06.npz,43,43,1,1,False,True
NR4A1,viperturb_06.npz,49,49,1,1,False,True
NR6A1,viperturb_06.npz,36,36,1,1,False,True
NRBP1,viperturb_06.npz,31,31,1,1,False,True
NRF1,viperturb_06.npz,17,17,1,1,False,True
NRG3,viperturb_06.npz,34,34,1,1,False,True
NRG4,viperturb_06.npz,68,68,1,1,False,True
NRIP1,viperturb_06.npz,41,41,1,1,False,True
NRIP2,viperturb_06.npz,74,74,1,1,False,False
NRIP3,viperturb_06.npz,74,74,1,1,False,True
NRK,viperturb_06.npz,60,60,1,1,False,True
NRXN1,viperturb_06.npz,71,71,1,1,False,True
NRXN2,viperturb_06.npz,51,51,1,1,False,True
NSA2,,0,8,1,0,False,True
NSD1,viperturb_06.npz,50,50,1,1,False,True
NSD3,viperturb_06.npz,10,10,1,1,False,True
NSDHL,viperturb_06.npz,41,41,1,1,False,True
NSG1,viperturb_06.npz,29,29,1,1,False,True
NSMCE1,viperturb_06.npz,38,38,1,1,False,True
NSMCE4A,viperturb_06.npz,35,35,1,1,False,True
NSUN4,viperturb_06.npz,76,76,1,1,False,True
NSUN6,viperturb_06.npz,65,65,1,1,False,True
NT5C3B,viperturb_06.npz,88,88,1,1,False,True
NT5DC4,viperturb_06.npz,93,93,1,1,False,True
NTAN1,viperturb_06.npz,57,57,1,1,False,True
NTM,viperturb_06.npz,75,75,1,1,False,True
NTMT1,viperturb_06.npz,43,43,1,1,False,True
NTN5,viperturb_06.npz,60,60,1,1,False,False
NTNG2,viperturb_06.npz,98,98,1,1,False,True
NTRK1,viperturb_06.npz,44,44,1,1,False,True
NTRK2,viperturb_06.npz,36,36,1,1,False,True
NTSR2,viperturb_06.npz,76,76,1,1,False,True
NUAK1,viperturb_06.npz,56,56,1,1,False,True
NUB1,viperturb_06.npz,48,48,1,1,False,True
NUBP1,viperturb_06.npz,50,50,1,1,False,True
NUBP2,viperturb_06.npz,24,24,1,1,False,True
NUCB1,viperturb_06.npz,52,52,1,1,False,True
NUDC,viperturb_06.npz,39,39,1,1,False,True
NUDCD1,viperturb_06.npz,32,32,1,1,False,True
NUDCD2,viperturb_06.npz,79,79,1,1,False,True
NUDT11,viperturb_06.npz,29,29,1,1,False,True
NUDT16L1,viperturb_06.npz,125,125,1,1,False,True
NUDT17,viperturb_06.npz,54,54,1,1,False,True
NUDT18,viperturb_06.npz,46,46,1,1,False,True
NUDT21,viperturb_06.npz,10,10,1,1,False,True
NUDT4,viperturb_06.npz,32,32,1,1,False,True
NUFIP1,viperturb_06.npz,22,22,1,1,False,True
NUFIP2,viperturb_06.npz,80,80,1,1,False,True
NUGGC,viperturb_06.npz,48,48,1,1,False,True
NUP107,viperturb_06.npz,20,20,1,1,False,True
NUP153,,0,7,1,0,False,True
NUP188,viperturb_06.npz,24,24,1,1,False,True
NUP210,viperturb_06.npz,44,44,1,1,False,True
NUP210L,viperturb_06.npz,41,41,1,1,False,True
NUP214,viperturb_06.npz,25,25,1,1,False,True
NUP35,viperturb_06.npz,28,28,1,1,False,True
NUP43,viperturb_06.npz,33,33,1,1,False,True
NUP50,viperturb_06.npz,41,41,1,1,False,True
NUP54,viperturb_06.npz,27,27,1,1,False,True
NUP85,viperturb_06.npz,14,14,1,1,False,True
NUP88,viperturb_06.npz,24,24,1,1,False,True
NUP93,,0,7,1,0,False,True
NUPL2,viperturb_06.npz,48,48,1,1,False,False
NVL,viperturb_06.npz,20,20,1,1,False,True
NWD2,viperturb_06.npz,47,47,1,1,False,True
NXF1,,0,4,1,0,False,True
NXNL1,viperturb_06.npz,58,58,1,1,False,True
NXNL2,viperturb_06.npz,45,45,1,1,False,True
NXPE2,viperturb_06.npz,55,55,1,1,False,True
NXPH2,viperturb_06.npz,73,73,1,1,False,True
NXPH3,viperturb_06.npz,45,45,1,1,False,True
NXPH4,viperturb_06.npz,69,69,1,1,False,True
NXT1,viperturb_06.npz,44,44,1,1,False,True
NYX,viperturb_06.npz,35,35,1,1,False,True
OAF,viperturb_06.npz,46,46,1,1,False,True
OAS1,viperturb_06.npz,58,58,1,1,False,True
OASL,viperturb_06.npz,95,95,1,1,False,True
OAZ1,viperturb_06.npz,47,47,1,1,False,True
OBSCN,viperturb_06.npz,24,24,1,1,False,True
OBSL1,viperturb_06.npz,81,81,1,1,False,True
OC90,viperturb_06.npz,24,24,1,1,False,True
OCA2,viperturb_06.npz,25,25,1,1,False,True
OCIAD1,viperturb_06.npz,48,48,1,1,False,True
OCLN,viperturb_06.npz,48,48,1,1,False,True
OCM2,viperturb_06.npz,41,41,1,1,False,True
OCSTAMP,viperturb_06.npz,38,38,1,1,False,True
ODC1,viperturb_06.npz,40,40,1,1,False,True
ODF1,viperturb_06.npz,39,39,1,1,False,True
ODF2,viperturb_06.npz,87,87,1,1,False,True
ODF2L,viperturb_06.npz,77,77,1,1,False,True
ODF4,viperturb_06.npz,56,56,1,1,False,True
OGDHL,viperturb_06.npz,24,24,1,1,False,True
OGFOD1,viperturb_06.npz,34,34,1,1,False,True
OGT,viperturb_06.npz,13,13,1,1,False,True
OLFM2,viperturb_06.npz,18,18,1,1,False,True
OLFM3,viperturb_06.npz,31,31,1,1,False,True
OLFML2A,viperturb_06.npz,65,65,1,1,False,True
OLFML2B,viperturb_06.npz,37,37,1,1,False,True
OLIG1,viperturb_06.npz,40,40,1,1,False,True
OMP,viperturb_06.npz,72,72,1,1,False,True
OPA1,viperturb_06.npz,26,26,1,1,False,True
OPN3,viperturb_06.npz,67,67,1,1,False,True
OR10AD1,viperturb_06.npz,36,36,1,1,False,True
OR10G2,viperturb_06.npz,27,27,1,1,False,True
OR10G7,viperturb_06.npz,76,76,1,1,False,True
OR10G8,viperturb_06.npz,33,33,1,1,False,True
OR10H3,viperturb_06.npz,43,43,1,1,False,True
OR10J5,viperturb_06.npz,26,26,1,1,False,True
OR10Q1,viperturb_06.npz,52,52,1,1,False,True
OR10R2,viperturb_06.npz,22,22,1,1,False,True
OR10S1,viperturb_06.npz,88,88,1,1,False,True
OR10T2,viperturb_06.npz,55,55,1,1,False,True
OR10X1,viperturb_06.npz,52,52,1,1,False,True
OR10Z1,viperturb_06.npz,44,44,1,1,False,True
OR11G2,viperturb_06.npz,38,38,1,1,False,True
OR11H2,viperturb_06.npz,57,57,1,1,False,True
OR11H4,viperturb_06.npz,15,15,1,1,False,True
OR11H6,viperturb_06.npz,92,92,1,1,False,True
OR13C9,viperturb_06.npz,97,97,1,1,False,True
OR13J1,viperturb_06.npz,41,41,1,1,False,True
OR1A1,viperturb_06.npz,48,48,1,1,False,True
OR1A2,viperturb_06.npz,70,70,1,1,False,True
OR1B1,viperturb_06.npz,25,25,1,1,False,True
OR1D5,viperturb_06.npz,36,36,1,1,False,True
OR1E1,viperturb_06.npz,98,98,1,1,False,True
OR1J1,viperturb_06.npz,50,50,1,1,False,True
OR1J2,viperturb_06.npz,28,28,1,1,False,False
OR1J4,viperturb_06.npz,41,41,1,1,False,False
OR1K1,viperturb_06.npz,47,47,1,1,False,True
OR1L1,viperturb_06.npz,62,62,1,1,False,True
OR1L6,viperturb_06.npz,39,39,1,1,False,True
OR1Q1,viperturb_06.npz,66,66,1,1,False,True
OR1S1,viperturb_06.npz,36,36,1,1,False,True
OR2A1,viperturb_06.npz,58,58,1,1,False,True
OR2A25,viperturb_06.npz,51,51,1,1,False,True
OR2A7,viperturb_06.npz,47,47,1,1,False,False
OR2AG2,viperturb_06.npz,63,63,1,1,False,True
OR2AP1,viperturb_06.npz,54,54,1,1,False,True
OR2B2,viperturb_06.npz,41,41,1,1,False,True
OR2C1,viperturb_06.npz,45,45,1,1,False,True
OR2C3,viperturb_06.npz,97,97,1,1,False,True
OR2D2,viperturb_06.npz,28,28,1,1,False,False
OR2D3,viperturb_06.npz,59,59,1,1,False,True
OR2G3,viperturb_06.npz,47,47,1,1,False,True
OR2L13,viperturb_06.npz,71,71,1,1,False,True
OR2L3,viperturb_06.npz,64,64,1,1,False,True
OR2M2,viperturb_06.npz,54,54,1,1,False,True
OR2M7,viperturb_06.npz,31,31,1,1,False,True
OR2T12,viperturb_06.npz,47,47,1,1,False,True
OR2T2,viperturb_06.npz,73,73,1,1,False,True
OR2T8,viperturb_06.npz,61,61,1,1,False,True
OR2V1,viperturb_06.npz,43,43,1,1,False,True
OR2W5,viperturb_06.npz,32,32,1,1,False,False
OR4A16,viperturb_06.npz,101,101,1,1,False,True
OR4B1,viperturb_06.npz,56,56,1,1,False,True
OR4C11,viperturb_06.npz,59,59,1,1,False,True
OR4C13,viperturb_06.npz,65,65,1,1,False,True
OR4C6,viperturb_06.npz,62,62,1,1,False,True
OR4D10,viperturb_06.npz,84,84,1,1,False,True
OR4F15,viperturb_06.npz,90,90,1,1,False,True
OR4K15,viperturb_06.npz,38,38,1,1,False,True
OR4K2,viperturb_06.npz,30,30,1,1,False,True
OR4M1,viperturb_06.npz,48,48,1,1,False,True
OR4N2,viperturb_06.npz,73,73,1,1,False,True
OR4N5,viperturb_06.npz,79,79,1,1,False,True
OR4S2,viperturb_06.npz,51,51,1,1,False,True
OR4X2,viperturb_06.npz,29,29,1,1,False,True
OR51A4,viperturb_06.npz,78,78,1,1,False,True
OR51A7,viperturb_06.npz,35,35,1,1,False,True
OR51B6,viperturb_06.npz,33,33,1,1,False,True
OR51E2,viperturb_06.npz,85,85,1,1,False,True
OR51I1,viperturb_06.npz,68,68,1,1,False,False
OR51I2,viperturb_06.npz,79,79,1,1,False,False
OR51L1,viperturb_06.npz,52,52,1,1,False,True
OR52A5,viperturb_06.npz,26,26,1,1,False,True
OR52B2,viperturb_06.npz,30,30,1,1,False,True
OR52E2,viperturb_06.npz,35,35,1,1,False,True
OR52E8,viperturb_06.npz,40,40,1,1,False,True
OR52I1,viperturb_06.npz,34,34,1,1,False,True
OR52L1,viperturb_06.npz,82,82,1,1,False,True
OR52N1,viperturb_06.npz,48,48,1,1,False,True
OR52N2,viperturb_06.npz,48,48,1,1,False,True
OR52N4,viperturb_06.npz,34,34,1,1,False,True
OR56A3,viperturb_06.npz,38,38,1,1,False,True
OR56A4,viperturb_06.npz,26,26,1,1,False,True
OR56B1,viperturb_06.npz,35,35,1,1,False,True
OR5AP2,viperturb_06.npz,56,56,1,1,False,True
OR5AR1,viperturb_06.npz,70,70,1,1,False,True
OR5B3,viperturb_06.npz,74,74,1,1,False,True
OR5H2,viperturb_06.npz,101,101,1,1,False,True
OR5I1,viperturb_06.npz,32,32,1,1,False,True
OR5K3,viperturb_06.npz,44,44,1,1,False,True
OR5K4,viperturb_06.npz,39,39,1,1,False,True
OR5L1,viperturb_06.npz,38,38,1,1,False,True
OR5R1,viperturb_06.npz,53,53,1,1,False,True
OR6B1,viperturb_06.npz,62,62,1,1,False,True
OR6C4,viperturb_06.npz,59,59,1,1,False,True
OR6C65,viperturb_06.npz,72,72,1,1,False,True
OR6F1,viperturb_06.npz,19,19,1,1,False,True
OR6N1,viperturb_06.npz,31,31,1,1,False,True
OR6P1,viperturb_06.npz,44,44,1,1,False,True
OR6Q1,viperturb_06.npz,44,44,1,1,False,True
OR6X1,viperturb_06.npz,58,58,1,1,False,True
OR6Y1,viperturb_06.npz,17,17,1,1,False,True
OR7A5,viperturb_06.npz,50,50,1,1,False,True
OR7C1,viperturb_06.npz,54,54,1,1,False,True
OR7C2,viperturb_06.npz,21,21,1,1,False,True
OR7G1,viperturb_06.npz,44,44,1,1,False,True
OR8B3,viperturb_06.npz,18,18,1,1,False,True
OR8D2,viperturb_06.npz,46,46,1,1,False,True
OR8J3,viperturb_06.npz,27,27,1,1,False,True
OR9K2,viperturb_06.npz,69,69,1,1,False,True
ORAI1,viperturb_06.npz,55,55,1,1,False,True
ORAI3,viperturb_06.npz,53,53,1,1,False,True
ORAOV1,viperturb_06.npz,28,28,1,1,False,False
ORC1,viperturb_06.npz,26,26,1,1,False,True
ORC2,viperturb_06.npz,17,17,1,1,False,True
ORC5,viperturb_06.npz,23,23,1,1,False,True
ORMDL1,viperturb_06.npz,95,95,1,1,False,True
OSBPL10,viperturb_06.npz,51,51,1,1,False,True
OSBPL6,viperturb_06.npz,40,40,1,1,False,True
OSBPL7,viperturb_06.npz,83,83,1,1,False,True
OSBPL8,viperturb_06.npz,77,77,1,1,False,True
OSCP1,viperturb_06.npz,68,68,1,1,False,True
OSER1,viperturb_06.npz,65,65,1,1,False,True
OSGEP,viperturb_06.npz,38,38,1,1,False,True
OSGIN1,viperturb_06.npz,39,39,1,1,False,True
OSR2,viperturb_06.npz,45,45,1,1,False,True
OTC,viperturb_06.npz,42,42,1,1,False,True
OTOF,viperturb_06.npz,56,56,1,1,False,True
OTOS,viperturb_06.npz,28,28,1,1,False,True
OTP,viperturb_06.npz,34,34,1,1,False,True
OTUD3,viperturb_06.npz,49,49,1,1,False,True
OTUD6A,viperturb_06.npz,43,43,1,1,False,True
OTULIN,viperturb_06.npz,52,52,1,1,False,True
OVGP1,viperturb_06.npz,67,67,1,1,False,True
OVOL2,viperturb_06.npz,44,44,1,1,False,True
OVOS2,viperturb_06.npz,36,36,1,1,False,False
OXA1L,viperturb_06.npz,23,23,1,1,False,True
OXCT1,viperturb_06.npz,63,63,1,1,False,True
OXER1,viperturb_06.npz,42,42,1,1,False,True
OXGR1,viperturb_06.npz,62,62,1,1,False,True
OXR1,viperturb_06.npz,81,81,1,1,False,True
OXSR1,viperturb_06.npz,28,28,1,1,False,True
OXTR,viperturb_06.npz,62,62,1,1,False,True
P2RX1,viperturb_06.npz,85,85,1,1,False,True
P2RX6,viperturb_06.npz,55,55,1,1,False,True
P2RY1,viperturb_06.npz,82,82,1,1,False,True
P4HA2,viperturb_06.npz,57,57,1,1,False,True
PA2G4,viperturb_06.npz,56,56,1,1,False,True
PABPC1,viperturb_06.npz,30,30,1,1,False,False
PABPC1L,viperturb_06.npz,62,62,1,1,False,True
PABPC3,viperturb_06.npz,55,55,1,1,False,True
PABPC4,viperturb_06.npz,56,56,1,1,False,True
PABPN1L,viperturb_06.npz,42,42,1,1,False,True
PACRG,viperturb_06.npz,82,82,1,1,False,True
PACRGL,viperturb_06.npz,75,75,1,1,False,True
PACS1,viperturb_06.npz,39,39,1,1,False,True
PACSIN3,viperturb_06.npz,12,12,1,1,False,True
PADI1,viperturb_06.npz,37,37,1,1,False,True
PADI2,viperturb_06.npz,42,42,1,1,False,True
PADI6,viperturb_06.npz,51,51,1,1,False,True
PAF1,viperturb_06.npz,15,15,1,1,False,True
PAFAH1B1,viperturb_06.npz,13,13,1,1,False,True
PAG1,viperturb_06.npz,33,33,1,1,False,True
PAGE1,,0,9,1,0,False,True
PAGE3,viperturb_06.npz,30,30,1,1,False,True
PAGR1,viperturb_06.npz,94,94,1,1,False,True
PAICS,viperturb_06.npz,49,49,1,1,False,True
PAIP2,viperturb_06.npz,56,56,1,1,False,True
PAK1IP1,viperturb_06.npz,55,55,1,1,False,True
PAK4,viperturb_06.npz,52,52,1,1,False,True
PAK5,viperturb_06.npz,55,55,1,1,False,True
PALM2,viperturb_06.npz,46,46,1,1,False,False
PALM3,viperturb_06.npz,21,21,1,1,False,True
PAN3,viperturb_06.npz,28,28,1,1,False,True
PANK2,viperturb_06.npz,95,95,1,1,False,True
PANX1,viperturb_06.npz,39,39,1,1,False,True
PAPLN,viperturb_06.npz,84,84,1,1,False,True
PAPOLG,viperturb_06.npz,90,90,1,1,False,True
PAQR6,viperturb_06.npz,116,116,1,1,False,True
PARK7,viperturb_06.npz,47,47,1,1,False,True
PARN,viperturb_06.npz,76,76,1,1,False,True
PARP14,viperturb_06.npz,52,52,1,1,False,True
PARP8,viperturb_06.npz,68,68,1,1,False,True
PARP9,viperturb_06.npz,54,54,1,1,False,True
PARS2,viperturb_06.npz,39,39,1,1,False,True
PASD1,viperturb_06.npz,29,29,1,1,False,True
PATE2,viperturb_06.npz,69,69,1,1,False,True
PATL1,viperturb_06.npz,14,14,1,1,True,True
PATL2,viperturb_06.npz,36,36,1,1,False,True
PAX2,viperturb_06.npz,44,44,1,1,False,True
PAX4,viperturb_06.npz,38,38,1,1,False,True
PAX9,viperturb_06.npz,98,98,1,1,False,True
PAXBP1,viperturb_06.npz,28,28,1,1,False,True
PAXIP1,viperturb_06.npz,45,45,1,1,False,True
PBK,viperturb_06.npz,53,53,1,1,False,True
PBOV1,viperturb_06.npz,48,48,1,1,False,True
PBX2,viperturb_06.npz,70,70,1,1,False,True
PBX4,viperturb_06.npz,13,13,1,1,False,True
PBXIP1,viperturb_06.npz,69,69,1,1,False,True
PCBP2,viperturb_06.npz,50,50,1,1,False,True
PCBP4,viperturb_06.npz,29,29,1,1,False,True
PCDH1,viperturb_06.npz,37,37,1,1,False,True
PCDH11X,viperturb_06.npz,43,43,1,1,False,True
PCDH11Y,viperturb_06.npz,78,78,1,1,False,True
PCDH15,viperturb_06.npz,25,25,1,1,False,True
PCDH17,viperturb_06.npz,31,31,1,1,False,True
PCDH18,viperturb_06.npz,96,96,1,1,False,True
PCDH8,viperturb_06.npz,57,57,1,1,False,True
PCDHA1,viperturb_06.npz,47,47,1,1,False,True
PCDHA11,viperturb_06.npz,29,29,1,1,False,True
PCDHA2,viperturb_06.npz,15,15,1,1,False,True
PCDHA5,viperturb_06.npz,44,44,1,1,False,True
PCDHA9,viperturb_06.npz,52,52,1,1,False,True
PCDHAC1,viperturb_06.npz,46,46,1,1,False,True
PCDHB1,viperturb_06.npz,80,80,1,1,False,True
PCDHB15,viperturb_06.npz,26,26,1,1,False,True
PCDHB16,viperturb_06.npz,63,63,1,1,False,True
PCDHB2,viperturb_06.npz,37,37,1,1,False,True
PCDHGA3,viperturb_06.npz,40,40,1,1,False,True
PCDHGA7,viperturb_06.npz,36,36,1,1,False,True
PCDHGA8,viperturb_06.npz,61,61,1,1,False,True
PCDHGB5,viperturb_06.npz,74,74,1,1,False,False
PCDHGC3,viperturb_06.npz,36,36,1,1,False,True
PCDHGC4,viperturb_06.npz,39,39,1,1,False,False
PCGF1,viperturb_06.npz,32,32,1,1,True,True
PCGF5,viperturb_06.npz,30,30,1,1,False,True
PCGF6,viperturb_06.npz,64,64,1,1,True,True
PCIF1,viperturb_06.npz,22,22,1,1,False,True
PCLO,viperturb_06.npz,18,18,1,1,False,True
PCMTD1,viperturb_06.npz,40,40,1,1,False,True
PCNP,viperturb_06.npz,44,44,1,1,False,False
PCNT,viperturb_06.npz,34,34,1,1,False,True
PCOTH,viperturb_06.npz,47,47,1,1,False,False
PCP4L1,viperturb_06.npz,31,31,1,1,False,True
PCSK2,viperturb_06.npz,17,17,1,1,False,True
PCSK6,viperturb_06.npz,31,31,1,1,False,True
PCSK7,viperturb_06.npz,45,45,1,1,False,True
PCYOX1,viperturb_06.npz,29,29,1,1,False,True
PCYT2,viperturb_06.npz,20,20,1,1,False,True
PDAP1,viperturb_06.npz,49,49,1,1,False,False
PDC,viperturb_06.npz,36,36,1,1,False,True
PDCD5,viperturb_06.npz,33,33,1,1,False,True
PDCD6,viperturb_06.npz,54,54,1,1,False,True
PDCL,viperturb_06.npz,29,29,1,1,False,True
PDCL2,viperturb_06.npz,34,34,1,1,False,True
PDE10A,viperturb_06.npz,41,41,1,1,False,True
PDE12,viperturb_06.npz,51,51,1,1,False,True
PDE1B,viperturb_06.npz,80,80,1,1,False,True
PDE2A,viperturb_06.npz,29,29,1,1,False,True
PDE3B,viperturb_06.npz,44,44,1,1,False,True
PDE4A,viperturb_06.npz,66,66,1,1,False,True
PDE4B,viperturb_06.npz,85,85,1,1,False,True
PDE4D,viperturb_06.npz,53,53,1,1,False,True
PDE6D,viperturb_06.npz,45,45,1,1,True,True
PDE7A,viperturb_06.npz,49,49,1,1,False,True
PDGFB,viperturb_06.npz,19,19,1,1,False,True
PDGFRA,,0,6,1,0,False,True
PDIA3,viperturb_06.npz,22,22,1,1,False,True
PDIA6,viperturb_06.npz,77,77,1,1,False,True
PDK2,viperturb_06.npz,33,33,1,1,False,True
PDLIM2,viperturb_06.npz,59,59,1,1,False,True
PDLIM3,viperturb_06.npz,62,62,1,1,False,True
PDLIM7,viperturb_06.npz,70,70,1,1,False,True
PDP2,viperturb_06.npz,28,28,1,1,False,True
PDPK1,viperturb_06.npz,29,29,1,1,False,True
PDRG1,viperturb_06.npz,10,10,1,1,False,True
PDS5B,viperturb_06.npz,40,40,1,1,False,True
PDXDC1,viperturb_06.npz,56,56,1,1,False,True
PDXK,viperturb_06.npz,28,28,1,1,False,True
PDZD3,viperturb_06.npz,51,51,1,1,False,True
PDZD9,viperturb_06.npz,96,96,1,1,False,True
PDZK1,viperturb_06.npz,64,64,1,1,False,True
PDZK1IP1,viperturb_06.npz,42,42,1,1,False,True
PDZRN3,viperturb_06.npz,31,31,1,1,False,True
PEBP1,viperturb_06.npz,17,17,1,1,False,True
PEG10,viperturb_06.npz,49,49,1,1,False,True
PEG3,viperturb_06.npz,59,59,1,1,False,True
PELI1,viperturb_06.npz,51,51,1,1,False,True
PELI2,viperturb_06.npz,61,61,1,1,False,True
PEMT,viperturb_06.npz,10,10,1,1,False,True
PENK,viperturb_06.npz,64,64,1,1,False,True
PEPD,viperturb_07.npz,42,42,1,1,False,True
PET100,viperturb_07.npz,46,46,1,1,False,True
PET117,viperturb_07.npz,14,14,1,1,False,True
PEX1,viperturb_07.npz,63,63,1,1,False,True
PEX10,viperturb_07.npz,51,51,1,1,False,True
PEX11G,viperturb_07.npz,31,31,1,1,False,True
PEX12,viperturb_07.npz,90,90,1,1,False,True
PEX14,viperturb_07.npz,76,76,1,1,False,True
PEX16,viperturb_07.npz,62,62,1,1,False,True
PEX19,viperturb_07.npz,51,51,1,1,False,True
PEX26,viperturb_07.npz,49,49,1,1,False,True
PF4V1,viperturb_07.npz,39,39,1,1,False,True
PFAS,viperturb_07.npz,28,28,1,1,False,True
PFDN1,viperturb_07.npz,37,37,1,1,False,True
PFDN2,viperturb_07.npz,15,15,1,1,False,True
PFKFB4,viperturb_07.npz,39,39,1,1,False,True
PFKL,viperturb_07.npz,34,34,1,1,False,False
PFKM,viperturb_07.npz,90,90,1,1,False,True
PGA5,viperturb_07.npz,45,45,1,1,False,True
PGAM1,viperturb_07.npz,27,27,1,1,False,True
PGAM4,viperturb_07.npz,16,16,1,1,False,True
PGAM5,viperturb_07.npz,59,59,1,1,False,True
PGAP2,viperturb_07.npz,49,49,1,1,False,True
PGAP3,viperturb_07.npz,61,61,1,1,False,True
PGBD5,viperturb_07.npz,118,118,1,1,False,True
PGGT1B,viperturb_07.npz,65,65,1,1,False,True
PGK1,viperturb_07.npz,52,52,1,1,False,True
PGK2,viperturb_07.npz,74,74,1,1,False,True
PGM1,viperturb_07.npz,38,38,1,1,False,True
PGM3,viperturb_07.npz,31,31,1,1,False,True
PGM5,viperturb_07.npz,30,30,1,1,False,True
PGPEP1,viperturb_07.npz,14,14,1,1,False,True
PGRMC1,viperturb_07.npz,61,61,1,1,False,True
PGS1,viperturb_07.npz,35,35,1,1,False,True
PHACTR3,viperturb_07.npz,32,32,1,1,False,True
PHACTR4,,0,7,1,0,False,True
PHB,,0,3,1,0,False,True
PHC2,viperturb_07.npz,30,30,1,1,False,True
PHC3,viperturb_07.npz,54,54,1,1,False,True
PHF11,viperturb_07.npz,37,37,1,1,True,True
PHF13,viperturb_07.npz,45,45,1,1,False,True
PHF20,viperturb_07.npz,60,60,1,1,False,True
PHF20L1,viperturb_07.npz,56,56,1,1,False,True
PHF3,viperturb_07.npz,16,16,1,1,False,True
PHF5A,viperturb_07.npz,25,25,1,1,False,True
PHF6,viperturb_07.npz,83,83,1,1,False,True
PHF7,viperturb_07.npz,40,40,1,1,False,False
PHIP,viperturb_07.npz,53,53,1,1,False,True
PHKA1,viperturb_07.npz,50,50,1,1,False,True
PHKB,viperturb_07.npz,85,85,1,1,False,True
PHLDA3,viperturb_07.npz,75,75,1,1,False,True
PHOSPHO1,viperturb_07.npz,68,68,1,1,False,True
PHYKPL,viperturb_07.npz,59,59,1,1,False,True
PI4KA,viperturb_07.npz,52,52,1,1,False,True
PI4KB,viperturb_07.npz,85,85,1,1,True,True
PIANP,viperturb_07.npz,44,44,1,1,False,True
PIAS2,viperturb_07.npz,53,53,1,1,False,True
PIAS3,viperturb_07.npz,60,60,1,1,False,True
PIAS4,viperturb_07.npz,35,35,1,1,False,True
PIBF1,viperturb_07.npz,67,67,1,1,False,True
PIDD1,viperturb_07.npz,104,104,1,1,False,True
PIF1,viperturb_07.npz,58,58,1,1,False,True
PIGBOS1,viperturb_07.npz,69,69,1,1,False,True
PIGK,viperturb_07.npz,58,58,1,1,False,True
PIGM,viperturb_07.npz,32,32,1,1,False,True
PIGO,viperturb_07.npz,35,35,1,1,False,True
PIGP,viperturb_07.npz,67,67,1,1,False,True
PIGT,viperturb_07.npz,75,75,1,1,False,True
PIGU,viperturb_07.npz,46,46,1,1,False,True
PIGY,viperturb_07.npz,42,42,1,1,False,False
PIH1D2,viperturb_07.npz,49,49,1,1,False,True
PIK3AP1,viperturb_07.npz,81,81,1,1,False,True
PIK3CA,viperturb_07.npz,66,66,1,1,False,True
PIK3CB,viperturb_07.npz,61,61,1,1,False,True
PIK3CG,viperturb_07.npz,65,65,1,1,False,True
PIK3R5,viperturb_07.npz,46,46,1,1,False,True
PIKFYVE,viperturb_07.npz,42,42,1,1,False,True
PIM1,viperturb_07.npz,39,39,1,1,False,True
PIM3,viperturb_07.npz,31,31,1,1,False,True
PIP5K1A,viperturb_07.npz,44,44,1,1,False,True
PIP5K1B,viperturb_07.npz,38,38,1,1,False,False
PISD,,0,9,1,0,False,True
PITRM1,viperturb_07.npz,53,53,1,1,False,True
PITX1,viperturb_07.npz,56,56,1,1,False,True
PIWIL1,viperturb_07.npz,65,65,1,1,False,True
PIWIL2,viperturb_07.npz,70,70,1,1,False,True
PIWIL3,viperturb_07.npz,23,23,1,1,False,True
PKD2,viperturb_07.npz,41,41,1,1,False,True
PKHD1,viperturb_07.npz,39,39,1,1,False,True
PKIA,viperturb_07.npz,42,42,1,1,False,True
PKM,viperturb_07.npz,43,43,1,1,False,True
PKN1,viperturb_07.npz,45,45,1,1,False,True
PKN3,viperturb_07.npz,20,20,1,1,True,True
PKNOX1,viperturb_07.npz,74,74,1,1,False,True
PKNOX2,viperturb_07.npz,57,57,1,1,False,True
PLA2G15,viperturb_07.npz,45,45,1,1,False,True
PLA2G16,viperturb_07.npz,46,46,1,1,False,False
PLA2G1B,viperturb_07.npz,28,28,1,1,False,True
PLA2G4F,viperturb_07.npz,55,55,1,1,False,True
PLA2G6,viperturb_07.npz,51,51,1,1,False,True
PLAA,viperturb_07.npz,62,62,1,1,False,True
PLAG1,viperturb_07.npz,32,32,1,1,False,True
PLAGL2,viperturb_07.npz,43,43,1,1,True,True
PLB1,viperturb_07.npz,60,60,1,1,False,True
PLBD1,viperturb_07.npz,70,70,1,1,False,True
PLCB4,viperturb_07.npz,99,99,1,1,False,True
PLCD4,viperturb_07.npz,59,59,1,1,False,True
PLCE1,viperturb_07.npz,56,56,1,1,False,True
PLCG1,viperturb_07.npz,53,53,1,1,True,True
PLCL1,viperturb_07.npz,59,59,1,1,False,True
PLD2,viperturb_07.npz,20,20,1,1,False,True
PLEKHD1,viperturb_07.npz,48,48,1,1,False,True
PLEKHG4,viperturb_07.npz,35,35,1,1,False,True
PLEKHH2,viperturb_07.npz,18,18,1,1,False,True
PLEKHH3,viperturb_07.npz,49,49,1,1,False,True
PLEKHJ1,viperturb_07.npz,78,78,1,1,False,True
PLEKHM1,viperturb_07.npz,45,45,1,1,False,True
PLEKHM2,viperturb_07.npz,27,27,1,1,False,True
PLEKHN1,viperturb_07.npz,23,23,1,1,False,True
PLEKHO1,viperturb_07.npz,50,50,1,1,False,True
PLET1,viperturb_07.npz,44,44,1,1,False,True
PLG,viperturb_07.npz,63,63,1,1,False,True
PLIN1,viperturb_07.npz,81,81,1,1,False,True
PLIN2,viperturb_07.npz,44,44,1,1,False,True
PLK2,viperturb_07.npz,60,60,1,1,False,True
PLK4,viperturb_07.npz,15,15,1,1,False,True
PLN,viperturb_07.npz,91,91,1,1,False,True
PLOD1,viperturb_07.npz,51,51,1,1,False,True
PLOD3,viperturb_07.npz,30,30,1,1,False,True
PLP2,viperturb_07.npz,47,47,1,1,False,True
PLS1,viperturb_07.npz,70,70,1,1,False,True
PLSCR2,viperturb_07.npz,52,52,1,1,False,True
PLXDC1,viperturb_07.npz,13,13,1,1,False,True
PLXDC2,viperturb_07.npz,38,38,1,1,False,True
PLXNA2,viperturb_07.npz,33,33,1,1,False,True
PLXNC1,viperturb_07.npz,49,49,1,1,False,True
PMM2,viperturb_07.npz,40,40,1,1,False,True
PMPCB,viperturb_07.npz,28,28,1,1,False,True
PMS1,viperturb_07.npz,85,85,1,1,False,True
PMVK,viperturb_07.npz,56,56,1,1,False,True
PNCK,viperturb_07.npz,59,59,1,1,False,True
PNKP,viperturb_07.npz,39,39,1,1,False,False
PNLIPRP1,viperturb_07.npz,31,31,1,1,False,True
PNMA2,viperturb_07.npz,52,52,1,1,False,True
PNMA6A,viperturb_07.npz,46,46,1,1,False,True
PNN,viperturb_07.npz,21,21,1,1,False,True
PNPLA4,viperturb_07.npz,40,40,1,1,False,True
PNPLA5,viperturb_07.npz,30,30,1,1,False,True
PNPLA7,viperturb_07.npz,58,58,1,1,False,True
PNPT1,viperturb_07.npz,15,15,1,1,False,True
PNRC1,viperturb_07.npz,64,64,1,1,False,True
PODNL1,viperturb_07.npz,26,26,1,1,False,True
PODXL,viperturb_07.npz,17,17,1,1,False,True
PODXL2,viperturb_07.npz,70,70,1,1,False,True
POFUT1,viperturb_07.npz,37,37,1,1,False,True
POFUT2,viperturb_07.npz,58,58,1,1,False,True
POLA2,viperturb_07.npz,10,10,1,1,False,True
POLD3,viperturb_07.npz,10,10,1,1,False,True
POLD4,viperturb_07.npz,41,41,1,1,True,True
POLDIP3,viperturb_07.npz,33,33,1,1,False,True
POLE2,viperturb_07.npz,56,56,1,1,False,True
POLE4,viperturb_07.npz,78,78,1,1,False,True
POLH,viperturb_07.npz,51,51,1,1,False,True
POLI,viperturb_07.npz,24,24,1,1,False,True
POLL,viperturb_07.npz,55,55,1,1,False,True
POLR1A,viperturb_07.npz,12,12,1,1,False,True
POLR1B,viperturb_07.npz,13,13,1,1,False,True
POLR1C,viperturb_07.npz,28,28,1,1,False,True
POLR1D,viperturb_07.npz,27,27,1,1,False,True
POLR1E,viperturb_07.npz,26,26,1,1,False,True
POLR2A,viperturb_07.npz,14,14,1,1,False,True
POLR2C,,0,5,1,0,False,True
POLR2F,viperturb_07.npz,11,11,1,1,False,True
POLR2L,viperturb_07.npz,18,18,1,1,False,True
POLR3C,viperturb_07.npz,43,43,1,1,False,True
POLR3D,viperturb_07.npz,82,82,1,1,False,True
POLR3E,viperturb_07.npz,51,51,1,1,False,True
POLR3F,viperturb_07.npz,17,17,1,1,False,True
POLR3H,viperturb_07.npz,11,11,1,1,False,True
POLR3K,viperturb_07.npz,44,44,1,1,False,True
POLRMT,viperturb_07.npz,27,27,1,1,False,True
POM121,viperturb_07.npz,38,38,1,1,False,True
POM121L2,viperturb_07.npz,113,113,1,1,False,True
POMK,viperturb_07.npz,34,34,1,1,False,False
PON1,viperturb_07.npz,31,31,1,1,False,True
POP4,viperturb_07.npz,46,46,1,1,False,True
POP5,viperturb_07.npz,17,17,1,1,False,True
PORCN,viperturb_07.npz,35,35,1,1,False,True
POSTN,viperturb_07.npz,51,51,1,1,False,True
POT1,viperturb_07.npz,32,32,1,1,False,True
POTEA,viperturb_07.npz,54,54,1,1,False,False
POTEI,viperturb_07.npz,37,37,1,1,False,True
POU2F1,viperturb_07.npz,48,48,1,1,False,True
POU3F2,viperturb_07.npz,43,43,1,1,False,True
POU4F1,viperturb_07.npz,44,44,1,1,False,True
POU4F3,viperturb_07.npz,63,63,1,1,False,True
PPA1,viperturb_07.npz,30,30,1,1,False,True
PPARGC1B,viperturb_07.npz,78,78,1,1,False,True
PPCS,viperturb_07.npz,22,22,1,1,False,True
PPFIA3,viperturb_07.npz,66,66,1,1,False,True
PPFIA4,viperturb_07.npz,30,30,1,1,False,True
PPFIBP1,viperturb_07.npz,39,39,1,1,False,True
PPIG,viperturb_07.npz,83,83,1,1,False,True
PPIL1,viperturb_07.npz,37,37,1,1,False,True
PPIL2,viperturb_07.npz,64,64,1,1,False,True
PPIL3,viperturb_07.npz,44,44,1,1,False,True
PPM1E,viperturb_07.npz,34,34,1,1,False,True
PPM1F,viperturb_07.npz,78,78,1,1,False,True
PPM1G,viperturb_07.npz,50,50,1,1,False,True
PPM1H,viperturb_07.npz,57,57,1,1,False,True
PPM1K,viperturb_07.npz,70,70,1,1,False,True
PPP1CA,viperturb_07.npz,48,48,1,1,False,True
PPP1CB,viperturb_07.npz,61,61,1,1,False,True
PPP1R11,viperturb_07.npz,65,65,1,1,False,True
PPP1R12B,viperturb_07.npz,29,29,1,1,False,True
PPP1R13L,viperturb_07.npz,57,57,1,1,False,True
PPP1R14A,viperturb_07.npz,62,62,1,1,False,True
PPP1R14C,viperturb_07.npz,52,52,1,1,False,True
PPP1R16A,viperturb_07.npz,59,59,1,1,False,True
PPP1R18,viperturb_07.npz,119,119,1,1,False,True
PPP1R1A,viperturb_07.npz,17,17,1,1,False,True
PPP1R1B,viperturb_07.npz,32,32,1,1,False,True
PPP1R2,viperturb_07.npz,21,21,1,1,False,True
PPP1R26,viperturb_07.npz,43,43,1,1,False,True
PPP1R27,viperturb_07.npz,60,60,1,1,False,True
PPP1R32,viperturb_07.npz,56,56,1,1,False,True
PPP1R37,viperturb_07.npz,43,43,1,1,False,True
PPP1R3C,viperturb_07.npz,21,21,1,1,False,True
PPP1R3D,viperturb_07.npz,39,39,1,1,False,True
PPP1R3G,viperturb_07.npz,25,25,1,1,False,True
PPP1R7,viperturb_07.npz,60,60,1,1,False,True
PPP1R8,viperturb_07.npz,43,43,1,1,False,True
PPP1R9A,viperturb_07.npz,22,22,1,1,False,True
PPP1R9B,viperturb_07.npz,30,30,1,1,False,True
PPP2CA,viperturb_07.npz,60,60,1,1,False,True
PPP2R1A,viperturb_07.npz,27,27,1,1,False,True
PPP2R2A,viperturb_07.npz,73,73,1,1,False,True
PPP2R5C,viperturb_07.npz,58,58,1,1,False,True
PPP3CB,viperturb_07.npz,20,20,1,1,False,True
PPP3R1,viperturb_07.npz,43,43,1,1,False,True
PPP3R2,viperturb_07.npz,22,22,1,1,False,True
PPP4C,viperturb_07.npz,42,42,1,1,False,True
PPP4R1,viperturb_07.npz,105,105,1,1,False,True
PPP4R2,viperturb_07.npz,46,46,1,1,False,True
PPP5C,viperturb_07.npz,27,27,1,1,False,True
PPP6C,viperturb_07.npz,42,42,1,1,False,True
PPP6R2,viperturb_07.npz,50,50,1,1,False,True
PPP6R3,viperturb_07.npz,32,32,1,1,False,True
PPT1,viperturb_07.npz,78,78,1,1,False,True
PQBP1,viperturb_07.npz,25,25,1,1,True,True
PQLC1,viperturb_07.npz,67,67,1,1,False,False
PRAC1,viperturb_07.npz,57,57,1,1,False,True
PRAC2,viperturb_07.npz,25,25,1,1,False,True
PRADC1,viperturb_07.npz,66,66,1,1,False,True
PRAF2,viperturb_07.npz,71,71,1,1,False,True
PRAM1,viperturb_07.npz,68,68,1,1,False,True
PRAMEF10,viperturb_07.npz,41,41,1,1,False,True
PRAMEF17,viperturb_07.npz,39,39,1,1,False,True
PRC1,viperturb_07.npz,23,23,1,1,False,True
PRCC,viperturb_07.npz,31,31,1,1,False,True
PRCP,viperturb_07.npz,37,37,1,1,False,True
PRDM1,viperturb_07.npz,55,55,1,1,False,True
PRDM10,viperturb_07.npz,78,78,1,1,False,True
PRDM13,viperturb_07.npz,70,70,1,1,False,True
PRDX3,viperturb_07.npz,46,46,1,1,True,True
PRDX4,viperturb_07.npz,74,74,1,1,False,True
PREPL,viperturb_07.npz,61,61,1,1,False,True
PREX1,viperturb_07.npz,56,56,1,1,False,True
PREX2,viperturb_07.npz,83,83,1,1,False,True
PRG2,viperturb_07.npz,15,15,1,1,False,True
PRG4,viperturb_07.npz,50,50,1,1,False,True
PRICKLE1,viperturb_07.npz,36,36,1,1,False,True
PRICKLE4,viperturb_07.npz,34,34,1,1,False,False
PRKAA1,viperturb_07.npz,72,72,1,1,False,True
PRKAB1,viperturb_07.npz,24,24,1,1,False,True
PRKAB2,viperturb_07.npz,55,55,1,1,True,True
PRKACA,viperturb_07.npz,80,80,1,1,True,True
PRKAG1,viperturb_07.npz,78,78,1,1,False,True
PRKAG2,viperturb_07.npz,26,26,1,1,False,True
PRKAR1A,viperturb_07.npz,66,66,1,1,False,True
PRKAR2B,viperturb_07.npz,56,56,1,1,False,True
PRKCG,viperturb_07.npz,51,51,1,1,False,True
PRKCH,viperturb_07.npz,33,33,1,1,False,True
PRKCI,viperturb_07.npz,22,22,1,1,False,True
PRKCZ,viperturb_07.npz,64,64,1,1,False,True
PRKDC,viperturb_07.npz,63,63,1,1,False,True
PRLH,viperturb_07.npz,48,48,1,1,False,True
PRLHR,viperturb_07.npz,46,46,1,1,False,True
PRMT2,viperturb_07.npz,59,59,1,1,True,True
PRMT3,viperturb_07.npz,18,18,1,1,False,True
PRMT5,viperturb_07.npz,66,66,1,1,False,True
PRMT7,viperturb_07.npz,46,46,1,1,True,True
PRMT8,viperturb_07.npz,70,70,1,1,False,True
PRND,viperturb_07.npz,37,37,1,1,False,True
PROK2,viperturb_07.npz,41,41,1,1,False,True
PROKR1,viperturb_07.npz,60,60,1,1,False,True
PROKR2,viperturb_07.npz,37,37,1,1,False,False
PROP1,viperturb_07.npz,79,79,1,1,False,True
PRORY,viperturb_07.npz,30,30,1,1,False,False
PROSER1,viperturb_07.npz,44,44,1,1,False,True
PRPF31,viperturb_07.npz,23,23,1,1,False,True
PRPF38B,viperturb_07.npz,12,12,1,1,False,True
PRPF39,viperturb_07.npz,54,54,1,1,False,True
PRPF4,viperturb_07.npz,17,17,1,1,False,True
PRPF40A,,0,3,1,0,False,True
PRPF4B,viperturb_07.npz,18,18,1,1,False,True
PRPF6,viperturb_07.npz,15,15,1,1,False,True
PRPS2,viperturb_07.npz,43,43,1,1,False,True
PRR12,viperturb_07.npz,65,65,1,1,False,True
PRR14,viperturb_07.npz,65,65,1,1,False,True
PRR16,viperturb_07.npz,33,33,1,1,False,True
PRR21,viperturb_07.npz,47,47,1,1,False,False
PRR22,viperturb_07.npz,23,23,1,1,False,True
PRR23A,viperturb_07.npz,33,33,1,1,False,True
PRR23C,viperturb_07.npz,37,37,1,1,False,True
PRR23D1,viperturb_07.npz,27,27,1,1,False,False
PRR33,viperturb_07.npz,18,18,1,1,False,True
PRR34,viperturb_07.npz,52,52,1,1,False,False
PRR35,viperturb_07.npz,31,31,1,1,False,True
PRR36,viperturb_07.npz,72,72,1,1,False,True
PRR5L,viperturb_07.npz,62,62,1,1,False,True
PRR7,viperturb_07.npz,59,59,1,1,False,True
PRRC1,viperturb_07.npz,61,61,1,1,False,True
PRRC2B,viperturb_07.npz,65,65,1,1,False,True
PRRG4,viperturb_07.npz,16,16,1,1,False,True
PRRT1,viperturb_07.npz,52,52,1,1,False,True
PRRX2,viperturb_07.npz,36,36,1,1,False,True
PRSS1,viperturb_07.npz,32,32,1,1,False,True
PRSS21,viperturb_07.npz,58,58,1,1,False,True
PRSS33,,0,7,1,0,False,True
PRSS35,viperturb_07.npz,48,48,1,1,False,True
PRSS38,viperturb_07.npz,41,41,1,1,False,True
PRSS42,viperturb_07.npz,59,59,1,1,False,False
PRSS46,viperturb_07.npz,22,22,1,1,False,False
PRSS48,,0,9,1,0,False,True
PRSS53,viperturb_07.npz,23,23,1,1,False,True
PRSS56,viperturb_07.npz,65,65,1,1,False,True
PRSS58,viperturb_07.npz,35,35,1,1,False,True
PSAPL1,viperturb_07.npz,54,54,1,1,False,True
PSD,viperturb_07.npz,61,61,1,1,False,True
PSEN1,viperturb_07.npz,34,34,1,1,False,True
PSENEN,viperturb_07.npz,46,46,1,1,False,True
PSG1,viperturb_07.npz,41,41,1,1,False,True
PSG6,viperturb_07.npz,68,68,1,1,False,True
PSG7,viperturb_07.npz,67,67,1,1,False,True
PSG8,viperturb_07.npz,27,27,1,1,False,False
PSKH1,viperturb_07.npz,37,37,1,1,True,True
PSMA3,,0,6,1,0,False,True
PSMA6,viperturb_07.npz,22,22,1,1,False,False
PSMA7,,0,8,1,0,False,True
PSMB1,viperturb_07.npz,20,20,1,1,False,True
PSMB10,viperturb_07.npz,38,38,1,1,False,True
PSMB4,viperturb_07.npz,44,44,1,1,False,True
PSMB9,viperturb_07.npz,85,85,1,1,True,True
PSMC5,viperturb_07.npz,14,14,1,1,False,True
PSMC6,viperturb_07.npz,26,26,1,1,False,True
PSMD11,viperturb_07.npz,24,24,1,1,False,True
PSMD13,viperturb_07.npz,46,46,1,1,False,True
PSMD2,viperturb_07.npz,15,15,1,1,False,True
PSMD4,viperturb_07.npz,34,34,1,1,False,True
PSMD5,viperturb_07.npz,38,38,1,1,False,True
PSMF1,viperturb_07.npz,41,41,1,1,False,True
PSMG1,viperturb_07.npz,56,56,1,1,False,True
PSMG3,viperturb_07.npz,10,10,1,1,False,True
PSPH,viperturb_07.npz,38,38,1,1,False,True
PSRC1,viperturb_07.npz,32,32,1,1,False,True
PSTPIP1,viperturb_07.npz,74,74,1,1,False,True
PSTPIP2,viperturb_07.npz,12,12,1,1,False,True
PTAFR,viperturb_07.npz,26,26,1,1,False,True
PTBP1,viperturb_07.npz,92,92,1,1,False,True
PTBP3,viperturb_07.npz,55,55,1,1,False,True
PTCD2,viperturb_07.npz,53,53,1,1,False,True
PTCHD1,viperturb_07.npz,55,55,1,1,False,True
PTER,viperturb_07.npz,42,42,1,1,False,True
PTF1A,viperturb_07.npz,53,53,1,1,False,True
PTGER3,viperturb_07.npz,79,79,1,1,False,True
PTGES,viperturb_07.npz,49,49,1,1,False,True
PTGFRN,viperturb_07.npz,50,50,1,1,False,True
PTGIS,viperturb_07.npz,73,73,1,1,False,True
PTGS2,viperturb_07.npz,28,28,1,1,False,True
PTH,viperturb_07.npz,45,45,1,1,False,True
PTH2,viperturb_07.npz,33,33,1,1,False,True
PTK2B,viperturb_07.npz,14,14,1,1,False,True
PTMA,viperturb_07.npz,67,67,1,1,False,False
PTMS,viperturb_07.npz,74,74,1,1,True,True
PTN,viperturb_07.npz,57,57,1,1,False,True
PTOV1,viperturb_07.npz,52,52,1,1,True,True
PTP4A3,viperturb_07.npz,53,53,1,1,False,True
PTPA,viperturb_07.npz,44,44,1,1,False,True
PTPMT1,viperturb_07.npz,48,48,1,1,False,True
PTPN1,viperturb_07.npz,30,30,1,1,False,True
PTPN12,viperturb_07.npz,64,64,1,1,False,True
PTPN13,viperturb_07.npz,88,88,1,1,False,True
PTPN18,viperturb_07.npz,39,39,1,1,False,True
PTPN2,viperturb_07.npz,91,91,1,1,False,True
PTPN20,viperturb_07.npz,28,28,1,1,False,True
PTPN22,viperturb_07.npz,59,59,1,1,False,True
PTPN23,viperturb_07.npz,42,42,1,1,False,True
PTPN7,viperturb_07.npz,34,34,1,1,False,True
PTPRC,viperturb_07.npz,65,65,1,1,False,True
PTPRCAP,viperturb_07.npz,28,28,1,1,False,False
PTPRF,viperturb_07.npz,59,59,1,1,False,True
PTPRJ,viperturb_07.npz,55,55,1,1,False,True
PTPRM,viperturb_07.npz,84,84,1,1,False,True
PTPRN,viperturb_07.npz,51,51,1,1,False,True
PTPRN2,viperturb_07.npz,10,10,1,1,False,True
PTPRS,viperturb_07.npz,22,22,1,1,False,True
PTPRU,viperturb_07.npz,75,75,1,1,False,True
PTPRZ1,viperturb_07.npz,59,59,1,1,False,True
PTRH2,viperturb_07.npz,24,24,1,1,False,True
PTTG1,viperturb_07.npz,13,13,1,1,False,True
PTTG1IP,,0,7,1,0,False,True
PUM1,viperturb_07.npz,32,32,1,1,False,True
PUM2,viperturb_07.npz,43,43,1,1,False,True
PURB,viperturb_07.npz,26,26,1,1,False,True
PUS1,viperturb_07.npz,60,60,1,1,False,True
PUS3,viperturb_07.npz,52,52,1,1,False,True
PVR,viperturb_07.npz,20,20,1,1,False,True
PVRIG,viperturb_07.npz,64,64,1,1,False,True
PWP1,viperturb_07.npz,50,50,1,1,False,True
PXDC1,viperturb_07.npz,94,94,1,1,False,True
PXMP4,viperturb_07.npz,17,17,1,1,False,True
PXT1,viperturb_07.npz,46,46,1,1,False,True
PYCR2,viperturb_07.npz,25,25,1,1,False,True
PYCR3,viperturb_07.npz,41,41,1,1,False,True
PYGM,viperturb_07.npz,27,27,1,1,False,True
PYGO1,viperturb_07.npz,37,37,1,1,False,True
PYGO2,viperturb_07.npz,50,50,1,1,False,True
PYROXD1,viperturb_07.npz,36,36,1,1,False,True
QDPR,viperturb_07.npz,65,65,1,1,False,True
QPRT,viperturb_07.npz,13,13,1,1,False,True
QRFPR,viperturb_07.npz,43,43,1,1,False,True
QRICH1,viperturb_07.npz,46,46,1,1,False,True
QRICH2,viperturb_07.npz,69,69,1,1,False,True
QSER1,viperturb_07.npz,17,17,1,1,False,True
QSOX1,viperturb_07.npz,57,57,1,1,False,True
R3HCC1,viperturb_07.npz,59,59,1,1,False,True
R3HCC1L,viperturb_07.npz,25,25,1,1,True,True
R3HDM1,viperturb_07.npz,39,39,1,1,False,True
R3HDM4,viperturb_07.npz,113,113,1,1,False,True
R3HDML,viperturb_07.npz,73,73,1,1,False,True
RAB10,viperturb_07.npz,67,67,1,1,False,True
RAB11B,viperturb_07.npz,27,27,1,1,False,True
RAB11FIP1,viperturb_07.npz,45,45,1,1,False,True
RAB11FIP4,viperturb_07.npz,72,72,1,1,False,True
RAB11FIP5,viperturb_07.npz,41,41,1,1,True,True
RAB12,viperturb_07.npz,34,34,1,1,False,True
RAB17,viperturb_07.npz,13,13,1,1,False,True
RAB19,viperturb_07.npz,36,36,1,1,False,True
RAB1A,viperturb_07.npz,63,63,1,1,False,True
RAB1B,viperturb_07.npz,42,42,1,1,False,True
RAB21,viperturb_07.npz,45,45,1,1,False,True
RAB23,viperturb_07.npz,23,23,1,1,False,True
RAB26,viperturb_07.npz,25,25,1,1,False,True
RAB2B,,0,9,1,0,False,True
RAB30,viperturb_07.npz,57,57,1,1,False,True
RAB31,viperturb_07.npz,39,39,1,1,False,True
RAB33B,viperturb_07.npz,45,45,1,1,False,True
RAB35,viperturb_07.npz,63,63,1,1,False,True
RAB3IL1,viperturb_07.npz,89,89,1,1,False,True
RAB40A,viperturb_07.npz,89,89,1,1,False,True
RAB44,viperturb_07.npz,100,100,1,1,False,True
RAB4B,viperturb_07.npz,33,33,1,1,False,True
RAB5C,viperturb_07.npz,79,79,1,1,False,True
RAB7A,viperturb_07.npz,42,42,1,1,False,True
RAB9A,viperturb_07.npz,70,70,1,1,False,True
RAB9B,viperturb_07.npz,23,23,1,1,False,True
RABGAP1,viperturb_07.npz,20,20,1,1,False,True
RABL2B,viperturb_07.npz,63,63,1,1,False,True
RABL3,viperturb_07.npz,35,35,1,1,False,True
RAD17,viperturb_07.npz,68,68,1,1,False,True
RAD21,viperturb_07.npz,28,28,1,1,False,True
RAD23B,viperturb_07.npz,44,44,1,1,False,True
RAD51C,viperturb_07.npz,17,17,1,1,False,True
RAD51D,viperturb_07.npz,39,39,1,1,False,True
RAD52,viperturb_07.npz,48,48,1,1,False,True
RAD9A,viperturb_07.npz,49,49,1,1,False,True
RAD9B,viperturb_07.npz,44,44,1,1,False,True
RAET1E,viperturb_07.npz,43,43,1,1,False,True
RAI1,viperturb_07.npz,53,53,1,1,False,True
RAI14,viperturb_07.npz,34,34,1,1,False,True
RALGAPA1,viperturb_07.npz,28,28,1,1,False,True
RALGAPA2,viperturb_07.npz,54,54,1,1,False,True
RALYL,viperturb_07.npz,52,52,1,1,False,True
RAMP2,viperturb_07.npz,38,38,1,1,False,True
RANBP1,viperturb_07.npz,91,91,1,1,False,False
RANBP2,viperturb_07.npz,16,16,1,1,False,False
RANBP9,viperturb_07.npz,31,31,1,1,False,True
RAP1A,viperturb_07.npz,72,72,1,1,False,True
RAP2B,viperturb_07.npz,30,30,1,1,False,True
RAP2C,viperturb_07.npz,56,56,1,1,False,True
RAPGEF1,viperturb_07.npz,41,41,1,1,False,True
RAPGEF6,viperturb_07.npz,49,49,1,1,False,True
RARA,viperturb_07.npz,52,52,1,1,False,True
RARB,viperturb_07.npz,46,46,1,1,False,True
RARRES3,viperturb_07.npz,64,64,1,1,False,False
RARS2,viperturb_07.npz,81,81,1,1,False,True
RASA3,viperturb_07.npz,54,54,1,1,False,True
RASAL2,viperturb_07.npz,43,43,1,1,False,True
RASGEF1B,viperturb_07.npz,51,51,1,1,False,True
RASGRP2,viperturb_07.npz,27,27,1,1,False,True
RASGRP3,viperturb_07.npz,66,66,1,1,False,True
RASSF8,viperturb_07.npz,47,47,1,1,False,True
RAVER1,viperturb_07.npz,96,96,1,1,False,True
RAVER2,viperturb_07.npz,52,52,1,1,False,True
RB1,viperturb_07.npz,35,35,1,1,False,True
RBAK,viperturb_07.npz,25,25,1,1,False,True
RBBP5,viperturb_07.npz,34,34,1,1,False,True
RBBP6,viperturb_07.npz,56,56,1,1,False,True
RBBP7,viperturb_07.npz,73,73,1,1,False,True
RBFOX3,viperturb_07.npz,25,25,1,1,False,True
RBKS,viperturb_07.npz,38,38,1,1,False,True
RBL1,viperturb_07.npz,29,29,1,1,False,True
RBL2,viperturb_07.npz,23,23,1,1,False,True
RBM10,viperturb_07.npz,41,41,1,1,False,True
RBM11,viperturb_07.npz,44,44,1,1,False,True
RBM14,viperturb_07.npz,33,33,1,1,False,True
RBM17,viperturb_07.npz,20,20,1,1,False,True
RBM20,viperturb_07.npz,30,30,1,1,False,True
RBM27,viperturb_07.npz,37,37,1,1,False,True
RBM28,viperturb_07.npz,24,24,1,1,False,True
RBM3,viperturb_07.npz,20,20,1,1,False,True
RBM34,viperturb_07.npz,45,45,1,1,False,True
RBM38,viperturb_07.npz,15,15,1,1,False,True
RBM4,viperturb_07.npz,26,26,1,1,False,True
RBM41,viperturb_07.npz,87,87,1,1,False,True
RBM44,viperturb_07.npz,39,39,1,1,False,True
RBM6,viperturb_07.npz,93,93,1,1,False,True
RBM7,viperturb_07.npz,56,56,1,1,False,True
RBM8A,viperturb_07.npz,15,15,1,1,False,True
RBMX2,viperturb_07.npz,11,11,1,1,False,True
RBMXL1,viperturb_07.npz,62,62,1,1,False,True
RBMXL2,viperturb_07.npz,69,69,1,1,False,True
RBMY1J,viperturb_07.npz,62,62,1,1,False,True
RBP2,viperturb_07.npz,38,38,1,1,False,True
RBP3,viperturb_07.npz,32,32,1,1,False,True
RBPMS2,viperturb_07.npz,83,83,1,1,False,True
RBSN,viperturb_07.npz,69,69,1,1,False,True
RBX1,viperturb_07.npz,11,11,1,1,False,True
RC3H1,viperturb_07.npz,83,83,1,1,False,True
RCAN2,viperturb_07.npz,45,45,1,1,False,True
RCBTB1,viperturb_07.npz,16,16,1,1,False,True
RCC1,viperturb_07.npz,57,57,1,1,False,True
RCC1L,viperturb_07.npz,48,48,1,1,False,True
RCCD1,viperturb_07.npz,35,35,1,1,False,True
RCE1,viperturb_07.npz,29,29,1,1,False,True
RCHY1,viperturb_07.npz,28,28,1,1,False,True
RCN1,viperturb_07.npz,73,73,1,1,False,True
RCN2,viperturb_07.npz,45,45,1,1,False,True
RCOR1,viperturb_07.npz,71,71,1,1,False,True
RCOR3,viperturb_07.npz,54,54,1,1,False,True
RCSD1,viperturb_07.npz,62,62,1,1,False,True
RD3,viperturb_07.npz,16,16,1,1,False,True
RDH14,viperturb_07.npz,36,36,1,1,False,True
RDH16,viperturb_07.npz,65,65,1,1,False,True
RDX,viperturb_07.npz,55,55,1,1,False,True
REC8,viperturb_07.npz,49,49,1,1,False,True
REEP4,viperturb_07.npz,34,34,1,1,False,True
REG1B,viperturb_07.npz,61,61,1,1,False,True
REP15,viperturb_07.npz,25,25,1,1,False,True
REPIN1,viperturb_07.npz,34,34,1,1,False,True
RERE,viperturb_07.npz,108,108,1,1,False,True
RESP18,viperturb_07.npz,56,56,1,1,False,True
RETNLB,viperturb_07.npz,65,65,1,1,False,True
REXO2,viperturb_07.npz,29,29,1,1,False,True
REXO4,viperturb_07.npz,75,75,1,1,False,True
RFC1,viperturb_07.npz,25,25,1,1,False,True
RFC5,viperturb_07.npz,18,18,1,1,False,True
RFK,viperturb_07.npz,94,94,1,1,True,True
RFPL1,viperturb_07.npz,63,63,1,1,False,True
RFPL4A,viperturb_07.npz,64,64,1,1,False,True
RFPL4B,viperturb_07.npz,46,46,1,1,False,True
RFT1,viperturb_07.npz,60,60,1,1,False,True
RFTN2,viperturb_07.npz,76,76,1,1,False,True
RFWD2,viperturb_07.npz,41,41,1,1,False,False
RFX1,viperturb_07.npz,42,42,1,1,False,True
RFX6,viperturb_07.npz,36,36,1,1,False,True
RFX8,viperturb_07.npz,45,45,1,1,False,True
RFXANK,viperturb_07.npz,83,83,1,1,False,True
RGP1,viperturb_07.npz,45,45,1,1,False,True
RGPD2,viperturb_07.npz,55,55,1,1,False,True
RGPD3,viperturb_07.npz,80,80,1,1,False,True
RGS16,viperturb_07.npz,53,53,1,1,False,True
RGS2,viperturb_07.npz,58,58,1,1,False,True
RGS22,viperturb_07.npz,53,53,1,1,False,True
RHBDD1,viperturb_07.npz,28,28,1,1,False,True
RHBDD3,viperturb_07.npz,126,126,1,1,False,True
RHBDL2,viperturb_07.npz,39,39,1,1,False,True
RHBDL3,,0,4,1,0,False,True
RHEBL1,viperturb_07.npz,62,62,1,1,False,True
RHOA,viperturb_07.npz,25,25,1,1,False,True
RHOBTB3,viperturb_07.npz,56,56,1,1,False,True
RHOG,viperturb_07.npz,62,62,1,1,False,True
RHOT1,viperturb_07.npz,67,67,1,1,False,True
RHOV,viperturb_07.npz,46,46,1,1,False,True
RHOXF1,viperturb_07.npz,50,50,1,1,False,True
RIC1,viperturb_07.npz,70,70,1,1,False,True
RIC3,viperturb_07.npz,32,32,1,1,False,True
RIC8B,viperturb_07.npz,21,21,1,1,False,True
RILP,viperturb_07.npz,59,59,1,1,False,True
RIMKLB,viperturb_08.npz,15,15,1,1,False,True
RIN1,viperturb_08.npz,112,112,1,1,False,True
RING1,viperturb_08.npz,64,64,1,1,False,True
RIOK1,viperturb_08.npz,33,33,1,1,False,True
RIOK2,viperturb_08.npz,25,25,1,1,False,True
RIPK4,viperturb_08.npz,57,57,1,1,False,True
RIPPLY2,viperturb_08.npz,17,17,1,1,False,True
RLF,viperturb_08.npz,100,100,1,1,False,True
RLIM,viperturb_08.npz,68,68,1,1,False,True
RLN1,viperturb_08.npz,42,42,1,1,False,True
RMI2,viperturb_08.npz,31,31,1,1,False,True
RMND5B,viperturb_08.npz,40,40,1,1,False,True
RNASE10,viperturb_08.npz,51,51,1,1,False,True
RNASE6,viperturb_08.npz,18,18,1,1,False,True
RNASEH1,viperturb_08.npz,30,30,1,1,False,True
RNASEH2B,viperturb_08.npz,37,37,1,1,False,True
RNASET2,viperturb_08.npz,57,57,1,1,False,True
RND1,viperturb_08.npz,34,34,1,1,False,True
RND2,viperturb_08.npz,32,32,1,1,False,True
RND3,viperturb_08.npz,42,42,1,1,False,True
RNF103-CHMP3,viperturb_08.npz,36,36,1,1,False,False
RNF111,viperturb_08.npz,36,36,1,1,False,True
RNF113B,viperturb_08.npz,27,27,1,1,False,True
RNF115,viperturb_08.npz,15,15,1,1,False,True
RNF123,viperturb_08.npz,59,59,1,1,False,True
RNF135,viperturb_08.npz,41,41,1,1,False,True
RNF14,viperturb_08.npz,81,81,1,1,False,True
RNF144A,viperturb_08.npz,55,55,1,1,False,True
RNF145,viperturb_08.npz,33,33,1,1,False,True
RNF151,viperturb_08.npz,73,73,1,1,False,True
RNF157,viperturb_08.npz,38,38,1,1,False,True
RNF165,viperturb_08.npz,53,53,1,1,False,True
RNF167,viperturb_08.npz,72,72,1,1,False,True
RNF169,viperturb_08.npz,49,49,1,1,False,True
RNF170,viperturb_08.npz,51,51,1,1,False,True
RNF182,viperturb_08.npz,25,25,1,1,False,True
RNF183,viperturb_08.npz,16,16,1,1,False,True
RNF19A,viperturb_08.npz,50,50,1,1,False,True
RNF2,viperturb_08.npz,45,45,1,1,True,True
RNF20,viperturb_08.npz,23,23,1,1,False,True
RNF212,viperturb_08.npz,32,32,1,1,False,True
RNF214,viperturb_08.npz,53,53,1,1,False,True
RNF220,viperturb_08.npz,37,37,1,1,False,True
RNF224,viperturb_08.npz,46,46,1,1,False,True
RNF25,viperturb_08.npz,15,15,1,1,False,True
RNF31,viperturb_08.npz,49,49,1,1,False,True
RNF39,viperturb_08.npz,55,55,1,1,False,True
RNF40,viperturb_08.npz,19,19,1,1,False,True
RNF6,viperturb_08.npz,74,74,1,1,False,True
RNFT1,viperturb_08.npz,35,35,1,1,False,True
RNFT2,viperturb_08.npz,102,102,1,1,False,True
RNGTT,viperturb_08.npz,10,10,1,1,False,True
RNMT,viperturb_08.npz,66,66,1,1,False,True
RNPC3,viperturb_08.npz,24,24,1,1,False,True
RNPEPL1,viperturb_08.npz,54,54,1,1,False,True
ROBO2,viperturb_08.npz,14,14,1,1,False,True
ROBO4,viperturb_08.npz,11,11,1,1,False,True
ROCK1,viperturb_08.npz,67,67,1,1,False,True
ROM1,viperturb_08.npz,42,42,1,1,False,True
RORC,viperturb_08.npz,20,20,1,1,False,True
RP1L1,viperturb_08.npz,32,32,1,1,False,True
RP9,viperturb_08.npz,40,40,1,1,False,True
RPA2,,0,6,1,0,False,True
RPA4,viperturb_08.npz,63,63,1,1,False,True
RPAP1,viperturb_08.npz,16,16,1,1,False,True
RPAP3,viperturb_08.npz,25,25,1,1,False,True
RPE,viperturb_08.npz,34,34,1,1,False,True
RPE65,viperturb_08.npz,47,47,1,1,False,True
RPGR,viperturb_08.npz,38,38,1,1,False,True
RPGRIP1L,viperturb_08.npz,62,62,1,1,False,True
RPL13A,viperturb_08.npz,10,10,1,1,False,False
RPL15,,0,3,1,0,False,False
RPL17-C18orf32,viperturb_08.npz,54,54,1,1,False,False
RPL22,viperturb_08.npz,33,33,1,1,False,False
RPL23A,,0,4,1,0,False,False
RPL29,viperturb_08.npz,63,63,1,1,False,False
RPL35,viperturb_08.npz,15,15,1,1,False,False
RPL39,,0,7,1,0,False,False
RPL39L,viperturb_08.npz,50,50,1,1,False,False
RPL41,viperturb_08.npz,80,80,1,1,False,False
RPL6,viperturb_08.npz,50,50,1,1,False,False
RPL7A,viperturb_08.npz,47,47,1,1,False,False
RPL8,,0,3,1,0,False,False
RPN1,viperturb_08.npz,39,39,1,1,False,True
RPN2,viperturb_08.npz,29,29,1,1,False,True
RPP14,viperturb_08.npz,25,25,1,1,False,True
RPP30,viperturb_08.npz,23,23,1,1,False,True
RPP38,viperturb_08.npz,22,22,1,1,False,True
RPP40,viperturb_08.npz,39,39,1,1,False,True
RPRD1A,viperturb_08.npz,95,95,1,1,False,True
RPRD1B,viperturb_08.npz,57,57,1,1,False,True
RPRD2,viperturb_08.npz,13,13,1,1,False,True
RPRML,viperturb_08.npz,77,77,1,1,False,True
RPS10,viperturb_08.npz,12,12,1,1,False,False
RPS10-NUDT3,viperturb_08.npz,13,13,1,1,False,False
RPS18,,0,3,1,0,False,False
RPS19BP1,viperturb_08.npz,43,43,1,1,False,False
RPS2,viperturb_08.npz,11,11,1,1,False,False
RPS20,viperturb_08.npz,14,14,1,1,False,False
RPS25,viperturb_08.npz,24,24,1,1,False,False
RPS27,viperturb_08.npz,11,11,1,1,False,False
RPS27A,viperturb_08.npz,32,32,1,1,False,False
RPS29,,0,4,1,0,False,False
RPS3A,viperturb_08.npz,16,16,1,1,False,False
RPS4X,viperturb_08.npz,24,24,1,1,False,False
RPS4Y1,viperturb_08.npz,61,61,1,1,False,False
RPS6KA3,viperturb_08.npz,45,45,1,1,False,False
RPS6KA5,viperturb_08.npz,72,72,1,1,False,False
RPTOR,viperturb_08.npz,65,65,1,1,False,True
RPUSD1,viperturb_08.npz,57,57,1,1,False,True
RPUSD3,viperturb_08.npz,94,94,1,1,False,True
RPUSD4,viperturb_08.npz,31,31,1,1,False,True
RRAD,viperturb_08.npz,67,67,1,1,False,True
RRAGA,viperturb_08.npz,60,60,1,1,False,True
RRAGC,viperturb_08.npz,38,38,1,1,False,True
RRAS2,viperturb_08.npz,26,26,1,1,False,True
RRBP1,viperturb_08.npz,48,48,1,1,False,True
RREB1,viperturb_08.npz,63,63,1,1,False,True
RRM1,viperturb_08.npz,16,16,1,1,False,True
RRM2B,viperturb_08.npz,24,24,1,1,False,True
RRN3,viperturb_08.npz,33,33,1,1,False,True
RRNAD1,viperturb_08.npz,24,24,1,1,False,True
RRP12,viperturb_08.npz,65,65,1,1,False,True
RRP36,viperturb_08.npz,24,24,1,1,False,True
RRP9,viperturb_08.npz,10,10,1,1,False,True
RRS1,viperturb_08.npz,52,52,1,1,False,True
RSBN1,viperturb_08.npz,24,24,1,1,False,True
RSG1,viperturb_08.npz,40,40,1,1,False,False
RSPH4A,viperturb_08.npz,51,51,1,1,False,True
RSPH9,viperturb_08.npz,52,52,1,1,False,True
RSPO2,viperturb_08.npz,46,46,1,1,False,True
RSPO3,viperturb_08.npz,46,46,1,1,False,True
RSRC2,viperturb_08.npz,20,20,1,1,False,True
RTCA,viperturb_08.npz,43,43,1,1,False,True
RTCB,viperturb_08.npz,85,85,1,1,False,True
RTEL1,viperturb_08.npz,22,22,1,1,False,True
RTKN,viperturb_08.npz,93,93,1,1,False,True
RTL4,viperturb_08.npz,58,58,1,1,False,True
RTL6,viperturb_08.npz,44,44,1,1,False,True
RTL8C,viperturb_08.npz,66,66,1,1,False,True
RTN3,viperturb_08.npz,41,41,1,1,False,True
RTN4,viperturb_08.npz,79,79,1,1,False,True
RTN4RL2,viperturb_08.npz,103,103,1,1,False,True
RTP3,viperturb_08.npz,110,110,1,1,False,True
RTP4,viperturb_08.npz,71,71,1,1,False,True
RUNDC3A,viperturb_08.npz,75,75,1,1,False,True
RUNX1,viperturb_08.npz,35,35,1,1,False,True
RUSC1,viperturb_08.npz,46,46,1,1,False,True
RUVBL1,,0,5,1,0,False,True
RWDD1,,0,2,1,0,False,True
RWDD3,viperturb_08.npz,24,24,1,1,False,True
RWDD4,viperturb_08.npz,19,19,1,1,False,True
RXFP1,viperturb_08.npz,49,49,1,1,False,True
RXFP3,viperturb_08.npz,16,16,1,1,False,True
RXRB,viperturb_08.npz,49,49,1,1,False,True
RXRG,viperturb_08.npz,35,35,1,1,False,True
RYBP,viperturb_08.npz,17,17,1,1,False,True
RYR3,viperturb_08.npz,71,71,1,1,False,True
S100A12,viperturb_08.npz,43,43,1,1,False,True
S100A2,viperturb_08.npz,37,37,1,1,False,True
S100A5,viperturb_08.npz,25,25,1,1,False,True
S100A6,viperturb_08.npz,54,54,1,1,False,True
S100A9,viperturb_08.npz,50,50,1,1,False,True
S100B,viperturb_08.npz,14,14,1,1,False,True
S100P,viperturb_08.npz,99,99,1,1,False,True
S1PR1,viperturb_08.npz,19,19,1,1,False,True
SAA1,viperturb_08.npz,64,64,1,1,False,True
SAC3D1,viperturb_08.npz,67,67,1,1,False,True
SACS,viperturb_08.npz,45,45,1,1,False,True
SAE1,viperturb_08.npz,18,18,1,1,False,True
SAFB,viperturb_08.npz,51,51,1,1,False,True
SAGE1,viperturb_08.npz,39,39,1,1,False,True
SAMD1,viperturb_08.npz,63,63,1,1,False,True
SAMD10,viperturb_08.npz,78,78,1,1,False,True
SAMD12,viperturb_08.npz,27,27,1,1,False,True
SAMD4A,viperturb_08.npz,68,68,1,1,False,True
SAMD8,viperturb_08.npz,110,110,1,1,False,True
SAMD9L,viperturb_08.npz,46,46,1,1,False,True
SAMSN1,viperturb_08.npz,60,60,1,1,False,True
SAP18,viperturb_08.npz,27,27,1,1,False,True
SAPCD2,viperturb_08.npz,44,44,1,1,False,True
SAR1B,viperturb_08.npz,32,32,1,1,False,True
SARAF,viperturb_08.npz,48,48,1,1,False,True
SARDH,viperturb_08.npz,89,89,1,1,False,True
SARNP,viperturb_08.npz,59,59,1,1,False,True
SARS2,viperturb_08.npz,61,61,1,1,False,True
SASH1,viperturb_08.npz,22,22,1,1,False,True
SASS6,viperturb_08.npz,29,29,1,1,False,True
SAT2,viperturb_08.npz,75,75,1,1,False,True
SATL1,viperturb_08.npz,25,25,1,1,False,False
SAXO1,viperturb_08.npz,52,52,1,1,False,True
SAXO2,viperturb_08.npz,41,41,1,1,False,True
SBDS,viperturb_08.npz,19,19,1,1,False,True
SBF1,viperturb_08.npz,29,29,1,1,False,True
SBK3,viperturb_08.npz,92,92,1,1,False,True
SBNO1,viperturb_08.npz,48,48,1,1,False,True
SBNO2,viperturb_08.npz,36,36,1,1,False,True
SC5D,viperturb_08.npz,59,59,1,1,False,True
SCAF4,viperturb_08.npz,64,64,1,1,False,True
SCAF8,viperturb_08.npz,47,47,1,1,True,True
SCAI,viperturb_08.npz,17,17,1,1,False,True
SCAMP4,viperturb_08.npz,22,22,1,1,False,True
SCAP,viperturb_08.npz,38,38,1,1,False,True
SCAPER,viperturb_08.npz,63,63,1,1,False,True
SCARA3,viperturb_08.npz,77,77,1,1,False,True
SCARB1,viperturb_08.npz,28,28,1,1,False,True
SCARB2,viperturb_08.npz,64,64,1,1,False,True
SCD,viperturb_08.npz,55,55,1,1,False,True
SCG3,viperturb_08.npz,27,27,1,1,False,True
SCG5,viperturb_08.npz,27,27,1,1,False,True
SCGB1D2,viperturb_08.npz,38,38,1,1,False,True
SCIMP,viperturb_08.npz,21,21,1,1,False,True
SCIN,viperturb_08.npz,59,59,1,1,False,True
SCN2A,viperturb_08.npz,38,38,1,1,False,True
SCN2B,viperturb_08.npz,14,14,1,1,False,True
SCN3A,viperturb_08.npz,37,37,1,1,False,True
SCN7A,viperturb_08.npz,65,65,1,1,False,True
SCN8A,viperturb_08.npz,78,78,1,1,False,True
SCNN1B,viperturb_08.npz,25,25,1,1,False,True
SCNN1D,viperturb_08.npz,31,31,1,1,False,True
SCNN1G,viperturb_08.npz,44,44,1,1,False,True
SCP2D1,viperturb_08.npz,38,38,1,1,False,True
SCRG1,viperturb_08.npz,52,52,1,1,False,False
SCRN3,viperturb_08.npz,91,91,1,1,False,True
SCRT2,viperturb_08.npz,34,34,1,1,False,True
SCTR,viperturb_08.npz,66,66,1,1,False,True
SCUBE1,viperturb_08.npz,64,64,1,1,False,True
SCUBE3,viperturb_08.npz,34,34,1,1,False,True
SCX,viperturb_08.npz,52,52,1,1,False,True
SCYL2,viperturb_08.npz,46,46,1,1,False,True
SDC1,viperturb_08.npz,45,45,1,1,False,True
SDC3,viperturb_08.npz,72,72,1,1,False,True
SDCBP,viperturb_08.npz,49,49,1,1,False,True
SDCCAG8,viperturb_08.npz,55,55,1,1,False,True
SDF2L1,viperturb_08.npz,34,34,1,1,False,True
SDHA,viperturb_08.npz,50,50,1,1,False,True
SDHAF3,viperturb_08.npz,62,62,1,1,False,True
SDHB,viperturb_08.npz,23,23,1,1,False,True
SDHC,viperturb_08.npz,18,18,1,1,False,True
SDHD,viperturb_08.npz,20,20,1,1,False,False
SDK1,viperturb_08.npz,72,72,1,1,False,True
SDR16C5,viperturb_08.npz,10,10,1,1,False,True
SDR39U1,viperturb_08.npz,75,75,1,1,False,True
SDR42E2,viperturb_08.npz,60,60,1,1,False,False
SDR9C7,viperturb_08.npz,69,69,1,1,False,True
SEC11A,viperturb_08.npz,52,52,1,1,False,True
SEC13,viperturb_08.npz,10,10,1,1,False,True
SEC14L2,viperturb_08.npz,27,27,1,1,False,True
SEC14L5,viperturb_08.npz,51,51,1,1,False,True
SEC23A,viperturb_08.npz,76,76,1,1,False,True
SEC23B,viperturb_08.npz,21,21,1,1,False,True
SEC24A,viperturb_08.npz,65,65,1,1,False,True
SEC24C,viperturb_08.npz,71,71,1,1,False,True
SEC31A,viperturb_08.npz,86,86,1,1,False,True
SEC31B,viperturb_08.npz,76,76,1,1,False,True
SEC61A2,viperturb_08.npz,72,72,1,1,False,True
SEC61B,viperturb_08.npz,16,16,1,1,False,True
SEC63,viperturb_08.npz,49,49,1,1,False,True
SEH1L,viperturb_08.npz,50,50,1,1,False,True
SEL1L,viperturb_08.npz,45,45,1,1,False,True
SELENOF,viperturb_08.npz,39,39,1,1,False,True
SELENOS,viperturb_08.npz,25,25,1,1,False,True
SELENOW,viperturb_08.npz,61,61,1,1,False,True
SELPLG,viperturb_08.npz,25,25,1,1,False,True
SEMA3A,viperturb_08.npz,24,24,1,1,False,True
SEMA3D,viperturb_08.npz,66,66,1,1,False,True
SEMA3F,viperturb_08.npz,73,73,1,1,False,True
SEMA4B,viperturb_08.npz,55,55,1,1,False,True
SEMA4F,viperturb_08.npz,59,59,1,1,True,True
SEMA4G,viperturb_08.npz,67,67,1,1,False,True
SEMA5A,viperturb_08.npz,45,45,1,1,False,True
SEMA5B,viperturb_08.npz,89,89,1,1,False,True
SEMA6C,viperturb_08.npz,48,48,1,1,False,True
SENP1,viperturb_08.npz,83,83,1,1,False,True
SENP5,viperturb_08.npz,37,37,1,1,False,True
SENP6,viperturb_08.npz,51,51,1,1,False,True
SENP8,viperturb_08.npz,55,55,1,1,False,True
SEPHS2,viperturb_08.npz,80,80,1,1,False,True
SEPSECS,viperturb_08.npz,37,37,1,1,False,True
SEPT10,viperturb_08.npz,26,26,1,1,False,False
SEPT11,viperturb_08.npz,30,30,1,1,False,False
SEPT14,viperturb_08.npz,22,22,1,1,False,False
SEPT2,viperturb_08.npz,40,40,1,1,False,False
SEPT4,viperturb_08.npz,29,29,1,1,False,False
SEPT5,viperturb_08.npz,70,70,1,1,False,False
SEPT6,viperturb_08.npz,41,41,1,1,False,False
SEPT8,viperturb_08.npz,48,48,1,1,False,False
SEPT9,viperturb_08.npz,69,69,1,1,False,False
SERAC1,viperturb_08.npz,36,36,1,1,False,True
SERBP1,viperturb_08.npz,41,41,1,1,False,True
SERF1A,viperturb_08.npz,63,63,1,1,False,False
SERF2,viperturb_08.npz,52,52,1,1,False,True
SERHL2,viperturb_08.npz,45,45,1,1,False,True
SERINC3,viperturb_08.npz,61,61,1,1,False,True
SERINC5,viperturb_08.npz,35,35,1,1,False,True
SERP1,viperturb_08.npz,60,60,1,1,False,True
SERPINA1,viperturb_08.npz,54,54,1,1,False,True
SERPINA4,viperturb_08.npz,40,40,1,1,False,True
SERPINA5,viperturb_08.npz,71,71,1,1,False,True
SERPINA6,viperturb_08.npz,53,53,1,1,False,True
SERPINB1,viperturb_08.npz,62,62,1,1,False,True
SERPINB10,viperturb_08.npz,34,34,1,1,False,True
SERPINB11,viperturb_08.npz,84,84,1,1,False,True
SERPINB13,viperturb_08.npz,48,48,1,1,False,True
SERPINB7,viperturb_08.npz,73,73,1,1,False,True
SERPINB8,viperturb_08.npz,46,46,1,1,False,True
SERPINC1,viperturb_08.npz,45,45,1,1,False,True
SERPINF1,viperturb_08.npz,13,13,1,1,False,True
SERPINF2,viperturb_08.npz,45,45,1,1,False,True
SERPINH1,viperturb_08.npz,74,74,1,1,False,True
SERTAD3,viperturb_08.npz,73,73,1,1,False,True
SESN1,viperturb_08.npz,29,29,1,1,False,True
SESN2,viperturb_08.npz,98,98,1,1,False,True
SET,viperturb_08.npz,35,35,1,1,False,True
SETBP1,viperturb_08.npz,51,51,1,1,False,True
SETD1A,viperturb_08.npz,49,49,1,1,False,True
SETD1B,viperturb_08.npz,41,41,1,1,False,True
SETD2,viperturb_08.npz,55,55,1,1,False,False
SETD5,viperturb_08.npz,61,61,1,1,False,True
SETD7,viperturb_08.npz,47,47,1,1,False,True
SETDB1,viperturb_08.npz,59,59,1,1,False,True
SETDB2,viperturb_08.npz,72,72,1,1,False,True
SETX,viperturb_08.npz,18,18,1,1,False,True
SF1,viperturb_08.npz,67,67,1,1,False,True
SF3A2,,0,9,1,0,False,True
SF3B2,,0,8,1,0,False,True
SF3B3,viperturb_08.npz,10,10,1,1,False,True
SF3B4,viperturb_08.npz,18,18,1,1,False,True
SFMBT1,viperturb_08.npz,61,61,1,1,False,True
SFRP5,viperturb_08.npz,84,84,1,1,False,True
SFSWAP,viperturb_08.npz,38,38,1,1,False,True
SFT2D3,viperturb_08.npz,54,54,1,1,False,True
SFTA2,viperturb_08.npz,17,17,1,1,False,True
SFTPD,viperturb_08.npz,35,35,1,1,False,True
SFXN1,viperturb_08.npz,57,57,1,1,False,True
SFXN3,viperturb_08.npz,57,57,1,1,False,True
SFXN4,viperturb_08.npz,29,29,1,1,True,True
SGCZ,viperturb_08.npz,56,56,1,1,False,True
SGO2,viperturb_08.npz,52,52,1,1,False,True
SGPL1,viperturb_08.npz,32,32,1,1,False,True
SGPP2,viperturb_08.npz,18,18,1,1,False,True
SGSM1,viperturb_08.npz,63,63,1,1,False,True
SGSM3,viperturb_08.npz,32,32,1,1,False,True
SGTA,viperturb_08.npz,45,45,1,1,False,True
SGTB,viperturb_08.npz,101,101,1,1,False,True
SH2B1,viperturb_08.npz,66,66,1,1,False,True
SH2B2,viperturb_08.npz,49,49,1,1,False,True
SH2D1B,viperturb_08.npz,22,22,1,1,False,True
SH2D7,viperturb_08.npz,51,51,1,1,False,True
SH3GL1,viperturb_08.npz,29,29,1,1,False,True
SH3GL3,viperturb_08.npz,26,26,1,1,False,True
SH3KBP1,viperturb_08.npz,60,60,1,1,False,True
SH3RF1,viperturb_08.npz,40,40,1,1,False,True
SHC2,viperturb_08.npz,66,66,1,1,False,True
SHH,viperturb_08.npz,45,45,1,1,False,True
SHISA4,viperturb_08.npz,47,47,1,1,False,True
SHISA6,viperturb_08.npz,41,41,1,1,False,True
SHISA9,viperturb_08.npz,72,72,1,1,False,True
SHKBP1,viperturb_08.npz,56,56,1,1,False,True
SHMT1,viperturb_08.npz,41,41,1,1,False,True
SHMT2,viperturb_08.npz,59,59,1,1,False,True
SHQ1,viperturb_08.npz,49,49,1,1,False,True
SHTN1,viperturb_08.npz,31,31,1,1,False,True
SIAE,viperturb_08.npz,85,85,1,1,False,True
SIDT2,viperturb_08.npz,55,55,1,1,False,True
SIGIRR,viperturb_08.npz,17,17,1,1,False,True
SIGLEC11,viperturb_08.npz,48,48,1,1,False,True
SIGLEC12,viperturb_08.npz,75,75,1,1,False,True
SIGLEC6,viperturb_08.npz,78,78,1,1,False,True
SIGMAR1,viperturb_08.npz,59,59,1,1,False,True
SIK3,viperturb_08.npz,72,72,1,1,False,True
SIL1,viperturb_08.npz,31,31,1,1,False,True
SIM2,viperturb_08.npz,40,40,1,1,False,True
SIMC1,viperturb_08.npz,50,50,1,1,False,True
SIN3B,viperturb_08.npz,21,21,1,1,True,True
SIPA1L3,viperturb_08.npz,51,51,1,1,False,True
SIRPD,viperturb_08.npz,30,30,1,1,False,True
SIRT1,viperturb_08.npz,50,50,1,1,False,True
SIRT6,viperturb_08.npz,46,46,1,1,False,True
SIT1,viperturb_08.npz,47,47,1,1,False,True
SIX4,viperturb_08.npz,53,53,1,1,False,True
SIX5,viperturb_08.npz,54,54,1,1,False,True
SIX6,viperturb_08.npz,56,56,1,1,False,True
SKA1,viperturb_08.npz,41,41,1,1,False,True
SKAP2,viperturb_08.npz,55,55,1,1,False,True
SKI,viperturb_08.npz,50,50,1,1,False,True
SKIL,viperturb_08.npz,22,22,1,1,False,True
SKIV2L,viperturb_08.npz,16,16,1,1,False,True
SKIV2L2,viperturb_08.npz,36,36,1,1,False,False
SKP2,viperturb_08.npz,36,36,1,1,False,True
SLAMF7,viperturb_08.npz,40,40,1,1,False,True
SLAMF8,viperturb_08.npz,24,24,1,1,False,True
SLC10A4,viperturb_08.npz,37,37,1,1,False,True
SLC10A6,viperturb_08.npz,98,98,1,1,False,True
SLC11A1,viperturb_08.npz,61,61,1,1,False,True
SLC11A2,viperturb_08.npz,43,43,1,1,False,True
SLC12A1,viperturb_08.npz,53,53,1,1,False,True
SLC12A5,viperturb_08.npz,84,84,1,1,False,True
SLC12A7,viperturb_08.npz,47,47,1,1,False,True
SLC12A8,viperturb_08.npz,51,51,1,1,False,True
SLC13A3,viperturb_08.npz,46,46,1,1,False,True
SLC14A2,viperturb_08.npz,78,78,1,1,False,True
SLC16A1,viperturb_08.npz,33,33,1,1,False,True
SLC16A10,viperturb_08.npz,28,28,1,1,False,True
SLC16A12,viperturb_08.npz,39,39,1,1,False,True
SLC16A13,viperturb_08.npz,14,14,1,1,False,True
SLC16A3,viperturb_08.npz,47,47,1,1,False,True
SLC16A4,viperturb_08.npz,83,83,1,1,False,True
SLC17A5,viperturb_08.npz,57,57,1,1,False,True
SLC17A7,viperturb_08.npz,49,49,1,1,False,True
SLC17A8,viperturb_08.npz,35,35,1,1,False,True
SLC18A2,viperturb_08.npz,41,41,1,1,False,True
SLC19A2,viperturb_08.npz,54,54,1,1,False,True
SLC19A3,viperturb_08.npz,64,64,1,1,False,True
SLC22A10,viperturb_08.npz,47,47,1,1,False,True
SLC22A2,viperturb_08.npz,41,41,1,1,False,True
SLC22A20,viperturb_08.npz,82,82,1,1,False,False
SLC22A23,viperturb_08.npz,54,54,1,1,False,True
SLC22A5,viperturb_08.npz,58,58,1,1,False,True
SLC22A8,viperturb_08.npz,65,65,1,1,False,True
SLC24A1,viperturb_08.npz,86,86,1,1,False,False
SLC24A4,viperturb_08.npz,52,52,1,1,False,True
SLC25A1,viperturb_08.npz,69,69,1,1,False,True
SLC25A10,viperturb_08.npz,50,50,1,1,False,True
SLC25A11,viperturb_08.npz,62,62,1,1,False,True
SLC25A18,viperturb_08.npz,35,35,1,1,False,True
SLC25A2,viperturb_08.npz,50,50,1,1,False,True
SLC25A21,viperturb_08.npz,39,39,1,1,False,True
SLC25A22,viperturb_08.npz,45,45,1,1,False,True
SLC25A27,viperturb_08.npz,43,43,1,1,False,True
SLC25A28,viperturb_08.npz,49,49,1,1,False,True
SLC25A38,viperturb_08.npz,37,37,1,1,False,True
SLC25A39,viperturb_08.npz,69,69,1,1,False,True
SLC26A1,viperturb_08.npz,27,27,1,1,False,True
SLC26A11,viperturb_08.npz,43,43,1,1,False,True
SLC26A3,viperturb_08.npz,50,50,1,1,False,True
SLC26A4,viperturb_08.npz,45,45,1,1,False,True
SLC26A5,viperturb_08.npz,50,50,1,1,False,True
SLC27A4,viperturb_08.npz,71,71,1,1,False,True
SLC28A2,viperturb_08.npz,26,26,1,1,False,True
SLC28A3,viperturb_08.npz,18,18,1,1,False,True
SLC29A1,viperturb_08.npz,67,67,1,1,False,True
SLC2A1,viperturb_08.npz,28,28,1,1,False,True
SLC2A11,viperturb_08.npz,62,62,1,1,False,True
SLC2A12,viperturb_08.npz,31,31,1,1,False,True
SLC2A4,viperturb_08.npz,51,51,1,1,False,True
SLC2A6,viperturb_08.npz,39,39,1,1,False,True
SLC2A7,viperturb_08.npz,45,45,1,1,False,True
SLC30A1,viperturb_08.npz,46,46,1,1,False,True
SLC30A4,viperturb_08.npz,74,74,1,1,False,True
SLC30A5,viperturb_08.npz,41,41,1,1,False,True
SLC30A9,viperturb_08.npz,34,34,1,1,False,True
SLC34A2,viperturb_08.npz,42,42,1,1,False,True
SLC34A3,viperturb_08.npz,53,53,1,1,False,True
SLC35A2,viperturb_08.npz,42,42,1,1,False,True
SLC35B4,viperturb_08.npz,33,33,1,1,False,True
SLC35C2,viperturb_08.npz,38,38,1,1,False,True
SLC35D1,viperturb_08.npz,43,43,1,1,False,True
SLC35E1,viperturb_08.npz,44,44,1,1,False,True
SLC35E2B,viperturb_08.npz,56,56,1,1,False,True
SLC35F3,viperturb_08.npz,80,80,1,1,False,True
SLC35G2,viperturb_08.npz,36,36,1,1,False,True
SLC35G3,viperturb_08.npz,42,42,1,1,False,True
SLC35G6,viperturb_08.npz,34,34,1,1,False,True
SLC36A1,viperturb_08.npz,30,30,1,1,False,True
SLC36A4,viperturb_08.npz,10,10,1,1,False,True
SLC37A1,viperturb_08.npz,49,49,1,1,False,True
SLC38A11,viperturb_08.npz,64,64,1,1,False,True
SLC38A4,viperturb_08.npz,39,39,1,1,False,True
SLC38A5,viperturb_08.npz,26,26,1,1,False,True
SLC38A6,viperturb_08.npz,84,84,1,1,False,True
SLC39A10,viperturb_08.npz,70,70,1,1,False,True
SLC39A2,viperturb_08.npz,38,38,1,1,False,True
SLC39A7,viperturb_08.npz,62,62,1,1,False,True
SLC39A9,viperturb_08.npz,57,57,1,1,False,True
SLC3A1,viperturb_08.npz,36,36,1,1,False,True
SLC41A1,viperturb_08.npz,77,77,1,1,False,True
SLC43A2,viperturb_08.npz,57,57,1,1,False,True
SLC43A3,viperturb_08.npz,65,65,1,1,False,True
SLC44A1,viperturb_08.npz,61,61,1,1,True,True
SLC44A2,viperturb_08.npz,24,24,1,1,False,True
SLC45A1,viperturb_08.npz,19,19,1,1,False,True
SLC46A3,viperturb_08.npz,31,31,1,1,False,True
SLC4A4,viperturb_08.npz,71,71,1,1,False,True
SLC4A8,viperturb_08.npz,75,75,1,1,False,True
SLC4A9,viperturb_08.npz,33,33,1,1,False,True
SLC50A1,viperturb_08.npz,36,36,1,1,False,True
SLC51A,viperturb_08.npz,79,79,1,1,False,True
SLC52A3,viperturb_08.npz,88,88,1,1,False,True
SLC5A4,viperturb_08.npz,45,45,1,1,False,True
SLC5A5,viperturb_08.npz,20,20,1,1,False,True
SLC5A6,viperturb_08.npz,60,60,1,1,False,True
SLC6A14,viperturb_08.npz,64,64,1,1,False,True
SLC6A19,viperturb_08.npz,32,32,1,1,False,True
SLC6A2,viperturb_08.npz,50,50,1,1,False,True
SLC6A4,viperturb_08.npz,51,51,1,1,False,True
SLC6A5,viperturb_08.npz,31,31,1,1,False,True
SLC6A7,viperturb_08.npz,83,83,1,1,False,True
SLC7A11,viperturb_08.npz,62,62,1,1,False,True
SLC7A13,viperturb_08.npz,18,18,1,1,False,True
SLC7A14,viperturb_08.npz,85,85,1,1,False,True
SLC7A3,viperturb_08.npz,71,71,1,1,False,True
SLC7A9,viperturb_08.npz,57,57,1,1,False,True
SLC8A1,viperturb_08.npz,81,81,1,1,False,True
SLC8A3,viperturb_08.npz,57,57,1,1,False,True
SLC9A3R2,viperturb_08.npz,54,54,1,1,False,True
SLC9B2,viperturb_08.npz,72,72,1,1,False,True
SLC9C2,viperturb_08.npz,44,44,1,1,False,True
SLCO1B3,viperturb_08.npz,80,80,1,1,False,True
SLCO1B7,viperturb_08.npz,39,39,1,1,False,False
SLCO1C1,viperturb_08.npz,33,33,1,1,False,True
SLCO4A1,viperturb_08.npz,92,92,1,1,False,True
SLFN11,viperturb_08.npz,88,88,1,1,False,True
SLFNL1,viperturb_08.npz,37,37,1,1,False,True
SLIT3,viperturb_08.npz,32,32,1,1,False,True
SLITRK1,viperturb_08.npz,56,56,1,1,False,True
SLITRK5,viperturb_08.npz,54,54,1,1,False,True
SLMAP,viperturb_08.npz,19,19,1,1,False,True
SLPI,viperturb_08.npz,58,58,1,1,False,True
SLTM,viperturb_08.npz,24,24,1,1,False,True
SLU7,viperturb_08.npz,12,12,1,1,False,True
SLURP1,viperturb_08.npz,67,67,1,1,False,True
SLX4IP,viperturb_08.npz,41,41,1,1,False,True
SMAD2,viperturb_08.npz,49,49,1,1,False,True
SMAD3,viperturb_08.npz,43,43,1,1,False,True
SMAD4,viperturb_08.npz,64,64,1,1,False,True
SMAD6,viperturb_08.npz,52,52,1,1,False,True
SMAD7,viperturb_08.npz,53,53,1,1,False,True
SMAGP,viperturb_08.npz,55,55,1,1,False,True
SMAP2,viperturb_08.npz,36,36,1,1,False,True
SMARCA1,viperturb_08.npz,67,67,1,1,False,True
SMARCA4,viperturb_08.npz,62,62,1,1,False,True
SMARCA5,viperturb_08.npz,48,48,1,1,True,True
SMARCAD1,viperturb_08.npz,58,58,1,1,False,True
SMARCB1,viperturb_08.npz,39,39,1,1,False,True
SMARCC1,viperturb_08.npz,43,43,1,1,False,True
SMARCC2,viperturb_08.npz,30,30,1,1,True,True
SMARCD1,viperturb_08.npz,34,34,1,1,False,True
SMARCE1,viperturb_08.npz,20,20,1,1,False,True
SMC3,viperturb_08.npz,16,16,1,1,False,True
SMC6,viperturb_08.npz,31,31,1,1,False,True
SMCHD1,viperturb_08.npz,42,42,1,1,False,True
SMCO1,viperturb_08.npz,69,69,1,1,False,True
SMCO3,viperturb_08.npz,35,35,1,1,False,True
SMG1,viperturb_08.npz,52,52,1,1,False,True
SMG5,viperturb_08.npz,19,19,1,1,False,True
SMG6,viperturb_08.npz,42,42,1,1,False,True
SMG7,viperturb_08.npz,19,19,1,1,False,True
SMG8,viperturb_08.npz,45,45,1,1,False,True
SMG9,viperturb_08.npz,71,71,1,1,False,True
SMIM13,viperturb_08.npz,52,52,1,1,False,True
SMIM19,viperturb_08.npz,51,51,1,1,False,True
SMIM20,viperturb_08.npz,50,50,1,1,False,True
SMIM29,viperturb_08.npz,59,59,1,1,False,True
SMIM9,viperturb_08.npz,59,59,1,1,False,True
SMKR1,viperturb_08.npz,75,75,1,1,False,True
SMN1,viperturb_08.npz,20,20,1,1,False,False
SMO,viperturb_08.npz,32,32,1,1,False,True
SMOC1,viperturb_08.npz,25,25,1,1,False,True
SMPD1,viperturb_08.npz,40,40,1,1,False,True
SMPDL3A,viperturb_08.npz,65,65,1,1,False,True
SMR3A,viperturb_08.npz,38,38,1,1,False,True
SMS,,0,4,1,0,False,True
SMTNL1,viperturb_08.npz,38,38,1,1,False,True
SMU1,viperturb_08.npz,22,22,1,1,False,True
SMYD1,viperturb_08.npz,36,36,1,1,False,True
SMYD3,viperturb_08.npz,51,51,1,1,False,True
SMYD4,viperturb_08.npz,10,10,1,1,False,True
SMYD5,viperturb_08.npz,33,33,1,1,False,True
SNAI1,viperturb_08.npz,29,29,1,1,False,True
SNAI3,viperturb_08.npz,45,45,1,1,False,True
SNAP29,viperturb_08.npz,30,30,1,1,False,True
SNAP91,viperturb_08.npz,34,34,1,1,False,True
SNAPC3,viperturb_08.npz,26,26,1,1,False,True
SNAPC4,viperturb_08.npz,39,39,1,1,False,True
SNCA,viperturb_08.npz,34,34,1,1,False,True
SNCAIP,viperturb_08.npz,50,50,1,1,False,True
SNPH,viperturb_08.npz,51,51,1,1,False,True
SNRNP27,viperturb_08.npz,15,15,1,1,False,True
SNRNP40,viperturb_08.npz,60,60,1,1,False,True
SNRNP48,viperturb_08.npz,13,13,1,1,False,True
SNRNP70,viperturb_08.npz,51,51,1,1,False,True
SNRPA,viperturb_08.npz,45,45,1,1,False,True
SNRPC,,0,8,1,0,False,True
SNRPD1,,0,3,1,0,False,True
SNTA1,viperturb_08.npz,12,12,1,1,False,True
SNTB1,viperturb_08.npz,62,62,1,1,False,True
SNTB2,viperturb_08.npz,103,103,1,1,False,True
SNTG1,viperturb_08.npz,18,18,1,1,False,True
SNUPN,viperturb_08.npz,50,50,1,1,False,True
SNW1,viperturb_08.npz,11,11,1,1,False,True
SNX1,viperturb_08.npz,49,49,1,1,False,True
SNX15,viperturb_08.npz,39,39,1,1,False,True
SNX21,viperturb_08.npz,28,28,1,1,False,True
SNX27,viperturb_08.npz,46,46,1,1,False,True
SNX29,viperturb_08.npz,44,44,1,1,False,True
SNX3,viperturb_08.npz,41,41,1,1,False,True
SNX5,viperturb_08.npz,55,55,1,1,False,True
SNX6,viperturb_08.npz,33,33,1,1,False,True
SNX7,viperturb_08.npz,46,46,1,1,False,True
SOBP,viperturb_09.npz,33,33,1,1,False,True
SOD2,viperturb_09.npz,52,52,1,1,False,True
SOGA1,viperturb_09.npz,45,45,1,1,False,True
SOGA3,viperturb_09.npz,78,78,1,1,False,True
SOHLH2,viperturb_09.npz,50,50,1,1,False,True
SORBS1,viperturb_09.npz,16,16,1,1,False,True
SORBS3,viperturb_09.npz,80,80,1,1,False,True
SORCS2,viperturb_09.npz,50,50,1,1,False,True
SORL1,viperturb_09.npz,78,78,1,1,False,True
SOSTDC1,viperturb_09.npz,41,41,1,1,False,True
SOX10,viperturb_09.npz,42,42,1,1,False,True
SOX11,viperturb_09.npz,25,25,1,1,False,False
SOX4,viperturb_09.npz,45,45,1,1,False,True
SP1,viperturb_09.npz,15,15,1,1,False,True
SP140L,viperturb_09.npz,66,66,1,1,False,True
SP2,viperturb_09.npz,29,29,1,1,False,True
SP3,viperturb_09.npz,96,96,1,1,False,True
SP6,viperturb_09.npz,31,31,1,1,False,True
SPA17,viperturb_09.npz,47,47,1,1,False,True
SPAG5,viperturb_09.npz,52,52,1,1,False,True
SPAG7,viperturb_09.npz,63,63,1,1,False,True
SPANXB1,viperturb_09.npz,29,29,1,1,False,True
SPANXN3,viperturb_09.npz,47,47,1,1,False,True
SPARCL1,viperturb_09.npz,46,46,1,1,False,True
SPAST,viperturb_09.npz,41,41,1,1,False,True
SPATA17,viperturb_09.npz,14,14,1,1,False,True
SPATA19,viperturb_09.npz,27,27,1,1,False,True
SPATA2,viperturb_09.npz,45,45,1,1,False,True
SPATA24,viperturb_09.npz,15,15,1,1,False,True
SPATA2L,viperturb_09.npz,52,52,1,1,False,True
SPATA31A1,viperturb_09.npz,50,50,1,1,False,True
SPATA31A7,viperturb_09.npz,64,64,1,1,False,True
SPATA31C2,viperturb_09.npz,15,15,1,1,False,False
SPATA33,viperturb_09.npz,54,54,1,1,False,True
SPATA5,viperturb_09.npz,66,66,1,1,False,True
SPATA6,viperturb_09.npz,74,74,1,1,False,True
SPATA9,viperturb_09.npz,40,40,1,1,False,True
SPATC1,viperturb_09.npz,39,39,1,1,False,True
SPATS2,viperturb_09.npz,70,70,1,1,False,True
SPATS2L,viperturb_09.npz,15,15,1,1,False,True
SPCS1,viperturb_09.npz,40,40,1,1,False,True
SPCS2,viperturb_09.npz,45,45,1,1,False,True
SPCS3,viperturb_09.npz,38,38,1,1,False,True
SPDYE16,viperturb_09.npz,78,78,1,1,False,True
SPDYE2,viperturb_09.npz,39,39,1,1,False,False
SPDYE3,viperturb_09.npz,63,63,1,1,False,False
SPEM1,viperturb_09.npz,17,17,1,1,False,True
SPEN,viperturb_09.npz,77,77,1,1,False,True
SPHK1,viperturb_09.npz,60,60,1,1,False,True
SPHKAP,viperturb_09.npz,30,30,1,1,False,True
SPI1,viperturb_09.npz,44,44,1,1,False,True
SPIB,viperturb_09.npz,33,33,1,1,False,True
SPIDR,viperturb_09.npz,66,66,1,1,False,True
SPINK4,viperturb_09.npz,75,75,1,1,False,True
SPINK5,viperturb_09.npz,20,20,1,1,False,True
SPINK8,viperturb_09.npz,51,51,1,1,False,True
SPINT1,viperturb_09.npz,69,69,1,1,False,True
SPINT3,viperturb_09.npz,55,55,1,1,False,True
SPIRE1,viperturb_09.npz,30,30,1,1,False,True
SPOCD1,viperturb_09.npz,25,25,1,1,False,True
SPON2,viperturb_09.npz,70,70,1,1,False,True
SPOP,viperturb_09.npz,59,59,1,1,False,True
SPOUT1,viperturb_09.npz,20,20,1,1,False,True
SPPL3,viperturb_09.npz,75,75,1,1,False,True
SPR,viperturb_09.npz,49,49,1,1,False,True
SPRED2,viperturb_09.npz,86,86,1,1,False,True
SPRED3,viperturb_09.npz,39,39,1,1,False,True
SPRR1B,viperturb_09.npz,39,39,1,1,False,True
SPRR2A,viperturb_09.npz,18,18,1,1,False,True
SPRR2G,viperturb_09.npz,56,56,1,1,False,True
SPRY3,viperturb_09.npz,35,35,1,1,False,True
SPRYD4,viperturb_09.npz,41,41,1,1,False,True
SPSB1,viperturb_09.npz,28,28,1,1,False,True
SPSB2,viperturb_09.npz,63,63,1,1,False,True
SPSB4,viperturb_09.npz,29,29,1,1,False,True
SPTA1,viperturb_09.npz,44,44,1,1,False,True
SPTB,viperturb_09.npz,30,30,1,1,False,True
SPTBN1,viperturb_09.npz,33,33,1,1,False,True
SPTBN5,viperturb_09.npz,31,31,1,1,False,True
SPTSSB,viperturb_09.npz,48,48,1,1,False,True
SPTY2D1,viperturb_09.npz,70,70,1,1,False,True
SPX,viperturb_09.npz,96,96,1,1,False,True
SQSTM1,viperturb_09.npz,77,77,1,1,False,True
SRC,viperturb_09.npz,87,87,1,1,False,True
SRCAP,viperturb_09.npz,38,38,1,1,False,True
SRD5A1,viperturb_09.npz,33,33,1,1,False,True
SREBF1,viperturb_09.npz,48,48,1,1,False,True
SREK1,viperturb_09.npz,52,52,1,1,False,False
SRF,viperturb_09.npz,46,46,1,1,False,True
SRFBP1,viperturb_09.npz,12,12,1,1,False,True
SRGAP3,viperturb_09.npz,12,12,1,1,False,True
SRGN,viperturb_09.npz,19,19,1,1,False,True
SRI,viperturb_09.npz,53,53,1,1,False,True
SRL,viperturb_09.npz,33,33,1,1,False,True
SRP14,viperturb_09.npz,17,17,1,1,False,False
SRP19,viperturb_09.npz,19,19,1,1,False,True
SRP54,viperturb_09.npz,30,30,1,1,False,True
SRP68,viperturb_09.npz,28,28,1,1,False,True
SRP72,viperturb_09.npz,44,44,1,1,False,True
SRP9,viperturb_09.npz,84,84,1,1,False,True
SRPK1,viperturb_09.npz,88,88,1,1,False,True
SRPRB,viperturb_09.npz,85,85,1,1,False,True
SRPX2,viperturb_09.npz,29,29,1,1,False,True
SRR,viperturb_09.npz,53,53,1,1,False,True
SRRD,viperturb_09.npz,98,98,1,1,False,True
SRRM1,viperturb_09.npz,37,37,1,1,False,True
SRSF1,viperturb_09.npz,27,27,1,1,False,True
SRSF11,viperturb_09.npz,27,27,1,1,False,True
SRSF12,viperturb_09.npz,20,20,1,1,False,True
SRSF2,viperturb_09.npz,26,26,1,1,False,True
SRSF4,viperturb_09.npz,68,68,1,1,False,True
SS18,viperturb_09.npz,47,47,1,1,False,True
SSB,viperturb_09.npz,19,19,1,1,False,False
SSBP1,viperturb_09.npz,12,12,1,1,False,True
SSBP3,viperturb_09.npz,35,35,1,1,False,True
SSFA2,viperturb_09.npz,36,36,1,1,False,False
SSH1,viperturb_09.npz,62,62,1,1,False,True
SSH2,viperturb_09.npz,52,52,1,1,False,True
SSPO,viperturb_09.npz,49,49,1,1,False,True
SSR3,viperturb_09.npz,48,48,1,1,False,True
SSRP1,viperturb_09.npz,42,42,1,1,False,True
SSSCA1,viperturb_09.npz,82,82,1,1,False,False
SST,viperturb_09.npz,42,42,1,1,False,True
SSTR2,viperturb_09.npz,26,26,1,1,False,True
SSTR3,viperturb_09.npz,85,85,1,1,False,True
SSX2,viperturb_09.npz,32,32,1,1,False,False
SSX2IP,viperturb_09.npz,37,37,1,1,False,True
SSX4B,,0,7,1,0,False,False
SSX7,viperturb_09.npz,48,48,1,1,False,True
ST14,viperturb_09.npz,49,49,1,1,False,True
ST20,viperturb_09.npz,28,28,1,1,False,False
ST20-MTHFS,viperturb_09.npz,26,26,1,1,False,False
ST3GAL2,viperturb_09.npz,82,82,1,1,False,True
ST3GAL6,viperturb_09.npz,29,29,1,1,False,True
ST6GALNAC2,viperturb_09.npz,49,49,1,1,False,True
ST8SIA4,viperturb_09.npz,59,59,1,1,False,True
ST8SIA6,viperturb_09.npz,58,58,1,1,False,True
STAC,viperturb_09.npz,27,27,1,1,False,True
STAC2,viperturb_09.npz,72,72,1,1,False,True
STAC3,viperturb_09.npz,47,47,1,1,False,True
STAG2,viperturb_09.npz,68,68,1,1,False,True
STAM2,viperturb_09.npz,37,37,1,1,False,True
STAMBPL1,viperturb_09.npz,47,47,1,1,False,True
STARD10,viperturb_09.npz,48,48,1,1,False,True
STARD13,viperturb_09.npz,53,53,1,1,False,True
STARD8,viperturb_09.npz,46,46,1,1,False,True
STAT2,viperturb_09.npz,75,75,1,1,False,True
STAT5A,viperturb_09.npz,55,55,1,1,False,True
STAT5B,viperturb_09.npz,27,27,1,1,False,True
STATH,viperturb_09.npz,52,52,1,1,False,True
STAU2,viperturb_09.npz,53,53,1,1,False,True
STEAP1,viperturb_09.npz,57,57,1,1,False,True
STEAP1B,viperturb_09.npz,18,18,1,1,False,True
STEAP2,viperturb_09.npz,15,15,1,1,False,True
STEAP3,viperturb_09.npz,44,44,1,1,False,True
STH,viperturb_09.npz,83,83,1,1,False,True
STIM1,viperturb_09.npz,55,55,1,1,False,True
STK11,viperturb_09.npz,71,71,1,1,False,True
STK16,viperturb_09.npz,29,29,1,1,False,True
STK19,viperturb_09.npz,43,43,1,1,False,True
STK32B,viperturb_09.npz,45,45,1,1,False,True
STK32C,viperturb_09.npz,67,67,1,1,False,True
STK35,viperturb_09.npz,28,28,1,1,False,True
STK36,viperturb_09.npz,101,101,1,1,False,True
STK4,viperturb_09.npz,59,59,1,1,False,True
STK40,viperturb_09.npz,37,37,1,1,False,True
STMN2,viperturb_09.npz,40,40,1,1,False,True
STOM,viperturb_09.npz,73,73,1,1,False,True
STOML2,viperturb_09.npz,80,80,1,1,False,True
STON1,viperturb_09.npz,60,60,1,1,False,True
STON1-GTF2A1L,viperturb_09.npz,34,34,1,1,False,False
STOX2,viperturb_09.npz,34,34,1,1,False,True
STPG2,viperturb_09.npz,61,61,1,1,False,True
STRA6,viperturb_09.npz,40,40,1,1,False,True
STRA8,viperturb_09.npz,43,43,1,1,False,True
STRAP,viperturb_09.npz,24,24,1,1,False,True
STRC,viperturb_09.npz,62,62,1,1,False,True
STRIP1,viperturb_09.npz,49,49,1,1,False,True
STRN3,viperturb_09.npz,25,25,1,1,False,True
STT3B,viperturb_09.npz,54,54,1,1,False,True
STUB1,viperturb_09.npz,71,71,1,1,False,True
STX10,viperturb_09.npz,51,51,1,1,False,True
STX16,viperturb_09.npz,22,22,1,1,False,True
STX17,viperturb_09.npz,58,58,1,1,False,True
STX18,viperturb_09.npz,114,114,1,1,False,True
STX4,viperturb_09.npz,35,35,1,1,False,True
STX8,viperturb_09.npz,48,48,1,1,False,True
STXBP1,viperturb_09.npz,35,35,1,1,False,True
STXBP2,viperturb_09.npz,20,20,1,1,False,True
STXBP4,viperturb_09.npz,29,29,1,1,False,True
STYK1,viperturb_09.npz,74,74,1,1,False,True
STYX,viperturb_09.npz,41,41,1,1,False,True
STYXL1,viperturb_09.npz,22,22,1,1,False,True
SUB1,viperturb_09.npz,38,38,1,1,False,True
SUCLA2,viperturb_09.npz,27,27,1,1,False,True
SUCLG1,viperturb_09.npz,45,45,1,1,False,True
SUCNR1,viperturb_09.npz,60,60,1,1,False,True
SUCO,viperturb_09.npz,35,35,1,1,False,True
SUDS3,viperturb_09.npz,46,46,1,1,False,True
SUFU,viperturb_09.npz,70,70,1,1,False,True
SUGCT,viperturb_09.npz,33,33,1,1,False,True
SUGP2,viperturb_09.npz,74,74,1,1,False,True
SUGT1,viperturb_09.npz,23,23,1,1,False,True
SULT1B1,viperturb_09.npz,39,39,1,1,False,True
SULT1C2,viperturb_09.npz,48,48,1,1,False,True
SULT2A1,viperturb_09.npz,46,46,1,1,False,True
SULT2B1,viperturb_09.npz,55,55,1,1,False,True
SUMF1,viperturb_09.npz,67,67,1,1,False,True
SUMF2,viperturb_09.npz,58,58,1,1,False,True
SUMO1,viperturb_09.npz,27,27,1,1,False,False
SUMO2,viperturb_09.npz,54,54,1,1,False,True
SUMO4,viperturb_09.npz,39,39,1,1,False,True
SUOX,viperturb_09.npz,23,23,1,1,False,True
SUPT20H,viperturb_09.npz,62,62,1,1,False,True
SUPT20HL1,viperturb_09.npz,25,25,1,1,False,False
SURF1,viperturb_09.npz,34,34,1,1,False,True
SURF2,viperturb_09.npz,33,33,1,1,False,True
SURF4,viperturb_09.npz,52,52,1,1,False,True
SURF6,viperturb_09.npz,35,35,1,1,False,True
SUV39H1,viperturb_09.npz,79,79,1,1,False,True
SUV39H2,viperturb_09.npz,70,70,1,1,False,True
SUZ12,viperturb_09.npz,30,30,1,1,False,True
SVEP1,viperturb_09.npz,36,36,1,1,False,True
SVOPL,viperturb_09.npz,90,90,1,1,False,True
SYCN,viperturb_09.npz,53,53,1,1,False,True
SYMPK,,0,3,1,0,False,True
SYN3,viperturb_09.npz,35,35,1,1,False,True
SYNDIG1,viperturb_09.npz,42,42,1,1,False,True
SYNDIG1L,viperturb_09.npz,63,63,1,1,False,True
SYNGR3,viperturb_09.npz,59,59,1,1,False,True
SYNJ2,,0,9,1,0,False,True
SYNM,viperturb_09.npz,84,84,1,1,False,True
SYNPR,viperturb_09.npz,52,52,1,1,False,True
SYNRG,viperturb_09.npz,37,37,1,1,False,True
SYS1,viperturb_09.npz,17,17,1,1,False,True
SYT1,viperturb_09.npz,30,30,1,1,False,True
SYT10,viperturb_09.npz,70,70,1,1,False,True
SYT13,viperturb_09.npz,16,16,1,1,False,True
SYT4,viperturb_09.npz,50,50,1,1,False,True
SYT9,viperturb_09.npz,30,30,1,1,False,True
SYTL4,viperturb_09.npz,26,26,1,1,False,True
SYVN1,viperturb_09.npz,54,54,1,1,True,True
SZT2,viperturb_09.npz,54,54,1,1,False,True
TAAR1,viperturb_09.npz,54,54,1,1,False,True
TAAR2,viperturb_09.npz,60,60,1,1,False,True
TAAR8,viperturb_09.npz,35,35,1,1,False,True
TAC1,viperturb_09.npz,50,50,1,1,False,True
TAC4,viperturb_09.npz,29,29,1,1,False,True
TACC1,viperturb_09.npz,57,57,1,1,False,True
TACC2,viperturb_09.npz,23,23,1,1,False,True
TACO1,viperturb_09.npz,70,70,1,1,False,True
TACR3,viperturb_09.npz,27,27,1,1,False,True
TACSTD2,viperturb_09.npz,49,49,1,1,False,True
TADA1,viperturb_09.npz,25,25,1,1,False,True
TADA3,viperturb_09.npz,71,71,1,1,False,True
TAF10,viperturb_09.npz,20,20,1,1,False,True
TAF11,viperturb_09.npz,50,50,1,1,False,True
TAF13,viperturb_09.npz,39,39,1,1,False,True
TAF1A,viperturb_09.npz,37,37,1,1,False,True
TAF1B,viperturb_09.npz,46,46,1,1,False,True
TAF1C,viperturb_09.npz,26,26,1,1,False,True
TAF1D,viperturb_09.npz,32,32,1,1,False,True
TAF2,viperturb_09.npz,33,33,1,1,False,True
TAF3,viperturb_09.npz,19,19,1,1,False,True
TAF4,viperturb_09.npz,39,39,1,1,True,True
TAF5L,viperturb_09.npz,31,31,1,1,False,True
TAF6L,viperturb_09.npz,87,87,1,1,False,True
TAF7,viperturb_09.npz,31,31,1,1,False,True
TAF7L,viperturb_09.npz,68,68,1,1,False,True
TAF8,viperturb_09.npz,21,21,1,1,False,True
TAF9,viperturb_09.npz,52,52,1,1,False,True
TAF9B,viperturb_09.npz,40,40,1,1,False,True
TAGAP,viperturb_09.npz,50,50,1,1,False,True
TAGLN,viperturb_09.npz,56,56,1,1,False,True
TAGLN3,viperturb_09.npz,48,48,1,1,False,True
TAMM41,viperturb_09.npz,23,23,1,1,False,True
TANGO6,viperturb_09.npz,23,23,1,1,False,True
TANK,viperturb_09.npz,50,50,1,1,False,True
TAOK2,viperturb_09.npz,37,37,1,1,False,True
TAPBPL,viperturb_09.npz,33,33,1,1,False,True
TARBP1,viperturb_09.npz,37,37,1,1,False,True
TARDBP,viperturb_09.npz,66,66,1,1,False,True
TARP,viperturb_09.npz,31,31,1,1,False,False
TARS,viperturb_09.npz,66,66,1,1,False,True
TARS2,viperturb_09.npz,34,34,1,1,False,True
TAS2R10,viperturb_09.npz,51,51,1,1,False,False
TAS2R31,viperturb_09.npz,18,18,1,1,False,True
TAS2R38,viperturb_09.npz,61,61,1,1,False,True
TAS2R39,viperturb_09.npz,32,32,1,1,False,True
TAS2R42,viperturb_09.npz,35,35,1,1,False,True
TAS2R43,,0,8,1,0,False,True
TAS2R50,viperturb_09.npz,78,78,1,1,False,True
TAS2R9,viperturb_09.npz,49,49,1,1,False,True
TATDN1,viperturb_09.npz,39,39,1,1,False,True
TAZ,viperturb_09.npz,35,35,1,1,False,True
TBC1D1,viperturb_09.npz,39,39,1,1,False,True
TBC1D12,viperturb_09.npz,21,21,1,1,False,True
TBC1D15,viperturb_09.npz,91,91,1,1,False,True
TBC1D17,viperturb_09.npz,34,34,1,1,False,True
TBC1D22B,viperturb_09.npz,28,28,1,1,False,True
TBC1D31,viperturb_09.npz,37,37,1,1,False,True
TBC1D3B,viperturb_09.npz,17,17,1,1,False,True
TBC1D3F,viperturb_09.npz,111,111,1,1,False,False
TBC1D8B,viperturb_09.npz,39,39,1,1,False,True
TBC1D9,viperturb_09.npz,52,52,1,1,False,True
TBCC,viperturb_09.npz,15,15,1,1,False,True
TBCCD1,viperturb_09.npz,47,47,1,1,False,True
TBK1,viperturb_09.npz,49,49,1,1,False,True
TBL1X,viperturb_09.npz,49,49,1,1,False,True
TBP,viperturb_09.npz,29,29,1,1,False,True
TBPL1,viperturb_09.npz,66,66,1,1,False,True
TBPL2,viperturb_09.npz,24,24,1,1,False,True
TBX15,viperturb_09.npz,49,49,1,1,False,True
TBX18,viperturb_09.npz,60,60,1,1,False,True
TBX20,viperturb_09.npz,59,59,1,1,False,False
TBX22,viperturb_09.npz,75,75,1,1,False,True
TBXAS1,viperturb_09.npz,15,15,1,1,False,True
TCEA1,viperturb_09.npz,56,56,1,1,False,False
TCEAL2,viperturb_09.npz,64,64,1,1,False,True
TCEAL3,viperturb_09.npz,31,31,1,1,False,True
TCEAL6,viperturb_09.npz,25,25,1,1,False,True
TCEAL8,viperturb_09.npz,23,23,1,1,False,True
TCEANC,viperturb_09.npz,59,59,1,1,False,True
TCERG1,viperturb_09.npz,45,45,1,1,False,True
TCF12,,0,7,1,0,False,True
TCF19,viperturb_09.npz,37,37,1,1,False,True
TCF23,viperturb_09.npz,26,26,1,1,False,True
TCF7,viperturb_09.npz,43,43,1,1,False,True
TCF7L1,viperturb_09.npz,69,69,1,1,False,True
TCHH,viperturb_09.npz,64,64,1,1,False,True
TCIRG1,viperturb_09.npz,32,32,1,1,False,True
TCOF1,viperturb_09.npz,17,17,1,1,False,True
TCP1,viperturb_09.npz,18,18,1,1,False,True
TCP10L,viperturb_09.npz,49,49,1,1,False,True
TCP11L2,viperturb_09.npz,32,32,1,1,False,True
TCTA,viperturb_09.npz,47,47,1,1,False,True
TCTE3,viperturb_09.npz,31,31,1,1,False,True
TCTN2,viperturb_09.npz,37,37,1,1,False,True
TCTN3,viperturb_09.npz,68,68,1,1,False,True
TEAD1,viperturb_09.npz,29,29,1,1,False,True
TEAD4,viperturb_09.npz,66,66,1,1,True,True
TECPR1,viperturb_09.npz,53,53,1,1,False,True
TECPR2,viperturb_09.npz,34,34,1,1,False,True
TECTA,viperturb_09.npz,53,53,1,1,False,True
TEDDM1,viperturb_09.npz,29,29,1,1,False,True
TEF,viperturb_09.npz,84,84,1,1,False,True
TEKT3,viperturb_09.npz,107,107,1,1,False,True
TEKT5,viperturb_09.npz,17,17,1,1,False,True
TELO2,viperturb_09.npz,20,20,1,1,False,True
TEP1,viperturb_09.npz,29,29,1,1,False,True
TERF2IP,viperturb_09.npz,66,66,1,1,False,True
TESK1,viperturb_09.npz,48,48,1,1,False,True
TESK2,viperturb_09.npz,41,41,1,1,True,True
TEX10,viperturb_09.npz,12,12,1,1,False,True
TEX13C,viperturb_09.npz,55,55,1,1,False,True
TEX14,viperturb_09.npz,41,41,1,1,False,True
TEX26,viperturb_09.npz,34,34,1,1,False,True
TEX261,viperturb_09.npz,98,98,1,1,False,True
TEX264,viperturb_09.npz,25,25,1,1,False,True
TEX28,viperturb_09.npz,47,47,1,1,False,True
TEX29,viperturb_09.npz,23,23,1,1,False,True
TEX33,viperturb_09.npz,79,79,1,1,False,True
TEX35,viperturb_09.npz,21,21,1,1,False,True
TEX37,viperturb_09.npz,48,48,1,1,False,True
TEX38,viperturb_09.npz,81,81,1,1,False,True
TEX45,viperturb_09.npz,15,15,1,1,False,True
TEX47,viperturb_09.npz,106,106,1,1,False,True
TFAP2A,viperturb_09.npz,44,44,1,1,False,True
TFAP2B,viperturb_09.npz,31,31,1,1,False,True
TFAP2C,viperturb_09.npz,47,47,1,1,False,True
TFAP2E,viperturb_09.npz,24,24,1,1,False,True
TFAP4,viperturb_09.npz,51,51,1,1,False,True
TFDP1,viperturb_09.npz,39,39,1,1,False,True
TFDP3,viperturb_09.npz,55,55,1,1,False,True
TFE3,viperturb_09.npz,32,32,1,1,False,True
TFEC,viperturb_09.npz,48,48,1,1,False,True
TFF3,viperturb_09.npz,65,65,1,1,False,True
TFG,viperturb_09.npz,22,22,1,1,False,True
TFPI2,viperturb_09.npz,95,95,1,1,False,True
TFPT,viperturb_09.npz,22,22,1,1,False,True
TFRC,viperturb_09.npz,30,30,1,1,False,True
TGDS,viperturb_09.npz,39,39,1,1,False,True
TGFB1I1,viperturb_09.npz,47,47,1,1,False,True
TGFB3,viperturb_09.npz,42,42,1,1,False,True
TGFBR1,viperturb_09.npz,48,48,1,1,False,True
TGFBR3,viperturb_09.npz,88,88,1,1,False,True
TGFBR3L,viperturb_09.npz,39,39,1,1,False,True
TGM1,viperturb_09.npz,72,72,1,1,False,True
TGM5,viperturb_09.npz,25,25,1,1,False,True
THAP10,viperturb_09.npz,42,42,1,1,False,True
THAP11,viperturb_09.npz,79,79,1,1,False,True
THAP4,viperturb_09.npz,58,58,1,1,False,True
THAP8,viperturb_09.npz,52,52,1,1,False,True
THAP9,viperturb_09.npz,44,44,1,1,False,True
THBS1,viperturb_09.npz,25,25,1,1,False,True
THBS3,viperturb_09.npz,64,64,1,1,False,True
THEG5,viperturb_09.npz,24,24,1,1,False,False
THEGL,viperturb_09.npz,42,42,1,1,False,True
THEM4,viperturb_09.npz,32,32,1,1,False,True
THEM6,viperturb_09.npz,97,97,1,1,False,True
THG1L,viperturb_09.npz,26,26,1,1,False,True
THNSL1,viperturb_09.npz,39,39,1,1,False,True
THOC2,viperturb_09.npz,14,14,1,1,False,True
THOC5,viperturb_09.npz,16,16,1,1,False,True
THOC7,,0,7,1,0,False,True
THRA,viperturb_09.npz,46,46,1,1,False,True
THSD7B,viperturb_09.npz,27,27,1,1,False,True
THUMPD2,viperturb_09.npz,69,69,1,1,False,True
THUMPD3,viperturb_09.npz,32,32,1,1,False,True
THYN1,viperturb_09.npz,33,33,1,1,False,True
TIAF1,viperturb_09.npz,65,65,1,1,False,True
TIAL1,viperturb_09.npz,54,54,1,1,False,True
TIAM1,viperturb_09.npz,53,53,1,1,False,True
TICAM1,viperturb_09.npz,107,107,1,1,False,True
TIFAB,viperturb_09.npz,39,39,1,1,False,True
TIGD1,viperturb_09.npz,40,40,1,1,False,True
TIGD2,viperturb_09.npz,62,62,1,1,False,True
TIGD3,viperturb_09.npz,78,78,1,1,False,True
TIGD6,viperturb_09.npz,65,65,1,1,False,True
TIMELESS,viperturb_09.npz,21,21,1,1,False,True
TIMM10,viperturb_09.npz,39,39,1,1,False,True
TIMM17B,viperturb_09.npz,32,32,1,1,True,True
TIMM44,viperturb_09.npz,32,32,1,1,False,True
TIMM8A,viperturb_09.npz,45,45,1,1,False,True
TIMM8B,viperturb_09.npz,77,77,1,1,False,True
TIMM9,viperturb_09.npz,26,26,1,1,False,True
TIMP1,viperturb_09.npz,23,23,1,1,False,True
TIMP3,viperturb_09.npz,21,21,1,1,False,True
TIPRL,viperturb_09.npz,27,27,1,1,False,True
TJAP1,viperturb_09.npz,50,50,1,1,False,True
TJP1,viperturb_09.npz,63,63,1,1,False,True
TJP2,viperturb_09.npz,17,17,1,1,False,True
TKFC,,0,9,1,0,False,True
TKT,viperturb_09.npz,35,35,1,1,False,True
TKTL2,viperturb_09.npz,85,85,1,1,False,True
TLCD2,viperturb_09.npz,62,62,1,1,False,True
TLDC2,viperturb_09.npz,16,16,1,1,False,True
TLE1,viperturb_09.npz,41,41,1,1,False,True
TLE3,viperturb_09.npz,45,45,1,1,False,True
TLE4,viperturb_09.npz,28,28,1,1,False,True
TLK1,viperturb_09.npz,44,44,1,1,False,True
TLK2,viperturb_09.npz,45,45,1,1,False,True
TLL1,viperturb_09.npz,75,75,1,1,False,True
TLR5,viperturb_09.npz,34,34,1,1,False,True
TLR6,viperturb_09.npz,48,48,1,1,False,True
TLR9,viperturb_09.npz,62,62,1,1,False,True
TLX1,viperturb_09.npz,72,72,1,1,False,True
TLX2,viperturb_09.npz,43,43,1,1,False,True
TM2D2,viperturb_09.npz,57,57,1,1,False,True
TM2D3,viperturb_09.npz,41,41,1,1,False,True
TM4SF1,viperturb_09.npz,48,48,1,1,False,True
TM4SF5,viperturb_09.npz,40,40,1,1,False,True
TMA16,,0,7,1,0,False,True
TMBIM4,viperturb_09.npz,30,30,1,1,False,True
TMC2,viperturb_09.npz,29,29,1,1,False,True
TMC3,viperturb_09.npz,50,50,1,1,False,True
TMC5,viperturb_09.npz,46,46,1,1,False,True
TMC7,viperturb_09.npz,71,71,1,1,False,True
TMC8,viperturb_09.npz,48,48,1,1,False,True
TMCC1,viperturb_09.npz,40,40,1,1,False,True
TMCC2,viperturb_09.npz,81,81,1,1,False,True
TMCO4,viperturb_09.npz,20,20,1,1,False,True
TMCO6,viperturb_09.npz,36,36,1,1,True,True
TMED1,viperturb_09.npz,47,47,1,1,False,True
TMED10,viperturb_09.npz,43,43,1,1,False,True
TMED2,viperturb_09.npz,56,56,1,1,False,True
TMED4,viperturb_09.npz,30,30,1,1,False,True
TMED7,viperturb_09.npz,54,54,1,1,False,True
TMED9,viperturb_09.npz,49,49,1,1,False,True
TMEFF2,viperturb_09.npz,66,66,1,1,False,True
TMEM106A,viperturb_09.npz,52,52,1,1,False,True
TMEM106B,viperturb_09.npz,49,49,1,1,False,True
TMEM108,viperturb_09.npz,27,27,1,1,False,True
TMEM117,viperturb_09.npz,18,18,1,1,False,True
TMEM126B,viperturb_09.npz,53,53,1,1,False,True
TMEM127,viperturb_09.npz,102,102,1,1,False,True
TMEM131,viperturb_09.npz,48,48,1,1,False,True
TMEM132C,viperturb_09.npz,46,46,1,1,False,True
TMEM133,viperturb_09.npz,69,69,1,1,False,False
TMEM138,viperturb_09.npz,49,49,1,1,False,True
TMEM139,viperturb_09.npz,63,63,1,1,False,False
TMEM140,viperturb_09.npz,45,45,1,1,False,True
TMEM141,viperturb_09.npz,56,56,1,1,False,True
TMEM143,viperturb_09.npz,31,31,1,1,False,True
TMEM14C,viperturb_09.npz,31,31,1,1,False,True
TMEM156,viperturb_09.npz,41,41,1,1,False,True
TMEM159,viperturb_09.npz,37,37,1,1,False,True
TMEM167A,viperturb_09.npz,19,19,1,1,False,True
TMEM167B,viperturb_09.npz,46,46,1,1,False,True
TMEM169,viperturb_09.npz,62,62,1,1,False,True
TMEM17,viperturb_09.npz,90,90,1,1,False,True
TMEM170A,viperturb_09.npz,59,59,1,1,False,True
TMEM174,viperturb_09.npz,31,31,1,1,False,True
TMEM176B,viperturb_09.npz,101,101,1,1,False,True
TMEM181,viperturb_09.npz,60,60,1,1,False,True
TMEM183A,viperturb_09.npz,48,48,1,1,False,True
TMEM184A,viperturb_09.npz,92,92,1,1,False,True
TMEM184B,viperturb_09.npz,51,51,1,1,False,True
TMEM185A,viperturb_09.npz,68,68,1,1,False,True
TMEM185B,viperturb_09.npz,50,50,1,1,False,True
TMEM189,viperturb_09.npz,43,43,1,1,False,True
TMEM19,viperturb_09.npz,39,39,1,1,False,True
TMEM196,viperturb_09.npz,63,63,1,1,False,True
TMEM200C,viperturb_09.npz,49,49,1,1,False,True
TMEM203,viperturb_09.npz,44,44,1,1,False,True
TMEM207,viperturb_09.npz,32,32,1,1,False,True
TMEM208,viperturb_09.npz,45,45,1,1,False,True
TMEM209,,0,8,1,0,True,True
TMEM211,viperturb_09.npz,21,21,1,1,False,True
TMEM214,viperturb_09.npz,37,37,1,1,False,True
TMEM216,viperturb_09.npz,28,28,1,1,False,True
TMEM220,viperturb_09.npz,33,33,1,1,False,True
TMEM223,viperturb_09.npz,101,101,1,1,False,True
TMEM229B,viperturb_09.npz,36,36,1,1,False,True
TMEM233,viperturb_09.npz,47,47,1,1,False,False
TMEM234,viperturb_09.npz,53,53,1,1,False,True
TMEM235,viperturb_09.npz,78,78,1,1,False,True
TMEM241,viperturb_09.npz,23,23,1,1,False,True
TMEM243,viperturb_09.npz,59,59,1,1,False,True
TMEM248,viperturb_09.npz,45,45,1,1,False,True
TMEM250,viperturb_09.npz,69,69,1,1,False,True
TMEM252,viperturb_09.npz,30,30,1,1,False,True
TMEM255B,viperturb_09.npz,26,26,1,1,False,True
TMEM259,viperturb_09.npz,52,52,1,1,False,True
TMEM261,viperturb_09.npz,74,74,1,1,False,False
TMEM35A,viperturb_09.npz,45,45,1,1,False,True
TMEM35B,viperturb_09.npz,81,81,1,1,False,True
TMEM38B,viperturb_09.npz,76,76,1,1,False,True
TMEM43,viperturb_09.npz,34,34,1,1,False,True
TMEM45A,viperturb_09.npz,37,37,1,1,False,True
TMEM47,viperturb_09.npz,43,43,1,1,False,True
TMEM51,viperturb_09.npz,63,63,1,1,False,True
TMEM52,viperturb_09.npz,64,64,1,1,False,True
TMEM53,viperturb_09.npz,35,35,1,1,False,True
TMEM55B,viperturb_09.npz,68,68,1,1,False,False
TMEM56-RWDD3,viperturb_09.npz,84,84,1,1,False,False
TMEM61,viperturb_09.npz,32,32,1,1,False,True
TMEM62,viperturb_09.npz,46,46,1,1,False,True
TMEM65,viperturb_09.npz,53,53,1,1,False,True
TMEM69,viperturb_09.npz,28,28,1,1,False,True
TMEM71,viperturb_09.npz,66,66,1,1,False,True
TMEM79,viperturb_09.npz,44,44,1,1,True,True
TMEM81,viperturb_09.npz,71,71,1,1,False,True
TMEM89,viperturb_09.npz,73,73,1,1,False,True
TMEM8A,viperturb_09.npz,88,88,1,1,False,True
TMEM9,viperturb_09.npz,66,66,1,1,False,True
TMEM91,viperturb_09.npz,45,45,1,1,False,True
TMIE,viperturb_09.npz,41,41,1,1,False,True
TMPRSS11A,viperturb_09.npz,44,44,1,1,False,True
TMTC2,viperturb_09.npz,69,69,1,1,False,True
TMX1,viperturb_09.npz,38,38,1,1,False,True
TMX2,viperturb_09.npz,28,28,1,1,False,True
TMX4,viperturb_09.npz,36,36,1,1,False,True
TNFAIP2,viperturb_09.npz,49,49,1,1,False,True
TNFAIP6,viperturb_09.npz,46,46,1,1,False,True
TNFRSF12A,viperturb_09.npz,47,47,1,1,False,True
TNFRSF13B,viperturb_09.npz,60,60,1,1,False,True
TNFRSF18,viperturb_09.npz,50,50,1,1,False,True
TNFRSF4,viperturb_09.npz,60,60,1,1,False,True
TNFRSF6B,viperturb_09.npz,32,32,1,1,False,True
TNFSF8,viperturb_09.npz,43,43,1,1,False,True
TNIP1,viperturb_09.npz,37,37,1,1,False,True
TNNC2,viperturb_09.npz,48,48,1,1,False,True
TNNI1,viperturb_09.npz,74,74,1,1,False,True
TNNI2,viperturb_09.npz,49,49,1,1,False,True
TNNI3K,viperturb_09.npz,33,33,1,1,False,True
TNNT2,viperturb_09.npz,69,69,1,1,False,True
TNPO2,viperturb_09.npz,36,36,1,1,False,True
TNPO3,viperturb_09.npz,35,35,1,1,False,True
TNR,viperturb_09.npz,56,56,1,1,False,True
TNRC6A,viperturb_09.npz,65,65,1,1,False,True
TNRC6C,viperturb_09.npz,65,65,1,1,False,True
TNS1,viperturb_09.npz,60,60,1,1,False,True
TOB1,viperturb_09.npz,39,39,1,1,False,True
TOGARAM1,viperturb_09.npz,47,47,1,1,False,True
TOM1L2,viperturb_09.npz,53,53,1,1,False,True
TOMM20,viperturb_09.npz,38,38,1,1,False,True
TOMM40,viperturb_09.npz,35,35,1,1,False,True
TOMM5,viperturb_09.npz,40,40,1,1,False,True
TOMM7,viperturb_09.npz,62,62,1,1,False,True
TONSL,viperturb_09.npz,15,15,1,1,False,True
TOP1,viperturb_09.npz,45,45,1,1,False,True
TOPAZ1,viperturb_09.npz,112,112,1,1,False,True
TOPORS,viperturb_09.npz,48,48,1,1,False,True
TOR1AIP2,viperturb_09.npz,61,61,1,1,False,True
TOR4A,viperturb_09.npz,42,42,1,1,False,True
TOX,viperturb_09.npz,67,67,1,1,False,True
TOX2,viperturb_09.npz,70,70,1,1,False,True
TOX3,viperturb_09.npz,31,31,1,1,False,True
TOX4,viperturb_09.npz,68,68,1,1,False,True
TP53I13,viperturb_09.npz,41,41,1,1,False,True
TP53RK,viperturb_09.npz,15,15,1,1,False,True
TP53TG3E,viperturb_09.npz,55,55,1,1,False,False
TP63,viperturb_09.npz,27,27,1,1,False,True
TPCN2,viperturb_09.npz,37,37,1,1,False,True
TPD52L1,viperturb_09.npz,77,77,1,1,False,True
TPH1,viperturb_09.npz,74,74,1,1,False,True
TPH2,viperturb_09.npz,32,32,1,1,False,True
TPI1,viperturb_09.npz,57,57,1,1,False,False
TPM1,viperturb_09.npz,65,65,1,1,False,True
TPP1,viperturb_10.npz,79,79,1,1,False,True
TPP2,viperturb_10.npz,18,18,1,1,False,True
TPPP2,viperturb_10.npz,39,39,1,1,False,True
TPPP3,viperturb_10.npz,73,73,1,1,False,True
TPR,viperturb_10.npz,71,71,1,1,False,True
TPRG1L,viperturb_10.npz,73,73,1,1,False,True
TPRKB,viperturb_10.npz,52,52,1,1,False,True
TPRX1,viperturb_10.npz,67,67,1,1,False,True
TPSD1,viperturb_10.npz,81,81,1,1,False,True
TPST2,viperturb_10.npz,58,58,1,1,False,True
TPT1,viperturb_10.npz,20,20,1,1,False,False
TPTE,viperturb_10.npz,65,65,1,1,False,True
TPX2,viperturb_10.npz,11,11,1,1,False,True
TRA2B,viperturb_10.npz,31,31,1,1,False,True
TRABD2B,viperturb_10.npz,34,34,1,1,False,True
TRAF2,viperturb_10.npz,65,65,1,1,False,True
TRAF4,viperturb_10.npz,47,47,1,1,False,True
TRAF7,viperturb_10.npz,42,42,1,1,False,True
TRAK2,viperturb_10.npz,35,35,1,1,False,True
TRANK1,viperturb_10.npz,19,19,1,1,False,True
TRAPPC11,viperturb_10.npz,29,29,1,1,False,True
TRAPPC12,viperturb_10.npz,108,108,1,1,False,True
TRAPPC13,viperturb_10.npz,34,34,1,1,False,True
TRAPPC2L,viperturb_10.npz,48,48,1,1,False,True
TRAPPC3,viperturb_10.npz,47,47,1,1,False,True
TRAPPC5,viperturb_10.npz,40,40,1,1,False,True
TRAPPC8,viperturb_10.npz,44,44,1,1,False,True
TRDMT1,viperturb_10.npz,61,61,1,1,False,True
TREM1,viperturb_10.npz,38,38,1,1,False,True
TREML1,viperturb_10.npz,30,30,1,1,False,True
TREX2,,0,7,1,0,False,True
TRHDE,viperturb_10.npz,67,67,1,1,False,True
TRIB2,viperturb_10.npz,41,41,1,1,False,True
TRIM13,viperturb_10.npz,55,55,1,1,False,True
TRIM14,viperturb_10.npz,38,38,1,1,False,True
TRIM15,viperturb_10.npz,55,55,1,1,False,True
TRIM2,viperturb_10.npz,45,45,1,1,False,True
TRIM24,viperturb_10.npz,40,40,1,1,False,True
TRIM25,viperturb_10.npz,27,27,1,1,False,True
TRIM26,viperturb_10.npz,33,33,1,1,False,True
TRIM28,viperturb_10.npz,31,31,1,1,False,True
TRIM31,viperturb_10.npz,63,63,1,1,False,True
TRIM34,viperturb_10.npz,77,77,1,1,False,True
TRIM35,viperturb_10.npz,16,16,1,1,True,True
TRIM39-RPP21,viperturb_10.npz,32,32,1,1,False,False
TRIM41,viperturb_10.npz,42,42,1,1,False,True
TRIM42,viperturb_10.npz,44,44,1,1,False,True
TRIM48,viperturb_10.npz,40,40,1,1,False,True
TRIM49,viperturb_10.npz,84,84,1,1,False,True
TRIM5,viperturb_10.npz,77,77,1,1,False,True
TRIM55,viperturb_10.npz,17,17,1,1,False,True
TRIM58,viperturb_10.npz,39,39,1,1,False,True
TRIM60,viperturb_10.npz,78,78,1,1,False,True
TRIM62,viperturb_10.npz,38,38,1,1,False,True
TRIM63,viperturb_10.npz,77,77,1,1,False,True
TRIM64,viperturb_10.npz,56,56,1,1,False,True
TRIM67,viperturb_10.npz,35,35,1,1,False,True
TRIM69,viperturb_10.npz,55,55,1,1,False,True
TRIM7,viperturb_10.npz,61,61,1,1,False,True
TRIM71,viperturb_10.npz,62,62,1,1,False,True
TRIM72,viperturb_10.npz,17,17,1,1,False,True
TRIM77,viperturb_10.npz,33,33,1,1,False,True
TRIM8,viperturb_10.npz,44,44,1,1,False,True
TRMT10A,viperturb_10.npz,18,18,1,1,False,True
TRMT10C,viperturb_10.npz,21,21,1,1,False,True
TRMT112,viperturb_10.npz,81,81,1,1,False,True
TRMT5,viperturb_10.npz,30,30,1,1,False,True
TRMT6,viperturb_10.npz,40,40,1,1,False,True
TRMT61A,viperturb_10.npz,69,69,1,1,False,True
TRNAU1AP,viperturb_10.npz,36,36,1,1,False,True
TRNP1,viperturb_10.npz,60,60,1,1,False,True
TRNT1,viperturb_10.npz,31,31,1,1,False,True
TROVE2,viperturb_10.npz,80,80,1,1,False,False
TRPA1,viperturb_10.npz,66,66,1,1,False,True
TRPC3,viperturb_10.npz,41,41,1,1,False,True
TRPC4AP,viperturb_10.npz,21,21,1,1,True,True
TRPM3,viperturb_10.npz,60,60,1,1,False,True
TRPS1,viperturb_10.npz,37,37,1,1,False,True
TRRAP,viperturb_10.npz,43,43,1,1,False,True
TRUB2,viperturb_10.npz,53,53,1,1,False,True
TSC1,viperturb_10.npz,30,30,1,1,False,True
TSC2,viperturb_10.npz,23,23,1,1,False,True
TSC22D1,viperturb_10.npz,91,91,1,1,False,True
TSC22D3,viperturb_10.npz,45,45,1,1,False,True
TSEN15,viperturb_10.npz,78,78,1,1,False,True
TSEN2,viperturb_10.npz,37,37,1,1,False,True
TSEN54,viperturb_10.npz,31,31,1,1,False,True
TSFM,viperturb_10.npz,119,119,1,1,False,True
TSG101,viperturb_10.npz,18,18,1,1,False,True
TSHR,viperturb_10.npz,15,15,1,1,False,True
TSHZ1,viperturb_10.npz,53,53,1,1,False,True
TSKU,viperturb_10.npz,41,41,1,1,False,True
TSLP,viperturb_10.npz,37,37,1,1,False,True
TSNARE1,viperturb_10.npz,39,39,1,1,False,True
TSPAN10,viperturb_10.npz,36,36,1,1,False,True
TSPAN11,viperturb_10.npz,65,65,1,1,False,True
TSPAN15,viperturb_10.npz,61,61,1,1,False,True
TSPAN19,viperturb_10.npz,94,94,1,1,False,True
TSPAN5,viperturb_10.npz,55,55,1,1,False,True
TSPEAR,viperturb_10.npz,61,61,1,1,False,True
TSPOAP1,viperturb_10.npz,56,56,1,1,False,True
TSPYL4,viperturb_10.npz,56,56,1,1,False,True
TSPYL5,viperturb_10.npz,86,86,1,1,False,True
TSPYL6,viperturb_10.npz,44,44,1,1,False,True
TSR2,viperturb_10.npz,63,63,1,1,False,True
TSR3,viperturb_10.npz,43,43,1,1,False,True
TSSC1,viperturb_10.npz,43,43,1,1,False,False
TSSK2,viperturb_10.npz,57,57,1,1,False,True
TSSK3,viperturb_10.npz,69,69,1,1,False,True
TST,viperturb_10.npz,14,14,1,1,False,True
TSTD2,viperturb_10.npz,29,29,1,1,False,True
TTC1,viperturb_10.npz,42,42,1,1,False,True
TTC12,viperturb_10.npz,44,44,1,1,False,True
TTC14,viperturb_10.npz,27,27,1,1,False,True
TTC16,viperturb_10.npz,77,77,1,1,False,True
TTC21B,viperturb_10.npz,62,62,1,1,False,True
TTC23L,viperturb_10.npz,19,19,1,1,False,True
TTC26,viperturb_10.npz,26,26,1,1,False,True
TTC27,viperturb_10.npz,30,30,1,1,False,True
TTC3,viperturb_10.npz,40,40,1,1,False,True
TTC30A,viperturb_10.npz,35,35,1,1,False,True
TTC30B,viperturb_10.npz,51,51,1,1,False,True
TTC31,viperturb_10.npz,42,42,1,1,False,True
TTC37,viperturb_10.npz,61,61,1,1,False,True
TTC38,viperturb_10.npz,61,61,1,1,False,True
TTC39B,viperturb_10.npz,64,64,1,1,False,True
TTC4,viperturb_10.npz,79,79,1,1,False,True
TTC5,viperturb_10.npz,49,49,1,1,False,True
TTC6,viperturb_10.npz,55,55,1,1,False,True
TTC7A,viperturb_10.npz,76,76,1,1,False,True
TTC8,viperturb_10.npz,41,41,1,1,False,True
TTC9B,viperturb_10.npz,47,47,1,1,False,True
TTF2,viperturb_10.npz,18,18,1,1,False,True
TTI1,viperturb_10.npz,10,10,1,1,False,True
TTI2,viperturb_10.npz,10,10,1,1,False,True
TTLL10,viperturb_10.npz,29,29,1,1,False,True
TTLL11,viperturb_10.npz,44,44,1,1,False,True
TTLL12,viperturb_10.npz,90,90,1,1,False,True
TTLL2,viperturb_10.npz,112,112,1,1,False,True
TTLL4,viperturb_10.npz,52,52,1,1,False,True
TTLL5,viperturb_10.npz,53,53,1,1,False,True
TTLL7,viperturb_10.npz,36,36,1,1,False,True
TTLL9,viperturb_10.npz,71,71,1,1,False,True
TTN,viperturb_10.npz,37,37,1,1,False,True
TTPA,viperturb_10.npz,64,64,1,1,False,True
TTYH1,viperturb_10.npz,91,91,1,1,False,True
TTYH3,,0,8,1,0,False,True
TUBA1C,viperturb_10.npz,87,87,1,1,False,True
TUBA4A,viperturb_10.npz,62,62,1,1,False,True
TUBA8,viperturb_10.npz,69,69,1,1,False,False
TUBB3,viperturb_10.npz,10,10,1,1,False,True
TUBB4A,viperturb_10.npz,43,43,1,1,False,True
TUBB4B,viperturb_10.npz,26,26,1,1,False,True
TUBB8,viperturb_10.npz,70,70,1,1,False,True
TUBG2,viperturb_10.npz,55,55,1,1,False,True
TUBGCP6,,0,3,1,0,False,True
TUFM,viperturb_10.npz,31,31,1,1,False,True
TULP1,viperturb_10.npz,38,38,1,1,False,True
TULP2,viperturb_10.npz,83,83,1,1,False,True
TULP3,viperturb_10.npz,39,39,1,1,False,True
TUSC5,viperturb_10.npz,65,65,1,1,False,False
TVP23A,viperturb_10.npz,29,29,1,1,False,True
TVP23C,viperturb_10.npz,45,45,1,1,False,True
TWF2,viperturb_10.npz,31,31,1,1,True,True
TWISTNB,viperturb_10.npz,11,11,1,1,False,True
TWNK,viperturb_10.npz,34,34,1,1,False,True
TXK,viperturb_10.npz,33,33,1,1,False,True
TXLNA,viperturb_10.npz,52,52,1,1,False,True
TXLNB,viperturb_10.npz,50,50,1,1,False,True
TXNDC17,viperturb_10.npz,83,83,1,1,False,True
TXNDC5,viperturb_10.npz,94,94,1,1,False,True
TXNIP,viperturb_10.npz,40,40,1,1,False,True
TXNL4B,viperturb_10.npz,22,22,1,1,False,True
TXNRD2,viperturb_10.npz,62,62,1,1,False,True
TYK2,viperturb_10.npz,63,63,1,1,False,True
TYMSOS,viperturb_10.npz,26,26,1,1,False,False
TYRP1,viperturb_10.npz,25,25,1,1,False,True
TYSND1,viperturb_10.npz,46,46,1,1,False,True
TYW1B,viperturb_10.npz,70,70,1,1,False,True
TYW3,viperturb_10.npz,30,30,1,1,False,True
U2AF1,viperturb_10.npz,24,24,1,1,False,False
U2AF1L4,viperturb_10.npz,12,12,1,1,False,True
U2AF1L5,viperturb_10.npz,78,78,1,1,False,False
U2SURP,viperturb_10.npz,10,10,1,1,False,True
UACA,viperturb_10.npz,37,37,1,1,False,True
UBA2,viperturb_10.npz,28,28,1,1,False,True
UBA5,viperturb_10.npz,48,48,1,1,False,True
UBA6,viperturb_10.npz,61,61,1,1,False,True
UBAC1,viperturb_10.npz,24,24,1,1,False,True
UBALD2,viperturb_10.npz,37,37,1,1,False,True
UBAP1,viperturb_10.npz,82,82,1,1,False,True
UBAP2,viperturb_10.npz,34,34,1,1,False,True
UBAP2L,viperturb_10.npz,53,53,1,1,False,True
UBC,viperturb_10.npz,41,41,1,1,False,True
UBD,viperturb_10.npz,72,72,1,1,False,True
UBE2D3,viperturb_10.npz,35,35,1,1,False,True
UBE2E1,viperturb_10.npz,35,35,1,1,False,True
UBE2G2,viperturb_10.npz,82,82,1,1,False,True
UBE2H,viperturb_10.npz,64,64,1,1,False,True
UBE2I,viperturb_10.npz,22,22,1,1,False,True
UBE2J2,viperturb_10.npz,54,54,1,1,False,True
UBE2K,viperturb_10.npz,86,86,1,1,False,True
UBE2L3,viperturb_10.npz,37,37,1,1,False,True
UBE2M,viperturb_10.npz,24,24,1,1,False,True
UBE2O,viperturb_10.npz,81,81,1,1,False,True
UBE2Q2,viperturb_10.npz,57,57,1,1,False,True
UBE2R2,viperturb_10.npz,48,48,1,1,False,True
UBE2S,viperturb_10.npz,41,41,1,1,False,True
UBE2Z,viperturb_10.npz,40,40,1,1,False,True
UBE3A,viperturb_10.npz,63,63,1,1,False,True
UBE3B,viperturb_10.npz,34,34,1,1,False,True
UBE4B,viperturb_10.npz,69,69,1,1,False,True
UBIAD1,viperturb_10.npz,18,18,1,1,False,True
UBL3,viperturb_10.npz,58,58,1,1,False,True
UBL5,viperturb_10.npz,21,21,1,1,False,True
UBN1,viperturb_10.npz,60,60,1,1,False,True
UBOX5,viperturb_10.npz,25,25,1,1,False,True
UBR1,viperturb_10.npz,45,45,1,1,False,False
UBR4,viperturb_10.npz,12,12,1,1,False,True
UBR5,viperturb_10.npz,82,82,1,1,False,True
UBTF,viperturb_10.npz,41,41,1,1,False,True
UBXN4,viperturb_10.npz,35,35,1,1,False,True
UBXN7,viperturb_10.npz,79,79,1,1,False,True
UCHL3,viperturb_10.npz,54,54,1,1,False,True
UCHL5,viperturb_10.npz,52,52,1,1,False,True
UCKL1,viperturb_10.npz,62,62,1,1,False,True
UCMA,viperturb_10.npz,58,58,1,1,False,True
UCN,viperturb_10.npz,82,82,1,1,False,True
UCN3,viperturb_10.npz,52,52,1,1,False,True
UCP1,viperturb_10.npz,35,35,1,1,False,True
UFC1,viperturb_10.npz,37,37,1,1,False,True
UFD1,viperturb_10.npz,13,13,1,1,False,True
UFL1,viperturb_10.npz,38,38,1,1,False,True
UFM1,viperturb_10.npz,97,97,1,1,False,True
UGGT1,viperturb_10.npz,53,53,1,1,False,True
UGT1A3,viperturb_10.npz,13,13,1,1,False,True
UGT1A6,viperturb_10.npz,27,27,1,1,False,False
UGT1A9,viperturb_10.npz,33,33,1,1,False,True
UGT2A1,viperturb_10.npz,14,14,1,1,False,True
UGT2A3,viperturb_10.npz,84,84,1,1,False,True
UGT2B15,viperturb_10.npz,61,61,1,1,False,True
UGT2B28,viperturb_10.npz,54,54,1,1,False,True
UGT3A1,viperturb_10.npz,47,47,1,1,False,True
UGT3A2,viperturb_10.npz,56,56,1,1,False,True
ULBP2,viperturb_10.npz,59,59,1,1,False,True
ULK4,viperturb_10.npz,53,53,1,1,False,True
UMPS,,0,3,1,0,False,True
UNC119,viperturb_10.npz,45,45,1,1,False,True
UNC50,viperturb_10.npz,64,64,1,1,False,True
UNC93A,viperturb_10.npz,34,34,1,1,False,True
UNK,viperturb_10.npz,18,18,1,1,True,True
UNKL,viperturb_10.npz,75,75,1,1,False,False
UPF2,viperturb_10.npz,61,61,1,1,False,True
UPF3A,viperturb_10.npz,20,20,1,1,False,True
UPF3B,viperturb_10.npz,28,28,1,1,True,True
UPK2,viperturb_10.npz,50,50,1,1,False,True
UPK3A,viperturb_10.npz,33,33,1,1,False,True
UPK3BL,viperturb_10.npz,62,62,1,1,False,False
UPP2,viperturb_10.npz,34,34,1,1,False,True
UPRT,viperturb_10.npz,67,67,1,1,False,True
UQCC2,viperturb_10.npz,47,47,1,1,False,True
UQCC3,viperturb_10.npz,45,45,1,1,False,True
UQCR10,viperturb_10.npz,24,24,1,1,False,True
UQCRC1,viperturb_10.npz,38,38,1,1,False,True
UQCRC2,viperturb_10.npz,66,66,1,1,False,True
UQCRQ,viperturb_10.npz,45,45,1,1,False,True
URB1,viperturb_10.npz,25,25,1,1,False,True
URGCP,viperturb_10.npz,65,65,1,1,False,True
USB1,viperturb_10.npz,40,40,1,1,False,True
USF1,viperturb_10.npz,52,52,1,1,False,True
USH2A,viperturb_10.npz,56,56,1,1,False,True
USHBP1,viperturb_10.npz,47,47,1,1,False,True
USO1,viperturb_10.npz,93,93,1,1,False,True
USP14,viperturb_10.npz,102,102,1,1,False,True
USP17L1,viperturb_10.npz,28,28,1,1,False,True
USP17L18,viperturb_10.npz,31,31,1,1,False,True
USP17L3,viperturb_10.npz,58,58,1,1,False,True
USP2,viperturb_10.npz,78,78,1,1,False,True
USP21,viperturb_10.npz,75,75,1,1,False,True
USP22,viperturb_10.npz,85,85,1,1,False,True
USP25,viperturb_10.npz,52,52,1,1,False,True
USP26,viperturb_10.npz,78,78,1,1,False,True
USP28,viperturb_10.npz,74,74,1,1,True,True
USP34,viperturb_10.npz,38,38,1,1,False,True
USP36,viperturb_10.npz,97,97,1,1,False,True
USP39,,0,3,1,0,False,True
USP40,viperturb_10.npz,53,53,1,1,False,True
USP41,viperturb_10.npz,43,43,1,1,False,True
USP44,viperturb_10.npz,25,25,1,1,False,True
USP48,viperturb_10.npz,56,56,1,1,False,True
USP5,viperturb_10.npz,11,11,1,1,False,True
USP51,viperturb_10.npz,52,52,1,1,False,True
USP7,viperturb_10.npz,32,32,1,1,False,True
UTP18,viperturb_10.npz,43,43,1,1,False,True
UTP23,viperturb_10.npz,41,41,1,1,False,True
UTP3,viperturb_10.npz,13,13,1,1,False,True
UTS2R,viperturb_10.npz,45,45,1,1,False,False
UVRAG,viperturb_10.npz,37,37,1,1,False,True
UVSSA,viperturb_10.npz,15,15,1,1,False,True
UXT,viperturb_10.npz,35,35,1,1,False,True
VAMP1,viperturb_10.npz,88,88,1,1,False,True
VAPB,viperturb_10.npz,55,55,1,1,True,True
VARS,viperturb_10.npz,12,12,1,1,False,True
VARS2,viperturb_10.npz,27,27,1,1,False,True
VASH2,viperturb_10.npz,37,37,1,1,False,True
VASP,viperturb_10.npz,42,42,1,1,False,True
VAT1,viperturb_10.npz,72,72,1,1,False,True
VBP1,viperturb_10.npz,12,12,1,1,False,True
VCAM1,viperturb_10.npz,76,76,1,1,False,True
VCP,,0,6,1,0,False,True
VCX2,viperturb_10.npz,50,50,1,1,False,True
VDR,viperturb_10.npz,65,65,1,1,False,True
VEGFA,viperturb_10.npz,67,67,1,1,False,True
VEGFB,viperturb_10.npz,48,48,1,1,False,True
VEGFC,viperturb_10.npz,86,86,1,1,False,True
VEPH1,viperturb_10.npz,34,34,1,1,False,True
VGLL3,viperturb_10.npz,54,54,1,1,False,True
VGLL4,viperturb_10.npz,29,29,1,1,False,True
VHL,viperturb_10.npz,96,96,1,1,False,True
VIL1,viperturb_10.npz,48,48,1,1,False,True
VILL,viperturb_10.npz,66,66,1,1,False,True
VIP,viperturb_10.npz,90,90,1,1,False,True
VIPAS39,viperturb_10.npz,42,42,1,1,False,True
VIPR2,viperturb_10.npz,26,26,1,1,False,True
VKORC1,viperturb_10.npz,41,41,1,1,False,True
VMA21,viperturb_10.npz,46,46,1,1,False,True
VPS13A,viperturb_10.npz,43,43,1,1,False,True
VPS25,viperturb_10.npz,50,50,1,1,False,True
VPS28,,0,5,1,0,False,True
VPS33A,viperturb_10.npz,32,32,1,1,False,True
VPS35,viperturb_10.npz,71,71,1,1,False,True
VPS36,viperturb_10.npz,74,74,1,1,False,True
VPS37A,viperturb_10.npz,51,51,1,1,False,True
VPS37C,viperturb_10.npz,36,36,1,1,False,True
VPS51,viperturb_10.npz,31,31,1,1,False,True
VPS52,viperturb_10.npz,15,15,1,1,False,True
VPS54,viperturb_10.npz,38,38,1,1,False,True
VPS72,viperturb_10.npz,44,44,1,1,False,True
VPS9D1,viperturb_10.npz,21,21,1,1,False,True
VRK3,viperturb_10.npz,34,34,1,1,False,True
VRTN,viperturb_10.npz,110,110,1,1,False,True
VSTM2B,viperturb_10.npz,53,53,1,1,False,True
VSTM2L,viperturb_10.npz,23,23,1,1,False,True
VSTM4,viperturb_10.npz,28,28,1,1,False,True
VSTM5,viperturb_10.npz,33,33,1,1,False,True
VSX1,viperturb_10.npz,52,52,1,1,False,True
VTI1A,viperturb_10.npz,59,59,1,1,False,True
VTI1B,viperturb_10.npz,29,29,1,1,False,True
VTN,viperturb_10.npz,64,64,1,1,False,True
VWA2,viperturb_10.npz,26,26,1,1,False,True
VWA7,viperturb_10.npz,59,59,1,1,False,True
VWC2,viperturb_10.npz,74,74,1,1,False,True
VWF,viperturb_10.npz,31,31,1,1,False,True
WAC,viperturb_10.npz,51,51,1,1,False,True
WASF2,viperturb_10.npz,40,40,1,1,False,True
WASF3,viperturb_10.npz,35,35,1,1,False,True
WASHC1,viperturb_10.npz,41,41,1,1,False,True
WASHC2C,viperturb_10.npz,57,57,1,1,False,False
WBP1,viperturb_10.npz,58,58,1,1,False,True
WBP11,,0,5,1,0,False,True
WBP1L,viperturb_10.npz,52,52,1,1,False,True
WBP4,viperturb_10.npz,48,48,1,1,True,True
WDFY2,viperturb_10.npz,89,89,1,1,False,True
WDFY3,viperturb_10.npz,36,36,1,1,False,True
WDR12,,0,4,1,0,False,True
WDR13,viperturb_10.npz,126,126,1,1,False,True
WDR18,viperturb_10.npz,38,38,1,1,False,True
WDR25,viperturb_10.npz,36,36,1,1,False,True
WDR33,viperturb_10.npz,17,17,1,1,False,True
WDR34,viperturb_10.npz,59,59,1,1,False,True
WDR41,viperturb_10.npz,42,42,1,1,False,True
WDR43,viperturb_10.npz,27,27,1,1,False,True
WDR45,viperturb_10.npz,53,53,1,1,False,True
WDR48,viperturb_10.npz,32,32,1,1,False,True
WDR49,viperturb_10.npz,64,64,1,1,False,True
WDR5,viperturb_10.npz,17,17,1,1,False,True
WDR55,viperturb_10.npz,39,39,1,1,False,True
WDR6,viperturb_10.npz,44,44,1,1,False,True
WDR61,viperturb_10.npz,16,16,1,1,False,True
WDR7,viperturb_10.npz,42,42,1,1,False,True
WDR70,viperturb_10.npz,46,46,1,1,False,True
WDR74,viperturb_10.npz,30,30,1,1,False,True
WDR75,viperturb_10.npz,27,27,1,1,False,True
WDR82,viperturb_10.npz,51,51,1,1,False,True
WDR83OS,viperturb_10.npz,53,53,1,1,False,True
WDR86,viperturb_10.npz,59,59,1,1,False,True
WDR89,viperturb_10.npz,34,34,1,1,False,True
WDR92,viperturb_10.npz,60,60,1,1,False,True
WDSUB1,viperturb_10.npz,44,44,1,1,False,True
WDYHV1,viperturb_10.npz,32,32,1,1,False,True
WEE1,viperturb_10.npz,60,60,1,1,False,True
WFDC3,viperturb_10.npz,40,40,1,1,False,True
WFDC9,viperturb_10.npz,39,39,1,1,False,True
WFIKKN2,viperturb_10.npz,49,49,1,1,False,True
WFS1,viperturb_10.npz,29,29,1,1,False,True
WHAMM,viperturb_10.npz,39,39,1,1,False,True
WIPF2,viperturb_10.npz,24,24,1,1,False,True
WIPF3,viperturb_10.npz,48,48,1,1,False,True
WISP1,viperturb_10.npz,60,60,1,1,False,False
WNK1,viperturb_10.npz,53,53,1,1,False,True
WNK4,viperturb_10.npz,36,36,1,1,False,True
WNT2B,viperturb_10.npz,47,47,1,1,False,True
WNT3A,viperturb_10.npz,54,54,1,1,False,True
WNT4,viperturb_10.npz,47,47,1,1,False,True
WNT5B,viperturb_10.npz,78,78,1,1,False,True
WNT7A,viperturb_10.npz,53,53,1,1,False,True
WRAP53,viperturb_10.npz,62,62,1,1,False,True
WRAP73,viperturb_10.npz,125,125,1,1,False,True
WRB,viperturb_10.npz,47,47,1,1,False,False
WT1,viperturb_10.npz,62,62,1,1,False,True
WTAP,viperturb_10.npz,22,22,1,1,False,True
WTH3DI,viperturb_10.npz,51,51,1,1,False,False
WWP2,viperturb_10.npz,45,45,1,1,False,True
WWTR1,viperturb_10.npz,83,83,1,1,False,True
XAF1,viperturb_10.npz,79,79,1,1,False,True
XAGE1E,viperturb_10.npz,42,42,1,1,False,False
XCR1,viperturb_10.npz,62,62,1,1,False,True
XDH,viperturb_10.npz,70,70,1,1,False,True
XIRP1,viperturb_10.npz,66,66,1,1,False,True
XKR4,viperturb_10.npz,29,29,1,1,False,True
XKR6,viperturb_10.npz,64,64,1,1,False,True
XKR7,viperturb_10.npz,80,80,1,1,False,True
XPNPEP3,viperturb_10.npz,57,57,1,1,False,True
XPO1,viperturb_10.npz,21,21,1,1,False,True
XPO4,viperturb_10.npz,57,57,1,1,False,True
XPO5,viperturb_10.npz,69,69,1,1,False,True
XRCC1,viperturb_10.npz,50,50,1,1,False,True
XRCC2,viperturb_10.npz,53,53,1,1,False,True
XRCC3,viperturb_10.npz,36,36,1,1,False,True
XRN1,viperturb_10.npz,39,39,1,1,False,True
XRN2,viperturb_10.npz,31,31,1,1,False,True
XRRA1,viperturb_10.npz,51,51,1,1,False,True
XYLT2,,0,9,1,0,False,True
YAF2,viperturb_10.npz,22,22,1,1,False,True
YBEY,viperturb_10.npz,51,51,1,1,False,True
YBX1,viperturb_10.npz,58,58,1,1,False,True
YBX2,viperturb_10.npz,32,32,1,1,False,True
YBX3,viperturb_10.npz,22,22,1,1,False,True
YEATS2,viperturb_10.npz,40,40,1,1,False,True
YEATS4,viperturb_10.npz,18,18,1,1,False,True
YIPF1,viperturb_10.npz,24,24,1,1,False,True
YIPF6,viperturb_10.npz,39,39,1,1,True,True
YKT6,viperturb_10.npz,33,33,1,1,False,True
YLPM1,viperturb_10.npz,25,25,1,1,False,False
YME1L1,viperturb_10.npz,38,38,1,1,False,True
YPEL5,viperturb_10.npz,13,13,1,1,False,True
YTHDC1,viperturb_10.npz,23,23,1,1,False,True
YTHDC2,viperturb_10.npz,25,25,1,1,False,True
YTHDF2,viperturb_10.npz,61,61,1,1,False,True
YWHAE,viperturb_10.npz,62,62,1,1,False,True
YY1,viperturb_10.npz,45,45,1,1,False,True
YY1AP1,viperturb_10.npz,34,34,1,1,False,True
ZBED6,viperturb_10.npz,34,34,1,1,False,True
ZBED9,viperturb_10.npz,62,62,1,1,False,True
ZBTB1,viperturb_10.npz,89,89,1,1,False,True
ZBTB11,viperturb_10.npz,49,49,1,1,False,True
ZBTB14,viperturb_10.npz,62,62,1,1,False,True
ZBTB16,viperturb_10.npz,10,10,1,1,False,True
ZBTB17,viperturb_10.npz,58,58,1,1,False,True
ZBTB2,viperturb_10.npz,74,74,1,1,False,True
ZBTB24,viperturb_10.npz,51,51,1,1,False,True
ZBTB26,viperturb_10.npz,110,110,1,1,False,True
ZBTB3,viperturb_10.npz,69,69,1,1,False,True
ZBTB33,viperturb_10.npz,47,47,1,1,False,True
ZBTB39,viperturb_10.npz,48,48,1,1,False,True
ZBTB40,viperturb_10.npz,46,46,1,1,False,True
ZBTB41,viperturb_10.npz,41,41,1,1,True,True
ZBTB43,viperturb_10.npz,80,80,1,1,False,True
ZBTB46,viperturb_10.npz,58,58,1,1,False,True
ZBTB49,viperturb_10.npz,99,99,1,1,False,True
ZBTB7A,viperturb_10.npz,41,41,1,1,False,True
ZBTB7B,viperturb_10.npz,24,24,1,1,False,True
ZBTB7C,viperturb_10.npz,37,37,1,1,False,True
ZBTB8OS,viperturb_10.npz,49,49,1,1,False,True
ZC3H10,viperturb_10.npz,50,50,1,1,False,True
ZC3H12D,viperturb_10.npz,51,51,1,1,False,True
ZC3H13,viperturb_10.npz,55,55,1,1,False,True
ZC3H14,viperturb_10.npz,54,54,1,1,False,True
ZC3H3,viperturb_10.npz,15,15,1,1,False,True
ZC3H4,viperturb_10.npz,42,42,1,1,False,True
ZC3H7A,viperturb_10.npz,77,77,1,1,False,True
ZC3H7B,viperturb_10.npz,37,37,1,1,False,True
ZC3H8,viperturb_10.npz,25,25,1,1,False,True
ZC3HC1,viperturb_10.npz,77,77,1,1,False,True
ZC4H2,viperturb_10.npz,17,17,1,1,False,True
ZCCHC10,viperturb_10.npz,62,62,1,1,False,True
ZCCHC11,viperturb_10.npz,40,40,1,1,False,False
ZCCHC12,viperturb_10.npz,69,69,1,1,False,True
ZCCHC14,viperturb_10.npz,33,33,1,1,False,True
ZCCHC17,viperturb_10.npz,36,36,1,1,False,True
ZCCHC24,viperturb_10.npz,48,48,1,1,False,True
ZCCHC6,viperturb_10.npz,13,13,1,1,False,False
ZCCHC7,viperturb_10.npz,56,56,1,1,False,True
ZCCHC8,viperturb_10.npz,23,23,1,1,False,True
ZCCHC9,viperturb_10.npz,33,33,1,1,False,True
ZCRB1,viperturb_10.npz,32,32,1,1,False,True
ZCWPW1,viperturb_10.npz,24,24,1,1,False,True
ZDHHC11,viperturb_10.npz,54,54,1,1,False,True
ZDHHC12,viperturb_10.npz,99,99,1,1,True,True
ZDHHC14,viperturb_10.npz,63,63,1,1,False,True
ZDHHC15,viperturb_10.npz,59,59,1,1,False,True
ZDHHC17,viperturb_10.npz,53,53,1,1,False,True
ZDHHC18,,0,8,1,0,False,True
ZDHHC19,viperturb_10.npz,107,107,1,1,False,True
ZDHHC2,viperturb_10.npz,69,69,1,1,False,True
ZDHHC21,viperturb_10.npz,63,63,1,1,False,True
ZDHHC22,viperturb_10.npz,39,39,1,1,False,True
ZDHHC23,viperturb_10.npz,40,40,1,1,False,True
ZDHHC3,viperturb_10.npz,85,85,1,1,False,True
ZDHHC4,viperturb_10.npz,36,36,1,1,True,True
ZDHHC7,viperturb_10.npz,18,18,1,1,False,True
ZEB2,viperturb_10.npz,30,30,1,1,False,True
ZER1,viperturb_10.npz,51,51,1,1,False,True
ZFAT,viperturb_10.npz,32,32,1,1,False,True
ZFC3H1,viperturb_10.npz,55,55,1,1,False,True
ZFP36,viperturb_10.npz,43,43,1,1,False,True
ZFP36L1,viperturb_10.npz,93,93,1,1,False,True
ZFP64,viperturb_10.npz,106,106,1,1,False,True
ZFP69B,viperturb_10.npz,29,29,1,1,False,True
ZFP92,viperturb_10.npz,38,38,1,1,False,True
ZFPM1,viperturb_10.npz,57,57,1,1,False,False
ZFPM2,viperturb_10.npz,47,47,1,1,False,True
ZFR,viperturb_10.npz,18,18,1,1,False,True
ZFX,viperturb_10.npz,21,21,1,1,False,True
ZFYVE16,viperturb_10.npz,88,88,1,1,False,True
ZFYVE21,viperturb_10.npz,43,43,1,1,False,True
ZFYVE26,viperturb_10.npz,49,49,1,1,False,True
ZFYVE28,viperturb_10.npz,36,36,1,1,False,True
ZGPAT,viperturb_10.npz,71,71,1,1,False,True
ZHX1,viperturb_10.npz,29,29,1,1,False,True
ZHX2,viperturb_10.npz,55,55,1,1,False,True
ZIC1,viperturb_10.npz,82,82,1,1,False,True
ZIC2,viperturb_10.npz,30,30,1,1,False,True
ZIC5,viperturb_10.npz,52,52,1,1,False,True
ZIK1,viperturb_10.npz,86,86,1,1,False,True
ZKSCAN1,viperturb_10.npz,43,43,1,1,True,True
ZKSCAN7,viperturb_10.npz,54,54,1,1,False,True
ZMAT2,,0,3,1,0,False,True
ZMIZ2,viperturb_10.npz,47,47,1,1,False,True
ZMYM3,viperturb_10.npz,50,50,1,1,False,True
ZMYM4,viperturb_10.npz,20,20,1,1,False,True
ZMYND11,viperturb_10.npz,48,48,1,1,False,True
ZMYND12,viperturb_10.npz,36,36,1,1,False,True
ZMYND8,viperturb_10.npz,59,59,1,1,False,True
ZNF101,viperturb_10.npz,84,84,1,1,False,True
ZNF107,viperturb_10.npz,101,101,1,1,False,True
ZNF12,viperturb_10.npz,64,64,1,1,False,True
ZNF121,viperturb_10.npz,70,70,1,1,False,True
ZNF131,viperturb_10.npz,84,84,1,1,False,True
ZNF132,viperturb_10.npz,37,37,1,1,False,True
ZNF14,viperturb_10.npz,44,44,1,1,False,True
ZNF141,viperturb_10.npz,64,64,1,1,False,True
ZNF146,viperturb_10.npz,30,30,1,1,False,True
ZNF148,viperturb_10.npz,48,48,1,1,False,True
ZNF165,viperturb_10.npz,53,53,1,1,False,True
ZNF175,viperturb_10.npz,55,55,1,1,False,True
ZNF18,viperturb_10.npz,61,61,1,1,False,True
ZNF181,viperturb_10.npz,51,51,1,1,False,True
ZNF182,viperturb_10.npz,56,56,1,1,False,True
ZNF189,viperturb_10.npz,47,47,1,1,False,True
ZNF195,viperturb_10.npz,76,76,1,1,False,True
ZNF2,viperturb_10.npz,91,91,1,1,False,True
ZNF20,viperturb_10.npz,73,73,1,1,False,True
ZNF200,viperturb_10.npz,40,40,1,1,False,True
ZNF202,viperturb_10.npz,60,60,1,1,False,True
ZNF205,viperturb_10.npz,65,65,1,1,False,True
ZNF207,,0,5,1,0,False,True
ZNF215,viperturb_10.npz,40,40,1,1,False,True
ZNF22,viperturb_10.npz,91,91,1,1,True,True
ZNF221,viperturb_10.npz,67,67,1,1,False,True
ZNF224,viperturb_10.npz,44,44,1,1,False,True
ZNF225,viperturb_10.npz,38,38,1,1,False,True
ZNF227,viperturb_10.npz,49,49,1,1,False,True
ZNF229,viperturb_10.npz,41,41,1,1,False,True
ZNF230,viperturb_10.npz,35,35,1,1,False,True
ZNF236,viperturb_10.npz,54,54,1,1,False,True
ZNF248,viperturb_10.npz,45,45,1,1,False,True
ZNF266,viperturb_10.npz,31,31,1,1,False,True
ZNF267,viperturb_10.npz,55,55,1,1,False,True
ZNF280A,viperturb_10.npz,60,60,1,1,False,True
ZNF280C,viperturb_10.npz,42,42,1,1,True,True
ZNF287,viperturb_10.npz,50,50,1,1,False,True
ZNF304,viperturb_10.npz,37,37,1,1,False,True
ZNF317,viperturb_10.npz,100,100,1,1,False,True
ZNF319,viperturb_10.npz,59,59,1,1,False,True
ZNF320,viperturb_10.npz,25,25,1,1,False,True
ZNF326,viperturb_10.npz,73,73,1,1,False,True
ZNF334,viperturb_10.npz,83,83,1,1,False,True
ZNF341,viperturb_10.npz,82,82,1,1,False,True
ZNF35,viperturb_10.npz,52,52,1,1,False,True
ZNF354B,viperturb_10.npz,46,46,1,1,False,True
ZNF354C,viperturb_10.npz,59,59,1,1,False,True
ZNF385B,viperturb_10.npz,20,20,1,1,False,True
ZNF394,viperturb_10.npz,32,32,1,1,False,True
ZNF407,viperturb_10.npz,27,27,1,1,False,True
ZNF408,viperturb_10.npz,67,67,1,1,False,True
ZNF416,viperturb_10.npz,46,46,1,1,False,True
ZNF419,viperturb_10.npz,75,75,1,1,False,True
ZNF43,viperturb_10.npz,49,49,1,1,False,True
ZNF441,viperturb_10.npz,30,30,1,1,False,True
ZNF446,viperturb_11.npz,25,25,1,1,False,True
ZNF451,viperturb_11.npz,48,48,1,1,False,True
ZNF470,viperturb_11.npz,50,50,1,1,False,True
ZNF483,viperturb_11.npz,23,23,1,1,False,True
ZNF491,viperturb_11.npz,40,40,1,1,False,True
ZNF492,viperturb_11.npz,46,46,1,1,False,True
ZNF496,viperturb_11.npz,85,85,1,1,True,True
ZNF497,viperturb_11.npz,41,41,1,1,False,True
ZNF501,viperturb_11.npz,50,50,1,1,False,True
ZNF502,viperturb_11.npz,56,56,1,1,False,True
ZNF510,viperturb_11.npz,20,20,1,1,False,True
ZNF513,viperturb_11.npz,63,63,1,1,False,True
ZNF518A,viperturb_11.npz,50,50,1,1,False,True
ZNF524,viperturb_11.npz,48,48,1,1,False,True
ZNF526,viperturb_11.npz,40,40,1,1,True,True
ZNF527,viperturb_11.npz,28,28,1,1,False,True
ZNF532,viperturb_11.npz,22,22,1,1,False,True
ZNF543,viperturb_11.npz,43,43,1,1,True,True
ZNF548,viperturb_11.npz,56,56,1,1,False,True
ZNF550,viperturb_11.npz,56,56,1,1,False,True
ZNF551,viperturb_11.npz,56,56,1,1,False,True
ZNF554,viperturb_11.npz,76,76,1,1,False,True
ZNF560,viperturb_11.npz,91,91,1,1,False,True
ZNF561,viperturb_11.npz,20,20,1,1,False,True
ZNF565,viperturb_11.npz,101,101,1,1,False,True
ZNF569,viperturb_11.npz,56,56,1,1,False,True
ZNF57,viperturb_11.npz,50,50,1,1,False,True
ZNF572,viperturb_11.npz,41,41,1,1,False,True
ZNF574,viperturb_11.npz,24,24,1,1,False,True
ZNF579,viperturb_11.npz,55,55,1,1,False,True
ZNF580,viperturb_11.npz,37,37,1,1,False,True
ZNF595,viperturb_11.npz,44,44,1,1,False,True
ZNF598,viperturb_11.npz,37,37,1,1,False,True
ZNF599,viperturb_11.npz,55,55,1,1,False,True
ZNF600,viperturb_11.npz,101,101,1,1,False,True
ZNF606,viperturb_11.npz,61,61,1,1,False,True
ZNF609,viperturb_11.npz,44,44,1,1,False,True
ZNF613,viperturb_11.npz,65,65,1,1,False,True
ZNF614,viperturb_11.npz,19,19,1,1,False,True
ZNF618,viperturb_11.npz,39,39,1,1,False,True
ZNF619,viperturb_11.npz,52,52,1,1,False,True
ZNF622,viperturb_11.npz,47,47,1,1,False,True
ZNF623,viperturb_11.npz,23,23,1,1,False,True
ZNF624,viperturb_11.npz,89,89,1,1,False,True
ZNF625,viperturb_11.npz,42,42,1,1,False,True
ZNF628,viperturb_11.npz,53,53,1,1,True,True
ZNF638,viperturb_11.npz,56,56,1,1,False,True
ZNF639,viperturb_11.npz,52,52,1,1,False,True
ZNF644,viperturb_11.npz,117,117,1,1,False,True
ZNF652,viperturb_11.npz,85,85,1,1,False,True
ZNF668,viperturb_11.npz,48,48,1,1,False,True
ZNF687,viperturb_11.npz,52,52,1,1,False,True
ZNF696,viperturb_11.npz,35,35,1,1,False,True
ZNF697,viperturb_11.npz,52,52,1,1,False,True
ZNF699,viperturb_11.npz,48,48,1,1,False,True
ZNF7,viperturb_11.npz,70,70,1,1,False,True
ZNF701,viperturb_11.npz,74,74,1,1,False,True
ZNF705G,viperturb_11.npz,80,80,1,1,False,True
ZNF706,viperturb_11.npz,70,70,1,1,False,True
ZNF707,viperturb_11.npz,81,81,1,1,False,True
ZNF709,viperturb_11.npz,81,81,1,1,False,True
ZNF71,viperturb_11.npz,41,41,1,1,False,True
ZNF710,viperturb_11.npz,70,70,1,1,False,True
ZNF717,viperturb_11.npz,80,80,1,1,False,True
ZNF720,viperturb_11.npz,21,21,1,1,False,True
ZNF726,viperturb_11.npz,34,34,1,1,False,True
ZNF735,viperturb_11.npz,33,33,1,1,False,True
ZNF74,viperturb_11.npz,42,42,1,1,False,True
ZNF740,viperturb_11.npz,51,51,1,1,True,True
ZNF750,viperturb_11.npz,68,68,1,1,False,True
ZNF768,viperturb_11.npz,33,33,1,1,True,True
ZNF770,viperturb_11.npz,39,39,1,1,False,True
ZNF771,viperturb_11.npz,44,44,1,1,False,True
ZNF772,viperturb_11.npz,30,30,1,1,False,True
ZNF773,viperturb_11.npz,92,92,1,1,False,True
ZNF776,viperturb_11.npz,50,50,1,1,False,True
ZNF778,viperturb_11.npz,79,79,1,1,False,True
ZNF780A,viperturb_11.npz,26,26,1,1,False,True
ZNF786,viperturb_11.npz,22,22,1,1,True,True
ZNF787,viperturb_11.npz,66,66,1,1,False,True
ZNF789,viperturb_11.npz,55,55,1,1,False,True
ZNF8,viperturb_11.npz,42,42,1,1,False,True
ZNF808,viperturb_11.npz,77,77,1,1,False,True
ZNF81,viperturb_11.npz,54,54,1,1,False,True
ZNF814,viperturb_11.npz,51,51,1,1,False,True
ZNF837,viperturb_11.npz,40,40,1,1,False,True
ZNF839,viperturb_11.npz,62,62,1,1,False,True
ZNF84,viperturb_11.npz,69,69,1,1,False,True
ZNF843,viperturb_11.npz,39,39,1,1,False,True
ZNF844,viperturb_11.npz,35,35,1,1,False,True
ZNF85,viperturb_11.npz,89,89,1,1,False,True
ZNF850,viperturb_11.npz,82,82,1,1,False,True
ZNF865,viperturb_11.npz,40,40,1,1,False,False
ZNF879,viperturb_11.npz,38,38,1,1,False,True
ZNF880,viperturb_11.npz,28,28,1,1,False,True
ZNF91,viperturb_11.npz,72,72,1,1,False,True
ZNF92,viperturb_11.npz,33,33,1,1,False,True
ZNHIT1,viperturb_11.npz,61,61,1,1,False,True
ZNHIT3,viperturb_11.npz,25,25,1,1,False,False
ZNHIT6,viperturb_11.npz,21,21,1,1,False,True
ZNRD1,viperturb_11.npz,18,18,1,1,False,True
ZNRF1,viperturb_11.npz,36,36,1,1,False,True
ZNRF3,viperturb_11.npz,15,15,1,1,False,True
ZPBP,viperturb_11.npz,62,62,1,1,False,True
ZPLD1,viperturb_11.npz,33,33,1,1,False,True
ZPR1,viperturb_11.npz,38,38,1,1,False,True
ZRANB2,viperturb_11.npz,28,28,1,1,False,True
ZRSR2,viperturb_11.npz,10,10,1,1,False,True
ZSCAN1,viperturb_11.npz,50,50,1,1,False,True
ZSCAN12,viperturb_11.npz,35,35,1,1,False,True
ZSCAN16,viperturb_11.npz,52,52,1,1,False,True
ZSCAN21,viperturb_11.npz,14,14,1,1,False,True
ZSCAN23,viperturb_11.npz,23,23,1,1,False,True
ZSCAN25,viperturb_11.npz,65,65,1,1,False,True
ZSCAN29,viperturb_11.npz,23,23,1,1,False,True
ZSCAN9,viperturb_11.npz,47,47,1,1,False,True
ZSWIM7,viperturb_11.npz,50,50,1,1,False,True
ZW10,viperturb_11.npz,33,33,1,1,False,True
ZWILCH,viperturb_11.npz,98,98,1,1,False,True
ZWINT,viperturb_11.npz,67,67,1,1,False,True
ZXDB,viperturb_11.npz,91,91,1,1,False,True
ZYG11A,viperturb_11.npz,64,64,1,1,False,True
ZYG11B,viperturb_11.npz,70,70,1,1,False,True
ZZZ3,viperturb_11.npz,14,14,1,1,False,False
