held_out,shape,target,pds_gen_base,pds_gen_cis,has_neighbour_5kb
k562,t16,ACLY,0.9958847736625513,0.9958847736625513,True
k562,t16,ADNP,0.9646090534979425,0.9646090534979425,False
k562,t16,AGO1,0.46748971193415634,0.46748971193415634,False
k562,t16,AKAP1,0.880246913580247,0.880246913580247,False
k562,t16,AKIRIN1,0.8185185185185184,0.8185185185185184,False
k562,t16,AKT2,0.6423868312757202,0.6423868312757202,False
k562,t16,ALG12,0.7094650205761316,0.7555555555555556,True
k562,t16,ANKRD52,0.645679012345679,0.645679012345679,False
k562,t16,ANKZF1,0.9395061728395062,0.9707818930041152,True
k562,t16,ANP32B,0.9897119341563787,0.9897119341563787,False
k562,t16,AP2A2,0.8942386831275722,0.8942386831275722,False
k562,t16,API5,0.9962962962962961,0.9962962962962961,False
k562,t16,ARL14EP,0.9720164609053499,0.9720164609053499,False
k562,t16,ASCC2,0.623045267489712,0.623045267489712,False
k562,t16,BCKDK,0.6625514403292182,0.6625514403292182,False
k562,t16,BCL6,0.7226337448559671,0.7226337448559671,False
k562,t16,BCL7C,0.8234567901234568,0.8234567901234568,True
k562,t16,BRD1,0.9790123456790124,0.9790123456790124,False
k562,t16,BRPF1,1.0,1.0,False
k562,t16,CAND1,0.8744855967078191,0.8744855967078191,False
k562,t16,CARM1,1.0,1.0,False
k562,t16,CAT,0.7000000000000001,0.7000000000000001,False
k562,t16,CCDC112,0.8444444444444446,0.8444444444444446,False
k562,t16,CDK8,0.9176954732510288,0.9176954732510288,False
k562,t16,CHD3,0.6790123456790124,0.740329218106996,True
k562,t16,CHD6,0.8761316872427982,0.8761316872427982,False
k562,t16,CHKB,0.9279835390946501,0.9279835390946501,True
k562,t16,CLCN6,0.7979423868312758,0.8041152263374486,True
k562,t16,COIL,0.9979423868312757,0.9979423868312757,False
k562,t16,COMMD8,0.5279835390946501,0.5279835390946501,False
k562,t16,COQ10B,0.9329218106995886,0.9329218106995886,False
k562,t16,CSNK2A1,0.9979423868312757,0.9979423868312757,False
k562,t16,CYTH2,0.5962962962962962,0.5962962962962962,False
k562,t16,DBF4B,0.3930041152263375,0.3930041152263375,False
k562,t16,DBN1,0.7609053497942386,0.7609053497942386,False
k562,t16,DCAF16,0.5333333333333333,0.791358024691358,True
k562,t16,DCP2,0.9975308641975309,0.9975308641975309,False
k562,t16,DDHD1,0.960082304526749,0.960082304526749,False
k562,t16,DEAF1,0.06954732510288066,0.06954732510288066,False
k562,t16,DEK,0.9135802469135802,0.9135802469135802,False
k562,t16,DHRS1,0.6510288065843622,0.6839506172839507,True
k562,t16,DHX35,0.9860082304526748,0.9860082304526748,False
k562,t16,DLAT,0.8197530864197531,0.8197530864197531,False
k562,t16,DMTF1,0.5111111111111111,0.5111111111111111,False
k562,t16,DNTTIP1,1.0,1.0,True
k562,t16,DRG2,0.6436213991769547,0.6436213991769547,False
k562,t16,DTNBP1,0.6069958847736626,0.6069958847736626,False
k562,t16,DVL3,0.1234567901234568,0.1234567901234568,False
k562,t16,E2F1,0.9991769547325104,0.9991769547325104,False
k562,t16,E2F4,0.6592592592592593,0.6592592592592593,True
k562,t16,EAPP,0.9938271604938271,0.9938271604938271,False
k562,t16,EEF1A2,0.7950617283950616,0.7950617283950616,False
k562,t16,ELK1,0.9876543209876544,0.9876543209876544,False
k562,t16,EPC2,1.0,1.0,False
k562,t16,EPM2AIP1,0.9613168724279836,0.9962962962962963,True
k562,t16,EZH2,0.9868312757201646,0.9868312757201646,False
k562,t16,FAM120A,0.876954732510288,0.9193415637860082,True
k562,t16,FCGRT,0.8032921810699588,0.8032921810699588,False
k562,t16,FHL3,0.5481481481481482,0.5555555555555556,True
k562,t16,FOXN2,1.0,1.0,False
k562,t16,FOXO4,0.9753086419753088,0.9753086419753088,False
k562,t16,FUBP3,0.9938271604938271,0.9938271604938271,False
k562,t16,FXYD5,0.797119341563786,0.797119341563786,False
k562,t16,FZD2,0.43209876543209874,0.43209876543209874,False
k562,t16,GIGYF2,1.0,1.0,False
k562,t16,GLI3,0.9962962962962963,0.9962962962962963,False
k562,t16,GLYR1,0.29876543209876544,0.31563786008230454,True
k562,t16,GMEB2,0.9983539094650205,0.9983539094650205,False
k562,t16,GPATCH8,0.9979423868312757,0.9979423868312757,False
k562,t16,GRAMD1A,0.6485596707818929,0.6485596707818929,False
k562,t16,GTF2IRD1,0.8395061728395062,0.8395061728395062,False
k562,t16,HDAC1,0.874074074074074,0.874074074074074,False
k562,t16,HDAC8,0.6761316872427983,0.6761316872427983,False
k562,t16,HMGN3,0.534156378600823,0.534156378600823,False
k562,t16,HMGN4,0.7353909465020577,0.7353909465020577,False
k562,t16,HMGXB3,1.0,1.0,True
k562,t16,HOMEZ,0.2094650205761317,0.21111111111111105,True
k562,t16,HSBP1,0.7176954732510289,0.7176954732510289,False
k562,t16,HSP90AB1,0.9551440329218107,0.9551440329218107,False
k562,t16,IFI27L2,0.7300411522633746,0.7300411522633746,False
k562,t16,IFNAR2,0.8230452674897121,0.8230452674897121,False
k562,t16,IFNGR2,0.9403292181069958,0.9403292181069958,False
k562,t16,IL10RB,0.9152263374485595,0.9152263374485595,False
k562,t16,IREB2,0.5460905349794238,0.5460905349794238,False
k562,t16,KDM5A,0.9995884773662552,0.9995884773662552,True
k562,t16,KHDRBS1,0.9374485596707819,0.9374485596707819,False
k562,t16,KHSRP,0.9995884773662552,0.9995884773662552,False
k562,t16,KIF2A,0.519753086419753,0.519753086419753,False
k562,t16,KMT2A,0.9020576131687243,0.9020576131687243,False
k562,t16,LDLR,0.8061728395061727,0.8061728395061727,False
k562,t16,LENG1,0.8641975308641975,0.8641975308641975,False
k562,t16,LMAN1,0.7728395061728395,0.7728395061728395,False
k562,t16,LMBRD2,0.5613168724279834,0.6436213991769547,True
k562,t16,LPCAT3,0.8485596707818931,0.8485596707818931,False
k562,t16,MAN2A1,0.18065843621399175,0.18065843621399175,False
k562,t16,MAP2K2,0.254320987654321,0.254320987654321,False
k562,t16,MAPK12,0.4897119341563786,0.4897119341563786,False
k562,t16,MARCKSL1,0.5069958847736626,0.5069958847736626,False
k562,t16,MBD4,0.16502057613168725,0.16502057613168725,False
k562,t16,MED13,0.994238683127572,0.994238683127572,False
k562,t16,MED15,0.8794238683127572,0.8946502057613169,True
k562,t16,MED25,0.993827160493827,0.993827160493827,True
k562,t16,MLLT10,0.7777777777777779,0.7777777777777779,True
k562,t16,MSANTD4,0.9946502057613168,0.9946502057613168,False
k562,t16,MSI2,0.8041152263374484,0.8041152263374484,False
k562,t16,MTA1,0.9962962962962963,0.9962962962962963,False
k562,t16,MTF1,0.9975308641975309,0.9975308641975309,False
k562,t16,MTHFSD,0.8366255144032921,0.8366255144032921,False
k562,t16,MTM1,0.7588477366255144,0.7588477366255144,False
k562,t16,MYD88,0.7037037037037037,0.7888888888888888,True
k562,t16,MYPOP,0.7213991769547324,0.7213991769547324,False
k562,t16,MYRF,0.9090534979423869,0.9090534979423869,False
k562,t16,NABP2,1.0,1.0,True
k562,t16,NAIF1,1.0,1.0,True
k562,t16,NCLN,0.7732510288065844,0.7732510288065844,False
k562,t16,NFE2L1,0.13744855967078184,0.13744855967078184,False
k562,t16,NGLY1,0.9893004115226339,0.9893004115226339,False
k562,t16,NIPAL3,0.6308641975308642,0.6308641975308642,True
k562,t16,NIPSNAP3A,0.5098765432098765,0.5098765432098765,False
k562,t16,NT5DC1,0.4271604938271604,0.4271604938271604,False
k562,t16,NUP37,0.8201646090534979,0.8510288065843622,True
k562,t16,PAN2,0.9995884773662552,0.9995884773662552,True
k562,t16,PAPOLA,0.9995884773662552,0.9995884773662552,False
k562,t16,PATL1,0.8296296296296296,0.8296296296296296,False
k562,t16,PCGF1,1.0,1.0,False
k562,t16,PCGF6,0.9934156378600822,0.9934156378600822,False
k562,t16,PDCD4,0.40411522633744856,0.40411522633744856,False
k562,t16,PDE6D,0.783127572016461,0.797119341563786,True
k562,t16,PDK1,0.36419753086419754,0.36419753086419754,False
k562,t16,PGLS,0.24074074074074078,0.24074074074074078,False
k562,t16,PHF19,0.6440329218106995,0.6440329218106995,False
k562,t16,PHF23,1.0,1.0,True
k562,t16,PHF8,0.9995884773662552,0.9995884773662552,False
k562,t16,PI4KB,0.8707818930041151,0.8707818930041151,False
k562,t16,PIM2,0.9703703703703703,0.9703703703703703,False
k562,t16,PIN1,0.23333333333333328,0.23333333333333328,False
k562,t16,PINK1,0.7880658436213993,0.7880658436213993,False
k562,t16,PKN3,0.760082304526749,0.760082304526749,False
k562,t16,PLAGL2,0.8493827160493826,0.8411522633744856,True
k562,t16,PLCG1,0.260082304526749,0.260082304526749,False
k562,t16,PNP,0.6806584362139918,0.6654320987654322,True
k562,t16,POLD4,0.5049382716049382,0.5049382716049382,False
k562,t16,POR,0.8666666666666667,0.8666666666666667,False
k562,t16,PPIF,0.6658436213991771,0.6658436213991771,False
k562,t16,PPIP5K2,0.3189300411522635,0.3189300411522635,True
k562,t16,PQBP1,1.0,1.0,False
k562,t16,PRDX3,0.8954732510288065,0.8954732510288065,False
k562,t16,PRKAB2,0.47078189300411527,0.47078189300411527,False
k562,t16,PRKACA,0.357201646090535,0.357201646090535,False
k562,t16,PRMT2,0.8633744855967078,0.8633744855967078,False
k562,t16,PRMT6,0.9333333333333333,0.9333333333333333,False
k562,t16,PRMT7,0.9687242798353909,0.9728395061728397,True
k562,t16,PRNP,0.965843621399177,0.965843621399177,False
k562,t16,PSKH1,0.5522633744855967,0.5522633744855967,False
k562,t16,PTMS,0.8707818930041152,0.8753086419753088,True
k562,t16,PTOV1,0.5316872427983539,0.5316872427983539,False
k562,t16,PYCR1,0.1646090534979424,0.1646090534979424,True
k562,t16,R3HCC1L,1.0,1.0,False
k562,t16,RAB5A,0.9222222222222223,0.9222222222222223,True
k562,t16,RABEP2,0.7296296296296296,0.7296296296296296,True
k562,t16,RBM18,1.0,1.0,True
k562,t16,RBM26,1.0,1.0,False
k562,t16,RBM4B,0.8637860082304527,0.8637860082304527,False
k562,t16,RBM5,0.9991769547325104,0.9991769547325104,False
k562,t16,RC3H2,0.8670781893004114,0.8670781893004114,False
k562,t16,REV1,0.21646090534979423,0.21646090534979423,False
k562,t16,RFK,0.8720164609053498,0.8720164609053498,False
k562,t16,RNF10,0.9901234567901235,0.9901234567901235,True
k562,t16,RNF141,0.11687242798353908,0.11687242798353908,False
k562,t16,RNF2,0.9576131687242798,0.9576131687242798,False
k562,t16,RSRC1,0.9794238683127572,0.9794238683127572,True
k562,t16,S100A11,0.7090534979423867,0.7090534979423867,False
k562,t16,SAP30L,0.23456790123456792,0.23456790123456792,False
k562,t16,SCAF8,1.0,1.0,False
k562,t16,SFXN4,0.2563786008230452,0.2563786008230452,False
k562,t16,SH2D3A,0.1259259259259259,0.12510288065843625,True
k562,t16,SHPRH,0.8695473251028808,0.8695473251028808,False
k562,t16,SIN3B,1.0,1.0,False
k562,t16,SLC25A13,0.5353909465020575,0.5353909465020575,False
k562,t16,SLC39A1,0.4213991769547325,0.4213991769547325,True
k562,t16,SLIRP,0.9748971193415638,0.9748971193415638,True
k562,t16,SMARCA5,1.0,1.0,False
k562,t16,SMARCC2,0.10041152263374485,0.10041152263374485,False
k562,t16,SMYD2,0.8102880658436215,0.8102880658436215,False
k562,t16,SND1,0.9921810699588478,0.9921810699588478,False
k562,t16,SNRK,0.7403292181069958,0.7403292181069958,False
k562,t16,SNX4,0.251440329218107,0.251440329218107,False
k562,t16,SRSF5,0.9526748971193416,0.9526748971193416,False
k562,t16,SSR4,0.6477366255144033,0.7300411522633744,True
k562,t16,STAT6,0.4222222222222223,0.4218106995884774,True
k562,t16,STK3,0.8609053497942387,0.8609053497942387,True
k562,t16,STT3A,0.6530864197530865,0.6539094650205761,True
k562,t16,SUPT7L,0.9938271604938271,0.9942386831275721,True
k562,t16,SYVN1,1.0,1.0,False
k562,t16,TAF15,0.6164609053497943,0.6164609053497943,False
k562,t16,TARBP2,0.6983539094650205,0.6983539094650205,True
k562,t16,TBC1D13,0.6732510288065845,0.6732510288065845,False
k562,t16,TBCK,0.991769547325103,0.9995884773662552,True
k562,t16,TEAD4,0.9082304526748971,0.9082304526748971,False
k562,t16,TEX2,0.9526748971193416,0.9526748971193416,False
k562,t16,TFCP2,0.6872427983539096,0.6872427983539096,False
k562,t16,THAP3,0.8176954732510286,0.8176954732510286,False
k562,t16,THAP7,0.9777777777777779,0.9777777777777779,False
k562,t16,TIMM17B,0.9962962962962963,0.9962962962962963,False
k562,t16,TIMM50,0.2876543209876543,0.2876543209876543,False
k562,t16,TMCO6,0.8617283950617282,0.8617283950617282,False
k562,t16,TMED3,0.5065843621399178,0.5065843621399178,False
k562,t16,TMEM147,0.9493827160493827,0.9493827160493827,False
k562,t16,TMEM186,0.6279835390946502,0.6279835390946502,False
k562,t16,TMEM209,0.8633744855967077,0.8633744855967077,True
k562,t16,TMEM41B,0.4699588477366255,0.4699588477366255,False
k562,t16,TMF1,0.16296296296296298,0.16296296296296298,False
k562,t16,TRAPPC6A,0.786008230452675,0.786008230452675,False
k562,t16,TRIB3,0.9979423868312757,0.9979423868312757,False
k562,t16,TRIM35,0.18477366255144034,0.18559670781893006,True
k562,t16,TRIP4,0.5543209876543211,0.805761316872428,True
k562,t16,TRMT1,0.36707818930041153,0.41646090534979424,True
k562,t16,TRPC4AP,0.8510288065843622,0.8510288065843622,False
k562,t16,TWF2,0.9683127572016461,0.9683127572016461,True
k562,t16,UNK,0.239917695473251,0.24938271604938272,True
k562,t16,UPF3B,1.0,1.0,False
k562,t16,UROS,0.528395061728395,0.6728395061728395,True
k562,t16,USP28,0.4679012345679012,0.4679012345679012,False
k562,t16,VAPB,0.6580246913580248,0.6580246913580248,False
k562,t16,VIM,0.8864197530864198,0.8864197530864198,False
k562,t16,WBP4,0.9983539094650205,0.9987654320987654,True
k562,t16,YIPF6,0.4024691358024692,0.4024691358024692,False
k562,t16,ZBTB34,0.3156378600823045,0.3156378600823045,False
k562,t16,ZBTB41,0.2641975308641975,0.2641975308641975,False
k562,t16,ZBTB48,0.8806584362139918,0.8806584362139918,False
k562,t16,ZC3HAV1,0.8419753086419752,0.8419753086419752,True
k562,t16,ZDHHC12,0.9473251028806585,0.9473251028806585,False
k562,t16,ZDHHC4,0.9246913580246913,0.9246913580246913,False
k562,t16,ZFP62,0.91440329218107,0.91440329218107,False
k562,t16,ZHX3,0.9427983539094651,0.9427983539094651,False
k562,t16,ZKSCAN1,0.9415637860082303,0.9415637860082303,False
k562,t16,ZKSCAN2,0.8403292181069959,0.8403292181069959,False
k562,t16,ZKSCAN3,0.5448559670781893,0.5448559670781893,False
k562,t16,ZNF16,0.4872427983539096,0.4872427983539096,False
k562,t16,ZNF174,0.597119341563786,0.597119341563786,True
k562,t16,ZNF219,0.4979423868312757,0.4979423868312757,False
k562,t16,ZNF22,0.9534979423868314,0.9534979423868314,False
k562,t16,ZNF25,0.2897119341563785,0.2897119341563785,False
k562,t16,ZNF251,0.559670781893004,0.559670781893004,False
k562,t16,ZNF280C,0.5695473251028808,0.5695473251028808,False
k562,t16,ZNF282,0.49876543209876545,0.49876543209876545,False
k562,t16,ZNF32,0.35102880658436214,0.35102880658436214,False
k562,t16,ZNF324,0.29753086419753083,0.29753086419753083,False
k562,t16,ZNF397,0.9008230452674897,0.9008230452674897,False
k562,t16,ZNF410,0.5917695473251029,0.5917695473251029,False
k562,t16,ZNF444,0.9032921810699589,0.9032921810699589,False
k562,t16,ZNF462,0.990946502057613,0.990946502057613,False
k562,t16,ZNF496,0.620164609053498,0.620164609053498,True
k562,t16,ZNF507,1.0,1.0,False
k562,t16,ZNF514,0.986008230452675,0.986008230452675,True
k562,t16,ZNF526,0.8382716049382716,0.8353909465020576,True
k562,t16,ZNF530,0.4320987654320988,0.4320987654320988,False
k562,t16,ZNF543,0.8366255144032921,0.8366255144032921,False
k562,t16,ZNF627,0.7102880658436215,0.6868312757201646,True
k562,t16,ZNF628,0.8979423868312758,0.8979423868312758,False
k562,t16,ZNF641,0.7049382716049383,0.7049382716049383,False
k562,t16,ZNF670,0.2362139917695473,0.2362139917695473,False
k562,t16,ZNF714,0.9518518518518518,0.9518518518518518,False
k562,t16,ZNF740,0.9761316872427983,0.9761316872427983,True
k562,t16,ZNF768,0.43827160493827155,0.43827160493827155,False
k562,t16,ZNF777,0.8925925925925928,0.8925925925925928,False
k562,t16,ZNF783,0.4016460905349795,0.4016460905349795,False
k562,t16,ZNF784,0.6333333333333333,0.6127572016460905,True
k562,t16,ZNF786,0.21604938271604937,0.21604938271604937,False
k562,t16,ZNF821,0.4148148148148148,0.4148148148148148,False
k562,t16,ZRANB3,0.6954732510288067,0.7629629629629631,True
k562,t19,ACLY,0.9958847736625513,0.9958847736625513,True
k562,t19,ADNP,0.9917695473251028,0.9917695473251028,False
k562,t19,AGO1,0.6337448559670782,0.6337448559670782,False
k562,t19,AKAP1,0.8683127572016462,0.8683127572016462,False
k562,t19,AKIRIN1,0.8580246913580247,0.8580246913580247,False
k562,t19,AKT2,0.8720164609053498,0.8720164609053498,False
k562,t19,ALG12,0.77119341563786,0.7967078189300412,True
k562,t19,ANKRD52,0.8695473251028806,0.8695473251028806,False
k562,t19,ANKZF1,0.9300411522633745,0.9485596707818931,True
k562,t19,ANP32B,0.9893004115226337,0.9893004115226337,False
k562,t19,AP2A2,0.8436213991769548,0.8436213991769548,False
k562,t19,API5,0.9958847736625513,0.9958847736625513,False
k562,t19,ARL14EP,0.9958847736625516,0.9958847736625516,False
k562,t19,ASCC2,0.7345679012345678,0.7345679012345678,False
k562,t19,BCKDK,0.7300411522633744,0.7300411522633744,False
k562,t19,BCL6,0.6637860082304526,0.6637860082304526,False
k562,t19,BCL7C,0.7489711934156379,0.7489711934156379,True
k562,t19,BRD1,0.9345679012345679,0.9345679012345679,False
k562,t19,BRPF1,1.0,1.0,False
k562,t19,CAND1,0.9707818930041151,0.9707818930041151,False
k562,t19,CARM1,1.0,1.0,False
k562,t19,CAT,0.7481481481481481,0.7481481481481481,False
k562,t19,CCDC112,0.8592592592592593,0.8592592592592593,False
k562,t19,CDK8,0.920164609053498,0.920164609053498,False
k562,t19,CHD3,0.7473251028806585,0.8074074074074075,True
k562,t19,CHD6,0.7613168724279836,0.7613168724279836,False
k562,t19,CHKB,0.8987654320987654,0.8987654320987654,True
k562,t19,CLCN6,0.6917695473251029,0.7004115226337448,True
k562,t19,COIL,0.9979423868312757,0.9979423868312757,False
k562,t19,COMMD8,0.4246913580246914,0.4246913580246914,False
k562,t19,COQ10B,0.9283950617283951,0.9283950617283951,False
k562,t19,CSNK2A1,0.9983539094650207,0.9983539094650207,False
k562,t19,CYTH2,0.6506172839506172,0.6506172839506172,False
k562,t19,DBF4B,0.46255144032921813,0.46255144032921813,False
k562,t19,DBN1,0.8748971193415637,0.8748971193415637,False
k562,t19,DCAF16,0.7395061728395063,0.8872427983539094,True
k562,t19,DCP2,0.9975308641975309,0.9975308641975309,False
k562,t19,DDHD1,0.9925925925925926,0.9925925925925926,False
k562,t19,DEAF1,0.13950617283950617,0.13950617283950617,False
k562,t19,DEK,0.9094650205761317,0.9094650205761317,False
k562,t19,DHRS1,0.6991769547325104,0.7168724279835392,True
k562,t19,DHX35,0.9798353909465022,0.9798353909465022,False
k562,t19,DLAT,0.8386831275720166,0.8386831275720166,False
k562,t19,DMTF1,0.7325102880658436,0.7325102880658436,False
k562,t19,DNTTIP1,1.0,1.0,True
k562,t19,DRG2,0.7123456790123456,0.7123456790123456,False
k562,t19,DTNBP1,0.6609053497942387,0.6609053497942387,False
k562,t19,DVL3,0.12921810699588476,0.12921810699588476,False
k562,t19,E2F1,0.9983539094650205,0.9983539094650205,False
k562,t19,E2F4,0.7633744855967078,0.7633744855967078,True
k562,t19,EAPP,0.9938271604938271,0.9938271604938271,False
k562,t19,EEF1A2,0.8983539094650204,0.8983539094650204,False
k562,t19,ELK1,0.9921810699588478,0.9921810699588478,False
k562,t19,EPC2,1.0,1.0,False
k562,t19,EPM2AIP1,0.9032921810699589,0.9679012345679013,True
k562,t19,EZH2,0.979835390946502,0.979835390946502,False
k562,t19,FAM120A,0.9814814814814815,0.9880658436213992,True
k562,t19,FCGRT,0.9637860082304527,0.9637860082304527,False
k562,t19,FHL3,0.82880658436214,0.8329218106995886,True
k562,t19,FOXN2,1.0,1.0,False
k562,t19,FOXO4,0.9979423868312757,0.9979423868312757,False
k562,t19,FUBP3,0.9950617283950618,0.9950617283950618,False
k562,t19,FXYD5,0.7024691358024692,0.7024691358024692,False
k562,t19,FZD2,0.3802469135802469,0.3802469135802469,False
k562,t19,GIGYF2,1.0,1.0,False
k562,t19,GLI3,0.9991769547325104,0.9991769547325104,False
k562,t19,GLYR1,0.1946502057613169,0.20123456790123456,True
k562,t19,GMEB2,0.9995884773662552,0.9995884773662552,False
k562,t19,GPATCH8,1.0,1.0,False
k562,t19,GRAMD1A,0.6810699588477366,0.6810699588477366,False
k562,t19,GTF2IRD1,0.9069958847736626,0.9069958847736626,False
k562,t19,HDAC1,0.8341563786008231,0.8341563786008231,False
k562,t19,HDAC8,0.45185185185185184,0.45185185185185184,False
k562,t19,HMGN3,0.6625514403292181,0.6625514403292181,False
k562,t19,HMGN4,0.6152263374485597,0.6152263374485597,False
k562,t19,HMGXB3,1.0,1.0,True
k562,t19,HOMEZ,0.12592592592592594,0.1267489711934156,True
k562,t19,HSBP1,0.8395061728395061,0.8395061728395061,False
k562,t19,HSP90AB1,0.9526748971193416,0.9526748971193416,False
k562,t19,IFI27L2,0.7329218106995885,0.7329218106995885,False
k562,t19,IFNAR2,0.877366255144033,0.877366255144033,False
k562,t19,IFNGR2,0.9699588477366254,0.9699588477366254,False
k562,t19,IL10RB,0.8720164609053498,0.8720164609053498,False
k562,t19,IREB2,0.6748971193415637,0.6748971193415637,False
k562,t19,KDM5A,0.9987654320987654,0.9987654320987654,True
k562,t19,KHDRBS1,0.8658436213991769,0.8658436213991769,False
k562,t19,KHSRP,0.9971193415637861,0.9971193415637861,False
k562,t19,KIF2A,0.6370370370370371,0.6370370370370371,False
k562,t19,KMT2A,0.8930041152263376,0.8930041152263376,False
k562,t19,LDLR,0.9555555555555557,0.9555555555555557,False
k562,t19,LENG1,0.7967078189300412,0.7967078189300412,False
k562,t19,LMAN1,0.8082304526748971,0.8082304526748971,False
k562,t19,LMBRD2,0.6925925925925926,0.7411522633744856,True
k562,t19,LPCAT3,0.8777777777777778,0.8777777777777778,False
k562,t19,MAN2A1,0.13950617283950617,0.13950617283950617,False
k562,t19,MAP2K2,0.3251028806584362,0.3251028806584362,False
k562,t19,MAPK12,0.4251028806584362,0.4251028806584362,False
k562,t19,MARCKSL1,0.3876543209876544,0.3876543209876544,False
k562,t19,MBD4,0.1748971193415638,0.1748971193415638,False
k562,t19,MED13,0.9958847736625513,0.9958847736625513,False
k562,t19,MED15,0.8436213991769548,0.8592592592592593,True
k562,t19,MED25,0.9954732510288066,0.9962962962962963,True
k562,t19,MLLT10,0.7925925925925926,0.7925925925925926,True
k562,t19,MSANTD4,1.0,1.0,False
k562,t19,MSI2,0.6711934156378601,0.6711934156378601,False
k562,t19,MTA1,1.0,1.0,False
k562,t19,MTF1,1.0,1.0,False
k562,t19,MTHFSD,0.8152263374485597,0.8152263374485597,False
k562,t19,MTM1,0.7641975308641975,0.7641975308641975,False
k562,t19,MYD88,0.8407407407407408,0.8847736625514404,True
k562,t19,MYPOP,0.8444444444444444,0.8444444444444444,False
k562,t19,MYRF,0.9053497942386832,0.9053497942386832,False
k562,t19,NABP2,1.0,1.0,True
k562,t19,NAIF1,1.0,1.0,True
k562,t19,NCLN,0.7444444444444445,0.7444444444444445,False
k562,t19,NFE2L1,0.09753086419753086,0.09753086419753086,False
k562,t19,NGLY1,0.9897119341563787,0.9897119341563787,False
k562,t19,NIPAL3,0.608230452674897,0.608230452674897,True
k562,t19,NIPSNAP3A,0.7205761316872428,0.7205761316872428,False
k562,t19,NT5DC1,0.27530864197530863,0.27530864197530863,False
k562,t19,NUP37,0.7864197530864198,0.7958847736625514,True
k562,t19,PAN2,0.9971193415637861,0.9971193415637861,True
k562,t19,PAPOLA,0.9995884773662552,0.9995884773662552,False
k562,t19,PATL1,0.8818930041152263,0.8818930041152263,False
k562,t19,PCGF1,1.0,1.0,False
k562,t19,PCGF6,0.9983539094650205,0.9983539094650205,False
k562,t19,PDCD4,0.43456790123456795,0.43456790123456795,False
k562,t19,PDE6D,0.5740740740740741,0.5975308641975309,True
k562,t19,PDK1,0.38024691358024687,0.38024691358024687,False
k562,t19,PGLS,0.26213991769547323,0.26213991769547323,False
k562,t19,PHF19,0.6283950617283951,0.6283950617283951,False
k562,t19,PHF23,1.0,1.0,True
k562,t19,PHF8,0.9995884773662552,0.9995884773662552,False
k562,t19,PI4KB,0.8386831275720166,0.8386831275720166,False
k562,t19,PIM2,0.9131687242798352,0.9131687242798352,False
k562,t19,PIN1,0.17942386831275725,0.17942386831275725,False
k562,t19,PINK1,0.8855967078189301,0.8855967078189301,False
k562,t19,PKN3,0.7991769547325104,0.7991769547325104,False
k562,t19,PLAGL2,0.8617283950617285,0.8563786008230454,True
k562,t19,PLCG1,0.16707818930041152,0.16707818930041152,False
k562,t19,PNP,0.708641975308642,0.6843621399176955,True
k562,t19,POLD4,0.5662551440329219,0.5662551440329219,False
k562,t19,POR,0.9078189300411523,0.9078189300411523,False
k562,t19,PPIF,0.516872427983539,0.516872427983539,False
k562,t19,PPIP5K2,0.2592592592592592,0.2592592592592592,True
k562,t19,PQBP1,1.0,1.0,False
k562,t19,PRDX3,0.8403292181069958,0.8403292181069958,False
k562,t19,PRKAB2,0.4962962962962963,0.4962962962962963,False
k562,t19,PRKACA,0.4551440329218107,0.4551440329218107,False
k562,t19,PRMT2,0.8646090534979424,0.8646090534979424,False
k562,t19,PRMT6,0.948559670781893,0.948559670781893,False
k562,t19,PRMT7,0.9584362139917696,0.9617283950617284,True
k562,t19,PRNP,0.9847736625514403,0.9847736625514403,False
k562,t19,PSKH1,0.6604938271604938,0.6604938271604938,False
k562,t19,PTMS,0.9720164609053499,0.9728395061728394,True
k562,t19,PTOV1,0.37448559670781895,0.37448559670781895,False
k562,t19,PYCR1,0.22880658436213994,0.22880658436213994,True
k562,t19,R3HCC1L,1.0,1.0,False
k562,t19,RAB5A,0.9230452674897118,0.9230452674897118,True
k562,t19,RABEP2,0.6728395061728395,0.6728395061728395,True
k562,t19,RBM18,1.0,1.0,True
k562,t19,RBM26,1.0,1.0,False
k562,t19,RBM4B,0.8600823045267489,0.8600823045267489,False
k562,t19,RBM5,1.0,1.0,False
k562,t19,RC3H2,0.8440329218106997,0.8440329218106997,False
k562,t19,REV1,0.18312757201646088,0.18312757201646088,False
k562,t19,RFK,0.8370370370370371,0.8370370370370371,False
k562,t19,RNF10,0.9995884773662552,1.0,True
k562,t19,RNF141,0.1477366255144033,0.1477366255144033,False
k562,t19,RNF2,0.9382716049382717,0.9382716049382717,False
k562,t19,RSRC1,0.9851851851851853,0.9851851851851853,True
k562,t19,S100A11,0.6415637860082305,0.6415637860082305,False
k562,t19,SAP30L,0.345679012345679,0.345679012345679,False
k562,t19,SCAF8,1.0,1.0,False
k562,t19,SFXN4,0.3625514403292181,0.3625514403292181,False
k562,t19,SH2D3A,0.2716049382716049,0.27119341563786004,True
k562,t19,SHPRH,0.925514403292181,0.925514403292181,False
k562,t19,SIN3B,1.0,1.0,False
k562,t19,SLC25A13,0.7271604938271605,0.7271604938271605,False
k562,t19,SLC39A1,0.4012345679012346,0.4012345679012346,True
k562,t19,SLIRP,1.0,1.0,True
k562,t19,SMARCA5,1.0,1.0,False
k562,t19,SMARCC2,0.09465020576131687,0.09465020576131687,False
k562,t19,SMYD2,0.7543209876543209,0.7543209876543209,False
k562,t19,SND1,0.9946502057613169,0.9946502057613169,False
k562,t19,SNRK,0.868724279835391,0.868724279835391,False
k562,t19,SNX4,0.15802469135802466,0.15802469135802466,False
k562,t19,SRSF5,0.9477366255144033,0.9477366255144033,False
k562,t19,SSR4,0.8283950617283949,0.8481481481481481,True
k562,t19,STAT6,0.45802469135802476,0.45802469135802476,True
k562,t19,STK3,0.8539094650205762,0.8539094650205762,True
k562,t19,STT3A,0.6839506172839507,0.6864197530864197,True
k562,t19,SUPT7L,0.9897119341563785,0.9901234567901235,True
k562,t19,SYVN1,1.0,1.0,False
k562,t19,TAF15,0.6135802469135803,0.6135802469135803,False
k562,t19,TARBP2,0.4962962962962963,0.4967078189300411,True
k562,t19,TBC1D13,0.8329218106995886,0.8329218106995886,False
k562,t19,TBCK,1.0,1.0,True
k562,t19,TEAD4,0.939917695473251,0.939917695473251,False
k562,t19,TEX2,0.9917695473251028,0.9917695473251028,False
k562,t19,TFCP2,0.8263374485596707,0.8263374485596707,False
k562,t19,THAP3,0.8567901234567903,0.8567901234567903,False
k562,t19,THAP7,0.9925925925925926,0.9925925925925926,False
k562,t19,TIMM17B,0.9962962962962963,0.9962962962962963,False
k562,t19,TIMM50,0.30082304526748965,0.30082304526748965,False
k562,t19,TMCO6,0.8473251028806585,0.8473251028806585,False
k562,t19,TMED3,0.5670781893004117,0.5670781893004117,False
k562,t19,TMEM147,0.9576131687242798,0.9576131687242798,False
k562,t19,TMEM186,0.6275720164609053,0.6275720164609053,False
k562,t19,TMEM209,0.782716049382716,0.782716049382716,True
k562,t19,TMEM41B,0.2518518518518518,0.2518518518518518,False
k562,t19,TMF1,0.1333333333333333,0.1333333333333333,False
k562,t19,TRAPPC6A,0.7934156378600823,0.7934156378600823,False
k562,t19,TRIB3,0.9930041152263374,0.9930041152263374,False
k562,t19,TRIM35,0.21769547325102878,0.21810699588477367,True
k562,t19,TRIP4,0.9164609053497943,0.9864197530864198,True
k562,t19,TRMT1,0.3304526748971194,0.38106995884773665,True
k562,t19,TRPC4AP,0.8938271604938272,0.8938271604938272,False
k562,t19,TWF2,0.9563786008230453,0.9563786008230453,True
k562,t19,UNK,0.31563786008230454,0.3251028806584363,True
k562,t19,UPF3B,1.0,1.0,False
k562,t19,UROS,0.5119341563786008,0.6308641975308643,True
k562,t19,USP28,0.34197530864197534,0.34197530864197534,False
k562,t19,VAPB,0.637860082304527,0.637860082304527,False
k562,t19,VIM,0.8901234567901236,0.8901234567901236,False
k562,t19,WBP4,0.9995884773662552,0.9995884773662552,True
k562,t19,YIPF6,0.3366255144032922,0.3366255144032922,False
k562,t19,ZBTB34,0.3921810699588477,0.3921810699588477,False
k562,t19,ZBTB41,0.3197530864197531,0.3197530864197531,False
k562,t19,ZBTB48,0.9691358024691357,0.9691358024691357,False
k562,t19,ZC3HAV1,0.8185185185185184,0.8176954732510286,True
k562,t19,ZDHHC12,0.9386831275720167,0.9386831275720167,False
k562,t19,ZDHHC4,0.9872427983539096,0.9872427983539096,False
k562,t19,ZFP62,0.9757201646090535,0.9757201646090535,False
k562,t19,ZHX3,0.9810699588477365,0.9810699588477365,False
k562,t19,ZKSCAN1,0.990946502057613,0.990946502057613,False
k562,t19,ZKSCAN2,0.828395061728395,0.828395061728395,False
k562,t19,ZKSCAN3,0.6728395061728395,0.6728395061728395,False
k562,t19,ZNF16,0.5679012345679013,0.5679012345679013,False
k562,t19,ZNF174,0.7213991769547325,0.7213991769547325,True
k562,t19,ZNF219,0.5724279835390947,0.5724279835390947,False
k562,t19,ZNF22,0.9872427983539096,0.9872427983539096,False
k562,t19,ZNF25,0.3045267489711934,0.3045267489711934,False
k562,t19,ZNF251,0.5530864197530865,0.5530864197530865,False
k562,t19,ZNF280C,0.8115226337448561,0.8115226337448561,False
k562,t19,ZNF282,0.5662551440329219,0.5662551440329219,False
k562,t19,ZNF32,0.5004115226337448,0.5004115226337448,False
k562,t19,ZNF324,0.27037037037037037,0.27037037037037037,False
k562,t19,ZNF397,0.905761316872428,0.905761316872428,False
k562,t19,ZNF410,0.6872427983539094,0.6872427983539094,False
k562,t19,ZNF444,0.8987654320987654,0.8987654320987654,False
k562,t19,ZNF462,0.9995884773662552,0.9995884773662552,False
k562,t19,ZNF496,0.46460905349794246,0.46460905349794246,True
k562,t19,ZNF507,1.0,1.0,False
k562,t19,ZNF514,0.986008230452675,0.986008230452675,True
k562,t19,ZNF526,0.9267489711934156,0.9246913580246914,True
k562,t19,ZNF530,0.46131687242798347,0.46131687242798347,False
k562,t19,ZNF543,0.8329218106995886,0.8329218106995886,False
k562,t19,ZNF627,0.7304526748971194,0.7065843621399177,True
k562,t19,ZNF628,0.9119341563786008,0.9119341563786008,False
k562,t19,ZNF641,0.7333333333333333,0.7333333333333333,False
k562,t19,ZNF670,0.23456790123456786,0.23456790123456786,False
k562,t19,ZNF714,0.9790123456790122,0.9790123456790122,False
k562,t19,ZNF740,0.9666666666666668,0.9670781893004116,True
k562,t19,ZNF768,0.4938271604938272,0.4938271604938272,False
k562,t19,ZNF777,0.9374485596707819,0.9374485596707819,False
k562,t19,ZNF783,0.31851851851851853,0.31851851851851853,False
k562,t19,ZNF784,0.7679012345679012,0.7534979423868313,True
k562,t19,ZNF786,0.33415637860082303,0.33415637860082303,False
k562,t19,ZNF821,0.5703703703703705,0.5703703703703705,False
k562,t19,ZRANB3,0.6584362139917694,0.7102880658436214,True
cd4_mix,t16,ACLY,1.0,1.0,True
cd4_mix,t16,ADNP,0.9847269950362735,0.9847269950362735,False
cd4_mix,t16,AGO1,0.36426116838487976,0.36426116838487976,False
cd4_mix,t16,AKAP1,0.7922871324933181,0.7922871324933181,False
cd4_mix,t16,AKIRIN1,0.48377243222604044,0.48377243222604044,False
cd4_mix,t16,AKT2,0.9919816723940436,0.9919816723940436,False
cd4_mix,t16,ALG12,0.7716685757922872,0.8701794578083237,True
cd4_mix,t16,ANKRD52,0.28522336769759454,0.28522336769759454,False
cd4_mix,t16,ANKZF1,0.9923634975181367,0.9969453990072547,True
cd4_mix,t16,ANP32B,0.9289805269186713,0.9289805269186713,False
cd4_mix,t16,AP2A2,0.512791141657121,0.512791141657121,False
cd4_mix,t16,API5,0.9293623520427645,0.9293623520427645,False
cd4_mix,t16,ARL14EP,0.6807941962581138,0.6807941962581138,False
cd4_mix,t16,ASCC2,0.5257731958762888,0.5257731958762888,False
cd4_mix,t16,BCKDK,0.21229476899579988,0.21229476899579988,False
cd4_mix,t16,BCL6,0.7247040855288279,0.7247040855288279,False
cd4_mix,t16,BCL7C,0.8052691867124856,0.8052691867124856,True
cd4_mix,t16,BRD1,0.5567010309278352,0.5567010309278352,False
cd4_mix,t16,BRPF1,0.9980908743795341,0.9980908743795341,False
cd4_mix,t16,CAND1,0.9156166475754106,0.9156166475754106,False
cd4_mix,t16,CAPRIN2,0.8583428789614358,0.8583428789614358,False
cd4_mix,t16,CARM1,1.0,1.0,False
cd4_mix,t16,CAT,0.5204276441389845,0.5204276441389845,False
cd4_mix,t16,CCDC112,0.39518900343642616,0.39518900343642616,False
cd4_mix,t16,CDK8,0.8591065292096219,0.8591065292096219,False
cd4_mix,t16,CHD3,0.5070637647957236,0.6143566246659029,True
cd4_mix,t16,CHD6,0.6865215731195112,0.6865215731195112,False
cd4_mix,t16,CHKB,0.03970981290568919,0.03970981290568919,True
cd4_mix,t16,CLCN6,0.35089728904161893,0.4578083237877053,True
cd4_mix,t16,COIL,0.8816342115311187,0.8816342115311187,False
cd4_mix,t16,COMMD8,0.6597938144329896,0.6597938144329896,False
cd4_mix,t16,COQ10B,0.4597174494081711,0.4597174494081711,False
cd4_mix,t16,CSNK2A1,1.0,1.0,False
cd4_mix,t16,CYTH2,0.8797250859106529,0.8797250859106529,False
cd4_mix,t16,DBF4B,0.6009927453226422,0.6009927453226422,False
cd4_mix,t16,DBN1,0.7689957999236351,0.7689957999236351,False
cd4_mix,t16,DCAF16,0.21153111874761357,0.3016418480336006,True
cd4_mix,t16,DCP2,1.0,1.0,False
cd4_mix,t16,DDHD1,0.7812142038946164,0.7812142038946164,False
cd4_mix,t16,DEAF1,0.6258113783886979,0.6258113783886979,False
cd4_mix,t16,DEK,0.4360442917143948,0.4360442917143948,False
cd4_mix,t16,DHRS1,0.9621993127147768,0.9656357388316152,True
cd4_mix,t16,DHX35,0.9121802214585719,0.9121802214585719,False
cd4_mix,t16,DLAT,0.21114929362352045,0.21114929362352045,False
cd4_mix,t16,DMTF1,0.9885452462772051,0.9885452462772051,False
cd4_mix,t16,DNTTIP1,1.0,1.0,True
cd4_mix,t16,DRG2,0.9400534555173733,0.9400534555173733,False
cd4_mix,t16,DTNBP1,0.37113402061855677,0.37113402061855677,False
cd4_mix,t16,DVL3,0.37037037037037035,0.37037037037037035,False
cd4_mix,t16,E2F1,0.9774723176785033,0.9774723176785033,False
cd4_mix,t16,E2F4,0.7025582283314242,0.7025582283314242,True
cd4_mix,t16,EAPP,0.2955326460481099,0.2955326460481099,False
cd4_mix,t16,ELK1,0.3638793432607865,0.3638793432607865,False
cd4_mix,t16,EPC2,0.8041237113402063,0.8041237113402063,False
cd4_mix,t16,EPM2AIP1,0.4165712103856434,0.5391370752195495,True
cd4_mix,t16,EZH2,0.983581519663994,0.983581519663994,False
cd4_mix,t16,FAM120A,0.8319969453990071,0.8972890416189387,True
cd4_mix,t16,FCGRT,0.3528064146620848,0.3528064146620848,False
cd4_mix,t16,FHL3,0.745704467353952,0.75028636884307,True
cd4_mix,t16,FOXN2,1.0,1.0,False
cd4_mix,t16,FOXO4,0.6113020236731578,0.6113020236731578,False
cd4_mix,t16,FUBP3,0.6273386788850706,0.6273386788850706,False
cd4_mix,t16,FXYD5,0.6578846888125239,0.6578846888125239,False
cd4_mix,t16,GIGYF2,1.0,1.0,False
cd4_mix,t16,GLI3,0.7247040855288279,0.7247040855288279,False
cd4_mix,t16,GLYR1,0.3440244368079419,0.3829705994654448,True
cd4_mix,t16,GMEB2,0.8736158839251622,0.8736158839251622,False
cd4_mix,t16,GPATCH8,0.9660175639557084,0.9660175639557084,False
cd4_mix,t16,GRAMD1A,0.21000381825124087,0.21000381825124087,False
cd4_mix,t16,GTF2IRD1,0.5757922871324933,0.5757922871324933,False
cd4_mix,t16,HDAC1,0.4436807941962581,0.4436807941962581,False
cd4_mix,t16,HDAC8,0.5177548682703321,0.5177548682703321,False
cd4_mix,t16,HEATR6,0.9740358915616648,0.9740358915616648,False
cd4_mix,t16,HMGN3,0.3241695303550974,0.3241695303550974,False
cd4_mix,t16,HMGN4,0.5295914471172203,0.5295914471172203,False
cd4_mix,t16,HMGXB3,0.9763268423062238,0.9763268423062238,True
cd4_mix,t16,HOMEZ,0.43222604047346314,0.4329896907216495,True
cd4_mix,t16,HSBP1,0.6170294005345551,0.6170294005345551,False
cd4_mix,t16,HSP90AB1,0.4738449789996182,0.4738449789996182,False
cd4_mix,t16,IFI27L2,0.7964872088583429,0.7964872088583429,False
cd4_mix,t16,IFNAR2,0.7235586101565483,0.7235586101565483,False
cd4_mix,t16,IFNGR2,0.4578083237877052,0.4578083237877052,False
cd4_mix,t16,IL10RB,0.9175257731958764,0.9175257731958764,False
cd4_mix,t16,IREB2,0.30698739977090495,0.30698739977090495,False
cd4_mix,t16,KDM5A,0.978999618174876,0.983581519663994,True
cd4_mix,t16,KHDRBS1,0.951508209240168,0.951508209240168,False
cd4_mix,t16,KHSRP,0.9686903398243606,0.9686903398243606,False
cd4_mix,t16,KIF21B,0.8686521573119512,0.8686521573119512,False
cd4_mix,t16,KIF2A,0.563573883161512,0.563573883161512,False
cd4_mix,t16,KMT2A,0.9935089728904162,0.9935089728904162,False
cd4_mix,t16,LDLR,0.7796869033982436,0.7796869033982436,False
cd4_mix,t16,LMAN1,0.15425735013363878,0.15425735013363878,False
cd4_mix,t16,LMBRD2,0.47842688048873616,0.5204276441389842,True
cd4_mix,t16,LPCAT3,0.3356242840778923,0.3356242840778923,False
cd4_mix,t16,MAN2A1,0.20274914089347076,0.20274914089347076,False
cd4_mix,t16,MAP2K2,0.5376097747231767,0.5376097747231767,False
cd4_mix,t16,MAPK12,0.6365024818633067,0.6365024818633067,False
cd4_mix,t16,MAPK7,0.5967926689576174,0.6494845360824741,True
cd4_mix,t16,MARCKSL1,0.369606720122184,0.369606720122184,False
cd4_mix,t16,MBD4,0.6536846124474991,0.6536846124474991,False
cd4_mix,t16,MED13,0.8591065292096219,0.8591065292096219,False
cd4_mix,t16,MED15,0.9671630393279879,0.9667812142038947,True
cd4_mix,t16,MED25,0.8629247804505538,0.9056891943489881,True
cd4_mix,t16,MLKL,0.6865215731195112,0.6865215731195112,False
cd4_mix,t16,MLLT10,0.09507445589919815,0.09507445589919815,True
cd4_mix,t16,MSANTD4,0.9182894234440627,0.9182894234440627,False
cd4_mix,t16,MSI2,0.6964490263459335,0.6964490263459335,False
cd4_mix,t16,MTA1,0.5971744940817105,0.5971744940817105,False
cd4_mix,t16,MTF1,1.0,1.0,False
cd4_mix,t16,MTHFSD,0.8915616647575411,0.8915616647575411,False
cd4_mix,t16,MTM1,0.22413134784268804,0.22413134784268804,False
cd4_mix,t16,MYD88,0.6754486445208094,0.8377243222604048,True
cd4_mix,t16,MYPOP,0.8915616647575411,0.8915616647575411,False
cd4_mix,t16,MYRF,0.9805269186712486,0.9805269186712486,False
cd4_mix,t16,NABP2,0.9866361206567392,0.9912180221458572,True
cd4_mix,t16,NAIF1,0.9980908743795341,0.9980908743795341,True
cd4_mix,t16,NCLN,0.773577701412753,0.773577701412753,False
cd4_mix,t16,NFE2L1,0.2508591065292096,0.2508591065292096,False
cd4_mix,t16,NGLY1,0.985872470408553,0.985872470408553,False
cd4_mix,t16,NIPAL3,0.746086292478045,0.7552500954562811,True
cd4_mix,t16,NIPSNAP3A,0.7693776250477282,0.7693776250477282,False
cd4_mix,t16,NT5DC1,0.7094310805651012,0.7094310805651012,False
cd4_mix,t16,NUP37,0.8907980145093547,0.9133256968308514,True
cd4_mix,t16,PAN2,0.9988545246277205,0.9988545246277205,True
cd4_mix,t16,PAPOLA,0.8907980145093547,0.8907980145093547,False
cd4_mix,t16,PARP3,1.0,1.0,True
cd4_mix,t16,PATL1,0.6758304696449025,0.6758304696449025,False
cd4_mix,t16,PBLD,0.9870179457808325,0.9942726231386025,True
cd4_mix,t16,PCGF1,1.0,1.0,False
cd4_mix,t16,PCGF6,1.0,1.0,False
cd4_mix,t16,PDCD4,0.4788087056128294,0.4788087056128294,False
cd4_mix,t16,PDE6D,0.7613592974417718,0.7617411225658649,True
cd4_mix,t16,PDK1,0.7697594501718213,0.7697594501718213,False
cd4_mix,t16,PDK3,0.25505918289423446,0.25505918289423446,False
cd4_mix,t16,PGLS,0.7373043146239022,0.7373043146239022,False
cd4_mix,t16,PHF11,0.5387552500954562,0.5387552500954562,False
cd4_mix,t16,PHF19,0.983581519663994,0.983581519663994,False
cd4_mix,t16,PHF23,0.9797632684230623,0.9824360442917145,True
cd4_mix,t16,PHF8,0.995418098510882,0.995418098510882,False
cd4_mix,t16,PI4KB,0.8686521573119512,0.8686521573119512,False
cd4_mix,t16,PIM2,0.4639175257731959,0.4639175257731959,False
cd4_mix,t16,PIN1,0.8843069873997709,0.8843069873997709,False
cd4_mix,t16,PINK1,0.8140511645666285,0.8140511645666285,False
cd4_mix,t16,PKN3,0.7728140511645667,0.7728140511645667,False
cd4_mix,t16,PLAGL2,0.4574264986636121,0.5559373806796487,True
cd4_mix,t16,PLCG1,0.6109201985490645,0.6109201985490645,False
cd4_mix,t16,PNP,0.736922489499809,0.7338678885070637,True
cd4_mix,t16,POLD4,0.2737686139747995,0.2737686139747995,False
cd4_mix,t16,POR,0.6597938144329897,0.6597938144329897,False
cd4_mix,t16,PPIF,0.4116074837724323,0.4116074837724323,False
cd4_mix,t16,PPIP5K2,0.09965635738831616,0.11187476135929744,True
cd4_mix,t16,PQBP1,0.9988545246277205,0.9988545246277205,False
cd4_mix,t16,PRDX3,0.637647957235586,0.637647957235586,False
cd4_mix,t16,PRKAB2,0.8193967163039328,0.8193967163039328,False
cd4_mix,t16,PRKACA,0.2890416189385261,0.2890416189385261,False
cd4_mix,t16,PRMT2,0.5238640702558227,0.5238640702558227,False
cd4_mix,t16,PRMT6,0.8255059182894233,0.8255059182894233,False
cd4_mix,t16,PRMT7,0.7304314623902255,0.733867888507064,True
cd4_mix,t16,PRNP,0.3596792668957617,0.3596792668957617,False
cd4_mix,t16,PSKH1,0.010309278350515452,0.010309278350515452,False
cd4_mix,t16,PSMB9,0.32073310423825885,0.3837342497136311,True
cd4_mix,t16,PTMS,0.7934326078655977,0.791905307369225,True
cd4_mix,t16,PTOV1,0.2940053455517373,0.2940053455517373,False
cd4_mix,t16,PYCR1,0.1660939289805269,0.1660939289805269,True
cd4_mix,t16,R3HCC1L,0.9851088201603666,0.9851088201603666,False
cd4_mix,t16,RAB11FIP5,0.7812142038946163,0.7812142038946163,False
cd4_mix,t16,RAB5A,0.8972890416189385,0.8972890416189385,True
cd4_mix,t16,RABEP2,0.18938526155021004,0.18938526155021004,True
cd4_mix,t16,RBM18,0.9996181748759069,1.0,True
cd4_mix,t16,RBM26,0.9980908743795341,0.9980908743795341,False
cd4_mix,t16,RBM4B,0.277205040091638,0.277205040091638,False
cd4_mix,t16,RBM5,0.9942726231386025,0.9942726231386025,False
cd4_mix,t16,RC3H2,0.768995799923635,0.768995799923635,False
cd4_mix,t16,REV1,0.061473844978999624,0.061473844978999624,False
cd4_mix,t16,RFK,0.5925925925925927,0.5925925925925927,False
cd4_mix,t16,RNF10,0.46964490263459324,0.47957235586101554,True
cd4_mix,t16,RNF141,0.47079037800687284,0.47079037800687284,False
cd4_mix,t16,RNF2,0.9671630393279879,0.9671630393279879,False
cd4_mix,t16,RSRC1,0.9129438717067584,0.9129438717067584,True
cd4_mix,t16,S100A11,0.42726231386025204,0.42726231386025204,False
cd4_mix,t16,SAP30L,0.7033218785796106,0.7033218785796106,False
cd4_mix,t16,SCAF8,1.0,1.0,False
cd4_mix,t16,SEMA4F,0.6433753340969836,0.6433753340969836,False
cd4_mix,t16,SFXN4,0.5799923634975183,0.5799923634975183,False
cd4_mix,t16,SH2D3A,0.2352042764413899,0.23749522718594887,True
cd4_mix,t16,SHPRH,0.42038946162657503,0.42038946162657503,False
cd4_mix,t16,SIN3B,0.9992363497518136,0.9992363497518136,False
cd4_mix,t16,SLC25A13,0.8102329133256968,0.8102329133256968,False
cd4_mix,t16,SLC39A1,0.49637266132111496,0.5021000381825124,True
cd4_mix,t16,SLC44A1,0.7254677357770141,0.7254677357770141,False
cd4_mix,t16,SLIRP,0.9209621993127148,0.9331806032836961,True
cd4_mix,t16,SMARCA5,1.0,1.0,False
cd4_mix,t16,SMARCC2,0.3676975945017182,0.3676975945017182,False
cd4_mix,t16,SMYD2,0.4742268041237113,0.4742268041237113,False
cd4_mix,t16,SND1,0.34936998854524626,0.34936998854524626,False
cd4_mix,t16,SNN,0.2989690721649485,0.2989690721649485,False
cd4_mix,t16,SNRK,0.6678121420389461,0.6678121420389461,False
cd4_mix,t16,SNX4,0.3520427644138985,0.3520427644138985,False
cd4_mix,t16,SOCS5,0.9782359679266897,0.9782359679266897,False
cd4_mix,t16,SRSF5,0.8930889652539137,0.8930889652539137,False
cd4_mix,t16,SSR4,0.9992363497518136,1.0,True
cd4_mix,t16,STAT6,0.2825505918289424,0.2825505918289424,True
cd4_mix,t16,STK3,0.9663993890798016,0.9663993890798016,True
cd4_mix,t16,STT3A,0.6998854524627721,0.6998854524627721,True
cd4_mix,t16,SUPT7L,0.9201985490645286,0.9431080565101184,True
cd4_mix,t16,SYVN1,0.9786177930507828,0.9786177930507828,False
cd4_mix,t16,TAF15,0.6303932798778159,0.6303932798778159,False
cd4_mix,t16,TAF4,1.0,1.0,False
cd4_mix,t16,TARBP2,0.32302405498281783,0.38335242458953794,True
cd4_mix,t16,TBC1D13,0.6460481099656357,0.6460481099656357,False
cd4_mix,t16,TBC1D19,0.5399007254677357,0.5399007254677357,False
cd4_mix,t16,TBCK,0.9263077510500192,0.9935089728904162,True
cd4_mix,t16,TDRD7,0.1958762886597938,0.1958762886597938,False
cd4_mix,t16,TEAD4,0.6888125238640703,0.6888125238640703,False
cd4_mix,t16,TESK2,0.8461244749904544,0.8461244749904544,False
cd4_mix,t16,TEX2,0.9152348224513174,0.9152348224513174,False
cd4_mix,t16,TFCP2,0.729667812142039,0.729667812142039,False
cd4_mix,t16,THAP3,0.9427262313860252,0.9427262313860252,False
cd4_mix,t16,THAP7,0.9679266895761742,0.9679266895761742,False
cd4_mix,t16,TIMM17B,0.9912180221458572,0.9912180221458572,False
cd4_mix,t16,TIMM50,0.9602901870943109,0.9602901870943109,False
cd4_mix,t16,TMCO6,0.40549828178694164,0.40549828178694164,False
cd4_mix,t16,TMED3,0.6009927453226421,0.6009927453226421,False
cd4_mix,t16,TMEM104,0.9224894998090876,0.9557082856051928,True
cd4_mix,t16,TMEM147,0.9530355097365406,0.9530355097365406,False
cd4_mix,t16,TMEM186,0.9079801450935471,0.9079801450935471,False
cd4_mix,t16,TMEM209,0.7609774723176785,0.7609774723176785,True
cd4_mix,t16,TMEM41B,0.7930507827415043,0.7930507827415043,False
cd4_mix,t16,TMEM79,1.0,1.0,True
cd4_mix,t16,TMF1,0.5505918289423445,0.5505918289423445,False
cd4_mix,t16,TRAPPC6A,0.7308132875143184,0.7308132875143184,False
cd4_mix,t16,TRIB3,0.6361206567392135,0.6361206567392135,False
cd4_mix,t16,TRIM35,0.5838106147384498,0.6009927453226422,True
cd4_mix,t16,TRIP4,0.4929362352042765,0.6132111492936235,True
cd4_mix,t16,TRMT1,0.2058037418862161,0.22756777395952651,True
cd4_mix,t16,TRPC4AP,0.868652157311951,0.868652157311951,False
cd4_mix,t16,TTBK2,0.1573119511263841,0.1573119511263841,False
cd4_mix,t16,TWF2,0.15425735013363878,0.16494845360824742,True
cd4_mix,t16,TXNDC16,0.6345933562428407,0.6456662848415424,True
cd4_mix,t16,UNK,0.2920962199312715,0.2920962199312715,True
cd4_mix,t16,UPF3B,0.9629629629629629,0.9629629629629629,False
cd4_mix,t16,UROS,0.803741886216113,0.8193967163039331,True
cd4_mix,t16,USP28,0.47308132875143183,0.47308132875143183,False
cd4_mix,t16,VAPB,0.6956853760977473,0.6956853760977473,False
cd4_mix,t16,VIM,0.23176785032455138,0.23176785032455138,False
cd4_mix,t16,WBP4,0.9984726995036274,0.9980908743795341,True
cd4_mix,t16,YIPF6,0.8785796105383734,0.8785796105383734,False
cd4_mix,t16,ZBTB34,0.2982054219167621,0.2982054219167621,False
cd4_mix,t16,ZBTB41,0.2997327224131348,0.2997327224131348,False
cd4_mix,t16,ZBTB48,0.9037800687285225,0.9037800687285225,False
cd4_mix,t16,ZC2HC1A,0.41771668575792287,0.41771668575792287,False
cd4_mix,t16,ZC3HAV1,0.7785414280259642,0.7453226422298587,True
cd4_mix,t16,ZDHHC12,0.11416571210385645,0.11416571210385645,False
cd4_mix,t16,ZDHHC4,0.6681939671630394,0.6681939671630394,False
cd4_mix,t16,ZFP62,0.5101183657884688,0.5101183657884688,False
cd4_mix,t16,ZHX3,0.34860633829706,0.34860633829706,False
cd4_mix,t16,ZKSCAN1,0.20045819014891178,0.20045819014891178,False
cd4_mix,t16,ZKSCAN2,0.3329515082092402,0.3329515082092402,False
cd4_mix,t16,ZKSCAN3,0.6777395952653684,0.6777395952653684,False
cd4_mix,t16,ZNF16,0.7296678121420389,0.7296678121420389,False
cd4_mix,t16,ZNF174,0.9266895761741123,0.9476899579992364,True
cd4_mix,t16,ZNF219,0.196258113783887,0.196258113783887,False
cd4_mix,t16,ZNF22,0.420389461626575,0.420389461626575,False
cd4_mix,t16,ZNF25,0.27109583810614735,0.27109583810614735,False
cd4_mix,t16,ZNF251,0.4776632302405498,0.4776632302405498,False
cd4_mix,t16,ZNF280C,0.8144329896907216,0.8144329896907216,False
cd4_mix,t16,ZNF282,0.25964108438335237,0.25964108438335237,False
cd4_mix,t16,ZNF32,0.27873234058801066,0.27873234058801066,False
cd4_mix,t16,ZNF324,0.5647193585337916,0.5647193585337916,False
cd4_mix,t16,ZNF397,0.8930889652539139,0.8930889652539139,False
cd4_mix,t16,ZNF410,0.8999618174875906,0.8999618174875906,False
cd4_mix,t16,ZNF444,0.6391752577319587,0.6391752577319587,False
cd4_mix,t16,ZNF462,0.9255441008018328,0.9255441008018328,False
cd4_mix,t16,ZNF496,0.06300114547537228,0.06300114547537228,True
cd4_mix,t16,ZNF507,0.9992363497518136,0.9992363497518136,False
cd4_mix,t16,ZNF514,0.7220313096601756,0.7350133638793434,True
cd4_mix,t16,ZNF526,0.41771668575792287,0.41695303550973656,True
cd4_mix,t16,ZNF530,0.7609774723176785,0.7609774723176785,False
cd4_mix,t16,ZNF543,0.805651011836579,0.805651011836579,False
cd4_mix,t16,ZNF627,0.7877052310042002,0.784650630011455,True
cd4_mix,t16,ZNF628,0.9274532264222987,0.9274532264222987,False
cd4_mix,t16,ZNF641,0.5605192821687667,0.5605192821687667,False
cd4_mix,t16,ZNF670,0.31538755250095457,0.31538755250095457,False
cd4_mix,t16,ZNF714,0.7934326078655977,0.7934326078655977,False
cd4_mix,t16,ZNF740,0.4589537991599848,0.4620084001527301,True
cd4_mix,t16,ZNF768,0.39824360442917145,0.39824360442917145,False
cd4_mix,t16,ZNF777,0.9087437953417337,0.9087437953417337,False
cd4_mix,t16,ZNF783,0.41046200840015273,0.41046200840015273,False
cd4_mix,t16,ZNF784,0.2604047346315388,0.2581137838869798,True
cd4_mix,t16,ZNF786,0.23673157693776256,0.23673157693776256,False
cd4_mix,t16,ZNF821,0.8999618174875909,0.8999618174875909,False
cd4_mix,t16,ZRANB3,0.8892707140129821,0.9224894998090876,True
cd4_mix,t19,ACLY,1.0,1.0,True
cd4_mix,t19,ADNP,0.9950362733867889,0.9950362733867889,False
cd4_mix,t19,AGO1,0.4074074074074074,0.4074074074074074,False
cd4_mix,t19,AKAP1,0.6746849942726231,0.6746849942726231,False
cd4_mix,t19,AKIRIN1,0.3455517373043146,0.3455517373043146,False
cd4_mix,t19,AKT2,0.9996181748759069,0.9996181748759069,False
cd4_mix,t19,ALG12,0.8507063764795723,0.9236349751813671,True
cd4_mix,t19,ANKRD52,0.5345551737304315,0.5345551737304315,False
cd4_mix,t19,ANKZF1,0.988163421153112,0.993127147766323,True
cd4_mix,t19,ANP32B,0.9404352806414662,0.9404352806414662,False
cd4_mix,t19,AP2A2,0.5391370752195495,0.5391370752195495,False
cd4_mix,t19,API5,0.9453990072546774,0.9453990072546774,False
cd4_mix,t19,ARL14EP,0.7754868270332187,0.7754868270332187,False
cd4_mix,t19,ASCC2,0.651011836578847,0.651011836578847,False
cd4_mix,t19,BCKDK,0.19854906452844598,0.19854906452844598,False
cd4_mix,t19,BCL6,0.6475754104620085,0.6475754104620085,False
cd4_mix,t19,BCL7C,0.8075601374570448,0.8075601374570448,True
cd4_mix,t19,BRD1,0.6567392134402442,0.6567392134402442,False
cd4_mix,t19,BRPF1,0.9988545246277205,0.9988545246277205,False
cd4_mix,t19,CAND1,0.9583810614738449,0.9583810614738449,False
cd4_mix,t19,CAPRIN2,0.8831615120274916,0.8831615120274916,False
cd4_mix,t19,CARM1,1.0,1.0,False
cd4_mix,t19,CAT,0.5074455899198168,0.5074455899198168,False
cd4_mix,t19,CCDC112,0.5315005727376861,0.5315005727376861,False
cd4_mix,t19,CDK8,0.8491790759831995,0.8491790759831995,False
cd4_mix,t19,CHD3,0.6032836960672012,0.7121038564337534,True
cd4_mix,t19,CHD6,0.7701412752959145,0.7701412752959145,False
cd4_mix,t19,CHKB,0.04772814051164567,0.04772814051164567,True
cd4_mix,t19,CLCN6,0.36960672012218404,0.47728140511645667,True
cd4_mix,t19,COIL,0.8946162657502863,0.8946162657502863,False
cd4_mix,t19,COMMD8,0.6334478808705613,0.6334478808705613,False
cd4_mix,t19,COQ10B,0.5700649102710958,0.5700649102710958,False
cd4_mix,t19,CSNK2A1,1.0,1.0,False
cd4_mix,t19,CYTH2,0.9175257731958764,0.9175257731958764,False
cd4_mix,t19,DBF4B,0.596029018709431,0.596029018709431,False
cd4_mix,t19,DBN1,0.870561282932417,0.870561282932417,False
cd4_mix,t19,DCAF16,0.4085528827796868,0.5284459717449407,True
cd4_mix,t19,DCP2,1.0,1.0,False
cd4_mix,t19,DDHD1,0.7579228713249331,0.7579228713249331,False
cd4_mix,t19,DEAF1,0.6510118365788469,0.6510118365788469,False
cd4_mix,t19,DEK,0.26536846124474994,0.26536846124474994,False
cd4_mix,t19,DHRS1,0.9293623520427645,0.932798778159603,True
cd4_mix,t19,DHX35,0.9129438717067584,0.9129438717067584,False
cd4_mix,t19,DLAT,0.22298587247040855,0.22298587247040855,False
cd4_mix,t19,DMTF1,0.9942726231386025,0.9942726231386025,False
cd4_mix,t19,DNTTIP1,1.0,1.0,True
cd4_mix,t19,DRG2,0.9469263077510502,0.9469263077510502,False
cd4_mix,t19,DTNBP1,0.2718594883543337,0.2718594883543337,False
cd4_mix,t19,DVL3,0.2539137075219549,0.2539137075219549,False
cd4_mix,t19,E2F1,0.9751813669339443,0.9751813669339443,False
cd4_mix,t19,E2F4,0.6998854524627721,0.6998854524627721,True
cd4_mix,t19,EAPP,0.2993508972890415,0.2993508972890415,False
cd4_mix,t19,ELK1,0.344024436807942,0.344024436807942,False
cd4_mix,t19,EPC2,0.8266513936617028,0.8266513936617028,False
cd4_mix,t19,EPM2AIP1,0.3783886979763268,0.49102710958381063,True
cd4_mix,t19,EZH2,0.988163421153112,0.988163421153112,False
cd4_mix,t19,FAM120A,0.898052691867125,0.9381443298969072,True
cd4_mix,t19,FCGRT,0.4234440626193204,0.4234440626193204,False
cd4_mix,t19,FHL3,0.7285223367697594,0.7327224131347844,True
cd4_mix,t19,FOXN2,1.0,1.0,False
cd4_mix,t19,FOXO4,0.9606720122184041,0.9606720122184041,False
cd4_mix,t19,FUBP3,0.6151202749140894,0.6151202749140894,False
cd4_mix,t19,FXYD5,0.7594501718213058,0.7594501718213058,False
cd4_mix,t19,GIGYF2,1.0,1.0,False
cd4_mix,t19,GLI3,0.8148148148148147,0.8148148148148147,False
cd4_mix,t19,GLYR1,0.3169148529973273,0.3501336387934326,True
cd4_mix,t19,GMEB2,0.8140511645666285,0.8140511645666285,False
cd4_mix,t19,GPATCH8,0.9690721649484537,0.9690721649484537,False
cd4_mix,t19,GRAMD1A,0.19014891179839635,0.19014891179839635,False
cd4_mix,t19,GTF2IRD1,0.4379534173348606,0.4379534173348606,False
cd4_mix,t19,HDAC1,0.4921725849560901,0.4921725849560901,False
cd4_mix,t19,HDAC8,0.46697212676594113,0.46697212676594113,False
cd4_mix,t19,HEATR6,0.9602901870943108,0.9602901870943108,False
cd4_mix,t19,HMGN3,0.35853379152348225,0.35853379152348225,False
cd4_mix,t19,HMGN4,0.4891179839633448,0.4891179839633448,False
cd4_mix,t19,HMGXB3,0.9992363497518136,0.9992363497518136,True
cd4_mix,t19,HOMEZ,0.4455899198167239,0.4467353951890034,True
cd4_mix,t19,HSBP1,0.6914852997327223,0.6914852997327223,False
cd4_mix,t19,HSP90AB1,0.713631156930126,0.713631156930126,False
cd4_mix,t19,IFI27L2,0.8102329133256969,0.8102329133256969,False
cd4_mix,t19,IFNAR2,0.5639557082856052,0.5639557082856052,False
cd4_mix,t19,IFNGR2,0.5471554028255059,0.5471554028255059,False
cd4_mix,t19,IL10RB,0.8064146620847652,0.8064146620847652,False
cd4_mix,t19,IREB2,0.3379152348224513,0.3379152348224513,False
cd4_mix,t19,KDM5A,0.9786177930507828,0.9805269186712486,True
cd4_mix,t19,KHDRBS1,0.9442535318823979,0.9442535318823979,False
cd4_mix,t19,KHSRP,0.9809087437953418,0.9809087437953418,False
cd4_mix,t19,KIF21B,0.9492172584956092,0.9492172584956092,False
cd4_mix,t19,KIF2A,0.7090492554410079,0.7090492554410079,False
cd4_mix,t19,KMT2A,0.9961817487590684,0.9961817487590684,False
cd4_mix,t19,LDLR,0.8579610538373426,0.8579610538373426,False
cd4_mix,t19,LMAN1,0.13172966781214204,0.13172966781214204,False
cd4_mix,t19,LMBRD2,0.4096983581519664,0.46124474990454367,True
cd4_mix,t19,LPCAT3,0.45169912180221466,0.45169912180221466,False
cd4_mix,t19,MAN2A1,0.16036655211912942,0.16036655211912942,False
cd4_mix,t19,MAP2K2,0.6116838487972509,0.6116838487972509,False
cd4_mix,t19,MAPK12,0.6311569301260023,0.6311569301260023,False
cd4_mix,t19,MAPK7,0.5551737304314623,0.6315387552500955,True
cd4_mix,t19,MARCKSL1,0.44215349369988544,0.44215349369988544,False
cd4_mix,t19,MBD4,0.6636120656739213,0.6636120656739213,False
cd4_mix,t19,MED13,0.8873615883925164,0.8873615883925164,False
cd4_mix,t19,MED15,0.978999618174876,0.978999618174876,True
cd4_mix,t19,MED25,0.956090110729286,0.9759450171821307,True
cd4_mix,t19,MLKL,0.688048873615884,0.688048873615884,False
cd4_mix,t19,MLLT10,0.07636502481863307,0.07636502481863307,True
cd4_mix,t19,MSANTD4,0.9263077510500192,0.9263077510500192,False
cd4_mix,t19,MSI2,0.5337915234822451,0.5337915234822451,False
cd4_mix,t19,MTA1,0.5933562428407789,0.5933562428407789,False
cd4_mix,t19,MTF1,1.0,1.0,False
cd4_mix,t19,MTHFSD,0.8453608247422681,0.8453608247422681,False
cd4_mix,t19,MTM1,0.3615883925162275,0.3615883925162275,False
cd4_mix,t19,MYD88,0.7426498663612064,0.8907980145093547,True
cd4_mix,t19,MYPOP,0.9297441771668576,0.9297441771668576,False
cd4_mix,t19,MYRF,0.9709812905689196,0.9709812905689196,False
cd4_mix,t19,NABP2,0.9896907216494846,0.9915998472699504,True
cd4_mix,t19,NAIF1,1.0,1.0,True
cd4_mix,t19,NCLN,0.8224513172966782,0.8224513172966782,False
cd4_mix,t19,NFE2L1,0.12714776632302408,0.12714776632302408,False
cd4_mix,t19,NGLY1,0.9839633447880871,0.9839633447880871,False
cd4_mix,t19,NIPAL3,0.6487208858342879,0.655593738067965,True
cd4_mix,t19,NIPSNAP3A,0.7189767086674304,0.7189767086674304,False
cd4_mix,t19,NT5DC1,0.42764413898434517,0.42764413898434517,False
cd4_mix,t19,NUP37,0.8568155784650628,0.8694158075601374,True
cd4_mix,t19,PAN2,0.9969453990072547,0.9969453990072547,True
cd4_mix,t19,PAPOLA,0.9156166475754104,0.9156166475754104,False
cd4_mix,t19,PARP3,1.0,1.0,True
cd4_mix,t19,PATL1,0.7510500190912563,0.7510500190912563,False
cd4_mix,t19,PBLD,0.9965635738831615,0.9984726995036274,True
cd4_mix,t19,PCGF1,1.0,1.0,False
cd4_mix,t19,PCGF6,1.0,1.0,False
cd4_mix,t19,PDCD4,0.4280259641084383,0.4280259641084383,False
cd4_mix,t19,PDE6D,0.7147766323024055,0.715922107674685,True
cd4_mix,t19,PDK1,0.9003436426116838,0.9003436426116838,False
cd4_mix,t19,PDK3,0.16685757922871325,0.16685757922871325,False
cd4_mix,t19,PGLS,0.5017182130584193,0.5017182130584193,False
cd4_mix,t19,PHF11,0.43909889270714003,0.43909889270714003,False
cd4_mix,t19,PHF19,0.9923634975181367,0.9923634975181367,False
cd4_mix,t19,PHF23,0.9965635738831615,0.9973272241313479,True
cd4_mix,t19,PHF8,0.9992363497518136,0.9992363497518136,False
cd4_mix,t19,PI4KB,0.8739977090492554,0.8739977090492554,False
cd4_mix,t19,PIM2,0.5399007254677358,0.5399007254677358,False
cd4_mix,t19,PIN1,0.9583810614738452,0.9583810614738452,False
cd4_mix,t19,PINK1,0.8216876670484918,0.8216876670484918,False
cd4_mix,t19,PKN3,0.6712485681557845,0.6712485681557845,False
cd4_mix,t19,PLAGL2,0.5139366170294006,0.6147384497899961,True
cd4_mix,t19,PLCG1,0.5307369224894999,0.5307369224894999,False
cd4_mix,t19,PNP,0.7426498663612066,0.7392134402443681,True
cd4_mix,t19,POLD4,0.3150057273768614,0.3150057273768614,False
cd4_mix,t19,POR,0.6387934326078655,0.6387934326078655,False
cd4_mix,t19,PPIF,0.4016800305460098,0.4016800305460098,False
cd4_mix,t19,PPIP5K2,0.17067583046964488,0.18174875906834667,True
cd4_mix,t19,PQBP1,0.9980908743795341,0.9980908743795341,False
cd4_mix,t19,PRDX3,0.6193203512791141,0.6193203512791141,False
cd4_mix,t19,PRKAB2,0.8526155021000382,0.8526155021000382,False
cd4_mix,t19,PRKACA,0.33524245895379917,0.33524245895379917,False
cd4_mix,t19,PRMT2,0.6407025582283314,0.6407025582283314,False
cd4_mix,t19,PRMT6,0.7208858342878961,0.7208858342878961,False
cd4_mix,t19,PRMT7,0.7819778541428027,0.7857961053837345,True
cd4_mix,t19,PRNP,0.31806032836960674,0.31806032836960674,False
cd4_mix,t19,PSKH1,0.010691103474608617,0.010691103474608617,False
cd4_mix,t19,PSMB9,0.3138602520045819,0.3703703703703704,True
cd4_mix,t19,PTMS,0.7747231767850324,0.7728140511645667,True
cd4_mix,t19,PTOV1,0.27376861397479957,0.27376861397479957,False
cd4_mix,t19,PYCR1,0.14547537227949597,0.14547537227949597,True
cd4_mix,t19,R3HCC1L,0.9866361206567392,0.9866361206567392,False
cd4_mix,t19,RAB11FIP5,0.7552500954562811,0.7552500954562811,False
cd4_mix,t19,RAB5A,0.8186330660557465,0.8186330660557465,True
cd4_mix,t19,RABEP2,0.23444062619320347,0.23444062619320347,True
cd4_mix,t19,RBM18,1.0,1.0,True
cd4_mix,t19,RBM26,0.997709049255441,0.997709049255441,False
cd4_mix,t19,RBM4B,0.2588774341351661,0.2588774341351661,False
cd4_mix,t19,RBM5,0.9927453226422299,0.9927453226422299,False
cd4_mix,t19,RC3H2,0.7457044673539519,0.7457044673539519,False
cd4_mix,t19,REV1,0.16151202749140892,0.16151202749140892,False
cd4_mix,t19,RFK,0.7647957235586101,0.7647957235586101,False
cd4_mix,t19,RNF10,0.5177548682703321,0.5257731958762886,True
cd4_mix,t19,RNF141,0.46964490263459335,0.46964490263459335,False
cd4_mix,t19,RNF2,0.9228713249331807,0.9228713249331807,False
cd4_mix,t19,RSRC1,0.8297059946544484,0.8297059946544484,True
cd4_mix,t19,S100A11,0.4929362352042764,0.4929362352042764,False
cd4_mix,t19,SAP30L,0.6494845360824743,0.6494845360824743,False
cd4_mix,t19,SCAF8,1.0,1.0,False
cd4_mix,t19,SEMA4F,0.6330660557464681,0.6330660557464681,False
cd4_mix,t19,SFXN4,0.6319205803741885,0.6319205803741885,False
cd4_mix,t19,SH2D3A,0.27644138984345173,0.2768232149675449,True
cd4_mix,t19,SHPRH,0.4581901489117983,0.4581901489117983,False
cd4_mix,t19,SIN3B,0.9988545246277205,0.9988545246277205,False
cd4_mix,t19,SLC25A13,0.8445971744940816,0.8445971744940816,False
cd4_mix,t19,SLC39A1,0.39022527682321495,0.3955708285605193,True
cd4_mix,t19,SLC44A1,0.7178312332951506,0.7178312332951506,False
cd4_mix,t19,SLIRP,1.0,1.0,True
cd4_mix,t19,SMARCA5,1.0,1.0,False
cd4_mix,t19,SMARCC2,0.5433371515845743,0.5433371515845743,False
cd4_mix,t19,SMYD2,0.40168003054600987,0.40168003054600987,False
cd4_mix,t19,SND1,0.29209621993127155,0.29209621993127155,False
cd4_mix,t19,SNN,0.38029782359679265,0.38029782359679265,False
cd4_mix,t19,SNRK,0.6002290950744559,0.6002290950744559,False
cd4_mix,t19,SNX4,0.33676975945017174,0.33676975945017174,False
cd4_mix,t19,SOCS5,0.9660175639557084,0.9660175639557084,False
cd4_mix,t19,SRSF5,0.8331424207712869,0.8331424207712869,False
cd4_mix,t19,SSR4,1.0,1.0,True
cd4_mix,t19,STAT6,0.30393279877815965,0.30393279877815965,True
cd4_mix,t19,STK3,0.9595265368461247,0.9595265368461247,True
cd4_mix,t19,STT3A,0.7151584574264986,0.7151584574264986,True
cd4_mix,t19,SUPT7L,0.7777777777777778,0.8201603665521192,True
cd4_mix,t19,SYVN1,0.9919816723940436,0.9919816723940436,False
cd4_mix,t19,TAF15,0.5250095456281024,0.5250095456281024,False
cd4_mix,t19,TAF4,0.995418098510882,0.995418098510882,False
cd4_mix,t19,TARBP2,0.3413516609392898,0.4062619320351279,True
cd4_mix,t19,TBC1D13,0.7346315387552501,0.7346315387552501,False
cd4_mix,t19,TBC1D19,0.683848797250859,0.683848797250859,False
cd4_mix,t19,TBCK,1.0,1.0,True
cd4_mix,t19,TDRD7,0.22604047346315392,0.22604047346315392,False
cd4_mix,t19,TEAD4,0.5551737304314623,0.5551737304314623,False
cd4_mix,t19,TESK2,0.7525773195876289,0.7525773195876289,False
cd4_mix,t19,TEX2,0.9255441008018328,0.9255441008018328,False
cd4_mix,t19,TFCP2,0.6723940435280641,0.6723940435280641,False
cd4_mix,t19,THAP3,0.9339442535318825,0.9339442535318825,False
cd4_mix,t19,THAP7,1.0,1.0,False
cd4_mix,t19,TIMM17B,0.9908361970217641,0.9908361970217641,False
cd4_mix,t19,TIMM50,0.9816723940435281,0.9816723940435281,False
cd4_mix,t19,TMCO6,0.4146620847651776,0.4146620847651776,False
cd4_mix,t19,TMED3,0.6647575410462009,0.6647575410462009,False
cd4_mix,t19,TMEM104,0.9980908743795341,0.9992363497518136,True
cd4_mix,t19,TMEM147,0.9656357388316152,0.9656357388316152,False
cd4_mix,t19,TMEM186,0.9427262313860252,0.9427262313860252,False
cd4_mix,t19,TMEM209,0.739213440244368,0.739213440244368,True
cd4_mix,t19,TMEM41B,0.5994654448262696,0.5994654448262696,False
cd4_mix,t19,TMEM79,1.0,1.0,True
cd4_mix,t19,TMF1,0.48682703321878584,0.48682703321878584,False
cd4_mix,t19,TRAPPC6A,0.6991218022145858,0.6991218022145858,False
cd4_mix,t19,TRIB3,0.561282932416953,0.561282932416953,False
cd4_mix,t19,TRIM35,0.5788468881252388,0.5967926689576175,True
cd4_mix,t19,TRIP4,0.653684612447499,0.7709049255441008,True
cd4_mix,t19,TRMT1,0.08896525391370752,0.10462008400152731,True
cd4_mix,t19,TRPC4AP,0.8946162657502863,0.8946162657502863,False
cd4_mix,t19,TTBK2,0.2149675448644521,0.2149675448644521,False
cd4_mix,t19,TWF2,0.23787705231004205,0.2520045819014891,True
cd4_mix,t19,TXNDC16,0.7025582283314241,0.7094310805651011,True
cd4_mix,t19,UNK,0.34364261168384885,0.34364261168384885,True
cd4_mix,t19,UPF3B,0.981290568919435,0.981290568919435,False
cd4_mix,t19,UROS,0.8537609774723178,0.865979381443299,True
cd4_mix,t19,USP28,0.457426498663612,0.457426498663612,False
cd4_mix,t19,VAPB,0.6552119129438717,0.6552119129438717,False
cd4_mix,t19,VIM,0.19205803741886218,0.19205803741886218,False
cd4_mix,t19,WBP4,0.997709049255441,0.997709049255441,True
cd4_mix,t19,YIPF6,0.8388697976326841,0.8388697976326841,False
cd4_mix,t19,ZBTB34,0.23825887743413515,0.23825887743413515,False
cd4_mix,t19,ZBTB41,0.30011454753722794,0.30011454753722794,False
cd4_mix,t19,ZBTB48,0.988163421153112,0.988163421153112,False
cd4_mix,t19,ZC2HC1A,0.3802978235967927,0.3802978235967927,False
cd4_mix,t19,ZC3HAV1,0.6884306987399771,0.6387934326078656,True
cd4_mix,t19,ZDHHC12,0.17334860633829705,0.17334860633829705,False
cd4_mix,t19,ZDHHC4,0.8381061473844978,0.8381061473844978,False
cd4_mix,t19,ZFP62,0.665521191294387,0.665521191294387,False
cd4_mix,t19,ZHX3,0.3711340206185567,0.3711340206185567,False
cd4_mix,t19,ZKSCAN1,0.3654066437571592,0.3654066437571592,False
cd4_mix,t19,ZKSCAN2,0.40320733104238254,0.40320733104238254,False
cd4_mix,t19,ZKSCAN3,0.7835051546391752,0.7835051546391752,False
cd4_mix,t19,ZNF16,0.6777395952653685,0.6777395952653685,False
cd4_mix,t19,ZNF174,0.9266895761741123,0.9507445589919818,True
cd4_mix,t19,ZNF219,0.11531118747613595,0.11531118747613595,False
cd4_mix,t19,ZNF22,0.38449789996181744,0.38449789996181744,False
cd4_mix,t19,ZNF25,0.38373424971363107,0.38373424971363107,False
cd4_mix,t19,ZNF251,0.3554791905307369,0.3554791905307369,False
cd4_mix,t19,ZNF280C,0.7934326078655977,0.7934326078655977,False
cd4_mix,t19,ZNF282,0.3757159221076746,0.3757159221076746,False
cd4_mix,t19,ZNF32,0.30966017563955706,0.30966017563955706,False
cd4_mix,t19,ZNF324,0.6895761741122567,0.6895761741122567,False
cd4_mix,t19,ZNF397,0.8995799923634975,0.8995799923634975,False
cd4_mix,t19,ZNF410,0.946544482626957,0.946544482626957,False
cd4_mix,t19,ZNF444,0.7189767086674302,0.7189767086674302,False
cd4_mix,t19,ZNF462,0.9705994654448263,0.9705994654448263,False
cd4_mix,t19,ZNF496,0.048491790759831996,0.048491790759831996,True
cd4_mix,t19,ZNF507,1.0,1.0,False
cd4_mix,t19,ZNF514,0.7220313096601757,0.7350133638793434,True
cd4_mix,t19,ZNF526,0.4631538755250096,0.4612447499045438,True
cd4_mix,t19,ZNF530,0.8430698739977092,0.8430698739977092,False
cd4_mix,t19,ZNF543,0.8205421916762123,0.8205421916762123,False
cd4_mix,t19,ZNF627,0.686139747995418,0.6823214967544864,True
cd4_mix,t19,ZNF628,0.9098892707140132,0.9098892707140132,False
cd4_mix,t19,ZNF641,0.26918671248568155,0.26918671248568155,False
cd4_mix,t19,ZNF670,0.3043146239022528,0.3043146239022528,False
cd4_mix,t19,ZNF714,0.7999236349751815,0.7999236349751815,False
cd4_mix,t19,ZNF740,0.44368079419625817,0.44749904543718977,True
cd4_mix,t19,ZNF768,0.4177166857579228,0.4177166857579228,False
cd4_mix,t19,ZNF777,0.9568537609774724,0.9568537609774724,False
cd4_mix,t19,ZNF783,0.34516991218022147,0.34516991218022147,False
cd4_mix,t19,ZNF784,0.2638411607483772,0.25964108438335237,True
cd4_mix,t19,ZNF786,0.20542191676212296,0.20542191676212296,False
cd4_mix,t19,ZNF821,0.8159602901870943,0.8159602901870943,False
cd4_mix,t19,ZRANB3,0.917143948071783,0.9453990072546774,True
orion_hct116,t16,ACLY,1.0,1.0,True
orion_hct116,t16,ADNP,0.9894781144781146,0.9894781144781146,False
orion_hct116,t16,AGO1,0.5942760942760943,0.5942760942760943,False
orion_hct116,t16,AKAP1,0.9781144781144779,0.9781144781144779,False
orion_hct116,t16,AKIRIN1,0.7895622895622896,0.7895622895622896,False
orion_hct116,t16,AKT2,0.8489057239057239,0.8489057239057239,False
orion_hct116,t16,ALG12,0.5235690235690236,0.5829124579124579,True
orion_hct116,t16,ANKZF1,0.9995791245791246,1.0,True
orion_hct116,t16,ANP32B,0.9036195286195287,0.9036195286195287,False
orion_hct116,t16,AP2A2,0.3560606060606061,0.3560606060606061,False
orion_hct116,t16,API5,0.9570707070707071,0.9570707070707071,False
orion_hct116,t16,ARL14EP,0.6287878787878788,0.6287878787878788,False
orion_hct116,t16,ASCC2,0.4987373737373737,0.4987373737373737,False
orion_hct116,t16,BCKDK,0.6645622895622895,0.6645622895622895,False
orion_hct116,t16,BCL6,0.45959595959595956,0.45959595959595956,False
orion_hct116,t16,BCL7C,0.5841750841750841,0.5841750841750841,True
orion_hct116,t16,BRPF1,0.9886363636363635,0.9886363636363635,False
orion_hct116,t16,CAND1,0.9995791245791246,0.9995791245791246,False
orion_hct116,t16,CAPRIN2,0.9524410774410773,0.9524410774410773,False
orion_hct116,t16,CARM1,1.0,1.0,False
orion_hct116,t16,CAT,0.7095959595959598,0.7095959595959598,False
orion_hct116,t16,CCDC112,0.6923400673400673,0.6923400673400673,False
orion_hct116,t16,CHD3,0.5484006734006734,0.5555555555555556,True
orion_hct116,t16,CHD6,0.7121212121212123,0.7121212121212123,False
orion_hct116,t16,CHKB,0.8000841750841752,0.8005050505050506,True
orion_hct116,t16,CLCN6,0.5656565656565656,0.5664983164983164,True
orion_hct116,t16,COIL,0.936026936026936,0.936026936026936,False
orion_hct116,t16,COMMD8,0.3417508417508417,0.3417508417508417,False
orion_hct116,t16,COQ10B,0.9099326599326601,0.9099326599326601,False
orion_hct116,t16,CSNK2A1,1.0,1.0,False
orion_hct116,t16,CYTH2,0.7693602693602694,0.7693602693602694,False
orion_hct116,t16,DBF4B,0.8232323232323231,0.8232323232323231,False
orion_hct116,t16,DBN1,0.8973063973063974,0.8973063973063974,False
orion_hct116,t16,DCAF16,0.5728114478114478,0.71506734006734,True
orion_hct116,t16,DDHD1,0.9276094276094278,0.9276094276094278,False
orion_hct116,t16,DEAF1,0.33038720538720534,0.33038720538720534,False
orion_hct116,t16,DEK,0.7933501683501682,0.7933501683501682,False
orion_hct116,t16,DHRS1,0.8602693602693603,0.8686868686868687,True
orion_hct116,t16,DHX35,0.48989898989898983,0.48989898989898983,False
orion_hct116,t16,DLAT,0.4132996632996633,0.4132996632996633,False
orion_hct116,t16,DMTF1,0.9983164983164983,0.9983164983164983,False
orion_hct116,t16,DNTTIP1,1.0,1.0,True
orion_hct116,t16,DRG2,0.6418350168350169,0.6418350168350169,False
orion_hct116,t16,DTNBP1,0.08670033670033668,0.08670033670033668,False
orion_hct116,t16,DVL3,0.449074074074074,0.449074074074074,False
orion_hct116,t16,E2F1,0.9149831649831649,0.9149831649831649,False
orion_hct116,t16,E2F4,0.8779461279461278,0.8779461279461278,True
orion_hct116,t16,EAPP,0.14814814814814817,0.14814814814814817,False
orion_hct116,t16,EEF1A2,0.8438552188552187,0.8438552188552187,False
orion_hct116,t16,EPC2,0.7777777777777777,0.7777777777777777,False
orion_hct116,t16,EPM2AIP1,0.8484848484848485,0.8817340067340067,True
orion_hct116,t16,EZH2,0.9739057239057239,0.9739057239057239,False
orion_hct116,t16,FAM120A,0.8792087542087542,0.9061447811447813,True
orion_hct116,t16,FCGRT,0.48526936026936024,0.48526936026936024,False
orion_hct116,t16,FHL3,0.45496632996632996,0.4541245791245792,True
orion_hct116,t16,FOXN2,1.0,1.0,False
orion_hct116,t16,FOXO4,0.789983164983165,0.789983164983165,False
orion_hct116,t16,FUBP3,0.7091750841750841,0.7091750841750841,False
orion_hct116,t16,FXYD5,0.6986531986531985,0.6986531986531985,False
orion_hct116,t16,FZD2,0.21590909090909094,0.21590909090909094,False
orion_hct116,t16,GIGYF2,0.9789562289562288,0.9789562289562288,False
orion_hct116,t16,GLI3,0.9532828282828282,0.9532828282828282,False
orion_hct116,t16,GMEB2,0.9734848484848483,0.9734848484848483,False
orion_hct116,t16,GPATCH8,0.9625420875420877,0.9625420875420877,False
orion_hct116,t16,GRAMD1A,0.20244107744107742,0.20244107744107742,False
orion_hct116,t16,GTF2IRD1,0.537878787878788,0.537878787878788,False
orion_hct116,t16,HDAC1,0.811026936026936,0.811026936026936,False
orion_hct116,t16,HDAC8,0.7920875420875421,0.7920875420875421,False
orion_hct116,t16,HEATR6,0.6414141414141414,0.6414141414141414,False
orion_hct116,t16,HMGN3,0.4625420875420876,0.4625420875420876,False
orion_hct116,t16,HMGXB3,0.9991582491582491,0.9991582491582491,True
orion_hct116,t16,HOMEZ,0.7226430976430978,0.7226430976430978,True
orion_hct116,t16,HSBP1,0.35395622895622897,0.35395622895622897,False
orion_hct116,t16,HSP90AB1,0.7723063973063973,0.7723063973063973,False
orion_hct116,t16,IFI27L2,0.6047979797979798,0.6047979797979798,False
orion_hct116,t16,IFNAR2,0.31565656565656564,0.31565656565656564,False
orion_hct116,t16,IFNGR2,0.2643097643097643,0.2643097643097643,False
orion_hct116,t16,IREB2,0.4393939393939393,0.4393939393939393,False
orion_hct116,t16,KDM5A,0.9974747474747474,0.9974747474747474,True
orion_hct116,t16,KHDRBS1,0.9107744107744108,0.9107744107744108,False
orion_hct116,t16,KHSRP,1.0,1.0,False
orion_hct116,t16,KIF21B,0.7272727272727272,0.7272727272727272,False
orion_hct116,t16,KIF2A,0.19907407407407407,0.19907407407407407,False
orion_hct116,t16,LDLR,0.9709595959595959,0.9709595959595959,False
orion_hct116,t16,LENG1,0.3514309764309764,0.3514309764309764,False
orion_hct116,t16,LMAN1,0.6292087542087541,0.6292087542087541,False
orion_hct116,t16,LMBRD2,0.489057239057239,0.48695286195286197,True
orion_hct116,t16,LPCAT3,0.4945286195286195,0.4945286195286195,False
orion_hct116,t16,MAP2K2,0.2638888888888889,0.2638888888888889,False
orion_hct116,t16,MAPK7,0.7436868686868687,0.7626262626262625,True
orion_hct116,t16,MARCKSL1,0.3274410774410775,0.3274410774410775,False
orion_hct116,t16,MBD4,0.5265151515151516,0.5265151515151516,False
orion_hct116,t16,MED13,0.19739057239057237,0.19739057239057237,False
orion_hct116,t16,MED15,0.9941077441077442,0.9941077441077442,True
orion_hct116,t16,MED25,0.9330808080808082,0.9297138047138047,True
orion_hct116,t16,MLKL,0.6287878787878788,0.6287878787878788,False
orion_hct116,t16,MLLT10,0.425925925925926,0.425925925925926,True
orion_hct116,t16,MSANTD4,0.46127946127946134,0.46127946127946134,False
orion_hct116,t16,MSI2,0.9267676767676767,0.9267676767676767,False
orion_hct116,t16,MTA1,0.9911616161616164,0.9911616161616164,False
orion_hct116,t16,MTF1,0.9882154882154881,0.9882154882154881,False
orion_hct116,t16,MTHFSD,0.7251683501683501,0.7251683501683501,False
orion_hct116,t16,MTM1,0.7929292929292929,0.7929292929292929,False
orion_hct116,t16,MYD88,0.44486531986531985,0.45622895622895626,True
orion_hct116,t16,MYPOP,0.6207912457912458,0.6207912457912458,False
orion_hct116,t16,MYRF,0.933922558922559,0.933922558922559,False
orion_hct116,t16,NABP2,0.9991582491582491,0.9991582491582491,True
orion_hct116,t16,NAIF1,0.9789562289562288,0.9797979797979797,True
orion_hct116,t16,NCLN,0.6662457912457912,0.6662457912457912,False
orion_hct116,t16,NFE2L1,0.9566498316498316,0.9566498316498316,False
orion_hct116,t16,NGLY1,0.9692760942760942,0.9692760942760942,False
orion_hct116,t16,NIPAL3,0.5370370370370371,0.539141414141414,True
orion_hct116,t16,NT5DC1,0.7175925925925927,0.7175925925925927,False
orion_hct116,t16,NUP37,0.8282828282828283,0.8354377104377104,True
orion_hct116,t16,PAN2,0.9789562289562289,0.9789562289562289,True
orion_hct116,t16,PAPOLA,1.0,1.0,False
orion_hct116,t16,PARP3,0.9861111111111112,0.986952861952862,True
orion_hct116,t16,PATL1,0.5702861952861952,0.5702861952861952,False
orion_hct116,t16,PBLD,0.9987373737373737,0.9987373737373737,True
orion_hct116,t16,PCGF1,0.4566498316498317,0.4566498316498317,False
orion_hct116,t16,PCGF6,0.9911616161616161,0.9911616161616161,False
orion_hct116,t16,PDCD4,0.21254208754208756,0.21254208754208756,False
orion_hct116,t16,PDE6D,0.5467171717171717,0.5387205387205387,True
orion_hct116,t16,PDK1,0.8783670033670034,0.8783670033670034,False
orion_hct116,t16,PDK3,0.2213804713804714,0.2213804713804714,False
orion_hct116,t16,PHF19,0.24537037037037035,0.24537037037037035,False
orion_hct116,t16,PHF23,0.8240740740740741,0.8303872053872053,True
orion_hct116,t16,PHF8,0.9945286195286194,0.9945286195286194,False
orion_hct116,t16,PI4KB,0.8880471380471381,0.8880471380471381,False
orion_hct116,t16,PIM2,0.8665824915824916,0.8665824915824916,False
orion_hct116,t16,PIN1,0.8135521885521887,0.8135521885521887,False
orion_hct116,t16,PINK1,0.5711279461279462,0.5711279461279462,False
orion_hct116,t16,PLAGL2,0.37668350168350173,0.3893097643097644,True
orion_hct116,t16,PLCG1,0.7748316498316498,0.7748316498316498,False
orion_hct116,t16,PNP,0.46632996632996637,0.4819023569023569,True
orion_hct116,t16,POLD4,0.22643097643097645,0.22643097643097645,False
orion_hct116,t16,POR,0.6452020202020202,0.6452020202020202,False
orion_hct116,t16,PPIF,0.5155723905723906,0.5155723905723906,False
orion_hct116,t16,PPIP5K2,0.15572390572390576,0.156986531986532,True
orion_hct116,t16,PQBP1,0.9966329966329965,0.9966329966329965,False
orion_hct116,t16,PRDX3,0.6683501683501684,0.6683501683501684,False
orion_hct116,t16,PRKAB2,0.7824074074074073,0.7824074074074073,False
orion_hct116,t16,PRKACA,0.2537878787878788,0.2537878787878788,False
orion_hct116,t16,PRMT2,0.5593434343434345,0.5593434343434345,False
orion_hct116,t16,PRMT6,0.9524410774410773,0.9524410774410773,False
orion_hct116,t16,PRMT7,0.8333333333333335,0.8413299663299663,True
orion_hct116,t16,PRNP,0.6220538720538721,0.6220538720538721,False
orion_hct116,t16,PSKH1,0.18434343434343436,0.18434343434343436,False
orion_hct116,t16,PSMB9,0.5526094276094277,0.5547138047138048,True
orion_hct116,t16,PTMS,0.8800505050505051,0.8918350168350169,True
orion_hct116,t16,PTOV1,0.4566498316498317,0.4566498316498317,False
orion_hct116,t16,PYCR1,0.0029461279461279436,0.0029461279461279436,True
orion_hct116,t16,RAB11FIP5,0.8202861952861953,0.8202861952861953,False
orion_hct116,t16,RABEP2,0.6649831649831649,0.6649831649831649,True
orion_hct116,t16,RBM18,1.0,1.0,True
orion_hct116,t16,RBM26,0.9852693602693603,0.9852693602693603,False
orion_hct116,t16,RBM4B,0.48526936026936035,0.48526936026936035,False
orion_hct116,t16,RBM5,0.9995791245791246,0.9995791245791246,False
orion_hct116,t16,RC3H2,0.9040404040404039,0.9040404040404039,False
orion_hct116,t16,REV1,0.1717171717171717,0.1717171717171717,False
orion_hct116,t16,RNF10,0.9267676767676767,0.9284511784511784,True
orion_hct116,t16,RNF141,0.4313973063973064,0.4313973063973064,False
orion_hct116,t16,RNF2,0.8682659932659933,0.8682659932659933,False
orion_hct116,t16,RSRC1,0.952020202020202,0.9524410774410774,True
orion_hct116,t16,S100A11,0.6477272727272728,0.6477272727272728,False
orion_hct116,t16,SAP30L,0.22643097643097645,0.22643097643097645,False
orion_hct116,t16,SEMA4F,0.6115319865319866,0.6115319865319866,False
orion_hct116,t16,SFXN4,0.71506734006734,0.71506734006734,False
orion_hct116,t16,SH2D3A,0.33880471380471383,0.3383838383838384,True
orion_hct116,t16,SHPRH,0.5471380471380471,0.5471380471380471,False
orion_hct116,t16,SIN3B,0.9932659932659933,0.9932659932659933,False
orion_hct116,t16,SLC25A13,0.7786195286195285,0.7786195286195285,False
orion_hct116,t16,SLC39A1,0.6784511784511784,0.6818181818181819,True
orion_hct116,t16,SLC44A1,0.2028619528619529,0.2028619528619529,False
orion_hct116,t16,SMARCA5,0.9936868686868687,0.9936868686868687,False
orion_hct116,t16,SMARCC2,0.8013468013468014,0.8013468013468014,False
orion_hct116,t16,SMYD2,0.5004208754208754,0.5004208754208754,False
orion_hct116,t16,SND1,0.688973063973064,0.688973063973064,False
orion_hct116,t16,SNN,0.6140572390572392,0.6140572390572392,False
orion_hct116,t16,SNRK,0.5930134680134679,0.5930134680134679,False
orion_hct116,t16,SNX4,0.7714646464646464,0.7714646464646464,False
orion_hct116,t16,SOCS5,0.8371212121212123,0.8371212121212123,False
orion_hct116,t16,SRSF5,0.7908249158249158,0.7908249158249158,False
orion_hct116,t16,SSR4,0.8169191919191918,0.8661616161616162,True
orion_hct116,t16,STAT6,0.2403198653198653,0.23653198653198654,True
orion_hct116,t16,SUPT7L,0.8434343434343435,0.8564814814814814,True
orion_hct116,t16,SYVN1,0.9852693602693603,0.9852693602693603,False
orion_hct116,t16,TAF4,0.9810606060606061,0.9810606060606061,False
orion_hct116,t16,TARBP2,0.1595117845117845,0.17045454545454547,True
orion_hct116,t16,TBC1D19,0.5429292929292929,0.5429292929292929,False
orion_hct116,t16,TBCK,0.9347643097643099,0.9705387205387205,True
orion_hct116,t16,TDRD7,0.5374579124579124,0.5374579124579124,False
orion_hct116,t16,TEAD4,0.986952861952862,0.986952861952862,False
orion_hct116,t16,TESK2,0.577020202020202,0.577020202020202,False
orion_hct116,t16,TEX2,0.9583333333333334,0.9583333333333334,False
orion_hct116,t16,TFCP2,0.8994107744107745,0.8994107744107745,False
orion_hct116,t16,THAP3,0.9162457912457912,0.9162457912457912,False
orion_hct116,t16,THAP7,0.8842592592592592,0.8842592592592592,False
orion_hct116,t16,TIMM17B,0.9991582491582491,0.9991582491582491,False
orion_hct116,t16,TIMM50,0.1414141414141414,0.1414141414141414,False
orion_hct116,t16,TMCO6,0.5913299663299663,0.5913299663299663,False
orion_hct116,t16,TMED3,0.6978114478114477,0.6978114478114477,False
orion_hct116,t16,TMEM104,0.9638047138047138,0.9734848484848485,True
orion_hct116,t16,TMEM186,0.9044612794612795,0.9044612794612795,False
orion_hct116,t16,TMEM209,0.8005050505050506,0.8005050505050506,True
orion_hct116,t16,TMEM41B,0.7895622895622895,0.7895622895622895,False
orion_hct116,t16,TMEM79,1.0,1.0,True
orion_hct116,t16,TMF1,0.6106902356902357,0.6106902356902357,False
orion_hct116,t16,TRAPPC6A,0.9755892255892257,0.9755892255892257,False
orion_hct116,t16,TRIB3,0.7887205387205387,0.7887205387205387,False
orion_hct116,t16,TRIM35,0.5690235690235691,0.6161616161616161,True
orion_hct116,t16,TRIP4,0.7495791245791246,0.8417508417508417,True
orion_hct116,t16,TRMT1,0.2243265993265993,0.2373737373737374,True
orion_hct116,t16,TRPC4AP,0.8324915824915826,0.8324915824915826,False
orion_hct116,t16,TTBK2,0.18181818181818182,0.18181818181818182,False
orion_hct116,t16,TWF2,0.9019360269360269,0.9082491582491582,True
orion_hct116,t16,TXNDC16,0.2133838383838384,0.21506734006734007,True
orion_hct116,t16,UPF3B,1.0,1.0,False
orion_hct116,t16,USP28,0.585858585858586,0.585858585858586,False
orion_hct116,t16,VIM,0.15235690235690236,0.15235690235690236,False
orion_hct116,t16,WBP4,0.9991582491582491,1.0,True
orion_hct116,t16,YIPF6,0.963804713804714,0.963804713804714,False
orion_hct116,t16,ZBTB34,0.5395622895622897,0.5395622895622897,False
orion_hct116,t16,ZBTB41,0.2112794612794613,0.2112794612794613,False
orion_hct116,t16,ZBTB48,0.40109427609427606,0.40109427609427606,False
orion_hct116,t16,ZC2HC1A,0.43097643097643096,0.43097643097643096,False
orion_hct116,t16,ZC3HAV1,0.6691919191919191,0.6624579124579124,True
orion_hct116,t16,ZDHHC12,0.6334175084175083,0.6334175084175083,False
orion_hct116,t16,ZDHHC4,0.8943602693602695,0.8943602693602695,False
orion_hct116,t16,ZFP62,0.7525252525252526,0.7525252525252526,False
orion_hct116,t16,ZHX3,0.625,0.625,False
orion_hct116,t16,ZKSCAN1,0.6670875420875421,0.6670875420875421,False
orion_hct116,t16,ZKSCAN2,0.6342592592592591,0.6342592592592591,False
orion_hct116,t16,ZKSCAN3,0.6961279461279462,0.6961279461279462,False
orion_hct116,t16,ZNF16,0.2188552188552189,0.2188552188552189,False
orion_hct116,t16,ZNF174,0.7508417508417509,0.7710437710437712,True
orion_hct116,t16,ZNF219,0.0627104377104377,0.0627104377104377,False
orion_hct116,t16,ZNF22,0.343013468013468,0.343013468013468,False
orion_hct116,t16,ZNF25,0.5774410774410774,0.5774410774410774,False
orion_hct116,t16,ZNF251,0.06355218855218854,0.06355218855218854,False
orion_hct116,t16,ZNF280C,0.5164141414141414,0.5164141414141414,False
orion_hct116,t16,ZNF282,0.24284511784511784,0.24284511784511784,False
orion_hct116,t16,ZNF32,0.28240740740740744,0.28240740740740744,False
orion_hct116,t16,ZNF324,0.8312289562289563,0.8312289562289563,False
orion_hct116,t16,ZNF397,0.9372895622895625,0.9372895622895625,False
orion_hct116,t16,ZNF410,0.9423400673400673,0.9423400673400673,False
orion_hct116,t16,ZNF444,0.8552188552188551,0.8552188552188551,False
orion_hct116,t16,ZNF462,0.9987373737373737,0.9987373737373737,False
orion_hct116,t16,ZNF496,0.6052188552188552,0.6052188552188552,True
orion_hct116,t16,ZNF507,0.9991582491582491,0.9991582491582491,False
orion_hct116,t16,ZNF514,0.7760942760942762,0.7752525252525253,True
orion_hct116,t16,ZNF526,0.8135521885521886,0.8143939393939394,True
orion_hct116,t16,ZNF530,0.6611952861952861,0.6611952861952861,False
orion_hct116,t16,ZNF543,0.7529461279461279,0.7529461279461279,False
orion_hct116,t16,ZNF627,0.962121212121212,0.9629629629629629,True
orion_hct116,t16,ZNF641,0.28577441077441074,0.28577441077441074,False
orion_hct116,t16,ZNF670,0.093013468013468,0.093013468013468,False
orion_hct116,t16,ZNF714,0.6982323232323231,0.6982323232323231,False
orion_hct116,t16,ZNF740,0.7697811447811448,0.7706228956228957,True
orion_hct116,t16,ZNF768,0.5812289562289563,0.5812289562289563,False
orion_hct116,t16,ZNF777,0.6510942760942763,0.6510942760942763,False
orion_hct116,t16,ZNF783,0.1632996632996633,0.1632996632996633,False
orion_hct116,t16,ZNF784,0.09385521885521884,0.10690235690235689,True
orion_hct116,t16,ZNF786,0.12415824915824919,0.12415824915824919,False
orion_hct116,t16,ZNF821,0.963804713804714,0.963804713804714,False
orion_hct116,t19,ACLY,1.0,1.0,True
orion_hct116,t19,ADNP,0.9894781144781146,0.9894781144781146,False
orion_hct116,t19,AGO1,0.6515151515151516,0.6515151515151516,False
orion_hct116,t19,AKAP1,0.9726430976430976,0.9726430976430976,False
orion_hct116,t19,AKIRIN1,0.47516835016835024,0.47516835016835024,False
orion_hct116,t19,AKT2,0.9747474747474746,0.9747474747474746,False
orion_hct116,t19,ALG12,0.7234848484848483,0.7529461279461278,True
orion_hct116,t19,ANKZF1,0.9974747474747474,0.9974747474747474,True
orion_hct116,t19,ANP32B,0.8409090909090909,0.8409090909090909,False
orion_hct116,t19,AP2A2,0.28030303030303033,0.28030303030303033,False
orion_hct116,t19,API5,0.9507575757575757,0.9507575757575757,False
orion_hct116,t19,ARL14EP,0.5,0.5,False
orion_hct116,t19,ASCC2,0.5896464646464646,0.5896464646464646,False
orion_hct116,t19,BCKDK,0.6435185185185186,0.6435185185185186,False
orion_hct116,t19,BCL6,0.48400673400673394,0.48400673400673394,False
orion_hct116,t19,BCL7C,0.617003367003367,0.617003367003367,True
orion_hct116,t19,BRPF1,0.9907407407407407,0.9907407407407407,False
orion_hct116,t19,CAND1,1.0,1.0,False
orion_hct116,t19,CAPRIN2,0.9486531986531987,0.9486531986531987,False
orion_hct116,t19,CARM1,1.0,1.0,False
orion_hct116,t19,CAT,0.8047138047138047,0.8047138047138047,False
orion_hct116,t19,CCDC112,0.6843434343434344,0.6843434343434344,False
orion_hct116,t19,CHD3,0.4212962962962963,0.4263468013468013,True
orion_hct116,t19,CHD6,0.5332491582491582,0.5332491582491582,False
orion_hct116,t19,CHKB,0.7958754208754208,0.7958754208754208,True
orion_hct116,t19,CLCN6,0.6014309764309764,0.5997474747474747,True
orion_hct116,t19,COIL,0.9288720538720538,0.9288720538720538,False
orion_hct116,t19,COMMD8,0.4537037037037038,0.4537037037037038,False
orion_hct116,t19,COQ10B,0.8367003367003366,0.8367003367003366,False
orion_hct116,t19,CSNK2A1,1.0,1.0,False
orion_hct116,t19,CYTH2,0.8186026936026937,0.8186026936026937,False
orion_hct116,t19,DBF4B,0.7819865319865319,0.7819865319865319,False
orion_hct116,t19,DBN1,0.9343434343434345,0.9343434343434345,False
orion_hct116,t19,DCAF16,0.7234848484848484,0.8097643097643098,True
orion_hct116,t19,DDHD1,0.9827441077441077,0.9827441077441077,False
orion_hct116,t19,DEAF1,0.4835858585858586,0.4835858585858586,False
orion_hct116,t19,DEK,0.7870370370370371,0.7870370370370371,False
orion_hct116,t19,DHRS1,0.8308080808080809,0.8451178451178452,True
orion_hct116,t19,DHX35,0.43560606060606066,0.43560606060606066,False
orion_hct116,t19,DLAT,0.372053872053872,0.372053872053872,False
orion_hct116,t19,DMTF1,0.9978956228956228,0.9978956228956228,False
orion_hct116,t19,DNTTIP1,1.0,1.0,True
orion_hct116,t19,DRG2,0.5656565656565656,0.5656565656565656,False
orion_hct116,t19,DTNBP1,0.11026936026936025,0.11026936026936025,False
orion_hct116,t19,DVL3,0.40993265993266,0.40993265993266,False
orion_hct116,t19,E2F1,0.9347643097643099,0.9347643097643099,False
orion_hct116,t19,E2F4,0.7542087542087543,0.7542087542087543,True
orion_hct116,t19,EAPP,0.1927609427609428,0.1927609427609428,False
orion_hct116,t19,EEF1A2,0.9600168350168351,0.9600168350168351,False
orion_hct116,t19,EPC2,0.8219696969696969,0.8219696969696969,False
orion_hct116,t19,EPM2AIP1,0.7992424242424243,0.81986531986532,True
orion_hct116,t19,EZH2,0.9793771043771043,0.9793771043771043,False
orion_hct116,t19,FAM120A,0.9730639730639731,0.9789562289562289,True
orion_hct116,t19,FCGRT,0.7196969696969696,0.7196969696969696,False
orion_hct116,t19,FHL3,0.6797138047138047,0.6788720538720538,True
orion_hct116,t19,FOXN2,1.0,1.0,False
orion_hct116,t19,FOXO4,0.8884680134680134,0.8884680134680134,False
orion_hct116,t19,FUBP3,0.757996632996633,0.757996632996633,False
orion_hct116,t19,FXYD5,0.624158249158249,0.624158249158249,False
orion_hct116,t19,FZD2,0.19065656565656564,0.19065656565656564,False
orion_hct116,t19,GIGYF2,0.9760101010101011,0.9760101010101011,False
orion_hct116,t19,GLI3,0.9364478114478114,0.9364478114478114,False
orion_hct116,t19,GMEB2,0.9890572390572392,0.9890572390572392,False
orion_hct116,t19,GPATCH8,0.9945286195286194,0.9945286195286194,False
orion_hct116,t19,GRAMD1A,0.22053872053872053,0.22053872053872053,False
orion_hct116,t19,GTF2IRD1,0.45328282828282823,0.45328282828282823,False
orion_hct116,t19,HDAC1,0.7542087542087542,0.7542087542087542,False
orion_hct116,t19,HDAC8,0.6359427609427609,0.6359427609427609,False
orion_hct116,t19,HEATR6,0.6527777777777778,0.6527777777777778,False
orion_hct116,t19,HMGN3,0.3703703703703704,0.3703703703703704,False
orion_hct116,t19,HMGXB3,1.0,1.0,True
orion_hct116,t19,HOMEZ,0.7243265993265993,0.7251683501683501,True
orion_hct116,t19,HSBP1,0.42424242424242425,0.42424242424242425,False
orion_hct116,t19,HSP90AB1,0.648148148148148,0.648148148148148,False
orion_hct116,t19,IFI27L2,0.4486531986531987,0.4486531986531987,False
orion_hct116,t19,IFNAR2,0.2836700336700337,0.2836700336700337,False
orion_hct116,t19,IFNGR2,0.22348484848484848,0.22348484848484848,False
orion_hct116,t19,IREB2,0.34132996632996626,0.34132996632996626,False
orion_hct116,t19,KDM5A,0.9932659932659933,0.9932659932659933,True
orion_hct116,t19,KHDRBS1,0.922979797979798,0.922979797979798,False
orion_hct116,t19,KHSRP,1.0,1.0,False
orion_hct116,t19,KIF21B,0.6536195286195287,0.6536195286195287,False
orion_hct116,t19,KIF2A,0.3733164983164983,0.3733164983164983,False
orion_hct116,t19,LDLR,0.9962121212121213,0.9962121212121213,False
orion_hct116,t19,LENG1,0.34385521885521886,0.34385521885521886,False
orion_hct116,t19,LMAN1,0.5841750841750842,0.5841750841750842,False
orion_hct116,t19,LMBRD2,0.5622895622895623,0.561026936026936,True
orion_hct116,t19,LPCAT3,0.531144781144781,0.531144781144781,False
orion_hct116,t19,MAP2K2,0.3863636363636363,0.3863636363636363,False
orion_hct116,t19,MAPK7,0.7344276094276094,0.7592592592592592,True
orion_hct116,t19,MARCKSL1,0.3813131313131313,0.3813131313131313,False
orion_hct116,t19,MBD4,0.4983164983164984,0.4983164983164984,False
orion_hct116,t19,MED13,0.24537037037037035,0.24537037037037035,False
orion_hct116,t19,MED15,0.9688552188552187,0.9692760942760942,True
orion_hct116,t19,MED25,0.9187710437710437,0.9158249158249158,True
orion_hct116,t19,MLKL,0.5391414141414141,0.5391414141414141,False
orion_hct116,t19,MLLT10,0.2542087542087542,0.2542087542087542,True
orion_hct116,t19,MSANTD4,0.6835016835016836,0.6835016835016836,False
orion_hct116,t19,MSI2,0.8947811447811448,0.8947811447811448,False
orion_hct116,t19,MTA1,1.0,1.0,False
orion_hct116,t19,MTF1,0.9924242424242424,0.9924242424242424,False
orion_hct116,t19,MTHFSD,0.7508417508417509,0.7508417508417509,False
orion_hct116,t19,MTM1,0.8375420875420875,0.8375420875420875,False
orion_hct116,t19,MYD88,0.504208754208754,0.513047138047138,True
orion_hct116,t19,MYPOP,0.5509259259259259,0.5509259259259259,False
orion_hct116,t19,MYRF,0.9267676767676769,0.9267676767676769,False
orion_hct116,t19,NABP2,0.9991582491582491,0.9991582491582491,True
orion_hct116,t19,NAIF1,0.9983164983164983,0.9983164983164983,True
orion_hct116,t19,NCLN,0.6010101010101011,0.6010101010101011,False
orion_hct116,t19,NFE2L1,0.9764309764309765,0.9764309764309765,False
orion_hct116,t19,NGLY1,0.9814814814814814,0.9814814814814814,False
orion_hct116,t19,NIPAL3,0.46464646464646475,0.46464646464646475,True
orion_hct116,t19,NT5DC1,0.699074074074074,0.699074074074074,False
orion_hct116,t19,NUP37,0.6734006734006734,0.6734006734006734,True
orion_hct116,t19,PAN2,0.9823232323232323,0.9823232323232323,True
orion_hct116,t19,PAPOLA,0.9978956228956228,0.9978956228956228,False
orion_hct116,t19,PARP3,0.9886363636363638,0.9886363636363638,True
orion_hct116,t19,PATL1,0.5353535353535354,0.5353535353535354,False
orion_hct116,t19,PBLD,1.0,1.0,True
orion_hct116,t19,PCGF1,0.5681818181818181,0.5681818181818181,False
orion_hct116,t19,PCGF6,0.9995791245791246,0.9995791245791246,False
orion_hct116,t19,PDCD4,0.2037037037037037,0.2037037037037037,False
orion_hct116,t19,PDE6D,0.4309764309764309,0.4234006734006734,True
orion_hct116,t19,PDK1,0.9065656565656565,0.9065656565656565,False
orion_hct116,t19,PDK3,0.17887205387205388,0.17887205387205388,False
orion_hct116,t19,PHF19,0.22685185185185183,0.22685185185185183,False
orion_hct116,t19,PHF23,0.8573232323232323,0.8602693602693603,True
orion_hct116,t19,PHF8,0.9861111111111112,0.9861111111111112,False
orion_hct116,t19,PI4KB,0.9402356902356903,0.9402356902356903,False
orion_hct116,t19,PIM2,0.8547979797979797,0.8547979797979797,False
orion_hct116,t19,PIN1,0.8989898989898989,0.8989898989898989,False
orion_hct116,t19,PINK1,0.5576599326599326,0.5576599326599326,False
orion_hct116,t19,PLAGL2,0.30934343434343436,0.3236531986531987,True
orion_hct116,t19,PLCG1,0.6595117845117844,0.6595117845117844,False
orion_hct116,t19,PNP,0.48274410774410775,0.5071548821548821,True
orion_hct116,t19,POLD4,0.26052188552188554,0.26052188552188554,False
orion_hct116,t19,POR,0.7643097643097643,0.7643097643097643,False
orion_hct116,t19,PPIF,0.556818181818182,0.556818181818182,False
orion_hct116,t19,PPIP5K2,0.15572390572390576,0.15572390572390576,True
orion_hct116,t19,PQBP1,0.997053872053872,0.997053872053872,False
orion_hct116,t19,PRDX3,0.6144781144781145,0.6144781144781145,False
orion_hct116,t19,PRKAB2,0.8653198653198654,0.8653198653198654,False
orion_hct116,t19,PRKACA,0.28787878787878785,0.28787878787878785,False
orion_hct116,t19,PRMT2,0.6776094276094277,0.6776094276094277,False
orion_hct116,t19,PRMT6,0.9600168350168351,0.9600168350168351,False
orion_hct116,t19,PRMT7,0.8472222222222222,0.8539562289562289,True
orion_hct116,t19,PRNP,0.6477272727272727,0.6477272727272727,False
orion_hct116,t19,PSKH1,0.18981481481481483,0.18981481481481483,False
orion_hct116,t19,PSMB9,0.6144781144781145,0.6153198653198653,True
orion_hct116,t19,PTMS,0.8867845117845118,0.8952020202020203,True
orion_hct116,t19,PTOV1,0.38846801346801346,0.38846801346801346,False
orion_hct116,t19,PYCR1,0.02356902356902355,0.02356902356902355,True
orion_hct116,t19,RAB11FIP5,0.8371212121212122,0.8371212121212122,False
orion_hct116,t19,RABEP2,0.7074915824915826,0.7074915824915826,True
orion_hct116,t19,RBM18,1.0,1.0,True
orion_hct116,t19,RBM26,0.9949494949494948,0.9949494949494948,False
orion_hct116,t19,RBM4B,0.5075757575757576,0.5075757575757576,False
orion_hct116,t19,RBM5,0.9991582491582491,0.9991582491582491,False
orion_hct116,t19,RC3H2,0.8287037037037037,0.8287037037037037,False
orion_hct116,t19,REV1,0.09974747474747475,0.09974747474747475,False
orion_hct116,t19,RNF10,0.9776936026936026,0.9806397306397306,True
orion_hct116,t19,RNF141,0.40488215488215495,0.40488215488215495,False
orion_hct116,t19,RNF2,0.8901515151515151,0.8901515151515151,False
orion_hct116,t19,RSRC1,0.9377104377104379,0.9381313131313134,True
orion_hct116,t19,S100A11,0.523989898989899,0.523989898989899,False
orion_hct116,t19,SAP30L,0.2264309764309764,0.2264309764309764,False
orion_hct116,t19,SEMA4F,0.5854377104377104,0.5854377104377104,False
orion_hct116,t19,SFXN4,0.571127946127946,0.571127946127946,False
orion_hct116,t19,SH2D3A,0.3455387205387206,0.34385521885521886,True
orion_hct116,t19,SHPRH,0.457912457912458,0.457912457912458,False
orion_hct116,t19,SIN3B,0.9945286195286194,0.9945286195286194,False
orion_hct116,t19,SLC25A13,0.8472222222222222,0.8472222222222222,False
orion_hct116,t19,SLC39A1,0.6144781144781145,0.6165824915824917,True
orion_hct116,t19,SLC44A1,0.22601010101010102,0.22601010101010102,False
orion_hct116,t19,SMARCA5,0.9882154882154883,0.9882154882154883,False
orion_hct116,t19,SMARCC2,0.7912457912457912,0.7912457912457912,False
orion_hct116,t19,SMYD2,0.5787037037037037,0.5787037037037037,False
orion_hct116,t19,SND1,0.6952861952861953,0.6952861952861953,False
orion_hct116,t19,SNN,0.5202020202020202,0.5202020202020202,False
orion_hct116,t19,SNRK,0.6776094276094277,0.6776094276094277,False
orion_hct116,t19,SNX4,0.7815656565656567,0.7815656565656567,False
orion_hct116,t19,SOCS5,0.8905723905723906,0.8905723905723906,False
orion_hct116,t19,SRSF5,0.7327441077441077,0.7327441077441077,False
orion_hct116,t19,SSR4,0.9111952861952862,0.9255050505050506,True
orion_hct116,t19,STAT6,0.29797979797979796,0.2946127946127946,True
orion_hct116,t19,SUPT7L,0.832070707070707,0.8375420875420876,True
orion_hct116,t19,SYVN1,0.9957912457912457,0.9957912457912457,False
orion_hct116,t19,TAF4,0.8425925925925926,0.8425925925925926,False
orion_hct116,t19,TARBP2,0.28577441077441074,0.29335016835016836,True
orion_hct116,t19,TBC1D19,0.6994949494949494,0.6994949494949494,False
orion_hct116,t19,TBCK,0.9978956228956228,0.9987373737373737,True
orion_hct116,t19,TDRD7,0.5155723905723906,0.5155723905723906,False
orion_hct116,t19,TEAD4,0.9696969696969698,0.9696969696969698,False
orion_hct116,t19,TESK2,0.4166666666666667,0.4166666666666667,False
orion_hct116,t19,TEX2,0.9789562289562289,0.9789562289562289,False
orion_hct116,t19,TFCP2,0.9608585858585857,0.9608585858585857,False
orion_hct116,t19,THAP3,0.8901515151515151,0.8901515151515151,False
orion_hct116,t19,THAP7,0.9574915824915825,0.9574915824915825,False
orion_hct116,t19,TIMM17B,0.9983164983164983,0.9983164983164983,False
orion_hct116,t19,TIMM50,0.2996632996632997,0.2996632996632997,False
orion_hct116,t19,TMCO6,0.5416666666666666,0.5416666666666666,False
orion_hct116,t19,TMED3,0.5686026936026934,0.5686026936026934,False
orion_hct116,t19,TMEM104,0.9819023569023568,0.984006734006734,True
orion_hct116,t19,TMEM186,0.9015151515151515,0.9015151515151515,False
orion_hct116,t19,TMEM209,0.75,0.75,True
orion_hct116,t19,TMEM41B,0.7870370370370371,0.7870370370370371,False
orion_hct116,t19,TMEM79,1.0,1.0,True
orion_hct116,t19,TMF1,0.5799663299663299,0.5799663299663299,False
orion_hct116,t19,TRAPPC6A,0.986952861952862,0.986952861952862,False
orion_hct116,t19,TRIB3,0.9179292929292929,0.9179292929292929,False
orion_hct116,t19,TRIM35,0.57996632996633,0.6178451178451179,True
orion_hct116,t19,TRIP4,0.9158249158249158,0.9553872053872055,True
orion_hct116,t19,TRMT1,0.36531986531986527,0.37457912457912457,True
orion_hct116,t19,TRPC4AP,0.8872053872053871,0.8872053872053871,False
orion_hct116,t19,TTBK2,0.125,0.125,False
orion_hct116,t19,TWF2,0.8888888888888888,0.8914141414141413,True
orion_hct116,t19,TXNDC16,0.31355218855218847,0.3139730639730639,True
orion_hct116,t19,UPF3B,1.0,1.0,False
orion_hct116,t19,USP28,0.49368686868686873,0.49368686868686873,False
orion_hct116,t19,VIM,0.2159090909090909,0.2159090909090909,False
orion_hct116,t19,WBP4,1.0,1.0,True
orion_hct116,t19,YIPF6,0.9713804713804713,0.9713804713804713,False
orion_hct116,t19,ZBTB34,0.4461279461279461,0.4461279461279461,False
orion_hct116,t19,ZBTB41,0.17845117845117842,0.17845117845117842,False
orion_hct116,t19,ZBTB48,0.36700336700336705,0.36700336700336705,False
orion_hct116,t19,ZC2HC1A,0.3947811447811448,0.3947811447811448,False
orion_hct116,t19,ZC3HAV1,0.5934343434343433,0.5774410774410774,True
orion_hct116,t19,ZDHHC12,0.7382154882154883,0.7382154882154883,False
orion_hct116,t19,ZDHHC4,0.978114478114478,0.978114478114478,False
orion_hct116,t19,ZFP62,0.8409090909090909,0.8409090909090909,False
orion_hct116,t19,ZHX3,0.7218013468013468,0.7218013468013468,False
orion_hct116,t19,ZKSCAN1,0.8228114478114479,0.8228114478114479,False
orion_hct116,t19,ZKSCAN2,0.5193602693602695,0.5193602693602695,False
orion_hct116,t19,ZKSCAN3,0.6367845117845118,0.6367845117845118,False
orion_hct116,t19,ZNF16,0.1734006734006734,0.1734006734006734,False
orion_hct116,t19,ZNF174,0.8021885521885521,0.808080808080808,True
orion_hct116,t19,ZNF219,0.04124579124579123,0.04124579124579123,False
orion_hct116,t19,ZNF22,0.3282828282828283,0.3282828282828283,False
orion_hct116,t19,ZNF25,0.5824915824915825,0.5824915824915825,False
orion_hct116,t19,ZNF251,0.014730639730639717,0.014730639730639717,False
orion_hct116,t19,ZNF280C,0.654040404040404,0.654040404040404,False
orion_hct116,t19,ZNF282,0.2882996632996633,0.2882996632996633,False
orion_hct116,t19,ZNF32,0.23569023569023567,0.23569023569023567,False
orion_hct116,t19,ZNF324,0.8872053872053871,0.8872053872053871,False
orion_hct116,t19,ZNF397,0.9423400673400673,0.9423400673400673,False
orion_hct116,t19,ZNF410,0.9957912457912459,0.9957912457912459,False
orion_hct116,t19,ZNF444,0.8720538720538721,0.8720538720538721,False
orion_hct116,t19,ZNF462,0.9995791245791246,0.9995791245791246,False
orion_hct116,t19,ZNF496,0.590909090909091,0.590909090909091,True
orion_hct116,t19,ZNF507,1.0,1.0,False
orion_hct116,t19,ZNF514,0.7302188552188552,0.7306397306397306,True
orion_hct116,t19,ZNF526,0.7984006734006734,0.7988215488215489,True
orion_hct116,t19,ZNF530,0.7651515151515151,0.7651515151515151,False
orion_hct116,t19,ZNF543,0.8207070707070708,0.8207070707070708,False
orion_hct116,t19,ZNF627,0.9532828282828283,0.9528619528619529,True
orion_hct116,t19,ZNF641,0.34890572390572394,0.34890572390572394,False
orion_hct116,t19,ZNF670,0.020202020202020197,0.020202020202020197,False
orion_hct116,t19,ZNF714,0.789983164983165,0.789983164983165,False
orion_hct116,t19,ZNF740,0.7377946127946128,0.7386363636363636,True
orion_hct116,t19,ZNF768,0.49242424242424243,0.49242424242424243,False
orion_hct116,t19,ZNF777,0.728956228956229,0.728956228956229,False
orion_hct116,t19,ZNF783,0.15656565656565657,0.15656565656565657,False
orion_hct116,t19,ZNF784,0.15614478114478114,0.16624579124579122,True
orion_hct116,t19,ZNF786,0.1132154882154882,0.1132154882154882,False
orion_hct116,t19,ZNF821,0.9743265993265994,0.9743265993265994,False
orion_hek293t,t16,ACLY,0.9995988768551946,0.9995988768551946,True
orion_hek293t,t16,ADNP,0.9979943842759726,0.9979943842759726,False
orion_hek293t,t16,AGO1,0.820296831127156,0.820296831127156,False
orion_hek293t,t16,AKAP1,0.5306859205776173,0.5306859205776173,False
orion_hek293t,t16,AKT2,0.8840754111512235,0.8840754111512235,False
orion_hek293t,t16,ALG12,0.6205375050140394,0.6658644203770557,True
orion_hek293t,t16,ANKZF1,0.8736462093862816,0.8920978740473325,True
orion_hek293t,t16,ANP32B,0.7300441235459287,0.7300441235459287,False
orion_hek293t,t16,AP2A2,0.608904933814681,0.608904933814681,False
orion_hek293t,t16,API5,0.6598475732049739,0.6598475732049739,False
orion_hek293t,t16,ARL14EP,0.7103890894504612,0.7103890894504612,False
orion_hek293t,t16,ASCC2,0.06618531889290011,0.06618531889290011,False
orion_hek293t,t16,BCKDK,0.15924588848776577,0.15924588848776577,False
orion_hek293t,t16,BCL6,0.7749699157641395,0.7749699157641395,False
orion_hek293t,t16,BCL7C,0.7332531087043722,0.7332531087043722,True
orion_hek293t,t16,BRD1,0.3553951062976334,0.3553951062976334,False
orion_hek293t,t16,BRPF1,0.9987966305655837,0.9987966305655837,False
orion_hek293t,t16,CAND1,0.9290012033694344,0.9290012033694344,False
orion_hek293t,t16,CAPRIN2,0.8636181307661452,0.8636181307661452,False
orion_hek293t,t16,CARM1,1.0,1.0,False
orion_hek293t,t16,CAT,0.36502206177296437,0.36502206177296437,False
orion_hek293t,t16,CCDC112,0.03650220617729643,0.03650220617729643,False
orion_hek293t,t16,CHD3,0.6105094263939029,0.6285599679101485,True
orion_hek293t,t16,CHD6,0.955074207781789,0.955074207781789,False
orion_hek293t,t16,CHKB,0.06578419574809466,0.06578419574809466,True
orion_hek293t,t16,CLCN6,0.7372643401524266,0.7208182912154031,True
orion_hek293t,t16,COIL,0.39310068190934616,0.39310068190934616,False
orion_hek293t,t16,COMMD8,0.6056959486562374,0.6056959486562374,False
orion_hek293t,t16,COQ10B,0.762936221419976,0.762936221419976,False
orion_hek293t,t16,CSNK2A1,1.0,1.0,False
orion_hek293t,t16,CYTH2,0.23545928600080224,0.23545928600080224,False
orion_hek293t,t16,DBF4B,0.5856397914159647,0.5856397914159647,False
orion_hek293t,t16,DBN1,0.34055354993983156,0.34055354993983156,False
orion_hek293t,t16,DCAF16,0.5499398315282792,0.6674689129562776,True
orion_hek293t,t16,DCP2,1.0,1.0,False
orion_hek293t,t16,DDHD1,0.9025270758122743,0.9025270758122743,False
orion_hek293t,t16,DEAF1,0.25270758122743686,0.25270758122743686,False
orion_hek293t,t16,DEK,0.30886482150020056,0.30886482150020056,False
orion_hek293t,t16,DHRS1,0.8924989971921379,0.9037304452466908,True
orion_hek293t,t16,DHX35,0.9213798636181308,0.9213798636181308,False
orion_hek293t,t16,DLAT,0.4725230645808263,0.4725230645808263,False
orion_hek293t,t16,DMTF1,0.7673485760128359,0.7673485760128359,False
orion_hek293t,t16,DNTTIP1,0.7280385078219012,0.7280385078219012,True
orion_hek293t,t16,DRG2,0.9562775772162053,0.9562775772162053,False
orion_hek293t,t16,DTNBP1,0.6550340954673084,0.6550340954673084,False
orion_hek293t,t16,DVL3,0.7372643401524269,0.7372643401524269,False
orion_hek293t,t16,E2F1,0.7501002807862014,0.7501002807862014,False
orion_hek293t,t16,EAPP,0.7176093060569594,0.7176093060569594,False
orion_hek293t,t16,EEF1A2,0.5130365022061772,0.5130365022061772,False
orion_hek293t,t16,ELK1,0.8808664259927798,0.8808664259927798,False
orion_hek293t,t16,EPC2,0.9799438427597271,0.9799438427597271,False
orion_hek293t,t16,EPM2AIP1,0.5034095467308464,0.5940633774568793,True
orion_hek293t,t16,EZH2,0.8547934215804253,0.8547934215804253,False
orion_hek293t,t16,FAM120A,0.9951865222623345,0.9979943842759726,True
orion_hek293t,t16,FCGRT,0.2623345367027678,0.2623345367027678,False
orion_hek293t,t16,FHL3,0.667870036101083,0.6694745286803048,True
orion_hek293t,t16,FOXN2,1.0,1.0,False
orion_hek293t,t16,FOXO4,0.38066586442037703,0.38066586442037703,False
orion_hek293t,t16,FUBP3,0.9081427998395508,0.9081427998395508,False
orion_hek293t,t16,FXYD5,0.4143602085840354,0.4143602085840354,False
orion_hek293t,t16,FZD2,0.7573204973926996,0.7573204973926996,False
orion_hek293t,t16,GIGYF2,0.9987966305655837,0.9987966305655837,False
orion_hek293t,t16,GLI3,0.9534697152025671,0.9534697152025671,False
orion_hek293t,t16,GMEB2,0.9919775371038908,0.9919775371038908,False
orion_hek293t,t16,GPATCH8,0.9995988768551946,0.9995988768551946,False
orion_hek293t,t16,GRAMD1A,0.4689129562775773,0.4689129562775773,False
orion_hek293t,t16,GTF2IRD1,0.5451263537906138,0.5451263537906138,False
orion_hek293t,t16,HDAC1,0.3910950661853189,0.3910950661853189,False
orion_hek293t,t16,HDAC8,0.9687123947051745,0.9687123947051745,False
orion_hek293t,t16,HEATR6,0.9739269955876454,0.9739269955876454,False
orion_hek293t,t16,HMGN3,0.1456077015643803,0.1456077015643803,False
orion_hek293t,t16,HMGN4,0.2543120738066586,0.2543120738066586,False
orion_hek293t,t16,HMGXB3,0.9330124348174889,0.9334135579622943,True
orion_hek293t,t16,HOMEZ,0.4488567990373044,0.4512635379061371,True
orion_hek293t,t16,HSBP1,0.8495788206979543,0.8495788206979543,False
orion_hek293t,t16,HSP90AB1,0.6177296430004011,0.6177296430004011,False
orion_hek293t,t16,IFI27L2,0.4657039711191337,0.4657039711191337,False
orion_hek293t,t16,IFNAR2,0.7609306056959486,0.7609306056959486,False
orion_hek293t,t16,IFNGR2,0.5142398716405938,0.5142398716405938,False
orion_hek293t,t16,IREB2,0.5142398716405937,0.5142398716405937,False
orion_hek293t,t16,KDM5A,0.9614921780986764,0.9655034095467308,True
orion_hek293t,t16,KHDRBS1,0.7268351383874849,0.7268351383874849,False
orion_hek293t,t16,KHSRP,0.9390292819895709,0.9390292819895709,False
orion_hek293t,t16,KIF21B,0.7561171279582832,0.7561171279582832,False
orion_hek293t,t16,KIF2A,0.6474127557160049,0.6474127557160049,False
orion_hek293t,t16,KMT2A,0.9687123947051745,0.9687123947051745,False
orion_hek293t,t16,LDLR,0.8118732450862415,0.8118732450862415,False
orion_hek293t,t16,LENG1,0.8030485359005215,0.8030485359005215,False
orion_hek293t,t16,LMAN1,0.24227837946249497,0.24227837946249497,False
orion_hek293t,t16,LMBRD2,0.4007220216606498,0.41275571600481353,True
orion_hek293t,t16,LPCAT3,0.17488969113517847,0.17488969113517847,False
orion_hek293t,t16,MAP2K2,0.8479743281187324,0.8479743281187324,False
orion_hek293t,t16,MAPK7,0.33333333333333326,0.37866024869634973,True
orion_hek293t,t16,MARCKSL1,0.7693541917368633,0.7693541917368633,False
orion_hek293t,t16,MBD4,0.5940633774568794,0.5940633774568794,False
orion_hek293t,t16,MED13,0.9971921379863617,0.9971921379863617,False
orion_hek293t,t16,MED15,0.9843561973525872,0.9847573204973927,True
orion_hek293t,t16,MED25,0.1921379863618131,0.19133574007220217,True
orion_hek293t,t16,MLKL,0.8062575210589651,0.8062575210589651,False
orion_hek293t,t16,MLLT10,0.11913357400722023,0.11913357400722023,True
orion_hek293t,t16,MSANTD4,0.9177697553148817,0.9177697553148817,False
orion_hek293t,t16,MSI2,0.4612916165262736,0.4612916165262736,False
orion_hek293t,t16,MTA1,0.9077416766947454,0.9077416766947454,False
orion_hek293t,t16,MTF1,0.9855595667870036,0.9855595667870036,False
orion_hek293t,t16,MTHFSD,0.9422382671480144,0.9422382671480144,False
orion_hek293t,t16,MTM1,0.313678299237866,0.313678299237866,False
orion_hek293t,t16,MYD88,0.837144003208985,0.8391496189330124,True
orion_hek293t,t16,MYPOP,0.955074207781789,0.955074207781789,False
orion_hek293t,t16,MYRF,0.9121540312876052,0.9121540312876052,False
orion_hek293t,t16,NABP2,0.8957079823505817,0.9081427998395508,True
orion_hek293t,t16,NAIF1,0.9891696750902528,0.9895707982350582,True
orion_hek293t,t16,NCLN,0.8736462093862816,0.8736462093862816,False
orion_hek293t,t16,NFE2L1,0.10910549538708383,0.10910549538708383,False
orion_hek293t,t16,NGLY1,0.703971119133574,0.703971119133574,False
orion_hek293t,t16,NIPAL3,0.8066586442037705,0.807059767348576,True
orion_hek293t,t16,NIPSNAP3A,0.3501805054151624,0.3501805054151624,False
orion_hek293t,t16,NT5DC1,0.43160850381066984,0.43160850381066984,False
orion_hek293t,t16,NUP37,0.7152025671881268,0.7236261532290414,True
orion_hek293t,t16,PAN2,0.8363417569193743,0.8363417569193743,True
orion_hek293t,t16,PAPOLA,0.8531889290012034,0.8531889290012034,False
orion_hek293t,t16,PARP3,0.9606899318090654,0.9618933012434816,True
orion_hek293t,t16,PATL1,0.761331728840754,0.761331728840754,False
orion_hek293t,t16,PBLD,0.6674689129562776,0.6795026073004412,True
orion_hek293t,t16,PCGF1,1.0,1.0,False
orion_hek293t,t16,PCGF6,0.9582831929402327,0.9582831929402327,False
orion_hek293t,t16,PDCD4,0.42759727236261535,0.42759727236261535,False
orion_hek293t,t16,PDE6D,0.5695948656237465,0.5764139590854392,True
orion_hek293t,t16,PDK1,0.22422783794624954,0.22422783794624954,False
orion_hek293t,t16,PDK3,0.3164861612515042,0.3164861612515042,False
orion_hek293t,t16,PGLS,0.4693140794223826,0.4693140794223826,False
orion_hek293t,t16,PHF11,0.520657841957481,0.520657841957481,False
orion_hek293t,t16,PHF19,0.9719213798636182,0.9719213798636182,False
orion_hek293t,t16,PHF23,0.9358202968311272,0.9386281588447655,True
orion_hek293t,t16,PHF8,0.9935820296831126,0.9935820296831126,False
orion_hek293t,t16,PI4KB,0.993983152827918,0.993983152827918,False
orion_hek293t,t16,PIM2,0.35499398315282793,0.35499398315282793,False
orion_hek293t,t16,PIN1,0.7930204572803851,0.7930204572803851,False
orion_hek293t,t16,PINK1,0.9281989570798235,0.9281989570798235,False
orion_hek293t,t16,PKN3,0.7472924187725631,0.7472924187725631,False
orion_hek293t,t16,PLAGL2,0.5475330926594464,0.5551544324107501,True
orion_hek293t,t16,PLCG1,0.4368231046931408,0.4368231046931408,False
orion_hek293t,t16,PNP,0.723225030084236,0.7509025270758123,True
orion_hek293t,t16,POLD4,0.8267148014440433,0.8267148014440433,False
orion_hek293t,t16,POR,0.918973124749298,0.918973124749298,False
orion_hek293t,t16,PPIF,0.6157240272763738,0.6157240272763738,False
orion_hek293t,t16,PPIP5K2,0.7296430004011233,0.7296430004011233,True
orion_hek293t,t16,PQBP1,1.0,1.0,False
orion_hek293t,t16,PRDX3,0.5166466105094264,0.5166466105094264,False
orion_hek293t,t16,PRKAB2,0.8219013237063779,0.8219013237063779,False
orion_hek293t,t16,PRKACA,0.49578820697954273,0.49578820697954273,False
orion_hek293t,t16,PRMT2,0.48375451263537905,0.48375451263537905,False
orion_hek293t,t16,PRMT6,0.9731247492980345,0.9731247492980345,False
orion_hek293t,t16,PRMT7,0.5776173285198555,0.5812274368231046,True
orion_hek293t,t16,PRNP,0.14400320898515848,0.14400320898515848,False
orion_hek293t,t16,PSKH1,0.14199759326113115,0.14199759326113115,False
orion_hek293t,t16,PSMB9,0.3437625350982752,0.34055354993983156,True
orion_hek293t,t16,PTMS,0.3204973926995588,0.3225030084235861,True
orion_hek293t,t16,PTOV1,0.3890894504612917,0.3890894504612917,False
orion_hek293t,t16,PYCR1,0.41837144003208987,0.41837144003208987,True
orion_hek293t,t16,R3HCC1L,0.993983152827918,0.993983152827918,False
orion_hek293t,t16,RAB11FIP5,0.19655034095467305,0.19655034095467305,False
orion_hek293t,t16,RAB5A,0.8407541115122342,0.8407541115122342,True
orion_hek293t,t16,RABEP2,0.4733253108704372,0.4733253108704372,True
orion_hek293t,t16,RBM18,0.9382270356999598,0.950661853188929,True
orion_hek293t,t16,RBM26,0.9995988768551946,0.9995988768551946,False
orion_hek293t,t16,RBM4B,0.5359005214600882,0.5359005214600882,False
orion_hek293t,t16,RBM5,0.9073405535499399,0.9073405535499399,False
orion_hek293t,t16,RC3H2,0.935820296831127,0.935820296831127,False
orion_hek293t,t16,REV1,0.3164861612515042,0.3164861612515042,False
orion_hek293t,t16,RNF10,0.7476935419173686,0.7123947051744888,True
orion_hek293t,t16,RNF141,0.1801042920176494,0.1801042920176494,False
orion_hek293t,t16,RNF2,0.9983955074207782,0.9983955074207782,False
orion_hek293t,t16,RSRC1,0.9847573204973927,0.9847573204973927,True
orion_hek293t,t16,S100A11,0.7276373846770958,0.7276373846770958,False
orion_hek293t,t16,SAP30L,0.7545126353790613,0.7545126353790613,False
orion_hek293t,t16,SEMA4F,0.7051744885679905,0.7051744885679905,False
orion_hek293t,t16,SFXN4,0.09707180104292018,0.09707180104292018,False
orion_hek293t,t16,SH2D3A,0.2819895707982351,0.28279181708784595,True
orion_hek293t,t16,SHPRH,0.2968311271560369,0.2968311271560369,False
orion_hek293t,t16,SIN3B,0.9759326113116725,0.9759326113116725,False
orion_hek293t,t16,SLC25A13,0.9173686321700762,0.9173686321700762,False
orion_hek293t,t16,SLC39A1,0.23345367027677494,0.232651423987164,True
orion_hek293t,t16,SLC44A1,0.9081427998395508,0.9081427998395508,False
orion_hek293t,t16,SLIRP,0.7492980344965905,0.7593261131167268,True
orion_hek293t,t16,SMARCA5,0.99558764540714,0.99558764540714,False
orion_hek293t,t16,SMARCC2,0.39510629763337346,0.39510629763337346,False
orion_hek293t,t16,SMYD2,0.390292819895708,0.390292819895708,False
orion_hek293t,t16,SND1,0.13116726835138387,0.13116726835138387,False
orion_hek293t,t16,SNN,0.21299638989169675,0.21299638989169675,False
orion_hek293t,t16,SNRK,0.30645808263136787,0.30645808263136787,False
orion_hek293t,t16,SNX4,0.06738868832731648,0.06738868832731648,False
orion_hek293t,t16,SOCS5,0.8267148014440433,0.8267148014440433,False
orion_hek293t,t16,SRSF5,0.9281989570798235,0.9281989570798235,False
orion_hek293t,t16,SSR4,0.9675090252707581,0.978740473325311,True
orion_hek293t,t16,STAT6,0.5980746089049338,0.6040914560770156,True
orion_hek293t,t16,STK3,0.8499799438427598,0.8499799438427598,True
orion_hek293t,t16,SUPT7L,0.9394304051343761,0.9438427597272363,True
orion_hek293t,t16,SYVN1,1.0,1.0,False
orion_hek293t,t16,TAF4,0.9975932611311672,0.9975932611311672,False
orion_hek293t,t16,TARBP2,0.5579622944243883,0.5732049739269955,True
orion_hek293t,t16,TBC1D13,0.3128760529482551,0.3128760529482551,False
orion_hek293t,t16,TBC1D19,0.6389891696750903,0.6389891696750903,False
orion_hek293t,t16,TBCK,0.9667067789811471,0.9835539510629763,True
orion_hek293t,t16,TDRD7,0.11070998796630566,0.11070998796630566,False
orion_hek293t,t16,TEAD4,0.5218612113918973,0.5218612113918973,False
orion_hek293t,t16,TESK2,0.8423586040914562,0.8423586040914562,False
orion_hek293t,t16,TEX2,0.8732450862414762,0.8732450862414762,False
orion_hek293t,t16,TFCP2,0.8347372643401525,0.8347372643401525,False
orion_hek293t,t16,THAP3,0.875651825110309,0.875651825110309,False
orion_hek293t,t16,THAP7,0.9995988768551946,0.9995988768551946,False
orion_hek293t,t16,TIMM17B,0.9574809466506218,0.9574809466506218,False
orion_hek293t,t16,TIMM50,0.47934215804251906,0.47934215804251906,False
orion_hek293t,t16,TMCO6,0.9105495387083836,0.9105495387083836,False
orion_hek293t,t16,TMED3,0.2968311271560368,0.2968311271560368,False
orion_hek293t,t16,TMEM104,0.9743281187324508,0.9827517047733654,True
orion_hek293t,t16,TMEM186,0.7946249498596071,0.7946249498596071,False
orion_hek293t,t16,TMEM209,0.7777777777777778,0.7777777777777778,True
orion_hek293t,t16,TMEM41B,0.7637384677095868,0.7637384677095868,False
orion_hek293t,t16,TMEM79,0.9995988768551946,1.0,True
orion_hek293t,t16,TMF1,0.426393902928199,0.426393902928199,False
orion_hek293t,t16,TRAPPC6A,0.8945046129161653,0.8945046129161653,False
orion_hek293t,t16,TRIB3,0.8937023666265544,0.8937023666265544,False
orion_hek293t,t16,TRIM35,0.27717609306056956,0.29322101885278784,True
orion_hek293t,t16,TRIP4,0.16807059767348576,0.22583233052547133,True
orion_hek293t,t16,TRMT1,0.2611311672683514,0.2486963497793823,True
orion_hek293t,t16,TRPC4AP,0.8259125551544324,0.8259125551544324,False
orion_hek293t,t16,TTBK2,0.41877256317689526,0.41877256317689526,False
orion_hek293t,t16,TWF2,0.5322904131568391,0.5350982751704774,True
orion_hek293t,t16,TXNDC16,0.878459687123947,0.8796630565583634,True
orion_hek293t,t16,UPF3B,0.8174889691135179,0.8174889691135179,False
orion_hek293t,t16,UROS,0.7200160449257923,0.7308463698355395,True
orion_hek293t,t16,USP28,0.35860409145607697,0.35860409145607697,False
orion_hek293t,t16,VIM,0.34737264340152424,0.34737264340152424,False
orion_hek293t,t16,WBP4,0.9783393501805053,0.981548335338949,True
orion_hek293t,t16,YIPF6,0.8676293622141997,0.8676293622141997,False
orion_hek293t,t16,ZBTB34,0.22703569995988765,0.22703569995988765,False
orion_hek293t,t16,ZBTB41,0.27517047733654226,0.27517047733654226,False
orion_hek293t,t16,ZBTB48,0.6241476133172884,0.6241476133172884,False
orion_hek293t,t16,ZC2HC1A,0.3369434416365824,0.3369434416365824,False
orion_hek293t,t16,ZC3HAV1,0.5082230244685119,0.5142398716405937,True
orion_hek293t,t16,ZDHHC12,0.07460890493381467,0.07460890493381467,False
orion_hek293t,t16,ZDHHC4,0.9771359807460891,0.9771359807460891,False
orion_hek293t,t16,ZFP62,0.7099879663056559,0.7099879663056559,False
orion_hek293t,t16,ZHX3,0.39711191335740076,0.39711191335740076,False
orion_hek293t,t16,ZKSCAN1,0.6795026073004412,0.6795026073004412,False
orion_hek293t,t16,ZKSCAN2,0.4564781387886081,0.4564781387886081,False
orion_hek293t,t16,ZKSCAN3,0.5010028078620137,0.5010028078620137,False
orion_hek293t,t16,ZNF16,0.574408343361412,0.574408343361412,False
orion_hek293t,t16,ZNF174,0.5130365022061772,0.5367027677496992,True
orion_hek293t,t16,ZNF22,0.7192137986361813,0.7192137986361813,False
orion_hek293t,t16,ZNF25,0.2322503008423586,0.2322503008423586,False
orion_hek293t,t16,ZNF251,0.5471319695146409,0.5471319695146409,False
orion_hek293t,t16,ZNF280C,0.8912956277577216,0.8912956277577216,False
orion_hek293t,t16,ZNF282,0.4500601684717208,0.4500601684717208,False
orion_hek293t,t16,ZNF32,0.23265142398716407,0.23265142398716407,False
orion_hek293t,t16,ZNF324,0.6209386281588447,0.6209386281588447,False
orion_hek293t,t16,ZNF397,0.6117127958283191,0.6117127958283191,False
orion_hek293t,t16,ZNF410,0.8503810669875651,0.8503810669875651,False
orion_hek293t,t16,ZNF444,0.9105495387083836,0.9105495387083836,False
orion_hek293t,t16,ZNF462,0.9659045326915362,0.9659045326915362,False
orion_hek293t,t16,ZNF496,0.49097472924187735,0.49097472924187735,True
orion_hek293t,t16,ZNF507,0.9991977537103891,0.9991977537103891,False
orion_hek293t,t16,ZNF514,0.8880866425992779,0.8884877657440834,True
orion_hek293t,t16,ZNF526,0.2896109105495388,0.28760529482551145,True
orion_hek293t,t16,ZNF530,0.22382671480144406,0.22382671480144406,False
orion_hek293t,t16,ZNF543,0.35499398315282793,0.35499398315282793,False
orion_hek293t,t16,ZNF627,0.496991576413959,0.48576012835940635,True
orion_hek293t,t16,ZNF628,0.6863217007621341,0.6863217007621341,False
orion_hek293t,t16,ZNF641,0.4384275972723626,0.4384275972723626,False
orion_hek293t,t16,ZNF670,0.573606097071801,0.573606097071801,False
orion_hek293t,t16,ZNF714,0.7890092258323305,0.7890092258323305,False
orion_hek293t,t16,ZNF740,0.7657440834336141,0.7669474528680306,True
orion_hek293t,t16,ZNF768,0.0754111512234256,0.0754111512234256,False
orion_hek293t,t16,ZNF777,0.8074608904933815,0.8074608904933815,False
orion_hek293t,t16,ZNF783,0.3710389089450461,0.3710389089450461,False
orion_hek293t,t16,ZNF784,0.5683914961893302,0.536702767749699,True
orion_hek293t,t16,ZNF786,0.4925792218210991,0.4925792218210991,False
orion_hek293t,t16,ZNF821,0.8547934215804252,0.8547934215804252,False
orion_hek293t,t19,ACLY,0.9983955074207782,0.9983955074207782,True
orion_hek293t,t19,ADNP,0.9995988768551946,0.9995988768551946,False
orion_hek293t,t19,AGO1,0.9302045728038508,0.9302045728038508,False
orion_hek293t,t19,AKAP1,0.5483353389490574,0.5483353389490574,False
orion_hek293t,t19,AKT2,0.9707180104292017,0.9707180104292017,False
orion_hek293t,t19,ALG12,0.8006417970316888,0.8186923385479343,True
orion_hek293t,t19,ANKZF1,0.8355395106297634,0.8455675892498997,True
orion_hek293t,t19,ANP32B,0.6947452868030486,0.6947452868030486,False
orion_hek293t,t19,AP2A2,0.7131969514640996,0.7131969514640996,False
orion_hek293t,t19,API5,0.7456879261933413,0.7456879261933413,False
orion_hek293t,t19,ARL14EP,0.8070597673485761,0.8070597673485761,False
orion_hek293t,t19,ASCC2,0.06979542719614923,0.06979542719614923,False
orion_hek293t,t19,BCKDK,0.22101885278780584,0.22101885278780584,False
orion_hek293t,t19,BCL6,0.8672282390693943,0.8672282390693943,False
orion_hek293t,t19,BCL7C,0.7059767348576014,0.7059767348576014,True
orion_hek293t,t19,BRD1,0.23626153229041316,0.23626153229041316,False
orion_hek293t,t19,BRPF1,0.9971921379863617,0.9971921379863617,False
orion_hek293t,t19,CAND1,0.9711191335740073,0.9711191335740073,False
orion_hek293t,t19,CAPRIN2,0.7344564781387887,0.7344564781387887,False
orion_hek293t,t19,CARM1,1.0,1.0,False
orion_hek293t,t19,CAT,0.457280385078219,0.457280385078219,False
orion_hek293t,t19,CCDC112,0.06177296430004012,0.06177296430004012,False
orion_hek293t,t19,CHD3,0.5716004813477737,0.5912555154432411,True
orion_hek293t,t19,CHD6,0.9422382671480144,0.9422382671480144,False
orion_hek293t,t19,CHKB,0.06016847172081832,0.06016847172081832,True
orion_hek293t,t19,CLCN6,0.707581227436823,0.7003610108303248,True
orion_hek293t,t19,COIL,0.31006819093461696,0.31006819093461696,False
orion_hek293t,t19,COMMD8,0.7741676694745288,0.7741676694745288,False
orion_hek293t,t19,COQ10B,0.7697553148816687,0.7697553148816687,False
orion_hek293t,t19,CSNK2A1,1.0,1.0,False
orion_hek293t,t19,CYTH2,0.3068592057761733,0.3068592057761733,False
orion_hek293t,t19,DBF4B,0.6257521058965102,0.6257521058965102,False
orion_hek293t,t19,DBN1,0.5202567188126754,0.5202567188126754,False
orion_hek293t,t19,DCAF16,0.649418371440032,0.6971520256718812,True
orion_hek293t,t19,DCP2,1.0,1.0,False
orion_hek293t,t19,DDHD1,0.8828720417168071,0.8828720417168071,False
orion_hek293t,t19,DEAF1,0.29201764941837144,0.29201764941837144,False
orion_hek293t,t19,DEK,0.28319294023265146,0.28319294023265146,False
orion_hek293t,t19,DHRS1,0.8170878459687123,0.8335338949057362,True
orion_hek293t,t19,DHX35,0.9205776173285197,0.9205776173285197,False
orion_hek293t,t19,DLAT,0.3834737264340152,0.3834737264340152,False
orion_hek293t,t19,DMTF1,0.9518652226233453,0.9518652226233453,False
orion_hek293t,t19,DNTTIP1,0.673084636983554,0.673084636983554,True
orion_hek293t,t19,DRG2,0.9530685920577616,0.9530685920577616,False
orion_hek293t,t19,DTNBP1,0.6650621740874448,0.6650621740874448,False
orion_hek293t,t19,DVL3,0.7119935820296832,0.7119935820296832,False
orion_hek293t,t19,E2F1,0.7416766947452867,0.7416766947452867,False
orion_hek293t,t19,EAPP,0.5952667468912956,0.5952667468912956,False
orion_hek293t,t19,EEF1A2,0.6939430405134376,0.6939430405134376,False
orion_hek293t,t19,ELK1,0.8588046530284797,0.8588046530284797,False
orion_hek293t,t19,EPC2,0.9302045728038508,0.9302045728038508,False
orion_hek293t,t19,EPM2AIP1,0.4861612515042118,0.5447252306458084,True
orion_hek293t,t19,EZH2,0.8692338547934215,0.8692338547934215,False
orion_hek293t,t19,FAM120A,0.9963898916967509,0.9963898916967509,True
orion_hek293t,t19,FCGRT,0.259927797833935,0.259927797833935,False
orion_hek293t,t19,FHL3,0.7268351383874849,0.7288407541115123,True
orion_hek293t,t19,FOXN2,1.0,1.0,False
orion_hek293t,t19,FOXO4,0.4552747693541918,0.4552747693541918,False
orion_hek293t,t19,FUBP3,0.901323706377858,0.901323706377858,False
orion_hek293t,t19,FXYD5,0.4424388287204172,0.4424388287204172,False
orion_hek293t,t19,FZD2,0.762936221419976,0.762936221419976,False
orion_hek293t,t19,GIGYF2,0.9983955074207782,0.9983955074207782,False
orion_hek293t,t19,GLI3,0.9807460890493382,0.9807460890493382,False
orion_hek293t,t19,GMEB2,0.9975932611311672,0.9975932611311672,False
orion_hek293t,t19,GPATCH8,1.0,1.0,False
orion_hek293t,t19,GRAMD1A,0.4681107099879662,0.4681107099879662,False
orion_hek293t,t19,GTF2IRD1,0.4693140794223826,0.4693140794223826,False
orion_hek293t,t19,HDAC1,0.4548736462093863,0.4548736462093863,False
orion_hek293t,t19,HDAC8,0.9570798235058162,0.9570798235058162,False
orion_hek293t,t19,HEATR6,0.9667067789811471,0.9667067789811471,False
orion_hek293t,t19,HMGN3,0.1688728439630967,0.1688728439630967,False
orion_hek293t,t19,HMGN4,0.2607300441235459,0.2607300441235459,False
orion_hek293t,t19,HMGXB3,0.9935820296831126,0.9935820296831126,True
orion_hek293t,t19,HOMEZ,0.34857601283594064,0.3501805054151624,True
orion_hek293t,t19,HSBP1,0.8900922583233053,0.8900922583233053,False
orion_hek293t,t19,HSP90AB1,0.6554352186121138,0.6554352186121138,False
orion_hek293t,t19,IFI27L2,0.34857601283594064,0.34857601283594064,False
orion_hek293t,t19,IFNAR2,0.8519855595667869,0.8519855595667869,False
orion_hek293t,t19,IFNGR2,0.50220617729643,0.50220617729643,False
orion_hek293t,t19,IREB2,0.38227035699959894,0.38227035699959894,False
orion_hek293t,t19,KDM5A,0.9647011632571199,0.9671079021259525,True
orion_hek293t,t19,KHDRBS1,0.7460890493381468,0.7460890493381468,False
orion_hek293t,t19,KHSRP,0.9241877256317691,0.9241877256317691,False
orion_hek293t,t19,KIF21B,0.6670677898114721,0.6670677898114721,False
orion_hek293t,t19,KIF2A,0.6618531889290011,0.6618531889290011,False
orion_hek293t,t19,KMT2A,0.955074207781789,0.955074207781789,False
orion_hek293t,t19,LDLR,0.8929001203369435,0.8929001203369435,False
orion_hek293t,t19,LENG1,0.8451664661050944,0.8451664661050944,False
orion_hek293t,t19,LMAN1,0.2940232651423987,0.2940232651423987,False
orion_hek293t,t19,LMBRD2,0.5752105896510229,0.5852386682711592,True
orion_hek293t,t19,LPCAT3,0.1748896911351785,0.1748896911351785,False
orion_hek293t,t19,MAP2K2,0.8688327316486162,0.8688327316486162,False
orion_hek293t,t19,MAPK7,0.3204973926995588,0.3574007220216606,True
orion_hek293t,t19,MARCKSL1,0.6923385479342158,0.6923385479342158,False
orion_hek293t,t19,MBD4,0.6574408343361413,0.6574408343361413,False
orion_hek293t,t19,MED13,0.9951865222623345,0.9951865222623345,False
orion_hek293t,t19,MED15,0.9699157641395908,0.97352587244284,True
orion_hek293t,t19,MED25,0.17689530685920576,0.17689530685920576,True
orion_hek293t,t19,MLKL,0.7890092258323307,0.7890092258323307,False
orion_hek293t,t19,MLLT10,0.14400320898515848,0.14400320898515848,True
orion_hek293t,t19,MSANTD4,0.9398315282791818,0.9398315282791818,False
orion_hek293t,t19,MSI2,0.4115523465703971,0.4115523465703971,False
orion_hek293t,t19,MTA1,0.9663056558363416,0.9663056558363416,False
orion_hek293t,t19,MTF1,0.9819494584837545,0.9819494584837545,False
orion_hek293t,t19,MTHFSD,0.9598876855194547,0.9598876855194547,False
orion_hek293t,t19,MTM1,0.304853590052146,0.304853590052146,False
orion_hek293t,t19,MYD88,0.8026474127557159,0.8050541516245487,True
orion_hek293t,t19,MYPOP,0.9502607300441236,0.9502607300441236,False
orion_hek293t,t19,MYRF,0.8788608102687524,0.8788608102687524,False
orion_hek293t,t19,NABP2,0.8808664259927798,0.8912956277577216,True
orion_hek293t,t19,NAIF1,0.9943842759727235,0.9943842759727235,True
orion_hek293t,t19,NCLN,0.9245888487765743,0.9245888487765743,False
orion_hek293t,t19,NFE2L1,0.23465703971119137,0.23465703971119137,False
orion_hek293t,t19,NGLY1,0.7488969113517849,0.7488969113517849,False
orion_hek293t,t19,NIPAL3,0.8447653429602888,0.8439630966706779,True
orion_hek293t,t19,NIPSNAP3A,0.4223826714801444,0.4223826714801444,False
orion_hek293t,t19,NT5DC1,0.5363016446048938,0.5363016446048938,False
orion_hek293t,t19,NUP37,0.6321700762133975,0.6341756919374248,True
orion_hek293t,t19,PAN2,0.8636181307661452,0.8636181307661452,True
orion_hek293t,t19,PAPOLA,0.8259125551544324,0.8259125551544324,False
orion_hek293t,t19,PARP3,0.9823505816285599,0.9823505816285599,True
orion_hek293t,t19,PATL1,0.7039711191335739,0.7039711191335739,False
orion_hek293t,t19,PBLD,0.6943441636582431,0.6983553951062977,True
orion_hek293t,t19,PCGF1,1.0,1.0,False
orion_hek293t,t19,PCGF6,0.9715202567188127,0.9715202567188127,False
orion_hek293t,t19,PDCD4,0.3931006819093461,0.3931006819093461,False
orion_hek293t,t19,PDE6D,0.48134777376654625,0.48576012835940624,True
orion_hek293t,t19,PDK1,0.26514239871640594,0.26514239871640594,False
orion_hek293t,t19,PDK3,0.3622141997593261,0.3622141997593261,False
orion_hek293t,t19,PGLS,0.5118331327717609,0.5118331327717609,False
orion_hek293t,t19,PHF11,0.48215002005615726,0.48215002005615726,False
orion_hek293t,t19,PHF19,0.9827517047733654,0.9827517047733654,False
orion_hek293t,t19,PHF23,0.9574809466506219,0.9582831929402327,True
orion_hek293t,t19,PHF8,0.9602888086642599,0.9602888086642599,False
orion_hek293t,t19,PI4KB,0.9931809065383072,0.9931809065383072,False
orion_hek293t,t19,PIM2,0.22302446851183313,0.22302446851183313,False
orion_hek293t,t19,PIN1,0.7488969113517849,0.7488969113517849,False
orion_hek293t,t19,PINK1,0.8908945046129162,0.8908945046129162,False
orion_hek293t,t19,PKN3,0.6518251103088649,0.6518251103088649,False
orion_hek293t,t19,PLAGL2,0.5711993582029683,0.5752105896510229,True
orion_hek293t,t19,PLCG1,0.48134777376654625,0.48134777376654625,False
orion_hek293t,t19,PNP,0.7525070196550341,0.7777777777777778,True
orion_hek293t,t19,POLD4,0.8756518251103089,0.8756518251103089,False
orion_hek293t,t19,POR,0.9626955475330925,0.9626955475330925,False
orion_hek293t,t19,PPIF,0.4147613317288407,0.4147613317288407,False
orion_hek293t,t19,PPIP5K2,0.7741676694745286,0.7741676694745286,True
orion_hek293t,t19,PQBP1,1.0,1.0,False
orion_hek293t,t19,PRDX3,0.411552346570397,0.411552346570397,False
orion_hek293t,t19,PRKAB2,0.8154833533894905,0.8154833533894905,False
orion_hek293t,t19,PRKACA,0.4733253108704372,0.4733253108704372,False
orion_hek293t,t19,PRMT2,0.5186522262334536,0.5186522262334536,False
orion_hek293t,t19,PRMT6,0.9610910549538709,0.9610910549538709,False
orion_hek293t,t19,PRMT7,0.680304853590052,0.6843160850381067,True
orion_hek293t,t19,PRNP,0.17168070597673488,0.17168070597673488,False
orion_hek293t,t19,PSKH1,0.12474929803449658,0.12474929803449658,False
orion_hek293t,t19,PSMB9,0.36261532290413157,0.36221419975932606,True
orion_hek293t,t19,PTMS,0.46089049338146815,0.4657039711191335,True
orion_hek293t,t19,PTOV1,0.4123545928600081,0.4123545928600081,False
orion_hek293t,t19,PYCR1,0.4452466907340554,0.4452466907340554,True
orion_hek293t,t19,R3HCC1L,0.9951865222623345,0.9951865222623345,False
orion_hek293t,t19,RAB11FIP5,0.22382671480144406,0.22382671480144406,False
orion_hek293t,t19,RAB5A,0.778981147212194,0.778981147212194,True
orion_hek293t,t19,RABEP2,0.44203770557561173,0.44203770557561173,True
orion_hek293t,t19,RBM18,0.9723225030084236,0.9747292418772562,True
orion_hek293t,t19,RBM26,0.9987966305655837,0.9987966305655837,False
orion_hek293t,t19,RBM4B,0.3694344163658243,0.3694344163658243,False
orion_hek293t,t19,RBM5,0.9181708784596869,0.9181708784596869,False
orion_hek293t,t19,RC3H2,0.8110709987966307,0.8110709987966307,False
orion_hek293t,t19,REV1,0.38347372643401517,0.38347372643401517,False
orion_hek293t,t19,RNF10,0.7821901323706378,0.7501002807862013,True
orion_hek293t,t19,RNF141,0.37745687926193344,0.37745687926193344,False
orion_hek293t,t19,RNF2,0.9991977537103891,0.9991977537103891,False
orion_hek293t,t19,RSRC1,0.9643000401123144,0.9643000401123144,True
orion_hek293t,t19,S100A11,0.6490172482952267,0.6490172482952267,False
orion_hek293t,t19,SAP30L,0.8239069394304052,0.8239069394304052,False
orion_hek293t,t19,SEMA4F,0.767348576012836,0.767348576012836,False
orion_hek293t,t19,SFXN4,0.08102687525070194,0.08102687525070194,False
orion_hek293t,t19,SH2D3A,0.16887284396309665,0.170076213397513,True
orion_hek293t,t19,SHPRH,0.3221018852787806,0.3221018852787806,False
orion_hek293t,t19,SIN3B,0.985158443642198,0.985158443642198,False
orion_hek293t,t19,SLC25A13,0.993983152827918,0.993983152827918,False
orion_hek293t,t19,SLC39A1,0.18692338547934215,0.18732450862414762,True
orion_hek293t,t19,SLC44A1,0.8223024468511834,0.8223024468511834,False
orion_hek293t,t19,SLIRP,0.9967910148415563,0.9967910148415563,True
orion_hek293t,t19,SMARCA5,0.9739269955876454,0.9739269955876454,False
orion_hek293t,t19,SMARCC2,0.426393902928199,0.426393902928199,False
orion_hek293t,t19,SMYD2,0.45768150822302445,0.45768150822302445,False
orion_hek293t,t19,SND1,0.11833132771760929,0.11833132771760929,False
orion_hek293t,t19,SNN,0.19895707982350583,0.19895707982350583,False
orion_hek293t,t19,SNRK,0.4400320898515845,0.4400320898515845,False
orion_hek293t,t19,SNX4,0.16606498194945848,0.16606498194945848,False
orion_hek293t,t19,SOCS5,0.8519855595667871,0.8519855595667871,False
orion_hek293t,t19,SRSF5,0.9117529081428,0.9117529081428,False
orion_hek293t,t19,SSR4,0.97352587244284,0.9759326113116727,True
orion_hek293t,t19,STAT6,0.6225431207380665,0.6253509827517048,True
orion_hek293t,t19,STK3,0.892498997192138,0.8920978740473325,True
orion_hek293t,t19,SUPT7L,0.9185720016044926,0.9201764941837145,True
orion_hek293t,t19,SYVN1,1.0,1.0,False
orion_hek293t,t19,TAF4,1.0,1.0,False
orion_hek293t,t19,TARBP2,0.4448455675892498,0.4560770156438026,True
orion_hek293t,t19,TBC1D13,0.3939029281989571,0.3939029281989571,False
orion_hek293t,t19,TBC1D19,0.7127958283192941,0.7127958283192941,False
orion_hek293t,t19,TBCK,0.9967910148415563,0.9979943842759726,True
orion_hek293t,t19,TDRD7,0.09667067789811473,0.09667067789811473,False
orion_hek293t,t19,TEAD4,0.5716004813477736,0.5716004813477736,False
orion_hek293t,t19,TESK2,0.8588046530284797,0.8588046530284797,False
orion_hek293t,t19,TEX2,0.8912956277577216,0.8912956277577216,False
orion_hek293t,t19,TFCP2,0.9021259526674689,0.9021259526674689,False
orion_hek293t,t19,THAP3,0.821099077416767,0.821099077416767,False
orion_hek293t,t19,THAP7,1.0,1.0,False
orion_hek293t,t19,TIMM17B,0.959486562374649,0.959486562374649,False
orion_hek293t,t19,TIMM50,0.31046931407942246,0.31046931407942246,False
orion_hek293t,t19,TMCO6,0.9626955475330927,0.9626955475330927,False
orion_hek293t,t19,TMED3,0.20778178900922584,0.20778178900922584,False
orion_hek293t,t19,TMEM104,0.9983955074207782,0.9987966305655837,True
orion_hek293t,t19,TMEM186,0.8772563176895307,0.8772563176895307,False
orion_hek293t,t19,TMEM209,0.7400722021660651,0.7400722021660651,True
orion_hek293t,t19,TMEM41B,0.804251905334938,0.804251905334938,False
orion_hek293t,t19,TMEM79,1.0,1.0,True
orion_hek293t,t19,TMF1,0.6642599277978339,0.6642599277978339,False
orion_hek293t,t19,TRAPPC6A,0.906538307260329,0.906538307260329,False
orion_hek293t,t19,TRIB3,0.9370236662655435,0.9370236662655435,False
orion_hek293t,t19,TRIM35,0.09105495387083834,0.10108303249097472,True
orion_hek293t,t19,TRIP4,0.45487364620938625,0.5519454472523064,True
orion_hek293t,t19,TRMT1,0.304853590052146,0.2928198957079824,True
orion_hek293t,t19,TRPC4AP,0.8555956678700362,0.8555956678700362,False
orion_hek293t,t19,TTBK2,0.3826714801444043,0.3826714801444043,False
orion_hek293t,t19,TWF2,0.5507420778178901,0.5491375852386683,True
orion_hek293t,t19,TXNDC16,0.8844765342960289,0.8844765342960289,True
orion_hek293t,t19,UPF3B,0.8267148014440434,0.8267148014440434,False
orion_hek293t,t19,UROS,0.6229442438828721,0.6305655836341757,True
orion_hek293t,t19,USP28,0.30806257521058966,0.30806257521058966,False
orion_hek293t,t19,VIM,0.3513838748495788,0.3513838748495788,False
orion_hek293t,t19,WBP4,0.9915764139590854,0.9931809065383072,True
orion_hek293t,t19,YIPF6,0.8596068993180906,0.8596068993180906,False
orion_hek293t,t19,ZBTB34,0.251103088648215,0.251103088648215,False
orion_hek293t,t19,ZBTB41,0.33293221018852787,0.33293221018852787,False
orion_hek293t,t19,ZBTB48,0.8483754512635377,0.8483754512635377,False
orion_hek293t,t19,ZC2HC1A,0.21740874448455674,0.21740874448455674,False
orion_hek293t,t19,ZC3HAV1,0.54632972322503,0.547934215804252,True
orion_hek293t,t19,ZDHHC12,0.15844364219815482,0.15844364219815482,False
orion_hek293t,t19,ZDHHC4,0.9835539510629763,0.9835539510629763,False
orion_hek293t,t19,ZFP62,0.8010429201764941,0.8010429201764941,False
orion_hek293t,t19,ZHX3,0.5519454472523064,0.5519454472523064,False
orion_hek293t,t19,ZKSCAN1,0.8106698756518251,0.8106698756518251,False
orion_hek293t,t19,ZKSCAN2,0.3914961893301243,0.3914961893301243,False
orion_hek293t,t19,ZKSCAN3,0.43120738066586445,0.43120738066586445,False
orion_hek293t,t19,ZNF16,0.6570397111913358,0.6570397111913358,False
orion_hek293t,t19,ZNF174,0.5860409145607701,0.5916566385880465,True
orion_hek293t,t19,ZNF22,0.6738868832731648,0.6738868832731648,False
orion_hek293t,t19,ZNF25,0.18572001604492577,0.18572001604492577,False
orion_hek293t,t19,ZNF251,0.6421981548335339,0.6421981548335339,False
orion_hek293t,t19,ZNF280C,0.9253910950661852,0.9253910950661852,False
orion_hek293t,t19,ZNF282,0.7882069795427197,0.7882069795427197,False
orion_hek293t,t19,ZNF32,0.17689530685920574,0.17689530685920574,False
orion_hek293t,t19,ZNF324,0.7841957480946651,0.7841957480946651,False
orion_hek293t,t19,ZNF397,0.6791014841556359,0.6791014841556359,False
orion_hek293t,t19,ZNF410,0.9847573204973925,0.9847573204973925,False
orion_hek293t,t19,ZNF444,0.9041315683914962,0.9041315683914962,False
orion_hek293t,t19,ZNF462,0.9943842759727235,0.9943842759727235,False
orion_hek293t,t19,ZNF496,0.25270758122743675,0.25270758122743675,True
orion_hek293t,t19,ZNF507,1.0,1.0,False
orion_hek293t,t19,ZNF514,0.8616125150421179,0.8620136381869234,True
orion_hek293t,t19,ZNF526,0.4580826313678299,0.4560770156438026,True
orion_hek293t,t19,ZNF530,0.19815483353389488,0.19815483353389488,False
orion_hek293t,t19,ZNF543,0.4777376654632973,0.4777376654632973,False
orion_hek293t,t19,ZNF627,0.6606498194945848,0.6518251103088649,True
orion_hek293t,t19,ZNF628,0.7232250300842359,0.7232250300842359,False
orion_hek293t,t19,ZNF641,0.3931006819093462,0.3931006819093462,False
orion_hek293t,t19,ZNF670,0.4135579622944244,0.4135579622944244,False
orion_hek293t,t19,ZNF714,0.8130766145206579,0.8130766145206579,False
orion_hek293t,t19,ZNF740,0.7958283192940233,0.7966305655836342,True
orion_hek293t,t19,ZNF768,0.03971119133574007,0.03971119133574007,False
orion_hek293t,t19,ZNF777,0.7119935820296831,0.7119935820296831,False
orion_hek293t,t19,ZNF783,0.4223826714801444,0.4223826714801444,False
orion_hek293t,t19,ZNF784,0.48656237464901725,0.4604893702366627,True
orion_hek293t,t19,ZNF786,0.42759727236261535,0.42759727236261535,False
orion_hek293t,t19,ZNF821,0.9538708383473726,0.9538708383473726,False
