target,chunk,n_cells,cells_total,pools_with_cells,pools_min_cells,in_panel,on_official_axis
A1BG,,0,24,8,0,False,False
A2ML1,,0,19,8,0,False,True
AAAS,,0,23,8,0,False,True
AACS,,0,17,7,0,False,True
AAMDC,,0,18,6,0,False,True
AARS2,,0,28,8,0,False,True
AARSD1,,0,28,8,0,False,True
AASS,,0,32,8,0,False,True
ABCA7,,0,25,8,0,False,True
ABCB8,,0,17,8,0,False,True
ABCC4,,0,13,7,0,False,True
ABCD4,,0,8,4,0,False,True
ABCF1,,0,31,8,0,False,True
ABHD11,hipsci_gwnonfit_00.npz,12,56,8,1,False,True
ABHD12,,0,14,7,0,False,True
ABHD14B,,0,23,8,0,False,True
ABHD17A,,0,17,6,0,False,True
ABHD17C,,0,18,7,0,False,True
ABI1,,0,33,8,0,False,True
ABI2,,0,36,8,0,False,True
ABL1,,0,15,7,0,False,True
ABL2,,0,20,7,0,False,True
ABLIM1,,0,15,7,0,False,True
ABRACL,,0,18,8,0,False,True
ABRAXAS1,,0,18,7,0,False,True
ABRAXAS2,,0,9,4,0,False,True
ACAA1,,0,19,8,0,False,True
ACAA2,,0,8,6,0,False,True
ACAD8,,0,9,6,0,False,True
ACAD9,,0,13,8,0,False,True
ACADM,,0,20,8,0,False,True
ACADVL,,0,34,8,0,False,True
ACAP2,,0,28,8,0,False,True
ACAT1,,0,27,8,0,False,True
ACBD3,,0,30,8,0,False,True
ACBD6,,0,13,7,0,False,True
ACER3,,0,45,8,0,False,True
ACIN1,,0,21,8,0,False,True
ACLY,,0,26,8,0,True,True
ACO1,,0,24,8,0,False,True
ACOT13,,0,26,8,0,False,True
ACOT7,,0,18,7,0,False,True
ACOT8,,0,22,8,0,False,True
ACOT9,,0,14,8,0,False,True
ACOX1,,0,16,8,0,False,True
ACP1,,0,18,8,0,False,True
ACSF3,,0,27,8,0,False,True
ACSL3,,0,27,8,0,False,True
ACSL4,,0,7,5,0,False,True
ACSS2,,0,32,8,0,False,True
ACTB,,0,34,8,0,False,True
ACTG1,,0,30,8,0,False,True
ACTN1,,0,29,8,0,False,True
ACTN4,,0,9,7,0,False,True
ACTR1A,,0,14,5,0,False,True
ACTR1B,,0,12,6,0,False,True
ACTR3B,,0,10,5,0,False,True
ACVR1B,,0,19,6,0,False,True
ACVR2B,,0,12,7,0,False,True
ACY1,,0,16,7,0,False,True
ACYP1,,0,19,8,0,False,True
ADA,,0,40,8,0,False,True
ADAM10,,0,12,7,0,False,True
ADAM15,,0,19,7,0,False,True
ADAM19,,0,13,6,0,False,True
ADAMTS12,,0,14,7,0,False,True
ADAMTS16,,0,10,6,0,False,True
ADAMTS19,,0,16,7,0,False,True
ADAMTS7,,0,27,8,0,False,True
ADAR,,0,27,8,0,False,True
ADCK1,,0,21,8,0,False,False
ADCY2,,0,33,7,0,False,True
ADD1,,0,24,7,0,False,True
ADD2,,0,21,7,0,False,True
ADGRG2,,0,8,5,0,False,True
ADGRL1,,0,19,5,0,False,True
ADH5,,0,20,7,0,False,True
ADI1,,0,20,7,0,False,True
ADIPOR1,,0,22,8,0,False,True
ADIPOR2,,0,27,6,0,False,True
ADK,,0,12,6,0,False,True
ADM,,0,18,6,0,False,True
ADNP,,0,18,6,0,True,True
ADNP2,,0,18,8,0,False,True
ADPRHL2,,0,15,7,0,False,True
ADRM1,,0,32,8,0,False,True
ADSL,hipsci_gwnonfit_00.npz,10,43,8,1,False,True
ADSS,,0,35,8,0,False,True
AEN,,0,35,8,0,False,True
AFAP1,,0,31,8,0,False,True
AFDN,,0,15,7,0,False,True
AFF1,,0,38,8,0,False,True
AFF2,hipsci_gwnonfit_00.npz,10,45,8,1,False,True
AFF4,,0,25,6,0,False,True
AFMID,,0,29,8,0,False,False
AGBL5,,0,14,7,0,False,True
AGER,,0,22,8,0,False,True
AGFG1,,0,17,7,0,False,True
AGGF1,,0,22,7,0,False,True
AGO2,hipsci_gwnonfit_00.npz,21,53,8,2,False,True
AGPAT1,,0,18,7,0,False,True
AGPAT2,,0,6,4,0,False,True
AGPAT4,,0,17,8,0,False,True
AGPAT5,,0,21,8,0,False,True
AGTPBP1,,0,22,7,0,False,True
AGTRAP,,0,44,8,0,False,True
AHCY,,0,16,6,0,False,True
AHNAK,,0,25,8,0,False,True
AHNAK2,,0,45,8,1,False,True
AHR,,0,23,7,0,False,True
AHSA1,,0,21,8,0,False,True
AIDA,,0,16,7,0,False,True
AIF1L,,0,21,8,0,False,True
AIMP1,,0,10,7,0,False,True
AIMP2,,0,18,8,0,False,True
AIP,,0,4,3,0,False,True
AJUBA,,0,15,7,0,False,True
AK1,,0,30,8,0,False,True
AK2,,0,23,8,0,False,False
AK3,,0,27,8,0,False,True
AK4,,0,30,8,0,False,True
AKAP1,,0,7,5,0,True,True
AKAP12,,0,24,8,0,False,True
AKAP13,hipsci_gwnonfit_00.npz,10,40,8,1,False,True
AKAP17A,,0,34,8,0,False,True
AKAP7,,0,34,8,0,False,True
AKAP8L,,0,21,8,0,False,True
AKAP9,,0,40,8,0,False,True
AKIP1,,0,31,7,0,False,True
AKIRIN1,,0,42,8,0,True,True
AKR1A1,hipsci_gwnonfit_00.npz,25,65,8,3,False,True
AKR1B1,,0,29,7,0,False,True
AKR7A2,,0,32,8,0,False,True
AKT1,,0,27,8,0,False,True
AKT2,,0,54,8,0,True,True
AKT3,,0,26,8,0,False,True
AKTIP,,0,13,7,0,False,True
ALAD,,0,7,5,0,False,True
ALAS1,,0,22,7,0,False,True
ALDH18A1,,0,29,8,0,False,True
ALDH1A3,,0,31,8,0,False,True
ALDH2,,0,36,8,0,False,True
ALDH3A2,,0,34,8,0,False,True
ALDH7A1,,0,11,6,0,False,True
ALDH9A1,,0,11,6,0,False,True
ALDOC,,0,21,8,0,False,True
ALG12,,0,17,6,0,True,True
ALG3,,0,18,7,0,False,True
ALG5,,0,7,5,0,False,True
ALG6,,0,30,8,0,False,True
ALG8,,0,40,8,0,False,True
ALG9,,0,9,7,0,False,True
ALKAL2,,0,7,4,0,False,True
ALKBH4,,0,27,7,0,False,True
ALKBH5,,0,26,8,0,False,True
ALKBH7,,0,11,7,0,False,True
ALPL,,0,20,8,0,False,True
ALYREF,,0,5,4,0,False,True
AMBRA1,,0,28,8,0,False,True
AMD1,,0,26,8,0,False,True
AMN1,,0,41,8,0,False,True
AMOTL2,,0,16,6,0,False,True
AMT,,0,30,8,0,False,True
AMZ2,,0,13,7,0,False,True
ANAPC11,,0,14,5,0,False,True
ANAPC15,,0,9,4,0,False,True
ANAPC16,,0,35,8,0,False,True
ANAPC7,,0,31,8,0,False,True
ANKEF1,,0,41,8,0,False,True
ANKHD1,,0,14,8,0,False,True
ANKLE2,,0,6,5,0,False,True
ANKRD10,,0,26,8,0,False,True
ANKRD11,,0,14,7,0,False,True
ANKRD12,,0,23,7,0,False,True
ANKRD17,,0,32,8,0,False,True
ANKRD26,,0,27,8,0,False,True
ANKRD29,,0,13,7,0,False,True
ANKRD39,,0,25,8,0,False,True
ANKRD46,,0,23,7,0,False,True
ANKRD52,,0,6,5,0,True,True
ANKRD54,,0,24,8,0,False,True
ANKRD9,,0,35,8,0,False,True
ANKZF1,,0,6,3,0,True,True
ANO6,,0,16,8,0,False,True
ANOS1,,0,12,7,0,False,True
ANP32A,,0,3,2,0,False,True
ANP32B,,0,24,8,0,True,True
ANP32E,,0,10,5,0,False,True
ANXA11,hipsci_gwnonfit_00.npz,10,43,8,1,False,True
ANXA2,,0,20,8,0,False,True
ANXA3,,0,21,7,0,False,True
ANXA5,,0,16,7,0,False,True
ANXA6,,0,22,8,0,False,True
ANXA7,,0,11,7,0,False,True
AP1B1,,0,28,8,0,False,True
AP1G1,,0,25,8,0,False,True
AP1G2,,0,35,7,0,False,True
AP1M1,,0,27,8,0,False,True
AP1M2,,0,17,8,0,False,True
AP1S1,,0,27,8,0,False,True
AP1S2,,0,13,5,0,False,True
AP2A1,,0,9,6,0,False,True
AP2B1,,0,19,6,0,False,True
AP2M1,,0,12,6,0,False,True
AP2S1,,0,39,8,0,False,True
AP3B1,,0,13,7,0,False,True
AP3D1,,0,39,8,0,False,True
AP3M2,,0,32,7,0,False,True
AP3S1,,0,15,6,0,False,True
APBA3,,0,26,8,0,False,False
APC,,0,17,7,0,False,True
APCDD1,,0,22,7,0,False,True
APEH,,0,9,6,0,False,True
APEX2,,0,18,6,0,False,True
API5,hipsci_gwnonfit_00.npz,10,39,8,1,True,True
APIP,,0,14,6,0,False,True
APLP2,,0,41,8,0,False,True
APMAP,hipsci_gwnonfit_00.npz,24,78,8,4,False,True
APOC1,,0,18,7,0,False,True
APOE,,0,23,8,0,False,True
APOO,,0,33,8,1,False,True
APP,,0,20,7,0,False,True
APRT,,0,14,7,0,False,True
APTX,,0,15,7,0,False,True
AQP11,,0,17,8,0,False,True
AQP7,,0,12,7,0,False,True
ARAF,,0,7,5,0,False,True
ARF3,,0,18,8,0,False,True
ARF4,,0,19,8,0,False,True
ARF5,,0,21,7,0,False,True
ARF6,hipsci_gwnonfit_00.npz,27,71,8,2,False,True
ARFGEF1,,0,22,8,0,False,True
ARFIP2,,0,43,8,0,False,True
ARFRP1,,0,19,8,0,False,True
ARG2,,0,9,5,0,False,True
ARGLU1,,0,32,8,0,False,True
ARHGAP1,,0,26,8,0,False,True
ARHGAP11A,,0,28,8,0,False,True
ARHGAP17,,0,10,6,0,False,True
ARHGAP18,,0,21,7,0,False,True
ARHGAP19,,0,12,6,0,False,True
ARHGAP27,,0,13,6,0,False,True
ARHGAP28,,0,33,8,0,False,True
ARHGAP29,,0,33,8,0,False,True
ARHGAP35,,0,21,8,0,False,True
ARHGAP42,,0,11,6,0,False,True
ARHGAP44,,0,33,8,0,False,True
ARHGAP45,,0,24,7,0,False,True
ARHGAP8,,0,11,6,0,False,True
ARHGDIA,,0,27,8,0,False,True
ARHGEF10,,0,14,5,0,False,True
ARHGEF12,,0,31,8,0,False,True
ARHGEF39,,0,32,8,0,False,True
ARHGEF5,,0,20,7,0,False,True
ARHGEF7,,0,15,6,0,False,True
ARID1A,,0,40,8,0,False,True
ARID1B,,0,27,8,0,False,True
ARID2,,0,28,8,0,False,True
ARID3A,,0,40,8,0,False,True
ARID3B,,0,5,4,0,False,True
ARID4A,,0,36,8,0,False,True
ARID4B,,0,29,7,0,False,True
ARID5A,,0,29,8,0,False,True
ARIH2,,0,28,8,0,False,True
ARL1,,0,31,8,0,False,True
ARL16,,0,7,4,0,False,True
ARL3,,0,10,6,0,False,True
ARL4A,,0,14,6,0,False,True
ARL4D,,0,19,8,0,False,True
ARL5A,,0,24,7,0,False,True
ARL5B,,0,20,8,0,False,True
ARL6,,0,16,7,0,False,True
ARL6IP1,,0,34,8,0,False,True
ARL6IP4,,0,31,8,0,False,True
ARL6IP5,,0,16,7,0,False,True
ARL6IP6,,0,21,8,0,False,True
ARL8B,hipsci_gwnonfit_00.npz,10,47,8,1,False,True
ARMC1,,0,18,8,0,False,True
ARMC10,,0,28,8,0,False,True
ARMC5,,0,34,8,0,False,True
ARMC6,,0,34,8,0,False,True
ARMCX2,,0,22,8,0,False,True
ARMCX3,,0,35,8,0,False,True
ARMT1,,0,6,5,0,False,True
ARNT,,0,13,8,0,False,True
ARPC1A,,0,18,8,0,False,True
ARPC1B,,0,21,8,0,False,True
ARPC4,,0,14,7,0,False,True
ARPC5,,0,22,8,0,False,True
ARPC5L,,0,14,7,0,False,True
ARPP19,,0,37,8,0,False,True
ARRDC1,,0,7,7,0,False,True
ARRDC3,,0,13,7,0,False,True
ARSD,,0,17,7,0,False,True
ARSG,,0,19,7,0,False,True
ARSK,,0,9,6,0,False,True
ARTN,,0,32,8,0,False,True
ASAH1,,0,26,8,0,False,True
ASAH2B,,0,7,5,0,False,True
ASAP1,,0,26,8,0,False,True
ASAP2,,0,22,7,0,False,True
ASB1,,0,30,8,0,False,True
ASB13,,0,26,8,0,False,True
ASB3,,0,24,8,0,False,True
ASCC2,,0,40,8,0,True,True
ASF1A,,0,12,6,0,False,True
ASF1B,,0,15,7,0,False,True
ASGR1,,0,30,8,0,False,True
ASL,,0,36,8,0,False,True
ASMTL,,0,31,8,0,False,True
ASNS,hipsci_gwnonfit_00.npz,12,34,8,1,False,False
ASPH,,0,12,7,0,False,True
ASPM,,0,13,7,0,False,True
ASPSCR1,,0,45,8,0,False,True
ASRGL1,,0,16,6,0,False,True
ASS1,,0,12,5,0,False,True
ATAD1,,0,47,8,1,False,True
ATAD2,,0,54,8,1,False,True
ATAD3A,,0,33,8,0,False,True
ATE1,,0,14,7,0,False,True
ATF1,,0,31,7,0,False,True
ATF4,,0,30,8,0,False,True
ATF7,,0,9,4,0,False,True
ATF7IP,,0,31,8,0,False,True
ATG10,,0,30,8,0,False,True
ATG12,,0,6,5,0,False,True
ATG13,,0,17,7,0,False,True
ATG3,,0,10,6,0,False,True
ATG4B,,0,19,7,0,False,True
ATG4D,,0,25,7,0,False,True
ATG5,,0,16,7,0,False,True
ATG9A,,0,30,8,0,False,True
ATM,,0,8,5,0,False,True
ATMIN,,0,8,5,0,False,True
ATOX1,,0,27,8,0,False,True
ATP13A1,,0,21,8,0,False,True
ATP13A2,,0,15,7,0,False,True
ATP1B1,,0,11,5,0,False,True
ATP1B2,,0,52,8,1,False,True
ATP1B3,,0,14,6,0,False,True
ATP2B1,,0,26,8,0,False,True
ATP2C1,,0,31,7,0,False,True
ATP6V0A1,,0,28,8,0,False,True
ATP6V0E1,,0,21,8,0,False,True
ATP6V0E2,,0,32,8,0,False,True
ATP6V1D,,0,57,8,1,False,True
ATP6V1G1,,0,17,8,0,False,True
ATP8B1,,0,20,8,0,False,True
ATPAF1,,0,23,8,0,False,True
ATRAID,,0,9,5,0,False,True
ATRN,,0,23,7,0,False,True
ATRNL1,,0,28,8,0,False,True
ATRX,,0,9,5,0,False,True
ATXN2,,0,18,8,0,False,True
ATXN2L,,0,29,8,0,False,True
ATXN7,,0,37,7,0,False,True
ATXN7L3,,0,19,8,0,False,True
ATXN7L3B,,0,28,7,0,False,True
AUP1,,0,14,6,0,False,True
AURKAIP1,,0,21,8,0,False,True
AXIN1,,0,43,8,0,False,True
AZI2,,0,40,8,0,False,True
AZIN1,,0,7,5,0,False,True
AZU1,,0,37,8,0,False,True
B2M,,0,38,8,1,False,True
B3GALNT2,,0,32,8,0,False,True
B3GALT5,,0,50,8,0,False,True
B3GALT6,,0,22,8,0,False,True
B3GAT3,,0,37,8,0,False,True
B3GNT2,hipsci_gwnonfit_00.npz,10,35,7,1,False,True
B3GNT4,,0,21,7,0,False,True
B3GNT7,hipsci_gwnonfit_00.npz,11,38,8,1,False,True
B4GALT3,,0,22,8,0,False,True
B4GALT4,,0,34,8,0,False,True
B4GALT5,,0,17,7,0,False,True
B4GALT7,,0,21,8,0,False,True
B4GAT1,,0,17,7,0,False,True
B9D1,,0,20,8,0,False,True
BABAM1,,0,25,7,0,False,True
BACE2,,0,6,3,0,False,True
BACH1,,0,30,8,0,False,True
BAD,,0,39,8,0,False,True
BAG1,hipsci_gwnonfit_00.npz,12,50,8,1,False,True
BAG4,hipsci_gwnonfit_00.npz,10,55,8,1,False,True
BAG6,,0,19,8,0,False,True
BAIAP2L1,,0,8,5,0,False,True
BAK1,,0,25,8,0,False,True
BAMBI,,0,23,7,0,False,True
BASP1,hipsci_gwnonfit_00.npz,13,39,8,1,False,True
BAX,,0,25,8,0,False,True
BAZ1A,,0,38,8,0,False,True
BAZ1B,,0,20,8,0,False,True
BAZ2A,,0,30,8,0,False,True
BBC3,,0,46,8,1,False,True
BBIP1,,0,29,8,0,False,True
BBS4,,0,22,8,0,False,True
BBS7,,0,19,6,0,False,True
BBS9,,0,38,8,0,False,True
BBX,,0,23,8,0,False,True
BCAM,hipsci_gwnonfit_00.npz,12,26,7,1,False,True
BCAN,,0,14,7,0,False,True
BCAP31,,0,34,8,0,False,True
BCAR1,,0,26,8,0,False,True
BCAR3,,0,13,5,0,False,True
BCAS4,hipsci_gwnonfit_00.npz,10,48,8,1,False,True
BCAT1,,0,29,8,0,False,True
BCAT2,,0,22,8,0,False,True
BCKDK,hipsci_gwnonfit_00.npz,12,43,8,1,True,True
BCL2,,0,39,8,0,False,True
BCL2L12,,0,38,8,0,False,True
BCL2L13,,0,25,8,0,False,True
BCL3,,0,20,8,0,False,True
BCL7B,,0,16,8,0,False,True
BCL7C,,0,24,7,0,True,True
BCL9L,,0,12,7,0,False,True
BCLAF1,,0,12,6,0,False,True
BCOR,,0,28,8,0,False,True
BCR,,0,29,8,0,False,True
BCS1L,,0,17,7,0,False,True
BDH2,,0,16,5,0,False,True
BEND3,,0,19,8,0,False,True
BEND7,,0,40,8,0,False,True
BET1L,,0,26,8,0,False,True
BEX1,,0,25,8,0,False,True
BEX2,,0,17,8,0,False,True
BEX4,,0,35,8,0,False,True
BFAR,,0,1,1,0,False,True
BICD1,,0,27,8,0,False,True
BICRA,,0,23,7,0,False,True
BID,hipsci_gwnonfit_00.npz,11,42,8,1,False,True
BIK,,0,18,7,0,False,True
BIN3,,0,22,7,0,False,True
BIRC2,,0,13,4,0,False,True
BLCAP,,0,28,7,1,False,True
BLMH,,0,34,8,0,False,True
BLOC1S1,,0,16,7,0,False,True
BLOC1S2,,0,28,8,0,False,True
BLOC1S4,,0,32,7,0,False,True
BLOC1S6,,0,7,5,0,False,True
BLVRA,,0,41,8,0,False,True
BLVRB,,0,13,5,0,False,True
BMF,,0,23,8,0,False,True
BMP7,,0,22,7,0,False,True
BMPR1A,,0,13,5,0,False,True
BNIP2,hipsci_gwnonfit_00.npz,11,35,8,1,False,True
BNIP3,,0,13,4,0,False,False
BOD1,,0,19,7,0,False,True
BOLA3,,0,45,8,1,False,True
BORCS8,,0,16,7,0,False,True
BPHL,,0,24,8,0,False,True
BPNT1,,0,32,8,0,False,True
BPTF,,0,12,8,0,False,True
BRAF,,0,21,8,0,False,True
BRAP,,0,32,7,0,False,True
BRAT1,,0,30,8,0,False,True
BRD1,,0,23,8,0,True,True
BRD2,,0,12,8,0,False,True
BRD3,,0,37,8,0,False,True
BRD4,,0,14,6,0,False,True
BRD7,,0,11,7,0,False,True
BRI3,,0,22,8,0,False,True
BRI3BP,,0,42,8,0,False,True
BRINP1,,0,41,8,0,False,True
BRK1,,0,17,7,0,False,True
BRMS1,,0,28,8,0,False,True
BROX,,0,25,8,0,False,True
BRPF1,,0,42,8,0,True,True
BRSK1,,0,21,7,0,False,True
BRWD1,,0,35,8,0,False,True
BRWD3,,0,10,6,0,False,True
BSCL2,,0,37,8,0,False,True
BSG,,0,15,4,0,False,True
BST2,,0,11,7,0,False,True
BTD,,0,12,7,0,False,True
BTF3L4,,0,20,7,0,False,True
BTG1,,0,14,7,0,False,True
BTG3,,0,12,6,0,False,True
BZW1,hipsci_gwnonfit_00.npz,10,35,8,1,False,True
BZW2,,0,18,7,0,False,True
C11orf1,,0,31,8,0,False,True
C11orf24,,0,16,7,0,False,True
C11orf58,,0,24,7,0,False,True
C11orf68,,0,24,8,0,False,True
C11orf74,,0,2,2,0,False,True
C11orf98,,0,11,7,0,False,True
C12orf10,,0,35,8,0,False,True
C12orf43,,0,15,8,0,False,True
C12orf49,,0,28,8,0,False,True
C12orf56,,0,20,8,0,False,True
C12orf57,,0,27,7,0,False,True
C12orf65,,0,22,8,0,False,True
C12orf73,,0,20,7,0,False,True
C12orf75,,0,21,8,0,False,True
C12orf76,,0,20,6,0,False,True
C14orf119,,0,19,6,0,False,True
C15orf40,,0,24,7,0,False,True
C15orf61,hipsci_gwnonfit_00.npz,11,34,8,1,False,True
C16orf58,,0,24,7,0,False,True
C16orf72,,0,39,8,0,False,True
C16orf86,,0,12,8,0,False,True
C16orf87,,0,18,6,0,False,True
C16orf91,,0,27,8,0,False,True
C17orf49,hipsci_gwnonfit_00.npz,31,58,8,4,False,True
C17orf58,,0,20,8,0,False,True
C17orf75,,0,29,7,0,False,True
C18orf32,,0,9,5,0,False,True
C18orf54,,0,10,4,0,False,True
C19orf33,,0,20,7,0,False,True
C19orf48,,0,9,7,0,False,True
C19orf53,,0,19,7,0,False,True
C19orf54,,0,7,4,0,False,True
C19orf81,,0,14,8,0,False,True
C1GALT1,,0,40,8,0,False,True
C1QBP,,0,16,7,0,False,True
C1QTNF4,,0,32,8,0,False,True
C1RL,,0,31,8,0,False,True
C1orf122,,0,27,8,0,False,True
C1orf174,,0,27,8,0,False,True
C1orf35,,0,32,8,0,False,True
C1orf43,,0,12,7,0,False,True
C1orf50,,0,22,7,0,False,False
C1orf52,,0,27,8,0,False,True
C1orf61,,0,18,8,0,False,True
C20orf27,,0,18,8,0,False,True
C20orf96,,0,16,6,0,False,True
C21orf58,,0,47,8,0,False,True
C21orf91,,0,24,8,0,False,True
C22orf42,,0,15,7,0,False,True
C2CD4C,hipsci_gwnonfit_00.npz,10,33,8,1,False,True
C2CD5,,0,30,8,0,False,True
C2orf49,,0,12,8,0,False,True
C2orf68,,0,16,8,0,False,True
C2orf69,,0,20,6,0,False,True
C2orf74,,0,21,8,0,False,True
C3orf14,,0,27,8,0,False,True
C3orf33,,0,11,4,0,False,True
C3orf38,,0,21,6,0,False,True
C3orf67,,0,32,8,0,False,True
C4orf3,,0,24,8,0,False,True
C4orf47,,0,16,7,0,False,True
C4orf48,,0,35,8,0,False,True
C5orf15,,0,13,6,0,False,True
C5orf51,,0,20,8,0,False,True
C6orf132,,0,29,8,0,False,True
C6orf136,,0,17,7,0,False,True
C6orf89,,0,16,7,0,False,True
C7orf50,,0,61,8,2,False,True
C8orf33,,0,26,8,0,False,True
C8orf82,,0,22,8,0,False,True
C9orf129,,0,22,8,0,False,True
C9orf135,,0,15,8,0,False,True
C9orf16,,0,37,8,0,False,True
C9orf78,,0,12,6,0,False,True
CA13,,0,7,5,0,False,True
CA14,,0,14,8,0,False,True
CA8,,0,18,7,0,False,True
CAAP1,,0,26,8,0,False,True
CAB39,,0,47,8,0,False,True
CABIN1,,0,15,7,0,False,True
CACNG8,,0,4,3,0,False,True
CACUL1,,0,27,8,0,False,True
CACYBP,,0,13,7,0,False,False
CAD,,0,7,4,0,False,True
CADM1,,0,44,8,0,False,True
CADM2,,0,36,8,0,False,True
CADM4,,0,25,8,0,False,True
CALB2,,0,17,8,0,False,True
CALD1,,0,30,8,0,False,True
CALM1,,0,22,8,0,False,True
CALM2,,0,27,8,0,False,True
CALM3,,0,28,8,0,False,True
CALR,,0,34,8,0,False,True
CALU,,0,24,8,0,False,True
CALY,,0,6,5,0,False,True
CAMK2D,,0,16,8,0,False,True
CAMK2G,,0,35,8,0,False,True
CAMK2N1,,0,9,6,0,False,True
CAMLG,,0,10,6,0,False,True
CAMTA1,,0,32,8,0,False,True
CAND1,,0,17,6,0,True,True
CANX,,0,27,7,0,False,True
CAP1,,0,31,8,0,False,True
CAP2,,0,28,8,0,False,True
CAPG,,0,21,8,0,False,True
CAPN1,,0,47,8,0,False,True
CAPN7,,0,16,8,0,False,True
CAPNS1,,0,16,8,0,False,True
CAPRIN1,hipsci_gwnonfit_00.npz,10,56,8,1,False,True
CAPZA1,,0,21,7,0,False,True
CAPZA2,hipsci_gwnonfit_00.npz,13,42,8,1,False,True
CARHSP1,,0,18,8,0,False,True
CARS2,,0,46,8,1,False,True
CASC3,,0,25,7,0,False,True
CASK,,0,29,8,0,False,True
CASP2,,0,12,7,0,False,True
CASP3,,0,24,7,0,False,True
CASP6,,0,20,8,0,False,True
CAST,,0,10,5,0,False,True
CASTOR2,,0,16,7,0,False,True
CAV1,,0,27,7,0,False,True
CAVIN3,,0,45,8,0,False,True
CBFA2T2,,0,17,7,0,False,True
CBL,,0,15,7,0,False,True
CBLC,,0,17,7,0,False,True
CBLL1,,0,24,8,0,False,True
CBR1,,0,14,7,0,False,True
CBR3,,0,12,6,0,False,True
CBR4,,0,36,8,0,False,True
CBWD1,,0,8,5,0,False,True
CBWD2,,0,15,8,0,False,True
CBWD5,,0,15,7,0,False,False
CBX2,,0,18,7,0,False,True
CBX3,,0,18,8,0,False,True
CBX5,,0,38,8,0,False,True
CBX8,,0,21,8,0,False,True
CBY1,,0,23,8,0,False,True
CCAR2,,0,18,7,0,False,True
CCDC106,,0,14,7,0,False,True
CCDC107,,0,18,8,0,False,True
CCDC112,,0,27,8,0,True,True
CCDC115,,0,36,8,0,False,True
CCDC122,,0,25,7,0,False,True
CCDC124,,0,32,8,0,False,True
CCDC127,,0,15,8,0,False,True
CCDC130,,0,25,8,0,False,True
CCDC15,hipsci_gwnonfit_01.npz,17,52,8,1,False,True
CCDC151,hipsci_gwnonfit_01.npz,12,46,8,1,False,True
CCDC157,,0,20,7,0,False,True
CCDC167,,0,23,8,0,False,True
CCDC172,,0,15,6,0,False,True
CCDC186,,0,26,8,0,False,True
CCDC22,,0,22,7,0,False,True
CCDC24,hipsci_gwnonfit_01.npz,12,35,8,1,False,True
CCDC25,,0,26,8,0,False,True
CCDC28B,,0,4,3,0,False,True
CCDC34,,0,8,5,0,False,True
CCDC43,,0,25,8,0,False,True
CCDC47,,0,35,8,0,False,True
CCDC50,,0,39,8,0,False,True
CCDC51,,0,15,7,0,False,True
CCDC58,,0,25,8,0,False,True
CCDC6,hipsci_gwnonfit_01.npz,55,90,8,5,False,True
CCDC68,,0,31,8,0,False,True
CCDC71,,0,15,7,0,False,True
CCDC77,,0,20,7,0,False,True
CCDC82,,0,34,8,0,False,True
CCDC85B,,0,22,7,0,False,True
CCDC88A,,0,4,3,0,False,True
CCDC88C,,0,23,8,0,False,True
CCDC9,,0,13,7,0,False,True
CCDC90B,,0,11,7,0,False,True
CCDC93,,0,18,7,0,False,True
CCHCR1,,0,24,8,0,False,True
CCL2,,0,13,6,0,False,True
CCM2,,0,17,8,0,False,True
CCNB1IP1,,0,7,5,0,False,True
CCNB2,,0,9,7,0,False,True
CCNC,,0,8,6,0,False,True
CCND1,,0,27,8,0,False,True
CCND2,,0,49,8,0,False,True
CCND3,,0,49,8,1,False,True
CCNE1,,0,25,8,0,False,True
CCNF,,0,8,7,0,False,True
CCNG1,,0,18,8,0,False,True
CCNG2,,0,29,8,0,False,True
CCNI,,0,5,5,0,False,True
CCNL1,,0,28,8,0,False,True
CCNL2,,0,32,8,0,False,True
CCNT1,,0,23,8,0,False,True
CCNY,,0,29,8,0,False,True
CCS,,0,32,8,0,False,True
CCSER2,,0,32,8,0,False,True
CD151,,0,23,8,0,False,True
CD164,,0,17,7,0,False,True
CD200,,0,11,4,0,False,True
CD24,,0,38,8,0,False,True
CD276,,0,16,7,0,False,True
CD2AP,,0,3,3,0,False,True
CD2BP2,,0,38,8,0,False,True
CD320,,0,38,8,0,False,True
CD46,,0,14,7,0,False,True
CD59,,0,20,8,0,False,True
CD63,,0,14,6,0,False,True
CD72,,0,2,2,0,False,True
CD74,,0,19,8,0,False,True
CD81,,0,38,8,0,False,True
CD9,,0,29,8,0,False,True
CD99,,0,27,8,0,False,True
CDA,hipsci_gwnonfit_01.npz,13,40,8,1,False,True
CDC14B,,0,24,7,0,False,True
CDC25B,,0,8,4,0,False,True
CDC34,,0,11,5,0,False,True
CDC37,,0,27,7,0,False,True
CDC42,,0,25,8,0,False,False
CDC42EP2,,0,42,8,0,False,True
CDC42EP3,,0,16,6,0,False,True
CDC42SE1,,0,17,7,0,False,True
CDCA2,,0,14,6,0,False,True
CDCA3,,0,12,5,0,False,True
CDCA4,,0,7,5,0,False,True
CDCA5,,0,13,5,0,False,True
CDCA7,,0,9,4,0,False,True
CDCA7L,,0,28,8,0,False,True
CDH1,,0,18,7,0,False,True
CDH2,,0,10,6,0,False,True
CDH24,,0,32,8,0,False,True
CDH3,,0,24,8,0,False,True
CDH8,,0,10,5,0,False,True
CDHR3,,0,28,8,0,False,True
CDIP1,,0,25,8,0,False,True
CDIPT,,0,24,8,0,False,True
CDK10,,0,15,7,0,False,False
CDK13,,0,36,8,0,False,True
CDK14,,0,26,8,0,False,True
CDK16,,0,36,8,0,False,True
CDK18,,0,23,8,0,False,True
CDK2,,0,12,7,0,False,True
CDK2AP1,,0,24,8,0,False,True
CDK2AP2,,0,43,8,0,False,True
CDK4,,0,31,8,0,False,True
CDK5RAP1,,0,31,8,0,False,True
CDK5RAP3,,0,30,7,0,False,True
CDK6,,0,21,8,0,False,True
CDK8,,0,7,5,0,True,True
CDKL5,,0,26,8,0,False,True
CDKN1A,,0,30,8,0,False,True
CDKN1B,,0,7,4,0,False,True
CDKN1C,,0,11,5,0,False,True
CDKN2A,,0,40,8,0,False,True
CDKN2AIPNL,,0,25,8,0,False,True
CDKN3,,0,23,6,0,False,True
CDS2,hipsci_gwnonfit_01.npz,12,44,8,1,False,True
CDV3,,0,11,7,0,False,True
CDX1,hipsci_gwnonfit_01.npz,11,48,8,1,False,True
CDYL,,0,15,6,0,False,True
CEBPB,,0,26,7,0,False,True
CEBPG,,0,17,7,0,False,True
CECR2,,0,25,7,0,False,True
CELF1,,0,36,8,0,False,True
CELSR2,,0,37,8,0,False,True
CEND1,,0,31,7,0,False,True
CENPA,,0,33,8,0,False,True
CENPB,,0,33,8,0,False,True
CENPF,,0,10,5,0,False,True
CENPO,,0,20,6,0,False,True
CENPQ,,0,24,8,0,False,True
CENPU,,0,18,8,0,False,True
CENPV,,0,20,7,0,False,True
CEP120,,0,17,7,0,False,True
CEP128,,0,23,6,0,False,True
CEP131,,0,15,7,0,False,True
CEP135,hipsci_gwnonfit_01.npz,10,43,8,1,False,True
CEP164,,0,19,8,0,False,True
CEP170,,0,33,8,0,False,True
CEP44,,0,9,6,0,False,True
CEP55,,0,27,8,0,False,True
CEP57,,0,8,5,0,False,True
CEP68,,0,29,8,0,False,True
CEP70,,0,19,7,0,False,True
CEP76,,0,20,7,0,False,True
CEP83,,0,31,8,0,False,True
CEPT1,,0,10,6,0,False,True
CERS2,,0,37,7,0,False,True
CERS4,,0,4,3,0,False,True
CETN3,,0,18,7,0,False,True
CFAP36,,0,18,7,0,False,True
CFAP53,,0,17,7,0,False,True
CFAP97,,0,29,7,0,False,True
CFL2,,0,22,7,0,False,True
CFLAR,,0,14,7,0,False,True
CGGBP1,,0,9,5,0,False,True
CGN,,0,23,8,0,False,True
CGNL1,,0,24,8,0,False,True
CHCHD1,,0,16,8,0,False,True
CHCHD10,,0,41,8,0,False,True
CHCHD2,,0,10,6,0,False,True
CHCHD3,,0,25,8,0,False,True
CHCHD4,,0,27,8,0,False,True
CHCHD5,,0,28,8,0,False,True
CHCHD6,,0,25,8,0,False,True
CHD1,,0,25,8,0,False,True
CHD2,,0,12,5,0,False,True
CHD3,,0,33,7,0,True,True
CHD6,,0,32,8,0,True,True
CHD7,,0,21,8,0,False,True
CHD8,hipsci_gwnonfit_01.npz,22,65,8,3,False,True
CHD9,,0,8,6,0,False,True
CHID1,,0,22,8,0,False,True
CHKA,,0,21,7,0,False,True
CHMP1A,,0,21,6,0,False,True
CHMP1B,,0,18,7,0,False,True
CHMP2B,,0,35,8,0,False,True
CHMP4B,,0,16,8,0,False,True
CHMP7,,0,12,6,0,False,True
CHN1,,0,17,7,0,False,True
CHPF,,0,25,8,0,False,True
CHPT1,,0,9,4,0,False,True
CHRAC1,,0,22,7,0,False,True
CHRFAM7A,,0,8,4,0,False,True
CHRM3,,0,29,8,0,False,True
CHST14,,0,18,7,0,False,True
CHST8,,0,37,8,0,False,True
CHST9,,0,29,8,0,False,True
CHSY1,,0,21,8,0,False,True
CHTOP,,0,28,8,0,False,True
CHUK,,0,30,8,0,False,True
CHURC1,,0,11,6,0,False,True
CIB1,,0,38,8,0,False,True
CIC,,0,43,8,1,False,True
CIRBP,,0,28,8,0,False,True
CISD1,,0,31,8,0,False,True
CISD2,,0,23,8,0,False,True
CISD3,,0,26,8,0,False,True
CITED2,,0,11,5,0,False,True
CITED4,,0,24,8,0,False,True
CIZ1,,0,30,7,0,False,True
CKAP2,,0,27,8,0,False,True
CKAP2L,,0,12,6,0,False,True
CKAP4,,0,26,8,0,False,True
CKB,,0,28,8,0,False,True
CKLF,,0,36,8,0,False,True
CKS1B,,0,18,7,0,False,True
CKS2,,0,17,7,0,False,True
CLCC1,,0,50,8,2,False,True
CLCN3,,0,22,8,0,False,True
CLDN10,,0,16,7,0,False,True
CLDN12,,0,27,8,0,False,True
CLDN23,,0,19,8,0,False,True
CLDN3,,0,21,8,0,False,True
CLDN4,,0,18,7,0,False,True
CLDN6,,0,35,8,0,False,True
CLDN7,,0,21,7,0,False,True
CLDND1,,0,11,5,0,False,True
CLEC11A,,0,41,8,0,False,True
CLIC1,,0,11,7,0,False,True
CLIC4,,0,32,8,0,False,True
CLINT1,,0,15,7,0,False,True
CLK2,,0,21,8,0,False,True
CLK3,,0,5,5,0,False,True
CLN6,,0,9,5,0,False,True
CLN8,,0,28,8,0,False,True
CLPP,,0,33,8,0,False,True
CLPTM1,hipsci_gwnonfit_01.npz,28,65,8,3,False,True
CLPTM1L,,0,23,7,0,False,True
CLPX,,0,19,7,0,False,True
CLSTN1,,0,16,7,0,False,True
CLTA,,0,11,7,0,False,True
CLTB,,0,32,7,0,False,True
CLU,,0,14,7,0,False,True
CLUH,,0,23,8,0,False,True
CLYBL,,0,47,8,0,False,True
CMAS,,0,4,3,0,False,True
CMBL,,0,16,8,0,False,True
CMC1,,0,31,8,0,False,True
CMIP,,0,8,2,0,False,True
CMPK1,,0,13,7,0,False,True
CMSS1,,0,19,7,0,False,True
CMTM3,,0,28,8,0,False,True
CMTM6,,0,12,7,0,False,True
CMTM7,,0,34,8,0,False,True
CMTM8,,0,27,8,0,False,True
CMTR1,,0,7,5,0,False,True
CNBP,,0,8,5,0,False,True
CNDP2,,0,10,6,0,False,True
CNEP1R1,,0,40,8,0,False,True
CNFN,,0,12,8,0,False,True
CNIH1,,0,29,7,0,False,True
CNIH2,,0,25,7,0,False,True
CNIH4,,0,14,8,0,False,True
CNMD,,0,22,7,0,False,True
CNN2,,0,27,8,0,False,True
CNN3,,0,34,8,0,False,True
CNOT10,,0,29,8,0,False,True
CNOT11,,0,29,7,0,False,True
CNOT2,,0,22,8,0,False,True
CNOT4,,0,25,8,0,False,True
CNOT7,,0,13,6,0,False,True
CNPPD1,,0,22,8,0,False,True
CNPY2,,0,9,6,0,False,True
CNPY3,,0,26,7,0,False,True
CNST,,0,28,7,0,False,True
CNTLN,,0,49,8,0,False,True
CNTNAP2,,0,37,8,0,False,True
COA1,,0,36,8,0,False,True
COA3,,0,15,6,0,False,True
COA4,,0,13,7,0,False,True
COA5,,0,42,8,0,False,True
COA7,,0,19,8,0,False,True
COBL,,0,28,8,0,False,True
COCH,,0,26,8,0,False,True
COG1,,0,8,6,0,False,True
COG2,,0,20,8,0,False,True
COG5,,0,19,7,0,False,True
COG6,,0,15,8,0,False,True
COG7,,0,15,6,0,False,True
COG8,,0,27,7,0,False,True
COL18A1,hipsci_gwnonfit_01.npz,13,38,8,1,False,True
COL1A2,,0,14,6,0,False,True
COL4A2,,0,20,8,0,False,True
COL4A5,,0,9,7,0,False,True
COL4A6,,0,19,6,0,False,True
COL6A1,,0,14,6,0,False,True
COL6A2,,0,34,8,0,False,True
COL9A3,,0,13,6,0,False,True
COMMD1,,0,25,8,0,False,True
COMMD10,,0,15,6,0,False,True
COMMD2,,0,15,8,0,False,True
COMMD3,,0,19,7,0,False,True
COMMD4,,0,8,4,0,False,True
COMMD5,hipsci_gwnonfit_01.npz,11,42,8,1,False,True
COMMD6,,0,12,5,0,False,True
COMMD7,,0,25,7,0,False,True
COMMD8,,0,11,7,0,True,True
COMT,,0,17,5,0,False,True
COMTD1,,0,20,8,0,False,True
COPRS,,0,22,8,0,False,True
COPS3,,0,14,7,0,False,True
COPS7A,,0,25,8,0,False,True
COPS7B,,0,39,8,0,False,True
COPS9,,0,24,8,0,False,True
COQ10A,,0,8,5,0,False,True
COQ10B,,0,10,5,0,True,True
COQ2,,0,26,8,0,False,True
COQ4,,0,40,8,0,False,True
COQ5,,0,13,8,0,False,True
COQ7,,0,21,7,0,False,True
COQ9,,0,17,7,0,False,True
CORO1B,hipsci_gwnonfit_01.npz,20,63,8,3,False,True
CORO2A,,0,27,8,0,False,True
COTL1,,0,27,7,0,False,True
COX10,,0,32,8,0,False,True
COX14,,0,35,7,0,False,True
COX15,,0,26,8,0,False,True
COX17,,0,15,7,0,False,True
COX18,,0,21,7,0,False,True
COX20,,0,21,8,0,False,True
COX5A,,0,21,8,0,False,False
COX6A1,,0,11,8,0,False,True
COX6B1,,0,15,5,0,False,True
COX6C,,0,10,6,0,False,True
COX7A2,,0,13,7,0,False,True
COX7A2L,,0,14,7,0,False,True
COX7B,,0,12,6,0,False,True
COX8A,,0,23,7,0,False,True
CPAMD8,,0,29,7,0,False,True
CPD,,0,18,8,0,False,True
CPLX1,,0,47,8,0,False,True
CPNE1,,0,20,8,0,False,True
CPNE2,,0,22,7,0,False,True
CPNE3,,0,18,7,0,False,True
CPNE7,,0,8,4,0,False,True
CPOX,,0,38,8,0,False,True
CPPED1,,0,25,8,0,False,True
CPSF7,,0,12,6,0,False,True
CPVL,,0,14,6,0,False,True
CR1L,,0,22,6,0,False,True
CRABP1,,0,5,4,0,False,True
CRABP2,,0,18,8,0,False,True
CRADD,,0,26,7,0,False,True
CRAMP1,,0,17,6,0,False,True
CRB3,,0,21,8,0,False,True
CRBN,,0,18,7,0,False,True
CREB1,,0,32,8,0,False,True
CREB3L1,,0,35,8,0,False,True
CREB5,,0,12,5,0,False,True
CREBBP,,0,11,6,0,False,True
CREBZF,,0,15,8,0,False,True
CREM,,0,19,8,0,False,True
CRIP3,,0,19,7,0,False,True
CRIPAK,,0,8,4,0,False,False
CRIPT,,0,10,5,0,False,True
CRK,,0,16,6,0,False,True
CRKL,,0,24,7,0,False,True
CRLF1,,0,34,8,0,False,True
CRMP1,,0,16,6,0,False,True
CRNKL1,,0,11,6,0,False,True
CROCC,,0,19,6,0,False,True
CRTAP,,0,22,8,0,False,True
CRTC2,,0,20,8,0,False,True
CRTC3,,0,29,7,0,False,True
CRYBG1,,0,27,8,0,False,True
CRYL1,,0,14,5,0,False,True
CRYZ,,0,35,8,0,False,True
CS,,0,21,8,0,False,True
CSDE1,,0,32,8,0,False,True
CSK,,0,28,8,0,False,True
CSNK1A1,,0,3,2,0,False,True
CSNK1D,,0,19,7,0,False,True
CSNK1E,,0,30,8,0,False,True
CSNK1G2,,0,39,8,0,False,True
CSNK1G3,hipsci_gwnonfit_01.npz,20,45,8,2,False,True
CSNK2A1,,0,7,4,0,True,True
CSNK2B,hipsci_gwnonfit_01.npz,21,53,8,2,False,True
CSRP2,,0,11,6,0,False,True
CST3,,0,20,7,0,False,True
CSTB,,0,18,8,0,False,True
CSTF2,,0,10,5,0,False,True
CTBP1,,0,36,8,0,False,False
CTBP2,,0,9,5,0,False,True
CTCF,,0,20,7,0,False,True
CTCFL,,0,14,7,0,False,True
CTDNEP1,,0,19,7,0,False,True
CTDSP2,,0,24,8,0,False,True
CTDSPL,,0,31,8,0,False,True
CTDSPL2,,0,25,8,0,False,True
CTNNAL1,,0,22,7,0,False,True
CTNNB1,,0,10,6,0,False,True
CTNND1,,0,25,8,0,False,True
CTSA,,0,15,7,0,False,True
CTSB,,0,18,6,0,False,True
CTSC,,0,23,8,0,False,True
CTSD,,0,28,6,0,False,True
CTSV,,0,32,8,0,False,True
CTTN,hipsci_gwnonfit_01.npz,11,43,8,1,False,True
CTXN1,,0,21,8,0,False,True
CUEDC2,,0,51,8,0,False,True
CUL3,,0,21,8,0,False,True
CUL4A,,0,34,8,0,False,True
CUL4B,,0,22,7,0,False,True
CUL5,,0,17,7,0,False,True
CUTA,,0,18,7,0,False,True
CUTC,,0,29,8,0,False,True
CUX1,,0,13,7,0,False,True
CWC27,,0,20,8,0,False,True
CWF19L1,,0,23,7,0,False,True
CXADR,,0,28,8,0,False,True
CXCL12,,0,21,8,0,False,True
CXXC5,,0,19,8,0,False,True
CXorf56,,0,15,7,0,False,True
CYB561,,0,25,8,0,False,True
CYB5A,,0,34,8,0,False,True
CYB5B,,0,15,7,0,False,True
CYB5D1,,0,13,7,0,False,True
CYB5R2,,0,25,7,0,False,True
CYB5R3,,0,29,8,0,False,True
CYBA,hipsci_gwnonfit_01.npz,12,39,8,1,False,True
CYC1,hipsci_gwnonfit_01.npz,22,53,8,2,False,True
CYCS,,0,21,7,0,False,True
CYFIP1,hipsci_gwnonfit_01.npz,11,47,8,1,False,True
CYFIP2,,0,46,8,0,False,True
CYHR1,,0,11,6,0,False,True
CYLD,,0,21,8,0,False,True
CYP20A1,,0,17,8,0,False,True
CYP27B1,,0,23,7,0,False,True
CYP2B6,,0,27,8,0,False,True
CYP2S1,,0,34,7,0,False,True
CYP51A1,,0,31,8,0,False,True
CYSTM1,,0,40,8,1,False,True
CYTH2,hipsci_gwnonfit_01.npz,11,50,8,2,True,True
CYYR1,,0,16,8,0,False,True
DAAM1,,0,13,7,0,False,True
DAB2IP,,0,20,6,0,False,True
DACT2,,0,32,8,0,False,True
DAG1,,0,24,8,0,False,True
DALRD3,,0,33,8,0,False,True
DAP3,,0,40,8,0,False,True
DAPK1,,0,28,8,0,False,True
DAPK3,,0,12,6,0,False,True
DAXX,,0,13,7,0,False,True
DAZAP2,,0,28,8,0,False,True
DBI,,0,8,4,0,False,True
DBN1,,0,4,3,0,True,True
DBNDD1,hipsci_gwnonfit_01.npz,10,42,8,1,False,True
DBNDD2,,0,27,7,0,False,True
DBNL,,0,16,6,0,False,True
DCAF11,,0,37,8,0,False,True
DCAF12,,0,16,7,0,False,True
DCAF15,,0,12,7,0,False,True
DCAF6,,0,2,2,0,False,True
DCBLD1,,0,35,8,0,False,True
DCBLD2,,0,17,6,0,False,True
DCK,,0,22,8,0,False,True
DCP2,,0,23,8,0,True,True
DCPS,,0,19,7,0,False,True
DCTD,,0,17,7,0,False,True
DCTN1,,0,15,6,0,False,True
DCTPP1,,0,43,8,0,False,True
DCUN1D5,,0,6,5,0,False,True
DCX,,0,15,7,0,False,True
DCXR,,0,28,8,0,False,True
DDA1,,0,20,7,0,False,True
DDAH2,,0,29,8,0,False,True
DDB2,,0,22,7,0,False,True
DDHD2,,0,43,8,0,False,True
DDI2,,0,19,7,0,False,True
DDIAS,,0,29,8,0,False,True
DDIT4,,0,42,8,0,False,True
DDR1,,0,18,7,0,False,True
DDT,,0,29,8,0,False,True
DDX17,,0,9,7,0,False,True
DDX19A,,0,20,7,0,False,True
DDX19B,,0,22,7,0,False,True
DDX25,,0,21,8,0,False,True
DDX28,,0,26,8,0,False,True
DDX39A,,0,25,8,0,False,True
DDX3X,,0,22,6,0,False,True
DDX3Y,,0,11,7,0,False,True
DDX50,,0,36,8,0,False,True
DDX6,,0,13,7,0,False,True
DEAF1,,0,35,8,0,True,True
DECR1,,0,7,5,0,False,True
DECR2,,0,16,7,0,False,True
DEDD2,,0,34,8,0,False,True
DEF8,,0,29,8,0,False,True
DEGS1,,0,11,5,0,False,True
DEGS2,,0,22,7,0,False,True
DEK,,0,31,8,0,True,True
DENND6A,hipsci_gwnonfit_01.npz,12,44,8,1,False,True
DEPDC1,,0,33,8,0,False,True
DEPDC1B,,0,20,8,0,False,True
DEPDC5,,0,5,4,0,False,True
DERA,,0,19,6,0,False,True
DERL1,,0,22,8,0,False,True
DESI1,,0,22,8,0,False,True
DESI2,,0,22,6,0,False,True
DET1,,0,20,6,0,False,True
DEXI,,0,6,5,0,False,True
DFFA,,0,12,8,0,False,True
DGAT1,,0,18,7,0,False,True
DGAT2,,0,27,8,0,False,True
DGCR6L,,0,34,8,0,False,True
DGKD,,0,12,6,0,False,True
DGKZ,,0,15,7,0,False,True
DGUOK,,0,12,7,0,False,True
DHCR24,,0,16,7,0,False,True
DHCR7,,0,33,8,0,False,True
DHODH,,0,18,8,0,False,True
DHRS11,,0,2,2,0,False,True
DHRS4,,0,31,8,0,False,True
DHRS7,,0,42,8,0,False,True
DHTKD1,,0,26,8,0,False,True
DHX30,,0,16,7,0,False,True
DHX36,,0,24,8,0,False,True
DIAPH1,,0,14,7,0,False,True
DIAPH2,,0,37,8,0,False,True
DIAPH3,hipsci_gwnonfit_01.npz,10,53,8,1,False,True
DIDO1,,0,11,6,0,False,True
DIP2B,,0,9,7,0,False,True
DIP2C,,0,32,7,0,False,True
DLAT,,0,22,7,0,True,True
DLD,,0,12,5,0,False,True
DLG5,,0,10,4,0,False,True
DLGAP1,,0,20,8,0,False,True
DLGAP4,,0,16,7,0,False,True
DLL3,,0,29,8,0,False,True
DLST,,0,41,8,0,False,True
DMAC1,,0,16,5,0,False,True
DMAC2,,0,17,7,0,False,True
DMKN,,0,18,7,0,False,True
DNAAF2,,0,35,8,0,False,True
DNAAF3,,0,19,6,0,False,True
DNAAF5,,0,26,8,0,False,True
DNAH14,,0,26,8,0,False,True
DNAJA1,,0,20,7,0,False,True
DNAJB1,,0,14,8,0,False,True
DNAJB11,,0,17,7,0,False,True
DNAJB12,,0,32,7,0,False,True
DNAJB14,,0,20,8,0,False,True
DNAJB6,,0,27,8,0,False,True
DNAJC1,,0,22,8,0,False,True
DNAJC10,,0,28,8,0,False,True
DNAJC11,,0,13,7,0,False,True
DNAJC13,,0,37,8,0,False,True
DNAJC15,,0,28,8,0,False,True
DNAJC19,,0,21,7,0,False,True
DNAJC21,,0,33,8,0,False,True
DNAJC25,,0,16,6,0,False,True
DNAJC3,,0,12,7,0,False,True
DNAJC30,,0,35,8,0,False,True
DNAJC4,,0,12,6,0,False,True
DNAJC5,,0,4,4,0,False,True
DNAJC7,,0,31,8,0,False,True
DNAJC8,,0,19,8,0,False,True
DNAJC9,,0,17,8,0,False,True
DNASE2,,0,10,6,0,False,True
DNM1,,0,40,8,1,False,True
DNMT1,,0,11,6,0,False,True
DNMT3A,,0,22,7,0,False,True
DNMT3B,hipsci_gwnonfit_01.npz,11,39,7,1,False,True
DNPEP,,0,17,7,0,False,True
DNPH1,,0,29,8,0,False,True
DNTTIP1,,0,40,8,0,True,True
DOCK5,,0,15,6,0,False,True
DOCK6,,0,12,6,0,False,True
DOCK7,,0,43,8,0,False,True
DOHH,,0,45,8,0,False,True
DOK5,,0,24,8,0,False,True
DOLK,,0,28,8,0,False,True
DOLPP1,,0,25,7,0,False,True
DOT1L,,0,7,4,0,False,True
DPCD,,0,19,7,0,False,True
DPF2,,0,14,6,0,False,True
DPH1,,0,34,8,0,False,True
DPH2,,0,30,8,0,False,True
DPH3,,0,6,5,0,False,True
DPH5,,0,32,7,0,False,True
DPH6,,0,14,8,0,False,True
DPH7,,0,30,8,0,False,True
DPM2,,0,21,7,0,False,True
DPM3,,0,26,8,0,False,True
DPP3,,0,11,5,0,False,True
DPP7,,0,10,7,0,False,True
DPP8,,0,22,7,0,False,True
DPPA3,,0,18,8,0,False,True
DPPA4,,0,13,7,0,False,True
DPYSL2,,0,11,8,0,False,True
DPYSL3,,0,12,6,0,False,True
DPYSL4,,0,22,7,0,False,True
DRAM2,,0,8,5,0,False,True
DRAP1,,0,29,8,0,False,True
DRAXIN,,0,48,8,0,False,True
DRG1,hipsci_gwnonfit_02.npz,22,66,8,2,False,True
DRG2,,0,10,6,0,True,True
DSC2,,0,31,7,0,False,True
DSE,,0,17,8,0,False,True
DSEL,,0,28,7,0,False,True
DSP,,0,4,3,0,False,True
DST,,0,17,8,0,False,True
DTD1,,0,38,8,0,False,True
DTNB,,0,38,8,0,False,True
DTX2,,0,23,7,0,False,True
DUS1L,hipsci_gwnonfit_02.npz,11,42,8,1,False,True
DUSP1,,0,20,8,0,False,True
DUSP14,,0,23,7,0,False,True
DUSP22,,0,21,7,0,False,True
DUSP23,,0,9,5,0,False,True
DUSP3,,0,25,8,0,False,True
DUSP4,,0,24,7,0,False,True
DUSP5,,0,18,8,0,False,True
DUSP6,,0,4,3,0,False,True
DVL1,,0,19,8,0,False,True
DVL2,,0,23,6,0,False,True
DVL3,,0,24,8,0,True,True
DYM,,0,22,8,0,False,True
DYNC1LI1,,0,10,6,0,False,True
DYNC1LI2,,0,23,8,0,False,True
DYNLL1,,0,17,6,0,False,True
DYNLT1,,0,24,7,0,False,True
DYRK1A,,0,15,7,0,False,True
DZIP1,,0,15,7,0,False,True
E2F1,,0,20,8,0,True,True
E2F3,,0,28,8,0,False,True
E2F4,,0,25,8,0,True,True
E2F5,,0,17,8,0,False,True
E2F6,,0,14,8,0,False,True
E2F7,,0,10,7,0,False,True
EAF1,,0,7,6,0,False,True
EBF1,,0,24,8,0,False,True
EBP,,0,9,6,0,False,True
EBPL,,0,25,8,0,False,True
ECD,,0,21,7,0,False,True
ECEL1,,0,20,7,0,False,True
ECH1,,0,26,8,0,False,True
ECHDC1,,0,23,8,0,False,True
ECHDC3,,0,29,8,0,False,True
ECHS1,,0,24,7,0,False,True
ECI1,,0,23,8,0,False,True
ECI2,hipsci_gwnonfit_02.npz,11,34,8,1,False,True
EDC4,,0,20,7,0,False,True
EDEM2,,0,25,8,0,False,True
EDF1,,0,30,8,0,False,True
EDIL3,,0,21,8,0,False,True
EEA1,,0,16,7,0,False,True
EED,,0,8,5,0,False,True
EEF1A2,,0,8,4,0,True,True
EEF1AKMT2,,0,17,6,0,False,True
EEF1B2,,0,28,7,0,False,True
EEF1D,,0,7,5,0,False,False
EEF1E1,,0,31,8,0,False,True
EEF2KMT,,0,21,7,0,False,True
EEFSEC,,0,23,8,0,False,True
EEPD1,,0,20,7,0,False,True
EFEMP1,hipsci_gwnonfit_02.npz,11,48,8,1,False,True
EFHD1,,0,21,6,0,False,True
EFNA3,,0,21,8,0,False,True
EFNB2,,0,17,7,0,False,True
EFR3A,,0,32,8,0,False,True
EGFL7,,0,8,5,0,False,True
EGFR,,0,35,8,1,False,True
EGLN1,,0,11,8,0,False,True
EGLN2,,0,24,8,0,False,True
EHBP1,,0,29,8,0,False,True
EHBP1L1,,0,22,7,0,False,True
EHD4,,0,15,7,0,False,True
EHMT1,,0,18,7,0,False,True
EHMT2,,0,23,8,0,False,True
EI24,,0,32,7,0,False,True
EID1,,0,19,7,0,False,True
EIF1AY,,0,23,8,0,False,True
EIF1B,,0,15,7,0,False,True
EIF2A,,0,17,7,0,False,True
EIF2AK1,,0,7,4,0,False,True
EIF2AK2,,0,26,8,0,False,True
EIF2AK4,,0,40,8,0,False,True
EIF2D,,0,30,8,0,False,True
EIF3E,,0,16,7,0,False,True
EIF3K,,0,36,8,0,False,True
EIF3L,,0,7,5,0,False,True
EIF4B,,0,25,8,0,False,True
EIF4E2,,0,25,8,0,False,True
EIF4EBP1,,0,32,8,0,False,True
EIF4EBP2,,0,6,3,0,False,True
EIF4EBP3,,0,9,7,0,False,True
EIF4G3,,0,15,7,0,False,True
EIF4H,,0,38,8,0,False,True
EIF5A2,,0,12,6,0,False,True
EIPR1,,0,38,8,0,False,True
ELAVL1,,0,30,8,0,False,True
ELF2,,0,23,7,0,False,True
ELF3,,0,32,8,0,False,True
ELMOD3,,0,15,6,0,False,True
ELMSAN1,,0,15,7,0,False,True
ELN,,0,7,4,0,False,True
ELOA,,0,45,8,0,False,True
ELOB,,0,11,7,0,False,True
ELOF1,,0,43,8,0,False,True
ELOVL1,,0,30,8,0,False,True
ELOVL5,,0,23,7,0,False,True
ELOVL6,,0,12,5,0,False,True
ELOVL7,,0,28,8,0,False,True
EMC10,,0,19,8,0,False,True
EMC2,,0,40,8,0,False,True
EMC3,,0,14,7,0,False,True
EMC4,,0,10,5,0,False,True
EMC6,,0,37,8,0,False,True
EMC7,,0,3,2,0,False,True
EMC8,,0,8,6,0,False,True
EMC9,,0,23,8,0,False,True
EMD,,0,30,8,0,False,True
EML2,,0,11,6,0,False,True
EML4,,0,16,7,0,False,True
EMP2,,0,19,6,0,False,True
ENAH,hipsci_gwnonfit_02.npz,10,28,8,1,False,True
ENDOG,,0,18,6,0,False,True
ENHO,,0,33,8,0,False,True
ENO2,,0,15,8,0,False,True
ENOPH1,,0,47,8,0,False,True
ENOSF1,,0,38,8,0,False,True
ENOX2,,0,33,8,0,False,True
ENSA,,0,38,8,0,False,True
ENTPD6,,0,13,6,0,False,True
ENY2,,0,10,7,0,False,True
EP300,,0,8,5,0,False,True
EPB41,,0,9,5,0,False,True
EPB41L1,,0,32,7,0,False,True
EPB41L2,,0,22,8,0,False,True
EPB41L3,,0,39,8,0,False,True
EPC1,,0,11,6,0,False,True
EPC2,,0,19,8,0,True,True
EPCAM,,0,22,8,0,False,True
EPG5,,0,24,8,0,False,True
EPHA1,,0,19,8,0,False,True
EPHA2,,0,15,8,0,False,True
EPHX1,,0,32,8,0,False,True
EPHX3,,0,24,8,0,False,True
EPN1,hipsci_gwnonfit_02.npz,11,51,8,2,False,True
EPOP,,0,10,5,0,False,True
EPS8L2,,0,22,8,0,False,True
ERAL1,,0,23,7,0,False,True
ERBB2,,0,16,8,0,False,True
ERBB3,,0,30,7,0,False,True
ERG28,,0,13,6,0,False,True
ERGIC1,,0,28,8,0,False,True
ERGIC2,,0,18,7,0,False,True
ERGIC3,hipsci_gwnonfit_02.npz,11,48,8,1,False,True
ERI3,,0,27,8,0,False,True
ERICH1,,0,15,6,0,False,True
ERLEC1,,0,18,8,0,False,True
ERP29,,0,14,6,0,False,True
ERP44,,0,26,8,0,False,True
ERRFI1,,0,29,6,0,False,True
ESCO2,,0,21,8,0,False,True
ESD,,0,15,6,0,False,True
ESPN,,0,9,6,0,False,True
ESRP1,,0,7,5,0,False,True
ESRRA,,0,43,8,0,False,True
ESYT1,,0,21,6,0,False,True
ETFA,,0,19,7,0,False,True
ETFB,,0,18,7,0,False,True
ETFDH,,0,34,8,0,False,True
ETHE1,,0,28,8,0,False,True
ETNK1,,0,12,6,0,False,True
ETS2,,0,17,8,0,False,True
ETV1,,0,32,8,0,False,True
ETV5,,0,21,8,0,False,True
ETV6,,0,41,8,0,False,True
EVA1B,,0,26,8,0,False,True
EVL,,0,6,4,0,False,True
EWSR1,,0,15,8,0,False,True
EXD2,,0,45,8,0,False,True
EXD3,,0,13,8,0,False,True
EXO1,,0,33,8,0,False,True
EXOSC7,,0,6,5,0,False,True
EXT1,hipsci_gwnonfit_02.npz,25,75,8,3,False,True
EXT2,,0,44,8,1,False,True
EXTL2,,0,22,7,0,False,True
EXTL3,,0,31,8,0,False,True
EZH2,,0,27,8,0,True,True
EZR,,0,14,6,0,False,True
F11R,,0,22,7,0,False,True
F12,,0,23,8,0,False,True
F2RL1,,0,17,7,0,False,True
F3,,0,17,7,0,False,True
FAAH2,,0,19,8,0,False,True
FAAP100,,0,15,7,0,False,True
FAAP20,,0,23,7,0,False,True
FABP5,,0,31,8,0,False,True
FABP6,,0,19,6,0,False,True
FADD,,0,58,8,1,False,True
FADS1,,0,47,8,0,False,True
FADS2,,0,17,7,0,False,True
FADS3,,0,8,5,0,False,True
FAF1,hipsci_gwnonfit_02.npz,10,43,8,1,False,True
FAHD2A,,0,22,8,0,False,True
FAHD2B,,0,8,5,0,False,True
FAM104A,,0,10,6,0,False,True
FAM104B,,0,9,7,0,False,True
FAM107B,,0,16,8,0,False,True
FAM110A,,0,28,8,0,False,True
FAM118A,,0,7,5,0,False,True
FAM120A,,0,16,8,0,True,True
FAM120AOS,,0,33,8,0,False,True
FAM122A,,0,30,8,0,False,True
FAM122B,,0,9,4,0,False,True
FAM124A,,0,45,8,0,False,True
FAM126A,,0,25,7,0,False,True
FAM126B,,0,11,5,0,False,True
FAM133B,,0,18,8,0,False,True
FAM136A,,0,23,8,0,False,True
FAM155A,,0,17,7,0,False,True
FAM160A2,,0,30,8,0,False,True
FAM162A,,0,26,8,0,False,True
FAM168A,,0,31,8,0,False,True
FAM168B,,0,19,6,0,False,True
FAM172A,,0,28,8,0,False,True
FAM177A1,,0,14,6,0,False,True
FAM189B,,0,10,4,0,False,True
FAM192A,hipsci_gwnonfit_02.npz,31,60,8,4,False,True
FAM200B,,0,36,8,0,False,True
FAM207A,,0,16,7,0,False,True
FAM210A,,0,24,8,0,False,True
FAM210B,,0,16,6,0,False,True
FAM216A,,0,30,8,0,False,True
FAM219A,,0,13,6,0,False,True
FAM219B,,0,17,7,0,False,True
FAM222B,,0,26,7,0,False,True
FAM229A,,0,19,8,0,False,True
FAM229B,,0,16,7,0,False,True
FAM3A,,0,34,7,0,False,True
FAM3C,,0,21,7,0,False,True
FAM49A,,0,45,8,0,False,True
FAM49B,,0,39,8,0,False,True
FAM50A,,0,8,5,0,False,True
FAM71E1,,0,25,8,0,False,True
FAM83D,,0,12,8,0,False,True
FAM83F,,0,25,7,0,False,True
FAM86C1,,0,29,8,0,False,True
FAM89B,,0,35,8,0,False,True
FAM91A1,,0,21,8,0,False,True
FAM92A,,0,16,7,0,False,True
FAM98A,,0,30,8,0,False,True
FAR2,,0,27,8,0,False,True
FARP1,,0,32,8,0,False,True
FARS2,,0,34,8,0,False,True
FASTK,,0,5,4,0,False,True
FASTKD3,,0,26,8,0,False,True
FAT1,,0,15,8,0,False,True
FBLIM1,hipsci_gwnonfit_02.npz,10,39,8,1,False,True
FBLN1,,0,19,7,0,False,True
FBN2,,0,20,8,0,False,True
FBXL12,hipsci_gwnonfit_02.npz,22,48,8,2,False,True
FBXL6,,0,25,6,0,False,True
FBXL7,,0,34,8,0,False,True
FBXO11,,0,41,8,0,False,True
FBXO2,,0,37,8,0,False,True
FBXO22,,0,16,8,0,False,True
FBXO30,,0,18,8,0,False,True
FBXO38,,0,16,8,0,False,True
FBXO42,,0,29,7,0,False,True
FBXO45,,0,34,8,0,False,True
FBXO7,,0,23,7,0,False,True
FBXO8,,0,22,8,0,False,True
FBXW11,,0,10,6,0,False,True
FBXW5,,0,40,8,0,False,True
FBXW7,,0,11,7,0,False,True
FCGRT,,0,9,6,0,True,True
FCHO2,,0,33,8,0,False,True
FDX1,,0,15,6,0,False,True
FECH,,0,5,2,0,False,True
FERMT1,,0,10,7,0,False,True
FERMT2,,0,21,7,0,False,True
FEZ1,,0,27,8,0,False,True
FEZ2,,0,23,8,0,False,True
FEZF1,,0,18,7,0,False,True
FGF13,hipsci_gwnonfit_02.npz,26,64,8,2,False,True
FGF19,,0,35,8,0,False,True
FGF2,,0,24,8,0,False,True
FGF4,,0,29,8,0,False,True
FGFBP3,,0,31,7,0,False,True
FGFR1,,0,21,7,0,False,True
FGFR1OP2,,0,37,8,0,False,True
FGFR4,,0,6,4,0,False,True
FH,,0,19,7,0,False,True
FHDC1,,0,34,8,0,False,True
FHL1,,0,13,7,0,False,True
FHL3,,0,28,8,0,True,True
FIBP,,0,42,8,0,False,True
FIS1,,0,21,6,0,False,True
FITM2,,0,35,8,0,False,True
FKBP10,,0,24,8,0,False,True
FKBP11,hipsci_gwnonfit_02.npz,11,64,8,2,False,True
FKBP14,,0,7,5,0,False,True
FKBP1A,hipsci_gwnonfit_02.npz,10,36,8,1,False,True
FKBP1B,,0,16,8,0,False,True
FKBP2,,0,3,3,0,False,True
FKBP3,,0,28,8,0,False,True
FKBP4,hipsci_gwnonfit_02.npz,10,38,8,1,False,True
FKBP8,,0,42,8,1,False,True
FLAD1,,0,33,8,0,False,True
FLCN,,0,15,8,0,False,True
FLI1,,0,13,7,0,False,True
FLII,,0,19,8,0,False,True
FLNA,,0,27,8,0,False,True
FLNB,,0,6,5,0,False,True
FLOT1,,0,12,6,0,False,True
FLOT2,,0,28,8,0,False,True
FLRT2,,0,14,7,0,False,True
FLT1,,0,13,6,0,False,True
FLVCR1,,0,21,8,0,False,True
FLYWCH2,,0,19,7,0,False,True
FMC1,,0,31,8,0,False,True
FN1,,0,8,5,0,False,True
FN3K,hipsci_gwnonfit_02.npz,10,38,8,1,False,True
FNBP1,,0,34,8,0,False,True
FNBP1L,,0,31,8,0,False,True
FNDC3B,,0,10,7,0,False,True
FNIP1,hipsci_gwnonfit_02.npz,10,40,8,1,False,True
FNIP2,,0,27,8,0,False,True
FOPNL,,0,35,8,0,False,True
FOS,,0,13,6,0,False,True
FOSL1,,0,38,8,0,False,True
FOXA1,,0,30,8,0,False,True
FOXB1,,0,25,8,0,False,True
FOXH1,,0,19,7,0,False,True
FOXM1,,0,31,8,0,False,True
FOXN3,,0,31,8,0,False,True
FOXO1,,0,15,6,0,False,True
FOXP1,,0,22,8,0,False,True
FOXRED1,,0,24,6,0,False,True
FPGS,,0,22,7,0,False,True
FRA10AC1,,0,20,8,0,False,True
FRAS1,hipsci_gwnonfit_02.npz,10,49,8,1,False,True
FRAT2,,0,25,8,0,False,True
FRG1,,0,23,8,0,False,True
FRYL,,0,26,7,0,False,True
FSCN1,,0,19,7,0,False,True
FST,,0,9,5,0,False,True
FSTL1,,0,17,7,0,False,True
FSTL3,,0,18,7,0,False,True
FTH1,,0,21,7,0,False,True
FTL,,0,25,8,0,False,True
FTSJ1,,0,30,8,0,False,True
FUBP1,,0,14,5,0,False,True
FUCA2,,0,18,7,0,False,True
FUNDC1,,0,19,7,0,False,True
FUNDC2,,0,32,8,0,False,True
FUOM,,0,12,7,0,False,True
FURIN,,0,22,8,0,False,True
FUS,,0,9,6,0,False,True
FUT10,,0,20,7,0,False,True
FUT11,,0,29,8,0,False,True
FUT8,,0,19,7,0,False,True
FUT9,,0,32,8,0,False,True
FUZ,hipsci_gwnonfit_02.npz,26,53,8,2,False,True
FXR1,,0,24,8,0,False,True
FXYD1,,0,33,7,0,False,True
FXYD5,,0,21,8,0,True,True
FXYD6,,0,26,8,0,False,True
FXYD7,,0,2,2,0,False,True
FZD3,,0,19,7,0,False,True
FZD6,,0,18,8,0,False,True
FZD7,,0,17,8,0,False,True
FZR1,,0,26,8,0,False,True
G2E3,hipsci_gwnonfit_02.npz,11,36,8,1,False,True
G3BP1,,0,11,7,0,False,False
G3BP2,,0,12,7,0,False,True
G6PC3,,0,13,6,0,False,True
G6PD,,0,13,7,0,False,True
GAB1,,0,27,8,0,False,True
GAB2,,0,26,7,0,False,True
GABARAP,,0,3,1,0,False,True
GABARAPL1,,0,22,6,0,False,True
GABARAPL2,,0,18,7,0,False,True
GABRB3,,0,20,8,0,False,True
GAD2,,0,13,6,0,False,True
GADD45A,,0,9,6,0,False,True
GADD45GIP1,,0,5,4,0,False,True
GAK,,0,23,7,0,False,True
GAL,,0,35,8,0,False,True
GALE,,0,11,7,0,False,True
GALK1,,0,34,8,0,False,True
GALNT1,,0,31,7,0,False,True
GALNT11,,0,45,8,0,False,True
GALNT7,,0,23,8,0,False,True
GALT,,0,43,8,0,False,True
GAMT,,0,40,8,0,False,True
GANAB,hipsci_gwnonfit_02.npz,10,29,8,1,False,True
GAP43,,0,16,8,0,False,True
GART,,0,25,8,0,False,True
GATA3,,0,8,4,0,False,True
GATAD1,,0,27,8,0,False,True
GATAD2A,,0,24,8,0,False,True
GATB,,0,25,7,0,False,True
GATC,,0,25,8,0,False,True
GCA,,0,48,8,0,False,True
GCAT,,0,44,8,0,False,True
GCC2,,0,18,6,0,False,True
GCDH,,0,28,7,0,False,True
GCHFR,,0,17,6,0,False,True
GCLC,hipsci_gwnonfit_02.npz,11,48,8,1,False,True
GCN1,,0,21,8,0,False,True
GCNT1,,0,19,6,0,False,True
GCSH,,0,48,8,0,False,True
GDAP1L1,,0,9,5,0,False,True
GDE1,,0,23,7,0,False,True
GDF15,,0,11,7,0,False,True
GDF3,,0,25,8,0,False,True
GDI1,,0,16,7,0,False,True
GDI2,,0,5,5,0,False,True
GET4,,0,38,8,0,False,False
GFM1,hipsci_gwnonfit_02.npz,12,58,8,2,False,True
GFOD1,,0,38,8,0,False,True
GFPT1,hipsci_gwnonfit_02.npz,10,43,8,1,False,True
GFPT2,,0,26,7,0,False,True
GGA1,,0,37,8,0,False,True
GGA3,,0,9,6,0,False,True
GGCT,,0,23,8,0,False,True
GGCX,,0,44,7,1,False,True
GGH,,0,23,8,0,False,True
GGNBP2,,0,18,5,0,False,True
GGT1,,0,21,8,0,False,True
GGTLC2,,0,14,7,0,False,True
GHITM,,0,37,8,0,False,True
GID4,,0,31,8,0,False,True
GID8,,0,6,4,0,False,True
GINM1,,0,19,8,0,False,True
GIPC1,,0,13,8,0,False,True
GJA1,,0,10,5,0,False,True
GLA,,0,17,7,0,False,True
GLB1L2,,0,13,6,0,False,True
GLB1L3,,0,35,8,0,False,True
GLCCI1,,0,31,8,0,False,True
GLDC,,0,28,8,0,False,True
GLG1,,0,29,8,0,False,True
GLI1,,0,3,3,0,False,True
GLMP,,0,20,7,0,False,True
GLO1,,0,25,7,0,False,True
GLOD4,hipsci_gwnonfit_02.npz,10,27,7,1,False,True
GLRX,,0,17,7,0,False,True
GLRX5,,0,43,8,0,False,True
GLS,,0,14,6,0,False,True
GLT8D1,,0,19,8,0,False,True
GLTP,,0,23,8,0,False,True
GLUD1,,0,26,7,0,False,True
GLUL,,0,19,7,0,False,True
GMCL1,,0,18,7,0,False,True
GMDS,,0,20,7,0,False,True
GMFB,,0,16,7,0,False,True
GMPPA,,0,9,5,0,False,True
GMPPB,,0,25,8,0,False,True
GMPR2,,0,10,6,0,False,True
GNA13,,0,21,7,0,False,True
GNAI2,,0,25,8,0,False,True
GNAI3,,0,18,7,0,False,True
GNAL,,0,16,7,0,False,True
GNAQ,,0,23,8,0,False,True
GNAS,,0,32,8,0,False,False
GNB2,,0,18,8,0,False,True
GNB4,,0,22,8,0,False,True
GNB5,,0,28,8,0,False,True
GNG10,,0,30,8,0,False,True
GNG12,,0,29,7,0,False,True
GNG4,,0,38,8,0,False,True
GNG5,,0,33,8,0,False,True
GNL1,,0,29,8,0,False,True
GNPDA1,,0,49,8,1,False,True
GNPNAT1,,0,31,8,0,False,True
GNPTAB,,0,28,8,0,False,True
GNPTG,,0,17,5,0,False,True
GOLGA2,,0,32,7,0,False,True
GOLGA4,,0,26,8,0,False,False
GOLGA7,,0,14,6,0,False,True
GOLGB1,,0,21,6,0,False,True
GOLIM4,,0,27,8,0,False,True
GOLM1,,0,16,6,0,False,True
GOLPH3,,0,15,6,0,False,True
GOLT1A,,0,13,7,0,False,True
GOPC,,0,27,8,0,False,True
GORASP2,,0,11,6,0,False,True
GOSR1,,0,6,5,0,False,True
GOT1,,0,33,8,0,False,True
GOT2,,0,18,7,0,False,True
GPAA1,,0,22,8,0,False,True
GPANK1,,0,12,6,0,False,True
GPATCH11,,0,27,8,0,False,True
GPATCH2L,,0,16,7,0,False,True
GPATCH4,,0,20,7,0,False,True
GPBP1,,0,31,8,0,False,True
GPBP1L1,,0,20,7,0,False,True
GPC2,,0,28,7,1,False,True
GPC3,hipsci_gwnonfit_02.npz,11,46,8,1,False,True
GPC4,hipsci_gwnonfit_02.npz,24,77,8,4,False,True
GPHN,,0,38,8,0,False,True
GPM6A,,0,12,5,0,False,True
GPM6B,,0,18,7,0,False,True
GPR137,,0,12,7,0,False,True
GPR137B,,0,25,8,0,False,True
GPR160,,0,16,8,0,False,True
GPR176,,0,18,8,0,False,True
GPR27,,0,29,8,0,False,True
GPRASP2,,0,7,5,0,False,True
GPRC5B,,0,61,8,1,False,True
GPS2,,0,13,7,0,False,True
GPX3,,0,17,7,0,False,True
GPX4,,0,27,8,0,False,True
GPX8,,0,18,8,0,False,True
GRAMD1A,,0,32,8,0,True,True
GRAMD4,,0,27,8,0,False,True
GRB10,,0,32,8,0,False,True
GRB2,,0,23,8,0,False,True
GRB7,,0,16,7,0,False,True
GREB1,,0,26,7,0,False,True
GRHL2,,0,21,8,0,False,True
GRHPR,,0,31,8,0,False,True
GRID2,,0,22,7,0,False,True
GRIPAP1,,0,15,8,0,False,True
GRK2,,0,38,8,0,False,True
GRK6,,0,40,8,0,False,True
GRN,,0,9,6,0,False,True
GRSF1,hipsci_gwnonfit_02.npz,10,53,8,2,False,True
GRTP1,,0,14,8,0,False,True
GSE1,,0,22,8,0,False,True
GSK3A,,0,16,7,0,False,True
GSK3B,,0,12,5,0,False,True
GSKIP,,0,6,4,0,False,True
GSN,,0,9,5,0,False,True
GSPT2,,0,25,8,0,False,True
GSR,,0,5,3,0,False,True
GSS,,0,20,7,0,False,True
GSTA4,,0,33,8,0,False,True
GSTK1,,0,38,8,0,False,True
GSTM2,,0,39,8,0,False,True
GSTM4,,0,23,8,0,False,True
GSTO1,,0,31,8,0,False,True
GSTO2,,0,21,7,0,False,True
GSTP1,,0,25,8,0,False,True
GSTZ1,,0,18,7,0,False,True
GTF2A1,,0,28,8,0,False,True
GTF2H5,,0,13,4,0,False,True
GTF2I,,0,19,8,0,False,True
GTF3A,,0,16,8,0,False,True
GTPBP3,,0,25,8,0,False,True
GTPBP6,,0,15,6,0,False,True
GTSE1,,0,13,7,0,False,True
GULP1,,0,17,7,0,False,True
GUSB,,0,26,8,0,False,True
GXYLT1,,0,22,7,0,False,True
GYG1,,0,25,8,0,False,True
GYG2,,0,24,7,0,False,True
GYPC,,0,8,4,0,False,True
H1F0,,0,11,6,0,False,True
H1FX,,0,46,8,0,False,True
H2AFJ,,0,16,7,0,False,True
H2AFV,,0,33,8,0,False,False
H2AFX,,0,11,6,0,False,True
H2AFY,,0,12,6,0,False,True
H2AFY2,,0,8,4,0,False,True
H3F3A,,0,10,5,0,False,True
H3F3B,hipsci_gwnonfit_02.npz,13,45,8,1,False,True
HACD1,,0,17,8,0,False,True
HACD3,,0,28,8,0,False,True
HACL1,,0,19,7,0,False,True
HADH,,0,12,8,0,False,True
HADHA,,0,20,8,0,False,True
HADHB,,0,37,8,0,False,True
HAGH,,0,40,8,0,False,True
HAGHL,,0,28,8,0,False,True
HAMP,,0,21,8,0,False,True
HAPLN2,,0,17,7,0,False,True
HAT1,,0,20,6,0,False,True
HAX1,,0,26,8,0,False,True
HCCS,,0,21,7,0,False,True
HCFC1,,0,24,8,0,False,True
HCFC1R1,,0,4,4,0,False,True
HDAC1,,0,26,8,0,True,True
HDAC2,,0,45,8,0,False,True
HDAC5,,0,27,8,0,False,True
HDAC7,,0,14,7,0,False,True
HDAC9,,0,12,5,0,False,True
HDDC2,hipsci_gwnonfit_02.npz,21,60,8,2,False,True
HDDC3,,0,37,8,0,False,True
HDGF,hipsci_gwnonfit_03.npz,61,74,8,5,False,True
HDGFL2,,0,21,8,0,False,True
HDGFL3,,0,22,7,0,False,True
HDHD2,,0,31,8,0,False,True
HDHD5,,0,44,7,1,False,True
HDLBP,,0,15,6,0,False,True
HDX,,0,19,7,0,False,True
HEATR5B,,0,17,5,0,False,True
HEATR6,,0,23,7,0,True,True
HEBP1,,0,27,8,0,False,True
HEBP2,,0,14,8,0,False,True
HECTD1,,0,24,8,0,False,True
HEG1,,0,15,6,0,False,True
HELLS,,0,21,7,0,False,True
HELZ,,0,20,8,0,False,True
HERC2,,0,45,7,0,False,True
HES1,,0,13,7,0,False,True
HES3,,0,30,8,0,False,True
HES4,,0,26,8,0,False,True
HES6,,0,57,8,1,False,True
HES7,,0,37,8,0,False,True
HEXA,,0,22,7,0,False,True
HEXB,,0,29,8,0,False,True
HEXIM1,,0,38,7,0,False,True
HEY2,,0,21,8,0,False,True
HIBCH,,0,33,7,0,False,True
HIC2,,0,9,6,0,False,True
HID1,,0,35,8,0,False,True
HIF1A,,0,26,8,0,False,True
HIF3A,,0,38,8,0,False,True
HIGD1A,,0,34,8,0,False,True
HIGD2A,,0,25,8,0,False,True
HIKESHI,,0,16,7,0,False,True
HILPDA,,0,11,6,0,False,True
HINT1,,0,25,8,0,False,True
HINT2,,0,9,4,0,False,True
HIP1,,0,9,6,0,False,True
HIPK1,,0,14,8,0,False,True
HIRA,,0,3,2,0,False,True
HIST1H1A,,0,22,8,0,False,True
HIST1H1B,,0,33,8,0,False,True
HIST1H1C,,0,14,7,0,False,True
HIST1H1E,,0,18,7,0,False,True
HIST1H2AB,,0,20,7,0,False,False
HIST1H2AC,,0,17,6,0,False,True
HIST1H2AE,,0,22,8,0,False,True
HIST1H2AG,,0,11,6,0,False,True
HIST1H2AH,,0,17,7,0,False,True
HIST1H2AK,,0,35,8,0,False,True
HIST1H2AL,,0,28,8,0,False,False
HIST1H2AM,,0,23,7,0,False,False
HIST1H2BC,,0,19,8,0,False,False
HIST1H2BF,,0,11,7,0,False,False
HIST1H2BH,,0,15,5,0,False,True
HIST1H2BJ,,0,41,8,0,False,False
HIST1H2BK,,0,16,6,0,False,False
HIST1H2BL,,0,13,7,0,False,False
HIST1H2BN,,0,20,7,0,False,True
HIST1H2BO,,0,19,7,0,False,False
HIST1H3D,,0,6,5,0,False,False
HIST1H3F,,0,23,7,0,False,False
HIST1H3G,,0,26,8,0,False,True
HIST1H3I,,0,17,6,0,False,True
HIST1H4C,,0,24,7,0,False,True
HIST1H4D,,0,19,8,0,False,False
HIST1H4I,,0,21,8,0,False,True
HIST2H2AC,,0,17,7,0,False,False
HIST2H2BF,,0,24,8,0,False,False
HIST2H3D,,0,21,8,0,False,False
HIST3H2A,,0,30,8,0,False,True
HK1,,0,14,8,0,False,True
HK2,,0,27,8,0,False,True
HLTF,,0,26,8,0,False,True
HM13,,0,22,8,0,False,True
HMBOX1,,0,19,7,0,False,True
HMBS,,0,17,8,0,False,True
HMCES,,0,19,7,0,False,True
HMG20A,,0,12,6,0,False,True
HMG20B,,0,30,8,0,False,True
HMGA1,,0,15,7,0,False,True
HMGA2,,0,32,8,0,False,True
HMGB1,,0,23,7,0,False,False
HMGB2,,0,20,8,0,False,True
HMGB3,,0,25,8,0,False,True
HMGN1,,0,16,6,0,False,True
HMGN2,,0,17,7,0,False,False
HMGN3,,0,37,8,0,True,True
HMGN4,,0,17,7,0,True,True
HMGN5,,0,10,6,0,False,True
HMGXB4,,0,17,7,0,False,True
HMMR,,0,26,8,0,False,True
HMOX2,,0,20,7,0,False,True
HMSD,,0,26,8,0,False,True
HNF1A,,0,15,6,0,False,True
HNRNPA2B1,,0,18,6,0,False,True
HNRNPA3,,0,9,5,0,False,True
HNRNPAB,,0,21,6,0,False,True
HNRNPD,,0,8,7,0,False,True
HNRNPDL,,0,4,2,0,False,True
HNRNPF,,0,10,6,0,False,True
HNRNPH2,,0,6,5,0,False,True
HNRNPH3,hipsci_gwnonfit_03.npz,10,36,8,1,False,True
HNRNPLL,,0,10,5,0,False,True
HNRNPR,,0,13,6,0,False,True
HNRNPUL1,hipsci_gwnonfit_03.npz,10,34,8,1,False,True
HNRNPUL2,,0,29,7,0,False,True
HOMEZ,,0,15,7,0,True,True
HOOK1,,0,31,8,0,False,True
HOOK2,,0,8,5,0,False,True
HPF1,,0,12,8,0,False,True
HPGD,,0,20,8,0,False,True
HPRT1,,0,18,7,0,False,True
HPS1,,0,33,7,0,False,True
HPS3,,0,26,7,0,False,True
HPS4,,0,15,7,0,False,True
HRAS,hipsci_gwnonfit_03.npz,10,32,8,1,False,True
HRC,,0,25,7,0,False,True
HRH2,,0,10,6,0,False,True
HRK,,0,38,8,0,False,True
HS6ST1,,0,27,8,0,False,True
HSBP1,,0,9,5,0,True,True
HSD11B1L,,0,22,8,0,False,True
HSD11B2,,0,16,6,0,False,True
HSD17B4,,0,8,5,0,False,True
HSD17B8,,0,18,8,0,False,True
HSDL1,,0,21,8,0,False,True
HSDL2,,0,29,8,0,False,True
HSP90AA1,,0,20,8,0,False,True
HSP90AB1,,0,12,5,0,True,True
HSP90B1,,0,7,4,0,False,True
HSPA13,,0,18,7,0,False,True
HSPA14,,0,13,5,0,False,True
HSPA4,,0,31,8,0,False,True
HSPB1,,0,20,7,0,False,True
HSPB11,,0,32,7,0,False,True
HSPB8,,0,17,8,0,False,True
HSPBP1,,0,9,6,0,False,True
HSPH1,hipsci_gwnonfit_03.npz,10,29,7,1,False,True
HTATIP2,,0,28,7,0,False,True
HTR1D,,0,28,8,0,False,True
HTR3A,,0,25,7,0,False,True
HTRA1,,0,21,7,0,False,True
HTRA2,,0,43,8,0,False,True
HTT,,0,34,8,0,False,True
HUS1,,0,11,7,0,False,True
HUWE1,,0,16,7,0,False,True
HYAL2,,0,15,7,0,False,True
IAH1,hipsci_gwnonfit_03.npz,12,54,8,1,False,True
IBA57,,0,46,8,0,False,True
ICA1,,0,29,7,0,False,True
ICAM1,,0,17,7,0,False,True
ICMT,,0,14,8,0,False,True
ID1,,0,17,6,0,False,True
ID2,,0,7,5,0,False,True
ID3,,0,16,7,0,False,True
IDH1,,0,15,6,0,False,True
IDH2,,0,9,6,0,False,True
IDH3A,,0,19,8,0,False,True
IDH3B,,0,28,8,0,False,True
IDH3G,,0,15,7,0,False,True
IER2,,0,18,8,0,False,True
IER3,,0,22,7,0,False,True
IER3IP1,hipsci_gwnonfit_03.npz,27,75,8,2,False,True
IFI27L2,,0,34,8,0,True,True
IFITM1,,0,31,8,0,False,True
IFITM2,,0,22,7,0,False,True
IFITM3,,0,12,7,0,False,True
IFNAR1,,0,23,8,0,False,True
IFNAR2,,0,25,8,0,True,True
IFNGR2,,0,32,7,1,True,True
IFNLR1,,0,28,8,0,False,True
IFRD1,,0,22,7,0,False,True
IFRD2,,0,11,7,0,False,True
IFT20,,0,34,7,0,False,True
IFT22,,0,34,8,0,False,True
IFT27,,0,11,7,0,False,True
IFT43,hipsci_gwnonfit_03.npz,11,40,7,1,False,True
IFT52,,0,11,5,0,False,True
IGDCC3,,0,30,8,0,False,True
IGF1R,,0,12,7,0,False,True
IGF2BP2,,0,16,6,0,False,True
IGF2BP3,,0,6,5,0,False,True
IGFBP2,,0,20,8,0,False,True
IGFBP4,,0,21,8,0,False,True
IGLON5,,0,36,8,0,False,True
IGSF1,hipsci_gwnonfit_03.npz,10,46,8,1,False,True
IGSF21,,0,8,5,0,False,True
IGSF3,,0,48,8,1,False,True
IGSF8,,0,24,8,0,False,True
IKBKB,,0,10,6,0,False,True
IKBKG,,0,35,8,0,False,True
ILF3,,0,18,7,0,False,True
ILVBL,,0,26,8,0,False,True
IMPA2,,0,13,7,0,False,True
IMPACT,,0,27,8,0,False,True
IMPDH1,,0,22,8,0,False,True
IMPDH2,,0,39,8,0,False,True
INA,,0,20,8,0,False,True
INF2,,0,23,7,0,False,True
ING4,,0,18,8,0,False,True
INO80D,,0,6,5,0,False,True
INO80E,,0,29,8,0,False,True
INPP5F,,0,20,7,0,False,True
INPP5K,,0,37,8,0,False,True
INPPL1,,0,16,6,0,False,True
INSIG1,,0,22,8,0,False,True
INSM1,,0,16,7,0,False,True
INTS12,,0,37,8,0,False,True
INTS14,,0,12,7,0,False,True
INTS6,,0,34,8,0,False,True
IP6K2,,0,9,5,0,False,True
IPMK,,0,20,6,0,False,True
IPO4,,0,21,8,0,False,True
IPO5,,0,20,8,0,False,True
IPO9,,0,24,8,0,False,True
IPPK,,0,12,7,0,False,True
IQGAP1,,0,11,5,0,False,True
IQGAP2,,0,5,5,0,False,True
IRF2,,0,4,3,0,False,True
IRF2BP2,,0,41,8,0,False,True
IRF2BPL,,0,27,6,0,False,True
IRF3,,0,12,6,0,False,True
IRF4,,0,22,8,0,False,True
IRF9,,0,12,5,0,False,True
IRS1,,0,23,6,0,False,True
IRS2,,0,22,7,0,False,True
ISCA2,,0,37,7,0,False,True
ISG15,,0,20,6,0,False,True
ISL1,,0,33,8,0,False,True
ISLR,,0,3,3,0,False,True
ISOC2,hipsci_gwnonfit_03.npz,10,42,8,1,False,True
IST1,,0,13,7,0,False,True
ISYNA1,,0,12,6,0,False,True
ITFG1,,0,25,7,0,False,True
ITFG2,,0,28,8,0,False,True
ITGA2B,hipsci_gwnonfit_03.npz,11,40,7,1,False,True
ITGA3,,0,27,6,0,False,True
ITGA6,,0,14,7,0,False,True
ITGAE,,0,8,5,0,False,False
ITGB1,,0,18,7,0,False,True
ITGB1BP1,,0,25,8,0,False,True
ITGB3BP,,0,15,6,0,False,True
ITGB5,,0,10,5,0,False,True
ITM2A,,0,1,1,0,False,True
ITM2C,,0,17,7,0,False,True
ITPA,,0,18,7,0,False,True
ITPK1,,0,26,7,0,False,True
ITSN1,,0,15,8,0,False,True
IVD,,0,24,8,0,False,True
IVNS1ABP,,0,26,7,0,False,True
IWS1,,0,20,8,0,False,True
JADE1,,0,32,8,0,False,True
JAG1,,0,21,6,0,False,True
JAGN1,,0,22,8,0,False,True
JAK1,,0,31,8,0,False,True
JAM3,,0,20,8,0,False,True
JARID2,,0,10,6,0,False,True
JAZF1,,0,3,3,0,False,True
JKAMP,,0,17,8,0,False,True
JMJD1C,,0,4,4,0,False,True
JMJD6,hipsci_gwnonfit_03.npz,11,39,8,1,False,True
JMJD8,,0,23,8,0,False,True
JOSD2,,0,22,8,0,False,True
JPH3,,0,11,6,0,False,True
JPH4,,0,6,6,0,False,True
JPT1,,0,25,8,0,False,True
JPT2,hipsci_gwnonfit_03.npz,25,53,8,2,False,True
JTB,,0,31,8,0,False,True
JUN,,0,34,8,0,False,True
JUNB,,0,4,3,0,False,True
JUND,,0,36,8,0,False,True
JUP,,0,26,8,0,False,True
KANK1,,0,22,8,0,False,True
KANK2,,0,20,8,0,False,True
KAT2A,,0,18,7,0,False,True
KAT6A,,0,8,4,0,False,True
KAT7,,0,17,8,0,False,True
KATNA1,,0,11,6,0,False,True
KATNB1,,0,12,6,0,False,True
KBTBD11,,0,26,7,0,False,True
KBTBD2,,0,19,7,0,False,True
KCMF1,,0,27,8,0,False,True
KCNE5,,0,15,7,0,False,True
KCNG1,hipsci_gwnonfit_03.npz,10,46,8,1,False,True
KCNK1,,0,14,8,0,False,True
KCNK6,,0,19,7,0,False,True
KCNK7,,0,33,8,0,False,True
KCNMB4,,0,25,8,0,False,True
KCNQ2,,0,16,7,0,False,True
KCTD1,,0,32,8,0,False,True
KCTD10,,0,12,5,0,False,True
KCTD3,,0,10,7,0,False,True
KCTD5,,0,16,7,0,False,True
KDELR1,,0,28,7,0,False,True
KDELR2,,0,42,8,0,False,True
KDF1,,0,30,7,0,False,True
KDM1A,,0,23,7,0,False,True
KDM2B,hipsci_gwnonfit_03.npz,11,51,8,2,False,True
KDM3B,,0,24,8,0,False,True
KDM4A,,0,13,5,0,False,True
KDM4B,,0,26,8,0,False,True
KDM5A,,0,12,5,0,True,True
KDM5B,,0,19,7,0,False,True
KDM5C,,0,26,8,0,False,True
KDM6A,hipsci_gwnonfit_03.npz,22,58,8,3,False,True
KDSR,,0,35,8,0,False,True
KEAP1,,0,14,7,0,False,True
KHDRBS1,,0,25,8,0,True,True
KHDRBS3,,0,27,8,0,False,True
KHSRP,,0,17,7,0,True,True
KIAA0100,,0,20,7,0,False,True
KIAA0319L,,0,12,5,0,False,True
KIAA1143,,0,36,8,0,False,True
KIAA1191,,0,30,6,0,False,True
KIAA1217,,0,25,8,0,False,True
KIAA1522,,0,17,7,0,False,True
KIAA1958,,0,29,8,0,False,True
KIDINS220,,0,16,7,0,False,True
KIF11,,0,15,6,0,False,True
KIF13A,,0,16,8,0,False,True
KIF14,,0,11,7,0,False,True
KIF15,,0,19,7,0,False,True
KIF1A,hipsci_gwnonfit_03.npz,10,38,8,1,False,True
KIF1B,,0,38,8,0,False,True
KIF1BP,,0,34,8,0,False,True
KIF1C,,0,27,8,0,False,True
KIF20A,,0,25,8,0,False,True
KIF20B,,0,22,7,0,False,True
KIF21A,,0,16,7,0,False,True
KIF22,,0,28,8,0,False,True
KIF2A,,0,13,6,0,True,True
KIF2C,,0,7,5,0,False,True
KIF4A,,0,6,5,0,False,True
KIF5B,,0,17,7,0,False,True
KIF5C,,0,15,8,0,False,True
KIF9,,0,25,8,0,False,True
KIFC1,,0,11,5,0,False,True
KITLG,,0,10,6,0,False,True
KIZ,,0,26,8,0,False,True
KLC1,,0,13,6,0,False,True
KLC2,,0,15,7,0,False,True
KLF10,,0,23,8,0,False,True
KLF16,,0,20,8,0,False,True
KLF3,,0,5,4,0,False,True
KLF5,,0,41,7,0,False,True
KLF6,,0,38,8,0,False,True
KLHDC2,,0,30,8,0,False,True
KLHDC3,,0,15,7,0,False,True
KLHL11,,0,27,8,0,False,True
KLHL23,,0,10,5,0,False,True
KLHL24,,0,22,8,0,False,True
KLHL36,,0,17,7,0,False,True
KLHL4,,0,14,6,0,False,True
KLHL5,,0,11,6,0,False,True
KLHL7,,0,13,6,0,False,True
KLHL8,,0,28,8,0,False,True
KLK10,,0,24,8,0,False,True
KLKB1,,0,13,8,0,False,True
KMT2A,,0,18,6,0,True,True
KMT2B,,0,14,6,0,False,True
KMT2C,,0,11,5,0,False,True
KMT2D,,0,33,8,0,False,True
KMT2E,,0,18,8,0,False,True
KNDC1,,0,28,8,0,False,True
KNOP1,,0,18,7,0,False,True
KNSTRN,hipsci_gwnonfit_03.npz,12,64,8,3,False,True
KPNA1,,0,7,4,0,False,True
KPNA3,,0,39,8,0,False,True
KPNA4,,0,23,8,0,False,True
KPNA5,,0,14,8,0,False,True
KPNA6,,0,29,8,0,False,True
KRCC1,,0,14,5,0,False,True
KRT10,hipsci_gwnonfit_03.npz,11,36,7,1,False,True
KRT18,,0,2,2,0,False,True
KRT19,,0,19,8,0,False,True
KRT8,,0,39,8,0,False,True
KRTCAP2,,0,49,8,0,False,True
KRTCAP3,,0,18,7,0,False,True
KTN1,,0,54,8,1,False,True
KXD1,,0,35,8,0,False,True
KYAT3,,0,18,7,0,False,True
L1TD1,,0,27,7,0,False,True
L3MBTL3,,0,33,8,0,False,True
LACTB,,0,13,6,0,False,True
LAMA1,,0,15,5,0,False,True
LAMC1,,0,14,6,0,False,True
LAMP1,,0,30,8,0,False,True
LAMP2,,0,34,7,0,False,True
LAMTOR2,,0,7,4,0,False,True
LAMTOR3,,0,3,3,0,False,True
LAMTOR4,,0,18,8,0,False,True
LANCL2,,0,18,8,0,False,True
LAP3,,0,23,7,0,False,True
LAPTM4A,hipsci_gwnonfit_03.npz,25,58,8,2,False,True
LAPTM4B,,0,32,8,0,False,True
LARGE1,,0,7,4,0,False,True
LARP1,,0,32,8,0,False,True
LARP4,,0,7,6,0,False,True
LARP4B,,0,12,6,0,False,True
LARP6,,0,12,6,0,False,True
LARP7,,0,11,6,0,False,True
LASP1,,0,29,8,0,False,True
LATS2,hipsci_gwnonfit_03.npz,11,34,8,1,False,True
LBH,,0,28,8,0,False,True
LBR,,0,21,5,0,False,True
LCA5,,0,11,7,0,False,True
LCE3B,,0,17,8,0,False,True
LCK,,0,27,7,0,False,True
LCLAT1,,0,29,8,0,False,True
LCMT1,,0,37,8,0,False,True
LCORL,,0,50,8,0,False,True
LDAH,,0,9,4,0,False,True
LDB1,hipsci_gwnonfit_03.npz,11,57,8,2,False,True
LDB2,,0,13,5,0,False,True
LDHA,,0,26,8,0,False,False
LDHB,,0,10,6,0,False,True
LDLR,,0,7,4,0,True,True
LDOC1,,0,24,6,0,False,True
LEFTY1,,0,41,7,0,False,True
LEFTY2,,0,30,8,0,False,True
LEMD2,,0,26,7,0,False,True
LEMD3,,0,8,6,0,False,True
LEO1,,0,15,8,0,False,True
LEPROTL1,,0,5,5,0,False,True
LGALS1,,0,22,8,0,False,True
LGALS8,,0,33,8,0,False,True
LGMN,,0,23,7,0,False,True
LGR4,,0,9,8,0,False,True
LHPP,,0,39,7,1,False,True
LIG1,,0,15,5,0,False,True
LIG3,,0,17,8,0,False,True
LIMA1,,0,19,7,0,False,True
LIMD2,,0,43,8,1,False,True
LIMK1,,0,26,8,0,False,True
LIMK2,,0,14,6,0,False,True
LIMS1,,0,22,8,0,False,True
LIN28A,,0,18,6,0,False,True
LIN28B,,0,25,8,0,False,True
LIN37,hipsci_gwnonfit_03.npz,10,39,8,1,False,True
LIN54,,0,21,8,0,False,True
LIN7C,,0,38,8,0,False,True
LINGO1,,0,22,7,0,False,True
LIPG,,0,29,8,0,False,True
LIPT1,,0,8,5,0,False,True
LIPT2,,0,41,8,0,False,True
LLPH,,0,12,7,0,False,True
LMAN1,,0,15,8,0,True,True
LMAN2,,0,27,8,0,False,True
LMBR1,,0,24,8,0,False,True
LMBR1L,,0,21,7,0,False,True
LMCD1,,0,26,8,0,False,True
LMNA,,0,25,8,0,False,True
LMNB1,,0,17,6,0,False,True
LMNB2,,0,48,8,0,False,True
LMO2,,0,9,5,0,False,True
LMO4,,0,10,7,0,False,True
LMO7,,0,25,7,0,False,True
LMTK3,,0,27,8,0,False,True
LONP2,,0,18,7,0,False,True
LPAR1,,0,18,7,0,False,True
LPAR2,,0,40,8,1,False,True
LPCAT1,,0,9,6,0,False,True
LPCAT2,,0,8,4,0,False,True
LPCAT3,,0,20,8,0,True,True
LPCAT4,,0,16,7,0,False,True
LRAT,,0,37,8,0,False,True
LRBA,,0,41,8,0,False,True
LRIF1,hipsci_gwnonfit_03.npz,24,57,8,2,False,True
LRIG1,,0,29,7,0,False,True
LRP1,,0,23,7,0,False,True
LRP11,,0,18,6,0,False,True
LRP8,,0,29,8,0,False,True
LRPAP1,,0,31,8,0,False,True
LRRC1,,0,25,7,0,False,True
LRRC26,,0,16,7,0,False,True
LRRC41,,0,21,8,0,False,True
LRRC42,,0,26,8,0,False,True
LRRC47,,0,25,8,0,False,True
LRRC59,,0,24,8,0,False,True
LRRC8A,,0,30,8,0,False,True
LRRFIP1,,0,19,7,0,False,True
LRRFIP2,,0,15,7,0,False,True
LRRN1,,0,18,7,0,False,True
LRWD1,,0,17,8,0,False,True
LSM1,,0,16,8,0,False,True
LSM12,,0,12,6,0,False,True
LSM14A,hipsci_gwnonfit_03.npz,11,30,7,1,False,True
LSR,,0,36,8,0,False,True
LTA4H,,0,15,8,0,False,True
LTBP3,,0,21,8,0,False,True
LUC7L,,0,15,7,0,False,True
LUC7L2,,0,7,6,0,False,True
LUZP1,hipsci_gwnonfit_03.npz,10,40,8,1,False,True
LXN,,0,12,7,0,False,True
LY6E,,0,28,7,0,False,True
LY6G6D,,0,15,7,0,False,True
LYAR,,0,24,7,0,False,True
LYN,,0,33,8,0,False,True
LYPLA1,,0,10,7,0,False,True
LYPLA2,,0,33,6,0,False,True
LYPLAL1,,0,30,8,0,False,True
LYRM1,,0,15,8,0,False,True
LYRM2,hipsci_gwnonfit_03.npz,11,51,8,1,False,True
LYSMD1,,0,29,8,0,False,True
LYSMD3,,0,19,8,0,False,True
LYSMD4,hipsci_gwnonfit_03.npz,13,44,8,1,False,True
LZIC,,0,18,8,0,False,True
LZTR1,,0,32,8,0,False,True
M6PR,,0,24,8,0,False,True
MACF1,,0,31,8,0,False,True
MACROD1,,0,10,6,0,False,True
MACROD2,,0,32,8,0,False,True
MAD2L2,,0,15,8,0,False,True
MAEA,,0,12,7,0,False,True
MAF,,0,3,3,0,False,True
MAF1,,0,25,8,0,False,True
MAFB,,0,26,7,0,False,True
MAFF,,0,21,7,0,False,True
MAFG,,0,9,5,0,False,True
MAGEB2,,0,19,7,0,False,True
MAGED1,,0,11,6,0,False,True
MAGED2,,0,26,7,0,False,True
MAGEE1,,0,11,5,0,False,True
MAGEF1,,0,32,8,0,False,True
MAGT1,,0,12,7,0,False,True
MAL2,,0,18,8,0,False,True
MALT1,,0,19,8,0,False,True
MAML3,,0,33,8,0,False,True
MAN1A2,,0,16,6,0,False,True
MAN2A1,,0,24,8,0,True,True
MAN2A2,,0,30,8,0,False,True
MAN2B1,,0,26,8,0,False,True
MANBA,,0,22,8,0,False,True
MANBAL,,0,27,8,0,False,True
MANF,,0,15,5,0,False,True
MAOA,,0,13,7,0,False,True
MAP1B,,0,51,8,0,False,True
MAP1LC3A,,0,13,6,0,False,True
MAP1LC3B,,0,32,8,0,False,True
MAP2K1,,0,30,7,0,False,True
MAP2K2,hipsci_gwnonfit_03.npz,10,44,8,1,True,True
MAP2K3,,0,34,8,0,False,True
MAP2K4,,0,34,8,0,False,True
MAP2K5,,0,26,8,0,False,True
MAP2K6,,0,20,6,0,False,True
MAP2K7,,0,22,8,0,False,True
MAP3K11,,0,45,8,0,False,True
MAP3K7,,0,22,8,0,False,True
MAP3K8,,0,22,8,0,False,True
MAP3K9,,0,33,8,0,False,True
MAP4,,0,33,8,0,False,True
MAP4K4,,0,37,8,0,False,True
MAP7,,0,19,7,0,False,True
MAP7D1,,0,53,8,0,False,True
MAP9,,0,28,7,0,False,True
MAPK1,,0,11,6,0,False,True
MAPK14,,0,27,8,0,False,True
MAPK1IP1L,,0,12,7,0,False,True
MAPK4,,0,39,8,0,False,True
MAPK6,,0,6,5,0,False,True
MAPK7,,0,25,8,0,True,True
MAPK8,,0,21,8,0,False,True
MAPKAPK3,,0,25,8,0,False,True
MAPRE1,,0,27,8,0,False,True
MARC1,,0,5,4,0,False,True
MARCH2,,0,22,8,0,False,True
MARCH5,,0,6,4,0,False,True
MARCH7,,0,16,8,0,False,True
MARCKS,,0,8,6,0,False,True
MARCKSL1,,0,31,8,0,True,True
MARK2,,0,28,8,0,False,True
MARK3,,0,7,4,0,False,True
MARK4,hipsci_gwnonfit_03.npz,33,71,8,4,False,True
MARVELD3,,0,46,8,2,False,True
MAST1,,0,17,6,0,False,True
MAST2,,0,9,5,0,False,True
MAT2A,,0,8,4,0,False,True
MAT2B,,0,21,8,0,False,True
MATK,,0,38,8,0,False,True
MATR3,,0,16,8,0,False,False
MAU2,,0,12,6,0,False,True
MAVS,,0,19,8,0,False,True
MAZ,,0,26,8,0,False,True
MBD2,,0,8,4,0,False,True
MBD4,,0,14,7,0,True,True
MBNL1,,0,31,8,0,False,True
MBNL2,,0,12,6,0,False,True
MBOAT2,,0,14,6,0,False,True
MBOAT7,,0,42,8,0,False,True
MBP,,0,24,7,0,False,True
MCC,,0,20,6,0,False,True
MCCC2,,0,41,8,0,False,True
MCFD2,,0,32,8,0,False,True
MCRIP1,,0,24,7,0,False,True
MCTP2,,0,30,8,0,False,True
MCUB,,0,37,8,0,False,True
MCUR1,,0,20,8,0,False,True
MDC1,,0,17,7,0,False,True
MDFI,,0,16,8,0,False,True
MDFIC,,0,33,8,0,False,True
MDH1,,0,18,7,0,False,True
MDH2,hipsci_gwnonfit_04.npz,11,57,8,1,False,True
MDK,,0,28,7,0,False,True
MDP1,,0,21,7,0,False,True
ME2,,0,28,8,0,False,True
MEA1,,0,11,6,0,False,True
MECOM,,0,16,7,0,False,True
MECP2,,0,10,7,0,False,True
MED1,,0,11,4,0,False,True
MED12,,0,25,8,0,False,True
MED13,hipsci_gwnonfit_04.npz,10,43,8,1,True,True
MED13L,,0,32,8,0,False,True
MED14,,0,26,8,0,False,True
MED15,,0,15,7,0,True,True
MED19,,0,17,7,0,False,True
MED23,,0,15,8,0,False,True
MED24,,0,36,8,0,False,True
MED25,,0,21,7,0,True,True
MED26,,0,19,6,0,False,True
MEF2C,,0,16,8,0,False,True
MEF2D,,0,15,8,0,False,True
MEIS3,,0,25,7,0,False,True
MEN1,,0,37,8,0,False,True
MEPCE,,0,14,7,0,False,True
MESD,,0,24,8,0,False,True
MEST,,0,26,7,0,False,True
MET,,0,17,7,0,False,True
METAP1,,0,22,8,0,False,False
METRN,,0,20,8,0,False,True
METTL15,,0,24,8,0,False,True
METTL17,,0,13,7,0,False,True
METTL18,,0,29,8,0,False,True
METTL21A,,0,29,8,0,False,True
METTL22,,0,44,8,0,False,True
METTL23,,0,33,8,0,False,True
METTL26,hipsci_gwnonfit_04.npz,10,49,8,2,False,True
METTL5,,0,25,8,0,False,True
METTL7A,,0,28,8,0,False,True
METTL9,,0,31,8,0,False,True
MEX3A,,0,16,7,0,False,True
MEX3D,,0,38,8,0,False,True
MFAP2,,0,38,8,1,False,True
MFAP3L,,0,32,8,0,False,True
MFF,,0,11,7,0,False,True
MFGE8,,0,20,7,0,False,True
MFHAS1,,0,13,7,0,False,True
MFN2,,0,25,7,0,False,True
MFSD10,,0,20,8,0,False,True
MFSD3,,0,33,8,0,False,True
MGAT1,,0,23,6,0,False,True
MGAT2,,0,14,7,0,False,True
MGAT4B,,0,12,8,0,False,True
MGME1,,0,17,8,0,False,True
MGMT,,0,31,8,0,False,True
MGRN1,,0,15,8,0,False,True
MGST1,,0,22,8,0,False,True
MGST3,,0,28,8,0,False,True
MIA3,,0,44,8,0,False,True
MIB1,,0,8,5,0,False,True
MICA,,0,19,7,0,False,True
MICALL1,,0,19,7,0,False,True
MICB,,0,4,4,0,False,True
MICU1,,0,12,6,0,False,True
MICU2,,0,28,8,0,False,True
MICU3,,0,11,6,0,False,True
MID1,,0,21,8,0,False,True
MID1IP1,,0,6,5,0,False,True
MIDN,,0,20,8,0,False,True
MIEN1,,0,33,7,0,False,True
MIER1,,0,11,6,0,False,True
MIF,,0,20,6,0,False,True
MIF4GD,,0,26,7,0,False,True
MIIP,,0,29,8,0,False,True
MINDY2,,0,21,7,0,False,True
MINPP1,,0,37,8,0,False,True
MIOS,,0,30,8,0,False,True
MIPEP,,0,27,8,0,False,True
MIR205HG,,0,22,7,0,False,False
MITF,,0,18,8,0,False,True
MKI67,,0,13,7,0,False,True
MKKS,,0,18,7,0,False,True
MKNK1,,0,19,8,0,False,True
MKNK2,,0,21,7,0,False,True
MKRN1,,0,19,7,0,False,True
MLEC,,0,17,8,0,False,True
MLF1,,0,9,5,0,False,True
MLF2,,0,33,8,0,False,True
MLH1,,0,32,8,0,False,True
MLLT1,,0,7,6,0,False,True
MLLT10,,0,12,7,0,True,True
MLLT11,,0,27,7,0,False,True
MLPH,,0,26,8,0,False,True
MLX,,0,37,8,0,False,True
MLXIP,,0,21,8,0,False,True
MMACHC,,0,32,8,0,False,True
MMD,,0,22,8,0,False,True
MMP17,,0,8,5,0,False,True
MMP2,,0,27,7,0,False,True
MMP23B,,0,41,8,0,False,True
MMP25,,0,17,7,0,False,True
MND1,,0,16,8,0,False,True
MOB1A,,0,28,8,0,False,True
MOB2,,0,19,7,0,False,True
MOB3B,,0,19,7,0,False,True
MON1B,,0,30,8,0,False,True
MON2,,0,11,6,0,False,True
MORF4L1,,0,26,8,0,False,True
MORF4L2,,0,20,8,0,False,True
MOSPD3,,0,15,6,0,False,True
MPC1,,0,30,8,0,False,True
MPC2,,0,33,8,0,False,True
MPDU1,,0,10,7,0,False,True
MPDZ,,0,35,8,0,False,True
MPG,,0,26,8,0,False,True
MPHOSPH8,,0,9,5,0,False,True
MPI,,0,32,8,0,False,True
MPLKIP,,0,10,5,0,False,True
MPP6,,0,12,7,0,False,True
MPRIP,,0,30,8,0,False,True
MPST,,0,32,8,0,False,True
MPV17,,0,21,7,0,False,True
MPV17L2,,0,29,7,0,False,True
MRFAP1,,0,34,8,0,False,True
MRFAP1L1,,0,26,8,0,False,True
MRGBP,,0,6,4,0,False,True
MRM2,,0,34,8,0,False,True
MRM3,hipsci_gwnonfit_04.npz,11,49,8,1,False,True
MRPL1,,0,22,8,0,False,False
MRPL11,,0,12,5,0,False,False
MRPL12,,0,30,8,0,False,False
MRPL14,,0,22,8,0,False,False
MRPL2,,0,29,8,0,False,False
MRPL20,,0,19,7,0,False,False
MRPL23,,0,22,7,0,False,False
MRPL28,,0,8,5,0,False,False
MRPL37,,0,34,8,0,False,False
MRPL4,,0,18,8,0,False,False
MRPL44,,0,32,7,0,False,False
MRPL50,,0,32,7,0,False,False
MRPL53,,0,16,7,0,False,False
MRPL54,,0,20,8,0,False,False
MRPL58,,0,19,8,0,False,False
MRPS15,,0,28,7,0,False,False
MRPS16,,0,22,8,0,False,False
MRPS2,,0,19,7,0,False,False
MRPS25,hipsci_gwnonfit_04.npz,12,48,8,1,False,False
MRPS28,,0,12,5,0,False,False
MRPS34,,0,40,8,0,False,False
MRPS36,,0,39,8,0,False,False
MRPS5,,0,28,8,0,False,False
MRPS7,,0,28,7,0,False,False
MRRF,,0,16,8,0,False,True
MRS2,,0,19,8,0,False,True
MSH2,,0,25,7,0,False,True
MSH6,,0,26,8,0,False,True
MSI2,,0,11,6,0,True,True
MSL1,,0,20,8,0,False,True
MSN,,0,17,7,0,False,True
MSRA,,0,23,8,0,False,True
MSRB1,,0,23,8,0,False,True
MSRB2,,0,49,8,0,False,True
MST1,,0,7,6,0,False,True
MSTO1,,0,16,7,0,False,True
MT1E,,0,20,7,0,False,True
MT1F,,0,24,7,0,False,True
MT1G,,0,20,8,0,False,True
MT1H,,0,33,8,0,False,True
MT1X,,0,50,8,0,False,True
MT2A,,0,19,7,0,False,True
MT3,,0,35,8,0,False,True
MTA1,,0,22,8,0,True,True
MTA2,,0,22,8,0,False,True
MTA3,,0,12,8,0,False,True
MTAP,,0,25,8,0,False,True
MTCH2,,0,31,8,0,False,True
MTCL1,,0,32,8,0,False,True
MTDH,,0,13,6,0,False,True
MTF1,,0,17,8,0,True,True
MTF2,,0,24,8,0,False,True
MTFMT,,0,13,5,0,False,True
MTFP1,,0,29,8,0,False,True
MTG1,,0,26,8,0,False,True
MTG2,,0,22,8,0,False,True
MTHFD1,,0,16,7,0,False,True
MTHFD1L,,0,9,6,0,False,True
MTHFD2,,0,7,4,0,False,True
MTHFS,,0,20,7,0,False,True
MTIF2,,0,10,6,0,False,True
MTIF3,,0,6,6,0,False,True
MTMR14,,0,27,8,0,False,True
MTMR4,,0,25,8,0,False,True
MTMR6,,0,24,8,0,False,True
MTO1,,0,15,8,0,False,True
MTPAP,,0,27,8,0,False,True
MTPN,,0,15,5,0,False,True
MTR,,0,16,7,0,False,True
MTRF1L,,0,11,7,0,False,True
MUC12,,0,36,8,0,False,True
MUC3A,,0,16,8,0,False,True
MUS81,,0,21,8,0,False,True
MUTYH,,0,8,6,0,False,True
MVB12A,,0,60,8,0,False,True
MXD1,,0,18,7,0,False,True
MXI1,,0,24,7,0,False,True
MXRA7,,0,29,8,0,False,True
MYADM,,0,24,6,0,False,True
MYB,,0,17,7,0,False,True
MYC,,0,19,8,0,False,True
MYCBP,,0,20,7,0,False,True
MYCL,hipsci_gwnonfit_04.npz,23,61,8,2,False,True
MYCN,,0,32,8,0,False,True
MYDGF,,0,22,8,0,False,True
MYEF2,,0,9,7,0,False,True
MYH10,,0,21,7,0,False,True
MYH9,,0,18,8,0,False,True
MYL12B,,0,13,6,0,False,True
MYL6,,0,21,8,0,False,True
MYL6B,,0,16,6,0,False,True
MYL9,,0,15,8,0,False,True
MYLIP,,0,26,8,0,False,True
MYO10,,0,33,8,0,False,True
MYO18A,,0,32,8,0,False,True
MYO19,,0,24,8,0,False,True
MYO1B,,0,40,8,0,False,True
MYO3A,,0,18,8,0,False,True
MYO6,,0,9,5,0,False,True
MYO9B,,0,30,8,0,False,True
MYOZ3,,0,12,8,0,False,True
MZF1,,0,19,8,0,False,True
MZT2A,,0,32,8,0,False,True
MZT2B,hipsci_gwnonfit_04.npz,46,79,8,5,False,True
N4BP1,,0,24,7,0,False,True
N4BP2,,0,23,8,0,False,True
N4BP2L2,,0,27,8,0,False,True
N4BP3,,0,24,7,0,False,True
NAA30,,0,36,8,0,False,True
NAA35,hipsci_gwnonfit_04.npz,10,44,8,1,False,True
NAA38,hipsci_gwnonfit_04.npz,10,42,8,1,False,True
NAA40,,0,9,6,0,False,True
NAA60,,0,21,7,0,False,True
NACC1,,0,35,8,0,False,True
NADK,,0,28,8,0,False,True
NADK2,,0,20,8,0,False,True
NAIP,,0,18,7,0,False,True
NAMPT,,0,23,8,0,False,True
NANS,,0,12,6,0,False,True
NAP1L1,,0,20,8,0,False,False
NAP1L4,,0,18,8,0,False,True
NAPB,,0,38,7,0,False,True
NAPEPLD,,0,14,6,0,False,True
NAPG,,0,6,4,0,False,True
NARF,,0,19,6,0,False,True
NARS2,,0,15,7,0,False,True
NASP,,0,15,8,0,False,True
NAT14,,0,9,6,0,False,True
NAV1,,0,20,8,0,False,True
NAXE,,0,15,7,0,False,True
NBEAL1,,0,18,7,0,False,True
NBL1,,0,45,8,0,False,True
NBPF3,,0,10,7,0,False,True
NCAPG2,,0,8,5,0,False,True
NCDN,,0,5,3,0,False,True
NCF1,,0,36,8,0,False,True
NCK2,,0,11,7,0,False,True
NCKIPSD,,0,9,6,0,False,True
NCLN,,0,37,8,0,True,True
NCOA2,,0,39,8,0,False,True
NCOA4,,0,30,8,0,False,True
NCOA5,,0,22,7,0,False,True
NCOA6,,0,45,8,0,False,True
NCOA7,,0,27,8,0,False,True
NCOR1,,0,27,8,0,False,True
NCOR2,,0,31,7,0,False,True
NDC1,,0,30,8,0,False,True
NDE1,,0,32,8,0,False,True
NDFIP1,,0,44,8,1,False,True
NDN,,0,29,8,0,False,True
NDUFA10,,0,13,8,0,False,True
NDUFA11,,0,20,8,0,False,True
NDUFA12,,0,15,8,0,False,True
NDUFA13,,0,25,8,0,False,True
NDUFA3,,0,27,8,0,False,True
NDUFA4,,0,36,8,0,False,True
NDUFA5,,0,17,6,0,False,True
NDUFA6,,0,27,8,0,False,True
NDUFAF1,,0,26,7,0,False,True
NDUFAF2,,0,18,6,0,False,True
NDUFAF3,,0,16,6,0,False,True
NDUFAF4,,0,25,8,0,False,True
NDUFAF8,,0,27,7,0,False,True
NDUFB10,,0,8,7,0,False,True
NDUFB11,,0,34,8,0,False,True
NDUFB2,,0,21,8,0,False,True
NDUFB3,,0,19,8,0,False,True
NDUFB5,,0,37,8,0,False,True
NDUFB7,,0,24,8,0,False,True
NDUFB8,,0,25,7,0,False,True
NDUFB9,,0,39,8,0,False,True
NDUFC1,,0,36,8,0,False,True
NDUFC2,,0,34,8,0,False,True
NDUFS3,hipsci_gwnonfit_04.npz,10,44,8,1,False,True
NDUFS4,,0,43,8,0,False,True
NDUFS5,,0,32,8,0,False,True
NDUFS6,,0,27,8,0,False,True
NDUFS7,,0,14,7,0,False,True
NDUFS8,,0,34,8,0,False,True
NDUFV1,,0,13,6,0,False,True
NDUFV2,,0,24,8,0,False,True
NDUFV3,,0,19,7,0,False,True
NECAB3,,0,12,7,0,False,True
NECAP2,,0,12,5,0,False,True
NEDD9,,0,29,8,0,False,True
NEFM,,0,21,7,0,False,True
NEIL2,,0,40,7,0,False,True
NEIL3,,0,22,8,0,False,True
NEK1,,0,32,7,0,False,True
NEK2,,0,31,8,0,False,True
NEK6,,0,22,7,0,False,True
NELFB,,0,16,6,0,False,True
NEMF,,0,15,8,0,False,True
NENF,,0,18,7,0,False,True
NES,,0,18,8,0,False,True
NET1,,0,10,6,0,False,True
NETO1,,0,19,7,0,False,True
NEU1,,0,13,8,0,False,True
NF1,,0,12,7,0,False,True
NF2,,0,9,6,0,False,True
NFATC2IP,,0,22,8,0,False,True
NFE2L1,,0,32,8,0,True,True
NFE2L3,,0,30,8,0,False,True
NFIB,,0,20,7,0,False,True
NFIC,,0,15,8,0,False,True
NFKB1,,0,7,5,0,False,True
NFKB2,,0,30,8,0,False,True
NFKBIA,,0,22,6,0,False,True
NFKBIB,,0,33,8,0,False,True
NFKBIE,,0,28,7,0,False,True
NFKBIL1,,0,7,4,0,False,True
NFU1,,0,23,7,0,False,True
NFXL1,,0,29,7,0,False,True
NFYC,,0,13,5,0,False,True
NGFR,,0,15,5,0,False,True
NGLY1,,0,13,7,0,True,True
NGRN,,0,12,5,0,False,True
NHLRC2,,0,11,7,0,False,True
NHLRC3,,0,13,6,0,False,True
NIF3L1,,0,41,8,0,False,True
NINJ1,,0,24,8,0,False,True
NINL,,0,26,8,0,False,True
NIPA1,,0,28,7,0,False,True
NIPA2,,0,9,6,0,False,True
NIPAL3,,0,32,8,0,True,True
NIPBL,,0,50,8,1,False,True
NIPSNAP1,,0,23,8,0,False,True
NIPSNAP2,,0,22,7,0,False,True
NISCH,,0,33,8,0,False,True
NIT2,,0,14,6,0,False,True
NKD1,,0,24,8,0,False,True
NKIRAS2,,0,23,7,0,False,True
NKTR,,0,29,8,0,False,True
NLE1,,0,33,7,0,False,True
NLGN4X,,0,18,7,0,False,True
NLK,hipsci_gwnonfit_04.npz,11,51,8,1,False,True
NLN,,0,48,8,0,False,True
NMB,,0,24,6,0,False,True
NME1,,0,29,8,0,False,True
NME2,,0,2,2,0,False,True
NME4,,0,16,7,0,False,True
NME7,,0,23,7,0,False,True
NMNAT1,,0,18,7,0,False,True
NMRAL1,,0,38,8,0,False,True
NMRK2,,0,35,8,0,False,True
NMT2,,0,16,8,0,False,True
NMU,,0,13,7,0,False,True
NNAT,,0,10,6,0,False,True
NOA1,,0,17,8,0,False,True
NODAL,,0,31,8,0,False,True
NOL4L,,0,17,8,0,False,True
NONO,,0,5,4,0,False,True
NOS1AP,,0,23,8,0,False,True
NOSIP,,0,16,8,0,False,True
NOTCH3,,0,5,5,0,False,True
NOVA1,,0,22,8,0,False,True
NPAT,,0,12,7,0,False,True
NPB,,0,16,8,0,False,True
NPC1,,0,24,8,0,False,True
NPDC1,,0,13,7,0,False,True
NPEPL1,,0,21,7,0,False,True
NPEPPS,,0,9,7,0,False,True
NPM3,,0,23,8,0,False,True
NPRL2,,0,9,6,0,False,True
NPTX2,hipsci_gwnonfit_04.npz,10,55,8,2,False,True
NQO1,,0,14,7,0,False,True
NQO2,,0,22,8,0,False,True
NR1H2,,0,37,8,0,False,True
NR2F6,,0,16,7,0,False,True
NR6A1,,0,13,8,0,False,True
NRAS,,0,17,7,0,False,True
NRBF2,,0,15,8,0,False,True
NRBP1,,0,37,8,0,False,True
NREP,,0,8,4,0,False,True
NRG1,,0,29,8,0,False,True
NRIP1,,0,29,8,0,False,True
NRK,,0,42,8,0,False,True
NRM,,0,17,8,0,False,True
NRN1L,,0,19,7,0,False,True
NSD1,,0,19,6,0,False,True
NSD2,,0,11,7,0,False,True
NSD3,,0,19,7,0,False,True
NSF,,0,16,6,0,False,True
NSFL1C,,0,44,8,0,False,True
NSG1,hipsci_gwnonfit_04.npz,10,37,7,1,False,True
NSMCE2,,0,17,6,0,False,True
NSUN5,hipsci_gwnonfit_04.npz,12,32,8,1,False,True
NSUN6,,0,15,8,0,False,True
NSUN7,,0,19,8,0,False,True
NT5C,,0,33,8,0,False,True
NT5C3B,,0,27,8,0,False,True
NT5DC1,hipsci_gwnonfit_04.npz,23,55,8,3,True,True
NT5DC2,,0,31,8,0,False,True
NTAN1,,0,29,8,0,False,True
NTHL1,,0,20,7,0,False,True
NTM,,0,23,8,0,False,True
NTMT1,,0,31,7,0,False,True
NTPCR,,0,21,8,0,False,True
NTS,,0,28,8,0,False,True
NUB1,,0,26,7,0,False,True
NUBPL,,0,14,7,0,False,True
NUCB1,,0,7,5,0,False,True
NUCKS1,,0,32,8,0,False,True
NUDCD1,,0,14,6,0,False,True
NUDCD2,,0,28,7,0,False,True
NUDT1,,0,27,8,0,False,True
NUDT10,,0,7,4,0,False,True
NUDT11,,0,17,7,0,False,True
NUDT14,hipsci_gwnonfit_04.npz,22,55,8,2,False,True
NUDT15,,0,40,8,0,False,True
NUDT16,,0,15,7,0,False,True
NUDT16L1,,0,29,8,0,False,True
NUDT17,,0,47,8,1,False,True
NUDT2,,0,24,8,0,False,True
NUDT22,,0,22,8,0,False,True
NUDT3,,0,39,8,0,False,True
NUDT4,,0,20,7,0,False,True
NUDT9,,0,13,7,0,False,True
NUFIP2,,0,29,7,0,False,True
NUMA1,,0,14,8,0,False,True
NUP188,,0,30,8,0,False,True
NUP35,,0,17,7,0,False,True
NUP37,,0,19,8,0,True,True
NUP50,,0,26,8,0,False,True
NUS1,,0,36,8,0,False,True
NUSAP1,,0,11,6,0,False,True
NXN,,0,24,8,0,False,True
NXT1,,0,25,8,0,False,True
OARD1,,0,33,8,0,False,True
OAT,,0,36,8,0,False,True
OAZ1,,0,34,8,0,False,True
OAZ2,,0,20,7,0,False,True
OBSCN,,0,21,7,0,False,True
OCEL1,,0,13,6,0,False,True
OCIAD1,,0,3,2,0,False,True
OCIAD2,,0,38,8,0,False,True
OCLN,,0,23,7,0,False,True
ODC1,,0,33,8,0,False,True
ODF2,,0,9,4,0,False,True
OFD1,,0,18,7,0,False,True
OGDH,,0,22,8,0,False,True
OGFOD3,,0,17,7,0,False,True
OGFR,,0,39,8,0,False,True
OLA1,,0,10,6,0,False,True
OLFM2,,0,13,7,0,False,True
OLFML3,,0,18,7,0,False,True
ONECUT1,,0,28,8,0,False,True
OPN3,,0,32,8,0,False,True
OPRL1,,0,25,7,0,False,True
ORAI1,,0,20,7,0,False,True
ORMDL1,,0,23,7,0,False,True
ORMDL2,,0,15,7,0,False,True
OS9,,0,29,8,0,False,True
OSBPL10,hipsci_gwnonfit_04.npz,11,40,8,1,False,True
OSBPL1A,,0,30,8,0,False,True
OSBPL5,hipsci_gwnonfit_04.npz,10,44,8,1,False,True
OSBPL8,,0,18,5,0,False,True
OSBPL9,,0,28,7,0,False,True
OSER1,,0,25,7,0,False,True
OST4,,0,13,7,0,False,True
OSTM1,,0,9,6,0,False,True
OTUB1,,0,29,8,0,False,True
OTUD5,,0,15,8,0,False,True
OXCT1,,0,15,7,0,False,True
OXLD1,,0,16,6,0,False,True
OXSR1,,0,31,8,0,False,True
P3H1,,0,12,7,0,False,True
P3H4,,0,21,6,0,False,True
P4HA1,,0,22,8,0,False,True
P4HB,,0,29,8,0,False,True
PA2G4,,0,27,7,0,False,True
PAAF1,,0,10,5,0,False,True
PABPC4,,0,12,5,0,False,True
PABPN1,,0,3,3,0,False,False
PACS1,,0,47,8,0,False,True
PACSIN2,,0,22,8,0,False,True
PACSIN3,,0,26,8,0,False,True
PAFAH1B1,,0,37,8,0,False,True
PAFAH1B2,,0,22,8,0,False,True
PAFAH1B3,hipsci_gwnonfit_04.npz,10,41,8,1,False,True
PAGR1,,0,17,6,0,False,True
PAICS,,0,21,7,0,False,True
PAIP2,,0,36,8,0,False,True
PAIP2B,,0,8,5,0,False,True
PAK1,,0,24,7,0,False,True
PAK2,,0,36,8,0,False,True
PAK4,hipsci_gwnonfit_04.npz,21,54,8,2,False,True
PAM,,0,15,6,0,False,True
PAN2,,0,18,8,0,True,True
PANK2,,0,27,8,0,False,True
PAPOLA,,0,20,7,0,True,True
PAPOLG,,0,5,2,0,False,True
PAPSS1,,0,8,6,0,False,True
PAQR4,,0,17,7,0,False,True
PARD3,,0,30,8,0,False,True
PARD6B,,0,30,8,0,False,True
PARK7,,0,36,8,0,False,True
PARL,,0,19,7,0,False,True
PARP1,,0,25,8,0,False,True
PARP12,,0,33,8,0,False,True
PARP2,,0,38,8,0,False,True
PAWR,,0,28,7,0,False,True
PAX5,,0,22,8,0,False,True
PAX8,hipsci_gwnonfit_04.npz,10,24,8,1,False,True
PAXIP1,,0,25,7,0,False,True
PAXX,,0,20,8,0,False,True
PBDC1,,0,24,8,0,False,True
PBRM1,,0,12,7,0,False,True
PBX1,,0,22,7,0,False,True
PBX3,,0,47,8,0,False,True
PCBD1,,0,17,7,0,False,True
PCBP2,,0,17,8,0,False,True
PCBP4,,0,29,8,0,False,True
PCCB,,0,31,8,0,False,True
PCDH1,,0,19,7,0,False,True
PCED1A,,0,45,8,0,False,True
PCED1B,,0,42,8,0,False,True
PCGF1,,0,24,8,0,True,True
PCGF2,,0,14,7,0,False,True
PCGF6,,0,31,8,0,True,True
PCIF1,hipsci_gwnonfit_04.npz,10,28,8,1,False,True
PCLAF,,0,11,6,0,False,True
PCM1,,0,17,8,0,False,True
PCMT1,,0,24,7,0,False,True
PCMTD1,,0,3,3,0,False,True
PCNP,,0,3,2,0,False,False
PCNT,,0,32,8,0,False,True
PCOLCE,,0,22,8,0,False,True
PCSK1N,,0,38,8,0,False,True
PCSK9,,0,30,8,0,False,True
PCYT1A,,0,46,8,0,False,True
PCYT2,,0,26,7,0,False,True
PDAP1,,0,8,5,0,False,False
PDCD10,,0,18,8,0,False,True
PDCD2L,hipsci_gwnonfit_04.npz,10,40,8,1,False,True
PDCD6,,0,13,7,0,False,True
PDCD6IP,,0,18,8,0,False,True
PDCL,,0,12,8,0,False,True
PDCL3,,0,7,5,0,False,True
PDE12,,0,10,4,0,False,True
PDE4DIP,,0,16,7,0,False,True
PDE6D,,0,20,8,0,True,True
PDE9A,,0,46,8,1,False,True
PDGFA,,0,32,8,0,False,True
PDHA1,,0,17,7,0,False,True
PDHB,,0,15,6,0,False,True
PDIA3,,0,26,8,0,False,True
PDIA4,,0,26,8,0,False,True
PDIA5,,0,26,8,0,False,True
PDIA6,,0,7,5,0,False,True
PDK2,,0,34,8,0,False,True
PDK3,hipsci_gwnonfit_04.npz,33,68,8,4,True,True
PDLIM1,hipsci_gwnonfit_04.npz,10,41,8,1,False,True
PDLIM2,,0,22,7,0,False,True
PDLIM3,,0,21,6,0,False,True
PDLIM5,hipsci_gwnonfit_04.npz,10,44,8,1,False,True
PDLIM7,,0,7,5,0,False,True
PDPN,,0,28,8,0,False,True
PDS5A,,0,29,8,0,False,True
PDS5B,,0,12,6,0,False,True
PDXDC1,,0,27,8,0,False,True
PDXK,,0,16,7,0,False,True
PDXP,hipsci_gwnonfit_04.npz,10,53,8,1,False,True
PDZD11,,0,20,8,0,False,True
PDZD2,,0,31,7,0,False,True
PDZD4,,0,32,7,0,False,True
PDZD8,hipsci_gwnonfit_04.npz,41,80,8,4,False,True
PEAK1,,0,49,8,0,False,True
PEBP1,,0,7,6,0,False,True
PECR,hipsci_gwnonfit_04.npz,12,48,8,1,False,True
PEF1,,0,21,8,0,False,True
PEG10,,0,17,5,0,False,True
PELI1,,0,12,7,0,False,True
PEPD,,0,22,8,0,False,True
PER1,,0,20,7,0,False,True
PERP,,0,9,7,0,False,True
PEX10,hipsci_gwnonfit_05.npz,10,40,8,1,False,True
PEX11B,,0,31,8,0,False,True
PEX13,,0,34,8,0,False,True
PEX14,,0,33,8,0,False,True
PEX19,,0,22,8,0,False,True
PEX2,hipsci_gwnonfit_05.npz,10,46,8,1,False,True
PEX26,,0,28,7,0,False,True
PEX5,,0,26,8,0,False,True
PEX6,,0,15,5,0,False,True
PFAS,,0,31,8,0,False,True
PFDN1,,0,4,3,0,False,True
PFKFB3,,0,30,8,0,False,True
PFKFB4,,0,30,7,0,False,True
PFKL,,0,23,7,0,False,False
PFKM,,0,11,7,0,False,True
PFKP,,0,16,5,0,False,True
PFN1,,0,31,8,0,False,True
PFN2,,0,12,5,0,False,True
PGAM4,,0,37,8,0,False,True
PGAM5,,0,30,7,0,False,True
PGLS,,0,16,7,0,True,True
PGM1,,0,12,7,0,False,True
PGM2,,0,16,7,0,False,True
PGM2L1,,0,23,8,0,False,True
PGM3,hipsci_gwnonfit_05.npz,12,40,8,1,False,True
PGP,,0,18,7,0,False,True
PGPEP1,,0,27,8,0,False,True
PGRMC1,,0,47,8,0,False,True
PGRMC2,,0,11,6,0,False,True
PHACTR2,,0,25,8,0,False,True
PHACTR4,,0,6,4,0,False,True
PHC1,,0,14,8,0,False,True
PHC3,,0,10,4,0,False,True
PHF12,,0,14,7,0,False,True
PHF14,,0,22,7,0,False,True
PHF20L1,,0,53,8,0,False,True
PHF23,,0,17,8,0,True,True
PHF3,,0,19,8,0,False,True
PHF5A,,0,7,5,0,False,True
PHF6,,0,26,7,0,False,True
PHGDH,,0,32,8,0,False,True
PHIP,,0,15,8,0,False,True
PHKG2,,0,32,8,0,False,True
PHLDA1,,0,13,6,0,False,True
PHLDA2,hipsci_gwnonfit_05.npz,12,42,7,1,False,True
PHLDA3,,0,21,7,0,False,True
PHOX2A,,0,23,7,0,False,True
PHPT1,,0,11,6,0,False,True
PHYH,,0,20,7,0,False,True
PIAS1,,0,13,7,0,False,True
PIAS2,hipsci_gwnonfit_05.npz,10,39,8,1,False,True
PIAS4,,0,25,7,0,False,True
PICALM,,0,21,7,0,False,True
PIF1,,0,29,8,0,False,True
PIFO,,0,6,4,0,False,True
PIGC,,0,12,7,0,False,True
PIGF,,0,32,8,0,False,True
PIGG,,0,19,8,0,False,True
PIGL,,0,31,8,0,False,True
PIGO,,0,16,7,0,False,True
PIGP,,0,27,8,0,False,True
PIGS,,0,23,8,0,False,True
PIGT,,0,25,8,0,False,True
PIGU,,0,32,8,0,False,True
PIGV,,0,25,8,0,False,True
PIGW,,0,20,7,0,False,True
PIH1D1,,0,26,7,0,False,True
PIK3C2A,,0,41,8,0,False,True
PIK3C2B,,0,27,8,0,False,True
PIK3CB,hipsci_gwnonfit_05.npz,12,33,8,1,False,True
PIK3CD,,0,18,5,0,False,True
PIK3R1,,0,26,8,0,False,True
PIM1,,0,32,8,0,False,True
PIM2,,0,22,7,0,True,True
PIM3,,0,22,6,0,False,True
PIMREG,,0,45,8,0,False,True
PIN1,,0,21,7,0,True,True
PIN4,,0,20,7,0,False,True
PINK1,,0,42,8,0,True,True
PIP5K1A,,0,6,4,0,False,True
PIP5K1B,hipsci_gwnonfit_05.npz,10,48,8,1,False,False
PIR,,0,22,7,0,False,True
PITHD1,,0,16,8,0,False,True
PITPNA,,0,36,8,0,False,True
PITPNC1,,0,34,8,0,False,True
PITPNM1,,0,33,8,0,False,True
PJA1,hipsci_gwnonfit_05.npz,10,42,8,1,False,True
PKIG,,0,24,8,0,False,True
PKN1,,0,19,7,0,False,True
PKN2,,0,18,6,0,False,True
PKP3,,0,16,8,0,False,True
PLA2G10,,0,9,5,0,False,True
PLA2G12A,,0,18,8,0,False,True
PLAA,,0,23,8,0,False,True
PLBD1,,0,33,8,0,False,True
PLCB1,hipsci_gwnonfit_05.npz,11,31,8,1,False,True
PLCG1,,0,24,7,0,True,True
PLCXD1,,0,34,8,0,False,True
PLD3,,0,16,7,0,False,True
PLD5,,0,25,8,0,False,True
PLEKHA1,hipsci_gwnonfit_05.npz,12,51,8,1,False,True
PLEKHA8,,0,16,7,0,False,True
PLEKHB2,,0,18,7,0,False,True
PLEKHH3,,0,13,5,0,False,True
PLEKHM1,,0,20,7,0,False,True
PLEKHO1,,0,17,8,0,False,True
PLGRKT,,0,30,8,0,False,True
PLIN2,,0,18,6,0,False,True
PLIN3,,0,43,8,0,False,True
PLLP,,0,24,7,0,False,True
PLOD2,,0,15,8,0,False,True
PLPBP,,0,26,8,0,False,True
PLS3,,0,15,7,0,False,True
PLSCR1,,0,38,8,0,False,True
PLSCR3,,0,12,6,0,False,True
PLTP,,0,21,7,0,False,True
PLXNB2,,0,22,7,0,False,True
PMAIP1,,0,33,8,0,False,True
PMEL,,0,15,7,0,False,True
PMEPA1,,0,11,6,0,False,True
PML,,0,16,7,0,False,True
PMM2,,0,25,8,0,False,True
PMS1,,0,6,4,0,False,True
PNKD,,0,43,8,0,False,True
PNMA1,,0,18,7,0,False,True
PNP,,0,29,8,0,True,True
PNPLA2,,0,24,8,0,False,True
PNPLA4,,0,17,7,0,False,True
PNPLA6,,0,34,8,0,False,True
PNRC1,,0,17,7,0,False,True
PNRC2,,0,9,5,0,False,True
POC1A,,0,33,8,0,False,True
PODXL,,0,4,3,0,False,True
PODXL2,,0,31,8,0,False,True
POGZ,,0,12,7,0,False,True
POLB,,0,26,8,0,False,True
POLD4,,0,13,8,0,True,True
POLDIP2,,0,33,8,0,False,True
POLDIP3,,0,32,8,0,False,True
POLE3,,0,11,7,0,False,True
POLE4,,0,14,6,0,False,True
POLG,,0,53,8,1,False,True
POLI,,0,12,7,0,False,True
POLL,,0,19,7,0,False,True
POLQ,,0,12,7,0,False,True
POLR2J3,,0,23,7,0,False,True
POLR3C,,0,5,5,0,False,True
POM121,,0,28,8,0,False,True
POM121C,,0,4,3,0,False,True
POMK,,0,19,8,0,False,False
PON2,,0,25,8,0,False,True
POP7,,0,44,8,0,False,True
POR,,0,21,8,0,True,True
POU2AF1,,0,11,6,0,False,True
POU2F1,,0,14,5,0,False,True
POU2F2,,0,8,6,0,False,True
POU6F2,,0,6,3,0,False,True
PPA2,,0,17,8,0,False,True
PPARGC1B,,0,11,6,0,False,True
PPAT,,0,24,7,0,False,True
PPCDC,,0,37,8,0,False,True
PPCS,,0,14,7,0,False,True
PPDPF,,0,8,5,0,False,True
PPFIA1,,0,22,8,0,False,False
PPIB,,0,17,6,0,False,True
PPID,,0,14,5,0,False,True
PPIF,,0,8,6,0,True,True
PPIG,hipsci_gwnonfit_05.npz,23,61,8,3,False,True
PPIH,,0,8,6,0,False,True
PPIL3,,0,33,8,0,False,True
PPIP5K2,,0,7,6,0,True,True
PPM1A,,0,7,5,0,False,True
PPM1B,,0,11,4,0,False,True
PPM1F,,0,23,8,0,False,True
PPM1N,,0,34,7,0,False,True
PPME1,,0,24,8,0,False,True
PPP1CA,,0,45,8,0,False,True
PPP1CC,,0,11,5,0,False,True
PPP1R14A,,0,8,5,0,False,True
PPP1R14B,,0,18,5,0,False,True
PPP1R16A,,0,22,8,0,False,True
PPP1R1A,,0,10,7,0,False,True
PPP1R1B,,0,16,7,0,False,True
PPP1R3B,,0,44,8,0,False,True
PPP1R3E,,0,33,8,0,False,True
PPP2R1A,,0,7,5,0,False,True
PPP2R1B,,0,22,8,0,False,True
PPP2R2A,,0,21,7,0,False,True
PPP2R2B,hipsci_gwnonfit_05.npz,41,76,8,3,False,True
PPP2R3C,,0,21,8,0,False,True
PPP2R5C,,0,14,6,0,False,True
PPP2R5D,,0,2,2,0,False,True
PPP2R5E,,0,8,6,0,False,True
PPP3CA,,0,22,8,0,False,True
PPP3CB,,0,27,8,0,False,True
PPP5C,,0,11,7,0,False,True
PPP6C,,0,7,4,0,False,True
PPP6R1,,0,30,8,0,False,True
PPP6R3,,0,11,6,0,False,True
PPT1,,0,43,8,0,False,True
PPTC7,,0,30,8,0,False,True
PRAC1,,0,22,8,0,False,True
PRAC2,,0,24,6,0,False,True
PRAG1,,0,18,7,0,False,True
PRCP,,0,14,7,0,False,True
PRDM5,,0,20,8,0,False,True
PRDX1,,0,19,8,0,False,True
PRDX2,,0,14,8,0,False,True
PRDX3,,0,19,7,0,True,True
PRDX4,,0,11,6,0,False,True
PRDX6,,0,15,7,0,False,True
PREP,,0,6,3,0,False,True
PREX2,,0,18,8,0,False,True
PRKAA1,,0,13,7,0,False,True
PRKAB2,,0,48,8,0,True,True
PRKACA,,0,7,4,0,True,True
PRKAG1,,0,27,8,0,False,True
PRKAR1A,,0,19,8,0,False,True
PRKAR1B,,0,14,7,0,False,True
PRKAR2A,,0,21,8,0,False,True
PRKAR2B,,0,18,8,0,False,True
PRKCG,,0,30,8,0,False,True
PRKCI,,0,31,8,0,False,True
PRKCSH,,0,6,3,0,False,True
PRKCZ,,0,26,8,0,False,True
PRKRIP1,,0,17,8,0,False,False
PRKX,,0,16,7,0,False,True
PRMT2,,0,21,8,0,True,True
PROCA1,,0,19,7,0,False,True
PROCR,,0,10,5,0,False,True
PROM1,,0,24,8,0,False,True
PROSER1,,0,17,6,0,False,True
PRPS1,,0,16,7,0,False,True
PRPS2,,0,20,8,0,False,True
PRPSAP1,,0,12,6,0,False,True
PRPSAP2,,0,15,6,0,False,True
PRR12,,0,25,6,0,False,True
PRR13,,0,18,7,0,False,False
PRR14L,,0,9,6,0,False,True
PRR36,,0,11,5,0,False,True
PRR7,,0,17,8,0,False,True
PRRC2A,,0,14,7,0,False,True
PRRC2B,,0,13,8,0,False,True
PRRC2C,,0,37,8,0,False,True
PRSS8,,0,12,6,0,False,True
PRTFDC1,,0,29,8,0,False,True
PRUNE1,,0,42,8,0,False,True
PSAP,,0,34,8,0,False,True
PSAT1,,0,28,7,0,False,True
PSD3,,0,31,8,0,False,True
PSENEN,,0,26,8,0,False,True
PSIP1,,0,35,8,0,False,True
PSKH1,,0,22,8,0,True,True
PSMB4,,0,20,8,0,False,True
PSMD10,,0,17,6,0,False,True
PSMD9,,0,46,8,0,False,True
PSME1,,0,31,8,0,False,True
PSME2,,0,32,8,0,False,True
PSME3,,0,8,5,0,False,True
PSMF1,,0,18,7,0,False,True
PSMG2,,0,13,7,0,False,True
PSPC1,,0,32,8,0,False,True
PSPH,,0,31,8,0,False,True
PSRC1,,0,14,7,0,False,True
PTBP1,,0,19,7,0,False,True
PTBP3,,0,18,7,0,False,True
PTDSS2,,0,14,8,0,False,True
PTEN,hipsci_gwnonfit_05.npz,10,34,8,1,False,True
PTER,,0,19,8,0,False,True
PTGES2,,0,24,7,0,False,True
PTGES3,,0,37,8,1,False,True
PTGR1,,0,22,8,0,False,True
PTK2,,0,31,8,0,False,True
PTK7,,0,27,8,0,False,True
PTMA,,0,9,6,0,False,False
PTMS,,0,31,8,0,True,True
PTN,,0,8,6,0,False,True
PTOV1,,0,24,7,0,True,True
PTP4A3,,0,45,8,0,False,True
PTPA,,0,6,4,0,False,True
PTPN1,,0,12,4,0,False,True
PTPN11,,0,19,7,0,False,True
PTPN12,,0,13,5,0,False,True
PTPN13,,0,42,8,0,False,True
PTPN14,,0,42,8,0,False,True
PTPN2,,0,16,6,0,False,True
PTPN23,,0,10,6,0,False,True
PTPN9,,0,13,8,0,False,True
PTPRA,,0,27,7,0,False,True
PTPRF,,0,19,7,0,False,True
PTPRG,,0,30,8,0,False,True
PTPRK,hipsci_gwnonfit_05.npz,12,58,8,1,False,True
PTPRN2,,0,32,8,0,False,True
PTPRS,,0,28,7,0,False,True
PTPRZ1,,0,37,8,0,False,True
PTRHD1,,0,24,7,0,False,True
PTS,,0,19,8,0,False,True
PTTG1IP,,0,25,8,0,False,True
PUF60,,0,21,7,0,False,True
PUM1,,0,15,8,0,False,True
PUS1,,0,25,8,0,False,True
PUS3,,0,29,8,0,False,True
PUS7,hipsci_gwnonfit_05.npz,10,51,8,1,False,True
PUSL1,,0,25,8,0,False,True
PWWP2A,,0,14,7,0,False,True
PXDN,,0,27,7,0,False,True
PXN,,0,22,8,0,False,True
PYCARD,,0,10,8,0,False,True
PYCR1,,0,31,8,0,True,True
PYCR2,,0,15,8,0,False,True
PYGL,,0,25,7,0,False,True
QDPR,,0,21,7,0,False,True
QPRT,,0,33,8,0,False,True
QRICH1,,0,14,7,0,False,True
QSER1,,0,38,8,0,False,True
QSOX1,,0,34,8,0,False,True
QTRT1,,0,22,7,0,False,True
R3HCC1,,0,28,7,0,False,True
R3HDM4,,0,23,8,0,False,True
RAB11A,,0,15,8,0,False,True
RAB11B,,0,51,8,0,False,True
RAB11FIP1,,0,10,7,0,False,True
RAB13,,0,20,8,0,False,True
RAB14,,0,20,7,0,False,True
RAB18,,0,11,6,0,False,True
RAB1A,,0,11,7,0,False,True
RAB1B,,0,28,8,0,False,True
RAB21,,0,25,7,0,False,True
RAB24,,0,45,8,0,False,True
RAB25,,0,8,6,0,False,True
RAB28,,0,15,7,0,False,True
RAB2A,,0,14,6,0,False,True
RAB31,hipsci_gwnonfit_05.npz,11,48,8,1,False,True
RAB34,,0,9,6,0,False,True
RAB35,,0,31,8,0,False,True
RAB38,,0,40,8,0,False,True
RAB39B,,0,7,4,0,False,True
RAB3A,,0,26,8,0,False,True
RAB3B,hipsci_gwnonfit_05.npz,10,19,6,1,False,True
RAB3GAP2,,0,33,8,0,False,True
RAB3IP,,0,11,7,0,False,True
RAB4A,,0,25,7,0,False,True
RAB5A,,0,15,7,0,True,True
RAB5B,,0,16,8,0,False,True
RAB5C,,0,49,8,1,False,True
RAB6A,,0,35,8,0,False,True
RAB6B,,0,12,6,0,False,True
RAB8A,,0,24,8,0,False,True
RAB9A,,0,9,4,0,False,True
RABAC1,,0,14,8,0,False,True
RABEP1,,0,33,8,0,False,True
RABGAP1,,0,27,8,0,False,True
RABGAP1L,hipsci_gwnonfit_05.npz,21,47,8,2,False,True
RABGEF1,,0,25,8,0,False,True
RABL2A,,0,39,8,0,False,True
RABL6,,0,32,8,0,False,True
RAC3,,0,9,5,0,False,True
RAD1,,0,1,1,0,False,True
RAD17,,0,13,7,0,False,True
RAD23A,,0,37,8,0,False,True
RAD23B,hipsci_gwnonfit_05.npz,10,39,8,1,False,True
RAD51AP1,,0,19,8,0,False,True
RAD51B,,0,25,8,0,False,True
RAD54L2,,0,20,7,0,False,True
RAF1,,0,19,7,0,False,True
RAI14,,0,33,8,0,False,True
RALA,,0,19,6,0,False,True
RALBP1,,0,10,6,0,False,True
RALGAPB,hipsci_gwnonfit_05.npz,40,70,8,3,False,True
RALGPS2,,0,17,7,0,False,True
RALY,,0,20,7,0,False,True
RAMP2,,0,41,8,0,False,True
RANBP1,hipsci_gwnonfit_05.npz,14,51,8,1,False,False
RANBP17,,0,15,6,0,False,True
RANBP3,,0,17,7,0,False,True
RANGRF,,0,30,8,0,False,True
RAP1A,,0,7,5,0,False,True
RAP1B,,0,16,7,0,False,False
RAP1GAP2,,0,13,6,0,False,True
RAP1GDS1,,0,10,7,0,False,True
RAP2B,,0,24,7,0,False,True
RAP2C,,0,23,8,0,False,True
RAPGEF5,,0,13,7,0,False,True
RAPGEFL1,,0,33,8,0,False,True
RARG,,0,23,8,0,False,True
RARRES2,,0,32,8,0,False,True
RASA2,,0,24,8,0,False,True
RASA4,,0,5,3,0,False,True
RASAL2,,0,19,8,0,False,True
RASGRP2,hipsci_gwnonfit_05.npz,11,46,8,1,False,True
RASSF7,,0,16,7,0,False,True
RAVER1,,0,24,8,0,False,True
RB1,,0,21,8,0,False,True
RB1CC1,,0,17,7,0,False,True
RBBP7,,0,25,7,0,False,True
RBCK1,,0,16,8,0,False,True
RBFOX2,,0,32,7,0,False,True
RBL1,,0,43,8,0,False,True
RBL2,,0,17,7,0,False,True
RBM11,,0,20,8,0,False,True
RBM15,,0,42,8,0,False,True
RBM15B,,0,42,8,0,False,True
RBM18,,0,10,5,0,True,True
RBM23,,0,15,8,0,False,True
RBM26,,0,17,7,0,True,True
RBM3,,0,4,3,0,False,True
RBM33,,0,28,8,0,False,True
RBM38,,0,37,8,0,False,True
RBM4,,0,14,6,0,False,True
RBM41,,0,23,8,0,False,True
RBM47,,0,30,8,0,False,True
RBM5,,0,19,8,0,True,True
RBM6,,0,10,6,0,False,True
RBM7,,0,26,8,0,False,True
RBMS1,,0,17,6,0,False,True
RBMXL1,,0,9,6,0,False,True
RBP1,,0,26,8,0,False,True
RBP5,,0,12,7,0,False,True
RBPJ,,0,24,8,0,False,True
RBPMS,,0,30,8,0,False,True
RBPMS2,,0,11,5,0,False,True
RC3H1,,0,20,8,0,False,True
RCBTB1,,0,34,8,0,False,True
RCC2,,0,9,6,0,False,True
RCE1,,0,11,7,0,False,True
RCHY1,,0,37,8,0,False,True
RCN1,,0,28,7,0,False,True
RCN2,,0,32,8,0,False,True
RCOR1,hipsci_gwnonfit_05.npz,10,39,8,1,False,True
RCOR2,,0,41,8,0,False,True
RDH11,,0,22,6,0,False,True
RDH12,,0,14,5,0,False,True
RDH14,,0,39,8,1,False,True
RDM1,,0,17,6,0,False,True
RDX,,0,12,6,0,False,True
REC8,,0,31,8,0,False,True
RECK,,0,18,7,0,False,True
REEP3,,0,29,8,0,False,True
REEP4,,0,12,6,0,False,True
REEP5,,0,19,8,0,False,True
RELA,,0,20,8,0,False,True
RELB,,0,19,7,0,False,True
REPS1,,0,13,6,0,False,True
REPS2,,0,25,8,0,False,True
RERE,,0,13,4,0,False,True
REST,,0,26,7,0,False,True
REXO1,,0,42,8,0,False,True
REXO2,,0,46,8,0,False,True
REXO4,,0,24,8,0,False,True
RFK,,0,33,8,0,True,True
RFX3,,0,27,8,0,False,True
RFX5,,0,21,8,0,False,True
RFXANK,,0,20,8,0,False,True
RGL2,,0,36,8,0,False,True
RGMA,,0,27,8,0,False,True
RGMB,,0,31,8,0,False,True
RGP1,hipsci_gwnonfit_05.npz,10,40,8,1,False,True
RGS10,,0,24,8,0,False,True
RGS12,,0,35,8,0,False,True
RGS14,,0,37,8,0,False,True
RGS17,,0,19,8,0,False,True
RHBDD2,,0,19,5,0,False,True
RHBDF1,,0,43,8,0,False,True
RHEB,,0,7,5,0,False,True
RHOA,,0,7,5,0,False,True
RHOBTB3,,0,11,6,0,False,True
RHOC,,0,10,6,0,False,True
RHOD,,0,33,8,0,False,True
RHOF,,0,32,8,0,False,True
RHOG,,0,22,8,0,False,True
RHOQ,,0,16,7,0,False,True
RHOT1,,0,34,8,0,False,True
RHOT2,,0,19,7,0,False,True
RHPN1,hipsci_gwnonfit_05.npz,10,42,8,1,False,True
RIC1,,0,30,8,0,False,True
RIC8A,,0,34,8,0,False,True
RIC8B,,0,11,6,0,False,True
RIF1,,0,6,4,0,False,True
RILP,,0,17,8,0,False,True
RILPL2,,0,28,8,0,False,True
RING1,,0,40,8,0,False,True
RIOK3,,0,19,7,0,False,True
RIPOR1,,0,22,8,0,False,True
RMDN1,,0,23,8,0,False,True
RMI1,,0,17,7,0,False,True
RMND5A,,0,14,6,0,False,True
RMND5B,,0,18,8,0,False,True
RNASEH2A,,0,20,7,0,False,True
RNASEH2C,,0,11,7,0,False,True
RNASET2,,0,7,5,0,False,True
RND2,,0,32,8,0,False,True
RND3,,0,41,8,1,False,True
RNF10,,0,22,8,0,True,True
RNF103,,0,45,8,0,False,True
RNF11,,0,12,7,0,False,True
RNF114,,0,24,8,0,False,True
RNF115,,0,24,7,0,False,True
RNF122,,0,21,5,0,False,True
RNF123,hipsci_gwnonfit_05.npz,16,48,7,1,False,True
RNF126,,0,27,8,0,False,True
RNF13,,0,10,6,0,False,True
RNF130,,0,24,8,0,False,True
RNF135,,0,33,8,1,False,True
RNF138,,0,13,8,0,False,True
RNF14,,0,21,8,0,False,True
RNF141,hipsci_gwnonfit_05.npz,10,55,8,2,True,True
RNF144A,,0,32,8,0,False,True
RNF145,hipsci_gwnonfit_05.npz,20,46,8,2,False,True
RNF146,,0,5,3,0,False,True
RNF149,,0,19,8,0,False,True
RNF167,,0,22,8,0,False,True
RNF181,,0,31,8,0,False,True
RNF187,,0,11,7,0,False,True
RNF2,,0,13,5,0,True,True
RNF213,,0,29,7,0,False,True
RNF214,,0,33,8,0,False,True
RNF216,,0,30,8,0,False,True
RNF220,,0,29,8,0,False,True
RNF24,,0,42,8,0,False,True
RNF26,,0,11,6,0,False,True
RNF31,,0,19,7,0,False,True
RNF34,,0,28,8,0,False,True
RNF41,,0,24,7,0,False,True
RNF44,,0,21,7,0,False,True
RNF5,,0,19,7,0,False,True
RNF7,,0,8,6,0,False,True
RNF8,,0,16,6,0,False,True
RNH1,,0,15,5,0,False,True
RNPEP,,0,31,8,0,False,True
RNPS1,,0,5,4,0,False,True
ROBO1,,0,25,8,0,False,True
ROBO3,,0,23,8,0,False,True
ROCK1,,0,22,7,0,False,True
ROCK2,,0,22,8,0,False,True
ROGDI,hipsci_gwnonfit_05.npz,12,44,7,1,False,True
ROR1,,0,12,6,0,False,True
RP9,,0,14,6,0,False,True
RPE,,0,14,8,0,False,True
RPH3AL,,0,9,4,0,False,True
RPIA,,0,30,8,0,False,True
RPL22,,0,24,7,0,False,False
RPL22L1,,0,23,7,0,False,False
RPL26L1,,0,16,6,0,False,False
RPL29,,0,23,7,0,False,False
RPL36AL,,0,25,7,0,False,False
RPL39L,,0,29,7,0,False,False
RPL41,,0,13,6,0,False,False
RPN1,,0,7,5,0,False,True
RPP25,,0,33,8,0,False,True
RPP25L,,0,15,7,0,False,True
RPP40,,0,21,8,0,False,True
RPRD1A,,0,21,8,0,False,True
RPRM,,0,13,7,0,False,True
RPS27L,,0,13,6,0,False,False
RPS28,,0,5,5,0,False,False
RPS4Y1,,0,21,7,0,False,False
RPS6KA1,,0,19,8,0,False,False
RPS6KA2,,0,27,7,0,False,False
RPS6KB2,,0,13,7,0,False,False
RPUSD1,,0,41,8,0,False,True
RPUSD3,,0,29,7,0,False,True
RPUSD4,,0,20,6,0,False,True
RRAGA,,0,8,4,0,False,True
RRAGC,,0,29,8,0,False,True
RRAGD,,0,40,8,0,False,True
RRAS2,,0,27,8,0,False,True
RRBP1,,0,11,5,0,False,True
RREB1,,0,38,8,0,False,True
RRM2B,,0,25,7,0,False,True
RRP1B,,0,13,6,0,False,True
RSAD1,,0,22,8,0,False,True
RSBN1,,0,21,6,0,False,True
RSBN1L,hipsci_gwnonfit_05.npz,10,38,8,1,False,True
RSF1,,0,24,6,0,False,True
RSPH3,,0,15,7,0,False,True
RSPH9,,0,8,6,0,False,True
RSPRY1,,0,22,8,0,False,True
RSRC1,,0,12,7,0,True,True
RSRC2,,0,5,4,0,False,True
RSRP1,,0,15,7,0,False,True
RTCA,,0,20,8,0,False,True
RTL6,,0,30,8,0,False,True
RTL8A,,0,16,6,0,False,True
RTL8C,,0,14,6,0,False,True
RTN3,,0,19,8,0,False,True
RTN4,,0,21,8,0,False,True
RTN4R,,0,11,5,0,False,True
RUNX1,,0,22,8,0,False,True
RUNX1T1,,0,19,7,0,False,True
RUNX2,,0,39,8,0,False,True
RXRA,hipsci_gwnonfit_05.npz,10,45,8,1,False,True
S100A10,,0,13,6,0,False,True
S100A11,,0,26,8,0,True,True
S100A13,,0,26,8,0,False,True
S100A6,,0,13,8,0,False,True
S1PR2,,0,22,8,0,False,True
SAAL1,,0,22,7,0,False,True
SAC3D1,,0,20,7,0,False,True
SAFB,,0,9,7,0,False,True
SAFB2,,0,14,7,0,False,True
SALL2,hipsci_gwnonfit_06.npz,12,57,8,1,False,True
SALL4,,0,14,8,0,False,True
SAMD1,,0,21,6,0,False,True
SAMD4B,,0,11,6,0,False,True
SAP130,,0,21,7,0,False,True
SAP30,hipsci_gwnonfit_06.npz,11,47,8,1,False,True
SAPCD2,,0,20,6,0,False,True
SAR1A,,0,11,5,0,False,True
SAR1B,,0,32,8,0,False,True
SARAF,,0,29,8,0,False,True
SARNP,,0,9,5,0,False,True
SARS2,,0,49,8,0,False,True
SASH1,,0,14,8,0,False,True
SAT1,,0,21,7,0,False,True
SAT2,,0,9,4,0,False,True
SATB1,,0,16,8,0,False,True
SATB2,,0,27,8,0,False,True
SAV1,,0,21,8,0,False,True
SBF1,,0,19,6,0,False,True
SBF2,,0,24,7,0,False,True
SBK1,,0,26,8,0,False,True
SBNO2,,0,13,7,0,False,True
SC5D,,0,31,8,0,False,True
SCAF1,hipsci_gwnonfit_06.npz,10,41,8,1,False,True
SCAF11,,0,11,6,0,False,True
SCAF4,,0,21,8,0,False,True
SCAF8,,0,20,8,0,True,True
SCAI,,0,20,8,0,False,True
SCAMP2,,0,5,5,0,False,True
SCAMP3,,0,12,6,0,False,True
SCAND1,hipsci_gwnonfit_06.npz,12,33,8,1,False,True
SCAP,,0,32,8,0,False,True
SCARA3,,0,27,8,0,False,True
SCARB1,hipsci_gwnonfit_06.npz,10,49,8,1,False,True
SCARB2,,0,15,7,0,False,True
SCCPDH,,0,14,7,0,False,True
SCD,,0,23,8,0,False,True
SCG3,,0,28,8,0,False,True
SCG5,,0,19,8,0,False,True
SCGB3A2,,0,40,8,0,False,True
SCLT1,,0,39,8,0,False,True
SCLY,,0,20,7,0,False,True
SCNM1,,0,19,8,0,False,True
SCNN1A,,0,21,8,0,False,True
SCO2,,0,28,8,0,False,True
SCOC,,0,17,8,0,False,True
SCP2,,0,8,5,0,False,True
SCPEP1,,0,41,8,0,False,True
SCRN1,,0,25,8,0,False,True
SCRN2,,0,19,7,0,False,True
SCYL1,,0,18,6,0,False,True
SCYL2,,0,36,8,0,False,True
SDC1,,0,10,5,0,False,True
SDC2,,0,14,7,0,False,True
SDC4,hipsci_gwnonfit_06.npz,13,45,8,1,False,True
SDCBP,,0,13,6,0,False,True
SDCCAG8,,0,14,7,0,False,True
SDF4,,0,12,6,0,False,True
SDHA,,0,15,8,0,False,True
SDHAF1,,0,41,8,0,False,True
SDHAF2,,0,37,8,0,False,True
SDHAF3,,0,25,8,0,False,True
SDHC,hipsci_gwnonfit_06.npz,12,48,8,2,False,True
SDHD,,0,23,8,0,False,False
SDR39U1,,0,13,6,0,False,True
SEC11A,,0,20,8,0,False,True
SEC11C,,0,33,8,0,False,True
SEC14L1,,0,29,7,0,False,True
SEC16A,,0,11,6,0,False,True
SEC22C,,0,29,8,0,False,True
SEC23B,,0,30,7,0,False,True
SEC23IP,,0,33,8,0,False,True
SEC24C,hipsci_gwnonfit_06.npz,10,40,8,1,False,True
SEC31A,,0,26,8,0,False,True
SEC63,,0,26,8,0,False,True
SECISBP2,hipsci_gwnonfit_06.npz,12,61,8,2,False,True
SEL1L,,0,22,6,0,False,True
SELENOF,,0,13,7,0,False,True
SELENOH,,0,41,8,0,False,True
SELENOI,,0,23,8,0,False,True
SELENOK,,0,57,8,1,False,True
SELENOM,,0,18,6,0,False,True
SELENON,,0,28,7,0,False,True
SELENOP,,0,13,7,0,False,True
SELENOS,,0,25,8,0,False,True
SELENOT,,0,35,8,0,False,True
SELENOV,,0,10,6,0,False,True
SELENOW,,0,24,8,0,False,True
SEMA5A,,0,25,7,0,False,True
SEMA6A,,0,10,5,0,False,True
SEPHS1,,0,39,8,1,False,True
SEPHS2,,0,12,7,0,False,True
SERF2,,0,10,6,0,False,True
SERINC2,,0,24,8,0,False,True
SERINC3,,0,22,8,0,False,True
SERINC5,,0,20,6,0,False,True
SERP1,,0,16,8,0,False,True
SERPINB6,,0,22,7,0,False,True
SERPINB9,hipsci_gwnonfit_06.npz,11,43,8,1,False,True
SERPINE2,,0,20,6,0,False,True
SERPING1,,0,16,6,0,False,True
SERPINH1,,0,16,6,0,False,True
SERTAD1,,0,7,4,0,False,True
SESN1,,0,22,8,0,False,True
SESTD1,hipsci_gwnonfit_06.npz,12,49,8,1,False,True
SET,,0,23,8,0,False,True
SETD1B,,0,17,8,0,False,True
SETD3,,0,38,8,0,False,True
SETDB1,,0,18,8,0,False,True
SETX,,0,21,8,0,False,True
SEZ6L,,0,24,8,0,False,True
SEZ6L2,,0,25,8,0,False,True
SF1,,0,12,7,0,False,True
SFR1,,0,9,5,0,False,True
SFRP1,,0,42,8,0,False,True
SFRP2,,0,27,7,0,False,True
SFT2D1,,0,13,6,0,False,True
SFXN1,,0,48,8,0,False,True
SGO2,,0,23,8,0,False,True
SGSM3,,0,43,8,0,False,True
SGTA,,0,17,8,0,False,True
SH2D2A,,0,13,7,0,False,True
SH3BGRL,,0,15,6,0,False,True
SH3BGRL3,,0,29,8,0,False,True
SH3BP1,,0,17,7,0,False,True
SH3BP4,,0,28,8,0,False,True
SH3BP5,,0,14,6,0,False,True
SH3BP5L,,0,21,7,0,False,True
SH3GL1,,0,19,8,0,False,True
SH3GLB1,,0,14,8,0,False,True
SH3KBP1,,0,33,8,0,False,True
SHANK1,,0,6,6,0,False,True
SHARPIN,,0,23,8,0,False,True
SHC1,,0,10,6,0,False,True
SHISA3,,0,30,8,0,False,True
SHISA5,,0,6,4,0,False,True
SHISA9,,0,14,7,0,False,True
SHKBP1,,0,24,8,0,False,True
SHMT2,,0,15,6,0,False,True
SHOC2,,0,31,8,0,False,True
SHROOM3,,0,7,4,0,False,True
SHTN1,,0,41,8,0,False,True
SIAH1,,0,41,8,0,False,True
SIGIRR,,0,27,8,0,False,True
SIGMAR1,,0,8,4,0,False,True
SIKE1,,0,30,8,0,False,True
SIN3A,,0,23,8,0,False,True
SIN3B,,0,42,8,0,True,True
SIPA1,,0,32,8,0,False,True
SIPA1L1,,0,14,7,0,False,True
SIRPA,,0,17,6,0,False,True
SIRT1,,0,2,2,0,False,True
SIRT6,,0,31,8,0,False,True
SIVA1,,0,11,5,0,False,True
SIX3,,0,27,8,0,False,True
SIX6,hipsci_gwnonfit_06.npz,10,39,8,1,False,True
SKIL,,0,24,8,0,False,True
SKP2,,0,26,8,0,False,True
SLC16A1,,0,10,6,0,False,True
SLC16A5,,0,15,7,0,False,True
SLC1A3,,0,16,7,0,False,True
SLC1A5,,0,8,5,0,False,True
SLC20A1,,0,24,8,0,False,True
SLC22A17,,0,15,7,0,False,True
SLC24A2,,0,7,6,0,False,True
SLC25A1,,0,34,8,0,False,True
SLC25A10,,0,20,7,0,False,True
SLC25A11,,0,20,7,0,False,True
SLC25A13,,0,21,8,0,True,True
SLC25A14,,0,35,8,0,False,True
SLC25A19,,0,26,8,0,False,True
SLC25A24,,0,10,6,0,False,True
SLC25A25,,0,45,8,0,False,True
SLC25A26,,0,10,5,0,False,True
SLC25A28,,0,5,2,0,False,True
SLC25A29,,0,25,7,0,False,True
SLC25A3,,0,23,8,0,False,True
SLC25A33,,0,18,8,0,False,True
SLC25A37,,0,30,8,0,False,True
SLC25A38,,0,24,8,0,False,True
SLC25A39,,0,32,8,0,False,True
SLC25A4,,0,20,8,0,False,True
SLC25A5,,0,12,8,0,False,True
SLC25A6,,0,20,7,0,False,True
SLC26A2,,0,38,8,0,False,True
SLC27A5,,0,25,8,0,False,True
SLC29A1,,0,15,7,0,False,True
SLC29A2,hipsci_gwnonfit_06.npz,11,40,8,1,False,True
SLC2A1,,0,37,8,0,False,True
SLC2A3,,0,22,8,0,False,True
SLC2A8,hipsci_gwnonfit_06.npz,28,60,8,2,False,True
SLC30A1,,0,17,5,0,False,True
SLC31A1,,0,25,8,0,False,True
SLC33A1,,0,10,6,0,False,True
SLC35A1,,0,24,8,0,False,True
SLC35A2,,0,8,5,0,False,True
SLC35B2,,0,34,8,0,False,True
SLC35B3,,0,42,8,0,False,True
SLC35B4,,0,40,8,0,False,True
SLC35C2,,0,29,8,0,False,True
SLC35E2B,,0,34,8,0,False,True
SLC35E4,,0,10,7,0,False,True
SLC35G2,,0,32,8,0,False,True
SLC36A4,,0,38,8,1,False,True
SLC37A4,,0,13,7,0,False,True
SLC38A1,,0,37,8,0,False,True
SLC38A2,,0,12,8,0,False,True
SLC39A1,,0,37,8,0,True,True
SLC39A10,,0,31,8,0,False,True
SLC39A14,,0,25,8,0,False,True
SLC39A3,,0,42,8,0,False,True
SLC39A7,,0,10,5,0,False,True
SLC3A2,,0,23,8,0,False,True
SLC43A2,,0,24,8,0,False,True
SLC44A1,,0,34,8,0,True,True
SLC44A2,,0,19,7,0,False,True
SLC44A3,,0,44,8,0,False,True
SLC4A1AP,,0,20,8,0,False,True
SLC4A2,,0,27,8,0,False,True
SLC4A7,,0,6,4,0,False,True
SLC50A1,,0,13,7,0,False,True
SLC52A2,,0,28,8,0,False,True
SLC5A3,,0,20,8,0,False,True
SLC6A6,hipsci_gwnonfit_06.npz,10,35,8,1,False,True
SLC7A1,,0,9,5,0,False,True
SLC7A11,,0,26,8,0,False,True
SLC7A2,,0,20,8,0,False,True
SLC7A3,,0,28,7,0,False,True
SLC7A5,,0,8,5,0,False,True
SLC7A8,,0,12,6,0,False,True
SLC9A3R1,,0,34,8,0,False,True
SLC9A8,,0,25,8,0,False,True
SLC9B2,,0,16,7,0,False,True
SLCO1B1,,0,17,7,0,False,True
SLCO5A1,,0,25,8,0,False,True
SLIRP,,0,29,8,0,True,True
SLMAP,,0,22,6,0,False,True
SLTM,,0,27,8,0,False,True
SLX4IP,,0,11,6,0,False,True
SMAD1,,0,40,8,0,False,True
SMAD2,,0,38,8,0,False,True
SMAD4,,0,28,8,0,False,True
SMAD5,,0,11,5,0,False,True
SMAD7,,0,19,8,0,False,True
SMAP1,,0,35,8,0,False,True
SMARCA1,,0,13,6,0,False,True
SMARCA2,,0,9,4,0,False,True
SMARCA4,,0,30,8,0,False,True
SMARCA5,,0,23,8,0,True,True
SMARCB1,,0,26,8,0,False,True
SMARCC2,,0,14,6,0,True,True
SMARCD1,,0,31,8,0,False,True
SMARCD2,,0,18,8,0,False,True
SMARCE1,,0,19,7,0,False,True
SMCHD1,,0,55,8,0,False,True
SMCO4,,0,24,8,0,False,True
SMDT1,,0,11,5,0,False,True
SMG6,,0,18,7,0,False,True
SMG7,,0,15,8,0,False,True
SMG8,,0,13,6,0,False,True
SMIM10L1,,0,32,8,0,False,True
SMIM12,,0,26,7,0,False,True
SMIM14,,0,23,7,0,False,True
SMIM15,,0,30,8,0,False,True
SMIM19,,0,38,8,0,False,True
SMIM20,hipsci_gwnonfit_06.npz,14,60,8,1,False,True
SMIM29,,0,25,8,0,False,True
SMIM3,,0,25,8,0,False,True
SMIM4,,0,21,8,0,False,True
SMIM7,,0,10,6,0,False,True
SMIM8,,0,23,7,0,False,True
SMPD2,,0,22,8,0,False,True
SMPD4,,0,18,7,0,False,True
SMPDL3B,,0,15,7,0,False,True
SMS,,0,13,7,0,False,True
SMUG1,,0,38,8,0,False,True
SMURF2,,0,23,8,0,False,True
SNAI1,,0,28,8,0,False,True
SNAI2,,0,31,7,0,False,True
SNAP47,,0,13,6,0,False,True
SNAPC4,,0,21,8,0,False,True
SNAPIN,,0,27,8,0,False,True
SNCB,,0,23,8,0,False,True
SND1,,0,22,8,0,True,True
SNF8,,0,14,6,0,False,True
SNN,,0,19,8,0,True,True
SNRPB2,,0,23,7,0,False,True
SNRPN,hipsci_gwnonfit_06.npz,10,47,8,1,False,True
SNTB1,,0,29,8,0,False,True
SNX10,,0,18,7,0,False,True
SNX12,,0,5,5,0,False,True
SNX13,,0,36,8,0,False,True
SNX17,,0,10,6,0,False,True
SNX2,,0,19,7,0,False,True
SNX24,,0,18,7,0,False,True
SNX27,,0,28,8,0,False,True
SNX3,,0,20,7,0,False,True
SNX30,,0,37,7,0,False,True
SNX5,,0,46,8,0,False,True
SNX6,,0,21,8,0,False,True
SNX8,,0,24,8,0,False,True
SNX9,,0,28,8,0,False,True
SOCS1,,0,22,8,0,False,True
SOCS2,hipsci_gwnonfit_06.npz,10,40,8,1,False,True
SOCS3,,0,10,5,0,False,True
SOD1,,0,4,3,0,False,True
SOD2,,0,13,7,0,False,True
SORBS2,,0,9,6,0,False,True
SORD,,0,27,8,0,False,True
SORL1,,0,11,6,0,False,True
SOS1,,0,22,6,0,False,True
SOX11,,0,28,7,0,False,False
SOX12,,0,49,8,0,False,True
SOX13,,0,18,8,0,False,True
SOX15,,0,18,7,0,False,True
SOX21,,0,22,7,0,False,True
SOX3,,0,15,7,0,False,True
SOX4,,0,26,7,0,False,True
SOX8,,0,57,8,0,False,True
SOX9,,0,28,8,0,False,True
SP1,,0,8,5,0,False,True
SP2,,0,11,7,0,False,True
SP4,hipsci_gwnonfit_06.npz,23,61,8,3,False,True
SPAG16,,0,35,8,0,False,True
SPAG5,,0,18,7,0,False,True
SPAG7,,0,36,8,0,False,True
SPAG9,,0,16,5,0,False,True
SPARC,hipsci_gwnonfit_06.npz,10,44,8,2,False,True
SPART,,0,27,8,0,False,True
SPATC1L,,0,25,7,0,False,True
SPATS2,,0,9,5,0,False,True
SPATS2L,,0,25,8,0,False,True
SPCS1,,0,16,6,0,False,True
SPDEF,,0,17,8,0,False,True
SPDYC,,0,24,7,0,False,True
SPECC1,hipsci_gwnonfit_06.npz,10,36,8,1,False,True
SPECC1L,,0,33,8,0,False,True
SPEN,,0,12,7,0,False,True
SPG21,,0,27,7,0,False,True
SPG7,,0,20,7,0,False,True
SPI1,,0,33,7,1,False,True
SPIN1,,0,33,8,0,False,True
SPINK5,,0,21,8,0,False,True
SPINT1,,0,12,7,0,False,True
SPINT2,,0,21,7,0,False,True
SPIRE1,,0,23,8,0,False,True
SPNS1,,0,41,8,0,False,True
SPOP,,0,21,8,0,False,True
SPP1,,0,25,8,0,False,True
SPPL3,,0,22,8,0,False,True
SPRED1,,0,22,8,0,False,True
SPRED2,,0,15,6,0,False,True
SPRTN,,0,10,7,0,False,True
SPRY1,,0,15,8,0,False,True
SPRY2,,0,20,8,0,False,True
SPRY4,,0,36,8,0,False,True
SPRYD4,,0,11,7,0,False,True
SPRYD7,,0,18,8,0,False,True
SPTAN1,,0,15,8,0,False,True
SPTBN1,,0,37,8,0,False,True
SPTLC1,,0,21,6,0,False,True
SPTLC2,,0,30,8,0,False,True
SPTSSA,,0,32,8,0,False,True
SQSTM1,,0,20,8,0,False,True
SRA1,,0,29,7,0,False,True
SRC,,0,22,8,0,False,True
SRCIN1,,0,30,8,0,False,True
SRD5A1,,0,28,8,0,False,True
SRD5A3,,0,20,8,0,False,True
SREBF1,,0,28,8,0,False,True
SREBF2,,0,25,8,0,False,True
SREK1IP1,,0,25,7,0,False,True
SRI,,0,38,8,0,False,True
SRM,,0,24,8,0,False,True
SRPK1,,0,17,8,0,False,True
SRRD,,0,29,8,0,False,True
SRSF10,,0,4,3,0,False,True
SRSF11,,0,10,7,0,False,True
SRSF5,,0,28,8,0,True,True
SRSF6,,0,23,8,0,False,True
SRSF8,,0,39,8,0,False,True
SRSF9,,0,16,7,0,False,True
SS18,,0,37,8,0,False,True
SS18L2,,0,19,6,0,False,True
SSBP3,,0,19,8,0,False,True
SSBP4,,0,4,4,0,False,True
SSH2,,0,29,8,0,False,True
SSNA1,,0,21,8,0,False,True
SSR1,,0,17,7,0,False,True
SSR2,,0,22,8,0,False,True
SSR3,,0,13,7,0,False,True
SSRP1,,0,11,5,0,False,True
SSU72,,0,6,4,0,False,True
ST13,,0,37,8,0,False,True
ST3GAL4,,0,32,8,0,False,True
ST6GAL1,,0,27,8,0,False,True
ST6GALNAC4,,0,44,8,0,False,True
ST6GALNAC6,,0,20,7,0,False,True
ST7L,,0,7,5,0,False,True
ST8SIA2,,0,28,8,0,False,True
STAC,,0,13,6,0,False,True
STAG1,,0,23,6,0,False,True
STAG2,,0,17,8,0,False,True
STAP2,,0,18,7,0,False,True
STARD3,,0,26,7,0,False,True
STARD3NL,,0,4,3,0,False,True
STARD7,,0,2,2,0,False,True
STAT2,,0,26,8,0,False,True
STAT3,,0,42,8,0,False,True
STAT5A,,0,42,8,0,False,True
STAU1,,0,17,7,0,False,True
STC1,,0,14,7,0,False,True
STC2,,0,26,8,0,False,True
STEAP3,,0,30,8,0,False,True
STIP1,,0,32,7,0,False,True
STK11,,0,23,6,0,False,True
STK16,,0,5,5,0,False,True
STK17A,hipsci_gwnonfit_06.npz,26,49,8,2,False,True
STK24,,0,10,7,0,False,True
STK25,,0,18,6,0,False,True
STK26,,0,30,8,0,False,True
STK3,,0,15,6,0,True,True
STK32C,,0,32,8,0,False,True
STK33,hipsci_gwnonfit_06.npz,49,77,8,4,False,True
STK4,,0,46,8,0,False,True
STK40,,0,12,5,0,False,True
STMN1,,0,6,5,0,False,True
STOM,,0,41,8,0,False,True
STOML2,,0,28,8,0,False,True
STON1,,0,19,7,0,False,True
STON2,,0,12,6,0,False,True
STOX2,,0,2,1,0,False,True
STRADB,,0,35,8,1,False,True
STRAP,,0,20,7,0,False,True
STRBP,,0,40,8,0,False,True
STRIP1,,0,11,8,0,False,True
STRN4,,0,18,8,0,False,True
STT3B,,0,31,8,0,False,True
STUB1,,0,26,8,0,False,True
STX10,hipsci_gwnonfit_06.npz,21,59,8,2,False,True
STX16,,0,7,5,0,False,True
STX17,,0,27,8,0,False,True
STX3,,0,28,7,0,False,True
STX6,,0,19,8,0,False,True
STX8,,0,20,7,0,False,True
STXBP1,,0,28,8,0,False,True
STXBP2,hipsci_gwnonfit_06.npz,12,38,8,1,False,True
STXBP3,,0,31,8,0,False,True
STXBP6,hipsci_gwnonfit_06.npz,15,53,8,1,False,True
STYX,,0,20,7,0,False,True
SUB1,,0,13,6,0,False,True
SUCLA2,,0,8,5,0,False,True
SUCLG1,,0,25,8,0,False,True
SUCLG2,hipsci_gwnonfit_06.npz,12,47,7,1,False,True
SUCO,,0,29,8,0,False,True
SUDS3,,0,7,5,0,False,True
SUFU,,0,32,8,0,False,True
SUGP1,,0,37,8,0,False,True
SUGP2,,0,33,8,0,False,True
SULT1A1,,0,29,8,0,False,True
SUMF1,,0,8,5,0,False,True
SUMF2,,0,9,5,0,False,True
SUMO1,,0,22,8,0,False,False
SUMO2,,0,24,8,0,False,True
SUMO3,,0,16,6,0,False,True
SUN1,,0,17,8,0,False,True
SUPT20H,,0,39,8,0,False,True
SUPT3H,,0,21,7,0,False,True
SUPT7L,,0,14,6,0,True,True
SURF1,,0,27,8,0,False,True
SURF2,,0,18,7,0,False,True
SURF4,,0,22,7,0,False,True
SV2A,hipsci_gwnonfit_06.npz,13,59,8,1,False,True
SWI5,,0,19,7,0,False,True
SYAP1,,0,25,7,0,False,True
SYNC,,0,15,6,0,False,True
SYNCRIP,,0,23,8,0,False,True
SYNE2,,0,15,8,0,False,True
SYNE4,,0,24,7,0,False,True
SYNGR1,,0,34,8,0,False,True
SYNGR2,,0,22,7,0,False,True
SYNGR3,,0,19,8,0,False,True
SYNJ2BP,,0,15,5,0,False,True
SYPL1,,0,21,8,0,False,True
SYS1,,0,17,8,0,False,True
SYT1,,0,14,7,0,False,True
SYT2,,0,14,6,0,False,True
SYT6,,0,19,7,0,False,True
SYVN1,,0,12,7,0,True,True
SZRD1,,0,9,6,0,False,True
TACC3,,0,11,7,0,False,True
TACO1,,0,27,8,0,False,True
TADA1,,0,36,8,0,False,True
TADA2B,,0,27,8,0,False,True
TADA3,,0,14,7,0,False,True
TAF12,,0,15,7,0,False,True
TAF15,,0,21,7,0,True,True
TAF3,,0,16,8,0,False,True
TAF4,,0,25,8,0,True,True
TAF5L,,0,17,8,0,False,True
TAF6,,0,8,7,0,False,True
TAF6L,,0,12,6,0,False,True
TAF9,,0,12,6,0,False,True
TAGLN,,0,29,7,0,False,True
TAGLN2,,0,36,8,0,False,True
TALDO1,,0,15,6,0,False,True
TAOK1,,0,23,7,0,False,True
TAPT1,,0,25,7,0,False,True
TARBP2,,0,40,8,0,True,True
TATDN1,,0,37,8,0,False,True
TAX1BP1,hipsci_gwnonfit_06.npz,10,32,7,1,False,True
TAX1BP3,,0,30,8,0,False,True
TAZ,,0,10,6,0,False,True
TBC1D16,,0,27,8,0,False,True
TBC1D17,,0,17,8,0,False,True
TBC1D19,,0,31,8,0,True,True
TBC1D20,,0,19,7,0,False,True
TBC1D23,,0,23,8,0,False,True
TBC1D4,,0,27,8,0,False,True
TBC1D7,,0,28,8,0,False,True
TBC1D8,,0,14,6,0,False,True
TBCCD1,,0,27,8,0,False,True
TBCK,,0,19,7,0,True,True
TBPL1,,0,31,8,0,False,True
TBRG1,,0,13,8,0,False,True
TBRG4,,0,15,7,0,False,True
TCEA2,,0,22,7,0,False,True
TCEAL3,,0,15,7,0,False,True
TCEAL4,,0,41,8,0,False,True
TCEAL8,,0,18,8,0,False,True
TCF12,,0,28,8,0,False,True
TCF15,,0,36,8,0,False,True
TCF25,,0,30,8,0,False,True
TCF3,,0,41,8,0,False,True
TCF4,,0,18,7,0,False,True
TCF7,,0,31,7,0,False,True
TCF7L1,,0,28,8,0,False,True
TCF7L2,,0,18,8,0,False,True
TCN2,,0,12,6,0,False,True
TCTEX1D2,,0,12,6,0,False,True
TDG,,0,7,5,0,False,True
TDGF1,,0,23,7,0,False,True
TDP2,,0,26,8,0,False,True
TDRD3,,0,23,8,0,False,True
TDRP,,0,18,7,0,False,True
TEAD1,,0,22,8,0,False,True
TEAD2,,0,49,8,0,False,True
TEAD3,,0,12,5,0,False,True
TEAD4,hipsci_gwnonfit_06.npz,11,43,8,1,True,True
TECR,,0,17,6,0,False,True
TEF,,0,40,8,0,False,True
TEN1,,0,27,7,0,False,True
TEPP,,0,24,6,0,False,True
TEPSIN,,0,22,8,0,False,True
TERF2IP,,0,18,8,0,False,True
TES,,0,27,8,0,False,True
TESMIN,,0,24,8,0,False,True
TET1,,0,21,8,0,False,True
TEX15,,0,20,7,0,False,True
TEX30,,0,17,8,0,False,True
TFAP2A,,0,12,7,0,False,True
TFAP2C,hipsci_gwnonfit_06.npz,10,44,8,1,False,True
TFAP4,,0,17,8,0,False,True
TFB1M,,0,32,8,0,False,True
TFB2M,,0,30,8,0,False,True
TFDP1,,0,15,8,0,False,True
TFDP2,,0,7,5,0,False,True
TFE3,,0,23,7,0,False,True
TFG,,0,22,7,0,False,True
TFIP11,,0,12,5,0,False,True
TFRC,,0,34,8,0,False,True
TGFBR1,,0,6,5,0,False,True
TGFBR2,,0,45,8,0,False,True
TGIF1,,0,16,7,0,False,True
TGIF2,,0,19,7,0,False,True
TGOLN2,,0,12,5,0,False,True
THAP4,,0,24,8,0,False,True
THAP7,,0,18,6,0,True,True
THBS2,,0,48,8,0,False,True
THOC6,,0,33,8,0,False,True
THOP1,hipsci_gwnonfit_06.npz,10,30,7,1,False,True
THRAP3,,0,22,8,0,False,True
THTPA,,0,19,7,0,False,False
THUMPD1,,0,16,7,0,False,True
THUMPD3,,0,13,8,0,False,True
THY1,,0,16,7,0,False,True
THYN1,,0,19,8,0,False,True
TIA1,,0,9,5,0,False,True
TIAL1,,0,16,6,0,False,True
TIAM2,,0,25,8,0,False,True
TIFA,,0,24,8,0,False,True
TIGAR,,0,36,8,0,False,True
TIGD1,,0,13,8,0,False,True
TIMM10B,,0,20,7,0,False,True
TIMM13,,0,25,8,0,False,True
TIMM17A,,0,17,7,0,False,True
TIMM17B,,0,26,8,0,True,True
TIMM21,,0,15,7,0,False,True
TIMM23,,0,10,8,0,False,True
TIMM29,,0,24,6,0,False,True
TIMM8A,hipsci_gwnonfit_07.npz,10,43,8,1,False,True
TIMM8B,,0,21,7,0,False,True
TIMMDC1,,0,29,8,0,False,True
TIMP1,,0,8,6,0,False,True
TIMP2,,0,31,8,0,False,True
TIMP4,,0,28,8,0,False,True
TIPARP,,0,45,8,0,False,True
TJP1,,0,41,8,0,False,True
TJP2,,0,19,8,0,False,True
TK1,,0,24,8,0,False,True
TLCD1,,0,9,6,0,False,True
TLE1,,0,13,6,0,False,True
TLE3,,0,26,8,0,False,True
TLE4,,0,28,8,0,False,True
TLK2,,0,21,5,0,False,True
TLL2,,0,10,6,0,False,False
TLN1,,0,36,8,0,False,True
TM2D1,,0,16,7,0,False,True
TM2D2,,0,11,5,0,False,True
TM2D3,,0,18,8,0,False,True
TM7SF2,,0,26,8,0,False,True
TM7SF3,,0,24,8,0,False,True
TM9SF2,,0,30,8,0,False,True
TM9SF3,,0,19,6,0,False,True
TMA7,,0,42,8,0,False,True
TMBIM4,,0,17,6,0,False,True
TMBIM6,,0,20,7,0,False,True
TMC6,,0,33,8,0,False,True
TMCO1,,0,17,8,0,False,True
TMCO3,,0,40,8,0,False,True
TMCO6,,0,14,6,0,True,True
TMED1,,0,39,8,0,False,True
TMED10,,0,19,7,0,False,True
TMED2,,0,11,6,0,False,True
TMED3,,0,41,8,0,True,True
TMED5,,0,17,8,0,False,True
TMED9,,0,28,8,0,False,True
TMEFF1,,0,25,7,0,False,True
TMEM101,,0,18,8,0,False,True
TMEM106B,,0,48,8,0,False,True
TMEM106C,,0,24,7,0,False,True
TMEM107,,0,24,8,0,False,True
TMEM109,hipsci_gwnonfit_07.npz,12,36,8,1,False,True
TMEM11,,0,12,6,0,False,True
TMEM115,,0,20,7,0,False,True
TMEM120A,,0,14,6,0,False,True
TMEM123,,0,33,8,0,False,True
TMEM125,,0,28,8,0,False,True
TMEM126A,,0,26,8,0,False,True
TMEM126B,,0,17,7,0,False,True
TMEM127,,0,24,7,0,False,True
TMEM134,,0,29,8,0,False,True
TMEM135,,0,18,8,0,False,True
TMEM139,,0,10,7,0,False,False
TMEM141,,0,23,8,0,False,True
TMEM145,,0,10,6,0,False,True
TMEM147,,0,31,8,0,True,True
TMEM14A,,0,31,8,0,False,True
TMEM14B,,0,15,6,0,False,True
TMEM14C,,0,41,8,0,False,True
TMEM158,,0,27,8,0,False,True
TMEM159,,0,31,8,0,False,True
TMEM160,,0,11,6,0,False,True
TMEM161A,,0,37,8,0,False,True
TMEM163,hipsci_gwnonfit_07.npz,10,42,8,2,False,True
TMEM165,,0,5,5,0,False,True
TMEM167A,,0,11,8,0,False,True
TMEM168,,0,23,8,0,False,True
TMEM170A,,0,21,8,0,False,True
TMEM177,,0,17,7,0,False,True
TMEM179B,,0,20,8,0,False,True
TMEM18,,0,9,5,0,False,True
TMEM183A,,0,13,4,0,False,True
TMEM184B,,0,22,8,0,False,True
TMEM189,,0,16,6,0,False,True
TMEM192,,0,29,8,0,False,True
TMEM203,,0,24,8,0,False,True
TMEM205,,0,24,8,0,False,True
TMEM208,,0,12,6,0,False,True
TMEM216,,0,21,7,0,False,True
TMEM219,,0,13,6,0,False,True
TMEM221,,0,10,5,0,False,True
TMEM223,,0,11,7,0,False,True
TMEM230,,0,25,8,0,False,True
TMEM231,,0,42,8,0,False,True
TMEM237,,0,14,8,0,False,True
TMEM241,,0,23,6,0,False,True
TMEM242,,0,16,7,0,False,True
TMEM243,hipsci_gwnonfit_07.npz,10,49,8,1,False,True
TMEM245,,0,10,6,0,False,True
TMEM246,,0,10,6,0,False,True
TMEM248,,0,15,6,0,False,True
TMEM25,,0,5,3,0,False,True
TMEM254,,0,25,7,0,False,True
TMEM256,,0,25,8,0,False,True
TMEM259,,0,10,6,0,False,True
TMEM267,,0,16,8,0,False,True
TMEM30A,,0,32,8,0,False,True
TMEM33,,0,19,7,0,False,True
TMEM35A,,0,15,7,0,False,True
TMEM37,hipsci_gwnonfit_07.npz,32,63,8,4,False,True
TMEM39A,,0,10,7,0,False,True
TMEM41A,,0,34,8,0,False,True
TMEM41B,,0,17,8,0,True,True
TMEM45A,,0,49,8,0,False,True
TMEM50A,,0,8,5,0,False,True
TMEM50B,,0,19,6,0,False,True
TMEM52,,0,26,6,0,False,True
TMEM53,,0,37,8,0,False,True
TMEM54,hipsci_gwnonfit_07.npz,10,47,8,1,False,True
TMEM59,,0,12,7,0,False,True
TMEM59L,,0,14,7,0,False,True
TMEM60,,0,15,7,0,False,True
TMEM65,,0,10,4,0,False,True
TMEM69,,0,13,6,0,False,True
TMEM74,,0,31,8,0,False,True
TMEM74B,,0,21,8,0,False,True
TMEM87A,,0,19,6,0,False,True
TMEM8A,,0,15,7,0,False,True
TMEM9,,0,43,8,0,False,True
TMEM97,,0,19,6,0,False,True
TMEM98,,0,37,8,0,False,True
TMLHE,,0,6,4,0,False,True
TMOD3,,0,19,7,0,False,True
TMPO,,0,35,8,0,False,True
TMSB10,,0,37,8,0,False,True
TMSB15A,,0,19,8,0,False,True
TMSB4X,,0,34,8,0,False,True
TMTC1,,0,36,8,0,False,True
TMUB1,,0,23,8,0,False,True
TMX1,,0,29,8,0,False,True
TMX2,,0,20,8,0,False,True
TMX3,,0,13,7,0,False,True
TMX4,,0,4,3,0,False,True
TNFRSF10B,,0,14,6,0,False,True
TNFRSF12A,,0,15,8,0,False,True
TNFRSF21,,0,41,8,0,False,True
TNIK,,0,21,8,0,False,True
TNIP1,,0,21,7,0,False,True
TNIP2,,0,24,8,0,False,True
TNK2,,0,9,5,0,False,True
TNKS2,,0,37,8,0,False,True
TNNI3,,0,30,7,0,False,True
TNNT1,,0,33,8,0,False,True
TNPO1,,0,13,6,0,False,True
TNRC6A,,0,30,8,0,False,True
TNRC6B,,0,19,7,0,False,True
TNRC6C,,0,38,8,0,False,True
TNS3,,0,12,6,0,False,True
TOB2,,0,16,8,0,False,True
TOLLIP,,0,28,8,0,False,True
TOM1L1,,0,19,7,0,False,True
TOMM34,,0,32,7,0,False,True
TOMM5,,0,10,7,0,False,True
TOMM6,,0,19,7,0,False,True
TOMM7,,0,36,8,0,False,True
TOMM70,,0,13,8,0,False,True
TOP2B,,0,28,8,0,False,True
TOP3B,,0,20,8,0,False,True
TOPORS,,0,12,5,0,False,True
TOR1A,,0,15,8,0,False,True
TOR1AIP2,,0,23,8,0,False,True
TOR2A,,0,18,7,0,False,True
TOR3A,hipsci_gwnonfit_07.npz,37,82,8,5,False,True
TOX2,hipsci_gwnonfit_07.npz,11,51,8,1,False,True
TOX3,,0,8,5,0,False,True
TOX4,,0,14,5,0,False,True
TP53,,0,26,8,0,False,True
TP53BP1,,0,20,7,0,False,True
TP53BP2,,0,27,8,0,False,True
TP53I13,,0,47,8,0,False,True
TP53I3,,0,12,5,0,False,True
TP63,,0,6,3,0,False,True
TPD52,,0,47,8,0,False,True
TPD52L2,,0,32,8,0,False,True
TPGS2,,0,23,8,0,False,True
TPK1,,0,32,8,0,False,True
TPM1,,0,22,7,0,False,True
TPM2,,0,34,8,0,False,True
TPM3,,0,20,8,0,False,False
TPM4,,0,22,7,0,False,True
TPMT,,0,37,8,0,False,True
TPP1,,0,29,8,0,False,True
TPP2,,0,5,2,0,False,True
TPRA1,,0,14,6,0,False,True
TPST2,,0,38,8,0,False,True
TRA2A,,0,32,8,0,False,True
TRA2B,,0,18,7,0,False,True
TRABD,,0,12,7,0,False,True
TRAF2,,0,15,5,0,False,True
TRAF3,,0,43,8,0,False,True
TRAF3IP2,hipsci_gwnonfit_07.npz,12,49,8,1,False,True
TRAF4,,0,24,8,0,False,True
TRAF7,,0,39,8,0,False,True
TRAM1,,0,26,8,0,False,True
TRAP1,,0,30,8,0,False,True
TRAPPC13,,0,18,6,0,False,True
TRAPPC2L,,0,27,7,0,False,True
TRAPPC6A,,0,29,8,0,True,True
TRIB1,,0,25,7,0,False,True
TRIB2,,0,38,8,1,False,True
TRIB3,,0,8,7,0,True,True
TRIM2,hipsci_gwnonfit_07.npz,14,57,8,1,False,True
TRIM24,,0,29,8,0,False,True
TRIM27,,0,28,7,0,False,True
TRIM28,,0,10,6,0,False,True
TRIM33,,0,37,8,0,False,True
TRIM35,,0,12,6,0,True,True
TRIM37,,0,30,8,0,False,True
TRIM44,,0,17,7,0,False,True
TRIM58,,0,27,8,0,False,True
TRIM71,,0,21,7,0,False,True
TRIM8,hipsci_gwnonfit_07.npz,35,80,8,5,False,True
TRIML2,,0,21,8,0,False,True
TRIO,,0,23,7,0,False,True
TRIOBP,,0,31,8,0,False,True
TRIP10,,0,13,8,0,False,True
TRIP12,,0,33,8,0,False,True
TRIP6,,0,7,5,0,False,True
TRIQK,,0,16,8,0,False,True
TRIR,,0,28,8,0,False,True
TRIT1,,0,32,8,0,False,True
TRMT1,,0,23,8,0,True,True
TRMT11,,0,29,8,0,False,True
TRMT112,,0,4,3,0,False,True
TRMT61A,,0,18,7,0,False,True
TRMT61B,,0,21,8,0,False,True
TRMU,hipsci_gwnonfit_07.npz,24,67,8,3,False,True
TRNP1,,0,10,6,0,False,True
TRO,,0,6,3,0,False,True
TROAP,,0,25,7,0,False,True
TRPC4AP,,0,30,7,0,True,True
TRPM4,,0,41,8,0,False,True
TRPS1,,0,7,5,0,False,True
TRUB2,,0,30,7,0,False,True
TSC1,,0,8,5,0,False,True
TSC2,,0,33,8,0,False,True
TSC22D1,,0,24,8,0,False,True
TSC22D2,,0,11,6,0,False,True
TSC22D4,hipsci_gwnonfit_07.npz,23,62,8,2,False,True
TSEN34,,0,13,6,0,False,True
TSFM,,0,17,7,0,False,True
TSHZ3,,0,20,7,0,False,True
TSN,,0,14,6,0,False,True
TSNAX,,0,10,6,0,False,True
TSPAN12,,0,12,6,0,False,True
TSPAN13,,0,16,8,0,False,True
TSPAN14,,0,8,5,0,False,True
TSPAN3,,0,4,3,0,False,True
TSPAN31,,0,11,7,0,False,True
TSPAN5,hipsci_gwnonfit_07.npz,10,37,8,1,False,True
TSPAN6,,0,37,8,0,False,True
TSPYL1,,0,24,8,0,False,True
TSR3,,0,30,8,0,False,True
TSSC4,,0,20,7,0,False,True
TST,,0,29,6,0,False,True
TSTA3,,0,11,7,0,False,True
TSTD1,,0,21,8,0,False,True
TTC14,,0,14,6,0,False,True
TTC17,,0,22,8,0,False,True
TTC19,,0,19,7,0,False,True
TTC23,,0,11,6,0,False,True
TTC3,,0,30,8,0,False,True
TTC39B,,0,20,8,0,False,True
TTC39C,,0,18,7,0,False,True
TTC7A,,0,22,8,0,False,True
TTC9,,0,28,8,0,False,True
TTC9C,,0,25,7,0,False,True
TTLL12,,0,34,8,0,False,True
TTYH1,hipsci_gwnonfit_07.npz,10,52,8,1,False,True
TUBA1A,,0,7,5,0,False,True
TUBA1C,,0,10,6,0,False,True
TUBA4A,,0,34,8,0,False,True
TUBB,,0,17,8,0,False,True
TUBB2B,,0,17,6,0,False,True
TUBB3,,0,24,8,0,False,True
TUBB4A,,0,20,8,0,False,True
TUBB4B,,0,4,4,0,False,True
TUBB6,,0,30,8,0,False,True
TUBG2,,0,16,8,0,False,True
TULP3,,0,16,8,0,False,True
TUSC2,,0,21,6,0,False,True
TUSC3,,0,23,7,0,False,True
TWF2,,0,21,8,0,True,True
TWSG1,,0,5,5,0,False,True
TXLNG,,0,10,5,0,False,True
TXN2,,0,23,8,0,False,True
TXNDC12,,0,13,8,0,False,True
TXNDC17,,0,13,7,0,False,True
TXNDC5,,0,16,8,0,False,True
TXNDC9,,0,20,7,0,False,True
TXNIP,,0,14,6,0,False,True
TXNL1,,0,16,6,0,False,True
TYMS,,0,31,8,0,False,True
TYMSOS,,0,30,8,0,False,False
TYRO3,,0,44,8,0,False,True
TYW3,,0,5,4,0,False,True
UACA,,0,22,8,0,False,True
UAP1,,0,17,8,0,False,True
UBA1,,0,15,8,0,False,True
UBA6,,0,12,6,0,False,True
UBAC1,,0,33,8,0,False,True
UBAC2,,0,22,8,0,False,True
UBALD1,hipsci_gwnonfit_07.npz,13,68,8,2,False,True
UBAP2L,hipsci_gwnonfit_07.npz,13,42,7,1,False,True
UBB,,0,20,8,0,False,True
UBC,,0,13,7,0,False,True
UBE2A,,0,18,7,0,False,True
UBE2B,,0,29,7,0,False,True
UBE2C,,0,7,5,0,False,True
UBE2D1,,0,21,8,0,False,True
UBE2D2,,0,16,7,0,False,True
UBE2D3,,0,18,8,0,False,True
UBE2E1,,0,23,8,0,False,True
UBE2E2,,0,5,5,0,False,True
UBE2E3,hipsci_gwnonfit_07.npz,13,51,8,1,False,True
UBE2F,,0,17,7,0,False,True
UBE2G1,,0,31,8,0,False,True
UBE2G2,,0,12,7,0,False,True
UBE2H,,0,9,6,0,False,True
UBE2J1,,0,37,8,0,False,True
UBE2J2,,0,18,6,0,False,True
UBE2K,,0,31,8,0,False,True
UBE2L3,,0,16,7,0,False,True
UBE2L6,,0,24,7,0,False,True
UBE2M,,0,16,8,0,False,True
UBE2N,,0,6,5,0,False,True
UBE2O,,0,29,8,0,False,True
UBE2Q1,,0,12,6,0,False,True
UBE2Q2,hipsci_gwnonfit_07.npz,10,32,8,1,False,True
UBE2R2,,0,36,8,0,False,True
UBE2S,,0,14,6,0,False,True
UBE2V1,,0,17,7,0,False,True
UBE2V2,,0,9,5,0,False,True
UBE2Z,,0,14,6,0,False,True
UBE3A,,0,18,8,0,False,True
UBE3B,,0,14,7,0,False,True
UBE3C,,0,21,8,0,False,True
UBE3D,,0,29,8,0,False,True
UBE4A,,0,15,6,0,False,True
UBE4B,,0,7,4,0,False,True
UBFD1,,0,26,8,0,False,True
UBIAD1,,0,38,8,0,False,True
UBL4A,,0,27,7,0,False,True
UBL7,hipsci_gwnonfit_07.npz,21,49,8,2,False,True
UBLCP1,,0,8,5,0,False,True
UBN1,hipsci_gwnonfit_07.npz,10,32,7,1,False,True
UBN2,,0,12,7,0,False,True
UBQLN1,,0,30,8,0,False,True
UBR4,,0,25,7,0,False,True
UBR5,,0,27,8,0,False,True
UBTD1,,0,35,8,0,False,True
UBTF,,0,16,7,0,False,True
UBXN1,,0,25,8,0,False,True
UBXN2A,,0,39,8,0,False,True
UBXN4,,0,5,3,0,False,True
UCHL1,,0,18,7,0,False,True
UCHL3,,0,28,8,0,False,True
UCHL5,,0,15,8,0,False,True
UCK2,,0,39,8,0,False,True
UCKL1,,0,23,8,0,False,True
UCP2,,0,18,7,0,False,True
UFC1,,0,24,8,0,False,True
UFL1,,0,21,7,0,False,True
UFM1,,0,26,7,0,False,True
UFSP2,,0,31,8,0,False,True
UGCG,,0,27,8,0,False,True
UGDH,,0,29,8,0,False,True
UGP2,,0,13,6,0,False,True
UHMK1,,0,25,8,0,False,True
UNC119,,0,11,7,0,False,True
UNC50,,0,33,7,0,False,True
UNC5A,hipsci_gwnonfit_07.npz,15,56,8,1,False,True
UNC5D,,0,21,8,0,False,True
UNG,,0,23,8,0,False,True
UPF3A,,0,13,7,0,False,True
UPF3B,,0,40,8,1,True,True
UPP1,,0,16,7,0,False,True
UQCC1,,0,29,8,0,False,True
UQCC2,,0,17,7,0,False,True
UQCC3,,0,24,8,0,False,True
UQCR10,,0,21,8,0,False,True
UQCR11,,0,38,8,0,False,True
UQCRH,,0,16,5,0,False,True
UQCRHL,,0,26,8,0,False,True
UROD,,0,11,7,0,False,True
UROS,,0,30,8,0,True,True
USB1,,0,21,8,0,False,True
USF2,hipsci_gwnonfit_07.npz,10,63,8,2,False,True
USO1,,0,18,8,0,False,True
USP11,,0,13,6,0,False,True
USP13,,0,7,5,0,False,True
USP14,hipsci_gwnonfit_07.npz,11,41,8,1,False,True
USP15,,0,25,8,0,False,True
USP16,,0,14,7,0,False,True
USP18,,0,42,8,0,False,True
USP19,,0,42,8,0,False,True
USP22,,0,27,8,0,False,True
USP28,,0,38,8,0,True,True
USP33,,0,25,8,0,False,True
USP34,,0,6,5,0,False,True
USP44,,0,32,8,0,False,True
USP46,,0,16,7,0,False,True
USP47,,0,19,8,0,False,True
USP48,hipsci_gwnonfit_07.npz,10,42,8,1,False,True
USP7,,0,25,8,0,False,True
USP9X,,0,11,7,0,False,True
USP9Y,,0,15,7,0,False,True
UST,,0,24,8,0,False,True
UTF1,,0,25,7,0,False,True
UTRN,,0,11,6,0,False,True
UXS1,,0,36,7,1,False,True
VAC14,,0,15,7,0,False,True
VAMP2,,0,23,8,0,False,True
VAMP3,,0,23,8,0,False,True
VAMP4,,0,34,8,0,False,True
VAMP5,,0,24,7,0,False,True
VAMP7,,0,9,7,0,False,True
VAMP8,,0,26,7,0,False,True
VAPA,,0,5,2,0,False,True
VAPB,,0,17,8,0,True,True
VARS2,,0,21,7,0,False,True
VASH2,,0,5,4,0,False,True
VASP,,0,23,7,0,False,True
VAT1,,0,38,8,0,False,True
VCAN,,0,32,8,0,False,True
VCPIP1,,0,19,7,0,False,True
VDAC1,,0,46,8,0,False,True
VDAC2,,0,29,8,0,False,True
VDAC3,,0,33,8,0,False,True
VEZF1,,0,7,5,0,False,True
VEZT,,0,30,8,0,False,True
VGLL4,,0,11,6,0,False,True
VIM,hipsci_gwnonfit_07.npz,22,53,8,2,True,True
VIRMA,,0,20,8,0,False,True
VKORC1,,0,32,8,0,False,True
VKORC1L1,hipsci_gwnonfit_07.npz,12,44,8,1,False,True
VMA21,,0,34,8,0,False,True
VOPP1,,0,15,6,0,False,True
VPS13B,,0,12,5,0,False,True
VPS18,,0,13,5,0,False,True
VPS26A,,0,29,8,0,False,True
VPS26B,,0,36,8,0,False,True
VPS33A,,0,43,8,0,False,True
VPS37A,,0,9,5,0,False,True
VPS37C,,0,17,7,0,False,True
VPS39,,0,6,4,0,False,True
VPS41,,0,21,7,0,False,True
VPS4A,,0,27,8,0,False,True
VPS4B,,0,12,7,0,False,True
VPS51,,0,15,7,0,False,True
VPS52,,0,13,8,0,False,True
VPS53,,0,35,8,0,False,True
VPS54,,0,27,8,0,False,True
VPS8,,0,5,5,0,False,True
VRK1,,0,20,6,0,False,True
VRK2,,0,10,5,0,False,True
VRK3,,0,30,8,0,False,True
VSIG10,,0,50,8,1,False,True
VSNL1,,0,20,8,0,False,True
VTA1,,0,10,6,0,False,True
VTI1B,,0,23,8,0,False,True
VWA5A,,0,18,7,0,False,True
VWDE,,0,17,5,0,False,True
WAC,,0,21,7,0,False,True
WARS2,hipsci_gwnonfit_07.npz,10,36,8,1,False,True
WASF1,,0,17,8,0,False,True
WASF2,,0,9,7,0,False,True
WASHC1,,0,15,7,0,False,True
WASHC2A,,0,21,7,0,False,True
WASHC3,,0,27,8,0,False,True
WASHC4,,0,15,7,0,False,True
WASHC5,,0,13,6,0,False,True
WASL,,0,26,8,0,False,True
WBP1,,0,33,8,0,False,True
WBP1L,,0,23,7,0,False,True
WBP2,,0,19,7,0,False,True
WBP4,,0,20,8,0,True,True
WDFY1,hipsci_gwnonfit_07.npz,12,40,8,1,False,True
WDFY2,,0,25,8,0,False,True
WDR24,,0,7,5,0,False,True
WDR26,,0,10,6,0,False,True
WDR34,,0,28,8,0,False,True
WDR4,,0,15,8,0,False,True
WDR41,,0,28,8,0,False,True
WDR44,,0,19,8,0,False,True
WDR45B,,0,31,8,0,False,True
WDR54,,0,26,8,0,False,True
WDR59,,0,20,6,0,False,True
WDR6,,0,23,8,0,False,True
WDR60,,0,24,8,0,False,True
WDR62,,0,31,8,0,False,True
WDR7,,0,21,6,0,False,True
WDR72,,0,30,7,0,False,True
WDR73,,0,9,7,0,False,True
WDR76,,0,12,6,0,False,True
WDR83,,0,24,8,0,False,True
WDTC1,,0,8,7,0,False,True
WDYHV1,,0,8,4,0,False,True
WFDC2,,0,10,6,0,False,True
WFS1,,0,19,7,0,False,True
WHAMM,,0,18,8,0,False,True
WIPI1,,0,32,8,0,False,True
WIPI2,,0,22,8,0,False,True
WNK1,,0,6,4,0,False,True
WNK3,,0,15,7,0,False,True
WRAP53,,0,22,7,0,False,True
WRAP73,,0,26,8,0,False,True
WRN,,0,3,3,0,False,True
WSB1,,0,14,6,0,False,True
WSB2,,0,31,8,0,False,True
WSCD1,,0,9,6,0,False,True
WTAP,,0,21,7,0,False,True
WWC2,,0,20,8,0,False,True
WWC3,,0,27,8,0,False,True
WWOX,,0,36,7,0,False,True
WWTR1,,0,16,7,0,False,True
XBP1,,0,12,5,0,False,True
XKR8,,0,39,8,0,False,True
XPC,,0,10,5,0,False,True
XPNPEP1,hipsci_gwnonfit_07.npz,11,47,8,2,False,True
XPNPEP3,,0,10,6,0,False,True
XPO4,,0,21,8,0,False,True
XPO6,,0,27,8,0,False,True
XPO7,,0,34,7,0,False,True
XPOT,,0,6,4,0,False,True
XPR1,,0,24,8,0,False,True
XRCC4,,0,8,6,0,False,True
XYLT2,,0,14,7,0,False,True
YAP1,,0,10,5,0,False,True
YBX1,,0,16,7,0,False,True
YBX3,,0,28,8,0,False,True
YDJC,,0,36,8,0,False,True
YIF1A,hipsci_gwnonfit_07.npz,37,70,8,3,False,True
YIF1B,,0,18,6,0,False,True
YIPF1,hipsci_gwnonfit_07.npz,10,37,8,1,False,True
YIPF2,,0,32,8,0,False,True
YIPF3,,0,6,4,0,False,True
YIPF5,,0,21,7,0,False,True
YIPF6,,0,20,7,0,True,True
YJEFN3,,0,37,8,0,False,True
YPEL1,,0,14,7,0,False,True
YPEL3,,0,16,8,0,False,True
YPEL5,,0,33,8,0,False,True
YRDC,,0,18,7,0,False,True
YTHDF2,hipsci_gwnonfit_07.npz,12,60,8,2,False,True
YWHAB,,0,47,8,0,False,True
YWHAE,,0,19,7,0,False,True
YWHAG,,0,26,7,0,False,True
YWHAQ,,0,39,8,0,False,True
YWHAZ,,0,13,6,0,False,True
YY1,,0,43,8,0,False,True
ZBED1,,0,25,8,0,False,True
ZBED5,,0,12,7,0,False,True
ZBTB10,,0,22,8,0,False,True
ZBTB12,,0,20,7,0,False,True
ZBTB14,,0,20,7,0,False,True
ZBTB18,,0,12,7,0,False,True
ZBTB2,,0,13,4,0,False,True
ZBTB39,,0,29,8,0,False,True
ZBTB44,,0,14,8,0,False,True
ZBTB46,,0,15,7,0,False,True
ZBTB7A,hipsci_gwnonfit_07.npz,10,50,8,2,False,True
ZBTB7B,,0,23,7,0,False,True
ZC2HC1A,,0,25,8,0,True,True
ZC3H10,,0,27,8,0,False,True
ZC3H11A,,0,18,6,0,False,True
ZC3H14,,0,10,7,0,False,True
ZC3H15,,0,17,8,0,False,True
ZC3H3,,0,14,6,0,False,True
ZC3H6,,0,13,7,0,False,True
ZC3H7A,,0,28,8,0,False,True
ZC3HAV1,,0,15,6,0,True,True
ZC3HC1,,0,28,8,0,False,True
ZC4H2,,0,23,7,0,False,True
ZCCHC10,,0,11,7,0,False,True
ZCCHC14,,0,10,6,0,False,True
ZCCHC17,,0,11,7,0,False,True
ZCCHC7,,0,17,8,0,False,True
ZCCHC8,,0,29,7,0,False,True
ZDHHC12,,0,32,8,0,True,True
ZDHHC13,,0,11,6,0,False,True
ZDHHC18,,0,34,8,0,False,True
ZDHHC21,,0,40,8,0,False,True
ZDHHC24,,0,30,8,0,False,True
ZDHHC4,,0,18,7,0,True,True
ZDHHC7,,0,9,6,0,False,True
ZEB1,,0,15,7,0,False,True
ZEB2,,0,6,5,0,False,True
ZFAND1,,0,21,7,0,False,True
ZFAND2A,,0,27,8,0,False,True
ZFAND4,,0,16,7,0,False,True
ZFAND5,,0,45,8,0,False,True
ZFAND6,,0,23,7,0,False,True
ZFC3H1,,0,10,5,0,False,True
ZFP30,,0,26,8,0,False,True
ZFP36L2,,0,51,8,0,False,True
ZFP42,,0,21,7,0,False,True
ZFP57,,0,25,7,0,False,True
ZFP69B,,0,20,8,0,False,True
ZFP82,,0,21,8,0,False,True
ZFP90,,0,25,8,0,False,True
ZFR,,0,17,7,0,False,True
ZFX,,0,15,5,0,False,True
ZGPAT,,0,6,4,0,False,True
ZHX2,,0,11,6,0,False,True
ZIC1,,0,12,6,0,False,True
ZIC2,,0,23,8,0,False,True
ZIC4,,0,20,7,0,False,True
ZIC5,,0,6,4,0,False,True
ZIK1,,0,26,8,0,False,True
ZKSCAN1,,0,14,6,0,True,True
ZMIZ1,,0,4,3,0,False,True
ZMYM2,,0,21,7,0,False,True
ZMYM3,,0,19,7,0,False,True
ZMYM4,,0,17,6,0,False,True
ZMYND19,hipsci_gwnonfit_08.npz,12,33,8,1,False,True
ZMYND8,,0,24,7,0,False,True
ZNF106,,0,18,6,0,False,True
ZNF117,,0,18,7,0,False,True
ZNF121,,0,22,8,0,False,True
ZNF131,,0,17,6,0,False,True
ZNF134,,0,9,5,0,False,True
ZNF14,,0,18,6,0,False,True
ZNF140,,0,16,7,0,False,True
ZNF141,,0,28,8,0,False,True
ZNF146,,0,6,3,0,False,True
ZNF148,,0,19,8,0,False,True
ZNF154,,0,18,7,0,False,True
ZNF157,,0,24,8,0,False,True
ZNF182,,0,10,6,0,False,True
ZNF184,,0,16,8,0,False,True
ZNF189,,0,2,2,0,False,True
ZNF195,,0,10,4,0,False,True
ZNF205,hipsci_gwnonfit_08.npz,28,56,8,3,False,True
ZNF211,,0,33,8,0,False,True
ZNF215,,0,18,7,0,False,True
ZNF217,,0,25,7,0,False,True
ZNF22,hipsci_gwnonfit_08.npz,10,30,8,1,True,True
ZNF23,,0,8,5,0,False,True
ZNF232,,0,23,7,0,False,True
ZNF24,,0,26,8,0,False,True
ZNF254,,0,17,7,0,False,True
ZNF256,,0,10,6,0,False,True
ZNF260,hipsci_gwnonfit_08.npz,10,21,6,1,False,True
ZNF267,,0,12,7,0,False,True
ZNF273,,0,13,6,0,False,True
ZNF277,,0,11,5,0,False,True
ZNF286A,,0,19,8,0,False,True
ZNF292,,0,10,7,0,False,True
ZNF302,hipsci_gwnonfit_08.npz,10,51,8,1,False,True
ZNF304,,0,26,8,0,False,True
ZNF317,,0,19,7,0,False,True
ZNF322,,0,27,8,0,False,True
ZNF326,hipsci_gwnonfit_08.npz,11,40,8,1,False,True
ZNF330,,0,13,5,0,False,True
ZNF331,,0,20,8,0,False,True
ZNF337,,0,30,7,0,False,True
ZNF33A,,0,12,7,0,False,True
ZNF35,hipsci_gwnonfit_08.npz,10,41,8,1,False,True
ZNF354A,hipsci_gwnonfit_08.npz,20,48,8,2,False,True
ZNF354B,,0,22,7,0,False,True
ZNF354C,,0,20,7,0,False,True
ZNF385B,,0,17,8,0,False,True
ZNF385D,,0,26,7,0,False,True
ZNF391,,0,28,8,0,False,True
ZNF397,,0,14,6,0,True,True
ZNF398,,0,40,8,0,False,True
ZNF414,,0,26,8,0,False,True
ZNF420,,0,33,8,0,False,True
ZNF423,,0,19,8,0,False,True
ZNF428,hipsci_gwnonfit_08.npz,10,41,8,1,False,True
ZNF432,,0,17,8,0,False,True
ZNF444,,0,23,6,0,True,True
ZNF461,,0,29,8,0,False,True
ZNF462,,0,19,8,0,True,True
ZNF468,,0,13,7,0,False,True
ZNF48,hipsci_gwnonfit_08.npz,10,34,7,1,False,True
ZNF483,,0,21,8,0,False,True
ZNF486,,0,19,8,0,False,True
ZNF492,,0,12,6,0,False,True
ZNF506,,0,10,5,0,False,False
ZNF507,,0,14,5,0,True,True
ZNF543,,0,26,8,0,True,True
ZNF544,,0,41,8,0,False,True
ZNF559,,0,21,6,0,False,True
ZNF568,,0,35,8,0,False,True
ZNF570,,0,29,7,0,False,True
ZNF580,,0,8,6,0,False,True
ZNF581,,0,24,8,0,False,True
ZNF582,,0,46,8,0,False,True
ZNF585A,,0,17,7,0,False,True
ZNF589,hipsci_gwnonfit_08.npz,10,39,8,1,False,True
ZNF592,hipsci_gwnonfit_08.npz,11,51,8,1,False,True
ZNF593,,0,22,7,0,False,True
ZNF610,,0,10,6,0,False,True
ZNF611,,0,21,8,0,False,True
ZNF614,,0,21,7,0,False,True
ZNF621,,0,9,6,0,False,True
ZNF638,,0,22,8,0,False,True
ZNF639,,0,10,6,0,False,True
ZNF644,,0,16,8,0,False,True
ZNF649,,0,7,4,0,False,True
ZNF652,,0,28,8,0,False,True
ZNF658,,0,24,7,1,False,True
ZNF660,hipsci_gwnonfit_08.npz,24,57,8,2,False,True
ZNF664,,0,19,6,0,False,True
ZNF667,,0,18,7,0,False,True
ZNF669,,0,15,6,0,False,True
ZNF670,,0,20,7,0,True,True
ZNF674,,0,17,6,0,False,True
ZNF675,,0,10,5,0,False,True
ZNF695,hipsci_gwnonfit_08.npz,10,45,8,1,False,True
ZNF7,,0,30,8,0,False,True
ZNF706,,0,31,8,0,False,True
ZNF71,,0,21,7,0,False,True
ZNF714,,0,9,5,0,True,True
ZNF720,,0,21,8,0,False,True
ZNF721,,0,23,7,0,False,True
ZNF730,,0,14,8,0,False,True
ZNF746,,0,27,8,0,False,True
ZNF749,,0,15,6,0,False,False
ZNF766,,0,21,7,0,False,True
ZNF770,,0,13,7,0,False,True
ZNF776,,0,28,8,0,False,True
ZNF800,,0,16,7,0,False,True
ZNF805,,0,17,7,0,False,True
ZNF814,,0,43,8,0,False,True
ZNF821,,0,25,8,0,True,True
ZNF827,,0,17,7,0,False,True
ZNF83,,0,37,8,0,False,True
ZNF830,,0,1,1,0,False,True
ZNF836,,0,31,8,0,False,True
ZNF84,,0,12,6,0,False,True
ZNF85,,0,21,6,0,False,True
ZNF878,,0,39,8,0,False,True
ZNF880,,0,5,4,0,False,True
ZNF90,,0,17,8,0,False,True
ZNF91,,0,16,7,0,False,True
ZNF92,,0,19,8,0,False,True
ZNF93,,0,13,7,0,False,True
ZNFX1,,0,19,7,0,False,True
ZRANB2,,0,10,6,0,False,True
ZSCAN10,,0,3,2,0,False,True
ZSCAN2,,0,39,8,0,False,True
ZSCAN9,,0,11,4,0,False,True
ZSWIM6,,0,33,8,0,False,True
ZSWIM7,,0,25,8,0,False,True
ZXDB,,0,26,8,0,False,True
ZYX,,0,19,8,0,False,True
