arm,class,key,symbol,cells,admitted_cells,pi_mean,ll_gain_vs_no_effect,ll_gain_vs_unknown_target,genes_compared,cos_model,cos_transfer,transfer_keys,cos_generic
desc,C,hepg2_nadig|HepG2,TFAM,500,1213,0.4130932092666626,0.008702151477336884,-0.003023858880624175,9023,0.2890905243915247,0.5143801341267847,5,0.09071101170076604
desc,C,hepg2_nadig|HepG2,GFM1,500,749,0.21948932111263275,0.008982029743492603,-0.005238628014922142,9023,0.3828198681755904,0.518658220660966,23,0.08318484389572284
desc,C,hepg2_nadig|HepG2,ZDHHC7,466,466,0.6711515784263611,0.02848856896162033,0.01386399008333683,9023,0.411258075011006,0.5271469753622158,3,0.1295852171189761
desc,C,hepg2_nadig|HepG2,PPP6C,459,459,0.18965770304203033,0.01438143476843834,-0.003538018325343728,9023,0.2770434417796888,0.3856612434483275,4,0.05367229944953198
desc,C,hepg2_nadig|HepG2,SMN2,450,450,0.45172443985939026,0.02763449214398861,0.0,9023,0.5343432705940969,0.757094423189504,4,0.2638706129425126
desc,C,hepg2_nadig|HepG2,NBPF12,432,432,0.18584203720092773,0.005918364506214857,-0.003816640703007579,9023,-0.12884774302434898,0.024366156116234078,4,-0.12398124518111947
desc,C,hepg2_nadig|HepG2,MRPL36,430,430,0.4516083002090454,0.01640215702354908,0.0,9023,0.3701172316421988,0.1839085666297907,21,0.051295713547496215
desc,C,hepg2_nadig|HepG2,MRPL34,414,414,0.45156553387641907,0.02085898071527481,0.0,9023,0.8444952227091775,0.6681655382223425,23,0.17292585566279536
desc,C,hepg2_nadig|HepG2,POGLUT3,386,386,0.24516962468624115,0.009188716299831867,-0.0007138490327633917,9023,0.0316157201114139,0.37881058692129943,3,-0.03962682581241046
desc,C,hepg2_nadig|HepG2,GAB2,355,355,0.6841497421264648,0.012341049499809742,0.0030276193283498287,9023,0.015110674261317637,0.0812067123776444,4,0.03566120457340088
desc,C,hepg2_nadig|HepG2,BCAR1,346,346,0.15712732076644897,0.0039010168984532356,-0.004608490038663149,9023,-0.14226817016836357,0.11322687808448441,4,-0.14026372494243616
desc,C,hepg2_nadig|HepG2,SLU7,342,342,0.5261431336402893,0.017349597066640854,-0.008827104233205318,9023,0.7182391540305997,0.6761769900176744,4,0.2461635533535658
desc,C,hepg2_nadig|HepG2,MRPL35,333,333,0.4516525864601135,0.016959702596068382,0.0,9023,0.5292847001528653,0.2755275163321091,4,0.041864411899971844
desc,C,hepg2_nadig|HepG2,SF3B3,326,326,0.6024831533432007,0.04112110659480095,0.010819467715919018,9023,0.8423578628425024,0.7797396837053285,4,0.40003513279966635
desc,C,hepg2_nadig|HepG2,GPS1,317,317,0.6028496623039246,0.033126767724752426,0.009478890337049961,9023,0.5893958085227659,0.5857388856629099,4,0.044130562591323294
desc,C,hepg2_nadig|HepG2,FAM136A,291,291,0.4760006070137024,0.02339339815080166,0.007405242417007685,9023,0.500329502405542,0.48316031571010215,4,0.02528043262204984
desc,C,hepg2_nadig|HepG2,FBXO42,276,276,0.1448361724615097,0.003858755575492978,-0.004296895116567612,9023,-0.16795423430016682,0.3314225403222811,3,-0.04305087995121959
desc,C,hepg2_nadig|HepG2,EPS8L1,269,269,0.617418646812439,0.020610608160495758,0.00985664315521717,9023,0.1989775998537911,0.264083847699116,3,-0.06268271712801037
desc,C,hepg2_nadig|HepG2,RBM14-RBM4,267,267,0.45156341791152954,0.012866107746958733,0.0,9023,0.14350984338566686,0.4753340186118576,3,-0.11765271769301194
desc,C,hepg2_nadig|HepG2,CSTF1,265,265,0.6679269075393677,0.027553295716643333,0.01211686059832573,9023,0.36508281500364503,0.6142314385125018,4,-0.004196986743193301
desc,C,hepg2_nadig|HepG2,RTEL1,263,263,0.31056079268455505,0.009943749755620956,0.001946610864251852,9023,-0.17442390079228806,0.37053671521622145,4,-0.02114314083269877
desc,C,hepg2_nadig|HepG2,TARDBP,262,262,0.4359166920185089,0.03251412883400917,0.013107223436236382,9023,0.44329127092240384,0.22947544175491258,23,0.10378232073564472
desc,C,hepg2_nadig|HepG2,TMEM214,249,249,0.3403320908546448,0.009386561810970306,0.0009024864411912858,9023,-0.007022194027497782,0.3195189686075503,3,0.036043823315269764
desc,C,hepg2_nadig|HepG2,TWF1,248,248,0.18986789882183075,0.0043096463195979595,-0.0031487690284848213,9023,-0.33214447507055317,0.21602607820577208,4,-0.10149051522636016
desc,C,hepg2_nadig|HepG2,BPTF,242,242,0.2619727551937103,0.009341245517134666,-0.0034646964631974697,9023,-0.017915771579272037,0.40260685480079683,4,-0.07378017697407135
desc,C,hepg2_nadig|HepG2,SIRT7,242,242,0.3974137604236603,0.018854619935154915,0.0067834206856787205,9023,0.22672512151418175,0.19973546243053925,3,0.13931397933144743
desc,C,hepg2_nadig|HepG2,RABGGTA,241,241,0.5693790316581726,0.06044033169746399,0.028320172801613808,9023,0.6170853000561775,0.5532945735563766,4,0.20245873699621783
desc,C,hepg2_nadig|HepG2,CSE1L,240,240,0.7623088955879211,0.054954688996076584,0.022194156423211098,9023,0.5299043232547922,0.5418862058337962,4,0.14578990765151656
desc,C,hepg2_nadig|HepG2,TRAPPC11,237,237,0.5193050503730774,0.0008510100888088346,-0.00804164633154869,9023,0.15391118949601054,0.3493951039056058,4,-0.10381573072198262
desc,C,hepg2_nadig|HepG2,ELL,232,232,0.4680754542350769,0.016821902245283127,0.0026795235462486744,9023,0.4609344866031922,0.5254091195313906,4,-0.01676617868127876
desc,C,hepg2_nadig|HepG2,HSD17B10,229,229,0.2907511293888092,0.008650502189993858,-0.00471449876204133,9023,0.07216408576337595,0.40779033413505217,4,-0.02100888894355276
desc,C,hepg2_nadig|HepG2,CLOCK,228,228,0.3680823743343353,0.0029466443229466677,-0.008666831068694592,9023,0.47825188091994747,0.5644573769913196,3,0.07942643128249757
desc,C,hepg2_nadig|HepG2,EIF4A3,226,226,0.8051554560661316,0.03963855654001236,0.014924739487469196,9023,0.3320112310152503,0.3720749600925925,3,-0.12697096423034882
desc,C,hepg2_nadig|HepG2,PI4KA,219,219,0.4545136094093323,0.02398386038839817,0.012325989082455635,9023,0.23549304849505645,0.43957115566632204,4,0.07919072168268128
desc,C,hepg2_nadig|HepG2,DDX47,217,217,0.4513276517391205,0.04941769689321518,0.0,9023,0.8869101245956906,0.847552717198034,4,0.3078017334932347
desc,C,hepg2_nadig|HepG2,EIF4B,217,217,0.1370680183172226,0.0030057665426284075,-0.005542138125747442,9023,-0.2771142184120544,0.40164316749294726,5,-0.043215019047533866
desc,C,hepg2_nadig|HepG2,NUP133,217,217,0.682326078414917,0.019146539270877838,0.008474357426166534,9023,-0.029615575149643372,0.1933434947574321,4,-0.067356534678153
desc,C,hepg2_nadig|HepG2,C7orf26,216,216,0.3032039999961853,0.01675557717680931,0.0031264929566532373,9023,0.3366571847495415,0.44548395897089554,4,0.06688635585056121
desc,C,hepg2_nadig|HepG2,TMEM242,215,215,0.20359604060649872,0.00802430510520935,-0.0045578815042972565,9023,0.2742590181287459,0.3540409980776649,3,0.14949647319078777
desc,C,hepg2_nadig|HepG2,BTF3,212,212,0.431337833404541,0.0233173631131649,0.00870040524750948,9023,0.2631959680399744,0.4238493623618503,4,-0.15185660330547346
desc,C,hepg2_nadig|HepG2,SSU72,212,212,0.5882635116577148,0.01769513078033924,0.008171158842742443,9023,-0.12741550201804522,0.5183973920912389,4,-0.06555723849561357
desc,C,hepg2_nadig|HepG2,MED14,211,211,0.7424032092094421,0.025057338178157806,0.007341230288147926,9023,0.5469508052651455,0.5528112969973146,4,-0.042421416102664686
desc,C,hepg2_nadig|HepG2,PLK4,207,207,0.5071107149124146,0.03353030979633331,0.01437674555927515,9023,0.5453420578407435,0.3835510219610698,4,0.10994142172597442
desc,C,hepg2_nadig|HepG2,ZNF236,202,202,0.6519436836242676,0.016096459701657295,-0.015180076472461224,9023,0.46117792208162717,0.5786096687114345,4,-0.024615773496008624
desc,C,hepg2_nadig|HepG2,ANAPC15,200,200,0.148813858628273,0.005670865066349506,-0.004707785323262215,9023,-0.1012667837018568,0.029997734073014364,4,-0.21890905974689878
desc,C,hepg2_nadig|HepG2,CPSF3,200,200,0.6350324153900146,0.026613524183630943,0.012726608663797379,9023,0.3337126785135923,0.6523019219443067,4,-0.08813111478776688
desc,C,hepg2_nadig|HepG2,CCDC78,198,198,0.2076941579580307,0.010857058688998222,-0.000217281689401716,9023,-0.16305861173110428,0.259960593082345,4,-0.07521819484827172
desc,C,hepg2_nadig|HepG2,PPP2R1A,198,198,0.24251097440719604,0.00871345866471529,-0.0029716200660914183,9023,-0.1823412396125249,0.19553409554658766,4,-0.2271801097226152
desc,C,hepg2_nadig|HepG2,RPL35A,196,196,0.45161834359169006,0.07145857065916061,0.0,9023,0.8082599286221078,0.7039470914914734,4,0.09478002051185072
desc,C,hepg2_nadig|HepG2,SRP72,189,189,0.3326982855796814,0.014865920878946781,-0.0010038247564807534,9023,0.1288498573223766,0.3411704583078255,23,-0.0613846353752846
desc,C,hepg2_nadig|HepG2,POLR1C,188,188,0.7262111306190491,0.008550919592380524,-0.003440088126808405,9023,0.0693696007154832,0.06296193115875023,4,-0.14963829375929966
desc,C,hepg2_nadig|HepG2,THAP1,187,187,0.37676629424095154,0.04041624814271927,0.010525193996727467,9023,0.5290332795371099,0.672880639212563,4,-0.01845830693447305
desc,C,hepg2_nadig|HepG2,RAB4B,185,185,0.31245213747024536,0.012728022411465645,0.0025477521121501923,9023,-0.18531876154982796,0.5045190682424507,3,-0.17308396996852013
desc,C,hepg2_nadig|HepG2,HSCB,182,182,0.49875545501708984,0.015262103639543056,0.005877407733350992,9023,-0.24821872529044117,0.40354255138753925,4,-0.13761257378336167
desc,C,hepg2_nadig|HepG2,SSBP3,182,182,0.16927692294120789,0.005222215782850981,-0.005145361181348562,9023,-0.08541920922932984,0.19156353046572672,4,-0.18628615232222934
desc,C,hepg2_nadig|HepG2,TSR1,182,182,0.7241479158401489,0.024165939539670944,-0.003543609520420432,9023,0.7082292826009574,0.4548532606036059,4,0.07628862056391408
desc,C,hepg2_nadig|HepG2,WTAP,181,181,0.384365975856781,0.010331043042242527,0.0021786417346447706,9023,-0.13461696775083118,0.31911419185036033,4,-0.05844156391005289
desc,C,hepg2_nadig|HepG2,EIF2B2,180,180,0.6784138083457947,0.051787424832582474,0.011141970753669739,9023,0.7520798589610537,0.6074315264549166,22,0.18379041947262695
desc,C,hepg2_nadig|HepG2,HSD17B12,177,177,0.3227013051509857,0.00956225860863924,0.0021161632612347603,9023,-0.2895083527755587,0.1730338207388294,23,-0.2232133313306429
desc,C,hepg2_nadig|HepG2,IK,176,176,0.7516956329345703,0.01583101600408554,-0.0011271549155935645,9023,0.5015746922591565,0.34375688622954786,4,0.04657633852676657
desc,C,hepg2_nadig|HepG2,DDX19A,175,175,0.2035950869321823,0.005789674818515778,-0.0037223666440695524,9023,0.10001676880350496,0.33998024899651885,4,-0.05871113291627589
desc,C,hepg2_nadig|HepG2,SLC35G2,174,174,0.42823857069015503,0.019279267638921738,0.009546170011162758,9023,-0.037989373569526225,0.11274074846706504,3,0.007592094252741019
desc,C,hepg2_nadig|HepG2,NUDCD3,172,172,0.5233255624771118,0.02848704531788826,0.014103763736784458,9023,0.06430635007223474,0.5076651182812647,22,-0.15673082275605063
desc,C,hepg2_nadig|HepG2,RBM10,171,171,0.4267527759075165,0.0032315226271748543,-0.00963769294321537,9023,0.13099031334143277,0.4764420173854391,4,-0.0007145344402518444
desc,C,hepg2_nadig|HepG2,SHQ1,171,171,0.3492366373538971,0.009913632646203041,0.0017986083403229713,9023,-0.13728686662244688,0.1401164749114636,4,-0.15246126746816832
desc,C,hepg2_nadig|HepG2,PNN,170,170,0.7237701416015625,0.03485454246401787,0.018205078318715096,9023,0.0996647680580144,0.4635064822993268,4,-0.16357524534723905
desc,C,hepg2_nadig|HepG2,RCC1,170,170,0.46363481879234314,0.016252027824521065,0.0048127491027116776,9023,0.12427105489205421,0.18622451371453747,4,0.06083842881589023
desc,C,hepg2_nadig|HepG2,DDX23,167,167,0.741151750087738,0.017321234568953514,-0.00931242760270834,9023,0.653974184515383,0.5900523883285517,23,0.1786929332761383
desc,C,hepg2_nadig|HepG2,POU3F1,167,167,0.6428613066673279,0.02902248315513134,0.015051688998937607,9023,-0.12131514900006356,0.5124306074325387,3,-0.20286584443616934
desc,C,hepg2_nadig|HepG2,TBX1,167,167,0.19248950481414795,0.004933882039040327,-0.00365385040640831,9022,-0.07084573378443888,0.4538454237639267,3,0.062142692981819146
desc,C,hepg2_nadig|HepG2,DDX46,166,166,0.6111438870429993,0.020040735602378845,0.004097773227840662,9023,0.4034574381060061,0.219952450517237,22,-0.05114373395703262
desc,C,hepg2_nadig|HepG2,FNTA,166,166,0.7596212029457092,0.018251126632094383,0.003005293197929859,9022,-0.037885835723920624,0.2860929017862745,4,-0.029251883193534018
desc,C,hepg2_nadig|HepG2,RSL1D1,166,166,0.6751342415809631,0.02761322632431984,-0.0012448501074686646,9023,0.5285853020755761,0.3279846396016721,4,-0.03840570951435007
desc,C,hepg2_nadig|HepG2,ESF1,165,165,0.7137141823768616,0.012467250227928162,-0.0007925016689114273,9022,0.30010034724679596,0.30002508945020745,4,0.01282960049245788
desc,C,hepg2_nadig|HepG2,SMG5,165,165,0.5606820583343506,0.007048242725431919,-0.010147523134946823,9023,0.6683969365492699,0.7011188626972339,4,0.04442248690441945
desc,C,hepg2_nadig|HepG2,ZMAT2,164,164,0.6659470796585083,0.024820679798722267,0.0045137000270187855,9023,0.6042563177824568,0.5947026166557098,23,0.026172366778027915
desc,C,hepg2_nadig|HepG2,ADAM10,161,161,0.7562088370323181,0.03143175691366196,0.013259191997349262,9023,0.46413623390592823,0.40849465035434745,3,0.0011955874198944219
desc,C,hepg2_nadig|HepG2,KRT17,160,160,0.13814440369606018,0.005199922248721123,-0.0034326601307839155,9023,-0.18315628748324048,-0.15274383201279143,4,-0.15214295668202926
desc,C,hepg2_nadig|HepG2,INTS8,159,159,0.8570570945739746,0.11184214800596237,0.07540734112262726,9023,0.8328100434951375,0.6447878992261061,21,0.22938641517201155
desc,C,hepg2_nadig|HepG2,INTS13,157,157,0.2254863977432251,0.009183748625218868,-0.0014494063798338175,9023,0.025743412903204022,0.45034842361603766,3,-0.04571384936998643
desc,C,hepg2_nadig|HepG2,TEX10,156,156,0.6921305656433105,0.04493999108672142,-0.0002725013473536819,9023,0.8041274451304388,0.7036485488179636,4,0.12278961381237073
desc,C,hepg2_nadig|HepG2,MCM3,155,155,0.5895505547523499,0.04690827056765556,0.024552369490265846,9023,0.5092594766851457,0.48587138305877947,4,-0.002627107822529724
desc,C,hepg2_nadig|HepG2,WDR70,154,154,0.6567124724388123,0.025398429483175278,0.003976061474531889,9023,0.7434923173022536,0.5111019906382938,23,0.10447808131086597
desc,C,hepg2_nadig|HepG2,JAZF1,153,153,0.27592897415161133,0.011429374106228352,0.0018073675455525517,9023,-0.09166882885494425,0.5313042979604801,5,-0.037810658981445
desc,C,hepg2_nadig|HepG2,MVK,153,153,0.3265165090560913,0.01087345089763403,0.001632985076867044,9023,-0.1713036839126714,0.4127131002822596,22,-0.12665571943304968
desc,C,hepg2_nadig|HepG2,CLASRP,152,152,0.23292560875415802,0.004786457866430283,-0.0030954161193221807,9023,0.13532789946890153,0.32935453513553475,21,0.011379484968291305
desc,C,hepg2_nadig|HepG2,INTS2,152,152,0.8950939178466797,0.09011083096265793,0.05575836822390556,9023,0.706960853266797,0.7070550780686442,4,0.08673305364973409
desc,C,hepg2_nadig|HepG2,HSPA5,150,150,0.7142527103424072,0.022961730137467384,0.0024255430325865746,9023,0.6322502170434571,0.5984076769143959,4,0.020317322159474543
desc,C,hepg2_nadig|HepG2,RHOQ,149,149,0.16673190891742706,0.0061242952942848206,-0.0029567955061793327,9023,-0.001732592131012383,0.29775788219728605,4,-0.042453835914880125
desc,C,hepg2_nadig|HepG2,TFDP1,149,149,0.2589953541755676,0.010985616594552994,0.003009447129443288,9022,-0.13933861771698589,0.4103439910566097,4,-0.22539146316602743
desc,C,hepg2_nadig|HepG2,RPS13,148,148,0.45166122913360596,0.048717938363552094,0.0,9022,0.8502389854954614,0.7936897151724946,4,0.14007980400129624
desc,C,hepg2_nadig|HepG2,DDX51,147,147,0.6683014035224915,0.03654076159000397,-0.008157695643603802,9023,0.8292443339059746,0.6821651818913154,4,0.12748410117139874
desc,C,hepg2_nadig|HepG2,CCDC130,145,145,0.3442719280719757,0.014337625354528427,0.004509520251303911,9023,-0.010461590503685636,0.13925224438216358,4,0.07721920580159033
desc,C,hepg2_nadig|HepG2,DDX19B,145,145,0.23069873452186584,0.006731693167239428,-0.0027745540719479322,9023,-0.011859198998988572,0.05081630415315077,4,-0.11559920022745941
desc,C,hepg2_nadig|HepG2,GTPBP4,145,145,0.695909857749939,0.023469069972634315,-0.0038828174583613873,9023,0.5339690775083413,0.3966299354411006,4,-0.06091163823503591
desc,C,hepg2_nadig|HepG2,POLR2E,143,143,0.6934812664985657,0.04139178618788719,0.013621870428323746,9023,0.6463696164461766,0.49005330686216814,4,0.13766545799503865
desc,C,hepg2_nadig|HepG2,ESPN,142,142,0.1898987591266632,0.005075746215879917,-0.0028412514366209507,9023,-0.1537713210022379,-0.012314581769064475,4,-0.10293138070324567
desc,C,hepg2_nadig|HepG2,RPL23,142,142,0.4513300061225891,0.07754214107990265,0.0,9022,0.8600989694953495,0.785859556853015,4,0.20584498868546797
desc,C,hepg2_nadig|HepG2,MCMBP,141,141,0.42996689677238464,0.027779340744018555,0.009037443436682224,9023,0.2761947301279725,0.4482743231368214,4,0.01097906915026407
desc,C,hepg2_nadig|HepG2,POLR2I,140,140,0.7403810620307922,0.045145172625780106,0.011150645092129707,9023,0.8294467831574498,0.5602437459760796,21,0.14701378170971338
desc,C,hepg2_nadig|HepG2,CDK1,139,139,0.6162797212600708,0.06298606842756271,0.030146349221467972,9023,0.6225014944173453,0.4799428714031339,4,0.058359698878008834
desc,C,hepg2_nadig|HepG2,LIN54,139,139,0.3194220960140228,0.010397439822554588,0.0029375876765698195,9023,-0.3243087235275712,0.1685817411305788,4,-0.061373277719097646
desc,C,hepg2_nadig|HepG2,MFN2,139,139,0.30229949951171875,0.01103674154728651,0.0006259075598791242,9023,-0.18734249394229952,0.03168989886613305,4,-0.07187794494731445
desc,C,hepg2_nadig|HepG2,MED4,138,138,0.7603399157524109,0.04290550574660301,0.015571205876767635,9023,0.7610188583659895,0.34921028490062356,20,-0.029259949033184386
desc,C,hepg2_nadig|HepG2,NUP107,137,137,0.7240092754364014,0.03574433550238609,0.013221322558820248,9023,0.48042262963789534,0.5223872328405221,4,0.12080521878991093
desc,C,hepg2_nadig|HepG2,RRS1,137,137,0.6862417459487915,0.061855748295784,0.0022016263101249933,9022,0.8926334580081586,0.8077308751301083,4,0.14299630737559274
desc,C,hepg2_nadig|HepG2,SLC7A5,137,137,0.15481726825237274,0.005930754356086254,-0.003825252177193761,9023,-0.048849276103127795,0.15405430671717962,4,-0.023035948956588215
desc,C,hepg2_nadig|HepG2,SRBD1,137,137,0.2451484352350235,0.01745622232556343,-0.00027333255275152624,9023,0.32017868056433657,0.5005466769504815,4,0.006569362772230713
desc,C,hepg2_nadig|HepG2,ZNHIT3,137,137,0.45166096091270447,0.01510393712669611,0.0,9023,0.07216130609484332,0.18999583000021877,4,-0.02465649848885069
desc,C,hepg2_nadig|HepG2,MYBL2,136,136,0.23085451126098633,0.022277696058154106,0.000944783678278327,9023,0.43720674568633,0.5651937569904353,4,0.023587023480607063
desc,C,hepg2_nadig|HepG2,NUP85,136,136,0.7169323563575745,0.019686177372932434,0.007780285552144051,9023,0.11232045757160161,0.3002079121596741,4,-0.0071373526693566105
desc,C,hepg2_nadig|HepG2,NUP98,136,136,0.738417387008667,0.05691167712211609,0.013240870088338852,9023,0.6788789479012368,0.579509839157496,4,0.17669504348599255
desc,C,hepg2_nadig|HepG2,EXOSC5,134,134,0.804192066192627,0.035544924437999725,0.010942550376057625,9023,0.646777545189221,0.5786391796760227,4,0.08773117155233309
desc,C,hepg2_nadig|HepG2,SRA1,134,134,0.30659011006355286,0.008335753343999386,0.001846079365350306,9023,-0.3167022291853401,0.23315772918782135,3,-0.10999419336623238
desc,C,hepg2_nadig|HepG2,TAF13,134,134,0.3542477786540985,0.01943662390112877,0.006570417433977127,9023,0.11967554897196045,0.34149097534033906,23,0.12067921224451124
desc,C,hepg2_nadig|HepG2,PDCD11,133,133,0.6780728101730347,0.03840583190321922,-0.005594946909695864,9023,0.8492279564895311,0.801041200638344,4,0.15571471316070876
desc,C,hepg2_nadig|HepG2,POLR2B,133,133,0.7513144612312317,0.03758886083960533,0.01234042551368475,9022,0.657059133888398,0.5747367814948716,4,0.014897821354660702
desc,C,hepg2_nadig|HepG2,URI1,133,133,0.604730486869812,0.023770522326231003,0.007069752085953951,9022,0.4484086297532433,0.5486612514899512,4,0.007101683960115031
desc,C,hepg2_nadig|HepG2,CEBPZ,132,132,0.721152663230896,0.04350671544671059,-0.0009493859251961112,9023,0.8664875619643511,0.738226751582137,4,0.08785639375573025
desc,C,hepg2_nadig|HepG2,INTS14,132,132,0.32398560643196106,0.021326055750250816,0.005005339626222849,9023,0.3606928226095015,0.39023415248503746,3,-0.0007255728345471961
desc,C,hepg2_nadig|HepG2,RNASEH2C,132,132,0.2364383041858673,0.005864786449819803,-0.0009814780205488205,9023,-0.22928457766899626,0.37904208810192636,4,-0.05460197301884661
desc,C,hepg2_nadig|HepG2,NOM1,131,131,0.7041303515434265,0.024842649698257446,-0.0036948975175619125,9023,0.6054482435362077,0.6080327786194987,4,0.05506752145950277
desc,C,hepg2_nadig|HepG2,SRP68,131,131,0.46229684352874756,0.02069554477930069,0.004051443189382553,9023,0.21557227627787334,0.5066384191452752,4,-0.027443990022346165
desc,C,hepg2_nadig|HepG2,RGPD6,130,130,0.451302170753479,0.007986271753907204,0.0,9021,-0.3516373689822063,0.3277838515001547,4,-0.17832582096795224
desc,C,hepg2_nadig|HepG2,ZBTB17,130,130,0.31828320026397705,0.0146209467202425,0.00340862269513309,9023,0.001665762979248009,0.43265085595593866,4,-0.12928329818851217
desc,C,hepg2_nadig|HepG2,HIRA,129,129,0.36529889702796936,0.014773884788155556,0.002553263446316123,9023,0.06863918674133838,0.23267358022315257,5,-0.15501681263598022
desc,C,hepg2_nadig|HepG2,MLLT6,129,129,0.5076100826263428,0.03528057038784027,0.017023582011461258,9023,0.361741849377796,0.4227193625769962,3,-0.07827316703731464
desc,C,hepg2_nadig|HepG2,TUBG1,129,129,0.3027030825614929,0.014239047653973103,0.0028676921501755714,9023,-0.05319355459452435,0.2853035163665979,4,-0.20372838694401302
desc,C,hepg2_nadig|HepG2,ATP6AP2,128,128,0.41826102137565613,0.037833064794540405,0.012478116899728775,9023,0.5327354790735105,0.38000796020291944,4,0.11187065759556018
desc,C,hepg2_nadig|HepG2,ISCU,128,128,0.4079795181751251,0.009165097028017044,0.000760528608225286,9022,-0.19938708189087243,0.09593049591637043,23,-0.06512092417823125
desc,C,hepg2_nadig|HepG2,CCDC59,127,127,0.6203966736793518,0.011372762732207775,-0.0036727634724229574,9023,0.2924905235904067,0.3189514869541633,23,-0.12608684406573162
desc,C,hepg2_nadig|HepG2,GFOD2,127,127,0.5184655785560608,0.009802027605473995,0.0024956082925200462,9023,-0.18324864656933929,0.3209886627886045,3,-0.0757695808541241
desc,C,hepg2_nadig|HepG2,PSMA4,127,127,0.6950489282608032,0.06325573474168777,0.017473239451646805,9022,0.7673170684997608,0.759987374556783,4,0.13053834582865387
desc,C,hepg2_nadig|HepG2,EIF3B,126,126,0.7245140671730042,0.04653119668364525,-0.0007938133203424513,9023,0.6945420183299654,0.5015951077547647,22,0.2477358951115412
desc,C,hepg2_nadig|HepG2,LAMTOR1,126,126,0.3595159649848938,0.0134676368907094,0.003927850630134344,9022,-0.11198404888472892,0.1927340336352376,3,-0.11698737968828578
desc,C,hepg2_nadig|HepG2,MCM6,126,126,0.5629923939704895,0.0677785724401474,0.03390290588140488,9023,0.6448122323725941,0.3375551889796582,23,0.10827263148646113
desc,C,hepg2_nadig|HepG2,BOP1,125,125,0.6829404830932617,0.03349081054329872,-0.002814085455611348,9023,0.645571988028678,0.1985823769288777,4,-0.09862975047394217
desc,C,hepg2_nadig|HepG2,C14orf178,125,125,0.6594096422195435,0.04400812089443207,0.008797535672783852,9022,0.6630827969179794,0.6574335334283283,4,0.12668799507527892
desc,C,hepg2_nadig|HepG2,DYNLRB1,124,124,0.476082980632782,0.02668098360300064,0.012678173370659351,9023,0.11239051219509599,0.037604430897765606,4,-0.16620888433003098
desc,C,hepg2_nadig|HepG2,NOL8,124,124,0.6658709049224854,0.049200624227523804,-0.003355422057211399,9023,0.7872450160737826,0.6736868905640944,4,0.21311340533933215
desc,C,hepg2_nadig|HepG2,PMF1,124,124,0.5435669422149658,0.040371738374233246,0.015929436311125755,9022,0.5665575978101225,0.5739950189230087,4,0.10809584392606099
desc,C,hepg2_nadig|HepG2,TPX2,124,124,0.8003796339035034,0.054542820900678635,0.029397105798125267,9023,0.5102230460130431,0.41097112501290894,4,0.2314200195117587
desc,C,hepg2_nadig|HepG2,PSMB5,123,123,0.7192829251289368,0.07958503812551498,0.03179037198424339,9021,0.7645289526507285,0.7666840534978628,4,0.033494311114027724
desc,C,hepg2_nadig|HepG2,LSM5,122,122,0.734525740146637,0.030961086973547935,0.005838034208863974,9023,0.6187000982328,0.4927468503649634,22,0.17606898107926552
desc,C,hepg2_nadig|HepG2,RNF8,122,122,0.27679699659347534,0.008032754994928837,-0.0011034653289243579,9023,-0.16154448774903155,0.25613224887200775,4,-0.16040543761913534
desc,C,hepg2_nadig|HepG2,RPL7,122,122,0.4515722990036011,0.07081083208322525,0.0,9023,0.871490623166674,0.8156168961861616,4,0.21156438977409847
desc,C,hepg2_nadig|HepG2,ADAT3,119,119,0.1878335177898407,0.003959815949201584,-0.003675233107060194,9023,-0.13280247567983064,0.15000202023079673,4,-0.04220910492622749
desc,C,hepg2_nadig|HepG2,BCL2L1,119,119,0.19224321842193604,0.002280695363879204,-0.005838938523083925,9023,0.03467329262863962,0.004418776956598843,17,-0.04017272090585601
desc,C,hepg2_nadig|HepG2,PRPF6,119,119,0.7369593977928162,0.016352828592061996,-0.001673261052928865,9023,0.5074471365495026,0.5080615473612141,4,0.01683008758862588
desc,C,hepg2_nadig|HepG2,SRSF6,119,119,0.5095874667167664,0.01676182448863983,0.007367522921413183,9023,-0.0580430359007195,0.3220354695065115,4,-0.05619165144736348
desc,C,hepg2_nadig|HepG2,UBA2,119,119,0.4880354404449463,0.016027383506298065,0.005844965577125549,9023,-0.18593916194457058,0.16331426102958754,23,0.022219328218954535
desc,C,hepg2_nadig|HepG2,CDC42,118,118,0.45161983370780945,0.012123260647058487,0.0,9023,-0.0736824904432071,0.4632608212366825,4,-0.05262671630326408
desc,C,hepg2_nadig|HepG2,MRGBP,118,118,0.6770765781402588,0.026074664667248726,0.015909535810351372,9023,-0.08045478301601881,0.37318014458634047,4,-0.14756053293271063
desc,C,hepg2_nadig|HepG2,SRP54,118,118,0.5994657874107361,0.022233782336115837,0.006269976031035185,9022,0.15764865121144228,0.17491295168358098,21,-0.010601109337957593
desc,C,hepg2_nadig|HepG2,SRSF11,118,118,0.2115270346403122,0.005115763284265995,-0.004767634905874729,9023,-0.23489989747291384,0.14338883728783938,4,0.02160450215739109
desc,C,hepg2_nadig|HepG2,PSMC5,117,117,0.7102353572845459,0.09049627184867859,0.03756453096866608,9018,0.7524235030332913,0.7070324787336818,4,0.00011242907374643713
desc,C,hepg2_nadig|HepG2,DNM1,116,116,0.1351359337568283,0.0007673009531572461,-0.00575195113196969,9023,-0.18353894425738806,0.006006203068673462,4,-0.09585782816306627
desc,C,hepg2_nadig|HepG2,EXOSC2,116,116,0.8172460198402405,0.040720853954553604,0.008837977424263954,9023,0.6831374386423366,0.46982234391579153,23,0.2252099449689397
desc,C,hepg2_nadig|HepG2,GNL3,116,116,0.7217581272125244,0.05459540709853172,0.0032738440204411745,9023,0.8003203597490797,0.7252630522038236,4,0.046527898809628515
desc,C,hepg2_nadig|HepG2,RPL10A,116,116,0.4515928030014038,0.07423273473978043,0.0,9019,0.8402696289270684,0.728113391760882,4,0.17191324749712397
desc,C,hepg2_nadig|HepG2,RPS27A,116,116,0.4514048993587494,0.05219511315226555,0.0,9023,0.8404486058446751,0.7826455284941518,4,0.2749584053821872
desc,C,hepg2_nadig|HepG2,BRCA2,115,115,0.4741738438606262,0.026603512465953827,0.008197534829378128,9023,0.19888391148449197,0.43885679546157874,4,-0.177636984650591
desc,C,hepg2_nadig|HepG2,DNAAF3,115,115,0.12502999603748322,0.006016947329044342,-0.00476605212315917,9023,0.17985810593651438,0.07860013878087281,3,-0.10177645306436953
desc,C,hepg2_nadig|HepG2,EIF2B5,115,115,0.7194079756736755,0.05459711328148842,0.011172118596732616,9022,0.6557513832417345,0.6572489350122067,4,0.12712468297264864
desc,C,hepg2_nadig|HepG2,MBTPS1,115,115,0.27296143770217896,0.004507771693170071,-0.004149912390857935,9021,0.09812668616157687,0.4965078393609241,5,-0.16573600731209087
desc,C,hepg2_nadig|HepG2,SNRNP200,115,115,0.6961162686347961,0.028213584795594215,-0.0021240718197077513,9023,0.701436110718076,0.6199121905833986,4,0.08284749460517099
desc,C,hepg2_nadig|HepG2,STIL,115,115,0.4967047870159149,0.03062516078352928,0.013646085746586323,9023,0.40244993518879996,0.36599599334822713,4,-0.0062003550468609486
desc,C,hepg2_nadig|HepG2,BMS1,114,114,0.7417725920677185,0.03296025097370148,-0.005169174168258905,9023,0.8582025510252546,0.8121099153683103,4,0.13221344767018203
desc,C,hepg2_nadig|HepG2,RBMX2,114,114,0.7050428986549377,0.016105374321341515,0.002793037798255682,9023,0.6428247751404617,0.5430747580777551,4,-0.12641939415578488
desc,C,hepg2_nadig|HepG2,TAF1D,114,114,0.6931829452514648,0.016473431140184402,-0.0014909460442140698,9023,0.3335954993292364,0.29637020833769384,23,-0.07467294019175105
desc,C,hepg2_nadig|HepG2,TUT1,114,114,0.5366640090942383,0.024188702926039696,0.005568363703787327,9023,0.4429113291236105,0.205823157529991,4,0.1261219552964131
desc,C,hepg2_nadig|HepG2,SART1,113,113,0.7336398959159851,0.041395071893930435,0.004558935761451721,9020,0.8029937281188043,0.7478320724294343,4,0.09602554562630135
desc,C,hepg2_nadig|HepG2,MED19,112,112,0.6682294011116028,0.030626533553004265,0.012208583764731884,9023,0.4604240495316244,0.5593830029977066,4,-0.039495220293004736
desc,C,hepg2_nadig|HepG2,POLR1E,112,112,0.770937442779541,0.03574163094162941,-0.0024480936117470264,9023,0.7865226163960821,0.7095440369603152,4,0.06950452735478532
desc,C,hepg2_nadig|HepG2,RTRAF,112,112,0.34902071952819824,0.00842695776373148,0.001085325377061963,9023,-0.16023913646285431,0.3480920004064609,3,-0.14099336198077608
desc,C,hepg2_nadig|HepG2,SNRPC,112,112,0.6603605151176453,0.022145302966237068,0.0013813687255606055,9023,0.4971299372022107,0.6113672596659833,4,0.04964118532867151
desc,C,hepg2_nadig|HepG2,CCT7,111,111,0.45115599036216736,0.03807390481233597,0.0,9023,0.6576486911639481,0.5804042965557579,4,0.16075128261411933
desc,C,hepg2_nadig|HepG2,CSNK2B,111,111,0.3833434283733368,0.021311793476343155,0.007798690348863602,9022,0.18572964979520892,0.03960142636988205,23,0.1540266152639953
desc,C,hepg2_nadig|HepG2,FNBP4,111,111,0.331165075302124,0.012110397219657898,0.002020767657086253,9023,0.019305495576500076,0.23600662104123074,4,-0.04780027685392417
desc,C,hepg2_nadig|HepG2,PRODH,111,111,0.17246690392494202,0.0017123074503615499,-0.00620518671348691,9023,-0.029786121614725405,0.05126016537650744,4,-0.004252185656357943
desc,C,hepg2_nadig|HepG2,RPL6,111,111,0.4515466094017029,0.08005659282207489,0.0,9017,0.8621849808086187,0.7666881923959624,4,0.1723931433472306
desc,C,hepg2_nadig|HepG2,SEC61A1,110,110,0.3131379783153534,0.019936565309762955,0.00139626394957304,9023,0.23626521295058772,0.41314791176651416,4,-0.05300891700509397
desc,C,hepg2_nadig|HepG2,DDX27,109,109,0.6114172339439392,0.03052336350083351,-0.006911064498126507,9023,0.7990400615981526,0.7518980527630654,4,0.05964395882493585
desc,C,hepg2_nadig|HepG2,WDR1,109,109,0.4131088852882385,0.03595223277807236,0.011267870664596558,9023,0.5421291030209521,0.23258188682885617,23,0.07482439828140883
desc,C,hepg2_nadig|HepG2,ABT1,108,108,0.706808865070343,0.024168647825717926,-0.004899314604699612,9023,0.5800576604402965,0.5383397203873117,4,-0.008822858288411168
desc,C,hepg2_nadig|HepG2,NFYC,108,108,0.5224102735519409,0.031962718814611435,0.014405111782252789,9023,0.2000541616299114,0.4587094412982001,4,0.113182750320121
desc,C,hepg2_nadig|HepG2,PSTK,108,108,0.22862425446510315,0.009143127128481865,-0.0034196104388684034,9023,0.032313287468695946,0.13937626150264945,4,-0.020753660734318214
desc,C,hepg2_nadig|HepG2,RPL32,108,108,0.45186731219291687,0.08085719496011734,0.0,9023,0.8355224734881842,0.7700513080776964,4,0.20369744177647578
desc,C,hepg2_nadig|HepG2,WDR4,108,108,0.18450136482715607,0.003654543776065111,-0.007020098622888327,9021,0.04798822529358055,0.361371638465651,4,-0.06210275784785507
desc,C,hepg2_nadig|HepG2,SYNGR3,107,107,0.4416663944721222,0.015996361151337624,0.007584527134895325,9022,-0.25334468152239376,0.36245416538713665,3,-0.09869355328000427
desc,C,hepg2_nadig|HepG2,FBXL14,106,106,0.45154643058776855,0.02539990283548832,0.0,9023,0.5708815026185599,0.48432444267558233,3,-0.017410794309243596
desc,C,hepg2_nadig|HepG2,NUP214,106,106,0.7237364649772644,0.0166820976883173,0.00495693925768137,9023,0.11988298494267079,0.3193234354671489,4,-0.19662410971336922
desc,C,hepg2_nadig|HepG2,PRMT5,106,106,0.3948105275630951,0.023556293919682503,0.003524252912029624,9022,0.3261397570327961,0.28041782264193366,4,-0.02840587043620266
desc,C,hepg2_nadig|HepG2,UBA52,106,106,0.6550979018211365,0.03428085520863533,-0.0011465881252661347,9023,0.5088070321297049,0.3343887926172963,4,0.060123104192288127
desc,C,hepg2_nadig|HepG2,FOLR3,105,105,0.6248058676719666,0.03502153232693672,0.01774262823164463,9023,0.28208172226272543,0.10548645714306314,4,0.056716210619820545
desc,C,hepg2_nadig|HepG2,MBNL1,105,105,0.7475809454917908,0.0265811774879694,0.012134143151342869,9023,0.22788879972908602,0.3479358294950391,3,0.09318779026247531
desc,C,hepg2_nadig|HepG2,NIFK,105,105,0.685164749622345,0.0619368776679039,0.006233446300029755,9023,0.881884457505042,0.7801070696167121,4,0.23976304459472353
desc,C,hepg2_nadig|HepG2,FYN,104,104,0.386015921831131,0.022054098546504974,0.00853568036109209,9023,-0.09014543304844462,0.2565853953095597,3,-0.1598265007430604
desc,C,hepg2_nadig|HepG2,HSPA9,104,104,0.7823486924171448,0.07217005640268326,0.02109360322356224,9011,0.7660937514884505,0.7464449087450323,4,0.15814784507595425
desc,C,hepg2_nadig|HepG2,MAT2A,104,104,0.3998401463031769,0.014316201210021973,0.00472832890227437,9023,-0.06087651497582951,0.12871011681210895,5,-0.061463733226415324
desc,C,hepg2_nadig|HepG2,EMC3,103,103,0.15294209122657776,0.007588823325932026,-0.0041791838593780994,9023,-0.007541537075511974,0.14196748933301212,4,-0.17454146132887557
desc,C,hepg2_nadig|HepG2,SF3B5,103,103,0.5700014233589172,0.036673884838819504,0.006245136260986328,9020,0.6910651420804328,0.6702935887058256,4,0.1004106881678515
desc,C,hepg2_nadig|HepG2,ANKLE2,102,102,0.37100890278816223,0.017180990427732468,0.007334996480494738,9023,0.0653907231432904,0.14340347009420795,4,-0.05050121694939552
desc,C,hepg2_nadig|HepG2,ANKRD11,102,102,0.2704693675041199,0.01439168956130743,0.0018199918558821082,9023,-0.16507204131648281,0.4037916696058756,4,-0.0862945588919719
desc,C,hepg2_nadig|HepG2,BRIX1,102,102,0.7495278120040894,0.045520685613155365,0.002416165079921484,9022,0.7085935974478103,0.60178650237906,4,-0.005450843650495437
desc,C,hepg2_nadig|HepG2,DLD,102,102,0.772172212600708,0.0397304892539978,0.011811187490820885,9023,0.546469040687785,0.4753507735518996,4,0.07970935855931173
desc,C,hepg2_nadig|HepG2,ELP3,102,102,0.31687989830970764,0.013369735330343246,-0.0020349614787846804,9022,0.29811303943557943,0.3344867239070286,23,-0.15955625733434167
desc,C,hepg2_nadig|HepG2,SEC16A,102,102,0.2509205937385559,0.006636701989918947,-0.0008853509789332747,9023,-0.3328150601721657,-0.05022801693723528,4,-0.1465543190540989
desc,C,hepg2_nadig|HepG2,UBTF,102,102,0.3412877321243286,0.00958030205219984,0.00011974735389230773,9023,-0.28325320289871353,0.4351976674872062,4,-0.2654311496967263
desc,C,hepg2_nadig|HepG2,VPS35,102,102,0.2816852927207947,0.008772049099206924,-0.0002871727920137346,9022,-0.20284208002649168,0.1309855673022668,4,-0.16616256840069288
desc,C,hepg2_nadig|HepG2,EHMT2,101,101,0.6783679723739624,0.018474871292710304,0.010863839648663998,9022,-0.21407214183760864,0.2595189735955685,3,-0.015212448743915958
desc,C,hepg2_nadig|HepG2,NAF1,101,101,0.7098270058631897,0.01683739945292473,0.0008393370662815869,9023,0.3825698211096213,0.41378781609365084,4,-0.02808158323910586
desc,C,hepg2_nadig|HepG2,NUTF2,101,101,0.7862740755081177,0.02370794303715229,0.008301587775349617,9022,0.42125560895041125,0.4313237734665011,4,0.11271608811995533
desc,C,hepg2_nadig|HepG2,TRAPPC5,101,101,0.42816686630249023,0.00269521726295352,-0.011508867144584656,9023,0.3172533457878133,0.5092409980532447,4,0.0924375941709288
desc,C,hepg2_nadig|HepG2,VPS54,101,101,0.27763116359710693,0.009867716580629349,0.0007883508806116879,9022,0.06586071541920394,0.21998278695638385,4,-0.21797703810952726
desc,C,hepg2_nadig|HepG2,ATR,100,100,0.5657647252082825,0.051207948476076126,0.022240569815039635,9023,0.6212819097683452,0.5304666804043463,4,0.16639365216352378
desc,C,hepg2_nadig|HepG2,BAP1,100,100,0.2745332419872284,0.018343694508075714,-0.00024187103554140776,9021,0.052957069852125144,0.5783874211124453,4,-0.07024764028524268
desc,C,hepg2_nadig|HepG2,CPEB1,100,100,0.7286843657493591,0.02403067611157894,-0.008926388807594776,9023,0.7076377962503907,0.6162332770865012,3,0.05309993166929654
desc,C,hepg2_nadig|HepG2,DDN,100,100,0.1496359407901764,0.005163376219570637,-0.0035685463808476925,9023,-0.1921912920157234,0.20241823237917708,4,-0.013641744015194007
desc,C,hepg2_nadig|HepG2,SEM1,100,100,0.6833204627037048,0.04798165708780289,0.03112577646970749,9022,0.13503991872303703,0.33931003045137365,4,-0.07316930838041978
desc,C,hepg2_nadig|HepG2,ARPC2,99,99,0.36865419149398804,0.015622589737176895,0.006098730023950338,9023,-0.049522831689821564,0.03577100661148966,5,-0.0009721501459308013
desc,C,hepg2_nadig|HepG2,CDT1,99,99,0.7241963744163513,0.06829170137643814,0.03643393889069557,9023,0.5602099392105365,0.4433449785008638,4,-0.032564362506995535
desc,C,hepg2_nadig|HepG2,CENPK,99,99,0.3636191785335541,0.01135320495814085,-0.003990063443779945,9023,0.23558137698067294,0.2703270566305396,4,-0.14736860958155978
desc,C,hepg2_nadig|HepG2,CIAPIN1,99,99,0.565556526184082,0.04006002098321915,0.011313656345009804,9023,0.5760600937043769,0.5534827526255552,4,0.12187483363820421
desc,C,hepg2_nadig|HepG2,NUP153,99,99,0.47111865878105164,0.021641984581947327,0.006427868269383907,9022,0.18917517174686915,0.23416243838434583,22,0.26168653397552943
desc,C,hepg2_nadig|HepG2,RPS29,99,99,0.4517000615596771,0.034727975726127625,0.0,9023,0.6526290037931295,0.5931377978448623,4,0.13081593972218744
desc,C,hepg2_nadig|HepG2,TANGO6,99,99,0.6637560129165649,0.03238692879676819,0.012047352269291878,9021,0.5281641723609286,0.5623520175984675,4,-0.0017935823824511102
desc,C,hepg2_nadig|HepG2,ALDOA,98,98,0.45124387741088867,0.00875719916075468,0.0,9023,-0.19860541796003894,0.049381138183196636,4,-0.18742913678924622
desc,C,hepg2_nadig|HepG2,CCNH,98,98,0.4651278257369995,0.017880314961075783,0.0061456444673240185,9023,0.16462915714305798,0.16228962743383876,22,-0.01753121072685957
desc,C,hepg2_nadig|HepG2,GLRX5,98,98,0.19402921199798584,0.003146163420751691,-0.0045794956386089325,9022,-0.1881440405779201,0.24387606035688536,4,-0.14164212707714025
desc,C,hepg2_nadig|HepG2,SCAP,98,98,0.3446967601776123,0.008553952910006046,0.0021191767882555723,9019,-0.014936407247980127,0.09330283281375538,23,-0.004842834700548524
desc,C,hepg2_nadig|HepG2,USP5,98,98,0.12934842705726624,0.012002836912870407,-0.0037320079281926155,9023,0.17905295874398358,0.28387598166580597,4,0.046477710754644956
desc,C,hepg2_nadig|HepG2,YJEFN3,98,98,0.22648607194423676,0.010291186161339283,-0.0012094889534637332,9023,-0.05834715919786091,0.10230350566042795,4,-0.17160601152526297
desc,C,hepg2_nadig|HepG2,ETF1,97,97,0.7895839214324951,0.035684727132320404,0.0063972920179367065,9022,0.5390214101270647,0.5455653249334315,4,0.06307281886757549
desc,C,hepg2_nadig|HepG2,GINS4,97,97,0.6067399382591248,0.04408133402466774,0.026729440316557884,9023,0.3911733640868011,0.4844231484459877,4,-0.06508999655339834
desc,C,hepg2_nadig|HepG2,PHAX,97,97,0.7613565325737,0.025104016065597534,0.005379405803978443,9023,0.4664091216652266,0.41122580837649797,4,-0.027117542480938794
desc,C,hepg2_nadig|HepG2,POLR2K,97,97,0.7453219294548035,0.03483064845204353,0.010721513070166111,9023,0.6532281823591215,0.4962626568281135,4,0.07555730542410961
desc,C,hepg2_nadig|HepG2,TUBB,97,97,0.27752625942230225,0.008781404234468937,-0.0036941913422197104,9023,0.272895039100271,0.3034958217381767,4,-0.07085039469821285
desc,C,hepg2_nadig|HepG2,ABCF1,96,96,0.6583445072174072,0.022855078801512718,-0.003687453456223011,9023,0.3344457187859818,0.281561724838788,4,0.013702296909943604
desc,C,hepg2_nadig|HepG2,CCNK,96,96,0.20527786016464233,0.006274677347391844,-0.002091706730425358,9023,0.07375829956830247,0.18390907133768164,4,-0.07076605248530063
desc,C,hepg2_nadig|HepG2,CCT6A,96,96,0.6157681345939636,0.05805105343461037,0.02427677996456623,9022,0.607054502180059,0.5493473318691563,4,0.11211054333898299
desc,C,hepg2_nadig|HepG2,CHERP,96,96,0.5186291337013245,0.022639987990260124,0.009819576516747475,9023,0.02112125574632256,0.4146616083598082,22,-0.13462657356604077
desc,C,hepg2_nadig|HepG2,EIF6,96,96,0.5930686593055725,0.028674578294157982,-0.002840024186298251,9023,0.5347496982603077,0.43948221455164954,4,-0.05978411688444453
desc,C,hepg2_nadig|HepG2,KIF11,96,96,0.3865154981613159,0.012144934386014938,0.005654096137732267,9022,-0.2996771064973581,0.11753352360954822,3,-0.09977712676303568
desc,C,hepg2_nadig|HepG2,LMO2,96,96,0.1489732414484024,0.0031647365540266037,-0.004048867616802454,9023,-0.2606565132936319,0.10178520206471016,3,-0.25117122801299235
desc,C,hepg2_nadig|HepG2,PCBP2,96,96,0.22035300731658936,0.007468214258551598,-0.003983952570706606,9023,-0.07637695709665505,0.20156568823881005,4,-0.18924361175071475
desc,C,hepg2_nadig|HepG2,YRDC,96,96,0.20898526906967163,0.006356589030474424,-0.003833289025351405,9022,0.005839810100848275,0.18049653848120292,22,-0.04260816624221638
desc,C,hepg2_nadig|HepG2,CHTF18,95,95,0.348432719707489,0.01950913295149803,0.007899872958660126,9023,0.10892618997889887,0.2511398763661924,4,-0.11194013388165538
desc,C,hepg2_nadig|HepG2,DDX52,95,95,0.6486265659332275,0.024945979937911034,-0.004518608096987009,9021,0.6953846457362093,0.61154546363609,4,0.027894827214816696
desc,C,hepg2_nadig|HepG2,RPL4,95,95,0.4515342712402344,0.08132302761077881,0.0,9015,0.8510761249496939,0.7501741515857447,4,0.20304103096946458
desc,C,hepg2_nadig|HepG2,RPLP0,95,95,0.45145320892333984,0.0705711767077446,0.0,9023,0.8203255032049617,0.722314169913849,4,0.2114844935725782
desc,C,hepg2_nadig|HepG2,UTP18,95,95,0.6901779770851135,0.018565263599157333,-0.006551178637892008,9022,0.5100017092051684,0.5087052738640854,4,-0.016837752135629245
desc,C,hepg2_nadig|HepG2,ARCN1,94,94,0.6346535086631775,0.04751916229724884,0.013318236917257309,9023,0.5527844593607842,0.4622166547262701,4,0.17665669032818349
desc,C,hepg2_nadig|HepG2,DDB1,94,94,0.38940274715423584,0.03284495696425438,0.009781105443835258,9023,0.32661284197701146,0.24147484549237483,4,-0.18949085948933747
desc,C,hepg2_nadig|HepG2,EIF3I,94,94,0.7303507924079895,0.04865312948822975,-0.003223256440833211,9021,0.6707901751800388,0.6128800309081884,4,0.1570775971550253
desc,C,hepg2_nadig|HepG2,MON1A,94,94,5.1949083257341044e-08,0.0,-0.004773013759404421,9023,0.037991423409551736,0.211825162949014,3,-0.1299621303822371
desc,C,hepg2_nadig|HepG2,PARN,94,94,0.38115736842155457,0.017070451751351357,0.005700541194528341,9023,0.01022373525134621,0.2882249989638126,4,-0.09803488549636855
desc,C,hepg2_nadig|HepG2,URB2,94,94,0.6518760323524475,0.03384093567728996,-0.004195182118564844,9023,0.7386580527773726,0.6590432847832008,4,0.01080897449705441
desc,C,hepg2_nadig|HepG2,CDCA5,93,93,0.6376825571060181,0.04219219088554382,0.02051442116498947,9023,0.34126180321737226,0.1986469372101793,4,0.07188970845219246
desc,C,hepg2_nadig|HepG2,SRP14,93,93,0.4514882564544678,0.008126062341034412,0.0,9021,-0.1873686060042946,0.2454080786820892,20,0.015253963349772885
desc,C,hepg2_nadig|HepG2,TPR,93,93,0.611395537853241,0.03169698268175125,0.015558808110654354,9023,0.11263766173178609,0.3270584553351264,4,0.026888244874309974
desc,C,hepg2_nadig|HepG2,USP14,93,93,0.11078859120607376,0.004904198460280895,-0.0032630807254463434,9022,-0.11247537843750252,0.3262354235754134,3,-0.1457039023506438
desc,C,hepg2_nadig|HepG2,IMPDH2,92,92,0.40478694438934326,0.027573591098189354,0.008708005771040916,9023,0.22568239156285455,0.24207581423006677,4,-0.06425997439244269
desc,C,hepg2_nadig|HepG2,PRPF31,92,92,0.737180769443512,0.0392240509390831,0.0035170947667211294,9022,0.7102514202291444,0.6266153807240504,23,0.11668126600925113
desc,C,hepg2_nadig|HepG2,RAC3,92,92,0.42615094780921936,0.006117868237197399,-0.005014275200664997,9023,0.436800801304249,0.5778407719496305,4,0.04594555713353999
desc,C,hepg2_nadig|HepG2,RPS2,92,92,0.45162197947502136,0.0384085550904274,0.0,9023,0.7400058758451302,0.6986798574160663,4,0.13816406717309324
desc,C,hepg2_nadig|HepG2,SETX,92,92,0.29804763197898865,0.007880380377173424,-4.564613846014254e-05,9023,-0.12397382088324957,0.2778860535904575,3,0.03916691679681632
desc,C,hepg2_nadig|HepG2,STAT5B,92,92,0.2173452377319336,0.019418010488152504,-0.002665064064785838,9023,0.20481585024667776,0.29512204616222004,3,-0.13293387512090948
desc,C,hepg2_nadig|HepG2,SYMPK,92,92,0.76191246509552,0.03893579915165901,0.006748931482434273,9021,0.6024342513522554,0.6949868792006731,4,-0.02469534749937429
desc,C,hepg2_nadig|HepG2,WDR46,92,92,0.6118905544281006,0.021353499963879585,-0.005531357601284981,9023,0.6720204788405807,0.5897302550078865,4,0.025446692872802962
desc,C,hepg2_nadig|HepG2,CD3EAP,91,91,0.7182209491729736,0.05342046916484833,0.013736843131482601,9023,0.7280346260241566,0.6408336032761875,4,-0.03870760385392441
desc,C,hepg2_nadig|HepG2,FAU,91,91,0.4513857960700989,0.04057054594159126,0.0,9023,0.75786100058034,0.5765905748385458,23,0.18792724761071516
desc,C,hepg2_nadig|HepG2,MAD2L1,91,91,0.5494564771652222,0.027819214388728142,0.015681037679314613,9023,0.10222157149653827,0.3211498176517359,4,-0.20777849146387561
desc,C,hepg2_nadig|HepG2,POLR2D,91,91,0.7539971470832825,0.03448406234383583,0.012313753366470337,9023,0.5841578000980008,0.3304679263420759,4,-0.011233162874492053
desc,C,hepg2_nadig|HepG2,RPS27,91,91,0.4517533481121063,0.006222814787179232,0.0,9023,-0.44985478462691597,-0.059739101733969256,4,-0.05121855356675373
desc,C,hepg2_nadig|HepG2,TONSL,91,91,0.6119453310966492,0.05384957790374756,0.030865754932165146,9023,0.40696795256045276,0.30172760786918196,4,0.02006964060573993
desc,C,hepg2_nadig|HepG2,TUBB2A,91,91,0.2034333348274231,0.010168232955038548,-0.0014638209249824286,9023,-0.10309764930484613,0.3659325221286523,3,-0.01510680026262646
desc,C,hepg2_nadig|HepG2,DDX10,90,90,0.5653334856033325,0.03754445165395737,-0.0032931803725659847,9023,0.8209803919307971,0.7643457297682026,4,0.05610350689825806
desc,C,hepg2_nadig|HepG2,GTF2A1,90,90,0.6897644400596619,0.04104762151837349,0.015570317395031452,9017,0.3410587018532681,0.42079112533607094,4,-0.08546305602348726
desc,C,hepg2_nadig|HepG2,MBTPS2,90,90,0.27025607228279114,0.004981813952326775,-0.0032861544750630856,9020,-0.13945226835763405,0.3405727734309818,4,-0.2393495484202433
desc,C,hepg2_nadig|HepG2,MED11,90,90,0.7815580368041992,0.028764234855771065,0.007129435893148184,9023,0.5672252440881685,0.5248512018836115,4,-0.11110150514051287
desc,C,hepg2_nadig|HepG2,NAA25,90,90,0.4646235704421997,0.024074923247098923,0.00904697086662054,9023,0.15225040642845053,0.21149864973986574,4,-0.009996241094137619
desc,C,hepg2_nadig|HepG2,SIN3A,90,90,0.29757800698280334,0.015310769900679588,0.0033350272569805384,9023,0.16806689100267147,0.24058476936006615,4,-0.0470748544962566
desc,C,hepg2_nadig|HepG2,EMC7,89,89,0.16741131246089935,0.006240790709853172,-0.004557943902909756,9023,-0.09410876897464632,0.2858197000439668,4,-0.07093966228825051
desc,C,hepg2_nadig|HepG2,INTS9,89,89,0.7531422972679138,0.03204890713095665,0.00958646647632122,9023,0.6868535360700042,0.6159031831765055,4,0.04642342951263892
desc,C,hepg2_nadig|HepG2,PPP2CA,89,89,0.2789995074272156,0.009615752846002579,-0.0008192064706236124,9023,0.05623715637605608,0.05572418295068069,4,-0.14396737571360216
desc,C,hepg2_nadig|HepG2,RPL36,89,89,0.45154207944869995,0.08010591566562653,0.0,9005,0.9011344177148335,0.8246391428736443,4,0.14987438317219495
desc,C,hepg2_nadig|HepG2,TKT,89,89,0.12796427309513092,0.005346937570720911,-0.005432645790278912,9023,-0.1700452951613342,0.040882988285414416,4,-0.13831443077013406
desc,C,hepg2_nadig|HepG2,TNRC6A,89,89,0.650589108467102,0.02258325181901455,0.011243988759815693,9021,0.054117342859624766,0.4502220151887588,3,-0.04346029315539705
desc,C,hepg2_nadig|HepG2,DDX54,88,88,0.6884556412696838,0.024010319262742996,-0.013328262604773045,9023,0.5288773628659951,0.21494741333326225,4,-0.04453552191087318
desc,C,hepg2_nadig|HepG2,EXOSC3,88,88,0.8196567893028259,0.04030391201376915,0.00998238567262888,9023,0.6339764977694269,0.48024927555674624,23,0.08470656633977602
desc,C,hepg2_nadig|HepG2,MAD2L2,88,88,0.18023355305194855,0.008258071728050709,-0.00010284262680215761,9022,-0.07858933919373648,0.22285519211616442,4,-0.187885902352405
desc,C,hepg2_nadig|HepG2,NAGLU,88,88,0.14290839433670044,0.004600978922098875,-0.005336839240044355,9023,-0.22039671952315562,0.22857705178527019,4,-0.12726840176531845
desc,C,hepg2_nadig|HepG2,UTP23,88,88,0.7359848618507385,0.031563226133584976,-0.0003225233231205493,9022,0.5090667515342324,0.4631681784194761,4,-0.1412373488816609
desc,C,hepg2_nadig|HepG2,VARS,88,88,0.7857780456542969,0.04306337982416153,0.004419212695211172,9020,0.6541033474103167,0.6412327513331865,4,0.03631570870905984
desc,C,hepg2_nadig|HepG2,ZNF84,88,88,0.4613107740879059,0.0436105914413929,0.006907811388373375,9023,0.502411626561816,0.4498287833255488,3,0.03963177407264857
desc,C,hepg2_nadig|HepG2,CCT4,87,87,0.5618860721588135,0.052980877459049225,0.021343108266592026,9023,0.6302367346647868,0.5683722935589953,4,0.08719445231503567
desc,C,hepg2_nadig|HepG2,DPY19L4,87,87,0.20325274765491486,0.005473047029227018,-0.0038382578641176224,9023,-0.0887271357370377,0.27751768125523796,3,-0.1834601326968782
desc,C,hepg2_nadig|HepG2,HSPE1,87,87,0.5166407823562622,0.03215566277503967,0.0031575756147503853,9023,0.5764653170254572,0.5916204833487196,4,0.02871202338569272
desc,C,hepg2_nadig|HepG2,LRR1,87,87,0.6439209580421448,0.0493592768907547,0.028347760438919067,9023,0.2661339583277944,0.33629892376036036,4,-0.1618259886578607
desc,C,hepg2_nadig|HepG2,MOB4,87,87,0.44385743141174316,0.023495091125369072,0.010332641191780567,9023,-0.01686942850126867,0.2594802207923891,4,-0.2229396980501394
desc,C,hepg2_nadig|HepG2,NCL,87,87,0.5605171918869019,0.03818102553486824,0.0081034479662776,9023,0.7260671380359014,0.36290723276109693,4,0.04139823626783268
desc,C,hepg2_nadig|HepG2,NMD3,87,87,0.7235565781593323,0.040858231484889984,-0.005395976826548576,9023,0.7129002222678696,0.6566634200525834,4,0.056066245462831316
desc,C,hepg2_nadig|HepG2,SRP9,87,87,0.23026978969573975,0.006521768402308226,-0.0033148699440062046,9022,-0.06547198420599755,0.3397268661626652,22,-0.08484135915875496
desc,C,hepg2_nadig|HepG2,TBCE,87,87,0.2507784068584442,0.01539195142686367,0.0045651826076209545,9023,-0.15092245241985308,0.08776813378592789,4,-0.17248392197225823
desc,C,hepg2_nadig|HepG2,TRAIP,87,87,0.24991489946842194,0.014409051276743412,0.0013818303123116493,9023,-0.11815122172545144,0.21916314355861508,4,-0.07153113013862465
desc,C,hepg2_nadig|HepG2,CALR,86,86,0.4215109646320343,0.02237011305987835,0.00867010373622179,9023,0.03599085002200769,0.2895141882657922,3,-0.051639593743129715
desc,C,hepg2_nadig|HepG2,CNOT10,86,86,0.1392536461353302,0.0026904302649199963,-0.00357389310374856,9023,-0.18782012213963914,0.16150956825363386,3,0.026333569904912143
desc,C,hepg2_nadig|HepG2,DOHH,86,86,0.18104296922683716,0.0029138007666915655,-0.0049558295868337154,9021,-0.16723599263998365,0.3159205884715465,4,-0.16022889410227392
desc,C,hepg2_nadig|HepG2,EIF1AX,86,86,0.7811309695243835,0.0043382421135902405,-0.005123196169734001,9023,-0.1993317493294483,0.041318862768094725,23,-0.27280390928924847
desc,C,hepg2_nadig|HepG2,MRPS21,86,86,0.4519733190536499,0.013638130389153957,0.0,9023,0.07549719958511476,0.04782230913963196,4,-0.07198639620859429
desc,C,hepg2_nadig|HepG2,MTG2,86,86,0.21754960715770721,0.0046142227947711945,-0.0035011866129934788,9021,-0.08981968359838169,0.06601678353108756,4,-0.17845713912993272
desc,C,hepg2_nadig|HepG2,RPL26,86,86,0.452070027589798,0.054504089057445526,0.0,9022,0.7485924370042305,0.6849850075548326,4,0.1680118471262049
desc,C,hepg2_nadig|HepG2,SNAPC3,86,86,0.5394981503486633,0.014698121696710587,0.005215547978878021,9023,-0.2335430711494321,0.1890838156519416,4,-0.2236388179249206
desc,C,hepg2_nadig|HepG2,THAP11,86,86,0.261325865983963,0.005180656909942627,-0.0006316682556644082,9022,-0.2882980118021165,0.43559963157127446,23,-0.13079065189988293
desc,C,hepg2_nadig|HepG2,UTP20,86,86,0.7094293832778931,0.032617878168821335,-0.0008157190168276429,9023,0.7307624957710035,0.656368636165426,4,0.001959967959102943
desc,C,hepg2_nadig|HepG2,ZNF207,86,86,0.5455441474914551,0.02820231206715107,0.00957556813955307,9023,0.24035739201655124,0.33591426118893297,4,0.01736524637573852
desc,C,hepg2_nadig|HepG2,HERC1,85,85,0.6419588327407837,0.011166948825120926,0.00025908698444254696,9022,0.021224123532973652,0.3425295600359787,3,-0.23472882088406158
desc,C,hepg2_nadig|HepG2,IPO7,85,85,0.45163822174072266,0.01916402019560337,0.0,9023,0.12668111988141684,0.195927194130734,23,-0.17282462390083222
desc,C,hepg2_nadig|HepG2,NARS,85,85,0.8374086022377014,0.0403282530605793,0.005822379607707262,9021,0.5398225225349353,0.5130287830031891,4,-0.03242641738451408
desc,C,hepg2_nadig|HepG2,PKM,85,85,0.16854152083396912,0.005160339176654816,-0.0015744547126814723,9021,-0.04831800529947703,0.058410266877725284,4,-0.03487033348734504
desc,C,hepg2_nadig|HepG2,POLL,85,85,0.3787238597869873,0.03401964530348778,0.012335913255810738,9023,0.2168917216633661,0.48122719675987174,3,0.08635837131451214
desc,C,hepg2_nadig|HepG2,RARS2,85,85,0.11842801421880722,0.010513786226511002,-0.008346613496541977,9023,0.09013301018826213,0.37554755386731314,4,-0.21010660461433353
desc,C,hepg2_nadig|HepG2,RPP30,85,85,0.7511041760444641,0.024554990231990814,-0.007658419664949179,9022,0.6364495304964388,0.5530935253298926,4,-0.01706116351398004
desc,C,hepg2_nadig|HepG2,UBL5,85,85,0.6962844133377075,0.028599873185157776,0.004537817556411028,9022,0.5988431494606781,0.5756807405916547,4,0.2846587540862637
desc,C,hepg2_nadig|HepG2,DNAJC8,84,84,0.4253803789615631,0.013411952182650566,0.005925105419009924,9021,-0.18771725691360852,0.3201197851744755,4,-0.08520673930102779
desc,C,hepg2_nadig|HepG2,DPH1,84,84,0.22619576752185822,0.007730795536190271,-0.002666192129254341,9022,0.037000906542582646,0.16033875576187806,4,-0.10955361914982856
desc,C,hepg2_nadig|HepG2,EXOSC8,84,84,0.8103280067443848,0.038038261234760284,0.009130900725722313,9023,0.6028829459290725,0.5116605585033691,23,0.14769857362886915
desc,C,hepg2_nadig|HepG2,GNPNAT1,84,84,0.12918107211589813,0.003198274178430438,-0.002061087405309081,9021,-0.2343061243056397,0.2533054489721486,4,-0.18893175760373557
desc,C,hepg2_nadig|HepG2,NOLC1,84,84,0.716422438621521,0.019573919475078583,-0.003812596667557955,9023,0.34110353523954,0.3777885275835614,22,-0.1990459530811598
desc,C,hepg2_nadig|HepG2,PELP1,84,84,0.7362217307090759,0.053074631839990616,0.0049239108338952065,9020,0.6803039928313989,0.6479125270644406,4,0.030196523833429845
desc,C,hepg2_nadig|HepG2,PES1,84,84,0.668229877948761,0.0542018860578537,-0.0003775054356083274,9022,0.8171309557420977,0.5673392478615551,4,0.09723693736873222
desc,C,hepg2_nadig|HepG2,RBM39,84,84,0.7158167362213135,0.014423180371522903,-0.00027347044670023024,9023,0.1424359258786796,0.31995915779283673,4,-0.1722772453839733
desc,C,hepg2_nadig|HepG2,RRP9,84,84,0.630871057510376,0.01134460885077715,-0.005659020040184259,9023,0.17594657421483648,0.3108944520824504,4,-0.13244408691498363
desc,C,hepg2_nadig|HepG2,WDR26,84,84,0.3783434331417084,0.017752235755324364,0.007871298119425774,9023,-0.21361187797055087,0.29735320875629995,4,-0.129914561827696
desc,C,hepg2_nadig|HepG2,ZNF133,84,84,0.23587433993816376,0.007703662849962711,-0.0009392584324814379,9021,-0.15529858847703584,0.14910281561059827,4,-0.2657765603979645
desc,C,hepg2_nadig|HepG2,ZNF706,84,84,0.2518387734889984,0.004452785011380911,-0.0031995130702853203,9022,-0.27624370170947765,0.09697501931704501,3,-0.1182228931032361
desc,C,hepg2_nadig|HepG2,CTDP1,83,83,0.5866519808769226,0.009631134569644928,0.0011096409289166331,9023,0.0918013379666898,0.19889700593516021,4,-0.16827560582504275
desc,C,hepg2_nadig|HepG2,GPN3,83,83,0.7285353541374207,0.034279752522706985,0.008850952610373497,9014,0.659428391156102,0.6419360509376743,4,0.006068826835233864
desc,C,hepg2_nadig|HepG2,INTS11,83,83,0.6632991433143616,0.05187432840466499,0.017470890656113625,9022,0.4915915953927864,0.34058499264973835,22,-0.0632720171635053
desc,C,hepg2_nadig|HepG2,LSG1,83,83,0.7498461008071899,0.03555809706449509,-0.012241080403327942,9021,0.8943673133373294,0.7848941887838294,4,0.19966815352859957
desc,C,hepg2_nadig|HepG2,MPHOSPH10,83,83,0.7267366051673889,0.029950423166155815,-0.00573301175609231,9023,0.7332174122358138,0.6582075455746729,4,0.11559136661847089
desc,C,hepg2_nadig|HepG2,MPHOSPH6,83,83,0.6340796947479248,0.018199432641267776,-0.0022699334658682346,9022,0.27324912189385464,0.3963089806525423,3,-0.13461878071058617
desc,C,hepg2_nadig|HepG2,NAPG,83,83,0.20828382670879364,0.006101233419030905,-0.0015705757541581988,9020,-0.053427441695777685,0.27904978305326705,4,0.0593009078543537
desc,C,hepg2_nadig|HepG2,NSA2,83,83,0.7214285731315613,0.046221017837524414,0.002594520105049014,9023,0.716108131385346,0.6043912498328682,4,0.007308313746279363
desc,C,hepg2_nadig|HepG2,PRKRIP1,83,83,0.45156535506248474,0.009164155460894108,0.0,9021,-0.28632214268773365,0.21806025964474834,4,-0.2680876037091202
desc,C,hepg2_nadig|HepG2,SEH1L,83,83,0.3621876835823059,0.014648034237325191,0.0027095279656350613,9023,0.18339351466804657,0.31146365182084085,4,-0.06972853061741725
desc,C,hepg2_nadig|HepG2,DNMT1,82,82,0.4216564893722534,0.03203212469816208,0.015383333899080753,9022,-0.05837889815383068,0.31322147615607215,5,-0.16548318735979528
desc,C,hepg2_nadig|HepG2,E4F1,82,82,0.35709425806999207,0.030850660055875778,0.005673503968864679,9020,0.33455238337737164,0.567971644687036,23,-0.0228619101033925
desc,C,hepg2_nadig|HepG2,MCL1,82,82,0.16624349355697632,0.002432457637041807,-0.004315651953220367,9022,-0.278286500751727,0.14461644803201554,4,-0.26331556340994183
desc,C,hepg2_nadig|HepG2,POP4,82,82,0.7558395862579346,0.03141286224126816,-0.005781301762908697,9022,0.8026002910107478,0.7536060771133954,4,0.17679114362517132
desc,C,hepg2_nadig|HepG2,RPP21,82,82,0.32896289229393005,0.003735095728188753,-0.007781608030200005,9022,0.0625149322699109,0.31953963984941103,23,-0.07826669108109892
desc,C,hepg2_nadig|HepG2,SCAF1,82,82,0.49153900146484375,0.011611646972596645,-0.016228055581450462,9022,0.3761074510181832,0.47934456332553455,4,0.17160449595317503
desc,C,hepg2_nadig|HepG2,TUBGCP5,82,82,0.3714604377746582,0.020776420831680298,0.006025663577020168,9021,0.2304888128096433,0.23422361367191324,4,0.020329452126015325
desc,C,hepg2_nadig|HepG2,WDR43,82,82,0.6836310625076294,0.05065884068608284,0.005549716763198376,9022,0.750528365935284,0.6021950699845195,4,0.11642875320233476
desc,C,hepg2_nadig|HepG2,BTF3L4,81,81,0.23075325787067413,0.0049996632151305676,-0.0022459100000560284,9022,-0.19428647277221053,0.18637525682938832,4,-0.13333545319051252
desc,C,hepg2_nadig|HepG2,DYNLL2,81,81,0.22011372447013855,0.00894863624125719,-0.0021844457369297743,9023,-0.10771797714705278,0.26608340814829906,3,-0.2428055581482186
desc,C,hepg2_nadig|HepG2,MIS18BP1,81,81,0.29813310503959656,0.02020358107984066,-0.002193619729951024,9023,0.34587174760332084,0.5125278958645626,4,-0.10790552049080826
desc,C,hepg2_nadig|HepG2,MTBP,81,81,0.6043243408203125,0.07427919656038284,0.03846066817641258,9023,0.537224098644688,0.4108653785986301,4,0.07877338880273542
desc,C,hepg2_nadig|HepG2,MTOR,81,81,0.360553503036499,0.016548531129956245,0.005364755168557167,9022,-0.0921671612299368,0.22105704348315763,4,-0.2143196066456893
desc,C,hepg2_nadig|HepG2,PRELID3B,81,81,0.485662579536438,0.04470337927341461,0.002162979217246175,9022,0.6013792820161672,0.5424166190413171,4,-0.03916331745104712
desc,C,hepg2_nadig|HepG2,RPL18,81,81,0.4513259828090668,0.07549998164176941,0.0,9016,0.8188606138058981,0.7851348093822859,4,0.18214150666428505
desc,C,hepg2_nadig|HepG2,SETD1A,81,81,0.7583698630332947,0.04386450722813606,0.012767432257533073,9023,0.4981115465500975,0.4533572517908136,23,0.022843338269015346
desc,C,hepg2_nadig|HepG2,SUPT20H,81,81,0.6180627346038818,0.027488067746162415,0.010977369733154774,9021,0.23737173457441957,0.29230941890743706,3,0.02568372053400497
desc,C,hepg2_nadig|HepG2,TUBA1B,81,81,0.27937236428260803,0.014527851715683937,9.638244955567643e-05,9022,0.201560782743659,0.2077094444507387,4,-0.1450519432396442
desc,C,hepg2_nadig|HepG2,ZFP69B,81,81,0.13139542937278748,0.004780875984579325,-0.0051096719689667225,9023,-0.13069736227823356,0.15130805753920953,4,-0.04818228998403505
desc,C,hepg2_nadig|HepG2,ACOT12,80,80,0.17925606667995453,0.0058465320616960526,-0.0039667184464633465,9022,-0.20032248185374116,0.14849379138702187,4,-0.3041312024492697
desc,C,hepg2_nadig|HepG2,ANAPC11,80,80,0.3816598653793335,0.011753102764487267,0.003577339928597212,9023,-0.2452330040395855,0.13236412492873384,4,-0.008909692223225676
desc,C,hepg2_nadig|HepG2,C1orf109,80,80,0.13975605368614197,0.0039103589951992035,-0.0037280425895005465,9023,-0.15573331388330525,0.14285233840548317,4,-0.0936606019132322
desc,C,hepg2_nadig|HepG2,CPNE7,80,80,0.3353753983974457,0.013965924270451069,0.002250412944704294,9022,0.06275519972504649,0.23324423378671377,4,-0.06003202184304114
desc,C,hepg2_nadig|HepG2,DCTN3,80,80,0.293396919965744,0.021677348762750626,0.0026962964329868555,9023,0.2346087962408768,0.4228903026727505,4,-0.13399904930639628
desc,C,hepg2_nadig|HepG2,KIF18B,80,80,0.5915129780769348,0.03812115266919136,0.00848156027495861,9023,0.5195794157058833,0.4694039450270508,4,-0.05757964427619525
desc,C,hepg2_nadig|HepG2,NUB1,80,80,0.12742838263511658,0.0023377854377031326,-0.004097408149391413,9021,-0.277065557313872,0.4308064299820181,3,-0.26133863136784935
desc,C,hepg2_nadig|HepG2,POLR2F,80,80,0.7481895685195923,0.030519410967826843,0.006511971354484558,9023,0.4743983252132729,0.42059752219749347,4,-0.04217434463771298
desc,C,hepg2_nadig|HepG2,POLR2M,80,80,0.3591308891773224,0.011152355000376701,0.00489539559930563,9023,-0.2721120065239396,0.294133233928769,3,0.08850724157198253
desc,C,hepg2_nadig|HepG2,SRPRB,80,80,0.1812223643064499,0.005630650091916323,-0.003293295158073306,9022,0.05353166963621581,0.3509738598297629,4,-0.11491842802479915
desc,C,hepg2_nadig|HepG2,ACTR2,79,79,0.22828160226345062,0.012189577333629131,0.00022847022046335042,9023,-0.02516417530593365,0.2131309907677746,4,-0.11637905565684334
desc,C,hepg2_nadig|HepG2,CADM4,79,79,0.24264183640480042,0.005895639304071665,-0.002863604109734297,9022,-0.18169568010509793,0.028801466151698013,4,-0.04961620626831386
desc,C,hepg2_nadig|HepG2,CD8B,79,79,0.18413695693016052,0.003655184293165803,-0.005902573466300964,9022,-0.2321420674894275,0.16276522777898933,4,-0.109820751296093
desc,C,hepg2_nadig|HepG2,CDK2,79,79,0.25686416029930115,0.007395985070616007,-0.0009931589011102915,9022,-0.1274026021626499,0.2871406894779783,4,-0.08925382429502163
desc,C,hepg2_nadig|HepG2,CSH2,79,79,0.18793366849422455,0.007612093351781368,-0.0029098994564265013,9022,-0.03603254803037028,0.02190061147259889,4,-0.12489326569701664
desc,C,hepg2_nadig|HepG2,GARS,79,79,0.6732892394065857,0.02277199923992157,0.007303410675376654,9022,0.31456653159022924,0.2539828933007312,23,-0.17419364816203725
desc,C,hepg2_nadig|HepG2,NXF1,79,79,0.38409510254859924,0.021393410861492157,0.007635151501744986,9023,-0.23367801563318397,0.01797864446107594,4,-0.13325317391296918
desc,C,hepg2_nadig|HepG2,PDCD6IP,79,79,0.22375479340553284,0.007985507138073444,-0.0034779810812324286,9022,-0.05026507020088153,0.32077196758395526,4,-0.12095659730436371
desc,C,hepg2_nadig|HepG2,PHF10,79,79,0.17842520773410797,0.010254526510834694,-0.0024750428274273872,9020,-0.2063955218084963,0.2814388092119643,4,-0.19770071002636272
desc,C,hepg2_nadig|HepG2,PRSS50,79,79,0.4514925479888916,0.009042078629136086,0.0,9023,-0.38361983950553524,-0.03944029012878075,3,-0.19869032531510428
desc,C,hepg2_nadig|HepG2,QARS,79,79,0.7891950607299805,0.03872848302125931,0.006068900693207979,9021,0.5519432988477834,0.5236141772865939,4,-0.05768302212862576
desc,C,hepg2_nadig|HepG2,RAB4A,79,79,0.2404269278049469,0.0070925187319517136,-0.003200295614078641,9022,-0.19990502013803657,0.24799917580254488,4,-0.06874274216969833
desc,C,hepg2_nadig|HepG2,RPS19,79,79,0.45117631554603577,0.057451654225587845,0.0,8993,0.8769991331867586,0.8452451669751461,4,0.15826152078909878
desc,C,hepg2_nadig|HepG2,SDHAF2,79,79,0.16098462045192719,0.003840067656710744,-0.004059936385601759,9021,-0.15396926251311993,0.14086560316278782,4,-0.10555333483879487
desc,C,hepg2_nadig|HepG2,TERF2,79,79,0.5068894028663635,0.05175510793924332,0.017505284398794174,9023,0.6205074127460671,0.628934868218331,4,-0.009665410261573535
desc,C,hepg2_nadig|HepG2,UTP6,79,79,0.6871986389160156,0.023018531501293182,-0.0031588326673954725,9022,0.4236535174016863,0.27062890863092665,4,-0.11648754881386805
desc,C,hepg2_nadig|HepG2,WDR74,79,79,0.6434427499771118,0.02483280934393406,-0.0016935303574427962,9023,0.4879303745839088,0.21024065712904533,4,-0.05927663403751551
desc,C,hepg2_nadig|HepG2,ACIN1,78,78,0.24377968907356262,0.005860577337443829,-0.0022141903173178434,9023,-0.29162747472623995,0.19589811597884685,4,-0.1824297573089821
desc,C,hepg2_nadig|HepG2,ANAPC1,78,78,0.6077355742454529,0.02418791875243187,0.013159137219190598,9023,-0.052901564087810646,0.18626514914426934,4,-0.20699877958474866
desc,C,hepg2_nadig|HepG2,CIAO1,78,78,0.33659571409225464,0.00995380338281393,0.0020085196010768414,9020,-0.33817260727376836,0.26794259295768,4,-0.2406427486456434
desc,C,hepg2_nadig|HepG2,COPS2,78,78,0.6875407099723816,0.040518347173929214,0.013704333454370499,9021,0.4102099020451003,0.3481427017124433,4,-0.11176493200385723
desc,C,hepg2_nadig|HepG2,DIMT1,78,78,0.7255414128303528,0.024561280384659767,-0.006810089107602835,9023,0.6186129374173531,0.535986386877763,23,0.03223373328370854
desc,C,hepg2_nadig|HepG2,EIF2S1,78,78,0.794258713722229,0.07128866016864777,0.017544636502861977,8996,0.5682828267272835,0.5828747935065838,4,0.10497132271345741
desc,C,hepg2_nadig|HepG2,GRB2,78,78,0.24537597596645355,0.00867115706205368,-0.0006554689607582986,9023,-0.11450541679799546,0.22122422938227354,23,-0.23405284705505683
desc,T,h1_vcc2025|H1,TET1,500,2428,0.5002583265304565,0.005677598994225264,4.786379213328473e-05,15674,-0.5251785178124686,,0,0.41025465021279384
desc,T,h1_vcc2025|H1,IGF1R,500,2056,0.5167194604873657,0.006073383614420891,0.00016408877854701132,15634,-0.5802603595283189,,0,0.37232840509323817
desc,T,h1_vcc2025|H1,KDR,500,2056,0.5223538875579834,0.005658334121108055,1.681592402746901e-05,15694,-0.5595020743408576,,0,0.469696388788081
desc,T,replogle_rpe1|RPE1,SLC1A5,500,1962,0.40192532539367676,0.005800979677587748,0.00044602382695302367,8259,-0.3685368793859689,,0,-0.34775421848291505
desc,T,h1_vcc2025|H1,PAGR1,500,1953,0.5146748423576355,0.006862363778054714,0.00014665884373243898,15681,-0.589629472356955,,0,0.4350948970124174
desc,T,h1_vcc2025|H1,KLF10,500,1932,0.49398237466812134,0.005541440099477768,6.813192885601893e-05,15677,-0.5096837749051705,,0,0.4293560745357348
desc,T,h1_vcc2025|H1,POLB,500,1905,0.7204862236976624,0.0003334716020617634,-0.005448761396110058,15693,-0.0912949291225437,,0,0.25719595825363417
desc,T,jurkat_nadig|Jurkat,SLC1A5,500,1740,0.5524454116821289,0.004389801062643528,0.0009889401262626052,8283,-0.4243330187121314,,0,-0.39256547307625517
desc,T,h1_vcc2025|H1,SMARCB1,500,1706,0.5108124613761902,0.008287519216537476,0.0007078254711814225,15727,-0.3210105852417469,,0,0.5319370022619027
desc,T,h1_vcc2025|H1,ANTXR1,500,1448,0.4899868071079254,0.0056997924111783504,-2.2970449208514765e-05,15720,-0.6377319169483369,,0,0.34550821896860495
desc,T,jurkat_nadig|Jurkat,GTF3C4,500,1293,0.5738570690155029,0.005245436914265156,0.0010298796696588397,8283,-0.09401420382035976,,0,-0.005988296312869452
desc,T,h1_vcc2025|H1,NIT1,500,1287,0.4851166903972626,0.004103702958673239,2.8298276447458193e-05,15644,-0.6046387466477448,,0,0.455193757468391
desc,T,h1_vcc2025|H1,USF2,500,1207,0.49792423844337463,0.009969552047550678,0.001045574783347547,15862,-0.5586391696693664,,0,0.587800014709627
desc,T,h1_vcc2025|H1,NRAS,500,1172,0.4899337887763977,0.005325363948941231,1.551596142235212e-05,15669,-0.6043904507442998,,0,0.37310287892556626
desc,T,replogle_k562_gwps|K562,SIMC1,500,1169,0.3060711622238159,0.002639931859448552,0.0014699032763019204,7679,-0.3204692067108182,,0,-0.2665084524948469
desc,T,h1_vcc2025|H1,EID2,500,1167,0.5194093585014343,0.005833978299051523,-2.9713453841395676e-05,15712,-0.5728273078996877,,0,0.4380435670950643
desc,T,replogle_rpe1|RPE1,CCDC6,500,1086,0.2719743847846985,0.005604258738458157,0.0006138591561466455,8259,-0.2742280086857458,,0,-0.2969333989481952
desc,T,h1_vcc2025|H1,MKI67,500,968,0.5867300629615784,0.005841552745550871,-0.00026575932861305773,15694,-0.4689399900329704,,0,0.4595064021984722
desc,T,replogle_rpe1|RPE1,GTF3C4,500,941,0.5027751326560974,0.016334088519215584,0.0007897661998867989,8259,0.7614693489818731,,0,0.7274711430394478
desc,T,replogle_k562_gwps|K562,SLC1A5,500,868,0.29845064878463745,0.003432823345065117,0.0017546018352732062,7679,0.18581111493784505,,0,0.21509306980511744
desc,T,replogle_k562_gwps|K562,CHPF,500,798,0.30633556842803955,0.0028381976298987865,0.0013575410703197122,7679,-0.3181079520531764,,0,-0.2704524683736231
desc,T,jurkat_nadig|Jurkat,CCDC6,500,796,0.5333734154701233,0.006016924977302551,0.0012269365834072232,8283,-0.14162445939186505,,0,0.16152056764543957
desc,T,replogle_k562_gwps|K562,ZNF718,500,793,0.32087773084640503,0.0034621478989720345,0.002195655833929777,7679,0.1778770655251592,,0,0.2154841037454313
desc,T,replogle_k562_gwps|K562,PSMG3,500,791,0.3049468398094177,0.004473912063986063,0.002498280955478549,7679,0.38123685553503517,,0,0.42970551558818143
desc,T,jurkat_nadig|Jurkat,GTF2E2,500,744,0.7381568551063538,0.01598462462425232,0.004668894689530134,8283,0.876670638927617,,0,0.6680875835566189
desc,T,replogle_k562_gwps|K562,ZNF580,500,736,0.2506454885005951,0.003371576080098748,0.0013450870756059885,7679,-0.042323320031866236,,0,-0.09946084316108746
desc,T,replogle_k562_gwps|K562,ABCA7,500,707,0.32279154658317566,0.002810915233567357,0.0013891528360545635,7679,-0.20671638742497192,,0,-0.022714620150721947
desc,T,replogle_k562_gwps|K562,SNX15,500,697,0.31907138228416443,0.003237194614484906,0.00140620197635144,7679,-0.05177600836837203,,0,0.006400159003737
desc,T,jurkat_nadig|Jurkat,TRNT1,500,663,0.5746168494224548,0.004446923267096281,0.000533177109900862,8283,0.0009468165496700897,,0,0.2118442162870167
desc,T,h1_vcc2025|H1,SIX4,500,642,0.49890488386154175,0.0052600740455091,-0.0001674391096457839,15678,-0.6778211340622147,,0,0.4252389234064349
desc,T,replogle_k562_essential|K562,SNX15,500,637,0.19929274916648865,0.0032714689150452614,0.0025706503074616194,7938,0.3865795252007445,,0,0.6141540721974851
desc,T,replogle_k562_gwps|K562,COPG1,500,612,0.3032448887825012,0.002794817788526416,0.0013429522514343262,7679,-0.09196867029134188,,0,-0.1177787118683453
desc,T,replogle_k562_gwps|K562,PKN1,500,584,0.30023184418678284,0.002898326376453042,0.0015931864036247134,7679,-0.31427321112642015,,0,-0.21610421160439572
desc,T,replogle_rpe1|RPE1,TPT1,500,583,0.3978511393070221,0.006016894709318876,0.0,8259,0.17219296519934776,,0,0.22480657859059336
desc,T,replogle_k562_gwps|K562,HLCS,500,558,0.3273437023162842,0.0033319909125566483,0.0016138688661158085,7679,-0.24484040484211675,,0,-0.11470723626717312
desc,T,replogle_k562_essential|K562,PMPCB,500,551,0.2800405025482178,0.008104115724563599,0.006627821363508701,7938,0.8758214851313918,,0,0.7743677232609278
desc,T,replogle_k562_gwps|K562,SEMA4C,500,542,0.3306708037853241,0.002957274904474616,0.0017621852457523346,7679,-0.061609890722790495,,0,0.05208071491080962
desc,T,replogle_k562_gwps|K562,TSEN34,500,540,0.420721173286438,0.002674590330570936,0.001540582743473351,7679,-0.3259062600246506,,0,-0.14530194455298479
desc,T,replogle_k562_gwps|K562,PDCD5,500,527,0.30599212646484375,0.003218262456357479,0.001987677998840809,7679,0.27714514130384216,,0,0.23576801100448322
desc,T,replogle_k562_gwps|K562,PPFIA3,500,518,0.32790642976760864,0.0027851946651935577,0.0017453909385949373,7679,-0.37535382588619254,,0,-0.2908236557282244
desc,T,replogle_k562_gwps|K562,ZBTB7C,500,513,0.3753923773765564,0.002911010291427374,0.0012808743631467223,7679,-0.24742329325675577,,0,-0.18039350951401237
desc,T,h1_vcc2025|H1,TMBIM6,500,505,0.5890201926231384,0.0048021976836025715,-0.0014069917378947139,15654,-0.2688395116552548,,0,0.4050592704525089
desc,T,replogle_k562_gwps|K562,PARP2,500,505,0.34980958700180054,0.0025682314299046993,0.0012792946072295308,7679,-0.25656960801556417,,0,-0.2768998184017906
desc,T,replogle_k562_gwps|K562,DES,499,499,0.32074257731437683,0.002953914925456047,0.0014916430227458477,7679,-0.36766402936820697,,0,-0.27341133238557525
desc,T,replogle_k562_essential|K562,TIMM23B,498,498,0.3261587619781494,0.003739486914128065,0.0,7938,0.5066572202371834,,0,0.802205497514425
desc,T,replogle_k562_essential|K562,SLC1A5,490,490,0.22353945672512054,0.0013975899200886488,0.0010317843407392502,7938,-0.24011145793350389,,0,-0.049774431290431055
desc,T,replogle_k562_gwps|K562,FADS2,489,489,0.297173410654068,0.0027993435505777597,0.0015212760772556067,7679,-0.24990533019454605,,0,0.005621749148275191
desc,T,replogle_k562_gwps|K562,KLF10,487,487,0.32133620977401733,0.002884186804294586,0.0015110393287613988,7679,-0.15320339401948935,,0,-0.10870543288185587
desc,T,replogle_k562_gwps|K562,HMBS,479,479,0.3177505433559418,0.003006369573995471,0.001566687598824501,7679,-0.2955264355499971,,0,-0.20162755477288002
desc,T,jurkat_nadig|Jurkat,PPP1R37,478,478,0.5419647097587585,0.007301292847841978,0.0014280792092904449,8283,0.28671757290967625,,0,0.2954567292761839
desc,T,replogle_k562_gwps|K562,SLC12A5,475,475,0.30153796076774597,0.0034907737281173468,0.0020634732209146023,7679,0.06812719837399084,,0,-0.07231177514219297
desc,T,replogle_k562_gwps|K562,STAT5A,474,474,0.33736541867256165,0.003302985802292824,0.0015503116883337498,7679,0.09981359801066207,,0,0.07503032585955993
desc,T,replogle_k562_gwps|K562,UFL1,473,473,0.31057316064834595,0.0031756556127220392,0.0013053525472059846,7679,-0.14133338118642955,,0,-0.00201505077436198
desc,T,replogle_k562_gwps|K562,REST,472,472,0.3222748041152954,0.0036459611728787422,0.0013419477036222816,7679,0.27382806270109133,,0,0.34604262830605553
desc,T,replogle_k562_gwps|K562,YEATS4,471,471,0.4479295611381531,0.002073205541819334,0.0008890139870345592,7679,-0.1932897136053566,,0,-0.0918214520985395
desc,T,replogle_k562_essential|K562,MZT1,454,454,0.2185947746038437,0.0017911309842020273,0.0014725950313732028,7938,0.19406347581207364,,0,0.5068215146502992
desc,T,replogle_k562_gwps|K562,HIF3A,453,453,0.33285290002822876,0.0026663015596568584,0.0016714566154405475,7679,-0.31027760050220626,,0,-0.18934428937214207
desc,T,replogle_k562_gwps|K562,ACTR1A,451,451,0.34010645747184753,0.0030605269130319357,0.001606644131243229,7679,-0.16546229004748642,,0,-0.02660088214930498
desc,T,replogle_k562_gwps|K562,RELB,451,451,0.30309951305389404,0.0027778935618698597,0.0018337252549827099,7679,-0.2895002479421433,,0,-0.08469097987355859
desc,T,replogle_k562_gwps|K562,EXOC3,450,450,0.3155815601348877,0.0029907759744673967,0.0018052401719614863,7679,-0.3093600345097581,,0,-0.18296179844512855
desc,T,h1_vcc2025|H1,DZIP3,447,447,0.48561856150627136,0.005386895500123501,3.248035500291735e-05,15593,-0.5827270670147591,,0,0.3874374623554161
desc,T,replogle_k562_gwps|K562,PCCB,442,442,0.3541247248649597,0.003164488822221756,0.0012595381122082472,7679,0.05301875715047767,,0,0.16118921447092685
desc,T,replogle_k562_essential|K562,PSMG3,439,439,0.20712678134441376,0.0017243950860574841,0.0014500936958938837,7938,0.04362352041606781,,0,-0.03880022097581904
desc,T,replogle_k562_gwps|K562,RNF170,435,435,0.2811070680618286,0.003221321851015091,0.0016201677499338984,7679,-0.10165705144574065,,0,-0.04680529316953057
desc,T,replogle_rpe1|RPE1,ZNF718,435,435,0.2657639682292938,0.007330875378102064,0.000506129115819931,8259,-0.19738546019131142,,0,-0.18069958145439102
desc,T,replogle_k562_gwps|K562,CALCOCO2,434,434,0.2977151870727539,0.0026354158762842417,0.0011787713738158345,7679,-0.1502247294402857,,0,-0.015481814564117654
desc,T,replogle_k562_gwps|K562,SMARCB1,431,431,0.3191635012626648,0.0032373270951211452,0.0017751478590071201,7679,-0.20036197534407313,,0,-0.03569295530190317
desc,T,replogle_k562_gwps|K562,RIPK1,423,423,0.33742445707321167,0.0030394576024264097,0.0013393585104495287,7679,-0.3156916695266998,,0,-0.1768566903087206
desc,T,replogle_k562_gwps|K562,RPUSD1,423,423,0.37239623069763184,0.0031955791637301445,0.0013968152925372124,7679,-0.04380148492021129,,0,-0.009766091439342272
desc,T,replogle_k562_gwps|K562,TIMP1,418,418,0.2905747890472412,0.0033397735096514225,0.0014715887373313308,7679,0.031434676652638306,,0,0.08031685347491045
desc,T,replogle_k562_gwps|K562,PMPCB,417,417,0.33410388231277466,0.011063853278756142,0.000777865294367075,7679,0.885488284159674,,0,0.7899234894209398
desc,T,replogle_k562_gwps|K562,SERINC3,416,416,0.29444772005081177,0.0031765492167323828,0.00140016945078969,7679,0.1376329616941963,,0,0.17608327003397745
desc,T,replogle_k562_gwps|K562,GFER,415,415,0.3330833613872528,0.010738394223153591,0.005502830725163221,7679,0.8037791646690915,,0,0.5759143639874701
desc,T,replogle_k562_gwps|K562,KIF5B,413,413,0.34643498063087463,0.002976355142891407,0.0015524704940617085,7679,0.0026338346415230615,,0,0.00504108649096872
desc,T,replogle_k562_gwps|K562,UROD,412,412,0.3397752046585083,0.002467929385602474,0.0015285402769222856,7679,-0.4061834798062047,,0,-0.29195878207675546
desc,T,replogle_k562_gwps|K562,USF2,408,408,0.3142874538898468,0.0027021062560379505,0.0016886063385754824,7679,-0.3216046240938264,,0,-0.16095333381940877
desc,T,replogle_k562_gwps|K562,ZNF273,406,406,0.31156426668167114,0.0031588624697178602,0.0016444604843854904,7679,-0.12642586298180253,,0,0.026018872240243508
desc,T,replogle_k562_gwps|K562,PPP4R2,405,405,0.28440314531326294,0.003923940006643534,0.0014636198757216334,7679,0.08231721149069429,,0,-0.026327658390240358
desc,T,replogle_k562_gwps|K562,TNIP1,404,404,0.27478545904159546,0.0020747689995914698,0.0008798956987448037,7679,-0.3146525567548492,,0,-0.18109288847663046
desc,T,replogle_k562_gwps|K562,TRNP1,403,403,0.30984562635421753,0.0033537903800606728,0.0015166428638622165,7679,-0.3927459414322342,,0,-0.41958306978447285
desc,T,replogle_k562_essential|K562,SNRPG,402,402,0.3788549602031708,0.015895813703536987,0.014472047798335552,7938,0.8679709823763062,,0,0.8186941554504418
desc,T,replogle_k562_gwps|K562,PFKFB4,402,402,0.31397151947021484,0.0026699055451899767,0.0016652599442750216,7679,-0.2918880819440411,,0,-0.1730973937324391
desc,T,jurkat_nadig|Jurkat,DDX55,400,400,0.6552101969718933,0.00867542251944542,0.0024253353476524353,8283,0.6087950771133983,,0,0.23492248915002104
desc,T,replogle_k562_gwps|K562,DNAJB11,399,399,0.3306785225868225,0.003822584170848131,0.001628590514883399,7679,0.22133047647313928,,0,0.283544152518793
desc,T,replogle_k562_essential|K562,DNAJC19,398,398,0.2683298885822296,0.014998485334217548,0.011098497547209263,7938,0.8504046392666867,,0,0.7632526147323845
desc,T,replogle_k562_gwps|K562,ARL2BP,398,398,0.32229435443878174,0.0031172647140920162,0.0018339641392230988,7679,-0.25812004249692877,,0,-0.20984965343975623
desc,T,replogle_k562_gwps|K562,MIER1,393,393,0.32957103848457336,0.0045638177543878555,0.0019390778616070747,7679,0.3955638156135263,,0,0.27477833528628504
desc,T,replogle_k562_gwps|K562,MZT1,393,393,0.26539361476898193,0.0038534326013177633,0.002015757840126753,7679,0.08995479392346611,,0,0.33309952825296213
desc,T,replogle_k562_gwps|K562,TRIOBP,392,392,0.3165651261806488,0.003613522741943598,0.0009863149607554078,7679,0.08171468298148808,,0,0.0813260207627877
desc,T,replogle_k562_gwps|K562,DOK4,390,390,0.3736216127872467,0.003274282207712531,0.0009362201672047377,7679,0.03496822061781213,,0,0.07342193344718827
desc,T,replogle_k562_gwps|K562,FDXR,386,386,0.30247852206230164,0.0028798342682421207,0.0015962633769959211,7679,-0.3445942776028622,,0,-0.16735930716155484
desc,T,replogle_k562_gwps|K562,TRNT1,386,386,0.3573741614818573,0.007741676643490791,0.004124391358345747,7679,0.6388230466102284,,0,0.403841716120568
desc,T,replogle_k562_gwps|K562,ZNF284,386,386,0.3208938241004944,0.0024225907400250435,0.001631507882848382,7679,-0.48867582924981157,,0,-0.2715919218509524
desc,T,replogle_k562_gwps|K562,PRDM13,385,385,0.3382470905780792,0.0030955004040151834,0.0015407486353069544,7679,-0.13681310849102432,,0,-0.007261976019341167
desc,T,replogle_k562_gwps|K562,ATP13A2,382,382,0.32083216309547424,0.003528052708134055,0.00173441122751683,7679,0.11384710005013556,,0,0.26829526760750655
desc,T,replogle_k562_gwps|K562,RHOT2,382,382,0.3568563759326935,0.0033587594516575336,0.0012393358629196882,7679,-0.09756356893447152,,0,-0.03213989533884277
desc,T,jurkat_nadig|Jurkat,ZNF718,381,381,0.5262640118598938,0.0055917841382324696,0.001430725445970893,8283,-0.3035401653039082,,0,-0.19334759585294684
desc,T,replogle_k562_gwps|K562,FOXO3,381,381,0.3143652081489563,0.0039076171815395355,0.001702148118056357,7679,0.08756268706809382,,0,0.09910358490168036
desc,T,replogle_k562_gwps|K562,ING1,381,381,0.29913225769996643,0.0030313546303659678,0.0012150502298027277,7679,-0.262946627646802,,0,-0.1789506863209262
desc,T,replogle_k562_gwps|K562,ARPC4,380,380,0.3272172510623932,0.003041194984689355,0.0013461842900142074,7679,0.22786430674367736,,0,0.36946015712205377
desc,T,replogle_k562_gwps|K562,LRRC8A,380,380,0.30500009655952454,0.0024265446700155735,0.001431840006262064,7679,-0.3658266420344116,,0,-0.2583042058244087
desc,T,replogle_k562_gwps|K562,VPS37C,378,378,0.25717902183532715,0.0031113000586628914,0.0015093133551999927,7679,-0.3690105950759768,,0,-0.26522536039816147
desc,T,replogle_k562_gwps|K562,VAT1,376,376,0.24882258474826813,0.0033402275294065475,0.0011167828924953938,7679,-0.1748576742199838,,0,-0.24742425973225932
desc,T,replogle_k562_gwps|K562,EGR1,374,374,0.3099343180656433,0.002508769277483225,0.00038553494960069656,7679,0.07712812974546178,,0,0.28202200998896343
desc,T,replogle_k562_gwps|K562,ZNF629,374,374,0.39940330386161804,0.0024942096788436174,0.001614442327991128,7679,-0.4102596825463484,,0,-0.22754248461898638
desc,T,replogle_k562_gwps|K562,CDC37,373,373,0.36595430970191956,0.0026438096538186073,0.000897312187589705,7679,-0.11384509658011982,,0,-0.06851124733778079
desc,T,replogle_k562_gwps|K562,ZNF763,373,373,0.3244783282279968,0.002900585299357772,0.0016817235155031085,7679,-0.30384178948543233,,0,-0.1715360810863197
desc,T,jurkat_nadig|Jurkat,EIF3CL,372,372,0.6541184186935425,0.012076636776328087,-9.907047206070274e-05,8283,0.6855735906052696,,0,0.7482629774970398
desc,T,replogle_k562_gwps|K562,ZNF319,370,370,0.40361443161964417,0.003417908912524581,0.0015953108668327332,7679,0.17257036120497152,,0,0.078175516665748
desc,T,replogle_k562_gwps|K562,HSFX1,369,369,0.2596423327922821,0.001981856068596244,0.0,7679,-0.08845384459586739,,0,0.04702713134848113
desc,T,replogle_k562_gwps|K562,TMED7,368,368,0.346831351518631,0.0020212933886796236,0.0007112527382560074,7679,-0.21858561144110455,,0,-0.19913676717304846
desc,T,replogle_k562_gwps|K562,WBP11,368,368,0.3540560305118561,0.0044211032800376415,0.001164739252999425,7679,0.44237797399811424,,0,0.4051408003392669
desc,T,replogle_k562_essential|K562,NAA38,366,366,0.3544611632823944,0.010749764740467072,0.009003955870866776,7938,0.7065240578819073,,0,0.6277718093451156
desc,T,replogle_k562_essential|K562,WDR3,365,365,0.6216840147972107,0.008152098394930363,0.005604904145002365,7938,0.8431728873594423,,0,0.28368774094848115
desc,T,replogle_k562_gwps|K562,SCAMP2,362,362,0.3123614192008972,0.0026003681123256683,0.0012482519960030913,7679,-0.30622691791044654,,0,-0.2537558428148507
desc,T,replogle_k562_gwps|K562,SHROOM1,360,360,0.39858660101890564,0.00292807980440557,0.0012625643284991384,7679,-0.2413629923558092,,0,-0.13667464072062938
desc,T,replogle_k562_gwps|K562,AARS2,358,358,0.2923935055732727,0.003579669399186969,0.0025754368398338556,7679,-0.202591287119783,,0,0.029224309016557884
desc,T,replogle_k562_gwps|K562,MINDY2,358,358,0.2845008373260498,0.0024087908677756786,0.0013412822736427188,7679,-0.3866075082276751,,0,-0.26212386678186744
desc,T,replogle_rpe1|RPE1,PPP1R37,358,358,0.3651978373527527,0.01333601400256157,0.00043162720976397395,8259,0.7234540282346298,,0,0.7429138007378103
desc,T,replogle_k562_gwps|K562,NDUFB10,357,357,0.28450965881347656,0.004334739409387112,0.00230705039575696,7679,-0.025082999669773873,,0,-0.016116283395497887
desc,T,replogle_k562_gwps|K562,ARPC4-TTLL3,355,355,0.2593153715133667,0.0010901110945269465,0.0,7679,-0.29349895290743955,,0,-0.1491006330358332
desc,T,replogle_k562_gwps|K562,RMI1,354,354,0.2682785093784332,0.0052625262178480625,0.0020188610069453716,7679,0.3087085991809177,,0,0.30606566682731207
desc,T,replogle_rpe1|RPE1,TRNT1,354,354,0.37582728266716003,0.018944285809993744,0.00205228547565639,8259,0.6901232356631541,,0,0.7587402498340938
desc,T,replogle_k562_gwps|K562,MOCS2,353,353,0.33561334013938904,0.0029836380854249,0.001440361957065761,7679,-0.17648785131392436,,0,-0.02126149981944762
desc,T,replogle_k562_gwps|K562,RNF139,352,352,0.30712369084358215,0.0033517086412757635,0.0016593108884990215,7679,-0.21701638915102797,,0,-0.1544003381098326
desc,T,replogle_k562_gwps|K562,SPRTN,351,351,0.35778942704200745,0.003415965009480715,0.001746467431075871,7679,-0.2041906948584567,,0,0.05905545559179689
desc,T,replogle_k562_gwps|K562,POU2F3,350,350,0.32343101501464844,0.00292414054274559,0.0016441337065771222,7679,-0.4023812043736612,,0,-0.4307328120271088
desc,T,replogle_k562_gwps|K562,CDK6,349,349,0.31186485290527344,0.003935737069696188,0.0025213018525391817,7679,-0.10285223653254708,,0,0.012337987203725538
desc,T,replogle_k562_gwps|K562,LTB4R2,349,349,0.3303607702255249,0.002653205068781972,0.0015513162361457944,7679,-0.2091238082348872,,0,-0.029504634612748055
desc,T,replogle_rpe1|RPE1,TIMM23B,348,348,0.39785364270210266,0.02835557982325554,0.0,8259,0.8136567103817028,,0,0.8602101982902209
desc,T,replogle_k562_gwps|K562,FAM222B,347,347,0.3999146521091461,0.002866801805794239,0.0013017250457778573,7679,-0.26141021062680275,,0,-0.13021172844328519
desc,T,replogle_k562_gwps|K562,GMPPB,347,347,0.3414946496486664,0.002636190503835678,0.0019423452904447913,7679,-0.36001511013910853,,0,-0.34394373955474233
desc,T,replogle_k562_gwps|K562,SRPK1,347,347,0.31756141781806946,0.0029283291660249233,0.0018351218895986676,7679,-0.06507052756389528,,0,0.031963084857706325
desc,T,replogle_k562_gwps|K562,TNK2,345,345,0.31178706884384155,0.003529180306941271,0.001458554295822978,7679,0.008153874354044164,,0,-0.09227220158917722
desc,T,replogle_k562_gwps|K562,XRCC2,344,344,0.3335857391357422,0.0032648779451847076,0.001808750443160534,7679,-0.29516710647960004,,0,-0.15449480250210162
desc,T,replogle_k562_gwps|K562,ZNF492,344,344,0.3104192018508911,0.0032525858841836452,0.0017067140433937311,7679,-0.20794109813219672,,0,-0.0864257227308298
desc,T,replogle_k562_gwps|K562,ARPC3,342,342,0.3061700761318207,0.002862708643078804,0.0015668896958231926,7679,-0.29128892300823633,,0,-0.11909836076539994
desc,T,replogle_k562_gwps|K562,PAGE1,342,342,0.33282116055488586,0.002420135773718357,0.0018189373658969998,7679,-0.3408038228773334,,0,-0.27550842142983856
desc,T,replogle_k562_gwps|K562,SMAD1,342,342,0.3307690918445587,0.003737047780305147,0.001824498176574707,7679,-0.1468784673000922,,0,-0.14688903791110947
desc,T,replogle_k562_gwps|K562,FUT8,341,341,0.29034918546676636,0.0026185789611190557,0.0012859805719926953,7679,-0.2042417913453826,,0,-0.06250294447752254
desc,T,replogle_k562_gwps|K562,TEFM,341,341,0.31692203879356384,0.004042185842990875,0.0003539258614182472,7679,0.5374009713394066,,0,0.4654047374039129
desc,T,replogle_k562_gwps|K562,ZFP42,341,341,0.32719916105270386,0.00278419628739357,0.0012971315300092101,7679,-0.308312242713736,,0,-0.1474720719289876
desc,T,replogle_k562_gwps|K562,UBR7,339,339,0.29513421654701233,0.0033574244007468224,0.0017575278179720044,7679,-0.18827208098974693,,0,-0.13167378726856532
desc,T,replogle_k562_gwps|K562,NAGK,337,337,0.32759785652160645,0.003119765780866146,0.0011438425863161683,7679,-0.09954732198745533,,0,0.02835356809781767
desc,T,replogle_k562_gwps|K562,PNRC1,337,337,0.343074768781662,0.0025482787750661373,0.0014883647672832012,7679,-0.4727897282079379,,0,-0.3378522974996516
desc,T,replogle_k562_gwps|K562,ZNF30,337,337,0.3272134065628052,0.003095242427662015,0.001407879521138966,7679,-0.1001851258054771,,0,-0.0668272207652627
desc,T,replogle_rpe1|RPE1,EIF3CL,337,337,0.6997093558311462,0.044924046844244,0.009937070310115814,8259,0.9782091655014578,,0,0.9192822560680075
desc,T,replogle_k562_gwps|K562,CNTROB,336,336,0.2835938632488251,0.00451054610311985,0.002790408907458186,7679,0.26437326366751374,,0,0.3022863392406138
desc,T,replogle_k562_gwps|K562,F2RL3,336,336,0.32189270853996277,0.00418910663574934,0.0024179506581276655,7679,-0.10644187281191146,,0,-0.07096548850381962
desc,T,replogle_k562_gwps|K562,VPS18,336,336,0.30245208740234375,0.003938018810003996,0.0019705933518707752,7679,0.07943749758237013,,0,0.1511537712137236
desc,T,replogle_k562_gwps|K562,ZNF746,336,336,0.313445121049881,0.0030298205092549324,0.0016831922112032771,7679,-0.23059053268758026,,0,-0.12205273035700212
desc,T,replogle_k562_gwps|K562,PKIG,335,335,0.3042753040790558,0.003259351709857583,0.0012861760333180428,7679,-0.14128541565007272,,0,-0.15911544534309935
desc,T,replogle_k562_gwps|K562,VPS13D,334,334,0.25036147236824036,0.004537402652204037,0.0004928931011818349,7679,0.43930683837703327,,0,0.29940922775429457
desc,T,replogle_k562_gwps|K562,ZNF672,334,334,0.32828351855278015,0.0037453966215252876,0.0017611889634281397,7679,-0.1005079581651054,,0,-0.14075666672665144
desc,T,replogle_k562_gwps|K562,ATF7IP,333,333,0.32115861773490906,0.0023874419275671244,0.001500622252933681,7679,-0.22906880060286713,,0,-0.15091323649470562
desc,T,replogle_k562_gwps|K562,CITED2,333,333,0.3185715675354004,0.0037045744247734547,0.002400094410404563,7679,-0.1855712170871829,,0,-0.12154679113934445
desc,T,replogle_k562_gwps|K562,NOSTRIN,333,333,0.3306419551372528,0.0035465483088046312,0.0018406001618131995,7679,-0.16987348636000904,,0,-0.04647619924251057
desc,T,replogle_k562_gwps|K562,SLC35D1,333,333,0.3002321720123291,0.003943373449146748,0.0019295245874673128,7679,0.005032588508738035,,0,-0.040415694693316656
desc,T,replogle_k562_gwps|K562,SNX12,331,331,0.3023540675640106,0.003682409878820181,0.0013663482386618853,7679,-0.0480863025390999,,0,-0.10982300403727285
desc,T,replogle_k562_essential|K562,ZNF718,330,330,0.19966019690036774,0.0017012829193845391,0.0013539647916331887,7938,-0.09016080270559187,,0,-0.010825795431148925
desc,T,replogle_k562_essential|K562,DHX16,327,327,0.3808700740337372,0.018970787525177002,0.017444394528865814,7938,0.8698055674782085,,0,0.5622430209280967
desc,T,replogle_k562_gwps|K562,NRL,326,326,0.31216832995414734,0.004313431680202484,0.0018306513084098697,7679,0.19286843658147815,,0,0.1998276631345471
desc,T,replogle_k562_gwps|K562,TIMM8B,325,325,0.29523882269859314,0.0032265828922390938,0.0018095599953085184,7679,-0.047532733634441014,,0,-0.0001520314530984101
desc,T,replogle_k562_gwps|K562,BOLA1,323,323,0.29705849289894104,0.0034266263246536255,0.0012557422742247581,7679,0.013630263774902257,,0,0.0887066715123448
desc,T,replogle_k562_gwps|K562,CSNK1D,323,323,0.2969995141029358,0.003341068048030138,0.0019199337111786008,7679,-0.06323916659646678,,0,0.030680934254170514
desc,T,replogle_k562_gwps|K562,GTF3C4,323,323,0.3140508234500885,0.0035487115383148193,0.0017237146385014057,7679,-0.04492997888280244,,0,-0.08206218233727491
desc,T,replogle_k562_gwps|K562,ZFYVE28,323,323,0.25524020195007324,0.0034357914701104164,0.0009892272064462304,7679,0.13096027554403114,,0,-0.05797461888625768
desc,T,replogle_k562_essential|K562,SF3A2,321,321,0.4113348424434662,0.014121043495833874,0.01227292139083147,7938,0.8513704992906653,,0,0.7790312255188275
desc,T,replogle_k562_gwps|K562,CD59,321,321,0.32354089617729187,0.002864609006792307,0.001769300433807075,7679,-0.2717863406988963,,0,-0.26604121375863227
desc,T,replogle_k562_gwps|K562,CHCHD10,320,320,0.37346529960632324,0.0030276626348495483,0.0010719066485762596,7679,-0.25472305649523597,,0,-0.1002127723601101
desc,T,replogle_k562_gwps|K562,GPX4,320,320,0.23399236798286438,0.002432798035442829,0.0010272400686517358,7679,-0.07887259629748165,,0,-0.08937758315974226
desc,T,replogle_k562_gwps|K562,SMAD2,320,320,0.3211720883846283,0.0033112342935055494,0.002056498546153307,7679,-0.35488568353177025,,0,-0.25346516006600783
desc,T,replogle_k562_gwps|K562,SRM,320,320,0.339472234249115,0.0027978410944342613,0.0012342140544205904,7679,-0.11275028028612882,,0,0.05146064872161293
desc,T,replogle_k562_essential|K562,LTV1,318,318,0.5455372929573059,0.0130918612703681,0.0032760235480964184,7938,0.812444397694695,,0,0.37667458948355875
desc,T,replogle_k562_gwps|K562,SRGN,318,318,0.32208308577537537,0.0029033918399363756,0.001590061467140913,7679,-0.11255772381528603,,0,0.19521773038493964
desc,T,replogle_k562_gwps|K562,FASTKD5,317,317,0.3233235478401184,0.003695442108437419,0.0023383924271911383,7679,0.16657778491744216,,0,0.26795618085559053
desc,T,replogle_k562_gwps|K562,REPIN1,317,317,0.3132920563220978,0.0031325125601142645,0.001855447655543685,7679,-0.041037457916112095,,0,-0.07538137986031829
desc,T,replogle_k562_gwps|K562,SETDB1,317,317,0.334940105676651,0.0032934709452092648,0.0020402127411216497,7679,0.027713760491952014,,0,0.024524212469626234
desc,T,replogle_k562_gwps|K562,N4BP2,316,316,0.35779449343681335,0.0030264933593571186,0.001423755194991827,7679,-0.21470343307393427,,0,-0.1507295649340106
desc,T,replogle_k562_gwps|K562,SF3A2,316,316,0.3366878628730774,0.005646196659654379,0.001496573444455862,7679,0.5458818437587606,,0,0.4318684262575595
desc,T,replogle_rpe1|RPE1,CENPT,316,316,0.37750306725502014,0.00941812340170145,0.0008985321037471294,8259,0.10452930648969211,,0,-0.018785665346121184
desc,T,replogle_k562_gwps|K562,RPL26L1,315,315,0.25902464985847473,0.002498841378837824,0.0,7679,-0.10665579534995337,,0,-0.04407705609040831
desc,T,replogle_k562_gwps|K562,TMED10,315,315,0.3243219256401062,0.003268882166594267,0.0014814274618402123,7679,0.17155886987486105,,0,0.028835682686966093
desc,T,replogle_k562_gwps|K562,CEP70,314,314,0.3080000579357147,0.0034327746834605932,0.0015227798139676452,7679,-0.13627040682206473,,0,-0.13626597485832986
desc,T,replogle_k562_gwps|K562,TIMM9,314,314,0.36380118131637573,0.0049676354974508286,0.00203145993873477,7679,0.37431162478233265,,0,0.465531540256324
desc,T,replogle_k562_gwps|K562,DCTN1,313,313,0.31206104159355164,0.004367961082607508,0.001842449652031064,7679,0.14221851747463363,,0,0.20176297508348062
desc,T,replogle_k562_gwps|K562,KDM6A,312,312,0.316969096660614,0.002689583459869027,0.001531522604636848,7679,-0.5882940060005952,,0,-0.5447992726090106
desc,T,replogle_k562_gwps|K562,MDH2,312,312,0.31657615303993225,0.0032083673868328333,0.0016428765375167131,7679,-0.3792594031231513,,0,-0.20380310743290567
desc,T,replogle_k562_essential|K562,WBP11,311,311,0.2676776647567749,0.007456772029399872,0.005188518203794956,7938,0.7635022304938038,,0,0.7690218634250394
desc,T,replogle_k562_gwps|K562,ACER3,311,311,0.31231239438056946,0.0031584252137690783,0.0014590841019526124,7679,-0.22079963816097106,,0,-0.1861584382375682
desc,T,replogle_k562_gwps|K562,TUBB3,311,311,0.31082725524902344,0.0030094196554273367,0.0013249238254502416,7679,-0.10191452495335002,,0,0.007484473205666631
desc,T,replogle_rpe1|RPE1,SNX15,311,311,0.3087863624095917,0.009810182265937328,0.0008883301052264869,8259,0.10489204582662512,,0,0.08915585243727603
desc,T,replogle_k562_gwps|K562,ANKRD49,310,310,0.3337448239326477,0.0015818884130567312,0.0011108586331829429,7679,-0.17922397132715862,,0,-0.14442799089821026
desc,T,replogle_k562_gwps|K562,CHD7,310,310,0.31511440873146057,0.0024109308142215014,0.0012051294324919581,7679,-0.3223683788265428,,0,-0.25868551581706734
desc,T,replogle_k562_gwps|K562,DDX5,310,310,0.329572856426239,0.00230790046043694,0.000914997945073992,7679,-0.1603179119393919,,0,-0.16885022072026148
desc,T,replogle_k562_gwps|K562,YY2,310,310,0.35063475370407104,0.002922701183706522,0.001659274916164577,7679,-0.3354028090198859,,0,-0.18887178652997583
desc,T,replogle_k562_essential|K562,RPS28,309,309,0.3261047303676605,0.00950032938271761,0.0,7938,0.8428380769832333,,0,0.5721935610064208
desc,T,replogle_k562_gwps|K562,POLRMT,307,307,0.32533901929855347,0.005353730171918869,-0.0015799496322870255,7679,0.6107920734167321,,0,0.5371330619077268
desc,T,replogle_k562_gwps|K562,SMARCD2,307,307,0.32755011320114136,0.003560618031769991,0.002120086457580328,7679,-0.03360503153839487,,0,0.013059103029934087
desc,T,replogle_k562_gwps|K562,ZBTB11,306,306,0.34110140800476074,0.0030884984880685806,0.001773296040482819,7679,-0.25402162362402375,,0,-0.11305873134011175
desc,T,replogle_k562_gwps|K562,ARL6IP1,304,304,0.3043842613697052,0.0033770811278373003,0.0012697810307145119,7679,-0.10718345208269271,,0,-0.06056460226731948
desc,T,replogle_k562_gwps|K562,USP36,303,303,0.3186643123626709,0.00263005867600441,0.001178216771222651,7679,-0.3012775851729264,,0,-0.16089933916982802
desc,T,replogle_k562_gwps|K562,ZNF12,303,303,0.31968286633491516,0.0029616954270750284,0.0010611878242343664,7679,-0.08450443151999663,,0,-0.06633292211585197
desc,T,replogle_k562_gwps|K562,CMTR1,302,302,0.30949676036834717,0.00458216667175293,0.0006802871357649565,7679,0.4924109354752196,,0,0.5710869846124736
desc,T,replogle_k562_gwps|K562,COQ9,301,301,0.19709137082099915,0.003886456834152341,0.0015658127376809716,7679,0.20220735194861209,,0,0.15500428857924842
desc,T,replogle_k562_gwps|K562,ZNF202,300,300,0.41143789887428284,0.0023325711954385042,0.001413604710251093,7679,-0.45822203503362036,,0,-0.37700860410015435
desc,T,replogle_k562_gwps|K562,ZNF462,300,300,0.3647638261318207,0.0036274718586355448,0.0015531951794400811,7679,-0.025387604051129775,,0,0.054296857780016805
desc,T,replogle_k562_gwps|K562,PPP6R2,299,299,0.21184177696704865,0.0026463805697858334,0.0012693938333541155,7679,-0.29199046276715623,,0,-0.21148193179648112
desc,T,replogle_k562_gwps|K562,SLC48A1,298,298,0.31358978152275085,0.002249098615720868,0.001508672023192048,7679,-0.3979193441427296,,0,-0.2643626947553466
desc,T,replogle_k562_gwps|K562,CGGBP1,296,296,0.2942996025085449,0.003514310345053673,0.0018697287887334824,7679,-0.327864836887155,,0,-0.25211299196364284
desc,T,replogle_k562_gwps|K562,SAAL1,296,296,0.3035825788974762,0.004229462705552578,0.001660381443798542,7679,0.008396716382365619,,0,-0.01923528100450531
desc,T,replogle_k562_gwps|K562,SPN,296,296,0.3404635787010193,0.003187058959156275,0.0013995666522532701,7679,-0.3036641227408021,,0,-0.1603015210304427
desc,T,replogle_k562_gwps|K562,SRRM1,295,295,0.352426677942276,0.005425103008747101,0.0022404410410672426,7679,0.5400657947553633,,0,0.385803867225136
desc,T,jurkat_nadig|Jurkat,PMPCB,293,293,0.572114109992981,0.010350128635764122,0.0025800007861107588,8283,0.7204620244280624,,0,0.6559069359780405
desc,T,replogle_k562_gwps|K562,RAD21,291,291,0.32775238156318665,0.01051678229123354,0.0038535059429705143,7679,0.5398435100721217,,0,0.4236997051767848
desc,T,replogle_k562_gwps|K562,RNF11,290,290,0.3155093193054199,0.0030653574503958225,0.002074945718050003,7679,-0.07279725135663832,,0,0.10048949281299929
desc,T,replogle_k562_gwps|K562,TEX2,290,290,0.3385842442512512,0.002673915820196271,0.0013350590597838163,7679,-0.3792395777766865,,0,-0.21031018833100287
desc,T,replogle_k562_gwps|K562,CXorf40B,289,289,0.4163017272949219,0.0027505168691277504,0.001584972720593214,7679,-0.2810974608101631,,0,-0.23555439517682716
desc,T,replogle_k562_gwps|K562,JMJD4,288,288,0.3124149739742279,0.002911942545324564,0.001580582931637764,7679,-0.1294700064430679,,0,-0.13398930949686885
desc,T,replogle_k562_gwps|K562,CBX4,285,285,0.46628084778785706,0.0027167536318302155,0.0013104149838909507,7679,-0.245351546499766,,0,-0.1411937481991218
desc,T,replogle_k562_gwps|K562,ZNF699,285,285,0.3213071823120117,0.0025231263134628534,0.0008778049377724528,7679,-0.22509004260946194,,0,-0.07960334186134256
desc,T,replogle_k562_gwps|K562,GALNT11,284,284,0.3114694058895111,0.0026344337966293097,0.0015730720479041338,7679,-0.24228400913391118,,0,-0.09214407483080762
desc,T,replogle_k562_gwps|K562,C19orf47,283,283,0.32490330934524536,0.003339344635605812,0.0015367147279903293,7679,-0.1596386183293647,,0,-0.0866261683722254
desc,T,replogle_k562_gwps|K562,TMA7,283,283,0.29596173763275146,0.0028428577352315187,0.0018129199743270874,7679,-0.2910790793498807,,0,-0.13771361593698075
desc,T,replogle_k562_gwps|K562,ZNF335,283,283,0.3166033625602722,0.003658439964056015,0.001547858351841569,7679,0.05427609524419621,,0,0.004437904599824255
desc,T,replogle_k562_gwps|K562,CARD11,282,282,0.404789000749588,0.003871771041303873,0.0024768745061010122,7679,-0.03479119629507419,,0,0.04248400358326767
desc,T,replogle_k562_gwps|K562,KLC4,282,282,0.32814186811447144,0.0033778976649045944,0.0014701224863529205,7679,-0.14233118538758,,0,-0.09427683741771055
desc,T,replogle_k562_gwps|K562,ST6GALNAC4,282,282,0.42732933163642883,0.002481982111930847,0.0013935499591752887,7679,-0.35266212949781905,,0,-0.2568073270506416
desc,T,replogle_k562_gwps|K562,RUSC1,281,281,0.2966022789478302,0.002432473935186863,0.001551276072859764,7679,-0.19826918690051437,,0,-0.07738268274038872
desc,T,replogle_k562_gwps|K562,ZNF584,281,281,0.32026389241218567,0.0025502718053758144,0.0008764734957367182,7679,-0.36391088422271484,,0,-0.2943840730315291
desc,T,replogle_k562_essential|K562,CENPJ,280,280,0.2459002286195755,0.0035504086408764124,-0.006367676891386509,7938,0.554944809998297,,0,0.7312679185788702
desc,T,replogle_rpe1|RPE1,GTF2E2,280,280,0.6754602789878845,0.03714010491967201,0.005017168819904327,8259,0.9482550635729378,,0,0.8985972145007181
desc,T,replogle_k562_essential|K562,GOLT1B,279,279,0.20096686482429504,0.0028033158741891384,0.002514285733923316,7938,0.5655970944495142,,0,0.6075517286165206
desc,T,replogle_k562_gwps|K562,STXBP4,279,279,0.41469505429267883,0.003450514515861869,0.001019193441607058,7679,0.07620914379804616,,0,0.12511512653300197
desc,T,replogle_k562_gwps|K562,CHPF2,278,278,0.32736650109291077,0.0030345937702804804,0.0014626841293647885,7679,-0.28353851267894564,,0,-0.18967977218395377
desc,T,replogle_k562_gwps|K562,EIF5,278,278,0.3240508735179901,0.0046197520568966866,0.0024993186816573143,7679,0.2460123438077365,,0,0.3114836993385841
desc,T,replogle_k562_gwps|K562,IFT57,278,278,0.35914871096611023,0.0029547051526606083,0.0013983083190396428,7679,-0.2210572946619468,,0,-0.09009707984828844
desc,T,replogle_k562_gwps|K562,PPP1R14A,278,278,0.30165764689445496,0.0028402714524418116,0.0015745552955195308,7679,-0.14710146906428678,,0,-0.08502449479720493
desc,T,replogle_k562_gwps|K562,ZNF416,278,278,0.3130718767642975,0.002780327806249261,0.0012912144884467125,7679,-0.3419029832322808,,0,-0.13190877521643143
desc,T,jurkat_nadig|Jurkat,PSMG3,277,277,0.5406576991081238,0.00604934711009264,0.0016948168631643057,8283,-0.08861239392990715,,0,0.032811952016415
desc,T,replogle_k562_gwps|K562,MSL3,277,277,0.32583650946617126,0.002564542694017291,0.0014670301461592317,7679,-0.3281508258295835,,0,-0.13097581631742972
desc,T,replogle_k562_gwps|K562,TAOK3,277,277,0.2771177291870117,0.002730791224166751,0.0008149163331836462,7679,-0.18743411062910378,,0,-0.08870126066907613
desc,T,replogle_k562_gwps|K562,ZNF358,277,277,0.32420453429222107,0.003097055945545435,0.001391126192174852,7679,-0.2330070430936187,,0,-0.112184723083873
desc,T,replogle_k562_essential|K562,RPS9,276,276,0.3263780474662781,0.01589614897966385,0.0,7938,0.8448725319280487,,0,0.5064564439038116
desc,T,replogle_k562_essential|K562,TSEN34,275,275,0.3760208487510681,0.0017732027918100357,0.0011193916434422135,7938,0.030060666450652956,,0,0.11181163793844577
desc,T,replogle_k562_gwps|K562,AKIRIN2,275,275,0.31613147258758545,0.003986772149801254,0.002104006242007017,7679,0.3095445656336078,,0,0.33890014070122504
desc,T,replogle_k562_gwps|K562,CABIN1,275,275,0.2770158648490906,0.0037032929249107838,0.0024409859906882048,7679,0.10066811879444451,,0,0.23358396142256538
desc,T,replogle_k562_gwps|K562,CREBZF,275,275,0.3235088288784027,0.0033604127820581198,0.0014708343660458922,7679,-0.24312779234642365,,0,-0.15281185551648177
desc,T,replogle_k562_gwps|K562,HNRNPA2B1,275,275,0.38292011618614197,0.002557935891672969,0.0009519080631434917,7679,-0.013565504742850336,,0,-0.04880865595203265
desc,T,replogle_k562_gwps|K562,MORN4,275,275,0.3014809489250183,0.003644221927970648,0.0021396074444055557,7679,-0.1871434639813425,,0,-0.08941126176849067
desc,T,replogle_k562_gwps|K562,UHMK1,275,275,0.2955032289028168,0.0028134079184383154,0.001643841969780624,7679,-0.26413341259084455,,0,-0.03763773645922939
desc,T,replogle_k562_gwps|K562,XBP1,273,273,0.3186156749725342,0.0026024049147963524,0.0009212068980559707,7679,-0.21808246088394823,,0,-0.052599936144541795
desc,T,replogle_k562_gwps|K562,PGAP2,271,271,0.33813145756721497,0.0038003495428711176,0.0015889487694948912,7679,0.023920218074466412,,0,0.1693604612584903
desc,T,replogle_k562_gwps|K562,ZZEF1,271,271,0.33007267117500305,0.0026376708410680294,0.001774964272044599,7679,-0.331104997925425,,0,-0.2380940643891263
desc,T,replogle_k562_gwps|K562,TRAPPC8,270,270,0.24675990641117096,0.0035058800131082535,0.0017221835441887379,7679,-0.003173998728092966,,0,0.02540016490662945
desc,T,replogle_k562_gwps|K562,VAMP8,270,270,0.27965229749679565,0.0033093751408159733,0.0011483578709885478,7679,-0.027284772514516605,,0,0.1473424783930564
desc,T,replogle_k562_gwps|K562,ERCC3,269,269,0.5329248309135437,0.003999100066721439,0.002772339852526784,7679,0.4210411643996577,,0,0.2984504576967207
desc,T,replogle_k562_gwps|K562,ITGB1,269,269,0.3153608441352844,0.003132648067548871,0.0016457466408610344,7679,-0.2512615137183175,,0,-0.13708124063292254
desc,T,replogle_k562_gwps|K562,PPP1CC,269,269,0.3192409873008728,0.003661402966827154,0.0019286848837509751,7679,-0.2016692417670922,,0,0.05196839755794202
desc,T,replogle_k562_gwps|K562,WASHC2C,268,268,0.25835728645324707,0.0017957150703296065,0.0,7679,-0.2833631086914019,,0,-0.20343278190803468
desc,T,replogle_k562_gwps|K562,BLVRB,267,267,0.36546972393989563,0.0036949394270777702,0.0014039943926036358,7679,-0.0028686166707481975,,0,-0.1251129851822308
desc,T,replogle_k562_gwps|K562,SLC41A3,267,267,0.2879219949245453,0.0025530983693897724,0.0016733709489926696,7679,-0.1999003520050172,,0,-0.24315053263476646
desc,T,replogle_k562_gwps|K562,KEAP1,266,266,0.29839032888412476,0.0021982884500175714,0.0013160223606973886,7679,-0.13358840173568537,,0,-0.118053214954372
desc,T,replogle_k562_gwps|K562,NHLRC3,266,266,0.30547958612442017,0.0026711979880928993,0.0014783106744289398,7679,-0.19484464787813446,,0,-0.14601844102687872
desc,T,replogle_k562_gwps|K562,SHOC2,266,266,0.3290345370769501,0.00312853348441422,0.0014680317835882306,7679,-0.42362711779880985,,0,-0.20373973673933887
desc,T,replogle_k562_gwps|K562,ZNF184,266,266,0.3148210346698761,0.003259360557422042,0.0019417926669120789,7679,-0.13118756805704473,,0,-0.0859683500740705
desc,T,replogle_rpe1|RPE1,PSMG3,266,266,0.35301798582077026,0.016929203644394875,0.0004124227853026241,8259,0.6088787557995503,,0,0.5449722827442036
desc,T,replogle_k562_gwps|K562,FMNL3,265,265,0.30099552869796753,0.0029357147868722677,0.0017061647959053516,7679,-0.1922150341983932,,0,-0.12789969319773556
desc,T,replogle_k562_gwps|K562,JUNB,265,265,0.34179162979125977,0.0034598468337208033,0.0018039473798125982,7679,-0.15441514349077465,,0,-0.08621371784228236
desc,T,replogle_k562_gwps|K562,TPST2,265,265,0.2994466722011566,0.0035592638887465,0.0012238401686772704,7679,-0.053417484789599,,0,0.006175972843400933
desc,T,jurkat_nadig|Jurkat,COX11,264,264,0.5396754741668701,0.006104839965701103,0.0009510161471553147,8283,-0.1051600446160876,,0,0.11349356505612823
desc,T,replogle_k562_gwps|K562,MTMR2,264,264,0.3213987350463867,0.0033067658077925444,0.0023925192654132843,7679,-0.25971796270454234,,0,-0.1559914849635954
desc,T,replogle_k562_gwps|K562,ZNF658,264,264,0.31992802023887634,0.0032694973051548004,0.001336136250756681,7679,-0.1973312384362136,,0,-0.1439690392726054
desc,T,replogle_k562_gwps|K562,MORF4L2,263,263,0.5403070449829102,0.0016643016133457422,0.0003692109021358192,7679,-0.09000118235012937,,0,-0.07819850223733685
desc,T,replogle_k562_gwps|K562,PXMP4,263,263,0.31946948170661926,0.00245079817250371,0.0013010489055886865,7679,-0.34357610660105214,,0,-0.2219362769280969
desc,T,replogle_k562_gwps|K562,TSSC4,263,263,0.3486727178096771,0.0028504696674644947,0.0012197919422760606,7679,-0.3438197132030659,,0,-0.2776225090745172
desc,T,replogle_k562_gwps|K562,ZNF639,263,263,0.3065406084060669,0.003357096342369914,0.0009801107225939631,7679,0.07217519157074623,,0,0.0908004611709693
desc,T,replogle_k562_gwps|K562,IFITM2,262,262,0.3157389760017395,0.003110208548605442,0.0016868049278855324,7679,-0.194100710627029,,0,-0.08579031051618398
desc,T,replogle_k562_gwps|K562,PPRC1,262,262,0.3396715819835663,0.0029158378019928932,0.001508423243649304,7679,-0.17548589507537207,,0,-0.07718505556209959
desc,T,replogle_k562_gwps|K562,SGO2,262,262,0.28960227966308594,0.0013508026022464037,0.00047315843403339386,7679,-0.20418887677820413,,0,-0.13570062680777795
desc,T,replogle_k562_essential|K562,COPG1,261,261,0.23819056153297424,0.001293662586249411,0.0008668098016642034,7938,-0.3029479855709644,,0,-0.26679185654586623
desc,T,replogle_k562_gwps|K562,ACTR3,261,261,0.3080376386642456,0.0032879163045436144,0.0016530195716768503,7679,-0.10823392581199147,,0,-0.06325616224206616
desc,T,replogle_k562_gwps|K562,C16orf87,261,261,0.3200056850910187,0.003310717409476638,0.001881057396531105,7679,-0.27736537400398525,,0,-0.08264588367492222
desc,T,replogle_k562_gwps|K562,RANBP9,261,261,0.2947208285331726,0.0032972744666039944,0.0014016713248565793,7679,-0.02597321461220718,,0,-0.06011393495747466
desc,T,replogle_k562_gwps|K562,SBDS,261,261,0.2864958941936493,0.0026795375160872936,0.0015435523819178343,7679,-0.13743079004613581,,0,-0.08518204084394604
desc,T,replogle_k562_gwps|K562,TMEM177,261,261,0.2805951237678528,0.003398332977667451,0.0017410637810826302,7679,-0.16990499436651574,,0,-0.13727941748133382
desc,T,replogle_k562_gwps|K562,MTFMT,260,260,0.27132540941238403,0.0030440110713243484,0.0017038848018273711,7679,-0.26502680154793357,,0,-0.1803737833089712
desc,T,replogle_k562_gwps|K562,PELI1,260,260,0.31421661376953125,0.0028121303766965866,0.0021506829652935266,7679,-0.20966033197770026,,0,-0.20716300576549723
desc,T,replogle_k562_gwps|K562,TNFAIP2,260,260,0.30930426716804504,0.0030366370920091867,0.00207607913762331,7679,-0.31516619274232716,,0,-0.29133961141119347
desc,T,replogle_k562_essential|K562,PFN1,259,259,0.25581425428390503,0.001670823316089809,0.0008192674722522497,7938,0.03703978126335477,,0,0.18330226921582965
desc,T,replogle_k562_gwps|K562,CISD2,259,259,0.3651140630245209,0.003159992164000869,0.0013032298302277923,7679,-0.1412697638463781,,0,-0.0855960010943823
desc,T,replogle_k562_gwps|K562,EPC2,259,259,0.5699793100357056,0.0023364524822682142,0.0010292661609128118,7679,0.22289049927487214,,0,0.04685085901269641
desc,T,replogle_k562_gwps|K562,PCGF1,259,259,0.26802292466163635,0.0025794045068323612,0.0018267141422256827,7679,0.038753631794655935,,0,-0.0030391814508257038
desc,T,replogle_k562_essential|K562,CRNKL1,258,258,0.2916713058948517,0.009181185625493526,0.007972462102770805,7938,0.804059378597649,,0,0.5918047100943405
desc,T,replogle_k562_gwps|K562,ADAM17,258,258,0.3388344347476959,0.002019384875893593,0.0012880624271929264,7679,-0.5805000708497637,,0,-0.3686256586135131
desc,T,replogle_k562_gwps|K562,C12orf4,258,258,0.32560330629348755,0.0037869559600949287,0.0013227390591055155,7679,-0.15377773035980807,,0,-0.14233270290218614
desc,T,replogle_k562_gwps|K562,CRELD1,258,258,0.29397428035736084,0.0024084358010441065,0.0015195029554888606,7679,-0.3448134390258116,,0,-0.2168914900188897
desc,T,replogle_rpe1|RPE1,HMGCS1,258,258,0.50324946641922,0.011922811158001423,0.0002970537752844393,8258,0.6211220728484506,,0,0.5419612388776138
desc,T,jurkat_nadig|Jurkat,EIF2B1,257,257,0.6160544157028198,0.01137259230017662,0.0034033998381346464,8283,0.7183150039384959,,0,0.5988091156801403
desc,T,replogle_k562_gwps|K562,POLR3H,257,257,0.3675909638404846,0.0023319791071116924,0.0009288597502745688,7679,-0.16450686566000092,,0,-0.11358275955143704
desc,T,replogle_k562_gwps|K562,RNF41,257,257,0.30379828810691833,0.0022940391208976507,0.0014738918980583549,7679,-0.2853335875678426,,0,-0.21832409472177686
desc,T,jurkat_nadig|Jurkat,TIMM23B,256,256,0.5428718328475952,0.013216353952884674,0.0,8283,0.7491090734747947,,0,0.8310653312096482
desc,T,replogle_k562_gwps|K562,PLEKHG4,256,256,0.31809261441230774,0.003479936858639121,0.001469591399654746,7679,0.10360628109443897,,0,0.08165516371062637
desc,T,replogle_k562_gwps|K562,RBL1,256,256,0.3898387551307678,0.0015265611000359058,0.00046178113552741706,7679,-0.16167040079622647,,0,-0.16477103805768598
desc,T,replogle_k562_gwps|K562,ZNF764,256,256,0.2299652099609375,0.003340983996167779,0.0015260906657204032,7679,-0.3004469406210939,,0,-0.12737821122850101
desc,T,h1_vcc2025|H1,ZNF598,255,255,0.5157565474510193,0.00637431163340807,0.00023008840798866004,15243,-0.6416509506384092,,0,0.3770944964935849
desc,T,replogle_k562_essential|K562,HSPA8,255,255,0.2507501244544983,0.003288452047854662,0.0027144053019583225,7938,0.3349955131267326,,0,0.5708603247537902
desc,T,replogle_k562_essential|K562,RPL12,255,255,0.3258015215396881,0.008466358296573162,0.0,7938,0.6947155735838401,,0,0.846234868837656
desc,T,replogle_k562_gwps|K562,ELMOD3,255,255,0.2923073470592499,0.0026156960520893335,0.0017550722695887089,7679,-0.3654209353393809,,0,-0.16418681037035734
desc,T,replogle_k562_gwps|K562,MAGEA2,254,254,0.25966110825538635,0.001908381120301783,0.0,7679,-0.21348001123225968,,0,-0.16980969811722957
desc,T,replogle_k562_gwps|K562,RUNX3,254,254,0.4643745422363281,0.0018982096808031201,0.0009242104715667665,7679,-0.42354191213042813,,0,-0.27304040484815917
desc,T,replogle_k562_gwps|K562,TXNL4B,254,254,0.3279898166656494,0.004395600408315659,0.0018558414885774255,7679,-0.009526040241140458,,0,0.0723490702759155
desc,T,replogle_k562_gwps|K562,ZNF792,254,254,0.29334601759910583,0.003167928196489811,0.0015274854376912117,7679,-0.12623074579510937,,0,-0.07615108001078126
desc,T,replogle_k562_gwps|K562,ZNF85,254,254,0.28092992305755615,0.00265510194003582,0.0018445682944729924,7679,-0.36396794016902295,,0,-0.28044247485067947
desc,T,replogle_k562_gwps|K562,C6orf89,253,253,0.28454330563545227,0.002249394543468952,0.001062016119249165,7679,-0.269344398752879,,0,-0.13060465259231113
desc,T,replogle_k562_gwps|K562,RAB13,253,253,0.27635398507118225,0.002740640891715884,0.0012063611065968871,7679,-0.2493049354137707,,0,-0.17470900202491593
desc,T,replogle_k562_gwps|K562,CCDC6,252,252,0.29612237215042114,0.0044875554740428925,0.0030839911196380854,7679,0.2534107727638265,,0,0.33346153427840414
desc,T,replogle_k562_gwps|K562,CPQ,252,252,0.30916011333465576,0.0028686774894595146,0.0015763773117214441,7679,-0.3817059184412996,,0,-0.30348330905938425
desc,T,replogle_k562_gwps|K562,GGT1,252,252,0.48938286304473877,0.002809918485581875,0.0011383253149688244,7679,-0.19559552134053262,,0,-0.139506208171068
desc,T,replogle_k562_gwps|K562,IGF1R,252,252,0.31712937355041504,0.003328494029119611,0.0014943776186555624,7679,-0.08051888804833478,,0,0.05467883709281733
desc,T,replogle_k562_gwps|K562,WIPF2,252,252,0.32289332151412964,0.0031970818527042866,0.0017654839903116226,7679,-0.4065583995754745,,0,-0.23513402617453938
desc,T,replogle_k562_gwps|K562,LUZP1,251,251,0.31860220432281494,0.0032076574862003326,0.00212705391459167,7679,-0.25802375781259845,,0,-0.13465788880892465
desc,T,replogle_k562_gwps|K562,TIGD4,251,251,0.35212963819503784,0.003028509207069874,0.002096961485221982,7679,-0.3170376800136921,,0,-0.14833001703746612
desc,T,replogle_k562_gwps|K562,ZNF662,251,251,0.3309616446495056,0.0024139757733792067,0.0007625311845913529,7679,-0.34076119878846983,,0,-0.14509285350859616
desc,T,jurkat_nadig|Jurkat,TPT1,250,250,0.5429226756095886,0.004521726164966822,0.0,8283,-0.2322331998277191,,0,-0.11254838307521757
desc,T,replogle_rpe1|RPE1,CCDC144NL,250,250,0.40538489818573,0.006802392192184925,0.000517227512318641,8259,-0.36293013592690715,,0,-0.4022960566080766
desc,T,replogle_rpe1|RPE1,UROD,250,250,0.3438328802585602,0.006587563082575798,0.0005795559845864773,8259,-0.3205795614611539,,0,-0.2207666189075048
desc,T,replogle_k562_gwps|K562,VPS39,249,249,0.2834547758102417,0.004387291148304939,0.002966368803754449,7679,0.04985475283614258,,0,0.14763377094634164
desc,T,jurkat_nadig|Jurkat,CCDC144NL,248,248,0.5671074390411377,0.004698007367551327,0.0009304120321758091,8283,-0.3760274582306531,,0,-0.1526841292410669
desc,T,replogle_k562_gwps|K562,APTX,248,248,0.3092866539955139,0.003588548395782709,0.001203369814902544,7679,-0.1766943177562887,,0,-0.11556550853898927
desc,T,replogle_k562_gwps|K562,UBE2D4,248,248,0.31903836131095886,0.0030859189573675394,0.0015712117310613394,7678,-0.25977117492800755,,0,-0.18815219303720732
desc,T,replogle_k562_essential|K562,EXOC3,247,247,0.20995831489562988,0.0023944671265780926,0.001969641074538231,7938,0.02658934362225825,,0,0.026276315107965853
desc,T,replogle_k562_gwps|K562,CMPK2,247,247,0.4057447612285614,0.0029377921018749475,0.001780487596988678,7679,-0.31356842055576184,,0,-0.3087223361283915
desc,T,replogle_k562_gwps|K562,POPDC3,247,247,0.31545934081077576,0.0038063330575823784,0.0021728191059082747,7679,-0.05369727338335964,,0,0.006125037514205705
desc,T,replogle_k562_gwps|K562,ZFP90,247,247,0.313843309879303,0.00283256359398365,0.001492982031777501,7679,-0.4062990219615741,,0,-0.20642339011434874
desc,T,replogle_k562_gwps|K562,CACYBP,246,246,0.2588428854942322,0.0011832324089482427,0.0,7679,-0.37078541612186733,,0,-0.2145733558996569
desc,T,replogle_k562_gwps|K562,MMS19,246,246,0.3424380421638489,0.0028004476334899664,0.001775471493601799,7679,-0.2334195048810056,,0,-0.10318442384359523
desc,T,replogle_k562_gwps|K562,ZNF804A,246,246,0.3393118679523468,0.0028603014070540667,0.0016264162259176373,7679,-0.09842601083504401,,0,-0.008634678883350497
desc,T,replogle_k562_gwps|K562,ZNF418,245,245,0.30281004309654236,0.0030588468071073294,0.0013491123681887984,7679,-0.06298193705038893,,0,-0.14187325644625506
desc,T,replogle_k562_gwps|K562,CASC3,244,244,0.32670801877975464,0.003568024840205908,0.0018501809099689126,7679,-0.013434345965693012,,0,-0.006027878216839745
desc,T,replogle_k562_gwps|K562,CEP57L1,244,244,0.25189387798309326,0.0037417509593069553,0.001734633930027485,7679,-0.0929409390615771,,0,-0.08602466340562619
desc,T,replogle_k562_gwps|K562,KDELR2,244,244,0.30023717880249023,0.003043930046260357,0.0014461384853348136,7679,-0.25008190106891026,,0,-0.11127541413892089
desc,T,replogle_k562_gwps|K562,TBRG1,244,244,0.28807368874549866,0.0030467554461210966,0.0011233196128159761,7679,-0.25330888673915464,,0,-0.19429285134082816
desc,T,replogle_k562_gwps|K562,TRIM33,244,244,0.32649514079093933,0.003731883829459548,0.0022096734028309584,7679,0.0007131754904003091,,0,0.11961738404946597
desc,T,replogle_k562_essential|K562,RPS24,243,243,0.32663673162460327,0.022302543744444847,0.0,7938,0.8744085228805427,,0,0.6040953164442383
desc,T,replogle_k562_gwps|K562,CDC42EP1,243,243,0.2734743654727936,0.0022984666284173727,0.0012207956751808524,7679,-0.30023748906361664,,0,-0.27767265255025153
desc,T,replogle_k562_gwps|K562,GSE1,243,243,0.3179945945739746,0.0028471408877521753,0.0018566406797617674,7679,-0.2138241982220411,,0,-0.12428612476273289
desc,T,replogle_k562_essential|K562,MAGOH,242,242,0.37026384472846985,0.005047257989645004,0.004337560851126909,7938,0.5436188579691504,,0,0.42110815454428774
desc,T,replogle_k562_gwps|K562,COMMD1,241,241,0.31014958024024963,0.002672051778063178,0.0010260832495987415,7679,-0.2585315884078693,,0,-0.2565443229583171
desc,T,replogle_k562_gwps|K562,GRHL1,241,241,0.29984259605407715,0.0038080173544585705,0.0017581895226612687,7679,0.09239625706710816,,0,-0.008748106566071848
desc,T,replogle_k562_gwps|K562,DAP,240,240,0.3704584240913391,0.003481518942862749,0.0011897768126800656,7679,-0.014326881731375711,,0,0.15411145997836517
desc,T,replogle_rpe1|RPE1,SART3,240,240,0.41183745861053467,0.026962703093886375,-0.0007731104851700366,8259,0.8784963812354771,,0,0.861428803798097
desc,T,replogle_k562_gwps|K562,HSP90B1,239,239,0.4374218285083771,0.0037321096751838923,0.001563495839945972,7679,0.2983601210665245,,0,0.22554748117804307
desc,T,replogle_k562_gwps|K562,PCGF2,239,239,0.2540813088417053,0.0030641809571534395,0.0012168288230895996,7679,-0.16278677238006609,,0,-0.14872898689617958
desc,T,replogle_k562_gwps|K562,SIX4,239,239,0.3196750283241272,0.002886473899707198,0.0014509673928841949,7679,-0.3009260264143552,,0,-0.1498349113291362
desc,T,replogle_k562_gwps|K562,ZNF345,239,239,0.3060380518436432,0.0033465323504060507,0.001639126567170024,7679,-0.11159841773646847,,0,0.08011103606566547
desc,T,jurkat_nadig|Jurkat,GINS1,238,238,0.6527403593063354,0.016036810353398323,0.006566856987774372,8283,0.7724717658715614,,0,0.6348253559137677
desc,T,replogle_k562_gwps|K562,GTF2A2,237,237,0.5017404556274414,0.00531986728310585,0.0032394472509622574,7679,0.1683272508156078,,0,-0.04031868533058113
desc,T,replogle_k562_gwps|K562,KAT5,237,237,0.3105153739452362,0.004351756069809198,0.0017496471991762519,7679,-0.05164848696876393,,0,-0.013531406456394118
desc,T,replogle_k562_gwps|K562,NIT1,237,237,0.3091035783290863,0.0030469289049506187,0.0016062837094068527,7679,-0.1912807135719812,,0,-0.19193743215435888
desc,T,replogle_k562_gwps|K562,SOX17,237,237,0.31305059790611267,0.0028728684410452843,0.0019663937855511904,7679,-0.31755111036376377,,0,-0.15085924233781894
desc,T,replogle_k562_gwps|K562,CCDC74A,236,236,0.31494155526161194,0.0021144021302461624,0.0010235097724944353,7679,-0.39215951250574954,,0,-0.17982685099539464
desc,T,replogle_k562_gwps|K562,SFT2D2,236,236,0.33167386054992676,0.0035495292395353317,0.0014062448171898723,7679,-0.3048858999067071,,0,-0.13028370819791898
desc,T,replogle_k562_gwps|K562,NRAS,235,235,0.30863475799560547,0.0022706168238073587,0.0009784555295482278,7679,-0.33274205454871786,,0,-0.22817858476342448
desc,T,replogle_k562_gwps|K562,C4orf33,234,234,0.30524277687072754,0.003273801179602742,0.0014747941168025136,7679,-0.11532588724927889,,0,0.021986802462813364
desc,T,replogle_k562_gwps|K562,EPAS1,234,234,0.29073914885520935,0.002699674805626273,0.0015978444134816527,7679,-0.43812282649090906,,0,-0.29794857503114885
desc,T,replogle_k562_gwps|K562,ORMDL2,234,234,0.321643203496933,0.0026906670536845922,0.0011917222291231155,7679,-0.14208379674071386,,0,0.1771940067670886
desc,T,replogle_k562_gwps|K562,BBS4,233,233,0.3217464089393616,0.0027388641610741615,0.001268161227926612,7679,-0.24320534942821695,,0,-0.06196718257789195
desc,T,replogle_k562_gwps|K562,BUB1B,233,233,0.29366806149482727,0.008291080594062805,0.002232681028544903,7679,0.6406252373758127,,0,0.6063416641246545
desc,T,replogle_k562_gwps|K562,PAGR1,233,233,0.3116326332092285,0.0029077772051095963,0.0018097554566338658,7679,-0.3827034135157284,,0,-0.18321265594677744
desc,T,replogle_k562_gwps|K562,HSPA8,232,232,0.3211333155632019,0.0049831015057861805,0.0021248371340334415,7679,0.016734261137820713,,0,0.18051395447958543
desc,T,replogle_k562_gwps|K562,MAPRE1,232,232,0.2771136164665222,0.0034457887522876263,0.0020519266836345196,7679,-0.33957602055530306,,0,-0.20935861386788454
desc,T,replogle_k562_gwps|K562,ONECUT2,232,232,0.2986755967140198,0.003070628270506859,0.0016389485681429505,7679,-0.25846002648948396,,0,-0.21947079186888876
desc,T,replogle_k562_gwps|K562,PFN1,232,232,0.3257899880409241,0.006004034541547298,0.004073355812579393,7679,0.10717577968624616,,0,0.24137007289124615
desc,T,replogle_k562_essential|K562,YEATS4,231,231,0.42105650901794434,0.0010095780016854405,0.0008156104595400393,7938,-0.07082108901089741,,0,-0.2580626759817369
desc,T,replogle_k562_gwps|K562,BBIP1,231,231,0.31940439343452454,0.0023524186108261347,0.0015453906962648034,7679,-0.3881406927251998,,0,-0.2883957523260636
desc,T,replogle_k562_gwps|K562,C5orf15,231,231,0.3188881278038025,0.00410237442702055,0.0018791771726682782,7679,-0.014450160096426596,,0,0.015267009568423988
desc,T,replogle_k562_gwps|K562,GPI,231,231,0.31881994009017944,0.0034685989376157522,0.0022362254094332457,7679,-0.26775607863147516,,0,-0.2190072495476614
desc,T,replogle_k562_gwps|K562,RIOX1,231,231,0.27713045477867126,0.002685995539650321,0.0012674099998548627,7679,-0.19868162526257857,,0,-0.04520511944583029
desc,T,jurkat_nadig|Jurkat,RPL41,230,230,0.542861819267273,0.005234717857092619,0.0,8283,-0.021813385781758485,,0,-0.009113328302307428
desc,T,replogle_k562_essential|K562,HMGCS1,230,230,0.2129492163658142,0.0036524052266031504,0.003255764488130808,7938,0.5273719894324794,,0,0.5311273182537855
desc,T,replogle_k562_gwps|K562,GID8,230,230,0.2922961115837097,0.0029319205787032843,0.0021497763227671385,7679,-0.23934883397182014,,0,-0.18057316217745084
desc,T,replogle_k562_gwps|K562,MPHOSPH8,230,230,0.26841312646865845,0.002771120984107256,0.0009980079485103488,7679,-0.17062077612321516,,0,-0.15244550920430733
desc,T,replogle_k562_gwps|K562,TRIM23,230,230,0.31588855385780334,0.004190920386463404,0.0019689779728651047,7679,-0.04548581440599333,,0,0.000633869291868722
desc,T,replogle_k562_gwps|K562,DNAJB12,229,229,0.35906264185905457,0.0026293329428881407,0.001819703495129943,7679,-0.4534351109275113,,0,-0.25037619395293625
desc,T,replogle_k562_gwps|K562,FKRP,229,229,0.2669104337692261,0.002680048579350114,0.0010421840706840158,7679,-0.18178760389877074,,0,-0.14393425136859558
desc,T,replogle_k562_gwps|K562,MRPL19,229,229,0.25919562578201294,0.0019810206722468138,0.0,7679,0.09763776489166932,,0,0.16314660462080144
desc,T,jurkat_nadig|Jurkat,ING3,228,228,0.6548454761505127,0.005088108126074076,0.0005342471995390952,8283,-0.049250288743954374,,0,-0.05863223064435522
desc,T,replogle_k562_gwps|K562,PIGM,228,228,0.34680336713790894,0.0022806779015809298,0.001373155857436359,7678,-0.34622209301719575,,0,-0.28508777232881694
desc,T,replogle_k562_gwps|K562,SEPSECS,228,228,0.3092454969882965,0.0018014984671026468,0.0012797183590009809,7678,-0.5094572351035901,,0,-0.36655856462119335
desc,T,replogle_k562_gwps|K562,TRIP11,228,228,0.3253592252731323,0.002906958106905222,0.0015148069942370057,7679,-0.14337031015756316,,0,0.09532372489450289
desc,T,jurkat_nadig|Jurkat,NELFB,227,227,0.6098769307136536,0.005543046165257692,0.0011753777507692575,8283,-0.24514167855270647,,0,-0.18395032801481134
desc,T,replogle_k562_gwps|K562,GRIPAP1,227,227,0.2977111339569092,0.0028466566000133753,0.0016058696201071143,7679,-0.1761937068696871,,0,-0.1647464390296882
desc,T,replogle_k562_gwps|K562,KIAA1586,227,227,0.3212524950504303,0.0028701655101031065,0.0016955279279500246,7679,-0.28931074858594924,,0,-0.04324180471621508
desc,T,replogle_k562_gwps|K562,LRP10,227,227,0.32545480132102966,0.0025874862913042307,0.0014611027436330914,7679,-0.43544854190827725,,0,-0.30271298811200853
desc,T,replogle_k562_gwps|K562,SKOR2,227,227,0.3171981871128082,0.0031406430061906576,0.0013969128485769033,7679,-0.3098509929858465,,0,-0.2375960203365947
desc,T,replogle_k562_gwps|K562,SLC37A3,227,227,0.29395750164985657,0.003365311771631241,0.0015381393022835255,7679,-0.11651961613425575,,0,-0.1323325575001754
desc,T,replogle_k562_gwps|K562,TRAPPC12,227,227,0.26385676860809326,0.0032253845129162073,0.0013627838343381882,7679,0.05402150729151976,,0,0.07268425301224349
desc,T,jurkat_nadig|Jurkat,WDR18,226,226,0.6284993886947632,0.0072970264591276646,0.0002630634407978505,8283,0.22788553494253608,,0,0.38422932041838137
desc,T,replogle_k562_gwps|K562,ARL8B,226,226,0.3319861888885498,0.002924436703324318,0.0013236863305792212,7679,-0.24384341904954673,,0,-0.15885694696736677
desc,J,hepg2_nadig|HepG2,SLC1A5,500,631,0.37642228603363037,0.012591204605996609,0.004621573723852634,9023,-0.1688361018434284,,0,-0.09073714553327362
desc,J,hepg2_nadig|HepG2,GTF3C4,500,536,0.5421924591064453,0.02378275617957115,0.008966181427240372,9023,0.36208085468634366,,0,-0.06663639468389904
desc,J,hepg2_nadig|HepG2,GTF2E2,476,476,0.7527324557304382,0.022318510338664055,0.006260578520596027,9023,0.6196522403953575,,0,0.14914072923391664
desc,J,hepg2_nadig|HepG2,EIF3CL,435,435,0.6566072106361389,0.024452868849039078,-0.007255832199007273,9023,0.6321575064357801,,0,0.04633347530284133
desc,J,hepg2_nadig|HepG2,CCDC6,413,413,0.10103078186511993,0.0029033746104687452,-0.002932899398729205,9023,-0.3123063501323291,,0,-0.12429933728952536
desc,J,hepg2_nadig|HepG2,SART3,355,355,0.3936392366886139,0.02636866830289364,0.007341152988374233,9023,0.5796934942337675,,0,0.12312446618895469
desc,J,hepg2_nadig|HepG2,PPP1R37,284,284,0.2929364740848541,0.009970566257834435,0.0008603900787420571,9023,-0.08810337895171069,,0,-0.10500620694315542
desc,J,hepg2_nadig|HepG2,TIMM23B,269,269,0.4515264332294464,0.02924397587776184,0.0,9023,0.6534932129108239,,0,0.10461835527020782
desc,J,hepg2_nadig|HepG2,TPT1,239,239,0.4514904022216797,0.01969459094107151,0.0,9023,0.3097851013858887,,0,0.22060799749512985
desc,J,hepg2_nadig|HepG2,THOC7,229,229,0.7755265831947327,0.017519699409604073,0.006876994855701923,9023,0.04551044537326797,,0,0.06341675720160098
desc,J,hepg2_nadig|HepG2,TRNT1,228,228,0.3795071840286255,0.025073261931538582,0.0020659170113503933,9023,0.6104489286633034,,0,0.17027876566016809
desc,J,hepg2_nadig|HepG2,NUP88,200,200,0.5886374711990356,0.02949330396950245,0.013161934912204742,9023,0.4422729608324166,,0,-0.02770203111903467
desc,J,hepg2_nadig|HepG2,EIF2B1,189,189,0.5917633175849915,0.026799118146300316,0.008283548057079315,9023,0.48753505406918046,,0,0.08867600452346387
desc,J,hepg2_nadig|HepG2,HNRNPL,178,178,0.6673711538314819,0.02426549792289734,0.011995579116046429,9023,0.04179182783339216,,0,0.08908771430313357
desc,J,hepg2_nadig|HepG2,WDR18,170,170,0.5673748850822449,0.018651137128472328,-0.0015476238913834095,9023,0.1478350906031592,,0,-0.04576109703719432
desc,J,hepg2_nadig|HepG2,ZNF718,155,155,0.14723017811775208,0.003538820892572403,-0.004616205580532551,9023,0.022350758145829163,,0,-0.16636830063000682
desc,J,hepg2_nadig|HepG2,DDX55,136,136,0.6425490975379944,0.0326678566634655,-0.0029848283156752586,9023,0.7319946182897678,,0,0.042552338484211756
desc,J,hepg2_nadig|HepG2,PSMG3,129,129,0.22952814400196075,0.013839054852724075,-0.0017535140505060554,9023,0.21141250196273662,,0,-0.012768926148126658
desc,J,hepg2_nadig|HepG2,EXOSC4,128,128,0.6543824672698975,0.04649345204234123,0.018433572724461555,9023,0.6096661021787907,,0,0.17370544071609223
desc,J,hepg2_nadig|HepG2,PMPCB,126,126,0.4545026123523712,0.031030746176838875,0.004480322822928429,9023,0.5473089667864292,,0,0.019226174931910128
desc,J,hepg2_nadig|HepG2,SNX15,125,125,0.20034384727478027,0.007160934153944254,-0.0026543764397501945,9023,0.06632797627508256,,0,-0.21523164448044763
desc,J,hepg2_nadig|HepG2,DHX37,124,124,0.5877512097358704,0.012709417380392551,-0.002456819638609886,9023,0.029914249403201528,,0,-0.06706986130710046
desc,J,hepg2_nadig|HepG2,NOP14,123,123,0.6865315437316895,0.026245128363370895,-0.006292116828262806,9023,0.7542931232000414,,0,0.07489915495238138
desc,J,hepg2_nadig|HepG2,TCOF1,117,117,0.7163284420967102,0.007165825925767422,-0.000759637332521379,9023,-0.023321583976367122,,0,0.1305028473210319
desc,J,hepg2_nadig|HepG2,AURKA,114,114,0.36169177293777466,0.018636737018823624,0.00541207380592823,9023,0.0730670680039357,,0,-0.18879220008599099
desc,J,hepg2_nadig|HepG2,WDR12,110,110,0.5793455839157104,0.036442749202251434,-0.007338595576584339,9023,0.8228660014907653,,0,0.17991736091721094
desc,J,hepg2_nadig|HepG2,RCL1,109,109,0.5653978586196899,0.03625265881419182,-0.005864150822162628,9021,0.8711152591725801,,0,0.06041192013215483
desc,J,hepg2_nadig|HepG2,RPL41,109,109,0.4513888359069824,0.011299912817776203,0.0,9023,-0.2627194582501648,,0,-0.22506646104927136
desc,J,hepg2_nadig|HepG2,NELFB,107,107,0.6874279975891113,0.03289143368601799,0.018737301230430603,9021,0.0605243415467963,,0,-0.1035197930650938
desc,J,hepg2_nadig|HepG2,NFYB,105,105,0.43631213903427124,0.014812422916293144,0.005446537863463163,9023,-0.042268505189402825,,0,0.04749346741609529
desc,J,hepg2_nadig|HepG2,PPP1R2,104,104,0.21886266767978668,0.012158120051026344,0.0012599352048709989,9023,-0.1406590951582116,,0,-0.16574468183908897
desc,J,hepg2_nadig|HepG2,BUB1B,103,103,0.640937089920044,0.03219391405582428,0.017912374809384346,9023,0.0508513347560459,,0,-0.038601607799078154
desc,J,hepg2_nadig|HepG2,RPL12,103,103,0.4514394998550415,0.042411286383867264,0.0,9023,0.7746814657697124,,0,0.22463807185270337
desc,J,hepg2_nadig|HepG2,SF3A2,103,103,0.6867126226425171,0.018068306148052216,-0.010677891783416271,9023,0.5436742114886577,,0,0.14315699003325685
desc,J,hepg2_nadig|HepG2,KEAP1,102,102,0.26075825095176697,0.019870059564709663,0.003931084647774696,9021,0.14894641676782877,,0,0.044283685714769885
desc,J,hepg2_nadig|HepG2,COX11,99,99,0.19331611692905426,0.005492656957358122,-0.0038220214191824198,9023,-0.19862382519072255,,0,-0.07430560465147654
desc,J,hepg2_nadig|HepG2,DDX5,99,99,0.5861174464225769,0.02490515261888504,0.012353814207017422,9023,-0.058309541917812395,,0,-0.12560875744825886
desc,J,hepg2_nadig|HepG2,GLE1,98,98,0.21936564147472382,0.016872886568307877,-0.006497342139482498,9022,0.1938063309871739,,0,0.04918833938937058
desc,J,hepg2_nadig|HepG2,NAA38,96,96,0.5042539834976196,0.04243338480591774,0.011620685458183289,9022,0.5746296387056506,,0,0.001842704281320632
desc,J,hepg2_nadig|HepG2,PDCD5,94,94,0.30272090435028076,0.01471048966050148,-0.0013476659078150988,9023,-0.01505262484117922,,0,-0.009955691078725792
desc,J,hepg2_nadig|HepG2,POP5,93,93,0.6124154925346375,0.015141680836677551,-0.006259528454393148,9023,0.2867573179765088,,0,-0.13510096503542765
desc,J,hepg2_nadig|HepG2,AKIRIN2,92,92,0.3314483165740967,0.014606254175305367,0.00156407430768013,9023,-0.1946292309530263,,0,-0.15866436054718244
desc,J,hepg2_nadig|HepG2,CENPJ,92,92,0.4775207042694092,0.05396339297294617,0.009926645085215569,9023,0.6246553970616087,,0,-0.03044041349431367
desc,J,hepg2_nadig|HepG2,KDM6A,92,92,0.19693931937217712,0.008188257925212383,-0.00269798981025815,9022,0.053261831212014235,,0,0.2950864152879553
desc,J,hepg2_nadig|HepG2,NFS1,90,90,0.3112425208091736,0.022995930165052414,-0.001090182806365192,9023,0.2872283188407368,,0,-0.0035204467493423048
desc,J,hepg2_nadig|HepG2,DCUN1D5,89,89,0.38952764868736267,0.03928416222333908,0.0072143287397921085,9023,0.6282321352362725,,0,0.1777977756283865
desc,J,hepg2_nadig|HepG2,NOB1,89,89,0.6862085461616516,0.013717877678573132,-0.0045930505730211735,9023,0.2135257194991197,,0,-0.07842655259127992
desc,J,hepg2_nadig|HepG2,NOC3L,89,89,0.5064211487770081,0.04131334647536278,-0.0013784919865429401,9023,0.8042959097034181,,0,0.07413440448210327
desc,J,hepg2_nadig|HepG2,GINS1,86,86,0.6400064826011658,0.06368553638458252,0.037274353206157684,9023,0.5072770507160178,,0,0.016955491431588907
desc,J,hepg2_nadig|HepG2,PCNA,86,86,0.42650270462036133,0.0558333620429039,0.015085319988429546,9023,0.5072492347692568,,0,0.0813736524657451
desc,J,hepg2_nadig|HepG2,RPA3,86,86,0.6399806141853333,0.0685405507683754,0.030765658244490623,9023,0.5968463182579122,,0,0.023424715753004123
desc,J,hepg2_nadig|HepG2,GABPA,83,83,0.34041720628738403,0.016470223665237427,0.003916590008884668,9023,-0.08792554829800599,,0,-0.20866857882765838
desc,J,hepg2_nadig|HepG2,RABGGTB,83,83,0.33463895320892334,0.025879694148898125,0.004768412560224533,9021,0.49994514602487244,,0,0.2389180227591269
desc,J,hepg2_nadig|HepG2,RPL35,82,82,0.45162200927734375,0.07981427013874054,0.0,9010,0.8693166296163785,,0,0.1413882975726059
desc,J,hepg2_nadig|HepG2,SMARCB1,81,81,0.1984299123287201,0.012215875089168549,-0.0005073320353403687,9022,-0.08835356038728018,,0,-0.25647241946834665
desc,J,hepg2_nadig|HepG2,CCDC144NL,80,80,0.37108415365219116,0.007594608701765537,-0.00038742675678804517,9023,0.023162880818682105,,0,-0.05644123202882576
desc,J,hepg2_nadig|HepG2,GRPEL1,80,80,0.4165201187133789,0.03210505098104477,0.0016274222871288657,9023,0.573965630516772,,0,0.0701564301514503
desc,J,hepg2_nadig|HepG2,PRPF4,78,78,0.7028828859329224,0.029238853603601456,-0.005776835605502129,9018,0.7203225150821947,,0,0.1087462877183393
desc,J,hepg2_nadig|HepG2,USP39,77,77,0.6224912405014038,0.04206351190805435,0.012007269077003002,9023,0.5358172219766475,,0,0.06915345475981646
desc,J,hepg2_nadig|HepG2,WDR3,77,77,0.6735321879386902,0.029320834204554558,0.0011257537407800555,9021,0.6482949803764886,,0,0.04682475865862603
desc,J,hepg2_nadig|HepG2,DHX16,75,75,0.7128118276596069,0.026606116443872452,0.010576324537396431,9016,0.6308442645429887,,0,-0.017412911401481986
desc,J,hepg2_nadig|HepG2,PCBP1,75,75,0.49114277958869934,0.03392866998910904,0.0071471636183559895,9023,0.34293222797658585,,0,0.09189934324361199
desc,J,hepg2_nadig|HepG2,RBM28,75,75,0.6797827482223511,0.054764486849308014,0.0021422982681542635,9019,0.8689899437162768,,0,0.14433406322724976
desc,J,hepg2_nadig|HepG2,TXNL4B,75,75,0.6048498749732971,0.022996192798018456,0.012645735405385494,9022,-0.20208104043182934,,0,-0.03428348607572419
desc,J,hepg2_nadig|HepG2,PFN1,74,74,0.43891820311546326,0.021959345787763596,0.007594170514494181,9023,-0.04242065036340639,,0,-0.12273996533466319
desc,J,hepg2_nadig|HepG2,SCD,74,74,0.27118009328842163,0.019912471994757652,0.0015025875763967633,9019,0.23482785714122362,,0,-0.08317333224520639
desc,J,hepg2_nadig|HepG2,RPP14,73,73,0.6501708626747131,0.024529248476028442,-0.014895698986947536,9018,0.7848044523231595,,0,0.06377483073665323
desc,J,hepg2_nadig|HepG2,SLC25A42,73,73,0.1966748982667923,0.03664400801062584,-0.004476006608456373,9021,0.44732993294574475,,0,-0.022623314948076546
desc,J,hepg2_nadig|HepG2,RPS9,72,72,0.45162808895111084,0.046893566846847534,0.0,9021,0.836782782095109,,0,0.21408670060425475
desc,J,hepg2_nadig|HepG2,CDK6,71,71,0.3794972896575928,0.01699923537671566,0.004534896928817034,9023,-0.1275614506308877,,0,-0.1336277263636723
desc,J,hepg2_nadig|HepG2,GOLT1B,71,71,0.15880805253982544,0.005041622091084719,-0.0012627850519493222,9020,-0.3356880382413544,,0,-0.16993251354243527
desc,J,hepg2_nadig|HepG2,CENPT,70,70,0.340362548828125,0.01752893254160881,0.00017752550775185227,9023,0.16387164982944927,,0,-0.009293936047195491
desc,J,hepg2_nadig|HepG2,DCTN1,70,70,0.34900766611099243,0.014767122454941273,0.0028430165257304907,9020,0.03661405854561185,,0,-0.04761881184067751
desc,J,hepg2_nadig|HepG2,RPS19BP1,68,68,0.45129629969596863,0.03231927752494812,0.0,9021,0.6336319375382341,,0,-0.012767108946110045
desc,J,hepg2_nadig|HepG2,TSEN34,68,68,0.38290905952453613,0.0033685918897390366,-0.004907012917101383,9022,-0.16024206772528587,,0,-0.0978997638857753
desc,J,hepg2_nadig|HepG2,ARPC4,66,66,0.14861427247524261,0.007937714457511902,-0.009378515183925629,9021,0.09600210769376791,,0,0.03378757337748764
desc,J,hepg2_nadig|HepG2,RPS24,66,66,0.4514319598674774,0.05064237117767334,0.0,9023,0.8624305157261115,,0,0.10031291557242594
desc,J,hepg2_nadig|HepG2,PGK1,65,65,0.17793041467666626,0.005040411837399006,-0.004212638828903437,9022,-0.25031889889343295,,0,-0.02531732891073153
desc,J,hepg2_nadig|HepG2,POLRMT,65,65,0.3945496082305908,0.02336074784398079,0.00259138410910964,9022,0.27718359761591954,,0,-0.09371878290970362
desc,J,hepg2_nadig|HepG2,HMBOX1,63,63,0.2654997706413269,0.00920402817428112,-0.0005453074118122458,9022,-0.03995433759038122,,0,0.008013460233073382
desc,J,hepg2_nadig|HepG2,NOP58,62,62,0.7029775977134705,0.033615536987781525,-0.004991400055587292,9019,0.7454869616444877,,0,0.042323579013603355
desc,J,hepg2_nadig|HepG2,PCNX3,62,62,0.29503363370895386,0.006410227622836828,0.001271817716769874,9018,-0.32260123081816094,,0,-0.08222689173579929
desc,J,hepg2_nadig|HepG2,SETDB1,62,62,0.29897502064704895,0.008250291459262371,0.00011706067016348243,9020,-0.04638674187765452,,0,-0.02767894395561565
desc,J,hepg2_nadig|HepG2,WBP11,62,62,0.3300151526927948,0.02005482278764248,-0.0014597787521779537,9021,0.290023278758611,,0,-0.09995183929374578
desc,J,hepg2_nadig|HepG2,ZNF335,62,62,0.320464164018631,0.027968309819698334,0.0017331582494080067,9023,0.27728118263555945,,0,-0.14316488408186154
desc,J,hepg2_nadig|HepG2,CABIN1,61,61,0.12425495684146881,0.003197801299393177,-0.008769344538450241,9019,-0.1266458646215477,,0,-0.2511695907585802
desc,J,hepg2_nadig|HepG2,MIER1,61,61,0.2809496521949768,0.01098380982875824,0.0005465961876325309,9021,-0.22680323474715086,,0,-0.18321940749008594
desc,J,hepg2_nadig|HepG2,SHOC2,61,61,0.4263762831687927,0.011321925558149815,0.004880273714661598,9019,-0.38980256628260485,,0,-0.1664570467361161
desc,J,hepg2_nadig|HepG2,COTL1,60,60,0.6261773705482483,0.015597643330693245,0.003636422101408243,9021,-0.17153131658577908,,0,-0.3120740556791417
desc,J,hepg2_nadig|HepG2,HSP90B1,60,60,0.5921152830123901,0.013315155170857906,0.004080812446773052,9019,-0.21027238634295747,,0,-0.18174759480563332
desc,J,hepg2_nadig|HepG2,CENPP,59,59,0.304734468460083,0.029694940894842148,-0.004328662995249033,9023,0.3373541835761386,,0,-0.06541795757651864
desc,J,hepg2_nadig|HepG2,CMTR1,59,59,0.28777849674224854,0.005714114755392075,-0.0011256764410063624,9019,-0.1285629353829777,,0,-0.15531930821408685
desc,J,hepg2_nadig|HepG2,HMGCS1,59,59,0.4649795591831207,0.042657241225242615,0.020000983029603958,9022,0.47494836618131636,,0,0.0872352148267468
desc,J,hepg2_nadig|HepG2,HSPA8,59,59,0.4392043650150299,0.021551737561821938,0.005899085197597742,9019,0.015163479810339149,,0,-0.10769614065024093
desc,J,hepg2_nadig|HepG2,ING3,59,59,0.538893461227417,0.032357580959796906,0.0181997362524271,9021,-0.052113986914056935,,0,-0.20894909045774407
desc,J,hepg2_nadig|HepG2,STXBP4,58,58,0.596206545829773,0.03590414673089981,0.021901750937104225,9023,0.19486943974316748,,0,-0.004770660149388154
desc,J,hepg2_nadig|HepG2,UFL1,58,58,0.37226107716560364,0.014710982330143452,0.0024263428058475256,9022,-0.12401172390372449,,0,-0.13065247086614262
desc,J,hepg2_nadig|HepG2,PPA1,57,57,0.14940021932125092,0.006204715929925442,-0.0023700976744294167,9021,-0.12592899230486385,,0,-0.16798465366251625
desc,J,hepg2_nadig|HepG2,AURKAIP1,56,56,0.16288213431835175,0.00306290527805686,-0.013576624915003777,9021,-0.011670351059873187,,0,-0.0627752777924037
desc,J,hepg2_nadig|HepG2,MICOS10,56,56,0.2657592296600342,0.011399864219129086,-0.007514103315770626,9023,0.15138275707377002,,0,-0.24450568969398592
desc,J,hepg2_nadig|HepG2,RPL7L1,56,56,0.4516761004924774,0.06734013557434082,0.0,9015,0.8413171203947585,,0,0.11595973204537409
desc,J,hepg2_nadig|HepG2,COG1,55,55,0.5141671299934387,0.02670269086956978,0.016200702637434006,9016,-0.14337318370362775,,0,-0.12276690996078408
desc,J,hepg2_nadig|HepG2,USF2,54,54,0.331733763217926,0.01436960231512785,0.00266604614444077,9019,-0.153893366784304,,0,-0.20957056753341802
desc,J,hepg2_nadig|HepG2,HAUS8,53,53,0.5247358083724976,0.028549322858452797,0.013313825242221355,9020,0.13368827289877278,,0,-0.195658277864867
desc,J,hepg2_nadig|HepG2,LTV1,53,53,0.6601999998092651,0.03961554542183876,-0.009669207967817783,9014,0.7963587142550119,,0,0.08318879392695004
desc,J,hepg2_nadig|HepG2,SRRM1,53,53,0.7332308292388916,0.010620107874274254,-0.002680594101548195,9015,0.11021386636389086,,0,-0.09797517048521746
desc,J,hepg2_nadig|HepG2,DNAJC19,52,52,0.43340206146240234,0.010999219492077827,0.002913303440436721,9019,-0.10253447337108633,,0,-0.1781816771415267
desc,J,hepg2_nadig|HepG2,PDRG1,52,52,0.23032218217849731,0.01665487326681614,0.0027425438165664673,9009,0.1126072168315136,,0,-0.10637758983840678
desc,J,hepg2_nadig|HepG2,RBM48,52,52,0.3922310173511505,0.003662900300696492,-0.006374913267791271,9019,-0.12399282207472707,,0,-0.19337132315039443
desc,J,hepg2_nadig|HepG2,UROD,52,52,0.2315063178539276,0.007058032788336277,-0.000964456470683217,9020,-0.2698971981873845,,0,-0.11446123293463925
desc,J,hepg2_nadig|HepG2,ZNF763,52,52,0.24204649031162262,0.004163279663771391,-0.000524280418176204,9015,-0.30607449850760593,,0,-0.23163635939306992
desc,J,hepg2_nadig|HepG2,SEPSECS,51,51,0.14381156861782074,0.0012777940137311816,-0.004650569520890713,9009,-0.15385263306798577,,0,-0.1916845716871228
desc,J,hepg2_nadig|HepG2,SUMO2,51,51,0.18746641278266907,0.009802744723856449,0.001971350284293294,9016,-0.3201894445473578,,0,-0.18343070360082694
desc,J,hepg2_nadig|HepG2,FOXS1,50,50,0.18983623385429382,0.007008088752627373,-0.0020290242973715067,9018,-0.1337826221796613,,0,-0.1463547249227543
desc,J,hepg2_nadig|HepG2,GTF2H4,50,50,0.5773305296897888,0.015599933452904224,0.005627114325761795,9018,-0.027843038494748944,,0,-0.14290021077001477
desc,J,hepg2_nadig|HepG2,ARGFX,48,48,0.214967742562294,0.00562733830884099,-0.0026256402488797903,9014,-0.23644550148827823,,0,-0.06884520441985248
desc,J,hepg2_nadig|HepG2,CDAN1,48,48,0.2640690505504608,0.015803026035428047,0.0022233445197343826,9019,0.13671813206280242,,0,-0.1061535813795
desc,J,hepg2_nadig|HepG2,EIF5,48,48,0.5859497785568237,0.01565789431333542,0.003089186502620578,9014,0.002922907137433392,,0,-0.10975907155647345
desc,J,hepg2_nadig|HepG2,LTB4R2,48,48,0.2847078740596771,0.0026285024359822273,-0.0035870568826794624,9019,-0.26099791277601875,,0,-0.24167495793806937
desc,J,hepg2_nadig|HepG2,MMS19,48,48,0.5209120512008667,0.030222542583942413,0.0113894147798419,9017,0.05210291757868621,,0,-0.1596684682165438
desc,J,hepg2_nadig|HepG2,SNRPE,48,48,0.6801929473876953,0.03650817647576332,0.0012594113359227777,9014,0.6987319056263467,,0,0.13792586724774614
desc,J,hepg2_nadig|HepG2,SRFBP1,48,48,0.6998584270477295,0.028096264228224754,-0.003750376170501113,9012,0.4134174032876015,,0,-0.015175073681296714
desc,J,hepg2_nadig|HepG2,FASTKD5,47,47,0.36509808897972107,0.010001369751989841,-0.002035479061305523,9020,-0.1070688838399739,,0,-0.28068885719407494
desc,J,hepg2_nadig|HepG2,HMX3,47,47,0.2294725626707077,0.019354242831468582,-0.005421172361820936,9019,0.10017046098348731,,0,-0.13260775344262693
desc,J,hepg2_nadig|HepG2,TRAPPC8,47,47,0.4170721769332886,0.004043408669531345,-0.009012476541101933,9015,0.017796011692216004,,0,-0.13300152306928875
desc,J,hepg2_nadig|HepG2,KANSL1,46,46,0.3716471791267395,0.025233488529920578,0.00708750868216157,9006,0.10952303736852151,,0,-0.15016753505045696
desc,J,hepg2_nadig|HepG2,PPRC1,46,46,0.30214923620224,0.007980243302881718,-0.00038294849218800664,9018,0.009115469673634196,,0,-0.08179581041249723
desc,J,hepg2_nadig|HepG2,SLBP,46,46,0.5397464632987976,0.040489260107278824,0.020585352554917336,9020,0.17503724920040215,,0,-0.14584047321198576
desc,J,hepg2_nadig|HepG2,DDX20,45,45,0.34026509523391724,0.01773717813193798,0.005627028178423643,8989,0.12036377689364608,,0,-0.12331156400554988
desc,J,hepg2_nadig|HepG2,ENO1,45,45,0.17492035031318665,0.0031250775791704655,-0.0037128590047359467,9019,-0.219709370925638,,0,-0.20357932147344382
desc,J,hepg2_nadig|HepG2,GFER,45,45,0.4637698829174042,0.01911788433790207,-0.0009146432857960463,9022,0.060382500924846295,,0,-0.11300079240827257
desc,J,hepg2_nadig|HepG2,NDC1,45,45,0.6542872190475464,0.019068125635385513,0.008726765401661396,9015,-0.13560590142094847,,0,-0.014835866476124043
desc,J,hepg2_nadig|HepG2,PFDN2,45,45,0.22203579545021057,0.02551293931901455,0.006211217027157545,8993,0.37944929037591096,,0,-0.10314039802589416
desc,J,hepg2_nadig|HepG2,SAMD4B,45,45,0.2325904816389084,0.01022365503013134,-0.0033939306158572435,9014,-0.09712733758123493,,0,-0.11811518664658459
desc,J,hepg2_nadig|HepG2,CDC37,44,44,0.4520707428455353,0.01419244147837162,0.004903935361653566,9017,-0.2750179381711362,,0,-0.28532070408230903
desc,J,hepg2_nadig|HepG2,PRKCA,44,44,0.22766289114952087,0.007609380874782801,-0.002729682484641671,9011,-0.04454268083441685,,0,0.021850423478324624
desc,J,hepg2_nadig|HepG2,TMED10,44,44,0.5428750514984131,0.017351573333144188,0.007514632772654295,9017,0.02467736550295586,,0,-0.19201899892663815
desc,J,hepg2_nadig|HepG2,ARPC3,43,43,0.30814334750175476,0.010891241021454334,0.0022091148421168327,9015,-0.15675514483860867,,0,-0.24155650282460786
desc,J,hepg2_nadig|HepG2,COX7C,43,43,0.21950194239616394,0.013470342382788658,-0.013312812894582748,9014,0.2372267997188266,,0,-0.18030927702412605
desc,J,hepg2_nadig|HepG2,UBR5,43,43,0.47626587748527527,0.025117410346865654,0.011318766511976719,9009,-0.12346355367684166,,0,-0.20302233026989044
desc,J,hepg2_nadig|HepG2,ANKRD49,42,42,0.6736590266227722,0.024147167801856995,0.010793905705213547,9011,-0.19264349144837836,,0,-0.17694209016587686
desc,J,hepg2_nadig|HepG2,EXOC3,41,41,0.30114367604255676,0.009226489812135696,-0.0012218760093674064,9014,-0.1650791657611538,,0,-0.21830968135624865
desc,J,hepg2_nadig|HepG2,IARS,41,41,0.7377040386199951,0.029858097434043884,0.010426566004753113,9013,0.18823174772324736,,0,-0.12977411194012095
desc,J,hepg2_nadig|HepG2,MCM10,41,41,0.6679671406745911,0.06231941655278206,0.027490854263305664,9021,0.4264866046670687,,0,-0.04871009574533929
desc,J,hepg2_nadig|HepG2,RBBP4,41,41,0.23556426167488098,0.008559891022741795,0.0005529079935513437,9015,-0.17056716277668063,,0,-0.18109685350762203
desc,J,hepg2_nadig|HepG2,COPS3,40,40,0.38061070442199707,0.03643857315182686,0.007936699315905571,9010,0.2653175699513977,,0,-0.06831957875110865
desc,J,hepg2_nadig|HepG2,OPA1,40,40,0.3072451949119568,0.019334260374307632,0.00020372467406559736,9013,-0.04750834756838842,,0,-0.2823724220613166
desc,J,hepg2_nadig|HepG2,OR4K1,40,40,0.16734954714775085,0.0054090591147542,-0.003274571616202593,9005,-0.10143813206408817,,0,-0.10151703945696841
desc,J,hepg2_nadig|HepG2,POLR3H,40,40,0.44526544213294983,0.005436730571091175,-0.0007229775656014681,9009,-0.2879982983283286,,0,-0.2057544105029037
desc,J,hepg2_nadig|HepG2,TAF1C,40,40,0.4148910641670227,0.019306456670165062,0.0009305727435275912,9011,0.08513438457613043,,0,-0.3896287960519187
desc,J,hepg2_nadig|HepG2,TRMT6,40,40,0.28465503454208374,0.004255620297044516,-0.0041016764007508755,8991,-0.12073802218303681,,0,-0.30766388887102875
desc,J,hepg2_nadig|HepG2,TSFM,40,40,0.14095236361026764,0.00214657885953784,-0.005261752288788557,9014,-0.279419353096087,,0,-0.24681437454457675
desc,J,hepg2_nadig|HepG2,ACTR1A,39,39,0.12002383917570114,0.010072476230561733,-0.006203177850693464,9016,0.08568188454300568,,0,-0.1693186738115943
desc,J,hepg2_nadig|HepG2,COG4,39,39,0.4943031370639801,0.023915773257613182,0.012933309189975262,9017,-0.24668550576155043,,0,-0.34448592116773946
desc,J,hepg2_nadig|HepG2,ERCC3,39,39,0.6169400811195374,0.011297735385596752,0.0019209552556276321,9001,-0.1921777227591206,,0,-0.19250999197656643
desc,J,hepg2_nadig|HepG2,FDXR,39,39,0.31219038367271423,0.004671812057495117,-0.004410785622894764,9009,-0.12178550439842326,,0,-0.3133919921616129
desc,J,hepg2_nadig|HepG2,TFB1M,39,39,0.23305262625217438,0.004936846438795328,-0.002781921299174428,9010,-0.2520626934308526,,0,-0.2696545550226184
desc,J,hepg2_nadig|HepG2,ZNF658,39,39,0.27069979906082153,0.008496738038957119,-0.0008880869718268514,9000,-0.21254414692940135,,0,-0.31322297893871576
desc,J,hepg2_nadig|HepG2,SPRTN,38,38,0.29538026452064514,0.006888622418045998,0.00046729747555218637,9005,-0.2689278559372878,,0,-0.34781964307810037
desc,J,hepg2_nadig|HepG2,TAMM41,38,38,0.2514965832233429,0.002874090103432536,-0.002322763204574585,8994,-0.10665709215707117,,0,-0.24990343520029715
desc,J,hepg2_nadig|HepG2,KIAA0586,37,37,0.2535826563835144,0.01592773199081421,-0.0040087588131427765,9013,-0.05484935727035599,,0,-0.10168827749036569
desc,J,hepg2_nadig|HepG2,ROMO1,37,37,0.18354415893554688,0.008519003167748451,-0.004732268862426281,9020,-0.0888695422705762,,0,-0.23797435840976416
desc,J,hepg2_nadig|HepG2,VPS13D,37,37,0.17858967185020447,0.01119943056255579,-0.007660724688321352,9018,-0.03821107867362908,,0,-0.3201132513684545
desc,J,hepg2_nadig|HepG2,ZNF284,37,37,0.22478032112121582,0.005660651251673698,-0.002191208302974701,9017,-0.19106684407985197,,0,-0.14908845796922682
desc,J,hepg2_nadig|HepG2,AFG3L2,36,36,0.3264235854148865,0.02219894528388977,0.001996937207877636,9008,0.2059793151828736,,0,-0.13831669400706909
desc,J,hepg2_nadig|HepG2,GMPPB,36,36,0.31430479884147644,0.010281812399625778,0.0018559071468189359,9001,-0.13323415027605826,,0,-0.32306547563916815
desc,J,hepg2_nadig|HepG2,PPA2,36,36,0.2304144948720932,0.018129071220755577,-9.976141154766083e-05,9012,0.15602991634289723,,0,-0.11833275623000811
desc,J,hepg2_nadig|HepG2,RMI1,36,36,0.401276171207428,0.016292743384838104,0.0067354789935052395,9012,-0.26485149316219253,,0,-0.3207881383220936
desc,J,hepg2_nadig|HepG2,SNIP1,36,36,0.759963870048523,0.02919612266123295,0.004036908503621817,8990,0.4241344773435473,,0,0.030037972454247778
desc,J,hepg2_nadig|HepG2,TRIAP1,36,36,0.7533089518547058,0.007438862696290016,-0.0026297704316675663,9002,-0.3570784673468844,,0,-0.25563583514473476
desc,J,hepg2_nadig|HepG2,XRCC2,36,36,0.2313908487558365,0.009008597582578659,-0.0019103200174868107,9012,-0.13999097561647603,,0,-0.17681238432842708
desc,J,hepg2_nadig|HepG2,EEF1A1,35,35,0.45179855823516846,0.010112940333783627,0.0,9013,-0.3099211053864777,,0,-0.13971052745984086
desc,J,hepg2_nadig|HepG2,RPS28,35,35,0.45137929916381836,0.043316882103681564,0.0,8997,0.6888603017231685,,0,0.007709277607084945
desc,J,hepg2_nadig|HepG2,SDHC,35,35,0.1984640210866928,0.006352209486067295,-0.00267663411796093,9001,-0.1747770819112154,,0,-0.112265785547488
desc,J,hepg2_nadig|HepG2,TMEM199,34,34,0.2566925883293152,0.01743936911225319,0.0023406052496284246,9004,0.009299713046197911,,0,-0.11734112909476423
desc,J,hepg2_nadig|HepG2,MRPS30,33,33,0.45144733786582947,0.024206101894378662,0.0,9009,0.04698848795995514,,0,-0.1548018035655595
desc,J,hepg2_nadig|HepG2,ACTR3,32,32,0.2892109155654907,0.009500494226813316,-0.001200379803776741,8995,-0.061134140637061414,,0,-0.2782015713156463
desc,J,hepg2_nadig|HepG2,COPG1,32,32,0.5957379341125488,0.01758427545428276,0.005524753127247095,9015,-0.15125803090271125,,0,-0.22381920189460144
desc,J,hepg2_nadig|HepG2,NDUFS3,32,32,0.2322535365819931,0.0057368953712284565,-0.01190724316984415,9001,0.036238355187753625,,0,-0.23152266192476037
desc,J,hepg2_nadig|HepG2,TIMM9,32,32,0.44196030497550964,0.0313374400138855,0.011366143822669983,9006,-0.039425536779547014,,0,-0.19007401376371005
desc,J,hepg2_nadig|HepG2,VPS37C,32,32,0.3588697910308838,0.007827023975551128,-0.00011918526433873922,9009,-0.029884740079668234,,0,-0.12086690250017912
desc,J,hepg2_nadig|HepG2,CASC3,31,31,0.6052734851837158,0.01633368991315365,0.005420644301921129,8994,-0.13256572344474993,,0,-0.13572143811469448
desc,J,hepg2_nadig|HepG2,EXOSC10,31,31,0.7994498610496521,0.00952082872390747,0.001884650089778006,8987,-0.2808443685056304,,0,-0.20861917516297204
desc,J,hepg2_nadig|HepG2,GTF2A2,31,31,0.6986662745475769,0.015325956046581268,0.0064314668998122215,8988,-0.11669947560096257,,0,-0.131159032241948
desc,J,hepg2_nadig|HepG2,MZT1,31,31,0.4922712743282318,0.020558170974254608,0.00776596087962389,9000,-0.16199754411238632,,0,-0.23035772530634357
desc,J,hepg2_nadig|HepG2,PSMA7,31,31,0.7501551508903503,0.04078471660614014,0.003329127561300993,8953,0.5353076155463661,,0,-0.04300836166479425
desc,J,hepg2_nadig|HepG2,SNRPG,30,30,0.6558883786201477,0.05141806975007057,0.0016297188121825457,8942,0.7360749299807244,,0,0.1389348362345759
desc,J,hepg2_nadig|HepG2,STAT5A,30,30,0.2814166247844696,0.008668577298521996,0.002576008439064026,8982,-0.24034906135149423,,0,-0.37206155412652775
desc,J,hepg2_nadig|HepG2,TRIM49C,30,30,0.12833066284656525,0.0033193400595337152,-0.006384731736034155,8983,-0.2113027766895966,,0,-0.24998763056033543
desc,J,hepg2_nadig|HepG2,CRLS1,29,29,0.34653013944625854,0.008838264271616936,0.0024344385601580143,9004,-0.1511135359069512,,0,-0.11459208169574359
desc,J,hepg2_nadig|HepG2,IFITM3,29,29,0.10161212086677551,0.001670419704169035,-0.01317352894693613,8974,-0.22875332604478055,,0,-0.24468020452625328
desc,J,hepg2_nadig|HepG2,MARS2,29,29,0.16332127153873444,0.007403294090181589,-0.001614940701983869,8978,-0.11005957059225119,,0,-0.16819841987472361
desc,J,hepg2_nadig|HepG2,MRPL19,29,29,0.45136716961860657,0.013083663769066334,0.0,8969,-0.12803940895642374,,0,-0.3028632102864889
desc,J,hepg2_nadig|HepG2,RPL26L1,29,29,0.4511815309524536,0.010763976722955704,0.0,8975,-0.30409851580921266,,0,-0.24980295146021353
desc,J,hepg2_nadig|HepG2,ZNF492,29,29,0.1721533238887787,0.002312948228791356,-0.0019473854918032885,8989,-0.31453406608501655,,0,-0.23378026944975927
desc,J,hepg2_nadig|HepG2,BUD13,28,28,0.691652238368988,0.03093448281288147,0.015866683796048164,8918,0.37704373497701726,,0,-0.059056006792475885
desc,J,hepg2_nadig|HepG2,GTF2B,28,28,0.5876960754394531,0.025930015370249748,0.012646482326090336,9008,-0.19027387173550497,,0,-0.23236908116069976
desc,J,hepg2_nadig|HepG2,NCAPG,28,28,0.1608252227306366,0.02545345015823841,-0.0014460618840530515,9008,0.08881651906381383,,0,-0.1564695064300803
desc,J,hepg2_nadig|HepG2,NDUFB10,27,27,0.23924581706523895,0.015922872349619865,-0.00926015991717577,8955,0.08652849367060707,,0,-0.11588016157720116
desc,J,hepg2_nadig|HepG2,RIOK2,27,27,0.6961222887039185,0.03772706538438797,-0.009645729325711727,9001,0.6393732115790753,,0,-0.08109033715936376
desc,J,hepg2_nadig|HepG2,SBDS,27,27,0.378183513879776,0.020489253103733063,0.003578019328415394,8986,0.06083762904779565,,0,-0.1998109654013157
desc,J,hepg2_nadig|HepG2,YEATS4,27,27,0.5193873643875122,0.01649325154721737,0.009798087179660797,8966,-0.19483267110092298,,0,-0.20018571449025999
desc,J,hepg2_nadig|HepG2,CLSPN,26,26,0.623235285282135,0.0815085843205452,0.03410915285348892,9000,0.4377272722659661,,0,-0.11150088051781824
desc,J,hepg2_nadig|HepG2,MAGOH,26,26,0.7551184296607971,0.02749091200530529,0.0072631146758794785,8893,0.16225651657841653,,0,-0.35268910645954926
desc,J,hepg2_nadig|HepG2,SFSWAP,26,26,0.3926662802696228,0.018387291580438614,0.002023466397076845,8957,-0.07040264114574529,,0,-0.25862021445456196
desc,J,hepg2_nadig|HepG2,TEFM,26,26,0.36271780729293823,0.027520818635821342,0.006446832790970802,8922,0.18010873218038534,,0,-0.11031319275178622
desc,J,hepg2_nadig|HepG2,TIPIN,26,26,0.6319903135299683,0.06866271793842316,0.034469105303287506,8977,0.41520898364437786,,0,-0.06993190593028158
desc,J,hepg2_nadig|HepG2,MRPL15,25,25,0.45123356580734253,0.013032007962465286,0.0,8937,-0.10082287795728005,,0,-0.15278736014721214
desc,J,hepg2_nadig|HepG2,TRNP1,25,25,0.3619830310344696,0.016057468950748444,0.007255525793880224,8910,-0.22326025461003451,,0,-0.16081049119525626
desc,J,hepg2_nadig|HepG2,AARS2,24,24,0.16581372916698456,0.005883726757019758,-0.004096563905477524,8962,-0.32859127670564237,,0,-0.25018804914402704
desc,J,hepg2_nadig|HepG2,NEPRO,24,24,0.42421576380729675,0.03326674550771713,-0.011002928018569946,8860,0.7046308903769263,,0,0.15913035256227231
desc,J,hepg2_nadig|HepG2,PPP4R2,24,24,0.2621910274028778,0.020027952268719673,0.00301197892986238,8988,-0.0070918652158881365,,0,-0.08616678478266426
desc,J,hepg2_nadig|HepG2,RAD21,24,24,0.5801686644554138,0.0296311154961586,0.008126228116452694,8936,0.09452857371594972,,0,-0.11886017861935562
desc,J,hepg2_nadig|HepG2,VPS18,24,24,0.32306697964668274,0.01648036204278469,-0.002057404723018408,8958,-0.10169008138652089,,0,-0.3274668832884055
desc,J,hepg2_nadig|HepG2,WDR7,23,23,0.6074051260948181,0.033363211899995804,0.012850006110966206,8935,0.2401940956965674,,0,-0.08127021419383304
desc,J,hepg2_nadig|HepG2,CRNKL1,22,22,0.5958746671676636,0.026613522320985794,0.0039717331528663635,8816,0.35526338096141824,,0,-0.23177608344732428
desc,J,hepg2_nadig|HepG2,FAM50A,22,22,0.25380972027778625,0.020727043971419334,-0.0009832630166783929,8984,0.16659884109035072,,0,-0.08268834369330491
desc,J,hepg2_nadig|HepG2,IFITM2,22,22,0.30776873230934143,0.007393428590148687,0.0009219898493029177,8973,-0.42919100284308226,,0,-0.43636342273010426
desc,J,hepg2_nadig|HepG2,RBM12,22,22,0.2355026751756668,0.010342675261199474,-0.003514547599479556,8899,-0.11775879172532291,,0,-0.11391599326928989
desc,J,hepg2_nadig|HepG2,SARNP,21,21,0.7831758856773376,0.0170896016061306,0.00880530383437872,8925,-0.21085805194340063,,0,-0.26972065744722035
desc,J,hepg2_nadig|HepG2,SMC3,21,21,0.653475821018219,0.03151703625917435,0.0101832440122962,8773,0.3157878303406801,,0,0.05745873210564098
desc,J,hepg2_nadig|HepG2,USP36,21,21,0.3649343252182007,0.02559809759259224,-0.00033741584047675133,8864,0.18969219349413607,,0,-0.11075122813252702
desc,J,hepg2_nadig|HepG2,WDR61,21,21,0.7587025761604309,0.027191905304789543,0.013160673901438713,8863,0.017816916710742536,,0,-0.24248480662357516
desc,J,hepg2_nadig|HepG2,ECT2,20,20,0.4637203812599182,0.01932436414062977,0.008587071672081947,8975,-0.17308029556524854,,0,-0.19467972451725662
desc,J,hepg2_nadig|HepG2,MRPS18C,20,20,0.45233219861984253,0.02430569753050804,0.0,8874,0.14407034577358646,,0,-0.11712840042718349
desc,J,hepg2_nadig|HepG2,NPM3,20,20,0.15995638072490692,0.01135486364364624,8.497168164467439e-05,8958,-0.2874506909064309,,0,-0.32878085304495164
ident,C,hepg2_nadig|HepG2,TFAM,500,1213,1.122329201664758e-18,0.0,-0.00522329518571496,9023,0.0,0.5143801341267847,5,0.09071101170076604
ident,C,hepg2_nadig|HepG2,GFM1,500,749,6.490503474315932e-26,0.0,-0.010122988373041153,9023,0.0,0.518658220660966,23,0.08318484389572284
ident,C,hepg2_nadig|HepG2,ZDHHC7,466,466,2.3309043819607758e-28,0.0,-0.007946624420583248,9023,0.0,0.5271469753622158,3,0.1295852171189761
ident,C,hepg2_nadig|HepG2,PPP6C,459,459,1.092719160745563e-23,0.0,-0.009566443040966988,9023,0.0,0.3856612434483275,4,0.05367229944953198
ident,C,hepg2_nadig|HepG2,SMN2,450,450,0.7111376523971558,0.01626681722700596,0.0028358157724142075,9023,0.8199674347188939,0.757094423189504,4,0.2638706129425126
ident,C,hepg2_nadig|HepG2,NBPF12,432,432,1.6049663464545346e-29,0.0,-0.005557933822274208,9023,0.0,0.024366156116234078,4,-0.12398124518111947
ident,C,hepg2_nadig|HepG2,MRPL36,430,430,0.14300189912319183,0.006826377939432859,-0.004944987595081329,9023,0.5324146192653967,0.1839085666297907,21,0.051295713547496215
ident,C,hepg2_nadig|HepG2,MRPL34,414,414,0.5510554909706116,0.006563548464328051,-0.006804144475609064,9023,0.8515436292364471,0.6681655382223425,23,0.17292585566279536
ident,C,hepg2_nadig|HepG2,POGLUT3,386,386,2.3633683539932927e-25,0.0,-0.00504727941006422,9023,0.0,0.37881058692129943,3,-0.03962682581241046
ident,C,hepg2_nadig|HepG2,GAB2,355,355,5.100273331112461e-36,0.0,-0.004710819106549025,9023,0.0,0.0812067123776444,4,0.03566120457340088
ident,C,hepg2_nadig|HepG2,BCAR1,346,346,1.0885794849555186e-25,0.0,-0.0046341437846422195,9023,0.0,0.11322687808448441,4,-0.14026372494243616
ident,C,hepg2_nadig|HepG2,SLU7,342,342,1.7317913988718613e-25,0.0,-0.011935885064303875,9023,0.0,0.6761769900176744,4,0.2461635533535658
ident,C,hepg2_nadig|HepG2,MRPL35,333,333,0.11196555942296982,0.010738283395767212,-0.00074822484748438,9023,0.5636442594912074,0.2755275163321091,4,0.041864411899971844
ident,C,hepg2_nadig|HepG2,SF3B3,326,326,1.1627224213790713e-19,0.0,-0.01573081873357296,9023,0.0,0.7797396837053285,4,0.40003513279966635
ident,C,hepg2_nadig|HepG2,GPS1,317,317,1.8871221293701145e-24,0.0,-0.012056255713105202,9023,0.0,0.5857388856629099,4,0.044130562591323294
ident,C,hepg2_nadig|HepG2,FAM136A,291,291,3.09102935793959e-17,0.0,-0.008655714802443981,9023,0.0,0.48316031571010215,4,0.02528043262204984
ident,C,hepg2_nadig|HepG2,FBXO42,276,276,2.216743297119651e-30,0.0,-0.004364581312984228,9023,0.0,0.3314225403222811,3,-0.04305087995121959
ident,C,hepg2_nadig|HepG2,EPS8L1,269,269,9.050060477319742e-31,0.0,-0.006069892551749945,9023,0.0,0.264083847699116,3,-0.06268271712801037
ident,C,hepg2_nadig|HepG2,RBM14-RBM4,267,267,0.194298654794693,0.005529706832021475,-0.0011243353364989161,9023,0.04482530986002792,0.4753340186118576,3,-0.11765271769301194
ident,C,hepg2_nadig|HepG2,CSTF1,265,265,6.2125573477134486e-27,0.0,-0.007509683724492788,9023,0.0,0.6142314385125018,4,-0.004196986743193301
ident,C,hepg2_nadig|HepG2,RTEL1,263,263,4.6090143141751325e-32,0.0,-0.0044553750194609165,9023,0.0,0.37053671521622145,4,-0.02114314083269877
ident,C,hepg2_nadig|HepG2,TARDBP,262,262,5.269767551719128e-22,0.0,-0.010523717850446701,9023,0.0,0.22947544175491258,23,0.10378232073564472
ident,C,hepg2_nadig|HepG2,TMEM214,249,249,4.884869748147148e-31,0.0,-0.004591616801917553,9023,0.0,0.3195189686075503,3,0.036043823315269764
ident,C,hepg2_nadig|HepG2,TWF1,248,248,3.8749715411451843e-25,0.0,-0.004705230705440044,9023,0.0,0.21602607820577208,4,-0.10149051522636016
ident,C,hepg2_nadig|HepG2,BPTF,242,242,5.5383682698863405e-17,0.0,-0.006387372966855764,9023,0.0,0.40260685480079683,4,-0.07378017697407135
ident,C,hepg2_nadig|HepG2,SIRT7,242,242,5.615869969389273e-27,0.0,-0.006777510046958923,9023,0.0,0.19973546243053925,3,0.13931397933144743
ident,C,hepg2_nadig|HepG2,RABGGTA,241,241,3.911701367438957e-33,0.0,-0.01615571603178978,9023,0.0,0.5532945735563766,4,0.20245873699621783
ident,C,hepg2_nadig|HepG2,CSE1L,240,240,3.360187382259044e-21,0.0,-0.01725887320935726,9023,0.0,0.5418862058337962,4,0.14578990765151656
ident,C,hepg2_nadig|HepG2,TRAPPC11,237,237,2.1414340290200963e-31,0.0,-0.0046995822340250015,9023,0.0,0.3493951039056058,4,-0.10381573072198262
ident,C,hepg2_nadig|HepG2,ELL,232,232,3.923369090184704e-35,0.0,-0.007816145196557045,9023,0.0,0.5254091195313906,4,-0.01676617868127876
ident,C,hepg2_nadig|HepG2,HSD17B10,229,229,9.629867660538465e-22,0.0,-0.007579742930829525,9023,0.0,0.40779033413505217,4,-0.02100888894355276
ident,C,hepg2_nadig|HepG2,CLOCK,228,228,8.776509749263277e-27,0.0,-0.005915801040828228,9023,0.0,0.5644573769913196,3,0.07942643128249757
ident,C,hepg2_nadig|HepG2,EIF4A3,226,226,3.6452847931188916e-20,0.0,-0.0093207573518157,9023,0.0,0.3720749600925925,3,-0.12697096423034882
ident,C,hepg2_nadig|HepG2,PI4KA,219,219,1.1662507296835794e-27,0.0,-0.007914518006145954,9023,0.0,0.43957115566632204,4,0.07919072168268128
ident,C,hepg2_nadig|HepG2,DDX47,217,217,0.7511906623840332,0.01977292075753212,0.00957813486456871,9023,0.8810021884045787,0.847552717198034,4,0.3078017334932347
ident,C,hepg2_nadig|HepG2,EIF4B,217,217,1.5852716275105427e-14,0.0,-0.004550980404019356,9023,0.0,0.40164316749294726,5,-0.043215019047533866
ident,C,hepg2_nadig|HepG2,NUP133,217,217,1.2908116200989443e-24,0.0,-0.005340132862329483,9023,0.0,0.1933434947574321,4,-0.067356534678153
ident,C,hepg2_nadig|HepG2,C7orf26,216,216,2.0363940637599962e-30,0.0,-0.007284409832209349,9023,0.0,0.44548395897089554,4,0.06688635585056121
ident,C,hepg2_nadig|HepG2,TMEM242,215,215,1.4767424376740436e-25,0.0,-0.006197147071361542,9023,0.0,0.3540409980776649,3,0.14949647319078777
ident,C,hepg2_nadig|HepG2,BTF3,212,212,2.316800440382849e-08,0.0,-0.0070366039872169495,9023,0.0,0.4238493623618503,4,-0.15185660330547346
ident,C,hepg2_nadig|HepG2,SSU72,212,212,9.388586243958366e-16,0.0,-0.005166805349290371,9023,0.0,0.5183973920912389,4,-0.06555723849561357
ident,C,hepg2_nadig|HepG2,MED14,211,211,1.7446835361232143e-29,0.0,-0.009943936951458454,9023,0.0,0.5528112969973146,4,-0.042421416102664686
ident,C,hepg2_nadig|HepG2,PLK4,207,207,9.560303454559702e-30,0.0,-0.00938075128942728,9023,0.0,0.3835510219610698,4,0.10994142172597442
ident,C,hepg2_nadig|HepG2,ZNF236,202,202,2.7437206284888772e-27,0.0,-0.011334030888974667,9023,0.0,0.5786096687114345,4,-0.024615773496008624
ident,C,hepg2_nadig|HepG2,ANAPC15,200,200,1.2824826385908702e-18,0.0,-0.006339877378195524,9023,0.0,0.029997734073014364,4,-0.21890905974689878
ident,C,hepg2_nadig|HepG2,CPSF3,200,200,6.224849022734897e-23,0.0,-0.009594563394784927,9023,0.0,0.6523019219443067,4,-0.08813111478776688
ident,C,hepg2_nadig|HepG2,CCDC78,198,198,4.104039867350728e-32,0.0,-0.00571619626134634,9023,0.0,0.259960593082345,4,-0.07521819484827172
ident,C,hepg2_nadig|HepG2,PPP2R1A,198,198,2.9251239034891797e-21,0.0,-0.006233505439013243,9023,0.0,0.19553409554658766,4,-0.2271801097226152
ident,C,hepg2_nadig|HepG2,RPL35A,196,196,0.8489847183227539,0.02616409957408905,0.015314051881432533,9023,0.7675719361740783,0.7039470914914734,4,0.09478002051185072
ident,C,hepg2_nadig|HepG2,SRP72,189,189,1.1243969563271548e-15,0.0,-0.008070611394941807,9023,0.0,0.3411704583078255,23,-0.0613846353752846
ident,C,hepg2_nadig|HepG2,POLR1C,188,188,1.2208497650861887e-26,0.0,-0.006034243386238813,9023,0.0,0.06296193115875023,4,-0.14963829375929966
ident,C,hepg2_nadig|HepG2,THAP1,187,187,3.909734853975286e-26,0.0,-0.013666761107742786,9023,0.0,0.672880639212563,4,-0.01845830693447305
ident,C,hepg2_nadig|HepG2,RAB4B,185,185,8.260864979386712e-30,0.0,-0.005380190908908844,9023,0.0,0.5045190682424507,3,-0.17308396996852013
ident,C,hepg2_nadig|HepG2,HSCB,182,182,2.8265452856200187e-31,0.0,-0.005114523693919182,9023,0.0,0.40354255138753925,4,-0.13761257378336167
ident,C,hepg2_nadig|HepG2,SSBP3,182,182,4.507182025529218e-24,0.0,-0.006612588185817003,9023,0.0,0.19156353046572672,4,-0.18628615232222934
ident,C,hepg2_nadig|HepG2,TSR1,182,182,1.1771984536837901e-20,0.0,-0.009156988002359867,9023,0.0,0.4548532606036059,4,0.07628862056391408
ident,C,hepg2_nadig|HepG2,WTAP,181,181,5.707423441993715e-20,0.0,-0.004278471227735281,9023,0.0,0.31911419185036033,4,-0.05844156391005289
ident,C,hepg2_nadig|HepG2,EIF2B2,180,180,4.2364859712984866e-26,0.0,-0.011046595871448517,9023,0.0,0.6074315264549166,22,0.18379041947262695
ident,C,hepg2_nadig|HepG2,HSD17B12,177,177,2.8040261562295153e-22,0.0,-0.004440913442522287,9023,0.0,0.1730338207388294,23,-0.2232133313306429
ident,C,hepg2_nadig|HepG2,IK,176,176,1.7746503467713995e-19,0.0,-0.0077091543935239315,9023,0.0,0.34375688622954786,4,0.04657633852676657
ident,C,hepg2_nadig|HepG2,DDX19A,175,175,5.772645967021601e-25,0.0,-0.005537177436053753,9023,0.0,0.33998024899651885,4,-0.05871113291627589
ident,C,hepg2_nadig|HepG2,SLC35G2,174,174,3.627975469815729e-31,0.0,-0.004908437840640545,9023,0.0,0.11274074846706504,3,0.007592094252741019
ident,C,hepg2_nadig|HepG2,NUDCD3,172,172,7.644126112465758e-27,0.0,-0.007799040991812944,9023,0.0,0.5076651182812647,22,-0.15673082275605063
ident,C,hepg2_nadig|HepG2,RBM10,171,171,1.940200191643651e-25,0.0,-0.006502550095319748,9023,0.0,0.4764420173854391,4,-0.0007145344402518444
ident,C,hepg2_nadig|HepG2,SHQ1,171,171,2.3908977738039187e-27,0.0,-0.004333124961704016,9023,0.0,0.1401164749114636,4,-0.15246126746816832
ident,C,hepg2_nadig|HepG2,PNN,170,170,5.82880965716015e-13,0.0,-0.00755138136446476,9023,0.0,0.4635064822993268,4,-0.16357524534723905
ident,C,hepg2_nadig|HepG2,RCC1,170,170,7.336979821825892e-25,0.0,-0.005664038006216288,9023,0.0,0.18622451371453747,4,0.06083842881589023
ident,C,hepg2_nadig|HepG2,DDX23,167,167,1.3037090028612421e-23,0.0,-0.01398926880210638,9023,0.0,0.5900523883285517,23,0.1786929332761383
ident,C,hepg2_nadig|HepG2,POU3F1,167,167,1.2206865990687051e-23,0.0,-0.008163971826434135,9023,0.0,0.5124306074325387,3,-0.20286584443616934
ident,C,hepg2_nadig|HepG2,TBX1,167,167,1.4011236028857024e-18,0.0,-0.005287898238748312,9022,0.0,0.4538454237639267,3,0.062142692981819146
ident,C,hepg2_nadig|HepG2,DDX46,166,166,1.6153492592477746e-14,0.0,-0.008311628364026546,9023,0.0,0.219952450517237,22,-0.05114373395703262
ident,C,hepg2_nadig|HepG2,FNTA,166,166,1.4059910575351848e-21,0.0,-0.007862497121095657,9022,0.0,0.2860929017862745,4,-0.029251883193534018
ident,C,hepg2_nadig|HepG2,RSL1D1,166,166,1.9488065132987342e-13,0.0,-0.012398728169500828,9023,0.0,0.3279846396016721,4,-0.03840570951435007
ident,C,hepg2_nadig|HepG2,ESF1,165,165,8.494919718462808e-22,0.0,-0.007421986199915409,9022,0.0,0.30002508945020745,4,0.01282960049245788
ident,C,hepg2_nadig|HepG2,SMG5,165,165,6.797690590818759e-28,0.0,-0.006747062783688307,9023,0.0,0.7011188626972339,4,0.04442248690441945
ident,C,hepg2_nadig|HepG2,ZMAT2,164,164,9.54953561953153e-22,0.0,-0.011021782644093037,9023,0.0,0.5947026166557098,23,0.026172366778027915
ident,C,hepg2_nadig|HepG2,ADAM10,161,161,1.0845763807096907e-23,0.0,-0.009998718276619911,9023,0.0,0.40849465035434745,3,0.0011955874198944219
ident,C,hepg2_nadig|HepG2,KRT17,160,160,4.2981536781253215e-37,0.0,-0.005662746261805296,9023,0.0,-0.15274383201279143,4,-0.15214295668202926
ident,C,hepg2_nadig|HepG2,INTS8,159,159,8.125644384748346e-30,0.0,-0.012783131562173367,9023,0.0,0.6447878992261061,21,0.22938641517201155
ident,C,hepg2_nadig|HepG2,INTS13,157,157,1.1605623187770554e-22,0.0,-0.006572341546416283,9023,0.0,0.45034842361603766,3,-0.04571384936998643
ident,C,hepg2_nadig|HepG2,TEX10,156,156,1.1039146944339822e-25,0.0,-0.02107113040983677,9023,0.0,0.7036485488179636,4,0.12278961381237073
ident,C,hepg2_nadig|HepG2,MCM3,155,155,3.975380393093098e-17,0.0,-0.011752779595553875,9023,0.0,0.48587138305877947,4,-0.002627107822529724
ident,C,hepg2_nadig|HepG2,WDR70,154,154,3.576936193367193e-25,0.0,-0.00976543128490448,9023,0.0,0.5111019906382938,23,0.10447808131086597
ident,C,hepg2_nadig|HepG2,JAZF1,153,153,7.637633898919726e-29,0.0,-0.005212174728512764,9023,0.0,0.5313042979604801,5,-0.037810658981445
ident,C,hepg2_nadig|HepG2,MVK,153,153,3.82435285076749e-31,0.0,-0.005386502016335726,9023,0.0,0.4127131002822596,22,-0.12665571943304968
ident,C,hepg2_nadig|HepG2,CLASRP,152,152,1.3302244051487087e-28,0.0,-0.0034264177083969116,9023,0.0,0.32935453513553475,21,0.011379484968291305
ident,C,hepg2_nadig|HepG2,INTS2,152,152,1.2816634959557875e-29,0.0,-0.012449256144464016,9023,0.0,0.7070550780686442,4,0.08673305364973409
ident,C,hepg2_nadig|HepG2,HSPA5,150,150,4.514197696203759e-11,0.0,-0.010010168887674809,9023,0.0,0.5984076769143959,4,0.020317322159474543
ident,C,hepg2_nadig|HepG2,RHOQ,149,149,6.060895275714312e-28,0.0,-0.004835651256144047,9023,0.0,0.29775788219728605,4,-0.042453835914880125
ident,C,hepg2_nadig|HepG2,TFDP1,149,149,1.7086115101511762e-20,0.0,-0.0046198125928640366,9022,0.0,0.4103439910566097,4,-0.22539146316602743
ident,C,hepg2_nadig|HepG2,RPS13,148,148,0.7456510663032532,0.0160494614392519,0.010581026785075665,9022,0.8067847137748904,0.7936897151724946,4,0.14007980400129624
ident,C,hepg2_nadig|HepG2,DDX51,147,147,2.62785136265307e-29,0.0,-0.01772637665271759,9023,0.0,0.6821651818913154,4,0.12748410117139874
ident,C,hepg2_nadig|HepG2,CCDC130,145,145,6.786227213122593e-25,0.0,-0.005410043988376856,9023,0.0,0.13925224438216358,4,0.07721920580159033
ident,C,hepg2_nadig|HepG2,DDX19B,145,145,1.4598484914013128e-32,0.0,-0.004843913484364748,9023,0.0,0.05081630415315077,4,-0.11559920022745941
ident,C,hepg2_nadig|HepG2,GTPBP4,145,145,3.580614070580331e-17,0.0,-0.013196476735174656,9023,0.0,0.3966299354411006,4,-0.06091163823503591
ident,C,hepg2_nadig|HepG2,POLR2E,143,143,2.7618154446104254e-19,0.0,-0.011701611801981926,9023,0.0,0.49005330686216814,4,0.13766545799503865
ident,C,hepg2_nadig|HepG2,ESPN,142,142,8.264267696764275e-26,0.0,-0.004572898615151644,9023,0.0,-0.012314581769064475,4,-0.10293138070324567
ident,C,hepg2_nadig|HepG2,RPL23,142,142,0.7927966117858887,0.020258843898773193,0.007695591077208519,9022,0.8417683375200743,0.785859556853015,4,0.20584498868546797
ident,C,hepg2_nadig|HepG2,MCMBP,141,141,6.625085415877183e-21,0.0,-0.010006466880440712,9023,0.0,0.4482743231368214,4,0.01097906915026407
ident,C,hepg2_nadig|HepG2,POLR2I,140,140,9.235025688804388e-18,0.0,-0.016075382009148598,9023,0.0,0.5602437459760796,21,0.14701378170971338
ident,C,hepg2_nadig|HepG2,CDK1,139,139,2.189999962813237e-19,0.0,-0.014513297006487846,9023,0.0,0.4799428714031339,4,0.058359698878008834
ident,C,hepg2_nadig|HepG2,LIN54,139,139,8.634965974710478e-36,0.0,-0.005193006247282028,9023,0.0,0.1685817411305788,4,-0.061373277719097646
ident,C,hepg2_nadig|HepG2,MFN2,139,139,1.0236829229559636e-28,0.0,-0.005083602387458086,9023,0.0,0.03168989886613305,4,-0.07187794494731445
ident,C,hepg2_nadig|HepG2,MED4,138,138,8.733884240662743e-23,0.0,-0.014832071959972382,9023,0.0,0.34921028490062356,20,-0.029259949033184386
ident,C,hepg2_nadig|HepG2,NUP107,137,137,1.5248565682467889e-21,0.0,-0.00892830640077591,9023,0.0,0.5223872328405221,4,0.12080521878991093
ident,C,hepg2_nadig|HepG2,RRS1,137,137,1.7089426689104782e-23,0.0,-0.020382175222039223,9022,0.0,0.8077308751301083,4,0.14299630737559274
ident,C,hepg2_nadig|HepG2,SLC7A5,137,137,7.363942594528281e-27,0.0,-0.006207475438714027,9023,0.0,0.15405430671717962,4,-0.023035948956588215
ident,C,hepg2_nadig|HepG2,SRBD1,137,137,4.579075628335537e-28,0.0,-0.01017692219465971,9023,0.0,0.5005466769504815,4,0.006569362772230713
ident,C,hepg2_nadig|HepG2,ZNHIT3,137,137,0.24870355427265167,0.008694639429450035,-6.474347901530564e-05,9023,0.311575119791097,0.18999583000021877,4,-0.02465649848885069
ident,C,hepg2_nadig|HepG2,MYBL2,136,136,3.3014048502375358e-22,0.0,-0.009909511543810368,9023,0.0,0.5651937569904353,4,0.023587023480607063
ident,C,hepg2_nadig|HepG2,NUP85,136,136,6.915194706361984e-29,0.0,-0.005550256464630365,9023,0.0,0.3002079121596741,4,-0.0071373526693566105
ident,C,hepg2_nadig|HepG2,NUP98,136,136,1.0463655519598134e-22,0.0,-0.013178983703255653,9023,0.0,0.579509839157496,4,0.17669504348599255
ident,C,hepg2_nadig|HepG2,EXOSC5,134,134,3.983571260953793e-24,0.0,-0.01368747465312481,9023,0.0,0.5786391796760227,4,0.08773117155233309
ident,C,hepg2_nadig|HepG2,SRA1,134,134,4.0068722576122426e-20,0.0,-0.0036807777360081673,9023,0.0,0.23315772918782135,3,-0.10999419336623238
ident,C,hepg2_nadig|HepG2,TAF13,134,134,1.0131219657352947e-28,0.0,-0.00719253858551383,9023,0.0,0.34149097534033906,23,0.12067921224451124
ident,C,hepg2_nadig|HepG2,PDCD11,133,133,3.9073737188372115e-22,0.0,-0.015540729276835918,9023,0.0,0.801041200638344,4,0.15571471316070876
ident,C,hepg2_nadig|HepG2,POLR2B,133,133,1.1757209992498453e-20,0.0,-0.013196872547268867,9022,0.0,0.5747367814948716,4,0.014897821354660702
ident,C,hepg2_nadig|HepG2,URI1,133,133,4.2210259034972553e-16,0.0,-0.010286224074661732,9022,0.0,0.5486612514899512,4,0.007101683960115031
ident,C,hepg2_nadig|HepG2,CEBPZ,132,132,2.2037857032032575e-19,0.0,-0.017204413190484047,9023,0.0,0.738226751582137,4,0.08785639375573025
ident,C,hepg2_nadig|HepG2,INTS14,132,132,4.07023478040459e-33,0.0,-0.008795246481895447,9023,0.0,0.39023415248503746,3,-0.0007255728345471961
ident,C,hepg2_nadig|HepG2,RNASEH2C,132,132,6.25466829917684e-19,0.0,-0.004455615766346455,9023,0.0,0.37904208810192636,4,-0.05460197301884661
ident,C,hepg2_nadig|HepG2,NOM1,131,131,7.033723447450502e-25,0.0,-0.011948050931096077,9023,0.0,0.6080327786194987,4,0.05506752145950277
ident,C,hepg2_nadig|HepG2,SRP68,131,131,1.5697942001066594e-22,0.0,-0.008321970701217651,9023,0.0,0.5066384191452752,4,-0.027443990022346165
ident,C,hepg2_nadig|HepG2,RGPD6,130,130,0.15006230771541595,0.0023575020022690296,-0.0027130243834108114,9021,-0.21397065510828825,0.3277838515001547,4,-0.17832582096795224
ident,C,hepg2_nadig|HepG2,ZBTB17,130,130,5.76591113360823e-30,0.0,-0.007123367395251989,9023,0.0,0.43265085595593866,4,-0.12928329818851217
ident,C,hepg2_nadig|HepG2,HIRA,129,129,6.040974930909684e-30,0.0,-0.006123782135546207,9023,0.0,0.23267358022315257,5,-0.15501681263598022
ident,C,hepg2_nadig|HepG2,MLLT6,129,129,2.5883906806885534e-26,0.0,-0.008873386308550835,9023,0.0,0.4227193625769962,3,-0.07827316703731464
ident,C,hepg2_nadig|HepG2,TUBG1,129,129,2.6773532601088575e-20,0.0,-0.005867038853466511,9023,0.0,0.2853035163665979,4,-0.20372838694401302
ident,C,hepg2_nadig|HepG2,ATP6AP2,128,128,9.365339929301145e-19,0.0,-0.011396312154829502,9023,0.0,0.38000796020291944,4,0.11187065759556018
ident,C,hepg2_nadig|HepG2,ISCU,128,128,8.720705088618014e-21,0.0,-0.00475428719073534,9022,0.0,0.09593049591637043,23,-0.06512092417823125
ident,C,hepg2_nadig|HepG2,CCDC59,127,127,6.331698459745075e-19,0.0,-0.008749268017709255,9023,0.0,0.3189514869541633,23,-0.12608684406573162
ident,C,hepg2_nadig|HepG2,GFOD2,127,127,1.9764051075742565e-30,0.0,-0.0043423911556601524,9023,0.0,0.3209886627886045,3,-0.0757695808541241
ident,C,hepg2_nadig|HepG2,PSMA4,127,127,2.325186077749633e-14,0.0,-0.016991188749670982,9022,0.0,0.759987374556783,4,0.13053834582865387
ident,C,hepg2_nadig|HepG2,EIF3B,126,126,1.8993807516924123e-15,0.0,-0.006042446009814739,9023,0.0,0.5015951077547647,22,0.2477358951115412
ident,C,hepg2_nadig|HepG2,LAMTOR1,126,126,2.7629689479746306e-18,0.0,-0.005608512554317713,9022,0.0,0.1927340336352376,3,-0.11698737968828578
ident,C,hepg2_nadig|HepG2,MCM6,126,126,4.516000955286351e-20,0.0,-0.015506765805184841,9023,0.0,0.3375551889796582,23,0.10827263148646113
ident,C,hepg2_nadig|HepG2,BOP1,125,125,2.870233361262897e-20,0.0,-0.014097620733082294,9023,0.0,0.1985823769288777,4,-0.09862975047394217
ident,C,hepg2_nadig|HepG2,C14orf178,125,125,0.0,0.0,-0.014464830048382282,9022,0.0,0.6574335334283283,4,0.12668799507527892
ident,C,hepg2_nadig|HepG2,DYNLRB1,124,124,1.6530401595066713e-20,0.0,-0.007503164000809193,9023,0.0,0.037604430897765606,4,-0.16620888433003098
ident,C,hepg2_nadig|HepG2,NOL8,124,124,4.443065758802908e-21,0.0,-0.01968192681670189,9023,0.0,0.6736868905640944,4,0.21311340533933215
ident,C,hepg2_nadig|HepG2,PMF1,124,124,1.4683436534206514e-20,0.0,-0.011786210350692272,9022,0.0,0.5739950189230087,4,0.10809584392606099
ident,C,hepg2_nadig|HepG2,TPX2,124,124,8.935294974048451e-17,0.0,-0.012544188648462296,9023,0.0,0.41097112501290894,4,0.2314200195117587
ident,C,hepg2_nadig|HepG2,PSMB5,123,123,2.4176312536129674e-13,0.0,-0.018813995644450188,9021,0.0,0.7666840534978628,4,0.033494311114027724
ident,C,hepg2_nadig|HepG2,LSM5,122,122,2.590059040180094e-14,0.0,-0.011824727058410645,9023,0.0,0.4927468503649634,22,0.17606898107926552
ident,C,hepg2_nadig|HepG2,RNF8,122,122,5.187965042430425e-24,0.0,-0.005415396764874458,9023,0.0,0.25613224887200775,4,-0.16040543761913534
ident,C,hepg2_nadig|HepG2,RPL7,122,122,0.7446087598800659,0.009862317703664303,-0.0003223945968784392,9023,0.8094572544711387,0.8156168961861616,4,0.21156438977409847
ident,C,hepg2_nadig|HepG2,ADAT3,119,119,4.3850562131428023e-26,0.0,-0.0045005385763943195,9023,0.0,0.15000202023079673,4,-0.04220910492622749
ident,C,hepg2_nadig|HepG2,BCL2L1,119,119,4.68705453926364e-25,0.0,-0.004761533346027136,9023,0.0,0.004418776956598843,17,-0.04017272090585601
ident,C,hepg2_nadig|HepG2,PRPF6,119,119,2.3235075970221662e-23,0.0,-0.009024180471897125,9023,0.0,0.5080615473612141,4,0.01683008758862588
ident,C,hepg2_nadig|HepG2,SRSF6,119,119,8.089780447509491e-22,0.0,-0.00539070600643754,9023,0.0,0.3220354695065115,4,-0.05619165144736348
ident,C,hepg2_nadig|HepG2,UBA2,119,119,1.1193934084238366e-19,0.0,-0.005535945761948824,9023,0.0,0.16331426102958754,23,0.022219328218954535
ident,C,hepg2_nadig|HepG2,CDC42,118,118,0.10716430842876434,0.009948396123945713,0.0014543127035722136,9023,0.30509307588354806,0.4632608212366825,4,-0.05262671630326408
ident,C,hepg2_nadig|HepG2,MRGBP,118,118,1.0423216868765822e-21,0.0,-0.006401937920600176,9023,0.0,0.37318014458634047,4,-0.14756053293271063
ident,C,hepg2_nadig|HepG2,SRP54,118,118,8.55053561892253e-20,0.0,-0.007991885766386986,9022,0.0,0.17491295168358098,21,-0.010601109337957593
ident,C,hepg2_nadig|HepG2,SRSF11,118,118,4.629471702229061e-15,0.0,-0.005959801375865936,9023,0.0,0.14338883728783938,4,0.02160450215739109
ident,C,hepg2_nadig|HepG2,PSMC5,117,117,3.318325050976896e-15,0.0,-0.02285068854689598,9018,0.0,0.7070324787336818,4,0.00011242907374643713
ident,C,hepg2_nadig|HepG2,DNM1,116,116,2.70925941990409e-36,0.0,-0.004379108548164368,9023,0.0,0.006006203068673462,4,-0.09585782816306627
ident,C,hepg2_nadig|HepG2,EXOSC2,116,116,3.3727770090829706e-23,0.0,-0.017505358904600143,9023,0.0,0.46982234391579153,23,0.2252099449689397
ident,C,hepg2_nadig|HepG2,GNL3,116,116,1.5584618753535976e-17,0.0,-0.019618360325694084,9023,0.0,0.7252630522038236,4,0.046527898809628515
ident,C,hepg2_nadig|HepG2,RPL10A,116,116,0.688350260257721,0.00553915835916996,-0.008257295936346054,9019,0.6583061390251423,0.728113391760882,4,0.17191324749712397
ident,C,hepg2_nadig|HepG2,RPS27A,116,116,0.7155944108963013,0.012331941165030003,0.00495896628126502,9023,0.8059579040720583,0.7826455284941518,4,0.2749584053821872
ident,C,hepg2_nadig|HepG2,BRCA2,115,115,1.6844045824737269e-21,0.0,-0.009022624231874943,9023,0.0,0.43885679546157874,4,-0.177636984650591
ident,C,hepg2_nadig|HepG2,DNAAF3,115,115,8.553804069772081e-28,0.0,-0.005086799152195454,9023,0.0,0.07860013878087281,3,-0.10177645306436953
ident,C,hepg2_nadig|HepG2,EIF2B5,115,115,4.3314147439455666e-24,0.0,-0.013394729234278202,9022,0.0,0.6572489350122067,4,0.12712468297264864
ident,C,hepg2_nadig|HepG2,MBTPS1,115,115,4.751646864613589e-24,0.0,-0.00452193059027195,9021,0.0,0.4965078393609241,5,-0.16573600731209087
ident,C,hepg2_nadig|HepG2,SNRNP200,115,115,5.777645647626697e-18,0.0,-0.01408824510872364,9023,0.0,0.6199121905833986,4,0.08284749460517099
ident,C,hepg2_nadig|HepG2,STIL,115,115,3.815167456659995e-27,0.0,-0.009111553430557251,9023,0.0,0.36599599334822713,4,-0.0062003550468609486
ident,C,hepg2_nadig|HepG2,BMS1,114,114,4.0309219523108537e-19,0.0,-0.013797655701637268,9023,0.0,0.8121099153683103,4,0.13221344767018203
ident,C,hepg2_nadig|HepG2,RBMX2,114,114,4.4537746261537033e-26,0.0,-0.006159183569252491,9023,0.0,0.5430747580777551,4,-0.12641939415578488
ident,C,hepg2_nadig|HepG2,TAF1D,114,114,1.1845101434399636e-15,0.0,-0.009074488654732704,9023,0.0,0.29637020833769384,23,-0.07467294019175105
ident,C,hepg2_nadig|HepG2,TUT1,114,114,4.698633827157671e-31,0.0,-0.009173952043056488,9023,0.0,0.205823157529991,4,0.1261219552964131
ident,C,hepg2_nadig|HepG2,SART1,113,113,1.5859516942803791e-27,0.0,-0.014892755076289177,9020,0.0,0.7478320724294343,4,0.09602554562630135
ident,C,hepg2_nadig|HepG2,MED19,112,112,6.101794728458608e-26,0.0,-0.010986370965838432,9023,0.0,0.5593830029977066,4,-0.039495220293004736
ident,C,hepg2_nadig|HepG2,POLR1E,112,112,2.1214404422763062e-24,0.0,-0.017594482749700546,9023,0.0,0.7095440369603152,4,0.06950452735478532
ident,C,hepg2_nadig|HepG2,RTRAF,112,112,2.824436444817148e-14,0.0,-0.004281821195036173,9023,0.0,0.3480920004064609,3,-0.14099336198077608
ident,C,hepg2_nadig|HepG2,SNRPC,112,112,2.3163428843737087e-14,0.0,-0.009999110363423824,9023,0.0,0.6113672596659833,4,0.04964118532867151
ident,C,hepg2_nadig|HepG2,CCT7,111,111,0.22420693933963776,0.031918320804834366,0.013410355895757675,9023,0.6779077414258212,0.5804042965557579,4,0.16075128261411933
ident,C,hepg2_nadig|HepG2,CSNK2B,111,111,4.503974347851798e-16,0.0,-0.007961352355778217,9022,0.0,0.03960142636988205,23,0.1540266152639953
ident,C,hepg2_nadig|HepG2,FNBP4,111,111,2.07834906243539e-19,0.0,-0.005645106080919504,9023,0.0,0.23600662104123074,4,-0.04780027685392417
ident,C,hepg2_nadig|HepG2,PRODH,111,111,5.27764147478514e-29,0.0,-0.004584521520882845,9023,0.0,0.05126016537650744,4,-0.004252185656357943
ident,C,hepg2_nadig|HepG2,RPL6,111,111,0.7835187911987305,0.03641941398382187,0.022037722170352936,9017,0.8756019228137468,0.7666881923959624,4,0.1723931433472306
ident,C,hepg2_nadig|HepG2,SEC61A1,110,110,3.3574677432675275e-21,0.0,-0.00965438038110733,9023,0.0,0.41314791176651416,4,-0.05300891700509397
ident,C,hepg2_nadig|HepG2,DDX27,109,109,9.615411184916002e-22,0.0,-0.016869332641363144,9023,0.0,0.7518980527630654,4,0.05964395882493585
ident,C,hepg2_nadig|HepG2,WDR1,109,109,2.8201045876303527e-18,0.0,-0.015191617421805859,9023,0.0,0.23258188682885617,23,0.07482439828140883
ident,C,hepg2_nadig|HepG2,ABT1,108,108,6.200853641046502e-22,0.0,-0.013257614336907864,9023,0.0,0.5383397203873117,4,-0.008822858288411168
ident,C,hepg2_nadig|HepG2,NFYC,108,108,1.2370681043480472e-24,0.0,-0.00980466604232788,9023,0.0,0.4587094412982001,4,0.113182750320121
ident,C,hepg2_nadig|HepG2,PSTK,108,108,6.180205672804129e-28,0.0,-0.006513671949505806,9023,0.0,0.13937626150264945,4,-0.020753660734318214
ident,C,hepg2_nadig|HepG2,RPL32,108,108,0.6216681003570557,0.0050433967262506485,-0.008501701056957245,9023,0.6506320056536573,0.7700513080776964,4,0.20369744177647578
ident,C,hepg2_nadig|HepG2,WDR4,108,108,5.006209917411908e-31,0.0,-0.006396639160811901,9021,0.0,0.361371638465651,4,-0.06210275784785507
ident,C,hepg2_nadig|HepG2,SYNGR3,107,107,1.7414930321513989e-25,0.0,-0.004840679466724396,9022,0.0,0.36245416538713665,3,-0.09869355328000427
ident,C,hepg2_nadig|HepG2,FBXL14,106,106,0.5336197018623352,0.019103670492768288,0.00673096114769578,9023,0.5681682093600237,0.48432444267558233,3,-0.017410794309243596
ident,C,hepg2_nadig|HepG2,NUP214,106,106,2.709472152170021e-23,0.0,-0.0058979131281375885,9023,0.0,0.3193234354671489,4,-0.19662410971336922
ident,C,hepg2_nadig|HepG2,PRMT5,106,106,1.0940048831297172e-18,0.0,-0.009802010841667652,9022,0.0,0.28041782264193366,4,-0.02840587043620266
ident,C,hepg2_nadig|HepG2,UBA52,106,106,3.861745767608227e-08,0.0,-0.009371869266033173,9023,0.052738711558738806,0.3343887926172963,4,0.060123104192288127
ident,C,hepg2_nadig|HepG2,FOLR3,105,105,0.0,0.0,-0.010347616858780384,9023,0.0,0.10548645714306314,4,0.056716210619820545
ident,C,hepg2_nadig|HepG2,MBNL1,105,105,4.5374620270320684e-18,0.0,-0.007610162254422903,9023,0.0,0.3479358294950391,3,0.09318779026247531
ident,C,hepg2_nadig|HepG2,NIFK,105,105,7.773432908394375e-19,0.0,-0.018811460584402084,9023,0.0,0.7801070696167121,4,0.23976304459472353
ident,C,hepg2_nadig|HepG2,FYN,104,104,2.2621625781455142e-24,0.0,-0.007139263208955526,9023,0.0,0.2565853953095597,3,-0.1598265007430604
ident,C,hepg2_nadig|HepG2,HSPA9,104,104,1.2251563153743705e-13,0.0,-0.013468299992382526,9011,0.0,0.7464449087450323,4,0.15814784507595425
ident,C,hepg2_nadig|HepG2,MAT2A,104,104,5.55368153369429e-18,0.0,-0.0054861875250935555,9023,0.0,0.12871011681210895,5,-0.061463733226415324
ident,C,hepg2_nadig|HepG2,EMC3,103,103,1.4991750941922358e-21,0.0,-0.0060013108886778355,9023,0.0,0.14196748933301212,4,-0.17454146132887557
ident,C,hepg2_nadig|HepG2,SF3B5,103,103,3.516290851786982e-17,0.0,-0.01616181991994381,9020,0.0,0.6702935887058256,4,0.1004106881678515
ident,C,hepg2_nadig|HepG2,ANKLE2,102,102,8.3623209093195495e-22,0.0,-0.004978404380381107,9023,0.0,0.14340347009420795,4,-0.05050121694939552
ident,C,hepg2_nadig|HepG2,ANKRD11,102,102,9.11902224365942e-16,0.0,-0.006374065764248371,9023,0.0,0.4037916696058756,4,-0.0862945588919719
ident,C,hepg2_nadig|HepG2,BRIX1,102,102,8.455569923437097e-16,0.0,-0.01784222573041916,9022,0.0,0.60178650237906,4,-0.005450843650495437
ident,C,hepg2_nadig|HepG2,DLD,102,102,3.125352553208828e-22,0.0,-0.013715638779103756,9023,0.0,0.4753507735518996,4,0.07970935855931173
ident,C,hepg2_nadig|HepG2,ELP3,102,102,8.151691082613414e-28,0.0,-0.0077954973094165325,9022,0.0,0.3344867239070286,23,-0.15955625733434167
ident,C,hepg2_nadig|HepG2,SEC16A,102,102,5.416455053753618e-25,0.0,-0.0045385295525193214,9023,0.0,-0.05022801693723528,4,-0.1465543190540989
ident,C,hepg2_nadig|HepG2,UBTF,102,102,9.62221569865066e-19,0.0,-0.005073633044958115,9023,0.0,0.4351976674872062,4,-0.2654311496967263
ident,C,hepg2_nadig|HepG2,VPS35,102,102,4.837073565741252e-19,0.0,-0.004422788042575121,9022,0.0,0.1309855673022668,4,-0.16616256840069288
ident,C,hepg2_nadig|HepG2,EHMT2,101,101,5.140465333010961e-27,0.0,-0.0043255845084786415,9022,0.0,0.2595189735955685,3,-0.015212448743915958
ident,C,hepg2_nadig|HepG2,NAF1,101,101,1.9379218675565845e-28,0.0,-0.008260829374194145,9023,0.0,0.41378781609365084,4,-0.02808158323910586
ident,C,hepg2_nadig|HepG2,NUTF2,101,101,7.233381451632437e-17,0.0,-0.005458788014948368,9022,0.0,0.4313237734665011,4,0.11271608811995533
ident,C,hepg2_nadig|HepG2,TRAPPC5,101,101,2.5751278610232505e-16,0.0,-0.0070182750932872295,9023,0.0,0.5092409980532447,4,0.0924375941709288
ident,C,hepg2_nadig|HepG2,VPS54,101,101,5.1330706783458705e-31,0.0,-0.005754530429840088,9022,0.0,0.21998278695638385,4,-0.21797703810952726
ident,C,hepg2_nadig|HepG2,ATR,100,100,5.298594501348167e-24,0.0,-0.016234813258051872,9023,0.0,0.5304666804043463,4,0.16639365216352378
ident,C,hepg2_nadig|HepG2,BAP1,100,100,3.956354299395112e-27,0.0,-0.012765873223543167,9021,0.0,0.5783874211124453,4,-0.07024764028524268
ident,C,hepg2_nadig|HepG2,CPEB1,100,100,7.607691439978363e-33,0.0,-0.013153922744095325,9023,0.0,0.6162332770865012,3,0.05309993166929654
ident,C,hepg2_nadig|HepG2,DDN,100,100,0.0,0.0,-0.0047974614426493645,9023,0.0,0.20241823237917708,4,-0.013641744015194007
ident,C,hepg2_nadig|HepG2,SEM1,100,100,1.5842168385571506e-16,0.0,-0.0071929688565433025,9022,0.0,0.33931003045137365,4,-0.07316930838041978
ident,C,hepg2_nadig|HepG2,ARPC2,99,99,1.1204874918527286e-12,0.0,-0.005880060605704784,9023,0.0,0.03577100661148966,5,-0.0009721501459308013
ident,C,hepg2_nadig|HepG2,CDT1,99,99,7.519311076951229e-23,0.0,-0.015069629065692425,9023,0.0,0.4433449785008638,4,-0.032564362506995535
ident,C,hepg2_nadig|HepG2,CENPK,99,99,1.2266692412878107e-22,0.0,-0.008617505431175232,9023,0.0,0.2703270566305396,4,-0.14736860958155978
ident,C,hepg2_nadig|HepG2,CIAPIN1,99,99,7.880135108366234e-24,0.0,-0.011993812397122383,9023,0.0,0.5534827526255552,4,0.12187483363820421
ident,C,hepg2_nadig|HepG2,NUP153,99,99,3.4649012584455115e-21,0.0,-0.007072070147842169,9022,0.0,0.23416243838434583,22,0.26168653397552943
ident,C,hepg2_nadig|HepG2,RPS29,99,99,0.5871796607971191,0.010805664584040642,0.0035696912091225386,9023,0.6969029203177166,0.5931377978448623,4,0.13081593972218744
ident,C,hepg2_nadig|HepG2,TANGO6,99,99,1.4967703834624407e-25,0.0,-0.011987175792455673,9021,0.0,0.5623520175984675,4,-0.0017935823824511102
ident,C,hepg2_nadig|HepG2,ALDOA,98,98,0.15425658226013184,0.000547486764844507,-0.003924007061868906,9023,-0.06607489354209756,0.049381138183196636,4,-0.18742913678924622
ident,C,hepg2_nadig|HepG2,CCNH,98,98,2.1883673620322116e-23,0.0,-0.007805594243109226,9023,0.0,0.16228962743383876,22,-0.01753121072685957
ident,C,hepg2_nadig|HepG2,GLRX5,98,98,3.754675503123047e-16,0.0,-0.004412543959915638,9022,0.0,0.24387606035688536,4,-0.14164212707714025
ident,C,hepg2_nadig|HepG2,SCAP,98,98,1.3370036785529518e-28,0.0,-0.00386002566665411,9019,0.0,0.09330283281375538,23,-0.004842834700548524
ident,C,hepg2_nadig|HepG2,USP5,98,98,1.9104273682069683e-22,0.0,-0.008342282846570015,9023,0.0,0.28387598166580597,4,0.046477710754644956
ident,C,hepg2_nadig|HepG2,YJEFN3,98,98,2.6456443604354283e-33,0.0,-0.00575551763176918,9023,0.0,0.10230350566042795,4,-0.17160601152526297
ident,C,hepg2_nadig|HepG2,ETF1,97,97,2.715860908692159e-19,0.0,-0.009772592224180698,9022,0.0,0.5455653249334315,4,0.06307281886757549
ident,C,hepg2_nadig|HepG2,GINS4,97,97,1.3691118196208036e-27,0.0,-0.009358445182442665,9023,0.0,0.4844231484459877,4,-0.06508999655339834
ident,C,hepg2_nadig|HepG2,PHAX,97,97,1.8623424211489812e-21,0.0,-0.009410234168171883,9023,0.0,0.41122580837649797,4,-0.027117542480938794
ident,C,hepg2_nadig|HepG2,POLR2K,97,97,9.241710290430794e-20,0.0,-0.012177305296063423,9023,0.0,0.4962626568281135,4,0.07555730542410961
ident,C,hepg2_nadig|HepG2,TUBB,97,97,2.0474944051329658e-07,0.0,-0.007659606635570526,9023,0.3530272098137756,0.3034958217381767,4,-0.07085039469821285
ident,C,hepg2_nadig|HepG2,ABCF1,96,96,1.5729265511147409e-16,0.0,-0.006916138809174299,9023,0.0,0.281561724838788,4,0.013702296909943604
ident,C,hepg2_nadig|HepG2,CCNK,96,96,6.434428539324222e-23,0.0,-0.003808259731158614,9023,0.0,0.18390907133768164,4,-0.07076605248530063
ident,C,hepg2_nadig|HepG2,CCT6A,96,96,7.271910395893755e-13,0.0,-0.016432659700512886,9022,0.0,0.5493473318691563,4,0.11211054333898299
ident,C,hepg2_nadig|HepG2,CHERP,96,96,1.7125422991529744e-26,0.0,-0.00803488027304411,9023,0.0,0.4146616083598082,22,-0.13462657356604077
ident,C,hepg2_nadig|HepG2,EIF6,96,96,4.890466270200634e-15,0.0,-0.012895938009023666,9023,0.0,0.43948221455164954,4,-0.05978411688444453
ident,C,hepg2_nadig|HepG2,KIF11,96,96,7.06608336624249e-19,0.0,-0.0039943065494298935,9022,0.0,0.11753352360954822,3,-0.09977712676303568
ident,C,hepg2_nadig|HepG2,LMO2,96,96,4.47159598404741e-16,0.0,-0.00452099135145545,9023,0.0,0.10178520206471016,3,-0.25117122801299235
ident,C,hepg2_nadig|HepG2,PCBP2,96,96,4.854393678075915e-15,0.0,-0.007932187058031559,9023,0.0,0.20156568823881005,4,-0.18924361175071475
ident,C,hepg2_nadig|HepG2,YRDC,96,96,3.3621508860822204e-20,0.0,-0.005548224318772554,9022,0.0,0.18049653848120292,22,-0.04260816624221638
ident,C,hepg2_nadig|HepG2,CHTF18,95,95,2.3861974264208096e-35,0.0,-0.006051383446902037,9023,0.0,0.2511398763661924,4,-0.11194013388165538
ident,C,hepg2_nadig|HepG2,DDX52,95,95,1.2564655400417415e-21,0.0,-0.010651566088199615,9021,0.0,0.61154546363609,4,0.027894827214816696
ident,C,hepg2_nadig|HepG2,RPL4,95,95,0.7969950437545776,0.02414664998650551,0.00900518149137497,9015,0.8555668507117268,0.7501741515857447,4,0.20304103096946458
ident,C,hepg2_nadig|HepG2,RPLP0,95,95,0.7996231913566589,0.018425408750772476,0.004899804946035147,9023,0.7501721786974201,0.722314169913849,4,0.2114844935725782
ident,C,hepg2_nadig|HepG2,UTP18,95,95,7.962972912396062e-21,0.0,-0.009259900078177452,9022,0.0,0.5087052738640854,4,-0.016837752135629245
ident,C,hepg2_nadig|HepG2,ARCN1,94,94,1.168362888427888e-19,0.0,-0.009711029008030891,9023,0.0,0.4622166547262701,4,0.17665669032818349
ident,C,hepg2_nadig|HepG2,DDB1,94,94,2.1490741680314103e-19,0.0,-0.014380925334990025,9023,0.0,0.24147484549237483,4,-0.18949085948933747
ident,C,hepg2_nadig|HepG2,EIF3I,94,94,7.46187169670641e-14,0.0,-0.009025568142533302,9021,0.0,0.6128800309081884,4,0.1570775971550253
ident,C,hepg2_nadig|HepG2,MON1A,94,94,7.18986652801919e-31,0.0,-0.0031370713841170073,9023,0.0,0.211825162949014,3,-0.1299621303822371
ident,C,hepg2_nadig|HepG2,PARN,94,94,5.1441490256273724e-23,0.0,-0.006239903159439564,9023,0.0,0.2882249989638126,4,-0.09803488549636855
ident,C,hepg2_nadig|HepG2,URB2,94,94,1.5262614137178274e-29,0.0,-0.016309959813952446,9023,0.0,0.6590432847832008,4,0.01080897449705441
ident,C,hepg2_nadig|HepG2,CDCA5,93,93,1.7113175617827397e-26,0.0,-0.010084724985063076,9023,0.0,0.1986469372101793,4,0.07188970845219246
ident,C,hepg2_nadig|HepG2,SRP14,93,93,0.16028857231140137,0.004831201862543821,8.453721238765866e-05,9021,0.2490182380844035,0.2454080786820892,20,0.015253963349772885
ident,C,hepg2_nadig|HepG2,TPR,93,93,1.290387339081961e-13,0.0,-0.008518846705555916,9023,0.0,0.3270584553351264,4,0.026888244874309974
ident,C,hepg2_nadig|HepG2,USP14,93,93,3.188255743209009e-19,0.0,-0.0053475690074265,9022,0.0,0.3262354235754134,3,-0.1457039023506438
ident,C,hepg2_nadig|HepG2,IMPDH2,92,92,3.532618735334289e-18,0.0,-0.009763640351593494,9023,0.0,0.24207581423006677,4,-0.06425997439244269
ident,C,hepg2_nadig|HepG2,PRPF31,92,92,3.2476703817745885e-20,0.0,-0.01718585379421711,9022,0.0,0.6266153807240504,23,0.11668126600925113
ident,C,hepg2_nadig|HepG2,RAC3,92,92,7.120514910319049e-25,0.0,-0.005388268735259771,9023,0.0,0.5778407719496305,4,0.04594555713353999
ident,C,hepg2_nadig|HepG2,RPS2,92,92,0.6412805318832397,0.009321424178779125,0.003357012988999486,9023,0.7105541590253502,0.6986798574160663,4,0.13816406717309324
ident,C,hepg2_nadig|HepG2,SETX,92,92,1.285657180067264e-20,0.0,-0.003999502398073673,9023,0.0,0.2778860535904575,3,0.03916691679681632
ident,C,hepg2_nadig|HepG2,STAT5B,92,92,6.062047064559006e-23,0.0,-0.008555234409868717,9023,0.0,0.29512204616222004,3,-0.13293387512090948
ident,C,hepg2_nadig|HepG2,SYMPK,92,92,2.4411148178412615e-26,0.0,-0.013205554336309433,9021,0.0,0.6949868792006731,4,-0.02469534749937429
ident,C,hepg2_nadig|HepG2,WDR46,92,92,4.4311001777529965e-23,0.0,-0.010856407694518566,9023,0.0,0.5897302550078865,4,0.025446692872802962
ident,C,hepg2_nadig|HepG2,CD3EAP,91,91,2.592502026511339e-24,0.0,-0.01957126148045063,9023,0.0,0.6408336032761875,4,-0.03870760385392441
ident,C,hepg2_nadig|HepG2,FAU,91,91,0.7815506458282471,0.017721369862556458,0.012527136132121086,9023,0.7549587867537537,0.5765905748385458,23,0.18792724761071516
ident,C,hepg2_nadig|HepG2,MAD2L1,91,91,1.0598893490491008e-16,0.0,-0.007418230175971985,9023,0.0,0.3211498176517359,4,-0.20777849146387561
ident,C,hepg2_nadig|HepG2,POLR2D,91,91,7.865929616729376e-23,0.0,-0.01052454300224781,9023,0.0,0.3304679263420759,4,-0.011233162874492053
ident,C,hepg2_nadig|HepG2,RPS27,91,91,0.6401478052139282,0.0014090870972722769,-0.002202447736635804,9023,-0.23463919803933342,-0.059739101733969256,4,-0.05121855356675373
ident,C,hepg2_nadig|HepG2,TONSL,91,91,1.2953292027100855e-28,0.0,-0.011525393463671207,9023,0.0,0.30172760786918196,4,0.02006964060573993
ident,C,hepg2_nadig|HepG2,TUBB2A,91,91,3.373672247515334e-29,0.0,-0.0067490036599338055,9023,0.0,0.3659325221286523,3,-0.01510680026262646
ident,C,hepg2_nadig|HepG2,DDX10,90,90,1.4053998940080543e-20,0.0,-0.012899746187031269,9023,0.0,0.7643457297682026,4,0.05610350689825806
ident,C,hepg2_nadig|HepG2,GTF2A1,90,90,5.199417725052424e-24,0.0,-0.015535225160419941,9017,0.0,0.42079112533607094,4,-0.08546305602348726
ident,C,hepg2_nadig|HepG2,MBTPS2,90,90,1.9187140850709919e-34,0.0,-0.004126067738980055,9020,0.0,0.3405727734309818,4,-0.2393495484202433
ident,C,hepg2_nadig|HepG2,MED11,90,90,3.8325712188989474e-28,0.0,-0.012139644473791122,9023,0.0,0.5248512018836115,4,-0.11110150514051287
ident,C,hepg2_nadig|HepG2,NAA25,90,90,9.720030896353935e-24,0.0,-0.00882264319807291,9023,0.0,0.21149864973986574,4,-0.009996241094137619
ident,C,hepg2_nadig|HepG2,SIN3A,90,90,4.051636139682573e-26,0.0,-0.005856841802597046,9023,0.0,0.24058476936006615,4,-0.0470748544962566
ident,C,hepg2_nadig|HepG2,EMC7,89,89,4.561098299445465e-18,0.0,-0.006786281242966652,9023,0.0,0.2858197000439668,4,-0.07093966228825051
ident,C,hepg2_nadig|HepG2,INTS9,89,89,9.253629354034692e-29,0.0,-0.010687833651900291,9023,0.0,0.6159031831765055,4,0.04642342951263892
ident,C,hepg2_nadig|HepG2,PPP2CA,89,89,5.6929113336282965e-18,0.0,-0.005444095470011234,9023,0.0,0.05572418295068069,4,-0.14396737571360216
ident,C,hepg2_nadig|HepG2,RPL36,89,89,0.7068631649017334,0.025334998965263367,0.012737725861370564,9005,0.874714603617866,0.8246391428736443,4,0.14987438317219495
ident,C,hepg2_nadig|HepG2,TKT,89,89,5.874355906224094e-13,0.0,-0.006242763251066208,9023,0.0,0.040882988285414416,4,-0.13831443077013406
ident,C,hepg2_nadig|HepG2,TNRC6A,89,89,1.1244035075543514e-25,0.0,-0.006926973816007376,9021,0.0,0.4502220151887588,3,-0.04346029315539705
ident,C,hepg2_nadig|HepG2,DDX54,88,88,9.132562551475683e-23,0.0,-0.014331751503050327,9023,0.0,0.21494741333326225,4,-0.04453552191087318
ident,C,hepg2_nadig|HepG2,EXOSC3,88,88,5.694339306667298e-22,0.0,-0.01583866961300373,9023,0.0,0.48024927555674624,23,0.08470656633977602
ident,C,hepg2_nadig|HepG2,MAD2L2,88,88,1.0329859762337053e-20,0.0,-0.005620494019240141,9022,0.0,0.22285519211616442,4,-0.187885902352405
ident,C,hepg2_nadig|HepG2,NAGLU,88,88,6.581372924240689e-34,0.0,-0.00523011339828372,9023,0.0,0.22857705178527019,4,-0.12726840176531845
ident,C,hepg2_nadig|HepG2,UTP23,88,88,3.110762785731362e-25,0.0,-0.012703451327979565,9022,0.0,0.4631681784194761,4,-0.1412373488816609
ident,C,hepg2_nadig|HepG2,VARS,88,88,1.9729012391503826e-22,0.0,-0.011641091667115688,9020,0.0,0.6412327513331865,4,0.03631570870905984
ident,C,hepg2_nadig|HepG2,ZNF84,88,88,1.1484434610471535e-28,0.0,-0.009729213081300259,9023,0.0,0.4498287833255488,3,0.03963177407264857
ident,C,hepg2_nadig|HepG2,CCT4,87,87,2.648352457473857e-13,0.0,-0.017072768881917,9023,0.0,0.5683722935589953,4,0.08719445231503567
ident,C,hepg2_nadig|HepG2,DPY19L4,87,87,1.746877328316312e-30,0.0,-0.004764973651617765,9023,0.0,0.27751768125523796,3,-0.1834601326968782
ident,C,hepg2_nadig|HepG2,HSPE1,87,87,7.165475157666634e-11,0.0,-0.012282019481062889,9023,0.05263464279451466,0.5916204833487196,4,0.02871202338569272
ident,C,hepg2_nadig|HepG2,LRR1,87,87,1.5929768704199216e-26,0.0,-0.01103291567414999,9023,0.0,0.33629892376036036,4,-0.1618259886578607
ident,C,hepg2_nadig|HepG2,MOB4,87,87,2.5399784320855465e-21,0.0,-0.0062889037653803825,9023,0.0,0.2594802207923891,4,-0.2229396980501394
ident,C,hepg2_nadig|HepG2,NCL,87,87,9.664653077834373e-09,0.0,-0.01576666533946991,9023,0.0,0.36290723276109693,4,0.04139823626783268
ident,C,hepg2_nadig|HepG2,NMD3,87,87,4.472308812973514e-28,0.0,-0.014402502216398716,9023,0.0,0.6566634200525834,4,0.056066245462831316
ident,C,hepg2_nadig|HepG2,SRP9,87,87,4.746301686094426e-14,0.0,-0.006340097635984421,9022,0.0,0.3397268661626652,22,-0.08484135915875496
ident,C,hepg2_nadig|HepG2,TBCE,87,87,6.175814975415019e-34,0.0,-0.00653065275400877,9023,0.0,0.08776813378592789,4,-0.17248392197225823
ident,C,hepg2_nadig|HepG2,TRAIP,87,87,1.700921893888429e-30,0.0,-0.007280244957655668,9023,0.0,0.21916314355861508,4,-0.07153113013862465
ident,C,hepg2_nadig|HepG2,CALR,86,86,1.3158719947004016e-10,0.0,-0.007722001988440752,9023,0.0,0.2895141882657922,3,-0.051639593743129715
ident,C,hepg2_nadig|HepG2,CNOT10,86,86,6.653495541807006e-27,0.0,-0.002942876424640417,9023,0.0,0.16150956825363386,3,0.026333569904912143
ident,C,hepg2_nadig|HepG2,DOHH,86,86,1.5408581431258194e-24,0.0,-0.005032605025917292,9021,0.0,0.3159205884715465,4,-0.16022889410227392
ident,C,hepg2_nadig|HepG2,EIF1AX,86,86,6.633851887954956e-12,0.0,-0.004800189286470413,9023,0.0,0.041318862768094725,23,-0.27280390928924847
ident,C,hepg2_nadig|HepG2,MRPS21,86,86,0.15669292211532593,0.001983847701922059,-0.0058531081303954124,9023,0.3156833389375937,0.04782230913963196,4,-0.07198639620859429
ident,C,hepg2_nadig|HepG2,MTG2,86,86,2.6142752176597167e-27,0.0,-0.004034902434796095,9021,0.0,0.06601678353108756,4,-0.17845713912993272
ident,C,hepg2_nadig|HepG2,RPL26,86,86,0.5810638666152954,0.02001897804439068,0.003473249962553382,9022,0.747871932178631,0.6849850075548326,4,0.1680118471262049
ident,C,hepg2_nadig|HepG2,SNAPC3,86,86,2.1186748561799727e-26,0.0,-0.0063528744503855705,9023,0.0,0.1890838156519416,4,-0.2236388179249206
ident,C,hepg2_nadig|HepG2,THAP11,86,86,1.7720111516498118e-23,0.0,-0.00417615519836545,9022,0.0,0.43559963157127446,23,-0.13079065189988293
ident,C,hepg2_nadig|HepG2,UTP20,86,86,3.5181445101647536e-24,0.0,-0.013360675424337387,9023,0.0,0.656368636165426,4,0.001959967959102943
ident,C,hepg2_nadig|HepG2,ZNF207,86,86,1.5963771876550682e-17,0.0,-0.00926946010440588,9023,0.0,0.33591426118893297,4,0.01736524637573852
ident,C,hepg2_nadig|HepG2,HERC1,85,85,2.759198295153467e-25,0.0,-0.00656242435798049,9022,0.0,0.3425295600359787,3,-0.23472882088406158
ident,C,hepg2_nadig|HepG2,IPO7,85,85,0.3343854248523712,0.011525408364832401,0.0008312314748764038,9023,0.27885141875316805,0.195927194130734,23,-0.17282462390083222
ident,C,hepg2_nadig|HepG2,NARS,85,85,7.229947328601362e-18,0.0,-0.012201497331261635,9021,0.0,0.5130287830031891,4,-0.03242641738451408
ident,C,hepg2_nadig|HepG2,PKM,85,85,1.451241626870825e-10,0.0,-0.0038356324657797813,9021,0.0,0.058410266877725284,4,-0.03487033348734504
ident,C,hepg2_nadig|HepG2,POLL,85,85,2.771099803179303e-32,0.0,-0.01491590216755867,9023,0.0,0.48122719675987174,3,0.08635837131451214
ident,C,hepg2_nadig|HepG2,RARS2,85,85,1.0363425850652192e-23,0.0,-0.013030420057475567,9023,0.0,0.37554755386731314,4,-0.21010660461433353
ident,C,hepg2_nadig|HepG2,RPP30,85,85,5.103986602329633e-22,0.0,-0.012441879138350487,9022,0.0,0.5530935253298926,4,-0.01706116351398004
ident,C,hepg2_nadig|HepG2,UBL5,85,85,5.870683713465885e-15,0.0,-0.011128539219498634,9022,0.0,0.5756807405916547,4,0.2846587540862637
ident,C,hepg2_nadig|HepG2,DNAJC8,84,84,4.6368253881672386e-14,0.0,-0.0046465471386909485,9021,0.0,0.3201197851744755,4,-0.08520673930102779
ident,C,hepg2_nadig|HepG2,DPH1,84,84,1.411465233146943e-24,0.0,-0.0051167625933885574,9022,0.0,0.16033875576187806,4,-0.10955361914982856
ident,C,hepg2_nadig|HepG2,EXOSC8,84,84,6.745931692152696e-18,0.0,-0.014155369251966476,9023,0.0,0.5116605585033691,23,0.14769857362886915
ident,C,hepg2_nadig|HepG2,GNPNAT1,84,84,1.5341531804188482e-23,0.0,-0.00352695444598794,9021,0.0,0.2533054489721486,4,-0.18893175760373557
ident,C,hepg2_nadig|HepG2,NOLC1,84,84,1.1713677512499576e-19,0.0,-0.01074590627104044,9023,0.0,0.3777885275835614,22,-0.1990459530811598
ident,C,hepg2_nadig|HepG2,PELP1,84,84,1.2753045986874759e-21,0.0,-0.020586613565683365,9020,0.0,0.6479125270644406,4,0.030196523833429845
ident,C,hepg2_nadig|HepG2,PES1,84,84,8.582757373397025e-21,0.0,-0.019231166690587997,9022,0.0,0.5673392478615551,4,0.09723693736873222
ident,C,hepg2_nadig|HepG2,RBM39,84,84,8.643977016994423e-18,0.0,-0.008448395878076553,9023,0.0,0.31995915779283673,4,-0.1722772453839733
ident,C,hepg2_nadig|HepG2,RRP9,84,84,4.082858793320629e-22,0.0,-0.008252287283539772,9023,0.0,0.3108944520824504,4,-0.13244408691498363
ident,C,hepg2_nadig|HepG2,WDR26,84,84,3.6788761028948926e-24,0.0,-0.0050031878054142,9023,0.0,0.29735320875629995,4,-0.129914561827696
ident,C,hepg2_nadig|HepG2,ZNF133,84,84,5.554414403256871e-31,0.0,-0.00527464784681797,9021,0.0,0.14910281561059827,4,-0.2657765603979645
ident,C,hepg2_nadig|HepG2,ZNF706,84,84,1.2117367469800322e-16,0.0,-0.004350199364125729,9022,0.0,0.09697501931704501,3,-0.1182228931032361
ident,C,hepg2_nadig|HepG2,CTDP1,83,83,1.6692612230829297e-31,0.0,-0.0038096574135124683,9023,0.0,0.19889700593516021,4,-0.16827560582504275
ident,C,hepg2_nadig|HepG2,GPN3,83,83,6.121197117409926e-22,0.0,-0.014805064536631107,9014,0.0,0.6419360509376743,4,0.006068826835233864
ident,C,hepg2_nadig|HepG2,INTS11,83,83,7.311303286829467e-24,0.0,-0.017739932984113693,9022,0.0,0.34058499264973835,22,-0.0632720171635053
ident,C,hepg2_nadig|HepG2,LSG1,83,83,1.964584523173518e-24,0.0,-0.01801154389977455,9021,0.0,0.7848941887838294,4,0.19966815352859957
ident,C,hepg2_nadig|HepG2,MPHOSPH10,83,83,2.5154336245538827e-20,0.0,-0.012146342545747757,9023,0.0,0.6582075455746729,4,0.11559136661847089
ident,C,hepg2_nadig|HepG2,MPHOSPH6,83,83,4.97695618876693e-24,0.0,-0.010809645988047123,9022,0.0,0.3963089806525423,3,-0.13461878071058617
ident,C,hepg2_nadig|HepG2,NAPG,83,83,3.4892086977307943e-25,0.0,-0.0041661737486720085,9020,0.0,0.27904978305326705,4,0.0593009078543537
ident,C,hepg2_nadig|HepG2,NSA2,83,83,7.837597846177511e-17,0.0,-0.018106143921613693,9023,0.0,0.6043912498328682,4,0.007308313746279363
ident,C,hepg2_nadig|HepG2,PRKRIP1,83,83,0.25430193543434143,0.0017671899404376745,-0.0043084267526865005,9021,0.32680327847589946,0.21806025964474834,4,-0.2680876037091202
ident,C,hepg2_nadig|HepG2,SEH1L,83,83,3.7838522209502474e-27,0.0,-0.00540783628821373,9023,0.0,0.31146365182084085,4,-0.06972853061741725
ident,C,hepg2_nadig|HepG2,DNMT1,82,82,8.505766717165388e-18,0.0,-0.009959867224097252,9022,0.0,0.31322147615607215,5,-0.16548318735979528
ident,C,hepg2_nadig|HepG2,E4F1,82,82,3.7719213358422827e-31,0.0,-0.011215920560061932,9020,0.0,0.567971644687036,23,-0.0228619101033925
ident,C,hepg2_nadig|HepG2,MCL1,82,82,5.958469397482321e-19,0.0,-0.0034948799293488264,9022,0.0,0.14461644803201554,4,-0.26331556340994183
ident,C,hepg2_nadig|HepG2,POP4,82,82,6.536618557201923e-26,0.0,-0.015768835321068764,9022,0.0,0.7536060771133954,4,0.17679114362517132
ident,C,hepg2_nadig|HepG2,RPP21,82,82,1.809122557577857e-21,0.0,-0.006263700779527426,9022,0.0,0.31953963984941103,23,-0.07826669108109892
ident,C,hepg2_nadig|HepG2,SCAF1,82,82,2.1940668475597688e-26,0.0,-0.012155898846685886,9022,0.0,0.47934456332553455,4,0.17160449595317503
ident,C,hepg2_nadig|HepG2,TUBGCP5,82,82,1.5911645522490441e-31,0.0,-0.006421179976314306,9021,0.0,0.23422361367191324,4,0.020329452126015325
ident,C,hepg2_nadig|HepG2,WDR43,82,82,2.685699939004521e-18,0.0,-0.015231253579258919,9022,0.0,0.6021950699845195,4,0.11642875320233476
ident,C,hepg2_nadig|HepG2,BTF3L4,81,81,1.1746631612621864e-19,0.0,-0.004178581293672323,9022,0.0,0.18637525682938832,4,-0.13333545319051252
ident,C,hepg2_nadig|HepG2,DYNLL2,81,81,3.1517169926639766e-25,0.0,-0.007015557959675789,9023,0.0,0.26608340814829906,3,-0.2428055581482186
ident,C,hepg2_nadig|HepG2,MIS18BP1,81,81,4.00237297176883e-24,0.0,-0.01235576719045639,9023,0.0,0.5125278958645626,4,-0.10790552049080826
ident,C,hepg2_nadig|HepG2,MTBP,81,81,6.509670896987118e-36,0.0,-0.016609307378530502,9023,0.0,0.4108653785986301,4,0.07877338880273542
ident,C,hepg2_nadig|HepG2,MTOR,81,81,1.231584041942564e-24,0.0,-0.006537394132465124,9022,0.0,0.22105704348315763,4,-0.2143196066456893
ident,C,hepg2_nadig|HepG2,PRELID3B,81,81,1.0577639129887898e-20,0.0,-0.014615294523537159,9022,0.0,0.5424166190413171,4,-0.03916331745104712
ident,C,hepg2_nadig|HepG2,RPL18,81,81,0.8560684323310852,0.027341151610016823,0.016876153647899628,9016,0.8303296061440276,0.7851348093822859,4,0.18214150666428505
ident,C,hepg2_nadig|HepG2,SETD1A,81,81,2.0614109500319137e-26,0.0,-0.009924066253006458,9023,0.0,0.4533572517908136,23,0.022843338269015346
ident,C,hepg2_nadig|HepG2,SUPT20H,81,81,7.538879895832027e-25,0.0,-0.009279800578951836,9021,0.0,0.29230941890743706,3,0.02568372053400497
ident,C,hepg2_nadig|HepG2,TUBA1B,81,81,8.374867093152716e-07,0.0,-0.008142119273543358,9022,0.5322221575053145,0.2077094444507387,4,-0.1450519432396442
ident,C,hepg2_nadig|HepG2,ZFP69B,81,81,1.0571526325476045e-30,0.0,-0.0059621818363666534,9023,0.0,0.15130805753920953,4,-0.04818228998403505
ident,C,hepg2_nadig|HepG2,ACOT12,80,80,0.0,0.0,-0.0052161808125674725,9022,0.0,0.14849379138702187,4,-0.3041312024492697
ident,C,hepg2_nadig|HepG2,ANAPC11,80,80,3.6175662137765446e-17,0.0,-0.004503781441599131,9023,0.0,0.13236412492873384,4,-0.008909692223225676
ident,C,hepg2_nadig|HepG2,C1orf109,80,80,1.5366807055503183e-26,0.0,-0.004261975176632404,9023,0.0,0.14285233840548317,4,-0.0936606019132322
ident,C,hepg2_nadig|HepG2,CPNE7,80,80,4.968925211434335e-30,0.0,-0.00649165827780962,9022,0.0,0.23324423378671377,4,-0.06003202184304114
ident,C,hepg2_nadig|HepG2,DCTN3,80,80,1.3707137138722317e-17,0.0,-0.008553327061235905,9023,0.0,0.4228903026727505,4,-0.13399904930639628
ident,C,hepg2_nadig|HepG2,KIF18B,80,80,3.215486185489656e-33,0.0,-0.015163029544055462,9023,0.0,0.4694039450270508,4,-0.05757964427619525
ident,C,hepg2_nadig|HepG2,NUB1,80,80,2.0710788915552274e-23,0.0,-0.004677004646509886,9021,0.0,0.4308064299820181,3,-0.26133863136784935
ident,C,hepg2_nadig|HepG2,POLR2F,80,80,1.5721846362797298e-17,0.0,-0.011822165921330452,9023,0.0,0.42059752219749347,4,-0.04217434463771298
ident,C,hepg2_nadig|HepG2,POLR2M,80,80,2.524680297935053e-33,0.0,-0.003782195271924138,9023,0.0,0.294133233928769,3,0.08850724157198253
ident,C,hepg2_nadig|HepG2,SRPRB,80,80,2.9736147415710084e-21,0.0,-0.005167924799025059,9022,0.0,0.3509738598297629,4,-0.11491842802479915
ident,C,hepg2_nadig|HepG2,ACTR2,79,79,5.018933669506828e-18,0.0,-0.0065389066003263,9023,0.0,0.2131309907677746,4,-0.11637905565684334
ident,C,hepg2_nadig|HepG2,CADM4,79,79,1.0260654668160408e-27,0.0,-0.0036774612963199615,9022,0.0,0.028801466151698013,4,-0.04961620626831386
ident,C,hepg2_nadig|HepG2,CD8B,79,79,0.0,0.0,-0.00400032801553607,9022,0.0,0.16276522777898933,4,-0.109820751296093
ident,C,hepg2_nadig|HepG2,CDK2,79,79,2.197904927034605e-24,0.0,-0.004074485041201115,9022,0.0,0.2871406894779783,4,-0.08925382429502163
ident,C,hepg2_nadig|HepG2,CSH2,79,79,4.763421258093172e-39,0.0,-0.00632844865322113,9022,0.0,0.02190061147259889,4,-0.12489326569701664
ident,C,hepg2_nadig|HepG2,GARS,79,79,1.1126211866570703e-16,0.0,-0.006880822591483593,9022,0.0,0.2539828933007312,23,-0.17419364816203725
ident,C,hepg2_nadig|HepG2,NXF1,79,79,3.5930347654013787e-29,0.0,-0.008333232253789902,9023,0.0,0.01797864446107594,4,-0.13325317391296918
ident,C,hepg2_nadig|HepG2,PDCD6IP,79,79,1.688094942955675e-19,0.0,-0.006898951716721058,9022,0.0,0.32077196758395526,4,-0.12095659730436371
ident,C,hepg2_nadig|HepG2,PHF10,79,79,5.555134998221044e-28,0.0,-0.008653827011585236,9020,0.0,0.2814388092119643,4,-0.19770071002636272
ident,C,hepg2_nadig|HepG2,PRSS50,79,79,0.11886279284954071,0.0050707245245575905,0.0005762177752330899,9023,-0.08887779223378436,-0.03944029012878075,3,-0.19869032531510428
ident,C,hepg2_nadig|HepG2,QARS,79,79,1.0153393212358908e-23,0.0,-0.010550937615334988,9021,0.0,0.5236141772865939,4,-0.05768302212862576
ident,C,hepg2_nadig|HepG2,RAB4A,79,79,7.789258016540411e-23,0.0,-0.006670529488474131,9022,0.0,0.24799917580254488,4,-0.06874274216969833
ident,C,hepg2_nadig|HepG2,RPS19,79,79,0.8651697635650635,0.04084644839167595,0.02955029346048832,8993,0.890554073852459,0.8452451669751461,4,0.15826152078909878
ident,C,hepg2_nadig|HepG2,SDHAF2,79,79,1.740643872690735e-24,0.0,-0.004886627662926912,9021,0.0,0.14086560316278782,4,-0.10555333483879487
ident,C,hepg2_nadig|HepG2,TERF2,79,79,2.017641138291194e-23,0.0,-0.01682758703827858,9023,0.0,0.628934868218331,4,-0.009665410261573535
ident,C,hepg2_nadig|HepG2,UTP6,79,79,7.658376915533455e-26,0.0,-0.009673499502241611,9022,0.0,0.27062890863092665,4,-0.11648754881386805
ident,C,hepg2_nadig|HepG2,WDR74,79,79,1.8548474138510007e-26,0.0,-0.01156205777078867,9023,0.0,0.21024065712904533,4,-0.05927663403751551
ident,C,hepg2_nadig|HepG2,ACIN1,78,78,2.7613650447668903e-18,0.0,-0.003857170231640339,9023,0.0,0.19589811597884685,4,-0.1824297573089821
ident,C,hepg2_nadig|HepG2,ANAPC1,78,78,2.187740090655259e-26,0.0,-0.005534741561859846,9023,0.0,0.18626514914426934,4,-0.20699877958474866
ident,C,hepg2_nadig|HepG2,CIAO1,78,78,5.316118140745333e-21,0.0,-0.004649031907320023,9020,0.0,0.26794259295768,4,-0.2406427486456434
ident,C,hepg2_nadig|HepG2,COPS2,78,78,2.9800823003750857e-19,0.0,-0.014475309289991856,9021,0.0,0.3481427017124433,4,-0.11176493200385723
ident,C,hepg2_nadig|HepG2,DIMT1,78,78,3.9236859108531164e-23,0.0,-0.008872566744685173,9023,0.0,0.535986386877763,23,0.03223373328370854
ident,C,hepg2_nadig|HepG2,EIF2S1,78,78,7.731356918970793e-18,0.0,-0.009514429606497288,8996,0.0,0.5828747935065838,4,0.10497132271345741
ident,C,hepg2_nadig|HepG2,GRB2,78,78,5.560220189641368e-19,0.0,-0.005108614917844534,9023,0.0,0.22122422938227354,23,-0.23405284705505683
ident,T,h1_vcc2025|H1,TET1,500,2428,1.3738985298365622e-19,0.0,-1.2151365808676928e-05,15674,0.0,,0,0.41025465021279384
ident,T,h1_vcc2025|H1,IGF1R,500,2056,2.740873216734053e-17,0.0,-3.397283217054792e-05,15634,0.0,,0,0.37232840509323817
ident,T,h1_vcc2025|H1,KDR,500,2056,1.0391352441775666e-21,0.0,-1.9906214220100082e-05,15694,0.0,,0,0.469696388788081
ident,T,replogle_rpe1|RPE1,SLC1A5,500,1962,6.285341321799753e-27,0.0,-0.0021706114057451487,8259,0.0,,0,-0.34775421848291505
ident,T,h1_vcc2025|H1,PAGR1,500,1953,1.8108709055844773e-20,0.0,-1.959030851139687e-05,15681,0.0,,0,0.4350948970124174
ident,T,h1_vcc2025|H1,KLF10,500,1932,2.460454497175069e-29,0.0,-1.488385441916762e-05,15677,0.0,,0,0.4293560745357348
ident,T,h1_vcc2025|H1,POLB,500,1905,2.300518819598203e-25,0.0,-4.597555744112469e-05,15693,0.0,,0,0.25719595825363417
ident,T,jurkat_nadig|Jurkat,SLC1A5,500,1740,8.498906558368923e-24,0.0,-0.002608971670269966,8283,0.0,,0,-0.39256547307625517
ident,T,h1_vcc2025|H1,SMARCB1,500,1706,7.936006985985547e-19,0.0,-4.77387584396638e-06,15727,0.0,,0,0.5319370022619027
ident,T,h1_vcc2025|H1,ANTXR1,500,1448,6.606845666694059e-27,0.0,-1.1011092055923655e-06,15720,0.0,,0,0.34550821896860495
ident,T,jurkat_nadig|Jurkat,GTF3C4,500,1293,4.9333331082360694e-27,0.0,-0.0025534252636134624,8283,0.0,,0,-0.005988296312869452
ident,T,h1_vcc2025|H1,NIT1,500,1287,9.564097845902642e-26,0.0,-3.806709355558269e-05,15644,0.0,,0,0.455193757468391
ident,T,h1_vcc2025|H1,USF2,500,1207,6.2878667794713495e-18,0.0,-1.358386089123087e-05,15862,0.0,,0,0.587800014709627
ident,T,h1_vcc2025|H1,NRAS,500,1172,9.226944268313477e-22,0.0,-2.337402656849008e-05,15669,0.0,,0,0.37310287892556626
ident,T,replogle_k562_gwps|K562,SIMC1,500,1169,5.233224667294461e-27,0.0,-0.0008957450045272708,7679,0.0,,0,-0.2665084524948469
ident,T,h1_vcc2025|H1,EID2,500,1167,2.2623447666886144e-30,0.0,-4.235905362293124e-05,15712,0.0,,0,0.4380435670950643
ident,T,replogle_rpe1|RPE1,CCDC6,500,1086,7.53217834494847e-23,0.0,-0.0019861957989633083,8259,0.0,,0,-0.2969333989481952
ident,T,h1_vcc2025|H1,MKI67,500,968,3.829470208215105e-21,0.0,-5.199783117859624e-06,15694,0.0,,0,0.4595064021984722
ident,T,replogle_rpe1|RPE1,GTF3C4,500,941,5.58872861150003e-32,0.0,-0.005804258398711681,8259,0.0,,0,0.7274711430394478
ident,T,replogle_k562_gwps|K562,SLC1A5,500,868,2.6674736216676773e-20,0.0,-0.0016071563586592674,7679,0.0,,0,0.21509306980511744
ident,T,replogle_k562_gwps|K562,CHPF,500,798,7.615367741350179e-28,0.0,-0.0013496190076693892,7679,0.0,,0,-0.2704524683736231
ident,T,jurkat_nadig|Jurkat,CCDC6,500,796,2.76168111257921e-22,0.0,-0.0026569797191768885,8283,0.0,,0,0.16152056764543957
ident,T,replogle_k562_gwps|K562,ZNF718,500,793,7.091754334013684e-29,0.0,-0.0010955685283988714,7679,0.0,,0,0.2154841037454313
ident,T,replogle_k562_gwps|K562,PSMG3,500,791,1.5077969697769057e-19,0.0,-0.0021820550318807364,7679,0.0,,0,0.42970551558818143
ident,T,jurkat_nadig|Jurkat,GTF2E2,500,744,1.3647876281433664e-21,0.0,-0.0012668955605477095,8283,0.0,,0,0.6680875835566189
ident,T,replogle_k562_gwps|K562,ZNF580,500,736,1.0407035551929537e-20,0.0,-0.00168199697509408,7679,0.0,,0,-0.09946084316108746
ident,T,replogle_k562_gwps|K562,ABCA7,500,707,7.432291994032596e-38,0.0,-0.0011656919959932566,7679,0.0,,0,-0.022714620150721947
ident,T,replogle_k562_gwps|K562,SNX15,500,697,1.5367571264505116e-26,0.0,-0.0013988134451210499,7679,0.0,,0,0.006400159003737
ident,T,jurkat_nadig|Jurkat,TRNT1,500,663,2.3440965195496364e-22,0.0,-0.0026378128677606583,8283,0.0,,0,0.2118442162870167
ident,T,h1_vcc2025|H1,SIX4,500,642,1.0859701401570351e-23,0.0,-4.225810698699206e-05,15678,0.0,,0,0.4252389234064349
ident,T,replogle_k562_essential|K562,SNX15,500,637,2.7160749056207695e-26,0.0,-0.0023014231119304895,7938,0.0,,0,0.6141540721974851
ident,T,replogle_k562_gwps|K562,COPG1,500,612,3.354634943756879e-25,0.0,-0.0014161323197185993,7679,0.0,,0,-0.1177787118683453
ident,T,replogle_k562_gwps|K562,PKN1,500,584,2.8362759007511048e-21,0.0,-0.0011486985022202134,7679,0.0,,0,-0.21610421160439572
ident,T,replogle_rpe1|RPE1,TPT1,500,583,0.479836106300354,0.001638286281377077,-0.000131194043206051,8259,0.20449546230173252,,0,0.22480657859059336
ident,T,replogle_k562_gwps|K562,HLCS,500,558,5.987103811562912e-30,0.0,-0.0015931418165564537,7679,0.0,,0,-0.11470723626717312
ident,T,replogle_k562_essential|K562,PMPCB,500,551,5.4152752049847765e-21,0.0,-0.002983201527968049,7938,0.0,,0,0.7743677232609278
ident,T,replogle_k562_gwps|K562,SEMA4C,500,542,1.6320620504824258e-33,0.0,-0.001125612761825323,7679,0.0,,0,0.05208071491080962
ident,T,replogle_k562_gwps|K562,TSEN34,500,540,8.456114009704304e-24,0.0,-0.0009847490582615137,7679,0.0,,0,-0.14530194455298479
ident,T,replogle_k562_gwps|K562,PDCD5,500,527,1.6838501689449455e-14,0.0,-0.0011397559428587556,7679,0.0,,0,0.23576801100448322
ident,T,replogle_k562_gwps|K562,PPFIA3,500,518,2.8815269179898997e-30,0.0,-0.0007991918246261775,7679,0.0,,0,-0.2908236557282244
ident,T,replogle_k562_gwps|K562,ZBTB7C,500,513,0.0,0.0,-0.0014319269685074687,7679,0.0,,0,-0.18039350951401237
ident,T,h1_vcc2025|H1,TMBIM6,500,505,3.0982685601954387e-24,0.0,-1.2873881132691167e-05,15654,0.0,,0,0.4050592704525089
ident,T,replogle_k562_gwps|K562,PARP2,500,505,2.7293881948804877e-28,0.0,-0.0013406190555542707,7679,0.0,,0,-0.2768998184017906
ident,T,replogle_k562_gwps|K562,DES,499,499,0.0,0.0,-0.0012142154155299067,7679,0.0,,0,-0.27341133238557525
ident,T,replogle_k562_essential|K562,TIMM23B,498,498,0.16346317529678345,0.005393574479967356,-0.0022472317796200514,7938,0.7582324626689907,,0,0.802205497514425
ident,T,replogle_k562_essential|K562,SLC1A5,490,490,3.860495862755022e-20,0.0,-0.0009042415767908096,7938,0.0,,0,-0.049774431290431055
ident,T,replogle_k562_gwps|K562,FADS2,489,489,1.7517343572236725e-26,0.0,-0.0008815097971819341,7679,0.0,,0,0.005621749148275191
ident,T,replogle_k562_gwps|K562,KLF10,487,487,2.222610024855396e-34,0.0,-0.0012642572401091456,7679,0.0,,0,-0.10870543288185587
ident,T,replogle_k562_gwps|K562,HMBS,479,479,5.58980506357528e-21,0.0,-0.0011942700948566198,7679,0.0,,0,-0.20162755477288002
ident,T,jurkat_nadig|Jurkat,PPP1R37,478,478,3.281952389861054e-35,0.0,-0.001819622702896595,8283,0.0,,0,0.2954567292761839
ident,T,replogle_k562_gwps|K562,SLC12A5,475,475,6.84703418941884e-24,0.0,-0.0015201335772871971,7679,0.0,,0,-0.07231177514219297
ident,T,replogle_k562_gwps|K562,STAT5A,474,474,5.178771625886543e-22,0.0,-0.0016293332446366549,7679,0.0,,0,0.07503032585955993
ident,T,replogle_k562_gwps|K562,UFL1,473,473,1.5227080708615396e-23,0.0,-0.0014971322380006313,7679,0.0,,0,-0.00201505077436198
ident,T,replogle_k562_gwps|K562,REST,472,472,1.0983124520189813e-19,0.0,-0.00205140165053308,7679,0.0,,0,0.34604262830605553
ident,T,replogle_k562_gwps|K562,YEATS4,471,471,7.163695105232494e-21,0.0,-0.001500939019024372,7679,0.0,,0,-0.0918214520985395
ident,T,replogle_k562_essential|K562,MZT1,454,454,2.185644112425594e-17,0.0,-0.0010842883493751287,7938,0.0,,0,0.5068215146502992
ident,T,replogle_k562_gwps|K562,HIF3A,453,453,1.4067820463680457e-28,0.0,-0.0007994008483365178,7679,0.0,,0,-0.18934428937214207
ident,T,replogle_k562_gwps|K562,ACTR1A,451,451,5.750938132691072e-27,0.0,-0.0013661308912560344,7679,0.0,,0,-0.02660088214930498
ident,T,replogle_k562_gwps|K562,RELB,451,451,1.1388962746049162e-31,0.0,-0.0009701121598482132,7679,0.0,,0,-0.08469097987355859
ident,T,replogle_k562_gwps|K562,EXOC3,450,450,4.848822735764379e-18,0.0,-0.00106217956636101,7679,0.0,,0,-0.18296179844512855
ident,T,h1_vcc2025|H1,DZIP3,447,447,2.9830928723845626e-28,0.0,-4.891624121228233e-05,15593,0.0,,0,0.3874374623554161
ident,T,replogle_k562_gwps|K562,PCCB,442,442,1.0410493877748347e-19,0.0,-0.0016951663419604301,7679,0.0,,0,0.16118921447092685
ident,T,replogle_k562_essential|K562,PSMG3,439,439,2.5838449508802273e-19,0.0,-0.001048135687597096,7938,0.0,,0,-0.03880022097581904
ident,T,replogle_k562_gwps|K562,RNF170,435,435,1.4050704664079377e-29,0.0,-0.0015118339797481894,7679,0.0,,0,-0.04680529316953057
ident,T,replogle_rpe1|RPE1,ZNF718,435,435,4.975066896298616e-35,0.0,-0.002717619063332677,8259,0.0,,0,-0.18069958145439102
ident,T,replogle_k562_gwps|K562,CALCOCO2,434,434,2.6758357542601215e-23,0.0,-0.0012231492437422276,7679,0.0,,0,-0.015481814564117654
ident,T,replogle_k562_gwps|K562,SMARCB1,431,431,2.621191170028845e-22,0.0,-0.001241187215782702,7679,0.0,,0,-0.03569295530190317
ident,T,replogle_k562_gwps|K562,RIPK1,423,423,2.432381389989296e-28,0.0,-0.0013140151277184486,7679,0.0,,0,-0.1768566903087206
ident,T,replogle_k562_gwps|K562,RPUSD1,423,423,4.815341395379174e-27,0.0,-0.0015923911705613136,7679,0.0,,0,-0.009766091439342272
ident,T,replogle_k562_gwps|K562,TIMP1,418,418,1.3331678010452816e-20,0.0,-0.0012802020646631718,7679,0.0,,0,0.08031685347491045
ident,T,replogle_k562_gwps|K562,PMPCB,417,417,3.036841955746247e-21,0.0,-0.005140946712344885,7679,0.0,,0,0.7899234894209398
ident,T,replogle_k562_gwps|K562,SERINC3,416,416,5.734560610543003e-23,0.0,-0.0014001046074554324,7679,0.0,,0,0.17608327003397745
ident,T,replogle_k562_gwps|K562,GFER,415,415,1.6241886759879358e-24,0.0,-0.0038173857610672712,7679,0.0,,0,0.5759143639874701
ident,T,replogle_k562_gwps|K562,KIF5B,413,413,1.1368605167504098e-15,0.0,-0.001304139383137226,7679,0.0,,0,0.00504108649096872
ident,T,replogle_k562_gwps|K562,UROD,412,412,3.505472528786677e-19,0.0,-0.0006902352324686944,7679,0.0,,0,-0.29195878207675546
ident,T,replogle_k562_gwps|K562,USF2,408,408,1.038367513132573e-19,0.0,-0.001089073484763503,7679,0.0,,0,-0.16095333381940877
ident,T,replogle_k562_gwps|K562,ZNF273,406,406,5.74719805377627e-26,0.0,-0.0014200886944308877,7679,0.0,,0,0.026018872240243508
ident,T,replogle_k562_gwps|K562,PPP4R2,405,405,1.1611359026966852e-21,0.0,-0.002237777691334486,7679,0.0,,0,-0.026327658390240358
ident,T,replogle_k562_gwps|K562,TNIP1,404,404,1.528622306514211e-26,0.0,-0.0009723668918013573,7679,0.0,,0,-0.18109288847663046
ident,T,replogle_k562_gwps|K562,TRNP1,403,403,1.2702718430203868e-27,0.0,-0.0016345172189176083,7679,0.0,,0,-0.41958306978447285
ident,T,replogle_k562_essential|K562,SNRPG,402,402,1.606895692896071e-11,0.0,-0.009889519773423672,7938,0.0,,0,0.8186941554504418
ident,T,replogle_k562_gwps|K562,PFKFB4,402,402,2.0991327921671612e-33,0.0,-0.001023558434098959,7679,0.0,,0,-0.1730973937324391
ident,T,jurkat_nadig|Jurkat,DDX55,400,400,3.1532993328605882e-21,0.0,-0.0020900957752019167,8283,0.0,,0,0.23492248915002104
ident,T,replogle_k562_gwps|K562,DNAJB11,399,399,6.0978094741629126e-21,0.0,-0.0018402780406177044,7679,0.0,,0,0.283544152518793
ident,T,replogle_k562_essential|K562,DNAJC19,398,398,7.16870122168671e-18,0.0,-0.006196208763867617,7938,0.0,,0,0.7632526147323845
ident,T,replogle_k562_gwps|K562,ARL2BP,398,398,6.377333329482223e-30,0.0,-0.001277450006455183,7679,0.0,,0,-0.20984965343975623
ident,T,replogle_k562_gwps|K562,MIER1,393,393,3.759480332468565e-24,0.0,-0.0023074729833751917,7679,0.0,,0,0.27477833528628504
ident,T,replogle_k562_gwps|K562,MZT1,393,393,9.10109770300654e-18,0.0,-0.001730197574943304,7679,0.0,,0,0.33309952825296213
ident,T,replogle_k562_gwps|K562,TRIOBP,392,392,1.2511398229794759e-35,0.0,-0.0018208117689937353,7679,0.0,,0,0.0813260207627877
ident,T,replogle_k562_gwps|K562,DOK4,390,390,3.5749874777456335e-28,0.0,-0.0019963167142122984,7679,0.0,,0,0.07342193344718827
ident,T,replogle_k562_gwps|K562,FDXR,386,386,5.4379290308850915e-24,0.0,-0.0011717552551999688,7679,0.0,,0,-0.16735930716155484
ident,T,replogle_k562_gwps|K562,TRNT1,386,386,1.9396605023161054e-23,0.0,-0.0032683126628398895,7679,0.0,,0,0.403841716120568
ident,T,replogle_k562_gwps|K562,ZNF284,386,386,0.0,0.0,-0.0007596772047691047,7679,0.0,,0,-0.2715919218509524
ident,T,replogle_k562_gwps|K562,PRDM13,385,385,0.0,0.0,-0.0013566388515755534,7679,0.0,,0,-0.007261976019341167
ident,T,replogle_k562_gwps|K562,ATP13A2,382,382,6.222981058351456e-28,0.0,-0.001441716100089252,7679,0.0,,0,0.26829526760750655
ident,T,replogle_k562_gwps|K562,RHOT2,382,382,1.0235211498865716e-23,0.0,-0.0018457038095220923,7679,0.0,,0,-0.03213989533884277
ident,T,jurkat_nadig|Jurkat,ZNF718,381,381,7.559744958626331e-28,0.0,-0.0025371673982590437,8283,0.0,,0,-0.19334759585294684
ident,T,replogle_k562_gwps|K562,FOXO3,381,381,3.3510672414269263e-22,0.0,-0.00195502582937479,7679,0.0,,0,0.09910358490168036
ident,T,replogle_k562_gwps|K562,ING1,381,381,2.822368707171773e-30,0.0,-0.001331396633759141,7679,0.0,,0,-0.1789506863209262
ident,T,replogle_k562_gwps|K562,ARPC4,380,380,2.1340671730151377e-20,0.0,-0.0015879904385656118,7679,0.0,,0,0.36946015712205377
ident,T,replogle_k562_gwps|K562,LRRC8A,380,380,3.08651206791454e-30,0.0,-0.0010642369743436575,7679,0.0,,0,-0.2583042058244087
ident,T,replogle_k562_gwps|K562,VPS37C,378,378,3.848443986331668e-38,0.0,-0.0014154411619529128,7679,0.0,,0,-0.26522536039816147
ident,T,replogle_k562_gwps|K562,VAT1,376,376,7.315870612744398e-27,0.0,-0.0019957218319177628,7679,0.0,,0,-0.24742425973225932
ident,T,replogle_k562_gwps|K562,EGR1,374,374,1.1929436710845377e-30,0.0,-0.001216420321725309,7679,0.0,,0,0.28202200998896343
ident,T,replogle_k562_gwps|K562,ZNF629,374,374,2.0753837067440025e-31,0.0,-0.0007924683741293848,7679,0.0,,0,-0.22754248461898638
ident,T,replogle_k562_gwps|K562,CDC37,373,373,7.793404563899008e-17,0.0,-0.001261405530385673,7679,0.0,,0,-0.06851124733778079
ident,T,replogle_k562_gwps|K562,ZNF763,373,373,0.0,0.0,-0.0011020769597962499,7679,0.0,,0,-0.1715360810863197
ident,T,jurkat_nadig|Jurkat,EIF3CL,372,372,0.0,0.0,-0.0014397136401385069,8283,0.0,,0,0.7482629774970398
ident,T,replogle_k562_gwps|K562,ZNF319,370,370,1.9207512259645165e-34,0.0,-0.001780119608156383,7679,0.0,,0,0.078175516665748
ident,T,replogle_k562_gwps|K562,HSFX1,369,369,0.1297222077846527,0.0017849047435447574,2.5901468688971363e-05,7679,0.04908506140173348,,0,0.04702713134848113
ident,T,replogle_k562_gwps|K562,TMED7,368,368,1.7996815079322802e-25,0.0,-0.0009796804515644908,7679,0.0,,0,-0.19913676717304846
ident,T,replogle_k562_gwps|K562,WBP11,368,368,3.2993587091324607e-21,0.0,-0.0025226348079741,7679,0.0,,0,0.4051408003392669
ident,T,replogle_k562_essential|K562,NAA38,366,366,2.8735970136756616e-20,0.0,-0.010339376516640186,7938,0.0,,0,0.6277718093451156
ident,T,replogle_k562_essential|K562,WDR3,365,365,2.9216671528678247e-22,0.0,-0.000779642490670085,7938,0.0,,0,0.28368774094848115
ident,T,replogle_k562_gwps|K562,SCAMP2,362,362,2.1461918603676564e-23,0.0,-0.001265650033019483,7679,0.0,,0,-0.2537558428148507
ident,T,replogle_k562_gwps|K562,SHROOM1,360,360,0.0,0.0,-0.0014585392782464623,7679,0.0,,0,-0.13667464072062938
ident,T,replogle_k562_gwps|K562,AARS2,358,358,9.153251954203287e-31,0.0,-0.0011692747939378023,7679,0.0,,0,0.029224309016557884
ident,T,replogle_k562_gwps|K562,MINDY2,358,358,2.7097951414069027e-25,0.0,-0.0009240144281648099,7679,0.0,,0,-0.26212386678186744
ident,T,replogle_rpe1|RPE1,PPP1R37,358,358,2.2906490498517434e-35,0.0,-0.004756650887429714,8259,0.0,,0,0.7429138007378103
ident,T,replogle_k562_gwps|K562,NDUFB10,357,357,1.6464958465644414e-14,0.0,-0.0025606488343328238,7679,0.0,,0,-0.016116283395497887
ident,T,replogle_k562_gwps|K562,ARPC4-TTLL3,355,355,0.07833706587553024,0.0009757662191987038,-0.00011811564763775095,7679,-0.2066831897975764,,0,-0.1491006330358332
ident,T,replogle_k562_gwps|K562,RMI1,354,354,1.3636271623437087e-29,0.0,-0.003495299257338047,7679,0.0,,0,0.30606566682731207
ident,T,replogle_rpe1|RPE1,TRNT1,354,354,2.0318259986731528e-30,0.0,-0.005883218254894018,8259,0.0,,0,0.7587402498340938
ident,T,replogle_k562_gwps|K562,MOCS2,353,353,1.361090899181414e-26,0.0,-0.0013639797689393163,7679,0.0,,0,-0.02126149981944762
ident,T,replogle_k562_gwps|K562,RNF139,352,352,3.528905135066845e-30,0.0,-0.001302452408708632,7679,0.0,,0,-0.1544003381098326
ident,T,replogle_k562_gwps|K562,SPRTN,351,351,7.116237793663345e-31,0.0,-0.0015756714856252074,7679,0.0,,0,0.05905545559179689
ident,T,replogle_k562_gwps|K562,POU2F3,350,350,0.0,0.0,-0.0013170521706342697,7679,0.0,,0,-0.4307328120271088
ident,T,replogle_k562_gwps|K562,CDK6,349,349,3.3535101606346657e-21,0.0,-0.0013914970913901925,7679,0.0,,0,0.012337987203725538
ident,T,replogle_k562_gwps|K562,LTB4R2,349,349,2.651939940836448e-31,0.0,-0.00101942615583539,7679,0.0,,0,-0.029504634612748055
ident,T,replogle_rpe1|RPE1,TIMM23B,348,348,0.37070485949516296,0.00927493255585432,0.0007571180467493832,8259,0.7904654886789781,,0,0.8602101982902209
ident,T,replogle_k562_gwps|K562,FAM222B,347,347,5.191310576877564e-26,0.0,-0.001271845423616469,7679,0.0,,0,-0.13021172844328519
ident,T,replogle_k562_gwps|K562,GMPPB,347,347,2.156179670765811e-34,0.0,-0.0006699359510093927,7679,0.0,,0,-0.34394373955474233
ident,T,replogle_k562_gwps|K562,SRPK1,347,347,6.915008898283637e-17,0.0,-0.0011647086357697845,7679,0.0,,0,0.031963084857706325
ident,T,replogle_k562_gwps|K562,TNK2,345,345,2.858290737486203e-34,0.0,-0.0017477301880717278,7679,0.0,,0,-0.09227220158917722
ident,T,replogle_k562_gwps|K562,XRCC2,344,344,7.259606959790927e-22,0.0,-0.0013896051095798612,7679,0.0,,0,-0.15449480250210162
ident,T,replogle_k562_gwps|K562,ZNF492,344,344,2.7423878834627285e-30,0.0,-0.0014792360598221421,7679,0.0,,0,-0.0864257227308298
ident,T,replogle_k562_gwps|K562,ARPC3,342,342,2.702802344184841e-14,0.0,-0.0012497141724452376,7679,0.0,,0,-0.11909836076539994
ident,T,replogle_k562_gwps|K562,PAGE1,342,342,0.0,0.0,-0.0005682494957000017,7679,0.0,,0,-0.27550842142983856
ident,T,replogle_k562_gwps|K562,SMAD1,342,342,1.1579833406165061e-30,0.0,-0.0016365748597308993,7679,0.0,,0,-0.14688903791110947
ident,T,replogle_k562_gwps|K562,FUT8,341,341,4.625919174963692e-26,0.0,-0.0014249503146857023,7679,0.0,,0,-0.06250294447752254
ident,T,replogle_k562_gwps|K562,TEFM,341,341,3.740068129594548e-26,0.0,-0.0015726231504231691,7679,0.0,,0,0.4654047374039129
ident,T,replogle_k562_gwps|K562,ZFP42,341,341,3.2591557557391326e-24,0.0,-0.0013032476417720318,7679,0.0,,0,-0.1474720719289876
ident,T,replogle_k562_gwps|K562,UBR7,339,339,1.7460925765631834e-27,0.0,-0.001330472994595766,7679,0.0,,0,-0.13167378726856532
ident,T,replogle_k562_gwps|K562,NAGK,337,337,1.612119825554924e-32,0.0,-0.0015403914730995893,7679,0.0,,0,0.02835356809781767
ident,T,replogle_k562_gwps|K562,PNRC1,337,337,9.854220086799531e-27,0.0,-0.0010332760866731405,7679,0.0,,0,-0.3378522974996516
ident,T,replogle_k562_gwps|K562,ZNF30,337,337,4.296878172766789e-34,0.0,-0.0013050789711996913,7679,0.0,,0,-0.0668272207652627
ident,T,replogle_rpe1|RPE1,EIF3CL,337,337,1.4319580339451655e-38,0.0,-0.007425847928971052,8259,0.0,,0,0.9192822560680075
ident,T,replogle_k562_gwps|K562,CNTROB,336,336,1.796785433028496e-30,0.0,-0.0017954861978068948,7679,0.0,,0,0.3022863392406138
ident,T,replogle_k562_gwps|K562,F2RL3,336,336,0.0,0.0,-0.0016697610262781382,7679,0.0,,0,-0.07096548850381962
ident,T,replogle_k562_gwps|K562,VPS18,336,336,1.6805673722519634e-29,0.0,-0.0014511465560644865,7679,0.0,,0,0.1511537712137236
ident,T,replogle_k562_gwps|K562,ZNF746,336,336,3.8176704004819353e-31,0.0,-0.0012304609408602118,7679,0.0,,0,-0.12205273035700212
ident,T,replogle_k562_gwps|K562,PKIG,335,335,1.9541864181593076e-27,0.0,-0.001768158981576562,7679,0.0,,0,-0.15911544534309935
ident,T,replogle_k562_gwps|K562,VPS13D,334,334,1.477614360537296e-30,0.0,-0.0021441776771098375,7679,0.0,,0,0.29940922775429457
ident,T,replogle_k562_gwps|K562,ZNF672,334,334,9.04284113644637e-29,0.0,-0.0017663320759311318,7679,0.0,,0,-0.14075666672665144
ident,T,replogle_k562_gwps|K562,ATF7IP,333,333,1.1507100219393058e-24,0.0,-0.0008844378753565252,7679,0.0,,0,-0.15091323649470562
ident,T,replogle_k562_gwps|K562,CITED2,333,333,5.660372092048185e-22,0.0,-0.0012564745265990496,7679,0.0,,0,-0.12154679113934445
ident,T,replogle_k562_gwps|K562,NOSTRIN,333,333,4.5679736921576986e-32,0.0,-0.0016815050039440393,7679,0.0,,0,-0.04647619924251057
ident,T,replogle_k562_gwps|K562,SLC35D1,333,333,5.282165010690382e-36,0.0,-0.0018696964252740145,7679,0.0,,0,-0.040415694693316656
ident,T,replogle_k562_gwps|K562,SNX12,331,331,1.9671610975085488e-34,0.0,-0.001864476129412651,7679,0.0,,0,-0.10982300403727285
ident,T,replogle_k562_essential|K562,ZNF718,330,330,1.6416277771154378e-28,0.0,-0.0011499498505145311,7938,0.0,,0,-0.010825795431148925
ident,T,replogle_k562_essential|K562,DHX16,327,327,8.178880398603301e-29,0.0,-0.00621084775775671,7938,0.0,,0,0.5622430209280967
ident,T,replogle_k562_gwps|K562,NRL,326,326,4.782355434787313e-37,0.0,-0.00205762917175889,7679,0.0,,0,0.1998276631345471
ident,T,replogle_k562_gwps|K562,TIMM8B,325,325,3.5842007257163607e-17,0.0,-0.0013462628703564405,7679,0.0,,0,-0.0001520314530984101
ident,T,replogle_k562_gwps|K562,BOLA1,323,323,2.1544530878684477e-25,0.0,-0.0017839859938248992,7679,0.0,,0,0.0887066715123448
ident,T,replogle_k562_gwps|K562,CSNK1D,323,323,7.134334333428892e-23,0.0,-0.0010785778285935521,7679,0.0,,0,0.030680934254170514
ident,T,replogle_k562_gwps|K562,GTF3C4,323,323,1.4955193648521848e-27,0.0,-0.0018084720941260457,7679,0.0,,0,-0.08206218233727491
ident,T,replogle_k562_gwps|K562,ZFYVE28,323,323,1.2463990722081982e-38,0.0,-0.0021110898815095425,7679,0.0,,0,-0.05797461888625768
ident,T,replogle_k562_essential|K562,SF3A2,321,321,1.49409586494812e-22,0.0,-0.00808132067322731,7938,0.0,,0,0.7790312255188275
ident,T,replogle_k562_gwps|K562,CD59,321,321,1.0742657270897998e-25,0.0,-0.001096197054721415,7679,0.0,,0,-0.26604121375863227
ident,T,replogle_k562_gwps|K562,CHCHD10,320,320,4.487004030048064e-13,0.0,-0.0019021887565031648,7679,0.0,,0,-0.1002127723601101
ident,T,replogle_k562_gwps|K562,GPX4,320,320,1.3115779295969077e-11,0.0,-0.0013888378161936998,7679,0.0,,0,-0.08937758315974226
ident,T,replogle_k562_gwps|K562,SMAD2,320,320,5.001799390824603e-24,0.0,-0.0009696485358290374,7679,0.0,,0,-0.25346516006600783
ident,T,replogle_k562_gwps|K562,SRM,320,320,7.322098385508652e-14,0.0,-0.001331377075985074,7679,0.0,,0,0.05146064872161293
ident,T,replogle_k562_essential|K562,LTV1,318,318,6.89220538090464e-21,0.0,-0.0006181231001392007,7938,0.0,,0,0.37667458948355875
ident,T,replogle_k562_gwps|K562,SRGN,318,318,1.0708030331458795e-34,0.0,-0.0009306902647949755,7679,0.0,,0,0.19521773038493964
ident,T,replogle_k562_gwps|K562,FASTKD5,317,317,2.9895412130959984e-31,0.0,-0.001533069764263928,7679,0.0,,0,0.26795618085559053
ident,T,replogle_k562_gwps|K562,REPIN1,317,317,2.0716172733458226e-22,0.0,-0.0009707670542411506,7679,0.0,,0,-0.07538137986031829
ident,T,replogle_k562_gwps|K562,SETDB1,317,317,1.021558848524073e-26,0.0,-0.001047888770699501,7679,0.0,,0,0.024524212469626234
ident,T,replogle_k562_gwps|K562,N4BP2,316,316,6.2091751264763995e-21,0.0,-0.0013954364694654942,7679,0.0,,0,-0.1507295649340106
ident,T,replogle_k562_gwps|K562,SF3A2,316,316,8.481297920786941e-23,0.0,-0.003571705659851432,7679,0.0,,0,0.4318684262575595
ident,T,replogle_rpe1|RPE1,CENPT,316,316,3.871129271755822e-34,0.0,-0.003322615986689925,8259,0.0,,0,-0.018785665346121184
ident,T,replogle_k562_gwps|K562,RPL26L1,315,315,0.09195830672979355,0.0019238617969676852,9.650178253650665e-05,7679,0.022072143433520038,,0,-0.04407705609040831
ident,T,replogle_k562_gwps|K562,TMED10,315,315,6.666123045639386e-22,0.0,-0.0015846831956878304,7679,0.0,,0,0.028835682686966093
ident,T,replogle_k562_gwps|K562,CEP70,314,314,2.239488642610322e-30,0.0,-0.001669921912252903,7679,0.0,,0,-0.13626597485832986
ident,T,replogle_k562_gwps|K562,TIMM9,314,314,1.9794063123925798e-23,0.0,-0.0019275497179478407,7679,0.0,,0,0.465531540256324
ident,T,replogle_k562_gwps|K562,DCTN1,313,313,8.993110560549972e-24,0.0,-0.0021803558338433504,7679,0.0,,0,0.20176297508348062
ident,T,replogle_k562_gwps|K562,KDM6A,312,312,1.6673760063947872e-26,0.0,-0.0011868580477312207,7679,0.0,,0,-0.5447992726090106
ident,T,replogle_k562_gwps|K562,MDH2,312,312,7.803480084334069e-13,0.0,-0.0015081793535500765,7679,0.0,,0,-0.20380310743290567
ident,T,replogle_k562_essential|K562,WBP11,311,311,4.877952734678395e-21,0.0,-0.006700580008327961,7938,0.0,,0,0.7690218634250394
ident,T,replogle_k562_gwps|K562,ACER3,311,311,7.770719798826264e-27,0.0,-0.001503718551248312,7679,0.0,,0,-0.1861584382375682
ident,T,replogle_k562_gwps|K562,TUBB3,311,311,2.396584960377117e-19,0.0,-0.0012178682954981923,7679,0.0,,0,0.007484473205666631
ident,T,replogle_rpe1|RPE1,SNX15,311,311,9.098136691635605e-30,0.0,-0.0035514452029019594,8259,0.0,,0,0.08915585243727603
ident,T,replogle_k562_gwps|K562,ANKRD49,310,310,1.2788834047963187e-30,0.0,-0.0005847584106959403,7679,0.0,,0,-0.14442799089821026
ident,T,replogle_k562_gwps|K562,CHD7,310,310,1.763411943005066e-21,0.0,-0.0011482597328722477,7679,0.0,,0,-0.25868551581706734
ident,T,replogle_k562_gwps|K562,DDX5,310,310,2.3687841510348917e-13,0.0,-0.0013186362339183688,7679,0.0,,0,-0.16885022072026148
ident,T,replogle_k562_gwps|K562,YY2,310,310,0.0,0.0,-0.0010846939403563738,7679,0.0,,0,-0.18887178652997583
ident,T,replogle_k562_essential|K562,RPS28,309,309,0.22057969868183136,0.000586343405302614,-0.00016030708502512425,7938,0.06804888850360538,,0,0.5721935610064208
ident,T,replogle_k562_gwps|K562,POLRMT,307,307,2.3903585519380892e-26,0.0,-0.0019966894760727882,7679,0.0,,0,0.5371330619077268
ident,T,replogle_k562_gwps|K562,SMARCD2,307,307,2.678843752382249e-26,0.0,-0.001493711955845356,7679,0.0,,0,0.013059103029934087
ident,T,replogle_k562_gwps|K562,ZBTB11,306,306,3.3027046247966322e-24,0.0,-0.0009651306900195777,7679,0.0,,0,-0.11305873134011175
ident,T,replogle_k562_gwps|K562,ARL6IP1,304,304,2.13266104352198e-18,0.0,-0.0017736442387104034,7679,0.0,,0,-0.06056460226731948
ident,T,replogle_k562_gwps|K562,USP36,303,303,1.388895260899041e-27,0.0,-0.0008094075601547956,7679,0.0,,0,-0.16089933916982802
ident,T,replogle_k562_gwps|K562,ZNF12,303,303,3.395491775671505e-25,0.0,-0.0016210144385695457,7679,0.0,,0,-0.06633292211585197
ident,T,replogle_k562_gwps|K562,CMTR1,302,302,2.6869763963186388e-30,0.0,-0.0023650371003896,7679,0.0,,0,0.5710869846124736
ident,T,replogle_k562_gwps|K562,COQ9,301,301,1.0184532510516376e-24,0.0,-0.00205084215849638,7679,0.0,,0,0.15500428857924842
ident,T,replogle_k562_gwps|K562,ZNF202,300,300,6.328980309756629e-32,0.0,-0.0008527220343239605,7679,0.0,,0,-0.37700860410015435
ident,T,replogle_k562_gwps|K562,ZNF462,300,300,2.5829043108649223e-23,0.0,-0.0017529655015096068,7679,0.0,,0,0.054296857780016805
ident,T,replogle_k562_gwps|K562,PPP6R2,299,299,4.2536156159284545e-28,0.0,-0.0010479399934411049,7679,0.0,,0,-0.21148193179648112
ident,T,replogle_k562_gwps|K562,SLC48A1,298,298,7.098312636226618e-34,0.0,-0.0008073884528130293,7679,0.0,,0,-0.2643626947553466
ident,T,replogle_k562_gwps|K562,CGGBP1,296,296,4.231687342737979e-24,0.0,-0.001221003127284348,7679,0.0,,0,-0.25211299196364284
ident,T,replogle_k562_gwps|K562,SAAL1,296,296,3.297633815567987e-31,0.0,-0.002117323921993375,7679,0.0,,0,-0.01923528100450531
ident,T,replogle_k562_gwps|K562,SPN,296,296,7.337269360189172e-19,0.0,-0.0014625792391598225,7679,0.0,,0,-0.1603015210304427
ident,T,replogle_k562_gwps|K562,SRRM1,295,295,1.5693676892472927e-16,0.0,-0.0026943848934024572,7679,0.0,,0,0.385803867225136
ident,T,jurkat_nadig|Jurkat,PMPCB,293,293,1.9575971073679283e-19,0.0,-0.0018886838806793094,8283,0.0,,0,0.6559069359780405
ident,T,replogle_k562_gwps|K562,RAD21,291,291,3.4467855118921114e-17,0.0,-0.005011379718780518,7679,0.0,,0,0.4236997051767848
ident,T,replogle_k562_gwps|K562,RNF11,290,290,4.108596579366194e-34,0.0,-0.000564863788895309,7679,0.0,,0,0.10048949281299929
ident,T,replogle_k562_gwps|K562,TEX2,290,290,4.896101857941241e-37,0.0,-0.0012706888373941183,7679,0.0,,0,-0.21031018833100287
ident,T,replogle_k562_gwps|K562,CXorf40B,289,289,9.676416176936469e-32,0.0,-0.001171895652078092,7679,0.0,,0,-0.23555439517682716
ident,T,replogle_k562_gwps|K562,JMJD4,288,288,2.1426153594652716e-28,0.0,-0.0014916715444996953,7679,0.0,,0,-0.13398930949686885
ident,T,replogle_k562_gwps|K562,CBX4,285,285,6.217570481668745e-31,0.0,-0.0015620889607816935,7679,0.0,,0,-0.1411937481991218
ident,T,replogle_k562_gwps|K562,ZNF699,285,285,4.967933762469057e-38,0.0,-0.0014413176104426384,7679,0.0,,0,-0.07960334186134256
ident,T,replogle_k562_gwps|K562,GALNT11,284,284,4.677473315124225e-27,0.0,-0.000878856226336211,7679,0.0,,0,-0.09214407483080762
ident,T,replogle_k562_gwps|K562,C19orf47,283,283,1.4318805971606712e-33,0.0,-0.0015670584980398417,7679,0.0,,0,-0.0866261683722254
ident,T,replogle_k562_gwps|K562,TMA7,283,283,4.777505127617765e-11,0.0,-0.0010810189414769411,7679,0.0,,0,-0.13771361593698075
ident,T,replogle_k562_gwps|K562,ZNF335,283,283,2.540623858423042e-32,0.0,-0.0020238985307514668,7679,0.0,,0,0.004437904599824255
ident,T,replogle_k562_gwps|K562,CARD11,282,282,2.177123213005412e-31,0.0,-0.0011154055828228593,7679,0.0,,0,0.04248400358326767
ident,T,replogle_k562_gwps|K562,KLC4,282,282,8.040089781924145e-35,0.0,-0.0015729997539892793,7679,0.0,,0,-0.09427683741771055
ident,T,replogle_k562_gwps|K562,ST6GALNAC4,282,282,1.4652349824683429e-36,0.0,-0.0009530738461762667,7679,0.0,,0,-0.2568073270506416
ident,T,replogle_k562_gwps|K562,RUSC1,281,281,1.0051826167045302e-30,0.0,-0.0008416494820266962,7679,0.0,,0,-0.07738268274038872
ident,T,replogle_k562_gwps|K562,ZNF584,281,281,4.655171046368221e-27,0.0,-0.0013437318848446012,7679,0.0,,0,-0.2943840730315291
ident,T,replogle_k562_essential|K562,CENPJ,280,280,6.582419482395384e-27,0.0,-0.0019500982016324997,7938,0.0,,0,0.7312679185788702
ident,T,replogle_rpe1|RPE1,GTF2E2,280,280,1.4096758007910622e-24,0.0,-0.010216774418950081,8259,0.0,,0,0.8985972145007181
ident,T,replogle_k562_essential|K562,GOLT1B,279,279,2.5002319019300585e-28,0.0,-0.0018184412037953734,7938,0.0,,0,0.6075517286165206
ident,T,replogle_k562_gwps|K562,STXBP4,279,279,4.5269776825959066e-27,0.0,-0.00203608232550323,7679,0.0,,0,0.12511512653300197
ident,T,replogle_k562_gwps|K562,CHPF2,278,278,8.790590670526862e-33,0.0,-0.0011956744128838181,7679,0.0,,0,-0.18967977218395377
ident,T,replogle_k562_gwps|K562,EIF5,278,278,1.1681651604150342e-15,0.0,-0.0021335529163479805,7679,0.0,,0,0.3114836993385841
ident,T,replogle_k562_gwps|K562,IFT57,278,278,9.346741205720388e-28,0.0,-0.0011007178109139204,7679,0.0,,0,-0.09009707984828844
ident,T,replogle_k562_gwps|K562,PPP1R14A,278,278,9.46390759000177e-16,0.0,-0.0011754557490348816,7679,0.0,,0,-0.08502449479720493
ident,T,replogle_k562_gwps|K562,ZNF416,278,278,1.3929035544475482e-29,0.0,-0.001098709530197084,7679,0.0,,0,-0.13190877521643143
ident,T,jurkat_nadig|Jurkat,PSMG3,277,277,5.149094299978894e-20,0.0,-0.003147871233522892,8283,0.0,,0,0.032811952016415
ident,T,replogle_k562_gwps|K562,MSL3,277,277,3.965227855351955e-31,0.0,-0.0009888597996905446,7679,0.0,,0,-0.13097581631742972
ident,T,replogle_k562_gwps|K562,TAOK3,277,277,1.1815341370203581e-18,0.0,-0.0014442095998674631,7679,0.0,,0,-0.08870126066907613
ident,T,replogle_k562_gwps|K562,ZNF358,277,277,1.7653173528297125e-34,0.0,-0.0011194046819582582,7679,0.0,,0,-0.112184723083873
ident,T,replogle_k562_essential|K562,RPS9,276,276,0.5216532945632935,0.01272589061409235,0.011470927856862545,7938,0.9176962031448382,,0,0.5064564439038116
ident,T,replogle_k562_essential|K562,TSEN34,275,275,5.302471358266876e-24,0.0,-0.0014566493919119239,7938,0.0,,0,0.11181163793844577
ident,T,replogle_k562_gwps|K562,AKIRIN2,275,275,6.550972325106678e-23,0.0,-0.001545439474284649,7679,0.0,,0,0.33890014070122504
ident,T,replogle_k562_gwps|K562,CABIN1,275,275,3.0164351975090264e-27,0.0,-0.0011699064634740353,7679,0.0,,0,0.23358396142256538
ident,T,replogle_k562_gwps|K562,CREBZF,275,275,1.0149420508840215e-23,0.0,-0.0016124603571370244,7679,0.0,,0,-0.15281185551648177
ident,T,replogle_k562_gwps|K562,HNRNPA2B1,275,275,3.2950508987994453e-10,0.0,-0.001198131707496941,7679,0.0,,0,-0.04880865595203265
ident,T,replogle_k562_gwps|K562,MORN4,275,275,2.0457217336851836e-29,0.0,-0.0014333832077682018,7679,0.0,,0,-0.08941126176849067
ident,T,replogle_k562_gwps|K562,UHMK1,275,275,1.2848563789633815e-22,0.0,-0.0008056915830820799,7679,0.0,,0,-0.03763773645922939
ident,T,replogle_k562_gwps|K562,XBP1,273,273,1.0433971428419362e-20,0.0,-0.0014702689368277788,7679,0.0,,0,-0.052599936144541795
ident,T,replogle_k562_gwps|K562,PGAP2,271,271,7.260664408667521e-28,0.0,-0.0019192255567759275,7679,0.0,,0,0.1693604612584903
ident,T,replogle_k562_gwps|K562,ZZEF1,271,271,4.216720639930721e-31,0.0,-0.0008587679476477206,7679,0.0,,0,-0.2380940643891263
ident,T,replogle_k562_gwps|K562,TRAPPC8,270,270,4.3664071253425096e-27,0.0,-0.0018870002822950482,7679,0.0,,0,0.02540016490662945
ident,T,replogle_k562_gwps|K562,VAMP8,270,270,3.531522721022656e-18,0.0,-0.0019061821512877941,7679,0.0,,0,0.1473424783930564
ident,T,replogle_k562_gwps|K562,ERCC3,269,269,9.741420835147099e-26,0.0,-0.001215358730405569,7679,0.0,,0,0.2984504576967207
ident,T,replogle_k562_gwps|K562,ITGB1,269,269,1.7677968969024562e-19,0.0,-0.001159922918304801,7679,0.0,,0,-0.13708124063292254
ident,T,replogle_k562_gwps|K562,PPP1CC,269,269,2.4076219076269107e-15,0.0,-0.0013666402082890272,7679,0.0,,0,0.05196839755794202
ident,T,replogle_k562_gwps|K562,WASHC2C,268,268,0.4673554003238678,0.0004601178225129843,-0.0012112936237826943,7679,-0.22376370398713577,,0,-0.20343278190803468
ident,T,replogle_k562_gwps|K562,BLVRB,267,267,6.171223973343716e-18,0.0,-0.0017883691471070051,7679,0.0,,0,-0.1251129851822308
ident,T,replogle_k562_gwps|K562,SLC41A3,267,267,2.382060811290743e-35,0.0,-0.0012446289183571935,7679,0.0,,0,-0.24315053263476646
ident,T,replogle_k562_gwps|K562,KEAP1,266,266,2.741666970870578e-26,0.0,-0.0008464250713586807,7679,0.0,,0,-0.118053214954372
ident,T,replogle_k562_gwps|K562,NHLRC3,266,266,4.5530703355568604e-26,0.0,-0.0010576879139989614,7679,0.0,,0,-0.14601844102687872
ident,T,replogle_k562_gwps|K562,SHOC2,266,266,4.678927949316918e-37,0.0,-0.0013835257850587368,7679,0.0,,0,-0.20373973673933887
ident,T,replogle_k562_gwps|K562,ZNF184,266,266,1.0678356192474256e-30,0.0,-0.0008663816261105239,7679,0.0,,0,-0.0859683500740705
ident,T,replogle_rpe1|RPE1,PSMG3,266,266,1.895538723026189e-23,0.0,-0.006510104984045029,8259,0.0,,0,0.5449722827442036
ident,T,replogle_k562_gwps|K562,FMNL3,265,265,6.904100765661621e-33,0.0,-0.0010959948413074017,7679,0.0,,0,-0.12789969319773556
ident,T,replogle_k562_gwps|K562,JUNB,265,265,1.7962299949529054e-25,0.0,-0.001417017774656415,7679,0.0,,0,-0.08621371784228236
ident,T,replogle_k562_gwps|K562,TPST2,265,265,3.2702381549408295e-21,0.0,-0.001830837456509471,7679,0.0,,0,0.006175972843400933
ident,T,jurkat_nadig|Jurkat,COX11,264,264,2.535003256750273e-23,0.0,-0.0026836306788027287,8283,0.0,,0,0.11349356505612823
ident,T,replogle_k562_gwps|K562,MTMR2,264,264,9.326053058850775e-27,0.0,-0.0011272451374679804,7679,0.0,,0,-0.1559914849635954
ident,T,replogle_k562_gwps|K562,ZNF658,264,264,1.388521010581129e-29,0.0,-0.0015316634671762586,7679,0.0,,0,-0.1439690392726054
ident,T,replogle_k562_gwps|K562,MORF4L2,263,263,1.0730832768660156e-15,0.0,-0.0011463090777397156,7679,0.0,,0,-0.07819850223733685
ident,T,replogle_k562_gwps|K562,PXMP4,263,263,5.829073110534862e-27,0.0,-0.0009541590698063374,7679,0.0,,0,-0.2219362769280969
ident,T,replogle_k562_gwps|K562,TSSC4,263,263,3.057552453670733e-26,0.0,-0.0013836340513080359,7679,0.0,,0,-0.2776225090745172
ident,T,replogle_k562_gwps|K562,ZNF639,263,263,9.757278541715755e-25,0.0,-0.001625504344701767,7679,0.0,,0,0.0908004611709693
ident,T,replogle_k562_gwps|K562,IFITM2,262,262,6.2537058745341346e-18,0.0,-0.0012692200252786279,7679,0.0,,0,-0.08579031051618398
ident,T,replogle_k562_gwps|K562,PPRC1,262,262,8.598249525470683e-27,0.0,-0.001170991687104106,7679,0.0,,0,-0.07718505556209959
ident,T,replogle_k562_gwps|K562,SGO2,262,262,3.747491681970341e-22,0.0,-0.0008877447689883411,7679,0.0,,0,-0.13570062680777795
ident,T,replogle_k562_essential|K562,COPG1,261,261,3.1018217869277805e-25,0.0,-0.0009725957061164081,7938,0.0,,0,-0.26679185654586623
ident,T,replogle_k562_gwps|K562,ACTR3,261,261,7.235430502086823e-19,0.0,-0.00124172808136791,7679,0.0,,0,-0.06325616224206616
ident,T,replogle_k562_gwps|K562,C16orf87,261,261,1.30262442955709e-22,0.0,-0.0011762731010094285,7679,0.0,,0,-0.08264588367492222
ident,T,replogle_k562_gwps|K562,RANBP9,261,261,2.931671145685496e-25,0.0,-0.0019232562044635415,7679,0.0,,0,-0.06011393495747466
ident,T,replogle_k562_gwps|K562,SBDS,261,261,5.581134934441889e-19,0.0,-0.00109275639988482,7679,0.0,,0,-0.08518204084394604
ident,T,replogle_k562_gwps|K562,TMEM177,261,261,1.067648172097057e-28,0.0,-0.001526162144728005,7679,0.0,,0,-0.13727941748133382
ident,T,replogle_k562_gwps|K562,MTFMT,260,260,1.5929768306976165e-29,0.0,-0.0011625242186710238,7679,0.0,,0,-0.1803737833089712
ident,T,replogle_k562_gwps|K562,PELI1,260,260,2.603553649918748e-29,0.0,-0.0007110367296263576,7679,0.0,,0,-0.20716300576549723
ident,T,replogle_k562_gwps|K562,TNFAIP2,260,260,2.104015869168874e-32,0.0,-0.0011494127102196217,7679,0.0,,0,-0.29133961141119347
ident,T,replogle_k562_essential|K562,PFN1,259,259,8.648033400504573e-10,0.0,-0.0011148796183988452,7938,-0.07101191823559996,,0,0.18330226921582965
ident,T,replogle_k562_gwps|K562,CISD2,259,259,1.5800194015286177e-19,0.0,-0.0016330056823790073,7679,0.0,,0,-0.0855960010943823
ident,T,replogle_k562_gwps|K562,EPC2,259,259,3.785094818913304e-29,0.0,-0.0012118619633838534,7679,0.0,,0,0.04685085901269641
ident,T,replogle_k562_gwps|K562,PCGF1,259,259,3.2782513243161483e-31,0.0,-0.0006916126585565507,7679,0.0,,0,-0.0030391814508257038
ident,T,replogle_k562_essential|K562,CRNKL1,258,258,1.9621628496169818e-27,0.0,-0.003672677092254162,7938,0.0,,0,0.5918047100943405
ident,T,replogle_k562_gwps|K562,ADAM17,258,258,1.407648329657031e-25,0.0,-0.0008177504641935229,7679,0.0,,0,-0.3686256586135131
ident,T,replogle_k562_gwps|K562,C12orf4,258,258,2.779398499422521e-32,0.0,-0.002051236107945442,7679,0.0,,0,-0.14233270290218614
ident,T,replogle_k562_gwps|K562,CRELD1,258,258,8.302875906236535e-37,0.0,-0.0008730418048799038,7679,0.0,,0,-0.2168914900188897
ident,T,replogle_rpe1|RPE1,HMGCS1,258,258,2.873519817814083e-33,0.0,-0.004747811704874039,8258,0.0,,0,0.5419612388776138
ident,T,jurkat_nadig|Jurkat,EIF2B1,257,257,4.803056538531833e-21,0.0,-0.0020413054153323174,8283,0.0,,0,0.5988091156801403
ident,T,replogle_k562_gwps|K562,POLR3H,257,257,5.564732110512127e-24,0.0,-0.0011475643841549754,7679,0.0,,0,-0.11358275955143704
ident,T,replogle_k562_gwps|K562,RNF41,257,257,1.115607565480098e-23,0.0,-0.0007341857999563217,7679,0.0,,0,-0.21832409472177686
ident,T,jurkat_nadig|Jurkat,TIMM23B,256,256,0.32220569252967834,0.0012639471096917987,-0.0003575352893676609,8283,0.5064991486842234,,0,0.8310653312096482
ident,T,replogle_k562_gwps|K562,PLEKHG4,256,256,6.794746325416277e-28,0.0,-0.0016770067159086466,7679,0.0,,0,0.08165516371062637
ident,T,replogle_k562_gwps|K562,RBL1,256,256,2.9211113963802525e-32,0.0,-0.000931628339458257,7679,0.0,,0,-0.16477103805768598
ident,T,replogle_k562_gwps|K562,ZNF764,256,256,3.226439588787412e-32,0.0,-0.0014176517724990845,7679,0.0,,0,-0.12737821122850101
ident,T,h1_vcc2025|H1,ZNF598,255,255,5.4086492503374885e-34,0.0,2.2472011551144533e-05,15243,0.0,,0,0.3770944964935849
ident,T,replogle_k562_essential|K562,HSPA8,255,255,2.7521139145392226e-07,0.0,-0.0017304643988609314,7938,0.05027637228821531,,0,0.5708603247537902
ident,T,replogle_k562_essential|K562,RPL12,255,255,0.1253529191017151,0.004675191827118397,0.0006415706593543291,7938,0.7848122757297481,,0,0.846234868837656
ident,T,replogle_k562_gwps|K562,ELMOD3,255,255,1.1790433152042138e-32,0.0,-0.0008180834702216089,7679,0.0,,0,-0.16418681037035734
ident,T,replogle_k562_gwps|K562,MAGEA2,254,254,0.09732086956501007,0.0020470586605370045,0.00019881744810845703,7679,-0.09396304483651033,,0,-0.16980969811722957
ident,T,replogle_k562_gwps|K562,RUNX3,254,254,5.436199991020382e-32,0.0,-0.0007524770335294306,7679,0.0,,0,-0.27304040484815917
ident,T,replogle_k562_gwps|K562,TXNL4B,254,254,2.7362270367548322e-33,0.0,-0.001605616183951497,7679,0.0,,0,0.0723490702759155
ident,T,replogle_k562_gwps|K562,ZNF792,254,254,0.0,0.0,-0.0013307143235579133,7679,0.0,,0,-0.07615108001078126
ident,T,replogle_k562_gwps|K562,ZNF85,254,254,1.1543660085897603e-27,0.0,-0.0006553439307026565,7679,0.0,,0,-0.28044247485067947
ident,T,replogle_k562_gwps|K562,C6orf89,253,253,7.417280438558668e-24,0.0,-0.0011373459128662944,7679,0.0,,0,-0.13060465259231113
ident,T,replogle_k562_gwps|K562,RAB13,253,253,1.606161768154615e-15,0.0,-0.0013890890404582024,7679,0.0,,0,-0.17470900202491593
ident,T,replogle_k562_gwps|K562,CCDC6,252,252,2.0723255678867934e-24,0.0,-0.0015016838442534208,7679,0.0,,0,0.33346153427840414
ident,T,replogle_k562_gwps|K562,CPQ,252,252,1.6443178197652607e-28,0.0,-0.001208926667459309,7679,0.0,,0,-0.30348330905938425
ident,T,replogle_k562_gwps|K562,GGT1,252,252,0.0,0.0,-0.0011588315246626735,7679,0.0,,0,-0.139506208171068
ident,T,replogle_k562_gwps|K562,IGF1R,252,252,6.139078401806712e-28,0.0,-0.0016614656196907163,7679,0.0,,0,0.05467883709281733
ident,T,replogle_k562_gwps|K562,WIPF2,252,252,1.2941693017714286e-26,0.0,-0.001298901392146945,7679,0.0,,0,-0.23513402617453938
ident,T,replogle_k562_gwps|K562,LUZP1,251,251,1.5521022778200893e-29,0.0,-0.0010400771861895919,7679,0.0,,0,-0.13465788880892465
ident,T,replogle_k562_gwps|K562,TIGD4,251,251,2.0508950957842224e-34,0.0,-0.0009657295886427164,7679,0.0,,0,-0.14833001703746612
ident,T,replogle_k562_gwps|K562,ZNF662,251,251,1.1809164333098255e-34,0.0,-0.0012059436412528157,7679,0.0,,0,-0.14509285350859616
ident,T,jurkat_nadig|Jurkat,TPT1,250,250,0.5933973789215088,-6.297508662100881e-05,-0.0037855259142816067,8283,0.25671420785343324,,0,-0.11254838307521757
ident,T,replogle_rpe1|RPE1,CCDC144NL,250,250,3.0134980065342374e-34,0.0,-0.0025210382882505655,8259,0.0,,0,-0.4022960566080766
ident,T,replogle_rpe1|RPE1,UROD,250,250,2.634233281157119e-23,0.0,-0.0023172919172793627,8259,0.0,,0,-0.2207666189075048
ident,T,replogle_k562_gwps|K562,VPS39,249,249,1.8343762684080795e-34,0.0,-0.0015846843598410487,7679,0.0,,0,0.14763377094634164
ident,T,jurkat_nadig|Jurkat,CCDC144NL,248,248,4.339812644753092e-35,0.0,-0.0030338047072291374,8283,0.0,,0,-0.1526841292410669
ident,T,replogle_k562_gwps|K562,APTX,248,248,1.4746756240745168e-20,0.0,-0.0020233141258358955,7679,0.0,,0,-0.11556550853898927
ident,T,replogle_k562_gwps|K562,UBE2D4,248,248,1.0003694228419739e-32,0.0,-0.0013170411111786962,7678,0.0,,0,-0.18815219303720732
ident,T,replogle_k562_essential|K562,EXOC3,247,247,4.467165323445168e-18,0.0,-0.0015862231375649571,7938,0.0,,0,0.026276315107965853
ident,T,replogle_k562_gwps|K562,CMPK2,247,247,2.81095330210348e-27,0.0,-0.0011322542559355497,7679,0.0,,0,-0.3087223361283915
ident,T,replogle_k562_gwps|K562,POPDC3,247,247,5.005629310519451e-24,0.0,-0.0011605260660871863,7679,0.0,,0,0.006125037514205705
ident,T,replogle_k562_gwps|K562,ZFP90,247,247,9.82612654971002e-31,0.0,-0.0012056718114763498,7679,0.0,,0,-0.20642339011434874
ident,T,replogle_k562_gwps|K562,CACYBP,246,246,0.08631540834903717,0.0012475302210077643,-9.106111247092485e-05,7679,-0.3041608383478444,,0,-0.2145733558996569
ident,T,replogle_k562_gwps|K562,MMS19,246,246,6.535414279978545e-31,0.0,-0.001003218931145966,7679,0.0,,0,-0.10318442384359523
ident,T,replogle_k562_gwps|K562,ZNF804A,246,246,1.9074730759581432e-34,0.0,-0.0009950499515980482,7679,0.0,,0,-0.008634678883350497
ident,T,replogle_k562_gwps|K562,ZNF418,245,245,2.258992309697315e-33,0.0,-0.0016811853274703026,7679,0.0,,0,-0.14187325644625506
ident,T,replogle_k562_gwps|K562,CASC3,244,244,3.7772321063966085e-26,0.0,-0.0017258833395317197,7679,0.0,,0,-0.006027878216839745
ident,T,replogle_k562_gwps|K562,CEP57L1,244,244,1.9796807571015062e-24,0.0,-0.0019723237492144108,7679,0.0,,0,-0.08602466340562619
ident,T,replogle_k562_gwps|K562,KDELR2,244,244,8.653988383948152e-18,0.0,-0.001122098765335977,7679,0.0,,0,-0.11127541413892089
ident,T,replogle_k562_gwps|K562,TBRG1,244,244,1.2472445086330114e-24,0.0,-0.001468067872337997,7679,0.0,,0,-0.19429285134082816
ident,T,replogle_k562_gwps|K562,TRIM33,244,244,2.880447971501451e-23,0.0,-0.0013562891399487853,7679,0.0,,0,0.11961738404946597
ident,T,replogle_k562_essential|K562,RPS24,243,243,0.4509154260158539,0.018784992396831512,0.01793665811419487,7938,0.9341811860869323,,0,0.6040953164442383
ident,T,replogle_k562_gwps|K562,CDC42EP1,243,243,2.909942635088774e-21,0.0,-0.0009787546005100012,7679,0.0,,0,-0.27767265255025153
ident,T,replogle_k562_gwps|K562,GSE1,243,243,6.155767211087245e-24,0.0,-0.0009892184752970934,7679,0.0,,0,-0.12428612476273289
ident,T,replogle_k562_essential|K562,MAGOH,242,242,5.676576584481906e-17,0.0,-0.0021724447142332792,7938,0.0,,0,0.42110815454428774
ident,T,replogle_k562_gwps|K562,COMMD1,241,241,1.1918474608889425e-32,0.0,-0.001225856365635991,7679,0.0,,0,-0.2565443229583171
ident,T,replogle_k562_gwps|K562,GRHL1,241,241,5.1575194898679144e-36,0.0,-0.0018471893854439259,7679,0.0,,0,-0.008748106566071848
ident,T,replogle_k562_gwps|K562,DAP,240,240,3.706114286660816e-24,0.0,-0.0018644701922312379,7679,0.0,,0,0.15411145997836517
ident,T,replogle_rpe1|RPE1,SART3,240,240,7.202323777680278e-29,0.0,-0.007978210225701332,8259,0.0,,0,0.861428803798097
ident,T,replogle_k562_gwps|K562,HSP90B1,239,239,9.55057075091581e-11,0.0,-0.002210350940003991,7679,0.0,,0,0.22554748117804307
ident,T,replogle_k562_gwps|K562,PCGF2,239,239,3.7318272679555094e-28,0.0,-0.00197139335796237,7679,0.0,,0,-0.14872898689617958
ident,T,replogle_k562_gwps|K562,SIX4,239,239,7.424812113720301e-31,0.0,-0.0015482372837141156,7679,0.0,,0,-0.1498349113291362
ident,T,replogle_k562_gwps|K562,ZNF345,239,239,0.0,0.0,-0.0012986331712454557,7679,0.0,,0,0.08011103606566547
ident,T,jurkat_nadig|Jurkat,GINS1,238,238,3.402795888096753e-25,0.0,-0.004682730883359909,8283,0.0,,0,0.6348253559137677
ident,T,replogle_k562_gwps|K562,GTF2A2,237,237,2.2674542094185818e-13,0.0,-0.001302796881645918,7679,0.0,,0,-0.04031868533058113
ident,T,replogle_k562_gwps|K562,KAT5,237,237,1.5623112893990147e-26,0.0,-0.0023170721251517534,7679,0.0,,0,-0.013531406456394118
ident,T,replogle_k562_gwps|K562,NIT1,237,237,8.50652923039218e-28,0.0,-0.0014196739066392183,7679,0.0,,0,-0.19193743215435888
ident,T,replogle_k562_gwps|K562,SOX17,237,237,0.0,0.0,-0.0009344541467726231,7679,0.0,,0,-0.15085924233781894
ident,T,replogle_k562_gwps|K562,CCDC74A,236,236,4.093674837766872e-28,0.0,-0.0008999017300084233,7679,0.0,,0,-0.17982685099539464
ident,T,replogle_k562_gwps|K562,SFT2D2,236,236,8.05245484592694e-26,0.0,-0.0016670417971909046,7679,0.0,,0,-0.13028370819791898
ident,T,replogle_k562_gwps|K562,NRAS,235,235,7.70506946925397e-27,0.0,-0.0008257004665210843,7679,0.0,,0,-0.22817858476342448
ident,T,replogle_k562_gwps|K562,C4orf33,234,234,3.3637585231266007e-29,0.0,-0.0014763099607080221,7679,0.0,,0,0.021986802462813364
ident,T,replogle_k562_gwps|K562,EPAS1,234,234,8.964777948907853e-35,0.0,-0.0007918424089439213,7679,0.0,,0,-0.29794857503114885
ident,T,replogle_k562_gwps|K562,ORMDL2,234,234,1.954867041801654e-30,0.0,-0.0015093503752723336,7679,0.0,,0,0.1771940067670886
ident,T,replogle_k562_gwps|K562,BBS4,233,233,1.2044835205675771e-27,0.0,-0.0012934546684846282,7679,0.0,,0,-0.06196718257789195
ident,T,replogle_k562_gwps|K562,BUB1B,233,233,3.24096531043654e-27,0.0,-0.004902037791907787,7679,0.0,,0,0.6063416641246545
ident,T,replogle_k562_gwps|K562,PAGR1,233,233,5.560456105752595e-22,0.0,-0.0013744048774242401,7679,0.0,,0,-0.18321265594677744
ident,T,replogle_k562_gwps|K562,HSPA8,232,232,2.4532943143640296e-07,0.0,-0.0016563527751713991,7679,-0.05323146003622334,,0,0.18051395447958543
ident,T,replogle_k562_gwps|K562,MAPRE1,232,232,1.3308282895115309e-21,0.0,-0.001320202136412263,7679,0.0,,0,-0.20935861386788454
ident,T,replogle_k562_gwps|K562,ONECUT2,232,232,1.1343063603841688e-34,0.0,-0.0012131280964240432,7679,0.0,,0,-0.21947079186888876
ident,T,replogle_k562_gwps|K562,PFN1,232,232,9.43354949711761e-10,0.0,-0.0014108899049460888,7679,0.0,,0,0.24137007289124615
ident,T,replogle_k562_essential|K562,YEATS4,231,231,2.0113090464682935e-20,0.0,-0.0015020548598840833,7938,0.0,,0,-0.2580626759817369
ident,T,replogle_k562_gwps|K562,BBIP1,231,231,4.4366566192827996e-35,0.0,-0.0008963512373156846,7679,0.0,,0,-0.2883957523260636
ident,T,replogle_k562_gwps|K562,C5orf15,231,231,6.5154950808314e-25,0.0,-0.0021862126886844635,7679,0.0,,0,0.015267009568423988
ident,T,replogle_k562_gwps|K562,GPI,231,231,1.2269291886518089e-18,0.0,-0.0012486707419157028,7679,0.0,,0,-0.2190072495476614
ident,T,replogle_k562_gwps|K562,RIOX1,231,231,1.6360379294591445e-37,0.0,-0.001288594794459641,7679,0.0,,0,-0.04520511944583029
ident,T,jurkat_nadig|Jurkat,RPL41,230,230,0.34540385007858276,0.0003103669441770762,-0.0013589352602139115,8283,-0.07165235099207042,,0,-0.009113328302307428
ident,T,replogle_k562_essential|K562,HMGCS1,230,230,1.3651783982813767e-20,0.0,-0.0024496226105839014,7938,0.0,,0,0.5311273182537855
ident,T,replogle_k562_gwps|K562,GID8,230,230,4.8769999421661815e-21,0.0,-0.0007804713095538318,7679,0.0,,0,-0.18057316217745084
ident,T,replogle_k562_gwps|K562,MPHOSPH8,230,230,1.4723138218559394e-24,0.0,-0.0016417389269918203,7679,0.0,,0,-0.15244550920430733
ident,T,replogle_k562_gwps|K562,TRIM23,230,230,5.959097008505176e-36,0.0,-0.0020506225991994143,7679,0.0,,0,0.000633869291868722
ident,T,replogle_k562_gwps|K562,DNAJB12,229,229,2.1757754193946234e-29,0.0,-0.0007588255684822798,7679,0.0,,0,-0.25037619395293625
ident,T,replogle_k562_gwps|K562,FKRP,229,229,7.784956722766333e-33,0.0,-0.0013313780073076487,7679,0.0,,0,-0.14393425136859558
ident,T,replogle_k562_gwps|K562,MRPL19,229,229,0.28147092461586,0.0007963913958519697,-0.002516896231099963,7679,0.08444735979959664,,0,0.16314660462080144
ident,T,jurkat_nadig|Jurkat,ING3,228,228,4.245543881753412e-25,0.0,-0.002385952975600958,8283,0.0,,0,-0.05863223064435522
ident,T,replogle_k562_gwps|K562,PIGM,228,228,1.2205164732250023e-34,0.0,-0.0007704690215177834,7678,0.0,,0,-0.28508777232881694
ident,T,replogle_k562_gwps|K562,SEPSECS,228,228,0.0,0.0,-0.0008763056830503047,7678,0.0,,0,-0.36655856462119335
ident,T,replogle_k562_gwps|K562,TRIP11,228,228,1.0125759414849016e-24,0.0,-0.0009752000914886594,7679,0.0,,0,0.09532372489450289
ident,T,jurkat_nadig|Jurkat,NELFB,227,227,6.150374755154381e-25,0.0,-0.0023402301594614983,8283,0.0,,0,-0.18395032801481134
ident,T,replogle_k562_gwps|K562,GRIPAP1,227,227,9.782056984379048e-30,0.0,-0.0012796545634046197,7679,0.0,,0,-0.1647464390296882
ident,T,replogle_k562_gwps|K562,KIAA1586,227,227,7.192509985289683e-23,0.0,-0.0009969286620616913,7679,0.0,,0,-0.04324180471621508
ident,T,replogle_k562_gwps|K562,LRP10,227,227,1.6644198706016709e-21,0.0,-0.0006802991265431046,7679,0.0,,0,-0.30271298811200853
ident,T,replogle_k562_gwps|K562,SKOR2,227,227,1.2176395254177054e-35,0.0,-0.0013344410108402371,7679,0.0,,0,-0.2375960203365947
ident,T,replogle_k562_gwps|K562,SLC37A3,227,227,1.748393930556592e-33,0.0,-0.0018351974431425333,7679,0.0,,0,-0.1323325575001754
ident,T,replogle_k562_gwps|K562,TRAPPC12,227,227,6.332560694397256e-28,0.0,-0.0015836501261219382,7679,0.0,,0,0.07268425301224349
ident,T,jurkat_nadig|Jurkat,WDR18,226,226,1.8817513660392927e-19,0.0,-0.0022136990446597338,8283,0.0,,0,0.38422932041838137
ident,T,replogle_k562_gwps|K562,ARL8B,226,226,7.165885841386052e-21,0.0,-0.0016052020946517587,7679,0.0,,0,-0.15885694696736677
ident,J,hepg2_nadig|HepG2,SLC1A5,500,631,6.182989223204612e-24,0.0,-0.004383493680506945,9023,0.0,,0,-0.09073714553327362
ident,J,hepg2_nadig|HepG2,GTF3C4,500,536,2.376846959301647e-28,0.0,-0.007928811013698578,9023,0.0,,0,-0.06663639468389904
ident,J,hepg2_nadig|HepG2,GTF2E2,476,476,9.227355864379385e-23,0.0,-0.008586632087826729,9023,0.0,,0,0.14914072923391664
ident,J,hepg2_nadig|HepG2,EIF3CL,435,435,0.0,0.0,-0.007943513803184032,9023,0.0,,0,0.04633347530284133
ident,J,hepg2_nadig|HepG2,CCDC6,413,413,5.663597207864218e-23,0.0,-0.002506578341126442,9023,0.0,,0,-0.12429933728952536
ident,J,hepg2_nadig|HepG2,SART3,355,355,4.8358627952342025e-25,0.0,-0.010874117724597454,9023,0.0,,0,0.12312446618895469
ident,J,hepg2_nadig|HepG2,PPP1R37,284,284,7.826505672622101e-35,0.0,-0.004655748140066862,9023,0.0,,0,-0.10500620694315542
ident,J,hepg2_nadig|HepG2,TIMM23B,269,269,0.40481358766555786,0.0005971192149445415,-0.010293259285390377,9023,0.45917363918620613,,0,0.10461835527020782
ident,J,hepg2_nadig|HepG2,TPT1,239,239,0.5219390392303467,0.0008786901598796248,-0.008972465991973877,9023,0.09089664888053431,,0,0.22060799749512985
ident,J,hepg2_nadig|HepG2,THOC7,229,229,7.119914729543792e-19,0.0,-0.0059450240805745125,9023,0.0,,0,0.06341675720160098
ident,J,hepg2_nadig|HepG2,TRNT1,228,228,4.282344242981972e-25,0.0,-0.008513247594237328,9023,0.0,,0,0.17027876566016809
ident,J,hepg2_nadig|HepG2,NUP88,200,200,7.676954713110926e-25,0.0,-0.007911374792456627,9023,0.0,,0,-0.02770203111903467
ident,J,hepg2_nadig|HepG2,EIF2B1,189,189,7.709278375477057e-22,0.0,-0.00750068761408329,9023,0.0,,0,0.08867600452346387
ident,J,hepg2_nadig|HepG2,HNRNPL,178,178,2.891420170936765e-18,0.0,-0.007329252548515797,9023,0.0,,0,0.08908771430313357
ident,J,hepg2_nadig|HepG2,WDR18,170,170,6.122204759105335e-20,0.0,-0.011749114841222763,9023,0.0,,0,-0.04576109703719432
ident,J,hepg2_nadig|HepG2,ZNF718,155,155,5.0166115377839164e-30,0.0,-0.0040008085779845715,9023,0.0,,0,-0.16636830063000682
ident,J,hepg2_nadig|HepG2,DDX55,136,136,6.390344270370349e-25,0.0,-0.01783723570406437,9023,0.0,,0,0.042552338484211756
ident,J,hepg2_nadig|HepG2,PSMG3,129,129,1.7170910403924467e-21,0.0,-0.007418594788759947,9023,0.0,,0,-0.012768926148126658
ident,J,hepg2_nadig|HepG2,EXOSC4,128,128,1.4305121613743685e-22,0.0,-0.01432078517973423,9023,0.0,,0,0.17370544071609223
ident,J,hepg2_nadig|HepG2,PMPCB,126,126,7.446454357612816e-21,0.0,-0.00955592468380928,9023,0.0,,0,0.019226174931910128
ident,J,hepg2_nadig|HepG2,SNX15,125,125,3.2619097985817514e-27,0.0,-0.0054768905974924564,9023,0.0,,0,-0.21523164448044763
ident,J,hepg2_nadig|HepG2,DHX37,124,124,3.300555976974696e-32,0.0,-0.007807897869497538,9023,0.0,,0,-0.06706986130710046
ident,J,hepg2_nadig|HepG2,NOP14,123,123,5.360405406897293e-19,0.0,-0.012910746037960052,9023,0.0,,0,0.07489915495238138
ident,J,hepg2_nadig|HepG2,TCOF1,117,117,4.807363370713364e-20,0.0,-0.004061763174831867,9023,0.0,,0,0.1305028473210319
ident,J,hepg2_nadig|HepG2,AURKA,114,114,1.071047415806497e-18,0.0,-0.006069530732929707,9023,0.0,,0,-0.18879220008599099
ident,J,hepg2_nadig|HepG2,WDR12,110,110,8.979642811631676e-23,0.0,-0.01922079361975193,9023,0.0,,0,0.17991736091721094
ident,J,hepg2_nadig|HepG2,RCL1,109,109,1.3478563539748846e-29,0.0,-0.013669398613274097,9021,0.0,,0,0.06041192013215483
ident,J,hepg2_nadig|HepG2,RPL41,109,109,0.30497437715530396,0.0073951976373791695,0.001997667830437422,9023,-0.12294087935966683,,0,-0.22506646104927136
ident,J,hepg2_nadig|HepG2,NELFB,107,107,5.847532532754231e-26,0.0,-0.009404415264725685,9021,0.0,,0,-0.1035197930650938
ident,J,hepg2_nadig|HepG2,NFYB,105,105,3.9085028627825086e-24,0.0,-0.00625615706667304,9023,0.0,,0,0.04749346741609529
ident,J,hepg2_nadig|HepG2,PPP1R2,104,104,2.6081087007766595e-22,0.0,-0.0060569895431399345,9023,0.0,,0,-0.16574468183908897
ident,J,hepg2_nadig|HepG2,BUB1B,103,103,2.1699417800967834e-24,0.0,-0.007865231484174728,9023,0.0,,0,-0.038601607799078154
ident,J,hepg2_nadig|HepG2,RPL12,103,103,0.14636531472206116,0.008026844821870327,-0.0041907853446900845,9023,0.7071145103027064,,0,0.22463807185270337
ident,J,hepg2_nadig|HepG2,SF3A2,103,103,3.898451246431989e-25,0.0,-0.013359617441892624,9023,0.0,,0,0.14315699003325685
ident,J,hepg2_nadig|HepG2,KEAP1,102,102,5.1414561084115517e-26,0.0,-0.009334498085081577,9021,0.0,,0,0.044283685714769885
ident,J,hepg2_nadig|HepG2,COX11,99,99,2.2295930751668806e-25,0.0,-0.0045002722181379795,9023,0.0,,0,-0.07430560465147654
ident,J,hepg2_nadig|HepG2,DDX5,99,99,4.983780857621689e-13,0.0,-0.008213106542825699,9023,0.0,,0,-0.12560875744825886
ident,J,hepg2_nadig|HepG2,GLE1,98,98,3.8210407966925226e-29,0.0,-0.01140204630792141,9022,0.0,,0,0.04918833938937058
ident,J,hepg2_nadig|HepG2,NAA38,96,96,5.83887405287624e-17,0.0,-0.013715813867747784,9022,0.0,,0,0.001842704281320632
ident,J,hepg2_nadig|HepG2,PDCD5,94,94,9.838210602360498e-15,0.0,-0.007559506688266993,9023,0.0,,0,-0.009955691078725792
ident,J,hepg2_nadig|HepG2,POP5,93,93,4.4869287879293797e-20,0.0,-0.01052855420857668,9023,0.0,,0,-0.13510096503542765
ident,J,hepg2_nadig|HepG2,AKIRIN2,92,92,6.941149239716232e-23,0.0,-0.005131241865456104,9023,0.0,,0,-0.15866436054718244
ident,J,hepg2_nadig|HepG2,CENPJ,92,92,1.6214690780171863e-26,0.0,-0.01812799647450447,9023,0.0,,0,-0.03044041349431367
ident,J,hepg2_nadig|HepG2,KDM6A,92,92,1.1742916075720177e-28,0.0,-0.006052371580153704,9022,0.0,,0,0.2950864152879553
ident,J,hepg2_nadig|HepG2,NFS1,90,90,7.363171452178548e-27,0.0,-0.01033906638622284,9023,0.0,,0,-0.0035204467493423048
ident,J,hepg2_nadig|HepG2,DCUN1D5,89,89,2.7328245735980317e-19,0.0,-0.015577221289277077,9023,0.0,,0,0.1777977756283865
ident,J,hepg2_nadig|HepG2,NOB1,89,89,4.3869757163360023e-23,0.0,-0.0083956653252244,9023,0.0,,0,-0.07842655259127992
ident,J,hepg2_nadig|HepG2,NOC3L,89,89,7.111692289955058e-24,0.0,-0.016735976561903954,9023,0.0,,0,0.07413440448210327
ident,J,hepg2_nadig|HepG2,GINS1,86,86,2.864417174535715e-30,0.0,-0.013499326072633266,9023,0.0,,0,0.016955491431588907
ident,J,hepg2_nadig|HepG2,PCNA,86,86,5.685875418055982e-17,0.0,-0.020451104268431664,9023,0.0,,0,0.0813736524657451
ident,J,hepg2_nadig|HepG2,RPA3,86,86,2.273576191642321e-20,0.0,-0.019902428612113,9023,0.0,,0,0.023424715753004123
ident,J,hepg2_nadig|HepG2,GABPA,83,83,7.253247170969199e-29,0.0,-0.0076230489648878574,9023,0.0,,0,-0.20866857882765838
ident,J,hepg2_nadig|HepG2,RABGGTB,83,83,8.007764156915472e-22,0.0,-0.011714392341673374,9021,0.0,,0,0.2389180227591269
ident,J,hepg2_nadig|HepG2,RPL35,82,82,0.33578062057495117,0.006022843066602945,-0.006096560042351484,9010,0.8769967773550883,,0,0.1413882975726059
ident,J,hepg2_nadig|HepG2,SMARCB1,81,81,3.0830659231308325e-21,0.0,-0.0070933750830590725,9022,0.0,,0,-0.25647241946834665
ident,J,hepg2_nadig|HepG2,CCDC144NL,80,80,2.896701392931764e-34,0.0,-0.004885954316705465,9023,0.0,,0,-0.05644123202882576
ident,J,hepg2_nadig|HepG2,GRPEL1,80,80,5.969632426030922e-21,0.0,-0.011014439165592194,9023,0.0,,0,0.0701564301514503
ident,J,hepg2_nadig|HepG2,PRPF4,78,78,2.4288949963386242e-23,0.0,-0.015048496425151825,9018,0.0,,0,0.1087462877183393
ident,J,hepg2_nadig|HepG2,USP39,77,77,1.8289402664622902e-26,0.0,-0.013835991732776165,9023,0.0,,0,0.06915345475981646
ident,J,hepg2_nadig|HepG2,WDR3,77,77,6.913479943465605e-24,0.0,-0.01065515261143446,9021,0.0,,0,0.04682475865862603
ident,J,hepg2_nadig|HepG2,DHX16,75,75,1.1927819794855934e-28,0.0,-0.006943512707948685,9016,0.0,,0,-0.017412911401481986
ident,J,hepg2_nadig|HepG2,PCBP1,75,75,3.3120891414796505e-16,0.0,-0.01146734319627285,9023,0.0,,0,0.09189934324361199
ident,J,hepg2_nadig|HepG2,RBM28,75,75,3.4086733331897926e-20,0.0,-0.019852960482239723,9019,0.0,,0,0.14433406322724976
ident,J,hepg2_nadig|HepG2,TXNL4B,75,75,8.572360282049948e-35,0.0,-0.00544341467320919,9022,0.0,,0,-0.03428348607572419
ident,J,hepg2_nadig|HepG2,PFN1,74,74,8.825767672249185e-09,0.0,-0.00738880131393671,9023,0.0,,0,-0.12273996533466319
ident,J,hepg2_nadig|HepG2,SCD,74,74,3.653984464777639e-23,0.0,-0.009530052542686462,9019,0.0,,0,-0.08317333224520639
ident,J,hepg2_nadig|HepG2,RPP14,73,73,2.1356343162172918e-32,0.0,-0.014237568713724613,9018,0.0,,0,0.06377483073665323
ident,J,hepg2_nadig|HepG2,SLC25A42,73,73,1.3641078684392967e-27,0.0,-0.008961712010204792,9021,0.0,,0,-0.022623314948076546
ident,J,hepg2_nadig|HepG2,RPS9,72,72,0.588607132434845,0.004213166888803244,-0.002400031080469489,9021,0.5964875158905846,,0,0.21408670060425475
ident,J,hepg2_nadig|HepG2,CDK6,71,71,5.852920324139942e-18,0.0,-0.00792507641017437,9023,0.0,,0,-0.1336277263636723
ident,J,hepg2_nadig|HepG2,GOLT1B,71,71,5.794734920393262e-23,0.0,-0.0029100794345140457,9020,0.0,,0,-0.16993251354243527
ident,J,hepg2_nadig|HepG2,CENPT,70,70,4.02606401382622e-30,0.0,-0.008579966612160206,9023,0.0,,0,-0.009293936047195491
ident,J,hepg2_nadig|HepG2,DCTN1,70,70,1.6001508046734633e-21,0.0,-0.005736915860325098,9020,0.0,,0,-0.04761881184067751
ident,J,hepg2_nadig|HepG2,RPS19BP1,68,68,0.4664612412452698,-6.963032501516864e-05,-0.015021320432424545,9021,-0.04840366074330685,,0,-0.012767108946110045
ident,J,hepg2_nadig|HepG2,TSEN34,68,68,1.3273747195773457e-22,0.0,-0.004097032826393843,9022,0.0,,0,-0.0978997638857753
ident,J,hepg2_nadig|HepG2,ARPC4,66,66,4.289439933670227e-19,0.0,-0.008789938874542713,9021,0.0,,0,0.03378757337748764
ident,J,hepg2_nadig|HepG2,RPS24,66,66,0.7238118648529053,0.019959313794970512,0.011874965392053127,9023,0.8329737472971744,,0,0.10031291557242594
ident,J,hepg2_nadig|HepG2,PGK1,65,65,1.3558606819751018e-13,0.0,-0.005086533259600401,9022,0.0,,0,-0.02531732891073153
ident,J,hepg2_nadig|HepG2,POLRMT,65,65,1.1806554292992338e-30,0.0,-0.006186880636960268,9022,0.0,,0,-0.09371878290970362
ident,J,hepg2_nadig|HepG2,HMBOX1,63,63,1.0129942468634846e-31,0.0,-0.004124694969505072,9022,0.0,,0,0.008013460233073382
ident,J,hepg2_nadig|HepG2,NOP58,62,62,8.219535548647285e-19,0.0,-0.014179755933582783,9019,0.0,,0,0.042323579013603355
ident,J,hepg2_nadig|HepG2,PCNX3,62,62,1.565989019124842e-32,0.0,-0.0031191303860396147,9018,0.0,,0,-0.08222689173579929
ident,J,hepg2_nadig|HepG2,SETDB1,62,62,9.804187123146273e-28,0.0,-0.006017214152961969,9020,0.0,,0,-0.02767894395561565
ident,J,hepg2_nadig|HepG2,WBP11,62,62,3.7463304625619845e-19,0.0,-0.010608227923512459,9021,0.0,,0,-0.09995183929374578
ident,J,hepg2_nadig|HepG2,ZNF335,62,62,4.331520358627506e-31,0.0,-0.012745275162160397,9023,0.0,,0,-0.14316488408186154
ident,J,hepg2_nadig|HepG2,CABIN1,61,61,6.348927593732049e-26,0.0,-0.007623795885592699,9019,0.0,,0,-0.2511695907585802
ident,J,hepg2_nadig|HepG2,MIER1,61,61,7.9135542224284e-22,0.0,-0.006032798904925585,9021,0.0,,0,-0.18321940749008594
ident,J,hepg2_nadig|HepG2,SHOC2,61,61,2.7838175706003976e-30,0.0,-0.002248021773993969,9019,0.0,,0,-0.1664570467361161
ident,J,hepg2_nadig|HepG2,COTL1,60,60,6.360678525710717e-18,0.0,-0.006691815797239542,9021,0.0,,0,-0.3120740556791417
ident,J,hepg2_nadig|HepG2,HSP90B1,60,60,2.840544466309325e-10,0.0,-0.004784614313393831,9019,0.0,,0,-0.18174759480563332
ident,J,hepg2_nadig|HepG2,CENPP,59,59,6.880079685539362e-32,0.0,-0.016045501455664635,9023,0.0,,0,-0.06541795757651864
ident,J,hepg2_nadig|HepG2,CMTR1,59,59,8.284305841374878e-31,0.0,-0.003152161603793502,9019,0.0,,0,-0.15531930821408685
ident,J,hepg2_nadig|HepG2,HMGCS1,59,59,3.1983016450037996e-24,0.0,-0.010935316793620586,9022,0.0,,0,0.0872352148267468
ident,J,hepg2_nadig|HepG2,HSPA8,59,59,2.045450173682184e-07,0.0,-0.009430332109332085,9019,0.7667290915275208,,0,-0.10769614065024093
ident,J,hepg2_nadig|HepG2,ING3,59,59,7.747467661421688e-27,0.0,-0.008333765901625156,9021,0.0,,0,-0.20894909045774407
ident,J,hepg2_nadig|HepG2,STXBP4,58,58,4.4636408643322453e-29,0.0,-0.006503136362880468,9023,0.0,,0,-0.004770660149388154
ident,J,hepg2_nadig|HepG2,UFL1,58,58,1.938684050287623e-23,0.0,-0.00550489779561758,9022,0.0,,0,-0.13065247086614262
ident,J,hepg2_nadig|HepG2,PPA1,57,57,1.855047148877076e-13,0.0,-0.004260307643562555,9021,0.0,,0,-0.16798465366251625
ident,J,hepg2_nadig|HepG2,AURKAIP1,56,56,3.6294976898075537e-13,0.0,-0.00627430435270071,9021,0.0,,0,-0.0627752777924037
ident,J,hepg2_nadig|HepG2,MICOS10,56,56,3.9399319319016073e-16,0.0,-0.010169564746320248,9023,0.0,,0,-0.24450568969398592
ident,J,hepg2_nadig|HepG2,RPL7L1,56,56,0.13595469295978546,0.016368074342608452,-0.005126455333083868,9015,0.8579385643327303,,0,0.11595973204537409
ident,J,hepg2_nadig|HepG2,COG1,55,55,1.612697375316842e-30,0.0,-0.0048830267041921616,9016,0.0,,0,-0.12276690996078408
ident,J,hepg2_nadig|HepG2,USF2,54,54,3.7539646933809954e-20,0.0,-0.00601544976234436,9019,0.0,,0,-0.20957056753341802
ident,J,hepg2_nadig|HepG2,HAUS8,53,53,1.9207489295260996e-30,0.0,-0.00761055201292038,9020,0.0,,0,-0.195658277864867
ident,J,hepg2_nadig|HepG2,LTV1,53,53,3.4943180709278202e-22,0.0,-0.011749900877475739,9014,0.0,,0,0.08318879392695004
ident,J,hepg2_nadig|HepG2,SRRM1,53,53,5.4308718479458893e-17,0.0,-0.006452048197388649,9015,0.0,,0,-0.09797517048521746
ident,J,hepg2_nadig|HepG2,DNAJC19,52,52,6.520767649344203e-19,0.0,-0.00447160704061389,9019,0.0,,0,-0.1781816771415267
ident,J,hepg2_nadig|HepG2,PDRG1,52,52,2.3966843843962257e-26,0.0,-0.008659573271870613,9009,0.0,,0,-0.10637758983840678
ident,J,hepg2_nadig|HepG2,RBM48,52,52,2.1849541306756745e-29,0.0,-0.005501715466380119,9019,0.0,,0,-0.19337132315039443
ident,J,hepg2_nadig|HepG2,UROD,52,52,9.495523764855113e-23,0.0,-0.004692515358328819,9020,0.0,,0,-0.11446123293463925
ident,J,hepg2_nadig|HepG2,ZNF763,52,52,0.0,0.0,-0.0034990874119102955,9015,0.0,,0,-0.23163635939306992
ident,J,hepg2_nadig|HepG2,SEPSECS,51,51,3.9237989233546124e-36,0.0,-0.004239790607243776,9009,0.0,,0,-0.1916845716871228
ident,J,hepg2_nadig|HepG2,SUMO2,51,51,2.4527988147504676e-12,0.0,-0.004837913904339075,9016,0.0,,0,-0.18343070360082694
ident,J,hepg2_nadig|HepG2,FOXS1,50,50,0.0,0.0,-0.004696681164205074,9018,0.0,,0,-0.1463547249227543
ident,J,hepg2_nadig|HepG2,GTF2H4,50,50,1.1594079005911716e-28,0.0,-0.00501695042476058,9018,0.0,,0,-0.14290021077001477
ident,J,hepg2_nadig|HepG2,ARGFX,48,48,0.0,0.0,-0.005745323840528727,9014,0.0,,0,-0.06884520441985248
ident,J,hepg2_nadig|HepG2,CDAN1,48,48,3.905636918614668e-33,0.0,-0.007682265248149633,9019,0.0,,0,-0.1061535813795
ident,J,hepg2_nadig|HepG2,EIF5,48,48,6.717154230843209e-15,0.0,-0.0052847787737846375,9014,0.0,,0,-0.10975907155647345
ident,J,hepg2_nadig|HepG2,LTB4R2,48,48,6.026643364763228e-34,0.0,-0.004248590674251318,9019,0.0,,0,-0.24167495793806937
ident,J,hepg2_nadig|HepG2,MMS19,48,48,7.253199985685562e-28,0.0,-0.00912685226649046,9017,0.0,,0,-0.1596684682165438
ident,J,hepg2_nadig|HepG2,SNRPE,48,48,7.20588042360526e-12,0.0,-0.014121214859187603,9014,0.0,,0,0.13792586724774614
ident,J,hepg2_nadig|HepG2,SRFBP1,48,48,7.215129341123883e-22,0.0,-0.01343519613146782,9012,0.0,,0,-0.015175073681296714
ident,J,hepg2_nadig|HepG2,FASTKD5,47,47,2.7872679198224975e-33,0.0,-0.007992534898221493,9020,0.0,,0,-0.28068885719407494
ident,J,hepg2_nadig|HepG2,HMX3,47,47,2.1208559622123415e-28,0.0,-0.011617426760494709,9019,0.0,,0,-0.13260775344262693
ident,J,hepg2_nadig|HepG2,TRAPPC8,47,47,3.528768192420002e-27,0.0,-0.007204380352050066,9015,0.0,,0,-0.13300152306928875
ident,J,hepg2_nadig|HepG2,KANSL1,46,46,2.326455651004334e-20,0.0,-0.011240653693675995,9006,0.0,,0,-0.15016753505045696
ident,J,hepg2_nadig|HepG2,PPRC1,46,46,3.0276210371446263e-26,0.0,-0.0031504607759416103,9018,0.0,,0,-0.08179581041249723
ident,J,hepg2_nadig|HepG2,SLBP,46,46,9.301084332522873e-18,0.0,-0.007944541983306408,9020,0.0,,0,-0.14584047321198576
ident,J,hepg2_nadig|HepG2,DDX20,45,45,1.23157704080203e-25,0.0,-0.007893765345215797,8989,0.0,,0,-0.12331156400554988
ident,J,hepg2_nadig|HepG2,ENO1,45,45,1.0180714049567996e-08,0.0,-0.0033058514818549156,9019,0.0,,0,-0.20357932147344382
ident,J,hepg2_nadig|HepG2,GFER,45,45,1.4965678680769285e-25,0.0,-0.006547888740897179,9022,0.0,,0,-0.11300079240827257
ident,J,hepg2_nadig|HepG2,NDC1,45,45,1.414478484589661e-24,0.0,-0.0048657553270459175,9015,0.0,,0,-0.014835866476124043
ident,J,hepg2_nadig|HepG2,PFDN2,45,45,1.229542014806028e-15,0.0,-0.01133978646248579,8993,0.0,,0,-0.10314039802589416
ident,J,hepg2_nadig|HepG2,SAMD4B,45,45,1.9128273986250127e-23,0.0,-0.007346790283918381,9014,0.0,,0,-0.11811518664658459
ident,J,hepg2_nadig|HepG2,CDC37,44,44,4.32951494217277e-17,0.0,-0.004636956378817558,9017,0.0,,0,-0.28532070408230903
ident,J,hepg2_nadig|HepG2,PRKCA,44,44,4.764199613767918e-24,0.0,-0.00642377557232976,9011,0.0,,0,0.021850423478324624
ident,J,hepg2_nadig|HepG2,TMED10,44,44,8.45591667754988e-18,0.0,-0.005041270516812801,9017,0.0,,0,-0.19201899892663815
ident,J,hepg2_nadig|HepG2,ARPC3,43,43,2.955580861974637e-14,0.0,-0.004816680680960417,9015,0.0,,0,-0.24155650282460786
ident,J,hepg2_nadig|HepG2,COX7C,43,43,7.107574077902523e-12,0.0,-0.012079890817403793,9014,0.0,,0,-0.18030927702412605
ident,J,hepg2_nadig|HepG2,UBR5,43,43,1.5104886469941024e-21,0.0,-0.007409102749079466,9009,0.0,,0,-0.20302233026989044
ident,J,hepg2_nadig|HepG2,ANKRD49,42,42,9.28092850821672e-31,0.0,-0.005880898796021938,9011,0.0,,0,-0.17694209016587686
ident,J,hepg2_nadig|HepG2,EXOC3,41,41,1.175707488902438e-21,0.0,-0.0044230311177670956,9014,0.0,,0,-0.21830968135624865
ident,J,hepg2_nadig|HepG2,IARS,41,41,5.190563306853924e-17,0.0,-0.006870367098599672,9013,0.0,,0,-0.12977411194012095
ident,J,hepg2_nadig|HepG2,MCM10,41,41,5.0837616444466134e-24,0.0,-0.014805254526436329,9021,0.0,,0,-0.04871009574533929
ident,J,hepg2_nadig|HepG2,RBBP4,41,41,2.414511091284726e-17,0.0,-0.004453595727682114,9015,0.0,,0,-0.18109685350762203
ident,J,hepg2_nadig|HepG2,COPS3,40,40,2.184044779390738e-19,0.0,-0.011792471632361412,9010,0.0,,0,-0.06831957875110865
ident,J,hepg2_nadig|HepG2,OPA1,40,40,3.1114047350980514e-22,0.0,-0.0055023860186338425,9013,0.0,,0,-0.2823724220613166
ident,J,hepg2_nadig|HepG2,OR4K1,40,40,0.0,0.0,-0.004343905486166477,9005,0.0,,0,-0.10151703945696841
ident,J,hepg2_nadig|HepG2,POLR3H,40,40,1.91241450882722e-23,0.0,-0.0023955409415066242,9009,0.0,,0,-0.2057544105029037
ident,J,hepg2_nadig|HepG2,TAF1C,40,40,1.4048913846190357e-34,0.0,-0.011053740978240967,9011,0.0,,0,-0.3896287960519187
ident,J,hepg2_nadig|HepG2,TRMT6,40,40,7.313706946007675e-24,0.0,-0.006548688746988773,8991,0.0,,0,-0.30766388887102875
ident,J,hepg2_nadig|HepG2,TSFM,40,40,6.462504540703145e-22,0.0,-0.005302325822412968,9014,0.0,,0,-0.24681437454457675
ident,J,hepg2_nadig|HepG2,ACTR1A,39,39,5.881236358550005e-23,0.0,-0.008234157226979733,9016,0.0,,0,-0.1693186738115943
ident,J,hepg2_nadig|HepG2,COG4,39,39,2.963315364126112e-24,0.0,-0.004641770385205746,9017,0.0,,0,-0.34448592116773946
ident,J,hepg2_nadig|HepG2,ERCC3,39,39,6.21762970792658e-26,0.0,-0.006908844690769911,9001,0.0,,0,-0.19250999197656643
ident,J,hepg2_nadig|HepG2,FDXR,39,39,2.207566383874759e-27,0.0,-0.006595505401492119,9009,0.0,,0,-0.3133919921616129
ident,J,hepg2_nadig|HepG2,TFB1M,39,39,1.059886456249425e-30,0.0,-0.004521264228969812,9010,0.0,,0,-0.2696545550226184
ident,J,hepg2_nadig|HepG2,ZNF658,39,39,4.270093725830937e-31,0.0,-0.006455330643802881,9000,0.0,,0,-0.31322297893871576
ident,J,hepg2_nadig|HepG2,SPRTN,38,38,9.24413679869241e-33,0.0,-0.0027736779302358627,9005,0.0,,0,-0.34781964307810037
ident,J,hepg2_nadig|HepG2,TAMM41,38,38,3.516999653050078e-29,0.0,-0.002496790373697877,8994,0.0,,0,-0.24990343520029715
ident,J,hepg2_nadig|HepG2,KIAA0586,37,37,2.804880983655783e-25,0.0,-0.008812995627522469,9013,0.0,,0,-0.10168827749036569
ident,J,hepg2_nadig|HepG2,ROMO1,37,37,3.6828627036183807e-20,0.0,-0.007923658937215805,9020,0.0,,0,-0.23797435840976416
ident,J,hepg2_nadig|HepG2,VPS13D,37,37,3.647341927324622e-30,0.0,-0.009837362915277481,9018,0.0,,0,-0.3201132513684545
ident,J,hepg2_nadig|HepG2,ZNF284,37,37,0.0,0.0,-0.0046827602200210094,9017,0.0,,0,-0.14908845796922682
ident,J,hepg2_nadig|HepG2,AFG3L2,36,36,1.5393091752953727e-23,0.0,-0.010146409273147583,9008,0.0,,0,-0.13831669400706909
ident,J,hepg2_nadig|HepG2,GMPPB,36,36,1.692424480325205e-29,0.0,-0.005245452746748924,9001,0.0,,0,-0.32306547563916815
ident,J,hepg2_nadig|HepG2,PPA2,36,36,5.8553175194045145e-21,0.0,-0.009876993484795094,9012,0.0,,0,-0.11833275623000811
ident,J,hepg2_nadig|HepG2,RMI1,36,36,1.7146450294662564e-27,0.0,-0.006549088284373283,9012,0.0,,0,-0.3207881383220936
ident,J,hepg2_nadig|HepG2,SNIP1,36,36,1.8658866902178327e-26,0.0,-0.01104334183037281,8990,0.0,,0,0.030037972454247778
ident,J,hepg2_nadig|HepG2,TRIAP1,36,36,1.643387511057803e-19,0.0,-0.005495110992342234,9002,0.0,,0,-0.25563583514473476
ident,J,hepg2_nadig|HepG2,XRCC2,36,36,3.950501521553636e-25,0.0,-0.005354480817914009,9012,0.0,,0,-0.17681238432842708
ident,J,hepg2_nadig|HepG2,EEF1A1,35,35,0.2553432881832123,0.002444918965920806,-0.0046062590554356575,9013,-0.020719072523544886,,0,-0.13971052745984086
ident,J,hepg2_nadig|HepG2,RPS28,35,35,0.39695024490356445,0.0005477089434862137,-0.007574828807264566,8997,0.7071108586296577,,0,0.007709277607084945
ident,J,hepg2_nadig|HepG2,SDHC,35,35,1.775131533243358e-19,0.0,-0.007088512647897005,9001,0.0,,0,-0.112265785547488
ident,J,hepg2_nadig|HepG2,TMEM199,34,34,1.074920111862584e-25,0.0,-0.007866382598876953,9004,0.0,,0,-0.11734112909476423
ident,J,hepg2_nadig|HepG2,MRPS30,33,33,0.12263523787260056,0.013854929246008396,-0.002788079669699073,9009,0.49127870249545136,,0,-0.1548018035655595
ident,J,hepg2_nadig|HepG2,ACTR3,32,32,8.796890452211588e-18,0.0,-0.006273942068219185,8995,0.0,,0,-0.2782015713156463
ident,J,hepg2_nadig|HepG2,COPG1,32,32,2.699009016667532e-23,0.0,-0.004165202844887972,9015,0.0,,0,-0.22381920189460144
ident,J,hepg2_nadig|HepG2,NDUFS3,32,32,3.0628729984279283e-19,0.0,-0.009986277669668198,9001,0.0,,0,-0.23152266192476037
ident,J,hepg2_nadig|HepG2,TIMM9,32,32,2.67444546580076e-23,0.0,-0.008001022040843964,9006,0.0,,0,-0.19007401376371005
ident,J,hepg2_nadig|HepG2,VPS37C,32,32,6.701845712754367e-35,0.0,-0.004333570599555969,9009,0.0,,0,-0.12086690250017912
ident,J,hepg2_nadig|HepG2,CASC3,31,31,2.015736982140386e-26,0.0,-0.005218717269599438,8994,0.0,,0,-0.13572143811469448
ident,J,hepg2_nadig|HepG2,EXOSC10,31,31,4.684057360861866e-25,0.0,-0.0028580932412296534,8987,0.0,,0,-0.20861917516297204
ident,J,hepg2_nadig|HepG2,GTF2A2,31,31,4.022184061508449e-13,0.0,-0.0045803003013134,8988,0.0,,0,-0.131159032241948
ident,J,hepg2_nadig|HepG2,MZT1,31,31,5.610045620633653e-18,0.0,-0.007769149262458086,9000,0.0,,0,-0.23035772530634357
ident,J,hepg2_nadig|HepG2,PSMA7,31,31,9.98541635661987e-13,0.0,-0.015373787842690945,8953,0.0,,0,-0.04300836166479425
ident,J,hepg2_nadig|HepG2,SNRPG,30,30,4.77277776762125e-13,0.0,-0.016518114134669304,8942,0.0,,0,0.1389348362345759
ident,J,hepg2_nadig|HepG2,STAT5A,30,30,5.486225067654985e-24,0.0,-0.004956343211233616,8982,0.0,,0,-0.37206155412652775
ident,J,hepg2_nadig|HepG2,TRIM49C,30,30,0.0,0.0,-0.004763369914144278,8983,0.0,,0,-0.24998763056033543
ident,J,hepg2_nadig|HepG2,CRLS1,29,29,1.94243449224627e-24,0.0,-0.00332120549865067,9004,0.0,,0,-0.11459208169574359
ident,J,hepg2_nadig|HepG2,IFITM3,29,29,3.3400577061768445e-18,0.0,-0.008018993772566319,8974,0.0,,0,-0.24468020452625328
ident,J,hepg2_nadig|HepG2,MARS2,29,29,1.1598899388216101e-33,0.0,-0.0073196073062717915,8978,0.0,,0,-0.16819841987472361
ident,J,hepg2_nadig|HepG2,MRPL19,29,29,0.47450074553489685,0.00020509285968728364,-0.010136080905795097,8969,0.04987564127743319,,0,-0.3028632102864889
ident,J,hepg2_nadig|HepG2,RPL26L1,29,29,0.26266634464263916,0.0004455693706404418,-0.005936906673014164,8975,0.3030989296641212,,0,-0.24980295146021353
ident,J,hepg2_nadig|HepG2,ZNF492,29,29,3.912522001988928e-39,0.0,-0.0023596733808517456,8989,0.0,,0,-0.23378026944975927
ident,J,hepg2_nadig|HepG2,BUD13,28,28,8.346895638056727e-27,0.0,-0.007694345433264971,8918,0.0,,0,-0.059056006792475885
ident,J,hepg2_nadig|HepG2,GTF2B,28,28,1.57114833112643e-24,0.0,-0.0070378659293055534,9008,0.0,,0,-0.23236908116069976
ident,J,hepg2_nadig|HepG2,NCAPG,28,28,2.5311925784457542e-19,0.0,-0.012680831365287304,9008,0.0,,0,-0.1564695064300803
ident,J,hepg2_nadig|HepG2,NDUFB10,27,27,2.6216963983864e-14,0.0,-0.012967336922883987,8955,0.0,,0,-0.11588016157720116
ident,J,hepg2_nadig|HepG2,RIOK2,27,27,2.6893132093229946e-21,0.0,-0.009132985025644302,9001,0.0,,0,-0.08109033715936376
ident,J,hepg2_nadig|HepG2,SBDS,27,27,2.3734530807292705e-20,0.0,-0.006219762377440929,8986,0.0,,0,-0.1998109654013157
ident,J,hepg2_nadig|HepG2,YEATS4,27,27,4.060271370575872e-21,0.0,-0.0036910607013851404,8966,0.0,,0,-0.20018571449025999
ident,J,hepg2_nadig|HepG2,CLSPN,26,26,5.467632829702542e-19,0.0,-0.026133228093385696,9000,0.0,,0,-0.11150088051781824
ident,J,hepg2_nadig|HepG2,MAGOH,26,26,5.76977399012249e-19,0.0,-0.008988883346319199,8893,0.0,,0,-0.35268910645954926
ident,J,hepg2_nadig|HepG2,SFSWAP,26,26,9.000252392217444e-20,0.0,-0.006222667172551155,8957,0.0,,0,-0.25862021445456196
ident,J,hepg2_nadig|HepG2,TEFM,26,26,1.5466289233443555e-27,0.0,-0.007064563687890768,8922,0.0,,0,-0.11031319275178622
ident,J,hepg2_nadig|HepG2,TIPIN,26,26,7.570154532938546e-26,0.0,-0.016558660194277763,8977,0.0,,0,-0.06993190593028158
ident,J,hepg2_nadig|HepG2,MRPL15,25,25,0.34698399901390076,0.00810537114739418,-0.002555816201493144,8937,0.19371126938019137,,0,-0.15278736014721214
ident,J,hepg2_nadig|HepG2,TRNP1,25,25,3.5540921821582133e-32,0.0,-0.005298071075230837,8910,0.0,,0,-0.16081049119525626
ident,J,hepg2_nadig|HepG2,AARS2,24,24,1.266891270037987e-31,0.0,-0.0061361901462078094,8962,0.0,,0,-0.25018804914402704
ident,J,hepg2_nadig|HepG2,NEPRO,24,24,1.2547479478982298e-29,0.0,-0.015602298080921173,8860,0.0,,0,0.15913035256227231
ident,J,hepg2_nadig|HepG2,PPP4R2,24,24,2.618956207177496e-21,0.0,-0.012300643138587475,8988,0.0,,0,-0.08616678478266426
ident,J,hepg2_nadig|HepG2,RAD21,24,24,4.769481589728987e-16,0.0,-0.011283298023045063,8936,0.0,,0,-0.11886017861935562
ident,J,hepg2_nadig|HepG2,VPS18,24,24,5.058439599957079e-32,0.0,-0.009511698968708515,8958,0.0,,0,-0.3274668832884055
ident,J,hepg2_nadig|HepG2,WDR7,23,23,6.715345770857782e-29,0.0,-0.01104043610394001,8935,0.0,,0,-0.08127021419383304
ident,J,hepg2_nadig|HepG2,CRNKL1,22,22,2.414125760046992e-26,0.0,-0.01741437241435051,8816,0.0,,0,-0.23177608344732428
ident,J,hepg2_nadig|HepG2,FAM50A,22,22,3.456883099500002e-21,0.0,-0.006158991251140833,8984,0.0,,0,-0.08268834369330491
ident,J,hepg2_nadig|HepG2,IFITM2,22,22,4.929978275460789e-21,0.0,-0.0025553919840604067,8973,0.0,,0,-0.43636342273010426
ident,J,hepg2_nadig|HepG2,RBM12,22,22,3.9246500258365984e-27,0.0,-0.006355293560773134,8899,0.0,,0,-0.11391599326928989
ident,J,hepg2_nadig|HepG2,SARNP,21,21,1.3180869615800867e-21,0.0,-0.0034299397375434637,8925,0.0,,0,-0.26972065744722035
ident,J,hepg2_nadig|HepG2,SMC3,21,21,1.0930079236964377e-17,0.0,-0.012594074010848999,8773,0.0,,0,0.05745873210564098
ident,J,hepg2_nadig|HepG2,USP36,21,21,8.924129222086772e-29,0.0,-0.00984101090580225,8864,0.0,,0,-0.11075122813252702
ident,J,hepg2_nadig|HepG2,WDR61,21,21,1.0555000311277444e-21,0.0,-0.01084765326231718,8863,0.0,,0,-0.24248480662357516
ident,J,hepg2_nadig|HepG2,ECT2,20,20,9.390130054651413e-24,0.0,-0.006821316666901112,8975,0.0,,0,-0.19467972451725662
ident,J,hepg2_nadig|HepG2,MRPS18C,20,20,0.3157733380794525,0.006885939743369818,-0.004647254478186369,8874,0.3766473687926924,,0,-0.11712840042718349
ident,J,hepg2_nadig|HepG2,NPM3,20,20,2.806363708863866e-20,0.0,-0.003878191811963916,8958,0.0,,0,-0.32878085304495164
