perturbation,metric,value
NUP153,de_wilcoxon_lfc_nmae,0.9608720376621198
MED21,de_wilcoxon_lfc_nmae,0.9448919021771912
POP4,de_wilcoxon_lfc_nmae,1.0238390187156008
AGBL5,de_wilcoxon_lfc_nmae,2.0806857360512603
CSTF1,de_wilcoxon_lfc_nmae,0.91987846581806
EIF4B,de_wilcoxon_lfc_nmae,0.9889627069362177
HHEX,de_wilcoxon_lfc_nmae,1.1625398198608248
ZMAT2,de_wilcoxon_lfc_nmae,0.9590190444188398
SDAD1,de_wilcoxon_lfc_nmae,1.07622845752957
CSNK2B,de_wilcoxon_lfc_nmae,0.9490507615771974
BMS1,de_wilcoxon_lfc_nmae,1.113976271954215
UBQLN4,de_wilcoxon_lfc_nmae,1.0048325707700976
RRP7A,de_wilcoxon_lfc_nmae,1.0701949806696764
DESI1,de_wilcoxon_lfc_nmae,0.9471061094399127
TNRC6A,de_wilcoxon_lfc_nmae,0.8472239335103485
CENPJ,de_wilcoxon_lfc_nmae,1.0293121852128968
DNTTIP2,de_wilcoxon_lfc_nmae,1.0126570037372544
NARS,de_wilcoxon_lfc_nmae,0.92103011172957
INTS9,de_wilcoxon_lfc_nmae,1.035871472200386
ORC1,de_wilcoxon_lfc_nmae,0.9795326250286119
TPR,de_wilcoxon_lfc_nmae,0.975050818962818
TARS2,de_wilcoxon_lfc_nmae,0.7706185670975622
TSEN2,de_wilcoxon_lfc_nmae,0.7068451759961284
TAF10,de_wilcoxon_lfc_nmae,0.8714844641877821
MEIS3,de_wilcoxon_lfc_nmae,0.9443220094010522
DCUN1D5,de_wilcoxon_lfc_nmae,1.0439256671453465
RPS6,de_wilcoxon_lfc_nmae,0.9061241803823902
RNF31,de_wilcoxon_lfc_nmae,0.9066087708121487
CHMP6,de_wilcoxon_lfc_nmae,0.8867484336921112
RPL18A,de_wilcoxon_lfc_nmae,1.0278694904228831
ATP11B,de_wilcoxon_lfc_nmae,0.9534625811506052
VARS,de_wilcoxon_lfc_nmae,0.9201869162206606
DDX5,de_wilcoxon_lfc_nmae,1.016031952564629
TMX2,de_wilcoxon_lfc_nmae,0.9139074975586301
POLR2K,de_wilcoxon_lfc_nmae,1.0538340570873144
GINS1,de_wilcoxon_lfc_nmae,0.9106289413927856
FBRSL1,de_wilcoxon_lfc_nmae,0.9235183539279289
NUP160,de_wilcoxon_lfc_nmae,1.0060193785576528
SRP54,de_wilcoxon_lfc_nmae,0.9948100576469567
COPS2,de_wilcoxon_lfc_nmae,0.951579883142944
CDC6,de_wilcoxon_lfc_nmae,1.0709222229743303
TAF5,de_wilcoxon_lfc_nmae,0.954874141585357
PGAM5,de_wilcoxon_lfc_nmae,0.8330049275720093
C7orf26,de_wilcoxon_lfc_nmae,0.9182116762514658
UTP20,de_wilcoxon_lfc_nmae,1.067460509267523
MRPL36,de_wilcoxon_lfc_nmae,0.8539649403737515
GINS2,de_wilcoxon_lfc_nmae,0.9112167907710239
RPAP1,de_wilcoxon_lfc_nmae,0.975788072946491
RPL4,de_wilcoxon_lfc_nmae,1.0063502187108706
EXOSC7,de_wilcoxon_lfc_nmae,1.5024459466180453
URI1,de_wilcoxon_lfc_nmae,0.9757553127929111
MPHOSPH10,de_wilcoxon_lfc_nmae,1.0815911891557268
ZCCHC9,de_wilcoxon_lfc_nmae,1.0670391266984516
RCC1,de_wilcoxon_lfc_nmae,0.9099033263378465
PSMG3,de_wilcoxon_lfc_nmae,0.8690899089906309
HNRNPK,de_wilcoxon_lfc_nmae,0.9150916566425575
WDR26,de_wilcoxon_lfc_nmae,0.6761528991635947
MYBBP1A,de_wilcoxon_lfc_nmae,1.1372457561657074
RBBP5,de_wilcoxon_lfc_nmae,1.1123590153206346
EXOSC3,de_wilcoxon_lfc_nmae,1.0043573397660337
DNAJA3,de_wilcoxon_lfc_nmae,0.66668303258881
MCMBP,de_wilcoxon_lfc_nmae,0.9398405908752988
POP1,de_wilcoxon_lfc_nmae,1.0504130674245367
SCFD1,de_wilcoxon_lfc_nmae,1.0154782590340237
UTP15,de_wilcoxon_lfc_nmae,1.0119270429577283
YTHDC1,de_wilcoxon_lfc_nmae,1.0941492879779768
FNTA,de_wilcoxon_lfc_nmae,1.0043699966797686
PSMB2,de_wilcoxon_lfc_nmae,1.0022909111039713
MBTPS1,de_wilcoxon_lfc_nmae,0.7962109973968281
PXN,de_wilcoxon_lfc_nmae,0.8032927392401826
RABGGTB,de_wilcoxon_lfc_nmae,0.9998966983617628
TAF7,de_wilcoxon_lfc_nmae,0.9249879453358552
POLR2M,de_wilcoxon_lfc_nmae,0.920765116079857
RARS,de_wilcoxon_lfc_nmae,0.8386397997181886
PHF10,de_wilcoxon_lfc_nmae,0.9713606113938671
SRP72,de_wilcoxon_lfc_nmae,0.8368279867901487
ISG20L2,de_wilcoxon_lfc_nmae,1.1006972713598377
PPP2R1A,de_wilcoxon_lfc_nmae,1.0533996809729422
FAU,de_wilcoxon_lfc_nmae,1.0429682905058284
CSE1L,de_wilcoxon_lfc_nmae,0.8523203623525593
MTBP,de_wilcoxon_lfc_nmae,1.0871655839183705
USP39,de_wilcoxon_lfc_nmae,1.0508759603127356
SNRNP48,de_wilcoxon_lfc_nmae,0.9517975215917197
UHRF1,de_wilcoxon_lfc_nmae,1.0299855324951268
CUL7,de_wilcoxon_lfc_nmae,1.0404018494605194
PRPF6,de_wilcoxon_lfc_nmae,0.959156852091219
INTS4,de_wilcoxon_lfc_nmae,0.940022720462586
CPSF3,de_wilcoxon_lfc_nmae,0.9012974563059845
ADAM10,de_wilcoxon_lfc_nmae,0.9267068216500951
NUP88,de_wilcoxon_lfc_nmae,0.8428227611269059
RBM14-RBM4,de_wilcoxon_lfc_nmae,0.9633970709988005
NFYC,de_wilcoxon_lfc_nmae,0.974844810988548
SNRPC,de_wilcoxon_lfc_nmae,0.9180846529444101
USP37,de_wilcoxon_lfc_nmae,1.0858431043789942
CSTF3,de_wilcoxon_lfc_nmae,0.9278584815458656
SCAF1,de_wilcoxon_lfc_nmae,0.9776435547676242
BTF3,de_wilcoxon_lfc_nmae,0.9886880821633396
MRPL38,de_wilcoxon_lfc_nmae,0.5250651738835372
SLU7,de_wilcoxon_lfc_nmae,1.0431816917924712
WDR43,de_wilcoxon_lfc_nmae,1.0423517906381836
FBXL14,de_wilcoxon_lfc_nmae,1.0540616084566155
MDN1,de_wilcoxon_lfc_nmae,1.003685871051662
POLR2C,de_wilcoxon_lfc_nmae,0.9858201255845868
RNMT,de_wilcoxon_lfc_nmae,0.9362321172462504
DDX27,de_wilcoxon_lfc_nmae,1.0257066151831469
RPAP3,de_wilcoxon_lfc_nmae,0.7912318102366726
E4F1,de_wilcoxon_lfc_nmae,1.038501226985381
CENPP,de_wilcoxon_lfc_nmae,0.9922817916328683
PPP1R8,de_wilcoxon_lfc_nmae,0.8624436864470957
GPN1,de_wilcoxon_lfc_nmae,0.9754462928370212
MLLT6,de_wilcoxon_lfc_nmae,0.9501381948066857
ZNF84,de_wilcoxon_lfc_nmae,1.080037052906889
EPRS,de_wilcoxon_lfc_nmae,1.0506775130157586
ZNRD1,de_wilcoxon_lfc_nmae,1.030385026328253
RPL35,de_wilcoxon_lfc_nmae,1.0276507118002065
LSM5,de_wilcoxon_lfc_nmae,0.9337439064551806
RBX1,de_wilcoxon_lfc_nmae,0.999381607811574
MIER1,de_wilcoxon_lfc_nmae,0.9913044878354782
TERF2,de_wilcoxon_lfc_nmae,0.9898771407133375
PCBP1,de_wilcoxon_lfc_nmae,0.9064189819220111
RPS27A,de_wilcoxon_lfc_nmae,0.9728226597799473
MRPL35,de_wilcoxon_lfc_nmae,0.9098273714809935
PUF60,de_wilcoxon_lfc_nmae,0.9974051274904981
CPSF1,de_wilcoxon_lfc_nmae,0.9681162565272884
SF3B5,de_wilcoxon_lfc_nmae,1.010683342986109
HARS,de_wilcoxon_lfc_nmae,0.94327251998616
PSMD14,de_wilcoxon_lfc_nmae,1.037667512990181
RPS24,de_wilcoxon_lfc_nmae,0.9384198800209979
SRP14,de_wilcoxon_lfc_nmae,0.7455362940377526
RPAP2,de_wilcoxon_lfc_nmae,0.9618564045329886
SETD1A,de_wilcoxon_lfc_nmae,0.9508968744801719
RPS20,de_wilcoxon_lfc_nmae,1.0422461821236324
EIF3B,de_wilcoxon_lfc_nmae,0.9877749608576268
AKIRIN2,de_wilcoxon_lfc_nmae,1.0254602562816642
POLR2I,de_wilcoxon_lfc_nmae,0.9678844998766902
RPL36A,de_wilcoxon_lfc_nmae,1.0354676593799625
DHX16,de_wilcoxon_lfc_nmae,0.9902603383341722
RSL1D1,de_wilcoxon_lfc_nmae,1.0500137113472499
FAM136A,de_wilcoxon_lfc_nmae,0.9913068717277913
RPA3,de_wilcoxon_lfc_nmae,1.059744633830102
PPP6C,de_wilcoxon_lfc_nmae,1.0768734215257285
POLR1D,de_wilcoxon_lfc_nmae,1.0439755727151074
TANGO6,de_wilcoxon_lfc_nmae,0.8790232834521581
UBA52,de_wilcoxon_lfc_nmae,1.0339933636204475
PSMC4,de_wilcoxon_lfc_nmae,1.0163476510487246
IPO7,de_wilcoxon_lfc_nmae,0.9250333096465482
RFC2,de_wilcoxon_lfc_nmae,0.9315248285192754
NOC4L,de_wilcoxon_lfc_nmae,1.029402453827212
ZC3H13,de_wilcoxon_lfc_nmae,0.9273733332113493
INTS3,de_wilcoxon_lfc_nmae,0.8181170137458362
SLC7A6OS,de_wilcoxon_lfc_nmae,0.9515109231383779
SART1,de_wilcoxon_lfc_nmae,0.9843784549020645
PI4KA,de_wilcoxon_lfc_nmae,0.942141269305123
DDX21,de_wilcoxon_lfc_nmae,1.02971909737182
ZNF207,de_wilcoxon_lfc_nmae,0.9579312838098559
RPP30,de_wilcoxon_lfc_nmae,1.0108480240456015
SEH1L,de_wilcoxon_lfc_nmae,1.1035073281031071
DHX37,de_wilcoxon_lfc_nmae,1.0454607458218328
HSPE1,de_wilcoxon_lfc_nmae,0.8986557519915261
ELL,de_wilcoxon_lfc_nmae,0.9198250204137782
BPTF,de_wilcoxon_lfc_nmae,0.9690329995826918
OGFOD1,de_wilcoxon_lfc_nmae,0.6933869512388328
SYMPK,de_wilcoxon_lfc_nmae,1.0068889049169076
NVL,de_wilcoxon_lfc_nmae,1.0261046834979914
SYNGR3,de_wilcoxon_lfc_nmae,0.9409078896371627
TRAPPC5,de_wilcoxon_lfc_nmae,0.9908882518290936
MYBL2,de_wilcoxon_lfc_nmae,1.0738225722679946
TAF3,de_wilcoxon_lfc_nmae,1.067819272385046
MRPS6,de_wilcoxon_lfc_nmae,1.0709774498706839
GYG1,de_wilcoxon_lfc_nmae,1.1416893417007112
MBTPS2,de_wilcoxon_lfc_nmae,0.6233854708077801
LTV1,de_wilcoxon_lfc_nmae,1.1081456891303008
PSMB5,de_wilcoxon_lfc_nmae,1.0102472985311384
COPS4,de_wilcoxon_lfc_nmae,1.092166698519303
ATP5MF,de_wilcoxon_lfc_nmae,0.9940398059696803
ACIN1,de_wilcoxon_direction_fidelity_yield_raw,0.47058823529411764
ACTR2,de_wilcoxon_direction_fidelity_yield_raw,0.4166666666666667
ACTR6,de_wilcoxon_direction_fidelity_yield_raw,0.46774193548387094
ADAM10,de_wilcoxon_direction_fidelity_yield_raw,0.6208530805687204
AGBL5,de_wilcoxon_direction_fidelity_yield_raw,0.15
AKIRIN2,de_wilcoxon_direction_fidelity_yield_raw,0.35555555555555557
ANAPC13,de_wilcoxon_direction_fidelity_yield_raw,0.4666666666666667
ATP11B,de_wilcoxon_direction_fidelity_yield_raw,0.1693548387096774
ATP2A2,de_wilcoxon_direction_fidelity_yield_raw,0.35294117647058826
ATP5MF,de_wilcoxon_direction_fidelity_yield_raw,0.08629441624365482
AURKAIP1,de_wilcoxon_direction_fidelity_yield_raw,0.23076923076923078
BARD1,de_wilcoxon_direction_fidelity_yield_raw,0.75
BCAR1,de_wilcoxon_direction_fidelity_yield_raw,0.39814814814814814
BMS1,de_wilcoxon_direction_fidelity_yield_raw,0.471183800623053
BORA,de_wilcoxon_direction_fidelity_yield_raw,0.5757575757575758
BPTF,de_wilcoxon_direction_fidelity_yield_raw,0.5037783375314862
BRD2,de_wilcoxon_direction_fidelity_yield_raw,0.5238095238095238
BTF3,de_wilcoxon_direction_fidelity_yield_raw,0.54
C16orf86,de_wilcoxon_direction_fidelity_yield_raw,0.4444444444444444
C6orf15,de_wilcoxon_direction_fidelity_yield_raw,0.6
C7orf26,de_wilcoxon_direction_fidelity_yield_raw,0.5633074935400517
CA5A,de_wilcoxon_direction_fidelity_yield_raw,0.6
CABIN1,de_wilcoxon_direction_fidelity_yield_raw,0.5135135135135135
CACNB3,de_wilcoxon_direction_fidelity_yield_raw,0.3333333333333333
CADM4,de_wilcoxon_direction_fidelity_yield_raw,0.3333333333333333
CBLN1,de_wilcoxon_direction_fidelity_yield_raw,0.6842105263157895
CBX1,de_wilcoxon_direction_fidelity_yield_raw,0.42857142857142855
CCDC130,de_wilcoxon_direction_fidelity_yield_raw,0.4367816091954023
CCNK,de_wilcoxon_direction_fidelity_yield_raw,0.4444444444444444
CDC20,de_wilcoxon_direction_fidelity_yield_raw,0.41025641025641024
CDC6,de_wilcoxon_direction_fidelity_yield_raw,0.017374517374517374
CDCA5,de_wilcoxon_direction_fidelity_yield_raw,0.4489795918367347
CENPJ,de_wilcoxon_direction_fidelity_yield_raw,0.04288702928870293
CENPK,de_wilcoxon_direction_fidelity_yield_raw,0.578125
CENPP,de_wilcoxon_direction_fidelity_yield_raw,0.12704918032786885
CEP85,de_wilcoxon_direction_fidelity_yield_raw,0.5
CFDP1,de_wilcoxon_direction_fidelity_yield_raw,0.7272727272727273
CHMP6,de_wilcoxon_direction_fidelity_yield_raw,0.3563501849568434
CHTF18,de_wilcoxon_direction_fidelity_yield_raw,0.4838709677419355
CKAP5,de_wilcoxon_direction_fidelity_yield_raw,0.6
COG6,de_wilcoxon_direction_fidelity_yield_raw,0.35714285714285715
COPS2,de_wilcoxon_direction_fidelity_yield_raw,0.3804347826086957
COPS4,de_wilcoxon_direction_fidelity_yield_raw,0.16058394160583941
CPSF1,de_wilcoxon_direction_fidelity_yield_raw,0.5163934426229508
CPSF3,de_wilcoxon_direction_fidelity_yield_raw,0.16995708154506436
CSE1L,de_wilcoxon_direction_fidelity_yield_raw,0.3487164695702336
CSH2,de_wilcoxon_direction_fidelity_yield_raw,0.4666666666666667
CSNK2B,de_wilcoxon_direction_fidelity_yield_raw,0.15310077519379844
CSTF1,de_wilcoxon_direction_fidelity_yield_raw,0.5283251231527094
CSTF3,de_wilcoxon_direction_fidelity_yield_raw,0.09479305740987984
CTU2,de_wilcoxon_direction_fidelity_yield_raw,0.18181818181818182
CUL7,de_wilcoxon_direction_fidelity_yield_raw,0.037463976945244955
CYS1,de_wilcoxon_direction_fidelity_yield_raw,0.4444444444444444
DAP3,de_wilcoxon_direction_fidelity_yield_raw,0.5
DCTN1,de_wilcoxon_direction_fidelity_yield_raw,0.3333333333333333
DCUN1D5,de_wilcoxon_direction_fidelity_yield_raw,0.028368794326241134
DDX19B,de_wilcoxon_direction_fidelity_yield_raw,0.6164383561643836
DDX21,de_wilcoxon_direction_fidelity_yield_raw,0.04671857619577308
DDX27,de_wilcoxon_direction_fidelity_yield_raw,0.37110481586402266
DDX5,de_wilcoxon_direction_fidelity_yield_raw,0.3490566037735849
DENR,de_wilcoxon_direction_fidelity_yield_raw,0.47058823529411764
DESI1,de_wilcoxon_direction_fidelity_yield_raw,0.4
DHX16,de_wilcoxon_direction_fidelity_yield_raw,0.0037230081906180195
DHX37,de_wilcoxon_direction_fidelity_yield_raw,0.4928571428571429
DNAJA1,de_wilcoxon_direction_fidelity_yield_raw,0.7142857142857143
DNAJA3,de_wilcoxon_direction_fidelity_yield_raw,0.7575757575757576
DNTTIP2,de_wilcoxon_direction_fidelity_yield_raw,0.09369527145359019
DYNC1I2,de_wilcoxon_direction_fidelity_yield_raw,0.3333333333333333
DYNLL2,de_wilcoxon_direction_fidelity_yield_raw,0.4393939393939394
E4F1,de_wilcoxon_direction_fidelity_yield_raw,0.1506849315068493
EEF2,de_wilcoxon_direction_fidelity_yield_raw,0.15789473684210525
EFR3A,de_wilcoxon_direction_fidelity_yield_raw,0.5611814345991561
EIF3B,de_wilcoxon_direction_fidelity_yield_raw,0.09253099485938918
EIF4B,de_wilcoxon_direction_fidelity_yield_raw,0.5107398568019093
EIF4H,de_wilcoxon_direction_fidelity_yield_raw,0.25
ELL,de_wilcoxon_direction_fidelity_yield_raw,0.4953416149068323
ELOVL1,de_wilcoxon_direction_fidelity_yield_raw,0.36
EPRS,de_wilcoxon_direction_fidelity_yield_raw,0.013157894736842105
EXOC5,de_wilcoxon_direction_fidelity_yield_raw,0.5
EXOSC3,de_wilcoxon_direction_fidelity_yield_raw,0.30806257521058966
EXOSC7,de_wilcoxon_direction_fidelity_yield_raw,0.05434782608695652
FAM136A,de_wilcoxon_direction_fidelity_yield_raw,0.5520728008088979
FAU,de_wilcoxon_direction_fidelity_yield_raw,0.0458377239199157
FBRSL1,de_wilcoxon_direction_fidelity_yield_raw,0.17326732673267325
FBXL14,de_wilcoxon_direction_fidelity_yield_raw,0.17258883248730963
FNTA,de_wilcoxon_direction_fidelity_yield_raw,0.17078189300411523
FOXS1,de_wilcoxon_direction_fidelity_yield_raw,0.43333333333333335
GCLC,de_wilcoxon_direction_fidelity_yield_raw,0.6
GINS1,de_wilcoxon_direction_fidelity_yield_raw,0.590027700831025
GINS2,de_wilcoxon_direction_fidelity_yield_raw,0.544
GPN1,de_wilcoxon_direction_fidelity_yield_raw,0.037527593818984545
GTF2H4,de_wilcoxon_direction_fidelity_yield_raw,0.5806451612903226
GTF3C1,de_wilcoxon_direction_fidelity_yield_raw,0.6
GTF3C6,de_wilcoxon_direction_fidelity_yield_raw,0.3333333333333333
GYG1,de_wilcoxon_direction_fidelity_yield_raw,0.18518518518518517
HARS,de_wilcoxon_direction_fidelity_yield_raw,0.22069693769799367
HAUS8,de_wilcoxon_direction_fidelity_yield_raw,0.30434782608695654
HHEX,de_wilcoxon_direction_fidelity_yield_raw,0.631578947368421
HJURP,de_wilcoxon_direction_fidelity_yield_raw,0.43333333333333335
HMBOX1,de_wilcoxon_direction_fidelity_yield_raw,0.36666666666666664
HNRNPA1,de_wilcoxon_direction_fidelity_yield_raw,0.5833333333333334
HNRNPK,de_wilcoxon_direction_fidelity_yield_raw,0.25225225225225223
HOXA3,de_wilcoxon_direction_fidelity_yield_raw,0.3333333333333333
HSPE1,de_wilcoxon_direction_fidelity_yield_raw,0.5986733001658375
INTS1,de_wilcoxon_direction_fidelity_yield_raw,0.5625
INTS3,de_wilcoxon_direction_fidelity_yield_raw,0.7275
INTS4,de_wilcoxon_direction_fidelity_yield_raw,0.38571428571428573
INTS9,de_wilcoxon_direction_fidelity_yield_raw,0.25504587155963304
IPO7,de_wilcoxon_direction_fidelity_yield_raw,0.4146341463414634
ISCU,de_wilcoxon_direction_fidelity_yield_raw,0.5147058823529411
ISG20L2,de_wilcoxon_direction_fidelity_yield_raw,0.16916916916916916
JMJD6,de_wilcoxon_direction_fidelity_yield_raw,0.5714285714285714
KIF11,de_wilcoxon_direction_fidelity_yield_raw,0.375
LRR1,de_wilcoxon_direction_fidelity_yield_raw,0.5185185185185185
LRRC37A3,de_wilcoxon_direction_fidelity_yield_raw,0.14285714285714285
LSM5,de_wilcoxon_direction_fidelity_yield_raw,0.04941860465116279
LST1,de_wilcoxon_direction_fidelity_yield_raw,0.375
LTBP3,de_wilcoxon_direction_fidelity_yield_raw,0.65
LTV1,de_wilcoxon_direction_fidelity_yield_raw,0.03996101364522417
MBTPS1,de_wilcoxon_direction_fidelity_yield_raw,0.44339622641509435
MBTPS2,de_wilcoxon_direction_fidelity_yield_raw,0.4742268041237113
MCM3AP,de_wilcoxon_direction_fidelity_yield_raw,0.7647058823529411
MCMBP,de_wilcoxon_direction_fidelity_yield_raw,0.22813688212927757
MDN1,de_wilcoxon_direction_fidelity_yield_raw,0.10077519379844961
MED21,de_wilcoxon_direction_fidelity_yield_raw,0.665680473372781
MEIS3,de_wilcoxon_direction_fidelity_yield_raw,0.06153846153846154
MFN2,de_wilcoxon_direction_fidelity_yield_raw,0.375
MIER1,de_wilcoxon_direction_fidelity_yield_raw,0.4838709677419355
MKRN1,de_wilcoxon_direction_fidelity_yield_raw,0.25
MLLT6,de_wilcoxon_direction_fidelity_yield_raw,0.27586206896551724
MPHOSPH10,de_wilcoxon_direction_fidelity_yield_raw,0.15106117353308365
MRPL35,de_wilcoxon_direction_fidelity_yield_raw,0.2509865824782952
MRPL36,de_wilcoxon_direction_fidelity_yield_raw,0.2527910685805423
MRPL38,de_wilcoxon_direction_fidelity_yield_raw,0.4838709677419355
MRPS17,de_wilcoxon_direction_fidelity_yield_raw,0.5238095238095238
MRPS6,de_wilcoxon_direction_fidelity_yield_raw,0.5454545454545454
MTBP,de_wilcoxon_direction_fidelity_yield_raw,0.026236125126135216
MVK,de_wilcoxon_direction_fidelity_yield_raw,0.5192307692307693
MYBBP1A,de_wilcoxon_direction_fidelity_yield_raw,0.05742574257425743
MYBL2,de_wilcoxon_direction_fidelity_yield_raw,0.5362776025236593
NAA35,de_wilcoxon_direction_fidelity_yield_raw,0.2857142857142857
NAA50,de_wilcoxon_direction_fidelity_yield_raw,0.3488372093023256
NAGLU,de_wilcoxon_direction_fidelity_yield_raw,0.5
NARS,de_wilcoxon_direction_fidelity_yield_raw,0.1811111111111111
NBEAL1,de_wilcoxon_direction_fidelity_yield_raw,0.6153846153846154
NCAPD2,de_wilcoxon_direction_fidelity_yield_raw,0.4411764705882353
NFRKB,de_wilcoxon_direction_fidelity_yield_raw,0.40476190476190477
NFYB,de_wilcoxon_direction_fidelity_yield_raw,0.5801526717557252
NFYC,de_wilcoxon_direction_fidelity_yield_raw,0.572972972972973
NOC4L,de_wilcoxon_direction_fidelity_yield_raw,0.26463104325699743
NOMO1,de_wilcoxon_direction_fidelity_yield_raw,0.5
NRBP1,de_wilcoxon_direction_fidelity_yield_raw,0.4714285714285714
NUP153,de_wilcoxon_direction_fidelity_yield_raw,0.33766233766233766
NUP160,de_wilcoxon_direction_fidelity_yield_raw,0.0121580547112462
NUP35,de_wilcoxon_direction_fidelity_yield_raw,0.5454545454545454
NUP88,de_wilcoxon_direction_fidelity_yield_raw,0.5844457341845618
NVL,de_wilcoxon_direction_fidelity_yield_raw,0.05758683729433273
OGFOD1,de_wilcoxon_direction_fidelity_yield_raw,0.7974683544303798
OLFML3,de_wilcoxon_direction_fidelity_yield_raw,0.6470588235294118
OR1E2,de_wilcoxon_direction_fidelity_yield_raw,0.6341463414634146
ORC1,de_wilcoxon_direction_fidelity_yield_raw,0.2727272727272727
ORC5,de_wilcoxon_direction_fidelity_yield_raw,0.5217391304347826
PARS2,de_wilcoxon_direction_fidelity_yield_raw,0.5238095238095238
PC,de_wilcoxon_direction_fidelity_yield_raw,0.3333333333333333
PCBP1,de_wilcoxon_direction_fidelity_yield_raw,0.10909090909090909
PDCD6IP,de_wilcoxon_direction_fidelity_yield_raw,0.3333333333333333
PEX19,de_wilcoxon_direction_fidelity_yield_raw,0.5
PGAM5,de_wilcoxon_direction_fidelity_yield_raw,0.7307692307692307
PGK1,de_wilcoxon_direction_fidelity_yield_raw,0.4935064935064935
PHF10,de_wilcoxon_direction_fidelity_yield_raw,0.08533333333333333
PI4KA,de_wilcoxon_direction_fidelity_yield_raw,0.6045197740112994
POLR1D,de_wilcoxon_direction_fidelity_yield_raw,0.012594458438287154
POLR2C,de_wilcoxon_direction_fidelity_yield_raw,0.02179379715004191
POLR2I,de_wilcoxon_direction_fidelity_yield_raw,0.05241090146750524
POLR2K,de_wilcoxon_direction_fidelity_yield_raw,0.5548112058465287
POLR2M,de_wilcoxon_direction_fidelity_yield_raw,0.581081081081081
POLR3E,de_wilcoxon_direction_fidelity_yield_raw,0.5
POP1,de_wilcoxon_direction_fidelity_yield_raw,0.09219858156028368
POP4,de_wilcoxon_direction_fidelity_yield_raw,0.04357298474945534
PPP1R8,de_wilcoxon_direction_fidelity_yield_raw,0.5135135135135135
PPP2R1A,de_wilcoxon_direction_fidelity_yield_raw,0.43209876543209874
PPP6C,de_wilcoxon_direction_fidelity_yield_raw,0.34540389972144847
PRODH,de_wilcoxon_direction_fidelity_yield_raw,0.4
PRPF6,de_wilcoxon_direction_fidelity_yield_raw,0.08626974483596597
PRSS50,de_wilcoxon_direction_fidelity_yield_raw,0.4523809523809524
PSMB2,de_wilcoxon_direction_fidelity_yield_raw,0.01840736294517807
PSMB5,de_wilcoxon_direction_fidelity_yield_raw,0.008162255750680188
PSMC4,de_wilcoxon_direction_fidelity_yield_raw,0.006926406926406926
PSMD14,de_wilcoxon_direction_fidelity_yield_raw,0.1812227074235808
PSMG3,de_wilcoxon_direction_fidelity_yield_raw,0.5294117647058824
PTPN1,de_wilcoxon_direction_fidelity_yield_raw,0.5255474452554745
PUF60,de_wilcoxon_direction_fidelity_yield_raw,0.11585365853658537
PXN,de_wilcoxon_direction_fidelity_yield_raw,0.4
RAB4A,de_wilcoxon_direction_fidelity_yield_raw,0.2777777777777778
RABGGTB,de_wilcoxon_direction_fidelity_yield_raw,0.14173228346456693
RARS,de_wilcoxon_direction_fidelity_yield_raw,0.26582278481012656
RBBP5,de_wilcoxon_direction_fidelity_yield_raw,0.3157894736842105
RBM14-RBM4,de_wilcoxon_direction_fidelity_yield_raw,0.5637393767705382
RBM48,de_wilcoxon_direction_fidelity_yield_raw,0.38461538461538464
RBX1,de_wilcoxon_direction_fidelity_yield_raw,0.5769230769230769
RCC1,de_wilcoxon_direction_fidelity_yield_raw,0.3888888888888889
RFC2,de_wilcoxon_direction_fidelity_yield_raw,0.27586206896551724
RHPN1,de_wilcoxon_direction_fidelity_yield_raw,0.6666666666666666
RNASEH2C,de_wilcoxon_direction_fidelity_yield_raw,0.4888888888888889
RNF123,de_wilcoxon_direction_fidelity_yield_raw,0.25
RNF31,de_wilcoxon_direction_fidelity_yield_raw,0.5208333333333334
RNMT,de_wilcoxon_direction_fidelity_yield_raw,0.42857142857142855
RNPS1,de_wilcoxon_direction_fidelity_yield_raw,0.4166666666666667
RPA3,de_wilcoxon_direction_fidelity_yield_raw,0.023336214347450302
RPAP1,de_wilcoxon_direction_fidelity_yield_raw,0.02080344332855093
RPAP2,de_wilcoxon_direction_fidelity_yield_raw,0.03307607497243661
RPAP3,de_wilcoxon_direction_fidelity_yield_raw,0.623030303030303
RPL18A,de_wilcoxon_direction_fidelity_yield_raw,0.07467911318553092
RPL35,de_wilcoxon_direction_fidelity_yield_raw,0.0223062381852552
RPL36A,de_wilcoxon_direction_fidelity_yield_raw,0.38823529411764707
RPL4,de_wilcoxon_direction_fidelity_yield_raw,0.030908405578590276
RPL41,de_wilcoxon_direction_fidelity_yield_raw,0.4793388429752066
RPP30,de_wilcoxon_direction_fidelity_yield_raw,0.5420875420875421
RPS20,de_wilcoxon_direction_fidelity_yield_raw,0.025583982202447165
RPS24,de_wilcoxon_direction_fidelity_yield_raw,0.24395770392749244
RPS27A,de_wilcoxon_direction_fidelity_yield_raw,0.402931854199683
RPS6,de_wilcoxon_direction_fidelity_yield_raw,0.331348132106118
RRP7A,de_wilcoxon_direction_fidelity_yield_raw,0.115234375
RSL1D1,de_wilcoxon_direction_fidelity_yield_raw,0.15873015873015872
SART1,de_wilcoxon_direction_fidelity_yield_raw,0.009405339805825242
SCAF1,de_wilcoxon_direction_fidelity_yield_raw,0.11029411764705882
SCFD1,de_wilcoxon_direction_fidelity_yield_raw,0.09375
SDAD1,de_wilcoxon_direction_fidelity_yield_raw,0.04927782497875956
SEH1L,de_wilcoxon_direction_fidelity_yield_raw,0.6031746031746031
SEPHS2,de_wilcoxon_direction_fidelity_yield_raw,0.5454545454545454
SEPSECS,de_wilcoxon_direction_fidelity_yield_raw,0.3333333333333333
SETD1A,de_wilcoxon_direction_fidelity_yield_raw,0.07005253940455342
SETX,de_wilcoxon_direction_fidelity_yield_raw,0.6527777777777778
SF3B5,de_wilcoxon_direction_fidelity_yield_raw,0.03244722439405786
SLC7A6OS,de_wilcoxon_direction_fidelity_yield_raw,0.0639269406392694
SLU7,de_wilcoxon_direction_fidelity_yield_raw,0.2445153570003989
SNAPC5,de_wilcoxon_direction_fidelity_yield_raw,0.23076923076923078
SNRNP48,de_wilcoxon_direction_fidelity_yield_raw,0.052132701421800945
SNRPC,de_wilcoxon_direction_fidelity_yield_raw,0.36532738095238093
SRCAP,de_wilcoxon_direction_fidelity_yield_raw,0.5
SRP14,de_wilcoxon_direction_fidelity_yield_raw,0.6060606060606061
SRP54,de_wilcoxon_direction_fidelity_yield_raw,0.02404643449419569
SRP72,de_wilcoxon_direction_fidelity_yield_raw,0.6785714285714286
SRP9,de_wilcoxon_direction_fidelity_yield_raw,0.6
SRRM1,de_wilcoxon_direction_fidelity_yield_raw,0.6875
SYMPK,de_wilcoxon_direction_fidelity_yield_raw,0.021480804387568556
SYNGR3,de_wilcoxon_direction_fidelity_yield_raw,0.5538461538461539
TAF10,de_wilcoxon_direction_fidelity_yield_raw,0.39316239316239315
TAF3,de_wilcoxon_direction_fidelity_yield_raw,0.22705314009661837
TAF5,de_wilcoxon_direction_fidelity_yield_raw,0.3793103448275862
TAF7,de_wilcoxon_direction_fidelity_yield_raw,0.07880434782608696
TANGO6,de_wilcoxon_direction_fidelity_yield_raw,0.36095100864553314
TARS2,de_wilcoxon_direction_fidelity_yield_raw,0.6
TBC1D28,de_wilcoxon_direction_fidelity_yield_raw,0.4444444444444444
TBCD,de_wilcoxon_direction_fidelity_yield_raw,0.635036496350365
TBCE,de_wilcoxon_direction_fidelity_yield_raw,0.4492753623188406
TBPL1,de_wilcoxon_direction_fidelity_yield_raw,0.5535714285714286
TERF2,de_wilcoxon_direction_fidelity_yield_raw,0.2164048865619546
TIMM10,de_wilcoxon_direction_fidelity_yield_raw,0.3448275862068966
TKT,de_wilcoxon_direction_fidelity_yield_raw,0.21052631578947367
TMX2,de_wilcoxon_direction_fidelity_yield_raw,0.5723684210526315
TNNT2,de_wilcoxon_direction_fidelity_yield_raw,0.5
TNRC6A,de_wilcoxon_direction_fidelity_yield_raw,0.5125
TPR,de_wilcoxon_direction_fidelity_yield_raw,0.45555555555555555
TRAPPC5,de_wilcoxon_direction_fidelity_yield_raw,0.35454545454545455
TSEN2,de_wilcoxon_direction_fidelity_yield_raw,0.625
TSPYL5,de_wilcoxon_direction_fidelity_yield_raw,0.45454545454545453
TUBD1,de_wilcoxon_direction_fidelity_yield_raw,0.16666666666666666
TUBGCP2,de_wilcoxon_direction_fidelity_yield_raw,0.3684210526315789
TUT1,de_wilcoxon_direction_fidelity_yield_raw,0.4482758620689655
UBA52,de_wilcoxon_direction_fidelity_yield_raw,0.06363636363636363
UBE2L3,de_wilcoxon_direction_fidelity_yield_raw,0.6666666666666666
UBQLN4,de_wilcoxon_direction_fidelity_yield_raw,0.0056433408577878106
UHRF1,de_wilcoxon_direction_fidelity_yield_raw,0.5
UQCRC1,de_wilcoxon_direction_fidelity_yield_raw,0.4444444444444444
URI1,de_wilcoxon_direction_fidelity_yield_raw,0.04197349042709867
USP14,de_wilcoxon_direction_fidelity_yield_raw,0.3384615384615385
USP37,de_wilcoxon_direction_fidelity_yield_raw,0.5
USP39,de_wilcoxon_direction_fidelity_yield_raw,0.06639004149377593
UTP15,de_wilcoxon_direction_fidelity_yield_raw,0.05727204220045215
UTP20,de_wilcoxon_direction_fidelity_yield_raw,0.22457067371202113
VARS,de_wilcoxon_direction_fidelity_yield_raw,0.1262135922330097
VPS54,de_wilcoxon_direction_fidelity_yield_raw,0.4166666666666667
WBP11,de_wilcoxon_direction_fidelity_yield_raw,0.8181818181818182
WDHD1,de_wilcoxon_direction_fidelity_yield_raw,0.3333333333333333
WDR26,de_wilcoxon_direction_fidelity_yield_raw,0.4864864864864865
WDR43,de_wilcoxon_direction_fidelity_yield_raw,0.025121555915721232
WDTC1,de_wilcoxon_direction_fidelity_yield_raw,0.5294117647058824
WTAP,de_wilcoxon_direction_fidelity_yield_raw,0.5776699029126213
YRDC,de_wilcoxon_direction_fidelity_yield_raw,0.5
YTHDC1,de_wilcoxon_direction_fidelity_yield_raw,0.01056338028169014
ZC3H13,de_wilcoxon_direction_fidelity_yield_raw,0.1958041958041958
ZCCHC9,de_wilcoxon_direction_fidelity_yield_raw,0.14113277623026926
ZMAT2,de_wilcoxon_direction_fidelity_yield_raw,0.05888767720828789
ZNF207,de_wilcoxon_direction_fidelity_yield_raw,0.078125
ZNF720,de_wilcoxon_direction_fidelity_yield_raw,0.5
ZNF763,de_wilcoxon_direction_fidelity_yield_raw,0.5555555555555556
ZNF84,de_wilcoxon_direction_fidelity_yield_raw,0.03767123287671233
ZNRD1,de_wilcoxon_direction_fidelity_yield_raw,0.5615942028985508
ACIN1,de_wilcoxon_direction_reach_raw,0.5
ACTR2,de_wilcoxon_direction_reach_raw,
ACTR6,de_wilcoxon_direction_reach_raw,0.75
ADAM10,de_wilcoxon_direction_reach_raw,0.058823529411764705
AGBL5,de_wilcoxon_direction_reach_raw,0.0
AKIRIN2,de_wilcoxon_direction_reach_raw,0.13043478260869565
ANAPC13,de_wilcoxon_direction_reach_raw,
ATP11B,de_wilcoxon_direction_reach_raw,0.016129032258064516
ATP2A2,de_wilcoxon_direction_reach_raw,0.0
ATP5MF,de_wilcoxon_direction_reach_raw,0.0
AURKAIP1,de_wilcoxon_direction_reach_raw,1.0
BARD1,de_wilcoxon_direction_reach_raw,
BCAR1,de_wilcoxon_direction_reach_raw,1.0
BMS1,de_wilcoxon_direction_reach_raw,0.000778816199376947
BORA,de_wilcoxon_direction_reach_raw,0.5
BPTF,de_wilcoxon_direction_reach_raw,0.003289473684210526
BRD2,de_wilcoxon_direction_reach_raw,1.0
BTF3,de_wilcoxon_direction_reach_raw,0.27586206896551724
C16orf86,de_wilcoxon_direction_reach_raw,0.0
C6orf15,de_wilcoxon_direction_reach_raw,
C7orf26,de_wilcoxon_direction_reach_raw,0.0
CA5A,de_wilcoxon_direction_reach_raw,
CABIN1,de_wilcoxon_direction_reach_raw,0.125
CACNB3,de_wilcoxon_direction_reach_raw,
CADM4,de_wilcoxon_direction_reach_raw,
CBLN1,de_wilcoxon_direction_reach_raw,0.5
CBX1,de_wilcoxon_direction_reach_raw,1.0
CCDC130,de_wilcoxon_direction_reach_raw,0.5
CCNK,de_wilcoxon_direction_reach_raw,
CDC20,de_wilcoxon_direction_reach_raw,
CDC6,de_wilcoxon_direction_reach_raw,0.0019305019305019305
CDCA5,de_wilcoxon_direction_reach_raw,0.125
CENPJ,de_wilcoxon_direction_reach_raw,0.0
CENPK,de_wilcoxon_direction_reach_raw,1.0
CENPP,de_wilcoxon_direction_reach_raw,0.06147540983606557
CEP85,de_wilcoxon_direction_reach_raw,
CFDP1,de_wilcoxon_direction_reach_raw,
CHMP6,de_wilcoxon_direction_reach_raw,0.3847102342786683
CHTF18,de_wilcoxon_direction_reach_raw,0.0
CKAP5,de_wilcoxon_direction_reach_raw,
COG6,de_wilcoxon_direction_reach_raw,1.0
COPS2,de_wilcoxon_direction_reach_raw,0.014492753623188406
COPS4,de_wilcoxon_direction_reach_raw,0.058394160583941604
CPSF1,de_wilcoxon_direction_reach_raw,0.04477611940298507
CPSF3,de_wilcoxon_direction_reach_raw,0.0008583690987124463
CSE1L,de_wilcoxon_direction_reach_raw,0.008653014133256417
CSH2,de_wilcoxon_direction_reach_raw,1.0
CSNK2B,de_wilcoxon_direction_reach_raw,0.0
CSTF1,de_wilcoxon_direction_reach_raw,0.001519756838905775
CSTF3,de_wilcoxon_direction_reach_raw,0.0013351134846461949
CTU2,de_wilcoxon_direction_reach_raw,0.2
CUL7,de_wilcoxon_direction_reach_raw,0.0
CYS1,de_wilcoxon_direction_reach_raw,1.0
DAP3,de_wilcoxon_direction_reach_raw,0.6
DCTN1,de_wilcoxon_direction_reach_raw,
DCUN1D5,de_wilcoxon_direction_reach_raw,0.0
DDX19B,de_wilcoxon_direction_reach_raw,
DDX21,de_wilcoxon_direction_reach_raw,0.0033370411568409346
DDX27,de_wilcoxon_direction_reach_raw,0.0028328611898017
DDX5,de_wilcoxon_direction_reach_raw,0.009433962264150943
DENR,de_wilcoxon_direction_reach_raw,0.8888888888888888
DESI1,de_wilcoxon_direction_reach_raw,0.3
DHX16,de_wilcoxon_direction_reach_raw,0.0022338049143708115
DHX37,de_wilcoxon_direction_reach_raw,0.0
DNAJA1,de_wilcoxon_direction_reach_raw,
DNAJA3,de_wilcoxon_direction_reach_raw,0.7346938775510204
DNTTIP2,de_wilcoxon_direction_reach_raw,0.01138353765323993
DYNC1I2,de_wilcoxon_direction_reach_raw,0.0
DYNLL2,de_wilcoxon_direction_reach_raw,0.6
E4F1,de_wilcoxon_direction_reach_raw,0.00684931506849315
EEF2,de_wilcoxon_direction_reach_raw,0.0
EFR3A,de_wilcoxon_direction_reach_raw,
EIF3B,de_wilcoxon_direction_reach_raw,0.0003023888720895071
EIF4B,de_wilcoxon_direction_reach_raw,0.07142857142857142
EIF4H,de_wilcoxon_direction_reach_raw,1.0
ELL,de_wilcoxon_direction_reach_raw,0.0
ELOVL1,de_wilcoxon_direction_reach_raw,1.0
EPRS,de_wilcoxon_direction_reach_raw,0.03618421052631579
EXOC5,de_wilcoxon_direction_reach_raw,0.0
EXOSC3,de_wilcoxon_direction_reach_raw,0.01684717208182912
EXOSC7,de_wilcoxon_direction_reach_raw,0.03260869565217391
FAM136A,de_wilcoxon_direction_reach_raw,0.011494252873563218
FAU,de_wilcoxon_direction_reach_raw,0.001053740779768177
FBRSL1,de_wilcoxon_direction_reach_raw,0.16831683168316833
FBXL14,de_wilcoxon_direction_reach_raw,0.0
FNTA,de_wilcoxon_direction_reach_raw,0.00205761316872428
FOXS1,de_wilcoxon_direction_reach_raw,0.5
GCLC,de_wilcoxon_direction_reach_raw,
GINS1,de_wilcoxon_direction_reach_raw,0.19390581717451524
GINS2,de_wilcoxon_direction_reach_raw,0.17543859649122806
GPN1,de_wilcoxon_direction_reach_raw,0.04415011037527594
GTF2H4,de_wilcoxon_direction_reach_raw,
GTF3C1,de_wilcoxon_direction_reach_raw,
GTF3C6,de_wilcoxon_direction_reach_raw,
GYG1,de_wilcoxon_direction_reach_raw,0.07407407407407407
HARS,de_wilcoxon_direction_reach_raw,0.05279831045406547
HAUS8,de_wilcoxon_direction_reach_raw,
HHEX,de_wilcoxon_direction_reach_raw,0.058823529411764705
HJURP,de_wilcoxon_direction_reach_raw,1.0
HMBOX1,de_wilcoxon_direction_reach_raw,1.0
HNRNPA1,de_wilcoxon_direction_reach_raw,0.625
HNRNPK,de_wilcoxon_direction_reach_raw,0.01126126126126126
HOXA3,de_wilcoxon_direction_reach_raw,
HSPE1,de_wilcoxon_direction_reach_raw,0.23767605633802816
INTS1,de_wilcoxon_direction_reach_raw,
INTS3,de_wilcoxon_direction_reach_raw,0.3901098901098901
INTS4,de_wilcoxon_direction_reach_raw,0.21428571428571427
INTS9,de_wilcoxon_direction_reach_raw,0.06422018348623854
IPO7,de_wilcoxon_direction_reach_raw,0.10526315789473684
ISCU,de_wilcoxon_direction_reach_raw,1.0
ISG20L2,de_wilcoxon_direction_reach_raw,0.016016016016016016
JMJD6,de_wilcoxon_direction_reach_raw,1.0
KIF11,de_wilcoxon_direction_reach_raw,
LRR1,de_wilcoxon_direction_reach_raw,
LRRC37A3,de_wilcoxon_direction_reach_raw,
LSM5,de_wilcoxon_direction_reach_raw,0.00436046511627907
LST1,de_wilcoxon_direction_reach_raw,0.0
LTBP3,de_wilcoxon_direction_reach_raw,
LTV1,de_wilcoxon_direction_reach_raw,0.001949317738791423
MBTPS1,de_wilcoxon_direction_reach_raw,0.2777777777777778
MBTPS2,de_wilcoxon_direction_reach_raw,0.625
MCM3AP,de_wilcoxon_direction_reach_raw,0.5
MCMBP,de_wilcoxon_direction_reach_raw,0.0
MDN1,de_wilcoxon_direction_reach_raw,0.017054263565891473
MED21,de_wilcoxon_direction_reach_raw,0.05961538461538462
MEIS3,de_wilcoxon_direction_reach_raw,0.2
MFN2,de_wilcoxon_direction_reach_raw,1.0
MIER1,de_wilcoxon_direction_reach_raw,0.18181818181818182
MKRN1,de_wilcoxon_direction_reach_raw,
MLLT6,de_wilcoxon_direction_reach_raw,0.027586206896551724
MPHOSPH10,de_wilcoxon_direction_reach_raw,0.0
MRPL35,de_wilcoxon_direction_reach_raw,0.011838989739542225
MRPL36,de_wilcoxon_direction_reach_raw,0.008771929824561403
MRPL38,de_wilcoxon_direction_reach_raw,1.0
MRPS17,de_wilcoxon_direction_reach_raw,1.0
MRPS6,de_wilcoxon_direction_reach_raw,0.4
MTBP,de_wilcoxon_direction_reach_raw,0.0010090817356205853
MVK,de_wilcoxon_direction_reach_raw,0.2
MYBBP1A,de_wilcoxon_direction_reach_raw,0.0019801980198019802
MYBL2,de_wilcoxon_direction_reach_raw,0.021052631578947368
NAA35,de_wilcoxon_direction_reach_raw,0.6666666666666666
NAA50,de_wilcoxon_direction_reach_raw,0.0
NAGLU,de_wilcoxon_direction_reach_raw,
NARS,de_wilcoxon_direction_reach_raw,0.04111111111111111
NBEAL1,de_wilcoxon_direction_reach_raw,1.0
NCAPD2,de_wilcoxon_direction_reach_raw,0.25
NFRKB,de_wilcoxon_direction_reach_raw,0.3333333333333333
NFYB,de_wilcoxon_direction_reach_raw,1.0
NFYC,de_wilcoxon_direction_reach_raw,0.037243947858473
NOC4L,de_wilcoxon_direction_reach_raw,0.002544529262086514
NOMO1,de_wilcoxon_direction_reach_raw,0.8
NRBP1,de_wilcoxon_direction_reach_raw,0.5
NUP153,de_wilcoxon_direction_reach_raw,0.03896103896103896
NUP160,de_wilcoxon_direction_reach_raw,0.0
NUP35,de_wilcoxon_direction_reach_raw,1.0
NUP88,de_wilcoxon_direction_reach_raw,0.043668122270742356
NVL,de_wilcoxon_direction_reach_raw,0.010968921389396709
OGFOD1,de_wilcoxon_direction_reach_raw,0.15384615384615385
OLFML3,de_wilcoxon_direction_reach_raw,0.0
OR1E2,de_wilcoxon_direction_reach_raw,
ORC1,de_wilcoxon_direction_reach_raw,0.09090909090909091
ORC5,de_wilcoxon_direction_reach_raw,1.0
PARS2,de_wilcoxon_direction_reach_raw,1.0
PC,de_wilcoxon_direction_reach_raw,
PCBP1,de_wilcoxon_direction_reach_raw,0.11636363636363636
PDCD6IP,de_wilcoxon_direction_reach_raw,
PEX19,de_wilcoxon_direction_reach_raw,
PGAM5,de_wilcoxon_direction_reach_raw,0.45454545454545453
PGK1,de_wilcoxon_direction_reach_raw,0.2857142857142857
PHF10,de_wilcoxon_direction_reach_raw,0.008
PI4KA,de_wilcoxon_direction_reach_raw,0.15
POLR1D,de_wilcoxon_direction_reach_raw,0.0
POLR2C,de_wilcoxon_direction_reach_raw,0.0
POLR2I,de_wilcoxon_direction_reach_raw,0.0017969451931716084
POLR2K,de_wilcoxon_direction_reach_raw,0.0
POLR2M,de_wilcoxon_direction_reach_raw,0.2777777777777778
POLR3E,de_wilcoxon_direction_reach_raw,1.0
POP1,de_wilcoxon_direction_reach_raw,0.0017730496453900709
POP4,de_wilcoxon_direction_reach_raw,0.002178649237472767
PPP1R8,de_wilcoxon_direction_reach_raw,0.53125
PPP2R1A,de_wilcoxon_direction_reach_raw,0.0
PPP6C,de_wilcoxon_direction_reach_raw,0.0
PRODH,de_wilcoxon_direction_reach_raw,
PRPF6,de_wilcoxon_direction_reach_raw,0.002430133657351154
PRSS50,de_wilcoxon_direction_reach_raw,
PSMB2,de_wilcoxon_direction_reach_raw,0.0
PSMB5,de_wilcoxon_direction_reach_raw,0.0007420232500618352
PSMC4,de_wilcoxon_direction_reach_raw,0.0004329004329004329
PSMD14,de_wilcoxon_direction_reach_raw,0.0
PSMG3,de_wilcoxon_direction_reach_raw,0.21505376344086022
PTPN1,de_wilcoxon_direction_reach_raw,
PUF60,de_wilcoxon_direction_reach_raw,0.006097560975609756
PXN,de_wilcoxon_direction_reach_raw,0.3
RAB4A,de_wilcoxon_direction_reach_raw,0.6666666666666666
RABGGTB,de_wilcoxon_direction_reach_raw,0.005249343832020997
RARS,de_wilcoxon_direction_reach_raw,0.3291139240506329
RBBP5,de_wilcoxon_direction_reach_raw,0.10964912280701754
RBM14-RBM4,de_wilcoxon_direction_reach_raw,0.028735632183908046
RBM48,de_wilcoxon_direction_reach_raw,0.8333333333333334
RBX1,de_wilcoxon_direction_reach_raw,0.5652173913043478
RCC1,de_wilcoxon_direction_reach_raw,0.0
RFC2,de_wilcoxon_direction_reach_raw,0.11494252873563218
RHPN1,de_wilcoxon_direction_reach_raw,1.0
RNASEH2C,de_wilcoxon_direction_reach_raw,0.14285714285714285
RNF123,de_wilcoxon_direction_reach_raw,0.0
RNF31,de_wilcoxon_direction_reach_raw,0.19047619047619047
RNMT,de_wilcoxon_direction_reach_raw,0.5119047619047619
RNPS1,de_wilcoxon_direction_reach_raw,
RPA3,de_wilcoxon_direction_reach_raw,0.0025929127052722557
RPAP1,de_wilcoxon_direction_reach_raw,0.007890961262553802
RPAP2,de_wilcoxon_direction_reach_raw,0.0011025358324145535
RPAP3,de_wilcoxon_direction_reach_raw,0.3157894736842105
RPL18A,de_wilcoxon_direction_reach_raw,0.014002333722287048
RPL35,de_wilcoxon_direction_reach_raw,0.0015122873345935729
RPL36A,de_wilcoxon_direction_reach_raw,0.011764705882352941
RPL4,de_wilcoxon_direction_reach_raw,0.0041462495288352805
RPL41,de_wilcoxon_direction_reach_raw,1.0
RPP30,de_wilcoxon_direction_reach_raw,0.022964509394572025
RPS20,de_wilcoxon_direction_reach_raw,0.0033370411568409346
RPS24,de_wilcoxon_direction_reach_raw,0.030211480362537766
RPS27A,de_wilcoxon_direction_reach_raw,0.03645007923930269
RPS6,de_wilcoxon_direction_reach_raw,0.17541959935029777
RRP7A,de_wilcoxon_direction_reach_raw,0.025390625
RSL1D1,de_wilcoxon_direction_reach_raw,0.0031746031746031746
SART1,de_wilcoxon_direction_reach_raw,0.0006067961165048543
SCAF1,de_wilcoxon_direction_reach_raw,0.03676470588235294
SCFD1,de_wilcoxon_direction_reach_raw,0.0625
SDAD1,de_wilcoxon_direction_reach_raw,0.011045029736618521
SEH1L,de_wilcoxon_direction_reach_raw,0.043478260869565216
SEPHS2,de_wilcoxon_direction_reach_raw,1.0
SEPSECS,de_wilcoxon_direction_reach_raw,
SETD1A,de_wilcoxon_direction_reach_raw,0.0008756567425569177
SETX,de_wilcoxon_direction_reach_raw,0.2222222222222222
SF3B5,de_wilcoxon_direction_reach_raw,0.00039093041438623924
SLC7A6OS,de_wilcoxon_direction_reach_raw,0.0
SLU7,de_wilcoxon_direction_reach_raw,0.00039888312724371757
SNAPC5,de_wilcoxon_direction_reach_raw,0.5
SNRNP48,de_wilcoxon_direction_reach_raw,0.0
SNRPC,de_wilcoxon_direction_reach_raw,0.002232142857142857
SRCAP,de_wilcoxon_direction_reach_raw,
SRP14,de_wilcoxon_direction_reach_raw,0.3888888888888889
SRP54,de_wilcoxon_direction_reach_raw,0.0008291873963515755
SRP72,de_wilcoxon_direction_reach_raw,0.07102272727272728
SRP9,de_wilcoxon_direction_reach_raw,0.6666666666666666
SRRM1,de_wilcoxon_direction_reach_raw,0.5
SYMPK,de_wilcoxon_direction_reach_raw,0.0
SYNGR3,de_wilcoxon_direction_reach_raw,0.09523809523809523
TAF10,de_wilcoxon_direction_reach_raw,0.2621082621082621
TAF3,de_wilcoxon_direction_reach_raw,0.4057971014492754
TAF5,de_wilcoxon_direction_reach_raw,0.07259528130671507
TAF7,de_wilcoxon_direction_reach_raw,0.0
TANGO6,de_wilcoxon_direction_reach_raw,0.056195965417867436
TARS2,de_wilcoxon_direction_reach_raw,1.0
TBC1D28,de_wilcoxon_direction_reach_raw,
TBCD,de_wilcoxon_direction_reach_raw,0.5
TBCE,de_wilcoxon_direction_reach_raw,
TBPL1,de_wilcoxon_direction_reach_raw,0.3333333333333333
TERF2,de_wilcoxon_direction_reach_raw,0.005235602094240838
TIMM10,de_wilcoxon_direction_reach_raw,0.3333333333333333
TKT,de_wilcoxon_direction_reach_raw,
TMX2,de_wilcoxon_direction_reach_raw,0.07407407407407407
TNNT2,de_wilcoxon_direction_reach_raw,
TNRC6A,de_wilcoxon_direction_reach_raw,0.2962962962962963
TPR,de_wilcoxon_direction_reach_raw,0.005917159763313609
TRAPPC5,de_wilcoxon_direction_reach_raw,0.01818181818181818
TSEN2,de_wilcoxon_direction_reach_raw,0.15384615384615385
TSPYL5,de_wilcoxon_direction_reach_raw,0.75
TUBD1,de_wilcoxon_direction_reach_raw,0.0
TUBGCP2,de_wilcoxon_direction_reach_raw,0.2222222222222222
TUT1,de_wilcoxon_direction_reach_raw,0.0
UBA52,de_wilcoxon_direction_reach_raw,0.0
UBE2L3,de_wilcoxon_direction_reach_raw,0.3333333333333333
UBQLN4,de_wilcoxon_direction_reach_raw,0.0
UHRF1,de_wilcoxon_direction_reach_raw,0.02564102564102564
UQCRC1,de_wilcoxon_direction_reach_raw,
URI1,de_wilcoxon_direction_reach_raw,0.0014727540500736377
USP14,de_wilcoxon_direction_reach_raw,1.0
USP37,de_wilcoxon_direction_reach_raw,0.0
USP39,de_wilcoxon_direction_reach_raw,0.004149377593360996
UTP15,de_wilcoxon_direction_reach_raw,0.0037678975131876413
UTP20,de_wilcoxon_direction_reach_raw,0.001321003963011889
VARS,de_wilcoxon_direction_reach_raw,0.0268857356235997
VPS54,de_wilcoxon_direction_reach_raw,
WBP11,de_wilcoxon_direction_reach_raw,0.5
WDHD1,de_wilcoxon_direction_reach_raw,0.0
WDR26,de_wilcoxon_direction_reach_raw,0.3
WDR43,de_wilcoxon_direction_reach_raw,0.0
WDTC1,de_wilcoxon_direction_reach_raw,1.0
WTAP,de_wilcoxon_direction_reach_raw,0.375
YRDC,de_wilcoxon_direction_reach_raw,1.0
YTHDC1,de_wilcoxon_direction_reach_raw,0.0035211267605633804
ZC3H13,de_wilcoxon_direction_reach_raw,0.012987012987012988
ZCCHC9,de_wilcoxon_direction_reach_raw,0.0018570102135561746
ZMAT2,de_wilcoxon_direction_reach_raw,0.003271537622682661
ZNF207,de_wilcoxon_direction_reach_raw,0.0078125
ZNF720,de_wilcoxon_direction_reach_raw,
ZNF763,de_wilcoxon_direction_reach_raw,
ZNF84,de_wilcoxon_direction_reach_raw,0.0
ZNRD1,de_wilcoxon_direction_reach_raw,0.04375
ACIN1,de_wilcoxon_sig_jaccard,0.0
ACTR2,de_wilcoxon_sig_jaccard,0.0
ACTR6,de_wilcoxon_sig_jaccard,0.0
ADAM10,de_wilcoxon_sig_jaccard,0.03201219512195122
AGBL5,de_wilcoxon_sig_jaccard,0.0
AKIRIN2,de_wilcoxon_sig_jaccard,0.014925373134328358
ANAPC13,de_wilcoxon_sig_jaccard,0.0
ATP11B,de_wilcoxon_sig_jaccard,0.04487179487179487
ATP2A2,de_wilcoxon_sig_jaccard,0.0
ATP5MF,de_wilcoxon_sig_jaccard,0.008849557522123894
AURKAIP1,de_wilcoxon_sig_jaccard,0.0
BARD1,de_wilcoxon_sig_jaccard,0.0
BCAR1,de_wilcoxon_sig_jaccard,0.0
BMS1,de_wilcoxon_sig_jaccard,0.07844016136261767
BORA,de_wilcoxon_sig_jaccard,0.0
BPTF,de_wilcoxon_sig_jaccard,0.06859756097560976
BRD2,de_wilcoxon_sig_jaccard,0.045454545454545456
BTF3,de_wilcoxon_sig_jaccard,0.022411953041622197
C16orf86,de_wilcoxon_sig_jaccard,0.0
C6orf15,de_wilcoxon_sig_jaccard,0.0
C7orf26,de_wilcoxon_sig_jaccard,0.08144796380090498
CA5A,de_wilcoxon_sig_jaccard,0.0
CABIN1,de_wilcoxon_sig_jaccard,0.0
CACNB3,de_wilcoxon_sig_jaccard,0.0
CADM4,de_wilcoxon_sig_jaccard,0.0
CBLN1,de_wilcoxon_sig_jaccard,0.0
CBX1,de_wilcoxon_sig_jaccard,0.0
CCDC130,de_wilcoxon_sig_jaccard,0.0
CCNK,de_wilcoxon_sig_jaccard,0.0
CDC20,de_wilcoxon_sig_jaccard,0.0
CDC6,de_wilcoxon_sig_jaccard,0.011278195488721804
CDCA5,de_wilcoxon_sig_jaccard,0.0
CENPJ,de_wilcoxon_sig_jaccard,0.029644268774703556
CENPK,de_wilcoxon_sig_jaccard,0.005208333333333333
CENPP,de_wilcoxon_sig_jaccard,0.024054982817869417
CEP85,de_wilcoxon_sig_jaccard,0.0
CFDP1,de_wilcoxon_sig_jaccard,0.0
CHMP6,de_wilcoxon_sig_jaccard,0.12737642585551331
CHTF18,de_wilcoxon_sig_jaccard,0.0
CKAP5,de_wilcoxon_sig_jaccard,0.0
COG6,de_wilcoxon_sig_jaccard,0.05555555555555555
COPS2,de_wilcoxon_sig_jaccard,0.05489260143198091
COPS4,de_wilcoxon_sig_jaccard,0.02127659574468085
CPSF1,de_wilcoxon_sig_jaccard,0.03278688524590164
CPSF3,de_wilcoxon_sig_jaccard,0.08504606661941885
CSE1L,de_wilcoxon_sig_jaccard,0.1910349683172964
CSH2,de_wilcoxon_sig_jaccard,0.0
CSNK2B,de_wilcoxon_sig_jaccard,0.05081967213114754
CSTF1,de_wilcoxon_sig_jaccard,0.06909090909090909
CSTF3,de_wilcoxon_sig_jaccard,0.017523364485981307
CTU2,de_wilcoxon_sig_jaccard,0.0
CUL7,de_wilcoxon_sig_jaccard,0.01335113484646195
CYS1,de_wilcoxon_sig_jaccard,0.0
DAP3,de_wilcoxon_sig_jaccard,0.046511627906976744
DCTN1,de_wilcoxon_sig_jaccard,0.0
DCUN1D5,de_wilcoxon_sig_jaccard,0.02029769959404601
DDX19B,de_wilcoxon_sig_jaccard,0.0
DDX21,de_wilcoxon_sig_jaccard,0.021784232365145227
DDX27,de_wilcoxon_sig_jaccard,0.056818181818181816
DDX5,de_wilcoxon_sig_jaccard,0.030303030303030304
DENR,de_wilcoxon_sig_jaccard,0.04
DESI1,de_wilcoxon_sig_jaccard,0.0967741935483871
DHX16,de_wilcoxon_sig_jaccard,0.002962962962962963
DHX37,de_wilcoxon_sig_jaccard,0.0
DNAJA1,de_wilcoxon_sig_jaccard,0.0
DNAJA3,de_wilcoxon_sig_jaccard,0.08823529411764706
DNTTIP2,de_wilcoxon_sig_jaccard,0.031026252983293555
DYNC1I2,de_wilcoxon_sig_jaccard,0.0
DYNLL2,de_wilcoxon_sig_jaccard,0.014285714285714285
E4F1,de_wilcoxon_sig_jaccard,0.031413612565445025
EEF2,de_wilcoxon_sig_jaccard,0.0
EFR3A,de_wilcoxon_sig_jaccard,0.0
EIF3B,de_wilcoxon_sig_jaccard,0.07666385846672283
EIF4B,de_wilcoxon_sig_jaccard,0.004640371229698376
EIF4H,de_wilcoxon_sig_jaccard,0.0
ELL,de_wilcoxon_sig_jaccard,0.029077117572692796
ELOVL1,de_wilcoxon_sig_jaccard,0.04
EPRS,de_wilcoxon_sig_jaccard,0.004885993485342019
EXOC5,de_wilcoxon_sig_jaccard,0.0
EXOSC3,de_wilcoxon_sig_jaccard,0.06717044500419815
EXOSC7,de_wilcoxon_sig_jaccard,0.0
FAM136A,de_wilcoxon_sig_jaccard,0.023786869647954328
FAU,de_wilcoxon_sig_jaccard,0.0199700449326011
FBRSL1,de_wilcoxon_sig_jaccard,0.01984126984126984
FBXL14,de_wilcoxon_sig_jaccard,0.03125
FNTA,de_wilcoxon_sig_jaccard,0.054858934169279
FOXS1,de_wilcoxon_sig_jaccard,0.03225806451612903
GCLC,de_wilcoxon_sig_jaccard,0.0
GINS1,de_wilcoxon_sig_jaccard,0.06471494607087827
GINS2,de_wilcoxon_sig_jaccard,0.011111111111111112
GPN1,de_wilcoxon_sig_jaccard,0.010395010395010396
GTF2H4,de_wilcoxon_sig_jaccard,0.0
GTF3C1,de_wilcoxon_sig_jaccard,0.0
GTF3C6,de_wilcoxon_sig_jaccard,0.0
GYG1,de_wilcoxon_sig_jaccard,0.0
HARS,de_wilcoxon_sig_jaccard,0.07302405498281787
HAUS8,de_wilcoxon_sig_jaccard,0.0
HHEX,de_wilcoxon_sig_jaccard,0.0
HJURP,de_wilcoxon_sig_jaccard,0.016129032258064516
HMBOX1,de_wilcoxon_sig_jaccard,0.0
HNRNPA1,de_wilcoxon_sig_jaccard,0.06666666666666667
HNRNPK,de_wilcoxon_sig_jaccard,0.04838709677419355
HOXA3,de_wilcoxon_sig_jaccard,0.0
HSPE1,de_wilcoxon_sig_jaccard,0.10117939168218498
INTS1,de_wilcoxon_sig_jaccard,0.0
INTS3,de_wilcoxon_sig_jaccard,0.059639389736477116
INTS4,de_wilcoxon_sig_jaccard,0.06060606060606061
INTS9,de_wilcoxon_sig_jaccard,0.05110497237569061
IPO7,de_wilcoxon_sig_jaccard,0.01694915254237288
ISCU,de_wilcoxon_sig_jaccard,0.014285714285714285
ISG20L2,de_wilcoxon_sig_jaccard,0.04827031375703942
JMJD6,de_wilcoxon_sig_jaccard,0.0
KIF11,de_wilcoxon_sig_jaccard,0.0
LRR1,de_wilcoxon_sig_jaccard,0.0
LRRC37A3,de_wilcoxon_sig_jaccard,0.0
LSM5,de_wilcoxon_sig_jaccard,0.02040816326530612
LST1,de_wilcoxon_sig_jaccard,0.0
LTBP3,de_wilcoxon_sig_jaccard,0.0
LTV1,de_wilcoxon_sig_jaccard,0.013901760889712697
MBTPS1,de_wilcoxon_sig_jaccard,0.022988505747126436
MBTPS2,de_wilcoxon_sig_jaccard,0.075
MCM3AP,de_wilcoxon_sig_jaccard,0.0
MCMBP,de_wilcoxon_sig_jaccard,0.02631578947368421
MDN1,de_wilcoxon_sig_jaccard,0.051517290049400144
MED21,de_wilcoxon_sig_jaccard,0.06898954703832752
MEIS3,de_wilcoxon_sig_jaccard,0.014285714285714285
MFN2,de_wilcoxon_sig_jaccard,0.0
MIER1,de_wilcoxon_sig_jaccard,0.024390243902439025
MKRN1,de_wilcoxon_sig_jaccard,0.0
MLLT6,de_wilcoxon_sig_jaccard,0.04524886877828054
MPHOSPH10,de_wilcoxon_sig_jaccard,0.0360082304526749
MRPL35,de_wilcoxon_sig_jaccard,0.11394769613947696
MRPL36,de_wilcoxon_sig_jaccard,0.11536050156739812
MRPL38,de_wilcoxon_sig_jaccard,0.17142857142857143
MRPS17,de_wilcoxon_sig_jaccard,0.041666666666666664
MRPS6,de_wilcoxon_sig_jaccard,0.03225806451612903
MTBP,de_wilcoxon_sig_jaccard,0.011627906976744186
MVK,de_wilcoxon_sig_jaccard,0.02830188679245283
MYBBP1A,de_wilcoxon_sig_jaccard,0.02564102564102564
MYBL2,de_wilcoxon_sig_jaccard,0.01728395061728395
NAA35,de_wilcoxon_sig_jaccard,0.0
NAA50,de_wilcoxon_sig_jaccard,0.0
NAGLU,de_wilcoxon_sig_jaccard,0.0
NARS,de_wilcoxon_sig_jaccard,0.07122774133083412
NBEAL1,de_wilcoxon_sig_jaccard,0.0
NCAPD2,de_wilcoxon_sig_jaccard,0.0
NFRKB,de_wilcoxon_sig_jaccard,0.0
NFYB,de_wilcoxon_sig_jaccard,0.0
NFYC,de_wilcoxon_sig_jaccard,0.06239600665557404
NOC4L,de_wilcoxon_sig_jaccard,0.03553299492385787
NOMO1,de_wilcoxon_sig_jaccard,0.08695652173913043
NRBP1,de_wilcoxon_sig_jaccard,0.014084507042253521
NUP153,de_wilcoxon_sig_jaccard,0.007936507936507936
NUP160,de_wilcoxon_sig_jaccard,0.0
NUP35,de_wilcoxon_sig_jaccard,0.0
NUP88,de_wilcoxon_sig_jaccard,0.03335097935415564
NVL,de_wilcoxon_sig_jaccard,0.026473099914602904
OGFOD1,de_wilcoxon_sig_jaccard,0.022222222222222223
OLFML3,de_wilcoxon_sig_jaccard,0.0
OR1E2,de_wilcoxon_sig_jaccard,0.0
ORC1,de_wilcoxon_sig_jaccard,0.015384615384615385
ORC5,de_wilcoxon_sig_jaccard,0.021739130434782608
PARS2,de_wilcoxon_sig_jaccard,0.09523809523809523
PC,de_wilcoxon_sig_jaccard,0.0
PCBP1,de_wilcoxon_sig_jaccard,0.022151898734177215
PDCD6IP,de_wilcoxon_sig_jaccard,0.0
PEX19,de_wilcoxon_sig_jaccard,0.0
PGAM5,de_wilcoxon_sig_jaccard,0.14285714285714285
PGK1,de_wilcoxon_sig_jaccard,0.0
PHF10,de_wilcoxon_sig_jaccard,0.03271028037383177
PI4KA,de_wilcoxon_sig_jaccard,0.03827751196172249
POLR1D,de_wilcoxon_sig_jaccard,0.007334963325183374
POLR2C,de_wilcoxon_sig_jaccard,0.00897226753670473
POLR2I,de_wilcoxon_sig_jaccard,0.04061784897025172
POLR2K,de_wilcoxon_sig_jaccard,0.11023930953315025
POLR2M,de_wilcoxon_sig_jaccard,0.028037383177570093
POLR3E,de_wilcoxon_sig_jaccard,0.09090909090909091
POP1,de_wilcoxon_sig_jaccard,0.029548989113530325
POP4,de_wilcoxon_sig_jaccard,0.01634320735444331
PPP1R8,de_wilcoxon_sig_jaccard,0.0
PPP2R1A,de_wilcoxon_sig_jaccard,0.02040816326530612
PPP6C,de_wilcoxon_sig_jaccard,0.11064189189189189
PRODH,de_wilcoxon_sig_jaccard,0.0
PRPF6,de_wilcoxon_sig_jaccard,0.023454157782515993
PRSS50,de_wilcoxon_sig_jaccard,0.0
PSMB2,de_wilcoxon_sig_jaccard,0.021568627450980392
PSMB5,de_wilcoxon_sig_jaccard,0.015498154981549815
PSMC4,de_wilcoxon_sig_jaccard,0.00904392764857881
PSMD14,de_wilcoxon_sig_jaccard,0.07114797031863815
PSMG3,de_wilcoxon_sig_jaccard,0.059782608695652176
PTPN1,de_wilcoxon_sig_jaccard,0.0
PUF60,de_wilcoxon_sig_jaccard,0.014354066985645933
PXN,de_wilcoxon_sig_jaccard,0.0625
RAB4A,de_wilcoxon_sig_jaccard,0.0
RABGGTB,de_wilcoxon_sig_jaccard,0.03275109170305677
RARS,de_wilcoxon_sig_jaccard,0.05825242718446602
RBBP5,de_wilcoxon_sig_jaccard,0.04229607250755287
RBM14-RBM4,de_wilcoxon_sig_jaccard,0.05413533834586466
RBM48,de_wilcoxon_sig_jaccard,0.0
RBX1,de_wilcoxon_sig_jaccard,0.020833333333333332
RCC1,de_wilcoxon_sig_jaccard,0.0
RFC2,de_wilcoxon_sig_jaccard,0.03676470588235294
RHPN1,de_wilcoxon_sig_jaccard,0.0
RNASEH2C,de_wilcoxon_sig_jaccard,0.0
RNF123,de_wilcoxon_sig_jaccard,0.0
RNF31,de_wilcoxon_sig_jaccard,0.029850746268656716
RNMT,de_wilcoxon_sig_jaccard,0.03937007874015748
RNPS1,de_wilcoxon_sig_jaccard,0.0
RPA3,de_wilcoxon_sig_jaccard,0.016047297297297296
RPAP1,de_wilcoxon_sig_jaccard,0.011929824561403509
RPAP2,de_wilcoxon_sig_jaccard,0.012671594508975714
RPAP3,de_wilcoxon_sig_jaccard,0.016489988221436984
RPL18A,de_wilcoxon_sig_jaccard,0.03036876355748373
RPL35,de_wilcoxon_sig_jaccard,0.0192806822395254
RPL36A,de_wilcoxon_sig_jaccard,0.02097902097902098
RPL4,de_wilcoxon_sig_jaccard,0.024372230428360415
RPL41,de_wilcoxon_sig_jaccard,0.0
RPP30,de_wilcoxon_sig_jaccard,0.054027504911591355
RPS20,de_wilcoxon_sig_jaccard,0.008611410118406888
RPS24,de_wilcoxon_sig_jaccard,0.07076923076923076
RPS27A,de_wilcoxon_sig_jaccard,0.1569649580075297
RPS6,de_wilcoxon_sig_jaccard,0.1148791860958033
RRP7A,de_wilcoxon_sig_jaccard,0.036243822075782535
RSL1D1,de_wilcoxon_sig_jaccard,0.045454545454545456
SART1,de_wilcoxon_sig_jaccard,0.00963855421686747
SCAF1,de_wilcoxon_sig_jaccard,0.0189873417721519
SCFD1,de_wilcoxon_sig_jaccard,0.0111731843575419
SDAD1,de_wilcoxon_sig_jaccard,0.03076923076923077
SEH1L,de_wilcoxon_sig_jaccard,0.011764705882352941
SEPHS2,de_wilcoxon_sig_jaccard,0.0
SEPSECS,de_wilcoxon_sig_jaccard,0.0
SETD1A,de_wilcoxon_sig_jaccard,0.030254777070063694
SETX,de_wilcoxon_sig_jaccard,0.0125
SF3B5,de_wilcoxon_sig_jaccard,0.03225806451612903
SLC7A6OS,de_wilcoxon_sig_jaccard,0.004048582995951417
SLU7,de_wilcoxon_sig_jaccard,0.13919855378125942
SNAPC5,de_wilcoxon_sig_jaccard,0.05
SNRNP48,de_wilcoxon_sig_jaccard,0.01282051282051282
SNRPC,de_wilcoxon_sig_jaccard,0.07817418677859392
SRCAP,de_wilcoxon_sig_jaccard,0.0
SRP14,de_wilcoxon_sig_jaccard,0.0625
SRP54,de_wilcoxon_sig_jaccard,0.016826923076923076
SRP72,de_wilcoxon_sig_jaccard,0.11711711711711711
SRP9,de_wilcoxon_sig_jaccard,0.058823529411764705
SRRM1,de_wilcoxon_sig_jaccard,0.030303030303030304
SYMPK,de_wilcoxon_sig_jaccard,0.022696929238985315
SYNGR3,de_wilcoxon_sig_jaccard,0.04878048780487805
TAF10,de_wilcoxon_sig_jaccard,0.04743833017077799
TAF3,de_wilcoxon_sig_jaccard,0.034220532319391636
TAF5,de_wilcoxon_sig_jaccard,0.06416464891041163
TAF7,de_wilcoxon_sig_jaccard,0.027093596059113302
TANGO6,de_wilcoxon_sig_jaccard,0.11205976520811099
TARS2,de_wilcoxon_sig_jaccard,0.13513513513513514
TBC1D28,de_wilcoxon_sig_jaccard,0.0
TBCD,de_wilcoxon_sig_jaccard,0.0
TBCE,de_wilcoxon_sig_jaccard,0.0
TBPL1,de_wilcoxon_sig_jaccard,0.015625
TERF2,de_wilcoxon_sig_jaccard,0.026881720430107527
TIMM10,de_wilcoxon_sig_jaccard,0.0
TKT,de_wilcoxon_sig_jaccard,0.0
TMX2,de_wilcoxon_sig_jaccard,0.00980392156862745
TNNT2,de_wilcoxon_sig_jaccard,0.0
TNRC6A,de_wilcoxon_sig_jaccard,0.049019607843137254
TPR,de_wilcoxon_sig_jaccard,0.02046783625730994
TRAPPC5,de_wilcoxon_sig_jaccard,0.01098901098901099
TSEN2,de_wilcoxon_sig_jaccard,0.08450704225352113
TSPYL5,de_wilcoxon_sig_jaccard,0.07142857142857142
TUBD1,de_wilcoxon_sig_jaccard,0.0
TUBGCP2,de_wilcoxon_sig_jaccard,0.0
TUT1,de_wilcoxon_sig_jaccard,0.0
UBA52,de_wilcoxon_sig_jaccard,0.012422360248447204
UBE2L3,de_wilcoxon_sig_jaccard,0.0
UBQLN4,de_wilcoxon_sig_jaccard,0.007847533632286996
UHRF1,de_wilcoxon_sig_jaccard,0.03333333333333333
UQCRC1,de_wilcoxon_sig_jaccard,0.0
URI1,de_wilcoxon_sig_jaccard,0.030513176144244106
USP14,de_wilcoxon_sig_jaccard,0.029411764705882353
USP37,de_wilcoxon_sig_jaccard,0.0
USP39,de_wilcoxon_sig_jaccard,0.0148975791433892
UTP15,de_wilcoxon_sig_jaccard,0.024407252440725245
UTP20,de_wilcoxon_sig_jaccard,0.04757281553398058
VARS,de_wilcoxon_sig_jaccard,0.06291834002677377
VPS54,de_wilcoxon_sig_jaccard,0.0
WBP11,de_wilcoxon_sig_jaccard,0.0
WDHD1,de_wilcoxon_sig_jaccard,0.0
WDR26,de_wilcoxon_sig_jaccard,0.044444444444444446
WDR43,de_wilcoxon_sig_jaccard,0.01726844583987441
WDTC1,de_wilcoxon_sig_jaccard,0.0
WTAP,de_wilcoxon_sig_jaccard,0.009433962264150943
YRDC,de_wilcoxon_sig_jaccard,0.02564102564102564
YTHDC1,de_wilcoxon_sig_jaccard,0.006968641114982578
ZC3H13,de_wilcoxon_sig_jaccard,0.07376362112321877
ZCCHC9,de_wilcoxon_sig_jaccard,0.044072948328267476
ZMAT2,de_wilcoxon_sig_jaccard,0.03340080971659919
ZNF207,de_wilcoxon_sig_jaccard,0.0
ZNF720,de_wilcoxon_sig_jaccard,0.0
ZNF763,de_wilcoxon_sig_jaccard,0.0
ZNF84,de_wilcoxon_sig_jaccard,0.008103727714748784
ZNRD1,de_wilcoxon_sig_jaccard,0.02107728337236534
ACIN1,pds_cosine,0.912751677852349
ACTR2,pds_cosine,0.9563758389261745
ACTR6,pds_cosine,0.9966442953020134
ADAM10,pds_cosine,1.0
AGBL5,pds_cosine,0.825503355704698
AKIRIN2,pds_cosine,0.459731543624161
ANAPC13,pds_cosine,0.6644295302013423
ATP11B,pds_cosine,0.9966442953020134
ATP2A2,pds_cosine,0.6879194630872483
ATP5MF,pds_cosine,0.9899328859060402
AURKAIP1,pds_cosine,0.325503355704698
BARD1,pds_cosine,0.38590604026845643
BCAR1,pds_cosine,0.8926174496644296
BMS1,pds_cosine,0.9496644295302014
BORA,pds_cosine,0.6174496644295302
BPTF,pds_cosine,0.9832214765100671
BRD2,pds_cosine,0.7885906040268457
BTF3,pds_cosine,1.0
C16orf86,pds_cosine,0.4395973154362416
C6orf15,pds_cosine,0.3389261744966443
C7orf26,pds_cosine,1.0
CA5A,pds_cosine,0.9731543624161074
CABIN1,pds_cosine,0.761744966442953
CACNB3,pds_cosine,0.8859060402684564
CADM4,pds_cosine,0.6375838926174497
CBLN1,pds_cosine,0.7953020134228188
CBX1,pds_cosine,0.8624161073825504
CCDC130,pds_cosine,0.5738255033557047
CCNK,pds_cosine,0.49664429530201337
CDC20,pds_cosine,0.7550335570469798
CDC6,pds_cosine,0.12416107382550334
CDCA5,pds_cosine,0.18456375838926176
CENPJ,pds_cosine,0.9161073825503355
CENPK,pds_cosine,0.22483221476510062
CENPP,pds_cosine,0.889261744966443
CEP85,pds_cosine,0.848993288590604
CFDP1,pds_cosine,0.9966442953020134
CHMP6,pds_cosine,1.0
CHTF18,pds_cosine,0.6912751677852349
CKAP5,pds_cosine,0.5167785234899329
COG6,pds_cosine,0.8959731543624161
COPS2,pds_cosine,0.9966442953020134
COPS4,pds_cosine,0.8691275167785235
CPSF1,pds_cosine,0.9966442953020134
CPSF3,pds_cosine,1.0
CSE1L,pds_cosine,1.0
CSH2,pds_cosine,0.7583892617449665
CSNK2B,pds_cosine,1.0
CSTF1,pds_cosine,1.0
CSTF3,pds_cosine,1.0
CTU2,pds_cosine,0.9496644295302014
CUL7,pds_cosine,0.43624161073825507
CYS1,pds_cosine,0.8557046979865772
DAP3,pds_cosine,0.9530201342281879
DCTN1,pds_cosine,0.5604026845637584
DCUN1D5,pds_cosine,0.44966442953020136
DDX19B,pds_cosine,0.7248322147651007
DDX21,pds_cosine,0.9228187919463087
DDX27,pds_cosine,0.8993288590604027
DDX5,pds_cosine,0.9731543624161074
DENR,pds_cosine,0.9731543624161074
DESI1,pds_cosine,0.7046979865771812
DHX16,pds_cosine,0.9362416107382551
DHX37,pds_cosine,0.7046979865771812
DNAJA1,pds_cosine,0.5973154362416108
DNAJA3,pds_cosine,0.9865771812080537
DNTTIP2,pds_cosine,0.9798657718120806
DYNC1I2,pds_cosine,0.2751677852348994
DYNLL2,pds_cosine,0.5805369127516778
E4F1,pds_cosine,0.7651006711409396
EEF2,pds_cosine,0.7315436241610738
EFR3A,pds_cosine,0.0738255033557047
EIF3B,pds_cosine,0.9966442953020134
EIF4B,pds_cosine,0.8859060402684564
EIF4H,pds_cosine,0.9899328859060402
ELL,pds_cosine,1.0
ELOVL1,pds_cosine,0.5402684563758389
EPRS,pds_cosine,0.9932885906040269
EXOC5,pds_cosine,0.9530201342281879
EXOSC3,pds_cosine,1.0
EXOSC7,pds_cosine,1.0
FAM136A,pds_cosine,0.9362416107382551
FAU,pds_cosine,0.9966442953020134
FBRSL1,pds_cosine,0.9731543624161074
FBXL14,pds_cosine,0.44966442953020136
FNTA,pds_cosine,0.9697986577181208
FOXS1,pds_cosine,1.0
GCLC,pds_cosine,0.9932885906040269
GINS1,pds_cosine,1.0
GINS2,pds_cosine,0.9966442953020134
GPN1,pds_cosine,0.9765100671140939
GTF2H4,pds_cosine,0.9496644295302014
GTF3C1,pds_cosine,0.9664429530201343
GTF3C6,pds_cosine,0.6812080536912752
GYG1,pds_cosine,0.7449664429530201
HARS,pds_cosine,1.0
HAUS8,pds_cosine,0.8087248322147651
HHEX,pds_cosine,0.87248322147651
HJURP,pds_cosine,0.8355704697986577
HMBOX1,pds_cosine,0.6073825503355705
HNRNPA1,pds_cosine,1.0
HNRNPK,pds_cosine,1.0
HOXA3,pds_cosine,0.9228187919463087
HSPE1,pds_cosine,0.9899328859060402
INTS1,pds_cosine,0.6342281879194631
INTS3,pds_cosine,0.9731543624161074
INTS4,pds_cosine,0.9966442953020134
INTS9,pds_cosine,0.9899328859060402
IPO7,pds_cosine,0.7986577181208054
ISCU,pds_cosine,0.3993288590604027
ISG20L2,pds_cosine,0.9060402684563759
JMJD6,pds_cosine,0.5369127516778524
KIF11,pds_cosine,0.7516778523489933
LRR1,pds_cosine,0.8221476510067114
LRRC37A3,pds_cosine,0.9563758389261745
LSM5,pds_cosine,0.9798657718120806
LST1,pds_cosine,0.6912751677852349
LTBP3,pds_cosine,0.87248322147651
LTV1,pds_cosine,0.9630872483221476
MBTPS1,pds_cosine,0.9932885906040269
MBTPS2,pds_cosine,0.9228187919463087
MCM3AP,pds_cosine,1.0
MCMBP,pds_cosine,1.0
MDN1,pds_cosine,0.9228187919463087
MED21,pds_cosine,1.0
MEIS3,pds_cosine,1.0
MFN2,pds_cosine,0.5167785234899329
MIER1,pds_cosine,0.6711409395973154
MKRN1,pds_cosine,0.7751677852348993
MLLT6,pds_cosine,0.8322147651006712
MPHOSPH10,pds_cosine,0.9597315436241611
MRPL35,pds_cosine,0.9966442953020134
MRPL36,pds_cosine,1.0
MRPL38,pds_cosine,0.8389261744966443
MRPS17,pds_cosine,0.9161073825503355
MRPS6,pds_cosine,0.738255033557047
MTBP,pds_cosine,0.8288590604026845
MVK,pds_cosine,1.0
MYBBP1A,pds_cosine,0.9328859060402684
MYBL2,pds_cosine,0.889261744966443
NAA35,pds_cosine,0.7348993288590604
NAA50,pds_cosine,0.8758389261744967
NAGLU,pds_cosine,0.7449664429530201
NARS,pds_cosine,1.0
NBEAL1,pds_cosine,0.5738255033557047
NCAPD2,pds_cosine,0.6711409395973154
NFRKB,pds_cosine,1.0
NFYB,pds_cosine,0.9664429530201343
NFYC,pds_cosine,0.9899328859060402
NOC4L,pds_cosine,0.587248322147651
NOMO1,pds_cosine,0.889261744966443
NRBP1,pds_cosine,0.7416107382550335
NUP153,pds_cosine,0.8959731543624161
NUP160,pds_cosine,0.785234899328859
NUP35,pds_cosine,0.9765100671140939
NUP88,pds_cosine,0.9832214765100671
NVL,pds_cosine,0.9328859060402684
OGFOD1,pds_cosine,1.0
OLFML3,pds_cosine,0.9798657718120806
OR1E2,pds_cosine,0.4530201342281879
ORC1,pds_cosine,0.41946308724832215
ORC5,pds_cosine,0.8926174496644296
PARS2,pds_cosine,0.9899328859060402
PC,pds_cosine,0.8758389261744967
PCBP1,pds_cosine,1.0
PDCD6IP,pds_cosine,0.7818791946308725
PEX19,pds_cosine,0.03355704697986572
PGAM5,pds_cosine,0.9899328859060402
PGK1,pds_cosine,0.4664429530201343
PHF10,pds_cosine,1.0
PI4KA,pds_cosine,0.651006711409396
POLR1D,pds_cosine,0.7583892617449665
POLR2C,pds_cosine,0.9664429530201343
POLR2I,pds_cosine,0.9966442953020134
POLR2K,pds_cosine,0.9731543624161074
POLR2M,pds_cosine,0.8187919463087249
POLR3E,pds_cosine,0.8355704697986577
POP1,pds_cosine,0.5771812080536913
POP4,pds_cosine,0.9295302013422819
PPP1R8,pds_cosine,1.0
PPP2R1A,pds_cosine,0.9261744966442953
PPP6C,pds_cosine,0.4093959731543624
PRODH,pds_cosine,0.87248322147651
PRPF6,pds_cosine,0.9932885906040269
PRSS50,pds_cosine,0.6610738255033557
PSMB2,pds_cosine,0.9597315436241611
PSMB5,pds_cosine,0.14429530201342278
PSMC4,pds_cosine,0.9832214765100671
PSMD14,pds_cosine,0.9362416107382551
PSMG3,pds_cosine,0.9966442953020134
PTPN1,pds_cosine,0.5436241610738255
PUF60,pds_cosine,1.0
PXN,pds_cosine,0.889261744966443
RAB4A,pds_cosine,0.49664429530201337
RABGGTB,pds_cosine,0.9865771812080537
RARS,pds_cosine,0.9865771812080537
RBBP5,pds_cosine,1.0
RBM14-RBM4,pds_cosine,1.0
RBM48,pds_cosine,0.9899328859060402
RBX1,pds_cosine,0.7718120805369127
RCC1,pds_cosine,0.8154362416107382
RFC2,pds_cosine,0.9899328859060402
RHPN1,pds_cosine,0.5436241610738255
RNASEH2C,pds_cosine,0.9966442953020134
RNF123,pds_cosine,0.5570469798657718
RNF31,pds_cosine,0.9731543624161074
RNMT,pds_cosine,1.0
RNPS1,pds_cosine,0.7583892617449665
RPA3,pds_cosine,0.9295302013422819
RPAP1,pds_cosine,1.0
RPAP2,pds_cosine,0.9530201342281879
RPAP3,pds_cosine,0.9295302013422819
RPL18A,pds_cosine,0.9865771812080537
RPL35,pds_cosine,0.9932885906040269
RPL36A,pds_cosine,0.9664429530201343
RPL4,pds_cosine,0.9798657718120806
RPL41,pds_cosine,0.9697986577181208
RPP30,pds_cosine,0.9395973154362416
RPS20,pds_cosine,0.9932885906040269
RPS24,pds_cosine,0.9865771812080537
RPS27A,pds_cosine,0.9899328859060402
RPS6,pds_cosine,0.9932885906040269
RRP7A,pds_cosine,0.9026845637583892
RSL1D1,pds_cosine,0.5704697986577181
SART1,pds_cosine,1.0
SCAF1,pds_cosine,0.738255033557047
SCFD1,pds_cosine,0.7046979865771812
SDAD1,pds_cosine,0.9328859060402684
SEH1L,pds_cosine,0.35906040268456374
SEPHS2,pds_cosine,0.9026845637583892
SEPSECS,pds_cosine,0.9261744966442953
SETD1A,pds_cosine,1.0
SETX,pds_cosine,0.9295302013422819
SF3B5,pds_cosine,0.5771812080536913
SLC7A6OS,pds_cosine,0.9865771812080537
SLU7,pds_cosine,0.8993288590604027
SNAPC5,pds_cosine,0.6711409395973154
SNRNP48,pds_cosine,0.8422818791946309
SNRPC,pds_cosine,1.0
SRCAP,pds_cosine,0.49664429530201337
SRP14,pds_cosine,1.0
SRP54,pds_cosine,0.9899328859060402
SRP72,pds_cosine,1.0
SRP9,pds_cosine,0.8087248322147651
SRRM1,pds_cosine,0.9899328859060402
SYMPK,pds_cosine,0.9261744966442953
SYNGR3,pds_cosine,1.0
TAF10,pds_cosine,0.9966442953020134
TAF3,pds_cosine,1.0
TAF5,pds_cosine,1.0
TAF7,pds_cosine,1.0
TANGO6,pds_cosine,1.0
TARS2,pds_cosine,0.9798657718120806
TBC1D28,pds_cosine,0.1610738255033557
TBCD,pds_cosine,0.9228187919463087
TBCE,pds_cosine,0.8791946308724832
TBPL1,pds_cosine,0.6275167785234899
TERF2,pds_cosine,0.9966442953020134
TIMM10,pds_cosine,0.5033557046979866
TKT,pds_cosine,0.6006711409395973
TMX2,pds_cosine,0.9731543624161074
TNNT2,pds_cosine,0.8590604026845637
TNRC6A,pds_cosine,0.9228187919463087
TPR,pds_cosine,0.8322147651006712
TRAPPC5,pds_cosine,0.9731543624161074
TSEN2,pds_cosine,0.9899328859060402
TSPYL5,pds_cosine,0.6006711409395973
TUBD1,pds_cosine,0.08389261744966447
TUBGCP2,pds_cosine,0.6610738255033557
TUT1,pds_cosine,0.3691275167785235
UBA52,pds_cosine,0.9832214765100671
UBE2L3,pds_cosine,0.6476510067114094
UBQLN4,pds_cosine,0.3926174496644296
UHRF1,pds_cosine,0.7214765100671141
UQCRC1,pds_cosine,0.6275167785234899
URI1,pds_cosine,1.0
USP14,pds_cosine,0.9093959731543624
USP37,pds_cosine,0.9865771812080537
USP39,pds_cosine,0.9731543624161074
UTP15,pds_cosine,0.8791946308724832
UTP20,pds_cosine,0.9261744966442953
VARS,pds_cosine,1.0
VPS54,pds_cosine,0.714765100671141
WBP11,pds_cosine,0.9563758389261745
WDHD1,pds_cosine,0.9798657718120806
WDR26,pds_cosine,0.9966442953020134
WDR43,pds_cosine,0.6946308724832215
WDTC1,pds_cosine,0.6879194630872483
WTAP,pds_cosine,1.0
YRDC,pds_cosine,0.761744966442953
YTHDC1,pds_cosine,0.8087248322147651
ZC3H13,pds_cosine,1.0
ZCCHC9,pds_cosine,0.5436241610738255
ZMAT2,pds_cosine,1.0
ZNF207,pds_cosine,0.5838926174496644
ZNF720,pds_cosine,0.8523489932885906
ZNF763,pds_cosine,0.9966442953020134
ZNF84,pds_cosine,0.9664429530201343
ZNRD1,pds_cosine,0.7953020134228188
ACIN1,expr_mse_unbiased,0.0035338816050447647
ACTR2,expr_mse_unbiased,-0.0001627158900259345
ACTR6,expr_mse_unbiased,0.013083020137719297
ADAM10,expr_mse_unbiased,0.01379295419247716
AGBL5,expr_mse_unbiased,0.004824391389712755
AKIRIN2,expr_mse_unbiased,0.008101968125369084
ANAPC13,expr_mse_unbiased,0.0036877432010484655
ATP11B,expr_mse_unbiased,0.01900820695962422
ATP2A2,expr_mse_unbiased,0.00435926760425427
ATP5MF,expr_mse_unbiased,0.013808767974072779
AURKAIP1,expr_mse_unbiased,0.0051172643202405535
BARD1,expr_mse_unbiased,0.0022917664473237867
BCAR1,expr_mse_unbiased,0.0012818178777765578
BMS1,expr_mse_unbiased,0.05241866086637056
BORA,expr_mse_unbiased,0.007635012441640573
BPTF,expr_mse_unbiased,0.010440091392235814
BRD2,expr_mse_unbiased,0.007570401209388029
BTF3,expr_mse_unbiased,0.010218948301568052
C16orf86,expr_mse_unbiased,0.0007363138245123519
C6orf15,expr_mse_unbiased,0.0010309787004712618
C7orf26,expr_mse_unbiased,0.008435689565577994
CA5A,expr_mse_unbiased,0.0005160164606886652
CABIN1,expr_mse_unbiased,0.004708967725510649
CACNB3,expr_mse_unbiased,-0.0002360162906884386
CADM4,expr_mse_unbiased,0.0001346296032751992
CBLN1,expr_mse_unbiased,0.003511185727724988
CBX1,expr_mse_unbiased,0.0014111850174274062
CCDC130,expr_mse_unbiased,0.0028582708703280297
CCNK,expr_mse_unbiased,0.0022661493552858726
CDC20,expr_mse_unbiased,0.00454104961530772
CDC6,expr_mse_unbiased,0.027803487390760287
CDCA5,expr_mse_unbiased,0.00959232579440325
CENPJ,expr_mse_unbiased,0.03274000041802957
CENPK,expr_mse_unbiased,0.008672919524741356
CENPP,expr_mse_unbiased,0.022879316497169386
CEP85,expr_mse_unbiased,0.002200120111433966
CFDP1,expr_mse_unbiased,0.0018941398554767972
CHMP6,expr_mse_unbiased,0.04161846729796546
CHTF18,expr_mse_unbiased,0.0019009837834021832
CKAP5,expr_mse_unbiased,-0.0003774039487930786
COG6,expr_mse_unbiased,0.0017103809091525105
COPS2,expr_mse_unbiased,0.02321000495089654
COPS4,expr_mse_unbiased,0.020852150160234575
CPSF1,expr_mse_unbiased,0.022243207330010888
CPSF3,expr_mse_unbiased,0.013223247322925232
CSE1L,expr_mse_unbiased,0.039221406096265746
CSH2,expr_mse_unbiased,0.002370632129831699
CSNK2B,expr_mse_unbiased,0.022403258456735974
CSTF1,expr_mse_unbiased,0.012852103055067982
CSTF3,expr_mse_unbiased,0.025942955013482594
CTU2,expr_mse_unbiased,0.005107438841515646
CUL7,expr_mse_unbiased,0.028546376327076847
CYS1,expr_mse_unbiased,0.0016638403991664293
DAP3,expr_mse_unbiased,0.006683161408673332
DCTN1,expr_mse_unbiased,0.002643660005026642
DCUN1D5,expr_mse_unbiased,0.03253111846567694
DDX19B,expr_mse_unbiased,0.0005393976590943898
DDX21,expr_mse_unbiased,0.03965077120361186
DDX27,expr_mse_unbiased,0.02910844754057406
DDX5,expr_mse_unbiased,0.009961712934881625
DENR,expr_mse_unbiased,0.0037104026508972014
DESI1,expr_mse_unbiased,0.006246809429252465
DHX16,expr_mse_unbiased,0.041122361884491046
DHX37,expr_mse_unbiased,0.008187176003727214
DNAJA1,expr_mse_unbiased,0.0005065010623426607
DNAJA3,expr_mse_unbiased,0.006076224496341671
DNTTIP2,expr_mse_unbiased,0.0693869163119441
DYNC1I2,expr_mse_unbiased,0.005283764176214005
DYNLL2,expr_mse_unbiased,0.005417467728060193
E4F1,expr_mse_unbiased,0.013045639794216813
EEF2,expr_mse_unbiased,0.004512996780476736
EFR3A,expr_mse_unbiased,0.01737767813024081
EIF3B,expr_mse_unbiased,0.08627133637187771
EIF4B,expr_mse_unbiased,0.006108891343627265
EIF4H,expr_mse_unbiased,0.0023958137554496205
ELL,expr_mse_unbiased,0.007950448366211489
ELOVL1,expr_mse_unbiased,0.00189581837459357
EPRS,expr_mse_unbiased,0.040908519361403904
EXOC5,expr_mse_unbiased,0.003169650366264965
EXOSC3,expr_mse_unbiased,0.037466556027675034
EXOSC7,expr_mse_unbiased,0.010097334337143143
FAM136A,expr_mse_unbiased,0.009111126330886104
FAU,expr_mse_unbiased,0.05874183464400487
FBRSL1,expr_mse_unbiased,0.020237432458803873
FBXL14,expr_mse_unbiased,0.01170233591935334
FNTA,expr_mse_unbiased,0.01469311263967704
FOXS1,expr_mse_unbiased,0.004365356017947001
GCLC,expr_mse_unbiased,0.00023200623912586967
GINS1,expr_mse_unbiased,0.017474714631525938
GINS2,expr_mse_unbiased,0.012971472884159398
GPN1,expr_mse_unbiased,0.024054900976849914
GTF2H4,expr_mse_unbiased,0.007956063418880045
GTF3C1,expr_mse_unbiased,0.0014835506648251306
GTF3C6,expr_mse_unbiased,0.0020187062245507195
GYG1,expr_mse_unbiased,0.0014062180645299743
HARS,expr_mse_unbiased,0.04487363316105555
HAUS8,expr_mse_unbiased,0.002745722724536436
HHEX,expr_mse_unbiased,0.0048803969881818544
HJURP,expr_mse_unbiased,0.0034863501635739166
HMBOX1,expr_mse_unbiased,0.0052631964559399546
HNRNPA1,expr_mse_unbiased,0.004090840500862074
HNRNPK,expr_mse_unbiased,0.03461919510593973
HOXA3,expr_mse_unbiased,0.000829524360766934
HSPE1,expr_mse_unbiased,0.0495836908339207
INTS1,expr_mse_unbiased,0.0016118661504280606
INTS3,expr_mse_unbiased,0.019714175358191765
INTS4,expr_mse_unbiased,0.04181147976065768
INTS9,expr_mse_unbiased,0.020710786238784556
IPO7,expr_mse_unbiased,0.005801445402336042
ISCU,expr_mse_unbiased,0.005962510244266638
ISG20L2,expr_mse_unbiased,0.04947910872029293
JMJD6,expr_mse_unbiased,0.0010164043033254568
KIF11,expr_mse_unbiased,0.001781372022372229
LRR1,expr_mse_unbiased,0.0060750503151865256
LRRC37A3,expr_mse_unbiased,0.0026745482596849226
LSM5,expr_mse_unbiased,0.012360059336575708
LST1,expr_mse_unbiased,0.007073193401919842
LTBP3,expr_mse_unbiased,0.0009484868947922643
LTV1,expr_mse_unbiased,0.06366764969828514
MBTPS1,expr_mse_unbiased,0.00779769597528571
MBTPS2,expr_mse_unbiased,0.0031766748806717434
MCM3AP,expr_mse_unbiased,0.005084006416475178
MCMBP,expr_mse_unbiased,0.010454357785016133
MDN1,expr_mse_unbiased,0.06413107700025132
MED21,expr_mse_unbiased,0.04071810321339691
MEIS3,expr_mse_unbiased,0.00480274912162523
MFN2,expr_mse_unbiased,0.003319164243050879
MIER1,expr_mse_unbiased,0.003404322409616112
MKRN1,expr_mse_unbiased,0.002471432136464631
MLLT6,expr_mse_unbiased,0.010553925719598933
MPHOSPH10,expr_mse_unbiased,0.033525794955082955
MRPL35,expr_mse_unbiased,0.011156497500733161
MRPL36,expr_mse_unbiased,0.008211408187339737
MRPL38,expr_mse_unbiased,0.0041777889843480605
MRPS17,expr_mse_unbiased,0.006573998979022154
MRPS6,expr_mse_unbiased,0.003163481252026298
MTBP,expr_mse_unbiased,0.03139334910448875
MVK,expr_mse_unbiased,0.001946986676543117
MYBBP1A,expr_mse_unbiased,0.03449355825237203
MYBL2,expr_mse_unbiased,0.011136703280886687
NAA35,expr_mse_unbiased,0.004571749162276218
NAA50,expr_mse_unbiased,0.003992659537324902
NAGLU,expr_mse_unbiased,0.0007402822977977213
NARS,expr_mse_unbiased,0.03638835230884362
NBEAL1,expr_mse_unbiased,0.0004571003413406693
NCAPD2,expr_mse_unbiased,0.010661864493889386
NFRKB,expr_mse_unbiased,0.005505624762272749
NFYB,expr_mse_unbiased,0.007989513207408417
NFYC,expr_mse_unbiased,0.03401112843438021
NOC4L,expr_mse_unbiased,0.03923314132406311
NOMO1,expr_mse_unbiased,0.0019391467118105045
NRBP1,expr_mse_unbiased,0.013838148472013758
NUP153,expr_mse_unbiased,0.006756394989351453
NUP160,expr_mse_unbiased,0.020552610522023586
NUP35,expr_mse_unbiased,0.003463260716145345
NUP88,expr_mse_unbiased,0.02136379432628334
NVL,expr_mse_unbiased,0.06137233639068587
OGFOD1,expr_mse_unbiased,0.009669615306084062
OLFML3,expr_mse_unbiased,0.002398280081298347
OR1E2,expr_mse_unbiased,0.00644160597238343
ORC1,expr_mse_unbiased,0.009788611007261881
ORC5,expr_mse_unbiased,0.005582299445725081
PARS2,expr_mse_unbiased,0.00607492534517866
PC,expr_mse_unbiased,-0.00032077912602643233
PCBP1,expr_mse_unbiased,0.02122871425889204
PDCD6IP,expr_mse_unbiased,0.00044352783072248574
PEX19,expr_mse_unbiased,0.0056058709063932
PGAM5,expr_mse_unbiased,0.008959402803175913
PGK1,expr_mse_unbiased,0.00575440608542514
PHF10,expr_mse_unbiased,0.021522293822220918
PI4KA,expr_mse_unbiased,0.00465800773339794
POLR1D,expr_mse_unbiased,0.029235683122147214
POLR2C,expr_mse_unbiased,0.04721272070053201
POLR2I,expr_mse_unbiased,0.0693334768195745
POLR2K,expr_mse_unbiased,0.057534879870428705
POLR2M,expr_mse_unbiased,0.009745125566204771
POLR3E,expr_mse_unbiased,0.0027320036312256457
POP1,expr_mse_unbiased,0.04489961909000836
POP4,expr_mse_unbiased,0.04214723735375617
PPP1R8,expr_mse_unbiased,0.008071771616792206
PPP2R1A,expr_mse_unbiased,0.002890920969222984
PPP6C,expr_mse_unbiased,0.008533198550255819
PRODH,expr_mse_unbiased,2.5137925001172873e-05
PRPF6,expr_mse_unbiased,0.015132387273319954
PRSS50,expr_mse_unbiased,0.0012750639984271525
PSMB2,expr_mse_unbiased,0.1398817967740229
PSMB5,expr_mse_unbiased,0.14497336162107355
PSMC4,expr_mse_unbiased,0.12594134524603848
PSMD14,expr_mse_unbiased,0.08761795059325687
PSMG3,expr_mse_unbiased,0.004872128443680404
PTPN1,expr_mse_unbiased,0.006283078660775954
PUF60,expr_mse_unbiased,0.01810152488035925
PXN,expr_mse_unbiased,0.004175751146608218
RAB4A,expr_mse_unbiased,0.002654946621781582
RABGGTB,expr_mse_unbiased,0.018110699102530034
RARS,expr_mse_unbiased,0.014749058754093138
RBBP5,expr_mse_unbiased,0.023590751125161385
RBM14-RBM4,expr_mse_unbiased,0.008634924263513404
RBM48,expr_mse_unbiased,0.010490108369083644
RBX1,expr_mse_unbiased,0.01639121886955746
RCC1,expr_mse_unbiased,0.0039152957555638355
RFC2,expr_mse_unbiased,0.014343128740620345
RHPN1,expr_mse_unbiased,0.0004859217276945698
RNASEH2C,expr_mse_unbiased,0.003967197368870048
RNF123,expr_mse_unbiased,0.0007020268322442153
RNF31,expr_mse_unbiased,0.0068175669731609856
RNMT,expr_mse_unbiased,0.0055532081270151055
RNPS1,expr_mse_unbiased,0.0008112151465437628
RPA3,expr_mse_unbiased,0.04379643828899544
RPAP1,expr_mse_unbiased,0.07063569067512072
RPAP2,expr_mse_unbiased,0.034874068395373194
RPAP3,expr_mse_unbiased,0.039945924245268966
RPL18A,expr_mse_unbiased,0.05703659253205935
RPL35,expr_mse_unbiased,0.11018428451921031
RPL36A,expr_mse_unbiased,0.018688868174699738
RPL4,expr_mse_unbiased,0.09718634488483494
RPL41,expr_mse_unbiased,0.005076836703832166
RPP30,expr_mse_unbiased,0.026487105208053575
RPS20,expr_mse_unbiased,0.06390806189429254
RPS24,expr_mse_unbiased,0.04709826116093492
RPS27A,expr_mse_unbiased,0.0732863284556883
RPS6,expr_mse_unbiased,0.06183486957290679
RRP7A,expr_mse_unbiased,0.031577236092299364
RSL1D1,expr_mse_unbiased,0.009301583181767565
SART1,expr_mse_unbiased,0.0685211172074478
SCAF1,expr_mse_unbiased,0.016436471517283315
SCFD1,expr_mse_unbiased,0.018706886559500167
SDAD1,expr_mse_unbiased,0.06378642961619833
SEH1L,expr_mse_unbiased,0.009846948357944129
SEPHS2,expr_mse_unbiased,0.0019546702646041953
SEPSECS,expr_mse_unbiased,0.0014956266079707277
SETD1A,expr_mse_unbiased,0.04484928443292986
SETX,expr_mse_unbiased,0.004017740884848405
SF3B5,expr_mse_unbiased,0.06462050368520668
SLC7A6OS,expr_mse_unbiased,0.022021218408023756
SLU7,expr_mse_unbiased,0.02761702237350039
SNAPC5,expr_mse_unbiased,-0.0005072292740109921
SNRNP48,expr_mse_unbiased,0.016006411724543926
SNRPC,expr_mse_unbiased,0.03878760002881072
SRCAP,expr_mse_unbiased,0.0036126817544273144
SRP14,expr_mse_unbiased,0.00371280391906263
SRP54,expr_mse_unbiased,0.021814030530436797
SRP72,expr_mse_unbiased,0.007716170279312457
SRP9,expr_mse_unbiased,0.0030994981234890254
SRRM1,expr_mse_unbiased,0.0002629203661967995
SYMPK,expr_mse_unbiased,0.08037517629427805
SYNGR3,expr_mse_unbiased,0.002252039029696638
TAF10,expr_mse_unbiased,0.031016487648194906
TAF3,expr_mse_unbiased,0.01107279885113527
TAF5,expr_mse_unbiased,0.0405192912111114
TAF7,expr_mse_unbiased,0.026917582167711764
TANGO6,expr_mse_unbiased,0.026676671122982505
TARS2,expr_mse_unbiased,0.007223370465164231
TBC1D28,expr_mse_unbiased,0.003081796107972747
TBCD,expr_mse_unbiased,0.013292011796509403
TBCE,expr_mse_unbiased,0.004263048861287041
TBPL1,expr_mse_unbiased,0.003972982154582743
TERF2,expr_mse_unbiased,0.029706547146384533
TIMM10,expr_mse_unbiased,0.005832755464175627
TKT,expr_mse_unbiased,0.002003467766106115
TMX2,expr_mse_unbiased,0.012251170640161931
TNNT2,expr_mse_unbiased,0.011151668470004617
TNRC6A,expr_mse_unbiased,0.0071072903437932895
TPR,expr_mse_unbiased,0.020285209247022942
TRAPPC5,expr_mse_unbiased,0.012681629506340502
TSEN2,expr_mse_unbiased,0.003399487809913205
TSPYL5,expr_mse_unbiased,0.005534519215990971
TUBD1,expr_mse_unbiased,0.005647378069812003
TUBGCP2,expr_mse_unbiased,0.010208925130071565
TUT1,expr_mse_unbiased,0.004768646622558741
UBA52,expr_mse_unbiased,0.020223047823748466
UBE2L3,expr_mse_unbiased,0.0013849303696577304
UBQLN4,expr_mse_unbiased,0.01891387530371355
UHRF1,expr_mse_unbiased,0.012801103562317295
UQCRC1,expr_mse_unbiased,0.002384352212338499
URI1,expr_mse_unbiased,0.02214007754645911
USP14,expr_mse_unbiased,0.0027683699612914394
USP37,expr_mse_unbiased,0.007883994884569782
USP39,expr_mse_unbiased,0.022562825312114388
UTP15,expr_mse_unbiased,0.0652224087977528
UTP20,expr_mse_unbiased,0.03265665701122872
VARS,expr_mse_unbiased,0.04421220824025656
VPS54,expr_mse_unbiased,0.0029890338795223004
WBP11,expr_mse_unbiased,0.0044569910681969355
WDHD1,expr_mse_unbiased,0.003016043406878058
WDR26,expr_mse_unbiased,0.0047234481944946356
WDR43,expr_mse_unbiased,0.047575900061753565
WDTC1,expr_mse_unbiased,0.008663240362899205
WTAP,expr_mse_unbiased,0.003079286439380868
YRDC,expr_mse_unbiased,0.0026209606761738624
YTHDC1,expr_mse_unbiased,0.03121978167071591
ZC3H13,expr_mse_unbiased,0.03363687596766984
ZCCHC9,expr_mse_unbiased,0.04939740957190147
ZMAT2,expr_mse_unbiased,0.01663630172700886
ZNF207,expr_mse_unbiased,0.010932903562558306
ZNF720,expr_mse_unbiased,-0.0018535143539094758
ZNF763,expr_mse_unbiased,0.0010603562866823638
ZNF84,expr_mse_unbiased,0.02869029019965641
ZNRD1,expr_mse_unbiased,0.019252817310790385
ACIN1,expr_mse_unbiased_capped,0.0035338816050447647
ACTR2,expr_mse_unbiased_capped,-0.0001627158900259345
ACTR6,expr_mse_unbiased_capped,0.013083020137719297
ADAM10,expr_mse_unbiased_capped,0.01379295419247716
AGBL5,expr_mse_unbiased_capped,0.004824391389712755
AKIRIN2,expr_mse_unbiased_capped,0.008101968125369084
ANAPC13,expr_mse_unbiased_capped,0.0036877432010484655
ATP11B,expr_mse_unbiased_capped,0.01900820695962422
ATP2A2,expr_mse_unbiased_capped,0.00435926760425427
ATP5MF,expr_mse_unbiased_capped,0.013808767974072779
AURKAIP1,expr_mse_unbiased_capped,0.0051172643202405535
BARD1,expr_mse_unbiased_capped,0.0022917664473237867
BCAR1,expr_mse_unbiased_capped,0.0012818178777765578
BMS1,expr_mse_unbiased_capped,0.05241866086637056
BORA,expr_mse_unbiased_capped,0.007635012441640573
BPTF,expr_mse_unbiased_capped,0.010440091392235814
BRD2,expr_mse_unbiased_capped,0.007570401209388029
BTF3,expr_mse_unbiased_capped,0.010218948301568052
C16orf86,expr_mse_unbiased_capped,0.0007363138245123519
C6orf15,expr_mse_unbiased_capped,0.0010309787004712618
C7orf26,expr_mse_unbiased_capped,0.008435689565577994
CA5A,expr_mse_unbiased_capped,0.0005160164606886652
CABIN1,expr_mse_unbiased_capped,0.004708967725510649
CACNB3,expr_mse_unbiased_capped,-0.0002360162906884386
CADM4,expr_mse_unbiased_capped,0.0001346296032751992
CBLN1,expr_mse_unbiased_capped,0.003511185727724988
CBX1,expr_mse_unbiased_capped,0.0014111850174274062
CCDC130,expr_mse_unbiased_capped,0.0028582708703280297
CCNK,expr_mse_unbiased_capped,0.0022661493552858726
CDC20,expr_mse_unbiased_capped,0.00454104961530772
CDC6,expr_mse_unbiased_capped,0.027803487390760287
CDCA5,expr_mse_unbiased_capped,0.00959232579440325
CENPJ,expr_mse_unbiased_capped,0.03274000041802957
CENPK,expr_mse_unbiased_capped,0.008672919524741356
CENPP,expr_mse_unbiased_capped,0.022879316497169386
CEP85,expr_mse_unbiased_capped,0.002200120111433966
CFDP1,expr_mse_unbiased_capped,0.0018941398554767972
CHMP6,expr_mse_unbiased_capped,0.04161846729796546
CHTF18,expr_mse_unbiased_capped,0.0019009837834021832
CKAP5,expr_mse_unbiased_capped,0.001651141141191327
COG6,expr_mse_unbiased_capped,0.0028080471822688356
COPS2,expr_mse_unbiased_capped,0.02321000495089654
COPS4,expr_mse_unbiased_capped,0.0208746088768138
CPSF1,expr_mse_unbiased_capped,0.022243207330010888
CPSF3,expr_mse_unbiased_capped,0.013223247322925232
CSE1L,expr_mse_unbiased_capped,0.039221406096265746
CSH2,expr_mse_unbiased_capped,0.002370632129831699
CSNK2B,expr_mse_unbiased_capped,0.022403258456735974
CSTF1,expr_mse_unbiased_capped,0.012852103055067982
CSTF3,expr_mse_unbiased_capped,0.025942955013482594
CTU2,expr_mse_unbiased_capped,0.005107438841515646
CUL7,expr_mse_unbiased_capped,0.028546376327076847
CYS1,expr_mse_unbiased_capped,0.0016638403991664293
DAP3,expr_mse_unbiased_capped,0.006683161408673332
DCTN1,expr_mse_unbiased_capped,0.002643660005026642
DCUN1D5,expr_mse_unbiased_capped,0.03253111846567694
DDX19B,expr_mse_unbiased_capped,0.0005393976590943898
DDX21,expr_mse_unbiased_capped,0.03965077120361186
DDX27,expr_mse_unbiased_capped,0.02910844754057406
DDX5,expr_mse_unbiased_capped,0.009961712934881625
DENR,expr_mse_unbiased_capped,0.0037104026508972014
DESI1,expr_mse_unbiased_capped,0.006246809429252465
DHX16,expr_mse_unbiased_capped,0.041122361884491046
DHX37,expr_mse_unbiased_capped,0.008187176003727214
DNAJA1,expr_mse_unbiased_capped,0.0005065010623426607
DNAJA3,expr_mse_unbiased_capped,0.006076224496341671
DNTTIP2,expr_mse_unbiased_capped,0.0693869163119441
DYNC1I2,expr_mse_unbiased_capped,0.005283764176214005
DYNLL2,expr_mse_unbiased_capped,0.005417467728060193
E4F1,expr_mse_unbiased_capped,0.013045639794216813
EEF2,expr_mse_unbiased_capped,0.004512996780476736
EFR3A,expr_mse_unbiased_capped,0.01737767813024081
EIF3B,expr_mse_unbiased_capped,0.08627133637187771
EIF4B,expr_mse_unbiased_capped,0.006108891343627265
EIF4H,expr_mse_unbiased_capped,0.0023958137554496205
ELL,expr_mse_unbiased_capped,0.007950448366211489
ELOVL1,expr_mse_unbiased_capped,0.00189581837459357
EPRS,expr_mse_unbiased_capped,0.040908519361403904
EXOC5,expr_mse_unbiased_capped,0.003169650366264965
EXOSC3,expr_mse_unbiased_capped,0.037466556027675034
EXOSC7,expr_mse_unbiased_capped,0.010097334337143143
FAM136A,expr_mse_unbiased_capped,0.009111126330886104
FAU,expr_mse_unbiased_capped,0.05874183464400487
FBRSL1,expr_mse_unbiased_capped,0.020237432458803873
FBXL14,expr_mse_unbiased_capped,0.01170233591935334
FNTA,expr_mse_unbiased_capped,0.01469311263967704
FOXS1,expr_mse_unbiased_capped,0.004365356017947001
GCLC,expr_mse_unbiased_capped,0.00023200623912586967
GINS1,expr_mse_unbiased_capped,0.018144044843794022
GINS2,expr_mse_unbiased_capped,0.012971472884159398
GPN1,expr_mse_unbiased_capped,0.024054900976849914
GTF2H4,expr_mse_unbiased_capped,0.007956063418880045
GTF3C1,expr_mse_unbiased_capped,0.0014835506648251306
GTF3C6,expr_mse_unbiased_capped,0.005263574215282384
GYG1,expr_mse_unbiased_capped,0.0014062180645299743
HARS,expr_mse_unbiased_capped,0.04487363316105555
HAUS8,expr_mse_unbiased_capped,0.002745722724536436
HHEX,expr_mse_unbiased_capped,0.0048803969881818544
HJURP,expr_mse_unbiased_capped,0.0034863501635739166
HMBOX1,expr_mse_unbiased_capped,0.0052631964559399546
HNRNPA1,expr_mse_unbiased_capped,0.004090840500862074
HNRNPK,expr_mse_unbiased_capped,0.03461919510593973
HOXA3,expr_mse_unbiased_capped,0.000829524360766934
HSPE1,expr_mse_unbiased_capped,0.0495836908339207
INTS1,expr_mse_unbiased_capped,0.0016118661504280606
INTS3,expr_mse_unbiased_capped,0.019714175358191765
INTS4,expr_mse_unbiased_capped,0.04181147976065768
INTS9,expr_mse_unbiased_capped,0.020710786238784556
IPO7,expr_mse_unbiased_capped,0.005801445402336042
ISCU,expr_mse_unbiased_capped,0.005962510244266638
ISG20L2,expr_mse_unbiased_capped,0.049959631673952315
JMJD6,expr_mse_unbiased_capped,0.0010164043033254568
KIF11,expr_mse_unbiased_capped,0.001781372022372229
LRR1,expr_mse_unbiased_capped,0.0060750503151865256
LRRC37A3,expr_mse_unbiased_capped,0.0026745482596849226
LSM5,expr_mse_unbiased_capped,0.012360059336575708
LST1,expr_mse_unbiased_capped,0.007073193401919842
LTBP3,expr_mse_unbiased_capped,0.0009484868947922643
LTV1,expr_mse_unbiased_capped,0.06366764969828514
MBTPS1,expr_mse_unbiased_capped,0.00779769597528571
MBTPS2,expr_mse_unbiased_capped,0.0031766748806717434
MCM3AP,expr_mse_unbiased_capped,0.005084006416475178
MCMBP,expr_mse_unbiased_capped,0.010454357785016133
MDN1,expr_mse_unbiased_capped,0.06413107700025132
MED21,expr_mse_unbiased_capped,0.04071810321339691
MEIS3,expr_mse_unbiased_capped,0.00480274912162523
MFN2,expr_mse_unbiased_capped,0.003319164243050879
MIER1,expr_mse_unbiased_capped,0.003404322409616112
MKRN1,expr_mse_unbiased_capped,0.002471432136464631
MLLT6,expr_mse_unbiased_capped,0.010553925719598933
MPHOSPH10,expr_mse_unbiased_capped,0.033525794955082955
MRPL35,expr_mse_unbiased_capped,0.011156497500733161
MRPL36,expr_mse_unbiased_capped,0.008211408187339737
MRPL38,expr_mse_unbiased_capped,0.0041777889843480605
MRPS17,expr_mse_unbiased_capped,0.006573998979022154
MRPS6,expr_mse_unbiased_capped,0.003163481252026298
MTBP,expr_mse_unbiased_capped,0.031999362455457286
MVK,expr_mse_unbiased_capped,0.001946986676543117
MYBBP1A,expr_mse_unbiased_capped,0.03449355825237203
MYBL2,expr_mse_unbiased_capped,0.011136703280886687
NAA35,expr_mse_unbiased_capped,0.004571749162276218
NAA50,expr_mse_unbiased_capped,0.003992659537324902
NAGLU,expr_mse_unbiased_capped,0.0007402822977977213
NARS,expr_mse_unbiased_capped,0.03638835230884362
NBEAL1,expr_mse_unbiased_capped,0.0004571003413406693
NCAPD2,expr_mse_unbiased_capped,0.01133751744485691
NFRKB,expr_mse_unbiased_capped,0.005505624762272749
NFYB,expr_mse_unbiased_capped,0.007989513207408417
NFYC,expr_mse_unbiased_capped,0.03401112843438021
NOC4L,expr_mse_unbiased_capped,0.03923314132406311
NOMO1,expr_mse_unbiased_capped,0.0019391467118105045
NRBP1,expr_mse_unbiased_capped,0.013838148472013758
NUP153,expr_mse_unbiased_capped,0.006756394989351453
NUP160,expr_mse_unbiased_capped,0.020552610522023586
NUP35,expr_mse_unbiased_capped,0.003463260716145345
NUP88,expr_mse_unbiased_capped,0.02136379432628334
NVL,expr_mse_unbiased_capped,0.06137233639068587
OGFOD1,expr_mse_unbiased_capped,0.009669615306084062
OLFML3,expr_mse_unbiased_capped,0.002398280081298347
OR1E2,expr_mse_unbiased_capped,0.00644160597238343
ORC1,expr_mse_unbiased_capped,0.009788611007261881
ORC5,expr_mse_unbiased_capped,0.005582299445725081
PARS2,expr_mse_unbiased_capped,0.00607492534517866
PC,expr_mse_unbiased_capped,-0.00032077912602643233
PCBP1,expr_mse_unbiased_capped,0.02122871425889204
PDCD6IP,expr_mse_unbiased_capped,0.00044352783072248574
PEX19,expr_mse_unbiased_capped,0.0056058709063932
PGAM5,expr_mse_unbiased_capped,0.008959402803175913
PGK1,expr_mse_unbiased_capped,0.00575440608542514
PHF10,expr_mse_unbiased_capped,0.021522293822220918
PI4KA,expr_mse_unbiased_capped,0.00465800773339794
POLR1D,expr_mse_unbiased_capped,0.029235683122147214
POLR2C,expr_mse_unbiased_capped,0.04721272070053201
POLR2I,expr_mse_unbiased_capped,0.0693334768195745
POLR2K,expr_mse_unbiased_capped,0.057534879870428705
POLR2M,expr_mse_unbiased_capped,0.009745125566204771
POLR3E,expr_mse_unbiased_capped,0.0027320036312256457
POP1,expr_mse_unbiased_capped,0.04489961909000836
POP4,expr_mse_unbiased_capped,0.04214723735375617
PPP1R8,expr_mse_unbiased_capped,0.008071771616792206
PPP2R1A,expr_mse_unbiased_capped,0.002890920969222984
PPP6C,expr_mse_unbiased_capped,0.008533198550255819
PRODH,expr_mse_unbiased_capped,0.00014287945782599876
PRPF6,expr_mse_unbiased_capped,0.015132387273319954
PRSS50,expr_mse_unbiased_capped,0.0012750639984271525
PSMB2,expr_mse_unbiased_capped,0.1398817967740229
PSMB5,expr_mse_unbiased_capped,0.14497336162107355
PSMC4,expr_mse_unbiased_capped,0.12594134524603848
PSMD14,expr_mse_unbiased_capped,0.08761795059325687
PSMG3,expr_mse_unbiased_capped,0.004872128443680404
PTPN1,expr_mse_unbiased_capped,0.006283078660775954
PUF60,expr_mse_unbiased_capped,0.01810152488035925
PXN,expr_mse_unbiased_capped,0.004175751146608218
RAB4A,expr_mse_unbiased_capped,0.002654946621781582
RABGGTB,expr_mse_unbiased_capped,0.018110699102530034
RARS,expr_mse_unbiased_capped,0.014749058754093138
RBBP5,expr_mse_unbiased_capped,0.023616203051979773
RBM14-RBM4,expr_mse_unbiased_capped,0.008634924263513404
RBM48,expr_mse_unbiased_capped,0.010490108369083644
RBX1,expr_mse_unbiased_capped,0.01639121886955746
RCC1,expr_mse_unbiased_capped,0.0039152957555638355
RFC2,expr_mse_unbiased_capped,0.014343128740620345
RHPN1,expr_mse_unbiased_capped,0.0004859217276945698
RNASEH2C,expr_mse_unbiased_capped,0.003967197368870048
RNF123,expr_mse_unbiased_capped,0.0007020268322442153
RNF31,expr_mse_unbiased_capped,0.0068175669731609856
RNMT,expr_mse_unbiased_capped,0.0055532081270151055
RNPS1,expr_mse_unbiased_capped,0.0008112151465437628
RPA3,expr_mse_unbiased_capped,0.04379643828899544
RPAP1,expr_mse_unbiased_capped,0.07063569067512072
RPAP2,expr_mse_unbiased_capped,0.034874068395373194
RPAP3,expr_mse_unbiased_capped,0.039945924245268966
RPL18A,expr_mse_unbiased_capped,0.05703659253205935
RPL35,expr_mse_unbiased_capped,0.11018428451921031
RPL36A,expr_mse_unbiased_capped,0.018688868174699738
RPL4,expr_mse_unbiased_capped,0.09718634488483494
RPL41,expr_mse_unbiased_capped,0.005076836703832166
RPP30,expr_mse_unbiased_capped,0.026487105208053575
RPS20,expr_mse_unbiased_capped,0.06390806189429254
RPS24,expr_mse_unbiased_capped,0.04709826116093492
RPS27A,expr_mse_unbiased_capped,0.0732863284556883
RPS6,expr_mse_unbiased_capped,0.06183486957290679
RRP7A,expr_mse_unbiased_capped,0.031577236092299364
RSL1D1,expr_mse_unbiased_capped,0.009301583181767565
SART1,expr_mse_unbiased_capped,0.0685211172074478
SCAF1,expr_mse_unbiased_capped,0.016436471517283315
SCFD1,expr_mse_unbiased_capped,0.018706886559500167
SDAD1,expr_mse_unbiased_capped,0.06426488683644253
SEH1L,expr_mse_unbiased_capped,0.009846948357944129
SEPHS2,expr_mse_unbiased_capped,0.0019546702646041953
SEPSECS,expr_mse_unbiased_capped,0.0014956266079707277
SETD1A,expr_mse_unbiased_capped,0.04484928443292986
SETX,expr_mse_unbiased_capped,0.004017740884848405
SF3B5,expr_mse_unbiased_capped,0.06462050368520668
SLC7A6OS,expr_mse_unbiased_capped,0.022021218408023756
SLU7,expr_mse_unbiased_capped,0.02761702237350039
SNAPC5,expr_mse_unbiased_capped,-0.0005072292740109921
SNRNP48,expr_mse_unbiased_capped,0.016006411724543926
SNRPC,expr_mse_unbiased_capped,0.03878760002881072
SRCAP,expr_mse_unbiased_capped,0.0036126817544273144
SRP14,expr_mse_unbiased_capped,0.004267216991898001
SRP54,expr_mse_unbiased_capped,0.021814030530436797
SRP72,expr_mse_unbiased_capped,0.007716170279312457
SRP9,expr_mse_unbiased_capped,0.0030994981234890254
SRRM1,expr_mse_unbiased_capped,0.0002629203661967995
SYMPK,expr_mse_unbiased_capped,0.08037517629427805
SYNGR3,expr_mse_unbiased_capped,0.002252039029696638
TAF10,expr_mse_unbiased_capped,0.031016487648194906
TAF3,expr_mse_unbiased_capped,0.01107279885113527
TAF5,expr_mse_unbiased_capped,0.0405192912111114
TAF7,expr_mse_unbiased_capped,0.026917582167711764
TANGO6,expr_mse_unbiased_capped,0.026676671122982505
TARS2,expr_mse_unbiased_capped,0.007223370465164231
TBC1D28,expr_mse_unbiased_capped,0.003081796107972747
TBCD,expr_mse_unbiased_capped,0.013292011796509403
TBCE,expr_mse_unbiased_capped,0.004263048861287041
TBPL1,expr_mse_unbiased_capped,0.003972982154582743
TERF2,expr_mse_unbiased_capped,0.029706547146384533
TIMM10,expr_mse_unbiased_capped,0.005832755464175627
TKT,expr_mse_unbiased_capped,0.002003467766106115
TMX2,expr_mse_unbiased_capped,0.012251170640161931
TNNT2,expr_mse_unbiased_capped,0.011151668470004617
TNRC6A,expr_mse_unbiased_capped,0.0071072903437932895
TPR,expr_mse_unbiased_capped,0.02031219020115293
TRAPPC5,expr_mse_unbiased_capped,0.012681629506340502
TSEN2,expr_mse_unbiased_capped,0.003399487809913205
TSPYL5,expr_mse_unbiased_capped,0.005534519215990971
TUBD1,expr_mse_unbiased_capped,0.005647378069812003
TUBGCP2,expr_mse_unbiased_capped,0.010208925130071565
TUT1,expr_mse_unbiased_capped,0.004768646622558741
UBA52,expr_mse_unbiased_capped,0.020223047823748466
UBE2L3,expr_mse_unbiased_capped,0.0048335809383472685
UBQLN4,expr_mse_unbiased_capped,0.01891387530371355
UHRF1,expr_mse_unbiased_capped,0.012801103562317295
UQCRC1,expr_mse_unbiased_capped,0.002384352212338499
URI1,expr_mse_unbiased_capped,0.02214007754645911
USP14,expr_mse_unbiased_capped,0.0027683699612914394
USP37,expr_mse_unbiased_capped,0.007883994884569782
USP39,expr_mse_unbiased_capped,0.022562825312114388
UTP15,expr_mse_unbiased_capped,0.0652224087977528
UTP20,expr_mse_unbiased_capped,0.03265665701122872
VARS,expr_mse_unbiased_capped,0.04421220824025656
VPS54,expr_mse_unbiased_capped,0.0029890338795223004
WBP11,expr_mse_unbiased_capped,0.0048180403250983545
WDHD1,expr_mse_unbiased_capped,0.003016043406878058
WDR26,expr_mse_unbiased_capped,0.0047234481944946356
WDR43,expr_mse_unbiased_capped,0.047575900061753565
WDTC1,expr_mse_unbiased_capped,0.008663240362899205
WTAP,expr_mse_unbiased_capped,0.003079286439380868
YRDC,expr_mse_unbiased_capped,0.0026209606761738624
YTHDC1,expr_mse_unbiased_capped,0.03121978167071591
ZC3H13,expr_mse_unbiased_capped,0.03363687596766984
ZCCHC9,expr_mse_unbiased_capped,0.04939740957190147
ZMAT2,expr_mse_unbiased_capped,0.01663630172700886
ZNF207,expr_mse_unbiased_capped,0.010932903562558306
ZNF720,expr_mse_unbiased_capped,-0.0018535143539094758
ZNF763,expr_mse_unbiased_capped,0.0010603562866823638
ZNF84,expr_mse_unbiased_capped,0.02869029019965641
ZNRD1,expr_mse_unbiased_capped,0.019252817310790385
ACIN1,expr_distance_unbiased,0.0028227909893302123
ACTR2,expr_distance_unbiased,-0.0004995105848169084
ACTR6,expr_distance_unbiased,0.010110965904169366
ADAM10,expr_distance_unbiased,0.008001503653288363
AGBL5,expr_distance_unbiased,0.004775381152052211
AKIRIN2,expr_distance_unbiased,0.0049990314009307505
ANAPC13,expr_distance_unbiased,0.001596648602011684
ATP11B,expr_distance_unbiased,0.01686417647678885
ATP2A2,expr_distance_unbiased,0.002733286598845978
ATP5MF,expr_distance_unbiased,0.014797897386866496
AURKAIP1,expr_distance_unbiased,0.0006025933258424366
BARD1,expr_distance_unbiased,-0.00037697807465323567
BCAR1,expr_distance_unbiased,-0.00011673135228629892
BMS1,expr_distance_unbiased,0.02828724900752045
BORA,expr_distance_unbiased,0.00012150654538912416
BPTF,expr_distance_unbiased,0.006036730647719665
BRD2,expr_distance_unbiased,0.004810899003494559
BTF3,expr_distance_unbiased,0.0022478591210001704
C16orf86,expr_distance_unbiased,-0.001011650380559604
C6orf15,expr_distance_unbiased,-0.0012822785060096645
C7orf26,expr_distance_unbiased,0.006016958137870731
CA5A,expr_distance_unbiased,6.083368644030769e-05
CABIN1,expr_distance_unbiased,0.0022068014097200036
CACNB3,expr_distance_unbiased,-0.0006617726575133679
CADM4,expr_distance_unbiased,-0.0006553051894706845
CBLN1,expr_distance_unbiased,0.0022504882010992086
CBX1,expr_distance_unbiased,-0.0003696226460091963
CCDC130,expr_distance_unbiased,0.00034742116777408406
CCNK,expr_distance_unbiased,0.00028336056958408554
CDC20,expr_distance_unbiased,0.0006313920915637727
CDC6,expr_distance_unbiased,0.022523963382476867
CDCA5,expr_distance_unbiased,0.004294090358797187
CENPJ,expr_distance_unbiased,0.02983474256898742
CENPK,expr_distance_unbiased,8.479457826234082e-05
CENPP,expr_distance_unbiased,0.019662934927468186
CEP85,expr_distance_unbiased,0.000977703921963351
CFDP1,expr_distance_unbiased,0.0017472577885790197
CHMP6,expr_distance_unbiased,0.051165402144415735
CHTF18,expr_distance_unbiased,-0.0006068734099654522
CKAP5,expr_distance_unbiased,-0.0009616116790662028
COG6,expr_distance_unbiased,0.0005093624192869508
COPS2,expr_distance_unbiased,0.016476740515616203
COPS4,expr_distance_unbiased,0.01705364095716983
CPSF1,expr_distance_unbiased,0.013553533151488753
CPSF3,expr_distance_unbiased,0.0136445389556121
CSE1L,expr_distance_unbiased,0.04611825255000384
CSH2,expr_distance_unbiased,0.001075669559700252
CSNK2B,expr_distance_unbiased,0.02019773422040226
CSTF1,expr_distance_unbiased,0.008873592642845034
CSTF3,expr_distance_unbiased,0.02921973781490489
CTU2,expr_distance_unbiased,0.003715292265418724
CUL7,expr_distance_unbiased,0.018130425909226186
CYS1,expr_distance_unbiased,0.0002159656948401308
DAP3,expr_distance_unbiased,0.0053636272756794265
DCTN1,expr_distance_unbiased,0.0011298725087277785
DCUN1D5,expr_distance_unbiased,0.028707260736159958
DDX19B,expr_distance_unbiased,-0.0006480735938165779
DDX21,expr_distance_unbiased,0.03460538526507094
DDX27,expr_distance_unbiased,0.01871437186354011
DDX5,expr_distance_unbiased,0.008221930964763622
DENR,expr_distance_unbiased,0.005477370765571489
DESI1,expr_distance_unbiased,0.004310642897563513
DHX16,expr_distance_unbiased,0.039971373520570015
DHX37,expr_distance_unbiased,0.0036635783500584503
DNAJA1,expr_distance_unbiased,-0.0010712713558252464
DNAJA3,expr_distance_unbiased,0.003780282609577373
DNTTIP2,expr_distance_unbiased,0.071528972983427
DYNC1I2,expr_distance_unbiased,0.00048547748894676215
DYNLL2,expr_distance_unbiased,0.0013596103364125387
E4F1,expr_distance_unbiased,0.010594697591455834
EEF2,expr_distance_unbiased,0.0029090108951957605
EFR3A,expr_distance_unbiased,0.0006105077358227997
EIF3B,expr_distance_unbiased,0.08589295668007016
EIF4B,expr_distance_unbiased,0.0012857176248100685
EIF4H,expr_distance_unbiased,0.0024392792542513716
ELL,expr_distance_unbiased,0.004491488645302973
ELOVL1,expr_distance_unbiased,0.00010812781997486263
EPRS,expr_distance_unbiased,0.041465146728180115
EXOC5,expr_distance_unbiased,0.0015081953433552554
EXOSC3,expr_distance_unbiased,0.02837648942269483
EXOSC7,expr_distance_unbiased,0.009308628050012925
FAM136A,expr_distance_unbiased,0.0018603180638848394
FAU,expr_distance_unbiased,0.056535791076462706
FBRSL1,expr_distance_unbiased,0.017281839874454696
FBXL14,expr_distance_unbiased,0.008488509856202682
FNTA,expr_distance_unbiased,0.01058788686322903
FOXS1,expr_distance_unbiased,0.003411330778061957
GCLC,expr_distance_unbiased,-0.000878810126302811
GINS1,expr_distance_unbiased,0.012510072958251978
GINS2,expr_distance_unbiased,0.008192468780701625
GPN1,expr_distance_unbiased,0.02460390398676388
GTF2H4,expr_distance_unbiased,0.006335305268875517
GTF3C1,expr_distance_unbiased,5.013980381955471e-05
GTF3C6,expr_distance_unbiased,0.0003407727722001627
GYG1,expr_distance_unbiased,-0.0004210959708617185
HARS,expr_distance_unbiased,0.04976025304248371
HAUS8,expr_distance_unbiased,0.00027120916865069233
HHEX,expr_distance_unbiased,0.002133924242450237
HJURP,expr_distance_unbiased,0.0008222191809167266
HMBOX1,expr_distance_unbiased,-0.00016342783401227358
HNRNPA1,expr_distance_unbiased,0.00405885984875785
HNRNPK,expr_distance_unbiased,0.027870806217453966
HOXA3,expr_distance_unbiased,0.00011410504780222297
HSPE1,expr_distance_unbiased,0.02611274799321984
INTS1,expr_distance_unbiased,6.04126984278453e-05
INTS3,expr_distance_unbiased,0.021919285605909132
INTS4,expr_distance_unbiased,0.040154759651708734
INTS9,expr_distance_unbiased,0.019355830014955562
IPO7,expr_distance_unbiased,0.0026733455456769803
ISCU,expr_distance_unbiased,0.0011828583405168894
ISG20L2,expr_distance_unbiased,0.0392857303102327
JMJD6,expr_distance_unbiased,-0.001116957743351636
KIF11,expr_distance_unbiased,0.000971671665673136
LRR1,expr_distance_unbiased,0.004133715115612271
LRRC37A3,expr_distance_unbiased,0.001280010879502872
LSM5,expr_distance_unbiased,0.014819474110690695
LST1,expr_distance_unbiased,0.005270934392329201
LTBP3,expr_distance_unbiased,0.00020097616376079164
LTV1,expr_distance_unbiased,0.06174735822211182
MBTPS1,expr_distance_unbiased,0.005565241753419781
MBTPS2,expr_distance_unbiased,0.0018170777351241452
MCM3AP,expr_distance_unbiased,0.004318596082114418
MCMBP,expr_distance_unbiased,0.008877154792993848
MDN1,expr_distance_unbiased,0.05779460912094569
MED21,expr_distance_unbiased,0.02067548574770595
MEIS3,expr_distance_unbiased,0.00590018170648152
MFN2,expr_distance_unbiased,0.0010474643298448534
MIER1,expr_distance_unbiased,0.0016737762147122615
MKRN1,expr_distance_unbiased,0.0007446048290932431
MLLT6,expr_distance_unbiased,0.007926857559516323
MPHOSPH10,expr_distance_unbiased,0.026908789161949255
MRPL35,expr_distance_unbiased,0.01106346717002758
MRPL36,expr_distance_unbiased,0.00939831442145757
MRPL38,expr_distance_unbiased,0.0028375172744604946
MRPS17,expr_distance_unbiased,0.002382901119025103
MRPS6,expr_distance_unbiased,0.0020703684603638655
MTBP,expr_distance_unbiased,0.028133664156428477
MVK,expr_distance_unbiased,0.00020505329425497424
MYBBP1A,expr_distance_unbiased,0.033327046735866075
MYBL2,expr_distance_unbiased,0.00498216659317619
NAA35,expr_distance_unbiased,0.0031891745675788697
NAA50,expr_distance_unbiased,0.0008834627665786039
NAGLU,expr_distance_unbiased,-0.0005146398014180563
NARS,expr_distance_unbiased,0.03750572728759601
NBEAL1,expr_distance_unbiased,-0.0011272651599199687
NCAPD2,expr_distance_unbiased,-0.0008468783126279679
NFRKB,expr_distance_unbiased,0.00403403088755152
NFYB,expr_distance_unbiased,0.002686521979920681
NFYC,expr_distance_unbiased,0.017514168397546256
NOC4L,expr_distance_unbiased,0.023720676878137455
NOMO1,expr_distance_unbiased,0.0009555666293355203
NRBP1,expr_distance_unbiased,0.004910903855530943
NUP153,expr_distance_unbiased,0.004294601703264809
NUP160,expr_distance_unbiased,0.018051270112175215
NUP35,expr_distance_unbiased,0.0017653324679796037
NUP88,expr_distance_unbiased,0.005996130564851082
NVL,expr_distance_unbiased,0.05879974912020717
OGFOD1,expr_distance_unbiased,0.007122428054378768
OLFML3,expr_distance_unbiased,0.0015540749958930168
OR1E2,expr_distance_unbiased,-9.414235452578822e-05
ORC1,expr_distance_unbiased,0.007668222344647622
ORC5,expr_distance_unbiased,0.0008255368513341468
PARS2,expr_distance_unbiased,0.005337014771000093
PC,expr_distance_unbiased,-0.0007354835958190448
PCBP1,expr_distance_unbiased,0.020304616264294195
PDCD6IP,expr_distance_unbiased,-0.0004945495740237615
PEX19,expr_distance_unbiased,0.002392258921336504
PGAM5,expr_distance_unbiased,0.008168374201709315
PGK1,expr_distance_unbiased,-0.0006198010016061421
PHF10,expr_distance_unbiased,0.02036405046656453
PI4KA,expr_distance_unbiased,0.002197167335789775
POLR1D,expr_distance_unbiased,0.027013305306099814
POLR2C,expr_distance_unbiased,0.04400100947419065
POLR2I,expr_distance_unbiased,0.07250191510022937
POLR2K,expr_distance_unbiased,0.021799501579191267
POLR2M,expr_distance_unbiased,0.005018413690616194
POLR3E,expr_distance_unbiased,0.0017269111192854984
POP1,expr_distance_unbiased,0.03515379510042531
POP4,expr_distance_unbiased,0.03883645784520105
PPP1R8,expr_distance_unbiased,0.004891503776405696
PPP2R1A,expr_distance_unbiased,0.002141236914225003
PPP6C,expr_distance_unbiased,0.00497387428083832
PRODH,expr_distance_unbiased,-0.0008009793196035116
PRPF6,expr_distance_unbiased,0.013526243952563868
PRSS50,expr_distance_unbiased,-0.00031328094579723397
PSMB2,expr_distance_unbiased,0.13449488210404523
PSMB5,expr_distance_unbiased,0.1384226426087398
PSMC4,expr_distance_unbiased,0.12575928344669274
PSMD14,expr_distance_unbiased,0.0672471372817245
PSMG3,expr_distance_unbiased,0.004753209515110556
PTPN1,expr_distance_unbiased,-0.0012833040640549023
PUF60,expr_distance_unbiased,0.014872292596274395
PXN,expr_distance_unbiased,0.0033333456957516166
RAB4A,expr_distance_unbiased,0.0014140391706858092
RABGGTB,expr_distance_unbiased,0.016640563343612687
RARS,expr_distance_unbiased,0.016929448021088808
RBBP5,expr_distance_unbiased,0.017382484956135532
RBM14-RBM4,expr_distance_unbiased,0.006559570571190758
RBM48,expr_distance_unbiased,0.0049049705464948076
RBX1,expr_distance_unbiased,0.010135821302505446
RCC1,expr_distance_unbiased,0.001186240430695103
RFC2,expr_distance_unbiased,0.013479701268962361
RHPN1,expr_distance_unbiased,-0.0013170128297047118
RNASEH2C,expr_distance_unbiased,0.0020209204142100927
RNF123,expr_distance_unbiased,-0.0015102870206116974
RNF31,expr_distance_unbiased,0.0033367375252867666
RNMT,expr_distance_unbiased,0.005315473734579198
RNPS1,expr_distance_unbiased,-0.00157352046365078
RPA3,expr_distance_unbiased,0.041442646207721166
RPAP1,expr_distance_unbiased,0.07666149319398596
RPAP2,expr_distance_unbiased,0.03753671382417933
RPAP3,expr_distance_unbiased,0.013133678354618733
RPL18A,expr_distance_unbiased,0.0538530083218064
RPL35,expr_distance_unbiased,0.10612794360970948
RPL36A,expr_distance_unbiased,0.013845961262140107
RPL4,expr_distance_unbiased,0.09871813074952392
RPL41,expr_distance_unbiased,-0.00013460085199458813
RPP30,expr_distance_unbiased,0.017922798985603443
RPS20,expr_distance_unbiased,0.06660597529495364
RPS24,expr_distance_unbiased,0.05064930066950338
RPS27A,expr_distance_unbiased,0.06618784262843568
RPS6,expr_distance_unbiased,0.06568921837640482
RRP7A,expr_distance_unbiased,0.022435916621471555
RSL1D1,expr_distance_unbiased,0.007859867592258622
SART1,expr_distance_unbiased,0.06976827907262803
SCAF1,expr_distance_unbiased,0.013127288126133065
SCFD1,expr_distance_unbiased,0.015474326047450894
SDAD1,expr_distance_unbiased,0.06221388972845728
SEH1L,expr_distance_unbiased,0.0024011308142575555
SEPHS2,expr_distance_unbiased,-0.00013082532713601296
SEPSECS,expr_distance_unbiased,-0.00021394374071704523
SETD1A,expr_distance_unbiased,0.04445946973045974
SETX,expr_distance_unbiased,0.001900970767184685
SF3B5,expr_distance_unbiased,0.0537733122879674
SLC7A6OS,expr_distance_unbiased,0.021800009760649292
SLU7,expr_distance_unbiased,0.019422442475749306
SNAPC5,expr_distance_unbiased,-0.0020516879378459528
SNRNP48,expr_distance_unbiased,0.011659250958726391
SNRPC,expr_distance_unbiased,0.035228963869258244
SRCAP,expr_distance_unbiased,0.0018628819346598329
SRP14,expr_distance_unbiased,0.002706234732956565
SRP54,expr_distance_unbiased,0.020050011683234628
SRP72,expr_distance_unbiased,0.007410243524230909
SRP9,expr_distance_unbiased,0.0013004824622291822
SRRM1,expr_distance_unbiased,0.0008169583020404798
SYMPK,expr_distance_unbiased,0.0755914090248508
SYNGR3,expr_distance_unbiased,0.0023340649444392415
TAF10,expr_distance_unbiased,0.027763161191701295
TAF3,expr_distance_unbiased,0.010504576705773306
TAF5,expr_distance_unbiased,0.03140434930772281
TAF7,expr_distance_unbiased,0.023119399411622277
TANGO6,expr_distance_unbiased,0.026724195545395027
TARS2,expr_distance_unbiased,0.006837914866584079
TBC1D28,expr_distance_unbiased,-0.0011698384292838909
TBCD,expr_distance_unbiased,0.0010798928540008928
TBCE,expr_distance_unbiased,4.05120226759154e-05
TBPL1,expr_distance_unbiased,-0.00039619818282775196
TERF2,expr_distance_unbiased,0.02289386377913141
TIMM10,expr_distance_unbiased,0.0015018217405161646
TKT,expr_distance_unbiased,0.00033353809607466795
TMX2,expr_distance_unbiased,0.006407826323056302
TNNT2,expr_distance_unbiased,-0.00016556433569718225
TNRC6A,expr_distance_unbiased,0.004747282714688108
TPR,expr_distance_unbiased,0.01480603091468571
TRAPPC5,expr_distance_unbiased,0.009773872325589048
TSEN2,expr_distance_unbiased,0.0028488248380464745
TSPYL5,expr_distance_unbiased,0.0028819996270639105
TUBD1,expr_distance_unbiased,0.00201145789041187
TUBGCP2,expr_distance_unbiased,0.006972915841369509
TUT1,expr_distance_unbiased,0.0026358443749894996
UBA52,expr_distance_unbiased,0.01841471869931658
UBE2L3,expr_distance_unbiased,0.00016666107203625654
UBQLN4,expr_distance_unbiased,0.016522832058523222
UHRF1,expr_distance_unbiased,0.008046136285441255
UQCRC1,expr_distance_unbiased,0.0008821425361985803
URI1,expr_distance_unbiased,0.020477016249695935
USP14,expr_distance_unbiased,0.00036339157981563264
USP37,expr_distance_unbiased,0.00550472925726129
USP39,expr_distance_unbiased,0.020179117049411728
UTP15,expr_distance_unbiased,0.05896909108993805
UTP20,expr_distance_unbiased,0.024965064453364712
VARS,expr_distance_unbiased,0.04764079497221671
VPS54,expr_distance_unbiased,0.0005623236511262792
WBP11,expr_distance_unbiased,0.004811300546228729
WDHD1,expr_distance_unbiased,0.0032582253177233594
WDR26,expr_distance_unbiased,0.0037980666263215473
WDR43,expr_distance_unbiased,0.04267817518508138
WDTC1,expr_distance_unbiased,0.004006382705490787
WTAP,expr_distance_unbiased,0.0009423573146649989
YRDC,expr_distance_unbiased,4.0311163374293085e-05
YTHDC1,expr_distance_unbiased,0.028084505375280056
ZC3H13,expr_distance_unbiased,0.04043337802045716
ZCCHC9,expr_distance_unbiased,0.03632192157711865
ZMAT2,expr_distance_unbiased,0.018132398889230808
ZNF207,expr_distance_unbiased,0.009827983611530833
ZNF720,expr_distance_unbiased,-0.0026239755467611673
ZNF763,expr_distance_unbiased,0.0011549958638492836
ZNF84,expr_distance_unbiased,0.02761604687789044
ZNRD1,expr_distance_unbiased,0.008477240900911112
ACIN1,expr_real_mass_ratio,0.9999999999999997
ACTR2,expr_real_mass_ratio,1.0
ACTR6,expr_real_mass_ratio,1.0
ADAM10,expr_real_mass_ratio,1.0000000000000002
AGBL5,expr_real_mass_ratio,1.0
AKIRIN2,expr_real_mass_ratio,1.0000000000000002
ANAPC13,expr_real_mass_ratio,1.0
ATP11B,expr_real_mass_ratio,1.0
ATP2A2,expr_real_mass_ratio,1.0
ATP5MF,expr_real_mass_ratio,1.0
AURKAIP1,expr_real_mass_ratio,1.0
BARD1,expr_real_mass_ratio,1.0
BCAR1,expr_real_mass_ratio,0.9999999999999999
BMS1,expr_real_mass_ratio,1.0
BORA,expr_real_mass_ratio,1.0
BPTF,expr_real_mass_ratio,1.0
BRD2,expr_real_mass_ratio,1.0
BTF3,expr_real_mass_ratio,1.0
C16orf86,expr_real_mass_ratio,1.0
C6orf15,expr_real_mass_ratio,1.0
C7orf26,expr_real_mass_ratio,1.0
CA5A,expr_real_mass_ratio,1.0
CABIN1,expr_real_mass_ratio,1.0
CACNB3,expr_real_mass_ratio,1.0
CADM4,expr_real_mass_ratio,0.9999999999999999
CBLN1,expr_real_mass_ratio,0.9999999999999999
CBX1,expr_real_mass_ratio,1.0
CCDC130,expr_real_mass_ratio,1.0
CCNK,expr_real_mass_ratio,1.0
CDC20,expr_real_mass_ratio,1.0
CDC6,expr_real_mass_ratio,1.0
CDCA5,expr_real_mass_ratio,0.9999999999999999
CENPJ,expr_real_mass_ratio,0.9999999999999999
CENPK,expr_real_mass_ratio,1.0000000000000002
CENPP,expr_real_mass_ratio,1.0
CEP85,expr_real_mass_ratio,1.0
CFDP1,expr_real_mass_ratio,1.0
CHMP6,expr_real_mass_ratio,1.0
CHTF18,expr_real_mass_ratio,1.0
CKAP5,expr_real_mass_ratio,1.0
COG6,expr_real_mass_ratio,1.0
COPS2,expr_real_mass_ratio,1.0
COPS4,expr_real_mass_ratio,1.0
CPSF1,expr_real_mass_ratio,1.0
CPSF3,expr_real_mass_ratio,1.0
CSE1L,expr_real_mass_ratio,1.0000000000000002
CSH2,expr_real_mass_ratio,0.9999999999999999
CSNK2B,expr_real_mass_ratio,1.0
CSTF1,expr_real_mass_ratio,0.9999999999999999
CSTF3,expr_real_mass_ratio,1.0
CTU2,expr_real_mass_ratio,1.0
CUL7,expr_real_mass_ratio,1.0000000000000002
CYS1,expr_real_mass_ratio,1.0
DAP3,expr_real_mass_ratio,1.0
DCTN1,expr_real_mass_ratio,1.0
DCUN1D5,expr_real_mass_ratio,1.0
DDX19B,expr_real_mass_ratio,1.0000000000000002
DDX21,expr_real_mass_ratio,1.0
DDX27,expr_real_mass_ratio,1.0
DDX5,expr_real_mass_ratio,1.0000000000000002
DENR,expr_real_mass_ratio,1.0
DESI1,expr_real_mass_ratio,1.0
DHX16,expr_real_mass_ratio,1.0
DHX37,expr_real_mass_ratio,1.0
DNAJA1,expr_real_mass_ratio,1.0
DNAJA3,expr_real_mass_ratio,1.0
DNTTIP2,expr_real_mass_ratio,0.9999999999999999
DYNC1I2,expr_real_mass_ratio,1.0
DYNLL2,expr_real_mass_ratio,1.0
E4F1,expr_real_mass_ratio,0.9999999999999999
EEF2,expr_real_mass_ratio,1.0
EFR3A,expr_real_mass_ratio,1.0
EIF3B,expr_real_mass_ratio,1.0
EIF4B,expr_real_mass_ratio,0.9999999999999999
EIF4H,expr_real_mass_ratio,1.0
ELL,expr_real_mass_ratio,1.0
ELOVL1,expr_real_mass_ratio,1.0
EPRS,expr_real_mass_ratio,1.0
EXOC5,expr_real_mass_ratio,0.9999999999999999
EXOSC3,expr_real_mass_ratio,1.0
EXOSC7,expr_real_mass_ratio,1.0
FAM136A,expr_real_mass_ratio,1.0
FAU,expr_real_mass_ratio,0.9999999999999997
FBRSL1,expr_real_mass_ratio,1.0
FBXL14,expr_real_mass_ratio,1.0000000000000002
FNTA,expr_real_mass_ratio,1.0
FOXS1,expr_real_mass_ratio,1.0
GCLC,expr_real_mass_ratio,0.9999999999999999
GINS1,expr_real_mass_ratio,1.0
GINS2,expr_real_mass_ratio,1.0
GPN1,expr_real_mass_ratio,0.9999999999999999
GTF2H4,expr_real_mass_ratio,1.0000000000000002
GTF3C1,expr_real_mass_ratio,1.0
GTF3C6,expr_real_mass_ratio,1.0
GYG1,expr_real_mass_ratio,1.0
HARS,expr_real_mass_ratio,1.0
HAUS8,expr_real_mass_ratio,0.9999999999999999
HHEX,expr_real_mass_ratio,1.0
HJURP,expr_real_mass_ratio,1.0
HMBOX1,expr_real_mass_ratio,0.9999999999999999
HNRNPA1,expr_real_mass_ratio,1.0
HNRNPK,expr_real_mass_ratio,1.0
HOXA3,expr_real_mass_ratio,1.0000000000000002
HSPE1,expr_real_mass_ratio,1.0000000000000002
INTS1,expr_real_mass_ratio,1.0
INTS3,expr_real_mass_ratio,1.0
INTS4,expr_real_mass_ratio,1.0
INTS9,expr_real_mass_ratio,0.9999999999999999
IPO7,expr_real_mass_ratio,1.0
ISCU,expr_real_mass_ratio,1.0
ISG20L2,expr_real_mass_ratio,1.0
JMJD6,expr_real_mass_ratio,1.0
KIF11,expr_real_mass_ratio,1.0
LRR1,expr_real_mass_ratio,1.0000000000000002
LRRC37A3,expr_real_mass_ratio,1.0
LSM5,expr_real_mass_ratio,1.0
LST1,expr_real_mass_ratio,1.0
LTBP3,expr_real_mass_ratio,1.0
LTV1,expr_real_mass_ratio,1.0
MBTPS1,expr_real_mass_ratio,1.0000000000000002
MBTPS2,expr_real_mass_ratio,1.0
MCM3AP,expr_real_mass_ratio,1.0
MCMBP,expr_real_mass_ratio,1.0
MDN1,expr_real_mass_ratio,0.9999999999999999
MED21,expr_real_mass_ratio,1.0000000000000002
MEIS3,expr_real_mass_ratio,1.0
MFN2,expr_real_mass_ratio,1.0000000000000002
MIER1,expr_real_mass_ratio,1.0
MKRN1,expr_real_mass_ratio,0.9999999999999999
MLLT6,expr_real_mass_ratio,1.0
MPHOSPH10,expr_real_mass_ratio,1.0
MRPL35,expr_real_mass_ratio,1.0
MRPL36,expr_real_mass_ratio,1.0
MRPL38,expr_real_mass_ratio,1.0
MRPS17,expr_real_mass_ratio,1.0
MRPS6,expr_real_mass_ratio,0.9999999999999999
MTBP,expr_real_mass_ratio,1.0000000000000002
MVK,expr_real_mass_ratio,1.0
MYBBP1A,expr_real_mass_ratio,1.0000000000000002
MYBL2,expr_real_mass_ratio,1.0
NAA35,expr_real_mass_ratio,1.0000000000000002
NAA50,expr_real_mass_ratio,1.0
NAGLU,expr_real_mass_ratio,1.0
NARS,expr_real_mass_ratio,1.0
NBEAL1,expr_real_mass_ratio,1.0
NCAPD2,expr_real_mass_ratio,1.0000000000000002
NFRKB,expr_real_mass_ratio,1.0
NFYB,expr_real_mass_ratio,1.0000000000000002
NFYC,expr_real_mass_ratio,1.0
NOC4L,expr_real_mass_ratio,1.0
NOMO1,expr_real_mass_ratio,1.0000000000000002
NRBP1,expr_real_mass_ratio,0.9999999999999999
NUP153,expr_real_mass_ratio,1.0
NUP160,expr_real_mass_ratio,1.0
NUP35,expr_real_mass_ratio,1.0
NUP88,expr_real_mass_ratio,1.0
NVL,expr_real_mass_ratio,1.0
OGFOD1,expr_real_mass_ratio,1.0
OLFML3,expr_real_mass_ratio,1.0
OR1E2,expr_real_mass_ratio,1.0
ORC1,expr_real_mass_ratio,1.0
ORC5,expr_real_mass_ratio,0.9999999999999999
PARS2,expr_real_mass_ratio,1.0
PC,expr_real_mass_ratio,1.0
PCBP1,expr_real_mass_ratio,1.0
PDCD6IP,expr_real_mass_ratio,1.0
PEX19,expr_real_mass_ratio,1.0
PGAM5,expr_real_mass_ratio,1.0
PGK1,expr_real_mass_ratio,1.0000000000000002
PHF10,expr_real_mass_ratio,1.0
PI4KA,expr_real_mass_ratio,1.0
POLR1D,expr_real_mass_ratio,1.0
POLR2C,expr_real_mass_ratio,1.0
POLR2I,expr_real_mass_ratio,1.0
POLR2K,expr_real_mass_ratio,1.0
POLR2M,expr_real_mass_ratio,1.0
POLR3E,expr_real_mass_ratio,1.0
POP1,expr_real_mass_ratio,1.0
POP4,expr_real_mass_ratio,1.0
PPP1R8,expr_real_mass_ratio,0.9999999999999999
PPP2R1A,expr_real_mass_ratio,1.0
PPP6C,expr_real_mass_ratio,0.9999999999999999
PRODH,expr_real_mass_ratio,1.0
PRPF6,expr_real_mass_ratio,1.0
PRSS50,expr_real_mass_ratio,1.0
PSMB2,expr_real_mass_ratio,1.0
PSMB5,expr_real_mass_ratio,1.0
PSMC4,expr_real_mass_ratio,1.0
PSMD14,expr_real_mass_ratio,1.0
PSMG3,expr_real_mass_ratio,1.0
PTPN1,expr_real_mass_ratio,0.9999999999999999
PUF60,expr_real_mass_ratio,1.0
PXN,expr_real_mass_ratio,1.0
RAB4A,expr_real_mass_ratio,1.0
RABGGTB,expr_real_mass_ratio,1.0
RARS,expr_real_mass_ratio,1.0
RBBP5,expr_real_mass_ratio,1.0
RBM14-RBM4,expr_real_mass_ratio,1.0
RBM48,expr_real_mass_ratio,1.0000000000000002
RBX1,expr_real_mass_ratio,1.0
RCC1,expr_real_mass_ratio,1.0
RFC2,expr_real_mass_ratio,1.0
RHPN1,expr_real_mass_ratio,1.0
RNASEH2C,expr_real_mass_ratio,1.0
RNF123,expr_real_mass_ratio,1.0
RNF31,expr_real_mass_ratio,1.0
RNMT,expr_real_mass_ratio,1.0
RNPS1,expr_real_mass_ratio,1.0
RPA3,expr_real_mass_ratio,1.0
RPAP1,expr_real_mass_ratio,1.0000000000000002
RPAP2,expr_real_mass_ratio,1.0
RPAP3,expr_real_mass_ratio,1.0
RPL18A,expr_real_mass_ratio,1.0
RPL35,expr_real_mass_ratio,1.0
RPL36A,expr_real_mass_ratio,1.0
RPL4,expr_real_mass_ratio,1.0
RPL41,expr_real_mass_ratio,1.0
RPP30,expr_real_mass_ratio,1.0
RPS20,expr_real_mass_ratio,1.0
RPS24,expr_real_mass_ratio,1.0
RPS27A,expr_real_mass_ratio,1.0000000000000002
RPS6,expr_real_mass_ratio,1.0
RRP7A,expr_real_mass_ratio,1.0
RSL1D1,expr_real_mass_ratio,1.0
SART1,expr_real_mass_ratio,1.0
SCAF1,expr_real_mass_ratio,0.9999999999999999
SCFD1,expr_real_mass_ratio,1.0
SDAD1,expr_real_mass_ratio,1.0
SEH1L,expr_real_mass_ratio,1.0
SEPHS2,expr_real_mass_ratio,1.0000000000000002
SEPSECS,expr_real_mass_ratio,0.9999999999999999
SETD1A,expr_real_mass_ratio,1.0
SETX,expr_real_mass_ratio,1.0000000000000002
SF3B5,expr_real_mass_ratio,1.0000000000000002
SLC7A6OS,expr_real_mass_ratio,1.0000000000000002
SLU7,expr_real_mass_ratio,1.0
SNAPC5,expr_real_mass_ratio,1.0
SNRNP48,expr_real_mass_ratio,1.0
SNRPC,expr_real_mass_ratio,1.0
SRCAP,expr_real_mass_ratio,1.0
SRP14,expr_real_mass_ratio,1.0
SRP54,expr_real_mass_ratio,0.9999999999999999
SRP72,expr_real_mass_ratio,1.0
SRP9,expr_real_mass_ratio,1.0000000000000002
SRRM1,expr_real_mass_ratio,1.0
SYMPK,expr_real_mass_ratio,1.0
SYNGR3,expr_real_mass_ratio,0.9999999999999999
TAF10,expr_real_mass_ratio,0.9999999999999997
TAF3,expr_real_mass_ratio,1.0
TAF5,expr_real_mass_ratio,1.0
TAF7,expr_real_mass_ratio,1.0
TANGO6,expr_real_mass_ratio,1.0
TARS2,expr_real_mass_ratio,1.0
TBC1D28,expr_real_mass_ratio,1.0
TBCD,expr_real_mass_ratio,1.0
TBCE,expr_real_mass_ratio,1.0
TBPL1,expr_real_mass_ratio,1.0
TERF2,expr_real_mass_ratio,1.0
TIMM10,expr_real_mass_ratio,1.0
TKT,expr_real_mass_ratio,1.0
TMX2,expr_real_mass_ratio,1.0000000000000002
TNNT2,expr_real_mass_ratio,1.0000000000000002
TNRC6A,expr_real_mass_ratio,1.0
TPR,expr_real_mass_ratio,1.0000000000000002
TRAPPC5,expr_real_mass_ratio,1.0000000000000002
TSEN2,expr_real_mass_ratio,1.0
TSPYL5,expr_real_mass_ratio,1.0
TUBD1,expr_real_mass_ratio,1.0
TUBGCP2,expr_real_mass_ratio,1.0
TUT1,expr_real_mass_ratio,1.0
UBA52,expr_real_mass_ratio,1.0
UBE2L3,expr_real_mass_ratio,0.9999999999999999
UBQLN4,expr_real_mass_ratio,1.0
UHRF1,expr_real_mass_ratio,0.9999999999999999
UQCRC1,expr_real_mass_ratio,0.9999999999999999
URI1,expr_real_mass_ratio,1.0000000000000002
USP14,expr_real_mass_ratio,1.0
USP37,expr_real_mass_ratio,1.0
USP39,expr_real_mass_ratio,0.9999999999999999
UTP15,expr_real_mass_ratio,1.0
UTP20,expr_real_mass_ratio,1.0
VARS,expr_real_mass_ratio,0.9999999999999999
VPS54,expr_real_mass_ratio,1.0
WBP11,expr_real_mass_ratio,1.0
WDHD1,expr_real_mass_ratio,1.0
WDR26,expr_real_mass_ratio,1.0
WDR43,expr_real_mass_ratio,1.0
WDTC1,expr_real_mass_ratio,1.0
WTAP,expr_real_mass_ratio,1.0000000000000002
YRDC,expr_real_mass_ratio,1.0
YTHDC1,expr_real_mass_ratio,1.0
ZC3H13,expr_real_mass_ratio,1.0
ZCCHC9,expr_real_mass_ratio,1.0
ZMAT2,expr_real_mass_ratio,1.0
ZNF207,expr_real_mass_ratio,1.0
ZNF720,expr_real_mass_ratio,1.0
ZNF763,expr_real_mass_ratio,1.0
ZNF84,expr_real_mass_ratio,1.0
ZNRD1,expr_real_mass_ratio,0.9999999999999999
