perturbation,metric,value
RSL1D1,de_wilcoxon_lfc_nmae,0.44862478112978305
WDR43,de_wilcoxon_lfc_nmae,0.4364085717754867
RPAP1,de_wilcoxon_lfc_nmae,0.8895374346999897
DDX5,de_wilcoxon_lfc_nmae,0.551753334495085
NUP88,de_wilcoxon_lfc_nmae,0.38710769580754595
RBM14-RBM4,de_wilcoxon_lfc_nmae,0.3747954083277816
NOC4L,de_wilcoxon_lfc_nmae,0.576888215969248
RFC2,de_wilcoxon_lfc_nmae,0.7144264951684646
UTP20,de_wilcoxon_lfc_nmae,0.5212713880631817
FBXL14,de_wilcoxon_lfc_nmae,0.3822756578807296
EIF4B,de_wilcoxon_lfc_nmae,0.36348392588864714
IPO7,de_wilcoxon_lfc_nmae,0.24773597628411476
DCUN1D5,de_wilcoxon_lfc_nmae,0.5146903123209411
INTS9,de_wilcoxon_lfc_nmae,0.5477205808696465
MIER1,de_wilcoxon_lfc_nmae,0.7889115349759928
PSMD14,de_wilcoxon_lfc_nmae,0.487771231398268
SDAD1,de_wilcoxon_lfc_nmae,0.5268707531647588
ZCCHC9,de_wilcoxon_lfc_nmae,0.5378476787911899
TNRC6A,de_wilcoxon_lfc_nmae,0.19961516561117731
SETD1A,de_wilcoxon_lfc_nmae,0.4350822825815706
HARS,de_wilcoxon_lfc_nmae,0.6348098464829439
DHX37,de_wilcoxon_lfc_nmae,0.6152125919811521
PCBP1,de_wilcoxon_lfc_nmae,0.5287222260712898
RBBP5,de_wilcoxon_lfc_nmae,0.46503188612989316
UBQLN4,de_wilcoxon_lfc_nmae,0.5599388832297634
RCC1,de_wilcoxon_lfc_nmae,0.7994100897205669
ELL,de_wilcoxon_lfc_nmae,0.4389115375062859
SCAF1,de_wilcoxon_lfc_nmae,0.38578587889355187
MLLT6,de_wilcoxon_lfc_nmae,0.48291044256052784
PPP2R1A,de_wilcoxon_lfc_nmae,0.43029366764084515
POLR1D,de_wilcoxon_lfc_nmae,0.5096522024156452
RPS6,de_wilcoxon_lfc_nmae,0.5142346668184193
TAF3,de_wilcoxon_lfc_nmae,0.5638821121320098
RPL18A,de_wilcoxon_lfc_nmae,0.4120060654724438
CSE1L,de_wilcoxon_lfc_nmae,0.3530496371063094
RBX1,de_wilcoxon_lfc_nmae,0.43341231284896575
TARS2,de_wilcoxon_lfc_nmae,0.4384120883619283
RPL35,de_wilcoxon_lfc_nmae,0.57180146179312
MPHOSPH10,de_wilcoxon_lfc_nmae,0.5125059108391263
CENPP,de_wilcoxon_lfc_nmae,0.5156424567996026
TERF2,de_wilcoxon_lfc_nmae,0.4752216387163393
SRP54,de_wilcoxon_lfc_nmae,0.5633963202021527
CDC6,de_wilcoxon_lfc_nmae,0.3869042428151979
TANGO6,de_wilcoxon_lfc_nmae,0.529813710688224
MYBBP1A,de_wilcoxon_lfc_nmae,0.44580653021741085
DNTTIP2,de_wilcoxon_lfc_nmae,0.5754505254716945
NFYC,de_wilcoxon_lfc_nmae,0.40230364556590253
EXOSC7,de_wilcoxon_lfc_nmae,0.34880493952375285
ISG20L2,de_wilcoxon_lfc_nmae,0.48429266862514353
POP1,de_wilcoxon_lfc_nmae,0.6220375507931437
EXOSC3,de_wilcoxon_lfc_nmae,0.4424439613626221
POLR2M,de_wilcoxon_lfc_nmae,0.5281640249549032
PRPF6,de_wilcoxon_lfc_nmae,0.605120332567403
UTP15,de_wilcoxon_lfc_nmae,0.6136606884501811
CUL7,de_wilcoxon_lfc_nmae,0.5854096648277007
MTBP,de_wilcoxon_lfc_nmae,0.507987408410885
USP39,de_wilcoxon_lfc_nmae,0.4087738225091274
PSMG3,de_wilcoxon_lfc_nmae,0.5547557337279752
SNRPC,de_wilcoxon_lfc_nmae,0.5523392870298444
LSM5,de_wilcoxon_lfc_nmae,0.42611732417270604
TSEN2,de_wilcoxon_lfc_nmae,0.3905537689430916
USP37,de_wilcoxon_lfc_nmae,0.5504788158140006
MRPL35,de_wilcoxon_lfc_nmae,0.3505792108405663
ZNRD1,de_wilcoxon_lfc_nmae,0.38987833611826905
DDX21,de_wilcoxon_lfc_nmae,0.5248277447162433
EPRS,de_wilcoxon_lfc_nmae,0.36923191849451004
PPP6C,de_wilcoxon_lfc_nmae,0.37848644387256464
NUP160,de_wilcoxon_lfc_nmae,0.6258443442592748
GINS2,de_wilcoxon_lfc_nmae,0.5484585435081404
FAU,de_wilcoxon_lfc_nmae,0.40643991946341057
RPAP3,de_wilcoxon_lfc_nmae,0.5609929730796991
TMX2,de_wilcoxon_lfc_nmae,0.5819924880065817
RPS20,de_wilcoxon_lfc_nmae,0.7032492876455355
ZC3H13,de_wilcoxon_lfc_nmae,0.5092341766674561
POLR2I,de_wilcoxon_lfc_nmae,0.6047604823948677
DNAJA3,de_wilcoxon_lfc_nmae,0.4671046801886262
PSMB2,de_wilcoxon_lfc_nmae,0.6680430593201906
YTHDC1,de_wilcoxon_lfc_nmae,0.41683345173836844
LTV1,de_wilcoxon_lfc_nmae,0.5535364718307167
INTS3,de_wilcoxon_lfc_nmae,0.6142714834430122
E4F1,de_wilcoxon_lfc_nmae,0.4128222019519088
HNRNPK,de_wilcoxon_lfc_nmae,0.43729185075559324
COPS4,de_wilcoxon_lfc_nmae,0.5151243646050186
PSMB5,de_wilcoxon_lfc_nmae,0.5542077099974243
MEIS3,de_wilcoxon_lfc_nmae,0.47860805875970314
SF3B5,de_wilcoxon_lfc_nmae,0.6105043568984777
PSMC4,de_wilcoxon_lfc_nmae,0.5975641731276429
FBRSL1,de_wilcoxon_lfc_nmae,0.5227180960179965
RPS27A,de_wilcoxon_lfc_nmae,0.3608893889481363
RNMT,de_wilcoxon_lfc_nmae,0.4016473880504554
CPSF1,de_wilcoxon_lfc_nmae,0.5281669371251067
UHRF1,de_wilcoxon_lfc_nmae,0.38462872783487667
RRP7A,de_wilcoxon_lfc_nmae,0.4477649642178226
HSPE1,de_wilcoxon_lfc_nmae,0.4069062116389884
ATP5MF,de_wilcoxon_lfc_nmae,0.44254288548925114
POLR2C,de_wilcoxon_lfc_nmae,0.551863868375885
TPR,de_wilcoxon_lfc_nmae,0.5250091985767671
CSTF1,de_wilcoxon_lfc_nmae,0.3587965752194864
CSNK2B,de_wilcoxon_lfc_nmae,0.5049560645871769
WDR26,de_wilcoxon_lfc_nmae,0.5704288976409857
ZNF207,de_wilcoxon_lfc_nmae,0.5168357096738788
RPS24,de_wilcoxon_lfc_nmae,0.4110526159074602
POLR2K,de_wilcoxon_lfc_nmae,0.5167906692210475
SLC7A6OS,de_wilcoxon_lfc_nmae,0.5352632035682802
RPA3,de_wilcoxon_lfc_nmae,0.5758153106298689
POP4,de_wilcoxon_lfc_nmae,0.5631486055649194
PXN,de_wilcoxon_lfc_nmae,0.2839167033342072
TAF10,de_wilcoxon_lfc_nmae,0.5705439826669023
SEH1L,de_wilcoxon_lfc_nmae,0.7859492520957675
NUP153,de_wilcoxon_lfc_nmae,0.3961443621752663
CPSF3,de_wilcoxon_lfc_nmae,0.41826237072730427
FAM136A,de_wilcoxon_lfc_nmae,0.4664227945045286
C7orf26,de_wilcoxon_lfc_nmae,0.47034273616579625
CENPJ,de_wilcoxon_lfc_nmae,0.4113109449316509
EIF3B,de_wilcoxon_lfc_nmae,0.35125312871709924
SRP14,de_wilcoxon_lfc_nmae,0.29893670905001035
RPP30,de_wilcoxon_lfc_nmae,0.4427023490833196
ATP11B,de_wilcoxon_lfc_nmae,0.4312474166779822
PI4KA,de_wilcoxon_lfc_nmae,0.3791659143350153
BMS1,de_wilcoxon_lfc_nmae,0.38237114711038767
NARS,de_wilcoxon_lfc_nmae,0.3979393296531404
ADAM10,de_wilcoxon_lfc_nmae,0.49559841475549077
DESI1,de_wilcoxon_lfc_nmae,0.5160679296703082
MED21,de_wilcoxon_lfc_nmae,0.5616523007377398
MRPL38,de_wilcoxon_lfc_nmae,0.43494989762625264
PUF60,de_wilcoxon_lfc_nmae,0.3706850796748006
MBTPS2,de_wilcoxon_lfc_nmae,0.4125255290901931
BTF3,de_wilcoxon_lfc_nmae,0.5435460443549665
TAF5,de_wilcoxon_lfc_nmae,0.5286151205592813
MBTPS1,de_wilcoxon_lfc_nmae,0.47195842062861715
SRP72,de_wilcoxon_lfc_nmae,0.4197196428028142
DHX16,de_wilcoxon_lfc_nmae,0.4790712506700068
SCFD1,de_wilcoxon_lfc_nmae,0.49523089515903823
VARS,de_wilcoxon_lfc_nmae,0.48530897396393236
NVL,de_wilcoxon_lfc_nmae,0.6503049304554248
UBA52,de_wilcoxon_lfc_nmae,0.4876627163965666
GINS1,de_wilcoxon_lfc_nmae,0.46362402280942006
AGBL5,de_wilcoxon_lfc_nmae,1.6228633059247939
SLU7,de_wilcoxon_lfc_nmae,0.34944442474001974
GPN1,de_wilcoxon_lfc_nmae,0.6473853956865023
PGAM5,de_wilcoxon_lfc_nmae,0.42024563069782633
ZMAT2,de_wilcoxon_lfc_nmae,0.3857157348476703
RARS,de_wilcoxon_lfc_nmae,0.3480252354379682
RPL4,de_wilcoxon_lfc_nmae,0.534860007489654
MCMBP,de_wilcoxon_lfc_nmae,0.40974626690791127
COPS2,de_wilcoxon_lfc_nmae,0.457916306421443
MRPL36,de_wilcoxon_lfc_nmae,0.3492687086677439
ORC1,de_wilcoxon_lfc_nmae,0.39825495007678047
URI1,de_wilcoxon_lfc_nmae,0.5187979079695785
PPP1R8,de_wilcoxon_lfc_nmae,0.5955614026211986
SART1,de_wilcoxon_lfc_nmae,0.5300645728706033
SNRNP48,de_wilcoxon_lfc_nmae,0.7082673460731875
GYG1,de_wilcoxon_lfc_nmae,0.7924915830745718
TAF7,de_wilcoxon_lfc_nmae,0.569357676999801
FNTA,de_wilcoxon_lfc_nmae,0.46543945437465783
MYBL2,de_wilcoxon_lfc_nmae,0.4467222578013916
CHMP6,de_wilcoxon_lfc_nmae,0.3250080583258169
RPL36A,de_wilcoxon_lfc_nmae,0.5907488955231427
SYNGR3,de_wilcoxon_lfc_nmae,0.7300962648502703
ZNF84,de_wilcoxon_lfc_nmae,0.40219949502285335
RPAP2,de_wilcoxon_lfc_nmae,0.7120983366799029
INTS4,de_wilcoxon_lfc_nmae,0.6278693513463012
RABGGTB,de_wilcoxon_lfc_nmae,0.5685123647502797
BPTF,de_wilcoxon_lfc_nmae,0.41187892112176533
MDN1,de_wilcoxon_lfc_nmae,0.5867002719062363
SYMPK,de_wilcoxon_lfc_nmae,0.6386274861848528
CSTF3,de_wilcoxon_lfc_nmae,0.6398675969064459
AKIRIN2,de_wilcoxon_lfc_nmae,0.5688433931746659
DDX27,de_wilcoxon_lfc_nmae,0.4042767734633392
MRPS6,de_wilcoxon_lfc_nmae,0.7099761235984121
TRAPPC5,de_wilcoxon_lfc_nmae,0.6730409541991343
OGFOD1,de_wilcoxon_lfc_nmae,0.5813005185473737
PHF10,de_wilcoxon_lfc_nmae,0.5076986450365997
HHEX,de_wilcoxon_lfc_nmae,0.4659704762786202
RNF31,de_wilcoxon_lfc_nmae,0.7204385866284148
ACIN1,de_wilcoxon_direction_fidelity_yield_raw,0.0
ACTR2,de_wilcoxon_direction_fidelity_yield_raw,0.0
ACTR6,de_wilcoxon_direction_fidelity_yield_raw,0.0
ADAM10,de_wilcoxon_direction_fidelity_yield_raw,0.2
AGBL5,de_wilcoxon_direction_fidelity_yield_raw,0.15
AKIRIN2,de_wilcoxon_direction_fidelity_yield_raw,0.391304347826087
ANAPC13,de_wilcoxon_direction_fidelity_yield_raw,
ATP11B,de_wilcoxon_direction_fidelity_yield_raw,0.93125
ATP2A2,de_wilcoxon_direction_fidelity_yield_raw,0.8
ATP5MF,de_wilcoxon_direction_fidelity_yield_raw,0.6294416243654822
AURKAIP1,de_wilcoxon_direction_fidelity_yield_raw,0.875
BARD1,de_wilcoxon_direction_fidelity_yield_raw,
BCAR1,de_wilcoxon_direction_fidelity_yield_raw,0.5
BMS1,de_wilcoxon_direction_fidelity_yield_raw,0.9088785046728972
BORA,de_wilcoxon_direction_fidelity_yield_raw,0.25
BPTF,de_wilcoxon_direction_fidelity_yield_raw,0.8388157894736842
BRD2,de_wilcoxon_direction_fidelity_yield_raw,0.5
BTF3,de_wilcoxon_direction_fidelity_yield_raw,0.8275862068965517
C16orf86,de_wilcoxon_direction_fidelity_yield_raw,1.0
C6orf15,de_wilcoxon_direction_fidelity_yield_raw,
C7orf26,de_wilcoxon_direction_fidelity_yield_raw,0.9571428571428572
CA5A,de_wilcoxon_direction_fidelity_yield_raw,
CABIN1,de_wilcoxon_direction_fidelity_yield_raw,0.0
CACNB3,de_wilcoxon_direction_fidelity_yield_raw,
CADM4,de_wilcoxon_direction_fidelity_yield_raw,0.0
CBLN1,de_wilcoxon_direction_fidelity_yield_raw,0.0
CBX1,de_wilcoxon_direction_fidelity_yield_raw,0.0
CCDC130,de_wilcoxon_direction_fidelity_yield_raw,1.0
CCNK,de_wilcoxon_direction_fidelity_yield_raw,0.5
CDC20,de_wilcoxon_direction_fidelity_yield_raw,0.8571428571428571
CDC6,de_wilcoxon_direction_fidelity_yield_raw,0.9312424607961399
CDCA5,de_wilcoxon_direction_fidelity_yield_raw,0.875
CENPJ,de_wilcoxon_direction_fidelity_yield_raw,0.7416317991631799
CENPK,de_wilcoxon_direction_fidelity_yield_raw,0.5
CENPP,de_wilcoxon_direction_fidelity_yield_raw,0.45081967213114754
CEP85,de_wilcoxon_direction_fidelity_yield_raw,
CFDP1,de_wilcoxon_direction_fidelity_yield_raw,
CHMP6,de_wilcoxon_direction_fidelity_yield_raw,0.9710789766407119
CHTF18,de_wilcoxon_direction_fidelity_yield_raw,0.0
CKAP5,de_wilcoxon_direction_fidelity_yield_raw,
COG6,de_wilcoxon_direction_fidelity_yield_raw,0.4
COPS2,de_wilcoxon_direction_fidelity_yield_raw,0.9057971014492754
COPS4,de_wilcoxon_direction_fidelity_yield_raw,0.9525547445255474
CPSF1,de_wilcoxon_direction_fidelity_yield_raw,0.47761194029850745
CPSF3,de_wilcoxon_direction_fidelity_yield_raw,0.951931330472103
CSE1L,de_wilcoxon_direction_fidelity_yield_raw,0.9621539243078486
CSH2,de_wilcoxon_direction_fidelity_yield_raw,0.0
CSNK2B,de_wilcoxon_direction_fidelity_yield_raw,0.6821705426356589
CSTF1,de_wilcoxon_direction_fidelity_yield_raw,0.9672346002621232
CSTF3,de_wilcoxon_direction_fidelity_yield_raw,0.6528704939919893
CTU2,de_wilcoxon_direction_fidelity_yield_raw,0.8333333333333334
CUL7,de_wilcoxon_direction_fidelity_yield_raw,0.8184438040345822
CYS1,de_wilcoxon_direction_fidelity_yield_raw,1.0
DAP3,de_wilcoxon_direction_fidelity_yield_raw,1.0
DCTN1,de_wilcoxon_direction_fidelity_yield_raw,
DCUN1D5,de_wilcoxon_direction_fidelity_yield_raw,0.9470517448856799
DDX19B,de_wilcoxon_direction_fidelity_yield_raw,
DDX21,de_wilcoxon_direction_fidelity_yield_raw,0.9636552440290758
DDX27,de_wilcoxon_direction_fidelity_yield_raw,0.9653035935563816
DDX5,de_wilcoxon_direction_fidelity_yield_raw,0.1792452830188679
DENR,de_wilcoxon_direction_fidelity_yield_raw,1.0
DESI1,de_wilcoxon_direction_fidelity_yield_raw,0.967741935483871
DHX16,de_wilcoxon_direction_fidelity_yield_raw,0.93596425912137
DHX37,de_wilcoxon_direction_fidelity_yield_raw,0.29411764705882354
DNAJA1,de_wilcoxon_direction_fidelity_yield_raw,
DNAJA3,de_wilcoxon_direction_fidelity_yield_raw,0.9361702127659575
DNTTIP2,de_wilcoxon_direction_fidelity_yield_raw,0.9674085850556439
DYNC1I2,de_wilcoxon_direction_fidelity_yield_raw,1.0
DYNLL2,de_wilcoxon_direction_fidelity_yield_raw,0.4
E4F1,de_wilcoxon_direction_fidelity_yield_raw,0.9384615384615385
EEF2,de_wilcoxon_direction_fidelity_yield_raw,0.9456066945606695
EFR3A,de_wilcoxon_direction_fidelity_yield_raw,
EIF3B,de_wilcoxon_direction_fidelity_yield_raw,0.9676443906864227
EIF4B,de_wilcoxon_direction_fidelity_yield_raw,0.8135593220338984
EIF4H,de_wilcoxon_direction_fidelity_yield_raw,1.0
ELL,de_wilcoxon_direction_fidelity_yield_raw,0.7705882352941177
ELOVL1,de_wilcoxon_direction_fidelity_yield_raw,0.6666666666666666
EPRS,de_wilcoxon_direction_fidelity_yield_raw,0.946607341490545
EXOC5,de_wilcoxon_direction_fidelity_yield_raw,0.9090909090909091
EXOSC3,de_wilcoxon_direction_fidelity_yield_raw,0.8375451263537906
EXOSC7,de_wilcoxon_direction_fidelity_yield_raw,0.8695652173913043
FAM136A,de_wilcoxon_direction_fidelity_yield_raw,0.8850574712643678
FAU,de_wilcoxon_direction_fidelity_yield_raw,0.7892518440463646
FBRSL1,de_wilcoxon_direction_fidelity_yield_raw,0.9665271966527197
FBXL14,de_wilcoxon_direction_fidelity_yield_raw,0.9688581314878892
FNTA,de_wilcoxon_direction_fidelity_yield_raw,0.43209876543209874
FOXS1,de_wilcoxon_direction_fidelity_yield_raw,0.5
GCLC,de_wilcoxon_direction_fidelity_yield_raw,
GINS1,de_wilcoxon_direction_fidelity_yield_raw,0.9260969976905312
GINS2,de_wilcoxon_direction_fidelity_yield_raw,0.49122807017543857
GPN1,de_wilcoxon_direction_fidelity_yield_raw,0.5077262693156733
GTF2H4,de_wilcoxon_direction_fidelity_yield_raw,0.875
GTF3C1,de_wilcoxon_direction_fidelity_yield_raw,1.0
GTF3C6,de_wilcoxon_direction_fidelity_yield_raw,
GYG1,de_wilcoxon_direction_fidelity_yield_raw,0.2222222222222222
HARS,de_wilcoxon_direction_fidelity_yield_raw,0.9292502639915523
HAUS8,de_wilcoxon_direction_fidelity_yield_raw,0.5
HHEX,de_wilcoxon_direction_fidelity_yield_raw,0.35294117647058826
HJURP,de_wilcoxon_direction_fidelity_yield_raw,0.6666666666666666
HMBOX1,de_wilcoxon_direction_fidelity_yield_raw,1.0
HNRNPA1,de_wilcoxon_direction_fidelity_yield_raw,0.9
HNRNPK,de_wilcoxon_direction_fidelity_yield_raw,0.9348093480934809
HOXA3,de_wilcoxon_direction_fidelity_yield_raw,1.0
HSPE1,de_wilcoxon_direction_fidelity_yield_raw,0.6866197183098591
INTS1,de_wilcoxon_direction_fidelity_yield_raw,
INTS3,de_wilcoxon_direction_fidelity_yield_raw,0.3873626373626374
INTS4,de_wilcoxon_direction_fidelity_yield_raw,0.25357142857142856
INTS9,de_wilcoxon_direction_fidelity_yield_raw,0.163302752293578
IPO7,de_wilcoxon_direction_fidelity_yield_raw,0.9032258064516129
ISCU,de_wilcoxon_direction_fidelity_yield_raw,0.8666666666666667
ISG20L2,de_wilcoxon_direction_fidelity_yield_raw,0.9513830678960603
JMJD6,de_wilcoxon_direction_fidelity_yield_raw,1.0
KIF11,de_wilcoxon_direction_fidelity_yield_raw,
LRR1,de_wilcoxon_direction_fidelity_yield_raw,0.7714285714285715
LRRC37A3,de_wilcoxon_direction_fidelity_yield_raw,
LSM5,de_wilcoxon_direction_fidelity_yield_raw,0.9655543595263725
LST1,de_wilcoxon_direction_fidelity_yield_raw,0.0
LTBP3,de_wilcoxon_direction_fidelity_yield_raw,
LTV1,de_wilcoxon_direction_fidelity_yield_raw,0.9074074074074074
MBTPS1,de_wilcoxon_direction_fidelity_yield_raw,0.4444444444444444
MBTPS2,de_wilcoxon_direction_fidelity_yield_raw,0.9375
MCM3AP,de_wilcoxon_direction_fidelity_yield_raw,1.0
MCMBP,de_wilcoxon_direction_fidelity_yield_raw,0.9367088607594937
MDN1,de_wilcoxon_direction_fidelity_yield_raw,0.5348837209302325
MED21,de_wilcoxon_direction_fidelity_yield_raw,0.35192307692307695
MEIS3,de_wilcoxon_direction_fidelity_yield_raw,0.9222222222222223
MFN2,de_wilcoxon_direction_fidelity_yield_raw,0.75
MIER1,de_wilcoxon_direction_fidelity_yield_raw,0.5454545454545454
MKRN1,de_wilcoxon_direction_fidelity_yield_raw,
MLLT6,de_wilcoxon_direction_fidelity_yield_raw,0.5379310344827586
MPHOSPH10,de_wilcoxon_direction_fidelity_yield_raw,0.8514357053682896
MRPL35,de_wilcoxon_direction_fidelity_yield_raw,0.9629629629629629
MRPL36,de_wilcoxon_direction_fidelity_yield_raw,0.9767441860465116
MRPL38,de_wilcoxon_direction_fidelity_yield_raw,0.8
MRPS17,de_wilcoxon_direction_fidelity_yield_raw,0.9285714285714286
MRPS6,de_wilcoxon_direction_fidelity_yield_raw,0.4
MTBP,de_wilcoxon_direction_fidelity_yield_raw,0.3218970736629667
MVK,de_wilcoxon_direction_fidelity_yield_raw,0.9
MYBBP1A,de_wilcoxon_direction_fidelity_yield_raw,0.900990099009901
MYBL2,de_wilcoxon_direction_fidelity_yield_raw,0.9290780141843972
NAA35,de_wilcoxon_direction_fidelity_yield_raw,0.3333333333333333
NAA50,de_wilcoxon_direction_fidelity_yield_raw,0.0
NAGLU,de_wilcoxon_direction_fidelity_yield_raw,1.0
NARS,de_wilcoxon_direction_fidelity_yield_raw,0.9466666666666667
NBEAL1,de_wilcoxon_direction_fidelity_yield_raw,0.0
NCAPD2,de_wilcoxon_direction_fidelity_yield_raw,0.25
NFRKB,de_wilcoxon_direction_fidelity_yield_raw,1.0
NFYB,de_wilcoxon_direction_fidelity_yield_raw,0.9615384615384616
NFYC,de_wilcoxon_direction_fidelity_yield_raw,0.9019933554817275
NOC4L,de_wilcoxon_direction_fidelity_yield_raw,0.951048951048951
NOMO1,de_wilcoxon_direction_fidelity_yield_raw,0.6
NRBP1,de_wilcoxon_direction_fidelity_yield_raw,0.75
NUP153,de_wilcoxon_direction_fidelity_yield_raw,0.9372549019607843
NUP160,de_wilcoxon_direction_fidelity_yield_raw,0.3130699088145897
NUP35,de_wilcoxon_direction_fidelity_yield_raw,0.0
NUP88,de_wilcoxon_direction_fidelity_yield_raw,0.9540636042402827
NVL,de_wilcoxon_direction_fidelity_yield_raw,0.9466553767993227
OGFOD1,de_wilcoxon_direction_fidelity_yield_raw,0.07692307692307693
OLFML3,de_wilcoxon_direction_fidelity_yield_raw,1.0
OR1E2,de_wilcoxon_direction_fidelity_yield_raw,
ORC1,de_wilcoxon_direction_fidelity_yield_raw,0.9182242990654206
ORC5,de_wilcoxon_direction_fidelity_yield_raw,1.0
PARS2,de_wilcoxon_direction_fidelity_yield_raw,1.0
PC,de_wilcoxon_direction_fidelity_yield_raw,
PCBP1,de_wilcoxon_direction_fidelity_yield_raw,0.29454545454545455
PDCD6IP,de_wilcoxon_direction_fidelity_yield_raw,1.0
PEX19,de_wilcoxon_direction_fidelity_yield_raw,1.0
PGAM5,de_wilcoxon_direction_fidelity_yield_raw,0.6818181818181818
PGK1,de_wilcoxon_direction_fidelity_yield_raw,0.0
PHF10,de_wilcoxon_direction_fidelity_yield_raw,0.952
PI4KA,de_wilcoxon_direction_fidelity_yield_raw,0.92
POLR1D,de_wilcoxon_direction_fidelity_yield_raw,0.956221198156682
POLR2C,de_wilcoxon_direction_fidelity_yield_raw,0.9237217099748533
POLR2I,de_wilcoxon_direction_fidelity_yield_raw,0.9367588932806324
POLR2K,de_wilcoxon_direction_fidelity_yield_raw,0.9071980963712076
POLR2M,de_wilcoxon_direction_fidelity_yield_raw,0.2222222222222222
POLR3E,de_wilcoxon_direction_fidelity_yield_raw,0.25
POP1,de_wilcoxon_direction_fidelity_yield_raw,0.5478723404255319
POP4,de_wilcoxon_direction_fidelity_yield_raw,0.7973856209150327
PPP1R8,de_wilcoxon_direction_fidelity_yield_raw,0.46875
PPP2R1A,de_wilcoxon_direction_fidelity_yield_raw,0.3684210526315789
PPP6C,de_wilcoxon_direction_fidelity_yield_raw,0.9679266895761741
PRODH,de_wilcoxon_direction_fidelity_yield_raw,
PRPF6,de_wilcoxon_direction_fidelity_yield_raw,0.804374240583232
PRSS50,de_wilcoxon_direction_fidelity_yield_raw,1.0
PSMB2,de_wilcoxon_direction_fidelity_yield_raw,0.7759103641456583
PSMB5,de_wilcoxon_direction_fidelity_yield_raw,0.8471432104872619
PSMC4,de_wilcoxon_direction_fidelity_yield_raw,0.78008658008658
PSMD14,de_wilcoxon_direction_fidelity_yield_raw,0.9594594594594594
PSMG3,de_wilcoxon_direction_fidelity_yield_raw,0.3333333333333333
PTPN1,de_wilcoxon_direction_fidelity_yield_raw,0.0
PUF60,de_wilcoxon_direction_fidelity_yield_raw,0.9064516129032258
PXN,de_wilcoxon_direction_fidelity_yield_raw,0.7
RAB4A,de_wilcoxon_direction_fidelity_yield_raw,1.0
RABGGTB,de_wilcoxon_direction_fidelity_yield_raw,0.93
RARS,de_wilcoxon_direction_fidelity_yield_raw,0.9702970297029703
RBBP5,de_wilcoxon_direction_fidelity_yield_raw,0.9467084639498433
RBM14-RBM4,de_wilcoxon_direction_fidelity_yield_raw,0.9195402298850575
RBM48,de_wilcoxon_direction_fidelity_yield_raw,1.0
RBX1,de_wilcoxon_direction_fidelity_yield_raw,1.0
RCC1,de_wilcoxon_direction_fidelity_yield_raw,0.6363636363636364
RFC2,de_wilcoxon_direction_fidelity_yield_raw,0.05747126436781609
RHPN1,de_wilcoxon_direction_fidelity_yield_raw,1.0
RNASEH2C,de_wilcoxon_direction_fidelity_yield_raw,0.14285714285714285
RNF123,de_wilcoxon_direction_fidelity_yield_raw,1.0
RNF31,de_wilcoxon_direction_fidelity_yield_raw,0.2857142857142857
RNMT,de_wilcoxon_direction_fidelity_yield_raw,0.9051724137931034
RNPS1,de_wilcoxon_direction_fidelity_yield_raw,
RPA3,de_wilcoxon_direction_fidelity_yield_raw,0.1581676750216076
RPAP1,de_wilcoxon_direction_fidelity_yield_raw,0.9289617486338798
RPAP2,de_wilcoxon_direction_fidelity_yield_raw,0.909245122985581
RPAP3,de_wilcoxon_direction_fidelity_yield_raw,0.7894736842105263
RPL18A,de_wilcoxon_direction_fidelity_yield_raw,0.9713340683572216
RPL35,de_wilcoxon_direction_fidelity_yield_raw,0.9534971644612477
RPL36A,de_wilcoxon_direction_fidelity_yield_raw,0.8352941176470589
RPL4,de_wilcoxon_direction_fidelity_yield_raw,0.9638879514006075
RPL41,de_wilcoxon_direction_fidelity_yield_raw,1.0
RPP30,de_wilcoxon_direction_fidelity_yield_raw,0.9432314410480349
RPS20,de_wilcoxon_direction_fidelity_yield_raw,0.953732912723449
RPS24,de_wilcoxon_direction_fidelity_yield_raw,0.938742611499194
RPS27A,de_wilcoxon_direction_fidelity_yield_raw,0.9037242472266244
RPS6,de_wilcoxon_direction_fidelity_yield_raw,0.7747698971304818
RRP7A,de_wilcoxon_direction_fidelity_yield_raw,0.9432717678100264
RSL1D1,de_wilcoxon_direction_fidelity_yield_raw,0.91324200913242
SART1,de_wilcoxon_direction_fidelity_yield_raw,0.9499393203883495
SCAF1,de_wilcoxon_direction_fidelity_yield_raw,0.9418282548476454
SCFD1,de_wilcoxon_direction_fidelity_yield_raw,0.9395604395604396
SDAD1,de_wilcoxon_direction_fidelity_yield_raw,0.8700084961767205
SEH1L,de_wilcoxon_direction_fidelity_yield_raw,0.6521739130434783
SEPHS2,de_wilcoxon_direction_fidelity_yield_raw,0.6666666666666666
SEPSECS,de_wilcoxon_direction_fidelity_yield_raw,
SETD1A,de_wilcoxon_direction_fidelity_yield_raw,0.8817863397548161
SETX,de_wilcoxon_direction_fidelity_yield_raw,0.6666666666666666
SF3B5,de_wilcoxon_direction_fidelity_yield_raw,0.8972368120575474
SLC7A6OS,de_wilcoxon_direction_fidelity_yield_raw,0.9345238095238095
SLU7,de_wilcoxon_direction_fidelity_yield_raw,0.9282010370961309
SNAPC5,de_wilcoxon_direction_fidelity_yield_raw,1.0
SNRNP48,de_wilcoxon_direction_fidelity_yield_raw,0.18009478672985782
SNRPC,de_wilcoxon_direction_fidelity_yield_raw,0.5766369047619048
SRCAP,de_wilcoxon_direction_fidelity_yield_raw,1.0
SRP14,de_wilcoxon_direction_fidelity_yield_raw,0.8888888888888888
SRP54,de_wilcoxon_direction_fidelity_yield_raw,0.8930693069306931
SRP72,de_wilcoxon_direction_fidelity_yield_raw,0.9467140319715808
SRP9,de_wilcoxon_direction_fidelity_yield_raw,0.7777777777777778
SRRM1,de_wilcoxon_direction_fidelity_yield_raw,0.8260869565217391
SYMPK,de_wilcoxon_direction_fidelity_yield_raw,0.723491773308958
SYNGR3,de_wilcoxon_direction_fidelity_yield_raw,0.6666666666666666
TAF10,de_wilcoxon_direction_fidelity_yield_raw,0.7863247863247863
TAF3,de_wilcoxon_direction_fidelity_yield_raw,0.45893719806763283
TAF5,de_wilcoxon_direction_fidelity_yield_raw,0.7658802177858439
TAF7,de_wilcoxon_direction_fidelity_yield_raw,0.7146739130434783
TANGO6,de_wilcoxon_direction_fidelity_yield_raw,0.9463776383342841
TARS2,de_wilcoxon_direction_fidelity_yield_raw,0.9629629629629629
TBC1D28,de_wilcoxon_direction_fidelity_yield_raw,
TBCD,de_wilcoxon_direction_fidelity_yield_raw,0.5
TBCE,de_wilcoxon_direction_fidelity_yield_raw,
TBPL1,de_wilcoxon_direction_fidelity_yield_raw,0.9
TERF2,de_wilcoxon_direction_fidelity_yield_raw,0.9513590844062947
TIMM10,de_wilcoxon_direction_fidelity_yield_raw,0.0
TKT,de_wilcoxon_direction_fidelity_yield_raw,
TMX2,de_wilcoxon_direction_fidelity_yield_raw,0.7592592592592593
TNNT2,de_wilcoxon_direction_fidelity_yield_raw,
TNRC6A,de_wilcoxon_direction_fidelity_yield_raw,0.7037037037037037
TPR,de_wilcoxon_direction_fidelity_yield_raw,0.4970414201183432
TRAPPC5,de_wilcoxon_direction_fidelity_yield_raw,0.045454545454545456
TSEN2,de_wilcoxon_direction_fidelity_yield_raw,1.0
TSPYL5,de_wilcoxon_direction_fidelity_yield_raw,0.9
TUBD1,de_wilcoxon_direction_fidelity_yield_raw,0.0
TUBGCP2,de_wilcoxon_direction_fidelity_yield_raw,0.5555555555555556
TUT1,de_wilcoxon_direction_fidelity_yield_raw,0.9736842105263158
UBA52,de_wilcoxon_direction_fidelity_yield_raw,0.42045454545454547
UBE2L3,de_wilcoxon_direction_fidelity_yield_raw,0.8
UBQLN4,de_wilcoxon_direction_fidelity_yield_raw,0.5553047404063205
UHRF1,de_wilcoxon_direction_fidelity_yield_raw,0.9454545454545454
UQCRC1,de_wilcoxon_direction_fidelity_yield_raw,0.0
URI1,de_wilcoxon_direction_fidelity_yield_raw,0.9509943181818182
USP14,de_wilcoxon_direction_fidelity_yield_raw,0.8
USP37,de_wilcoxon_direction_fidelity_yield_raw,0.8571428571428571
USP39,de_wilcoxon_direction_fidelity_yield_raw,0.9503464203233256
UTP15,de_wilcoxon_direction_fidelity_yield_raw,0.7844762622456669
UTP20,de_wilcoxon_direction_fidelity_yield_raw,0.6922060766182299
VARS,de_wilcoxon_direction_fidelity_yield_raw,0.9591611479028698
VPS54,de_wilcoxon_direction_fidelity_yield_raw,
WBP11,de_wilcoxon_direction_fidelity_yield_raw,0.75
WDHD1,de_wilcoxon_direction_fidelity_yield_raw,0.6666666666666666
WDR26,de_wilcoxon_direction_fidelity_yield_raw,0.6
WDR43,de_wilcoxon_direction_fidelity_yield_raw,0.9678111587982833
WDTC1,de_wilcoxon_direction_fidelity_yield_raw,1.0
WTAP,de_wilcoxon_direction_fidelity_yield_raw,0.9130434782608695
YRDC,de_wilcoxon_direction_fidelity_yield_raw,0.5
YTHDC1,de_wilcoxon_direction_fidelity_yield_raw,0.9415730337078652
ZC3H13,de_wilcoxon_direction_fidelity_yield_raw,0.8601398601398601
ZCCHC9,de_wilcoxon_direction_fidelity_yield_raw,0.9606580829756796
ZMAT2,de_wilcoxon_direction_fidelity_yield_raw,0.9603024574669187
ZNF207,de_wilcoxon_direction_fidelity_yield_raw,0.5625
ZNF720,de_wilcoxon_direction_fidelity_yield_raw,
ZNF763,de_wilcoxon_direction_fidelity_yield_raw,0.0
ZNF84,de_wilcoxon_direction_fidelity_yield_raw,0.7688356164383562
ZNRD1,de_wilcoxon_direction_fidelity_yield_raw,0.9281767955801105
ACIN1,de_wilcoxon_direction_reach_raw,0.5
ACTR2,de_wilcoxon_direction_reach_raw,
ACTR6,de_wilcoxon_direction_reach_raw,1.0
ADAM10,de_wilcoxon_direction_reach_raw,1.0
AGBL5,de_wilcoxon_direction_reach_raw,1.0
AKIRIN2,de_wilcoxon_direction_reach_raw,1.0
ANAPC13,de_wilcoxon_direction_reach_raw,
ATP11B,de_wilcoxon_direction_reach_raw,1.0
ATP2A2,de_wilcoxon_direction_reach_raw,0.6
ATP5MF,de_wilcoxon_direction_reach_raw,1.0
AURKAIP1,de_wilcoxon_direction_reach_raw,1.0
BARD1,de_wilcoxon_direction_reach_raw,
BCAR1,de_wilcoxon_direction_reach_raw,1.0
BMS1,de_wilcoxon_direction_reach_raw,1.0
BORA,de_wilcoxon_direction_reach_raw,0.25
BPTF,de_wilcoxon_direction_reach_raw,1.0
BRD2,de_wilcoxon_direction_reach_raw,1.0
BTF3,de_wilcoxon_direction_reach_raw,0.9827586206896551
C16orf86,de_wilcoxon_direction_reach_raw,0.0
C6orf15,de_wilcoxon_direction_reach_raw,
C7orf26,de_wilcoxon_direction_reach_raw,1.0
CA5A,de_wilcoxon_direction_reach_raw,
CABIN1,de_wilcoxon_direction_reach_raw,0.25
CACNB3,de_wilcoxon_direction_reach_raw,
CADM4,de_wilcoxon_direction_reach_raw,
CBLN1,de_wilcoxon_direction_reach_raw,0.75
CBX1,de_wilcoxon_direction_reach_raw,0.0
CCDC130,de_wilcoxon_direction_reach_raw,1.0
CCNK,de_wilcoxon_direction_reach_raw,
CDC20,de_wilcoxon_direction_reach_raw,
CDC6,de_wilcoxon_direction_reach_raw,1.0
CDCA5,de_wilcoxon_direction_reach_raw,0.875
CENPJ,de_wilcoxon_direction_reach_raw,1.0
CENPK,de_wilcoxon_direction_reach_raw,1.0
CENPP,de_wilcoxon_direction_reach_raw,1.0
CEP85,de_wilcoxon_direction_reach_raw,
CFDP1,de_wilcoxon_direction_reach_raw,
CHMP6,de_wilcoxon_direction_reach_raw,1.0
CHTF18,de_wilcoxon_direction_reach_raw,1.0
CKAP5,de_wilcoxon_direction_reach_raw,
COG6,de_wilcoxon_direction_reach_raw,0.8
COPS2,de_wilcoxon_direction_reach_raw,1.0
COPS4,de_wilcoxon_direction_reach_raw,0.9416058394160584
CPSF1,de_wilcoxon_direction_reach_raw,1.0
CPSF3,de_wilcoxon_direction_reach_raw,1.0
CSE1L,de_wilcoxon_direction_reach_raw,1.0
CSH2,de_wilcoxon_direction_reach_raw,1.0
CSNK2B,de_wilcoxon_direction_reach_raw,1.0
CSTF1,de_wilcoxon_direction_reach_raw,1.0
CSTF3,de_wilcoxon_direction_reach_raw,1.0
CTU2,de_wilcoxon_direction_reach_raw,1.0
CUL7,de_wilcoxon_direction_reach_raw,1.0
CYS1,de_wilcoxon_direction_reach_raw,1.0
DAP3,de_wilcoxon_direction_reach_raw,1.0
DCTN1,de_wilcoxon_direction_reach_raw,
DCUN1D5,de_wilcoxon_direction_reach_raw,1.0
DDX19B,de_wilcoxon_direction_reach_raw,
DDX21,de_wilcoxon_direction_reach_raw,1.0
DDX27,de_wilcoxon_direction_reach_raw,1.0
DDX5,de_wilcoxon_direction_reach_raw,1.0
DENR,de_wilcoxon_direction_reach_raw,0.8888888888888888
DESI1,de_wilcoxon_direction_reach_raw,1.0
DHX16,de_wilcoxon_direction_reach_raw,1.0
DHX37,de_wilcoxon_direction_reach_raw,1.0
DNAJA1,de_wilcoxon_direction_reach_raw,
DNAJA3,de_wilcoxon_direction_reach_raw,1.0
DNTTIP2,de_wilcoxon_direction_reach_raw,1.0
DYNC1I2,de_wilcoxon_direction_reach_raw,0.0
DYNLL2,de_wilcoxon_direction_reach_raw,1.0
E4F1,de_wilcoxon_direction_reach_raw,1.0
EEF2,de_wilcoxon_direction_reach_raw,0.5555555555555556
EFR3A,de_wilcoxon_direction_reach_raw,
EIF3B,de_wilcoxon_direction_reach_raw,1.0
EIF4B,de_wilcoxon_direction_reach_raw,1.0
EIF4H,de_wilcoxon_direction_reach_raw,1.0
ELL,de_wilcoxon_direction_reach_raw,1.0
ELOVL1,de_wilcoxon_direction_reach_raw,1.0
EPRS,de_wilcoxon_direction_reach_raw,1.0
EXOC5,de_wilcoxon_direction_reach_raw,1.0
EXOSC3,de_wilcoxon_direction_reach_raw,1.0
EXOSC7,de_wilcoxon_direction_reach_raw,1.0
FAM136A,de_wilcoxon_direction_reach_raw,1.0
FAU,de_wilcoxon_direction_reach_raw,1.0
FBRSL1,de_wilcoxon_direction_reach_raw,1.0
FBXL14,de_wilcoxon_direction_reach_raw,1.0
FNTA,de_wilcoxon_direction_reach_raw,1.0
FOXS1,de_wilcoxon_direction_reach_raw,1.0
GCLC,de_wilcoxon_direction_reach_raw,
GINS1,de_wilcoxon_direction_reach_raw,1.0
GINS2,de_wilcoxon_direction_reach_raw,0.9473684210526315
GPN1,de_wilcoxon_direction_reach_raw,1.0
GTF2H4,de_wilcoxon_direction_reach_raw,
GTF3C1,de_wilcoxon_direction_reach_raw,
GTF3C6,de_wilcoxon_direction_reach_raw,
GYG1,de_wilcoxon_direction_reach_raw,0.9629629629629629
HARS,de_wilcoxon_direction_reach_raw,1.0
HAUS8,de_wilcoxon_direction_reach_raw,
HHEX,de_wilcoxon_direction_reach_raw,0.7647058823529411
HJURP,de_wilcoxon_direction_reach_raw,1.0
HMBOX1,de_wilcoxon_direction_reach_raw,1.0
HNRNPA1,de_wilcoxon_direction_reach_raw,1.0
HNRNPK,de_wilcoxon_direction_reach_raw,1.0
HOXA3,de_wilcoxon_direction_reach_raw,
HSPE1,de_wilcoxon_direction_reach_raw,1.0
INTS1,de_wilcoxon_direction_reach_raw,
INTS3,de_wilcoxon_direction_reach_raw,1.0
INTS4,de_wilcoxon_direction_reach_raw,1.0
INTS9,de_wilcoxon_direction_reach_raw,1.0
IPO7,de_wilcoxon_direction_reach_raw,1.0
ISCU,de_wilcoxon_direction_reach_raw,1.0
ISG20L2,de_wilcoxon_direction_reach_raw,1.0
JMJD6,de_wilcoxon_direction_reach_raw,1.0
KIF11,de_wilcoxon_direction_reach_raw,
LRR1,de_wilcoxon_direction_reach_raw,
LRRC37A3,de_wilcoxon_direction_reach_raw,
LSM5,de_wilcoxon_direction_reach_raw,1.0
LST1,de_wilcoxon_direction_reach_raw,0.0
LTBP3,de_wilcoxon_direction_reach_raw,
LTV1,de_wilcoxon_direction_reach_raw,1.0
MBTPS1,de_wilcoxon_direction_reach_raw,1.0
MBTPS2,de_wilcoxon_direction_reach_raw,1.0
MCM3AP,de_wilcoxon_direction_reach_raw,1.0
MCMBP,de_wilcoxon_direction_reach_raw,1.0
MDN1,de_wilcoxon_direction_reach_raw,1.0
MED21,de_wilcoxon_direction_reach_raw,1.0
MEIS3,de_wilcoxon_direction_reach_raw,1.0
MFN2,de_wilcoxon_direction_reach_raw,0.75
MIER1,de_wilcoxon_direction_reach_raw,0.6363636363636364
MKRN1,de_wilcoxon_direction_reach_raw,
MLLT6,de_wilcoxon_direction_reach_raw,1.0
MPHOSPH10,de_wilcoxon_direction_reach_raw,1.0
MRPL35,de_wilcoxon_direction_reach_raw,1.0
MRPL36,de_wilcoxon_direction_reach_raw,1.0
MRPL38,de_wilcoxon_direction_reach_raw,1.0
MRPS17,de_wilcoxon_direction_reach_raw,1.0
MRPS6,de_wilcoxon_direction_reach_raw,0.8
MTBP,de_wilcoxon_direction_reach_raw,0.9828456104944501
MVK,de_wilcoxon_direction_reach_raw,0.8
MYBBP1A,de_wilcoxon_direction_reach_raw,1.0
MYBL2,de_wilcoxon_direction_reach_raw,1.0
NAA35,de_wilcoxon_direction_reach_raw,0.3333333333333333
NAA50,de_wilcoxon_direction_reach_raw,0.5
NAGLU,de_wilcoxon_direction_reach_raw,
NARS,de_wilcoxon_direction_reach_raw,1.0
NBEAL1,de_wilcoxon_direction_reach_raw,1.0
NCAPD2,de_wilcoxon_direction_reach_raw,0.25
NFRKB,de_wilcoxon_direction_reach_raw,1.0
NFYB,de_wilcoxon_direction_reach_raw,1.0
NFYC,de_wilcoxon_direction_reach_raw,1.0
NOC4L,de_wilcoxon_direction_reach_raw,1.0
NOMO1,de_wilcoxon_direction_reach_raw,0.8
NRBP1,de_wilcoxon_direction_reach_raw,1.0
NUP153,de_wilcoxon_direction_reach_raw,1.0
NUP160,de_wilcoxon_direction_reach_raw,1.0
NUP35,de_wilcoxon_direction_reach_raw,0.3333333333333333
NUP88,de_wilcoxon_direction_reach_raw,1.0
NVL,de_wilcoxon_direction_reach_raw,1.0
OGFOD1,de_wilcoxon_direction_reach_raw,1.0
OLFML3,de_wilcoxon_direction_reach_raw,1.0
OR1E2,de_wilcoxon_direction_reach_raw,
ORC1,de_wilcoxon_direction_reach_raw,1.0
ORC5,de_wilcoxon_direction_reach_raw,1.0
PARS2,de_wilcoxon_direction_reach_raw,1.0
PC,de_wilcoxon_direction_reach_raw,
PCBP1,de_wilcoxon_direction_reach_raw,1.0
PDCD6IP,de_wilcoxon_direction_reach_raw,
PEX19,de_wilcoxon_direction_reach_raw,
PGAM5,de_wilcoxon_direction_reach_raw,1.0
PGK1,de_wilcoxon_direction_reach_raw,0.0
PHF10,de_wilcoxon_direction_reach_raw,1.0
PI4KA,de_wilcoxon_direction_reach_raw,1.0
POLR1D,de_wilcoxon_direction_reach_raw,1.0
POLR2C,de_wilcoxon_direction_reach_raw,1.0
POLR2I,de_wilcoxon_direction_reach_raw,1.0
POLR2K,de_wilcoxon_direction_reach_raw,1.0
POLR2M,de_wilcoxon_direction_reach_raw,1.0
POLR3E,de_wilcoxon_direction_reach_raw,0.25
POP1,de_wilcoxon_direction_reach_raw,1.0
POP4,de_wilcoxon_direction_reach_raw,1.0
PPP1R8,de_wilcoxon_direction_reach_raw,1.0
PPP2R1A,de_wilcoxon_direction_reach_raw,1.0
PPP6C,de_wilcoxon_direction_reach_raw,1.0
PRODH,de_wilcoxon_direction_reach_raw,
PRPF6,de_wilcoxon_direction_reach_raw,1.0
PRSS50,de_wilcoxon_direction_reach_raw,
PSMB2,de_wilcoxon_direction_reach_raw,1.0
PSMB5,de_wilcoxon_direction_reach_raw,1.0
PSMC4,de_wilcoxon_direction_reach_raw,1.0
PSMD14,de_wilcoxon_direction_reach_raw,1.0
PSMG3,de_wilcoxon_direction_reach_raw,1.0
PTPN1,de_wilcoxon_direction_reach_raw,
PUF60,de_wilcoxon_direction_reach_raw,1.0
PXN,de_wilcoxon_direction_reach_raw,1.0
RAB4A,de_wilcoxon_direction_reach_raw,0.3333333333333333
RABGGTB,de_wilcoxon_direction_reach_raw,1.0
RARS,de_wilcoxon_direction_reach_raw,1.0
RBBP5,de_wilcoxon_direction_reach_raw,1.0
RBM14-RBM4,de_wilcoxon_direction_reach_raw,1.0
RBM48,de_wilcoxon_direction_reach_raw,1.0
RBX1,de_wilcoxon_direction_reach_raw,1.0
RCC1,de_wilcoxon_direction_reach_raw,0.9090909090909091
RFC2,de_wilcoxon_direction_reach_raw,0.9885057471264368
RHPN1,de_wilcoxon_direction_reach_raw,1.0
RNASEH2C,de_wilcoxon_direction_reach_raw,0.8571428571428571
RNF123,de_wilcoxon_direction_reach_raw,0.0
RNF31,de_wilcoxon_direction_reach_raw,0.7619047619047619
RNMT,de_wilcoxon_direction_reach_raw,1.0
RNPS1,de_wilcoxon_direction_reach_raw,
RPA3,de_wilcoxon_direction_reach_raw,0.9446845289541919
RPAP1,de_wilcoxon_direction_reach_raw,1.0
RPAP2,de_wilcoxon_direction_reach_raw,1.0
RPAP3,de_wilcoxon_direction_reach_raw,1.0
RPL18A,de_wilcoxon_direction_reach_raw,1.0
RPL35,de_wilcoxon_direction_reach_raw,1.0
RPL36A,de_wilcoxon_direction_reach_raw,0.9882352941176471
RPL4,de_wilcoxon_direction_reach_raw,1.0
RPL41,de_wilcoxon_direction_reach_raw,1.0
RPP30,de_wilcoxon_direction_reach_raw,1.0
RPS20,de_wilcoxon_direction_reach_raw,1.0
RPS24,de_wilcoxon_direction_reach_raw,1.0
RPS27A,de_wilcoxon_direction_reach_raw,1.0
RPS6,de_wilcoxon_direction_reach_raw,1.0
RRP7A,de_wilcoxon_direction_reach_raw,1.0
RSL1D1,de_wilcoxon_direction_reach_raw,1.0
SART1,de_wilcoxon_direction_reach_raw,1.0
SCAF1,de_wilcoxon_direction_reach_raw,1.0
SCFD1,de_wilcoxon_direction_reach_raw,1.0
SDAD1,de_wilcoxon_direction_reach_raw,1.0
SEH1L,de_wilcoxon_direction_reach_raw,0.5217391304347826
SEPHS2,de_wilcoxon_direction_reach_raw,1.0
SEPSECS,de_wilcoxon_direction_reach_raw,
SETD1A,de_wilcoxon_direction_reach_raw,1.0
SETX,de_wilcoxon_direction_reach_raw,1.0
SF3B5,de_wilcoxon_direction_reach_raw,1.0
SLC7A6OS,de_wilcoxon_direction_reach_raw,1.0
SLU7,de_wilcoxon_direction_reach_raw,1.0
SNAPC5,de_wilcoxon_direction_reach_raw,0.75
SNRNP48,de_wilcoxon_direction_reach_raw,0.8104265402843602
SNRPC,de_wilcoxon_direction_reach_raw,1.0
SRCAP,de_wilcoxon_direction_reach_raw,
SRP14,de_wilcoxon_direction_reach_raw,1.0
SRP54,de_wilcoxon_direction_reach_raw,1.0
SRP72,de_wilcoxon_direction_reach_raw,1.0
SRP9,de_wilcoxon_direction_reach_raw,1.0
SRRM1,de_wilcoxon_direction_reach_raw,1.0
SYMPK,de_wilcoxon_direction_reach_raw,1.0
SYNGR3,de_wilcoxon_direction_reach_raw,1.0
TAF10,de_wilcoxon_direction_reach_raw,1.0
TAF3,de_wilcoxon_direction_reach_raw,1.0
TAF5,de_wilcoxon_direction_reach_raw,1.0
TAF7,de_wilcoxon_direction_reach_raw,1.0
TANGO6,de_wilcoxon_direction_reach_raw,1.0
TARS2,de_wilcoxon_direction_reach_raw,1.0
TBC1D28,de_wilcoxon_direction_reach_raw,
TBCD,de_wilcoxon_direction_reach_raw,1.0
TBCE,de_wilcoxon_direction_reach_raw,
TBPL1,de_wilcoxon_direction_reach_raw,1.0
TERF2,de_wilcoxon_direction_reach_raw,1.0
TIMM10,de_wilcoxon_direction_reach_raw,1.0
TKT,de_wilcoxon_direction_reach_raw,
TMX2,de_wilcoxon_direction_reach_raw,0.9814814814814815
TNNT2,de_wilcoxon_direction_reach_raw,
TNRC6A,de_wilcoxon_direction_reach_raw,1.0
TPR,de_wilcoxon_direction_reach_raw,1.0
TRAPPC5,de_wilcoxon_direction_reach_raw,0.9727272727272728
TSEN2,de_wilcoxon_direction_reach_raw,1.0
TSPYL5,de_wilcoxon_direction_reach_raw,0.75
TUBD1,de_wilcoxon_direction_reach_raw,0.5
TUBGCP2,de_wilcoxon_direction_reach_raw,0.8888888888888888
TUT1,de_wilcoxon_direction_reach_raw,0.25
UBA52,de_wilcoxon_direction_reach_raw,1.0
UBE2L3,de_wilcoxon_direction_reach_raw,1.0
UBQLN4,de_wilcoxon_direction_reach_raw,1.0
UHRF1,de_wilcoxon_direction_reach_raw,1.0
UQCRC1,de_wilcoxon_direction_reach_raw,
URI1,de_wilcoxon_direction_reach_raw,1.0
USP14,de_wilcoxon_direction_reach_raw,0.8
USP37,de_wilcoxon_direction_reach_raw,0.8571428571428571
USP39,de_wilcoxon_direction_reach_raw,1.0
UTP15,de_wilcoxon_direction_reach_raw,1.0
UTP20,de_wilcoxon_direction_reach_raw,1.0
VARS,de_wilcoxon_direction_reach_raw,1.0
VPS54,de_wilcoxon_direction_reach_raw,
WBP11,de_wilcoxon_direction_reach_raw,0.75
WDHD1,de_wilcoxon_direction_reach_raw,0.8333333333333334
WDR26,de_wilcoxon_direction_reach_raw,0.8
WDR43,de_wilcoxon_direction_reach_raw,1.0
WDTC1,de_wilcoxon_direction_reach_raw,1.0
WTAP,de_wilcoxon_direction_reach_raw,1.0
YRDC,de_wilcoxon_direction_reach_raw,1.0
YTHDC1,de_wilcoxon_direction_reach_raw,1.0
ZC3H13,de_wilcoxon_direction_reach_raw,1.0
ZCCHC9,de_wilcoxon_direction_reach_raw,1.0
ZMAT2,de_wilcoxon_direction_reach_raw,1.0
ZNF207,de_wilcoxon_direction_reach_raw,1.0
ZNF720,de_wilcoxon_direction_reach_raw,
ZNF763,de_wilcoxon_direction_reach_raw,
ZNF84,de_wilcoxon_direction_reach_raw,1.0
ZNRD1,de_wilcoxon_direction_reach_raw,1.0
ACIN1,de_wilcoxon_sig_jaccard,0.0
ACTR2,de_wilcoxon_sig_jaccard,0.0
ACTR6,de_wilcoxon_sig_jaccard,0.0
ADAM10,de_wilcoxon_sig_jaccard,0.09219858156028368
AGBL5,de_wilcoxon_sig_jaccard,0.09523809523809523
AKIRIN2,de_wilcoxon_sig_jaccard,0.06666666666666667
ANAPC13,de_wilcoxon_sig_jaccard,1.0
ATP11B,de_wilcoxon_sig_jaccard,0.18828451882845187
ATP2A2,de_wilcoxon_sig_jaccard,0.1111111111111111
ATP5MF,de_wilcoxon_sig_jaccard,0.2366412213740458
AURKAIP1,de_wilcoxon_sig_jaccard,0.125
BARD1,de_wilcoxon_sig_jaccard,1.0
BCAR1,de_wilcoxon_sig_jaccard,0.5
BMS1,de_wilcoxon_sig_jaccard,0.4326036866359447
BORA,de_wilcoxon_sig_jaccard,0.0
BPTF,de_wilcoxon_sig_jaccard,0.2990867579908676
BRD2,de_wilcoxon_sig_jaccard,0.0
BTF3,de_wilcoxon_sig_jaccard,0.17391304347826086
C16orf86,de_wilcoxon_sig_jaccard,0.0
C6orf15,de_wilcoxon_sig_jaccard,1.0
C7orf26,de_wilcoxon_sig_jaccard,0.25461254612546125
CA5A,de_wilcoxon_sig_jaccard,1.0
CABIN1,de_wilcoxon_sig_jaccard,0.0
CACNB3,de_wilcoxon_sig_jaccard,1.0
CADM4,de_wilcoxon_sig_jaccard,0.0
CBLN1,de_wilcoxon_sig_jaccard,0.0
CBX1,de_wilcoxon_sig_jaccard,0.0
CCDC130,de_wilcoxon_sig_jaccard,0.0
CCNK,de_wilcoxon_sig_jaccard,0.0
CDC20,de_wilcoxon_sig_jaccard,0.0
CDC6,de_wilcoxon_sig_jaccard,0.27075471698113207
CDCA5,de_wilcoxon_sig_jaccard,0.07142857142857142
CENPJ,de_wilcoxon_sig_jaccard,0.3530824659727782
CENPK,de_wilcoxon_sig_jaccard,0.5
CENPP,de_wilcoxon_sig_jaccard,0.15755627009646303
CEP85,de_wilcoxon_sig_jaccard,1.0
CFDP1,de_wilcoxon_sig_jaccard,1.0
CHMP6,de_wilcoxon_sig_jaccard,0.36363636363636365
CHTF18,de_wilcoxon_sig_jaccard,0.0
CKAP5,de_wilcoxon_sig_jaccard,1.0
COG6,de_wilcoxon_sig_jaccard,0.125
COPS2,de_wilcoxon_sig_jaccard,0.19522776572668113
COPS4,de_wilcoxon_sig_jaccard,0.15157894736842106
CPSF1,de_wilcoxon_sig_jaccard,0.14606741573033707
CPSF3,de_wilcoxon_sig_jaccard,0.36755162241887906
CSE1L,de_wilcoxon_sig_jaccard,0.5597219296397725
CSH2,de_wilcoxon_sig_jaccard,0.0
CSNK2B,de_wilcoxon_sig_jaccard,0.3083832335329341
CSTF1,de_wilcoxon_sig_jaccard,0.35076045627376423
CSTF3,de_wilcoxon_sig_jaccard,0.24776119402985075
CTU2,de_wilcoxon_sig_jaccard,0.1
CUL7,de_wilcoxon_sig_jaccard,0.25290697674418605
CYS1,de_wilcoxon_sig_jaccard,1.0
DAP3,de_wilcoxon_sig_jaccard,0.42857142857142855
DCTN1,de_wilcoxon_sig_jaccard,1.0
DCUN1D5,de_wilcoxon_sig_jaccard,0.30501274426508074
DDX19B,de_wilcoxon_sig_jaccard,1.0
DDX21,de_wilcoxon_sig_jaccard,0.3854166666666667
DDX27,de_wilcoxon_sig_jaccard,0.37670609645131936
DDX5,de_wilcoxon_sig_jaccard,0.07758620689655173
DENR,de_wilcoxon_sig_jaccard,0.42857142857142855
DESI1,de_wilcoxon_sig_jaccard,0.24390243902439024
DHX16,de_wilcoxon_sig_jaccard,0.34164969450101834
DHX37,de_wilcoxon_sig_jaccard,0.15384615384615385
DNAJA1,de_wilcoxon_sig_jaccard,1.0
DNAJA3,de_wilcoxon_sig_jaccard,0.23275862068965517
DNTTIP2,de_wilcoxon_sig_jaccard,0.38328530259365995
DYNC1I2,de_wilcoxon_sig_jaccard,0.0
DYNLL2,de_wilcoxon_sig_jaccard,0.16666666666666666
E4F1,de_wilcoxon_sig_jaccard,0.22289156626506024
EEF2,de_wilcoxon_sig_jaccard,0.012244897959183673
EFR3A,de_wilcoxon_sig_jaccard,1.0
EIF3B,de_wilcoxon_sig_jaccard,0.5801728276524244
EIF4B,de_wilcoxon_sig_jaccard,0.10606060606060606
EIF4H,de_wilcoxon_sig_jaccard,0.3333333333333333
ELL,de_wilcoxon_sig_jaccard,0.18992248062015504
ELOVL1,de_wilcoxon_sig_jaccard,0.3333333333333333
EPRS,de_wilcoxon_sig_jaccard,0.35765765765765767
EXOC5,de_wilcoxon_sig_jaccard,0.2857142857142857
EXOSC3,de_wilcoxon_sig_jaccard,0.3391003460207612
EXOSC7,de_wilcoxon_sig_jaccard,0.22758620689655173
FAM136A,de_wilcoxon_sig_jaccard,0.05625
FAU,de_wilcoxon_sig_jaccard,0.3737010391686651
FBRSL1,de_wilcoxon_sig_jaccard,0.2016348773841962
FBXL14,de_wilcoxon_sig_jaccard,0.25906735751295334
FNTA,de_wilcoxon_sig_jaccard,0.24119718309859156
FOXS1,de_wilcoxon_sig_jaccard,0.5
GCLC,de_wilcoxon_sig_jaccard,1.0
GINS1,de_wilcoxon_sig_jaccard,0.22530864197530864
GINS2,de_wilcoxon_sig_jaccard,0.0759493670886076
GPN1,de_wilcoxon_sig_jaccard,0.15346534653465346
GTF2H4,de_wilcoxon_sig_jaccard,0.0
GTF3C1,de_wilcoxon_sig_jaccard,0.0
GTF3C6,de_wilcoxon_sig_jaccard,1.0
GYG1,de_wilcoxon_sig_jaccard,0.1724137931034483
HARS,de_wilcoxon_sig_jaccard,0.4051398337112623
HAUS8,de_wilcoxon_sig_jaccard,0.0
HHEX,de_wilcoxon_sig_jaccard,0.13043478260869565
HJURP,de_wilcoxon_sig_jaccard,0.6666666666666666
HMBOX1,de_wilcoxon_sig_jaccard,1.0
HNRNPA1,de_wilcoxon_sig_jaccard,0.2
HNRNPK,de_wilcoxon_sig_jaccard,0.2507462686567164
HOXA3,de_wilcoxon_sig_jaccard,0.0
HSPE1,de_wilcoxon_sig_jaccard,0.29838709677419356
INTS1,de_wilcoxon_sig_jaccard,1.0
INTS3,de_wilcoxon_sig_jaccard,0.12555066079295155
INTS4,de_wilcoxon_sig_jaccard,0.1111111111111111
INTS9,de_wilcoxon_sig_jaccard,0.10608695652173913
IPO7,de_wilcoxon_sig_jaccard,0.19117647058823528
ISCU,de_wilcoxon_sig_jaccard,0.4
ISG20L2,de_wilcoxon_sig_jaccard,0.36149068322981365
JMJD6,de_wilcoxon_sig_jaccard,0.5
KIF11,de_wilcoxon_sig_jaccard,1.0
LRR1,de_wilcoxon_sig_jaccard,0.0
LRRC37A3,de_wilcoxon_sig_jaccard,1.0
LSM5,de_wilcoxon_sig_jaccard,0.3040322580645161
LST1,de_wilcoxon_sig_jaccard,0.0
LTBP3,de_wilcoxon_sig_jaccard,1.0
LTV1,de_wilcoxon_sig_jaccard,0.3580667120490129
MBTPS1,de_wilcoxon_sig_jaccard,0.3125
MBTPS2,de_wilcoxon_sig_jaccard,0.4222222222222222
MCM3AP,de_wilcoxon_sig_jaccard,0.0
MCMBP,de_wilcoxon_sig_jaccard,0.21626617375231053
MDN1,de_wilcoxon_sig_jaccard,0.33869885982562037
MED21,de_wilcoxon_sig_jaccard,0.16938110749185667
MEIS3,de_wilcoxon_sig_jaccard,0.24
MFN2,de_wilcoxon_sig_jaccard,0.14285714285714285
MIER1,de_wilcoxon_sig_jaccard,0.2857142857142857
MKRN1,de_wilcoxon_sig_jaccard,1.0
MLLT6,de_wilcoxon_sig_jaccard,0.12135922330097088
MPHOSPH10,de_wilcoxon_sig_jaccard,0.3289357959542656
MRPL35,de_wilcoxon_sig_jaccard,0.3973418881759853
MRPL36,de_wilcoxon_sig_jaccard,0.447098976109215
MRPL38,de_wilcoxon_sig_jaccard,0.6363636363636364
MRPS17,de_wilcoxon_sig_jaccard,0.125
MRPS6,de_wilcoxon_sig_jaccard,0.15384615384615385
MTBP,de_wilcoxon_sig_jaccard,0.18811881188118812
MVK,de_wilcoxon_sig_jaccard,0.25
MYBBP1A,de_wilcoxon_sig_jaccard,0.332421340629275
MYBL2,de_wilcoxon_sig_jaccard,0.1568627450980392
NAA35,de_wilcoxon_sig_jaccard,0.0
NAA50,de_wilcoxon_sig_jaccard,0.0
NAGLU,de_wilcoxon_sig_jaccard,0.0
NARS,de_wilcoxon_sig_jaccard,0.3822843822843823
NBEAL1,de_wilcoxon_sig_jaccard,0.0
NCAPD2,de_wilcoxon_sig_jaccard,0.2
NFRKB,de_wilcoxon_sig_jaccard,0.36363636363636365
NFYB,de_wilcoxon_sig_jaccard,0.23076923076923078
NFYC,de_wilcoxon_sig_jaccard,0.2740492170022371
NOC4L,de_wilcoxon_sig_jaccard,0.31942215088282505
NOMO1,de_wilcoxon_sig_jaccard,0.2857142857142857
NRBP1,de_wilcoxon_sig_jaccard,0.0
NUP153,de_wilcoxon_sig_jaccard,0.14482758620689656
NUP160,de_wilcoxon_sig_jaccard,0.15567282321899736
NUP35,de_wilcoxon_sig_jaccard,0.0
NUP88,de_wilcoxon_sig_jaccard,0.2397094430992736
NVL,de_wilcoxon_sig_jaccard,0.4086687306501548
OGFOD1,de_wilcoxon_sig_jaccard,0.07692307692307693
OLFML3,de_wilcoxon_sig_jaccard,0.0
OR1E2,de_wilcoxon_sig_jaccard,1.0
ORC1,de_wilcoxon_sig_jaccard,0.0654627539503386
ORC5,de_wilcoxon_sig_jaccard,0.3333333333333333
PARS2,de_wilcoxon_sig_jaccard,0.8
PC,de_wilcoxon_sig_jaccard,1.0
PCBP1,de_wilcoxon_sig_jaccard,0.15483870967741936
PDCD6IP,de_wilcoxon_sig_jaccard,0.0
PEX19,de_wilcoxon_sig_jaccard,0.0
PGAM5,de_wilcoxon_sig_jaccard,0.37037037037037035
PGK1,de_wilcoxon_sig_jaccard,0.0
PHF10,de_wilcoxon_sig_jaccard,0.27882960413080893
PI4KA,de_wilcoxon_sig_jaccard,0.2328767123287671
POLR1D,de_wilcoxon_sig_jaccard,0.31695721077654515
POLR2C,de_wilcoxon_sig_jaccard,0.37810650887573966
POLR2I,de_wilcoxon_sig_jaccard,0.5304715302491103
POLR2K,de_wilcoxon_sig_jaccard,0.34505391467416785
POLR2M,de_wilcoxon_sig_jaccard,0.1
POLR3E,de_wilcoxon_sig_jaccard,0.25
POP1,de_wilcoxon_sig_jaccard,0.27116212338593976
POP4,de_wilcoxon_sig_jaccard,0.37152209492635024
PPP1R8,de_wilcoxon_sig_jaccard,0.13953488372093023
PPP2R1A,de_wilcoxon_sig_jaccard,0.17391304347826086
PPP6C,de_wilcoxon_sig_jaccard,0.32142857142857145
PRODH,de_wilcoxon_sig_jaccard,1.0
PRPF6,de_wilcoxon_sig_jaccard,0.25
PRSS50,de_wilcoxon_sig_jaccard,0.0
PSMB2,de_wilcoxon_sig_jaccard,0.4554232378500161
PSMB5,de_wilcoxon_sig_jaccard,0.5769709543568464
PSMC4,de_wilcoxon_sig_jaccard,0.4697559250088433
PSMD14,de_wilcoxon_sig_jaccard,0.46459824980111375
PSMG3,de_wilcoxon_sig_jaccard,0.10714285714285714
PTPN1,de_wilcoxon_sig_jaccard,0.0
PUF60,de_wilcoxon_sig_jaccard,0.15805022156573117
PXN,de_wilcoxon_sig_jaccard,0.5454545454545454
RAB4A,de_wilcoxon_sig_jaccard,0.2
RABGGTB,de_wilcoxon_sig_jaccard,0.2127329192546584
RARS,de_wilcoxon_sig_jaccard,0.24594594594594596
RBBP5,de_wilcoxon_sig_jaccard,0.2517162471395881
RBM14-RBM4,de_wilcoxon_sig_jaccard,0.30343511450381677
RBM48,de_wilcoxon_sig_jaccard,0.3
RBX1,de_wilcoxon_sig_jaccard,0.14583333333333334
RCC1,de_wilcoxon_sig_jaccard,0.125
RFC2,de_wilcoxon_sig_jaccard,0.022222222222222223
RHPN1,de_wilcoxon_sig_jaccard,1.0
RNASEH2C,de_wilcoxon_sig_jaccard,0.0
RNF123,de_wilcoxon_sig_jaccard,0.0
RNF31,de_wilcoxon_sig_jaccard,0.2857142857142857
RNMT,de_wilcoxon_sig_jaccard,0.2987012987012987
RNPS1,de_wilcoxon_sig_jaccard,1.0
RPA3,de_wilcoxon_sig_jaccard,0.10781893004115227
RPAP1,de_wilcoxon_sig_jaccard,0.3506616257088847
RPAP2,de_wilcoxon_sig_jaccard,0.3144297416509137
RPAP3,de_wilcoxon_sig_jaccard,0.10606060606060606
RPL18A,de_wilcoxon_sig_jaccard,0.36321483771251933
RPL35,de_wilcoxon_sig_jaccard,0.5299565846599131
RPL36A,de_wilcoxon_sig_jaccard,0.09722222222222222
RPL4,de_wilcoxon_sig_jaccard,0.5382087099424815
RPL41,de_wilcoxon_sig_jaccard,1.0
RPP30,de_wilcoxon_sig_jaccard,0.2798165137614679
RPS20,de_wilcoxon_sig_jaccard,0.30742049469964666
RPS24,de_wilcoxon_sig_jaccard,0.3663663663663664
RPS27A,de_wilcoxon_sig_jaccard,0.48500611995104037
RPS6,de_wilcoxon_sig_jaccard,0.3424657534246575
RRP7A,de_wilcoxon_sig_jaccard,0.3284518828451883
RSL1D1,de_wilcoxon_sig_jaccard,0.2119700748129676
SART1,de_wilcoxon_sig_jaccard,0.5434885931558935
SCAF1,de_wilcoxon_sig_jaccard,0.14780600461893764
SCFD1,de_wilcoxon_sig_jaccard,0.1958041958041958
SDAD1,de_wilcoxon_sig_jaccard,0.41172761664564944
SEH1L,de_wilcoxon_sig_jaccard,0.08571428571428572
SEPHS2,de_wilcoxon_sig_jaccard,0.3333333333333333
SEPSECS,de_wilcoxon_sig_jaccard,1.0
SETD1A,de_wilcoxon_sig_jaccard,0.3754716981132076
SETX,de_wilcoxon_sig_jaccard,0.25
SF3B5,de_wilcoxon_sig_jaccard,0.43001443001443
SLC7A6OS,de_wilcoxon_sig_jaccard,0.15625
SLU7,de_wilcoxon_sig_jaccard,0.4747292418772563
SNAPC5,de_wilcoxon_sig_jaccard,0.5
SNRNP48,de_wilcoxon_sig_jaccard,0.06329113924050633
SNRPC,de_wilcoxon_sig_jaccard,0.31346035648432696
SRCAP,de_wilcoxon_sig_jaccard,0.0
SRP14,de_wilcoxon_sig_jaccard,0.4166666666666667
SRP54,de_wilcoxon_sig_jaccard,0.3509212730318258
SRP72,de_wilcoxon_sig_jaccard,0.2603305785123967
SRP9,de_wilcoxon_sig_jaccard,0.45454545454545453
SRRM1,de_wilcoxon_sig_jaccard,0.041666666666666664
SYMPK,de_wilcoxon_sig_jaccard,0.4202522255192878
SYNGR3,de_wilcoxon_sig_jaccard,0.25
TAF10,de_wilcoxon_sig_jaccard,0.284
TAF3,de_wilcoxon_sig_jaccard,0.27049180327868855
TAF5,de_wilcoxon_sig_jaccard,0.3506849315068493
TAF7,de_wilcoxon_sig_jaccard,0.212406015037594
TANGO6,de_wilcoxon_sig_jaccard,0.37702761946514685
TARS2,de_wilcoxon_sig_jaccard,0.18181818181818182
TBC1D28,de_wilcoxon_sig_jaccard,1.0
TBCD,de_wilcoxon_sig_jaccard,0.5
TBCE,de_wilcoxon_sig_jaccard,1.0
TBPL1,de_wilcoxon_sig_jaccard,0.26666666666666666
TERF2,de_wilcoxon_sig_jaccard,0.3006134969325153
TIMM10,de_wilcoxon_sig_jaccard,0.0
TKT,de_wilcoxon_sig_jaccard,1.0
TMX2,de_wilcoxon_sig_jaccard,0.08888888888888889
TNNT2,de_wilcoxon_sig_jaccard,1.0
TNRC6A,de_wilcoxon_sig_jaccard,0.3157894736842105
TPR,de_wilcoxon_sig_jaccard,0.1743119266055046
TRAPPC5,de_wilcoxon_sig_jaccard,0.008771929824561403
TSEN2,de_wilcoxon_sig_jaccard,0.3142857142857143
TSPYL5,de_wilcoxon_sig_jaccard,0.09090909090909091
TUBD1,de_wilcoxon_sig_jaccard,0.0
TUBGCP2,de_wilcoxon_sig_jaccard,0.15384615384615385
TUT1,de_wilcoxon_sig_jaccard,0.0
UBA52,de_wilcoxon_sig_jaccard,0.17830882352941177
UBE2L3,de_wilcoxon_sig_jaccard,0.0
UBQLN4,de_wilcoxon_sig_jaccard,0.27636363636363637
UHRF1,de_wilcoxon_sig_jaccard,0.09558823529411764
UQCRC1,de_wilcoxon_sig_jaccard,0.0
URI1,de_wilcoxon_sig_jaccard,0.32534738859607093
USP14,de_wilcoxon_sig_jaccard,0.8
USP37,de_wilcoxon_sig_jaccard,0.07692307692307693
USP39,de_wilcoxon_sig_jaccard,0.2681091251175917
UTP15,de_wilcoxon_sig_jaccard,0.4026806526806527
UTP20,de_wilcoxon_sig_jaccard,0.3069207622868606
VARS,de_wilcoxon_sig_jaccard,0.40732469852612774
VPS54,de_wilcoxon_sig_jaccard,1.0
WBP11,de_wilcoxon_sig_jaccard,0.06666666666666667
WDHD1,de_wilcoxon_sig_jaccard,0.0
WDR26,de_wilcoxon_sig_jaccard,0.3333333333333333
WDR43,de_wilcoxon_sig_jaccard,0.41429339065018805
WDTC1,de_wilcoxon_sig_jaccard,0.5714285714285714
WTAP,de_wilcoxon_sig_jaccard,0.24
YRDC,de_wilcoxon_sig_jaccard,0.5
YTHDC1,de_wilcoxon_sig_jaccard,0.22934232715008432
ZC3H13,de_wilcoxon_sig_jaccard,0.32867132867132864
ZCCHC9,de_wilcoxon_sig_jaccard,0.41509433962264153
ZMAT2,de_wilcoxon_sig_jaccard,0.3317599460552933
ZNF207,de_wilcoxon_sig_jaccard,0.14917127071823205
ZNF720,de_wilcoxon_sig_jaccard,1.0
ZNF763,de_wilcoxon_sig_jaccard,0.0
ZNF84,de_wilcoxon_sig_jaccard,0.28258221680876977
ZNRD1,de_wilcoxon_sig_jaccard,0.2007042253521127
ACIN1,pds_cosine,1.0
ACTR2,pds_cosine,0.5302013422818792
ACTR6,pds_cosine,1.0
ADAM10,pds_cosine,1.0
AGBL5,pds_cosine,1.0
AKIRIN2,pds_cosine,1.0
ANAPC13,pds_cosine,0.9429530201342282
ATP11B,pds_cosine,0.9932885906040269
ATP2A2,pds_cosine,0.9932885906040269
ATP5MF,pds_cosine,0.9798657718120806
AURKAIP1,pds_cosine,0.37583892617449666
BARD1,pds_cosine,0.25503355704697983
BCAR1,pds_cosine,0.49664429530201337
BMS1,pds_cosine,1.0
BORA,pds_cosine,0.9161073825503355
BPTF,pds_cosine,1.0
BRD2,pds_cosine,1.0
BTF3,pds_cosine,1.0
C16orf86,pds_cosine,0.6644295302013423
C6orf15,pds_cosine,0.9966442953020134
C7orf26,pds_cosine,1.0
CA5A,pds_cosine,0.9932885906040269
CABIN1,pds_cosine,0.5906040268456376
CACNB3,pds_cosine,0.6677852348993288
CADM4,pds_cosine,0.7181208053691275
CBLN1,pds_cosine,0.8422818791946309
CBX1,pds_cosine,0.9530201342281879
CCDC130,pds_cosine,0.651006711409396
CCNK,pds_cosine,0.8993288590604027
CDC20,pds_cosine,0.5402684563758389
CDC6,pds_cosine,0.9899328859060402
CDCA5,pds_cosine,0.8758389261744967
CENPJ,pds_cosine,0.9932885906040269
CENPK,pds_cosine,0.17114093959731547
CENPP,pds_cosine,0.9261744966442953
CEP85,pds_cosine,0.9093959731543624
CFDP1,pds_cosine,0.9765100671140939
CHMP6,pds_cosine,1.0
CHTF18,pds_cosine,0.42281879194630867
CKAP5,pds_cosine,0.5570469798657718
COG6,pds_cosine,0.9362416107382551
COPS2,pds_cosine,1.0
COPS4,pds_cosine,0.9932885906040269
CPSF1,pds_cosine,1.0
CPSF3,pds_cosine,1.0
CSE1L,pds_cosine,1.0
CSH2,pds_cosine,0.21812080536912748
CSNK2B,pds_cosine,1.0
CSTF1,pds_cosine,1.0
CSTF3,pds_cosine,0.9966442953020134
CTU2,pds_cosine,0.9832214765100671
CUL7,pds_cosine,0.9731543624161074
CYS1,pds_cosine,0.6879194630872483
DAP3,pds_cosine,0.9697986577181208
DCTN1,pds_cosine,0.9563758389261745
DCUN1D5,pds_cosine,1.0
DDX19B,pds_cosine,0.6442953020134228
DDX21,pds_cosine,0.9832214765100671
DDX27,pds_cosine,0.9832214765100671
DDX5,pds_cosine,1.0
DENR,pds_cosine,1.0
DESI1,pds_cosine,1.0
DHX16,pds_cosine,1.0
DHX37,pds_cosine,0.8523489932885906
DNAJA1,pds_cosine,0.8691275167785235
DNAJA3,pds_cosine,0.9563758389261745
DNTTIP2,pds_cosine,0.9966442953020134
DYNC1I2,pds_cosine,0.6308724832214765
DYNLL2,pds_cosine,0.8322147651006712
E4F1,pds_cosine,0.9899328859060402
EEF2,pds_cosine,0.9966442953020134
EFR3A,pds_cosine,0.06711409395973156
EIF3B,pds_cosine,1.0
EIF4B,pds_cosine,1.0
EIF4H,pds_cosine,0.9832214765100671
ELL,pds_cosine,1.0
ELOVL1,pds_cosine,0.6912751677852349
EPRS,pds_cosine,1.0
EXOC5,pds_cosine,1.0
EXOSC3,pds_cosine,1.0
EXOSC7,pds_cosine,0.9966442953020134
FAM136A,pds_cosine,0.9731543624161074
FAU,pds_cosine,1.0
FBRSL1,pds_cosine,0.9664429530201343
FBXL14,pds_cosine,0.9597315436241611
FNTA,pds_cosine,1.0
FOXS1,pds_cosine,0.9966442953020134
GCLC,pds_cosine,0.42281879194630867
GINS1,pds_cosine,0.9630872483221476
GINS2,pds_cosine,0.9932885906040269
GPN1,pds_cosine,0.9798657718120806
GTF2H4,pds_cosine,0.912751677852349
GTF3C1,pds_cosine,0.9832214765100671
GTF3C6,pds_cosine,0.9395973154362416
GYG1,pds_cosine,0.5570469798657718
HARS,pds_cosine,1.0
HAUS8,pds_cosine,0.13758389261744963
HHEX,pds_cosine,0.9865771812080537
HJURP,pds_cosine,0.5771812080536913
HMBOX1,pds_cosine,0.8221476510067114
HNRNPA1,pds_cosine,1.0
HNRNPK,pds_cosine,1.0
HOXA3,pds_cosine,0.4832214765100671
HSPE1,pds_cosine,0.9966442953020134
INTS1,pds_cosine,0.8221476510067114
INTS3,pds_cosine,0.9865771812080537
INTS4,pds_cosine,1.0
INTS9,pds_cosine,0.9932885906040269
IPO7,pds_cosine,0.8691275167785235
ISCU,pds_cosine,1.0
ISG20L2,pds_cosine,0.9832214765100671
JMJD6,pds_cosine,0.8624161073825504
KIF11,pds_cosine,0.9731543624161074
LRR1,pds_cosine,0.7281879194630873
LRRC37A3,pds_cosine,0.09395973154362414
LSM5,pds_cosine,1.0
LST1,pds_cosine,0.8053691275167785
LTBP3,pds_cosine,0.020134228187919434
LTV1,pds_cosine,0.9966442953020134
MBTPS1,pds_cosine,1.0
MBTPS2,pds_cosine,0.9966442953020134
MCM3AP,pds_cosine,1.0
MCMBP,pds_cosine,0.9966442953020134
MDN1,pds_cosine,1.0
MED21,pds_cosine,0.9899328859060402
MEIS3,pds_cosine,0.8523489932885906
MFN2,pds_cosine,1.0
MIER1,pds_cosine,0.47651006711409394
MKRN1,pds_cosine,0.7248322147651007
MLLT6,pds_cosine,1.0
MPHOSPH10,pds_cosine,0.9395973154362416
MRPL35,pds_cosine,0.9966442953020134
MRPL36,pds_cosine,1.0
MRPL38,pds_cosine,0.9664429530201343
MRPS17,pds_cosine,0.9496644295302014
MRPS6,pds_cosine,0.9932885906040269
MTBP,pds_cosine,1.0
MVK,pds_cosine,1.0
MYBBP1A,pds_cosine,0.9798657718120806
MYBL2,pds_cosine,0.9563758389261745
NAA35,pds_cosine,0.8456375838926175
NAA50,pds_cosine,0.7416107382550335
NAGLU,pds_cosine,0.09060402684563762
NARS,pds_cosine,1.0
NBEAL1,pds_cosine,0.7651006711409396
NCAPD2,pds_cosine,0.23154362416107388
NFRKB,pds_cosine,0.9664429530201343
NFYB,pds_cosine,0.9966442953020134
NFYC,pds_cosine,1.0
NOC4L,pds_cosine,0.912751677852349
NOMO1,pds_cosine,0.4664429530201343
NRBP1,pds_cosine,0.9429530201342282
NUP153,pds_cosine,1.0
NUP160,pds_cosine,1.0
NUP35,pds_cosine,0.47651006711409394
NUP88,pds_cosine,1.0
NVL,pds_cosine,0.9932885906040269
OGFOD1,pds_cosine,0.9697986577181208
OLFML3,pds_cosine,0.9630872483221476
OR1E2,pds_cosine,0.08724832214765099
ORC1,pds_cosine,0.8959731543624161
ORC5,pds_cosine,0.4563758389261745
PARS2,pds_cosine,0.9395973154362416
PC,pds_cosine,0.8859060402684564
PCBP1,pds_cosine,1.0
PDCD6IP,pds_cosine,0.2919463087248322
PEX19,pds_cosine,0.16442953020134232
PGAM5,pds_cosine,0.9832214765100671
PGK1,pds_cosine,0.13758389261744963
PHF10,pds_cosine,1.0
PI4KA,pds_cosine,1.0
POLR1D,pds_cosine,0.9798657718120806
POLR2C,pds_cosine,0.9966442953020134
POLR2I,pds_cosine,1.0
POLR2K,pds_cosine,0.9832214765100671
POLR2M,pds_cosine,1.0
POLR3E,pds_cosine,0.9295302013422819
POP1,pds_cosine,0.9798657718120806
POP4,pds_cosine,1.0
PPP1R8,pds_cosine,1.0
PPP2R1A,pds_cosine,1.0
PPP6C,pds_cosine,1.0
PRODH,pds_cosine,0.7483221476510067
PRPF6,pds_cosine,0.9932885906040269
PRSS50,pds_cosine,0.5033557046979866
PSMB2,pds_cosine,0.9966442953020134
PSMB5,pds_cosine,1.0
PSMC4,pds_cosine,1.0
PSMD14,pds_cosine,1.0
PSMG3,pds_cosine,0.9865771812080537
PTPN1,pds_cosine,0.5201342281879195
PUF60,pds_cosine,1.0
PXN,pds_cosine,0.9496644295302014
RAB4A,pds_cosine,0.9261744966442953
RABGGTB,pds_cosine,1.0
RARS,pds_cosine,0.9899328859060402
RBBP5,pds_cosine,1.0
RBM14-RBM4,pds_cosine,1.0
RBM48,pds_cosine,1.0
RBX1,pds_cosine,1.0
RCC1,pds_cosine,0.9966442953020134
RFC2,pds_cosine,0.9664429530201343
RHPN1,pds_cosine,0.17449664429530198
RNASEH2C,pds_cosine,1.0
RNF123,pds_cosine,0.3389261744966443
RNF31,pds_cosine,1.0
RNMT,pds_cosine,1.0
RNPS1,pds_cosine,0.7785234899328859
RPA3,pds_cosine,1.0
RPAP1,pds_cosine,0.9966442953020134
RPAP2,pds_cosine,0.9798657718120806
RPAP3,pds_cosine,0.9798657718120806
RPL18A,pds_cosine,0.9932885906040269
RPL35,pds_cosine,1.0
RPL36A,pds_cosine,0.9765100671140939
RPL4,pds_cosine,1.0
RPL41,pds_cosine,0.9597315436241611
RPP30,pds_cosine,0.9463087248322147
RPS20,pds_cosine,0.9765100671140939
RPS24,pds_cosine,0.9865771812080537
RPS27A,pds_cosine,1.0
RPS6,pds_cosine,0.9932885906040269
RRP7A,pds_cosine,0.9328859060402684
RSL1D1,pds_cosine,0.9463087248322147
SART1,pds_cosine,1.0
SCAF1,pds_cosine,1.0
SCFD1,pds_cosine,1.0
SDAD1,pds_cosine,1.0
SEH1L,pds_cosine,0.9865771812080537
SEPHS2,pds_cosine,0.3355704697986577
SEPSECS,pds_cosine,0.6912751677852349
SETD1A,pds_cosine,1.0
SETX,pds_cosine,1.0
SF3B5,pds_cosine,1.0
SLC7A6OS,pds_cosine,0.9731543624161074
SLU7,pds_cosine,1.0
SNAPC5,pds_cosine,0.8993288590604027
SNRNP48,pds_cosine,0.8959731543624161
SNRPC,pds_cosine,1.0
SRCAP,pds_cosine,0.47986577181208057
SRP14,pds_cosine,0.9026845637583892
SRP54,pds_cosine,1.0
SRP72,pds_cosine,1.0
SRP9,pds_cosine,1.0
SRRM1,pds_cosine,0.9630872483221476
SYMPK,pds_cosine,1.0
SYNGR3,pds_cosine,0.9865771812080537
TAF10,pds_cosine,0.9966442953020134
TAF3,pds_cosine,1.0
TAF5,pds_cosine,1.0
TAF7,pds_cosine,1.0
TANGO6,pds_cosine,0.9932885906040269
TARS2,pds_cosine,0.9765100671140939
TBC1D28,pds_cosine,0.2046979865771812
TBCD,pds_cosine,0.9395973154362416
TBCE,pds_cosine,0.5570469798657718
TBPL1,pds_cosine,1.0
TERF2,pds_cosine,1.0
TIMM10,pds_cosine,0.7953020134228188
TKT,pds_cosine,0.4697986577181208
TMX2,pds_cosine,0.9731543624161074
TNNT2,pds_cosine,0.3221476510067114
TNRC6A,pds_cosine,1.0
TPR,pds_cosine,1.0
TRAPPC5,pds_cosine,1.0
TSEN2,pds_cosine,0.9832214765100671
TSPYL5,pds_cosine,0.9765100671140939
TUBD1,pds_cosine,0.7248322147651007
TUBGCP2,pds_cosine,0.7953020134228188
TUT1,pds_cosine,0.9630872483221476
UBA52,pds_cosine,0.9966442953020134
UBE2L3,pds_cosine,0.6409395973154363
UBQLN4,pds_cosine,0.9765100671140939
UHRF1,pds_cosine,1.0
UQCRC1,pds_cosine,0.8590604026845637
URI1,pds_cosine,1.0
USP14,pds_cosine,1.0
USP37,pds_cosine,0.8590604026845637
USP39,pds_cosine,1.0
UTP15,pds_cosine,0.9966442953020134
UTP20,pds_cosine,0.9832214765100671
VARS,pds_cosine,1.0
VPS54,pds_cosine,0.9530201342281879
WBP11,pds_cosine,0.7818791946308725
WDHD1,pds_cosine,0.6610738255033557
WDR26,pds_cosine,1.0
WDR43,pds_cosine,1.0
WDTC1,pds_cosine,0.9731543624161074
WTAP,pds_cosine,1.0
YRDC,pds_cosine,0.8422818791946309
YTHDC1,pds_cosine,1.0
ZC3H13,pds_cosine,1.0
ZCCHC9,pds_cosine,1.0
ZMAT2,pds_cosine,1.0
ZNF207,pds_cosine,0.9966442953020134
ZNF720,pds_cosine,0.2818791946308725
ZNF763,pds_cosine,0.9832214765100671
ZNF84,pds_cosine,0.9966442953020134
ZNRD1,pds_cosine,0.8825503355704698
ACIN1,expr_mse_unbiased,0.00024495372234739014
ACTR2,expr_mse_unbiased,-0.0018854562297560802
ACTR6,expr_mse_unbiased,-0.003990373404965485
ADAM10,expr_mse_unbiased,0.0006117191682493198
AGBL5,expr_mse_unbiased,-0.005573439597425979
AKIRIN2,expr_mse_unbiased,0.0019164282960200262
ANAPC13,expr_mse_unbiased,-0.00029278324701400237
ATP11B,expr_mse_unbiased,-0.0002637196709749801
ATP2A2,expr_mse_unbiased,-0.0011100202289490522
ATP5MF,expr_mse_unbiased,0.0011324777022999131
AURKAIP1,expr_mse_unbiased,-0.0005636358312401669
BARD1,expr_mse_unbiased,-0.0008965599566736389
BCAR1,expr_mse_unbiased,-0.00020770004528396484
BMS1,expr_mse_unbiased,-0.0016155556707628598
BORA,expr_mse_unbiased,-0.003933533780648393
BPTF,expr_mse_unbiased,-0.0009738385806971235
BRD2,expr_mse_unbiased,-0.00020521210779404314
BTF3,expr_mse_unbiased,-0.0006647516957141215
C16orf86,expr_mse_unbiased,-0.0036455310107800843
C6orf15,expr_mse_unbiased,-0.006448937560862769
C7orf26,expr_mse_unbiased,0.00046149368885137226
CA5A,expr_mse_unbiased,-0.0027615356016016733
CABIN1,expr_mse_unbiased,0.0010529487192147676
CACNB3,expr_mse_unbiased,-0.0016592969937244463
CADM4,expr_mse_unbiased,-0.00021160025836119647
CBLN1,expr_mse_unbiased,-0.00040009815993773004
CBX1,expr_mse_unbiased,-0.002336385116601193
CCDC130,expr_mse_unbiased,0.0011321107093239231
CCNK,expr_mse_unbiased,0.00027469427428549516
CDC20,expr_mse_unbiased,-0.0007026507123181134
CDC6,expr_mse_unbiased,-0.005598081425262595
CDCA5,expr_mse_unbiased,-4.337992460490497e-05
CENPJ,expr_mse_unbiased,-0.0018966553478379359
CENPK,expr_mse_unbiased,0.002065598160985142
CENPP,expr_mse_unbiased,0.001660234060306624
CEP85,expr_mse_unbiased,-0.000306051552015897
CFDP1,expr_mse_unbiased,-0.0005837562976444122
CHMP6,expr_mse_unbiased,-0.005991657113386019
CHTF18,expr_mse_unbiased,-0.0013391591689448734
CKAP5,expr_mse_unbiased,-0.0031793061101006038
COG6,expr_mse_unbiased,-0.0014090743392926517
COPS2,expr_mse_unbiased,-0.0024013993270622196
COPS4,expr_mse_unbiased,0.0011732693318678587
CPSF1,expr_mse_unbiased,0.0012135153733619712
CPSF3,expr_mse_unbiased,-0.001135229335900918
CSE1L,expr_mse_unbiased,5.0347984218338113e-05
CSH2,expr_mse_unbiased,0.0010197082937738807
CSNK2B,expr_mse_unbiased,-0.0010878605342929228
CSTF1,expr_mse_unbiased,-0.00020491549993605388
CSTF3,expr_mse_unbiased,0.0023008949815591538
CTU2,expr_mse_unbiased,-0.002682569341046277
CUL7,expr_mse_unbiased,-0.008602970051300554
CYS1,expr_mse_unbiased,-0.002444833462133268
DAP3,expr_mse_unbiased,-0.000775051405264121
DCTN1,expr_mse_unbiased,-0.0013015288248391633
DCUN1D5,expr_mse_unbiased,-0.0010607751059055395
DDX19B,expr_mse_unbiased,-0.0011099631750374488
DDX21,expr_mse_unbiased,-0.0022281608935687132
DDX27,expr_mse_unbiased,-0.000571387454393442
DDX5,expr_mse_unbiased,-8.10003321246227e-05
DENR,expr_mse_unbiased,0.002860273609598467
DESI1,expr_mse_unbiased,0.0004455502290166283
DHX16,expr_mse_unbiased,-0.004376435683382643
DHX37,expr_mse_unbiased,0.0006558502250173435
DNAJA1,expr_mse_unbiased,-0.0020824210937790567
DNAJA3,expr_mse_unbiased,-0.0019955240199575697
DNTTIP2,expr_mse_unbiased,-0.006143359226225505
DYNC1I2,expr_mse_unbiased,-0.003653583897575484
DYNLL2,expr_mse_unbiased,-0.00026507514795550004
E4F1,expr_mse_unbiased,-0.0008143193812569316
EEF2,expr_mse_unbiased,-0.0028051214135088
EFR3A,expr_mse_unbiased,0.00633274539298382
EIF3B,expr_mse_unbiased,-0.0023086207161379713
EIF4B,expr_mse_unbiased,-0.00018043657379603504
EIF4H,expr_mse_unbiased,-0.003223614390965757
ELL,expr_mse_unbiased,-0.0007182609368630418
ELOVL1,expr_mse_unbiased,-0.0015147918890808312
EPRS,expr_mse_unbiased,-0.003200760772620588
EXOC5,expr_mse_unbiased,-0.000949030318451972
EXOSC3,expr_mse_unbiased,-0.0003312113684634598
EXOSC7,expr_mse_unbiased,-0.003338932989725309
FAM136A,expr_mse_unbiased,-0.0003033372481378591
FAU,expr_mse_unbiased,0.001070731199208793
FBRSL1,expr_mse_unbiased,-0.0017287108081853622
FBXL14,expr_mse_unbiased,-0.0015122357484874816
FNTA,expr_mse_unbiased,0.00012800945652144185
FOXS1,expr_mse_unbiased,-0.003008782088364044
GCLC,expr_mse_unbiased,-0.0026593790163700454
GINS1,expr_mse_unbiased,0.0029836189417632862
GINS2,expr_mse_unbiased,-0.0017061538036400054
GPN1,expr_mse_unbiased,0.001028291814053841
GTF2H4,expr_mse_unbiased,0.0007275066483915879
GTF3C1,expr_mse_unbiased,-0.0018379128641819397
GTF3C6,expr_mse_unbiased,-0.0007440862623132628
GYG1,expr_mse_unbiased,-0.0006868194858590656
HARS,expr_mse_unbiased,-0.00048521214590099604
HAUS8,expr_mse_unbiased,0.0023431685968480147
HHEX,expr_mse_unbiased,-0.0024102973416400214
HJURP,expr_mse_unbiased,-0.000442020166614102
HMBOX1,expr_mse_unbiased,-0.00018394809556473104
HNRNPA1,expr_mse_unbiased,-0.0008169951834738039
HNRNPK,expr_mse_unbiased,-0.0026010653089607954
HOXA3,expr_mse_unbiased,-0.0014186131467287524
HSPE1,expr_mse_unbiased,-0.00022345467572268315
INTS1,expr_mse_unbiased,-0.0023320995929997034
INTS3,expr_mse_unbiased,0.006283627536035209
INTS4,expr_mse_unbiased,0.0022770221759283314
INTS9,expr_mse_unbiased,-0.00016770682154052644
IPO7,expr_mse_unbiased,-0.002551553741821459
ISCU,expr_mse_unbiased,-7.537761398796264e-05
ISG20L2,expr_mse_unbiased,0.002637184689263409
JMJD6,expr_mse_unbiased,-0.0005394390402808653
KIF11,expr_mse_unbiased,-0.00034481690245707176
LRR1,expr_mse_unbiased,0.0033272353544849254
LRRC37A3,expr_mse_unbiased,0.00365860049451377
LSM5,expr_mse_unbiased,-0.0006192746718932377
LST1,expr_mse_unbiased,0.005645196793849015
LTBP3,expr_mse_unbiased,0.0014048063168158632
LTV1,expr_mse_unbiased,-0.0015560254962577098
MBTPS1,expr_mse_unbiased,-0.00027181764475771975
MBTPS2,expr_mse_unbiased,-0.0014511395985148578
MCM3AP,expr_mse_unbiased,-0.002988506272601412
MCMBP,expr_mse_unbiased,-0.000778385463670289
MDN1,expr_mse_unbiased,0.0028811507021459307
MED21,expr_mse_unbiased,-0.00040488472839813537
MEIS3,expr_mse_unbiased,0.0012468031839225147
MFN2,expr_mse_unbiased,-9.545161474175741e-05
MIER1,expr_mse_unbiased,0.0008417870569594027
MKRN1,expr_mse_unbiased,-0.0009046066968965771
MLLT6,expr_mse_unbiased,-0.0007895441246962849
MPHOSPH10,expr_mse_unbiased,0.0029139253869185327
MRPL35,expr_mse_unbiased,-7.595375515156386e-05
MRPL36,expr_mse_unbiased,-0.00010899183857822216
MRPL38,expr_mse_unbiased,-0.0032554582087176635
MRPS17,expr_mse_unbiased,-0.0023363622320394526
MRPS6,expr_mse_unbiased,-0.0018430749031660176
MTBP,expr_mse_unbiased,-0.0005255332879393919
MVK,expr_mse_unbiased,-0.0010537324530313045
MYBBP1A,expr_mse_unbiased,-0.003686460275604817
MYBL2,expr_mse_unbiased,-0.0014226619381916984
NAA35,expr_mse_unbiased,0.003290586622080409
NAA50,expr_mse_unbiased,-0.002506385109622378
NAGLU,expr_mse_unbiased,0.0005879647697778963
NARS,expr_mse_unbiased,-0.0037274926437018043
NBEAL1,expr_mse_unbiased,-0.00102788590458385
NCAPD2,expr_mse_unbiased,-0.0006315295158761537
NFRKB,expr_mse_unbiased,-0.002117588748670413
NFYB,expr_mse_unbiased,-0.0014959929775900927
NFYC,expr_mse_unbiased,-0.0015073585131406399
NOC4L,expr_mse_unbiased,-0.002408435786153382
NOMO1,expr_mse_unbiased,0.0022841120155109025
NRBP1,expr_mse_unbiased,0.000740435248315653
NUP153,expr_mse_unbiased,-0.0018105976472955836
NUP160,expr_mse_unbiased,-0.00572340363129825
NUP35,expr_mse_unbiased,0.002724618848672515
NUP88,expr_mse_unbiased,-0.0003489865521101053
NVL,expr_mse_unbiased,-0.001208779375552699
OGFOD1,expr_mse_unbiased,0.0019445491062736854
OLFML3,expr_mse_unbiased,-0.0009614020814994407
OR1E2,expr_mse_unbiased,-0.0004919743134725466
ORC1,expr_mse_unbiased,-0.0011589025538224185
ORC5,expr_mse_unbiased,0.0018016599139078365
PARS2,expr_mse_unbiased,-0.001291357552479632
PC,expr_mse_unbiased,-0.0021965207415409567
PCBP1,expr_mse_unbiased,-0.0008285214557502079
PDCD6IP,expr_mse_unbiased,0.0003326365247082958
PEX19,expr_mse_unbiased,0.0023601165958054768
PGAM5,expr_mse_unbiased,-0.0008563520696318286
PGK1,expr_mse_unbiased,0.001547126763156585
PHF10,expr_mse_unbiased,-0.0018523716466551138
PI4KA,expr_mse_unbiased,-0.0005743828207945212
POLR1D,expr_mse_unbiased,-0.0027579288468010054
POLR2C,expr_mse_unbiased,-0.006238832928643707
POLR2I,expr_mse_unbiased,0.0008808042207707419
POLR2K,expr_mse_unbiased,-0.0006558692605707228
POLR2M,expr_mse_unbiased,-0.0018810261200901794
POLR3E,expr_mse_unbiased,-0.0011880978424260054
POP1,expr_mse_unbiased,0.0009533176509115543
POP4,expr_mse_unbiased,-0.0013136508690102845
PPP1R8,expr_mse_unbiased,-0.003409913505828008
PPP2R1A,expr_mse_unbiased,-0.0006086462550081493
PPP6C,expr_mse_unbiased,0.00015202603391857082
PRODH,expr_mse_unbiased,-0.0008573351174601932
PRPF6,expr_mse_unbiased,-0.001984269465287621
PRSS50,expr_mse_unbiased,-0.0006117597247465895
PSMB2,expr_mse_unbiased,0.0011926921633629772
PSMB5,expr_mse_unbiased,0.0016180592385905354
PSMC4,expr_mse_unbiased,-0.0006079082615923062
PSMD14,expr_mse_unbiased,-0.0030843952523437047
PSMG3,expr_mse_unbiased,0.0004198880117106948
PTPN1,expr_mse_unbiased,-0.003322156415871974
PUF60,expr_mse_unbiased,-0.002153099234343505
PXN,expr_mse_unbiased,-0.004185775494047596
RAB4A,expr_mse_unbiased,-0.0010786602622403156
RABGGTB,expr_mse_unbiased,-0.003625623202386201
RARS,expr_mse_unbiased,-0.004428548746457682
RBBP5,expr_mse_unbiased,-0.003258560404639308
RBM14-RBM4,expr_mse_unbiased,-0.00027099571646636183
RBM48,expr_mse_unbiased,-0.001096684181174925
RBX1,expr_mse_unbiased,-0.005943814949490578
RCC1,expr_mse_unbiased,-0.0009333859252864881
RFC2,expr_mse_unbiased,0.00014712761850726677
RHPN1,expr_mse_unbiased,0.0020393612997674994
RNASEH2C,expr_mse_unbiased,-0.0007627752126976973
RNF123,expr_mse_unbiased,-0.002744098611913378
RNF31,expr_mse_unbiased,-0.001513675945872516
RNMT,expr_mse_unbiased,0.0005794563380729095
RNPS1,expr_mse_unbiased,-0.0026951911663187686
RPA3,expr_mse_unbiased,0.003361348158988664
RPAP1,expr_mse_unbiased,-0.0020148667210165587
RPAP2,expr_mse_unbiased,-0.0069761014846509255
RPAP3,expr_mse_unbiased,-0.0011618443654341254
RPL18A,expr_mse_unbiased,-0.005091490330230911
RPL35,expr_mse_unbiased,-0.0009883053631588624
RPL36A,expr_mse_unbiased,0.00012048006446831086
RPL4,expr_mse_unbiased,0.0003040302309133171
RPL41,expr_mse_unbiased,-0.0022490823269381067
RPP30,expr_mse_unbiased,0.0019287523011019463
RPS20,expr_mse_unbiased,0.004657720495717926
RPS24,expr_mse_unbiased,-0.00347731443105444
RPS27A,expr_mse_unbiased,-0.002093090760833186
RPS6,expr_mse_unbiased,-0.0003280260808080629
RRP7A,expr_mse_unbiased,0.00045508399523765824
RSL1D1,expr_mse_unbiased,0.0014651275945468953
SART1,expr_mse_unbiased,-0.002695120386016409
SCAF1,expr_mse_unbiased,-0.00011471938359659836
SCFD1,expr_mse_unbiased,-0.0011853886939738557
SDAD1,expr_mse_unbiased,-0.00201936817114859
SEH1L,expr_mse_unbiased,-0.0018156011548060354
SEPHS2,expr_mse_unbiased,0.00017596842343752534
SEPSECS,expr_mse_unbiased,-0.0011628970291940345
SETD1A,expr_mse_unbiased,-0.0013759761906632993
SETX,expr_mse_unbiased,-0.0008051151065140993
SF3B5,expr_mse_unbiased,0.008389564450183464
SLC7A6OS,expr_mse_unbiased,-0.0071381531041768585
SLU7,expr_mse_unbiased,-0.0010196561859366373
SNAPC5,expr_mse_unbiased,-0.0038667574251820633
SNRNP48,expr_mse_unbiased,-0.0010577100511548097
SNRPC,expr_mse_unbiased,-0.0005383483151699031
SRCAP,expr_mse_unbiased,0.0046879111427758765
SRP14,expr_mse_unbiased,0.00031865359138981777
SRP54,expr_mse_unbiased,0.0012424448648914266
SRP72,expr_mse_unbiased,-0.00017794984352755388
SRP9,expr_mse_unbiased,-0.00194000056702095
SRRM1,expr_mse_unbiased,-0.002931251117779072
SYMPK,expr_mse_unbiased,0.005029009212815973
SYNGR3,expr_mse_unbiased,0.001490346799358392
TAF10,expr_mse_unbiased,-0.0028524806958470364
TAF3,expr_mse_unbiased,-0.002038207249474854
TAF5,expr_mse_unbiased,-0.0026490728127302582
TAF7,expr_mse_unbiased,-0.0021990613071175046
TANGO6,expr_mse_unbiased,-0.00041353878717415005
TARS2,expr_mse_unbiased,-0.0029038130135527
TBC1D28,expr_mse_unbiased,-0.002503479297243701
TBCD,expr_mse_unbiased,-0.0007275703509136763
TBCE,expr_mse_unbiased,-0.0017492158954413926
TBPL1,expr_mse_unbiased,-0.0037424392484844923
TERF2,expr_mse_unbiased,-0.0041586620408653055
TIMM10,expr_mse_unbiased,-0.0022053081456598145
TKT,expr_mse_unbiased,-0.0008717397263907887
TMX2,expr_mse_unbiased,-0.001644378022899033
TNNT2,expr_mse_unbiased,-0.002084781238013689
TNRC6A,expr_mse_unbiased,-0.0021520260026004472
TPR,expr_mse_unbiased,0.00443301272430474
TRAPPC5,expr_mse_unbiased,0.00014452666493343364
TSEN2,expr_mse_unbiased,-0.006076383334935039
TSPYL5,expr_mse_unbiased,0.0023572627578912985
TUBD1,expr_mse_unbiased,-0.0009669241758076361
TUBGCP2,expr_mse_unbiased,0.0015314015998521078
TUT1,expr_mse_unbiased,-0.0024966778594339156
UBA52,expr_mse_unbiased,-0.000978506056359073
UBE2L3,expr_mse_unbiased,-0.0011677840772892712
UBQLN4,expr_mse_unbiased,-0.0032410183755785453
UHRF1,expr_mse_unbiased,-0.0046680619115223865
UQCRC1,expr_mse_unbiased,-0.0027162862619175806
URI1,expr_mse_unbiased,-0.001441273150404957
USP14,expr_mse_unbiased,-0.0020646573174007954
USP37,expr_mse_unbiased,-0.0021054855968221787
USP39,expr_mse_unbiased,-0.004074402760690395
UTP15,expr_mse_unbiased,-0.005289439690993905
UTP20,expr_mse_unbiased,-0.0009165287793531613
VARS,expr_mse_unbiased,0.000412352914308513
VPS54,expr_mse_unbiased,-0.0009216991846799734
WBP11,expr_mse_unbiased,0.0019205883520607347
WDHD1,expr_mse_unbiased,2.5082841966811106e-05
WDR26,expr_mse_unbiased,-0.00011709718255488766
WDR43,expr_mse_unbiased,-0.002737849259909292
WDTC1,expr_mse_unbiased,-0.004361796203986581
WTAP,expr_mse_unbiased,-0.0001104472632591804
YRDC,expr_mse_unbiased,-0.0013631493801879618
YTHDC1,expr_mse_unbiased,-0.0026315208597120277
ZC3H13,expr_mse_unbiased,-0.0008793954745607551
ZCCHC9,expr_mse_unbiased,-0.0026480253164644332
ZMAT2,expr_mse_unbiased,-0.00018481899230893875
ZNF207,expr_mse_unbiased,5.596585820028122e-05
ZNF720,expr_mse_unbiased,-0.003676174645309677
ZNF763,expr_mse_unbiased,-0.0011653851753403318
ZNF84,expr_mse_unbiased,-0.0014887969937512036
ZNRD1,expr_mse_unbiased,-0.0026140252555360345
ACIN1,expr_mse_unbiased_capped,0.00024495372234739014
ACTR2,expr_mse_unbiased_capped,-0.0018854562297560802
ACTR6,expr_mse_unbiased_capped,-0.003990373404965485
ADAM10,expr_mse_unbiased_capped,0.0006117191682493198
AGBL5,expr_mse_unbiased_capped,-0.005001094871769843
AKIRIN2,expr_mse_unbiased_capped,0.0019164282960200262
ANAPC13,expr_mse_unbiased_capped,-0.00029278324701400237
ATP11B,expr_mse_unbiased_capped,-0.0002637196709749801
ATP2A2,expr_mse_unbiased_capped,-0.0011100202289490522
ATP5MF,expr_mse_unbiased_capped,0.0011324777022999131
AURKAIP1,expr_mse_unbiased_capped,6.0342882644393297e-05
BARD1,expr_mse_unbiased_capped,-0.0008965599566736389
BCAR1,expr_mse_unbiased_capped,-0.00018658798005372456
BMS1,expr_mse_unbiased_capped,-0.0001841102502439247
BORA,expr_mse_unbiased_capped,-0.003377880372947379
BPTF,expr_mse_unbiased_capped,-0.0009738385806971235
BRD2,expr_mse_unbiased_capped,0.000738837946752308
BTF3,expr_mse_unbiased_capped,-0.0002994751259089949
C16orf86,expr_mse_unbiased_capped,-0.0036455310107800843
C6orf15,expr_mse_unbiased_capped,-0.006448937560862769
C7orf26,expr_mse_unbiased_capped,0.00046149368885137226
CA5A,expr_mse_unbiased_capped,0.0006004464452881736
CABIN1,expr_mse_unbiased_capped,0.005114565898699163
CACNB3,expr_mse_unbiased_capped,-0.0016592969937244463
CADM4,expr_mse_unbiased_capped,-0.00021160025836119647
CBLN1,expr_mse_unbiased_capped,0.0009950635209454621
CBX1,expr_mse_unbiased_capped,-0.002336385116601193
CCDC130,expr_mse_unbiased_capped,0.0011321107093239231
CCNK,expr_mse_unbiased_capped,0.00027469427428549516
CDC20,expr_mse_unbiased_capped,-0.0007026507123181134
CDC6,expr_mse_unbiased_capped,-0.005598081425262595
CDCA5,expr_mse_unbiased_capped,-4.337992460490497e-05
CENPJ,expr_mse_unbiased_capped,-0.0018966553478379359
CENPK,expr_mse_unbiased_capped,0.004713578403410966
CENPP,expr_mse_unbiased_capped,0.00256134162541937
CEP85,expr_mse_unbiased_capped,0.0036027615525572017
CFDP1,expr_mse_unbiased_capped,0.000708199519471983
CHMP6,expr_mse_unbiased_capped,-0.003865712459971106
CHTF18,expr_mse_unbiased_capped,-0.00122171135657902
CKAP5,expr_mse_unbiased_capped,-0.0007782564888518719
COG6,expr_mse_unbiased_capped,-0.0004227670745952916
COPS2,expr_mse_unbiased_capped,-0.0024013993270622196
COPS4,expr_mse_unbiased_capped,0.00420052341771407
CPSF1,expr_mse_unbiased_capped,0.0020913137521830255
CPSF3,expr_mse_unbiased_capped,-0.001135229335900918
CSE1L,expr_mse_unbiased_capped,0.0002207239719174062
CSH2,expr_mse_unbiased_capped,0.0012761818533949761
CSNK2B,expr_mse_unbiased_capped,-0.0010878605342929228
CSTF1,expr_mse_unbiased_capped,3.55798436051398e-05
CSTF3,expr_mse_unbiased_capped,0.0023008949815591538
CTU2,expr_mse_unbiased_capped,-0.002682569341046277
CUL7,expr_mse_unbiased_capped,-0.007974188794733704
CYS1,expr_mse_unbiased_capped,0.003493939379579095
DAP3,expr_mse_unbiased_capped,-0.000775051405264121
DCTN1,expr_mse_unbiased_capped,-0.0013015288248391633
DCUN1D5,expr_mse_unbiased_capped,-9.62548028628714e-05
DDX19B,expr_mse_unbiased_capped,-0.0011099631750374488
DDX21,expr_mse_unbiased_capped,-0.0022281608935687132
DDX27,expr_mse_unbiased_capped,-0.000571387454393442
DDX5,expr_mse_unbiased_capped,0.0021256507854112957
DENR,expr_mse_unbiased_capped,0.002860273609598467
DESI1,expr_mse_unbiased_capped,0.0004455502290166283
DHX16,expr_mse_unbiased_capped,-0.0007655729207517591
DHX37,expr_mse_unbiased_capped,0.0006558502250173435
DNAJA1,expr_mse_unbiased_capped,-0.0020824210937790567
DNAJA3,expr_mse_unbiased_capped,-0.0008694116567664728
DNTTIP2,expr_mse_unbiased_capped,-0.006143359226225505
DYNC1I2,expr_mse_unbiased_capped,-0.00024226310480324865
DYNLL2,expr_mse_unbiased_capped,0.000642925062905059
E4F1,expr_mse_unbiased_capped,0.0004948394738425275
EEF2,expr_mse_unbiased_capped,-0.0028051214135088
EFR3A,expr_mse_unbiased_capped,0.00633274539298382
EIF3B,expr_mse_unbiased_capped,-0.0018056536830395337
EIF4B,expr_mse_unbiased_capped,-0.00018043657379603504
EIF4H,expr_mse_unbiased_capped,-0.003223614390965757
ELL,expr_mse_unbiased_capped,-0.0007182609368630418
ELOVL1,expr_mse_unbiased_capped,-0.0015147918890808312
EPRS,expr_mse_unbiased_capped,-0.003200760772620588
EXOC5,expr_mse_unbiased_capped,-0.000949030318451972
EXOSC3,expr_mse_unbiased_capped,-0.0003312113684634598
EXOSC7,expr_mse_unbiased_capped,0.0007197715429711022
FAM136A,expr_mse_unbiased_capped,-2.4888970851486324e-05
FAU,expr_mse_unbiased_capped,0.0012894112899538874
FBRSL1,expr_mse_unbiased_capped,0.00022818295629509244
FBXL14,expr_mse_unbiased_capped,-0.0007917131981110216
FNTA,expr_mse_unbiased_capped,0.00012800945652144185
FOXS1,expr_mse_unbiased_capped,-0.003008782088364044
GCLC,expr_mse_unbiased_capped,0.0036141986199669145
GINS1,expr_mse_unbiased_capped,0.0057738282246162596
GINS2,expr_mse_unbiased_capped,-0.0005575549474424487
GPN1,expr_mse_unbiased_capped,0.0037449861077944874
GTF2H4,expr_mse_unbiased_capped,0.0007275066483915879
GTF3C1,expr_mse_unbiased_capped,-0.0018379128641819397
GTF3C6,expr_mse_unbiased_capped,-0.0007440862623132628
GYG1,expr_mse_unbiased_capped,-0.0005967941913665768
HARS,expr_mse_unbiased_capped,-0.00048521214590099604
HAUS8,expr_mse_unbiased_capped,0.008168923448479616
HHEX,expr_mse_unbiased_capped,-0.001819458214571882
HJURP,expr_mse_unbiased_capped,0.00197756595129854
HMBOX1,expr_mse_unbiased_capped,-0.00010248748076522473
HNRNPA1,expr_mse_unbiased_capped,0.004986035721754544
HNRNPK,expr_mse_unbiased_capped,0.012962748410997706
HOXA3,expr_mse_unbiased_capped,0.00413235809629207
HSPE1,expr_mse_unbiased_capped,0.0017654067564820178
INTS1,expr_mse_unbiased_capped,-0.0023320995929997034
INTS3,expr_mse_unbiased_capped,0.006283627536035209
INTS4,expr_mse_unbiased_capped,0.0022770221759283314
INTS9,expr_mse_unbiased_capped,0.0009104690606471622
IPO7,expr_mse_unbiased_capped,-0.002551553741821459
ISCU,expr_mse_unbiased_capped,0.0005681477814469235
ISG20L2,expr_mse_unbiased_capped,0.0063079551684897504
JMJD6,expr_mse_unbiased_capped,-0.0005394390402808653
KIF11,expr_mse_unbiased_capped,-0.00034481690245707176
LRR1,expr_mse_unbiased_capped,0.003376733908601035
LRRC37A3,expr_mse_unbiased_capped,0.00365860049451377
LSM5,expr_mse_unbiased_capped,-0.0005650987682974945
LST1,expr_mse_unbiased_capped,0.00572997416354563
LTBP3,expr_mse_unbiased_capped,0.0016989026121635117
LTV1,expr_mse_unbiased_capped,-0.0015560254962577098
MBTPS1,expr_mse_unbiased_capped,-0.00027181764475771975
MBTPS2,expr_mse_unbiased_capped,-0.0014511395985148578
MCM3AP,expr_mse_unbiased_capped,-0.002988506272601412
MCMBP,expr_mse_unbiased_capped,-0.000778385463670289
MDN1,expr_mse_unbiased_capped,0.005235988331014476
MED21,expr_mse_unbiased_capped,-0.00040488472839813537
MEIS3,expr_mse_unbiased_capped,0.009902625579920376
MFN2,expr_mse_unbiased_capped,0.00024501668698315366
MIER1,expr_mse_unbiased_capped,0.005147131405906789
MKRN1,expr_mse_unbiased_capped,-0.0009046066968965771
MLLT6,expr_mse_unbiased_capped,-0.0007895441246962849
MPHOSPH10,expr_mse_unbiased_capped,0.004383463621308529
MRPL35,expr_mse_unbiased_capped,0.0002210585618126961
MRPL36,expr_mse_unbiased_capped,-4.6191943841318854e-05
MRPL38,expr_mse_unbiased_capped,-0.0032554582087176635
MRPS17,expr_mse_unbiased_capped,0.0006523283437273556
MRPS6,expr_mse_unbiased_capped,-0.00029662507837210943
MTBP,expr_mse_unbiased_capped,0.0013224844489768495
MVK,expr_mse_unbiased_capped,-0.000333404015369557
MYBBP1A,expr_mse_unbiased_capped,0.0013177282498254654
MYBL2,expr_mse_unbiased_capped,-0.0004101839257430997
NAA35,expr_mse_unbiased_capped,0.003290586622080409
NAA50,expr_mse_unbiased_capped,-0.002506385109622378
NAGLU,expr_mse_unbiased_capped,0.0018130583793565572
NARS,expr_mse_unbiased_capped,-0.0037274926437018043
NBEAL1,expr_mse_unbiased_capped,0.00013647510133941076
NCAPD2,expr_mse_unbiased_capped,0.0017126733133706927
NFRKB,expr_mse_unbiased_capped,-0.002117588748670413
NFYB,expr_mse_unbiased_capped,-0.0012254700661828947
NFYC,expr_mse_unbiased_capped,-0.0015073585131406399
NOC4L,expr_mse_unbiased_capped,-0.002408435786153382
NOMO1,expr_mse_unbiased_capped,0.0022841120155109025
NRBP1,expr_mse_unbiased_capped,0.0017607180852456008
NUP153,expr_mse_unbiased_capped,0.0014096085696195745
NUP160,expr_mse_unbiased_capped,-0.00572340363129825
NUP35,expr_mse_unbiased_capped,0.002724618848672515
NUP88,expr_mse_unbiased_capped,1.1418715791175433e-05
NVL,expr_mse_unbiased_capped,-0.001208779375552699
OGFOD1,expr_mse_unbiased_capped,0.0019445491062736854
OLFML3,expr_mse_unbiased_capped,0.0005997829515088965
OR1E2,expr_mse_unbiased_capped,0.0021007301118555755
ORC1,expr_mse_unbiased_capped,-0.0011589025538224185
ORC5,expr_mse_unbiased_capped,0.0018016599139078365
PARS2,expr_mse_unbiased_capped,0.0005301967045747384
PC,expr_mse_unbiased_capped,-0.0021965207415409567
PCBP1,expr_mse_unbiased_capped,0.0006319326240215128
PDCD6IP,expr_mse_unbiased_capped,0.005220807455691557
PEX19,expr_mse_unbiased_capped,0.0023601165958054768
PGAM5,expr_mse_unbiased_capped,-0.0008563520696318286
PGK1,expr_mse_unbiased_capped,0.007154637960893887
PHF10,expr_mse_unbiased_capped,-0.0012655988180499853
PI4KA,expr_mse_unbiased_capped,-0.0004875114684250627
POLR1D,expr_mse_unbiased_capped,-0.0006436956010656079
POLR2C,expr_mse_unbiased_capped,-0.006238832928643707
POLR2I,expr_mse_unbiased_capped,0.0024589777041662455
POLR2K,expr_mse_unbiased_capped,0.0009094419141018599
POLR2M,expr_mse_unbiased_capped,-0.0004679151226732618
POLR3E,expr_mse_unbiased_capped,0.00632453745836951
POP1,expr_mse_unbiased_capped,0.0021503148511573442
POP4,expr_mse_unbiased_capped,-0.000915894074152285
PPP1R8,expr_mse_unbiased_capped,-0.0030000117535914214
PPP2R1A,expr_mse_unbiased_capped,-0.0004018265978667999
PPP6C,expr_mse_unbiased_capped,0.0003385914585043061
PRODH,expr_mse_unbiased_capped,-0.0008573351174601932
PRPF6,expr_mse_unbiased_capped,-0.0018894540557667643
PRSS50,expr_mse_unbiased_capped,-0.0006117597247465895
PSMB2,expr_mse_unbiased_capped,0.0069384432014171354
PSMB5,expr_mse_unbiased_capped,0.0016180592385905354
PSMC4,expr_mse_unbiased_capped,0.0048791833770721075
PSMD14,expr_mse_unbiased_capped,1.3251698541263608e-05
PSMG3,expr_mse_unbiased_capped,0.0007487351616037047
PTPN1,expr_mse_unbiased_capped,-0.003322156415871974
PUF60,expr_mse_unbiased_capped,-0.002153099234343505
PXN,expr_mse_unbiased_capped,-0.004185775494047596
RAB4A,expr_mse_unbiased_capped,8.171474220598151e-05
RABGGTB,expr_mse_unbiased_capped,-0.003625623202386201
RARS,expr_mse_unbiased_capped,-0.004428548746457682
RBBP5,expr_mse_unbiased_capped,0.002882930046068907
RBM14-RBM4,expr_mse_unbiased_capped,2.7609633740326745e-07
RBM48,expr_mse_unbiased_capped,0.0036379502955982317
RBX1,expr_mse_unbiased_capped,-0.005837997903816953
RCC1,expr_mse_unbiased_capped,-0.0005658884913662125
RFC2,expr_mse_unbiased_capped,0.00014712761850726677
RHPN1,expr_mse_unbiased_capped,0.0020393612997674994
RNASEH2C,expr_mse_unbiased_capped,-0.0006656634749522248
RNF123,expr_mse_unbiased_capped,0.001671324968943238
RNF31,expr_mse_unbiased_capped,0.0036075699752372795
RNMT,expr_mse_unbiased_capped,0.0005794563380729095
RNPS1,expr_mse_unbiased_capped,-0.001666201484678066
RPA3,expr_mse_unbiased_capped,0.0050306413904035625
RPAP1,expr_mse_unbiased_capped,0.0007395012608239344
RPAP2,expr_mse_unbiased_capped,-0.0069761014846509255
RPAP3,expr_mse_unbiased_capped,-0.0011618443654341254
RPL18A,expr_mse_unbiased_capped,-0.0027692730321578493
RPL35,expr_mse_unbiased_capped,-0.0009883053631588624
RPL36A,expr_mse_unbiased_capped,0.0006107797332367647
RPL4,expr_mse_unbiased_capped,0.00039854007487838617
RPL41,expr_mse_unbiased_capped,-0.002241715330875568
RPP30,expr_mse_unbiased_capped,0.003650937897276066
RPS20,expr_mse_unbiased_capped,0.004657720495717926
RPS24,expr_mse_unbiased_capped,-0.00347731443105444
RPS27A,expr_mse_unbiased_capped,-0.002093090760833186
RPS6,expr_mse_unbiased_capped,-0.0003280260808080629
RRP7A,expr_mse_unbiased_capped,0.00045508399523765824
RSL1D1,expr_mse_unbiased_capped,0.002064670832336448
SART1,expr_mse_unbiased_capped,-0.002695120386016409
SCAF1,expr_mse_unbiased_capped,-0.00011471938359659836
SCFD1,expr_mse_unbiased_capped,-0.0011853886939738557
SDAD1,expr_mse_unbiased_capped,-0.00201936817114859
SEH1L,expr_mse_unbiased_capped,0.00016756096282971713
SEPHS2,expr_mse_unbiased_capped,0.0026414097246867073
SEPSECS,expr_mse_unbiased_capped,0.0013371932299901916
SETD1A,expr_mse_unbiased_capped,-0.0013759761906632993
SETX,expr_mse_unbiased_capped,-0.0008051151065140993
SF3B5,expr_mse_unbiased_capped,0.013434680834485298
SLC7A6OS,expr_mse_unbiased_capped,-0.0038048518159921403
SLU7,expr_mse_unbiased_capped,-0.0009639386974952661
SNAPC5,expr_mse_unbiased_capped,-0.0038667574251820633
SNRNP48,expr_mse_unbiased_capped,-0.0010577100511548097
SNRPC,expr_mse_unbiased_capped,-0.0005383483151699031
SRCAP,expr_mse_unbiased_capped,0.006802520522515175
SRP14,expr_mse_unbiased_capped,0.003909567877172639
SRP54,expr_mse_unbiased_capped,0.003615220386005026
SRP72,expr_mse_unbiased_capped,0.00020358912007648134
SRP9,expr_mse_unbiased_capped,-0.0019041218419918859
SRRM1,expr_mse_unbiased_capped,-0.002931251117779072
SYMPK,expr_mse_unbiased_capped,0.0076361110003554875
SYNGR3,expr_mse_unbiased_capped,0.0020660683785653573
TAF10,expr_mse_unbiased_capped,-0.0028524806958470364
TAF3,expr_mse_unbiased_capped,0.00296272390375029
TAF5,expr_mse_unbiased_capped,-0.0026490728127302582
TAF7,expr_mse_unbiased_capped,-0.0021990613071175046
TANGO6,expr_mse_unbiased_capped,-0.00041353878717415005
TARS2,expr_mse_unbiased_capped,0.0033865446972013162
TBC1D28,expr_mse_unbiased_capped,-0.000791851493592582
TBCD,expr_mse_unbiased_capped,-0.0005510152583904213
TBCE,expr_mse_unbiased_capped,-0.0017492158954413926
TBPL1,expr_mse_unbiased_capped,-0.0037424392484844923
TERF2,expr_mse_unbiased_capped,-0.00387119214924886
TIMM10,expr_mse_unbiased_capped,-0.0022053081456598145
TKT,expr_mse_unbiased_capped,-0.0008717397263907887
TMX2,expr_mse_unbiased_capped,-0.001644378022899033
TNNT2,expr_mse_unbiased_capped,-0.002084781238013689
TNRC6A,expr_mse_unbiased_capped,-0.0021520260026004472
TPR,expr_mse_unbiased_capped,0.00443301272430474
TRAPPC5,expr_mse_unbiased_capped,0.00014452666493343364
TSEN2,expr_mse_unbiased_capped,-0.006076383334935039
TSPYL5,expr_mse_unbiased_capped,0.004826482281381165
TUBD1,expr_mse_unbiased_capped,-0.00021148644066304096
TUBGCP2,expr_mse_unbiased_capped,0.0015314015998521078
TUT1,expr_mse_unbiased_capped,-0.0017353199906761964
UBA52,expr_mse_unbiased_capped,-0.000978506056359073
UBE2L3,expr_mse_unbiased_capped,-0.0011677840772892712
UBQLN4,expr_mse_unbiased_capped,-0.0032410183755785453
UHRF1,expr_mse_unbiased_capped,-0.004151000503500413
UQCRC1,expr_mse_unbiased_capped,-0.0027162862619175806
URI1,expr_mse_unbiased_capped,0.0005116249946921157
USP14,expr_mse_unbiased_capped,-0.0020646573174007954
USP37,expr_mse_unbiased_capped,-0.0021054855968221787
USP39,expr_mse_unbiased_capped,-0.0016941522273529648
UTP15,expr_mse_unbiased_capped,-0.005289439690993905
UTP20,expr_mse_unbiased_capped,0.0022718637127690637
VARS,expr_mse_unbiased_capped,0.0016222376558729854
VPS54,expr_mse_unbiased_capped,-0.0009216991846799734
WBP11,expr_mse_unbiased_capped,0.002838284187907619
WDHD1,expr_mse_unbiased_capped,0.002575568047372441
WDR26,expr_mse_unbiased_capped,0.002630400892707529
WDR43,expr_mse_unbiased_capped,-0.0013890975638304452
WDTC1,expr_mse_unbiased_capped,-0.004361796203986581
WTAP,expr_mse_unbiased_capped,0.00039061661652339905
YRDC,expr_mse_unbiased_capped,-0.0013631493801879618
YTHDC1,expr_mse_unbiased_capped,-0.0026315208597120277
ZC3H13,expr_mse_unbiased_capped,-0.0008793954745607551
ZCCHC9,expr_mse_unbiased_capped,0.0008433556431731879
ZMAT2,expr_mse_unbiased_capped,0.0006759290646612008
ZNF207,expr_mse_unbiased_capped,5.596585820028122e-05
ZNF720,expr_mse_unbiased_capped,0.0024746262184270258
ZNF763,expr_mse_unbiased_capped,-0.0003532014085224645
ZNF84,expr_mse_unbiased_capped,-0.0014887969937512036
ZNRD1,expr_mse_unbiased_capped,0.0015395338397733611
ACIN1,expr_distance_unbiased,0.0028227909893302123
ACTR2,expr_distance_unbiased,-0.0004995105848169084
ACTR6,expr_distance_unbiased,0.010110965904169366
ADAM10,expr_distance_unbiased,0.008001503653288363
AGBL5,expr_distance_unbiased,0.004775381152052211
AKIRIN2,expr_distance_unbiased,0.0049990314009307505
ANAPC13,expr_distance_unbiased,0.001596648602011684
ATP11B,expr_distance_unbiased,0.01686417647678885
ATP2A2,expr_distance_unbiased,0.002733286598845978
ATP5MF,expr_distance_unbiased,0.014797897386866496
AURKAIP1,expr_distance_unbiased,0.0006025933258424366
BARD1,expr_distance_unbiased,-0.00037697807465323567
BCAR1,expr_distance_unbiased,-0.00011673135228629892
BMS1,expr_distance_unbiased,0.02828724900752045
BORA,expr_distance_unbiased,0.00012150654538912416
BPTF,expr_distance_unbiased,0.006036730647719665
BRD2,expr_distance_unbiased,0.004810899003494559
BTF3,expr_distance_unbiased,0.0022478591210001704
C16orf86,expr_distance_unbiased,-0.001011650380559604
C6orf15,expr_distance_unbiased,-0.0012822785060096645
C7orf26,expr_distance_unbiased,0.006016958137870731
CA5A,expr_distance_unbiased,6.083368644030769e-05
CABIN1,expr_distance_unbiased,0.0022068014097200036
CACNB3,expr_distance_unbiased,-0.0006617726575133679
CADM4,expr_distance_unbiased,-0.0006553051894706845
CBLN1,expr_distance_unbiased,0.0022504882010992086
CBX1,expr_distance_unbiased,-0.0003696226460091963
CCDC130,expr_distance_unbiased,0.00034742116777408406
CCNK,expr_distance_unbiased,0.00028336056958408554
CDC20,expr_distance_unbiased,0.0006313920915637727
CDC6,expr_distance_unbiased,0.022523963382476867
CDCA5,expr_distance_unbiased,0.004294090358797187
CENPJ,expr_distance_unbiased,0.02983474256898742
CENPK,expr_distance_unbiased,8.479457826234082e-05
CENPP,expr_distance_unbiased,0.019662934927468186
CEP85,expr_distance_unbiased,0.000977703921963351
CFDP1,expr_distance_unbiased,0.0017472577885790197
CHMP6,expr_distance_unbiased,0.051165402144415735
CHTF18,expr_distance_unbiased,-0.0006068734099654522
CKAP5,expr_distance_unbiased,-0.0009616116790662028
COG6,expr_distance_unbiased,0.0005093624192869508
COPS2,expr_distance_unbiased,0.016476740515616203
COPS4,expr_distance_unbiased,0.01705364095716983
CPSF1,expr_distance_unbiased,0.013553533151488753
CPSF3,expr_distance_unbiased,0.0136445389556121
CSE1L,expr_distance_unbiased,0.04611825255000384
CSH2,expr_distance_unbiased,0.001075669559700252
CSNK2B,expr_distance_unbiased,0.02019773422040226
CSTF1,expr_distance_unbiased,0.008873592642845034
CSTF3,expr_distance_unbiased,0.02921973781490489
CTU2,expr_distance_unbiased,0.003715292265418724
CUL7,expr_distance_unbiased,0.018130425909226186
CYS1,expr_distance_unbiased,0.0002159656948401308
DAP3,expr_distance_unbiased,0.0053636272756794265
DCTN1,expr_distance_unbiased,0.0011298725087277785
DCUN1D5,expr_distance_unbiased,0.028707260736159958
DDX19B,expr_distance_unbiased,-0.0006480735938165779
DDX21,expr_distance_unbiased,0.03460538526507094
DDX27,expr_distance_unbiased,0.01871437186354011
DDX5,expr_distance_unbiased,0.008221930964763622
DENR,expr_distance_unbiased,0.005477370765571489
DESI1,expr_distance_unbiased,0.004310642897563513
DHX16,expr_distance_unbiased,0.039971373520570015
DHX37,expr_distance_unbiased,0.0036635783500584503
DNAJA1,expr_distance_unbiased,-0.0010712713558252464
DNAJA3,expr_distance_unbiased,0.003780282609577373
DNTTIP2,expr_distance_unbiased,0.071528972983427
DYNC1I2,expr_distance_unbiased,0.00048547748894676215
DYNLL2,expr_distance_unbiased,0.0013596103364125387
E4F1,expr_distance_unbiased,0.010594697591455834
EEF2,expr_distance_unbiased,0.0029090108951957605
EFR3A,expr_distance_unbiased,0.0006105077358227997
EIF3B,expr_distance_unbiased,0.08589295668007016
EIF4B,expr_distance_unbiased,0.0012857176248100685
EIF4H,expr_distance_unbiased,0.0024392792542513716
ELL,expr_distance_unbiased,0.004491488645302973
ELOVL1,expr_distance_unbiased,0.00010812781997486263
EPRS,expr_distance_unbiased,0.041465146728180115
EXOC5,expr_distance_unbiased,0.0015081953433552554
EXOSC3,expr_distance_unbiased,0.02837648942269483
EXOSC7,expr_distance_unbiased,0.009308628050012925
FAM136A,expr_distance_unbiased,0.0018603180638848394
FAU,expr_distance_unbiased,0.056535791076462706
FBRSL1,expr_distance_unbiased,0.017281839874454696
FBXL14,expr_distance_unbiased,0.008488509856202682
FNTA,expr_distance_unbiased,0.01058788686322903
FOXS1,expr_distance_unbiased,0.003411330778061957
GCLC,expr_distance_unbiased,-0.000878810126302811
GINS1,expr_distance_unbiased,0.012510072958251978
GINS2,expr_distance_unbiased,0.008192468780701625
GPN1,expr_distance_unbiased,0.02460390398676388
GTF2H4,expr_distance_unbiased,0.006335305268875517
GTF3C1,expr_distance_unbiased,5.013980381955471e-05
GTF3C6,expr_distance_unbiased,0.0003407727722001627
GYG1,expr_distance_unbiased,-0.0004210959708617185
HARS,expr_distance_unbiased,0.04976025304248371
HAUS8,expr_distance_unbiased,0.00027120916865069233
HHEX,expr_distance_unbiased,0.002133924242450237
HJURP,expr_distance_unbiased,0.0008222191809167266
HMBOX1,expr_distance_unbiased,-0.00016342783401227358
HNRNPA1,expr_distance_unbiased,0.00405885984875785
HNRNPK,expr_distance_unbiased,0.027870806217453966
HOXA3,expr_distance_unbiased,0.00011410504780222297
HSPE1,expr_distance_unbiased,0.02611274799321984
INTS1,expr_distance_unbiased,6.04126984278453e-05
INTS3,expr_distance_unbiased,0.021919285605909132
INTS4,expr_distance_unbiased,0.040154759651708734
INTS9,expr_distance_unbiased,0.019355830014955562
IPO7,expr_distance_unbiased,0.0026733455456769803
ISCU,expr_distance_unbiased,0.0011828583405168894
ISG20L2,expr_distance_unbiased,0.0392857303102327
JMJD6,expr_distance_unbiased,-0.001116957743351636
KIF11,expr_distance_unbiased,0.000971671665673136
LRR1,expr_distance_unbiased,0.004133715115612271
LRRC37A3,expr_distance_unbiased,0.001280010879502872
LSM5,expr_distance_unbiased,0.014819474110690695
LST1,expr_distance_unbiased,0.005270934392329201
LTBP3,expr_distance_unbiased,0.00020097616376079164
LTV1,expr_distance_unbiased,0.06174735822211182
MBTPS1,expr_distance_unbiased,0.005565241753419781
MBTPS2,expr_distance_unbiased,0.0018170777351241452
MCM3AP,expr_distance_unbiased,0.004318596082114418
MCMBP,expr_distance_unbiased,0.008877154792993848
MDN1,expr_distance_unbiased,0.05779460912094569
MED21,expr_distance_unbiased,0.02067548574770595
MEIS3,expr_distance_unbiased,0.00590018170648152
MFN2,expr_distance_unbiased,0.0010474643298448534
MIER1,expr_distance_unbiased,0.0016737762147122615
MKRN1,expr_distance_unbiased,0.0007446048290932431
MLLT6,expr_distance_unbiased,0.007926857559516323
MPHOSPH10,expr_distance_unbiased,0.026908789161949255
MRPL35,expr_distance_unbiased,0.01106346717002758
MRPL36,expr_distance_unbiased,0.00939831442145757
MRPL38,expr_distance_unbiased,0.0028375172744604946
MRPS17,expr_distance_unbiased,0.002382901119025103
MRPS6,expr_distance_unbiased,0.0020703684603638655
MTBP,expr_distance_unbiased,0.028133664156428477
MVK,expr_distance_unbiased,0.00020505329425497424
MYBBP1A,expr_distance_unbiased,0.033327046735866075
MYBL2,expr_distance_unbiased,0.00498216659317619
NAA35,expr_distance_unbiased,0.0031891745675788697
NAA50,expr_distance_unbiased,0.0008834627665786039
NAGLU,expr_distance_unbiased,-0.0005146398014180563
NARS,expr_distance_unbiased,0.03750572728759601
NBEAL1,expr_distance_unbiased,-0.0011272651599199687
NCAPD2,expr_distance_unbiased,-0.0008468783126279679
NFRKB,expr_distance_unbiased,0.00403403088755152
NFYB,expr_distance_unbiased,0.002686521979920681
NFYC,expr_distance_unbiased,0.017514168397546256
NOC4L,expr_distance_unbiased,0.023720676878137455
NOMO1,expr_distance_unbiased,0.0009555666293355203
NRBP1,expr_distance_unbiased,0.004910903855530943
NUP153,expr_distance_unbiased,0.004294601703264809
NUP160,expr_distance_unbiased,0.018051270112175215
NUP35,expr_distance_unbiased,0.0017653324679796037
NUP88,expr_distance_unbiased,0.005996130564851082
NVL,expr_distance_unbiased,0.05879974912020717
OGFOD1,expr_distance_unbiased,0.007122428054378768
OLFML3,expr_distance_unbiased,0.0015540749958930168
OR1E2,expr_distance_unbiased,-9.414235452578822e-05
ORC1,expr_distance_unbiased,0.007668222344647622
ORC5,expr_distance_unbiased,0.0008255368513341468
PARS2,expr_distance_unbiased,0.005337014771000093
PC,expr_distance_unbiased,-0.0007354835958190448
PCBP1,expr_distance_unbiased,0.020304616264294195
PDCD6IP,expr_distance_unbiased,-0.0004945495740237615
PEX19,expr_distance_unbiased,0.002392258921336504
PGAM5,expr_distance_unbiased,0.008168374201709315
PGK1,expr_distance_unbiased,-0.0006198010016061421
PHF10,expr_distance_unbiased,0.02036405046656453
PI4KA,expr_distance_unbiased,0.002197167335789775
POLR1D,expr_distance_unbiased,0.027013305306099814
POLR2C,expr_distance_unbiased,0.04400100947419065
POLR2I,expr_distance_unbiased,0.07250191510022937
POLR2K,expr_distance_unbiased,0.021799501579191267
POLR2M,expr_distance_unbiased,0.005018413690616194
POLR3E,expr_distance_unbiased,0.0017269111192854984
POP1,expr_distance_unbiased,0.03515379510042531
POP4,expr_distance_unbiased,0.03883645784520105
PPP1R8,expr_distance_unbiased,0.004891503776405696
PPP2R1A,expr_distance_unbiased,0.002141236914225003
PPP6C,expr_distance_unbiased,0.00497387428083832
PRODH,expr_distance_unbiased,-0.0008009793196035116
PRPF6,expr_distance_unbiased,0.013526243952563868
PRSS50,expr_distance_unbiased,-0.00031328094579723397
PSMB2,expr_distance_unbiased,0.13449488210404523
PSMB5,expr_distance_unbiased,0.1384226426087398
PSMC4,expr_distance_unbiased,0.12575928344669274
PSMD14,expr_distance_unbiased,0.0672471372817245
PSMG3,expr_distance_unbiased,0.004753209515110556
PTPN1,expr_distance_unbiased,-0.0012833040640549023
PUF60,expr_distance_unbiased,0.014872292596274395
PXN,expr_distance_unbiased,0.0033333456957516166
RAB4A,expr_distance_unbiased,0.0014140391706858092
RABGGTB,expr_distance_unbiased,0.016640563343612687
RARS,expr_distance_unbiased,0.016929448021088808
RBBP5,expr_distance_unbiased,0.017382484956135532
RBM14-RBM4,expr_distance_unbiased,0.006559570571190758
RBM48,expr_distance_unbiased,0.0049049705464948076
RBX1,expr_distance_unbiased,0.010135821302505446
RCC1,expr_distance_unbiased,0.001186240430695103
RFC2,expr_distance_unbiased,0.013479701268962361
RHPN1,expr_distance_unbiased,-0.0013170128297047118
RNASEH2C,expr_distance_unbiased,0.0020209204142100927
RNF123,expr_distance_unbiased,-0.0015102870206116974
RNF31,expr_distance_unbiased,0.0033367375252867666
RNMT,expr_distance_unbiased,0.005315473734579198
RNPS1,expr_distance_unbiased,-0.00157352046365078
RPA3,expr_distance_unbiased,0.041442646207721166
RPAP1,expr_distance_unbiased,0.07666149319398596
RPAP2,expr_distance_unbiased,0.03753671382417933
RPAP3,expr_distance_unbiased,0.013133678354618733
RPL18A,expr_distance_unbiased,0.0538530083218064
RPL35,expr_distance_unbiased,0.10612794360970948
RPL36A,expr_distance_unbiased,0.013845961262140107
RPL4,expr_distance_unbiased,0.09871813074952392
RPL41,expr_distance_unbiased,-0.00013460085199458813
RPP30,expr_distance_unbiased,0.017922798985603443
RPS20,expr_distance_unbiased,0.06660597529495364
RPS24,expr_distance_unbiased,0.05064930066950338
RPS27A,expr_distance_unbiased,0.06618784262843568
RPS6,expr_distance_unbiased,0.06568921837640482
RRP7A,expr_distance_unbiased,0.022435916621471555
RSL1D1,expr_distance_unbiased,0.007859867592258622
SART1,expr_distance_unbiased,0.06976827907262803
SCAF1,expr_distance_unbiased,0.013127288126133065
SCFD1,expr_distance_unbiased,0.015474326047450894
SDAD1,expr_distance_unbiased,0.06221388972845728
SEH1L,expr_distance_unbiased,0.0024011308142575555
SEPHS2,expr_distance_unbiased,-0.00013082532713601296
SEPSECS,expr_distance_unbiased,-0.00021394374071704523
SETD1A,expr_distance_unbiased,0.04445946973045974
SETX,expr_distance_unbiased,0.001900970767184685
SF3B5,expr_distance_unbiased,0.0537733122879674
SLC7A6OS,expr_distance_unbiased,0.021800009760649292
SLU7,expr_distance_unbiased,0.019422442475749306
SNAPC5,expr_distance_unbiased,-0.0020516879378459528
SNRNP48,expr_distance_unbiased,0.011659250958726391
SNRPC,expr_distance_unbiased,0.035228963869258244
SRCAP,expr_distance_unbiased,0.0018628819346598329
SRP14,expr_distance_unbiased,0.002706234732956565
SRP54,expr_distance_unbiased,0.020050011683234628
SRP72,expr_distance_unbiased,0.007410243524230909
SRP9,expr_distance_unbiased,0.0013004824622291822
SRRM1,expr_distance_unbiased,0.0008169583020404798
SYMPK,expr_distance_unbiased,0.0755914090248508
SYNGR3,expr_distance_unbiased,0.0023340649444392415
TAF10,expr_distance_unbiased,0.027763161191701295
TAF3,expr_distance_unbiased,0.010504576705773306
TAF5,expr_distance_unbiased,0.03140434930772281
TAF7,expr_distance_unbiased,0.023119399411622277
TANGO6,expr_distance_unbiased,0.026724195545395027
TARS2,expr_distance_unbiased,0.006837914866584079
TBC1D28,expr_distance_unbiased,-0.0011698384292838909
TBCD,expr_distance_unbiased,0.0010798928540008928
TBCE,expr_distance_unbiased,4.05120226759154e-05
TBPL1,expr_distance_unbiased,-0.00039619818282775196
TERF2,expr_distance_unbiased,0.02289386377913141
TIMM10,expr_distance_unbiased,0.0015018217405161646
TKT,expr_distance_unbiased,0.00033353809607466795
TMX2,expr_distance_unbiased,0.006407826323056302
TNNT2,expr_distance_unbiased,-0.00016556433569718225
TNRC6A,expr_distance_unbiased,0.004747282714688108
TPR,expr_distance_unbiased,0.01480603091468571
TRAPPC5,expr_distance_unbiased,0.009773872325589048
TSEN2,expr_distance_unbiased,0.0028488248380464745
TSPYL5,expr_distance_unbiased,0.0028819996270639105
TUBD1,expr_distance_unbiased,0.00201145789041187
TUBGCP2,expr_distance_unbiased,0.006972915841369509
TUT1,expr_distance_unbiased,0.0026358443749894996
UBA52,expr_distance_unbiased,0.01841471869931658
UBE2L3,expr_distance_unbiased,0.00016666107203625654
UBQLN4,expr_distance_unbiased,0.016522832058523222
UHRF1,expr_distance_unbiased,0.008046136285441255
UQCRC1,expr_distance_unbiased,0.0008821425361985803
URI1,expr_distance_unbiased,0.020477016249695935
USP14,expr_distance_unbiased,0.00036339157981563264
USP37,expr_distance_unbiased,0.00550472925726129
USP39,expr_distance_unbiased,0.020179117049411728
UTP15,expr_distance_unbiased,0.05896909108993805
UTP20,expr_distance_unbiased,0.024965064453364712
VARS,expr_distance_unbiased,0.04764079497221671
VPS54,expr_distance_unbiased,0.0005623236511262792
WBP11,expr_distance_unbiased,0.004811300546228729
WDHD1,expr_distance_unbiased,0.0032582253177233594
WDR26,expr_distance_unbiased,0.0037980666263215473
WDR43,expr_distance_unbiased,0.04267817518508138
WDTC1,expr_distance_unbiased,0.004006382705490787
WTAP,expr_distance_unbiased,0.0009423573146649989
YRDC,expr_distance_unbiased,4.0311163374293085e-05
YTHDC1,expr_distance_unbiased,0.028084505375280056
ZC3H13,expr_distance_unbiased,0.04043337802045716
ZCCHC9,expr_distance_unbiased,0.03632192157711865
ZMAT2,expr_distance_unbiased,0.018132398889230808
ZNF207,expr_distance_unbiased,0.009827983611530833
ZNF720,expr_distance_unbiased,-0.0026239755467611673
ZNF763,expr_distance_unbiased,0.0011549958638492836
ZNF84,expr_distance_unbiased,0.02761604687789044
ZNRD1,expr_distance_unbiased,0.008477240900911112
ACIN1,expr_real_mass_ratio,0.9999999999999997
ACTR2,expr_real_mass_ratio,1.0
ACTR6,expr_real_mass_ratio,1.0
ADAM10,expr_real_mass_ratio,1.0000000000000002
AGBL5,expr_real_mass_ratio,1.0
AKIRIN2,expr_real_mass_ratio,1.0000000000000002
ANAPC13,expr_real_mass_ratio,1.0
ATP11B,expr_real_mass_ratio,1.0
ATP2A2,expr_real_mass_ratio,1.0
ATP5MF,expr_real_mass_ratio,1.0
AURKAIP1,expr_real_mass_ratio,1.0
BARD1,expr_real_mass_ratio,1.0
BCAR1,expr_real_mass_ratio,0.9999999999999999
BMS1,expr_real_mass_ratio,1.0
BORA,expr_real_mass_ratio,1.0
BPTF,expr_real_mass_ratio,1.0
BRD2,expr_real_mass_ratio,1.0
BTF3,expr_real_mass_ratio,1.0
C16orf86,expr_real_mass_ratio,1.0
C6orf15,expr_real_mass_ratio,1.0
C7orf26,expr_real_mass_ratio,1.0
CA5A,expr_real_mass_ratio,1.0
CABIN1,expr_real_mass_ratio,1.0
CACNB3,expr_real_mass_ratio,1.0
CADM4,expr_real_mass_ratio,0.9999999999999999
CBLN1,expr_real_mass_ratio,0.9999999999999999
CBX1,expr_real_mass_ratio,1.0
CCDC130,expr_real_mass_ratio,1.0
CCNK,expr_real_mass_ratio,1.0
CDC20,expr_real_mass_ratio,1.0
CDC6,expr_real_mass_ratio,1.0
CDCA5,expr_real_mass_ratio,0.9999999999999999
CENPJ,expr_real_mass_ratio,0.9999999999999999
CENPK,expr_real_mass_ratio,1.0000000000000002
CENPP,expr_real_mass_ratio,1.0
CEP85,expr_real_mass_ratio,1.0
CFDP1,expr_real_mass_ratio,1.0
CHMP6,expr_real_mass_ratio,1.0
CHTF18,expr_real_mass_ratio,1.0
CKAP5,expr_real_mass_ratio,1.0
COG6,expr_real_mass_ratio,1.0
COPS2,expr_real_mass_ratio,1.0
COPS4,expr_real_mass_ratio,1.0
CPSF1,expr_real_mass_ratio,1.0
CPSF3,expr_real_mass_ratio,1.0
CSE1L,expr_real_mass_ratio,1.0000000000000002
CSH2,expr_real_mass_ratio,0.9999999999999999
CSNK2B,expr_real_mass_ratio,1.0
CSTF1,expr_real_mass_ratio,0.9999999999999999
CSTF3,expr_real_mass_ratio,1.0
CTU2,expr_real_mass_ratio,1.0
CUL7,expr_real_mass_ratio,1.0000000000000002
CYS1,expr_real_mass_ratio,1.0
DAP3,expr_real_mass_ratio,1.0
DCTN1,expr_real_mass_ratio,1.0
DCUN1D5,expr_real_mass_ratio,1.0
DDX19B,expr_real_mass_ratio,1.0000000000000002
DDX21,expr_real_mass_ratio,1.0
DDX27,expr_real_mass_ratio,1.0
DDX5,expr_real_mass_ratio,1.0000000000000002
DENR,expr_real_mass_ratio,1.0
DESI1,expr_real_mass_ratio,1.0
DHX16,expr_real_mass_ratio,1.0
DHX37,expr_real_mass_ratio,1.0
DNAJA1,expr_real_mass_ratio,1.0
DNAJA3,expr_real_mass_ratio,1.0
DNTTIP2,expr_real_mass_ratio,0.9999999999999999
DYNC1I2,expr_real_mass_ratio,1.0
DYNLL2,expr_real_mass_ratio,1.0
E4F1,expr_real_mass_ratio,0.9999999999999999
EEF2,expr_real_mass_ratio,1.0
EFR3A,expr_real_mass_ratio,1.0
EIF3B,expr_real_mass_ratio,1.0
EIF4B,expr_real_mass_ratio,0.9999999999999999
EIF4H,expr_real_mass_ratio,1.0
ELL,expr_real_mass_ratio,1.0
ELOVL1,expr_real_mass_ratio,1.0
EPRS,expr_real_mass_ratio,1.0
EXOC5,expr_real_mass_ratio,0.9999999999999999
EXOSC3,expr_real_mass_ratio,1.0
EXOSC7,expr_real_mass_ratio,1.0
FAM136A,expr_real_mass_ratio,1.0
FAU,expr_real_mass_ratio,0.9999999999999997
FBRSL1,expr_real_mass_ratio,1.0
FBXL14,expr_real_mass_ratio,1.0000000000000002
FNTA,expr_real_mass_ratio,1.0
FOXS1,expr_real_mass_ratio,1.0
GCLC,expr_real_mass_ratio,0.9999999999999999
GINS1,expr_real_mass_ratio,1.0
GINS2,expr_real_mass_ratio,1.0
GPN1,expr_real_mass_ratio,0.9999999999999999
GTF2H4,expr_real_mass_ratio,1.0000000000000002
GTF3C1,expr_real_mass_ratio,1.0
GTF3C6,expr_real_mass_ratio,1.0
GYG1,expr_real_mass_ratio,1.0
HARS,expr_real_mass_ratio,1.0
HAUS8,expr_real_mass_ratio,0.9999999999999999
HHEX,expr_real_mass_ratio,1.0
HJURP,expr_real_mass_ratio,1.0
HMBOX1,expr_real_mass_ratio,0.9999999999999999
HNRNPA1,expr_real_mass_ratio,1.0
HNRNPK,expr_real_mass_ratio,1.0
HOXA3,expr_real_mass_ratio,1.0000000000000002
HSPE1,expr_real_mass_ratio,1.0000000000000002
INTS1,expr_real_mass_ratio,1.0
INTS3,expr_real_mass_ratio,1.0
INTS4,expr_real_mass_ratio,1.0
INTS9,expr_real_mass_ratio,0.9999999999999999
IPO7,expr_real_mass_ratio,1.0
ISCU,expr_real_mass_ratio,1.0
ISG20L2,expr_real_mass_ratio,1.0
JMJD6,expr_real_mass_ratio,1.0
KIF11,expr_real_mass_ratio,1.0
LRR1,expr_real_mass_ratio,1.0000000000000002
LRRC37A3,expr_real_mass_ratio,1.0
LSM5,expr_real_mass_ratio,1.0
LST1,expr_real_mass_ratio,1.0
LTBP3,expr_real_mass_ratio,1.0
LTV1,expr_real_mass_ratio,1.0
MBTPS1,expr_real_mass_ratio,1.0000000000000002
MBTPS2,expr_real_mass_ratio,1.0
MCM3AP,expr_real_mass_ratio,1.0
MCMBP,expr_real_mass_ratio,1.0
MDN1,expr_real_mass_ratio,0.9999999999999999
MED21,expr_real_mass_ratio,1.0000000000000002
MEIS3,expr_real_mass_ratio,1.0
MFN2,expr_real_mass_ratio,1.0000000000000002
MIER1,expr_real_mass_ratio,1.0
MKRN1,expr_real_mass_ratio,0.9999999999999999
MLLT6,expr_real_mass_ratio,1.0
MPHOSPH10,expr_real_mass_ratio,1.0
MRPL35,expr_real_mass_ratio,1.0
MRPL36,expr_real_mass_ratio,1.0
MRPL38,expr_real_mass_ratio,1.0
MRPS17,expr_real_mass_ratio,1.0
MRPS6,expr_real_mass_ratio,0.9999999999999999
MTBP,expr_real_mass_ratio,1.0000000000000002
MVK,expr_real_mass_ratio,1.0
MYBBP1A,expr_real_mass_ratio,1.0000000000000002
MYBL2,expr_real_mass_ratio,1.0
NAA35,expr_real_mass_ratio,1.0000000000000002
NAA50,expr_real_mass_ratio,1.0
NAGLU,expr_real_mass_ratio,1.0
NARS,expr_real_mass_ratio,1.0
NBEAL1,expr_real_mass_ratio,1.0
NCAPD2,expr_real_mass_ratio,1.0000000000000002
NFRKB,expr_real_mass_ratio,1.0
NFYB,expr_real_mass_ratio,1.0000000000000002
NFYC,expr_real_mass_ratio,1.0
NOC4L,expr_real_mass_ratio,1.0
NOMO1,expr_real_mass_ratio,1.0000000000000002
NRBP1,expr_real_mass_ratio,0.9999999999999999
NUP153,expr_real_mass_ratio,1.0
NUP160,expr_real_mass_ratio,1.0
NUP35,expr_real_mass_ratio,1.0
NUP88,expr_real_mass_ratio,1.0
NVL,expr_real_mass_ratio,1.0
OGFOD1,expr_real_mass_ratio,1.0
OLFML3,expr_real_mass_ratio,1.0
OR1E2,expr_real_mass_ratio,1.0
ORC1,expr_real_mass_ratio,1.0
ORC5,expr_real_mass_ratio,0.9999999999999999
PARS2,expr_real_mass_ratio,1.0
PC,expr_real_mass_ratio,1.0
PCBP1,expr_real_mass_ratio,1.0
PDCD6IP,expr_real_mass_ratio,1.0
PEX19,expr_real_mass_ratio,1.0
PGAM5,expr_real_mass_ratio,1.0
PGK1,expr_real_mass_ratio,1.0000000000000002
PHF10,expr_real_mass_ratio,1.0
PI4KA,expr_real_mass_ratio,1.0
POLR1D,expr_real_mass_ratio,1.0
POLR2C,expr_real_mass_ratio,1.0
POLR2I,expr_real_mass_ratio,1.0
POLR2K,expr_real_mass_ratio,1.0
POLR2M,expr_real_mass_ratio,1.0
POLR3E,expr_real_mass_ratio,1.0
POP1,expr_real_mass_ratio,1.0
POP4,expr_real_mass_ratio,1.0
PPP1R8,expr_real_mass_ratio,0.9999999999999999
PPP2R1A,expr_real_mass_ratio,1.0
PPP6C,expr_real_mass_ratio,0.9999999999999999
PRODH,expr_real_mass_ratio,1.0
PRPF6,expr_real_mass_ratio,1.0
PRSS50,expr_real_mass_ratio,1.0
PSMB2,expr_real_mass_ratio,1.0
PSMB5,expr_real_mass_ratio,1.0
PSMC4,expr_real_mass_ratio,1.0
PSMD14,expr_real_mass_ratio,1.0
PSMG3,expr_real_mass_ratio,1.0
PTPN1,expr_real_mass_ratio,0.9999999999999999
PUF60,expr_real_mass_ratio,1.0
PXN,expr_real_mass_ratio,1.0
RAB4A,expr_real_mass_ratio,1.0
RABGGTB,expr_real_mass_ratio,1.0
RARS,expr_real_mass_ratio,1.0
RBBP5,expr_real_mass_ratio,1.0
RBM14-RBM4,expr_real_mass_ratio,1.0
RBM48,expr_real_mass_ratio,1.0000000000000002
RBX1,expr_real_mass_ratio,1.0
RCC1,expr_real_mass_ratio,1.0
RFC2,expr_real_mass_ratio,1.0
RHPN1,expr_real_mass_ratio,1.0
RNASEH2C,expr_real_mass_ratio,1.0
RNF123,expr_real_mass_ratio,1.0
RNF31,expr_real_mass_ratio,1.0
RNMT,expr_real_mass_ratio,1.0
RNPS1,expr_real_mass_ratio,1.0
RPA3,expr_real_mass_ratio,1.0
RPAP1,expr_real_mass_ratio,1.0000000000000002
RPAP2,expr_real_mass_ratio,1.0
RPAP3,expr_real_mass_ratio,1.0
RPL18A,expr_real_mass_ratio,1.0
RPL35,expr_real_mass_ratio,1.0
RPL36A,expr_real_mass_ratio,1.0
RPL4,expr_real_mass_ratio,1.0
RPL41,expr_real_mass_ratio,1.0
RPP30,expr_real_mass_ratio,1.0
RPS20,expr_real_mass_ratio,1.0
RPS24,expr_real_mass_ratio,1.0
RPS27A,expr_real_mass_ratio,1.0000000000000002
RPS6,expr_real_mass_ratio,1.0
RRP7A,expr_real_mass_ratio,1.0
RSL1D1,expr_real_mass_ratio,1.0
SART1,expr_real_mass_ratio,1.0
SCAF1,expr_real_mass_ratio,0.9999999999999999
SCFD1,expr_real_mass_ratio,1.0
SDAD1,expr_real_mass_ratio,1.0
SEH1L,expr_real_mass_ratio,1.0
SEPHS2,expr_real_mass_ratio,1.0000000000000002
SEPSECS,expr_real_mass_ratio,0.9999999999999999
SETD1A,expr_real_mass_ratio,1.0
SETX,expr_real_mass_ratio,1.0000000000000002
SF3B5,expr_real_mass_ratio,1.0000000000000002
SLC7A6OS,expr_real_mass_ratio,1.0000000000000002
SLU7,expr_real_mass_ratio,1.0
SNAPC5,expr_real_mass_ratio,1.0
SNRNP48,expr_real_mass_ratio,1.0
SNRPC,expr_real_mass_ratio,1.0
SRCAP,expr_real_mass_ratio,1.0
SRP14,expr_real_mass_ratio,1.0
SRP54,expr_real_mass_ratio,0.9999999999999999
SRP72,expr_real_mass_ratio,1.0
SRP9,expr_real_mass_ratio,1.0000000000000002
SRRM1,expr_real_mass_ratio,1.0
SYMPK,expr_real_mass_ratio,1.0
SYNGR3,expr_real_mass_ratio,0.9999999999999999
TAF10,expr_real_mass_ratio,0.9999999999999997
TAF3,expr_real_mass_ratio,1.0
TAF5,expr_real_mass_ratio,1.0
TAF7,expr_real_mass_ratio,1.0
TANGO6,expr_real_mass_ratio,1.0
TARS2,expr_real_mass_ratio,1.0
TBC1D28,expr_real_mass_ratio,1.0
TBCD,expr_real_mass_ratio,1.0
TBCE,expr_real_mass_ratio,1.0
TBPL1,expr_real_mass_ratio,1.0
TERF2,expr_real_mass_ratio,1.0
TIMM10,expr_real_mass_ratio,1.0
TKT,expr_real_mass_ratio,1.0
TMX2,expr_real_mass_ratio,1.0000000000000002
TNNT2,expr_real_mass_ratio,1.0000000000000002
TNRC6A,expr_real_mass_ratio,1.0
TPR,expr_real_mass_ratio,1.0000000000000002
TRAPPC5,expr_real_mass_ratio,1.0000000000000002
TSEN2,expr_real_mass_ratio,1.0
TSPYL5,expr_real_mass_ratio,1.0
TUBD1,expr_real_mass_ratio,1.0
TUBGCP2,expr_real_mass_ratio,1.0
TUT1,expr_real_mass_ratio,1.0
UBA52,expr_real_mass_ratio,1.0
UBE2L3,expr_real_mass_ratio,0.9999999999999999
UBQLN4,expr_real_mass_ratio,1.0
UHRF1,expr_real_mass_ratio,0.9999999999999999
UQCRC1,expr_real_mass_ratio,0.9999999999999999
URI1,expr_real_mass_ratio,1.0000000000000002
USP14,expr_real_mass_ratio,1.0
USP37,expr_real_mass_ratio,1.0
USP39,expr_real_mass_ratio,0.9999999999999999
UTP15,expr_real_mass_ratio,1.0
UTP20,expr_real_mass_ratio,1.0
VARS,expr_real_mass_ratio,0.9999999999999999
VPS54,expr_real_mass_ratio,1.0
WBP11,expr_real_mass_ratio,1.0
WDHD1,expr_real_mass_ratio,1.0
WDR26,expr_real_mass_ratio,1.0
WDR43,expr_real_mass_ratio,1.0
WDTC1,expr_real_mass_ratio,1.0
WTAP,expr_real_mass_ratio,1.0000000000000002
YRDC,expr_real_mass_ratio,1.0
YTHDC1,expr_real_mass_ratio,1.0
ZC3H13,expr_real_mass_ratio,1.0
ZCCHC9,expr_real_mass_ratio,1.0
ZMAT2,expr_real_mass_ratio,1.0
ZNF207,expr_real_mass_ratio,1.0
ZNF720,expr_real_mass_ratio,1.0
ZNF763,expr_real_mass_ratio,1.0
ZNF84,expr_real_mass_ratio,1.0
ZNRD1,expr_real_mass_ratio,0.9999999999999999
